# OBJ generated by ONSHAPE BY PTC INC, 1.221 Units = meters
mtllib link_5.mtl
usemtl 0.301961_0.301961_0.301961_0.000000_0.000000
v 0.0385847 9.90761e-16 -0.0176 
v 0.0385847 0.000540595 -0.0225707 
v 0.0385847 0.00107485 -0.0224831 
v 0.0385847 0.00159651 -0.0223383 
v 0.0385847 0.00209945 -0.0221379 
v 0.0385847 0.00257777 -0.0218843 
v 0.0385847 0.00302587 -0.0215805 
v 0.0385847 0.0034385 -0.02123 
v 0.0385847 0.00381081 -0.0208369 
v 0.0385847 0.00413844 -0.0204059 
v 0.0385847 0.00441756 -0.019942 
v 0.0385847 0.00464488 -0.0194507 
v 0.0385847 0.00481775 -0.0189376 
v 0.0385847 0.00493413 -0.0184089 
v 0.0385847 0.00499267 -0.0178707 
v 0.0385847 0.00499267 -0.0173293 
v 0.0385847 0.00493413 -0.0167911 
v 0.0385847 0.00481775 -0.0162624 
v 0.0385847 0.00464488 -0.0157493 
v 0.0385847 0.00441756 -0.015258 
v 0.0385847 0.00413844 -0.0147941 
v 0.0385847 0.00381081 -0.0143631 
v 0.0385847 0.0034385 -0.01397 
v 0.0385847 0.00302587 -0.0136195 
v 0.0385847 0.00257777 -0.0133157 
v 0.0385847 0.00209945 -0.0130621 
v 0.0385847 0.00159651 -0.0128617 
v 0.0385847 0.00107485 -0.0127169 
v 0.0385847 0.000540595 -0.0126293 
v 0.0385847 9.91373e-16 -0.0126 
v 0.0385847 -0.000540595 -0.0126293 
v 0.0385847 -0.00107485 -0.0127169 
v 0.0385847 -0.00159651 -0.0128617 
v 0.0385847 -0.00209945 -0.0130621 
v 0.0385847 -0.00257777 -0.0133157 
v 0.0385847 -0.00302587 -0.0136195 
v 0.0385847 -0.0034385 -0.01397 
v 0.0385847 -0.00381081 -0.0143631 
v 0.0385847 -0.00413844 -0.0147941 
v 0.0385847 -0.00441756 -0.015258 
v 0.0385847 -0.00464488 -0.0157493 
v 0.0385847 -0.00481775 -0.0162624 
v 0.0385847 -0.00493413 -0.0167911 
v 0.0385847 -0.00499267 -0.0173293 
v 0.0385847 -0.00499267 -0.0178707 
v 0.0385847 -0.00493413 -0.0184089 
v 0.0385847 -0.00481775 -0.0189376 
v 0.0385847 -0.00464488 -0.0194507 
v 0.0385847 -0.00441756 -0.019942 
v 0.0385847 -0.00413844 -0.0204059 
v 0.0385847 -0.00381081 -0.0208369 
v 0.0385847 -0.0034385 -0.02123 
v 0.0385847 -0.00302587 -0.0215805 
v 0.0385847 -0.00257777 -0.0218843 
v 0.0385847 -0.00209945 -0.0221379 
v 0.0385847 -0.00159651 -0.0223383 
v 0.0385847 -0.00107485 -0.0224831 
v 0.0385847 -0.000540595 -0.0225707 
v 0.0385847 9.90761e-16 -0.0226 
vn 1 0 0 
vn 1 0 0 
vn 1 0 0 
vn 1 0 0 
vn 1 0 0 
vn 1 0 0 
vn 1 0 0 
vn 1 0 0 
vn 1 0 0 
vn 1 0 0 
vn 1 0 0 
vn 1 0 0 
vn 1 0 0 
vn 1 0 0 
vn 1 0 0 
vn 1 0 0 
vn 1 0 0 
vn 1 0 0 
vn 1 0 0 
vn 1 0 0 
vn 1 0 0 
vn 1 0 0 
vn 1 0 0 
vn 1 0 0 
vn 1 0 0 
vn 1 0 0 
vn 1 0 0 
vn 1 0 0 
vn 1 0 0 
vn 1 0 0 
vn 1 0 0 
vn 1 0 0 
vn 1 0 0 
vn 1 0 0 
vn 1 0 0 
vn 1 0 0 
vn 1 0 0 
vn 1 0 0 
vn 1 0 0 
vn 1 0 0 
vn 1 0 0 
vn 1 0 0 
vn 1 0 0 
vn 1 0 0 
vn 1 0 0 
vn 1 0 0 
vn 1 0 0 
vn 1 0 0 
vn 1 0 0 
vn 1 0 0 
vn 1 0 0 
vn 1 0 0 
vn 1 0 0 
vn 1 0 0 
vn 1 0 0 
vn 1 0 0 
vn 1 0 0 
vn 1 0 0 
vn 1 0 0 
f 1//1 2//2 3//3 
f 3//3 4//4 1//1 
f 4//4 5//5 1//1 
f 5//5 6//6 1//1 
f 6//6 7//7 1//1 
f 7//7 8//8 1//1 
f 8//8 9//9 1//1 
f 9//9 10//10 1//1 
f 10//10 11//11 1//1 
f 11//11 12//12 1//1 
f 12//12 13//13 1//1 
f 13//13 14//14 1//1 
f 14//14 15//15 1//1 
f 15//15 16//16 1//1 
f 16//16 17//17 1//1 
f 17//17 18//18 1//1 
f 18//18 19//19 1//1 
f 19//19 20//20 1//1 
f 20//20 21//21 1//1 
f 21//21 22//22 1//1 
f 22//22 23//23 1//1 
f 23//23 24//24 1//1 
f 24//24 25//25 1//1 
f 25//25 26//26 1//1 
f 26//26 27//27 1//1 
f 27//27 28//28 1//1 
f 28//28 29//29 1//1 
f 29//29 30//30 1//1 
f 30//30 31//31 1//1 
f 31//31 32//32 1//1 
f 32//32 33//33 1//1 
f 33//33 34//34 1//1 
f 34//34 35//35 1//1 
f 35//35 36//36 1//1 
f 36//36 37//37 1//1 
f 37//37 38//38 1//1 
f 38//38 39//39 1//1 
f 39//39 40//40 1//1 
f 40//40 41//41 1//1 
f 41//41 42//42 1//1 
f 42//42 43//43 1//1 
f 43//43 44//44 1//1 
f 44//44 45//45 1//1 
f 45//45 46//46 1//1 
f 46//46 47//47 1//1 
f 47//47 48//48 1//1 
f 48//48 49//49 1//1 
f 49//49 50//50 1//1 
f 50//50 51//51 1//1 
f 51//51 52//52 1//1 
f 52//52 53//53 1//1 
f 53//53 54//54 1//1 
f 54//54 55//55 1//1 
f 55//55 56//56 1//1 
f 56//56 57//57 1//1 
f 57//57 58//58 1//1 
f 58//58 59//59 1//1 
f 59//59 2//2 1//1 
v 0.0435847 -0.000540595 -0.0225707 
v 0.0435847 9.89536e-16 -0.0226 
v 0.0385847 9.90761e-16 -0.0226 
v 0.0435847 -0.00107485 -0.0224831 
v 0.0385847 -0.000540595 -0.0225707 
v 0.0435847 -0.00159651 -0.0223383 
v 0.0385847 -0.00107485 -0.0224831 
v 0.0435847 -0.00209945 -0.0221379 
v 0.0385847 -0.00159651 -0.0223383 
v 0.0435847 -0.00257777 -0.0218843 
v 0.0385847 -0.00209945 -0.0221379 
v 0.0435847 -0.00302587 -0.0215805 
v 0.0385847 -0.00257777 -0.0218843 
v 0.0435847 -0.0034385 -0.02123 
v 0.0385847 -0.00302587 -0.0215805 
v 0.0435847 -0.00381081 -0.0208369 
v 0.0385847 -0.0034385 -0.02123 
v 0.0435847 -0.00413844 -0.0204059 
v 0.0385847 -0.00381081 -0.0208369 
v 0.0435847 -0.00441756 -0.019942 
v 0.0385847 -0.00413844 -0.0204059 
v 0.0435847 -0.00464488 -0.0194507 
v 0.0385847 -0.00441756 -0.019942 
v 0.0435847 -0.00481775 -0.0189376 
v 0.0385847 -0.00464488 -0.0194507 
v 0.0435847 -0.00493413 -0.0184089 
v 0.0385847 -0.00481775 -0.0189376 
v 0.0435847 -0.00499267 -0.0178707 
v 0.0385847 -0.00493413 -0.0184089 
v 0.0435847 -0.00499267 -0.0173293 
v 0.0385847 -0.00499267 -0.0178707 
v 0.0435847 -0.00493413 -0.0167911 
v 0.0385847 -0.00499267 -0.0173293 
v 0.0435847 -0.00481775 -0.0162624 
v 0.0385847 -0.00493413 -0.0167911 
v 0.0435847 -0.00464488 -0.0157493 
v 0.0385847 -0.00481775 -0.0162624 
v 0.0435847 -0.00441756 -0.015258 
v 0.0385847 -0.00464488 -0.0157493 
v 0.0435847 -0.00413844 -0.0147941 
v 0.0385847 -0.00441756 -0.015258 
v 0.0435847 -0.00381081 -0.0143631 
v 0.0385847 -0.00413844 -0.0147941 
v 0.0435847 -0.0034385 -0.01397 
v 0.0385847 -0.00381081 -0.0143631 
v 0.0435847 -0.00302587 -0.0136195 
v 0.0385847 -0.0034385 -0.01397 
v 0.0435847 -0.00257777 -0.0133157 
v 0.0385847 -0.00302587 -0.0136195 
v 0.0435847 -0.00209945 -0.0130621 
v 0.0385847 -0.00257777 -0.0133157 
v 0.0435847 -0.00159651 -0.0128617 
v 0.0385847 -0.00209945 -0.0130621 
v 0.0435847 -0.00107485 -0.0127169 
v 0.0385847 -0.00159651 -0.0128617 
v 0.0435847 -0.000540595 -0.0126293 
v 0.0385847 -0.00107485 -0.0127169 
v 0.0435847 9.91373e-16 -0.0126 
v 0.0385847 -0.000540595 -0.0126293 
v 0.0435847 0.000540595 -0.0126293 
v 0.0385847 9.91373e-16 -0.0126 
v 0.0435847 0.00107485 -0.0127169 
v 0.0385847 0.000540595 -0.0126293 
v 0.0435847 0.00159651 -0.0128617 
v 0.0385847 0.00107485 -0.0127169 
v 0.0435847 0.00209945 -0.0130621 
v 0.0385847 0.00159651 -0.0128617 
v 0.0435847 0.00257777 -0.0133157 
v 0.0385847 0.00209945 -0.0130621 
v 0.0435847 0.00302587 -0.0136195 
v 0.0385847 0.00257777 -0.0133157 
v 0.0435847 0.0034385 -0.01397 
v 0.0385847 0.00302587 -0.0136195 
v 0.0435847 0.00381081 -0.0143631 
v 0.0385847 0.0034385 -0.01397 
v 0.0435847 0.00413844 -0.0147941 
v 0.0385847 0.00381081 -0.0143631 
v 0.0435847 0.00441756 -0.015258 
v 0.0385847 0.00413844 -0.0147941 
v 0.0435847 0.00464488 -0.0157493 
v 0.0385847 0.00441756 -0.015258 
v 0.0435847 0.00481775 -0.0162624 
v 0.0385847 0.00464488 -0.0157493 
v 0.0435847 0.00493413 -0.0167911 
v 0.0385847 0.00481775 -0.0162624 
v 0.0435847 0.00499267 -0.0173293 
v 0.0385847 0.00493413 -0.0167911 
v 0.0435847 0.00499267 -0.0178707 
v 0.0385847 0.00499267 -0.0173293 
v 0.0435847 0.00493413 -0.0184089 
v 0.0385847 0.00499267 -0.0178707 
v 0.0435847 0.00481775 -0.0189376 
v 0.0385847 0.00493413 -0.0184089 
v 0.0435847 0.00464488 -0.0194507 
v 0.0385847 0.00481775 -0.0189376 
v 0.0435847 0.00441756 -0.019942 
v 0.0385847 0.00464488 -0.0194507 
v 0.0435847 0.00413844 -0.0204059 
v 0.0385847 0.00441756 -0.019942 
v 0.0435847 0.00381081 -0.0208369 
v 0.0385847 0.00413844 -0.0204059 
v 0.0435847 0.0034385 -0.02123 
v 0.0385847 0.00381081 -0.0208369 
v 0.0435847 0.00302587 -0.0215805 
v 0.0385847 0.0034385 -0.02123 
v 0.0435847 0.00257777 -0.0218843 
v 0.0385847 0.00302587 -0.0215805 
v 0.0435847 0.00209945 -0.0221379 
v 0.0385847 0.00257777 -0.0218843 
v 0.0435847 0.00159651 -0.0223383 
v 0.0385847 0.00209945 -0.0221379 
v 0.0435847 0.00107485 -0.0224831 
v 0.0385847 0.00159651 -0.0223383 
v 0.0435847 0.000540595 -0.0225707 
v 0.0385847 0.00107485 -0.0224831 
v 0.0385847 0.000540595 -0.0225707 
vn 0 0.108119 0.994138 
vn 0 0 1 
vn 0 0 1 
vn 0 0.21497 0.976621 
vn 0 0.108119 0.994138 
vn 0 0.319302 0.947653 
vn 0 0.21497 0.976621 
vn 0 0.419889 0.907575 
vn 0 0.319302 0.947653 
vn 0 0.515554 0.856857 
vn 0 0.419889 0.907575 
vn 0 0.605174 0.796093 
vn 0 0.515554 0.856857 
vn 0 0.687699 0.725995 
vn 0 0.605174 0.796093 
vn 0 0.762162 0.647386 
vn 0 0.687699 0.725995 
vn 0 0.827689 0.561187 
vn 0 0.762162 0.647386 
vn 0 0.883512 0.468408 
vn 0 0.827689 0.561187 
vn 0 0.928977 0.370138 
vn 0 0.883512 0.468408 
vn 0 0.96355 0.267528 
vn 0 0.928977 0.370138 
vn 0 0.986827 0.161782 
vn 0 0.96355 0.267528 
vn 0 0.998533 0.0541389 
vn 0 0.986827 0.161782 
vn 0 0.998533 -0.0541389 
vn 0 0.998533 0.0541389 
vn 0 0.986827 -0.161782 
vn 0 0.998533 -0.0541389 
vn 0 0.96355 -0.267528 
vn 0 0.986827 -0.161782 
vn 0 0.928977 -0.370138 
vn 0 0.96355 -0.267528 
vn 0 0.883512 -0.468408 
vn 0 0.928977 -0.370138 
vn 0 0.827689 -0.561187 
vn 0 0.883512 -0.468408 
vn 0 0.762162 -0.647386 
vn 0 0.827689 -0.561187 
vn 0 0.687699 -0.725995 
vn 0 0.762162 -0.647386 
vn 0 0.605174 -0.796093 
vn 0 0.687699 -0.725995 
vn 0 0.515554 -0.856857 
vn 0 0.605174 -0.796093 
vn 0 0.419889 -0.907575 
vn 0 0.515554 -0.856857 
vn 0 0.319302 -0.947653 
vn 0 0.419889 -0.907575 
vn 0 0.21497 -0.976621 
vn 0 0.319302 -0.947653 
vn 0 0.108119 -0.994138 
vn 0 0.21497 -0.976621 
vn 0 -1.22465e-16 -1 
vn 0 0.108119 -0.994138 
vn 0 -0.108119 -0.994138 
vn 0 -1.22465e-16 -1 
vn 0 -0.21497 -0.976621 
vn 0 -0.108119 -0.994138 
vn 0 -0.319302 -0.947653 
vn 0 -0.21497 -0.976621 
vn 0 -0.419889 -0.907575 
vn 0 -0.319302 -0.947653 
vn 0 -0.515554 -0.856857 
vn 0 -0.419889 -0.907575 
vn 0 -0.605174 -0.796093 
vn 0 -0.515554 -0.856857 
vn 0 -0.687699 -0.725995 
vn 0 -0.605174 -0.796093 
vn 0 -0.762162 -0.647386 
vn 0 -0.687699 -0.725995 
vn 0 -0.827689 -0.561187 
vn 0 -0.762162 -0.647386 
vn 0 -0.883512 -0.468408 
vn 0 -0.827689 -0.561187 
vn 0 -0.928977 -0.370138 
vn 0 -0.883512 -0.468408 
vn 0 -0.96355 -0.267528 
vn 0 -0.928977 -0.370138 
vn 0 -0.986827 -0.161782 
vn 0 -0.96355 -0.267528 
vn 0 -0.998533 -0.0541389 
vn 0 -0.986827 -0.161782 
vn 0 -0.998533 0.0541389 
vn 0 -0.998533 -0.0541389 
vn 0 -0.986827 0.161782 
vn 0 -0.998533 0.0541389 
vn 0 -0.96355 0.267528 
vn 0 -0.986827 0.161782 
vn 0 -0.928977 0.370138 
vn 0 -0.96355 0.267528 
vn 0 -0.883512 0.468408 
vn 0 -0.928977 0.370138 
vn 0 -0.827689 0.561187 
vn 0 -0.883512 0.468408 
vn 0 -0.762162 0.647386 
vn 0 -0.827689 0.561187 
vn 0 -0.687699 0.725995 
vn 0 -0.762162 0.647386 
vn 0 -0.605174 0.796093 
vn 0 -0.687699 0.725995 
vn 0 -0.515554 0.856857 
vn 0 -0.605174 0.796093 
vn 0 -0.419889 0.907575 
vn 0 -0.515554 0.856857 
vn 0 -0.319302 0.947653 
vn 0 -0.419889 0.907575 
vn 0 -0.21497 0.976621 
vn 0 -0.319302 0.947653 
vn 0 -0.108119 0.994138 
vn 0 -0.21497 0.976621 
vn 0 -0.108119 0.994138 
f 60//60 61//61 62//62 
f 63//63 60//60 64//64 
f 65//65 63//63 66//66 
f 67//67 65//65 68//68 
f 69//69 67//67 70//70 
f 71//71 69//69 72//72 
f 73//73 71//71 74//74 
f 75//75 73//73 76//76 
f 77//77 75//75 78//78 
f 79//79 77//77 80//80 
f 81//81 79//79 82//82 
f 83//83 81//81 84//84 
f 85//85 83//83 86//86 
f 87//87 85//85 88//88 
f 89//89 87//87 90//90 
f 91//91 89//89 92//92 
f 93//93 91//91 94//94 
f 95//95 93//93 96//96 
f 97//97 95//95 98//98 
f 99//99 97//97 100//100 
f 101//101 99//99 102//102 
f 103//103 101//101 104//104 
f 105//105 103//103 106//106 
f 107//107 105//105 108//108 
f 109//109 107//107 110//110 
f 111//111 109//109 112//112 
f 113//113 111//111 114//114 
f 115//115 113//113 116//116 
f 117//117 115//115 118//118 
f 119//119 117//117 120//120 
f 121//121 119//119 122//122 
f 123//123 121//121 124//124 
f 125//125 123//123 126//126 
f 127//127 125//125 128//128 
f 129//129 127//127 130//130 
f 131//131 129//129 132//132 
f 133//133 131//131 134//134 
f 135//135 133//133 136//136 
f 137//137 135//135 138//138 
f 139//139 137//137 140//140 
f 141//141 139//139 142//142 
f 143//143 141//141 144//144 
f 145//145 143//143 146//146 
f 147//147 145//145 148//148 
f 149//149 147//147 150//150 
f 151//151 149//149 152//152 
f 153//153 151//151 154//154 
f 155//155 153//153 156//156 
f 157//157 155//155 158//158 
f 159//159 157//157 160//160 
f 161//161 159//159 162//162 
f 163//163 161//161 164//164 
f 165//165 163//163 166//166 
f 167//167 165//165 168//168 
f 169//169 167//167 170//170 
f 171//171 169//169 172//172 
f 173//173 171//171 174//174 
f 61//61 173//173 175//175 
f 175//175 62//62 61//61 
f 174//174 175//175 173//173 
f 172//172 174//174 171//171 
f 170//170 172//172 169//169 
f 168//168 170//170 167//167 
f 166//166 168//168 165//165 
f 164//164 166//166 163//163 
f 162//162 164//164 161//161 
f 160//160 162//162 159//159 
f 158//158 160//160 157//157 
f 156//156 158//158 155//155 
f 154//154 156//156 153//153 
f 152//152 154//154 151//151 
f 150//150 152//152 149//149 
f 148//148 150//150 147//147 
f 146//146 148//148 145//145 
f 144//144 146//146 143//143 
f 142//142 144//144 141//141 
f 140//140 142//142 139//139 
f 138//138 140//140 137//137 
f 136//136 138//138 135//135 
f 134//134 136//136 133//133 
f 132//132 134//134 131//131 
f 130//130 132//132 129//129 
f 128//128 130//130 127//127 
f 126//126 128//128 125//125 
f 124//124 126//126 123//123 
f 122//122 124//124 121//121 
f 120//120 122//122 119//119 
f 118//118 120//120 117//117 
f 116//116 118//118 115//115 
f 114//114 116//116 113//113 
f 112//112 114//114 111//111 
f 110//110 112//112 109//109 
f 108//108 110//110 107//107 
f 106//106 108//108 105//105 
f 104//104 106//106 103//103 
f 102//102 104//104 101//101 
f 100//100 102//102 99//99 
f 98//98 100//100 97//97 
f 96//96 98//98 95//95 
f 94//94 96//96 93//93 
f 92//92 94//94 91//91 
f 90//90 92//92 89//89 
f 88//88 90//90 87//87 
f 86//86 88//88 85//85 
f 84//84 86//86 83//83 
f 82//82 84//84 81//81 
f 80//80 82//82 79//79 
f 78//78 80//80 77//77 
f 76//76 78//78 75//75 
f 74//74 76//76 73//73 
f 72//72 74//74 71//71 
f 70//70 72//72 69//69 
f 68//68 70//70 67//67 
f 66//66 68//68 65//65 
f 64//64 66//66 63//63 
f 62//62 64//64 60//60 
v 0.0435847 0.0129179 -0.0190584 
v 0.0435847 0.0127504 -0.0189983 
v 0.0435847 0.012681 -0.0190749 
v 0.0435847 0.00493413 -0.0184089 
v 0.0435847 0.0076464 -0.0185582 
v 0.0435847 0.00762023 -0.0185111 
v 0.0435847 0.00789223 -0.0187595 
v 0.0435847 0.00784297 -0.0187377 
v 0.0435847 0.0127001 -0.0203763 
v 0.0435847 0.0126041 -0.0191439 
v 0.0435847 0.0125205 -0.0192047 
v 0.0435847 0.0128637 -0.0188257 
v 0.0435847 0.0128115 -0.018915 
v 0.0435847 0.0129391 -0.0186336 
v 0.0435847 0.0129064 -0.0187316 
v 0.0435847 0.00767749 -0.0186022 
v 0.0435847 0.00779635 -0.0187107 
v 0.0435847 0.00493413 -0.0167911 
v 0.0435847 0.00758379 -0.0167901 
v 0.0435847 0.00759928 -0.0167385 
v 0.0435847 0.00499267 -0.0173293 
v 0.0435847 0.00757155 -0.0169506 
v 0.0435847 0.0123482 -0.0216648 
v 0.0435847 0.0121376 -0.019353 
v 0.0435847 0.0120349 -0.0193645 
v 0.0435847 0.00759928 -0.0184615 
v 0.0435847 0.00758379 -0.0184099 
v 0.0435847 0.00771312 -0.0186426 
v 0.0435847 0.00775289 -0.0186789 
v 0.0435847 0.00767749 -0.0165978 
v 0.0435847 0.00771312 -0.0165574 
v 0.0435847 0.00762023 -0.0166889 
v 0.0435847 0.0076464 -0.0166418 
v 0.0435847 0.00757394 -0.0168431 
v 0.0435847 0.00756984 -0.0168968 
v 0.0435847 0.0122386 -0.019331 
v 0.0435847 0.0124311 -0.0192564 
v 0.0435847 0.0123368 -0.0192987 
v 0.0435847 0.0129735 -0.0184301 
v 0.0435847 0.0129616 -0.0185327 
v 0.0435847 0.00757394 -0.0183569 
v 0.0435847 0.00775289 -0.0165211 
v 0.0435847 0.00779635 -0.0164893 
v 0.0435847 0.00481775 -0.0189376 
v 0.0435847 0.0118287 -0.0193554 
v 0.0435847 0.00756984 -0.0183032 
v 0.0435847 0.00757155 -0.0182494 
v 0.0435847 0.00799632 -0.0187867 
v 0.0435847 0.00784297 -0.0164623 
v 0.0435847 0.00413844 -0.0204059 
v 0.0435847 0.010077 -0.0255589 
v 0.0435847 0.010521 -0.0251148 
v 0.0435847 0.00381081 -0.0208369 
v 0.0435847 0.00958889 -0.0259541 
v 0.0435847 0.0118659 -0.0229104 
v 0.0435847 0.00464488 -0.0194507 
v 0.0435847 0.00441756 -0.019942 
v 0.0435847 0.0119316 -0.0193653 
v 0.0435847 0.00794354 -0.0187759 
v 0.0435847 0.00759934 -0.0176 
v 0.0435847 0.00499267 -0.0178707 
v 0.0435847 0.0129436 -0.0163906 
v 0.0435847 0.0128637 -0.0163743 
v 0.0435847 0.0129064 -0.0164684 
v 0.0435847 0.0127512 -0.0150688 
v 0.0435847 0.0128115 -0.016285 
v 0.0435847 0.0126041 -0.0160561 
v 0.0435847 0.012681 -0.0161251 
v 0.0435847 0.00381081 -0.0143631 
v 0.0435847 0.00906218 -0.00890385 
v 0.0435847 0.0085026 -0.00861873 
v 0.0435847 0.0034385 -0.01397 
v 0.0435847 0.00791628 -0.00839366 
v 0.0435847 0.00730965 -0.00823111 
v 0.0435847 0.00302587 -0.0136195 
v 0.0435847 0.00668935 -0.00813287 
v 0.0435847 0.00606218 -0.0081 
v 0.0435847 0.00302587 -0.0215805 
v 0.0435847 0.00257777 -0.0218843 
v 0.0435847 0.00606218 -0.0271 
v 0.0435847 0.0034385 -0.02123 
v 0.0435847 0.00730965 -0.0269689 
v 0.0435847 0.0109163 -0.0246267 
v 0.0435847 0.00794354 -0.0164241 
v 0.0435847 0.00799632 -0.0164133 
v 0.0435847 0.00789223 -0.0164405 
v 0.0435847 0.0129391 -0.0165664 
v 0.0435847 0.0129616 -0.0166673 
v 0.0435847 0.0127504 -0.0162017 
v 0.0435847 0.00481775 -0.0162624 
v 0.0435847 0.0118287 -0.0158446 
v 0.0435847 0.00958889 -0.0092459 
v 0.0435847 0.00159651 -0.0223383 
v 0.0435847 0.00107485 -0.0224831 
v 0.0435847 0.00668935 -0.0270671 
v 0.0435847 0.00791628 -0.0268063 
v 0.0435847 0.0085026 -0.0265813 
v 0.0435847 0.0112583 -0.0241 
v 0.0435847 0.0125205 -0.0159953 
v 0.0435847 0.0123368 -0.0159013 
v 0.0435847 0.0124311 -0.0159436 
v 0.0435847 0.0122386 -0.015869 
v 0.0435847 0.0124241 -0.0137737 
v 0.0435847 0.00209945 -0.0130621 
v 0.0435847 0.00257777 -0.0133157 
v 0.0435847 0.000540595 -0.0126293 
v 0.0435847 0.00107485 -0.0127169 
v 0.0435847 -0.00441756 -0.015258 
v 0.0435847 -0.00413844 -0.0147941 
v 0.0435847 -0.0109163 -0.0105733 
v 0.0435847 0.00209945 -0.0221379 
v 0.0435847 0.00906218 -0.0262962 
v 0.0435847 0.0120349 -0.0158355 
v 0.0435847 0.0121376 -0.015847 
v 0.0435847 0.0119316 -0.0158347 
v 0.0435847 0.00159651 -0.0128617 
v 0.0435847 -0.0112583 -0.0111 
v 0.0435847 -0.0119659 -0.012519 
v 0.0435847 -0.00464488 -0.0157493 
v 0.0435847 -0.0127512 -0.0150688 
v 0.0435847 -0.00493413 -0.0167911 
v 0.0435847 -0.00481775 -0.0162624 
v 0.0435847 -0.0129436 -0.0163906 
v 0.0435847 -0.00499267 -0.0173293 
v 0.0435847 0.000540595 -0.0225707 
v 0.0435847 9.89536e-16 -0.0226 
v 0.0435847 0.00441756 -0.015258 
v 0.0435847 0.0112583 -0.0111 
v 0.0435847 0.0109163 -0.0105733 
v 0.0435847 0.00413844 -0.0147941 
v 0.0435847 0.010077 -0.00964113 
v 0.0435847 -0.00302587 -0.0136195 
v 0.0435847 -0.00257777 -0.0133157 
v 0.0435847 -0.00606218 -0.0081 
v 0.0435847 -0.0034385 -0.01397 
v 0.0435847 -0.00730965 -0.00823111 
v 0.0435847 -0.0113814 -0.0113179 
v 0.0435847 -0.0124241 -0.0137737 
v 0.0435847 -0.0129994 -0.0177251 
v 0.0435847 -0.00499267 -0.0178707 
v 0.0435847 -0.0127001 -0.0203763 
v 0.0435847 -0.0123482 -0.0216648 
v 0.0435847 -0.00481775 -0.0189376 
v 0.0435847 -0.00413844 -0.0204059 
v 0.0435847 -0.010077 -0.0255589 
v 0.0435847 -0.00958889 -0.0259541 
v 0.0435847 -0.0109163 -0.0246267 
v 0.0435847 -0.010521 -0.0251148 
v 0.0435847 0.0119659 -0.012519 
v 0.0435847 0.00464488 -0.0157493 
v 0.0435847 0.0113814 -0.0113179 
v 0.0435847 0.010521 -0.0100852 
v 0.0435847 9.91373e-16 -0.0126 
v 0.0435847 -0.000540595 -0.0126293 
v 0.0435847 -0.00159651 -0.0128617 
v 0.0435847 -0.00107485 -0.0127169 
v 0.0435847 -0.00668935 -0.00813287 
v 0.0435847 -0.00791628 -0.00839366 
v 0.0435847 -0.0129179 -0.0190584 
v 0.0435847 -0.00493413 -0.0184089 
v 0.0435847 -0.00441756 -0.019942 
v 0.0435847 -0.0112583 -0.0241 
v 0.0435847 -0.00381081 -0.0208369 
v 0.0435847 -0.00906218 -0.0262962 
v 0.0435847 -0.0085026 -0.0265813 
v 0.0435847 -0.00209945 -0.0130621 
v 0.0435847 -0.0085026 -0.00861873 
v 0.0435847 -0.00381081 -0.0143631 
v 0.0435847 -0.010077 -0.00964113 
v 0.0435847 -0.010521 -0.0100852 
v 0.0435847 -0.00958889 -0.0092459 
v 0.0435847 -0.0118659 -0.0229104 
v 0.0435847 -0.00464488 -0.0194507 
v 0.0435847 -0.0034385 -0.02123 
v 0.0435847 -0.00791628 -0.0268063 
v 0.0435847 -0.00730965 -0.0269689 
v 0.0435847 -0.00302587 -0.0215805 
v 0.0435847 -0.00668935 -0.0270671 
v 0.0435847 -0.00606218 -0.0271 
v 0.0435847 0.0129735 -0.0167699 
v 0.0435847 -0.00906218 -0.00890385 
v 0.0435847 -0.00107485 -0.0224831 
v 0.0435847 -0.00159651 -0.0223383 
v 0.0435847 -0.00209945 -0.0221379 
v 0.0435847 -0.00257777 -0.0218843 
v 0.0435847 -0.000540595 -0.0225707 
vn 1 0 0 
vn 1 0 0 
vn 1 0 0 
vn 1 0 0 
vn 1 0 0 
vn 1 0 0 
vn 1 0 0 
vn 1 0 0 
vn 1 0 0 
vn 1 0 0 
vn 1 0 0 
vn 1 0 0 
vn 1 0 0 
vn 1 0 0 
vn 1 0 0 
vn 1 0 0 
vn 1 0 0 
vn 1 0 0 
vn 1 0 0 
vn 1 0 0 
vn 1 0 0 
vn 1 0 0 
vn 1 0 0 
vn 1 0 0 
vn 1 0 0 
vn 1 0 0 
vn 1 0 0 
vn 1 0 0 
vn 1 0 0 
vn 1 0 0 
vn 1 0 0 
vn 1 0 0 
vn 1 0 0 
vn 1 0 0 
vn 1 0 0 
vn 1 0 0 
vn 1 0 0 
vn 1 0 0 
vn 1 0 0 
vn 1 0 0 
vn 1 0 0 
vn 1 0 0 
vn 1 0 0 
vn 1 0 0 
vn 1 0 0 
vn 1 0 0 
vn 1 0 0 
vn 1 0 0 
vn 1 0 0 
vn 1 0 0 
vn 1 0 0 
vn 1 0 0 
vn 1 0 0 
vn 1 0 0 
vn 1 0 0 
vn 1 0 0 
vn 1 0 0 
vn 1 0 0 
vn 1 0 0 
vn 1 0 0 
vn 1 0 0 
vn 1 0 0 
vn 1 0 0 
vn 1 0 0 
vn 1 0 0 
vn 1 0 0 
vn 1 0 0 
vn 1 0 0 
vn 1 0 0 
vn 1 0 0 
vn 1 0 0 
vn 1 0 0 
vn 1 0 0 
vn 1 0 0 
vn 1 0 0 
vn 1 0 0 
vn 1 0 0 
vn 1 0 0 
vn 1 0 0 
vn 1 0 0 
vn 1 0 0 
vn 1 0 0 
vn 1 0 0 
vn 1 0 0 
vn 1 0 0 
vn 1 0 0 
vn 1 0 0 
vn 1 0 0 
vn 1 0 0 
vn 1 0 0 
vn 1 0 0 
vn 1 0 0 
vn 1 0 0 
vn 1 0 0 
vn 1 0 0 
vn 1 0 0 
vn 1 0 0 
vn 1 0 0 
vn 1 0 0 
vn 1 0 0 
vn 1 0 0 
vn 1 0 0 
vn 1 0 0 
vn 1 0 0 
vn 1 0 0 
vn 1 0 0 
vn 1 0 0 
vn 1 0 0 
vn 1 0 0 
vn 1 0 0 
vn 1 0 0 
vn 1 0 0 
vn 1 0 0 
vn 1 0 0 
vn 1 0 0 
vn 1 0 0 
vn 1 0 0 
vn 1 0 0 
vn 1 0 0 
vn 1 0 0 
vn 1 0 0 
vn 1 0 0 
vn 1 0 0 
vn 1 0 0 
vn 1 0 0 
vn 1 0 0 
vn 1 0 0 
vn 1 0 0 
vn 1 0 0 
vn 1 0 0 
vn 1 0 0 
vn 1 0 0 
vn 1 0 0 
vn 1 0 0 
vn 1 0 0 
vn 1 0 0 
vn 1 0 0 
vn 1 0 0 
vn 1 0 0 
vn 1 0 0 
vn 1 0 0 
vn 1 0 0 
vn 1 0 0 
vn 1 0 0 
vn 1 0 0 
vn 1 0 0 
vn 1 0 0 
vn 1 0 0 
vn 1 0 0 
vn 1 0 0 
vn 1 0 0 
vn 1 0 0 
vn 1 0 0 
vn 1 0 0 
vn 1 0 0 
vn 1 0 0 
vn 1 0 0 
vn 1 0 0 
vn 1 0 0 
vn 1 0 0 
vn 1 0 0 
vn 1 0 0 
vn 1 0 0 
vn 1 0 0 
vn 1 0 0 
vn 1 0 0 
vn 1 0 0 
vn 1 0 0 
vn 1 0 0 
vn 1 0 0 
vn 1 0 0 
vn 1 0 0 
vn 1 0 0 
vn 1 0 0 
vn 1 0 0 
vn 1 0 0 
vn 1 0 0 
vn 1 0 0 
vn 1 0 0 
vn 1 0 0 
vn 1 0 0 
vn 1 0 0 
vn 1 0 0 
vn 1 0 0 
vn 1 0 0 
vn 1 0 0 
f 176//176 177//177 178//178 
f 179//179 180//180 181//181 
f 179//179 182//182 183//183 
f 184//184 185//185 186//186 
f 178//178 184//184 176//176 
f 176//176 187//187 188//188 
f 176//176 189//189 190//190 
f 179//179 191//191 180//180 
f 183//183 192//192 179//179 
f 193//193 194//194 195//195 
f 193//193 196//196 197//197 
f 198//198 199//199 200//200 
f 199//199 198//198 184//184 
f 178//178 185//185 184//184 
f 190//190 187//187 176//176 
f 179//179 201//201 202//202 
f 179//179 203//203 191//191 
f 192//192 204//204 179//179 
f 193//193 205//205 206//206 
f 193//193 207//207 208//208 
f 193//193 209//209 194//194 
f 197//197 210//210 193//193 
f 184//184 211//211 199//199 
f 184//184 212//212 213//213 
f 188//188 177//177 176//176 
f 176//176 214//214 215//215 
f 202//202 216//216 179//179 
f 204//204 203//203 179//179 
f 193//193 217//217 218//218 
f 208//208 205//205 193//193 
f 210//210 209//209 193//193 
f 219//219 198//198 220//220 
f 213//213 211//211 184//184 
f 215//215 189//189 176//176 
f 179//179 221//221 222//222 
f 181//181 201//201 179//179 
f 179//179 220//220 223//223 
f 218//218 224//224 193//193 
f 195//195 207//207 193//193 
f 225//225 226//226 227//227 
f 225//225 228//228 229//229 
f 230//230 231//231 232//232 
f 198//198 219//219 231//231 
f 198//198 233//233 220//220 
f 186//186 212//212 184//184 
f 216//216 221//221 179//179 
f 223//223 234//234 179//179 
f 235//235 196//196 236//236 
f 206//206 217//217 193//193 
f 237//237 238//238 239//239 
f 237//237 240//240 241//241 
f 240//240 242//242 243//243 
f 244//244 245//245 246//246 
f 247//247 248//248 249//249 
f 250//250 251//251 252//252 
f 253//253 254//254 255//255 
f 256//256 253//253 257//257 
f 229//229 226//226 225//225 
f 232//232 225//225 258//258 
f 231//231 230//230 198//198 
f 200//200 233//233 198//198 
f 234//234 182//182 179//179 
f 236//236 222//222 235//235 
f 193//193 259//259 260//260 
f 224//224 261//261 193//193 
f 237//237 262//262 263//263 
f 241//241 238//238 237//237 
f 243//243 264//264 240//240 
f 265//265 193//193 266//266 
f 244//244 267//267 245//245 
f 247//247 246//246 248//248 
f 250//250 249//249 251//251 
f 255//255 268//268 269//269 
f 255//255 270//270 253//253 
f 257//257 271//271 256//256 
f 228//228 256//256 272//272 
f 258//258 273//273 232//232 
f 220//220 179//179 219//219 
f 235//235 197//197 196//196 
f 261//261 259//259 193//193 
f 239//239 262//262 237//237 
f 240//240 274//274 242//242 
f 240//240 275//275 276//276 
f 277//277 275//275 240//240 
f 266//266 278//278 265//265 
f 249//249 250//250 247//247 
f 252//252 279//279 280//280 
f 252//252 281//281 282//282 
f 283//283 284//284 285//285 
f 255//255 286//286 268//268 
f 271//271 272//272 256//256 
f 272//272 287//287 228//228 
f 232//232 273//273 230//230 
f 260//260 266//266 193//193 
f 264//264 241//241 240//240 
f 240//240 278//278 277//277 
f 278//278 288//288 289//289 
f 266//266 290//290 278//278 
f 252//252 280//280 250//250 
f 282//282 291//291 252//252 
f 285//285 292//292 283//283 
f 293//293 294//294 283//283 
f 295//295 296//296 297//297 
f 298//298 299//299 296//296 
f 255//255 300//300 301//301 
f 255//255 254//254 286//286 
f 287//287 229//229 228//228 
f 222//222 236//236 179//179 
f 276//276 274//274 240//240 
f 290//290 288//288 278//278 
f 302//302 303//303 304//304 
f 305//305 306//306 267//267 
f 291//291 279//279 252//252 
f 307//307 308//308 309//309 
f 310//310 307//307 311//311 
f 283//283 312//312 293//293 
f 313//313 297//297 294//294 
f 296//296 295//295 298//298 
f 314//314 315//315 299//299 
f 316//316 317//317 318//318 
f 319//319 320//320 321//321 
f 319//319 322//322 323//323 
f 269//269 300//300 255//255 
f 227//227 258//258 225//225 
f 289//289 277//277 278//278 
f 278//278 324//324 325//325 
f 324//324 326//326 302//302 
f 302//302 326//326 303//303 
f 305//305 327//327 306//306 
f 252//252 328//328 281//281 
f 309//309 329//329 328//328 
f 309//309 330//330 331//331 
f 309//309 332//332 307//307 
f 311//311 333//333 310//310 
f 294//294 293//293 313//313 
f 299//299 298//298 314//314 
f 334//334 335//335 315//315 
f 335//335 334//334 316//316 
f 336//336 337//337 322//322 
f 323//323 320//320 319//319 
f 338//338 339//339 340//340 
f 270//270 257//257 253//253 
f 325//325 265//265 278//278 
f 304//304 305//305 302//302 
f 305//305 304//304 327//327 
f 328//328 252//252 309//309 
f 309//309 341//341 330//330 
f 333//333 342//342 310//310 
f 343//343 310//310 342//342 
f 284//284 344//344 345//345 
f 284//284 343//343 346//346 
f 297//297 313//313 295//295 
f 318//318 335//335 316//316 
f 317//317 347//347 348//348 
f 347//347 337//337 336//336 
f 321//321 338//338 319//319 
f 338//338 321//321 339//339 
f 349//349 350//350 351//351 
f 352//352 353//353 354//354 
f 263//263 355//355 237//237 
f 267//267 244//244 305//305 
f 331//331 329//329 309//309 
f 332//332 311//311 307//307 
f 342//342 356//356 343//343 
f 346//346 344//344 284//284 
f 315//315 314//314 334//334 
f 336//336 348//348 347//347 
f 340//340 349//349 338//338 
f 349//349 340//340 350//350 
f 352//352 351//351 353//353 
f 354//354 357//357 358//358 
f 302//302 325//325 324//324 
f 308//308 341//341 309//309 
f 345//345 285//285 284//284 
f 348//348 318//318 317//317 
f 351//351 352//352 349//349 
f 354//354 359//359 360//360 
f 354//354 361//361 357//357 
f 246//246 247//247 244//244 
f 292//292 312//312 283//283 
f 354//354 360//360 352//352 
f 354//354 301//301 361//361 
f 356//356 346//346 343//343 
f 358//358 359//359 354//354 
f 322//322 319//319 336//336 
f 301//301 354//354 255//255 
v 0.0236497 0.00606218 -0.0271 
v 0.0435847 0.00606218 -0.0271 
v 0.0435847 -0.00606218 -0.0271 
v 0.0236497 -0.00606218 -0.0271 
vn 0 0 -1 
vn 0 0 -1 
vn 0 0 -1 
vn 0 0 -1 
f 362//362 363//363 364//364 
f 364//364 365//365 362//362 
v 0.0435847 0.00606218 -0.0271 
v 0.0236497 0.00606218 -0.0271 
v 0.0236497 0.00668935 -0.0270671 
v 0.0435847 0.00668935 -0.0270671 
v 0.0236497 0.00730965 -0.0269689 
v 0.0435847 0.00730965 -0.0269689 
v 0.0236497 0.00791628 -0.0268063 
v 0.0435847 0.00791628 -0.0268063 
v 0.0236497 0.0085026 -0.0265813 
v 0.0435847 0.0085026 -0.0265813 
v 0.0236497 0.00906218 -0.0262962 
v 0.0435847 0.00906218 -0.0262962 
v 0.0236497 0.00958889 -0.0259541 
v 0.0435847 0.00958889 -0.0259541 
v 0.0236497 0.010077 -0.0255589 
v 0.0435847 0.010077 -0.0255589 
v 0.0236497 0.010521 -0.0251148 
v 0.0435847 0.010521 -0.0251148 
v 0.0236497 0.0109163 -0.0246267 
v 0.0435847 0.0109163 -0.0246267 
v 0.0236497 0.0112583 -0.0241 
v 0.0435847 0.0112583 -0.0241 
vn 0 0 -1 
vn 0 0 -1 
vn 0 0.104528 -0.994522 
vn 0 0.104528 -0.994522 
vn 0 0.207912 -0.978148 
vn 0 0.207912 -0.978148 
vn 0 0.309017 -0.951057 
vn 0 0.309017 -0.951057 
vn 0 0.406737 -0.913545 
vn 0 0.406737 -0.913545 
vn 0 0.5 -0.866025 
vn 0 0.5 -0.866025 
vn 0 0.587785 -0.809017 
vn 0 0.587785 -0.809017 
vn 0 0.669131 -0.743145 
vn 0 0.669131 -0.743145 
vn 0 0.743145 -0.669131 
vn 0 0.743145 -0.669131 
vn 0 0.809017 -0.587785 
vn 0 0.809017 -0.587785 
vn 0 0.866025 -0.5 
vn 0 0.866025 -0.5 
f 366//366 367//367 368//368 
f 369//369 368//368 370//370 
f 371//371 370//370 372//372 
f 373//373 372//372 374//374 
f 375//375 374//374 376//376 
f 377//377 376//376 378//378 
f 379//379 378//378 380//380 
f 381//381 380//380 382//382 
f 383//383 382//382 384//384 
f 385//385 384//384 386//386 
f 386//386 387//387 385//385 
f 384//384 385//385 383//383 
f 382//382 383//383 381//381 
f 380//380 381//381 379//379 
f 378//378 379//379 377//377 
f 376//376 377//377 375//375 
f 374//374 375//375 373//373 
f 372//372 373//373 371//371 
f 370//370 371//371 369//369 
f 368//368 369//369 366//366 
v 0.0435847 -0.0112583 -0.0241 
v 0.0236497 -0.0112583 -0.0241 
v 0.0236497 -0.0109163 -0.0246267 
v 0.0435847 -0.0109163 -0.0246267 
v 0.0236497 -0.010521 -0.0251148 
v 0.0435847 -0.010521 -0.0251148 
v 0.0236497 -0.010077 -0.0255589 
v 0.0435847 -0.010077 -0.0255589 
v 0.0236497 -0.00958889 -0.0259541 
v 0.0435847 -0.00958889 -0.0259541 
v 0.0236497 -0.00906218 -0.0262962 
v 0.0435847 -0.00906218 -0.0262962 
v 0.0236497 -0.0085026 -0.0265813 
v 0.0435847 -0.0085026 -0.0265813 
v 0.0236497 -0.00791628 -0.0268063 
v 0.0435847 -0.00791628 -0.0268063 
v 0.0236497 -0.00730965 -0.0269689 
v 0.0435847 -0.00730965 -0.0269689 
v 0.0236497 -0.00668935 -0.0270671 
v 0.0435847 -0.00668935 -0.0270671 
v 0.0236497 -0.00606218 -0.0271 
v 0.0435847 -0.00606218 -0.0271 
vn 0 -0.866025 -0.5 
vn 0 -0.866025 -0.5 
vn 0 -0.809017 -0.587785 
vn 0 -0.809017 -0.587785 
vn 0 -0.743145 -0.669131 
vn 0 -0.743145 -0.669131 
vn 0 -0.669131 -0.743145 
vn 0 -0.669131 -0.743145 
vn 0 -0.587785 -0.809017 
vn 0 -0.587785 -0.809017 
vn 0 -0.5 -0.866025 
vn 0 -0.5 -0.866025 
vn 0 -0.406737 -0.913545 
vn 0 -0.406737 -0.913545 
vn 0 -0.309017 -0.951057 
vn 0 -0.309017 -0.951057 
vn 0 -0.207912 -0.978148 
vn 0 -0.207912 -0.978148 
vn 0 -0.104528 -0.994522 
vn 0 -0.104528 -0.994522 
vn 0 0 -1 
vn 0 0 -1 
f 388//388 389//389 390//390 
f 391//391 390//390 392//392 
f 393//393 392//392 394//394 
f 395//395 394//394 396//396 
f 397//397 396//396 398//398 
f 399//399 398//398 400//400 
f 401//401 400//400 402//402 
f 403//403 402//402 404//404 
f 405//405 404//404 406//406 
f 407//407 406//406 408//408 
f 408//408 409//409 407//407 
f 406//406 407//407 405//405 
f 404//404 405//405 403//403 
f 402//402 403//403 401//401 
f 400//400 401//401 399//399 
f 398//398 399//399 397//397 
f 396//396 397//397 395//395 
f 394//394 395//395 393//393 
f 392//392 393//393 391//391 
f 390//390 391//391 388//388 
v 0.0435847 0.00606218 -0.0081 
v 0.0431748 0.00606218 -0.0081 
v 0.0431748 -0.00606218 -0.0081 
v 0.0435847 -0.00606218 -0.0081 
vn 0 0 1 
vn 0 0 1 
vn 0 0 1 
vn 0 0 1 
f 410//410 411//411 412//412 
f 412//412 413//413 410//410 
v 0.0435847 0.0118287 -0.0193554 
v 0.0450847 0.0118287 -0.0193554 
v 0.0450847 0.00799632 -0.0187867 
v 0.0435847 0.00799632 -0.0187867 
vn 0 -0.146794 -0.989167 
vn 0 -0.146794 -0.989167 
vn 0 -0.146794 -0.989167 
vn 0 -0.146794 -0.989167 
f 414//414 415//415 416//416 
f 416//416 417//417 414//414 
v 0.0450847 0.00775289 -0.0186789 
v 0.0450847 0.0076464 -0.0185582 
v 0.0450847 0.00767749 -0.0186022 
v 0.0450847 0.00762023 -0.0185111 
v 0.0450847 0.00756984 -0.0168968 
v 0.0450847 0.00759928 -0.0167385 
v 0.0450847 0.00758379 -0.0167901 
v 0.0450847 0.0076464 -0.0166418 
v 0.0450847 0.00762023 -0.0166889 
v 0.0450847 0.012681 -0.0190749 
v 0.0450847 0.0128115 -0.018915 
v 0.0450847 0.0128637 -0.0188257 
v 0.0450847 0.00771312 -0.0186426 
v 0.0450847 0.00794354 -0.0187759 
v 0.0450847 0.00757155 -0.0182494 
v 0.0450847 0.00756984 -0.0183032 
v 0.0450847 0.00771312 -0.0165574 
v 0.0450847 0.00767749 -0.0165978 
v 0.0450847 0.00799632 -0.0164133 
v 0.0450847 0.00794354 -0.0164241 
v 0.0450847 0.0128637 -0.0163743 
v 0.0450847 0.0128115 -0.016285 
v 0.0450847 0.0127504 -0.0162017 
v 0.0450847 0.012681 -0.0161251 
v 0.0450847 0.0129735 -0.0167699 
v 0.0450847 0.0129616 -0.0166673 
v 0.0450847 0.0129064 -0.0187316 
v 0.0450847 0.0129391 -0.0186336 
v 0.0450847 0.0127504 -0.0189983 
v 0.0450847 0.0129616 -0.0185327 
v 0.0450847 0.0125205 -0.0192047 
v 0.0450847 0.0126041 -0.0191439 
v 0.0450847 0.0123368 -0.0192987 
v 0.0450847 0.0124311 -0.0192564 
v 0.0450847 0.0121376 -0.019353 
v 0.0450847 0.0122386 -0.019331 
v 0.0450847 0.00784297 -0.0187377 
v 0.0450847 0.00789223 -0.0187595 
v 0.0450847 0.00779635 -0.0187107 
v 0.0450847 0.00758379 -0.0184099 
v 0.0450847 0.00759928 -0.0184615 
v 0.0450847 0.00757394 -0.0183569 
v 0.0450847 0.00779635 -0.0164893 
v 0.0450847 0.00775289 -0.0165211 
v 0.0450847 0.00789223 -0.0164405 
v 0.0450847 0.0123368 -0.0159013 
v 0.0450847 0.0122386 -0.015869 
v 0.0450847 0.0126041 -0.0160561 
v 0.0450847 0.0125205 -0.0159953 
v 0.0450847 0.0129064 -0.0164684 
v 0.0450847 0.0129391 -0.0165664 
v 0.0450847 0.0120349 -0.0193645 
v 0.0450847 0.0118287 -0.0193554 
v 0.0450847 0.0119316 -0.0193653 
v 0.0450847 0.00784297 -0.0164623 
v 0.0450847 0.0121376 -0.015847 
v 0.0450847 0.0120349 -0.0158355 
v 0.0450847 0.0124311 -0.0159436 
v 0.0450847 0.0129735 -0.0184301 
v 0.0450847 0.00799632 -0.0187867 
v 0.0450847 0.00757394 -0.0168431 
v 0.0450847 0.0118287 -0.0158446 
v 0.0450847 0.00757155 -0.0169506 
v 0.0450847 0.0119316 -0.0158347 
v 0.0450847 0.0129994 -0.0177251 
v 0.0450847 0.00759934 -0.0176 
vn 1 0 0 
vn 1 0 0 
vn 1 0 0 
vn 1 0 0 
vn 1 0 0 
vn 1 0 0 
vn 1 0 0 
vn 1 0 0 
vn 1 0 0 
vn 1 0 0 
vn 1 0 0 
vn 1 0 0 
vn 1 0 0 
vn 1 0 0 
vn 1 0 0 
vn 1 0 0 
vn 1 0 0 
vn 1 0 0 
vn 1 0 0 
vn 1 0 0 
vn 1 0 0 
vn 1 0 0 
vn 1 0 0 
vn 1 0 0 
vn 1 0 0 
vn 1 0 0 
vn 1 0 0 
vn 1 0 0 
vn 1 0 0 
vn 1 0 0 
vn 1 0 0 
vn 1 0 0 
vn 1 0 0 
vn 1 0 0 
vn 1 0 0 
vn 1 0 0 
vn 1 0 0 
vn 1 0 0 
vn 1 0 0 
vn 1 0 0 
vn 1 0 0 
vn 1 0 0 
vn 1 0 0 
vn 1 0 0 
vn 1 0 0 
vn 1 0 0 
vn 1 0 0 
vn 1 0 0 
vn 1 0 0 
vn 1 0 0 
vn 1 0 0 
vn 1 0 0 
vn 1 0 0 
vn 1 0 0 
vn 1 0 0 
vn 1 0 0 
vn 1 0 0 
vn 1 0 0 
vn 1 0 0 
vn 1 0 0 
vn 1 0 0 
vn 1 0 0 
vn 1 0 0 
vn 1 0 0 
vn 1 0 0 
vn 1 0 0 
f 418//418 419//419 420//420 
f 418//418 421//421 419//419 
f 422//422 423//423 424//424 
f 422//422 425//425 426//426 
f 427//427 428//428 429//429 
f 420//420 430//430 418//418 
f 431//431 432//432 433//433 
f 426//426 423//423 422//422 
f 422//422 434//434 435//435 
f 422//422 436//436 437//437 
f 438//438 439//439 440//440 
f 441//441 442//442 443//443 
f 427//427 444//444 445//445 
f 427//427 446//446 428//428 
f 447//447 448//448 449//449 
f 447//447 450//450 451//451 
f 447//447 452//452 453//453 
f 421//421 454//454 455//455 
f 418//418 456//456 421//421 
f 431//431 457//457 458//458 
f 433//433 459//459 431//431 
f 435//435 425//425 422//422 
f 422//422 460//460 461//461 
f 437//437 462//462 422//422 
f 442//442 463//463 464//464 
f 442//442 465//465 466//466 
f 441//441 467//467 438//438 
f 443//443 468//468 441//441 
f 429//429 444//444 427//427 
f 451//451 448//448 447//447 
f 447//447 469//469 452//452 
f 447//447 470//470 471//471 
f 456//456 454//454 421//421 
f 459//459 457//457 431//431 
f 461//461 434//434 422//422 
f 462//462 472//472 422//422 
f 442//442 473//473 474//474 
f 442//442 475//475 463//463 
f 442//442 441//441 465//465 
f 468//468 467//467 441//441 
f 449//449 427//427 447//447 
f 471//471 469//469 447//447 
f 458//458 421//421 431//431 
f 472//472 460//460 422//422 
f 464//464 473//473 442//442 
f 440//440 441//441 438//438 
f 453//453 450//450 447//447 
f 476//476 432//432 477//477 
f 455//455 431//431 421//421 
f 424//424 478//478 422//422 
f 442//442 479//479 436//436 
f 466//466 475//475 442//442 
f 445//445 447//447 427//427 
f 431//431 477//477 432//432 
f 436//436 480//480 442//442 
f 474//474 481//481 442//442 
f 477//477 470//470 476//476 
f 476//476 482//482 483//483 
f 442//442 480//480 483//483 
f 481//481 479//479 442//442 
f 483//483 432//432 476//476 
f 422//422 480//480 436//436 
f 483//483 482//482 442//442 
f 447//447 476//476 470//470 
v 0.0435847 0.0129735 -0.0184301 
v 0.0450847 0.0129735 -0.0184301 
v 0.0450847 0.0129616 -0.0185327 
v 0.0435847 0.0129616 -0.0185327 
v 0.0450847 0.0129391 -0.0186336 
v 0.0435847 0.0129391 -0.0186336 
v 0.0450847 0.0129064 -0.0187316 
v 0.0435847 0.0129064 -0.0187316 
v 0.0450847 0.0128637 -0.0188257 
v 0.0435847 0.0128637 -0.0188257 
v 0.0450847 0.0128115 -0.018915 
v 0.0435847 0.0128115 -0.018915 
v 0.0450847 0.0127504 -0.0189983 
v 0.0435847 0.0127504 -0.0189983 
v 0.0450847 0.012681 -0.0190749 
v 0.0435847 0.012681 -0.0190749 
v 0.0450847 0.0126041 -0.0191439 
v 0.0435847 0.0126041 -0.0191439 
v 0.0450847 0.0125205 -0.0192047 
v 0.0435847 0.0125205 -0.0192047 
v 0.0450847 0.0124311 -0.0192564 
v 0.0435847 0.0124311 -0.0192564 
v 0.0450847 0.0123368 -0.0192987 
v 0.0435847 0.0123368 -0.0192987 
v 0.0450847 0.0122386 -0.019331 
v 0.0435847 0.0122386 -0.019331 
v 0.0450847 0.0121376 -0.019353 
v 0.0435847 0.0121376 -0.019353 
v 0.0450847 0.0120349 -0.0193645 
v 0.0435847 0.0120349 -0.0193645 
v 0.0450847 0.0119316 -0.0193653 
v 0.0435847 0.0119316 -0.0193653 
v 0.0450847 0.0118287 -0.0193554 
v 0.0435847 0.0118287 -0.0193554 
vn 0 0.997959 -0.0638523 
vn 0 0.997959 -0.0638523 
vn 0 0.98604 -0.166506 
vn 0 0.98604 -0.166506 
vn 0 0.963591 -0.267381 
vn 0 0.963591 -0.267381 
vn 0 0.93085 -0.365401 
vn 0 0.93085 -0.365401 
vn 0 0.888168 -0.459518 
vn 0 0.888168 -0.459518 
vn 0 0.836001 -0.548728 
vn 0 0.836001 -0.548728 
vn 0 0.774906 -0.632077 
vn 0 0.774906 -0.632077 
vn 0 0.705534 -0.708676 
vn 0 0.705534 -0.708676 
vn 0 0.628628 -0.777706 
vn 0 0.628628 -0.777706 
vn 0 0.545008 -0.838431 
vn 0 0.545008 -0.838431 
vn 0 0.455567 -0.890202 
vn 0 0.455567 -0.890202 
vn 0 0.361261 -0.932465 
vn 0 0.361261 -0.932465 
vn 0 0.263097 -0.964769 
vn 0 0.263097 -0.964769 
vn 0 0.162123 -0.986771 
vn 0 0.162123 -0.986771 
vn 0 0.0594174 -0.998233 
vn 0 0.0594174 -0.998233 
vn 0 -0.0439226 -0.999035 
vn 0 -0.0439226 -0.999035 
vn 0 -0.146794 -0.989167 
vn 0 -0.146794 -0.989167 
f 484//484 485//485 486//486 
f 487//487 486//486 488//488 
f 489//489 488//488 490//490 
f 491//491 490//490 492//492 
f 493//493 492//492 494//494 
f 495//495 494//494 496//496 
f 497//497 496//496 498//498 
f 499//499 498//498 500//500 
f 501//501 500//500 502//502 
f 503//503 502//502 504//504 
f 505//505 504//504 506//506 
f 507//507 506//506 508//508 
f 509//509 508//508 510//510 
f 511//511 510//510 512//512 
f 513//513 512//512 514//514 
f 515//515 514//514 516//516 
f 516//516 517//517 515//515 
f 514//514 515//515 513//513 
f 512//512 513//513 511//511 
f 510//510 511//511 509//509 
f 508//508 509//509 507//507 
f 506//506 507//507 505//505 
f 504//504 505//505 503//503 
f 502//502 503//503 501//501 
f 500//500 501//501 499//499 
f 498//498 499//499 497//497 
f 496//496 497//497 495//495 
f 494//494 495//495 493//493 
f 492//492 493//493 491//491 
f 490//490 491//491 489//489 
f 488//488 489//489 487//487 
f 486//486 487//487 484//484 
v 0.0435847 0.0118287 -0.0158446 
v 0.0450847 0.0118287 -0.0158446 
v 0.0450847 0.0119316 -0.0158347 
v 0.0435847 0.0119316 -0.0158347 
v 0.0450847 0.0120349 -0.0158355 
v 0.0435847 0.0120349 -0.0158355 
v 0.0450847 0.0121376 -0.015847 
v 0.0435847 0.0121376 -0.015847 
v 0.0450847 0.0122386 -0.015869 
v 0.0435847 0.0122386 -0.015869 
v 0.0450847 0.0123368 -0.0159013 
v 0.0435847 0.0123368 -0.0159013 
v 0.0450847 0.0124311 -0.0159436 
v 0.0435847 0.0124311 -0.0159436 
v 0.0450847 0.0125205 -0.0159953 
v 0.0435847 0.0125205 -0.0159953 
v 0.0450847 0.0126041 -0.0160561 
v 0.0435847 0.0126041 -0.0160561 
v 0.0450847 0.012681 -0.0161251 
v 0.0435847 0.012681 -0.0161251 
v 0.0450847 0.0127504 -0.0162017 
v 0.0435847 0.0127504 -0.0162017 
v 0.0450847 0.0128115 -0.016285 
v 0.0435847 0.0128115 -0.016285 
v 0.0450847 0.0128637 -0.0163743 
v 0.0435847 0.0128637 -0.0163743 
v 0.0450847 0.0129064 -0.0164684 
v 0.0435847 0.0129064 -0.0164684 
v 0.0450847 0.0129391 -0.0165664 
v 0.0435847 0.0129391 -0.0165664 
v 0.0450847 0.0129616 -0.0166673 
v 0.0435847 0.0129616 -0.0166673 
v 0.0450847 0.0129735 -0.0167699 
v 0.0435847 0.0129735 -0.0167699 
vn 0 -0.146794 0.989167 
vn 0 -0.146794 0.989167 
vn 0 -0.0439226 0.999035 
vn 0 -0.0439226 0.999035 
vn 0 0.0594174 0.998233 
vn 0 0.0594174 0.998233 
vn 0 0.162123 0.986771 
vn 0 0.162123 0.986771 
vn 0 0.263097 0.964769 
vn 0 0.263097 0.964769 
vn 0 0.361261 0.932465 
vn 0 0.361261 0.932465 
vn 0 0.455567 0.890202 
vn 0 0.455567 0.890202 
vn 0 0.545008 0.838431 
vn 0 0.545008 0.838431 
vn 0 0.628628 0.777706 
vn 0 0.628628 0.777706 
vn 0 0.705534 0.708676 
vn 0 0.705534 0.708676 
vn 0 0.774906 0.632077 
vn 0 0.774906 0.632077 
vn 0 0.836001 0.548728 
vn 0 0.836001 0.548728 
vn 0 0.888168 0.459518 
vn 0 0.888168 0.459518 
vn 0 0.93085 0.365401 
vn 0 0.93085 0.365401 
vn 0 0.963591 0.267381 
vn 0 0.963591 0.267381 
vn 0 0.98604 0.166506 
vn 0 0.98604 0.166506 
vn 0 0.997959 0.0638523 
vn 0 0.997959 0.0638523 
f 518//518 519//519 520//520 
f 521//521 520//520 522//522 
f 523//523 522//522 524//524 
f 525//525 524//524 526//526 
f 527//527 526//526 528//528 
f 529//529 528//528 530//530 
f 531//531 530//530 532//532 
f 533//533 532//532 534//534 
f 535//535 534//534 536//536 
f 537//537 536//536 538//538 
f 539//539 538//538 540//540 
f 541//541 540//540 542//542 
f 543//543 542//542 544//544 
f 545//545 544//544 546//546 
f 547//547 546//546 548//548 
f 549//549 548//548 550//550 
f 550//550 551//551 549//549 
f 548//548 549//549 547//547 
f 546//546 547//547 545//545 
f 544//544 545//545 543//543 
f 542//542 543//543 541//541 
f 540//540 541//541 539//539 
f 538//538 539//539 537//537 
f 536//536 537//537 535//535 
f 534//534 535//535 533//533 
f 532//532 533//533 531//531 
f 530//530 531//531 529//529 
f 528//528 529//529 527//527 
f 526//526 527//527 525//525 
f 524//524 525//525 523//523 
f 522//522 523//523 521//521 
f 520//520 521//521 518//518 
v 0.0435847 0.00799632 -0.0164133 
v 0.0450847 0.00799632 -0.0164133 
v 0.0450847 0.0118287 -0.0158446 
v 0.0435847 0.0118287 -0.0158446 
vn 0 -0.146794 0.989167 
vn 0 -0.146794 0.989167 
vn 0 -0.146794 0.989167 
vn 0 -0.146794 0.989167 
f 552//552 553//553 554//554 
f 554//554 555//555 552//552 
v 0.0435847 0.00757155 -0.0169506 
v 0.0450847 0.00757155 -0.0169506 
v 0.0450847 0.00756984 -0.0168968 
v 0.0435847 0.00756984 -0.0168968 
v 0.0450847 0.00757394 -0.0168431 
v 0.0435847 0.00757394 -0.0168431 
v 0.0450847 0.00758379 -0.0167901 
v 0.0435847 0.00758379 -0.0167901 
v 0.0450847 0.00759928 -0.0167385 
v 0.0435847 0.00759928 -0.0167385 
v 0.0450847 0.00762023 -0.0166889 
v 0.0435847 0.00762023 -0.0166889 
v 0.0450847 0.0076464 -0.0166418 
v 0.0435847 0.0076464 -0.0166418 
v 0.0450847 0.00767749 -0.0165978 
v 0.0435847 0.00767749 -0.0165978 
v 0.0450847 0.00771312 -0.0165574 
v 0.0435847 0.00771312 -0.0165574 
v 0.0450847 0.00775289 -0.0165211 
v 0.0435847 0.00775289 -0.0165211 
v 0.0450847 0.00779635 -0.0164893 
v 0.0435847 0.00779635 -0.0164893 
v 0.0450847 0.00784297 -0.0164623 
v 0.0435847 0.00784297 -0.0164623 
v 0.0450847 0.00789223 -0.0164405 
v 0.0435847 0.00789223 -0.0164405 
v 0.0450847 0.00794354 -0.0164241 
v 0.0435847 0.00794354 -0.0164241 
v 0.0450847 0.00799632 -0.0164133 
v 0.0435847 0.00799632 -0.0164133 
vn 0 -0.996343 -0.0854489 
vn 0 -0.996343 -0.0854489 
vn 0 -0.999753 0.0222324 
vn 0 -0.999753 0.0222324 
vn 0 -0.991559 0.129656 
vn 0 -0.991559 0.129656 
vn 0 -0.971856 0.235574 
vn 0 -0.971856 0.235574 
vn 0 -0.940874 0.338758 
vn 0 -0.940874 0.338758 
vn 0 -0.89897 0.43801 
vn 0 -0.89897 0.43801 
vn 0 -0.846632 0.532178 
vn 0 -0.846632 0.532178 
vn 0 -0.784468 0.620169 
vn 0 -0.784468 0.620169 
vn 0 -0.713198 0.700962 
vn 0 -0.713198 0.700962 
vn 0 -0.633651 0.773619 
vn 0 -0.633651 0.773619 
vn 0 -0.546748 0.837297 
vn 0 -0.546748 0.837297 
vn 0 -0.4535 0.891256 
vn 0 -0.4535 0.891256 
vn 0 -0.354987 0.934871 
vn 0 -0.354987 0.934871 
vn 0 -0.252355 0.967635 
vn 0 -0.252355 0.967635 
vn 0 -0.146794 0.989167 
vn 0 -0.146794 0.989167 
f 556//556 557//557 558//558 
f 559//559 558//558 560//560 
f 561//561 560//560 562//562 
f 563//563 562//562 564//564 
f 565//565 564//564 566//566 
f 567//567 566//566 568//568 
f 569//569 568//568 570//570 
f 571//571 570//570 572//572 
f 573//573 572//572 574//574 
f 575//575 574//574 576//576 
f 577//577 576//576 578//578 
f 579//579 578//578 580//580 
f 581//581 580//580 582//582 
f 583//583 582//582 584//584 
f 584//584 585//585 583//583 
f 582//582 583//583 581//581 
f 580//580 581//581 579//579 
f 578//578 579//579 577//577 
f 576//576 577//577 575//575 
f 574//574 575//575 573//573 
f 572//572 573//573 571//571 
f 570//570 571//571 569//569 
f 568//568 569//569 567//567 
f 566//566 567//567 565//565 
f 564//564 565//565 563//563 
f 562//562 563//563 561//561 
f 560//560 561//561 559//559 
f 558//558 559//559 556//556 
v 0.0435847 0.00759934 -0.0176 
v 0.0435847 0.00757155 -0.0182494 
v 0.0450847 0.00757155 -0.0182494 
v 0.0435847 0.00757155 -0.0169506 
v 0.0450847 0.00759934 -0.0176 
v 0.0450847 0.00757155 -0.0169506 
vn 0 -1 -1.05532e-13 
vn 0 -0.996343 0.0854489 
vn 0 -0.996343 0.0854489 
vn 0 -0.996343 -0.0854489 
vn 0 -1 -1.05532e-13 
vn 0 -0.996343 -0.0854489 
f 586//586 587//587 588//588 
f 589//589 586//586 590//590 
f 590//590 591//591 589//589 
f 588//588 590//590 586//586 
v 0.0435847 0.00799632 -0.0187867 
v 0.0450847 0.00799632 -0.0187867 
v 0.0450847 0.00794354 -0.0187759 
v 0.0435847 0.00794354 -0.0187759 
v 0.0450847 0.00789223 -0.0187595 
v 0.0435847 0.00789223 -0.0187595 
v 0.0450847 0.00784297 -0.0187377 
v 0.0435847 0.00784297 -0.0187377 
v 0.0450847 0.00779635 -0.0187107 
v 0.0435847 0.00779635 -0.0187107 
v 0.0450847 0.00775289 -0.0186789 
v 0.0435847 0.00775289 -0.0186789 
v 0.0450847 0.00771312 -0.0186426 
v 0.0435847 0.00771312 -0.0186426 
v 0.0450847 0.00767749 -0.0186022 
v 0.0435847 0.00767749 -0.0186022 
v 0.0450847 0.0076464 -0.0185582 
v 0.0435847 0.0076464 -0.0185582 
v 0.0450847 0.00762023 -0.0185111 
v 0.0435847 0.00762023 -0.0185111 
v 0.0450847 0.00759928 -0.0184615 
v 0.0435847 0.00759928 -0.0184615 
v 0.0450847 0.00758379 -0.0184099 
v 0.0435847 0.00758379 -0.0184099 
v 0.0450847 0.00757394 -0.0183569 
v 0.0435847 0.00757394 -0.0183569 
v 0.0450847 0.00756984 -0.0183032 
v 0.0435847 0.00756984 -0.0183032 
v 0.0450847 0.00757155 -0.0182494 
v 0.0435847 0.00757155 -0.0182494 
vn 0 -0.146794 -0.989167 
vn 0 -0.146794 -0.989167 
vn 0 -0.252355 -0.967635 
vn 0 -0.252355 -0.967635 
vn 0 -0.354987 -0.934871 
vn 0 -0.354987 -0.934871 
vn 0 -0.4535 -0.891256 
vn 0 -0.4535 -0.891256 
vn 0 -0.546748 -0.837297 
vn 0 -0.546748 -0.837297 
vn 0 -0.633651 -0.773619 
vn 0 -0.633651 -0.773619 
vn 0 -0.713198 -0.700962 
vn 0 -0.713198 -0.700962 
vn 0 -0.784468 -0.620169 
vn 0 -0.784468 -0.620169 
vn 0 -0.846632 -0.532178 
vn 0 -0.846632 -0.532178 
vn 0 -0.89897 -0.43801 
vn 0 -0.89897 -0.43801 
vn 0 -0.940874 -0.338758 
vn 0 -0.940874 -0.338758 
vn 0 -0.971856 -0.235574 
vn 0 -0.971856 -0.235574 
vn 0 -0.991559 -0.129656 
vn 0 -0.991559 -0.129656 
vn 0 -0.999753 -0.0222324 
vn 0 -0.999753 -0.0222324 
vn 0 -0.996343 0.0854489 
vn 0 -0.996343 0.0854489 
f 592//592 593//593 594//594 
f 595//595 594//594 596//596 
f 597//597 596//596 598//598 
f 599//599 598//598 600//600 
f 601//601 600//600 602//602 
f 603//603 602//602 604//604 
f 605//605 604//604 606//606 
f 607//607 606//606 608//608 
f 609//609 608//608 610//610 
f 611//611 610//610 612//612 
f 613//613 612//612 614//614 
f 615//615 614//614 616//616 
f 617//617 616//616 618//618 
f 619//619 618//618 620//620 
f 620//620 621//621 619//619 
f 618//618 619//619 617//617 
f 616//616 617//617 615//615 
f 614//614 615//615 613//613 
f 612//612 613//613 611//611 
f 610//610 611//611 609//609 
f 608//608 609//609 607//607 
f 606//606 607//607 605//605 
f 604//604 605//605 603//603 
f 602//602 603//603 601//601 
f 600//600 601//601 599//599 
f 598//598 599//599 597//597 
f 596//596 597//597 595//595 
f 594//594 595//595 592//592 
v 0.0435847 0.0127001 -0.0203763 
v 0.0236497 0.0127001 -0.0203763 
v 0.0236497 0.0129179 -0.0190584 
v 0.0435847 0.0123482 -0.0216648 
v 0.0236497 0.0123482 -0.0216648 
v 0.0435847 0.0118659 -0.0229104 
v 0.0236497 0.0118659 -0.0229104 
v 0.0435847 0.0112583 -0.0241 
v 0.0236497 0.0112583 -0.0241 
v 0.0271497 0.00893774 -0.00815983 
v 0.0236497 0.00893774 -0.00815983 
v 0.0236497 0.00792187 -0.00729253 
v 0.0271497 0.00985925 -0.0091268 
v 0.0236497 0.00985925 -0.0091268 
v 0.0271497 0.0106767 -0.0101832 
v 0.0236497 0.0106767 -0.0101832 
v 0.0435847 0.0113814 -0.0113179 
v 0.0236497 0.0113814 -0.0113179 
v 0.0271497 0.0112583 -0.0111 
v 0.0435847 0.0119659 -0.012519 
v 0.0236497 0.0119659 -0.012519 
v 0.0435847 0.0124241 -0.0137737 
v 0.0236497 0.0124241 -0.0137737 
v 0.0435847 0.0127512 -0.0150688 
v 0.0236497 0.0127512 -0.0150688 
v 0.0435847 0.0129436 -0.0163906 
v 0.0236497 0.0129436 -0.0163906 
v 0.0450847 0.0129994 -0.0177251 
v 0.0236497 0.0129994 -0.0177251 
v 0.0435847 0.0129735 -0.0167699 
v 0.0435847 0.0129735 -0.0184301 
v 0.0450847 0.0129735 -0.0184301 
v 0.0435847 0.0129179 -0.0190584 
v 0.0450847 0.0129735 -0.0167699 
v 0.0435847 0.0112583 -0.0111 
v 0.0271497 0.00792187 -0.00729253 
vn 0 0.97693 -0.213558 
vn 0 0.97693 -0.213558 
vn 0 0.993687 -0.112184 
vn 0 0.94986 -0.312677 
vn 0 0.94986 -0.312677 
vn 0 0.912761 -0.408495 
vn 0 0.912761 -0.408495 
vn 0 0.866025 -0.5 
vn 0 0.866025 -0.5 
vn 0 0.687519 0.726167 
vn 0 0.687519 0.726167 
vn 0 0.609375 0.792882 
vn 0 0.758404 0.651785 
vn 0 0.758404 0.651785 
vn 0 0.821283 0.570522 
vn 0 0.821283 0.570522 
vn 0 0.875491 0.483235 
vn 0 0.875491 0.483235 
vn 0 0.866025 0.5 
vn 0 0.920456 0.390847 
vn 0 0.920456 0.390847 
vn 0 0.955703 0.294333 
vn 0 0.955703 0.294333 
vn 0 0.980861 0.194711 
vn 0 0.980861 0.194711 
vn 0 0.995663 0.0930335 
vn 0 0.995663 0.0930335 
vn 0 0.999954 -0.00962612 
vn 0 0.999954 -0.00962612 
vn 0 0.997959 0.0638523 
vn 0 0.997959 -0.0638523 
vn 0 0.997959 -0.0638523 
vn 0 0.993687 -0.112184 
vn 0 0.997959 0.0638523 
vn 0 0.866025 0.5 
vn 0 0.609375 0.792882 
f 622//622 623//623 624//624 
f 625//625 626//626 623//623 
f 627//627 628//628 626//626 
f 629//629 630//630 628//628 
f 631//631 632//632 633//633 
f 634//634 635//635 632//632 
f 636//636 637//637 635//635 
f 638//638 639//639 640//640 
f 637//637 636//636 640//640 
f 640//640 639//639 637//637 
f 641//641 642//642 639//639 
f 643//643 644//644 642//642 
f 645//645 646//646 644//644 
f 647//647 648//648 646//646 
f 649//649 650//650 651//651 
f 648//648 647//647 651//651 
f 651//651 650//650 648//648 
f 624//624 650//650 652//652 
f 649//649 653//653 652//652 
f 652//652 650//650 649//649 
f 652//652 654//654 624//624 
f 651//651 655//655 649//649 
f 646//646 645//645 647//647 
f 644//644 643//643 645//645 
f 642//642 641//641 643//643 
f 639//639 638//638 641//641 
f 640//640 656//656 638//638 
f 635//635 634//634 636//636 
f 632//632 631//631 634//634 
f 633//633 657//657 631//631 
f 628//628 627//627 629//629 
f 626//626 625//625 627//627 
f 623//623 622//622 625//625 
f 624//624 654//654 622//622 
v 0.0435847 0.0112583 -0.0111 
v 0.0271497 0.0112583 -0.0111 
v 0.0271497 0.0109163 -0.0105733 
v 0.0435847 0.0109163 -0.0105733 
v 0.0271497 0.010521 -0.0100852 
v 0.0435847 0.010521 -0.0100852 
v 0.0271497 0.010077 -0.00964113 
v 0.0435847 0.010077 -0.00964113 
v 0.0271497 0.00958889 -0.0092459 
v 0.0435847 0.00958889 -0.0092459 
v 0.0271497 0.00906218 -0.00890385 
v 0.0435847 0.00906218 -0.00890385 
v 0.0271497 0.0085026 -0.00861873 
v 0.0435847 0.0085026 -0.00861873 
v 0.0271497 0.00791628 -0.00839366 
v 0.0435847 0.00791628 -0.00839366 
v 0.0271497 0.00730965 -0.00823111 
v 0.0435847 0.00730965 -0.00823111 
v 0.0271497 0.00668935 -0.00813287 
v 0.0271497 0.00606218 -0.0081 
v 0.0431748 0.00606218 -0.0081 
v 0.0435847 0.00668935 -0.00813287 
v 0.0435847 0.00606218 -0.0081 
vn 0 0.866025 0.5 
vn 0 0.866025 0.5 
vn 0 0.809017 0.587785 
vn 0 0.809017 0.587785 
vn 0 0.743145 0.669131 
vn 0 0.743145 0.669131 
vn 0 0.669131 0.743145 
vn 0 0.669131 0.743145 
vn 0 0.587785 0.809017 
vn 0 0.587785 0.809017 
vn 0 0.5 0.866025 
vn 0 0.5 0.866025 
vn 0 0.406737 0.913545 
vn 0 0.406737 0.913545 
vn 0 0.309017 0.951057 
vn 0 0.309017 0.951057 
vn 0 0.207912 0.978148 
vn 0 0.207912 0.978148 
vn 0 0.104528 0.994522 
vn 0 1.4456e-16 1 
vn 0 1.4456e-16 1 
vn 0 0.104528 0.994522 
vn 0 1.4456e-16 1 
f 658//658 659//659 660//660 
f 661//661 660//660 662//662 
f 663//663 662//662 664//664 
f 665//665 664//664 666//666 
f 667//667 666//666 668//668 
f 669//669 668//668 670//670 
f 671//671 670//670 672//672 
f 673//673 672//672 674//674 
f 675//675 674//674 676//676 
f 676//676 677//677 678//678 
f 678//678 679//679 676//676 
f 678//678 680//680 679//679 
f 676//676 679//679 675//675 
f 674//674 675//675 673//673 
f 672//672 673//673 671//671 
f 670//670 671//671 669//669 
f 668//668 669//669 667//667 
f 666//666 667//667 665//665 
f 664//664 665//665 663//663 
f 662//662 663//663 661//661 
f 660//660 661//661 658//658 
v 0.0271497 0.00730965 -0.00823111 
v 0.0271497 0.00791628 -0.00839366 
v 0.0271497 0.00792187 -0.00729253 
v 0.0271497 0.00675 -0.0081 
v 0.0271497 0.00681187 -0.00552003 
v 0.0271497 0.00676551 -0.00521853 
v 0.0271497 0.00768978 -0.00709459 
v 0.0271497 0.00688862 -0.00581527 
v 0.0271497 0.00712975 -0.00637481 
v 0.0271497 0.00699494 -0.00610118 
v 0.0271497 0.00747898 -0.0068741 
v 0.0271497 0.00729166 -0.00663335 
v 0.0271497 0.0106767 -0.0101832 
v 0.0271497 0.010521 -0.0100852 
v 0.0271497 0.0109163 -0.0105733 
v 0.0271497 0.00985925 -0.0091268 
v 0.0271497 0.010077 -0.00964113 
v 0.0271497 0.00893774 -0.00815983 
v 0.0271497 0.00906218 -0.00890385 
v 0.0271497 0.0085026 -0.00861873 
v 0.0271497 0.00675 -0.00491389 
v 0.0271497 0.00958889 -0.0092459 
v 0.0271497 0.00606218 -0.0081 
v 0.0271497 0.00668935 -0.00813287 
v 0.0271497 0.0112583 -0.0111 
vn 1 0 0 
vn 1 0 0 
vn 1 0 0 
vn 1 0 0 
vn 1 0 0 
vn 1 0 0 
vn 1 0 0 
vn 1 0 0 
vn 1 0 0 
vn 1 0 0 
vn 1 0 0 
vn 1 0 0 
vn 1 0 0 
vn 1 0 0 
vn 1 0 0 
vn 1 0 0 
vn 1 0 0 
vn 1 0 0 
vn 1 0 0 
vn 1 0 0 
vn 1 0 0 
vn 1 0 0 
vn 1 0 0 
vn 1 0 0 
vn 1 0 0 
f 681//681 682//682 683//683 
f 684//684 685//685 686//686 
f 687//687 684//684 681//681 
f 684//684 688//688 685//685 
f 684//684 689//689 690//690 
f 684//684 691//691 692//692 
f 683//683 687//687 681//681 
f 690//690 688//688 684//684 
f 687//687 691//691 684//684 
f 693//693 694//694 695//695 
f 696//696 697//697 694//694 
f 696//696 698//698 699//699 
f 683//683 682//682 700//700 
f 692//692 689//689 684//684 
f 694//694 693//693 696//696 
f 698//698 700//700 699//699 
f 686//686 701//701 684//684 
f 696//696 702//702 697//697 
f 700//700 698//698 683//683 
f 684//684 703//703 704//704 
f 699//699 702//702 696//696 
f 695//695 705//705 693//693 
f 704//704 681//681 684//684 
v 0.0236497 0.00676551 -0.00521853 
v 0.0236497 0.00675 -0.00491389 
v 0.0271497 0.00675 -0.00491389 
v 0.0236497 0.00681187 -0.00552003 
v 0.0271497 0.00676551 -0.00521853 
v 0.0236497 0.00688862 -0.00581527 
v 0.0271497 0.00681187 -0.00552003 
v 0.0236497 0.00699494 -0.00610118 
v 0.0271497 0.00688862 -0.00581527 
v 0.0236497 0.00712975 -0.00637481 
v 0.0271497 0.00699494 -0.00610118 
v 0.0236497 0.00729166 -0.00663335 
v 0.0271497 0.00712975 -0.00637481 
v 0.0236497 0.00747898 -0.0068741 
v 0.0271497 0.00729166 -0.00663335 
v 0.0236497 0.00768978 -0.00709459 
v 0.0271497 0.00747898 -0.0068741 
v 0.0236497 0.00792187 -0.00729253 
v 0.0271497 0.00768978 -0.00709459 
v 0.0271497 0.00792187 -0.00729253 
vn 0 0.99483 0.10155 
vn 0 1 2.89121e-16 
vn 0 1 2.89121e-16 
vn 0 0.979375 0.202049 
vn 0 0.99483 0.10155 
vn 0 0.953794 0.30046 
vn 0 0.979375 0.202049 
vn 0 0.918352 0.395764 
vn 0 0.953794 0.30046 
vn 0 0.873415 0.486976 
vn 0 0.918352 0.395764 
vn 0 0.819448 0.573154 
vn 0 0.873415 0.486976 
vn 0 0.757008 0.653406 
vn 0 0.819448 0.573154 
vn 0 0.686742 0.726902 
vn 0 0.757008 0.653406 
vn 0 0.609375 0.792882 
vn 0 0.686742 0.726902 
vn 0 0.609375 0.792882 
f 706//706 707//707 708//708 
f 709//709 706//706 710//710 
f 711//711 709//709 712//712 
f 713//713 711//711 714//714 
f 715//715 713//713 716//716 
f 717//717 715//715 718//718 
f 719//719 717//717 720//720 
f 721//721 719//719 722//722 
f 723//723 721//721 724//724 
f 724//724 725//725 723//723 
f 722//722 724//724 721//721 
f 720//720 722//722 719//719 
f 718//718 720//720 717//717 
f 716//716 718//718 715//715 
f 714//714 716//716 713//713 
f 712//712 714//714 711//711 
f 710//710 712//712 709//709 
f 708//708 710//710 706//706 
v 0.0271497 0.00606218 -0.0081 
v 0.0271497 0.00675 -0.0081 
v 0.0425956 0.00675 -0.0081 
v 0.0431748 0.00606218 -0.0081 
v 0.0431748 0.00617156 -0.0081 
vn 0 -1.39983e-15 -1 
vn 0 -1.39983e-15 -1 
vn 0 -1.39983e-15 -1 
vn 0 -1.39983e-15 -1 
vn 0 -1.39983e-15 -1 
f 726//726 727//727 728//728 
f 728//728 729//729 726//726 
f 728//728 730//730 729//729 
v 0.0435847 -0.0113814 -0.0113179 
v 0.0236497 -0.0113814 -0.0113179 
v 0.0236497 -0.0119659 -0.012519 
v 0.0435847 -0.0119659 -0.012519 
v 0.0236497 -0.0124241 -0.0137737 
v 0.0435847 -0.0124241 -0.0137737 
v 0.0236497 -0.0127512 -0.0150688 
v 0.0435847 -0.0127512 -0.0150688 
v 0.0236497 -0.0129436 -0.0163906 
v 0.0435847 -0.0129436 -0.0163906 
v 0.0236497 -0.0129994 -0.0177251 
v 0.0435847 -0.0129994 -0.0177251 
v 0.0236497 -0.0129179 -0.0190584 
v 0.0435847 -0.0129179 -0.0190584 
v 0.0236497 -0.0127001 -0.0203763 
v 0.0435847 -0.0127001 -0.0203763 
v 0.0236497 -0.0123482 -0.0216648 
v 0.0435847 -0.0123482 -0.0216648 
v 0.0236497 -0.0118659 -0.0229104 
v 0.0435847 -0.0118659 -0.0229104 
v 0.0236497 -0.0112583 -0.0241 
v 0.0236497 -0.0106767 -0.0101832 
v 0.0271497 -0.0112583 -0.0111 
v 0.0435847 -0.0112583 -0.0111 
v 0.0271497 -0.00985925 -0.0091268 
v 0.0236497 -0.00985925 -0.0091268 
v 0.0271497 -0.00893774 -0.00815983 
v 0.0236497 -0.00893774 -0.00815983 
v 0.0271497 -0.00792188 -0.00729253 
v 0.0236497 -0.00792188 -0.00729253 
v 0.0271497 -0.0106767 -0.0101832 
v 0.0435847 -0.0112583 -0.0241 
vn 0 -0.875491 0.483235 
vn 0 -0.875491 0.483235 
vn 0 -0.920456 0.390847 
vn 0 -0.920456 0.390847 
vn 0 -0.955703 0.294333 
vn 0 -0.955703 0.294333 
vn 0 -0.980861 0.194711 
vn 0 -0.980861 0.194711 
vn 0 -0.995663 0.0930335 
vn 0 -0.995663 0.0930335 
vn 0 -0.999954 -0.00962612 
vn 0 -0.999954 -0.00962612 
vn 0 -0.993687 -0.112184 
vn 0 -0.993687 -0.112184 
vn 0 -0.97693 -0.213558 
vn 0 -0.97693 -0.213558 
vn 0 -0.94986 -0.312677 
vn 0 -0.94986 -0.312677 
vn 0 -0.912761 -0.408495 
vn 0 -0.912761 -0.408495 
vn 0 -0.866025 -0.5 
vn 0 -0.821283 0.570522 
vn 0 -0.866025 0.5 
vn 0 -0.866025 0.5 
vn 0 -0.758404 0.651785 
vn 0 -0.758404 0.651785 
vn 0 -0.687519 0.726167 
vn 0 -0.687519 0.726167 
vn 0 -0.609375 0.792882 
vn 0 -0.609375 0.792882 
vn 0 -0.821283 0.570522 
vn 0 -0.866025 -0.5 
f 731//731 732//732 733//733 
f 734//734 733//733 735//735 
f 736//736 735//735 737//737 
f 738//738 737//737 739//739 
f 740//740 739//739 741//741 
f 742//742 741//741 743//743 
f 744//744 743//743 745//745 
f 746//746 745//745 747//747 
f 748//748 747//747 749//749 
f 750//750 749//749 751//751 
f 752//752 732//732 753//753 
f 731//731 754//754 753//753 
f 753//753 732//732 731//731 
f 755//755 756//756 752//752 
f 757//757 758//758 756//756 
f 759//759 760//760 758//758 
f 758//758 757//757 759//759 
f 756//756 755//755 757//757 
f 752//752 761//761 755//755 
f 753//753 761//761 752//752 
f 751//751 762//762 750//750 
f 749//749 750//750 748//748 
f 747//747 748//748 746//746 
f 745//745 746//746 744//744 
f 743//743 744//744 742//742 
f 741//741 742//742 740//740 
f 739//739 740//740 738//738 
f 737//737 738//738 736//736 
f 735//735 736//736 734//734 
f 733//733 734//734 731//731 
v 0.0271497 -0.00668935 -0.00813287 
v 0.0435847 -0.00668935 -0.00813287 
v 0.0431748 -0.00606218 -0.0081 
v 0.0435847 -0.00606218 -0.0081 
v 0.0271497 -0.00730965 -0.00823111 
v 0.0435847 -0.00730965 -0.00823111 
v 0.0271497 -0.00791628 -0.00839366 
v 0.0435847 -0.00791628 -0.00839366 
v 0.0271497 -0.0085026 -0.00861873 
v 0.0435847 -0.0085026 -0.00861873 
v 0.0271497 -0.00906218 -0.00890385 
v 0.0435847 -0.00906218 -0.00890385 
v 0.0271497 -0.00958889 -0.0092459 
v 0.0435847 -0.00958889 -0.0092459 
v 0.0271497 -0.010077 -0.00964113 
v 0.0435847 -0.010077 -0.00964113 
v 0.0271497 -0.010521 -0.0100852 
v 0.0435847 -0.010521 -0.0100852 
v 0.0271497 -0.0109163 -0.0105733 
v 0.0435847 -0.0109163 -0.0105733 
v 0.0271497 -0.0112583 -0.0111 
v 0.0435847 -0.0112583 -0.0111 
v 0.0271497 -0.00606218 -0.0081 
vn 0 -0.104528 0.994522 
vn 0 -0.104528 0.994522 
vn 0 -1.59016e-15 1 
vn 0 -1.59016e-15 1 
vn 0 -0.207912 0.978148 
vn 0 -0.207912 0.978148 
vn 0 -0.309017 0.951057 
vn 0 -0.309017 0.951057 
vn 0 -0.406737 0.913545 
vn 0 -0.406737 0.913545 
vn 0 -0.5 0.866025 
vn 0 -0.5 0.866025 
vn 0 -0.587785 0.809017 
vn 0 -0.587785 0.809017 
vn 0 -0.669131 0.743145 
vn 0 -0.669131 0.743145 
vn 0 -0.743145 0.669131 
vn 0 -0.743145 0.669131 
vn 0 -0.809017 0.587785 
vn 0 -0.809017 0.587785 
vn 0 -0.866025 0.5 
vn 0 -0.866025 0.5 
vn 0 -1.59016e-15 1 
f 763//763 764//764 765//765 
f 764//764 766//766 765//765 
f 764//764 763//763 767//767 
f 768//768 767//767 769//769 
f 770//770 769//769 771//771 
f 772//772 771//771 773//773 
f 774//774 773//773 775//775 
f 776//776 775//775 777//777 
f 778//778 777//777 779//779 
f 780//780 779//779 781//781 
f 782//782 781//781 783//783 
f 783//783 784//784 782//782 
f 781//781 782//782 780//780 
f 779//779 780//780 778//778 
f 777//777 778//778 776//776 
f 775//775 776//776 774//774 
f 773//773 774//774 772//772 
f 771//771 772//772 770//770 
f 769//769 770//770 768//768 
f 767//767 768//768 764//764 
f 765//765 785//785 763//763 
v 0.0271497 -0.00675 -0.0081 
v 0.0271497 -0.00699494 -0.00610118 
v 0.0271497 -0.00712975 -0.00637481 
v 0.0271497 -0.00729166 -0.00663335 
v 0.0271497 -0.00730965 -0.00823111 
v 0.0271497 -0.00768978 -0.00709459 
v 0.0271497 -0.00792188 -0.00729253 
v 0.0271497 -0.00688862 -0.00581527 
v 0.0271497 -0.00676551 -0.00521853 
v 0.0271497 -0.00681187 -0.00552003 
v 0.0271497 -0.00791628 -0.00839366 
v 0.0271497 -0.00747898 -0.0068741 
v 0.0271497 -0.00675 -0.00491389 
v 0.0271497 -0.00985925 -0.0091268 
v 0.0271497 -0.0106767 -0.0101832 
v 0.0271497 -0.010521 -0.0100852 
v 0.0271497 -0.00893774 -0.00815983 
v 0.0271497 -0.0085026 -0.00861873 
v 0.0271497 -0.00958889 -0.0092459 
v 0.0271497 -0.00906218 -0.00890385 
v 0.0271497 -0.010077 -0.00964113 
v 0.0271497 -0.0112583 -0.0111 
v 0.0271497 -0.0109163 -0.0105733 
v 0.0271497 -0.00668935 -0.00813287 
v 0.0271497 -0.00606218 -0.0081 
vn 1 0 0 
vn 1 0 0 
vn 1 0 0 
vn 1 0 0 
vn 1 0 0 
vn 1 0 0 
vn 1 0 0 
vn 1 0 0 
vn 1 0 0 
vn 1 0 0 
vn 1 0 0 
vn 1 0 0 
vn 1 0 0 
vn 1 0 0 
vn 1 0 0 
vn 1 0 0 
vn 1 0 0 
vn 1 0 0 
vn 1 0 0 
vn 1 0 0 
vn 1 0 0 
vn 1 0 0 
vn 1 0 0 
vn 1 0 0 
vn 1 0 0 
f 786//786 787//787 788//788 
f 788//788 789//789 786//786 
f 790//790 791//791 792//792 
f 786//786 793//793 787//787 
f 786//786 794//794 795//795 
f 792//792 796//796 790//790 
f 795//795 793//793 786//786 
f 786//786 797//797 791//791 
f 786//786 798//798 794//794 
f 799//799 800//800 801//801 
f 789//789 797//797 786//786 
f 792//792 802//802 803//803 
f 799//799 804//804 805//805 
f 801//801 806//806 799//799 
f 803//803 796//796 792//792 
f 806//806 804//804 799//799 
f 800//800 807//807 808//808 
f 802//802 805//805 803//803 
f 808//808 801//801 800//800 
f 805//805 802//802 799//799 
f 786//786 790//790 809//809 
f 809//809 810//810 786//786 
f 790//790 786//786 791//791 
v 0.0236497 -0.00768978 -0.00709459 
v 0.0236497 -0.00792188 -0.00729253 
v 0.0271497 -0.00792188 -0.00729253 
v 0.0236497 -0.00747898 -0.0068741 
v 0.0271497 -0.00768978 -0.00709459 
v 0.0236497 -0.00729166 -0.00663335 
v 0.0271497 -0.00747898 -0.0068741 
v 0.0236497 -0.00712975 -0.00637481 
v 0.0271497 -0.00729166 -0.00663335 
v 0.0236497 -0.00699494 -0.00610118 
v 0.0271497 -0.00712975 -0.00637481 
v 0.0236497 -0.00688862 -0.00581527 
v 0.0271497 -0.00699494 -0.00610118 
v 0.0236497 -0.00681187 -0.00552003 
v 0.0271497 -0.00688862 -0.00581527 
v 0.0236497 -0.00676551 -0.00521853 
v 0.0271497 -0.00681187 -0.00552003 
v 0.0236497 -0.00675 -0.00491389 
v 0.0271497 -0.00676551 -0.00521853 
v 0.0271497 -0.00675 -0.00491389 
vn 0 -0.686742 0.726902 
vn 0 -0.609375 0.792882 
vn 0 -0.609375 0.792882 
vn 0 -0.757008 0.653406 
vn 0 -0.686742 0.726902 
vn 0 -0.819448 0.573154 
vn 0 -0.757008 0.653406 
vn 0 -0.873415 0.486976 
vn 0 -0.819448 0.573154 
vn 0 -0.918352 0.395764 
vn 0 -0.873415 0.486976 
vn 0 -0.953794 0.30046 
vn 0 -0.918352 0.395764 
vn 0 -0.979375 0.202049 
vn 0 -0.953794 0.30046 
vn 0 -0.99483 0.10155 
vn 0 -0.979375 0.202049 
vn 0 -1 3.46945e-15 
vn 0 -0.99483 0.10155 
vn 0 -1 3.46945e-15 
f 811//811 812//812 813//813 
f 814//814 811//811 815//815 
f 816//816 814//814 817//817 
f 818//818 816//816 819//819 
f 820//820 818//818 821//821 
f 822//822 820//820 823//823 
f 824//824 822//822 825//825 
f 826//826 824//824 827//827 
f 828//828 826//826 829//829 
f 829//829 830//830 828//828 
f 827//827 829//829 826//826 
f 825//825 827//827 824//824 
f 823//823 825//825 822//822 
f 821//821 823//823 820//820 
f 819//819 821//821 818//818 
f 817//817 819//819 816//816 
f 815//815 817//817 814//814 
f 813//813 815//815 811//811 
v 0.0236497 -0.00792188 -0.00729253 
v 0.0236497 -0.010521 -0.0251148 
v 0.0236497 -0.0109163 -0.0246267 
v 0.0236497 -0.00730965 -0.0269689 
v 0.0236497 -0.00791628 -0.0268063 
v 0.0236497 -0.00606218 -0.0271 
v 0.0236497 -0.00668935 -0.0270671 
v 0.0236497 -0.010077 -0.0255589 
v 0.0236497 -0.00906218 -0.0262962 
v 0.0236497 -0.00958889 -0.0259541 
v 0.0236497 -0.0127001 -0.0203763 
v 0.0236497 -0.0113814 -0.0113179 
v 0.0236497 -0.0106767 -0.0101832 
v 0.0236497 -0.0085026 -0.0265813 
v 0.0236497 -0.00688862 -0.00581527 
v 0.0236497 0.00792187 -0.00729253 
v 0.0236497 0.00893774 -0.00815983 
v 0.0236497 -0.0119659 -0.012519 
v 0.0236497 -0.0124241 -0.0137737 
v 0.0236497 -0.0129994 -0.0177251 
v 0.0236497 -0.0129436 -0.0163906 
v 0.0236497 -0.0129179 -0.0190584 
v 0.0236497 0.00675 -0.00491389 
v 0.0236497 -0.00675 -0.00491389 
v 0.0236497 -0.00675 -0.002 
v 0.0236497 0.00985925 -0.0091268 
v 0.0236497 -0.00712975 -0.00637481 
v 0.0236497 -0.00699494 -0.00610118 
v 0.0236497 0.0127512 -0.0150688 
v 0.0236497 -0.00729166 -0.00663335 
v 0.0236497 0.0129994 -0.0177251 
v 0.0236497 -0.0112583 -0.0241 
v 0.0236497 -0.00676551 -0.00521853 
v 0.0236497 0.0106767 -0.0101832 
v 0.0236497 0.0113814 -0.0113179 
v 0.0236497 0.0129436 -0.0163906 
v 0.0236497 0.0129179 -0.0190584 
v 0.0236497 -0.00747898 -0.0068741 
v 0.0236497 0.0127001 -0.0203763 
v 0.0236497 -0.00985925 -0.0091268 
v 0.0236497 -0.00893774 -0.00815983 
v 0.0236497 -0.0127512 -0.0150688 
v 0.0236497 -0.0118659 -0.0229104 
v 0.0236497 0.00730965 -0.0269689 
v 0.0236497 0.00668935 -0.0270671 
v 0.0236497 0.0085026 -0.0265813 
v 0.0236497 0.00791628 -0.0268063 
v 0.0236497 0.00675 -0.002 
v 0.0236497 0.00768978 -0.00709459 
v 0.0236497 -0.00681187 -0.00552003 
v 0.0236497 0.00729166 -0.00663335 
v 0.0236497 0.0119659 -0.012519 
v 0.0236497 0.0123482 -0.0216648 
v 0.0236497 -0.0123482 -0.0216648 
v 0.0236497 0.00688862 -0.00581527 
v 0.0236497 0.00699494 -0.00610118 
v 0.0236497 0.00676551 -0.00521853 
v 0.0236497 0.00747898 -0.0068741 
v 0.0236497 0.0124241 -0.0137737 
v 0.0236497 0.0118659 -0.0229104 
v 0.0236497 -0.00768978 -0.00709459 
v 0.0236497 0.0109163 -0.0246267 
v 0.0236497 0.010521 -0.0251148 
v 0.0236497 0.00906218 -0.0262962 
v 0.0236497 0.010077 -0.0255589 
v 0.0236497 0.00958889 -0.0259541 
v 0.0236497 0.00606218 -0.0271 
v 0.0236497 0.00712975 -0.00637481 
v 0.0236497 0.00681187 -0.00552003 
v 0.0236497 0.0112583 -0.0241 
vn -1 0 0 
vn -1 0 0 
vn -1 0 0 
vn -1 0 0 
vn -1 0 0 
vn -1 0 0 
vn -1 0 0 
vn -1 0 0 
vn -1 0 0 
vn -1 0 0 
vn -1 0 0 
vn -1 0 0 
vn -1 0 0 
vn -1 0 0 
vn -1 0 0 
vn -1 0 0 
vn -1 0 0 
vn -1 0 0 
vn -1 0 0 
vn -1 0 0 
vn -1 0 0 
vn -1 0 0 
vn -1 0 0 
vn -1 0 0 
vn -1 0 0 
vn -1 0 0 
vn -1 0 0 
vn -1 0 0 
vn -1 0 0 
vn -1 0 0 
vn -1 0 0 
vn -1 0 0 
vn -1 0 0 
vn -1 0 0 
vn -1 0 0 
vn -1 0 0 
vn -1 0 0 
vn -1 0 0 
vn -1 0 0 
vn -1 0 0 
vn -1 0 0 
vn -1 0 0 
vn -1 0 0 
vn -1 0 0 
vn -1 0 0 
vn -1 0 0 
vn -1 0 0 
vn -1 0 0 
vn -1 0 0 
vn -1 0 0 
vn -1 0 0 
vn -1 0 0 
vn -1 0 0 
vn -1 0 0 
vn -1 0 0 
vn -1 0 0 
vn -1 0 0 
vn -1 0 0 
vn -1 0 0 
vn -1 0 0 
vn -1 0 0 
vn -1 0 0 
vn -1 0 0 
vn -1 0 0 
vn -1 0 0 
vn -1 0 0 
vn -1 0 0 
vn -1 0 0 
vn -1 0 0 
vn -1 0 0 
f 831//831 832//832 833//833 
f 831//831 834//834 835//835 
f 831//831 836//836 837//837 
f 831//831 838//838 832//832 
f 831//831 839//839 840//840 
f 837//837 834//834 831//831 
f 841//841 842//842 843//843 
f 840//840 838//838 831//831 
f 835//835 844//844 831//831 
f 845//845 846//846 847//847 
f 841//841 848//848 842//842 
f 849//849 850//850 851//851 
f 849//849 841//841 852//852 
f 844//844 839//839 831//831 
f 853//853 854//854 855//855 
f 847//847 856//856 845//845 
f 857//857 858//858 859//859 
f 860//860 857//857 861//861 
f 841//841 849//849 848//848 
f 852//852 850//850 849//849 
f 833//833 862//862 831//831 
f 853//853 863//863 854//854 
f 856//856 864//864 845//845 
f 858//858 845//845 865//865 
f 859//859 866//866 857//857 
f 861//861 867//867 860//860 
f 868//868 860//860 869//869 
f 841//841 870//870 871//871 
f 851//851 872//872 849//849 
f 862//862 873//873 831//831 
f 831//831 874//874 875//875 
f 831//831 876//876 877//877 
f 855//855 878//878 853//853 
f 845//845 879//879 846//846 
f 880//880 863//863 881//881 
f 865//865 882//882 858//858 
f 867//867 869//869 860//860 
f 869//869 883//883 868//868 
f 843//843 870//870 841//841 
f 873//873 884//884 831//831 
f 877//877 874//874 831//831 
f 863//863 885//885 886//886 
f 853//853 887//887 863//863 
f 845//845 888//888 879//879 
f 888//888 845//845 880//880 
f 882//882 889//889 858//858 
f 883//883 890//890 868//868 
f 891//891 892//892 893//893 
f 891//891 894//894 876//876 
f 891//891 895//895 896//896 
f 884//884 841//841 831//831 
f 875//875 897//897 831//831 
f 886//886 898//898 863//863 
f 887//887 899//899 863//863 
f 881//881 888//888 880//880 
f 866//866 861//861 857//857 
f 891//891 900//900 892//892 
f 891//891 868//868 890//890 
f 896//896 894//894 891//891 
f 897//897 836//836 831//831 
f 899//899 885//885 863//863 
f 889//889 859//859 858//858 
f 890//890 900//900 891//891 
f 871//871 831//831 841//841 
f 864//864 865//865 845//845 
f 876//876 831//831 891//891 
f 893//893 895//895 891//891 
f 898//898 881//881 863//863 
v 0.0271497 -0.00606218 -0.0081 
v 0.0431748 -0.00606218 -0.0081 
v 0.0425956 -0.00675 -0.0081 
v 0.0431748 -0.00617156 -0.0081 
v 0.0271497 -0.00675 -0.0081 
vn 0 -1.39983e-15 -1 
vn 0 -1.39983e-15 -1 
vn 0 -1.39983e-15 -1 
vn 0 -1.39983e-15 -1 
vn 0 -1.39983e-15 -1 
f 901//901 902//902 903//903 
f 902//902 904//904 903//903 
f 903//903 905//905 901//901 
v 0.0431748 -0.00606218 -0.0081 
v 0.0431748 0.00606218 -0.0081 
v 0.0432861 0.00605346 -0.00796245 
v 0.0432861 -0.00605346 -0.00796245 
v 0.0431748 -0.00617156 -0.0081 
v 0.0431748 0.00617156 -0.0081 
vn 0.777262 -8.80743e-16 -0.629177 
vn 0.777262 -8.80743e-16 -0.629177 
vn 0.777262 -8.80743e-16 -0.629177 
vn 0.777262 -8.80743e-16 -0.629177 
vn 0.777262 -8.80743e-16 -0.629177 
vn 0.777262 -8.80743e-16 -0.629177 
f 906//906 907//907 908//908 
f 909//909 910//910 906//906 
f 908//908 909//909 906//906 
f 907//907 911//911 908//908 
v 0.0216497 0.00675 0 
v 0.0236497 0.00675 -0.002 
v 0.0236497 -0.00675 -0.002 
v 0.0216497 -0.00675 0 
vn -0.707107 0 -0.707107 
vn -0.707107 0 -0.707107 
vn -0.707107 0 -0.707107 
vn -0.707107 0 -0.707107 
f 912//912 913//913 914//914 
f 914//914 915//915 912//912 
v 0.0432861 -0.00605346 -0.00796245 
v 0.0432861 0.00605346 -0.00796245 
v 0.0435717 0.00575035 -0.00761102 
v 0.0435717 -0.00575036 -0.00761097 
vn 0.800264 -8.45138e-16 -0.599648 
vn 0.800264 -8.45138e-16 -0.599648 
vn 0.753003 -8.6312e-16 -0.658017 
vn 0.752998 -9.35047e-16 -0.658023 
f 916//916 917//917 918//918 
f 918//918 919//919 916//916 
v 0.0424769 0.00675 -0.00671537 
v 0.0434654 0.00575 -0.00656401 
v 0.0435321 0.00575 -0.00708523 
v 0.0425627 0.00675 -0.00748888 
v 0.0432861 0.00605346 -0.00796245 
v 0.0431748 0.00617156 -0.0081 
v 0.0435717 0.00575035 -0.00761102 
v 0.0425956 0.00675 -0.0081 
vn 0.698976 0.707107 0.106924 
vn 0.698973 0.707107 0.106944 
vn 0.70337 0.707158 0.0720992 
vn 0.705465 0.7071 0.048261 
vn 0.706289 0.707101 0.0341209 
vn 0.70613 0.707101 0.0372531 
vn 0.706022 0.707117 0.0389622 
vn 0.706183 0.7071 0.0362712 
f 920//920 921//921 922//922 
f 922//922 923//923 920//920 
f 923//923 924//924 925//925 
f 923//923 926//926 924//924 
f 925//925 927//927 923//923 
f 922//922 926//926 923//923 
v 0.0425572 -0.00675 -0.00740562 
v 0.0432861 -0.00605346 -0.00796245 
v 0.0435717 -0.00575036 -0.00761097 
v 0.0425956 -0.00675 -0.0081 
v 0.0431748 -0.00617156 -0.0081 
v 0.0424768 -0.00675 -0.00671499 
v 0.0435321 -0.00575 -0.00708523 
v 0.0434653 -0.00575 -0.00656389 
vn 0.704986 -0.707115 0.0546083 
vn 0.706289 -0.707101 0.0341209 
vn 0.706022 -0.707117 0.0389641 
vn 0.706183 -0.7071 0.0362712 
vn 0.70613 -0.707101 0.0372531 
vn 0.698972 -0.707107 0.10695 
vn 0.70337 -0.707158 0.0720992 
vn 0.698972 -0.707107 0.106948 
f 928//928 929//929 930//930 
f 928//928 931//931 932//932 
f 932//932 929//929 928//928 
f 933//933 928//928 934//934 
f 934//934 935//935 933//933 
f 930//930 934//934 928//928 
v 0.0435717 0.00575035 -0.00761102 
v 0.0435321 0.00575 -0.00708523 
v 0.0435321 -0.00575 -0.00708523 
v 0.0434654 0.00575 -0.00656401 
v 0.0434653 -0.00575 -0.00656389 
v 0.0435717 -0.00575036 -0.00761097 
vn 0.99869 0 0.0511648 
vn 0.994798 1.67289e-16 0.101866 
vn 0.994798 1.67289e-16 0.101866 
vn 0.988361 1.67289e-16 0.152129 
vn 0.988359 2.09111e-16 0.152141 
vn 0.99869 6.27332e-17 0.0511696 
f 936//936 937//937 938//938 
f 938//938 937//937 939//939 
f 939//939 940//940 938//938 
f 938//938 941//941 936//936 
v 0.0433605 0.00575 -0.00598104 
v 0.0433605 -0.00575 -0.00598104 
v 0.0434653 -0.00575 -0.00656389 
v 0.0434654 0.00575 -0.00656401 
vn 0.9791 3.08495e-16 0.20338 
vn 0.9791 3.08495e-16 0.20338 
vn 0.988448 2.1209e-16 0.15156 
vn 0.98845 1.54247e-16 0.15155 
f 942//942 943//943 944//944 
f 944//944 945//945 942//942 
v 0.0433605 0.00575 -0.00598104 
v 0.0434654 0.00575 -0.00656401 
v 0.0424769 0.00675 -0.00671537 
v 0.0423811 0.00675 -0.00618415 
vn 0.692249 0.707019 0.144624 
vn 0.69915 0.707018 0.106372 
vn 0.698863 0.707041 0.108091 
vn 0.692574 0.707041 0.142951 
f 946//946 947//947 948//948 
f 948//948 949//949 946//946 
v 0.0418532 0.00675 -0.00438437 
v 0.0427892 0.00575 -0.00403319 
v 0.0431125 0.00575 -0.0049961 
v 0.0433605 0.00575 -0.00598104 
v 0.0423811 0.00675 -0.00618415 
v 0.0422598 0.00675 -0.00566395 
vn 0.662055 0.707107 0.248362 
vn 0.662064 0.707107 0.248338 
vn 0.678237 0.707108 0.199982 
vn 0.692367 0.707107 0.143626 
vn 0.692373 0.707107 0.143594 
vn 0.684617 0.707106 0.17692 
f 950//950 951//951 952//952 
f 953//953 954//954 955//955 
f 955//955 952//952 953//953 
f 952//952 955//955 950//950 
v 0.0433605 -0.00575 -0.00598104 
v 0.0423811 -0.00675 -0.00618415 
v 0.0424768 -0.00675 -0.00671499 
v 0.0434653 -0.00575 -0.00656389 
vn 0.692249 -0.707019 0.144624 
vn 0.692574 -0.707041 0.142951 
vn 0.698859 -0.707041 0.108115 
vn 0.699149 -0.707018 0.10638 
f 956//956 957//957 958//958 
f 958//958 959//959 956//956 
v 0.0431125 -0.00575 -0.0049961 
v 0.0433605 -0.00575 -0.00598104 
v 0.0433605 0.00575 -0.00598104 
v 0.0431125 0.00575 -0.0049961 
v 0.0427892 0.00575 -0.00403319 
v 0.0427892 -0.00575 -0.00403319 
vn 0.959488 3.95492e-16 0.281748 
vn 0.978362 2.96619e-16 0.206902 
vn 0.978362 2.96619e-16 0.206902 
vn 0.959488 3.95492e-16 0.281748 
vn 0.934898 5.27322e-16 0.354916 
vn 0.934898 5.27322e-16 0.354916 
f 960//960 961//961 962//962 
f 963//963 964//964 965//965 
f 965//965 960//960 963//963 
f 962//962 963//963 960//960 
v 0.0425112 0.00575 -0.00334219 
v 0.0427892 0.00575 -0.00403319 
v 0.0418532 0.00675 -0.00438437 
v 0.0415925 0.00675 -0.00373707 
vn 0.649369 0.707039 0.280028 
vn 0.662172 0.707039 0.248243 
vn 0.661772 0.707052 0.249271 
vn 0.649776 0.707051 0.27905 
f 966//966 967//967 968//968 
f 968//968 969//969 966//966 
v 0.0423811 -0.00675 -0.00618415 
v 0.0433605 -0.00575 -0.00598104 
v 0.0431125 -0.00575 -0.0049961 
v 0.0427892 -0.00575 -0.00403319 
v 0.0418532 -0.00675 -0.00438437 
v 0.0420826 -0.00675 -0.00504768 
vn 0.692373 -0.707107 0.143597 
vn 0.692366 -0.707107 0.143629 
vn 0.678237 -0.707108 0.199981 
vn 0.662063 -0.707107 0.248339 
vn 0.662054 -0.707107 0.248363 
vn 0.674206 -0.707108 0.213179 
f 970//970 971//971 972//972 
f 973//973 974//974 975//975 
f 975//975 972//972 973//973 
f 972//972 975//975 970//970 
v 0.0425112 -0.00575 -0.00334219 
v 0.0427892 -0.00575 -0.00403319 
v 0.0427892 0.00575 -0.00403319 
v 0.0425112 0.00575 -0.00334219 
vn 0.918549 5.47173e-16 0.395306 
vn 0.936104 4.92455e-16 0.351722 
vn 0.936104 4.92455e-16 0.351722 
vn 0.918549 5.47173e-16 0.395306 
f 976//976 977//977 978//978 
f 978//978 979//979 976//976 
v 0.0425112 0.00575 -0.00334219 
v 0.0415925 0.00675 -0.00373707 
v 0.0412935 0.00675 -0.00308255 
v 0.0418808 0.00575 -0.00205969 
v 0.0403762 0.00675 -0.00139784 
v 0.0411554 0.00575 -0.000815877 
v 0.0416979 0.00575 -0.00168774 
v 0.0409915 0.00675 -0.00252787 
v 0.040326 0.00675 -0.00132355 
v 0.0392051 0.00675 0.000334774 
v 0.0403934 0.00575 0.000408826 
v 0.0400051 0.00575 0.000912147 
v 0.0384477 0.00575 0.00293068 
v 0.0389863 0.00675 0.000658348 
v 0.0362667 0.00575 0.00525416 
v 0.0383787 0.00575 0.00302012 
v 0.0373806 0.00675 0.00264765 
v 0.0376776 0.00675 0.00227973 
v 0.0331546 0.00675 0.00687724 
v 0.0336269 0.00575 0.00772374 
v 0.0353978 0.00575 0.00617334 
v 0.0354778 0.00675 0.00469517 
v 0.0355848 0.00675 0.00458004 
v 0.0330004 0.00675 0.00700376 
v 0.0306779 0.00675 0.0089098 
v 0.0320459 0.00575 0.00910785 
v 0.0307408 0.00575 0.0100443 
v 0.0271234 0.00675 0.0113674 
v 0.0276635 0.00575 0.0122225 
v 0.0278717 0.00575 0.0121029 
v 0.030166 0.00675 0.00927754 
v 0.028114 0.00675 0.0107518 
v 0.0256515 0.00675 0.012282 
v 0.0249986 0.00575 0.0137538 
v 0.0222906 0.00575 0.0150466 
v 0.0243777 0.00575 0.0141106 
v 0.0233623 0.00675 0.0135002 
v 0.024532 0.00675 0.0128778 
v 0.0198007 0.00675 0.0149697 
v 0.0201309 0.00575 0.0159097 
v 0.0210371 0.00575 0.0156088 
v 0.021901 0.00675 0.014147 
v 0.0209405 0.00675 0.0145722 
v 0.0178401 0.00675 0.0155824 
v 0.0181061 0.00575 0.0165654 
v 0.0182911 0.00575 0.0165207 
v 0.0185888 0.00675 0.0153923 
v 0.0162725 0.00675 0.0159803 
v 0.0164732 0.00575 0.01696 
vn 0.64922 0.707106 0.280203 
vn 0.649274 0.707106 0.280079 
vn 0.637058 0.707093 0.306881 
vn 0.626168 0.707124 0.328464 
vn 0.604388 0.707144 0.366963 
vn 0.602905 0.707142 0.3694 
vn 0.619363 0.707142 0.341087 
vn 0.626134 0.707124 0.32853 
vn 0.602931 0.707142 0.369357 
vn 0.573018 0.707127 0.414272 
vn 0.581946 0.707106 0.401672 
vn 0.573049 0.707127 0.414229 
vn 0.53982 0.707125 0.456694 
vn 0.567475 0.707139 0.421814 
vn 0.503313 0.707117 0.496649 
vn 0.538453 0.707122 0.458309 
vn 0.534044 0.707113 0.463453 
vn 0.539851 0.707125 0.456657 
vn 0.466527 0.70711 0.531364 
vn 0.46434 0.707111 0.533276 
vn 0.489434 0.70711 0.510342 
vn 0.501531 0.707117 0.49845 
vn 0.503316 0.707117 0.496646 
vn 0.464338 0.707111 0.533277 
vn 0.430948 0.707107 0.56061 
vn 0.441531 0.707108 0.552313 
vn 0.423693 0.707109 0.566111 
vn 0.377411 0.707108 0.597963 
vn 0.377414 0.707108 0.597961 
vn 0.380606 0.707107 0.595935 
vn 0.42369 0.707109 0.566114 
vn 0.392805 0.707107 0.587966 
vn 0.352705 0.70711 0.612859 
vn 0.333044 0.707107 0.623763 
vn 0.281657 0.707139 0.648555 
vn 0.321586 0.707107 0.629748 
vn 0.311057 0.707112 0.635009 
vn 0.333048 0.707107 0.623762 
vn 0.233856 0.707145 0.667276 
vn 0.233837 0.707145 0.667283 
vn 0.254285 0.707151 0.659755 
vn 0.281639 0.707139 0.648563 
vn 0.260293 0.70715 0.657409 
vn 0.184504 0.707104 0.682614 
vn 0.184482 0.707104 0.68262 
vn 0.189087 0.707108 0.681355 
vn 0.203643 0.707121 0.677133 
vn 0.142478 0.707107 0.692604 
vn 0.14252 0.707107 0.692595 
f 980//980 981//981 982//982 
f 982//982 983//983 980//980 
f 984//984 985//985 986//986 
f 986//986 987//987 984//984 
f 986//986 983//983 987//987 
f 988//988 989//989 990//990 
f 989//989 991//991 990//990 
f 992//992 991//991 993//993 
f 991//991 989//989 993//993 
f 994//994 995//995 996//996 
f 997//997 996//996 995//995 
f 995//995 992//992 997//997 
f 998//998 999//999 1000//1000 
f 1000//1000 1001//1001 998//998 
f 1000//1000 994//994 1001//1001 
f 994//994 1002//1002 1001//1001 
f 1003//1003 1004//1004 1005//1005 
f 1004//1004 1006//1006 1005//1005 
f 1005//1005 999//999 1003//1003 
f 1007//1007 1008//1008 1009//1009 
f 1006//1006 1010//1010 1011//1011 
f 1011//1011 1009//1009 1006//1006 
f 1008//1008 1007//1007 1012//1012 
f 1012//1012 1013//1013 1008//1008 
f 1014//1014 1015//1015 1016//1016 
f 1017//1017 1016//1016 1015//1015 
f 1015//1015 1013//1013 1017//1017 
f 1018//1018 1019//1019 1020//1020 
f 1014//1014 1021//1021 1022//1022 
f 1022//1022 1020//1020 1014//1014 
f 1023//1023 1024//1024 1025//1025 
f 1019//1019 1018//1018 1026//1026 
f 1026//1026 1025//1025 1019//1019 
f 1024//1024 1023//1023 1027//1027 
f 1027//1027 1028//1028 1024//1024 
f 1025//1025 1026//1026 1023//1023 
f 1020//1020 1022//1022 1018//1018 
f 1016//1016 1021//1021 1014//1014 
f 1012//1012 1017//1017 1013//1013 
f 1009//1009 1011//1011 1007//1007 
f 1004//1004 1010//1010 1006//1006 
f 998//998 1003//1003 999//999 
f 996//996 1002//1002 994//994 
f 993//993 997//997 992//992 
f 990//990 985//985 988//988 
f 984//984 988//988 985//985 
f 982//982 987//987 983//983 
v 0.0425112 -0.00575 -0.00334219 
v 0.0415925 -0.00675 -0.00373707 
v 0.0418532 -0.00675 -0.00438437 
v 0.0427892 -0.00575 -0.00403319 
vn 0.649369 -0.707039 0.280028 
vn 0.649776 -0.707051 0.27905 
vn 0.661772 -0.707052 0.249271 
vn 0.662172 -0.707039 0.248243 
f 1029//1029 1030//1030 1031//1031 
f 1031//1031 1032//1032 1029//1029 
v 0.0164732 0.00575 0.01696 
v 0.0164732 -0.00575 0.01696 
v 0.0180799 -0.00575 0.0165717 
v 0.0182911 -0.00575 0.0165207 
v 0.0182911 0.00575 0.0165207 
v 0.0181061 0.00575 0.0165654 
v 0.0210371 -0.00575 0.0156088 
v 0.0210371 0.00575 0.0156088 
v 0.0201309 0.00575 0.0159097 
v 0.0201035 -0.00575 0.0159188 
v 0.0243777 -0.00575 0.0141106 
v 0.0243777 0.00575 0.0141106 
v 0.0222906 0.00575 0.0150466 
v 0.0222593 -0.00575 0.0150606 
v 0.0278717 0.00575 0.0121029 
v 0.0276635 0.00575 0.0122225 
v 0.0276771 -0.00575 0.0122147 
v 0.0249971 -0.00575 0.0137546 
v 0.0249986 0.00575 0.0137538 
v 0.0320459 0.00575 0.00910785 
v 0.0307408 0.00575 0.0100443 
v 0.0307461 -0.00575 0.0100405 
v 0.0278717 -0.00575 0.0121029 
v 0.0353978 -0.00575 0.00617334 
v 0.0353978 0.00575 0.00617334 
v 0.0336269 0.00575 0.00772374 
v 0.0320459 -0.00575 0.00910785 
v 0.0336244 -0.00575 0.00772591 
v 0.0383787 -0.00575 0.00302012 
v 0.0383787 0.00575 0.00302012 
v 0.0362667 0.00575 0.00525416 
v 0.036263 -0.00575 0.00525812 
v 0.0384477 0.00575 0.00293068 
v 0.0384487 -0.00575 0.00292934 
v 0.0400023 -0.00575 0.000915783 
v 0.0403934 -0.00575 0.000408826 
v 0.0403934 0.00575 0.000408826 
v 0.0400051 0.00575 0.000912147 
v 0.0416979 -0.00575 -0.00168774 
v 0.0416979 0.00575 -0.00168774 
v 0.0411554 0.00575 -0.000815877 
v 0.0411535 -0.00575 -0.000812719 
v 0.0425112 -0.00575 -0.00334219 
v 0.0425112 0.00575 -0.00334219 
v 0.0418808 0.00575 -0.00205969 
v 0.0418792 -0.00575 -0.00205655 
vn 0.200709 1.37135e-15 0.979651 
vn 0.200709 1.37135e-15 0.979651 
vn 0.260452 1.35152e-15 0.965487 
vn 0.267949 1.34865e-15 0.963433 
vn 0.267949 1.34865e-15 0.963433 
vn 0.261387 1.35117e-15 0.965234 
vn 0.359563 1.30621e-15 0.933121 
vn 0.359563 1.30621e-15 0.933121 
vn 0.331052 1.3209e-15 0.943612 
vn 0.330165 1.32134e-15 0.943923 
vn 0.454797 1.24668e-15 0.890595 
vn 0.454797 1.24668e-15 0.890595 
vn 0.397938 1.28422e-15 0.917412 
vn 0.397019 1.28478e-15 0.91781 
vn 0.538207 1.1798e-15 0.842813 
vn 0.533721 1.18378e-15 0.845661 
vn 0.534016 1.18352e-15 0.845474 
vn 0.470963 1.23487e-15 0.882153 
vn 0.471001 1.23484e-15 0.882133 
vn 0.624507 1.0933e-15 0.781019 
vn 0.599164 1.12074e-15 0.800627 
vn 0.599269 1.12063e-15 0.800548 
vn 0.538207 1.1798e-15 0.842813 
vn 0.692305 1.01013e-15 0.721605 
vn 0.692305 1.01013e-15 0.721605 
vn 0.656618 1.05579e-15 0.754223 
vn 0.624507 1.0933e-15 0.781019 
vn 0.656568 1.05585e-15 0.754267 
vn 0.761754 9.06906e-16 0.647867 
vn 0.761754 9.06906e-16 0.647867 
vn 0.711797 9.83222e-16 0.702385 
vn 0.711713 9.83342e-16 0.702471 
vn 0.763687 9.03713e-16 0.645586 
vn 0.763717 9.03665e-16 0.645552 
vn 0.810082 8.20746e-16 0.586317 
vn 0.822745 7.95679e-16 0.56841 
vn 0.822745 7.95679e-16 0.56841 
vn 0.810171 8.20573e-16 0.586193 
vn 0.875723 6.7586e-16 0.482814 
vn 0.875723 6.7586e-16 0.482814 
vn 0.852916 7.30781e-16 0.522049 
vn 0.852835 7.30966e-16 0.522181 
vn 0.918736 5.52756e-16 0.394873 
vn 0.918736 5.52756e-16 0.394873 
vn 0.885206 6.51202e-16 0.465199 
vn 0.885125 6.51416e-16 0.465353 
f 1033//1033 1034//1034 1035//1035 
f 1036//1036 1037//1037 1038//1038 
f 1038//1038 1035//1035 1036//1036 
f 1039//1039 1040//1040 1041//1041 
f 1037//1037 1036//1036 1042//1042 
f 1042//1042 1041//1041 1037//1037 
f 1043//1043 1044//1044 1045//1045 
f 1040//1040 1039//1039 1046//1046 
f 1046//1046 1045//1045 1040//1040 
f 1047//1047 1048//1048 1049//1049 
f 1050//1050 1049//1049 1048//1048 
f 1048//1048 1051//1051 1050//1050 
f 1044//1044 1043//1043 1050//1050 
f 1050//1050 1051//1051 1044//1044 
f 1052//1052 1053//1053 1054//1054 
f 1055//1055 1054//1054 1053//1053 
f 1053//1053 1047//1047 1055//1055 
f 1056//1056 1057//1057 1058//1058 
f 1052//1052 1059//1059 1060//1060 
f 1060//1060 1058//1058 1052//1052 
f 1061//1061 1062//1062 1063//1063 
f 1057//1057 1056//1056 1064//1064 
f 1064//1064 1063//1063 1057//1057 
f 1065//1065 1066//1066 1067//1067 
f 1068//1068 1069//1069 1070//1070 
f 1070//1070 1067//1067 1068//1068 
f 1061//1061 1066//1066 1065//1065 
f 1065//1065 1062//1062 1061//1061 
f 1071//1071 1072//1072 1073//1073 
f 1069//1069 1068//1068 1074//1074 
f 1074//1074 1073//1073 1069//1069 
f 1075//1075 1076//1076 1077//1077 
f 1072//1072 1071//1071 1078//1078 
f 1078//1078 1077//1077 1072//1072 
f 1077//1077 1078//1078 1075//1075 
f 1073//1073 1074//1074 1071//1071 
f 1067//1067 1070//1070 1065//1065 
f 1063//1063 1064//1064 1061//1061 
f 1058//1058 1060//1060 1056//1056 
f 1054//1054 1059//1059 1052//1052 
f 1049//1049 1055//1055 1047//1047 
f 1045//1045 1046//1046 1043//1043 
f 1041//1041 1042//1042 1039//1039 
f 1035//1035 1038//1038 1033//1033 
v 0.0164732 0.00575 0.01696 
v 0.0162725 0.00675 0.0159803 
v 0.0159346 0.00675 0.0160471 
v 0.0161218 0.00575 0.0170292 
vn 0.137158 0.707107 0.693677 
vn 0.137158 0.707107 0.693677 
vn 0.137158 0.707107 0.693677 
vn 0.137158 0.707107 0.693677 
f 1079//1079 1080//1080 1081//1081 
f 1081//1081 1082//1082 1079//1079 
v 0.0418792 -0.00575 -0.00205655 
v 0.040992 -0.00675 -0.00252299 
v 0.0415925 -0.00675 -0.00373707 
v 0.0416979 -0.00575 -0.00168774 
v 0.0411535 -0.00575 -0.000812719 
v 0.0403085 -0.00675 -0.00133006 
v 0.0407767 -0.00675 -0.00208762 
v 0.0403934 -0.00575 0.000408826 
v 0.0396956 -0.00675 -0.000338503 
v 0.0391966 -0.00675 0.000333257 
v 0.0400023 -0.00575 0.000915783 
v 0.0384487 -0.00575 0.00292934 
v 0.0382421 -0.00675 0.00161814 
v 0.0376744 -0.00675 0.00227411 
v 0.0383787 -0.00575 0.00302012 
v 0.036263 -0.00575 0.00525812 
v 0.0365242 -0.00675 0.00360298 
v 0.0355707 -0.00675 0.0045735 
v 0.034693 -0.00675 0.00546682 
v 0.0336244 -0.00575 0.00772591 
v 0.0329878 -0.00675 0.00699486 
v 0.0353978 -0.00575 0.00617334 
v 0.0301719 -0.00675 0.00927578 
v 0.0323431 -0.00675 0.00757259 
v 0.0320459 -0.00575 0.00910785 
v 0.0307461 -0.00575 0.0100405 
v 0.0278717 -0.00575 0.0121029 
v 0.0271475 -0.00675 0.0113771 
v 0.0297562 -0.00675 0.00960189 
v 0.0276771 -0.00575 0.0122147 
v 0.0249971 -0.00575 0.0137546 
v 0.0245389 -0.00675 0.0128946 
v 0.0270921 -0.00675 0.0114148 
v 0.0220935 -0.00675 0.0140904 
v 0.0244619 -0.00675 0.0129393 
v 0.0243777 -0.00575 0.0141106 
v 0.0222593 -0.00575 0.0150606 
v 0.0218773 -0.00675 0.0141749 
v 0.0210371 -0.00575 0.0156088 
v 0.0197793 -0.00675 0.0149945 
v 0.0182911 -0.00575 0.0165207 
v 0.0178144 -0.00675 0.01559 
v 0.0195476 -0.00675 0.015085 
v 0.0201035 -0.00575 0.0159188 
v 0.0180799 -0.00575 0.0165717 
v 0.0164732 -0.00575 0.01696 
v 0.0162725 -0.00675 0.0159803 
v 0.0171466 -0.00675 0.0157846 
v 0.0425112 -0.00575 -0.00334219 
vn 0.626139 -0.707125 0.328518 
vn 0.626105 -0.707125 0.328583 
vn 0.64926 -0.707106 0.280112 
vn 0.619384 -0.707143 0.341047 
vn 0.602831 -0.707143 0.369518 
vn 0.602858 -0.707143 0.369473 
vn 0.61774 -0.707146 0.344008 
vn 0.58191 -0.707106 0.401724 
vn 0.58497 -0.707103 0.39726 
vn 0.572998 -0.707128 0.414299 
vn 0.573029 -0.707128 0.414256 
vn 0.539782 -0.707125 0.456739 
vn 0.550955 -0.707146 0.443162 
vn 0.539813 -0.707125 0.456702 
vn 0.538395 -0.707122 0.458377 
vn 0.503242 -0.707118 0.496722 
vn 0.518947 -0.707112 0.480298 
vn 0.503245 -0.707118 0.496719 
vn 0.489225 -0.70711 0.510543 
vn 0.464275 -0.70711 0.533334 
vn 0.464275 -0.70711 0.533334 
vn 0.48943 -0.70711 0.510346 
vn 0.424077 -0.70712 0.56581 
vn 0.454743 -0.707109 0.541485 
vn 0.441576 -0.707106 0.552279 
vn 0.4241 -0.70712 0.565792 
vn 0.380428 -0.707168 0.595977 
vn 0.377413 -0.707166 0.597892 
vn 0.417909 -0.707131 0.570367 
vn 0.377402 -0.707166 0.597899 
vn 0.332795 -0.707111 0.623893 
vn 0.332812 -0.707111 0.623883 
vn 0.376484 -0.707166 0.598478 
vn 0.285527 -0.707136 0.646864 
vn 0.331411 -0.70711 0.62463 
vn 0.321696 -0.707107 0.629691 
vn 0.281018 -0.707139 0.648832 
vn 0.281001 -0.707139 0.648839 
vn 0.254271 -0.707149 0.659762 
vn 0.233193 -0.707143 0.66751 
vn 0.189051 -0.707108 0.681365 
vn 0.183809 -0.707104 0.682802 
vn 0.227484 -0.70714 0.669481 
vn 0.233177 -0.707143 0.667516 
vn 0.18379 -0.707104 0.682807 
vn 0.142483 -0.707107 0.692603 
vn 0.142443 -0.707107 0.692611 
vn 0.16601 -0.707096 0.687355 
vn 0.649206 -0.707106 0.280235 
f 1083//1083 1084//1084 1085//1085 
f 1084//1084 1083//1083 1086//1086 
f 1087//1087 1088//1088 1089//1089 
f 1089//1089 1086//1086 1087//1087 
f 1087//1087 1090//1090 1091//1091 
f 1092//1092 1091//1091 1090//1090 
f 1090//1090 1093//1093 1092//1092 
f 1093//1093 1094//1094 1095//1095 
f 1094//1094 1096//1096 1095//1095 
f 1097//1097 1098//1098 1099//1099 
f 1096//1096 1094//1094 1097//1097 
f 1098//1098 1100//1100 1099//1099 
f 1101//1101 1100//1100 1098//1098 
f 1102//1102 1103//1103 1101//1101 
f 1101//1101 1104//1104 1102//1102 
f 1105//1105 1106//1106 1107//1107 
f 1106//1106 1102//1102 1107//1107 
f 1107//1107 1108//1108 1105//1105 
f 1109//1109 1110//1110 1111//1111 
f 1111//1111 1108//1108 1109//1109 
f 1109//1109 1112//1112 1110//1110 
f 1113//1113 1114//1114 1115//1115 
f 1115//1115 1112//1112 1113//1113 
f 1116//1116 1117//1117 1118//1118 
f 1117//1117 1113//1113 1118//1118 
f 1118//1118 1119//1119 1116//1116 
f 1119//1119 1120//1120 1116//1116 
f 1120//1120 1119//1119 1121//1121 
f 1121//1121 1122//1122 1120//1120 
f 1123//1123 1124//1124 1125//1125 
f 1125//1125 1126//1126 1123//1123 
f 1123//1123 1127//1127 1124//1124 
f 1128//1128 1129//1129 1130//1130 
f 1130//1130 1127//1127 1128//1128 
f 1130//1130 1124//1124 1127//1127 
f 1125//1125 1122//1122 1126//1126 
f 1121//1121 1126//1126 1122//1122 
f 1117//1117 1114//1114 1113//1113 
f 1115//1115 1110//1110 1112//1112 
f 1111//1111 1105//1105 1108//1108 
f 1106//1106 1103//1103 1102//1102 
f 1098//1098 1104//1104 1101//1101 
f 1099//1099 1096//1096 1097//1097 
f 1095//1095 1092//1092 1093//1093 
f 1091//1091 1088//1088 1087//1087 
f 1086//1086 1089//1089 1084//1084 
f 1085//1085 1131//1131 1083//1083 
v 0.0164732 -0.00575 0.01696 
v 0.0164732 0.00575 0.01696 
v 0.0161218 0.00575 0.0170292 
v 0.0161218 -0.00575 0.0170292 
vn 0.200724 1.36916e-15 0.979648 
vn 0.200724 1.36916e-15 0.979648 
vn 0.187197 1.40255e-15 0.982322 
vn 0.187197 1.40255e-15 0.982322 
f 1132//1132 1133//1133 1134//1134 
f 1134//1134 1135//1135 1132//1132 
v 0.0122555 0.00575 0.017434 
v 0.0122244 0.00675 0.0164353 
v 0.0115002 0.00675 0.01647 
v 0.0138214 0.00575 0.017359 
v 0.013739 0.00675 0.0163626 
v 0.0141935 0.00575 0.0173057 
v 0.0140831 0.00675 0.0163131 
v 0.0161218 0.00575 0.0170292 
v 0.0159346 0.00675 0.0160471 
v 0.0115002 0.00575 0.0174701 
vn 0.0220257 0.707112 0.706759 
vn 0.022019 0.707112 0.706759 
vn -0.000310355 0.707107 0.707107 
vn 0.0674197 0.707102 0.70389 
vn 0.0678087 0.707102 0.703852 
vn 0.0781311 0.707104 0.70278 
vn 0.0781388 0.707104 0.702779 
vn 0.132674 0.707107 0.694549 
vn 0.13264 0.707107 0.694555 
vn -0.00033973 0.707107 0.707107 
f 1136//1136 1137//1137 1138//1138 
f 1136//1136 1139//1139 1140//1140 
f 1141//1141 1142//1142 1140//1140 
f 1140//1140 1139//1139 1141//1141 
f 1141//1141 1143//1143 1144//1144 
f 1144//1144 1142//1142 1141//1141 
f 1140//1140 1137//1137 1136//1136 
f 1138//1138 1145//1145 1136//1136 
v 0.0164732 -0.00575 0.01696 
v 0.0161218 -0.00575 0.0170292 
v 0.0159346 -0.00675 0.0160471 
v 0.0162725 -0.00675 0.0159803 
vn 0.137158 -0.707107 0.693677 
vn 0.137158 -0.707107 0.693677 
vn 0.137158 -0.707107 0.693677 
vn 0.137158 -0.707107 0.693677 
f 1146//1146 1147//1147 1148//1148 
f 1148//1148 1149//1149 1146//1146 
v 0.0138214 0.00575 0.017359 
v 0.0138214 -0.00575 0.017359 
v 0.0141931 -0.00575 0.0173057 
v 0.0161218 -0.00575 0.0170292 
v 0.0161218 0.00575 0.0170292 
v 0.0141935 0.00575 0.0173057 
v 0.0122555 0.00575 0.017434 
v 0.0122556 -0.00575 0.017434 
v 0.0115002 -0.00575 0.0174701 
v 0.0115002 0.00575 0.0174701 
vn 0.0950456 1.41157e-15 0.995473 
vn 0.0950456 1.41157e-15 0.995473 
vn 0.110237 1.39392e-15 0.993905 
vn 0.188636 1.37628e-15 0.982047 
vn 0.188636 1.37628e-15 0.982047 
vn 0.110252 1.41157e-15 0.993904 
vn 0.0313658 1.41157e-15 0.999508 
vn 0.0313696 1.40274e-15 0.999508 
vn 0.000605208 1.40274e-15 1 
vn 0.00060569 1.41157e-15 1 
f 1150//1150 1151//1151 1152//1152 
f 1153//1153 1154//1154 1155//1155 
f 1155//1155 1152//1152 1153//1153 
f 1150//1150 1156//1156 1157//1157 
f 1158//1158 1157//1157 1156//1156 
f 1156//1156 1159//1159 1158//1158 
f 1157//1157 1151//1151 1150//1150 
f 1152//1152 1155//1155 1150//1150 
v 0.0122556 -0.00575 0.017434 
v 0.0115002 -0.00575 0.0174701 
v 0.0115001 -0.00675 0.01647 
v 0.0141931 -0.00575 0.0173057 
v 0.0140824 -0.00675 0.0163108 
v 0.0159346 -0.00675 0.0160471 
v 0.0136768 -0.00675 0.0163685 
v 0.0122246 -0.00675 0.0164362 
v 0.0138214 -0.00575 0.017359 
v 0.0161218 -0.00575 0.0170292 
vn 0.022027 -0.707112 0.706759 
vn -0.000349606 -0.707107 0.707107 
vn -0.000320883 -0.707107 0.707107 
vn 0.0781246 -0.707104 0.702781 
vn 0.0781323 -0.707104 0.70278 
vn 0.132632 -0.707107 0.694557 
vn 0.0659511 -0.707102 0.704029 
vn 0.0220202 -0.707112 0.706759 
vn 0.0674239 -0.707102 0.703889 
vn 0.132666 -0.707107 0.69455 
f 1160//1160 1161//1161 1162//1162 
f 1163//1163 1164//1164 1165//1165 
f 1166//1166 1164//1164 1163//1163 
f 1160//1160 1167//1167 1166//1166 
f 1166//1166 1168//1168 1160//1160 
f 1163//1163 1168//1168 1166//1166 
f 1165//1165 1169//1169 1163//1163 
f 1162//1162 1167//1167 1160//1160 
v 0.00999989 0.00575002 0.01747 
v 0.00999989 -0.00575002 0.01747 
v 0.0115002 -0.00575 0.0174701 
v 0.0115002 0.00575 0.0174701 
vn 0 1.39983e-15 1 
vn 0 1.39983e-15 1 
vn 0 1.39983e-15 1 
vn 0 1.39983e-15 1 
f 1170//1170 1171//1171 1172//1172 
f 1172//1172 1173//1173 1170//1170 
v 0.0115002 0.00675 0.01647 
v 0.0095 0.00625 0.01697 
v 0.00999989 0.00575002 0.01747 
v 0.0095 0.00675 0.01647 
v 0.0115002 0.00575 0.0174701 
vn 0 0.707107 0.707107 
vn 0 0.707107 0.707107 
vn 0 0.707107 0.707107 
vn 0 0.707107 0.707107 
vn 0 0.707107 0.707107 
f 1174//1174 1175//1175 1176//1176 
f 1174//1174 1177//1177 1175//1175 
f 1176//1176 1178//1178 1174//1174 
v 0.0115001 -0.00675 0.01647 
v 0.0115002 -0.00575 0.0174701 
v 0.00999989 -0.00575002 0.01747 
v 0.0095 -0.00625 0.01697 
v 0.0095 -0.00675 0.01647 
vn 0 -0.707107 0.707107 
vn 0 -0.707107 0.707107 
vn 0 -0.707107 0.707107 
vn 0 -0.707107 0.707107 
vn 0 -0.707107 0.707107 
f 1179//1179 1180//1180 1181//1181 
f 1181//1181 1182//1182 1179//1179 
f 1182//1182 1183//1183 1179//1179 
v 0.0095 0.00606218 0.01697 
v 0.0095 -0.00606218 0.01697 
v 0.00999989 -0.00575002 0.01747 
v 0.00999989 0.00575002 0.01747 
v 0.0095 0.00625 0.01697 
v 0.0095 -0.00625 0.01697 
vn -0.707107 9.89832e-16 0.707107 
vn -0.707107 9.89832e-16 0.707107 
vn -0.707107 9.89832e-16 0.707107 
vn -0.707107 9.89832e-16 0.707107 
vn -0.707107 9.89832e-16 0.707107 
vn -0.707107 9.89832e-16 0.707107 
f 1184//1184 1185//1185 1186//1186 
f 1186//1186 1187//1187 1184//1184 
f 1187//1187 1188//1188 1184//1184 
f 1185//1185 1189//1189 1186//1186 
v 0.0095 -0.00606218 0.0105 
v 0.0095 -0.00675 0.0105 
v 0.0095 -0.00675 0.01647 
v 0.0095 -0.00625 0.01697 
v 0.0095 -0.00606218 0.01697 
vn -1 0 0 
vn -1 0 0 
vn -1 0 0 
vn -1 0 0 
vn -1 0 0 
f 1190//1190 1191//1191 1192//1192 
f 1192//1192 1193//1193 1190//1190 
f 1193//1193 1194//1194 1190//1190 
v 0.0095 0.00606218 0.0105 
v 0.0095 0.00625 0.01697 
v 0.0095 0.00675 0.01647 
v 0.0095 0.00606218 0.01697 
v 0.0095 0.00675 0.0105 
vn -1 0 0 
vn -1 0 0 
vn -1 0 0 
vn -1 0 0 
vn -1 0 0 
f 1195//1195 1196//1196 1197//1197 
f 1195//1195 1198//1198 1196//1196 
f 1197//1197 1199//1199 1195//1195 
v 0.0095 0.00606218 0.01747 
v 0.0095 -0.00606218 0.01747 
v 0.0095 -0.00606218 0.01697 
v 0.0095 0.00606218 0.01697 
vn 1 0 0 
vn 1 0 0 
vn 1 0 0 
vn 1 0 0 
f 1200//1200 1201//1201 1202//1202 
f 1202//1202 1203//1203 1200//1200 
v 0.0161219 0.00675 0.002 
v 0.024532 0.00675 0.0128778 
v 0.0256515 0.00675 0.012282 
v 0.0216497 0.00675 0 
v 0.0271234 0.00675 0.0113674 
v 0.021901 0.00675 0.014147 
v 0.0233623 0.00675 0.0135002 
v 0.0236497 0.00675 -0.002 
v 0.0331546 0.00675 0.00687724 
v 0.0354778 0.00675 0.00469517 
v 0.030166 0.00675 0.00927754 
v 0.0306779 0.00675 0.0089098 
v 0.0161219 0.00675 0.0105 
v 0.0178401 0.00675 0.0155824 
v 0.0185888 0.00675 0.0153923 
v 0.0159346 0.00675 0.0160471 
v 0.0162725 0.00675 0.0159803 
v 0.0095 0.00675 0.0105 
v 0.0122244 0.00675 0.0164353 
v 0.013739 0.00675 0.0163626 
v 0.0330004 0.00675 0.00700376 
v 0.028114 0.00675 0.0107518 
v 0.0271497 0.00675 -0.0081 
v 0.0423811 0.00675 -0.00618415 
v 0.0424769 0.00675 -0.00671537 
v 0.0418532 0.00675 -0.00438437 
v 0.0422598 0.00675 -0.00566395 
v 0.0198007 0.00675 0.0149697 
v 0.0140831 0.00675 0.0163131 
v 0.0095 0.00675 0.01647 
v 0.0115002 0.00675 0.01647 
v 0.0209405 0.00675 0.0145722 
v 0.0425627 0.00675 -0.00748888 
v 0.0415925 0.00675 -0.00373707 
v 0.0389863 0.00675 0.000658348 
v 0.0271497 0.00675 -0.00491389 
v 0.0355848 0.00675 0.00458004 
v 0.0409915 0.00675 -0.00252787 
v 0.0412935 0.00675 -0.00308255 
v 0.0376776 0.00675 0.00227973 
v 0.0236497 0.00675 -0.00491389 
v 0.040326 0.00675 -0.00132355 
v 0.0403762 0.00675 -0.00139784 
v 0.0392051 0.00675 0.000334774 
v 0.0373806 0.00675 0.00264765 
v 0.0126861 0.00675 0 
v 0.0126861 0.00675 0.002 
v 0.0425956 0.00675 -0.0081 
vn 0 1 -1.39983e-15 
vn 0 1 -1.39983e-15 
vn 0 1 -1.39983e-15 
vn 0 1 -1.39983e-15 
vn 0 1 -1.39983e-15 
vn 0 1 -1.39983e-15 
vn 0 1 -1.39983e-15 
vn 0 1 -1.39983e-15 
vn 0 1 -1.39983e-15 
vn 0 1 -1.39983e-15 
vn 0 1 -1.39983e-15 
vn 0 1 -1.39983e-15 
vn 0 1 -1.39983e-15 
vn 0 1 -1.39983e-15 
vn 0 1 -1.39983e-15 
vn 0 1 -1.39983e-15 
vn 0 1 -1.39983e-15 
vn 0 1 -1.39983e-15 
vn 0 1 -1.39983e-15 
vn 0 1 -1.39983e-15 
vn 0 1 -1.39983e-15 
vn 0 1 -1.39983e-15 
vn 0 1 -1.39983e-15 
vn 0 1 -1.39983e-15 
vn 0 1 -1.39983e-15 
vn 0 1 -1.39983e-15 
vn 0 1 -1.39983e-15 
vn 0 1 -1.39983e-15 
vn 0 1 -1.39983e-15 
vn 0 1 -1.39983e-15 
vn 0 1 -1.39983e-15 
vn 0 1 -1.39983e-15 
vn 0 1 -1.39983e-15 
vn 0 1 -1.39983e-15 
vn 0 1 -1.39983e-15 
vn 0 1 -1.39983e-15 
vn 0 1 -1.39983e-15 
vn 0 1 -1.39983e-15 
vn 0 1 -1.39983e-15 
vn 0 1 -1.39983e-15 
vn 0 1 -1.39983e-15 
vn 0 1 -1.39983e-15 
vn 0 1 -1.39983e-15 
vn 0 1 -1.39983e-15 
vn 0 1 -1.39983e-15 
vn 0 1 -1.39983e-15 
vn 0 1 -1.39983e-15 
vn 0 1 -1.39983e-15 
f 1204//1204 1205//1205 1206//1206 
f 1206//1206 1207//1207 1204//1204 
f 1206//1206 1208//1208 1207//1207 
f 1204//1204 1209//1209 1210//1210 
f 1211//1211 1212//1212 1213//1213 
f 1211//1211 1214//1214 1215//1215 
f 1214//1214 1211//1211 1207//1207 
f 1216//1216 1217//1217 1218//1218 
f 1216//1216 1219//1219 1220//1220 
f 1221//1221 1222//1222 1223//1223 
f 1210//1210 1205//1205 1204//1204 
f 1209//1209 1204//1204 1216//1216 
f 1211//1211 1224//1224 1212//1212 
f 1207//1207 1225//1225 1214//1214 
f 1226//1226 1227//1227 1228//1228 
f 1226//1226 1229//1229 1230//1230 
f 1218//1218 1231//1231 1216//1216 
f 1216//1216 1232//1232 1219//1219 
f 1223//1223 1216//1216 1221//1221 
f 1221//1221 1233//1233 1234//1234 
f 1216//1216 1235//1235 1209//1209 
f 1215//1215 1224//1224 1211//1211 
f 1228//1228 1236//1236 1226//1226 
f 1226//1226 1237//1237 1229//1229 
f 1238//1238 1226//1226 1239//1239 
f 1220//1220 1217//1217 1216//1216 
f 1234//1234 1222//1222 1221//1221 
f 1213//1213 1240//1240 1211//1211 
f 1211//1211 1240//1240 1239//1239 
f 1230//1230 1227//1227 1226//1226 
f 1226//1226 1241//1241 1242//1242 
f 1239//1239 1243//1243 1238//1238 
f 1223//1223 1232//1232 1216//1216 
f 1239//1239 1244//1244 1211//1211 
f 1242//1242 1237//1237 1226//1226 
f 1226//1226 1245//1245 1246//1246 
f 1238//1238 1247//1247 1226//1226 
f 1239//1239 1240//1240 1248//1248 
f 1208//1208 1225//1225 1207//1207 
f 1249//1249 1250//1250 1204//1204 
f 1246//1246 1241//1241 1226//1226 
f 1248//1248 1243//1243 1239//1239 
f 1204//1204 1207//1207 1249//1249 
f 1247//1247 1245//1245 1226//1226 
f 1236//1236 1251//1251 1226//1226 
f 1231//1231 1235//1235 1216//1216 
v 0.0105054 0.00768978 0 
v 0.0103075 0.00792188 0 
v 0.0103075 0.00792188 0.002 
v 0.0107259 0.00747898 0 
v 0.0105054 0.00768978 0.002 
v 0.0109667 0.00729166 0 
v 0.0107259 0.00747898 0.002 
v 0.0112252 0.00712975 0 
v 0.0109667 0.00729166 0.002 
v 0.0114988 0.00699494 0 
v 0.0112252 0.00712975 0.002 
v 0.0117847 0.00688862 0 
v 0.0114988 0.00699494 0.002 
v 0.01208 0.00681187 0 
v 0.0117847 0.00688862 0.002 
v 0.0123815 0.00676551 0 
v 0.01208 0.00681187 0.002 
v 0.0126861 0.00675 0 
v 0.0123815 0.00676551 0.002 
v 0.0126861 0.00675 0.002 
vn 0.726902 0.686742 0 
vn 0.792882 0.609375 0 
vn 0.792882 0.609375 0 
vn 0.653406 0.757008 0 
vn 0.726902 0.686742 0 
vn 0.573154 0.819448 0 
vn 0.653406 0.757008 0 
vn 0.486976 0.873415 0 
vn 0.573154 0.819448 0 
vn 0.395764 0.918352 0 
vn 0.486976 0.873415 0 
vn 0.30046 0.953794 0 
vn 0.395764 0.918352 0 
vn 0.202049 0.979375 0 
vn 0.30046 0.953794 0 
vn 0.10155 0.99483 0 
vn 0.202049 0.979375 0 
vn 0 1 0 
vn 0.10155 0.99483 0 
vn 0 1 0 
f 1252//1252 1253//1253 1254//1254 
f 1255//1255 1252//1252 1256//1256 
f 1257//1257 1255//1255 1258//1258 
f 1259//1259 1257//1257 1260//1260 
f 1261//1261 1259//1259 1262//1262 
f 1263//1263 1261//1261 1264//1264 
f 1265//1265 1263//1263 1266//1266 
f 1267//1267 1265//1265 1268//1268 
f 1269//1269 1267//1267 1270//1270 
f 1270//1270 1271//1271 1269//1269 
f 1268//1268 1270//1270 1267//1267 
f 1266//1266 1268//1268 1265//1265 
f 1264//1264 1266//1266 1263//1263 
f 1262//1262 1264//1264 1261//1261 
f 1260//1260 1262//1262 1259//1259 
f 1258//1258 1260//1260 1257//1257 
f 1256//1256 1258//1258 1255//1255 
f 1254//1254 1256//1256 1252//1252 
v 0.0158068 0.00676697 0.0105 
v 0.0161219 0.00675 0.0105 
v 0.0161219 0.00675 0.002 
v 0.0154954 0.00681767 0.0105 
v 0.0158068 0.00676697 0.002 
v 0.0151912 0.00690153 0.0105 
v 0.0154954 0.00681767 0.002 
v 0.0148978 0.00701756 0.0105 
v 0.0151912 0.00690153 0.002 
v 0.0146185 0.00716444 0.0105 
v 0.0148978 0.00701756 0.002 
v 0.0143567 0.00734046 0.0105 
v 0.0146185 0.00716444 0.002 
v 0.0141152 0.00754358 0.0105 
v 0.0143567 0.00734046 0.002 
v 0.0138969 0.00777145 0.0105 
v 0.0141152 0.00754358 0.002 
v 0.0137044 0.00802145 0.0105 
v 0.0138969 0.00777145 0.002 
v 0.0135399 0.00829068 0.0105 
v 0.0137044 0.00802145 0.002 
v 0.0134052 0.00857602 0.0105 
v 0.0135399 0.00829068 0.002 
v 0.0133019 0.00887417 0.0105 
v 0.0134052 0.00857602 0.002 
v 0.0132312 0.00918169 0.0105 
v 0.0133019 0.00887417 0.002 
v 0.013194 0.00949502 0.0105 
v 0.0132312 0.00918169 0.002 
v 0.0131906 0.00981054 0.0105 
v 0.013194 0.00949502 0.002 
v 0.0132212 0.0101246 0.0105 
v 0.0131906 0.00981054 0.002 
v 0.0132212 0.0101246 0.002 
vn 0.107388 0.994217 6.75504e-13 
vn 0 1 6.79342e-13 
vn 0 1 6.79342e-13 
vn 0.213534 0.976936 6.63763e-13 
vn 0.107388 0.994217 6.75504e-13 
vn 0.317211 0.948355 6.44344e-13 
vn 0.213534 0.976936 6.63763e-13 
vn 0.417218 0.908806 6.17473e-13 
vn 0.317211 0.948355 6.44344e-13 
vn 0.512401 0.858746 5.83461e-13 
vn 0.417218 0.908806 6.17473e-13 
vn 0.601657 0.798755 5.42701e-13 
vn 0.512401 0.858746 5.83461e-13 
vn 0.683954 0.729525 4.95663e-13 
vn 0.601657 0.798755 5.42701e-13 
vn 0.758341 0.651857 4.42894e-13 
vn 0.683954 0.729525 4.95663e-13 
vn 0.823958 0.566651 3.85002e-13 
vn 0.758341 0.651857 4.42894e-13 
vn 0.880045 0.474891 3.22657e-13 
vn 0.823958 0.566651 3.85002e-13 
vn 0.925953 0.377638 2.5658e-13 
vn 0.880045 0.474891 3.22657e-13 
vn 0.961152 0.276018 1.87536e-13 
vn 0.925953 0.377638 2.5658e-13 
vn 0.985235 0.171206 1.16323e-13 
vn 0.961152 0.276018 1.87536e-13 
vn 0.997923 0.0644129 4.37643e-14 
vn 0.985235 0.171206 1.16323e-13 
vn 0.99907 -0.0431248 -2.93004e-14 
vn 0.997923 0.0644129 4.37643e-14 
vn 0.988661 -0.150164 -1.02286e-13 
vn 0.99907 -0.0431248 -2.93004e-14 
vn 0.988661 -0.150164 -1.02286e-13 
f 1272//1272 1273//1273 1274//1274 
f 1275//1275 1272//1272 1276//1276 
f 1277//1277 1275//1275 1278//1278 
f 1279//1279 1277//1277 1280//1280 
f 1281//1281 1279//1279 1282//1282 
f 1283//1283 1281//1281 1284//1284 
f 1285//1285 1283//1283 1286//1286 
f 1287//1287 1285//1285 1288//1288 
f 1289//1289 1287//1287 1290//1290 
f 1291//1291 1289//1289 1292//1292 
f 1293//1293 1291//1291 1294//1294 
f 1295//1295 1293//1293 1296//1296 
f 1297//1297 1295//1295 1298//1298 
f 1299//1299 1297//1297 1300//1300 
f 1301//1301 1299//1299 1302//1302 
f 1303//1303 1301//1301 1304//1304 
f 1304//1304 1305//1305 1303//1303 
f 1302//1302 1304//1304 1301//1301 
f 1300//1300 1302//1302 1299//1299 
f 1298//1298 1300//1300 1297//1297 
f 1296//1296 1298//1298 1295//1295 
f 1294//1294 1296//1296 1293//1293 
f 1292//1292 1294//1294 1291//1291 
f 1290//1290 1292//1292 1289//1289 
f 1288//1288 1290//1290 1287//1287 
f 1286//1286 1288//1288 1285//1285 
f 1284//1284 1286//1286 1283//1283 
f 1282//1282 1284//1284 1281//1281 
f 1280//1280 1282//1282 1279//1279 
f 1278//1278 1280//1280 1277//1277 
f 1276//1276 1278//1278 1275//1275 
f 1274//1274 1276//1276 1272//1272 
v 0.0126634 0.0121084 0.002 
v 0.0131562 0.0111767 0.002 
v 0.0132144 0.0109177 0.002 
v 0.0130709 0.011428 0.002 
v 0.0128231 0.0118965 0.002 
v 0.0132448 0.0106541 0.002 
v 0.0122813 0.0124758 0.002 
v 0.0124821 0.0123023 0.002 
v 0.0118304 0.0127543 0.002 
v 0.0120632 0.012627 0.002 
v 0.0129595 0.0116688 0.002 
v 0.0113308 0.0129315 0.002 
v 0.0115853 0.0128562 0.002 
v 0.0108052 0.0129994 0.002 
v 0.0110698 0.0129794 0.002 
v 0.0107495 0.013 0.002 
v 0.00253124 0.0127512 0.002 
v 0.00120944 0.0129436 0.002 
v 0.0132471 0.0103887 0.002 
v 0.0132212 0.0101246 0.002 
v 0.00741678 0.0106767 0.002 
v 0.00382633 0.0124241 0.002 
v 0.0131906 0.00981054 0.002 
v 0.0084732 0.00985925 0.002 
v 0.00508101 0.0119659 0.002 
v 0.0126861 0.00675 0.002 
v 0.0151912 0.00690153 0.002 
v 0.0154954 0.00681767 0.002 
v 0.0134052 0.00857602 0.002 
v 0.0135399 0.00829068 0.002 
v 0.0112252 0.00712975 0.002 
v 0.0133019 0.00887417 0.002 
v 0.0107259 0.00747898 0.002 
v 0.00628206 0.0113814 0.002 
v 0.0148978 0.00701756 0.002 
v 0.0141152 0.00754358 0.002 
v 0.0143567 0.00734046 0.002 
v 0.0137044 0.00802145 0.002 
v 0.0138969 0.00777145 0.002 
v 0.0117847 0.00688862 0.002 
v 0.0114988 0.00699494 0.002 
v 0.01208 0.00681187 0.002 
v 0.0109667 0.00729166 0.002 
v 0.0105054 0.00768978 0.002 
v 0.013194 0.00949502 0.002 
v 0.00944017 0.00893774 0.002 
v 0.0146185 0.00716444 0.002 
v 0.0123815 0.00676551 0.002 
v 0.0103075 0.00792188 0.002 
v 0.0132312 0.00918169 0.002 
v 6.93022e-15 0.013 0.002 
v 0.0158068 0.00676697 0.002 
v 0.0161219 0.00675 0.002 
vn 0 0 -1 
vn 0 0 -1 
vn 0 0 -1 
vn 0 0 -1 
vn 0 0 -1 
vn 0 0 -1 
vn 0 0 -1 
vn 0 0 -1 
vn 0 0 -1 
vn 0 0 -1 
vn 0 0 -1 
vn 0 0 -1 
vn 0 0 -1 
vn 0 0 -1 
vn 0 0 -1 
vn 0 0 -1 
vn 0 0 -1 
vn 0 0 -1 
vn 0 0 -1 
vn 0 0 -1 
vn 0 0 -1 
vn 0 0 -1 
vn 0 0 -1 
vn 0 0 -1 
vn 0 0 -1 
vn 0 0 -1 
vn 0 0 -1 
vn 0 0 -1 
vn 0 0 -1 
vn 0 0 -1 
vn 0 0 -1 
vn 0 0 -1 
vn 0 0 -1 
vn 0 0 -1 
vn 0 0 -1 
vn 0 0 -1 
vn 0 0 -1 
vn 0 0 -1 
vn 0 0 -1 
vn 0 0 -1 
vn 0 0 -1 
vn 0 0 -1 
vn 0 0 -1 
vn 0 0 -1 
vn 0 0 -1 
vn 0 0 -1 
vn 0 0 -1 
vn 0 0 -1 
vn 0 0 -1 
vn 0 0 -1 
vn 0 0 -1 
vn 0 0 -1 
vn 0 0 -1 
f 1306//1306 1307//1307 1308//1308 
f 1306//1306 1309//1309 1307//1307 
f 1309//1309 1306//1306 1310//1310 
f 1311//1311 1312//1312 1313//1313 
f 1311//1311 1314//1314 1315//1315 
f 1310//1310 1316//1316 1309//1309 
f 1315//1315 1312//1312 1311//1311 
f 1311//1311 1317//1317 1318//1318 
f 1311//1311 1319//1319 1320//1320 
f 1313//1313 1306//1306 1311//1311 
f 1320//1320 1317//1317 1311//1311 
f 1318//1318 1314//1314 1311//1311 
f 1308//1308 1311//1311 1306//1306 
f 1321//1321 1322//1322 1323//1323 
f 1311//1311 1324//1324 1319//1319 
f 1325//1325 1326//1326 1321//1321 
f 1321//1321 1327//1327 1322//1322 
f 1325//1325 1328//1328 1329//1329 
f 1321//1321 1319//1319 1325//1325 
f 1321//1321 1330//1330 1327//1327 
f 1324//1324 1325//1325 1319//1319 
f 1331//1331 1332//1332 1333//1333 
f 1334//1334 1335//1335 1336//1336 
f 1337//1337 1334//1334 1338//1338 
f 1321//1321 1339//1339 1330//1330 
f 1329//1329 1326//1326 1325//1325 
f 1331//1331 1340//1340 1332//1332 
f 1331//1331 1341//1341 1342//1342 
f 1343//1343 1344//1344 1331//1331 
f 1335//1335 1345//1345 1346//1346 
f 1335//1335 1343//1343 1347//1347 
f 1336//1336 1348//1348 1334//1334 
f 1338//1338 1349//1349 1337//1337 
f 1328//1328 1350//1350 1351//1351 
f 1326//1326 1339//1339 1321//1321 
f 1331//1331 1352//1352 1340//1340 
f 1331//1331 1344//1344 1341//1341 
f 1331//1331 1353//1353 1343//1343 
f 1347//1347 1345//1345 1335//1335 
f 1349//1349 1354//1354 1337//1337 
f 1355//1355 1337//1337 1354//1354 
f 1323//1323 1356//1356 1321//1321 
f 1342//1342 1352//1352 1331//1331 
f 1346//1346 1336//1336 1335//1335 
f 1354//1354 1351//1351 1355//1355 
f 1351//1351 1329//1329 1328//1328 
f 1353//1353 1347//1347 1343//1343 
f 1350//1350 1355//1355 1351//1351 
f 1348//1348 1338//1338 1334//1334 
f 1333//1333 1357//1357 1331//1331 
f 1357//1357 1358//1358 1331//1331 
v 0.0113308 0.0129315 0.0105 
v 0.00977012 0.0128002 0.0105 
v 0.00953181 0.0126834 0.0105 
v 0.0105399 0.0129912 0.0105 
v 0.010277 0.0129549 0.0105 
v 0.0110698 0.0129794 0.0105 
v 0.0100195 0.012891 0.0105 
v 0.0108052 0.0129994 0.0105 
v 0.00930722 0.012542 0.0105 
v 0.0120632 0.012627 0.0105 
v 0.0118304 0.0127543 0.0105 
v 0.0132448 0.0106541 0.0105 
v 0.00837536 0.0112831 0.0105 
v 0.00830572 0.011027 0.0105 
v 0.00859381 0.011766 0.0105 
v 0.00847175 0.0115304 0.0105 
v 0.0115853 0.0128562 0.0105 
v 0.0126634 0.0121084 0.0105 
v 0.0124821 0.0123023 0.0105 
v 0.0130709 0.011428 0.0105 
v 0.0129595 0.0116688 0.0105 
v 0.0132144 0.0109177 0.0105 
v 0.00890915 0.012192 0.0105 
v 0.00874016 0.0119874 0.0105 
v 0.0122813 0.0124758 0.0105 
v 0.0128231 0.0118965 0.0105 
v 0.0131562 0.0111767 0.0105 
v 0.00909889 0.0123776 0.0105 
v 0.00936889 0.00730965 0.0105 
v 0.0134052 0.00857602 0.0105 
v 0.0133019 0.00887417 0.0105 
v 0.0146185 0.00716444 0.0105 
v 0.0143567 0.00734046 0.0105 
v 0.0135399 0.00829068 0.0105 
v 0.0138969 0.00777145 0.0105 
v 0.0137044 0.00802145 0.0105 
v 0.0141152 0.00754358 0.0105 
v 0.0158068 0.00676697 0.0105 
v 0.0154954 0.00681767 0.0105 
v 0.00826362 0.010765 0.0105 
v 0.0132471 0.0103887 0.0105 
v 0.0131906 0.00981054 0.0105 
v 0.0083541 0.00958889 0.0105 
v 0.00869615 0.00906218 0.0105 
v 0.0132312 0.00918169 0.0105 
v 0.00898127 0.0085026 0.0105 
v 0.00920634 0.00791628 0.0105 
v 0.0148978 0.00701756 0.0105 
v 0.0151912 0.00690153 0.0105 
v 0.00824953 0.0097285 0.0105 
v 0.013194 0.00949502 0.0105 
v 0.00824953 0.0105 0.0105 
v 0.0132212 0.0101246 0.0105 
v 0.0095 0.00675 0.0105 
v 0.0161219 0.00675 0.0105 
v 0.00946713 0.00668935 0.0105 
v 0.0095 0.00606218 0.0105 
vn 0 0 1 
vn 0 0 1 
vn 0 0 1 
vn 0 0 1 
vn 0 0 1 
vn 0 0 1 
vn 0 0 1 
vn 0 0 1 
vn 0 0 1 
vn 0 0 1 
vn 0 0 1 
vn 0 0 1 
vn 0 0 1 
vn 0 0 1 
vn 0 0 1 
vn 0 0 1 
vn 0 0 1 
vn 0 0 1 
vn 0 0 1 
vn 0 0 1 
vn 0 0 1 
vn 0 0 1 
vn 0 0 1 
vn 0 0 1 
vn 0 0 1 
vn 0 0 1 
vn 0 0 1 
vn 0 0 1 
vn 0 0 1 
vn 0 0 1 
vn 0 0 1 
vn 0 0 1 
vn 0 0 1 
vn 0 0 1 
vn 0 0 1 
vn 0 0 1 
vn 0 0 1 
vn 0 0 1 
vn 0 0 1 
vn 0 0 1 
vn 0 0 1 
vn 0 0 1 
vn 0 0 1 
vn 0 0 1 
vn 0 0 1 
vn 0 0 1 
vn 0 0 1 
vn 0 0 1 
vn 0 0 1 
vn 0 0 1 
vn 0 0 1 
vn 0 0 1 
vn 0 0 1 
vn 0 0 1 
vn 0 0 1 
vn 0 0 1 
vn 0 0 1 
f 1359//1359 1360//1360 1361//1361 
f 1359//1359 1362//1362 1363//1363 
f 1362//1362 1359//1359 1364//1364 
f 1359//1359 1365//1365 1360//1360 
f 1364//1364 1366//1366 1362//1362 
f 1367//1367 1368//1368 1369//1369 
f 1370//1370 1371//1371 1372//1372 
f 1370//1370 1373//1373 1374//1374 
f 1363//1363 1365//1365 1359//1359 
f 1369//1369 1375//1375 1367//1367 
f 1367//1367 1376//1376 1377//1377 
f 1367//1367 1378//1378 1379//1379 
f 1367//1367 1370//1370 1380//1380 
f 1374//1374 1371//1371 1370//1370 
f 1370//1370 1381//1381 1382//1382 
f 1375//1375 1359//1359 1367//1367 
f 1377//1377 1383//1383 1367//1367 
f 1379//1379 1384//1384 1367//1367 
f 1380//1380 1385//1385 1367//1367 
f 1382//1382 1373//1373 1370//1370 
f 1370//1370 1367//1367 1386//1386 
f 1383//1383 1368//1368 1367//1367 
f 1385//1385 1378//1378 1367//1367 
f 1386//1386 1381//1381 1370//1370 
f 1384//1384 1376//1376 1367//1367 
f 1387//1387 1388//1388 1389//1389 
f 1387//1387 1390//1390 1391//1391 
f 1361//1361 1367//1367 1359//1359 
f 1387//1387 1392//1392 1388//1388 
f 1387//1387 1393//1393 1394//1394 
f 1391//1391 1395//1395 1387//1387 
f 1387//1387 1396//1396 1397//1397 
f 1398//1398 1399//1399 1370//1370 
f 1400//1400 1401//1401 1402//1402 
f 1403//1403 1404//1404 1405//1405 
f 1394//1394 1392//1392 1387//1387 
f 1387//1387 1406//1406 1390//1390 
f 1397//1397 1407//1407 1387//1387 
f 1372//1372 1398//1398 1370//1370 
f 1400//1400 1408//1408 1401//1401 
f 1409//1409 1402//1402 1404//1404 
f 1389//1389 1405//1405 1387//1387 
f 1407//1407 1406//1406 1387//1387 
f 1410//1410 1411//1411 1399//1399 
f 1410//1410 1408//1408 1400//1400 
f 1404//1404 1403//1403 1409//1409 
f 1395//1395 1393//1393 1387//1387 
f 1400//1400 1411//1411 1410//1410 
f 1405//1405 1389//1389 1403//1403 
f 1402//1402 1409//1409 1400//1400 
f 1412//1412 1413//1413 1396//1396 
f 1396//1396 1387//1387 1412//1412 
f 1412//1412 1387//1387 1414//1414 
f 1414//1414 1415//1415 1412//1412 
f 1398//1398 1410//1410 1399//1399 
v 0.00795887 0.010077 0.01747 
v 0.00795887 0.010077 0.005 
v 0.00751478 0.010521 0.005 
v 0.00751478 0.010521 0.01747 
v 0.00702671 0.0109163 0.005 
v 0.00702671 0.0109163 0.01747 
v 0.0065 0.0112583 0.005 
v 0.00946713 0.00668935 0.0105 
v 0.00946713 0.00668935 0.01747 
v 0.0095 0.00606218 0.01697 
v 0.0095 0.00606218 0.01747 
v 0.00936889 0.00730965 0.0105 
v 0.00936889 0.00730965 0.01747 
v 0.00920634 0.00791628 0.0105 
v 0.00920634 0.00791628 0.01747 
v 0.00898127 0.0085026 0.0105 
v 0.00898127 0.0085026 0.01747 
v 0.00869615 0.00906218 0.0105 
v 0.00869615 0.00906218 0.01747 
v 0.0083541 0.00958889 0.0105 
v 0.00824953 0.0097285 0.0105 
v 0.0083541 0.00958889 0.01747 
v 0.00824953 0.0097285 0.005 
v 0.0095 0.00606218 0.0105 
v 0.0065 0.0112583 0.01747 
vn 0.743145 0.669131 0 
vn 0.743145 0.669131 0 
vn 0.669131 0.743145 0 
vn 0.669131 0.743145 0 
vn 0.587785 0.809017 0 
vn 0.587785 0.809017 0 
vn 0.5 0.866025 0 
vn 0.994522 0.104528 0 
vn 0.994522 0.104528 0 
vn 1 1.59016e-15 0 
vn 1 1.59016e-15 0 
vn 0.978148 0.207912 0 
vn 0.978148 0.207912 0 
vn 0.951057 0.309017 0 
vn 0.951057 0.309017 0 
vn 0.913545 0.406737 0 
vn 0.913545 0.406737 0 
vn 0.866025 0.5 0 
vn 0.866025 0.5 0 
vn 0.809017 0.587785 0 
vn 0.791589 0.611054 0 
vn 0.809017 0.587785 0 
vn 0.791589 0.611054 0 
vn 1 1.59016e-15 0 
vn 0.5 0.866025 0 
f 1416//1416 1417//1417 1418//1418 
f 1419//1419 1418//1418 1420//1420 
f 1421//1421 1420//1420 1422//1422 
f 1423//1423 1424//1424 1425//1425 
f 1424//1424 1426//1426 1425//1425 
f 1424//1424 1423//1423 1427//1427 
f 1428//1428 1427//1427 1429//1429 
f 1430//1430 1429//1429 1431//1431 
f 1432//1432 1431//1431 1433//1433 
f 1434//1434 1433//1433 1435//1435 
f 1417//1417 1416//1416 1436//1436 
f 1437//1437 1435//1435 1436//1436 
f 1436//1436 1416//1416 1437//1437 
f 1436//1436 1438//1438 1417//1417 
f 1435//1435 1437//1437 1434//1434 
f 1433//1433 1434//1434 1432//1432 
f 1431//1431 1432//1432 1430//1430 
f 1429//1429 1430//1430 1428//1428 
f 1427//1427 1428//1428 1424//1424 
f 1425//1425 1439//1439 1423//1423 
f 1422//1422 1440//1440 1421//1421 
f 1420//1420 1421//1421 1419//1419 
f 1418//1418 1419//1419 1416//1416 
v 0.0132212 0.0101246 0.0105 
v 0.0132212 0.0101246 0.002 
v 0.0132471 0.0103887 0.002 
v 0.0132471 0.0103887 0.0105 
v 0.0132448 0.0106541 0.002 
v 0.0132448 0.0106541 0.0105 
v 0.0132144 0.0109177 0.002 
v 0.0132144 0.0109177 0.0105 
v 0.0131562 0.0111767 0.002 
v 0.0131562 0.0111767 0.0105 
v 0.0130709 0.011428 0.002 
v 0.0130709 0.011428 0.0105 
v 0.0129595 0.0116688 0.002 
v 0.0129595 0.0116688 0.0105 
v 0.0128231 0.0118965 0.002 
v 0.0128231 0.0118965 0.0105 
v 0.0126634 0.0121084 0.002 
v 0.0126634 0.0121084 0.0105 
v 0.0124821 0.0123023 0.002 
v 0.0124821 0.0123023 0.0105 
v 0.0122813 0.0124758 0.002 
v 0.0122813 0.0124758 0.0105 
v 0.0120632 0.012627 0.002 
v 0.0120632 0.012627 0.0105 
v 0.0118304 0.0127543 0.002 
v 0.0118304 0.0127543 0.0105 
v 0.0115853 0.0128562 0.002 
v 0.0115853 0.0128562 0.0105 
v 0.0113308 0.0129315 0.002 
v 0.0113308 0.0129315 0.0105 
v 0.0110698 0.0129794 0.002 
v 0.0110698 0.0129794 0.0105 
v 0.0108052 0.0129994 0.002 
v 0.0105399 0.0129912 0.0105 
v 0.0108052 0.0129994 0.0105 
v 0.0107495 0.013 0.005 
v 0.0107495 0.013 0.002 
v 0.0105399 0.0129912 0.005 
v 0.010277 0.0129549 0.005 
v 0.010277 0.0129549 0.0105 
v 0.0100195 0.012891 0.005 
v 0.0100195 0.012891 0.0105 
v 0.00977012 0.0128002 0.005 
v 0.00977012 0.0128002 0.0105 
v 0.00953181 0.0126834 0.005 
v 0.00953181 0.0126834 0.0105 
v 0.00930722 0.012542 0.005 
v 0.00930722 0.012542 0.0105 
v 0.00909889 0.0123776 0.005 
v 0.00909889 0.0123776 0.0105 
v 0.00890915 0.012192 0.005 
v 0.00890915 0.012192 0.0105 
v 0.00874016 0.0119874 0.005 
v 0.00874016 0.0119874 0.0105 
v 0.00859381 0.011766 0.005 
v 0.00859381 0.011766 0.0105 
v 0.00847175 0.0115304 0.005 
v 0.00847175 0.0115304 0.0105 
v 0.00837536 0.0112831 0.005 
v 0.00837536 0.0112831 0.0105 
v 0.00830572 0.011027 0.005 
v 0.00830572 0.011027 0.0105 
v 0.00826362 0.010765 0.005 
v 0.00826362 0.010765 0.0105 
v 0.00824953 0.0105 0.005 
v 0.00824953 0.0105 0.0105 
vn 0.988661 -0.150164 -1.02002e-13 
vn 0.988661 -0.150164 -1.02002e-13 
vn 0.999009 -0.044515 -3.0245e-14 
vn 0.999009 -0.044515 -3.0245e-14 
vn 0.998099 0.0616353 4.18771e-14 
vn 0.998099 0.0616353 4.18771e-14 
vn 0.985941 0.167091 1.13527e-13 
vn 0.985941 0.167091 1.13527e-13 
vn 0.962674 0.270664 1.83898e-13 
vn 0.962674 0.270664 1.83898e-13 
vn 0.928558 0.371187 2.52197e-13 
vn 0.928558 0.371187 2.52197e-13 
vn 0.883979 0.467527 3.17653e-13 
vn 0.883979 0.467527 3.17653e-13 
vn 0.829438 0.558598 3.7953e-13 
vn 0.829438 0.558598 3.7953e-13 
vn 0.765551 0.643375 4.37131e-13 
vn 0.765551 0.643375 4.37131e-13 
vn 0.693037 0.720902 4.89805e-13 
vn 0.693037 0.720902 4.89805e-13 
vn 0.612713 0.790305 5.3696e-13 
vn 0.612713 0.790305 5.3696e-13 
vn 0.525485 0.850803 5.78064e-13 
vn 0.525485 0.850803 5.78064e-13 
vn 0.432335 0.901713 6.12654e-13 
vn 0.432335 0.901713 6.12654e-13 
vn 0.334314 0.942462 6.4034e-13 
vn 0.334314 0.942462 6.4034e-13 
vn 0.232525 0.97259 6.6081e-13 
vn 0.232525 0.97259 6.6081e-13 
vn 0.128116 0.991759 6.73834e-13 
vn 0.128116 0.991759 6.73834e-13 
vn 0.022263 0.999752 6.79265e-13 
vn -0.0838407 0.996479 6.77041e-13 
vn 0.022263 0.999752 6.79265e-13 
vn 3.60129e-13 1 6.79491e-13 
vn 3.60129e-13 1 6.79491e-13 
vn -0.0838407 0.996479 6.77041e-13 
vn -0.189 0.981977 6.67175e-13 
vn -0.189 0.981977 6.67175e-13 
vn -0.292029 0.95641 6.49827e-13 
vn -0.292029 0.95641 6.49827e-13 
vn -0.391767 0.920064 6.25194e-13 
vn -0.391767 0.920064 6.25194e-13 
vn -0.487091 0.873351 5.93449e-13 
vn -0.487091 0.873351 5.93449e-13 
vn -0.576926 0.816797 5.54938e-13 
vn -0.576926 0.816797 5.54938e-13 
vn -0.660259 0.751038 5.10356e-13 
vn -0.660259 0.751038 5.10356e-13 
vn -0.736152 0.676816 4.59875e-13 
vn -0.736152 0.676816 4.59875e-13 
vn -0.80375 0.594967 4.04191e-13 
vn -0.80375 0.594967 4.04191e-13 
vn -0.862291 0.506413 3.43996e-13 
vn -0.862291 0.506413 3.43996e-13 
vn -0.911114 0.412153 2.79984e-13 
vn -0.911114 0.412153 2.79984e-13 
vn -0.949671 0.313249 2.12851e-13 
vn -0.949671 0.313249 2.12851e-13 
vn -0.977526 0.210815 1.43288e-13 
vn -0.977526 0.210815 1.43288e-13 
vn -0.994366 0.106005 7.1991e-14 
vn -0.994366 0.106005 7.1991e-14 
vn -1 -9.20248e-13 0 
vn -1 -9.20248e-13 0 
f 1441//1441 1442//1442 1443//1443 
f 1444//1444 1443//1443 1445//1445 
f 1446//1446 1445//1445 1447//1447 
f 1448//1448 1447//1447 1449//1449 
f 1450//1450 1449//1449 1451//1451 
f 1452//1452 1451//1451 1453//1453 
f 1454//1454 1453//1453 1455//1455 
f 1456//1456 1455//1455 1457//1457 
f 1458//1458 1457//1457 1459//1459 
f 1460//1460 1459//1459 1461//1461 
f 1462//1462 1461//1461 1463//1463 
f 1464//1464 1463//1463 1465//1465 
f 1466//1466 1465//1465 1467//1467 
f 1468//1468 1467//1467 1469//1469 
f 1470//1470 1469//1469 1471//1471 
f 1472//1472 1471//1471 1473//1473 
f 1474//1474 1475//1475 1476//1476 
f 1473//1473 1477//1477 1476//1476 
f 1476//1476 1475//1475 1473//1473 
f 1474//1474 1478//1478 1479//1479 
f 1480//1480 1479//1479 1481//1481 
f 1482//1482 1481//1481 1483//1483 
f 1484//1484 1483//1483 1485//1485 
f 1486//1486 1485//1485 1487//1487 
f 1488//1488 1487//1487 1489//1489 
f 1490//1490 1489//1489 1491//1491 
f 1492//1492 1491//1491 1493//1493 
f 1494//1494 1493//1493 1495//1495 
f 1496//1496 1495//1495 1497//1497 
f 1498//1498 1497//1497 1499//1499 
f 1500//1500 1499//1499 1501//1501 
f 1502//1502 1501//1501 1503//1503 
f 1504//1504 1503//1503 1505//1505 
f 1505//1505 1506//1506 1504//1504 
f 1503//1503 1504//1504 1502//1502 
f 1501//1501 1502//1502 1500//1500 
f 1499//1499 1500//1500 1498//1498 
f 1497//1497 1498//1498 1496//1496 
f 1495//1495 1496//1496 1494//1494 
f 1493//1493 1494//1494 1492//1492 
f 1491//1491 1492//1492 1490//1490 
f 1489//1489 1490//1490 1488//1488 
f 1487//1487 1488//1488 1486//1486 
f 1485//1485 1486//1486 1484//1484 
f 1483//1483 1484//1484 1482//1482 
f 1481//1481 1482//1482 1480//1480 
f 1479//1479 1480//1480 1474//1474 
f 1476//1476 1478//1478 1474//1474 
f 1473//1473 1475//1475 1472//1472 
f 1471//1471 1472//1472 1470//1470 
f 1469//1469 1470//1470 1468//1468 
f 1467//1467 1468//1468 1466//1466 
f 1465//1465 1466//1466 1464//1464 
f 1463//1463 1464//1464 1462//1462 
f 1461//1461 1462//1462 1460//1460 
f 1459//1459 1460//1460 1458//1458 
f 1457//1457 1458//1458 1456//1456 
f 1455//1455 1456//1456 1454//1454 
f 1453//1453 1454//1454 1452//1452 
f 1451//1451 1452//1452 1450//1450 
f 1449//1449 1450//1450 1448//1448 
f 1447//1447 1448//1448 1446//1446 
f 1445//1445 1446//1446 1444//1444 
f 1443//1443 1444//1444 1441//1441 
v 6.93022e-15 0.013 0.005 
v 0.010277 0.0129549 0.005 
v 0.0105399 0.0129912 0.005 
v 0.00953181 0.0126834 0.005 
v 0.00120944 0.0129436 0.005 
v 0.00751478 0.010521 0.005 
v 0.00795887 0.010077 0.005 
v 0.00824953 0.0105 0.005 
v 0.0100195 0.012891 0.005 
v 0.00909889 0.0123776 0.005 
v 0.00930722 0.012542 0.005 
v 0.00830572 0.011027 0.005 
v 0.0065 0.0112583 0.005 
v 0.00702671 0.0109163 0.005 
v 0.00826362 0.010765 0.005 
v 0.00977012 0.0128002 0.005 
v 0.00837536 0.0112831 0.005 
v 0.00508101 0.0119659 0.005 
v 0.00628206 0.0113814 0.005 
v 0.00874016 0.0119874 0.005 
v 0.00890915 0.012192 0.005 
v 0.00253124 0.0127512 0.005 
v 0.00382633 0.0124241 0.005 
v 0.00824953 0.0097285 0.005 
v 0.00847175 0.0115304 0.005 
v 0.00859381 0.011766 0.005 
v 0.0107495 0.013 0.005 
vn 0 -6.79433e-13 1 
vn 0 -6.79433e-13 1 
vn 0 -6.79433e-13 1 
vn 0 -6.79433e-13 1 
vn 0 -6.79433e-13 1 
vn 0 -6.79433e-13 1 
vn 0 -6.79433e-13 1 
vn 0 -6.79433e-13 1 
vn 0 -6.79433e-13 1 
vn 0 -6.79433e-13 1 
vn 0 -6.79433e-13 1 
vn 0 -6.79433e-13 1 
vn 0 -6.79433e-13 1 
vn 0 -6.79433e-13 1 
vn 0 -6.79433e-13 1 
vn 0 -6.79433e-13 1 
vn 0 -6.79433e-13 1 
vn 0 -6.79433e-13 1 
vn 0 -6.79433e-13 1 
vn 0 -6.79433e-13 1 
vn 0 -6.79433e-13 1 
vn 0 -6.79433e-13 1 
vn 0 -6.79433e-13 1 
vn 0 -6.79433e-13 1 
vn 0 -6.79433e-13 1 
vn 0 -6.79433e-13 1 
vn 0 -6.79433e-13 1 
f 1507//1507 1508//1508 1509//1509 
f 1510//1510 1507//1507 1511//1511 
f 1512//1512 1513//1513 1514//1514 
f 1507//1507 1515//1515 1508//1508 
f 1511//1511 1516//1516 1517//1517 
f 1518//1518 1519//1519 1520//1520 
f 1514//1514 1521//1521 1512//1512 
f 1507//1507 1522//1522 1515//1515 
f 1511//1511 1517//1517 1510//1510 
f 1523//1523 1524//1524 1525//1525 
f 1518//1518 1525//1525 1519//1519 
f 1521//1521 1520//1520 1512//1512 
f 1510//1510 1522//1522 1507//1507 
f 1511//1511 1526//1526 1527//1527 
f 1526//1526 1511//1511 1528//1528 
f 1523//1523 1529//1529 1524//1524 
f 1513//1513 1530//1530 1514//1514 
f 1527//1527 1516//1516 1511//1511 
f 1528//1528 1531//1531 1532//1532 
f 1531//1531 1528//1528 1529//1529 
f 1520//1520 1521//1521 1518//1518 
f 1528//1528 1532//1532 1526//1526 
f 1525//1525 1518//1518 1523//1523 
f 1529//1529 1523//1523 1531//1531 
f 1509//1509 1533//1533 1507//1507 
v 6.93022e-15 0.013 0.005 
v 0.0107495 0.013 0.005 
v 0.0107495 0.013 0.002 
v 6.93022e-15 0.013 0.002 
vn 5.33188e-13 1 6.79433e-13 
vn 5.33188e-13 1 6.79433e-13 
vn 5.33188e-13 1 6.79433e-13 
vn 5.33188e-13 1 6.79433e-13 
f 1534//1534 1535//1535 1536//1536 
f 1536//1536 1537//1537 1534//1534 
v 0.00824953 0.0097285 0.0105 
v 0.00824953 0.0105 0.0105 
v 0.00824953 0.0105 0.005 
v 0.00824953 0.0097285 0.005 
vn -1 0 0 
vn -1 0 0 
vn -1 0 0 
vn -1 0 0 
f 1538//1538 1539//1539 1540//1540 
f 1540//1540 1541//1541 1538//1538 
v -0.00012514 0.0129994 0.01747 
v -0.00012514 0.0129994 0 
v -0.00145839 0.0129179 0 
v -0.00145839 0.0129179 0.01747 
v -0.00277625 0.0127001 0 
v -0.00277625 0.0127001 0.01747 
v -0.0040648 0.0123482 0 
v -0.0040648 0.0123482 0.01747 
v -0.00531043 0.0118659 0 
v -0.00531043 0.0118659 0.01747 
v -0.0065 0.0112583 0 
v 0.0065 0.0112583 0.01747 
v 0.0065 0.0112583 0.005 
v 0.00628206 0.0113814 0.005 
v 0.00628206 0.0113814 0.01747 
v 0.00508101 0.0119659 0.005 
v 0.00508101 0.0119659 0.01747 
v 0.00382633 0.0124241 0.005 
v 0.00382633 0.0124241 0.01747 
v 0.00253124 0.0127512 0.005 
v 0.00253124 0.0127512 0.01747 
v 0.00120944 0.0129436 0.005 
v 0.00120944 0.0129436 0 
v 6.93022e-15 0.013 0.002 
v 6.93022e-15 0.013 0.005 
v 0.00120944 0.0129436 0.01747 
v 0.00253124 0.0127512 0.002 
v 0.00253124 0.0127512 0 
v 0.00382633 0.0124241 0.002 
v 0.00382633 0.0124241 0 
v 0.00508101 0.0119659 0.002 
v 0.00508101 0.0119659 0 
v 0.00628206 0.0113814 0.002 
v 0.00628206 0.0113814 0 
v 0.00741678 0.0106767 0.002 
v 0.00741678 0.0106767 0 
v 0.0084732 0.00985925 0.002 
v 0.0084732 0.00985925 0 
v 0.00944017 0.00893774 0.002 
v 0.00944017 0.00893774 0 
v 0.0103075 0.00792188 0.002 
v 0.0103075 0.00792188 0 
v 0.00120944 0.0129436 0.002 
v -0.0065 0.0112583 0.01747 
vn -0.00962612 0.999954 0 
vn -0.00962612 0.999954 0 
vn -0.112184 0.993687 0 
vn -0.112184 0.993687 0 
vn -0.213558 0.97693 0 
vn -0.213558 0.97693 0 
vn -0.312677 0.94986 0 
vn -0.312677 0.94986 0 
vn -0.408495 0.912761 0 
vn -0.408495 0.912761 0 
vn -0.5 0.866025 0 
vn 0.5 0.866025 0 
vn 0.5 0.866025 0 
vn 0.483235 0.875491 0 
vn 0.483235 0.875491 0 
vn 0.390847 0.920456 0 
vn 0.390847 0.920456 0 
vn 0.294333 0.955703 0 
vn 0.294333 0.955703 0 
vn 0.194711 0.980861 0 
vn 0.194711 0.980861 0 
vn 0.0930335 0.995663 0 
vn 0.0930335 0.995663 0 
vn 5.32968e-13 1 0 
vn 5.32968e-13 1 0 
vn 0.0930335 0.995663 0 
vn 0.194711 0.980861 0 
vn 0.194711 0.980861 0 
vn 0.294333 0.955703 0 
vn 0.294333 0.955703 0 
vn 0.390847 0.920456 0 
vn 0.390847 0.920456 0 
vn 0.483235 0.875491 0 
vn 0.483235 0.875491 0 
vn 0.570522 0.821283 0 
vn 0.570522 0.821283 0 
vn 0.651785 0.758404 0 
vn 0.651785 0.758404 0 
vn 0.726167 0.687519 0 
vn 0.726167 0.687519 0 
vn 0.792882 0.609375 0 
vn 0.792882 0.609375 0 
vn 0.0930335 0.995663 0 
vn -0.5 0.866025 0 
f 1542//1542 1543//1543 1544//1544 
f 1545//1545 1544//1544 1546//1546 
f 1547//1547 1546//1546 1548//1548 
f 1549//1549 1548//1548 1550//1550 
f 1551//1551 1550//1550 1552//1552 
f 1553//1553 1554//1554 1555//1555 
f 1556//1556 1555//1555 1557//1557 
f 1558//1558 1557//1557 1559//1559 
f 1560//1560 1559//1559 1561//1561 
f 1562//1562 1561//1561 1563//1563 
f 1564//1564 1543//1543 1565//1565 
f 1543//1543 1542//1542 1566//1566 
f 1567//1567 1563//1563 1566//1566 
f 1566//1566 1542//1542 1567//1567 
f 1566//1566 1565//1565 1543//1543 
f 1568//1568 1569//1569 1564//1564 
f 1570//1570 1571//1571 1569//1569 
f 1572//1572 1573//1573 1571//1571 
f 1574//1574 1575//1575 1573//1573 
f 1576//1576 1577//1577 1575//1575 
f 1578//1578 1579//1579 1577//1577 
f 1580//1580 1581//1581 1579//1579 
f 1582//1582 1583//1583 1581//1581 
f 1581//1581 1580//1580 1582//1582 
f 1579//1579 1578//1578 1580//1580 
f 1577//1577 1576//1576 1578//1578 
f 1575//1575 1574//1574 1576//1576 
f 1573//1573 1572//1572 1574//1574 
f 1571//1571 1570//1570 1572//1572 
f 1569//1569 1568//1568 1570//1570 
f 1564//1564 1584//1584 1568//1568 
f 1565//1565 1584//1584 1564//1564 
f 1563//1563 1567//1567 1562//1562 
f 1561//1561 1562//1562 1560//1560 
f 1559//1559 1560//1560 1558//1558 
f 1557//1557 1558//1558 1556//1556 
f 1555//1555 1556//1556 1553//1553 
f 1552//1552 1585//1585 1551//1551 
f 1550//1550 1551//1551 1549//1549 
f 1548//1548 1549//1549 1547//1547 
f 1546//1546 1547//1547 1545//1545 
f 1544//1544 1545//1545 1542//1542 
v -0.0065 0.0112583 0.01747 
v -0.0065 0.0112583 0 
v -0.00702671 0.0109163 0 
v -0.00702671 0.0109163 0.01747 
v -0.00751478 0.010521 0 
v -0.00751478 0.010521 0.01747 
v -0.00795887 0.010077 0 
v -0.00795887 0.010077 0.01747 
v -0.0083541 0.00958889 0 
v -0.0083541 0.00958889 0.01747 
v -0.00869615 0.00906218 0 
v -0.00869615 0.00906218 0.01747 
v -0.00898127 0.0085026 0 
v -0.00898127 0.0085026 0.01747 
v -0.00920634 0.00791628 0 
v -0.00920634 0.00791628 0.01747 
v -0.00936889 0.00730965 0 
v -0.00936889 0.00730965 0.01747 
v -0.00946713 0.00668935 0 
v -0.00946713 0.00668935 0.01747 
v -0.0095 0.00606218 0 
v -0.0095 0.00606218 0.01747 
vn -0.5 0.866025 0 
vn -0.5 0.866025 0 
vn -0.587785 0.809017 0 
vn -0.587785 0.809017 0 
vn -0.669131 0.743145 0 
vn -0.669131 0.743145 0 
vn -0.743145 0.669131 0 
vn -0.743145 0.669131 0 
vn -0.809017 0.587785 0 
vn -0.809017 0.587785 0 
vn -0.866025 0.5 0 
vn -0.866025 0.5 0 
vn -0.913545 0.406737 0 
vn -0.913545 0.406737 0 
vn -0.951057 0.309017 0 
vn -0.951057 0.309017 0 
vn -0.978148 0.207912 0 
vn -0.978148 0.207912 0 
vn -0.994522 0.104528 0 
vn -0.994522 0.104528 0 
vn -1 1.4456e-16 0 
vn -1 1.4456e-16 0 
f 1586//1586 1587//1587 1588//1588 
f 1589//1589 1588//1588 1590//1590 
f 1591//1591 1590//1590 1592//1592 
f 1593//1593 1592//1592 1594//1594 
f 1595//1595 1594//1594 1596//1596 
f 1597//1597 1596//1596 1598//1598 
f 1599//1599 1598//1598 1600//1600 
f 1601//1601 1600//1600 1602//1602 
f 1603//1603 1602//1602 1604//1604 
f 1605//1605 1604//1604 1606//1606 
f 1606//1606 1607//1607 1605//1605 
f 1604//1604 1605//1605 1603//1603 
f 1602//1602 1603//1603 1601//1601 
f 1600//1600 1601//1601 1599//1599 
f 1598//1598 1599//1599 1597//1597 
f 1596//1596 1597//1597 1595//1595 
f 1594//1594 1595//1595 1593//1593 
f 1592//1592 1593//1593 1591//1591 
f 1590//1590 1591//1591 1589//1589 
f 1588//1588 1589//1589 1586//1586 
v -0.0095 -0.00606218 0 
v -0.0095 -0.00606218 0.01747 
v -0.0095 0.00606218 0.01747 
v -0.0095 0.00606218 0 
vn -1 1.4456e-16 0 
vn -1 1.4456e-16 0 
vn -1 1.4456e-16 0 
vn -1 1.4456e-16 0 
f 1608//1608 1609//1609 1610//1610 
f 1610//1610 1611//1611 1608//1608 
v -0.0095 0.00606218 0.01747 
v -0.00920634 0.00791628 0.01747 
v -0.00936889 0.00730965 0.01747 
v -0.00869615 0.00906218 0.01747 
v -0.00898127 0.0085026 0.01747 
v -0.00751478 0.010521 0.01747 
v -0.00795887 0.010077 0.01747 
v -0.0083541 0.00958889 0.01747 
v -0.0095 -0.00606218 0.01747 
v 0.00920634 -0.00791628 0.01747 
v 0.00936889 -0.00730965 0.01747 
v 0.0083541 -0.00958889 0.01747 
v 0.00869615 -0.00906218 0.01747 
v 0.00382633 -0.0124241 0.01747 
v 0.00508101 -0.0119659 0.01747 
v -0.00012514 -0.0129994 0.01747 
v 0.00120944 -0.0129436 0.01747 
v -0.00920634 -0.00791628 0.01747 
v -0.00946713 -0.00668935 0.01747 
v 0.00946713 -0.00668935 0.01747 
v 0.00898127 -0.0085026 0.01747 
v 0.00751478 -0.010521 0.01747 
v 0.00795887 -0.010077 0.01747 
v 0.00253124 -0.0127512 0.01747 
v -0.00145839 -0.0129179 0.01747 
v -0.00751478 -0.010521 0.01747 
v -0.00702671 -0.0109163 0.01747 
v -0.0083541 -0.00958889 0.01747 
v -0.00795887 -0.010077 0.01747 
v -0.00898127 -0.0085026 0.01747 
v -0.00869615 -0.00906218 0.01747 
v -0.00936889 -0.00730965 0.01747 
v -0.00702671 0.0109163 0.01747 
v 0.00253124 0.0127512 0.01747 
v 0.00120944 0.0129436 0.01747 
v 0.00869615 0.00906218 0.01747 
v 0.0083541 0.00958889 0.01747 
v 0.00920634 0.00791628 0.01747 
v 0.00898127 0.0085026 0.01747 
v 0.00702671 -0.0109163 0.01747 
v -0.0040648 -0.0123482 0.01747 
v -0.00277625 -0.0127001 0.01747 
v -0.0065 0.0112583 0.01747 
v 0.00382633 0.0124241 0.01747 
v 0.00795887 0.010077 0.01747 
v 0.00751478 0.010521 0.01747 
v 0.0095 0.00606218 0.01747 
v 0.00946713 0.00668935 0.01747 
v -0.00531043 0.0118659 0.01747 
v 0.00508101 0.0119659 0.01747 
v 0.00936889 0.00730965 0.01747 
v 0.0065 -0.0112583 0.01747 
v -0.00531043 -0.0118659 0.01747 
v -0.0065 -0.0112583 0.01747 
v -0.0040648 0.0123482 0.01747 
v -0.00012514 0.0129994 0.01747 
v -0.00145839 0.0129179 0.01747 
v 0.00628206 0.0113814 0.01747 
v 0.00628206 -0.0113814 0.01747 
v -0.00277625 0.0127001 0.01747 
v 0.00702671 0.0109163 0.01747 
v 0.0095 -0.00606218 0.01747 
v 0.0065 0.0112583 0.01747 
v -0.00946713 0.00668935 0.01747 
vn 0 0 1 
vn 0 0 1 
vn 0 0 1 
vn 0 0 1 
vn 0 0 1 
vn 0 0 1 
vn 0 0 1 
vn 0 0 1 
vn 0 0 1 
vn 0 0 1 
vn 0 0 1 
vn 0 0 1 
vn 0 0 1 
vn 0 0 1 
vn 0 0 1 
vn 0 0 1 
vn 0 0 1 
vn 0 0 1 
vn 0 0 1 
vn 0 0 1 
vn 0 0 1 
vn 0 0 1 
vn 0 0 1 
vn 0 0 1 
vn 0 0 1 
vn 0 0 1 
vn 0 0 1 
vn 0 0 1 
vn 0 0 1 
vn 0 0 1 
vn 0 0 1 
vn 0 0 1 
vn 0 0 1 
vn 0 0 1 
vn 0 0 1 
vn 0 0 1 
vn 0 0 1 
vn 0 0 1 
vn 0 0 1 
vn 0 0 1 
vn 0 0 1 
vn 0 0 1 
vn 0 0 1 
vn 0 0 1 
vn 0 0 1 
vn 0 0 1 
vn 0 0 1 
vn 0 0 1 
vn 0 0 1 
vn 0 0 1 
vn 0 0 1 
vn 0 0 1 
vn 0 0 1 
vn 0 0 1 
vn 0 0 1 
vn 0 0 1 
vn 0 0 1 
vn 0 0 1 
vn 0 0 1 
vn 0 0 1 
vn 0 0 1 
vn 0 0 1 
vn 0 0 1 
vn 0 0 1 
f 1612//1612 1613//1613 1614//1614 
f 1612//1612 1615//1615 1616//1616 
f 1612//1612 1617//1617 1618//1618 
f 1616//1616 1613//1613 1612//1612 
f 1618//1618 1619//1619 1612//1612 
f 1620//1620 1621//1621 1622//1622 
f 1620//1620 1623//1623 1624//1624 
f 1620//1620 1625//1625 1626//1626 
f 1620//1620 1627//1627 1628//1628 
f 1629//1629 1620//1620 1630//1630 
f 1619//1619 1615//1615 1612//1612 
f 1622//1622 1631//1631 1620//1620 
f 1624//1624 1632//1632 1620//1620 
f 1620//1620 1633//1633 1634//1634 
f 1620//1620 1635//1635 1625//1625 
f 1620//1620 1636//1636 1627//1627 
f 1620//1620 1637//1637 1638//1638 
f 1620//1620 1639//1639 1640//1640 
f 1620//1620 1641//1641 1642//1642 
f 1630//1630 1643//1643 1629//1629 
f 1612//1612 1644//1644 1617//1617 
f 1612//1612 1645//1645 1646//1646 
f 1612//1612 1647//1647 1648//1648 
f 1612//1612 1649//1649 1650//1650 
f 1632//1632 1621//1621 1620//1620 
f 1620//1620 1651//1651 1633//1633 
f 1628//1628 1635//1635 1620//1620 
f 1620//1620 1652//1652 1653//1653 
f 1640//1640 1637//1637 1620//1620 
f 1629//1629 1641//1641 1620//1620 
f 1612//1612 1654//1654 1644//1644 
f 1612//1612 1655//1655 1645//1645 
f 1612//1612 1656//1656 1657//1657 
f 1650//1650 1647//1647 1612//1612 
f 1612//1612 1658//1658 1659//1659 
f 1634//1634 1623//1623 1620//1620 
f 1653//1653 1636//1636 1620//1620 
f 1642//1642 1639//1639 1620//1620 
f 1612//1612 1660//1660 1654//1654 
f 1612//1612 1661//1661 1655//1655 
f 1648//1648 1656//1656 1612//1612 
f 1659//1659 1662//1662 1612//1612 
f 1620//1620 1663//1663 1651//1651 
f 1620//1620 1664//1664 1652//1652 
f 1638//1638 1665//1665 1620//1620 
f 1612//1612 1666//1666 1660//1660 
f 1612//1612 1667//1667 1668//1668 
f 1612//1612 1669//1669 1661//1661 
f 1662//1662 1649//1649 1612//1612 
f 1620//1620 1670//1670 1663//1663 
f 1665//1665 1664//1664 1620//1620 
f 1612//1612 1671//1671 1666//1666 
f 1646//1646 1667//1667 1612//1612 
f 1657//1657 1672//1672 1612//1612 
f 1626//1626 1670//1670 1620//1620 
f 1673//1673 1658//1658 1612//1612 
f 1668//1668 1671//1671 1612//1612 
f 1672//1672 1674//1674 1612//1612 
f 1612//1612 1620//1620 1673//1673 
f 1674//1674 1669//1669 1612//1612 
f 1614//1614 1675//1675 1612//1612 
f 1631//1631 1673//1673 1620//1620 
v -0.0095 -0.00606218 0.01747 
v -0.0095 -0.00606218 0 
v -0.00946713 -0.00668935 0 
v -0.00946713 -0.00668935 0.01747 
v -0.00936889 -0.00730965 0 
v -0.00936889 -0.00730965 0.01747 
v -0.00920634 -0.00791628 0 
v -0.00920634 -0.00791628 0.01747 
v -0.00898127 -0.0085026 0 
v -0.00898127 -0.0085026 0.01747 
v -0.00869615 -0.00906218 0 
v -0.00869615 -0.00906218 0.01747 
v -0.0083541 -0.00958889 0 
v -0.0083541 -0.00958889 0.01747 
v -0.00795887 -0.010077 0 
v -0.00795887 -0.010077 0.01747 
v -0.00751478 -0.010521 0 
v -0.00751478 -0.010521 0.01747 
v -0.00702671 -0.0109163 0 
v -0.00702671 -0.0109163 0.01747 
v -0.0065 -0.0112583 0 
v -0.0065 -0.0112583 0.01747 
vn -1 1.4456e-16 0 
vn -1 1.4456e-16 0 
vn -0.994522 -0.104528 0 
vn -0.994522 -0.104528 0 
vn -0.978148 -0.207912 0 
vn -0.978148 -0.207912 0 
vn -0.951057 -0.309017 0 
vn -0.951057 -0.309017 0 
vn -0.913545 -0.406737 0 
vn -0.913545 -0.406737 0 
vn -0.866025 -0.5 0 
vn -0.866025 -0.5 0 
vn -0.809017 -0.587785 0 
vn -0.809017 -0.587785 0 
vn -0.743145 -0.669131 0 
vn -0.743145 -0.669131 0 
vn -0.669131 -0.743145 0 
vn -0.669131 -0.743145 0 
vn -0.587785 -0.809017 0 
vn -0.587785 -0.809017 0 
vn -0.5 -0.866025 0 
vn -0.5 -0.866025 0 
f 1676//1676 1677//1677 1678//1678 
f 1679//1679 1678//1678 1680//1680 
f 1681//1681 1680//1680 1682//1682 
f 1683//1683 1682//1682 1684//1684 
f 1685//1685 1684//1684 1686//1686 
f 1687//1687 1686//1686 1688//1688 
f 1689//1689 1688//1688 1690//1690 
f 1691//1691 1690//1690 1692//1692 
f 1693//1693 1692//1692 1694//1694 
f 1695//1695 1694//1694 1696//1696 
f 1696//1696 1697//1697 1695//1695 
f 1694//1694 1695//1695 1693//1693 
f 1692//1692 1693//1693 1691//1691 
f 1690//1690 1691//1691 1689//1689 
f 1688//1688 1689//1689 1687//1687 
f 1686//1686 1687//1687 1685//1685 
f 1684//1684 1685//1685 1683//1683 
f 1682//1682 1683//1683 1681//1681 
f 1680//1680 1681//1681 1679//1679 
f 1678//1678 1679//1679 1676//1676 
v 0.0065 -0.0112583 0.01747 
v 0.0065 -0.0112583 0.005 
v 0.00702671 -0.0109163 0.005 
v 0.00702671 -0.0109163 0.01747 
v 0.00751478 -0.010521 0.005 
v 0.00751478 -0.010521 0.01747 
v 0.00795887 -0.010077 0.005 
v 0.0083541 -0.00958889 0.01747 
v 0.0083541 -0.00958889 0.0105 
v 0.00869615 -0.00906218 0.0105 
v 0.00869615 -0.00906218 0.01747 
v 0.00898127 -0.0085026 0.0105 
v 0.00898127 -0.0085026 0.01747 
v 0.00920634 -0.00791628 0.0105 
v 0.00920634 -0.00791628 0.01747 
v 0.00936889 -0.00730965 0.0105 
v 0.00936889 -0.00730965 0.01747 
v 0.00946713 -0.00668935 0.0105 
v 0.0095 -0.00606218 0.0105 
v 0.0095 -0.00606218 0.01697 
v 0.00946713 -0.00668935 0.01747 
v 0.00795887 -0.010077 0.01747 
v 0.00824953 -0.0097285 0.0105 
v 0.00824953 -0.0097285 0.005 
v 0.0095 -0.00606218 0.01747 
vn 0.5 -0.866025 0 
vn 0.5 -0.866025 0 
vn 0.587785 -0.809017 0 
vn 0.587785 -0.809017 0 
vn 0.669131 -0.743145 0 
vn 0.669131 -0.743145 0 
vn 0.743145 -0.669131 0 
vn 0.809017 -0.587785 0 
vn 0.809017 -0.587785 0 
vn 0.866025 -0.5 0 
vn 0.866025 -0.5 0 
vn 0.913545 -0.406737 0 
vn 0.913545 -0.406737 0 
vn 0.951057 -0.309017 0 
vn 0.951057 -0.309017 0 
vn 0.978148 -0.207912 0 
vn 0.978148 -0.207912 0 
vn 0.994522 -0.104528 0 
vn 1 0 0 
vn 1 0 0 
vn 0.994522 -0.104528 0 
vn 0.743145 -0.669131 0 
vn 0.791589 -0.611054 0 
vn 0.791589 -0.611054 0 
vn 1 -5.63785e-15 0 
f 1698//1698 1699//1699 1700//1700 
f 1701//1701 1700//1700 1702//1702 
f 1703//1703 1702//1702 1704//1704 
f 1705//1705 1706//1706 1707//1707 
f 1708//1708 1707//1707 1709//1709 
f 1710//1710 1709//1709 1711//1711 
f 1712//1712 1711//1711 1713//1713 
f 1714//1714 1713//1713 1715//1715 
f 1715//1715 1716//1716 1717//1717 
f 1717//1717 1718//1718 1715//1715 
f 1705//1705 1719//1719 1720//1720 
f 1704//1704 1721//1721 1720//1720 
f 1720//1720 1719//1719 1704//1704 
f 1720//1720 1706//1706 1705//1705 
f 1717//1717 1722//1722 1718//1718 
f 1715//1715 1718//1718 1714//1714 
f 1713//1713 1714//1714 1712//1712 
f 1711//1711 1712//1712 1710//1710 
f 1709//1709 1710//1710 1708//1708 
f 1707//1707 1708//1708 1705//1705 
f 1704//1704 1719//1719 1703//1703 
f 1702//1702 1703//1703 1701//1701 
f 1700//1700 1701//1701 1698//1698 
v 0.00824953 -0.0105 0.0105 
v 0.00824953 -0.0097285 0.0105 
v 0.00824953 -0.0097285 0.005 
v 0.00824953 -0.0105 0.005 
vn -1 0 0 
vn -1 0 0 
vn -1 0 0 
vn -1 0 0 
f 1723//1723 1724//1724 1725//1725 
f 1725//1725 1726//1726 1723//1723 
v 0.0128231 -0.0118965 0.0105 
v 0.0130709 -0.011428 0.0105 
v 0.0131562 -0.0111767 0.0105 
v 0.0132471 -0.0103887 0.0105 
v 0.0124821 -0.0123023 0.0105 
v 0.0126634 -0.0121084 0.0105 
v 0.0132144 -0.0109177 0.0105 
v 0.0132448 -0.0106541 0.0105 
v 0.0129595 -0.0116688 0.0105 
v 0.0122813 -0.0124758 0.0105 
v 0.0105399 -0.0129912 0.0105 
v 0.0108052 -0.0129994 0.0105 
v 0.0100195 -0.012891 0.0105 
v 0.010277 -0.0129549 0.0105 
v 0.0120632 -0.012627 0.0105 
v 0.0110698 -0.0129794 0.0105 
v 0.0113308 -0.0129315 0.0105 
v 0.00930722 -0.012542 0.0105 
v 0.00953181 -0.0126834 0.0105 
v 0.00890915 -0.012192 0.0105 
v 0.00909889 -0.0123776 0.0105 
v 0.00837536 -0.0112831 0.0105 
v 0.00847175 -0.0115304 0.0105 
v 0.0115853 -0.0128562 0.0105 
v 0.0118304 -0.0127543 0.0105 
v 0.00977012 -0.0128002 0.0105 
v 0.00874016 -0.0119874 0.0105 
v 0.00830572 -0.011027 0.0105 
v 0.00859381 -0.011766 0.0105 
v 0.00826362 -0.010765 0.0105 
v 0.00824953 -0.0105 0.0105 
v 0.00936889 -0.00730965 0.0105 
v 0.00920634 -0.00791628 0.0105 
v 0.0133019 -0.00887417 0.0105 
v 0.0131906 -0.00981054 0.0105 
v 0.013194 -0.00949502 0.0105 
v 0.00869615 -0.00906218 0.0105 
v 0.0132212 -0.0101246 0.0105 
v 0.0095 -0.00675 0.0105 
v 0.0134052 -0.00857602 0.0105 
v 0.0135399 -0.00829068 0.0105 
v 0.0132312 -0.00918169 0.0105 
v 0.0083541 -0.00958889 0.0105 
v 0.0143567 -0.00734046 0.0105 
v 0.0146185 -0.00716444 0.0105 
v 0.0138969 -0.00777145 0.0105 
v 0.0141152 -0.00754358 0.0105 
v 0.0137044 -0.00802145 0.0105 
v 0.00898127 -0.0085026 0.0105 
v 0.00824953 -0.0097285 0.0105 
v 0.0148978 -0.00701756 0.0105 
v 0.0151912 -0.00690153 0.0105 
v 0.0154954 -0.00681767 0.0105 
v 0.0158068 -0.00676697 0.0105 
v 0.0095 -0.00606218 0.0105 
v 0.00946713 -0.00668935 0.0105 
v 0.0161219 -0.00675 0.0105 
vn 0 0 1 
vn 0 0 1 
vn 0 0 1 
vn 0 0 1 
vn 0 0 1 
vn 0 0 1 
vn 0 0 1 
vn 0 0 1 
vn 0 0 1 
vn 0 0 1 
vn 0 0 1 
vn 0 0 1 
vn 0 0 1 
vn 0 0 1 
vn 0 0 1 
vn 0 0 1 
vn 0 0 1 
vn 0 0 1 
vn 0 0 1 
vn 0 0 1 
vn 0 0 1 
vn 0 0 1 
vn 0 0 1 
vn 0 0 1 
vn 0 0 1 
vn 0 0 1 
vn 0 0 1 
vn 0 0 1 
vn 0 0 1 
vn 0 0 1 
vn 0 0 1 
vn 0 0 1 
vn 0 0 1 
vn 0 0 1 
vn 0 0 1 
vn 0 0 1 
vn 0 0 1 
vn 0 0 1 
vn 0 0 1 
vn 0 0 1 
vn 0 0 1 
vn 0 0 1 
vn 0 0 1 
vn 0 0 1 
vn 0 0 1 
vn 0 0 1 
vn 0 0 1 
vn 0 0 1 
vn 0 0 1 
vn 0 0 1 
vn 0 0 1 
vn 0 0 1 
vn 0 0 1 
vn 0 0 1 
vn 0 0 1 
vn 0 0 1 
vn 0 0 1 
f 1727//1727 1728//1728 1729//1729 
f 1730//1730 1731//1731 1732//1732 
f 1727//1727 1733//1733 1734//1734 
f 1727//1727 1735//1735 1728//1728 
f 1730//1730 1736//1736 1731//1731 
f 1730//1730 1737//1737 1738//1738 
f 1730//1730 1739//1739 1740//1740 
f 1729//1729 1733//1733 1727//1727 
f 1730//1730 1741//1741 1736//1736 
f 1730//1730 1742//1742 1743//1743 
f 1740//1740 1737//1737 1730//1730 
f 1730//1730 1744//1744 1745//1745 
f 1730//1730 1746//1746 1747//1747 
f 1730//1730 1748//1748 1749//1749 
f 1732//1732 1727//1727 1730//1730 
f 1730//1730 1750//1750 1751//1751 
f 1738//1738 1742//1742 1730//1730 
f 1745//1745 1752//1752 1730//1730 
f 1730//1730 1753//1753 1746//1746 
f 1730//1730 1754//1754 1748//1748 
f 1751//1751 1741//1741 1730//1730 
f 1752//1752 1739//1739 1730//1730 
f 1730//1730 1755//1755 1753//1753 
f 1730//1730 1756//1756 1754//1754 
f 1743//1743 1750//1750 1730//1730 
f 1749//1749 1755//1755 1730//1730 
f 1747//1747 1744//1744 1730//1730 
f 1730//1730 1757//1757 1756//1756 
f 1758//1758 1759//1759 1760//1760 
f 1761//1761 1762//1762 1763//1763 
f 1757//1757 1764//1764 1761//1761 
f 1734//1734 1730//1730 1727//1727 
f 1765//1765 1766//1766 1767//1767 
f 1766//1766 1765//1765 1758//1758 
f 1768//1768 1760//1760 1759//1759 
f 1763//1763 1769//1769 1761//1761 
f 1730//1730 1764//1764 1757//1757 
f 1765//1765 1770//1770 1771//1771 
f 1765//1765 1772//1772 1773//1773 
f 1767//1767 1774//1774 1765//1765 
f 1759//1759 1775//1775 1768//1768 
f 1762//1762 1768//1768 1775//1775 
f 1761//1761 1776//1776 1757//1757 
f 1765//1765 1777//1777 1778//1778 
f 1773//1773 1770//1770 1765//1765 
f 1760//1760 1766//1766 1758//1758 
f 1769//1769 1776//1776 1761//1761 
f 1771//1771 1777//1777 1765//1765 
f 1775//1775 1763//1763 1762//1762 
f 1765//1765 1779//1779 1780//1780 
f 1774//1774 1772//1772 1765//1765 
f 1765//1765 1781//1781 1782//1782 
f 1778//1778 1779//1779 1765//1765 
f 1780//1780 1783//1783 1765//1765 
f 1782//1782 1758//1758 1765//1765 
v 0.00751478 -0.010521 0.005 
v 0.00826362 -0.010765 0.005 
v 0.00824953 -0.0105 0.005 
v 0.00824953 -0.0097285 0.005 
v 0.00795887 -0.010077 0.005 
v 0.00830572 -0.011027 0.005 
v 0.00702671 -0.0109163 0.005 
v 0.0065 -0.0112583 0.005 
v 0.00837536 -0.0112831 0.005 
v 0.00508101 -0.0119659 0.005 
v 0.00382633 -0.0124241 0.005 
v 0.00628206 -0.0113814 0.005 
v 0.00120944 -0.0129436 0.005 
v 0.00977012 -0.0128002 0.005 
v 0.00953181 -0.0126834 0.005 
v 0.0100195 -0.012891 0.005 
v 6.93022e-15 -0.013 0.005 
v 0.0107495 -0.013 0.005 
v 0.0105399 -0.0129912 0.005 
v 0.00253124 -0.0127512 0.005 
v 0.00859381 -0.011766 0.005 
v 0.00847175 -0.0115304 0.005 
v 0.00909889 -0.0123776 0.005 
v 0.00890915 -0.012192 0.005 
v 0.010277 -0.0129549 0.005 
v 0.00874016 -0.0119874 0.005 
v 0.00930722 -0.012542 0.005 
vn 0 0 1 
vn 0 0 1 
vn 0 0 1 
vn 0 0 1 
vn 0 0 1 
vn 0 0 1 
vn 0 0 1 
vn 0 0 1 
vn 0 0 1 
vn 0 0 1 
vn 0 0 1 
vn 0 0 1 
vn 0 0 1 
vn 0 0 1 
vn 0 0 1 
vn 0 0 1 
vn 0 0 1 
vn 0 0 1 
vn 0 0 1 
vn 0 0 1 
vn 0 0 1 
vn 0 0 1 
vn 0 0 1 
vn 0 0 1 
vn 0 0 1 
vn 0 0 1 
vn 0 0 1 
f 1784//1784 1785//1785 1786//1786 
f 1786//1786 1787//1787 1788//1788 
f 1789//1789 1785//1785 1790//1790 
f 1786//1786 1788//1788 1784//1784 
f 1790//1790 1791//1791 1789//1789 
f 1792//1792 1793//1793 1794//1794 
f 1792//1792 1789//1789 1795//1795 
f 1796//1796 1797//1797 1798//1798 
f 1791//1791 1795//1795 1789//1789 
f 1795//1795 1793//1793 1792//1792 
f 1796//1796 1799//1799 1797//1797 
f 1800//1800 1801//1801 1802//1802 
f 1794//1794 1803//1803 1792//1792 
f 1803//1803 1804//1804 1805//1805 
f 1796//1796 1806//1806 1807//1807 
f 1796//1796 1808//1808 1799//1799 
f 1802//1802 1796//1796 1800//1800 
f 1805//1805 1792//1792 1803//1803 
f 1809//1809 1804//1804 1803//1803 
f 1796//1796 1810//1810 1806//1806 
f 1802//1802 1808//1808 1796//1796 
f 1803//1803 1796//1796 1809//1809 
f 1798//1798 1810//1810 1796//1796 
f 1807//1807 1809//1809 1796//1796 
f 1784//1784 1790//1790 1785//1785 
v 0.0108052 -0.0129994 0.0105 
v 0.0108052 -0.0129994 0.002 
v 0.0110698 -0.0129794 0.002 
v 0.0110698 -0.0129794 0.0105 
v 0.0113308 -0.0129315 0.002 
v 0.0113308 -0.0129315 0.0105 
v 0.0115853 -0.0128562 0.002 
v 0.0115853 -0.0128562 0.0105 
v 0.0118304 -0.0127543 0.002 
v 0.0118304 -0.0127543 0.0105 
v 0.0120632 -0.012627 0.002 
v 0.0120632 -0.012627 0.0105 
v 0.0122813 -0.0124758 0.002 
v 0.0122813 -0.0124758 0.0105 
v 0.0124821 -0.0123023 0.002 
v 0.0124821 -0.0123023 0.0105 
v 0.0126634 -0.0121084 0.002 
v 0.0126634 -0.0121084 0.0105 
v 0.0128231 -0.0118965 0.002 
v 0.0128231 -0.0118965 0.0105 
v 0.0129595 -0.0116688 0.002 
v 0.0129595 -0.0116688 0.0105 
v 0.0130709 -0.011428 0.002 
v 0.0130709 -0.011428 0.0105 
v 0.0131562 -0.0111767 0.002 
v 0.0131562 -0.0111767 0.0105 
v 0.0132144 -0.0109177 0.002 
v 0.0132144 -0.0109177 0.0105 
v 0.0132448 -0.0106541 0.002 
v 0.0132448 -0.0106541 0.0105 
v 0.0132471 -0.0103887 0.002 
v 0.0132471 -0.0103887 0.0105 
v 0.0132212 -0.0101246 0.002 
v 0.00824953 -0.0105 0.0105 
v 0.00824953 -0.0105 0.005 
v 0.00826362 -0.010765 0.005 
v 0.00826362 -0.010765 0.0105 
v 0.00830572 -0.011027 0.005 
v 0.00830572 -0.011027 0.0105 
v 0.00837536 -0.0112831 0.005 
v 0.00837536 -0.0112831 0.0105 
v 0.00847175 -0.0115304 0.005 
v 0.00847175 -0.0115304 0.0105 
v 0.00859381 -0.011766 0.005 
v 0.00859381 -0.011766 0.0105 
v 0.00874016 -0.0119874 0.005 
v 0.00874016 -0.0119874 0.0105 
v 0.00890915 -0.012192 0.005 
v 0.00890915 -0.012192 0.0105 
v 0.00909889 -0.0123776 0.005 
v 0.00909889 -0.0123776 0.0105 
v 0.00930722 -0.012542 0.005 
v 0.00930722 -0.012542 0.0105 
v 0.00953181 -0.0126834 0.005 
v 0.00953181 -0.0126834 0.0105 
v 0.00977012 -0.0128002 0.005 
v 0.00977012 -0.0128002 0.0105 
v 0.0100195 -0.012891 0.005 
v 0.0100195 -0.012891 0.0105 
v 0.010277 -0.0129549 0.005 
v 0.010277 -0.0129549 0.0105 
v 0.0105399 -0.0129912 0.005 
v 0.0107495 -0.013 0.005 
v 0.0105399 -0.0129912 0.0105 
v 0.0107495 -0.013 0.002 
v 0.0132212 -0.0101246 0.0105 
vn 0.022263 -0.999752 -6.79265e-13 
vn 0.022263 -0.999752 -6.79265e-13 
vn 0.128116 -0.991759 -6.73834e-13 
vn 0.128116 -0.991759 -6.73834e-13 
vn 0.232525 -0.97259 -6.6081e-13 
vn 0.232525 -0.97259 -6.6081e-13 
vn 0.334314 -0.942462 -6.4034e-13 
vn 0.334314 -0.942462 -6.4034e-13 
vn 0.432335 -0.901713 -6.12654e-13 
vn 0.432335 -0.901713 -6.12654e-13 
vn 0.525485 -0.850803 -5.78064e-13 
vn 0.525485 -0.850803 -5.78064e-13 
vn 0.612713 -0.790305 -5.3696e-13 
vn 0.612713 -0.790305 -5.3696e-13 
vn 0.693037 -0.720902 -4.89805e-13 
vn 0.693037 -0.720902 -4.89805e-13 
vn 0.765551 -0.643375 -4.37131e-13 
vn 0.765551 -0.643375 -4.37131e-13 
vn 0.829438 -0.558598 -3.7953e-13 
vn 0.829438 -0.558598 -3.7953e-13 
vn 0.883979 -0.467527 -3.17653e-13 
vn 0.883979 -0.467527 -3.17653e-13 
vn 0.928558 -0.371187 -2.52197e-13 
vn 0.928558 -0.371187 -2.52197e-13 
vn 0.962674 -0.270664 -1.83898e-13 
vn 0.962674 -0.270664 -1.83898e-13 
vn 0.985941 -0.167091 -1.13527e-13 
vn 0.985941 -0.167091 -1.13527e-13 
vn 0.998099 -0.0616353 -4.18771e-14 
vn 0.998099 -0.0616353 -4.18771e-14 
vn 0.999009 0.044515 3.0245e-14 
vn 0.999009 0.044515 3.0245e-14 
vn 0.988661 0.150164 1.02026e-13 
vn -1 -1.42247e-15 0 
vn -1 -1.42247e-15 0 
vn -0.994366 -0.106005 -7.2023e-14 
vn -0.994366 -0.106005 -7.2023e-14 
vn -0.977526 -0.210815 -1.43288e-13 
vn -0.977526 -0.210815 -1.43288e-13 
vn -0.949671 -0.313249 -2.12851e-13 
vn -0.949671 -0.313249 -2.12851e-13 
vn -0.911114 -0.412153 -2.79984e-13 
vn -0.911114 -0.412153 -2.79984e-13 
vn -0.862291 -0.506413 -3.43996e-13 
vn -0.862291 -0.506413 -3.43996e-13 
vn -0.80375 -0.594967 -4.04191e-13 
vn -0.80375 -0.594967 -4.04191e-13 
vn -0.736152 -0.676816 -4.59875e-13 
vn -0.736152 -0.676816 -4.59875e-13 
vn -0.660259 -0.751038 -5.10356e-13 
vn -0.660259 -0.751038 -5.10356e-13 
vn -0.576926 -0.816797 -5.54938e-13 
vn -0.576926 -0.816797 -5.54938e-13 
vn -0.487091 -0.873351 -5.93449e-13 
vn -0.487091 -0.873351 -5.93449e-13 
vn -0.391767 -0.920064 -6.25194e-13 
vn -0.391767 -0.920064 -6.25194e-13 
vn -0.292029 -0.95641 -6.49827e-13 
vn -0.292029 -0.95641 -6.49827e-13 
vn -0.189 -0.981977 -6.67175e-13 
vn -0.189 -0.981977 -6.67175e-13 
vn -0.0838407 -0.996479 -6.77063e-13 
vn 3.60129e-13 -1 -6.79491e-13 
vn -0.0838407 -0.996479 -6.77063e-13 
vn 3.60129e-13 -1 -6.79491e-13 
vn 0.988661 0.150164 1.02002e-13 
f 1811//1811 1812//1812 1813//1813 
f 1814//1814 1813//1813 1815//1815 
f 1816//1816 1815//1815 1817//1817 
f 1818//1818 1817//1817 1819//1819 
f 1820//1820 1819//1819 1821//1821 
f 1822//1822 1821//1821 1823//1823 
f 1824//1824 1823//1823 1825//1825 
f 1826//1826 1825//1825 1827//1827 
f 1828//1828 1827//1827 1829//1829 
f 1830//1830 1829//1829 1831//1831 
f 1832//1832 1831//1831 1833//1833 
f 1834//1834 1833//1833 1835//1835 
f 1836//1836 1835//1835 1837//1837 
f 1838//1838 1837//1837 1839//1839 
f 1840//1840 1839//1839 1841//1841 
f 1842//1842 1841//1841 1843//1843 
f 1844//1844 1845//1845 1846//1846 
f 1847//1847 1846//1846 1848//1848 
f 1849//1849 1848//1848 1850//1850 
f 1851//1851 1850//1850 1852//1852 
f 1853//1853 1852//1852 1854//1854 
f 1855//1855 1854//1854 1856//1856 
f 1857//1857 1856//1856 1858//1858 
f 1859//1859 1858//1858 1860//1860 
f 1861//1861 1860//1860 1862//1862 
f 1863//1863 1862//1862 1864//1864 
f 1865//1865 1864//1864 1866//1866 
f 1867//1867 1866//1866 1868//1868 
f 1869//1869 1868//1868 1870//1870 
f 1871//1871 1870//1870 1872//1872 
f 1812//1812 1811//1811 1873//1873 
f 1874//1874 1872//1872 1873//1873 
f 1873//1873 1811//1811 1874//1874 
f 1873//1873 1875//1875 1812//1812 
f 1872//1872 1874//1874 1871//1871 
f 1870//1870 1871//1871 1869//1869 
f 1868//1868 1869//1869 1867//1867 
f 1866//1866 1867//1867 1865//1865 
f 1864//1864 1865//1865 1863//1863 
f 1862//1862 1863//1863 1861//1861 
f 1860//1860 1861//1861 1859//1859 
f 1858//1858 1859//1859 1857//1857 
f 1856//1856 1857//1857 1855//1855 
f 1854//1854 1855//1855 1853//1853 
f 1852//1852 1853//1853 1851//1851 
f 1850//1850 1851//1851 1849//1849 
f 1848//1848 1849//1849 1847//1847 
f 1846//1846 1847//1847 1844//1844 
f 1843//1843 1876//1876 1842//1842 
f 1841//1841 1842//1842 1840//1840 
f 1839//1839 1840//1840 1838//1838 
f 1837//1837 1838//1838 1836//1836 
f 1835//1835 1836//1836 1834//1834 
f 1833//1833 1834//1834 1832//1832 
f 1831//1831 1832//1832 1830//1830 
f 1829//1829 1830//1830 1828//1828 
f 1827//1827 1828//1828 1826//1826 
f 1825//1825 1826//1826 1824//1824 
f 1823//1823 1824//1824 1822//1822 
f 1821//1821 1822//1822 1820//1820 
f 1819//1819 1820//1820 1818//1818 
f 1817//1817 1818//1818 1816//1816 
f 1815//1815 1816//1816 1814//1814 
f 1813//1813 1814//1814 1811//1811 
v 0.0107495 -0.013 0.005 
v 6.93022e-15 -0.013 0.005 
v 6.93022e-15 -0.013 0.002 
v 0.0107495 -0.013 0.002 
vn 3.60129e-13 -1 -6.79491e-13 
vn 3.60129e-13 -1 -6.79491e-13 
vn 3.60129e-13 -1 -6.79491e-13 
vn 3.60129e-13 -1 -6.79491e-13 
f 1877//1877 1878//1878 1879//1879 
f 1879//1879 1880//1880 1877//1877 
v 0.0131906 -0.00981054 0.0105 
v 0.0132212 -0.0101246 0.0105 
v 0.0132212 -0.0101246 0.002 
v 0.013194 -0.00949502 0.0105 
v 0.0131906 -0.00981054 0.002 
v 0.0132312 -0.00918169 0.0105 
v 0.013194 -0.00949502 0.002 
v 0.0133019 -0.00887417 0.0105 
v 0.0132312 -0.00918169 0.002 
v 0.0134052 -0.00857602 0.0105 
v 0.0133019 -0.00887417 0.002 
v 0.0135399 -0.00829068 0.0105 
v 0.0134052 -0.00857602 0.002 
v 0.0137044 -0.00802145 0.0105 
v 0.0135399 -0.00829068 0.002 
v 0.0138969 -0.00777145 0.0105 
v 0.0137044 -0.00802145 0.002 
v 0.0141152 -0.00754358 0.0105 
v 0.0138969 -0.00777145 0.002 
v 0.0143567 -0.00734046 0.0105 
v 0.0141152 -0.00754358 0.002 
v 0.0146185 -0.00716444 0.0105 
v 0.0143567 -0.00734046 0.002 
v 0.0148978 -0.00701756 0.0105 
v 0.0146185 -0.00716444 0.002 
v 0.0151912 -0.00690153 0.0105 
v 0.0148978 -0.00701756 0.002 
v 0.0154954 -0.00681767 0.0105 
v 0.0151912 -0.00690153 0.002 
v 0.0158068 -0.00676697 0.0105 
v 0.0154954 -0.00681767 0.002 
v 0.0161219 -0.00675 0.0105 
v 0.0158068 -0.00676697 0.002 
v 0.0161219 -0.00675 0.002 
vn 0.99907 0.0431248 2.93004e-14 
vn 0.988661 0.150164 1.02002e-13 
vn 0.988661 0.150164 1.02002e-13 
vn 0.997923 -0.0644129 -4.37643e-14 
vn 0.99907 0.0431248 2.93004e-14 
vn 0.985235 -0.171206 -1.16323e-13 
vn 0.997923 -0.0644129 -4.37643e-14 
vn 0.961152 -0.276018 -1.87536e-13 
vn 0.985235 -0.171206 -1.16323e-13 
vn 0.925953 -0.377638 -2.5658e-13 
vn 0.961152 -0.276018 -1.87536e-13 
vn 0.880045 -0.474891 -3.22657e-13 
vn 0.925953 -0.377638 -2.5658e-13 
vn 0.823958 -0.566651 -3.85002e-13 
vn 0.880045 -0.474891 -3.22657e-13 
vn 0.758341 -0.651857 -4.42894e-13 
vn 0.823958 -0.566651 -3.85002e-13 
vn 0.683954 -0.729525 -4.95663e-13 
vn 0.758341 -0.651857 -4.42894e-13 
vn 0.601657 -0.798755 -5.42701e-13 
vn 0.683954 -0.729525 -4.95663e-13 
vn 0.512401 -0.858746 -5.83461e-13 
vn 0.601657 -0.798755 -5.42701e-13 
vn 0.417218 -0.908806 -6.17473e-13 
vn 0.512401 -0.858746 -5.83461e-13 
vn 0.317211 -0.948355 -6.44344e-13 
vn 0.417218 -0.908806 -6.17473e-13 
vn 0.213534 -0.976936 -6.63763e-13 
vn 0.317211 -0.948355 -6.44344e-13 
vn 0.107388 -0.994217 -6.75504e-13 
vn 0.213534 -0.976936 -6.63763e-13 
vn 0 -1 -6.79342e-13 
vn 0.107388 -0.994217 -6.75504e-13 
vn 0 -1 -6.79342e-13 
f 1881//1881 1882//1882 1883//1883 
f 1884//1884 1881//1881 1885//1885 
f 1886//1886 1884//1884 1887//1887 
f 1888//1888 1886//1886 1889//1889 
f 1890//1890 1888//1888 1891//1891 
f 1892//1892 1890//1890 1893//1893 
f 1894//1894 1892//1892 1895//1895 
f 1896//1896 1894//1894 1897//1897 
f 1898//1898 1896//1896 1899//1899 
f 1900//1900 1898//1898 1901//1901 
f 1902//1902 1900//1900 1903//1903 
f 1904//1904 1902//1902 1905//1905 
f 1906//1906 1904//1904 1907//1907 
f 1908//1908 1906//1906 1909//1909 
f 1910//1910 1908//1908 1911//1911 
f 1912//1912 1910//1910 1913//1913 
f 1913//1913 1914//1914 1912//1912 
f 1911//1911 1913//1913 1910//1910 
f 1909//1909 1911//1911 1908//1908 
f 1907//1907 1909//1909 1906//1906 
f 1905//1905 1907//1907 1904//1904 
f 1903//1903 1905//1905 1902//1902 
f 1901//1901 1903//1903 1900//1900 
f 1899//1899 1901//1901 1898//1898 
f 1897//1897 1899//1899 1896//1896 
f 1895//1895 1897//1897 1894//1894 
f 1893//1893 1895//1895 1892//1892 
f 1891//1891 1893//1893 1890//1890 
f 1889//1889 1891//1891 1888//1888 
f 1887//1887 1889//1889 1886//1886 
f 1885//1885 1887//1887 1884//1884 
f 1883//1883 1885//1885 1881//1881 
v 0.0271497 -0.00675 -0.0081 
v 0.0424768 -0.00675 -0.00671499 
v 0.0423811 -0.00675 -0.00618415 
v 0.0420826 -0.00675 -0.00504768 
v 0.0236497 -0.00675 -0.002 
v 0.0323431 -0.00675 0.00757259 
v 0.0301719 -0.00675 0.00927578 
v 0.0425572 -0.00675 -0.00740562 
v 0.0329878 -0.00675 0.00699486 
v 0.0355707 -0.00675 0.0045735 
v 0.034693 -0.00675 0.00546682 
v 0.0161219 -0.00675 0.002 
v 0.0244619 -0.00675 0.0129393 
v 0.0220935 -0.00675 0.0140904 
v 0.0216497 -0.00675 0 
v 0.0270921 -0.00675 0.0114148 
v 0.0245389 -0.00675 0.0128946 
v 0.0418532 -0.00675 -0.00438437 
v 0.0415925 -0.00675 -0.00373707 
v 0.0425956 -0.00675 -0.0081 
v 0.0297562 -0.00675 0.00960189 
v 0.0271475 -0.00675 0.0113771 
v 0.040992 -0.00675 -0.00252299 
v 0.0407767 -0.00675 -0.00208762 
v 0.0218773 -0.00675 0.0141749 
v 0.0197793 -0.00675 0.0149945 
v 0.0161219 -0.00675 0.0105 
v 0.0376744 -0.00675 0.00227411 
v 0.0365242 -0.00675 0.00360298 
v 0.0271497 -0.00675 -0.00491389 
v 0.0391966 -0.00675 0.000333257 
v 0.0382421 -0.00675 0.00161814 
v 0.0403085 -0.00675 -0.00133006 
v 0.0396956 -0.00675 -0.000338503 
v 0.0095 -0.00675 0.0105 
v 0.0136768 -0.00675 0.0163685 
v 0.0162725 -0.00675 0.0159803 
v 0.0159346 -0.00675 0.0160471 
v 0.0178144 -0.00675 0.01559 
v 0.0171466 -0.00675 0.0157846 
v 0.0236497 -0.00675 -0.00491389 
v 0.0140824 -0.00675 0.0163108 
v 0.0195476 -0.00675 0.015085 
v 0.0126861 -0.00675 0 
v 0.0122246 -0.00675 0.0164362 
v 0.0115001 -0.00675 0.01647 
v 0.0095 -0.00675 0.01647 
v 0.0126861 -0.00675 0.002 
vn 0 -1 -6.79342e-13 
vn 0 -1 -6.79342e-13 
vn 0 -1 -6.79342e-13 
vn 0 -1 -6.79342e-13 
vn 0 -1 -6.79342e-13 
vn 0 -1 -6.79342e-13 
vn 0 -1 -6.79342e-13 
vn 0 -1 -6.79342e-13 
vn 0 -1 -6.79342e-13 
vn 0 -1 -6.79342e-13 
vn 0 -1 -6.79342e-13 
vn 0 -1 -6.79342e-13 
vn 0 -1 -6.79342e-13 
vn 0 -1 -6.79342e-13 
vn 0 -1 -6.79342e-13 
vn 0 -1 -6.79342e-13 
vn 0 -1 -6.79342e-13 
vn 0 -1 -6.79342e-13 
vn 0 -1 -6.79342e-13 
vn 0 -1 -6.79342e-13 
vn 0 -1 -6.79342e-13 
vn 0 -1 -6.79342e-13 
vn 0 -1 -6.79342e-13 
vn 0 -1 -6.79342e-13 
vn 0 -1 -6.79342e-13 
vn 0 -1 -6.79342e-13 
vn 0 -1 -6.79342e-13 
vn 0 -1 -6.79342e-13 
vn 0 -1 -6.79342e-13 
vn 0 -1 -6.79342e-13 
vn 0 -1 -6.79342e-13 
vn 0 -1 -6.79342e-13 
vn 0 -1 -6.79342e-13 
vn 0 -1 -6.79342e-13 
vn 0 -1 -6.79342e-13 
vn 0 -1 -6.79342e-13 
vn 0 -1 -6.79342e-13 
vn 0 -1 -6.79342e-13 
vn 0 -1 -6.79342e-13 
vn 0 -1 -6.79342e-13 
vn 0 -1 -6.79342e-13 
vn 0 -1 -6.79342e-13 
vn 0 -1 -6.79342e-13 
vn 0 -1 -6.79342e-13 
vn 0 -1 -6.79342e-13 
vn 0 -1 -6.79342e-13 
vn 0 -1 -6.79342e-13 
vn 0 -1 -6.79342e-13 
f 1915//1915 1916//1916 1917//1917 
f 1917//1917 1918//1918 1915//1915 
f 1919//1919 1920//1920 1921//1921 
f 1915//1915 1922//1922 1916//1916 
f 1919//1919 1923//1923 1920//1920 
f 1919//1919 1924//1924 1925//1925 
f 1926//1926 1927//1927 1928//1928 
f 1929//1929 1930//1930 1931//1931 
f 1915//1915 1932//1932 1933//1933 
f 1915//1915 1934//1934 1922//1922 
f 1929//1929 1921//1921 1935//1935 
f 1925//1925 1923//1923 1919//1919 
f 1926//1926 1931//1931 1927//1927 
f 1929//1929 1936//1936 1930//1930 
f 1915//1915 1937//1937 1938//1938 
f 1918//1918 1932//1932 1915//1915 
f 1921//1921 1929//1929 1919//1919 
f 1939//1939 1940//1940 1941//1941 
f 1931//1931 1926//1926 1929//1929 
f 1942//1942 1943//1943 1944//1944 
f 1915//1915 1945//1945 1946//1946 
f 1915//1915 1947//1947 1948//1948 
f 1933//1933 1937//1937 1915//1915 
f 1919//1919 1943//1943 1924//1924 
f 1928//1928 1939//1939 1926//1926 
f 1949//1949 1941//1941 1950//1950 
f 1941//1941 1951//1951 1952//1952 
f 1941//1941 1953//1953 1954//1954 
f 1946//1946 1942//1942 1915//1915 
f 1938//1938 1947//1947 1915//1915 
f 1919//1919 1955//1955 1944//1944 
f 1941//1941 1926//1926 1939//1939 
f 1941//1941 1956//1956 1950//1950 
f 1954//1954 1951//1951 1941//1941 
f 1948//1948 1945//1945 1915//1915 
f 1935//1935 1936//1936 1929//1929 
f 1952//1952 1956//1956 1941//1941 
f 1941//1941 1940//1940 1957//1957 
f 1958//1958 1929//1929 1926//1926 
f 1944//1944 1943//1943 1919//1919 
f 1949//1949 1959//1959 1960//1960 
f 1957//1957 1953//1953 1941//1941 
f 1944//1944 1915//1915 1942//1942 
f 1950//1950 1959//1959 1949//1949 
f 1960//1960 1961//1961 1949//1949 
f 1926//1926 1962//1962 1958//1958 
v -0.0065 -0.0112583 0.01747 
v -0.0065 -0.0112583 0 
v -0.00531043 -0.0118659 0 
v -0.00531043 -0.0118659 0.01747 
v -0.0040648 -0.0123482 0 
v -0.0040648 -0.0123482 0.01747 
v -0.00277625 -0.0127001 0 
v -0.00277625 -0.0127001 0.01747 
v -0.00145839 -0.0129179 0 
v -0.00145839 -0.0129179 0.01747 
v -0.00012514 -0.0129994 0 
v 0.00944017 -0.00893774 0.002 
v 0.00944017 -0.00893774 0 
v 0.0103075 -0.00792188 0 
v 0.0084732 -0.00985925 0.002 
v 0.0084732 -0.00985925 0 
v 0.00741678 -0.0106767 0.002 
v 0.00741678 -0.0106767 0 
v 0.00628206 -0.0113814 0.002 
v 0.00628206 -0.0113814 0 
v 0.00508101 -0.0119659 0.002 
v 0.00508101 -0.0119659 0 
v 0.00382633 -0.0124241 0.002 
v 0.00382633 -0.0124241 0 
v 0.00253124 -0.0127512 0.002 
v 0.00253124 -0.0127512 0 
v 0.00120944 -0.0129436 0.002 
v 0.00120944 -0.0129436 0 
v 0.00120944 -0.0129436 0.01747 
v -0.00012514 -0.0129994 0.01747 
v 6.93022e-15 -0.013 0.005 
v 6.93022e-15 -0.013 0.002 
v 0.00120944 -0.0129436 0.005 
v 0.00253124 -0.0127512 0.005 
v 0.00253124 -0.0127512 0.01747 
v 0.00382633 -0.0124241 0.005 
v 0.00382633 -0.0124241 0.01747 
v 0.00508101 -0.0119659 0.005 
v 0.00508101 -0.0119659 0.01747 
v 0.00628206 -0.0113814 0.005 
v 0.00628206 -0.0113814 0.01747 
v 0.0065 -0.0112583 0.005 
v 0.0065 -0.0112583 0.01747 
v 0.0103075 -0.00792188 0.002 
vn -0.5 -0.866025 0 
vn -0.5 -0.866025 0 
vn -0.408495 -0.912761 0 
vn -0.408495 -0.912761 0 
vn -0.312677 -0.94986 0 
vn -0.312677 -0.94986 0 
vn -0.213558 -0.97693 0 
vn -0.213558 -0.97693 0 
vn -0.112184 -0.993687 0 
vn -0.112184 -0.993687 0 
vn -0.00962612 -0.999954 0 
vn 0.726167 -0.687519 0 
vn 0.726167 -0.687519 0 
vn 0.792882 -0.609375 0 
vn 0.651785 -0.758404 0 
vn 0.651785 -0.758404 0 
vn 0.570522 -0.821283 0 
vn 0.570522 -0.821283 0 
vn 0.483235 -0.875491 0 
vn 0.483235 -0.875491 0 
vn 0.390847 -0.920456 0 
vn 0.390847 -0.920456 0 
vn 0.294333 -0.955703 0 
vn 0.294333 -0.955703 0 
vn 0.194711 -0.980861 0 
vn 0.194711 -0.980861 0 
vn 0.0930335 -0.995663 0 
vn 0.0930335 -0.995663 0 
vn 0.0930335 -0.995663 0 
vn -0.00962612 -0.999954 0 
vn 5.32723e-13 -1 0 
vn 5.32723e-13 -1 0 
vn 0.0930335 -0.995663 0 
vn 0.194711 -0.980861 0 
vn 0.194711 -0.980861 0 
vn 0.294333 -0.955703 0 
vn 0.294333 -0.955703 0 
vn 0.390847 -0.920456 0 
vn 0.390847 -0.920456 0 
vn 0.483235 -0.875491 0 
vn 0.483235 -0.875491 0 
vn 0.5 -0.866025 0 
vn 0.5 -0.866025 0 
vn 0.792882 -0.609375 0 
f 1963//1963 1964//1964 1965//1965 
f 1966//1966 1965//1965 1967//1967 
f 1968//1968 1967//1967 1969//1969 
f 1970//1970 1969//1969 1971//1971 
f 1972//1972 1971//1971 1973//1973 
f 1974//1974 1975//1975 1976//1976 
f 1977//1977 1978//1978 1975//1975 
f 1979//1979 1980//1980 1978//1978 
f 1981//1981 1982//1982 1980//1980 
f 1983//1983 1984//1984 1982//1982 
f 1985//1985 1986//1986 1984//1984 
f 1987//1987 1988//1988 1986//1986 
f 1989//1989 1990//1990 1988//1988 
f 1991//1991 1992//1992 1993//1993 
f 1973//1973 1994//1994 1993//1993 
f 1993//1993 1992//1992 1973//1973 
f 1990//1990 1989//1989 1994//1994 
f 1994//1994 1973//1973 1990//1990 
f 1991//1991 1995//1995 1996//1996 
f 1997//1997 1996//1996 1998//1998 
f 1999//1999 1998//1998 2000//2000 
f 2001//2001 2000//2000 2002//2002 
f 2003//2003 2002//2002 2004//2004 
f 2004//2004 2005//2005 2003//2003 
f 2002//2002 2003//2003 2001//2001 
f 2000//2000 2001//2001 1999//1999 
f 1998//1998 1999//1999 1997//1997 
f 1996//1996 1997//1997 1991//1991 
f 1993//1993 1995//1995 1991//1991 
f 1988//1988 1987//1987 1989//1989 
f 1986//1986 1985//1985 1987//1987 
f 1984//1984 1983//1983 1985//1985 
f 1982//1982 1981//1981 1983//1983 
f 1980//1980 1979//1979 1981//1981 
f 1978//1978 1977//1977 1979//1979 
f 1975//1975 1974//1974 1977//1977 
f 1976//1976 2006//2006 1974//1974 
f 1973//1973 1992//1992 1972//1972 
f 1971//1971 1972//1972 1970//1970 
f 1969//1969 1970//1970 1968//1968 
f 1967//1967 1968//1968 1966//1966 
f 1965//1965 1966//1966 1963//1963 
v 0.0132471 -0.0103887 0.002 
v 0.0118304 -0.0127543 0.002 
v 0.0115853 -0.0128562 0.002 
v 0.0124821 -0.0123023 0.002 
v 0.0122813 -0.0124758 0.002 
v 0.0130709 -0.011428 0.002 
v 0.0129595 -0.0116688 0.002 
v 0.0132144 -0.0109177 0.002 
v 0.0131562 -0.0111767 0.002 
v 0.0120632 -0.012627 0.002 
v 0.0126634 -0.0121084 0.002 
v 0.0128231 -0.0118965 0.002 
v 0.0132448 -0.0106541 0.002 
v 0.0113308 -0.0129315 0.002 
v 0.0110698 -0.0129794 0.002 
v 0.0132212 -0.0101246 0.002 
v 0.0108052 -0.0129994 0.002 
v 0.0107495 -0.013 0.002 
v 0.00741678 -0.0106767 0.002 
v 0.0084732 -0.00985925 0.002 
v 0.0135399 -0.00829068 0.002 
v 0.0117847 -0.00688862 0.002 
v 0.01208 -0.00681187 0.002 
v 0.0131906 -0.00981054 0.002 
v 6.93022e-15 -0.013 0.002 
v 0.00120944 -0.0129436 0.002 
v 0.0134052 -0.00857602 0.002 
v 0.0109667 -0.00729166 0.002 
v 0.0112252 -0.00712975 0.002 
v 0.0114988 -0.00699494 0.002 
v 0.00628206 -0.0113814 0.002 
v 0.00253124 -0.0127512 0.002 
v 0.0107259 -0.00747898 0.002 
v 0.0137044 -0.00802145 0.002 
v 0.0123815 -0.00676551 0.002 
v 0.0126861 -0.00675 0.002 
v 0.00508101 -0.0119659 0.002 
v 0.00382633 -0.0124241 0.002 
v 0.00944017 -0.00893774 0.002 
v 0.0133019 -0.00887417 0.002 
v 0.0105054 -0.00768978 0.002 
v 0.0138969 -0.00777145 0.002 
v 0.0143567 -0.00734046 0.002 
v 0.0141152 -0.00754358 0.002 
v 0.0151912 -0.00690153 0.002 
v 0.0148978 -0.00701756 0.002 
v 0.013194 -0.00949502 0.002 
v 0.0132312 -0.00918169 0.002 
v 0.0103075 -0.00792188 0.002 
v 0.0146185 -0.00716444 0.002 
v 0.0161219 -0.00675 0.002 
v 0.0158068 -0.00676697 0.002 
v 0.0154954 -0.00681767 0.002 
vn 0 0 -1 
vn 0 0 -1 
vn 0 0 -1 
vn 0 0 -1 
vn 0 0 -1 
vn 0 0 -1 
vn 0 0 -1 
vn 0 0 -1 
vn 0 0 -1 
vn 0 0 -1 
vn 0 0 -1 
vn 0 0 -1 
vn 0 0 -1 
vn 0 0 -1 
vn 0 0 -1 
vn 0 0 -1 
vn 0 0 -1 
vn 0 0 -1 
vn 0 0 -1 
vn 0 0 -1 
vn 0 0 -1 
vn 0 0 -1 
vn 0 0 -1 
vn 0 0 -1 
vn 0 0 -1 
vn 0 0 -1 
vn 0 0 -1 
vn 0 0 -1 
vn 0 0 -1 
vn 0 0 -1 
vn 0 0 -1 
vn 0 0 -1 
vn 0 0 -1 
vn 0 0 -1 
vn 0 0 -1 
vn 0 0 -1 
vn 0 0 -1 
vn 0 0 -1 
vn 0 0 -1 
vn 0 0 -1 
vn 0 0 -1 
vn 0 0 -1 
vn 0 0 -1 
vn 0 0 -1 
vn 0 0 -1 
vn 0 0 -1 
vn 0 0 -1 
vn 0 0 -1 
vn 0 0 -1 
vn 0 0 -1 
vn 0 0 -1 
vn 0 0 -1 
vn 0 0 -1 
f 2007//2007 2008//2008 2009//2009 
f 2007//2007 2010//2010 2011//2011 
f 2007//2007 2012//2012 2013//2013 
f 2007//2007 2014//2014 2015//2015 
f 2007//2007 2016//2016 2008//2008 
f 2007//2007 2017//2017 2010//2010 
f 2013//2013 2018//2018 2007//2007 
f 2007//2007 2019//2019 2014//2014 
f 2011//2011 2016//2016 2007//2007 
f 2015//2015 2012//2012 2007//2007 
f 2007//2007 2020//2020 2021//2021 
f 2018//2018 2017//2017 2007//2007 
f 2009//2009 2020//2020 2007//2007 
f 2022//2022 2023//2023 2024//2024 
f 2023//2023 2022//2022 2007//2007 
f 2021//2021 2023//2023 2007//2007 
f 2022//2022 2025//2025 2026//2026 
f 2027//2027 2028//2028 2029//2029 
f 2026//2026 2030//2030 2022//2022 
f 2024//2024 2031//2031 2032//2032 
f 2033//2033 2034//2034 2035//2035 
f 2027//2027 2036//2036 2028//2028 
f 2024//2024 2037//2037 2025//2025 
f 2032//2032 2038//2038 2024//2024 
f 2033//2033 2039//2039 2034//2034 
f 2027//2027 2035//2035 2036//2036 
f 2040//2040 2041//2041 2042//2042 
f 2024//2024 2043//2043 2037//2037 
f 2038//2038 2044//2044 2024//2024 
f 2029//2029 2040//2040 2027//2027 
f 2040//2040 2029//2029 2041//2041 
f 2044//2044 2043//2043 2024//2024 
f 2030//2030 2026//2026 2045//2045 
f 2046//2046 2047//2047 2039//2039 
f 2042//2042 2048//2048 2040//2040 
f 2042//2042 2049//2049 2050//2050 
f 2042//2042 2051//2051 2052//2052 
f 2045//2045 2053//2053 2030//2030 
f 2054//2054 2045//2045 2055//2055 
f 2046//2046 2055//2055 2047//2047 
f 2050//2050 2048//2048 2042//2042 
f 2052//2052 2056//2056 2042//2042 
f 2042//2042 2057//2057 2058//2058 
f 2045//2045 2054//2054 2053//2053 
f 2039//2039 2033//2033 2046//2046 
f 2056//2056 2049//2049 2042//2042 
f 2058//2058 2059//2059 2042//2042 
f 2055//2055 2046//2046 2054//2054 
f 2059//2059 2051//2051 2042//2042 
f 2035//2035 2027//2027 2033//2033 
f 2024//2024 2025//2025 2022//2022 
v 0.0123815 -0.00676551 0 
v 0.0126861 -0.00675 0 
v 0.0126861 -0.00675 0.002 
v 0.01208 -0.00681187 0 
v 0.0123815 -0.00676551 0.002 
v 0.0117847 -0.00688862 0 
v 0.01208 -0.00681187 0.002 
v 0.0114988 -0.00699494 0 
v 0.0117847 -0.00688862 0.002 
v 0.0112252 -0.00712975 0 
v 0.0114988 -0.00699494 0.002 
v 0.0109667 -0.00729166 0 
v 0.0112252 -0.00712975 0.002 
v 0.0107259 -0.00747898 0 
v 0.0109667 -0.00729166 0.002 
v 0.0105054 -0.00768978 0 
v 0.0107259 -0.00747898 0.002 
v 0.0103075 -0.00792188 0 
v 0.0105054 -0.00768978 0.002 
v 0.0103075 -0.00792188 0.002 
vn 0.10155 -0.99483 0 
vn 0 -1 0 
vn 0 -1 0 
vn 0.202049 -0.979375 0 
vn 0.10155 -0.99483 0 
vn 0.30046 -0.953794 0 
vn 0.202049 -0.979375 0 
vn 0.395764 -0.918352 0 
vn 0.30046 -0.953794 0 
vn 0.486976 -0.873415 0 
vn 0.395764 -0.918352 0 
vn 0.573154 -0.819448 0 
vn 0.486976 -0.873415 0 
vn 0.653406 -0.757008 0 
vn 0.573154 -0.819448 0 
vn 0.726902 -0.686742 0 
vn 0.653406 -0.757008 0 
vn 0.792882 -0.609375 0 
vn 0.726902 -0.686742 0 
vn 0.792882 -0.609375 0 
f 2060//2060 2061//2061 2062//2062 
f 2063//2063 2060//2060 2064//2064 
f 2065//2065 2063//2063 2066//2066 
f 2067//2067 2065//2065 2068//2068 
f 2069//2069 2067//2067 2070//2070 
f 2071//2071 2069//2069 2072//2072 
f 2073//2073 2071//2071 2074//2074 
f 2075//2075 2073//2073 2076//2076 
f 2077//2077 2075//2075 2078//2078 
f 2078//2078 2079//2079 2077//2077 
f 2076//2076 2078//2078 2075//2075 
f 2074//2074 2076//2076 2073//2073 
f 2072//2072 2074//2074 2071//2071 
f 2070//2070 2072//2072 2069//2069 
f 2068//2068 2070//2070 2067//2067 
f 2066//2066 2068//2068 2065//2065 
f 2064//2064 2066//2066 2063//2063 
f 2062//2062 2064//2064 2060//2060 
v -0.00602185 0.00720791 0 
v 0.0084732 0.00985925 0 
v 0.00689547 0.00799452 0 
v 0.007 0.008 0 
v 0.00760453 0.00799452 0 
v 0.0075 0.008 0 
v -0.00600548 0.00710453 0 
v 0.00679209 0.00797815 0 
v -0.00600274 0.00594774 0 
v -0.006 0.006 0 
v -0.006 0.007 0 
v 0.00849452 0.00710453 0 
v 0.00847815 0.00720791 0 
v 0.0105054 0.00768978 0 
v -0.00625686 0.00766913 0 
v -0.00633087 0.00774314 0 
v -0.00145839 0.0129179 0 
v -0.00619098 0.00758779 0 
v -0.00012514 0.0129994 0 
v -0.00608645 0.00740674 0 
v -0.00613397 0.0075 0 
v 0.00253124 0.0127512 0 
v -0.00604894 0.00730902 0 
v 0.00628206 0.0113814 0 
v 0.00845106 0.00730902 0 
v 0.0103075 0.00792188 0 
v 0.0107259 0.00747898 0 
v -0.007 0.008 0 
v -0.0075 0.008 0 
v -0.00751478 0.010521 0 
v -0.00689547 0.00799452 0 
v -0.00702671 0.0109163 0 
v 0.00120944 0.0129436 0 
v 0.00382633 0.0124241 0 
v 0.00508101 0.0119659 0 
v 0.00741678 0.0106767 0 
v 0.00770791 0.00797815 0 
v 0.0109667 0.00729166 0 
v -0.00760453 0.00799452 0 
v -0.00795887 0.010077 0 
v -0.0065 0.0112583 0 
v -0.00659326 0.00791355 0 
v -0.00669098 0.00795106 0 
v -0.00531043 0.0118659 0 
v 0.00944017 0.00893774 0 
v 0.00836603 0.0075 0 
v 0.0085 0.007 0 
v -0.00790674 0.00791355 0 
v -0.008 0.00786603 0 
v -0.00869615 0.00906218 0 
v -0.00679209 0.00797815 0 
v -0.0040648 0.0123482 0 
v -0.0065 0.00786603 0 
v 0.00780902 0.00795106 0 
v 0.00808779 0.00780902 0 
v 0.008 0.00786603 0 
v 0.00824314 0.00766913 0 
v 0.00816913 0.00774314 0 
v 0.00830902 0.00758779 0 
v 0.00841355 0.00740674 0 
v 0.0112252 0.00712975 0 
v 0.0085 0.006 0 
v 0.0114988 0.00699494 0 
v 0.00829389 0.00559549 0 
v 0.00833457 0.00562843 0 
v 0.00428429 0.00257777 0 
v 0.00820337 0.00554323 0 
v 0.00825 0.00556699 0 
v -0.00604323 0.00579663 0 
v 0.00600548 0.00710453 0 
v 0.006 0.007 0 
v 0.00608645 0.00740674 0 
v 0.00604894 0.00730902 0 
v 0.00619098 0.00758779 0 
v 0.00613397 0.0075 0 
v -0.00898127 0.0085026 0 
v -0.00824314 0.00766913 0 
v -0.00830902 0.00758779 0 
v -0.00808779 0.00780902 0 
v -0.00816913 0.00774314 0 
v -0.0083541 0.00958889 0 
v -0.00770791 0.00797815 0 
v -0.00780902 0.00795106 0 
v -0.00641221 0.00780902 0 
v -0.00277625 0.0127001 0 
v 0.00790674 0.00791355 0 
v 0.00849726 0.00594774 0 
v 0.00837157 0.00566543 0 
v 0.00810396 0.00551093 0 
v 0.00815451 0.00552447 0 
v 0.00602185 0.00720791 0 
v -0.00920634 0.00791628 0 
v -0.00841355 0.00740674 0 
v -0.00845106 0.00730902 0 
v 0.00840451 0.00570611 0 
v 0.00398047 0.00302587 0 
v 0.008 0.0055 0 
v 0.00633087 0.00774314 0 
v 0.00625686 0.00766913 0 
v 0.00659326 0.00791355 0 
v 0.0065 0.00786603 0 
v -0.00602447 0.00584549 0 
v 0.00669098 0.00795106 0 
v -0.0085 0.006 0 
v -0.0095 0.00606218 0 
v -0.00946713 0.00668935 0 
v -0.00936889 0.00730965 0 
v -0.00836603 0.0075 0 
v 0.00848907 0.00589604 0 
v 0.00805226 0.00550274 0 
v 0.00641221 0.00780902 0 
v -0.00601093 0.00589604 0 
v 0.006 0.006 0 
v -0.00629663 0.00554323 0 
v -0.00625 0.00556699 0 
v -0.00639604 0.00551093 0 
v -0.00634549 0.00552447 0 
v -0.0085 0.007 0 
v 0.00616543 0.00562843 0 
v 0.00620611 0.00559549 0 
v 0.00362998 0.0034385 0 
v 0.00612843 0.00566543 0 
v 0.00847553 0.00584549 0 
v 0.00843301 0.00575 0 
v 0.00845677 0.00579663 0 
v -0.00609549 0.00570611 0 
v -0.00606699 0.00575 0 
v -0.00616543 0.00562843 0 
v -0.00612843 0.00566543 0 
v -0.0065 0.0055 0 
v -0.00644774 0.00550274 0 
v 0.00428429 -0.00257777 0 
v 0.0112252 -0.00712975 0 
v 0.0109667 -0.00729166 0 
v -0.00843301 0.00575 0 
v -0.00840451 0.00570611 0 
v -0.00280594 0.00413844 0 
v -0.00805226 0.00550274 0 
v -0.008 0.0055 0 
v 0.00625 0.00556699 0 
v 0.00609549 0.00570611 0 
v -0.00847815 0.00720791 0 
v -0.00849452 0.00710453 0 
v 0.00453788 0.00209945 0 
v 0.01208 0.00681187 0 
v 0.0123815 0.00676551 0 
v 0.00453788 -0.00209945 0 
v 0.0117847 -0.00688862 0 
v 0.0114988 -0.00699494 0 
v 0.0123815 -0.00676551 0 
v 0.01208 -0.00681187 0 
v 0.0107259 -0.00747898 0 
v -0.00280594 -0.00413844 0 
v -0.00795887 -0.010077 0 
v -0.0083541 -0.00958889 0 
v -0.00825 0.00556699 0 
v -0.00820337 0.00554323 0 
v -0.00837157 0.00566543 0 
v -0.00833457 0.00562843 0 
v -0.00845677 0.00579663 0 
v -0.00848907 0.00589604 0 
v -0.00847553 0.00584549 0 
v -0.00849726 0.00594774 0 
v -0.00810396 0.00551093 0 
v -0.00323693 0.00381081 0 
v -0.00815451 0.00552447 0 
v 0.00323693 0.00381081 0 
v 0.00604323 0.00579663 0 
v 0.00606699 0.00575 0 
v 0.00601093 0.00589604 0 
v 0.00602447 0.00584549 0 
v 0.00644774 0.00550274 0 
v 0.0065 0.0055 0 
v 0.00634549 0.00552447 0 
v 0.00639604 0.00551093 0 
v -0.00620611 0.00559549 0 
v 0.0117847 0.00688862 0 
v 0.0105054 -0.00768978 0 
v 0.0103075 -0.00792188 0 
v 0.00398047 -0.00302587 0 
v -0.00751478 -0.010521 0 
v -0.00323693 -0.00381081 0 
v -0.00869615 -0.00906218 0 
v -0.00898127 -0.0085026 0 
v -0.00398047 0.00302587 0 
v 0.00629663 0.00554323 0 
v 0.00473827 0.00159651 0 
v 0.0126861 0.00675 0 
v 0.0216497 -0.00675 0 
v 0.00497069 -0.000540595 0 
v 0.005 -6.78431e-16 0 
v 0.0126861 -0.00675 0 
v -0.00277625 -0.0127001 0 
v -0.0040648 -0.0123482 0 
v -0.00133764 -0.00481775 0 
v -0.00702671 -0.0109163 0 
v -0.00362998 -0.0034385 0 
v -0.00920634 -0.00791628 0 
v -0.00936889 -0.00730965 0 
v -0.0048831 0.00107485 0 
v -0.00497069 0.000540595 0 
v -0.00428429 0.00257777 0 
v -0.00453788 0.00209945 0 
v -0.00829389 0.00559549 0 
v -0.00234204 0.00441756 0 
v -0.000270695 0.00499267 0 
v -0.00080891 0.00493413 0 
v 0.000270695 0.00499267 0 
v 0.00600274 0.00594774 0 
v 0.0216497 0.00675 0 
v 0.0048831 -0.00107485 0 
v 0.00944017 -0.00893774 0 
v 0.00362998 -0.0034385 0 
v 0.0084732 -0.00985925 0 
v 0.00323693 -0.00381081 0 
v 0.00741678 -0.0106767 0 
v 0.00280594 -0.00413844 0 
v 0.00382633 -0.0124241 0 
v 0.00133764 -0.00481775 0 
v 0.00185069 -0.00464488 0 
v 0.00253124 -0.0127512 0 
v 0.00080891 -0.00493413 0 
v -0.00080891 -0.00493413 0 
v -0.00145839 -0.0129179 0 
v -0.00531043 -0.0118659 0 
v -0.00185069 -0.00464488 0 
v -0.00473827 0.00159651 0 
v -0.00362998 0.0034385 0 
v -0.00185069 0.00464488 0 
v 0.00280594 0.00413844 0 
v 0.00234204 0.00441756 0 
v 0.00473827 -0.00159651 0 
v 0.00120944 -0.0129436 0 
v 0.000270695 -0.00499267 0 
v -0.0065 -0.0112583 0 
v -0.00234204 -0.00441756 0 
v -0.00398047 -0.00302587 0 
v -0.00946713 -0.00668935 0 
v -0.0095 -0.00606218 0 
v -0.00133764 0.00481775 0 
v 0.00080891 0.00493413 0 
v 0.0048831 0.00107485 0 
v 0.00497069 0.000540595 0 
v 0.00628206 -0.0113814 0 
v 0.00234204 -0.00441756 0 
v 0.00508101 -0.0119659 0 
v -0.00012514 -0.0129994 0 
v -0.000270695 -0.00499267 0 
v -0.00473827 -0.00159651 0 
v -0.00453788 -0.00209945 0 
v -0.00428429 -0.00257777 0 
v -0.0048831 -0.00107485 0 
v 0.00185069 0.00464488 0 
v 0.00133764 0.00481775 0 
v -0.005 -6.80268e-16 0 
v -0.00497069 -0.000540595 0 
vn 0 0 -1 
vn 0 0 -1 
vn 0 0 -1 
vn 0 0 -1 
vn 0 0 -1 
vn 0 0 -1 
vn 0 0 -1 
vn 0 0 -1 
vn 0 0 -1 
vn 0 0 -1 
vn 0 0 -1 
vn 0 0 -1 
vn 0 0 -1 
vn 0 0 -1 
vn 0 0 -1 
vn 0 0 -1 
vn 0 0 -1 
vn 0 0 -1 
vn 0 0 -1 
vn 0 0 -1 
vn 0 0 -1 
vn 0 0 -1 
vn 0 0 -1 
vn 0 0 -1 
vn 0 0 -1 
vn 0 0 -1 
vn 0 0 -1 
vn 0 0 -1 
vn 0 0 -1 
vn 0 0 -1 
vn 0 0 -1 
vn 0 0 -1 
vn 0 0 -1 
vn 0 0 -1 
vn 0 0 -1 
vn 0 0 -1 
vn 0 0 -1 
vn 0 0 -1 
vn 0 0 -1 
vn 0 0 -1 
vn 0 0 -1 
vn 0 0 -1 
vn 0 0 -1 
vn 0 0 -1 
vn 0 0 -1 
vn 0 0 -1 
vn 0 0 -1 
vn 0 0 -1 
vn 0 0 -1 
vn 0 0 -1 
vn 0 0 -1 
vn 0 0 -1 
vn 0 0 -1 
vn 0 0 -1 
vn 0 0 -1 
vn 0 0 -1 
vn 0 0 -1 
vn 0 0 -1 
vn 0 0 -1 
vn 0 0 -1 
vn 0 0 -1 
vn 0 0 -1 
vn 0 0 -1 
vn 0 0 -1 
vn 0 0 -1 
vn 0 0 -1 
vn 0 0 -1 
vn 0 0 -1 
vn 0 0 -1 
vn 0 0 -1 
vn 0 0 -1 
vn 0 0 -1 
vn 0 0 -1 
vn 0 0 -1 
vn 0 0 -1 
vn 0 0 -1 
vn 0 0 -1 
vn 0 0 -1 
vn 0 0 -1 
vn 0 0 -1 
vn 0 0 -1 
vn 0 0 -1 
vn 0 0 -1 
vn 0 0 -1 
vn 0 0 -1 
vn 0 0 -1 
vn 0 0 -1 
vn 0 0 -1 
vn 0 0 -1 
vn 0 0 -1 
vn 0 0 -1 
vn 0 0 -1 
vn 0 0 -1 
vn 0 0 -1 
vn 0 0 -1 
vn 0 0 -1 
vn 0 0 -1 
vn 0 0 -1 
vn 0 0 -1 
vn 0 0 -1 
vn 0 0 -1 
vn 0 0 -1 
vn 0 0 -1 
vn 0 0 -1 
vn 0 0 -1 
vn 0 0 -1 
vn 0 0 -1 
vn 0 0 -1 
vn 0 0 -1 
vn 0 0 -1 
vn 0 0 -1 
vn 0 0 -1 
vn 0 0 -1 
vn 0 0 -1 
vn 0 0 -1 
vn 0 0 -1 
vn 0 0 -1 
vn 0 0 -1 
vn 0 0 -1 
vn 0 0 -1 
vn 0 0 -1 
vn 0 0 -1 
vn 0 0 -1 
vn 0 0 -1 
vn 0 0 -1 
vn 0 0 -1 
vn 0 0 -1 
vn 0 0 -1 
vn 0 0 -1 
vn 0 0 -1 
vn 0 0 -1 
vn 0 0 -1 
vn 0 0 -1 
vn 0 0 -1 
vn 0 0 -1 
vn 0 0 -1 
vn 0 0 -1 
vn 0 0 -1 
vn 0 0 -1 
vn 0 0 -1 
vn 0 0 -1 
vn 0 0 -1 
vn 0 0 -1 
vn 0 0 -1 
vn 0 0 -1 
vn 0 0 -1 
vn 0 0 -1 
vn 0 0 -1 
vn 0 0 -1 
vn 0 0 -1 
vn 0 0 -1 
vn 0 0 -1 
vn 0 0 -1 
vn 0 0 -1 
vn 0 0 -1 
vn 0 0 -1 
vn 0 0 -1 
vn 0 0 -1 
vn 0 0 -1 
vn 0 0 -1 
vn 0 0 -1 
vn 0 0 -1 
vn 0 0 -1 
vn 0 0 -1 
vn 0 0 -1 
vn 0 0 -1 
vn 0 0 -1 
vn 0 0 -1 
vn 0 0 -1 
vn 0 0 -1 
vn 0 0 -1 
vn 0 0 -1 
vn 0 0 -1 
vn 0 0 -1 
vn 0 0 -1 
vn 0 0 -1 
vn 0 0 -1 
vn 0 0 -1 
vn 0 0 -1 
vn 0 0 -1 
vn 0 0 -1 
vn 0 0 -1 
vn 0 0 -1 
vn 0 0 -1 
vn 0 0 -1 
vn 0 0 -1 
vn 0 0 -1 
vn 0 0 -1 
vn 0 0 -1 
vn 0 0 -1 
vn 0 0 -1 
vn 0 0 -1 
vn 0 0 -1 
vn 0 0 -1 
vn 0 0 -1 
vn 0 0 -1 
vn 0 0 -1 
vn 0 0 -1 
vn 0 0 -1 
vn 0 0 -1 
vn 0 0 -1 
vn 0 0 -1 
vn 0 0 -1 
vn 0 0 -1 
vn 0 0 -1 
vn 0 0 -1 
vn 0 0 -1 
vn 0 0 -1 
vn 0 0 -1 
vn 0 0 -1 
vn 0 0 -1 
vn 0 0 -1 
vn 0 0 -1 
vn 0 0 -1 
vn 0 0 -1 
vn 0 0 -1 
vn 0 0 -1 
vn 0 0 -1 
vn 0 0 -1 
vn 0 0 -1 
vn 0 0 -1 
vn 0 0 -1 
vn 0 0 -1 
vn 0 0 -1 
vn 0 0 -1 
vn 0 0 -1 
vn 0 0 -1 
vn 0 0 -1 
vn 0 0 -1 
vn 0 0 -1 
vn 0 0 -1 
vn 0 0 -1 
vn 0 0 -1 
vn 0 0 -1 
vn 0 0 -1 
vn 0 0 -1 
vn 0 0 -1 
vn 0 0 -1 
vn 0 0 -1 
vn 0 0 -1 
vn 0 0 -1 
vn 0 0 -1 
vn 0 0 -1 
vn 0 0 -1 
vn 0 0 -1 
vn 0 0 -1 
vn 0 0 -1 
vn 0 0 -1 
vn 0 0 -1 
vn 0 0 -1 
vn 0 0 -1 
vn 0 0 -1 
vn 0 0 -1 
vn 0 0 -1 
vn 0 0 -1 
vn 0 0 -1 
f 2080//2080 2081//2081 2082//2082 
f 2081//2081 2083//2083 2082//2082 
f 2081//2081 2084//2084 2085//2085 
f 2086//2086 2082//2082 2087//2087 
f 2087//2087 2088//2088 2089//2089 
f 2085//2085 2083//2083 2081//2081 
f 2089//2089 2090//2090 2087//2087 
f 2091//2091 2092//2092 2093//2093 
f 2094//2094 2095//2095 2096//2096 
f 2097//2097 2094//2094 2098//2098 
f 2099//2099 2100//2100 2101//2101 
f 2080//2080 2102//2102 2103//2103 
f 2087//2087 2090//2090 2086//2086 
f 2092//2092 2104//2104 2105//2105 
f 2093//2093 2106//2106 2091//2091 
f 2107//2107 2108//2108 2109//2109 
f 2110//2110 2107//2107 2111//2111 
f 2098//2098 2112//2112 2097//2097 
f 2100//2100 2097//2097 2112//2112 
f 2101//2101 2113//2113 2099//2099 
f 2102//2102 2099//2099 2114//2114 
f 2103//2103 2115//2115 2080//2080 
f 2081//2081 2116//2116 2084//2084 
f 2106//2106 2117//2117 2091//2091 
f 2108//2108 2118//2118 2119//2119 
f 2111//2111 2120//2120 2110//2110 
f 2121//2121 2122//2122 2123//2123 
f 2112//2112 2101//2101 2100//2100 
f 2114//2114 2103//2103 2102//2102 
f 2082//2082 2086//2086 2080//2080 
f 2124//2124 2105//2105 2125//2125 
f 2105//2105 2093//2093 2092//2092 
f 2126//2126 2091//2091 2117//2117 
f 2127//2127 2128//2128 2129//2129 
f 2109//2109 2111//2111 2107//2107 
f 2122//2122 2130//2130 2120//2120 
f 2131//2131 2132//2132 2121//2121 
f 2113//2113 2114//2114 2099//2099 
f 2081//2081 2133//2133 2116//2116 
f 2124//2124 2134//2134 2135//2135 
f 2124//2124 2136//2136 2137//2137 
f 2125//2125 2138//2138 2124//2124 
f 2104//2104 2139//2139 2105//2105 
f 2140//2140 2141//2141 2126//2126 
f 2142//2142 2143//2143 2144//2144 
f 2145//2145 2146//2146 2147//2147 
f 2148//2148 2149//2149 2150//2150 
f 2148//2148 2151//2151 2152//2152 
f 2148//2148 2153//2153 2154//2154 
f 2155//2155 2156//2156 2157//2157 
f 2158//2158 2159//2159 2155//2155 
f 2129//2129 2160//2160 2127//2127 
f 2161//2161 2162//2162 2160//2160 
f 2120//2120 2130//2130 2110//2110 
f 2123//2123 2131//2131 2121//2121 
f 2163//2163 2132//2132 2131//2131 
f 2095//2095 2163//2163 2164//2164 
f 2115//2115 2081//2081 2080//2080 
f 2081//2081 2135//2135 2165//2165 
f 2137//2137 2134//2134 2124//2124 
f 2139//2139 2125//2125 2105//2105 
f 2140//2140 2166//2166 2141//2141 
f 2144//2144 2167//2167 2142//2142 
f 2147//2147 2142//2142 2145//2145 
f 2145//2145 2168//2168 2169//2169 
f 2148//2148 2170//2170 2149//2149 
f 2154//2154 2151//2151 2148//2148 
f 2171//2171 2172//2172 2173//2173 
f 2155//2155 2159//2159 2156//2156 
f 2128//2128 2158//2158 2129//2129 
f 2160//2160 2119//2119 2161//2161 
f 2120//2120 2123//2123 2122//2122 
f 2164//2164 2096//2096 2095//2095 
f 2165//2165 2133//2133 2081//2081 
f 2138//2138 2136//2136 2124//2124 
f 2117//2117 2140//2140 2126//2126 
f 2167//2167 2174//2174 2142//2142 
f 2169//2169 2146//2146 2145//2145 
f 2145//2145 2175//2175 2176//2176 
f 2152//2152 2170//2170 2148//2148 
f 2148//2148 2177//2177 2178//2178 
f 2148//2148 2179//2179 2180//2180 
f 2181//2181 2087//2087 2182//2182 
f 2183//2183 2184//2184 2185//2185 
f 2173//2173 2186//2186 2171//2171 
f 2171//2171 2157//2157 2187//2187 
f 2155//2155 2129//2129 2158//2158 
f 2119//2119 2118//2118 2161//2161 
f 2131//2131 2164//2164 2163//2163 
f 2135//2135 2081//2081 2124//2124 
f 2142//2142 2188//2188 2166//2166 
f 2147//2147 2143//2143 2142//2142 
f 2176//2176 2189//2189 2145//2145 
f 2178//2178 2153//2153 2148//2148 
f 2180//2180 2190//2190 2148//2148 
f 2087//2087 2181//2181 2191//2191 
f 2182//2182 2148//2148 2181//2181 
f 2192//2192 2193//2193 2194//2194 
f 2192//2192 2195//2195 2196//2196 
f 2185//2185 2197//2197 2183//2183 
f 2175//2175 2198//2198 2199//2199 
f 2200//2200 2201//2201 2198//2198 
f 2187//2187 2172//2172 2171//2171 
f 2162//2162 2127//2127 2160//2160 
f 2096//2096 2098//2098 2094//2094 
f 2142//2142 2202//2202 2188//2188 
f 2142//2142 2203//2203 2204//2204 
f 2189//2189 2168//2168 2145//2145 
f 2190//2190 2177//2177 2148//2148 
f 2182//2182 2179//2179 2148//2148 
f 2192//2192 2205//2205 2206//2206 
f 2192//2192 2207//2207 2208//2208 
f 2196//2196 2193//2193 2192//2192 
f 2192//2192 2209//2209 2210//2210 
f 2211//2211 2212//2212 2213//2213 
f 2184//2184 2214//2214 2215//2215 
f 2185//2185 2186//2186 2197//2197 
f 2216//2216 2217//2217 2218//2218 
f 2199//2199 2219//2219 2175//2175 
f 2200//2200 2220//2220 2201//2201 
f 2186//2186 2221//2221 2222//2222 
f 2157//2157 2171//2171 2155//2155 
f 2140//2140 2142//2142 2166//2166 
f 2174//2174 2203//2203 2142//2142 
f 2191//2191 2088//2088 2087//2087 
f 2208//2208 2205//2205 2192//2192 
f 2210//2210 2195//2195 2192//2192 
f 2223//2223 2224//2224 2225//2225 
f 2226//2226 2227//2227 2228//2228 
f 2226//2226 2229//2229 2230//2230 
f 2213//2213 2231//2231 2211//2211 
f 2232//2232 2233//2233 2234//2234 
f 2184//2184 2235//2235 2236//2236 
f 2184//2184 2237//2237 2238//2238 
f 2184//2184 2239//2239 2214//2214 
f 2184//2184 2240//2240 2241//2241 
f 2183//2183 2242//2242 2184//2184 
f 2216//2216 2243//2243 2217//2217 
f 2244//2244 2245//2245 2243//2243 
f 2246//2246 2247//2247 2248//2248 
f 2246//2246 2249//2249 2250//2250 
f 2175//2175 2251//2251 2252//2252 
f 2175//2175 2253//2253 2254//2254 
f 2198//2198 2175//2175 2200//2200 
f 2173//2173 2221//2221 2186//2186 
f 2204//2204 2202//2202 2142//2142 
f 2206//2206 2148//2148 2192//2192 
f 2194//2194 2255//2255 2192//2192 
f 2223//2223 2256//2256 2224//2224 
f 2223//2223 2145//2145 2142//2142 
f 2230//2230 2227//2227 2226//2226 
f 2257//2257 2258//2258 2259//2259 
f 2211//2211 2228//2228 2212//2212 
f 2232//2232 2260//2260 2233//2233 
f 2261//2261 2262//2262 2263//2263 
f 2236//2236 2264//2264 2184//2184 
f 2215//2215 2237//2237 2184//2184 
f 2242//2242 2240//2240 2184//2184 
f 2243//2243 2216//2216 2244//2244 
f 2250//2250 2247//2247 2246//2246 
f 2254//2254 2251//2251 2175//2175 
f 2219//2219 2265//2265 2175//2175 
f 2119//2119 2109//2109 2108//2108 
f 2255//2255 2207//2207 2192//2192 
f 2142//2142 2256//2256 2223//2223 
f 2266//2266 2223//2223 2267//2267 
f 2268//2268 2269//2269 2270//2270 
f 2226//2226 2271//2271 2229//2229 
f 2231//2231 2257//2257 2211//2211 
f 2272//2272 2273//2273 2274//2274 
f 2232//2232 2275//2275 2260//2260 
f 2261//2261 2234//2234 2262//2262 
f 2276//2276 2277//2277 2278//2278 
f 2184//2184 2279//2279 2280//2280 
f 2184//2184 2281//2281 2282//2282 
f 2184//2184 2283//2283 2235//2235 
f 2241//2241 2239//2239 2184//2184 
f 2209//2209 2284//2284 2216//2216 
f 2209//2209 2285//2285 2286//2286 
f 2192//2192 2287//2287 2285//2285 
f 2246//2246 2288//2288 2249//2249 
f 2265//2265 2253//2253 2175//2175 
f 2150//2150 2192//2192 2148//2148 
f 2267//2267 2289//2289 2266//2266 
f 2268//2268 2290//2290 2269//2269 
f 2259//2259 2211//2211 2257//2257 
f 2258//2258 2291//2291 2292//2292 
f 2293//2293 2294//2294 2292//2292 
f 2295//2295 2296//2296 2294//2294 
f 2297//2297 2298//2298 2299//2299 
f 2300//2300 2301//2301 2298//2298 
f 2302//2302 2303//2303 2272//2272 
f 2273//2273 2304//2304 2305//2305 
f 2263//2263 2276//2276 2261//2261 
f 2276//2276 2263//2263 2277//2277 
f 2184//2184 2306//2306 2279//2279 
f 2184//2184 2264//2264 2281//2281 
f 2238//2238 2283//2283 2184//2184 
f 2307//2307 2236//2236 2245//2245 
f 2209//2209 2308//2308 2284//2284 
f 2285//2285 2209//2209 2192//2192 
f 2192//2192 2309//2309 2310//2310 
f 2246//2246 2192//2192 2288//2288 
f 2200//2200 2248//2248 2220//2220 
f 2225//2225 2267//2267 2223//2223 
f 2268//2268 2311//2311 2290//2290 
f 2311//2311 2268//2268 2271//2271 
f 2292//2292 2259//2259 2258//2258 
f 2294//2294 2293//2293 2295//2295 
f 2298//2298 2297//2297 2300//2300 
f 2312//2312 2313//2313 2301//2301 
f 2305//2305 2274//2274 2273//2273 
f 2304//2304 2314//2314 2315//2315 
f 2315//2315 2314//2314 2275//2275 
f 2278//2278 2316//2316 2276//2276 
f 2316//2316 2317//2317 2318//2318 
f 2282//2282 2306//2306 2184//2184 
f 2245//2245 2244//2244 2307//2307 
f 2209//2209 2319//2319 2308//2308 
f 2192//2192 2320//2320 2287//2287 
f 2192//2192 2246//2246 2309//2309 
f 2252//2252 2176//2176 2175//2175 
f 2289//2289 2321//2321 2266//2266 
f 2289//2289 2270//2270 2322//2322 
f 2271//2271 2226//2226 2311//2311 
f 2292//2292 2291//2291 2293//2293 
f 2323//2323 2324//2324 2296//2296 
f 2325//2325 2299//2299 2324//2324 
f 2301//2301 2300//2300 2312//2312 
f 2326//2326 2327//2327 2313//2313 
f 2303//2303 2302//2302 2327//2327 
f 2315//2315 2305//2305 2304//2304 
f 2234//2234 2261//2261 2232//2232 
f 2316//2316 2278//2278 2317//2317 
f 2318//2318 2328//2328 2329//2329 
f 2236//2236 2307//2307 2264//2264 
f 2286//2286 2319//2319 2209//2209 
f 2248//2248 2200//2200 2246//2246 
f 2322//2322 2321//2321 2289//2289 
f 2228//2228 2211//2211 2226//2226 
f 2324//2324 2323//2323 2325//2325 
f 2313//2313 2312//2312 2326//2326 
f 2274//2274 2302//2302 2272//2272 
f 2318//2318 2330//2330 2316//2316 
f 2318//2318 2331//2331 2328//2328 
f 2218//2218 2209//2209 2216//2216 
f 2192//2192 2332//2332 2333//2333 
f 2222//2222 2197//2197 2186//2186 
f 2296//2296 2295//2295 2323//2323 
f 2327//2327 2326//2326 2303//2303 
f 2329//2329 2330//2330 2318//2318 
f 2318//2318 2184//2184 2334//2334 
f 2333//2333 2320//2320 2192//2192 
f 2270//2270 2289//2289 2268//2268 
f 2275//2275 2232//2232 2315//2315 
f 2334//2334 2335//2335 2318//2318 
f 2310//2310 2332//2332 2192//2192 
f 2335//2335 2331//2331 2318//2318 
f 2299//2299 2325//2325 2297//2297 
f 2280//2280 2334//2334 2184//2184 
v 0.006 0.007 0 
v 0.006 0.007 -0.0015 
v 0.006 0.006 -0.0015 
v 0.006 0.006 0 
vn -1 -4.33681e-15 0 
vn -1 -4.33681e-15 0 
vn -1 -4.33681e-15 0 
vn -1 -4.33681e-15 0 
f 2336//2336 2337//2337 2338//2338 
f 2338//2338 2339//2339 2336//2336 
v 0.00639604 0.00551093 -0.0015 
v 0.00629663 0.00554323 -0.0015 
v 0.00625 0.00556699 -0.0015 
v 0.00833457 0.00562843 -0.0015 
v 0.00825 0.00556699 -0.0015 
v 0.00820337 0.00554323 -0.0015 
v 0.00634549 0.00552447 -0.0015 
v 0.00620611 0.00559549 -0.0015 
v 0.0065 0.0055 -0.0015 
v 0.00644774 0.00550274 -0.0015 
v 0.00829389 0.00559549 -0.0015 
v 0.00815451 0.00552447 -0.0015 
v 0.00845677 0.00579663 -0.0015 
v 0.00843301 0.00575 -0.0015 
v 0.00616543 0.00562843 -0.0015 
v 0.00810396 0.00551093 -0.0015 
v 0.00837157 0.00566543 -0.0015 
v 0.00840451 0.00570611 -0.0015 
v 0.00830902 0.00758779 -0.0015 
v 0.00836603 0.0075 -0.0015 
v 0.00841355 0.00740674 -0.0015 
v 0.00845106 0.00730902 -0.0015 
v 0.00816913 0.00774314 -0.0015 
v 0.00824314 0.00766913 -0.0015 
v 0.00613397 0.0075 -0.0015 
v 0.00641221 0.00780902 -0.0015 
v 0.0065 0.00786603 -0.0015 
v 0.00606699 0.00575 -0.0015 
v 0.00604323 0.00579663 -0.0015 
v 0.00612843 0.00566543 -0.0015 
v 0.00609549 0.00570611 -0.0015 
v 0.00805226 0.00550274 -0.0015 
v 0.008 0.0055 -0.0015 
v 0.00848907 0.00589604 -0.0015 
v 0.00847553 0.00584549 -0.0015 
v 0.00847815 0.00720791 -0.0015 
v 0.00790674 0.00791355 -0.0015 
v 0.008 0.00786603 -0.0015 
v 0.00633087 0.00774314 -0.0015 
v 0.00619098 0.00758779 -0.0015 
v 0.00625686 0.00766913 -0.0015 
v 0.00659326 0.00791355 -0.0015 
v 0.00604894 0.00730902 -0.0015 
v 0.00608645 0.00740674 -0.0015 
v 0.00600548 0.00710453 -0.0015 
v 0.00602185 0.00720791 -0.0015 
v 0.00602447 0.00584549 -0.0015 
v 0.00849726 0.00594774 -0.0015 
v 0.00808779 0.00780902 -0.0015 
v 0.0085 0.007 -0.0015 
v 0.00770791 0.00797815 -0.0015 
v 0.00780902 0.00795106 -0.0015 
v 0.00601093 0.00589604 -0.0015 
v 0.00600274 0.00594774 -0.0015 
v 0.00669098 0.00795106 -0.0015 
v 0.00679209 0.00797815 -0.0015 
v 0.00849452 0.00710453 -0.0015 
v 0.00760453 0.00799452 -0.0015 
v 0.006 0.006 -0.0015 
v 0.006 0.007 -0.0015 
v 0.0085 0.006 -0.0015 
v 0.0075 0.008 -0.0015 
v 0.007 0.008 -0.0015 
v 0.00689547 0.00799452 -0.0015 
vn 0 0 -1 
vn 0 0 -1 
vn 0 0 -1 
vn 0 0 -1 
vn 0 0 -1 
vn 0 0 -1 
vn 0 0 -1 
vn 0 0 -1 
vn 0 0 -1 
vn 0 0 -1 
vn 0 0 -1 
vn 0 0 -1 
vn 0 0 -1 
vn 0 0 -1 
vn 0 0 -1 
vn 0 0 -1 
vn 0 0 -1 
vn 0 0 -1 
vn 0 0 -1 
vn 0 0 -1 
vn 0 0 -1 
vn 0 0 -1 
vn 0 0 -1 
vn 0 0 -1 
vn 0 0 -1 
vn 0 0 -1 
vn 0 0 -1 
vn 0 0 -1 
vn 0 0 -1 
vn 0 0 -1 
vn 0 0 -1 
vn 0 0 -1 
vn 0 0 -1 
vn 0 0 -1 
vn 0 0 -1 
vn 0 0 -1 
vn 0 0 -1 
vn 0 0 -1 
vn 0 0 -1 
vn 0 0 -1 
vn 0 0 -1 
vn 0 0 -1 
vn 0 0 -1 
vn 0 0 -1 
vn 0 0 -1 
vn 0 0 -1 
vn 0 0 -1 
vn 0 0 -1 
vn 0 0 -1 
vn 0 0 -1 
vn 0 0 -1 
vn 0 0 -1 
vn 0 0 -1 
vn 0 0 -1 
vn 0 0 -1 
vn 0 0 -1 
vn 0 0 -1 
vn 0 0 -1 
vn 0 0 -1 
vn 0 0 -1 
vn 0 0 -1 
vn 0 0 -1 
vn 0 0 -1 
vn 0 0 -1 
f 2340//2340 2341//2341 2342//2342 
f 2343//2343 2344//2344 2345//2345 
f 2340//2340 2346//2346 2341//2341 
f 2347//2347 2348//2348 2349//2349 
f 2343//2343 2350//2350 2344//2344 
f 2351//2351 2352//2352 2353//2353 
f 2348//2348 2347//2347 2354//2354 
f 2349//2349 2340//2340 2347//2347 
f 2352//2352 2351//2351 2355//2355 
f 2351//2351 2356//2356 2343//2343 
f 2353//2353 2357//2357 2351//2351 
f 2358//2358 2359//2359 2360//2360 
f 2361//2361 2362//2362 2363//2363 
f 2364//2364 2365//2365 2366//2366 
f 2348//2348 2367//2367 2368//2368 
f 2348//2348 2369//2369 2370//2370 
f 2342//2342 2347//2347 2340//2340 
f 2355//2355 2371//2371 2352//2352 
f 2357//2357 2356//2356 2351//2351 
f 2372//2372 2373//2373 2374//2374 
f 2363//2363 2358//2358 2361//2361 
f 2375//2375 2376//2376 2377//2377 
f 2364//2364 2378//2378 2365//2365 
f 2364//2364 2379//2379 2380//2380 
f 2381//2381 2382//2382 2383//2383 
f 2381//2381 2384//2384 2385//2385 
f 2368//2368 2386//2386 2348//2348 
f 2354//2354 2369//2369 2348//2348 
f 2345//2345 2351//2351 2343//2343 
f 2372//2372 2387//2387 2373//2373 
f 2360//2360 2361//2361 2358//2358 
f 2377//2377 2388//2388 2375//2375 
f 2389//2389 2390//2390 2391//2391 
f 2380//2380 2378//2378 2364//2364 
f 2385//2385 2382//2382 2381//2381 
f 2348//2348 2392//2392 2393//2393 
f 2370//2370 2367//2367 2348//2348 
f 2348//2348 2394//2394 2395//2395 
f 2374//2374 2352//2352 2372//2372 
f 2376//2376 2375//2375 2396//2396 
f 2388//2388 2362//2362 2375//2375 
f 2389//2389 2397//2397 2390//2390 
f 2383//2383 2364//2364 2381//2381 
f 2348//2348 2398//2398 2399//2399 
f 2386//2386 2392//2392 2348//2348 
f 2348//2348 2381//2381 2394//2394 
f 2372//2372 2400//2400 2387//2387 
f 2372//2372 2401//2401 2389//2389 
f 2361//2361 2375//2375 2362//2362 
f 2389//2389 2401//2401 2397//2397 
f 2381//2381 2399//2399 2384//2384 
f 2393//2393 2398//2398 2348//2348 
f 2348//2348 2402//2402 2401//2401 
f 2395//2395 2403//2403 2348//2348 
f 2389//2389 2400//2400 2372//2372 
f 2391//2391 2376//2376 2389//2389 
f 2399//2399 2381//2381 2348//2348 
f 2403//2403 2402//2402 2348//2348 
f 2396//2396 2389//2389 2376//2376 
f 2401//2401 2372//2372 2348//2348 
f 2366//2366 2381//2381 2364//2364 
f 2371//2371 2372//2372 2352//2352 
v 0.007 0.008 0 
v 0.007 0.008 -0.0015 
v 0.00689547 0.00799452 -0.0015 
v 0.00689547 0.00799452 0 
v 0.00679209 0.00797815 -0.0015 
v 0.00679209 0.00797815 0 
v 0.00669098 0.00795106 -0.0015 
v 0.00669098 0.00795106 0 
v 0.00659326 0.00791355 -0.0015 
v 0.00659326 0.00791355 0 
v 0.0065 0.00786603 -0.0015 
v 0.0065 0.00786603 0 
v 0.00641221 0.00780902 -0.0015 
v 0.00641221 0.00780902 0 
v 0.00633087 0.00774314 -0.0015 
v 0.00633087 0.00774314 0 
v 0.00625686 0.00766913 -0.0015 
v 0.00625686 0.00766913 0 
v 0.00619098 0.00758779 -0.0015 
v 0.00619098 0.00758779 0 
v 0.00613397 0.0075 -0.0015 
v 0.00613397 0.0075 0 
v 0.00608645 0.00740674 -0.0015 
v 0.00608645 0.00740674 0 
v 0.00604894 0.00730902 -0.0015 
v 0.00604894 0.00730902 0 
v 0.00602185 0.00720791 -0.0015 
v 0.00602185 0.00720791 0 
v 0.00600548 0.00710453 -0.0015 
v 0.00600548 0.00710453 0 
v 0.006 0.007 -0.0015 
v 0.006 0.007 0 
vn 0 1 0 
vn 0 1 0 
vn -0.104528 0.994522 0 
vn -0.104528 0.994522 0 
vn -0.207912 0.978148 0 
vn -0.207912 0.978148 0 
vn -0.309017 0.951057 0 
vn -0.309017 0.951057 0 
vn -0.406737 0.913545 0 
vn -0.406737 0.913545 0 
vn -0.5 0.866025 0 
vn -0.5 0.866025 0 
vn -0.587785 0.809017 0 
vn -0.587785 0.809017 0 
vn -0.669131 0.743145 0 
vn -0.669131 0.743145 0 
vn -0.743145 0.669131 0 
vn -0.743145 0.669131 0 
vn -0.809017 0.587785 0 
vn -0.809017 0.587785 0 
vn -0.866025 0.5 0 
vn -0.866025 0.5 0 
vn -0.913545 0.406737 0 
vn -0.913545 0.406737 0 
vn -0.951057 0.309017 0 
vn -0.951057 0.309017 0 
vn -0.978148 0.207912 0 
vn -0.978148 0.207912 0 
vn -0.994522 0.104528 0 
vn -0.994522 0.104528 0 
vn -1 0 0 
vn -1 0 0 
f 2404//2404 2405//2405 2406//2406 
f 2407//2407 2406//2406 2408//2408 
f 2409//2409 2408//2408 2410//2410 
f 2411//2411 2410//2410 2412//2412 
f 2413//2413 2412//2412 2414//2414 
f 2415//2415 2414//2414 2416//2416 
f 2417//2417 2416//2416 2418//2418 
f 2419//2419 2418//2418 2420//2420 
f 2421//2421 2420//2420 2422//2422 
f 2423//2423 2422//2422 2424//2424 
f 2425//2425 2424//2424 2426//2426 
f 2427//2427 2426//2426 2428//2428 
f 2429//2429 2428//2428 2430//2430 
f 2431//2431 2430//2430 2432//2432 
f 2433//2433 2432//2432 2434//2434 
f 2434//2434 2435//2435 2433//2433 
f 2432//2432 2433//2433 2431//2431 
f 2430//2430 2431//2431 2429//2429 
f 2428//2428 2429//2429 2427//2427 
f 2426//2426 2427//2427 2425//2425 
f 2424//2424 2425//2425 2423//2423 
f 2422//2422 2423//2423 2421//2421 
f 2420//2420 2421//2421 2419//2419 
f 2418//2418 2419//2419 2417//2417 
f 2416//2416 2417//2417 2415//2415 
f 2414//2414 2415//2415 2413//2413 
f 2412//2412 2413//2413 2411//2411 
f 2410//2410 2411//2411 2409//2409 
f 2408//2408 2409//2409 2407//2407 
f 2406//2406 2407//2407 2404//2404 
v 0.0075 0.008 0 
v 0.0075 0.008 -0.0015 
v 0.007 0.008 -0.0015 
v 0.007 0.008 0 
vn 0 1 0 
vn 0 1 0 
vn 0 1 0 
vn 0 1 0 
f 2436//2436 2437//2437 2438//2438 
f 2438//2438 2439//2439 2436//2436 
v 0.0085 0.007 0 
v 0.0085 0.007 -0.0015 
v 0.00849452 0.00710453 -0.0015 
v 0.00849452 0.00710453 0 
v 0.00847815 0.00720791 -0.0015 
v 0.00847815 0.00720791 0 
v 0.00845106 0.00730902 -0.0015 
v 0.00845106 0.00730902 0 
v 0.00841355 0.00740674 -0.0015 
v 0.00841355 0.00740674 0 
v 0.00836603 0.0075 -0.0015 
v 0.00836603 0.0075 0 
v 0.00830902 0.00758779 -0.0015 
v 0.00830902 0.00758779 0 
v 0.00824314 0.00766913 -0.0015 
v 0.00824314 0.00766913 0 
v 0.00816913 0.00774314 -0.0015 
v 0.00816913 0.00774314 0 
v 0.00808779 0.00780902 -0.0015 
v 0.00808779 0.00780902 0 
v 0.008 0.00786603 -0.0015 
v 0.008 0.00786603 0 
v 0.00790674 0.00791355 -0.0015 
v 0.00790674 0.00791355 0 
v 0.00780902 0.00795106 -0.0015 
v 0.00780902 0.00795106 0 
v 0.00770791 0.00797815 -0.0015 
v 0.00770791 0.00797815 0 
v 0.00760453 0.00799452 -0.0015 
v 0.00760453 0.00799452 0 
v 0.0075 0.008 -0.0015 
v 0.0075 0.008 0 
vn 1 0 0 
vn 1 0 0 
vn 0.994522 0.104528 0 
vn 0.994522 0.104528 0 
vn 0.978148 0.207912 0 
vn 0.978148 0.207912 0 
vn 0.951057 0.309017 0 
vn 0.951057 0.309017 0 
vn 0.913545 0.406737 0 
vn 0.913545 0.406737 0 
vn 0.866025 0.5 0 
vn 0.866025 0.5 0 
vn 0.809017 0.587785 0 
vn 0.809017 0.587785 0 
vn 0.743145 0.669131 0 
vn 0.743145 0.669131 0 
vn 0.669131 0.743145 0 
vn 0.669131 0.743145 0 
vn 0.587785 0.809017 0 
vn 0.587785 0.809017 0 
vn 0.5 0.866025 0 
vn 0.5 0.866025 0 
vn 0.406737 0.913545 0 
vn 0.406737 0.913545 0 
vn 0.309017 0.951057 0 
vn 0.309017 0.951057 0 
vn 0.207912 0.978148 0 
vn 0.207912 0.978148 0 
vn 0.104528 0.994522 0 
vn 0.104528 0.994522 0 
vn 0 1 0 
vn 0 1 0 
f 2440//2440 2441//2441 2442//2442 
f 2443//2443 2442//2442 2444//2444 
f 2445//2445 2444//2444 2446//2446 
f 2447//2447 2446//2446 2448//2448 
f 2449//2449 2448//2448 2450//2450 
f 2451//2451 2450//2450 2452//2452 
f 2453//2453 2452//2452 2454//2454 
f 2455//2455 2454//2454 2456//2456 
f 2457//2457 2456//2456 2458//2458 
f 2459//2459 2458//2458 2460//2460 
f 2461//2461 2460//2460 2462//2462 
f 2463//2463 2462//2462 2464//2464 
f 2465//2465 2464//2464 2466//2466 
f 2467//2467 2466//2466 2468//2468 
f 2469//2469 2468//2468 2470//2470 
f 2470//2470 2471//2471 2469//2469 
f 2468//2468 2469//2469 2467//2467 
f 2466//2466 2467//2467 2465//2465 
f 2464//2464 2465//2465 2463//2463 
f 2462//2462 2463//2463 2461//2461 
f 2460//2460 2461//2461 2459//2459 
f 2458//2458 2459//2459 2457//2457 
f 2456//2456 2457//2457 2455//2455 
f 2454//2454 2455//2455 2453//2453 
f 2452//2452 2453//2453 2451//2451 
f 2450//2450 2451//2451 2449//2449 
f 2448//2448 2449//2449 2447//2447 
f 2446//2446 2447//2447 2445//2445 
f 2444//2444 2445//2445 2443//2443 
f 2442//2442 2443//2443 2440//2440 
v 0.0085 0.007 -0.0015 
v 0.0085 0.007 0 
v 0.0085 0.006 0 
v 0.0085 0.006 -0.0015 
vn 1 3.46945e-15 0 
vn 1 3.46945e-15 0 
vn 1 3.46945e-15 0 
vn 1 3.46945e-15 0 
f 2472//2472 2473//2473 2474//2474 
f 2474//2474 2475//2475 2472//2472 
v 0.008 0.0055 0 
v 0.008 0.0055 -0.0015 
v 0.00805226 0.00550274 -0.0015 
v 0.00805226 0.00550274 0 
v 0.00810396 0.00551093 -0.0015 
v 0.00810396 0.00551093 0 
v 0.00815451 0.00552447 -0.0015 
v 0.00815451 0.00552447 0 
v 0.00820337 0.00554323 -0.0015 
v 0.00820337 0.00554323 0 
v 0.00825 0.00556699 -0.0015 
v 0.00825 0.00556699 0 
v 0.00829389 0.00559549 -0.0015 
v 0.00829389 0.00559549 0 
v 0.00833457 0.00562843 -0.0015 
v 0.00833457 0.00562843 0 
v 0.00837157 0.00566543 -0.0015 
v 0.00837157 0.00566543 0 
v 0.00840451 0.00570611 -0.0015 
v 0.00840451 0.00570611 0 
v 0.00843301 0.00575 -0.0015 
v 0.00843301 0.00575 0 
v 0.00845677 0.00579663 -0.0015 
v 0.00845677 0.00579663 0 
v 0.00847553 0.00584549 -0.0015 
v 0.00847553 0.00584549 0 
v 0.00848907 0.00589604 -0.0015 
v 0.00848907 0.00589604 0 
v 0.00849726 0.00594774 -0.0015 
v 0.00849726 0.00594774 0 
v 0.0085 0.006 -0.0015 
v 0.0085 0.006 0 
vn 0 -1 0 
vn 0 -1 0 
vn 0.104528 -0.994522 0 
vn 0.104528 -0.994522 0 
vn 0.207912 -0.978148 0 
vn 0.207912 -0.978148 0 
vn 0.309017 -0.951057 0 
vn 0.309017 -0.951057 0 
vn 0.406737 -0.913545 0 
vn 0.406737 -0.913545 0 
vn 0.5 -0.866025 0 
vn 0.5 -0.866025 0 
vn 0.587785 -0.809017 0 
vn 0.587785 -0.809017 0 
vn 0.669131 -0.743145 0 
vn 0.669131 -0.743145 0 
vn 0.743145 -0.669131 0 
vn 0.743145 -0.669131 0 
vn 0.809017 -0.587785 0 
vn 0.809017 -0.587785 0 
vn 0.866025 -0.5 0 
vn 0.866025 -0.5 0 
vn 0.913545 -0.406737 0 
vn 0.913545 -0.406737 0 
vn 0.951057 -0.309017 0 
vn 0.951057 -0.309017 0 
vn 0.978148 -0.207912 0 
vn 0.978148 -0.207912 0 
vn 0.994522 -0.104528 0 
vn 0.994522 -0.104528 0 
vn 1 -8.1532e-14 0 
vn 1 -8.1532e-14 0 
f 2476//2476 2477//2477 2478//2478 
f 2479//2479 2478//2478 2480//2480 
f 2481//2481 2480//2480 2482//2482 
f 2483//2483 2482//2482 2484//2484 
f 2485//2485 2484//2484 2486//2486 
f 2487//2487 2486//2486 2488//2488 
f 2489//2489 2488//2488 2490//2490 
f 2491//2491 2490//2490 2492//2492 
f 2493//2493 2492//2492 2494//2494 
f 2495//2495 2494//2494 2496//2496 
f 2497//2497 2496//2496 2498//2498 
f 2499//2499 2498//2498 2500//2500 
f 2501//2501 2500//2500 2502//2502 
f 2503//2503 2502//2502 2504//2504 
f 2505//2505 2504//2504 2506//2506 
f 2506//2506 2507//2507 2505//2505 
f 2504//2504 2505//2505 2503//2503 
f 2502//2502 2503//2503 2501//2501 
f 2500//2500 2501//2501 2499//2499 
f 2498//2498 2499//2499 2497//2497 
f 2496//2496 2497//2497 2495//2495 
f 2494//2494 2495//2495 2493//2493 
f 2492//2492 2493//2493 2491//2491 
f 2490//2490 2491//2491 2489//2489 
f 2488//2488 2489//2489 2487//2487 
f 2486//2486 2487//2487 2485//2485 
f 2484//2484 2485//2485 2483//2483 
f 2482//2482 2483//2483 2481//2481 
f 2480//2480 2481//2481 2479//2479 
f 2478//2478 2479//2479 2476//2476 
v 0.0065 0.0055 0 
v 0.0065 0.0055 -0.0015 
v 0.008 0.0055 -0.0015 
v 0.008 0.0055 0 
vn 5.78241e-16 -1 0 
vn 5.78241e-16 -1 0 
vn 5.78241e-16 -1 0 
vn 5.78241e-16 -1 0 
f 2508//2508 2509//2509 2510//2510 
f 2510//2510 2511//2511 2508//2508 
v 0.006 0.006 0 
v 0.006 0.006 -0.0015 
v 0.00600274 0.00594774 -0.0015 
v 0.00600274 0.00594774 0 
v 0.00601093 0.00589604 -0.0015 
v 0.00601093 0.00589604 0 
v 0.00602447 0.00584549 -0.0015 
v 0.00602447 0.00584549 0 
v 0.00604323 0.00579663 -0.0015 
v 0.00604323 0.00579663 0 
v 0.00606699 0.00575 -0.0015 
v 0.00606699 0.00575 0 
v 0.00609549 0.00570611 -0.0015 
v 0.00609549 0.00570611 0 
v 0.00612843 0.00566543 -0.0015 
v 0.00612843 0.00566543 0 
v 0.00616543 0.00562843 -0.0015 
v 0.00616543 0.00562843 0 
v 0.00620611 0.00559549 -0.0015 
v 0.00620611 0.00559549 0 
v 0.00625 0.00556699 -0.0015 
v 0.00625 0.00556699 0 
v 0.00629663 0.00554323 -0.0015 
v 0.00629663 0.00554323 0 
v 0.00634549 0.00552447 -0.0015 
v 0.00634549 0.00552447 0 
v 0.00639604 0.00551093 -0.0015 
v 0.00639604 0.00551093 0 
v 0.00644774 0.00550274 -0.0015 
v 0.00644774 0.00550274 0 
v 0.0065 0.0055 -0.0015 
v 0.0065 0.0055 0 
vn -1 -1.21431e-13 0 
vn -1 -1.21431e-13 0 
vn -0.994522 -0.104528 0 
vn -0.994522 -0.104528 0 
vn -0.978148 -0.207912 0 
vn -0.978148 -0.207912 0 
vn -0.951057 -0.309017 0 
vn -0.951057 -0.309017 0 
vn -0.913545 -0.406737 0 
vn -0.913545 -0.406737 0 
vn -0.866025 -0.5 0 
vn -0.866025 -0.5 0 
vn -0.809017 -0.587785 0 
vn -0.809017 -0.587785 0 
vn -0.743145 -0.669131 0 
vn -0.743145 -0.669131 0 
vn -0.669131 -0.743145 0 
vn -0.669131 -0.743145 0 
vn -0.587785 -0.809017 0 
vn -0.587785 -0.809017 0 
vn -0.5 -0.866025 0 
vn -0.5 -0.866025 0 
vn -0.406737 -0.913545 0 
vn -0.406737 -0.913545 0 
vn -0.309017 -0.951057 0 
vn -0.309017 -0.951057 0 
vn -0.207912 -0.978148 0 
vn -0.207912 -0.978148 0 
vn -0.104528 -0.994522 0 
vn -0.104528 -0.994522 0 
vn 0 -1 0 
vn 0 -1 0 
f 2512//2512 2513//2513 2514//2514 
f 2515//2515 2514//2514 2516//2516 
f 2517//2517 2516//2516 2518//2518 
f 2519//2519 2518//2518 2520//2520 
f 2521//2521 2520//2520 2522//2522 
f 2523//2523 2522//2522 2524//2524 
f 2525//2525 2524//2524 2526//2526 
f 2527//2527 2526//2526 2528//2528 
f 2529//2529 2528//2528 2530//2530 
f 2531//2531 2530//2530 2532//2532 
f 2533//2533 2532//2532 2534//2534 
f 2535//2535 2534//2534 2536//2536 
f 2537//2537 2536//2536 2538//2538 
f 2539//2539 2538//2538 2540//2540 
f 2541//2541 2540//2540 2542//2542 
f 2542//2542 2543//2543 2541//2541 
f 2540//2540 2541//2541 2539//2539 
f 2538//2538 2539//2539 2537//2537 
f 2536//2536 2537//2537 2535//2535 
f 2534//2534 2535//2535 2533//2533 
f 2532//2532 2533//2533 2531//2531 
f 2530//2530 2531//2531 2529//2529 
f 2528//2528 2529//2529 2527//2527 
f 2526//2526 2527//2527 2525//2525 
f 2524//2524 2525//2525 2523//2523 
f 2522//2522 2523//2523 2521//2521 
f 2520//2520 2521//2521 2519//2519 
f 2518//2518 2519//2519 2517//2517 
f 2516//2516 2517//2517 2515//2515 
f 2514//2514 2515//2515 2512//2512 
v -0.007 0.008 0 
v -0.007 0.008 -0.0015 
v -0.0075 0.008 -0.0015 
v -0.0075 0.008 0 
vn 0 1 0 
vn 0 1 0 
vn 0 1 0 
vn 0 1 0 
f 2544//2544 2545//2545 2546//2546 
f 2546//2546 2547//2547 2544//2544 
v -0.00613397 0.0075 -0.0015 
v -0.00659326 0.00791355 -0.0015 
v -0.0065 0.00786603 -0.0015 
v -0.00612843 0.00566543 -0.0015 
v -0.00634549 0.00552447 -0.0015 
v -0.00639604 0.00551093 -0.0015 
v -0.00620611 0.00559549 -0.0015 
v -0.00625 0.00556699 -0.0015 
v -0.00633087 0.00774314 -0.0015 
v -0.00625686 0.00766913 -0.0015 
v -0.00641221 0.00780902 -0.0015 
v -0.00689547 0.00799452 -0.0015 
v -0.00679209 0.00797815 -0.0015 
v -0.008 0.0055 -0.0015 
v -0.00815451 0.00552447 -0.0015 
v -0.00820337 0.00554323 -0.0015 
v -0.00805226 0.00550274 -0.0015 
v -0.00629663 0.00554323 -0.0015 
v -0.00616543 0.00562843 -0.0015 
v -0.00604894 0.00730902 -0.0015 
v -0.00602185 0.00720791 -0.0015 
v -0.00608645 0.00740674 -0.0015 
v -0.00669098 0.00795106 -0.0015 
v -0.00847553 0.00584549 -0.0015 
v -0.00848907 0.00589604 -0.0015 
v -0.00825 0.00556699 -0.0015 
v -0.00829389 0.00559549 -0.0015 
v -0.00810396 0.00551093 -0.0015 
v -0.0065 0.0055 -0.0015 
v -0.006 0.006 -0.0015 
v -0.00600274 0.00594774 -0.0015 
v -0.00836603 0.0075 -0.0015 
v -0.008 0.00786603 -0.0015 
v -0.00790674 0.00791355 -0.0015 
v -0.00830902 0.00758779 -0.0015 
v -0.00824314 0.00766913 -0.0015 
v -0.00816913 0.00774314 -0.0015 
v -0.00845677 0.00579663 -0.0015 
v -0.00840451 0.00570611 -0.0015 
v -0.00843301 0.00575 -0.0015 
v -0.00833457 0.00562843 -0.0015 
v -0.00837157 0.00566543 -0.0015 
v -0.00644774 0.00550274 -0.0015 
v -0.00606699 0.00575 -0.0015 
v -0.00609549 0.00570611 -0.0015 
v -0.00602447 0.00584549 -0.0015 
v -0.00604323 0.00579663 -0.0015 
v -0.00601093 0.00589604 -0.0015 
v -0.00619098 0.00758779 -0.0015 
v -0.00770791 0.00797815 -0.0015 
v -0.00760453 0.00799452 -0.0015 
v -0.00808779 0.00780902 -0.0015 
v -0.0075 0.008 -0.0015 
v -0.00845106 0.00730902 -0.0015 
v -0.00841355 0.00740674 -0.0015 
v -0.00849452 0.00710453 -0.0015 
v -0.00847815 0.00720791 -0.0015 
v -0.00600548 0.00710453 -0.0015 
v -0.00780902 0.00795106 -0.0015 
v -0.006 0.007 -0.0015 
v -0.007 0.008 -0.0015 
v -0.0085 0.007 -0.0015 
v -0.00849726 0.00594774 -0.0015 
v -0.0085 0.006 -0.0015 
vn 0 0 -1 
vn 0 0 -1 
vn 0 0 -1 
vn 0 0 -1 
vn 0 0 -1 
vn 0 0 -1 
vn 0 0 -1 
vn 0 0 -1 
vn 0 0 -1 
vn 0 0 -1 
vn 0 0 -1 
vn 0 0 -1 
vn 0 0 -1 
vn 0 0 -1 
vn 0 0 -1 
vn 0 0 -1 
vn 0 0 -1 
vn 0 0 -1 
vn 0 0 -1 
vn 0 0 -1 
vn 0 0 -1 
vn 0 0 -1 
vn 0 0 -1 
vn 0 0 -1 
vn 0 0 -1 
vn 0 0 -1 
vn 0 0 -1 
vn 0 0 -1 
vn 0 0 -1 
vn 0 0 -1 
vn 0 0 -1 
vn 0 0 -1 
vn 0 0 -1 
vn 0 0 -1 
vn 0 0 -1 
vn 0 0 -1 
vn 0 0 -1 
vn 0 0 -1 
vn 0 0 -1 
vn 0 0 -1 
vn 0 0 -1 
vn 0 0 -1 
vn 0 0 -1 
vn 0 0 -1 
vn 0 0 -1 
vn 0 0 -1 
vn 0 0 -1 
vn 0 0 -1 
vn 0 0 -1 
vn 0 0 -1 
vn 0 0 -1 
vn 0 0 -1 
vn 0 0 -1 
vn 0 0 -1 
vn 0 0 -1 
vn 0 0 -1 
vn 0 0 -1 
vn 0 0 -1 
vn 0 0 -1 
vn 0 0 -1 
vn 0 0 -1 
vn 0 0 -1 
vn 0 0 -1 
vn 0 0 -1 
f 2548//2548 2549//2549 2550//2550 
f 2551//2551 2552//2552 2553//2553 
f 2551//2551 2554//2554 2555//2555 
f 2548//2548 2556//2556 2557//2557 
f 2550//2550 2558//2558 2548//2548 
f 2548//2548 2559//2559 2560//2560 
f 2561//2561 2562//2562 2563//2563 
f 2562//2562 2561//2561 2564//2564 
f 2551//2551 2565//2565 2552//2552 
f 2551//2551 2566//2566 2554//2554 
f 2559//2559 2567//2567 2568//2568 
f 2559//2559 2548//2548 2569//2569 
f 2558//2558 2556//2556 2548//2548 
f 2560//2560 2570//2570 2548//2548 
f 2561//2561 2571//2571 2572//2572 
f 2561//2561 2573//2573 2574//2574 
f 2564//2564 2575//2575 2562//2562 
f 2555//2555 2565//2565 2551//2551 
f 2576//2576 2577//2577 2578//2578 
f 2569//2569 2567//2567 2559//2559 
f 2570//2570 2549//2549 2548//2548 
f 2579//2579 2580//2580 2581//2581 
f 2582//2582 2583//2583 2584//2584 
f 2561//2561 2585//2585 2571//2571 
f 2561//2561 2586//2586 2587//2587 
f 2561//2561 2588//2588 2589//2589 
f 2563//2563 2573//2573 2561//2561 
f 2553//2553 2590//2590 2551//2551 
f 2576//2576 2591//2591 2592//2592 
f 2576//2576 2593//2593 2594//2594 
f 2578//2578 2595//2595 2576//2576 
f 2557//2557 2596//2596 2548//2548 
f 2579//2579 2597//2597 2598//2598 
f 2579//2579 2599//2599 2580//2580 
f 2599//2599 2579//2579 2582//2582 
f 2600//2600 2601//2601 2602//2602 
f 2600//2600 2603//2603 2604//2604 
f 2587//2587 2585//2585 2561//2561 
f 2574//2574 2588//2588 2561//2561 
f 2592//2592 2551//2551 2576//2576 
f 2595//2595 2593//2593 2576//2576 
f 2568//2568 2605//2605 2559//2559 
f 2579//2579 2606//2606 2597//2597 
f 2584//2584 2599//2599 2582//2582 
f 2604//2604 2601//2601 2600//2600 
f 2589//2589 2586//2586 2561//2561 
f 2594//2594 2591//2591 2576//2576 
f 2607//2607 2608//2608 2559//2559 
f 2607//2607 2609//2609 2600//2600 
f 2581//2581 2606//2606 2579//2579 
f 2600//2600 2609//2609 2603//2603 
f 2572//2572 2610//2610 2561//2561 
f 2609//2609 2607//2607 2576//2576 
f 2576//2576 2607//2607 2577//2577 
f 2600//2600 2608//2608 2607//2607 
f 2602//2602 2579//2579 2600//2600 
f 2610//2610 2611//2611 2561//2561 
f 2590//2590 2576//2576 2551//2551 
f 2598//2598 2600//2600 2579//2579 
f 2576//2576 2561//2561 2609//2609 
f 2611//2611 2609//2609 2561//2561 
f 2605//2605 2607//2607 2559//2559 
v -0.006 0.007 0 
v -0.006 0.007 -0.0015 
v -0.00600548 0.00710453 -0.0015 
v -0.00600548 0.00710453 0 
v -0.00602185 0.00720791 -0.0015 
v -0.00602185 0.00720791 0 
v -0.00604894 0.00730902 -0.0015 
v -0.00604894 0.00730902 0 
v -0.00608645 0.00740674 -0.0015 
v -0.00608645 0.00740674 0 
v -0.00613397 0.0075 -0.0015 
v -0.00613397 0.0075 0 
v -0.00619098 0.00758779 -0.0015 
v -0.00619098 0.00758779 0 
v -0.00625686 0.00766913 -0.0015 
v -0.00625686 0.00766913 0 
v -0.00633087 0.00774314 -0.0015 
v -0.00633087 0.00774314 0 
v -0.00641221 0.00780902 -0.0015 
v -0.00641221 0.00780902 0 
v -0.0065 0.00786603 -0.0015 
v -0.0065 0.00786603 0 
v -0.00659326 0.00791355 -0.0015 
v -0.00659326 0.00791355 0 
v -0.00669098 0.00795106 -0.0015 
v -0.00669098 0.00795106 0 
v -0.00679209 0.00797815 -0.0015 
v -0.00679209 0.00797815 0 
v -0.00689547 0.00799452 -0.0015 
v -0.00689547 0.00799452 0 
v -0.007 0.008 -0.0015 
v -0.007 0.008 0 
vn 1 0 0 
vn 1 0 0 
vn 0.994522 0.104528 0 
vn 0.994522 0.104528 0 
vn 0.978148 0.207912 0 
vn 0.978148 0.207912 0 
vn 0.951057 0.309017 0 
vn 0.951057 0.309017 0 
vn 0.913545 0.406737 0 
vn 0.913545 0.406737 0 
vn 0.866025 0.5 0 
vn 0.866025 0.5 0 
vn 0.809017 0.587785 0 
vn 0.809017 0.587785 0 
vn 0.743145 0.669131 0 
vn 0.743145 0.669131 0 
vn 0.669131 0.743145 0 
vn 0.669131 0.743145 0 
vn 0.587785 0.809017 0 
vn 0.587785 0.809017 0 
vn 0.5 0.866025 0 
vn 0.5 0.866025 0 
vn 0.406737 0.913545 0 
vn 0.406737 0.913545 0 
vn 0.309017 0.951057 0 
vn 0.309017 0.951057 0 
vn 0.207912 0.978148 0 
vn 0.207912 0.978148 0 
vn 0.104528 0.994522 0 
vn 0.104528 0.994522 0 
vn 0 1 0 
vn 0 1 0 
f 2612//2612 2613//2613 2614//2614 
f 2615//2615 2614//2614 2616//2616 
f 2617//2617 2616//2616 2618//2618 
f 2619//2619 2618//2618 2620//2620 
f 2621//2621 2620//2620 2622//2622 
f 2623//2623 2622//2622 2624//2624 
f 2625//2625 2624//2624 2626//2626 
f 2627//2627 2626//2626 2628//2628 
f 2629//2629 2628//2628 2630//2630 
f 2631//2631 2630//2630 2632//2632 
f 2633//2633 2632//2632 2634//2634 
f 2635//2635 2634//2634 2636//2636 
f 2637//2637 2636//2636 2638//2638 
f 2639//2639 2638//2638 2640//2640 
f 2641//2641 2640//2640 2642//2642 
f 2642//2642 2643//2643 2641//2641 
f 2640//2640 2641//2641 2639//2639 
f 2638//2638 2639//2639 2637//2637 
f 2636//2636 2637//2637 2635//2635 
f 2634//2634 2635//2635 2633//2633 
f 2632//2632 2633//2633 2631//2631 
f 2630//2630 2631//2631 2629//2629 
f 2628//2628 2629//2629 2627//2627 
f 2626//2626 2627//2627 2625//2625 
f 2624//2624 2625//2625 2623//2623 
f 2622//2622 2623//2623 2621//2621 
f 2620//2620 2621//2621 2619//2619 
f 2618//2618 2619//2619 2617//2617 
f 2616//2616 2617//2617 2615//2615 
f 2614//2614 2615//2615 2612//2612 
v -0.006 0.007 -0.0015 
v -0.006 0.007 0 
v -0.006 0.006 0 
v -0.006 0.006 -0.0015 
vn 1 -3.46945e-15 0 
vn 1 -3.46945e-15 0 
vn 1 -3.46945e-15 0 
vn 1 -3.46945e-15 0 
f 2644//2644 2645//2645 2646//2646 
f 2646//2646 2647//2647 2644//2644 
v -0.0065 0.0055 0 
v -0.0065 0.0055 -0.0015 
v -0.00644774 0.00550274 -0.0015 
v -0.00644774 0.00550274 0 
v -0.00639604 0.00551093 -0.0015 
v -0.00639604 0.00551093 0 
v -0.00634549 0.00552447 -0.0015 
v -0.00634549 0.00552447 0 
v -0.00629663 0.00554323 -0.0015 
v -0.00629663 0.00554323 0 
v -0.00625 0.00556699 -0.0015 
v -0.00625 0.00556699 0 
v -0.00620611 0.00559549 -0.0015 
v -0.00620611 0.00559549 0 
v -0.00616543 0.00562843 -0.0015 
v -0.00616543 0.00562843 0 
v -0.00612843 0.00566543 -0.0015 
v -0.00612843 0.00566543 0 
v -0.00609549 0.00570611 -0.0015 
v -0.00609549 0.00570611 0 
v -0.00606699 0.00575 -0.0015 
v -0.00606699 0.00575 0 
v -0.00604323 0.00579663 -0.0015 
v -0.00604323 0.00579663 0 
v -0.00602447 0.00584549 -0.0015 
v -0.00602447 0.00584549 0 
v -0.00601093 0.00589604 -0.0015 
v -0.00601093 0.00589604 0 
v -0.00600274 0.00594774 -0.0015 
v -0.00600274 0.00594774 0 
v -0.006 0.006 -0.0015 
v -0.006 0.006 0 
vn 0 -1 0 
vn 0 -1 0 
vn 0.104528 -0.994522 0 
vn 0.104528 -0.994522 0 
vn 0.207912 -0.978148 0 
vn 0.207912 -0.978148 0 
vn 0.309017 -0.951057 0 
vn 0.309017 -0.951057 0 
vn 0.406737 -0.913545 0 
vn 0.406737 -0.913545 0 
vn 0.5 -0.866025 0 
vn 0.5 -0.866025 0 
vn 0.587785 -0.809017 0 
vn 0.587785 -0.809017 0 
vn 0.669131 -0.743145 0 
vn 0.669131 -0.743145 0 
vn 0.743145 -0.669131 0 
vn 0.743145 -0.669131 0 
vn 0.809017 -0.587785 0 
vn 0.809017 -0.587785 0 
vn 0.866025 -0.5 0 
vn 0.866025 -0.5 0 
vn 0.913545 -0.406737 0 
vn 0.913545 -0.406737 0 
vn 0.951057 -0.309017 0 
vn 0.951057 -0.309017 0 
vn 0.978148 -0.207912 0 
vn 0.978148 -0.207912 0 
vn 0.994522 -0.104528 0 
vn 0.994522 -0.104528 0 
vn 1 -8.1532e-14 0 
vn 1 -8.1532e-14 0 
f 2648//2648 2649//2649 2650//2650 
f 2651//2651 2650//2650 2652//2652 
f 2653//2653 2652//2652 2654//2654 
f 2655//2655 2654//2654 2656//2656 
f 2657//2657 2656//2656 2658//2658 
f 2659//2659 2658//2658 2660//2660 
f 2661//2661 2660//2660 2662//2662 
f 2663//2663 2662//2662 2664//2664 
f 2665//2665 2664//2664 2666//2666 
f 2667//2667 2666//2666 2668//2668 
f 2669//2669 2668//2668 2670//2670 
f 2671//2671 2670//2670 2672//2672 
f 2673//2673 2672//2672 2674//2674 
f 2675//2675 2674//2674 2676//2676 
f 2677//2677 2676//2676 2678//2678 
f 2678//2678 2679//2679 2677//2677 
f 2676//2676 2677//2677 2675//2675 
f 2674//2674 2675//2675 2673//2673 
f 2672//2672 2673//2673 2671//2671 
f 2670//2670 2671//2671 2669//2669 
f 2668//2668 2669//2669 2667//2667 
f 2666//2666 2667//2667 2665//2665 
f 2664//2664 2665//2665 2663//2663 
f 2662//2662 2663//2663 2661//2661 
f 2660//2660 2661//2661 2659//2659 
f 2658//2658 2659//2659 2657//2657 
f 2656//2656 2657//2657 2655//2655 
f 2654//2654 2655//2655 2653//2653 
f 2652//2652 2653//2653 2651//2651 
f 2650//2650 2651//2651 2648//2648 
v -0.008 0.0055 0 
v -0.008 0.0055 -0.0015 
v -0.0065 0.0055 -0.0015 
v -0.0065 0.0055 0 
vn -5.78241e-16 -1 0 
vn -5.78241e-16 -1 0 
vn -5.78241e-16 -1 0 
vn -5.78241e-16 -1 0 
f 2680//2680 2681//2681 2682//2682 
f 2682//2682 2683//2683 2680//2680 
v -0.0085 0.006 0 
v -0.0085 0.006 -0.0015 
v -0.00849726 0.00594774 -0.0015 
v -0.00849726 0.00594774 0 
v -0.00848907 0.00589604 -0.0015 
v -0.00848907 0.00589604 0 
v -0.00847553 0.00584549 -0.0015 
v -0.00847553 0.00584549 0 
v -0.00845677 0.00579663 -0.0015 
v -0.00845677 0.00579663 0 
v -0.00843301 0.00575 -0.0015 
v -0.00843301 0.00575 0 
v -0.00840451 0.00570611 -0.0015 
v -0.00840451 0.00570611 0 
v -0.00837157 0.00566543 -0.0015 
v -0.00837157 0.00566543 0 
v -0.00833457 0.00562843 -0.0015 
v -0.00833457 0.00562843 0 
v -0.00829389 0.00559549 -0.0015 
v -0.00829389 0.00559549 0 
v -0.00825 0.00556699 -0.0015 
v -0.00825 0.00556699 0 
v -0.00820337 0.00554323 -0.0015 
v -0.00820337 0.00554323 0 
v -0.00815451 0.00552447 -0.0015 
v -0.00815451 0.00552447 0 
v -0.00810396 0.00551093 -0.0015 
v -0.00810396 0.00551093 0 
v -0.00805226 0.00550274 -0.0015 
v -0.00805226 0.00550274 0 
v -0.008 0.0055 -0.0015 
v -0.008 0.0055 0 
vn -1 -8.1532e-14 0 
vn -1 -8.1532e-14 0 
vn -0.994522 -0.104528 0 
vn -0.994522 -0.104528 0 
vn -0.978148 -0.207912 0 
vn -0.978148 -0.207912 0 
vn -0.951057 -0.309017 0 
vn -0.951057 -0.309017 0 
vn -0.913545 -0.406737 0 
vn -0.913545 -0.406737 0 
vn -0.866025 -0.5 0 
vn -0.866025 -0.5 0 
vn -0.809017 -0.587785 0 
vn -0.809017 -0.587785 0 
vn -0.743145 -0.669131 0 
vn -0.743145 -0.669131 0 
vn -0.669131 -0.743145 0 
vn -0.669131 -0.743145 0 
vn -0.587785 -0.809017 0 
vn -0.587785 -0.809017 0 
vn -0.5 -0.866025 0 
vn -0.5 -0.866025 0 
vn -0.406737 -0.913545 0 
vn -0.406737 -0.913545 0 
vn -0.309017 -0.951057 0 
vn -0.309017 -0.951057 0 
vn -0.207912 -0.978148 0 
vn -0.207912 -0.978148 0 
vn -0.104528 -0.994522 0 
vn -0.104528 -0.994522 0 
vn 0 -1 0 
vn 0 -1 0 
f 2684//2684 2685//2685 2686//2686 
f 2687//2687 2686//2686 2688//2688 
f 2689//2689 2688//2688 2690//2690 
f 2691//2691 2690//2690 2692//2692 
f 2693//2693 2692//2692 2694//2694 
f 2695//2695 2694//2694 2696//2696 
f 2697//2697 2696//2696 2698//2698 
f 2699//2699 2698//2698 2700//2700 
f 2701//2701 2700//2700 2702//2702 
f 2703//2703 2702//2702 2704//2704 
f 2705//2705 2704//2704 2706//2706 
f 2707//2707 2706//2706 2708//2708 
f 2709//2709 2708//2708 2710//2710 
f 2711//2711 2710//2710 2712//2712 
f 2713//2713 2712//2712 2714//2714 
f 2714//2714 2715//2715 2713//2713 
f 2712//2712 2713//2713 2711//2711 
f 2710//2710 2711//2711 2709//2709 
f 2708//2708 2709//2709 2707//2707 
f 2706//2706 2707//2707 2705//2705 
f 2704//2704 2705//2705 2703//2703 
f 2702//2702 2703//2703 2701//2701 
f 2700//2700 2701//2701 2699//2699 
f 2698//2698 2699//2699 2697//2697 
f 2696//2696 2697//2697 2695//2695 
f 2694//2694 2695//2695 2693//2693 
f 2692//2692 2693//2693 2691//2691 
f 2690//2690 2691//2691 2689//2689 
f 2688//2688 2689//2689 2687//2687 
f 2686//2686 2687//2687 2684//2684 
v -0.0085 0.007 0 
v -0.0085 0.007 -0.0015 
v -0.0085 0.006 -0.0015 
v -0.0085 0.006 0 
vn -1 1.73472e-15 0 
vn -1 1.73472e-15 0 
vn -1 1.73472e-15 0 
vn -1 1.73472e-15 0 
f 2716//2716 2717//2717 2718//2718 
f 2718//2718 2719//2719 2716//2716 
v -0.0075 0.008 0 
v -0.0075 0.008 -0.0015 
v -0.00760453 0.00799452 -0.0015 
v -0.00760453 0.00799452 0 
v -0.00770791 0.00797815 -0.0015 
v -0.00770791 0.00797815 0 
v -0.00780902 0.00795106 -0.0015 
v -0.00780902 0.00795106 0 
v -0.00790674 0.00791355 -0.0015 
v -0.00790674 0.00791355 0 
v -0.008 0.00786603 -0.0015 
v -0.008 0.00786603 0 
v -0.00808779 0.00780902 -0.0015 
v -0.00808779 0.00780902 0 
v -0.00816913 0.00774314 -0.0015 
v -0.00816913 0.00774314 0 
v -0.00824314 0.00766913 -0.0015 
v -0.00824314 0.00766913 0 
v -0.00830902 0.00758779 -0.0015 
v -0.00830902 0.00758779 0 
v -0.00836603 0.0075 -0.0015 
v -0.00836603 0.0075 0 
v -0.00841355 0.00740674 -0.0015 
v -0.00841355 0.00740674 0 
v -0.00845106 0.00730902 -0.0015 
v -0.00845106 0.00730902 0 
v -0.00847815 0.00720791 -0.0015 
v -0.00847815 0.00720791 0 
v -0.00849452 0.00710453 -0.0015 
v -0.00849452 0.00710453 0 
v -0.0085 0.007 -0.0015 
v -0.0085 0.007 0 
vn 0 1 0 
vn 0 1 0 
vn -0.104528 0.994522 0 
vn -0.104528 0.994522 0 
vn -0.207912 0.978148 0 
vn -0.207912 0.978148 0 
vn -0.309017 0.951057 0 
vn -0.309017 0.951057 0 
vn -0.406737 0.913545 0 
vn -0.406737 0.913545 0 
vn -0.5 0.866025 0 
vn -0.5 0.866025 0 
vn -0.587785 0.809017 0 
vn -0.587785 0.809017 0 
vn -0.669131 0.743145 0 
vn -0.669131 0.743145 0 
vn -0.743145 0.669131 0 
vn -0.743145 0.669131 0 
vn -0.809017 0.587785 0 
vn -0.809017 0.587785 0 
vn -0.866025 0.5 0 
vn -0.866025 0.5 0 
vn -0.913545 0.406737 0 
vn -0.913545 0.406737 0 
vn -0.951057 0.309017 0 
vn -0.951057 0.309017 0 
vn -0.978148 0.207912 0 
vn -0.978148 0.207912 0 
vn -0.994522 0.104528 0 
vn -0.994522 0.104528 0 
vn -1 -4.0766e-14 0 
vn -1 -4.0766e-14 0 
f 2720//2720 2721//2721 2722//2722 
f 2723//2723 2722//2722 2724//2724 
f 2725//2725 2724//2724 2726//2726 
f 2727//2727 2726//2726 2728//2728 
f 2729//2729 2728//2728 2730//2730 
f 2731//2731 2730//2730 2732//2732 
f 2733//2733 2732//2732 2734//2734 
f 2735//2735 2734//2734 2736//2736 
f 2737//2737 2736//2736 2738//2738 
f 2739//2739 2738//2738 2740//2740 
f 2741//2741 2740//2740 2742//2742 
f 2743//2743 2742//2742 2744//2744 
f 2745//2745 2744//2744 2746//2746 
f 2747//2747 2746//2746 2748//2748 
f 2749//2749 2748//2748 2750//2750 
f 2750//2750 2751//2751 2749//2749 
f 2748//2748 2749//2749 2747//2747 
f 2746//2746 2747//2747 2745//2745 
f 2744//2744 2745//2745 2743//2743 
f 2742//2742 2743//2743 2741//2741 
f 2740//2740 2741//2741 2739//2739 
f 2738//2738 2739//2739 2737//2737 
f 2736//2736 2737//2737 2735//2735 
f 2734//2734 2735//2735 2733//2733 
f 2732//2732 2733//2733 2731//2731 
f 2730//2730 2731//2731 2729//2729 
f 2728//2728 2729//2729 2727//2727 
f 2726//2726 2727//2727 2725//2725 
f 2724//2724 2725//2725 2723//2723 
f 2722//2722 2723//2723 2720//2720 
v -0.00497069 -0.000540595 0 
v -0.005 -6.80268e-16 0 
v -0.005 -6.79043e-16 0.005 
v -0.0048831 -0.00107485 0 
v -0.00497069 -0.000540595 0.005 
v -0.00473827 -0.00159651 0 
v -0.0048831 -0.00107485 0.005 
v -0.00453788 -0.00209945 0 
v -0.00473827 -0.00159651 0.005 
v -0.00428429 -0.00257777 0 
v -0.00453788 -0.00209945 0.005 
v -0.00398047 -0.00302587 0 
v -0.00428429 -0.00257777 0.005 
v -0.00362998 -0.0034385 0 
v -0.00398047 -0.00302587 0.005 
v -0.00323693 -0.00381081 0 
v -0.00362998 -0.0034385 0.005 
v -0.00280594 -0.00413844 0 
v -0.00323693 -0.00381081 0.005 
v -0.00234204 -0.00441756 0 
v -0.00280594 -0.00413844 0.005 
v -0.00185069 -0.00464488 0 
v -0.00234204 -0.00441756 0.005 
v -0.00133764 -0.00481775 0 
v -0.00185069 -0.00464488 0.005 
v -0.00080891 -0.00493413 0 
v -0.00133764 -0.00481775 0.005 
v -0.000270695 -0.00499267 0 
v -0.00080891 -0.00493413 0.005 
v 0.000270695 -0.00499267 0 
v -0.000270695 -0.00499267 0.005 
v 0.00080891 -0.00493413 0 
v 0.000270695 -0.00499267 0.005 
v 0.00133764 -0.00481775 0 
v 0.00080891 -0.00493413 0.005 
v 0.00185069 -0.00464488 0 
v 0.00133764 -0.00481775 0.005 
v 0.00234204 -0.00441756 0 
v 0.00185069 -0.00464488 0.005 
v 0.00280594 -0.00413844 0 
v 0.00234204 -0.00441756 0.005 
v 0.00323693 -0.00381081 0 
v 0.00280594 -0.00413844 0.005 
v 0.00362998 -0.0034385 0 
v 0.00323693 -0.00381081 0.005 
v 0.00398047 -0.00302587 0 
v 0.00362998 -0.0034385 0.005 
v 0.00428429 -0.00257777 0 
v 0.00398047 -0.00302587 0.005 
v 0.00453788 -0.00209945 0 
v 0.00428429 -0.00257777 0.005 
v 0.00473827 -0.00159651 0 
v 0.00453788 -0.00209945 0.005 
v 0.0048831 -0.00107485 0 
v 0.00473827 -0.00159651 0.005 
v 0.00497069 -0.000540595 0 
v 0.0048831 -0.00107485 0.005 
v 0.005 -6.78431e-16 0 
v 0.00497069 -0.000540595 0.005 
v 0.00497069 0.000540595 0 
v 0.005 -6.78431e-16 0.005 
v 0.0048831 0.00107485 0 
v 0.00497069 0.000540595 0.005 
v 0.00473827 0.00159651 0 
v 0.0048831 0.00107485 0.005 
v 0.00453788 0.00209945 0 
v 0.00473827 0.00159651 0.005 
v 0.00428429 0.00257777 0 
v 0.00453788 0.00209945 0.005 
v 0.00398047 0.00302587 0 
v 0.00428429 0.00257777 0.005 
v 0.00362998 0.0034385 0 
v 0.00398047 0.00302587 0.005 
v 0.00323693 0.00381081 0 
v 0.00362998 0.0034385 0.005 
v 0.00280594 0.00413844 0 
v 0.00323693 0.00381081 0.005 
v 0.00234204 0.00441756 0 
v 0.00280594 0.00413844 0.005 
v 0.00185069 0.00464488 0 
v 0.00234204 0.00441756 0.005 
v 0.00133764 0.00481775 0 
v 0.00185069 0.00464488 0.005 
v 0.00080891 0.00493413 0 
v 0.00133764 0.00481775 0.005 
v 0.000270695 0.00499267 0 
v 0.00080891 0.00493413 0.005 
v -0.000270695 0.00499267 0 
v 0.000270695 0.00499267 0.005 
v -0.00080891 0.00493413 0 
v -0.000270695 0.00499267 0.005 
v -0.00133764 0.00481775 0 
v -0.00080891 0.00493413 0.005 
v -0.00185069 0.00464488 0 
v -0.00133764 0.00481775 0.005 
v -0.00234204 0.00441756 0 
v -0.00185069 0.00464488 0.005 
v -0.00280594 0.00413844 0 
v -0.00234204 0.00441756 0.005 
v -0.00323693 0.00381081 0 
v -0.00280594 0.00413844 0.005 
v -0.00362998 0.0034385 0 
v -0.00323693 0.00381081 0.005 
v -0.00398047 0.00302587 0 
v -0.00362998 0.0034385 0.005 
v -0.00428429 0.00257777 0 
v -0.00398047 0.00302587 0.005 
v -0.00453788 0.00209945 0 
v -0.00428429 0.00257777 0.005 
v -0.00473827 0.00159651 0 
v -0.00453788 0.00209945 0.005 
v -0.0048831 0.00107485 0 
v -0.00473827 0.00159651 0.005 
v -0.00497069 0.000540595 0 
v -0.0048831 0.00107485 0.005 
v -0.00497069 0.000540595 0.005 
vn 0.994138 0.108119 0 
vn 1 0 0 
vn 1 0 0 
vn 0.976621 0.21497 0 
vn 0.994138 0.108119 0 
vn 0.947653 0.319302 0 
vn 0.976621 0.21497 0 
vn 0.907575 0.419889 0 
vn 0.947653 0.319302 0 
vn 0.856857 0.515554 0 
vn 0.907575 0.419889 0 
vn 0.796093 0.605174 0 
vn 0.856857 0.515554 0 
vn 0.725995 0.687699 0 
vn 0.796093 0.605174 0 
vn 0.647386 0.762162 0 
vn 0.725995 0.687699 0 
vn 0.561187 0.827689 0 
vn 0.647386 0.762162 0 
vn 0.468408 0.883512 0 
vn 0.561187 0.827689 0 
vn 0.370138 0.928977 0 
vn 0.468408 0.883512 0 
vn 0.267528 0.96355 0 
vn 0.370138 0.928977 0 
vn 0.161782 0.986827 0 
vn 0.267528 0.96355 0 
vn 0.0541389 0.998533 0 
vn 0.161782 0.986827 0 
vn -0.0541389 0.998533 0 
vn 0.0541389 0.998533 0 
vn -0.161782 0.986827 0 
vn -0.0541389 0.998533 0 
vn -0.267528 0.96355 0 
vn -0.161782 0.986827 0 
vn -0.370138 0.928977 0 
vn -0.267528 0.96355 0 
vn -0.468408 0.883512 0 
vn -0.370138 0.928977 0 
vn -0.561187 0.827689 0 
vn -0.468408 0.883512 0 
vn -0.647386 0.762162 0 
vn -0.561187 0.827689 0 
vn -0.725995 0.687699 0 
vn -0.647386 0.762162 0 
vn -0.796093 0.605174 0 
vn -0.725995 0.687699 0 
vn -0.856857 0.515554 0 
vn -0.796093 0.605174 0 
vn -0.907575 0.419889 0 
vn -0.856857 0.515554 0 
vn -0.947653 0.319302 0 
vn -0.907575 0.419889 0 
vn -0.976621 0.21497 0 
vn -0.947653 0.319302 0 
vn -0.994138 0.108119 0 
vn -0.976621 0.21497 0 
vn -1 -1.22465e-16 0 
vn -0.994138 0.108119 0 
vn -0.994138 -0.108119 0 
vn -1 -1.22465e-16 0 
vn -0.976621 -0.21497 0 
vn -0.994138 -0.108119 0 
vn -0.947653 -0.319302 0 
vn -0.976621 -0.21497 0 
vn -0.907575 -0.419889 0 
vn -0.947653 -0.319302 0 
vn -0.856857 -0.515554 0 
vn -0.907575 -0.419889 0 
vn -0.796093 -0.605174 0 
vn -0.856857 -0.515554 0 
vn -0.725995 -0.687699 0 
vn -0.796093 -0.605174 0 
vn -0.647386 -0.762162 0 
vn -0.725995 -0.687699 0 
vn -0.561187 -0.827689 0 
vn -0.647386 -0.762162 0 
vn -0.468408 -0.883512 0 
vn -0.561187 -0.827689 0 
vn -0.370138 -0.928977 0 
vn -0.468408 -0.883512 0 
vn -0.267528 -0.96355 0 
vn -0.370138 -0.928977 0 
vn -0.161782 -0.986827 0 
vn -0.267528 -0.96355 0 
vn -0.0541389 -0.998533 0 
vn -0.161782 -0.986827 0 
vn 0.0541389 -0.998533 0 
vn -0.0541389 -0.998533 0 
vn 0.161782 -0.986827 0 
vn 0.0541389 -0.998533 0 
vn 0.267528 -0.96355 0 
vn 0.161782 -0.986827 0 
vn 0.370138 -0.928977 0 
vn 0.267528 -0.96355 0 
vn 0.468408 -0.883512 0 
vn 0.370138 -0.928977 0 
vn 0.561187 -0.827689 0 
vn 0.468408 -0.883512 0 
vn 0.647386 -0.762162 0 
vn 0.561187 -0.827689 0 
vn 0.725995 -0.687699 0 
vn 0.647386 -0.762162 0 
vn 0.796093 -0.605174 0 
vn 0.725995 -0.687699 0 
vn 0.856857 -0.515554 0 
vn 0.796093 -0.605174 0 
vn 0.907575 -0.419889 0 
vn 0.856857 -0.515554 0 
vn 0.947653 -0.319302 0 
vn 0.907575 -0.419889 0 
vn 0.976621 -0.21497 0 
vn 0.947653 -0.319302 0 
vn 0.994138 -0.108119 0 
vn 0.976621 -0.21497 0 
vn 0.994138 -0.108119 0 
f 2752//2752 2753//2753 2754//2754 
f 2755//2755 2752//2752 2756//2756 
f 2757//2757 2755//2755 2758//2758 
f 2759//2759 2757//2757 2760//2760 
f 2761//2761 2759//2759 2762//2762 
f 2763//2763 2761//2761 2764//2764 
f 2765//2765 2763//2763 2766//2766 
f 2767//2767 2765//2765 2768//2768 
f 2769//2769 2767//2767 2770//2770 
f 2771//2771 2769//2769 2772//2772 
f 2773//2773 2771//2771 2774//2774 
f 2775//2775 2773//2773 2776//2776 
f 2777//2777 2775//2775 2778//2778 
f 2779//2779 2777//2777 2780//2780 
f 2781//2781 2779//2779 2782//2782 
f 2783//2783 2781//2781 2784//2784 
f 2785//2785 2783//2783 2786//2786 
f 2787//2787 2785//2785 2788//2788 
f 2789//2789 2787//2787 2790//2790 
f 2791//2791 2789//2789 2792//2792 
f 2793//2793 2791//2791 2794//2794 
f 2795//2795 2793//2793 2796//2796 
f 2797//2797 2795//2795 2798//2798 
f 2799//2799 2797//2797 2800//2800 
f 2801//2801 2799//2799 2802//2802 
f 2803//2803 2801//2801 2804//2804 
f 2805//2805 2803//2803 2806//2806 
f 2807//2807 2805//2805 2808//2808 
f 2809//2809 2807//2807 2810//2810 
f 2811//2811 2809//2809 2812//2812 
f 2813//2813 2811//2811 2814//2814 
f 2815//2815 2813//2813 2816//2816 
f 2817//2817 2815//2815 2818//2818 
f 2819//2819 2817//2817 2820//2820 
f 2821//2821 2819//2819 2822//2822 
f 2823//2823 2821//2821 2824//2824 
f 2825//2825 2823//2823 2826//2826 
f 2827//2827 2825//2825 2828//2828 
f 2829//2829 2827//2827 2830//2830 
f 2831//2831 2829//2829 2832//2832 
f 2833//2833 2831//2831 2834//2834 
f 2835//2835 2833//2833 2836//2836 
f 2837//2837 2835//2835 2838//2838 
f 2839//2839 2837//2837 2840//2840 
f 2841//2841 2839//2839 2842//2842 
f 2843//2843 2841//2841 2844//2844 
f 2845//2845 2843//2843 2846//2846 
f 2847//2847 2845//2845 2848//2848 
f 2849//2849 2847//2847 2850//2850 
f 2851//2851 2849//2849 2852//2852 
f 2853//2853 2851//2851 2854//2854 
f 2855//2855 2853//2853 2856//2856 
f 2857//2857 2855//2855 2858//2858 
f 2859//2859 2857//2857 2860//2860 
f 2861//2861 2859//2859 2862//2862 
f 2863//2863 2861//2861 2864//2864 
f 2865//2865 2863//2863 2866//2866 
f 2753//2753 2865//2865 2867//2867 
f 2867//2867 2754//2754 2753//2753 
f 2866//2866 2867//2867 2865//2865 
f 2864//2864 2866//2866 2863//2863 
f 2862//2862 2864//2864 2861//2861 
f 2860//2860 2862//2862 2859//2859 
f 2858//2858 2860//2860 2857//2857 
f 2856//2856 2858//2858 2855//2855 
f 2854//2854 2856//2856 2853//2853 
f 2852//2852 2854//2854 2851//2851 
f 2850//2850 2852//2852 2849//2849 
f 2848//2848 2850//2850 2847//2847 
f 2846//2846 2848//2848 2845//2845 
f 2844//2844 2846//2846 2843//2843 
f 2842//2842 2844//2844 2841//2841 
f 2840//2840 2842//2842 2839//2839 
f 2838//2838 2840//2840 2837//2837 
f 2836//2836 2838//2838 2835//2835 
f 2834//2834 2836//2836 2833//2833 
f 2832//2832 2834//2834 2831//2831 
f 2830//2830 2832//2832 2829//2829 
f 2828//2828 2830//2830 2827//2827 
f 2826//2826 2828//2828 2825//2825 
f 2824//2824 2826//2826 2823//2823 
f 2822//2822 2824//2824 2821//2821 
f 2820//2820 2822//2822 2819//2819 
f 2818//2818 2820//2820 2817//2817 
f 2816//2816 2818//2818 2815//2815 
f 2814//2814 2816//2816 2813//2813 
f 2812//2812 2814//2814 2811//2811 
f 2810//2810 2812//2812 2809//2809 
f 2808//2808 2810//2810 2807//2807 
f 2806//2806 2808//2808 2805//2805 
f 2804//2804 2806//2806 2803//2803 
f 2802//2802 2804//2804 2801//2801 
f 2800//2800 2802//2802 2799//2799 
f 2798//2798 2800//2800 2797//2797 
f 2796//2796 2798//2798 2795//2795 
f 2794//2794 2796//2796 2793//2793 
f 2792//2792 2794//2794 2791//2791 
f 2790//2790 2792//2792 2789//2789 
f 2788//2788 2790//2790 2787//2787 
f 2786//2786 2788//2788 2785//2785 
f 2784//2784 2786//2786 2783//2783 
f 2782//2782 2784//2784 2781//2781 
f 2780//2780 2782//2782 2779//2779 
f 2778//2778 2780//2780 2777//2777 
f 2776//2776 2778//2778 2775//2775 
f 2774//2774 2776//2776 2773//2773 
f 2772//2772 2774//2774 2771//2771 
f 2770//2770 2772//2772 2769//2769 
f 2768//2768 2770//2770 2767//2767 
f 2766//2766 2768//2768 2765//2765 
f 2764//2764 2766//2766 2763//2763 
f 2762//2762 2764//2764 2761//2761 
f 2760//2760 2762//2762 2759//2759 
f 2758//2758 2760//2760 2757//2757 
f 2756//2756 2758//2758 2755//2755 
f 2754//2754 2756//2756 2752//2752 
v 0 -6.79043e-16 0.005 
v -0.00497069 0.000540595 0.005 
v -0.0048831 0.00107485 0.005 
v -0.00473827 0.00159651 0.005 
v -0.00453788 0.00209945 0.005 
v -0.00428429 0.00257777 0.005 
v -0.00398047 0.00302587 0.005 
v -0.00362998 0.0034385 0.005 
v -0.00323693 0.00381081 0.005 
v -0.00280594 0.00413844 0.005 
v -0.00234204 0.00441756 0.005 
v -0.00185069 0.00464488 0.005 
v -0.00133764 0.00481775 0.005 
v -0.00080891 0.00493413 0.005 
v -0.000270695 0.00499267 0.005 
v 0.000270695 0.00499267 0.005 
v 0.00080891 0.00493413 0.005 
v 0.00133764 0.00481775 0.005 
v 0.00185069 0.00464488 0.005 
v 0.00234204 0.00441756 0.005 
v 0.00280594 0.00413844 0.005 
v 0.00323693 0.00381081 0.005 
v 0.00362998 0.0034385 0.005 
v 0.00398047 0.00302587 0.005 
v 0.00428429 0.00257777 0.005 
v 0.00453788 0.00209945 0.005 
v 0.00473827 0.00159651 0.005 
v 0.0048831 0.00107485 0.005 
v 0.00497069 0.000540595 0.005 
v 0.005 -6.78431e-16 0.005 
v 0.00497069 -0.000540595 0.005 
v 0.0048831 -0.00107485 0.005 
v 0.00473827 -0.00159651 0.005 
v 0.00453788 -0.00209945 0.005 
v 0.00428429 -0.00257777 0.005 
v 0.00398047 -0.00302587 0.005 
v 0.00362998 -0.0034385 0.005 
v 0.00323693 -0.00381081 0.005 
v 0.00280594 -0.00413844 0.005 
v 0.00234204 -0.00441756 0.005 
v 0.00185069 -0.00464488 0.005 
v 0.00133764 -0.00481775 0.005 
v 0.00080891 -0.00493413 0.005 
v 0.000270695 -0.00499267 0.005 
v -0.000270695 -0.00499267 0.005 
v -0.00080891 -0.00493413 0.005 
v -0.00133764 -0.00481775 0.005 
v -0.00185069 -0.00464488 0.005 
v -0.00234204 -0.00441756 0.005 
v -0.00280594 -0.00413844 0.005 
v -0.00323693 -0.00381081 0.005 
v -0.00362998 -0.0034385 0.005 
v -0.00398047 -0.00302587 0.005 
v -0.00428429 -0.00257777 0.005 
v -0.00453788 -0.00209945 0.005 
v -0.00473827 -0.00159651 0.005 
v -0.0048831 -0.00107485 0.005 
v -0.00497069 -0.000540595 0.005 
v -0.005 -6.79043e-16 0.005 
vn 0 0 -1 
vn 0 0 -1 
vn 0 0 -1 
vn 0 0 -1 
vn 0 0 -1 
vn 0 0 -1 
vn 0 0 -1 
vn 0 0 -1 
vn 0 0 -1 
vn 0 0 -1 
vn 0 0 -1 
vn 0 0 -1 
vn 0 0 -1 
vn 0 0 -1 
vn 0 0 -1 
vn 0 0 -1 
vn 0 0 -1 
vn 0 0 -1 
vn 0 0 -1 
vn 0 0 -1 
vn 0 0 -1 
vn 0 0 -1 
vn 0 0 -1 
vn 0 0 -1 
vn 0 0 -1 
vn 0 0 -1 
vn 0 0 -1 
vn 0 0 -1 
vn 0 0 -1 
vn 0 0 -1 
vn 0 0 -1 
vn 0 0 -1 
vn 0 0 -1 
vn 0 0 -1 
vn 0 0 -1 
vn 0 0 -1 
vn 0 0 -1 
vn 0 0 -1 
vn 0 0 -1 
vn 0 0 -1 
vn 0 0 -1 
vn 0 0 -1 
vn 0 0 -1 
vn 0 0 -1 
vn 0 0 -1 
vn 0 0 -1 
vn 0 0 -1 
vn 0 0 -1 
vn 0 0 -1 
vn 0 0 -1 
vn 0 0 -1 
vn 0 0 -1 
vn 0 0 -1 
vn 0 0 -1 
vn 0 0 -1 
vn 0 0 -1 
vn 0 0 -1 
vn 0 0 -1 
vn 0 0 -1 
f 2868//2868 2869//2869 2870//2870 
f 2870//2870 2871//2871 2868//2868 
f 2871//2871 2872//2872 2868//2868 
f 2872//2872 2873//2873 2868//2868 
f 2873//2873 2874//2874 2868//2868 
f 2874//2874 2875//2875 2868//2868 
f 2875//2875 2876//2876 2868//2868 
f 2876//2876 2877//2877 2868//2868 
f 2877//2877 2878//2878 2868//2868 
f 2878//2878 2879//2879 2868//2868 
f 2879//2879 2880//2880 2868//2868 
f 2880//2880 2881//2881 2868//2868 
f 2881//2881 2882//2882 2868//2868 
f 2882//2882 2883//2883 2868//2868 
f 2883//2883 2884//2884 2868//2868 
f 2884//2884 2885//2885 2868//2868 
f 2885//2885 2886//2886 2868//2868 
f 2886//2886 2887//2887 2868//2868 
f 2887//2887 2888//2888 2868//2868 
f 2888//2888 2889//2889 2868//2868 
f 2889//2889 2890//2890 2868//2868 
f 2890//2890 2891//2891 2868//2868 
f 2891//2891 2892//2892 2868//2868 
f 2892//2892 2893//2893 2868//2868 
f 2893//2893 2894//2894 2868//2868 
f 2894//2894 2895//2895 2868//2868 
f 2895//2895 2896//2896 2868//2868 
f 2896//2896 2897//2897 2868//2868 
f 2897//2897 2898//2898 2868//2868 
f 2898//2898 2899//2899 2868//2868 
f 2899//2899 2900//2900 2868//2868 
f 2900//2900 2901//2901 2868//2868 
f 2901//2901 2902//2902 2868//2868 
f 2902//2902 2903//2903 2868//2868 
f 2903//2903 2904//2904 2868//2868 
f 2904//2904 2905//2905 2868//2868 
f 2905//2905 2906//2906 2868//2868 
f 2906//2906 2907//2907 2868//2868 
f 2907//2907 2908//2908 2868//2868 
f 2908//2908 2909//2909 2868//2868 
f 2909//2909 2910//2910 2868//2868 
f 2910//2910 2911//2911 2868//2868 
f 2911//2911 2912//2912 2868//2868 
f 2912//2912 2913//2913 2868//2868 
f 2913//2913 2914//2914 2868//2868 
f 2914//2914 2915//2915 2868//2868 
f 2915//2915 2916//2916 2868//2868 
f 2916//2916 2917//2917 2868//2868 
f 2917//2917 2918//2918 2868//2868 
f 2918//2918 2919//2919 2868//2868 
f 2919//2919 2920//2920 2868//2868 
f 2920//2920 2921//2921 2868//2868 
f 2921//2921 2922//2922 2868//2868 
f 2922//2922 2923//2923 2868//2868 
f 2923//2923 2924//2924 2868//2868 
f 2924//2924 2925//2925 2868//2868 
f 2925//2925 2926//2926 2868//2868 
f 2926//2926 2869//2869 2868//2868 
