# OBJ generated by ONSHAPE BY PTC INC, 1.221 Units = meters
mtllib trigger.mtl
usemtl 0.301961_0.301961_0.301961_0.000000_0.000000
v -0.0035 0.00425 -8.57253e-19 
v -0.00347948 0.00425 0.000378417 
v -0.00298241 0.00375 0.000324357 
v -0.00341817 0.00425 0.000752397 
v -0.00292986 0.00375 0.000644911 
v -0.00331679 0.00425 0.00111756 
v -0.00284296 0.00375 0.000957905 
v -0.00317651 0.00425 0.00146961 
v -0.00272273 0.00375 0.00125967 
v -0.002999 0.00425 0.00180444 
v -0.00257057 0.00375 0.00154666 
v -0.00278633 0.00425 0.00211811 
v -0.00238828 0.00375 0.00181552 
v -0.00254098 0.00425 0.00240695 
v -0.00217799 0.00375 0.0020631 
v -0.00226585 0.00425 0.00266757 
v -0.00194216 0.00375 0.00228649 
v -0.00196415 0.00425 0.00289691 
v -0.00168356 0.00375 0.00248307 
v -0.00163943 0.00425 0.00309229 
v -0.00140523 0.00375 0.00265054 
v -0.00129548 0.00425 0.00325142 
v -0.00111041 0.00375 0.00278693 
v -0.000936349 0.00425 0.00337242 
v -0.000802585 0.00375 0.00289065 
v -0.000566237 0.00425 0.00345389 
v -0.000485346 0.00375 0.00296048 
v -0.000189486 0.00425 0.00349487 
v -0.000162417 0.00375 0.0029956 
v 0.000189486 0.00425 0.00349487 
v 0.000162417 0.00375 0.0029956 
v 0.000566237 0.00425 0.00345389 
v 0.000485346 0.00375 0.00296048 
v 0.000936349 0.00425 0.00337242 
v 0.000802585 0.00375 0.00289065 
v 0.00129548 0.00425 0.00325142 
v 0.00111041 0.00375 0.00278693 
v 0.00163943 0.00425 0.00309229 
v 0.00140523 0.00375 0.00265054 
v 0.00196415 0.00425 0.00289691 
v 0.00168356 0.00375 0.00248307 
v 0.00226585 0.00425 0.00266757 
v 0.00194216 0.00375 0.00228649 
v 0.00254098 0.00425 0.00240695 
v 0.00217799 0.00375 0.0020631 
v 0.00278633 0.00425 0.00211811 
v 0.00238828 0.00375 0.00181552 
v 0.002999 0.00425 0.00180444 
v 0.00257057 0.00375 0.00154666 
v 0.00317651 0.00425 0.00146961 
v 0.00272273 0.00375 0.00125967 
v 0.00331679 0.00425 0.00111756 
v 0.00284296 0.00375 0.000957905 
v 0.00341817 0.00425 0.000752397 
v 0.00292986 0.00375 0.000644911 
v 0.00347948 0.00425 0.000378417 
v 0.00298241 0.00375 0.000324357 
v 0.0035 0.00425 -2.68e-18 
v 0.003 0.00375 -2.29714e-18 
v 0.00347948 0.00425 -0.000378417 
v 0.00298241 0.00375 -0.000324357 
v 0.00341817 0.00425 -0.000752397 
v 0.00292986 0.00375 -0.000644911 
v 0.00331679 0.00425 -0.00111756 
v 0.00284296 0.00375 -0.000957905 
v 0.00317651 0.00425 -0.00146961 
v 0.00272273 0.00375 -0.00125967 
v 0.002999 0.00425 -0.00180444 
v 0.00257057 0.00375 -0.00154666 
v 0.00278633 0.00425 -0.00211811 
v 0.00238828 0.00375 -0.00181552 
v 0.00254098 0.00425 -0.00240695 
v 0.00217799 0.00375 -0.0020631 
v 0.00226585 0.00425 -0.00266757 
v 0.00194216 0.00375 -0.00228649 
v 0.00196415 0.00425 -0.00289691 
v 0.00168356 0.00375 -0.00248307 
v 0.00163943 0.00425 -0.00309229 
v 0.00140523 0.00375 -0.00265054 
v 0.00129548 0.00425 -0.00325142 
v 0.00111041 0.00375 -0.00278693 
v 0.000936349 0.00425 -0.00337242 
v 0.000802585 0.00375 -0.00289065 
v 0.000566237 0.00425 -0.00345389 
v 0.000485346 0.00375 -0.00296048 
v 0.000189486 0.00425 -0.00349487 
v 0.000162417 0.00375 -0.0029956 
v 9.79717e-19 0.00425 -0.0035 
v 9.18485e-20 0.00375 -0.003 
v -0.000189486 0.00425 -0.00349487 
v -0.000162417 0.00375 -0.0029956 
v -0.000566237 0.00425 -0.00345389 
v -0.000485346 0.00375 -0.00296048 
v -0.000936349 0.00425 -0.00337242 
v -0.000802585 0.00375 -0.00289065 
v -0.00129548 0.00425 -0.00325142 
v -0.00111041 0.00375 -0.00278693 
v -0.00163943 0.00425 -0.00309229 
v -0.00140523 0.00375 -0.00265054 
v -0.00196415 0.00425 -0.00289691 
v -0.00168356 0.00375 -0.00248307 
v -0.00226585 0.00425 -0.00266757 
v -0.00194216 0.00375 -0.00228649 
v -0.00254098 0.00425 -0.00240695 
v -0.00217799 0.00375 -0.0020631 
v -0.00278633 0.00425 -0.00211811 
v -0.00238828 0.00375 -0.00181552 
v -0.002999 0.00425 -0.00180444 
v -0.00257057 0.00375 -0.00154666 
v -0.00317651 0.00425 -0.00146961 
v -0.00272273 0.00375 -0.00125967 
v -0.00331679 0.00425 -0.00111756 
v -0.00284296 0.00375 -0.000957905 
v -0.00341817 0.00425 -0.000752397 
v -0.00292986 0.00375 -0.000644911 
v -0.00347948 0.00425 -0.000378417 
v -0.00298241 0.00375 -0.000324357 
v -0.003 0.00375 0 
vn 0.707107 0.707107 0 
vn 0.702962 0.707107 -0.0764517 
vn 0.702962 0.707107 -0.0764517 
vn 0.690575 0.707107 -0.152007 
vn 0.690575 0.707107 -0.152007 
vn 0.670092 0.707107 -0.22578 
vn 0.670092 0.707107 -0.22578 
vn 0.641753 0.707107 -0.296906 
vn 0.641753 0.707107 -0.296906 
vn 0.60589 0.707107 -0.364552 
vn 0.60589 0.707107 -0.364552 
vn 0.562923 0.707107 -0.427923 
vn 0.562923 0.707107 -0.427923 
vn 0.513356 0.707107 -0.486277 
vn 0.513356 0.707107 -0.486277 
vn 0.457771 0.707107 -0.53893 
vn 0.457771 0.707107 -0.53893 
vn 0.396819 0.707107 -0.585265 
vn 0.396819 0.707107 -0.585265 
vn 0.331215 0.707107 -0.624737 
vn 0.331215 0.707107 -0.624737 
vn 0.261727 0.707107 -0.656886 
vn 0.261727 0.707107 -0.656886 
vn 0.189171 0.707107 -0.681333 
vn 0.189171 0.707107 -0.681333 
vn 0.114397 0.707107 -0.697792 
vn 0.114397 0.707107 -0.697792 
vn 0.038282 0.707107 -0.70607 
vn 0.038282 0.707107 -0.70607 
vn -0.038282 0.707107 -0.70607 
vn -0.038282 0.707107 -0.70607 
vn -0.114397 0.707107 -0.697792 
vn -0.114397 0.707107 -0.697792 
vn -0.189171 0.707107 -0.681333 
vn -0.189171 0.707107 -0.681333 
vn -0.261727 0.707107 -0.656886 
vn -0.261727 0.707107 -0.656886 
vn -0.331215 0.707107 -0.624737 
vn -0.331215 0.707107 -0.624737 
vn -0.396819 0.707107 -0.585265 
vn -0.396819 0.707107 -0.585265 
vn -0.457771 0.707107 -0.53893 
vn -0.457771 0.707107 -0.53893 
vn -0.513356 0.707107 -0.486277 
vn -0.513356 0.707107 -0.486277 
vn -0.562923 0.707107 -0.427923 
vn -0.562923 0.707107 -0.427923 
vn -0.60589 0.707107 -0.364552 
vn -0.60589 0.707107 -0.364552 
vn -0.641753 0.707107 -0.296906 
vn -0.641753 0.707107 -0.296906 
vn -0.670092 0.707107 -0.22578 
vn -0.670092 0.707107 -0.22578 
vn -0.690575 0.707107 -0.152007 
vn -0.690575 0.707107 -0.152007 
vn -0.702962 0.707107 -0.0764517 
vn -0.702962 0.707107 -0.0764517 
vn -0.707107 0.707107 1.47196e-16 
vn -0.707107 0.707107 1.47196e-16 
vn -0.702962 0.707107 0.0764517 
vn -0.702962 0.707107 0.0764517 
vn -0.690575 0.707107 0.152007 
vn -0.690575 0.707107 0.152007 
vn -0.670092 0.707107 0.22578 
vn -0.670092 0.707107 0.22578 
vn -0.641753 0.707107 0.296906 
vn -0.641753 0.707107 0.296906 
vn -0.60589 0.707107 0.364552 
vn -0.60589 0.707107 0.364552 
vn -0.562923 0.707107 0.427923 
vn -0.562923 0.707107 0.427923 
vn -0.513356 0.707107 0.486277 
vn -0.513356 0.707107 0.486277 
vn -0.457771 0.707107 0.53893 
vn -0.457771 0.707107 0.53893 
vn -0.396819 0.707107 0.585265 
vn -0.396819 0.707107 0.585265 
vn -0.331215 0.707107 0.624737 
vn -0.331215 0.707107 0.624737 
vn -0.261727 0.707107 0.656886 
vn -0.261727 0.707107 0.656886 
vn -0.189171 0.707107 0.681333 
vn -0.189171 0.707107 0.681333 
vn -0.114397 0.707107 0.697792 
vn -0.114397 0.707107 0.697792 
vn -0.038282 0.707107 0.70607 
vn -0.038282 0.707107 0.70607 
vn -2.16489e-16 0.707107 0.707107 
vn -2.16489e-16 0.707107 0.707107 
vn 0.038282 0.707107 0.70607 
vn 0.038282 0.707107 0.70607 
vn 0.114397 0.707107 0.697792 
vn 0.114397 0.707107 0.697792 
vn 0.189171 0.707107 0.681333 
vn 0.189171 0.707107 0.681333 
vn 0.261727 0.707107 0.656886 
vn 0.261727 0.707107 0.656886 
vn 0.331215 0.707107 0.624737 
vn 0.331215 0.707107 0.624737 
vn 0.396819 0.707107 0.585265 
vn 0.396819 0.707107 0.585265 
vn 0.457771 0.707107 0.53893 
vn 0.457771 0.707107 0.53893 
vn 0.513356 0.707107 0.486277 
vn 0.513356 0.707107 0.486277 
vn 0.562923 0.707107 0.427923 
vn 0.562923 0.707107 0.427923 
vn 0.60589 0.707107 0.364552 
vn 0.60589 0.707107 0.364552 
vn 0.641753 0.707107 0.296906 
vn 0.641753 0.707107 0.296906 
vn 0.670092 0.707107 0.22578 
vn 0.670092 0.707107 0.22578 
vn 0.690575 0.707107 0.152007 
vn 0.690575 0.707107 0.152007 
vn 0.702962 0.707107 0.0764517 
vn 0.702962 0.707107 0.0764517 
vn 0.707107 0.707107 0 
f 1//1 2//2 3//3 
f 2//2 4//4 5//5 
f 4//4 6//6 7//7 
f 6//6 8//8 9//9 
f 8//8 10//10 11//11 
f 10//10 12//12 13//13 
f 12//12 14//14 15//15 
f 14//14 16//16 17//17 
f 16//16 18//18 19//19 
f 18//18 20//20 21//21 
f 20//20 22//22 23//23 
f 22//22 24//24 25//25 
f 24//24 26//26 27//27 
f 26//26 28//28 29//29 
f 28//28 30//30 31//31 
f 30//30 32//32 33//33 
f 32//32 34//34 35//35 
f 34//34 36//36 37//37 
f 36//36 38//38 39//39 
f 38//38 40//40 41//41 
f 40//40 42//42 43//43 
f 42//42 44//44 45//45 
f 44//44 46//46 47//47 
f 46//46 48//48 49//49 
f 48//48 50//50 51//51 
f 50//50 52//52 53//53 
f 52//52 54//54 55//55 
f 54//54 56//56 57//57 
f 56//56 58//58 59//59 
f 58//58 60//60 61//61 
f 60//60 62//62 63//63 
f 62//62 64//64 65//65 
f 64//64 66//66 67//67 
f 66//66 68//68 69//69 
f 68//68 70//70 71//71 
f 70//70 72//72 73//73 
f 72//72 74//74 75//75 
f 74//74 76//76 77//77 
f 76//76 78//78 79//79 
f 78//78 80//80 81//81 
f 80//80 82//82 83//83 
f 82//82 84//84 85//85 
f 84//84 86//86 87//87 
f 88//88 89//89 87//87 
f 90//90 91//91 89//89 
f 89//89 88//88 90//90 
f 90//90 92//92 93//93 
f 92//92 94//94 95//95 
f 94//94 96//96 97//97 
f 96//96 98//98 99//99 
f 98//98 100//100 101//101 
f 100//100 102//102 103//103 
f 102//102 104//104 105//105 
f 104//104 106//106 107//107 
f 106//106 108//108 109//109 
f 108//108 110//110 111//111 
f 110//110 112//112 113//113 
f 112//112 114//114 115//115 
f 114//114 116//116 117//117 
f 116//116 1//1 118//118 
f 118//118 117//117 116//116 
f 117//117 115//115 114//114 
f 115//115 113//113 112//112 
f 113//113 111//111 110//110 
f 111//111 109//109 108//108 
f 109//109 107//107 106//106 
f 107//107 105//105 104//104 
f 105//105 103//103 102//102 
f 103//103 101//101 100//100 
f 101//101 99//99 98//98 
f 99//99 97//97 96//96 
f 97//97 95//95 94//94 
f 95//95 93//93 92//92 
f 93//93 91//91 90//90 
f 87//87 86//86 88//88 
f 87//87 85//85 84//84 
f 85//85 83//83 82//82 
f 83//83 81//81 80//80 
f 81//81 79//79 78//78 
f 79//79 77//77 76//76 
f 77//77 75//75 74//74 
f 75//75 73//73 72//72 
f 73//73 71//71 70//70 
f 71//71 69//69 68//68 
f 69//69 67//67 66//66 
f 67//67 65//65 64//64 
f 65//65 63//63 62//62 
f 63//63 61//61 60//60 
f 61//61 59//59 58//58 
f 59//59 57//57 56//56 
f 57//57 55//55 54//54 
f 55//55 53//53 52//52 
f 53//53 51//51 50//50 
f 51//51 49//49 48//48 
f 49//49 47//47 46//46 
f 47//47 45//45 44//44 
f 45//45 43//43 42//42 
f 43//43 41//41 40//40 
f 41//41 39//39 38//38 
f 39//39 37//37 36//36 
f 37//37 35//35 34//34 
f 35//35 33//33 32//32 
f 33//33 31//31 30//30 
f 31//31 29//29 28//28 
f 29//29 27//27 26//26 
f 27//27 25//25 24//24 
f 25//25 23//23 22//22 
f 23//23 21//21 20//20 
f 21//21 19//19 18//18 
f 19//19 17//17 16//16 
f 17//17 15//15 14//14 
f 15//15 13//13 12//12 
f 13//13 11//11 10//10 
f 11//11 9//9 8//8 
f 9//9 7//7 6//6 
f 7//7 5//5 4//4 
f 5//5 3//3 2//2 
f 3//3 118//118 1//1 
v -0.00298241 0.00375 -0.000324357 
v -0.003 0.00375 0 
v -0.003 -0.00375 -7.34788e-19 
v -0.00292986 0.00375 -0.000644911 
v -0.00298241 -0.00375 -0.000324357 
v -0.00284296 0.00375 -0.000957905 
v -0.00292986 -0.00375 -0.000644911 
v -0.00272273 0.00375 -0.00125967 
v -0.00284296 -0.00375 -0.000957905 
v -0.00257057 0.00375 -0.00154666 
v -0.00272273 -0.00375 -0.00125967 
v -0.00238828 0.00375 -0.00181552 
v -0.00257057 -0.00375 -0.00154666 
v -0.00217799 0.00375 -0.0020631 
v -0.00238828 -0.00375 -0.00181552 
v -0.00194216 0.00375 -0.00228649 
v -0.00217799 -0.00375 -0.0020631 
v -0.00168356 0.00375 -0.00248307 
v -0.00194216 -0.00375 -0.00228649 
v -0.00140523 0.00375 -0.00265054 
v -0.00168356 -0.00375 -0.00248307 
v -0.00111041 0.00375 -0.00278693 
v -0.00140523 -0.00375 -0.00265054 
v -0.000802585 0.00375 -0.00289065 
v -0.00111041 -0.00375 -0.00278693 
v -0.000485346 0.00375 -0.00296048 
v -0.000802585 -0.00375 -0.00289065 
v -0.000162417 0.00375 -0.0029956 
v -0.000485346 -0.00375 -0.00296048 
v 0.000162417 0.00375 -0.0029956 
v 9.18485e-20 0.00375 -0.003 
v 1.01033e-18 -0.00375 -0.003 
v -0.000162417 -0.00375 -0.0029956 
v 0.000485346 0.00375 -0.00296048 
v 0.000162417 -0.00375 -0.0029956 
v 0.000802585 0.00375 -0.00289065 
v 0.000485346 -0.00375 -0.00296048 
v 0.00111041 0.00375 -0.00278693 
v 0.000802585 -0.00375 -0.00289065 
v 0.00140523 0.00375 -0.00265054 
v 0.00111041 -0.00375 -0.00278693 
v 0.00168356 0.00375 -0.00248307 
v 0.00140523 -0.00375 -0.00265054 
v 0.00194216 0.00375 -0.00228649 
v 0.00168356 -0.00375 -0.00248307 
v 0.00217799 0.00375 -0.0020631 
v 0.00194216 -0.00375 -0.00228649 
v 0.00238828 0.00375 -0.00181552 
v 0.00217799 -0.00375 -0.0020631 
v 0.00257057 0.00375 -0.00154666 
v 0.00238828 -0.00375 -0.00181552 
v 0.00272273 0.00375 -0.00125967 
v 0.00257057 -0.00375 -0.00154666 
v 0.00284296 0.00375 -0.000957905 
v 0.00272273 -0.00375 -0.00125967 
v 0.00292986 0.00375 -0.000644911 
v 0.00284296 -0.00375 -0.000957905 
v 0.00298241 0.00375 -0.000324357 
v 0.00292986 -0.00375 -0.000644911 
v 0.003 0.00375 -2.29714e-18 
v 0.00298241 -0.00375 -0.000324357 
v 0.00298241 0.00375 0.000324357 
v 0.003 -0.00375 3.67394e-19 
v 0.00292986 0.00375 0.000644911 
v 0.00298241 -0.00375 0.000324357 
v 0.00284296 0.00375 0.000957905 
v 0.00292986 -0.00375 0.000644911 
v 0.00272273 0.00375 0.00125967 
v 0.00284296 -0.00375 0.000957905 
v 0.00257057 0.00375 0.00154666 
v 0.00272273 -0.00375 0.00125967 
v 0.00238828 0.00375 0.00181552 
v 0.00257057 -0.00375 0.00154666 
v 0.00217799 0.00375 0.0020631 
v 0.00238828 -0.00375 0.00181552 
v 0.00194216 0.00375 0.00228649 
v 0.00217799 -0.00375 0.0020631 
v 0.00168356 0.00375 0.00248307 
v 0.00194216 -0.00375 0.00228649 
v 0.00140523 0.00375 0.00265054 
v 0.00168356 -0.00375 0.00248307 
v 0.00111041 0.00375 0.00278693 
v 0.00140523 -0.00375 0.00265054 
v 0.000802585 0.00375 0.00289065 
v 0.00111041 -0.00375 0.00278693 
v 0.000485346 0.00375 0.00296048 
v 0.000802585 -0.00375 0.00289065 
v 0.000162417 0.00375 0.0029956 
v 0.000485346 -0.00375 0.00296048 
v -0.000162417 0.00375 0.0029956 
v 0.000162417 -0.00375 0.0029956 
v -0.000485346 0.00375 0.00296048 
v -0.000162417 -0.00375 0.0029956 
v -0.000802585 0.00375 0.00289065 
v -0.000485346 -0.00375 0.00296048 
v -0.00111041 0.00375 0.00278693 
v -0.000802585 -0.00375 0.00289065 
v -0.00140523 0.00375 0.00265054 
v -0.00111041 -0.00375 0.00278693 
v -0.00168356 0.00375 0.00248307 
v -0.00140523 -0.00375 0.00265054 
v -0.00194216 0.00375 0.00228649 
v -0.00168356 -0.00375 0.00248307 
v -0.00217799 0.00375 0.0020631 
v -0.00194216 -0.00375 0.00228649 
v -0.00238828 0.00375 0.00181552 
v -0.00217799 -0.00375 0.0020631 
v -0.00257057 0.00375 0.00154666 
v -0.00238828 -0.00375 0.00181552 
v -0.00272273 0.00375 0.00125967 
v -0.00257057 -0.00375 0.00154666 
v -0.00284296 0.00375 0.000957905 
v -0.00272273 -0.00375 0.00125967 
v -0.00292986 0.00375 0.000644911 
v -0.00284296 -0.00375 0.000957905 
v -0.00298241 0.00375 0.000324357 
v -0.00292986 -0.00375 0.000644911 
v -0.00298241 -0.00375 0.000324357 
vn 0.994138 1.21747e-16 0.108119 
vn 1 1.22465e-16 2.44929e-16 
vn 1 1.22465e-16 2.44929e-16 
vn 0.976621 1.19602e-16 0.21497 
vn 0.994138 1.21747e-16 0.108119 
vn 0.947653 1.16054e-16 0.319302 
vn 0.976621 1.19602e-16 0.21497 
vn 0.907575 1.11146e-16 0.419889 
vn 0.947653 1.16054e-16 0.319302 
vn 0.856857 1.04935e-16 0.515554 
vn 0.907575 1.11146e-16 0.419889 
vn 0.796093 9.74933e-17 0.605174 
vn 0.856857 1.04935e-16 0.515554 
vn 0.725995 8.89088e-17 0.687699 
vn 0.796093 9.74933e-17 0.605174 
vn 0.647386 7.9282e-17 0.762162 
vn 0.725995 8.89088e-17 0.687699 
vn 0.561187 6.87256e-17 0.827689 
vn 0.647386 7.9282e-17 0.762162 
vn 0.468408 5.73635e-17 0.883512 
vn 0.561187 6.87256e-17 0.827689 
vn 0.370138 4.53289e-17 0.928977 
vn 0.468408 5.73635e-17 0.883512 
vn 0.267528 3.27628e-17 0.96355 
vn 0.370138 4.53289e-17 0.928977 
vn 0.161782 1.98126e-17 0.986827 
vn 0.267528 3.27628e-17 0.96355 
vn 0.0541389 6.6301e-18 0.998533 
vn 0.161782 1.98126e-17 0.986827 
vn -0.0541389 -6.6301e-18 0.998533 
vn -1.83697e-16 0 1 
vn -1.83697e-16 0 1 
vn 0.0541389 6.6301e-18 0.998533 
vn -0.161782 -1.98126e-17 0.986827 
vn -0.0541389 -6.6301e-18 0.998533 
vn -0.267528 -3.27628e-17 0.96355 
vn -0.161782 -1.98126e-17 0.986827 
vn -0.370138 -4.53289e-17 0.928977 
vn -0.267528 -3.27628e-17 0.96355 
vn -0.468408 -5.73635e-17 0.883512 
vn -0.370138 -4.53289e-17 0.928977 
vn -0.561187 -6.87256e-17 0.827689 
vn -0.468408 -5.73635e-17 0.883512 
vn -0.647386 -7.9282e-17 0.762162 
vn -0.561187 -6.87256e-17 0.827689 
vn -0.725995 -8.89088e-17 0.687699 
vn -0.647386 -7.9282e-17 0.762162 
vn -0.796093 -9.74933e-17 0.605174 
vn -0.725995 -8.89088e-17 0.687699 
vn -0.856857 -1.04935e-16 0.515554 
vn -0.796093 -9.74933e-17 0.605174 
vn -0.907575 -1.11146e-16 0.419889 
vn -0.856857 -1.04935e-16 0.515554 
vn -0.947653 -1.16054e-16 0.319302 
vn -0.907575 -1.11146e-16 0.419889 
vn -0.976621 -1.19602e-16 0.21497 
vn -0.947653 -1.16054e-16 0.319302 
vn -0.994138 -1.21747e-16 0.108119 
vn -0.976621 -1.19602e-16 0.21497 
vn -1 -1.22465e-16 -1.22465e-16 
vn -0.994138 -1.21747e-16 0.108119 
vn -0.994138 -1.21747e-16 -0.108119 
vn -1 -1.22465e-16 -1.22465e-16 
vn -0.976621 -1.19602e-16 -0.21497 
vn -0.994138 -1.21747e-16 -0.108119 
vn -0.947653 -1.16054e-16 -0.319302 
vn -0.976621 -1.19602e-16 -0.21497 
vn -0.907575 -1.11146e-16 -0.419889 
vn -0.947653 -1.16054e-16 -0.319302 
vn -0.856857 -1.04935e-16 -0.515554 
vn -0.907575 -1.11146e-16 -0.419889 
vn -0.796093 -9.74933e-17 -0.605174 
vn -0.856857 -1.04935e-16 -0.515554 
vn -0.725995 -8.89088e-17 -0.687699 
vn -0.796093 -9.74933e-17 -0.605174 
vn -0.647386 -7.9282e-17 -0.762162 
vn -0.725995 -8.89088e-17 -0.687699 
vn -0.561187 -6.87256e-17 -0.827689 
vn -0.647386 -7.9282e-17 -0.762162 
vn -0.468408 -5.73635e-17 -0.883512 
vn -0.561187 -6.87256e-17 -0.827689 
vn -0.370138 -4.53289e-17 -0.928977 
vn -0.468408 -5.73635e-17 -0.883512 
vn -0.267528 -3.27628e-17 -0.96355 
vn -0.370138 -4.53289e-17 -0.928977 
vn -0.161782 -1.98126e-17 -0.986827 
vn -0.267528 -3.27628e-17 -0.96355 
vn -0.0541389 -6.6301e-18 -0.998533 
vn -0.161782 -1.98126e-17 -0.986827 
vn 0.0541389 6.6301e-18 -0.998533 
vn -0.0541389 -6.6301e-18 -0.998533 
vn 0.161782 1.98126e-17 -0.986827 
vn 0.0541389 6.6301e-18 -0.998533 
vn 0.267528 3.27628e-17 -0.96355 
vn 0.161782 1.98126e-17 -0.986827 
vn 0.370138 4.53289e-17 -0.928977 
vn 0.267528 3.27628e-17 -0.96355 
vn 0.468408 5.73635e-17 -0.883512 
vn 0.370138 4.53289e-17 -0.928977 
vn 0.561187 6.87256e-17 -0.827689 
vn 0.468408 5.73635e-17 -0.883512 
vn 0.647386 7.9282e-17 -0.762162 
vn 0.561187 6.87256e-17 -0.827689 
vn 0.725995 8.89088e-17 -0.687699 
vn 0.647386 7.9282e-17 -0.762162 
vn 0.796093 9.74933e-17 -0.605174 
vn 0.725995 8.89088e-17 -0.687699 
vn 0.856857 1.04935e-16 -0.515554 
vn 0.796093 9.74933e-17 -0.605174 
vn 0.907575 1.11146e-16 -0.419889 
vn 0.856857 1.04935e-16 -0.515554 
vn 0.947653 1.16054e-16 -0.319302 
vn 0.907575 1.11146e-16 -0.419889 
vn 0.976621 1.19602e-16 -0.21497 
vn 0.947653 1.16054e-16 -0.319302 
vn 0.994138 1.21747e-16 -0.108119 
vn 0.976621 1.19602e-16 -0.21497 
vn 0.994138 1.21747e-16 -0.108119 
f 119//119 120//120 121//121 
f 122//122 119//119 123//123 
f 124//124 122//122 125//125 
f 126//126 124//124 127//127 
f 128//128 126//126 129//129 
f 130//130 128//128 131//131 
f 132//132 130//130 133//133 
f 134//134 132//132 135//135 
f 136//136 134//134 137//137 
f 138//138 136//136 139//139 
f 140//140 138//138 141//141 
f 142//142 140//140 143//143 
f 144//144 142//142 145//145 
f 146//146 144//144 147//147 
f 148//148 149//149 150//150 
f 151//151 150//150 149//149 
f 149//149 146//146 151//151 
f 152//152 148//148 153//153 
f 154//154 152//152 155//155 
f 156//156 154//154 157//157 
f 158//158 156//156 159//159 
f 160//160 158//158 161//161 
f 162//162 160//160 163//163 
f 164//164 162//162 165//165 
f 166//166 164//164 167//167 
f 168//168 166//166 169//169 
f 170//170 168//168 171//171 
f 172//172 170//170 173//173 
f 174//174 172//172 175//175 
f 176//176 174//174 177//177 
f 178//178 176//176 179//179 
f 180//180 178//178 181//181 
f 182//182 180//180 183//183 
f 184//184 182//182 185//185 
f 186//186 184//184 187//187 
f 188//188 186//186 189//189 
f 190//190 188//188 191//191 
f 192//192 190//190 193//193 
f 194//194 192//192 195//195 
f 196//196 194//194 197//197 
f 198//198 196//196 199//199 
f 200//200 198//198 201//201 
f 202//202 200//200 203//203 
f 204//204 202//202 205//205 
f 206//206 204//204 207//207 
f 208//208 206//206 209//209 
f 210//210 208//208 211//211 
f 212//212 210//210 213//213 
f 214//214 212//212 215//215 
f 216//216 214//214 217//217 
f 218//218 216//216 219//219 
f 220//220 218//218 221//221 
f 222//222 220//220 223//223 
f 224//224 222//222 225//225 
f 226//226 224//224 227//227 
f 228//228 226//226 229//229 
f 230//230 228//228 231//231 
f 232//232 230//230 233//233 
f 234//234 232//232 235//235 
f 120//120 234//234 236//236 
f 236//236 121//121 120//120 
f 235//235 236//236 234//234 
f 233//233 235//235 232//232 
f 231//231 233//233 230//230 
f 229//229 231//231 228//228 
f 227//227 229//229 226//226 
f 225//225 227//227 224//224 
f 223//223 225//225 222//222 
f 221//221 223//223 220//220 
f 219//219 221//221 218//218 
f 217//217 219//219 216//216 
f 215//215 217//217 214//214 
f 213//213 215//215 212//212 
f 211//211 213//213 210//210 
f 209//209 211//211 208//208 
f 207//207 209//209 206//206 
f 205//205 207//207 204//204 
f 203//203 205//205 202//202 
f 201//201 203//203 200//200 
f 199//199 201//201 198//198 
f 197//197 199//199 196//196 
f 195//195 197//197 194//194 
f 193//193 195//195 192//192 
f 191//191 193//193 190//190 
f 189//189 191//191 188//188 
f 187//187 189//189 186//186 
f 185//185 187//187 184//184 
f 183//183 185//185 182//182 
f 181//181 183//183 180//180 
f 179//179 181//181 178//178 
f 177//177 179//179 176//176 
f 175//175 177//177 174//174 
f 173//173 175//175 172//172 
f 171//171 173//173 170//170 
f 169//169 171//171 168//168 
f 167//167 169//169 166//166 
f 165//165 167//167 164//164 
f 163//163 165//165 162//162 
f 161//161 163//163 160//160 
f 159//159 161//161 158//158 
f 157//157 159//159 156//156 
f 155//155 157//157 154//154 
f 153//153 155//155 152//152 
f 150//150 153//153 148//148 
f 147//147 151//151 146//146 
f 145//145 147//147 144//144 
f 143//143 145//145 142//142 
f 141//141 143//143 140//140 
f 139//139 141//141 138//138 
f 137//137 139//139 136//136 
f 135//135 137//137 134//134 
f 133//133 135//135 132//132 
f 131//131 133//133 130//130 
f 129//129 131//131 128//128 
f 127//127 129//129 126//126 
f 125//125 127//127 124//124 
f 123//123 125//125 122//122 
f 121//121 123//123 119//119 
v -0.017345 -0.00375 -0.0238736 
v -0.00284296 -0.00375 0.000957905 
v -0.00272273 -0.00375 0.00125967 
v 0.0120894 -0.00375 -0.00955203 
v 0.0121845 -0.00375 -0.00949929 
v 0.0122733 -0.00375 -0.00943654 
v 0.000447641 -0.00375 0.00873854 
v -0.00298241 -0.00375 0.000324357 
v -0.00292986 -0.00375 0.000644911 
v 0.0115608 -0.00375 -0.00964824 
v 0.011998 -0.00375 -0.00768914 
v 0.0118979 -0.00375 -0.00765852 
v 0.0121859 -0.00375 -0.0077808 
v 0.0120944 -0.00375 -0.00773004 
v 0.0123506 -0.00375 -0.00790952 
v 0.0122717 -0.00375 -0.00784084 
v 0.0125831 -0.00375 -0.00825427 
v 0.0125389 -0.00375 -0.0081594 
v 0.0126535 -0.00375 -0.00855913 
v 0.0126408 -0.00375 -0.00845523 
v 0.0124279 -0.00375 -0.00928408 
v 0.0124919 -0.00375 -0.00919617 
v 0.0123547 -0.00375 -0.00936452 
v 0.0119891 -0.00375 -0.00959414 
v 0.0117779 -0.00375 -0.00964458 
v 0.0118849 -0.00375 -0.00962511 
v 0.00561344 -0.00375 0.00671206 
v 0.0048605 -0.00375 0.00727586 
v 0.00168356 -0.00375 0.00248307 
v 0.00405138 -0.00375 0.00775557 
v 0.00140523 -0.00375 0.00265054 
v 0.00319544 -0.00375 0.00814565 
v 0.00111041 -0.00375 0.00278693 
v 0.00230258 -0.00375 0.0084416 
v 0.000802585 -0.00375 0.00289065 
v 0.0013831 -0.00375 0.00864 
v 0.000485346 -0.00375 0.00296048 
v 0.000162417 -0.00375 0.0029956 
v -0.00298241 -0.00375 -0.000324357 
v -0.003 -0.00375 -7.34788e-19 
v -0.00284296 -0.00375 -0.000957905 
v -0.00292986 -0.00375 -0.000644911 
v -0.00257057 -0.00375 -0.00154666 
v -0.00272273 -0.00375 -0.00125967 
v 0.00640037 -0.00375 -0.00665473 
v -0.0170676 -0.00375 -0.0240467 
v -0.00222957 -0.00375 -0.0135485 
v 0.012422 -0.00375 -0.00798608 
v 0.012485 -0.00375 -0.00806968 
v 0.0126172 -0.00375 -0.00835324 
v 0.0125459 -0.00375 -0.00910184 
v 0.0125895 -0.00375 -0.00900219 
v 0.0116695 -0.00375 -0.00965232 
v 0.00691677 -0.00375 0.00535918 
v 0.00630152 -0.00375 0.0060707 
v 0.00217799 -0.00375 0.0020631 
v 0.00194216 -0.00375 0.00228649 
v -0.00238828 -0.00375 0.00181552 
v -0.00217799 -0.00375 0.0020631 
v -0.00383633 -0.00375 -0.0148901 
v -0.0153309 -0.00375 -0.0252671 
v -0.000162417 -0.00375 0.0029956 
v -0.000802585 -0.00375 0.00289065 
v -0.000485346 -0.00375 0.00296048 
v -0.00140523 -0.00375 0.00265054 
v -0.00111041 -0.00375 0.00278693 
v -0.00194216 -0.00375 0.00228649 
v -0.00168356 -0.00375 0.00248307 
v -0.00257057 -0.00375 0.00154666 
v 0.00634041 -0.00375 -0.00653204 
v 0.00632074 -0.00375 -0.00646656 
v -0.0152594 -0.00375 -0.025319 
v 0.00852161 -0.00375 0.0019861 
v 0.00825918 -0.00375 0.00288938 
v 0.00284296 -0.00375 0.000957905 
v 0.00790129 -0.00375 0.00375927 
v 0.00272273 -0.00375 0.00125967 
v 0.00745209 -0.00375 0.00458572 
v 0.00257057 -0.00375 0.00154666 
v 0.00238828 -0.00375 0.00181552 
v -0.00217799 -0.00375 -0.0020631 
v -0.00238828 -0.00375 -0.00181552 
v -0.00140523 -0.00375 -0.00265054 
v -0.00658534 -0.00375 -0.0180398 
v -0.0142797 -0.00375 -0.0265844 
v -0.0141733 -0.00375 -0.0268902 
v -0.0150109 -0.00375 -0.0255266 
v -0.0147862 -0.00375 -0.0257598 
v 0.0126553 -0.00375 -0.00866378 
v 0.0126219 -0.00375 -0.0088984 
v 0.0064675 -0.00375 -0.00589355 
v 0.00706278 -0.00375 -0.00516524 
v 0.00238828 -0.00375 -0.00181552 
v 0.00857343 -0.00375 -0.00174894 
v 0.00871163 -0.00375 -0.000818509 
v 0.00298241 -0.00375 -0.000324357 
v 0.00874916 -0.00375 0.000121378 
v 0.003 -0.00375 3.67394e-19 
v 0.00635617 -0.00375 -0.00606488 
v 0.000162417 -0.00375 -0.0029956 
v 1.01033e-18 -0.00375 -0.003 
v 0.00868557 -0.00375 0.00105986 
v 0.00298241 -0.00375 0.000324357 
v 0.00292986 -0.00375 0.000644911 
v -0.00194216 -0.00375 -0.00228649 
v -0.00168356 -0.00375 -0.00248307 
v -0.0140621 -0.00375 -0.0275273 
v -0.0140586 -0.00375 -0.0278511 
v -0.0144185 -0.00375 -0.0262918 
v -0.014588 -0.00375 -0.0260159 
v -0.0052936 -0.00375 -0.0163927 
v 0.00643994 -0.00375 -0.00671048 
v 0.0126462 -0.00375 -0.00876806 
v 0.0126429 -0.00375 -0.00879171 
v 0.00217799 -0.00375 -0.0020631 
v 0.00642426 -0.00375 -0.00594651 
v 0.00757643 -0.00375 -0.00437723 
v 0.00257057 -0.00375 -0.00154666 
v 0.00800253 -0.00375 -0.00353864 
v 0.00272273 -0.00375 -0.00125967 
v 0.00833615 -0.00375 -0.00265915 
v 0.00284296 -0.00375 -0.000957905 
v 0.00292986 -0.00375 -0.000644911 
v -0.000162417 -0.00375 -0.0029956 
v -0.01409 -0.00375 -0.0281734 
v -0.0141559 -0.00375 -0.0284904 
v -0.0141005 -0.00375 -0.0272057 
v 0.0117952 -0.00375 -0.00763854 
v 0.00684571 -0.00375 -0.00694253 
v 0.00946922 -0.00375 -0.00956573 
v 0.00194216 -0.00375 -0.00228649 
v 0.000485346 -0.00375 -0.00296048 
v -0.0142557 -0.00375 -0.0287985 
v -0.0143881 -0.00375 -0.029094 
v 0.006387 -0.00375 -0.00600384 
v 0.00140523 -0.00375 -0.00265054 
v 0.00111041 -0.00375 -0.00278693 
v 0.00168356 -0.00375 -0.00248307 
v -0.000485346 -0.00375 -0.00296048 
v 0.000802585 -0.00375 -0.00289065 
v 0.00630548 -0.00375 -0.00626281 
v 0.00631517 -0.00375 -0.00619512 
v -0.00111041 -0.00375 -0.00278693 
v -0.0145515 -0.00375 -0.0293735 
v 0.00738052 -0.00375 -0.00970292 
v 0.00531771 -0.00375 -0.0100583 
v -0.00409158 -0.00375 0.00773443 
v -0.0048982 -0.00375 0.00725053 
v -0.000492992 -0.00375 0.0087361 
v -0.00142793 -0.00375 0.0086327 
v -0.0176395 -0.00375 -0.0237317 
v -0.00792069 -0.00375 0.00371821 
v -0.0069445 -0.00375 0.0053232 
v -0.00564821 -0.00375 0.00668283 
v 0.00630317 -0.00375 -0.00633114 
v 0.00677862 -0.00375 -0.00692935 
v -0.00323768 -0.00375 0.00812896 
v -0.00234636 -0.00375 0.00842954 
v -0.00747579 -0.00375 0.00454698 
v -0.00633294 -0.00375 0.00603791 
v -0.000802585 -0.00375 -0.00289065 
v 0.00630828 -0.00375 -0.00639933 
v -0.0146012 -0.00375 -0.0294466 
v -0.000491032 -0.00375 -0.0123827 
v 0.00136013 -0.00375 -0.0114056 
v 0.00659131 -0.00375 -0.00684772 
v 0.00330351 -0.00375 -0.010628 
v -0.0204535 -0.00375 -0.024003 
v -0.0201718 -0.00375 -0.0238371 
v -0.0209546 -0.00375 -0.0244215 
v -0.0207155 -0.00375 -0.0241986 
v -0.0215082 -0.00375 -0.0252264 
v -0.0213533 -0.00375 -0.0249385 
v 0.00636706 -0.00375 -0.00659501 
v 0.00648533 -0.00375 -0.00676163 
v 0.00665067 -0.00375 -0.00688167 
v 0.00671335 -0.00375 -0.00690898 
v -0.0182659 -0.00375 -0.0235478 
v -0.0179477 -0.00375 -0.0236226 
v -0.0195628 -0.00375 -0.0236018 
v -0.0192427 -0.00375 -0.0235352 
v -0.0211681 -0.00375 -0.0246691 
v 0.00633213 -0.00375 -0.00612889 
v 0.00653598 -0.00375 -0.00680755 
v -0.0189173 -0.00375 -0.0235038 
v -0.0185904 -0.00375 -0.023508 
v -0.0198737 -0.00375 -0.0237028 
vn 1.22465e-16 -1 0 
vn 1.22465e-16 -1 0 
vn 1.22465e-16 -1 0 
vn 1.22465e-16 -1 0 
vn 1.22465e-16 -1 0 
vn 1.22465e-16 -1 0 
vn 1.22465e-16 -1 0 
vn 1.22465e-16 -1 0 
vn 1.22465e-16 -1 0 
vn 1.22465e-16 -1 0 
vn 1.22465e-16 -1 0 
vn 1.22465e-16 -1 0 
vn 1.22465e-16 -1 0 
vn 1.22465e-16 -1 0 
vn 1.22465e-16 -1 0 
vn 1.22465e-16 -1 0 
vn 1.22465e-16 -1 0 
vn 1.22465e-16 -1 0 
vn 1.22465e-16 -1 0 
vn 1.22465e-16 -1 0 
vn 1.22465e-16 -1 0 
vn 1.22465e-16 -1 0 
vn 1.22465e-16 -1 0 
vn 1.22465e-16 -1 0 
vn 1.22465e-16 -1 0 
vn 1.22465e-16 -1 0 
vn 1.22465e-16 -1 0 
vn 1.22465e-16 -1 0 
vn 1.22465e-16 -1 0 
vn 1.22465e-16 -1 0 
vn 1.22465e-16 -1 0 
vn 1.22465e-16 -1 0 
vn 1.22465e-16 -1 0 
vn 1.22465e-16 -1 0 
vn 1.22465e-16 -1 0 
vn 1.22465e-16 -1 0 
vn 1.22465e-16 -1 0 
vn 1.22465e-16 -1 0 
vn 1.22465e-16 -1 0 
vn 1.22465e-16 -1 0 
vn 1.22465e-16 -1 0 
vn 1.22465e-16 -1 0 
vn 1.22465e-16 -1 0 
vn 1.22465e-16 -1 0 
vn 1.22465e-16 -1 0 
vn 1.22465e-16 -1 0 
vn 1.22465e-16 -1 0 
vn 1.22465e-16 -1 0 
vn 1.22465e-16 -1 0 
vn 1.22465e-16 -1 0 
vn 1.22465e-16 -1 0 
vn 1.22465e-16 -1 0 
vn 1.22465e-16 -1 0 
vn 1.22465e-16 -1 0 
vn 1.22465e-16 -1 0 
vn 1.22465e-16 -1 0 
vn 1.22465e-16 -1 0 
vn 1.22465e-16 -1 0 
vn 1.22465e-16 -1 0 
vn 1.22465e-16 -1 0 
vn 1.22465e-16 -1 0 
vn 1.22465e-16 -1 0 
vn 1.22465e-16 -1 0 
vn 1.22465e-16 -1 0 
vn 1.22465e-16 -1 0 
vn 1.22465e-16 -1 0 
vn 1.22465e-16 -1 0 
vn 1.22465e-16 -1 0 
vn 1.22465e-16 -1 0 
vn 1.22465e-16 -1 0 
vn 1.22465e-16 -1 0 
vn 1.22465e-16 -1 0 
vn 1.22465e-16 -1 0 
vn 1.22465e-16 -1 0 
vn 1.22465e-16 -1 0 
vn 1.22465e-16 -1 0 
vn 1.22465e-16 -1 0 
vn 1.22465e-16 -1 0 
vn 1.22465e-16 -1 0 
vn 1.22465e-16 -1 0 
vn 1.22465e-16 -1 0 
vn 1.22465e-16 -1 0 
vn 1.22465e-16 -1 0 
vn 1.22465e-16 -1 0 
vn 1.22465e-16 -1 0 
vn 1.22465e-16 -1 0 
vn 1.22465e-16 -1 0 
vn 1.22465e-16 -1 0 
vn 1.22465e-16 -1 0 
vn 1.22465e-16 -1 0 
vn 1.22465e-16 -1 0 
vn 1.22465e-16 -1 0 
vn 1.22465e-16 -1 0 
vn 1.22465e-16 -1 0 
vn 1.22465e-16 -1 0 
vn 1.22465e-16 -1 0 
vn 1.22465e-16 -1 0 
vn 1.22465e-16 -1 0 
vn 1.22465e-16 -1 0 
vn 1.22465e-16 -1 0 
vn 1.22465e-16 -1 0 
vn 1.22465e-16 -1 0 
vn 1.22465e-16 -1 0 
vn 1.22465e-16 -1 0 
vn 1.22465e-16 -1 0 
vn 1.22465e-16 -1 0 
vn 1.22465e-16 -1 0 
vn 1.22465e-16 -1 0 
vn 1.22465e-16 -1 0 
vn 1.22465e-16 -1 0 
vn 1.22465e-16 -1 0 
vn 1.22465e-16 -1 0 
vn 1.22465e-16 -1 0 
vn 1.22465e-16 -1 0 
vn 1.22465e-16 -1 0 
vn 1.22465e-16 -1 0 
vn 1.22465e-16 -1 0 
vn 1.22465e-16 -1 0 
vn 1.22465e-16 -1 0 
vn 1.22465e-16 -1 0 
vn 1.22465e-16 -1 0 
vn 1.22465e-16 -1 0 
vn 1.22465e-16 -1 0 
vn 1.22465e-16 -1 0 
vn 1.22465e-16 -1 0 
vn 1.22465e-16 -1 0 
vn 1.22465e-16 -1 0 
vn 1.22465e-16 -1 0 
vn 1.22465e-16 -1 0 
vn 1.22465e-16 -1 0 
vn 1.22465e-16 -1 0 
vn 1.22465e-16 -1 0 
vn 1.22465e-16 -1 0 
vn 1.22465e-16 -1 0 
vn 1.22465e-16 -1 0 
vn 1.22465e-16 -1 0 
vn 1.22465e-16 -1 0 
vn 1.22465e-16 -1 0 
vn 1.22465e-16 -1 0 
vn 1.22465e-16 -1 0 
vn 1.22465e-16 -1 0 
vn 1.22465e-16 -1 0 
vn 1.22465e-16 -1 0 
vn 1.22465e-16 -1 0 
vn 1.22465e-16 -1 0 
vn 1.22465e-16 -1 0 
vn 1.22465e-16 -1 0 
vn 1.22465e-16 -1 0 
vn 1.22465e-16 -1 0 
vn 1.22465e-16 -1 0 
vn 1.22465e-16 -1 0 
vn 1.22465e-16 -1 0 
vn 1.22465e-16 -1 0 
vn 1.22465e-16 -1 0 
vn 1.22465e-16 -1 0 
vn 1.22465e-16 -1 0 
vn 1.22465e-16 -1 0 
vn 1.22465e-16 -1 0 
vn 1.22465e-16 -1 0 
vn 1.22465e-16 -1 0 
vn 1.22465e-16 -1 0 
vn 1.22465e-16 -1 0 
vn 1.22465e-16 -1 0 
vn 1.22465e-16 -1 0 
vn 1.22465e-16 -1 0 
vn 1.22465e-16 -1 0 
vn 1.22465e-16 -1 0 
vn 1.22465e-16 -1 0 
vn 1.22465e-16 -1 0 
vn 1.22465e-16 -1 0 
vn 1.22465e-16 -1 0 
vn 1.22465e-16 -1 0 
vn 1.22465e-16 -1 0 
vn 1.22465e-16 -1 0 
vn 1.22465e-16 -1 0 
vn 1.22465e-16 -1 0 
vn 1.22465e-16 -1 0 
vn 1.22465e-16 -1 0 
vn 1.22465e-16 -1 0 
vn 1.22465e-16 -1 0 
vn 1.22465e-16 -1 0 
vn 1.22465e-16 -1 0 
vn 1.22465e-16 -1 0 
vn 1.22465e-16 -1 0 
vn 1.22465e-16 -1 0 
vn 1.22465e-16 -1 0 
vn 1.22465e-16 -1 0 
f 237//237 238//238 239//239 
f 240//240 241//241 242//242 
f 239//239 243//243 237//237 
f 237//237 244//244 245//245 
f 246//246 247//247 248//248 
f 246//246 249//249 250//250 
f 246//246 251//251 252//252 
f 246//246 253//253 254//254 
f 246//246 255//255 256//256 
f 246//246 257//257 258//258 
f 259//259 260//260 240//240 
f 259//259 261//261 262//262 
f 263//263 264//264 265//265 
f 264//264 266//266 267//267 
f 266//266 268//268 269//269 
f 268//268 270//270 271//271 
f 270//270 272//272 273//273 
f 272//272 243//243 274//274 
f 245//245 238//238 237//237 
f 237//237 275//275 276//276 
f 237//237 277//277 278//278 
f 237//237 279//279 280//280 
f 281//281 282//282 283//283 
f 250//250 247//247 246//246 
f 246//246 284//284 251//251 
f 254//254 285//285 246//246 
f 256//256 286//286 246//246 
f 246//246 287//287 288//288 
f 246//246 259//259 257//257 
f 262//262 260//260 259//259 
f 259//259 246//246 289//289 
f 290//290 291//291 292//292 
f 291//291 263//263 293//293 
f 267//267 265//265 264//264 
f 271//271 269//269 268//268 
f 274//274 273//273 272//272 
f 243//243 294//294 295//295 
f 276//276 244//244 237//237 
f 280//280 277//277 237//237 
f 282//282 296//296 283//283 
f 296//296 282//282 297//297 
f 252//252 249//249 246//246 
f 286//286 253//253 246//246 
f 258//258 287//287 246//246 
f 289//289 261//261 259//259 
f 293//293 292//292 291//291 
f 269//269 267//267 266//266 
f 243//243 298//298 274//274 
f 243//243 299//299 300//300 
f 243//243 301//301 302//302 
f 243//243 303//303 304//304 
f 243//243 305//305 294//294 
f 278//278 275//275 237//237 
f 237//237 306//306 307//307 
f 297//297 308//308 296//296 
f 285//285 284//284 246//246 
f 242//242 259//259 240//240 
f 309//309 310//310 311//311 
f 310//310 312//312 313//313 
f 312//312 314//314 315//315 
f 314//314 290//290 316//316 
f 265//265 293//293 263//263 
f 300//300 298//298 243//243 
f 304//304 301//301 243//243 
f 239//239 305//305 243//243 
f 237//237 317//317 318//318 
f 307//307 319//319 237//237 
f 320//320 321//321 322//322 
f 323//323 324//324 320//320 
f 281//281 237//237 282//282 
f 246//246 325//325 255//255 
f 288//288 326//326 246//246 
f 327//327 328//328 329//329 
f 330//330 331//331 332//332 
f 331//331 333//333 334//334 
f 335//335 336//336 337//337 
f 333//333 338//338 339//339 
f 338//338 309//309 340//340 
f 313//313 311//311 310//310 
f 316//316 315//315 314//314 
f 273//273 271//271 270//270 
f 295//295 303//303 243//243 
f 237//237 341//341 317//317 
f 319//319 342//342 237//237 
f 320//320 343//343 344//344 
f 320//320 345//345 321//321 
f 320//320 324//324 346//346 
f 320//320 347//347 323//323 
f 283//283 348//348 281//281 
f 246//246 349//349 325//325 
f 326//326 350//350 246//246 
f 351//351 352//352 327//327 
f 328//328 353//353 354//354 
f 353//353 355//355 356//356 
f 355//355 357//357 358//358 
f 357//357 330//330 359//359 
f 334//334 332//332 331//331 
f 337//337 360//360 335//335 
f 340//340 339//339 338//338 
f 315//315 313//313 312//312 
f 302//302 299//299 243//243 
f 342//342 341//341 237//237 
f 320//320 361//361 362//362 
f 320//320 363//363 343//343 
f 346//346 345//345 320//320 
f 308//308 323//323 296//296 
f 350//350 349//349 246//246 
f 364//364 365//365 366//366 
f 352//352 351//351 367//367 
f 354//354 329//329 328//328 
f 358//358 356//356 355//355 
f 332//332 359//359 330//330 
f 335//335 368//368 336//336 
f 311//311 340//340 309//309 
f 318//318 279//279 237//237 
f 320//320 369//369 370//370 
f 344//344 361//361 320//320 
f 347//347 296//296 323//323 
f 366//366 246//246 364//364 
f 329//329 351//351 327//327 
f 359//359 358//358 357//357 
f 371//371 372//372 373//373 
f 371//371 352//352 374//374 
f 360//360 375//375 335//335 
f 335//335 371//371 376//376 
f 377//377 378//378 379//379 
f 292//292 316//316 290//290 
f 370//370 380//380 320//320 
f 322//322 363//363 320//320 
f 365//365 381//381 366//366 
f 382//382 381//381 365//365 
f 237//237 383//383 384//384 
f 237//237 385//385 386//386 
f 387//387 384//384 388//388 
f 389//389 384//384 390//390 
f 356//356 354//354 353//353 
f 374//374 372//372 371//371 
f 376//376 368//368 335//335 
f 319//319 391//391 377//377 
f 339//339 334//334 333//333 
f 362//362 369//369 320//320 
f 365//365 392//392 382//382 
f 237//237 393//393 383//383 
f 386//386 394//394 237//237 
f 384//384 395//395 388//388 
f 390//390 396//396 389//389 
f 373//373 376//376 371//371 
f 375//375 397//397 335//335 
f 379//379 319//319 377//377 
f 307//307 398//398 319//319 
f 380//380 399//399 320//320 
f 348//348 400//400 401//401 
f 402//402 403//403 382//382 
f 248//248 364//364 246//246 
f 394//394 393//393 237//237 
f 389//389 395//395 384//384 
f 388//388 404//404 405//405 
f 388//388 406//406 407//407 
f 388//388 408//408 409//409 
f 397//397 379//379 335//335 
f 398//398 391//391 319//319 
f 281//281 410//410 237//237 
f 348//348 283//283 400//400 
f 411//411 401//401 403//403 
f 382//382 412//412 402//402 
f 392//392 413//413 382//382 
f 237//237 243//243 385//385 
f 388//388 414//414 415//415 
f 388//388 416//416 417//417 
f 407//407 404//404 388//388 
f 409//409 418//418 388//388 
f 379//379 419//419 335//335 
f 410//410 306//306 237//237 
f 403//403 420//420 411//411 
f 413//413 412//412 382//382 
f 388//388 415//415 387//387 
f 388//388 421//421 422//422 
f 388//388 423//423 416//416 
f 418//418 406//406 388//388 
f 378//378 419//419 379//379 
f 402//402 420//420 403//403 
f 422//422 414//414 388//388 
f 405//405 423//423 388//388 
f 401//401 411//411 348//348 
f 417//417 421//421 388//388 
f 384//384 387//387 237//237 
f 367//367 374//374 352//352 
v 0.0115608 -0.00375 -0.00964824 
v 0.0115608 0.00425 -0.00964824 
v 0.0116695 0.00425 -0.00965232 
v 0.0116695 -0.00375 -0.00965232 
v 0.0117779 0.00425 -0.00964458 
v 0.0117779 -0.00375 -0.00964458 
v 0.0118849 0.00425 -0.00962511 
v 0.0118849 -0.00375 -0.00962511 
v 0.0119891 0.00425 -0.00959414 
v 0.0119891 -0.00375 -0.00959414 
v 0.0120894 0.00425 -0.00955203 
v 0.0120894 -0.00375 -0.00955203 
v 0.0121845 0.00425 -0.00949929 
v 0.0121845 -0.00375 -0.00949929 
v 0.0122733 0.00425 -0.00943654 
v 0.0122733 -0.00375 -0.00943654 
v 0.0123547 0.00425 -0.00936452 
v 0.0123547 -0.00375 -0.00936452 
v 0.0124279 0.00425 -0.00928408 
v 0.0124279 -0.00375 -0.00928408 
v 0.0124919 0.00425 -0.00919617 
v 0.0124919 -0.00375 -0.00919617 
v 0.0125459 0.00425 -0.00910184 
v 0.0125459 -0.00375 -0.00910184 
v 0.0125895 0.00425 -0.00900219 
v 0.0125895 -0.00375 -0.00900219 
v 0.0126219 0.00425 -0.0088984 
v 0.0126219 -0.00375 -0.0088984 
v 0.0126429 0.00425 -0.00879171 
v 0.0126429 -0.00375 -0.00879171 
vn -0.0918074 0 -0.995777 
vn -0.0918074 0 -0.995777 
vn 0.0168498 2.06351e-18 -0.999858 
vn 0.0168498 2.06351e-18 -0.999858 
vn 0.125308 1.53458e-17 -0.992118 
vn 0.125308 1.53458e-17 -0.992118 
vn 0.232284 2.84466e-17 -0.972648 
vn 0.232284 2.84466e-17 -0.972648 
vn 0.336515 4.12111e-17 -0.941678 
vn 0.336515 4.12111e-17 -0.941678 
vn 0.436766 5.34884e-17 -0.899575 
vn 0.436766 5.34884e-17 -0.899575 
vn 0.531854 6.51333e-17 -0.846836 
vn 0.531854 6.51333e-17 -0.846836 
vn 0.620653 7.60081e-17 -0.784085 
vn 0.620653 7.60081e-17 -0.784085 
vn 0.702115 8.59843e-17 -0.712064 
vn 0.702115 8.59843e-17 -0.712064 
vn 0.775275 9.49438e-17 -0.631624 
vn 0.775275 9.49438e-17 -0.631624 
vn 0.839269 1.02781e-16 -0.543716 
vn 0.839269 1.02781e-16 -0.543716 
vn 0.893341 1.09403e-16 -0.44938 
vn 0.893341 1.09403e-16 -0.44938 
vn 0.93685 1.14731e-16 -0.34973 
vn 0.93685 1.14731e-16 -0.34973 
vn 0.969284 1.18703e-16 -0.245946 
vn 0.969284 1.18703e-16 -0.245946 
vn 0.990257 1.21271e-16 -0.139254 
vn 0.990257 1.21271e-16 -0.139254 
f 424//424 425//425 426//426 
f 427//427 426//426 428//428 
f 429//429 428//428 430//430 
f 431//431 430//430 432//432 
f 433//433 432//432 434//434 
f 435//435 434//434 436//436 
f 437//437 436//436 438//438 
f 439//439 438//438 440//440 
f 441//441 440//440 442//442 
f 443//443 442//442 444//444 
f 445//445 444//444 446//446 
f 447//447 446//446 448//448 
f 449//449 448//448 450//450 
f 451//451 450//450 452//452 
f 452//452 453//453 451//451 
f 450//450 451//451 449//449 
f 448//448 449//449 447//447 
f 446//446 447//447 445//445 
f 444//444 445//445 443//443 
f 442//442 443//443 441//441 
f 440//440 441//441 439//439 
f 438//438 439//439 437//437 
f 436//436 437//437 435//435 
f 434//434 435//435 433//433 
f 432//432 433//433 431//431 
f 430//430 431//431 429//429 
f 428//428 429//429 427//427 
f 426//426 427//427 424//424 
v 0.0126462 -0.00375 -0.00876806 
v 0.0126429 -0.00375 -0.00879171 
v 0.0126429 0.00425 -0.00879171 
v 0.0126462 0.00425 -0.00876806 
vn 0.990257 1.21271e-16 -0.139254 
vn 0.990257 1.21271e-16 -0.139254 
vn 0.990257 1.21271e-16 -0.139254 
vn 0.990257 1.21271e-16 -0.139254 
f 454//454 455//455 456//456 
f 456//456 457//457 454//454 
v 0.0126462 -0.00375 -0.00876806 
v 0.0126462 0.00425 -0.00876806 
v 0.0126553 0.00425 -0.00866378 
v 0.0126553 -0.00375 -0.00866378 
v 0.0126535 0.00425 -0.00855913 
v 0.0126535 -0.00375 -0.00855913 
v 0.0126408 0.00425 -0.00845523 
v 0.0126408 -0.00375 -0.00845523 
v 0.0126172 0.00425 -0.00835324 
v 0.0126172 -0.00375 -0.00835324 
v 0.0125831 0.00425 -0.00825427 
v 0.0125831 -0.00375 -0.00825427 
v 0.0125389 0.00425 -0.0081594 
v 0.0125389 -0.00375 -0.0081594 
v 0.012485 0.00425 -0.00806968 
v 0.012485 -0.00375 -0.00806968 
v 0.012422 0.00425 -0.00798608 
v 0.012422 -0.00375 -0.00798608 
v 0.0123506 0.00425 -0.00790952 
v 0.0123506 -0.00375 -0.00790952 
v 0.0122717 0.00425 -0.00784084 
v 0.0122717 -0.00375 -0.00784084 
v 0.0121859 0.00425 -0.0077808 
v 0.0121859 -0.00375 -0.0077808 
v 0.0120944 0.00425 -0.00773004 
v 0.0120944 -0.00375 -0.00773004 
v 0.011998 0.00425 -0.00768914 
v 0.011998 -0.00375 -0.00768914 
v 0.0118979 0.00425 -0.00765852 
v 0.0118979 -0.00375 -0.00765852 
v 0.0117952 0.00425 -0.00763854 
v 0.0117952 -0.00375 -0.00763854 
vn 0.990257 1.21271e-16 -0.139254 
vn 0.990257 1.21271e-16 -0.139254 
vn 0.999388 1.2239e-16 -0.0349812 
vn 0.999388 1.2239e-16 -0.0349812 
vn 0.99757 1.22167e-16 0.0696749 
vn 0.99757 1.22167e-16 0.0696749 
vn 0.984822 1.20606e-16 0.173568 
vn 0.984822 1.20606e-16 0.173568 
vn 0.961284 1.17723e-16 0.275559 
vn 0.961284 1.17723e-16 0.275559 
vn 0.927214 1.13551e-16 0.374531 
vn 0.927214 1.13551e-16 0.374531 
vn 0.882986 1.08135e-16 0.469399 
vn 0.882986 1.08135e-16 0.469399 
vn 0.829083 1.01533e-16 0.559125 
vn 0.829083 1.01533e-16 0.559125 
vn 0.766097 9.38198e-17 0.642725 
vn 0.766097 9.38198e-17 0.642725 
vn 0.694717 8.50783e-17 0.719283 
vn 0.694717 8.50783e-17 0.719283 
vn 0.615726 7.54047e-17 0.78796 
vn 0.615726 7.54047e-17 0.78796 
vn 0.529989 6.49049e-17 0.848005 
vn 0.529989 6.49049e-17 0.848005 
vn 0.438445 5.3694e-17 0.898758 
vn 0.438445 5.3694e-17 0.898758 
vn 0.342097 4.18948e-17 0.939665 
vn 0.342097 4.18948e-17 0.939665 
vn 0.242001 2.96366e-17 0.970276 
vn 0.242001 2.96366e-17 0.970276 
vn 0.139254 1.70537e-17 0.990257 
vn 0.139254 1.70537e-17 0.990257 
f 458//458 459//459 460//460 
f 461//461 460//460 462//462 
f 463//463 462//462 464//464 
f 465//465 464//464 466//466 
f 467//467 466//466 468//468 
f 469//469 468//468 470//470 
f 471//471 470//470 472//472 
f 473//473 472//472 474//474 
f 475//475 474//474 476//476 
f 477//477 476//476 478//478 
f 479//479 478//478 480//480 
f 481//481 480//480 482//482 
f 483//483 482//482 484//484 
f 485//485 484//484 486//486 
f 487//487 486//486 488//488 
f 488//488 489//489 487//487 
f 486//486 487//487 485//485 
f 484//484 485//485 483//483 
f 482//482 483//483 481//481 
f 480//480 481//481 479//479 
f 478//478 479//479 477//477 
f 476//476 477//477 475//475 
f 474//474 475//475 473//473 
f 472//472 473//473 471//471 
f 470//470 471//471 469//469 
f 468//468 469//469 467//467 
f 466//466 467//467 465//465 
f 464//464 465//465 463//463 
f 462//462 463//463 461//461 
f 460//460 461//461 458//458 
v 0.00684571 -0.00375 -0.00694253 
v 0.0117952 -0.00375 -0.00763854 
v 0.0117952 0.00425 -0.00763854 
v 0.00684571 0.00425 -0.00694253 
vn 0.139254 1.70537e-17 0.990257 
vn 0.139254 1.70537e-17 0.990257 
vn 0.139254 1.70537e-17 0.990257 
vn 0.139254 1.70537e-17 0.990257 
f 490//490 491//491 492//492 
f 492//492 493//493 490//490 
v -0.0052936 -0.00375 -0.0163927 
v -0.00658534 -0.00375 -0.0180398 
v -0.00658534 0.00425 -0.0180398 
v -0.00383633 -0.00375 -0.0148901 
v -0.0052936 0.00425 -0.0163927 
v -0.00222957 -0.00375 -0.0135485 
v -0.00383633 0.00425 -0.0148901 
v -0.000491032 -0.00375 -0.0123827 
v -0.00222957 0.00425 -0.0135485 
v 0.00136013 -0.00375 -0.0114056 
v -0.000491032 0.00425 -0.0123827 
v 0.00330351 -0.00375 -0.010628 
v 0.00136013 0.00425 -0.0114056 
v 0.00531771 -0.00375 -0.0100583 
v 0.00330351 0.00425 -0.010628 
v 0.00738052 -0.00375 -0.00970292 
v 0.00531771 0.00425 -0.0100583 
v 0.00946922 -0.00375 -0.00956573 
v 0.00738052 0.00425 -0.00970292 
v 0.0115608 -0.00375 -0.00964824 
v 0.00946922 0.00425 -0.00956573 
v 0.0115608 0.00425 -0.00964824 
vn 0.753403 9.22653e-17 -0.657559 
vn 0.818181 8.69925e-17 -0.574961 
vn 0.818181 8.69925e-17 -0.574961 
vn 0.680324 8.33157e-17 -0.732911 
vn 0.753403 9.22653e-17 -0.657559 
vn 0.599749 7.3448e-17 -0.800188 
vn 0.680324 8.33157e-17 -0.732911 
vn 0.512565 6.27711e-17 -0.858648 
vn 0.599749 7.3448e-17 -0.800188 
vn 0.419734 5.14025e-17 -0.907647 
vn 0.512565 6.27711e-17 -0.858648 
vn 0.322277 3.94676e-17 -0.946645 
vn 0.419734 5.14025e-17 -0.907647 
vn 0.22127 2.70977e-17 -0.975213 
vn 0.322277 3.94676e-17 -0.946645 
vn 0.117824 1.44293e-17 -0.993034 
vn 0.22127 2.70977e-17 -0.975213 
vn 0.0130804 1.60189e-18 -0.999914 
vn 0.117824 1.44293e-17 -0.993034 
vn -0.0918074 0 -0.995777 
vn 0.0130804 1.60189e-18 -0.999914 
vn -0.0918074 0 -0.995777 
f 494//494 495//495 496//496 
f 497//497 494//494 498//498 
f 499//499 497//497 500//500 
f 501//501 499//499 502//502 
f 503//503 501//501 504//504 
f 505//505 503//503 506//506 
f 507//507 505//505 508//508 
f 509//509 507//507 510//510 
f 511//511 509//509 512//512 
f 513//513 511//511 514//514 
f 514//514 515//515 513//513 
f 512//512 514//514 511//511 
f 510//510 512//512 509//509 
f 508//508 510//510 507//507 
f 506//506 508//508 505//505 
f 504//504 506//506 503//503 
f 502//502 504//504 501//501 
f 500//500 502//502 499//499 
f 498//498 500//500 497//497 
f 496//496 498//498 494//494 
v 0.00677862 -0.00375 -0.00692935 
v 0.00684571 -0.00375 -0.00694253 
v 0.00684571 0.00425 -0.00694253 
v 0.00671335 -0.00375 -0.00690898 
v 0.00677862 0.00425 -0.00692935 
v 0.00665067 -0.00375 -0.00688167 
v 0.00671335 0.00425 -0.00690898 
v 0.00659131 -0.00375 -0.00684772 
v 0.00665067 0.00425 -0.00688167 
v 0.00653598 -0.00375 -0.00680755 
v 0.00659131 0.00425 -0.00684772 
v 0.00648533 -0.00375 -0.00676163 
v 0.00653598 0.00425 -0.00680755 
v 0.00643994 -0.00375 -0.00671048 
v 0.00648533 0.00425 -0.00676163 
v 0.00640037 -0.00375 -0.00665473 
v 0.00643994 0.00425 -0.00671048 
v 0.00636706 -0.00375 -0.00659501 
v 0.00640037 0.00425 -0.00665473 
v 0.00634041 -0.00375 -0.00653204 
v 0.00636706 0.00425 -0.00659501 
v 0.00632074 -0.00375 -0.00646656 
v 0.00634041 0.00425 -0.00653204 
v 0.00630828 -0.00375 -0.00639933 
v 0.00632074 0.00425 -0.00646656 
v 0.00630317 -0.00375 -0.00633114 
v 0.00630828 0.00425 -0.00639933 
v 0.00630548 -0.00375 -0.00626281 
v 0.00630317 0.00425 -0.00633114 
v 0.00631517 -0.00375 -0.00619512 
v 0.00630548 0.00425 -0.00626281 
v 0.00633213 -0.00375 -0.00612889 
v 0.00631517 0.00425 -0.00619512 
v 0.00635617 -0.00375 -0.00606488 
v 0.00633213 0.00425 -0.00612889 
v 0.006387 -0.00375 -0.00600384 
v 0.00635617 0.00425 -0.00606488 
v 0.00642426 -0.00375 -0.00594651 
v 0.006387 0.00425 -0.00600384 
v 0.0064675 -0.00375 -0.00589355 
v 0.00642426 0.00425 -0.00594651 
v 0.0064675 0.00425 -0.00589355 
vn 0.245672 3.00861e-17 0.969353 
vn 0.139254 0 0.990257 
vn 0.139254 0 0.990257 
vn 0.3492 4.27646e-17 0.937048 
vn 0.245672 3.00861e-17 0.969353 
vn 0.448621 5.49402e-17 0.893722 
vn 0.3492 4.27646e-17 0.937048 
vn 0.542765 6.64695e-17 0.839885 
vn 0.448621 5.49402e-17 0.893722 
vn 0.630525 7.72171e-17 0.776169 
vn 0.542765 6.64695e-17 0.839885 
vn 0.71087 8.70565e-17 0.703323 
vn 0.630525 7.72171e-17 0.776169 
vn 0.782853 9.58719e-17 0.622206 
vn 0.71087 8.70565e-17 0.703323 
vn 0.845629 1.0356e-16 0.533771 
vn 0.782853 9.58719e-17 0.622206 
vn 0.898459 1.1003e-16 0.439057 
vn 0.845629 1.0356e-16 0.533771 
vn 0.940722 1.15205e-16 0.339179 
vn 0.898459 1.1003e-16 0.439057 
vn 0.97192 1.19026e-16 0.235313 
vn 0.940722 1.15205e-16 0.339179 
vn 0.991686 1.21447e-16 0.128678 
vn 0.97192 1.19026e-16 0.235313 
vn 0.999789 1.22439e-16 0.02053 
vn 0.991686 1.21447e-16 0.128678 
vn 0.996133 1.21991e-16 -0.0878595 
vn 0.999789 1.22439e-16 0.02053 
vn 0.98076 1.20109e-16 -0.195216 
vn 0.996133 1.21991e-16 -0.0878595 
vn 0.953852 1.16813e-16 -0.300276 
vn 0.98076 1.20109e-16 -0.195216 
vn 0.915726 1.12144e-16 -0.401804 
vn 0.953852 1.16813e-16 -0.300276 
vn 0.866828 1.06156e-16 -0.498606 
vn 0.915726 1.12144e-16 -0.401804 
vn 0.807736 9.89191e-17 -0.589544 
vn 0.866828 1.06156e-16 -0.498606 
vn 0.739143 0 -0.673548 
vn 0.807736 9.89191e-17 -0.589544 
vn 0.739143 0 -0.673548 
f 516//516 517//517 518//518 
f 519//519 516//516 520//520 
f 521//521 519//519 522//522 
f 523//523 521//521 524//524 
f 525//525 523//523 526//526 
f 527//527 525//525 528//528 
f 529//529 527//527 530//530 
f 531//531 529//529 532//532 
f 533//533 531//531 534//534 
f 535//535 533//533 536//536 
f 537//537 535//535 538//538 
f 539//539 537//537 540//540 
f 541//541 539//539 542//542 
f 543//543 541//541 544//544 
f 545//545 543//543 546//546 
f 547//547 545//545 548//548 
f 549//549 547//547 550//550 
f 551//551 549//549 552//552 
f 553//553 551//551 554//554 
f 555//555 553//553 556//556 
f 556//556 557//557 555//555 
f 554//554 556//556 553//553 
f 552//552 554//554 551//551 
f 550//550 552//552 549//549 
f 548//548 550//550 547//547 
f 546//546 548//548 545//545 
f 544//544 546//546 543//543 
f 542//542 544//544 541//541 
f 540//540 542//542 539//539 
f 538//538 540//540 537//537 
f 536//536 538//538 535//535 
f 534//534 536//536 533//533 
f 532//532 534//534 531//531 
f 530//530 532//532 529//529 
f 528//528 530//530 527//527 
f 526//526 528//528 525//525 
f 524//524 526//526 523//523 
f 522//522 524//524 521//521 
f 520//520 522//522 519//519 
f 518//518 520//520 516//516 
v -0.00792069 0.00425 0.00371821 
v -0.00792069 -0.00375 0.00371821 
v -0.00747579 -0.00375 0.00454698 
v -0.00747579 0.00425 0.00454698 
v -0.0069445 -0.00375 0.0053232 
v -0.0069445 0.00425 0.0053232 
v -0.00633294 -0.00375 0.00603791 
v -0.00633294 0.00425 0.00603791 
v -0.00564821 -0.00375 0.00668283 
v -0.00564821 0.00425 0.00668283 
v -0.0048982 -0.00375 0.00725053 
v -0.0048982 0.00425 0.00725053 
v -0.00409158 -0.00375 0.00773443 
v -0.00409158 0.00425 0.00773443 
v -0.00323768 -0.00375 0.00812896 
v -0.00323768 0.00425 0.00812896 
v -0.00234636 -0.00375 0.00842954 
v -0.00234636 0.00425 0.00842954 
v -0.00142793 -0.00375 0.0086327 
v -0.00142793 0.00425 0.0086327 
v -0.000492992 -0.00375 0.0087361 
v -0.000492992 0.00425 0.0087361 
v 0.000447641 -0.00375 0.00873854 
v 0.000447641 0.00425 0.00873854 
v 0.0013831 -0.00375 0.00864 
v 0.0013831 0.00425 0.00864 
v 0.00230258 -0.00375 0.0084416 
v 0.00230258 0.00425 0.0084416 
v 0.00319544 -0.00375 0.00814565 
v 0.00319544 0.00425 0.00814565 
v 0.00405138 -0.00375 0.00775557 
v 0.00405138 0.00425 0.00775557 
v 0.0048605 -0.00375 0.00727586 
v 0.0048605 0.00425 0.00727586 
v 0.00561344 -0.00375 0.00671206 
v 0.00561344 0.00425 0.00671206 
v 0.00630152 -0.00375 0.0060707 
v 0.00630152 0.00425 0.0060707 
v 0.00691677 -0.00375 0.00535918 
v 0.00691677 0.00425 0.00535918 
v 0.00745209 -0.00375 0.00458572 
v 0.00745209 0.00425 0.00458572 
v 0.00790129 -0.00375 0.00375927 
v 0.00790129 0.00425 0.00375927 
v 0.00825918 -0.00375 0.00288938 
v 0.00825918 0.00425 0.00288938 
v 0.00852161 -0.00375 0.0019861 
v 0.00852161 0.00425 0.0019861 
v 0.00868557 -0.00375 0.00105986 
v 0.00868557 0.00425 0.00105986 
v 0.00874916 -0.00375 0.000121378 
v 0.00874916 0.00425 0.000121378 
v 0.00871163 -0.00375 -0.000818509 
v 0.00871163 0.00425 -0.000818509 
v 0.00857343 -0.00375 -0.00174894 
v 0.00857343 0.00425 -0.00174894 
v 0.00833615 -0.00375 -0.00265915 
v 0.00833615 0.00425 -0.00265915 
v 0.00800253 -0.00375 -0.00353864 
v 0.00800253 0.00425 -0.00353864 
v 0.00757643 -0.00375 -0.00437723 
v 0.00757643 0.00425 -0.00437723 
v 0.00706278 -0.00375 -0.00516524 
v 0.00706278 0.00425 -0.00516524 
v 0.0064675 -0.00375 -0.00589355 
v 0.0064675 0.00425 -0.00589355 
vn -0.905222 -1.98254e-16 0.424939 
vn -0.905222 -1.98254e-16 0.424939 
vn -0.854376 -1.04631e-16 0.519655 
vn -0.854376 -1.04631e-16 0.519655 
vn -0.793657 -9.71949e-17 0.608366 
vn -0.793657 -9.71949e-17 0.608366 
vn -0.723765 -8.86357e-17 0.690046 
vn -0.723765 -8.86357e-17 0.690046 
vn -0.645509 -7.90521e-17 0.763752 
vn -0.645509 -7.90521e-17 0.763752 
vn -0.559794 -6.8555e-17 0.828632 
vn -0.559794 -6.8555e-17 0.828632 
vn -0.467609 -5.72656e-17 0.883935 
vn -0.467609 -5.72656e-17 0.883935 
vn -0.37002 -4.53144e-17 0.929024 
vn -0.37002 -4.53144e-17 0.929024 
vn -0.268155 -3.28396e-17 0.963376 
vn -0.268155 -3.28396e-17 0.963376 
vn -0.163192 -1.99852e-17 0.986594 
vn -0.163192 -1.99852e-17 0.986594 
vn -0.0563419 -6.89989e-18 0.998412 
vn -0.0563419 -6.89989e-18 0.998412 
vn 0.0511589 6.26516e-18 0.998691 
vn 0.0511589 6.26516e-18 0.998691 
vn 0.158069 1.93578e-17 0.987428 
vn 0.158069 1.93578e-17 0.987428 
vn 0.263152 3.22268e-17 0.964755 
vn 0.263152 3.22268e-17 0.964755 
vn 0.365193 4.47233e-17 0.930932 
vn 0.365193 4.47233e-17 0.930932 
vn 0.463015 5.6703e-17 0.886351 
vn 0.463015 5.6703e-17 0.886351 
vn 0.555485 6.80273e-17 0.831526 
vn 0.555485 6.80273e-17 0.831526 
vn 0.641537 7.85656e-17 0.767093 
vn 0.641537 7.85656e-17 0.767093 
vn 0.720174 8.81958e-17 0.693794 
vn 0.720174 8.81958e-17 0.693794 
vn 0.790488 9.68069e-17 0.612477 
vn 0.790488 9.68069e-17 0.612477 
vn 0.851667 1.04299e-16 0.524083 
vn 0.851667 1.04299e-16 0.524083 
vn 0.903004 1.10586e-16 0.429631 
vn 0.903004 1.10586e-16 0.429631 
vn 0.943906 1.15595e-16 0.330215 
vn 0.943906 1.15595e-16 0.330215 
vn 0.973899 1.19268e-16 0.226983 
vn 0.973899 1.19268e-16 0.226983 
vn 0.992637 1.21563e-16 0.121127 
vn 0.992637 1.21563e-16 0.121127 
vn 0.999904 1.22453e-16 0.0138718 
vn 0.999904 1.22453e-16 0.0138718 
vn 0.995615 1.21928e-16 -0.0935438 
vn 0.995615 1.21928e-16 -0.0935438 
vn 0.979821 1.19993e-16 -0.199878 
vn 0.979821 1.19993e-16 -0.199878 
vn 0.952703 1.16672e-16 -0.303903 
vn 0.952703 1.16672e-16 -0.303903 
vn 0.914575 1.12003e-16 -0.404416 
vn 0.914575 1.12003e-16 -0.404416 
vn 0.865878 1.0604e-16 -0.500255 
vn 0.865878 1.0604e-16 -0.500255 
vn 0.807175 9.88504e-17 -0.590313 
vn 0.807175 9.88504e-17 -0.590313 
vn 0.739143 9.05189e-17 -0.673548 
vn 0.739143 9.05189e-17 -0.673548 
f 558//558 559//559 560//560 
f 561//561 560//560 562//562 
f 563//563 562//562 564//564 
f 565//565 564//564 566//566 
f 567//567 566//566 568//568 
f 569//569 568//568 570//570 
f 571//571 570//570 572//572 
f 573//573 572//572 574//574 
f 575//575 574//574 576//576 
f 577//577 576//576 578//578 
f 579//579 578//578 580//580 
f 581//581 580//580 582//582 
f 583//583 582//582 584//584 
f 585//585 584//584 586//586 
f 587//587 586//586 588//588 
f 589//589 588//588 590//590 
f 591//591 590//590 592//592 
f 593//593 592//592 594//594 
f 595//595 594//594 596//596 
f 597//597 596//596 598//598 
f 599//599 598//598 600//600 
f 601//601 600//600 602//602 
f 603//603 602//602 604//604 
f 605//605 604//604 606//606 
f 607//607 606//606 608//608 
f 609//609 608//608 610//610 
f 611//611 610//610 612//612 
f 613//613 612//612 614//614 
f 615//615 614//614 616//616 
f 617//617 616//616 618//618 
f 619//619 618//618 620//620 
f 621//621 620//620 622//622 
f 622//622 623//623 621//621 
f 620//620 621//621 619//619 
f 618//618 619//619 617//617 
f 616//616 617//617 615//615 
f 614//614 615//615 613//613 
f 612//612 613//613 611//611 
f 610//610 611//611 609//609 
f 608//608 609//609 607//607 
f 606//606 607//607 605//605 
f 604//604 605//605 603//603 
f 602//602 603//603 601//601 
f 600//600 601//601 599//599 
f 598//598 599//599 597//597 
f 596//596 597//597 595//595 
f 594//594 595//595 593//593 
f 592//592 593//593 591//591 
f 590//590 591//591 589//589 
f 588//588 589//589 587//587 
f 586//586 587//587 585//585 
f 584//584 585//585 583//583 
f 582//582 583//583 581//581 
f 580//580 581//581 579//579 
f 578//578 579//579 577//577 
f 576//576 577//577 575//575 
f 574//574 575//575 573//573 
f 572//572 573//573 571//571 
f 570//570 571//571 569//569 
f 568//568 569//569 567//567 
f 566//566 567//567 565//565 
f 564//564 565//565 563//563 
f 562//562 563//563 561//561 
f 560//560 561//561 558//558 
v -0.0150109 -0.00375 -0.0255266 
v -0.0151612 -0.0142305 -0.0253961 
v -0.0151611 -0.0142304 -0.0253962 
v -0.0150702 -0.0142021 -0.0254739 
v -0.0152563 -0.0142461 -0.0253216 
v -0.015251 -0.0142458 -0.0253254 
v -0.0150663 -0.0142003 -0.0254775 
v -0.0152594 -0.00375 -0.025319 
v -0.0152595 -0.0142463 -0.0253192 
v -0.0147899 -0.0140122 -0.0257593 
v -0.0147875 -0.0140097 -0.0257621 
v -0.0148816 -0.0140933 -0.0256577 
v -0.0148127 -0.0140364 -0.0257322 
v -0.0149702 -0.014153 -0.0255676 
v -0.0149012 -0.0141095 -0.0256364 
v -0.0150115 -0.0141749 -0.0255281 
v -0.0149866 -0.0141633 -0.0255512 
v -0.0147862 -0.00375 -0.0257598 
v -0.0146139 -0.0137946 -0.0259815 
v -0.01459 -0.0137527 -0.0260172 
v -0.0146913 -0.0138998 -0.0258796 
v -0.0147174 -0.0139353 -0.0258452 
v -0.0144185 -0.00375 -0.0262918 
v -0.0145852 -0.0137443 -0.0260244 
v -0.0145024 -0.013599 -0.0261483 
v -0.0144613 -0.0135039 -0.0262206 
v -0.014588 -0.00375 -0.0260159 
v -0.0142916 -0.0130326 -0.026556 
v -0.014281 -0.0129847 -0.0265854 
v -0.0143447 -0.0131977 -0.0264426 
v -0.0144203 -0.0134092 -0.0262925 
v -0.0143911 -0.0133418 -0.0263437 
v -0.0142797 -0.00375 -0.0265844 
v -0.0141805 -0.0125274 -0.0268664 
v -0.0141748 -0.0124809 -0.0268916 
v -0.014235 -0.0127753 -0.026714 
v -0.0141733 -0.00375 -0.0268902 
v -0.0141405 -0.0122009 -0.0270436 
v -0.0141038 -0.0119012 -0.0272063 
v -0.0141005 -0.00375 -0.0272057 
v -0.0140801 -0.0113095 -0.0274944 
v -0.0140783 -0.0112387 -0.0275282 
v -0.0140932 -0.0118144 -0.0272534 
v -0.0140621 -0.00375 -0.0275273 
v -0.0140609 -0.0105613 -0.0278514 
v -0.0140586 -0.00375 -0.0278511 
v -0.0140892 -0.0100603 -0.0280608 
v -0.0141055 -0.0097935 -0.0281714 
v -0.0140602 -0.0105364 -0.0278633 
v -0.01409 -0.00375 -0.0281734 
v -0.0141486 -0.00908552 -0.0284651 
v -0.0141584 -0.00901658 -0.0284896 
v -0.0141559 -0.00375 -0.0284904 
v -0.0142367 -0.00846599 -0.0286854 
v -0.0142777 -0.00817755 -0.028788 
v -0.0142557 -0.00375 -0.0287985 
v -0.014397 -0.00733836 -0.0290865 
v -0.0143881 -0.00375 -0.029094 
v -0.0144362 -0.00706329 -0.0291843 
v -0.0145536 -0.00648477 -0.0293708 
v -0.0145515 -0.00375 -0.0293735 
v -0.0146012 -0.00625 -0.0294466 
v -0.0153309 -0.00375 -0.0252671 
v -0.0153309 -0.01425 -0.0252671 
v -0.0146012 -0.00375 -0.0294466 
vn 0.681639 8.34767e-17 0.731688 
vn 0.631605 0 0.77529 
vn 0.631651 0 0.775253 
vn 0.662029 0 0.749478 
vn 0.599882 0 0.800088 
vn 0.601603 0 0.798795 
vn 0.663366 0 0.748295 
vn 0.598805 7.33325e-17 0.800895 
vn 0.598808 0 0.800893 
vn 0.755921 0 0.654663 
vn 0.756715 0 0.653745 
vn 0.72526 0 0.688475 
vn 0.748139 0 0.663542 
vn 0.695595 0 0.718434 
vn 0.718563 0 0.695462 
vn 0.681768 0 0.731569 
vn 0.690016 0 0.723794 
vn 0.756532 9.26484e-17 0.653957 
vn 0.814368 0 0.580348 
vn 0.822603 0 0.568615 
vn 0.788859 0 0.614574 
vn 0.779926 0 0.625872 
vn 0.879103 1.07659e-16 0.476631 
vn 0.824244 0 0.566235 
vn 0.851351 0 0.524597 
vn 0.865569 0 0.50079 
vn 0.82261 1.00741e-16 0.568607 
vn 0.921416 0 0.388578 
vn 0.925411 0 0.378965 
vn 0.904403 0 0.426679 
vn 0.879065 0 0.476701 
vn 0.888259 0 0.459342 
vn 0.925355 1.13323e-16 0.379103 
vn 0.958494 1.4456e-16 0.285113 
vn 0.960911 1.4456e-16 0.276857 
vn 0.941718 1.4456e-16 0.336403 
vn 0.960825 1.17667e-16 0.277157 
vn 0.974002 1.4456e-16 0.226539 
vn 0.985098 1.4456e-16 0.171996 
vn 0.9851 1.2064e-16 0.171983 
vn 0.997095 1.4456e-16 0.0761684 
vn 0.997895 1.4456e-16 0.0648562 
vn 0.987736 1.4456e-16 0.156131 
vn 0.997898 1.22207e-16 0.0648044 
vn 0.999063 1.4456e-16 -0.0432803 
vn 0.99907 1.22351e-16 -0.043129 
vn 0.99353 1.4456e-16 -0.113568 
vn 0.988579 1.0842e-16 -0.150705 
vn 0.998884 1.4456e-16 -0.0472301 
vn 0.988601 1.21069e-16 -0.15056 
vn 0.968827 1.17455e-16 -0.24774 
vn 0.966625 1.18585e-16 -0.256194 
vn 0.966614 1.18376e-16 -0.256237 
vn 0.946234 1.0842e-16 -0.323484 
vn 0.933588 1.0842e-16 -0.358348 
vn 0.933365 1.14304e-16 -0.358928 
vn 0.889635 1.4456e-16 -0.456673 
vn 0.889242 1.08901e-16 -0.457437 
vn 0.873124 7.22801e-17 -0.487498 
vn 0.834957 1.4456e-16 -0.550315 
vn 0.834758 1.02228e-16 -0.550617 
vn 0.818181 1.4456e-16 -0.574961 
vn 0.574961 0 0.818181 
vn 0.574961 0 0.818181 
vn 0.818181 0 -0.574961 
f 624//624 625//625 626//626 
f 626//626 627//627 624//624 
f 624//624 628//628 629//629 
f 629//629 625//625 624//624 
f 627//627 630//630 624//624 
f 631//631 632//632 628//628 
f 628//628 624//624 631//631 
f 624//624 633//633 634//634 
f 624//624 635//635 636//636 
f 624//624 637//637 638//638 
f 624//624 639//639 640//640 
f 640//640 637//637 624//624 
f 638//638 635//635 624//624 
f 636//636 633//633 624//624 
f 641//641 642//642 643//643 
f 641//641 644//644 642//642 
f 641//641 634//634 645//645 
f 645//645 644//644 641//641 
f 646//646 647//647 648//648 
f 648//648 649//649 646//646 
f 650//650 643//643 647//647 
f 647//647 646//646 650//650 
f 646//646 651//651 652//652 
f 646//646 653//653 651//651 
f 646//646 654//654 655//655 
f 655//655 653//653 646//646 
f 656//656 657//657 658//658 
f 656//656 659//659 657//657 
f 656//656 652//652 659//659 
f 660//660 661//661 662//662 
f 660//660 658//658 661//661 
f 663//663 664//664 665//665 
f 663//663 662//662 666//666 
f 666//666 664//664 663//663 
f 667//667 665//665 668//668 
f 669//669 670//670 671//671 
f 669//669 668//668 672//672 
f 672//672 670//670 669//669 
f 673//673 674//674 675//675 
f 673//673 671//671 674//674 
f 676//676 677//677 678//678 
f 676//676 675//675 677//677 
f 679//679 678//678 680//680 
f 681//681 682//682 683//683 
f 681//681 680//680 682//682 
f 684//684 683//683 685//685 
f 686//686 687//687 632//632 
f 632//632 631//631 686//686 
f 685//685 688//688 684//684 
f 683//683 684//684 681//681 
f 680//680 681//681 679//679 
f 678//678 679//679 676//676 
f 675//675 676//676 673//673 
f 671//671 673//673 669//669 
f 668//668 669//669 667//667 
f 665//665 667//667 663//663 
f 662//662 663//663 660//660 
f 658//658 660//660 656//656 
f 652//652 656//656 646//646 
f 649//649 654//654 646//646 
f 643//643 650//650 641//641 
f 634//634 641//641 624//624 
f 630//630 639//639 624//624 
v -0.0215082 -0.00375 -0.0252264 
v -0.0215082 -0.01425 -0.0252264 
v -0.0213533 -0.01425 -0.0249385 
v -0.0213533 -0.00375 -0.0249385 
v -0.0211681 -0.01425 -0.0246691 
v -0.0211681 -0.00375 -0.0246691 
v -0.0209546 -0.01425 -0.0244215 
v -0.0209546 -0.00375 -0.0244215 
v -0.0207155 -0.01425 -0.0241986 
v -0.0207155 -0.00375 -0.0241986 
v -0.0204535 -0.01425 -0.024003 
v -0.0204535 -0.00375 -0.024003 
v -0.0201718 -0.01425 -0.0238371 
v -0.0201718 -0.00375 -0.0238371 
v -0.0198737 -0.01425 -0.0237028 
v -0.0198737 -0.00375 -0.0237028 
v -0.0195628 -0.01425 -0.0236018 
v -0.0195628 -0.00375 -0.0236018 
v -0.0192427 -0.01425 -0.0235352 
v -0.0192427 -0.00375 -0.0235352 
v -0.0189173 -0.01425 -0.0235038 
v -0.0189173 -0.00375 -0.0235038 
v -0.0185904 -0.01425 -0.023508 
v -0.0185904 -0.00375 -0.023508 
v -0.0182659 -0.01425 -0.0235478 
v -0.0182659 -0.00375 -0.0235478 
v -0.0179477 -0.01425 -0.0236226 
v -0.0179477 -0.00375 -0.0236226 
v -0.0176395 -0.01425 -0.0237317 
v -0.0176395 -0.00375 -0.0237317 
v -0.017345 -0.01425 -0.0238736 
v -0.017345 -0.00375 -0.0238736 
v -0.0170676 -0.01425 -0.0240467 
v -0.0170676 -0.00375 -0.0240467 
vn -0.905222 0 0.424939 
vn -0.905222 0 0.424939 
vn -0.853608 -1.04537e-16 0.520915 
vn -0.853608 -1.04537e-16 0.520915 
vn -0.791858 -9.69746e-17 0.610706 
vn -0.791858 -9.69746e-17 0.610706 
vn -0.720703 -8.82607e-17 0.693244 
vn -0.720703 -8.82607e-17 0.693244 
vn -0.64099 -7.84987e-17 0.767549 
vn -0.64099 -7.84987e-17 0.767549 
vn -0.553665 -6.78044e-17 0.832739 
vn -0.553665 -6.78044e-17 0.832739 
vn -0.459765 -5.6305e-17 0.888041 
vn -0.459765 -5.6305e-17 0.888041 
vn -0.360405 -4.41369e-17 0.932796 
vn -0.360405 -4.41369e-17 0.932796 
vn -0.256765 -3.14446e-17 0.966474 
vn -0.256765 -3.14446e-17 0.966474 
vn -0.150075 -1.83789e-17 0.988675 
vn -0.150075 -1.83789e-17 0.988675 
vn -0.0416038 -5.095e-18 0.999134 
vn -0.0416038 -5.095e-18 0.999134 
vn 0.0673618 8.24944e-18 0.997729 
vn 0.0673618 8.24944e-18 0.997729 
vn 0.175527 2.14959e-17 0.984475 
vn 0.175527 2.14959e-17 0.984475 
vn 0.281609 3.44871e-17 0.959529 
vn 0.281609 3.44871e-17 0.959529 
vn 0.384345 4.70687e-17 0.923189 
vn 0.384345 4.70687e-17 0.923189 
vn 0.482518 5.90914e-17 0.875886 
vn 0.482518 5.90914e-17 0.875886 
vn 0.574961 0 0.818181 
vn 0.574961 0 0.818181 
f 689//689 690//690 691//691 
f 692//692 691//691 693//693 
f 694//694 693//693 695//695 
f 696//696 695//695 697//697 
f 698//698 697//697 699//699 
f 700//700 699//699 701//701 
f 702//702 701//701 703//703 
f 704//704 703//703 705//705 
f 706//706 705//705 707//707 
f 708//708 707//707 709//709 
f 710//710 709//709 711//711 
f 712//712 711//711 713//713 
f 714//714 713//713 715//715 
f 716//716 715//715 717//717 
f 718//718 717//717 719//719 
f 720//720 719//719 721//721 
f 721//721 722//722 720//720 
f 719//719 720//720 718//718 
f 717//717 718//718 716//716 
f 715//715 716//716 714//714 
f 713//713 714//714 712//712 
f 711//711 712//712 710//710 
f 709//709 710//710 708//708 
f 707//707 708//708 706//706 
f 705//705 706//706 704//704 
f 703//703 704//704 702//702 
f 701//701 702//702 700//700 
f 699//699 700//700 698//698 
f 697//697 698//698 696//696 
f 695//695 696//696 694//694 
f 693//693 694//694 692//692 
f 691//691 692//692 689//689 
v -0.0170676 -0.00375 -0.0240467 
v -0.0170676 -0.01425 -0.0240467 
v -0.0153309 -0.01425 -0.0252671 
v -0.0153309 -0.00375 -0.0252671 
vn 0.574961 0 0.818181 
vn 0.574961 0 0.818181 
vn 0.574961 0 0.818181 
vn 0.574961 0 0.818181 
f 723//723 724//724 725//725 
f 725//725 726//726 723//723 
v -0.0165879 -0.00843662 -0.0320751 
v -0.0145536 -0.00648477 -0.0293708 
v -0.0144362 -0.00706329 -0.0291843 
v -0.014397 -0.00733836 -0.0290865 
v -0.0142777 -0.00817755 -0.028788 
v -0.0164945 -0.00625 -0.0321407 
v -0.0146012 -0.00625 -0.0294466 
v -0.0142367 -0.00846599 -0.0286854 
v -0.0165917 -0.00846744 -0.0320724 
v -0.0165888 -0.00844358 -0.0320745 
v -0.0167856 -0.0100291 -0.0319362 
v -0.0141584 -0.00901658 -0.0284896 
v -0.0141486 -0.00908552 -0.0284651 
v -0.0141055 -0.0097935 -0.0281714 
v -0.0140892 -0.0100603 -0.0280608 
v -0.0167927 -0.0100638 -0.0319312 
v -0.0170478 -0.011303 -0.031752 
v -0.017042 -0.0112818 -0.0317561 
v -0.0170514 -0.0113162 -0.0317494 
v -0.0140609 -0.0105613 -0.0278514 
v -0.0140783 -0.0112387 -0.0275282 
v -0.0140602 -0.0105364 -0.0278633 
v -0.0140801 -0.0113095 -0.0274944 
v -0.0172174 -0.0119185 -0.0316328 
v -0.0140932 -0.0118144 -0.0272534 
v -0.0173163 -0.0122022 -0.0315633 
v -0.0173137 -0.0121948 -0.0315651 
v -0.0141038 -0.0119012 -0.0272063 
v -0.0141405 -0.0122009 -0.0270436 
v -0.0174544 -0.0125982 -0.0314663 
v -0.0141748 -0.0124809 -0.0268916 
v -0.0175342 -0.0127766 -0.0314102 
v -0.0175319 -0.0127714 -0.0314118 
v -0.0141805 -0.0125274 -0.0268664 
v -0.014235 -0.0127753 -0.026714 
v -0.0176673 -0.0130736 -0.0313167 
v -0.014281 -0.0129847 -0.0265854 
v -0.0177365 -0.0131976 -0.0312681 
v -0.0177344 -0.0131938 -0.0312696 
v -0.0142916 -0.0130326 -0.026556 
v -0.0143447 -0.0131977 -0.0264426 
v -0.0178601 -0.013419 -0.0311813 
v -0.0143911 -0.0133418 -0.0263437 
v -0.0179184 -0.0135043 -0.0311404 
v -0.0179165 -0.0135015 -0.0311417 
v -0.0144203 -0.0134092 -0.0262925 
v -0.0144613 -0.0135039 -0.0262206 
v -0.0180304 -0.013668 -0.0310617 
v -0.0180743 -0.0137208 -0.0310308 
v -0.0145024 -0.013599 -0.0261483 
v -0.0145852 -0.0137443 -0.0260244 
v -0.0180939 -0.0137442 -0.0310171 
v -0.018233 -0.0138997 -0.0309194 
v -0.01459 -0.0137527 -0.0260172 
v -0.0146139 -0.0137946 -0.0259815 
v -0.0181795 -0.013847 -0.0309569 
v -0.0146913 -0.0138998 -0.0258796 
v -0.0183405 -0.0139998 -0.0308439 
v -0.0183101 -0.0139757 -0.0308652 
v -0.0183557 -0.0140119 -0.0308332 
v -0.0147174 -0.0139353 -0.0258452 
v -0.0147875 -0.0140097 -0.0257621 
v -0.0184352 -0.014075 -0.0307774 
v -0.0147899 -0.0140122 -0.0257593 
v -0.0148127 -0.0140364 -0.0257322 
v -0.0148816 -0.0140933 -0.0256577 
v -0.0184646 -0.0140933 -0.0307566 
v -0.018553 -0.0141467 -0.0306945 
v -0.0185428 -0.0141418 -0.0307017 
v -0.0185663 -0.0141531 -0.0306852 
v -0.0149012 -0.0141095 -0.0256364 
v -0.0149702 -0.014153 -0.0255676 
v -0.0186387 -0.0141875 -0.0306343 
v -0.0149866 -0.0141633 -0.0255512 
v -0.0150115 -0.0141749 -0.0255281 
v -0.0186733 -0.0141996 -0.03061 
v -0.0187276 -0.0142185 -0.0305718 
v -0.0150663 -0.0142003 -0.0254775 
v -0.0150702 -0.0142021 -0.0254739 
v -0.0151611 -0.0142304 -0.0253962 
v -0.018763 -0.0142264 -0.0305469 
v -0.0187751 -0.0142291 -0.0305384 
v -0.0151612 -0.0142305 -0.0253961 
v -0.0188617 -0.0142439 -0.0304775 
v -0.0188241 -0.0142401 -0.030504 
v -0.015251 -0.0142458 -0.0253254 
v -0.0188737 -0.0142452 -0.0304691 
v -0.0152563 -0.0142461 -0.0253216 
v -0.0189127 -0.0142492 -0.0304416 
v -0.0152595 -0.0142463 -0.0253192 
v -0.0189491 -0.01425 -0.0304159 
v -0.0153309 -0.01425 -0.0252671 
vn 0.813645 -0.105152 -0.571773 
vn 0.818129 -0.0112392 -0.574924 
vn 0.817576 -0.0384643 -0.574535 
vn 0.817099 -0.051424 -0.5742 
vn 0.814703 -0.092103 -0.572517 
vn 0.818181 0 -0.574961 
vn 0.818181 0 -0.574961 
vn 0.813505 -0.106757 -0.571675 
vn 0.813505 -0.106757 -0.571675 
vn 0.813614 -0.105513 -0.571751 
vn 0.801871 -0.198676 -0.563499 
vn 0.810536 -0.136382 -0.569588 
vn 0.810093 -0.14026 -0.569277 
vn 0.804271 -0.183609 -0.565186 
vn 0.801486 -0.200981 -0.563229 
vn 0.801486 -0.200981 -0.563229 
vn 0.782539 -0.291937 -0.549914 
vn 0.782989 -0.29013 -0.55023 
vn 0.782255 -0.293072 -0.549714 
vn 0.795298 -0.234851 -0.55888 
vn 0.783772 -0.286955 -0.55078 
vn 0.795649 -0.233068 -0.559127 
vn 0.782255 -0.293072 -0.549714 
vn 0.766317 -0.350372 -0.538514 
vn 0.769602 -0.339446 -0.540823 
vn 0.755612 -0.383536 -0.530991 
vn 0.755926 -0.382609 -0.531212 
vn 0.766839 -0.348662 -0.538881 
vn 0.755612 -0.383536 -0.530991 
vn 0.735172 -0.438882 -0.516628 
vn 0.742128 -0.421031 -0.521516 
vn 0.722667 -0.468882 -0.50784 
vn 0.723065 -0.467964 -0.50812 
vn 0.739506 -0.427867 -0.519673 
vn 0.722667 -0.468882 -0.50784 
vn 0.696715 -0.524288 -0.489603 
vn 0.705331 -0.506785 -0.495658 
vn 0.682522 -0.551471 -0.479629 
vn 0.682995 -0.550595 -0.479962 
vn 0.700849 -0.515991 -0.492508 
vn 0.682522 -0.551471 -0.479629 
vn 0.65155 -0.60485 -0.457864 
vn 0.663578 -0.58499 -0.466316 
vn 0.635996 -0.629094 -0.446934 
vn 0.636547 -0.628261 -0.447321 
vn 0.652847 -0.602757 -0.458775 
vn 0.635996 -0.629094 -0.446934 
vn 0.600161 -0.679656 -0.421751 
vn 0.585202 -0.698871 -0.411239 
vn 0.616759 -0.657084 -0.433415 
vn 0.578078 -0.707673 -0.406233 
vn 0.578078 -0.707673 -0.406233 
vn 0.519613 -0.772443 -0.365148 
vn 0.575542 -0.710754 -0.404451 
vn 0.562287 -0.72643 -0.395136 
vn 0.543007 -0.74802 -0.381588 
vn 0.519613 -0.772443 -0.365148 
vn 0.464586 -0.823148 -0.326478 
vn 0.480608 -0.80929 -0.337738 
vn 0.456108 -0.8302 -0.320521 
vn 0.502964 -0.788734 -0.353448 
vn 0.45778 -0.828824 -0.321696 
vn 0.407074 -0.867443 -0.286063 
vn 0.456108 -0.8302 -0.320521 
vn 0.439347 -0.843595 -0.308743 
vn 0.387928 -0.880452 -0.272609 
vn 0.387928 -0.880452 -0.272609 
vn 0.325414 -0.917503 -0.228678 
vn 0.332783 -0.913546 -0.233856 
vn 0.315666 -0.922577 -0.221828 
vn 0.371781 -0.890798 -0.261262 
vn 0.315666 -0.922577 -0.221828 
vn 0.26 -0.948165 -0.18271 
vn 0.301398 -0.929677 -0.211802 
vn 0.280583 -0.939359 -0.197174 
vn 0.232663 -0.958716 -0.163499 
vn 0.188151 -0.973199 -0.13222 
vn 0.232663 -0.958716 -0.163499 
vn 0.229112 -0.959992 -0.161004 
vn 0.148703 -0.983345 -0.104498 
vn 0.158784 -0.980988 -0.111583 
vn 0.148581 -0.983373 -0.104412 
vn 0.148581 -0.983373 -0.104412 
vn 0.0748203 -0.99581 -0.0525785 
vn 0.106906 -0.991427 -0.0751263 
vn 0.0691089 -0.996426 -0.0485649 
vn 0.0645952 -0.996879 -0.045393 
vn 0.0645952 -0.996879 -0.045393 
vn 0.0310756 -0.999278 -0.0218378 
vn 0.0617878 -0.997144 -0.0434201 
vn 3.23048e-17 -1 4.59705e-17 
vn 3.23048e-17 -1 4.59705e-17 
f 727//727 728//728 729//729 
f 729//729 730//730 727//727 
f 730//730 731//731 727//727 
f 727//727 732//732 733//733 
f 733//733 728//728 727//727 
f 734//734 735//735 736//736 
f 736//736 727//727 734//734 
f 737//737 738//738 739//739 
f 737//737 735//735 734//734 
f 734//734 738//738 737//737 
f 739//739 740//740 737//737 
f 741//741 742//742 737//737 
f 741//741 743//743 744//744 
f 745//745 746//746 747//747 
f 748//748 745//745 743//743 
f 743//743 741//741 748//748 
f 748//748 746//746 745//745 
f 747//747 749//749 745//745 
f 750//750 745//745 749//749 
f 749//749 751//751 750//750 
f 752//752 753//753 754//754 
f 754//754 755//755 752//752 
f 753//753 750//750 754//754 
f 756//756 752//752 755//755 
f 755//755 757//757 756//756 
f 758//758 759//759 760//760 
f 760//760 761//761 758//758 
f 759//759 756//756 760//760 
f 762//762 758//758 761//761 
f 761//761 763//763 762//762 
f 764//764 765//765 766//766 
f 766//766 767//767 764//764 
f 765//765 762//762 766//766 
f 768//768 764//764 767//767 
f 767//767 769//769 768//768 
f 770//770 771//771 772//772 
f 772//772 773//773 770//770 
f 771//771 768//768 772//772 
f 774//774 770//770 773//773 
f 775//775 774//774 776//776 
f 776//776 777//777 775//775 
f 777//777 778//778 775//775 
f 779//779 780//780 781//781 
f 782//782 778//778 777//777 
f 780//780 779//779 782//782 
f 777//777 780//780 782//782 
f 783//783 784//784 785//785 
f 786//786 784//784 783//783 
f 783//783 787//787 786//786 
f 787//787 788//788 786//786 
f 785//785 779//779 783//783 
f 789//789 786//786 790//790 
f 790//790 791//791 789//789 
f 792//792 793//793 789//789 
f 792//792 794//794 795//795 
f 796//796 794//794 792//792 
f 792//792 797//797 796//796 
f 797//797 798//798 796//796 
f 799//799 796//796 798//798 
f 798//798 800//800 799//799 
f 801//801 802//802 799//799 
f 800//800 801//801 799//799 
f 803//803 802//802 804//804 
f 804//804 805//805 803//803 
f 806//806 807//807 803//803 
f 808//808 807//807 806//806 
f 806//806 809//809 808//808 
f 810//810 811//811 809//809 
f 809//809 812//812 810//810 
f 813//813 810//810 812//812 
f 812//812 814//814 813//813 
f 815//815 813//813 814//814 
f 816//816 817//817 815//815 
f 814//814 816//816 815//815 
f 816//816 818//818 817//817 
f 811//811 808//808 809//809 
f 805//805 806//806 803//803 
f 801//801 804//804 802//802 
f 795//795 793//793 792//792 
f 791//791 792//792 789//789 
f 788//788 790//790 786//786 
f 781//781 783//783 779//779 
f 773//773 776//776 774//774 
f 769//769 772//772 768//768 
f 763//763 766//766 762//762 
f 757//757 760//760 756//756 
f 751//751 754//754 750//750 
f 744//744 742//742 741//741 
f 740//740 741//741 737//737 
f 731//731 734//734 727//727 
v -0.0215082 -0.01425 -0.0252264 
v -0.0267054 0.003541 -0.0362978 
v -0.0267652 0.00343535 -0.0364251 
v -0.0266936 0.00355824 -0.0362725 
v -0.0265984 0.00368906 -0.0360698 
v -0.0266262 0.00365624 -0.0361291 
v -0.0263705 0.00391806 -0.0355844 
v -0.0263812 0.00391058 -0.0356072 
v -0.0264901 0.00380914 -0.0358392 
v -0.0265209 0.00378046 -0.0359048 
v -0.026238 0.00401096 -0.0353021 
v -0.0260963 0.00408814 -0.0350003 
v -0.0261978 0.00403915 -0.0352164 
v -0.0269178 0.00294792 -0.0367502 
v -0.0269253 0.00287989 -0.0367662 
v -0.0259497 0.00415601 -0.034688 
v -0.0259634 0.00415231 -0.0347171 
v -0.0269296 0.00281271 -0.0367754 
v -0.0268917 0.00309066 -0.0366947 
v -0.0269068 0.00301781 -0.0367268 
v -0.0257936 0.00419827 -0.0343554 
v -0.0256361 0.00423295 -0.03402 
v -0.0256784 0.00422944 -0.03411 
v -0.0269166 0.00295549 -0.0367477 
v -0.0268855 0.00311436 -0.0366815 
v -0.0268452 0.00324985 -0.0365955 
v -0.0268716 0.00316761 -0.0366518 
v -0.0254749 0.00424635 -0.0336765 
v -0.0268377 0.00326899 -0.0365796 
v -0.0215082 -0.00375 -0.0252264 
v -0.0254309 0.00425 -0.0335828 
v -0.02693 0.00279417 -0.0367762 
v -0.0269309 0.00275 -0.0367782 
v -0.0267735 0.00341759 -0.0364429 
v -0.0268106 0.00333867 -0.0365218 
v -0.00792069 0.00425 0.00371821 
v -0.0269309 -0.01425 -0.0367782 
v -0.00792069 -0.00375 0.00371821 
vn -0.905222 -1.10858e-16 0.424939 
vn -0.905222 -1.10858e-16 0.424939 
vn -0.905222 -1.10858e-16 0.424939 
vn -0.905222 -1.10858e-16 0.424939 
vn -0.905222 -1.10858e-16 0.424939 
vn -0.905222 -1.10858e-16 0.424939 
vn -0.905222 -1.10858e-16 0.424939 
vn -0.905222 -1.10858e-16 0.424939 
vn -0.905222 -1.10858e-16 0.424939 
vn -0.905222 -1.10858e-16 0.424939 
vn -0.905222 -1.10858e-16 0.424939 
vn -0.905222 -1.10858e-16 0.424939 
vn -0.905222 -1.10858e-16 0.424939 
vn -0.905222 -1.10858e-16 0.424939 
vn -0.905222 -1.10858e-16 0.424939 
vn -0.905222 -1.10858e-16 0.424939 
vn -0.905222 -1.10858e-16 0.424939 
vn -0.905222 -1.10858e-16 0.424939 
vn -0.905222 -1.10858e-16 0.424939 
vn -0.905222 -1.10858e-16 0.424939 
vn -0.905222 -1.10858e-16 0.424939 
vn -0.905222 -1.10858e-16 0.424939 
vn -0.905222 -1.10858e-16 0.424939 
vn -0.905222 -1.10858e-16 0.424939 
vn -0.905222 -1.10858e-16 0.424939 
vn -0.905222 -1.10858e-16 0.424939 
vn -0.905222 -1.10858e-16 0.424939 
vn -0.905222 -1.10858e-16 0.424939 
vn -0.905222 -1.10858e-16 0.424939 
vn -0.905222 -1.10858e-16 0.424939 
vn -0.905222 -1.10858e-16 0.424939 
vn -0.905222 -1.10858e-16 0.424939 
vn -0.905222 -1.10858e-16 0.424939 
vn -0.905222 -1.10858e-16 0.424939 
vn -0.905222 -1.10858e-16 0.424939 
vn -0.905222 -1.10858e-16 0.424939 
vn -0.905222 -1.10858e-16 0.424939 
vn -0.905222 -1.10858e-16 0.424939 
f 819//819 820//820 821//821 
f 819//819 822//822 820//820 
f 819//819 823//823 824//824 
f 819//819 825//825 826//826 
f 824//824 822//822 819//819 
f 819//819 827//827 828//828 
f 819//819 829//829 825//825 
f 819//819 830//830 831//831 
f 819//819 832//832 833//833 
f 828//828 823//823 819//819 
f 831//831 829//829 819//819 
f 819//819 834//834 835//835 
f 833//833 836//836 819//819 
f 819//819 837//837 838//838 
f 826//826 827//827 819//819 
f 819//819 839//839 834//834 
f 819//819 840//840 841//841 
f 819//819 842//842 832//832 
f 819//819 843//843 837//837 
f 819//819 844//844 845//845 
f 835//835 830//830 819//819 
f 819//819 846//846 840//840 
f 838//838 842//842 819//819 
f 819//819 847//847 844//844 
f 841//841 839//839 819//819 
f 819//819 848//848 849//849 
f 819//819 850//850 851//851 
f 845//845 843//843 819//819 
f 819//819 852//852 853//853 
f 849//849 846//846 819//819 
f 836//836 850//850 819//819 
f 821//821 852//852 819//819 
f 854//854 849//849 848//848 
f 853//853 847//847 819//819 
f 851//851 855//855 819//819 
f 848//848 856//856 854//854 
v -0.0269309 0.00275 -0.0367782 
v -0.0269309 0.00275 -0.0533154 
v -0.0269309 -0.01425 -0.0533154 
v -0.0269309 -0.01425 -0.0367782 
vn -1 -1.22465e-16 -2.07793e-16 
vn -1 -1.22465e-16 -2.07793e-16 
vn -1 -1.22465e-16 -2.07793e-16 
vn -1 -1.22465e-16 -2.07793e-16 
f 857//857 858//858 859//859 
f 859//859 860//860 857//857 
v -0.0269287 0.00279409 -0.0533146 
v -0.0269309 0.00275 -0.0533154 
v -0.0269309 0.00275 -0.0367782 
v -0.0269148 0.00295522 -0.05331 
v -0.0269253 0.00287989 -0.0367662 
v -0.0269178 0.00294792 -0.0367502 
v -0.02693 0.00279417 -0.0367762 
v -0.0269296 0.00281271 -0.0367754 
v -0.0269232 0.0029 -0.0533128 
v -0.0269271 0.00282346 -0.0533141 
v -0.0268836 0.00311387 -0.0532996 
v -0.0269068 0.00301781 -0.0367268 
v -0.0268917 0.00309066 -0.0366947 
v -0.0269166 0.00295549 -0.0367477 
v -0.0268837 0.00311347 -0.0532997 
v -0.0269015 0.00304292 -0.0533056 
v -0.0269127 0.00296955 -0.0533093 
v -0.0268358 0.00326829 -0.0532837 
v -0.0268716 0.00316761 -0.0366518 
v -0.0268452 0.00324985 -0.0365955 
v -0.0268855 0.00311436 -0.0366815 
v -0.026841 0.00325397 -0.0532854 
v -0.0268654 0.00318604 -0.0532936 
v -0.0268377 0.00326899 -0.0365796 
v -0.0267848 0.00338985 -0.0532667 
v -0.0268146 0.00332732 -0.0532766 
v -0.026772 0.00341682 -0.0532624 
v -0.0268106 0.00333867 -0.0365218 
v -0.0266927 0.00355775 -0.053236 
v -0.0267652 0.00343535 -0.0364251 
v -0.0267054 0.003541 -0.0362978 
v -0.0267735 0.00341759 -0.0364429 
v -0.0267157 0.0035198 -0.0532437 
v -0.0267493 0.00346449 -0.0532548 
v -0.0266936 0.00355824 -0.0362725 
v -0.0266342 0.00364229 -0.0532165 
v -0.0266702 0.00359487 -0.0532285 
v -0.0265986 0.00368927 -0.0532046 
v -0.0266262 0.00365624 -0.0361291 
v -0.0265984 0.00368906 -0.0360698 
v -0.0265411 0.00375601 -0.0531854 
v -0.0265897 0.00370098 -0.0532016 
v -0.0265791 0.00371485 -0.0531981 
v -0.0264911 0.00381006 -0.0531688 
v -0.0264911 0.00381003 -0.0531688 
v -0.0265209 0.00378046 -0.0359048 
v -0.0263698 0.0039169 -0.0531284 
v -0.0263793 0.00390996 -0.0531315 
v -0.0264901 0.00380914 -0.0358392 
v -0.0263812 0.00391058 -0.0356072 
v -0.0264364 0.00385895 -0.0531506 
v -0.026238 0.00401038 -0.0530844 
v -0.0262533 0.00400151 -0.0530895 
v -0.0263705 0.00391806 -0.0355844 
v -0.026238 0.00401096 -0.0353021 
v -0.0262628 0.00399466 -0.0530927 
v -0.0260973 0.00408974 -0.0530375 
v -0.026114 0.00408227 -0.0530431 
v -0.0261978 0.00403915 -0.0352164 
v -0.0261999 0.00403251 -0.0530717 
v -0.0259492 0.00415418 -0.0529881 
v -0.0259636 0.00414949 -0.052993 
v -0.0260963 0.00408814 -0.0350003 
v -0.0259634 0.00415231 -0.0347171 
v -0.0260703 0.00410183 -0.0530285 
v -0.025795 0.00420286 -0.0529367 
v -0.0258054 0.00420071 -0.0529402 
v -0.0259497 0.00415601 -0.034688 
v -0.0257936 0.00419827 -0.0343554 
v -0.0258648 0.00418147 -0.05296 
v -0.0259348 0.00415883 -0.0529834 
v -0.0256506 0.00423264 -0.0528886 
v -0.0257226 0.00421778 -0.0529126 
v -0.0257946 0.00420294 -0.0529366 
v -0.0256363 0.00423479 -0.0528839 
v -0.0256432 0.00423416 -0.0528862 
v -0.0256784 0.00422944 -0.03411 
v -0.0254751 0.00424921 -0.0528301 
v -0.0254812 0.00424911 -0.0528322 
v -0.0256361 0.00423295 -0.03402 
v -0.0254749 0.00424635 -0.0336765 
v -0.0255044 0.00424697 -0.0528399 
v -0.0255776 0.00424021 -0.0528643 
v -0.0254309 0.00425 -0.0528154 
v -0.0254309 0.00425 -0.0335828 
vn -0.999567 0.0294246 0 
vn -1 -1.22465e-16 -2.07793e-16 
vn -1 -1.22465e-16 -2.07793e-16 
vn -0.990572 0.136993 0 
vn -0.996244 0.0865938 -1.4456e-16 
vn -0.991257 0.131945 -1.4456e-16 
vn -0.999566 0.0294497 -1.4456e-16 
vn -0.999126 0.0418035 -1.4456e-16 
vn -0.994987 0.100008 0 
vn -0.998797 0.0490355 0 
vn -0.970034 0.242967 0 
vn -0.983932 0.178541 -1.4456e-16 
vn -0.97387 0.227108 -1.4456e-16 
vn -0.99057 0.13701 -1.4456e-16 
vn -0.970101 0.242701 0 
vn -0.980735 0.195341 0 
vn -0.9892 0.146571 0 
vn -0.938192 0.346115 0 
vn -0.960464 0.278404 -1.4456e-16 
vn -0.942844 0.333234 -2.89121e-16 
vn -0.970032 0.242977 -1.4456e-16 
vn -0.941661 0.336563 0 
vn -0.956775 0.290829 0 
vn -0.938193 0.346112 -2.89121e-16 
vn -0.904119 0.427282 0 
vn -0.92289 0.385064 0 
vn -0.895416 0.445231 0 
vn -0.919775 0.392447 -2.89121e-16 
vn -0.842206 0.539156 0 
vn -0.88952 0.456897 -2.89121e-16 
vn -0.849659 0.527332 -2.89121e-16 
vn -0.895417 0.445228 -2.89121e-16 
vn -0.857809 0.513968 0 
vn -0.879186 0.476478 0 
vn -0.842225 0.539126 -2.89121e-16 
vn -0.803244 0.59565 0 
vn -0.826251 0.563303 0 
vn -0.779188 0.62679 0 
vn -0.796863 0.60416 -2.89121e-16 
vn -0.779216 0.626756 -2.89121e-16 
vn -0.741011 0.671492 0 
vn -0.773008 0.634396 0 
vn -0.765595 0.643323 0 
vn -0.707146 0.707068 0 
vn -0.707164 0.707049 0 
vn -0.726682 0.686974 -2.89121e-16 
vn -0.626875 0.779119 0 
vn -0.632988 0.774161 0 
vn -0.707134 0.70708 -2.89121e-16 
vn -0.633529 0.773719 0 
vn -0.671706 0.740818 0 
vn -0.539282 0.842125 0 
vn -0.549183 0.835702 0 
vn -0.626797 0.779182 0 
vn -0.539088 0.84225 0 
vn -0.555671 0.831402 0 
vn -0.445374 0.895345 0 
vn -0.456273 0.88984 0 
vn -0.511248 0.859433 0 
vn -0.514229 0.857653 0 
vn -0.346244 0.938144 0 
vn -0.35576 0.934577 0 
vn -0.44525 0.895406 0 
vn -0.354988 0.934871 0 
vn -0.427563 0.903985 0 
vn -0.243062 0.970011 0 
vn -0.249948 0.968259 0 
vn -0.346171 0.938171 0 
vn -0.242917 0.970047 0 
vn -0.290103 0.956995 0 
vn -0.336775 0.941585 0 
vn -0.146584 0.989198 0 
vn -0.194929 0.980817 0 
vn -0.242801 0.970076 0 
vn -0.137048 0.990564 0 
vn -0.14162 0.989921 0 
vn -0.164986 0.986296 0 
vn -0.0294493 0.999566 0 
vn -0.0335345 0.999438 0 
vn -0.137089 0.990559 0 
vn -0.0293702 0.999569 0 
vn -0.0490174 0.998798 0 
vn -0.0979606 0.99519 0 
vn -1.9763e-15 1 0 
vn -1.9763e-15 1 0 
f 861//861 862//862 863//863 
f 864//864 865//865 866//866 
f 867//867 868//868 864//864 
f 864//864 869//869 867//867 
f 869//869 870//870 867//867 
f 870//870 861//861 867//867 
f 868//868 865//865 864//864 
f 871//871 872//872 873//873 
f 874//874 875//875 876//876 
f 871//871 875//875 874//874 
f 874//874 872//872 871//871 
f 876//876 877//877 874//874 
f 877//877 864//864 874//874 
f 878//878 879//879 880//880 
f 881//881 882//882 883//883 
f 878//878 882//882 881//881 
f 881//881 879//879 878//878 
f 883//883 871//871 881//881 
f 884//884 885//885 886//886 
f 887//887 885//885 884//884 
f 884//884 888//888 887//887 
f 886//886 878//878 884//884 
f 889//889 890//890 891//891 
f 892//892 893//893 894//894 
f 889//889 893//893 892//892 
f 892//892 890//890 889//889 
f 894//894 887//887 892//892 
f 895//895 896//896 897//897 
f 898//898 896//896 895//895 
f 895//895 899//899 898//898 
f 897//897 889//889 895//895 
f 900//900 901//901 902//902 
f 901//901 903//903 902//902 
f 904//904 905//905 900//900 
f 900//900 906//906 904//904 
f 905//905 901//901 900//900 
f 902//902 898//898 900//900 
f 907//907 908//908 909//909 
f 909//909 910//910 907//907 
f 908//908 911//911 909//909 
f 911//911 904//904 909//909 
f 912//912 913//913 914//914 
f 914//914 915//915 912//912 
f 913//913 916//916 914//914 
f 917//917 918//918 915//915 
f 915//915 919//919 917//917 
f 918//918 920//920 915//915 
f 920//920 912//912 915//915 
f 921//921 922//922 923//923 
f 923//923 924//924 921//921 
f 922//922 925//925 923//923 
f 925//925 917//917 923//923 
f 926//926 927//927 928//928 
f 928//928 929//929 926//926 
f 927//927 930//930 928//928 
f 930//930 931//931 928//928 
f 929//929 932//932 933//933 
f 933//933 934//934 929//929 
f 935//935 936//936 929//929 
f 929//929 937//937 935//935 
f 936//936 932//932 929//929 
f 934//934 926//926 929//929 
f 938//938 939//939 940//940 
f 940//940 941//941 938//938 
f 939//939 942//942 940//940 
f 942//942 943//943 940//940 
f 944//944 938//938 941//941 
f 941//941 945//945 944//944 
f 943//943 935//935 940//940 
f 937//937 940//940 935//935 
f 931//931 921//921 928//928 
f 924//924 928//928 921//921 
f 919//919 923//923 917//917 
f 916//916 907//907 914//914 
f 910//910 914//914 907//907 
f 906//906 909//909 904//904 
f 899//899 900//900 898//898 
f 891//891 895//895 889//889 
f 888//888 892//892 887//887 
f 880//880 884//884 878//878 
f 873//873 881//881 871//871 
f 866//866 874//874 864//864 
f 863//863 867//867 861//861 
v -0.0259604 -0.01425 -0.054315 
v -0.0260287 0.00275 -0.0543092 
v -0.0259799 0.00275 -0.0543133 
v -0.0260679 -0.01425 -0.054306 
v -0.0260679 0.00275 -0.054306 
v -0.0261737 0.00275 -0.0542855 
v -0.0261256 0.00275 -0.0542948 
v -0.0261739 -0.01425 -0.0542854 
v -0.0261739 0.00275 -0.0542854 
v -0.026277 -0.01425 -0.0542536 
v -0.026277 0.00275 -0.0542536 
v -0.0262675 0.00275 -0.0542565 
v -0.0263761 -0.01425 -0.0542108 
v -0.0263761 0.00275 -0.0542108 
v -0.0263581 0.00275 -0.0542186 
v -0.0264701 -0.01425 -0.0541576 
v -0.0264701 0.00275 -0.0541576 
v -0.0264446 0.00275 -0.054172 
v -0.0265577 -0.01425 -0.0540946 
v -0.0265577 0.00275 -0.0540946 
v -0.026526 0.00275 -0.0541173 
v -0.026638 -0.01425 -0.0540225 
v -0.026638 0.00275 -0.0540225 
v -0.0266016 0.00275 -0.0540551 
v -0.0267034 0.00275 -0.0539496 
v -0.0266708 0.00275 -0.053986 
v -0.0267101 -0.01425 -0.0539422 
v -0.0267101 0.00275 -0.0539422 
v -0.0267731 -0.01425 -0.0538545 
v -0.0267731 0.00275 -0.0538545 
v -0.0267614 0.00275 -0.0538708 
v -0.0268263 -0.01425 -0.0537606 
v -0.0268263 0.00275 -0.0537606 
v -0.0268115 0.00275 -0.0537867 
v -0.0268691 -0.01425 -0.0536615 
v -0.0268691 0.00275 -0.0536615 
v -0.0268533 0.00275 -0.053698 
v -0.0269009 0.00275 -0.0535586 
v -0.0268864 0.00275 -0.0536056 
v -0.0269009 -0.01425 -0.0535584 
v -0.0269009 0.00275 -0.0535584 
v -0.0269215 -0.01425 -0.0534524 
v -0.0269215 0.00275 -0.0534524 
v -0.0269196 0.00275 -0.0534621 
v -0.0269305 -0.01425 -0.0533448 
v -0.0269305 0.00275 -0.0533448 
v -0.0269288 0.00275 -0.0533644 
v -0.0269309 -0.01425 -0.0533154 
v -0.0269309 0.00275 -0.0533154 
v -0.0259604 0.00275 -0.054315 
v -0.025931 0.00275 -0.0543154 
v -0.0259309 -0.01425 -0.0543154 
vn -0.0294482 -3.60636e-18 -0.999566 
vn -0.0979613 0 -0.99519 
vn -0.0490173 0 -0.998798 
vn -0.137012 -1.67792e-17 -0.990569 
vn -0.137012 -1.67792e-17 -0.990569 
vn -0.242763 0 -0.970086 
vn -0.194943 0 -0.980815 
vn -0.24298 -2.97565e-17 -0.970031 
vn -0.24298 -2.97565e-17 -0.970031 
vn -0.346117 -4.23871e-17 -0.938191 
vn -0.346117 -4.23871e-17 -0.938191 
vn -0.336757 0 -0.941592 
vn -0.445221 -5.45239e-17 -0.895421 
vn -0.445221 -5.45239e-17 -0.895421 
vn -0.427582 0 -0.903977 
vn -0.539138 -6.60254e-17 -0.842217 
vn -0.539138 -6.60254e-17 -0.842217 
vn -0.514278 0 -0.857623 
vn -0.626774 -7.67577e-17 -0.779201 
vn -0.626774 -7.67577e-17 -0.779201 
vn -0.595928 0 -0.803038 
vn -0.707107 -8.65956e-17 -0.707107 
vn -0.707107 -8.65956e-17 -0.707107 
vn -0.671706 0 -0.740818 
vn -0.772894 0 -0.634535 
vn -0.740913 0 -0.671601 
vn -0.779201 -9.54246e-17 -0.626774 
vn -0.779201 -9.54246e-17 -0.626774 
vn -0.842217 -1.03142e-16 -0.539138 
vn -0.842217 -1.03142e-16 -0.539138 
vn -0.831228 0 -0.555932 
vn -0.895421 -1.09657e-16 -0.445221 
vn -0.895421 -1.09657e-16 -0.445221 
vn -0.881661 0 -0.471884 
vn -0.938191 -1.14895e-16 -0.346117 
vn -0.938191 -1.14895e-16 -0.346117 
vn -0.923686 0 -0.38315 
vn -0.969964 0 -0.243247 
vn -0.95684 0 -0.290616 
vn -0.970031 -1.18795e-16 -0.24298 
vn -0.970031 -1.18795e-16 -0.24298 
vn -0.990569 -1.2131e-16 -0.137012 
vn -0.990569 -1.2131e-16 -0.137012 
vn -0.989165 0 -0.146806 
vn -0.999566 -1.22412e-16 -0.0294482 
vn -0.999566 -1.22412e-16 -0.0294482 
vn -0.998796 0 -0.0490466 
vn -1 0 0 
vn -1 0 -1.53974e-11 
vn -0.0294482 0 -0.999566 
vn -4.32112e-05 0 -1 
vn -7.88825e-09 0 -1 
f 946//946 947//947 948//948 
f 949//949 950//950 947//947 
f 947//947 946//946 949//949 
f 949//949 951//951 952//952 
f 953//953 954//954 951//951 
f 951//951 949//949 953//953 
f 955//955 956//956 957//957 
f 957//957 953//953 955//955 
f 958//958 959//959 960//960 
f 960//960 955//955 958//958 
f 961//961 962//962 963//963 
f 963//963 958//958 961//961 
f 964//964 965//965 966//966 
f 966//966 961//961 964//964 
f 967//967 968//968 969//969 
f 969//969 964//964 967//967 
f 967//967 970//970 971//971 
f 972//972 973//973 970//970 
f 970//970 967//967 972//972 
f 974//974 975//975 976//976 
f 976//976 972//972 974//974 
f 977//977 978//978 979//979 
f 979//979 974//974 977//977 
f 980//980 981//981 982//982 
f 982//982 977//977 980//980 
f 980//980 983//983 984//984 
f 985//985 986//986 983//983 
f 983//983 980//980 985//985 
f 987//987 988//988 989//989 
f 989//989 985//985 987//987 
f 990//990 991//991 992//992 
f 992//992 987//987 990//990 
f 990//990 993//993 994//994 
f 946//946 995//995 996//996 
f 996//996 997//997 946//946 
f 994//994 991//991 990//990 
f 992//992 988//988 987//987 
f 989//989 986//986 985//985 
f 984//984 981//981 980//980 
f 982//982 978//978 977//977 
f 979//979 975//975 974//974 
f 976//976 973//973 972//972 
f 971//971 968//968 967//967 
f 969//969 965//965 964//964 
f 966//966 962//962 961//961 
f 963//963 959//959 958//958 
f 960//960 956//956 955//955 
f 957//957 954//954 953//953 
f 952//952 950//950 949//949 
f 948//948 995//995 946//946 
v -0.0269009 -0.01425 -0.0535584 
v -0.0265577 -0.01425 -0.0540946 
v -0.0264701 -0.01425 -0.0541576 
v -0.0267731 -0.01425 -0.0538545 
v -0.0267101 -0.01425 -0.0539422 
v -0.0268691 -0.01425 -0.0536615 
v -0.0268263 -0.01425 -0.0537606 
v -0.026638 -0.01425 -0.0540225 
v -0.0189491 -0.01425 -0.0304159 
v -0.0195628 -0.01425 -0.0236018 
v -0.0198737 -0.01425 -0.0237028 
v -0.0269305 -0.01425 -0.0533448 
v -0.0263761 -0.01425 -0.0542108 
v -0.026277 -0.01425 -0.0542536 
v -0.0269215 -0.01425 -0.0534524 
v -0.0209546 -0.01425 -0.0244215 
v -0.0211681 -0.01425 -0.0246691 
v -0.0204535 -0.01425 -0.024003 
v -0.0207155 -0.01425 -0.0241986 
v -0.0192427 -0.01425 -0.0235352 
v -0.0261739 -0.01425 -0.0542854 
v -0.0201718 -0.01425 -0.0238371 
v -0.0170676 -0.01425 -0.0240467 
v -0.017345 -0.01425 -0.0238736 
v -0.0185904 -0.01425 -0.023508 
v -0.0189173 -0.01425 -0.0235038 
v -0.0179477 -0.01425 -0.0236226 
v -0.0182659 -0.01425 -0.0235478 
v -0.0176395 -0.01425 -0.0237317 
v -0.0260679 -0.01425 -0.054306 
v -0.0215082 -0.01425 -0.0252264 
v -0.0269309 -0.01425 -0.0367782 
v -0.0207915 -0.01425 -0.0335986 
v -0.0259604 -0.01425 -0.054315 
v -0.0211227 -0.01425 -0.0342559 
v -0.0219323 -0.01425 -0.0363381 
v -0.0216674 -0.01425 -0.0356569 
v -0.0259309 -0.01425 -0.0543154 
v -0.0269309 -0.01425 -0.0533154 
v -0.0213533 -0.01425 -0.0249385 
v -0.0225419 -0.01425 -0.0385003 
v -0.0223416 -0.01425 -0.0377898 
v -0.0231309 -0.01425 -0.0543154 
v -0.0231309 -0.01425 -0.04364 
v -0.0153309 -0.01425 -0.0252671 
v -0.0201272 -0.01425 -0.0322803 
v -0.0197196 -0.01425 -0.0316352 
v -0.0229402 -0.01425 -0.0407128 
v -0.0228079 -0.01425 -0.0399775 
v -0.0231201 -0.01425 -0.0429445 
v -0.0230601 -0.01425 -0.0422001 
vn 1.22465e-16 -1 0 
vn 1.22465e-16 -1 0 
vn 1.22465e-16 -1 0 
vn 1.22465e-16 -1 0 
vn 1.22465e-16 -1 0 
vn 1.22465e-16 -1 0 
vn 1.22465e-16 -1 0 
vn 1.22465e-16 -1 0 
vn 1.22465e-16 -1 0 
vn 1.22465e-16 -1 0 
vn 1.22465e-16 -1 0 
vn 1.22465e-16 -1 0 
vn 1.22465e-16 -1 0 
vn 1.22465e-16 -1 0 
vn 1.22465e-16 -1 0 
vn 1.22465e-16 -1 0 
vn 1.22465e-16 -1 0 
vn 1.22465e-16 -1 0 
vn 1.22465e-16 -1 0 
vn 1.22465e-16 -1 0 
vn 1.22465e-16 -1 0 
vn 1.22465e-16 -1 0 
vn 1.22465e-16 -1 0 
vn 1.22465e-16 -1 0 
vn 1.22465e-16 -1 0 
vn 1.22465e-16 -1 0 
vn 1.22465e-16 -1 0 
vn 1.22465e-16 -1 0 
vn 1.22465e-16 -1 0 
vn 1.22465e-16 -1 0 
vn 1.22465e-16 -1 0 
vn 1.22465e-16 -1 0 
vn 1.22465e-16 -1 0 
vn 1.22465e-16 -1 0 
vn 1.22465e-16 -1 0 
vn 1.22465e-16 -1 0 
vn 1.22465e-16 -1 0 
vn 1.22465e-16 -1 0 
vn 1.22465e-16 -1 0 
vn 1.22465e-16 -1 0 
vn 1.22465e-16 -1 0 
vn 1.22465e-16 -1 0 
vn 1.22465e-16 -1 0 
vn 1.22465e-16 -1 0 
vn 1.22465e-16 -1 0 
vn 1.22465e-16 -1 0 
vn 1.22465e-16 -1 0 
vn 1.22465e-16 -1 0 
vn 1.22465e-16 -1 0 
vn 1.22465e-16 -1 0 
vn 1.22465e-16 -1 0 
f 998//998 999//999 1000//1000 
f 998//998 1001//1001 1002//1002 
f 998//998 1003//1003 1004//1004 
f 998//998 1005//1005 999//999 
f 1004//1004 1001//1001 998//998 
f 1006//1006 1007//1007 1008//1008 
f 1009//1009 1010//1010 1011//1011 
f 1002//1002 1005//1005 998//998 
f 1010//1010 1009//1009 1012//1012 
f 1006//1006 1013//1013 1014//1014 
f 1006//1006 1015//1015 1016//1016 
f 1006//1006 1017//1017 1007//1007 
f 1011//1011 1018//1018 1009//1009 
f 1012//1012 998//998 1010//1010 
f 1016//1016 1013//1013 1006//1006 
f 1008//1008 1019//1019 1006//1006 
f 1006//1006 1020//1020 1021//1021 
f 1000//1000 1010//1010 998//998 
f 1019//1019 1015//1015 1006//1006 
f 1006//1006 1022//1022 1023//1023 
f 1006//1006 1024//1024 1025//1025 
f 1021//1021 1026//1026 1006//1006 
f 1018//1018 1027//1027 1009//1009 
f 1023//1023 1017//1017 1006//1006 
f 1026//1026 1024//1024 1006//1006 
f 1028//1028 1029//1029 1030//1030 
f 1027//1027 1031//1031 1009//1009 
f 1025//1025 1022//1022 1006//1006 
f 1029//1029 1032//1032 1030//1030 
f 1029//1029 1033//1033 1034//1034 
f 1035//1035 1036//1036 1009//1009 
f 1014//1014 1037//1037 1006//1006 
f 1034//1034 1032//1032 1029//1029 
f 1029//1029 1038//1038 1039//1039 
f 1031//1031 1035//1035 1009//1009 
f 1036//1036 1040//1040 1041//1041 
f 1006//1006 1042//1042 1020//1020 
f 1028//1028 1043//1043 1044//1044 
f 1039//1039 1033//1033 1029//1029 
f 1029//1029 1045//1045 1046//1046 
f 1041//1041 1029//1029 1036//1036 
f 1044//1044 1006//1006 1028//1028 
f 1046//1046 1038//1038 1029//1029 
f 1029//1029 1047//1047 1048//1048 
f 1035//1035 1040//1040 1036//1036 
f 1030//1030 1043//1043 1028//1028 
f 1041//1041 1047//1047 1029//1029 
f 1048//1048 1045//1045 1029//1029 
f 1037//1037 1028//1028 1006//1006 
v -0.0182155 -0.00844363 -0.0348468 
v -0.0181124 -0.00625 -0.0348968 
v -0.0172085 -0.00625 -0.0332414 
v -0.0172761 -0.00844363 -0.0331263 
v -0.0189843 -0.00844363 -0.03665 
v -0.0188769 -0.00625 -0.0366898 
v -0.0181272 -0.00625 -0.0349316 
v -0.0195755 -0.00844363 -0.0385191 
v -0.0194609 -0.00625 -0.0385364 
v -0.0188806 -0.00625 -0.0367016 
v -0.0194647 -0.00625 -0.0385483 
v -0.0199834 -0.00844363 -0.0404364 
v -0.0198624 -0.00625 -0.0404178 
v -0.0198703 -0.00625 -0.0404548 
v -0.0202043 -0.00844363 -0.0423842 
v -0.0200828 -0.00625 -0.0423289 
v -0.0200899 -0.00625 -0.0423916 
v -0.0174846 -0.0100459 -0.032999 
v -0.0184353 -0.0100459 -0.0347403 
v -0.0192134 -0.0100459 -0.0365652 
v -0.0198117 -0.0100459 -0.0384568 
v -0.0202245 -0.0100459 -0.0403972 
v -0.0177547 -0.0113032 -0.0328342 
v -0.01872 -0.0113032 -0.0346023 
v -0.0195101 -0.0113032 -0.0364553 
v -0.0201176 -0.0113032 -0.038376 
v -0.020448 -0.0100459 -0.0423685 
v -0.0205368 -0.0113032 -0.0403464 
v -0.018026 -0.0121981 -0.0326686 
v -0.0190061 -0.0121981 -0.0344637 
v -0.0198082 -0.0121981 -0.036345 
v -0.020425 -0.0121981 -0.038295 
v -0.0207638 -0.0113032 -0.0423481 
v -0.0208506 -0.0121981 -0.0402954 
v -0.0182557 -0.0127743 -0.0325283 
v -0.0192483 -0.0127743 -0.0343462 
v -0.0200606 -0.0127743 -0.0362515 
v -0.0206852 -0.0127743 -0.0382263 
v -0.021081 -0.0121981 -0.0423276 
v -0.0211162 -0.0127743 -0.0402522 
v -0.0184682 -0.0131964 -0.0323986 
v -0.0194723 -0.0131964 -0.0342377 
v -0.0202941 -0.0131964 -0.0361651 
v -0.0209259 -0.0131964 -0.0381628 
v -0.0213496 -0.0127743 -0.0423102 
v -0.0213619 -0.0131964 -0.0402122 
v -0.0186591 -0.0135037 -0.0322821 
v -0.0196735 -0.0135037 -0.0341401 
v -0.0205038 -0.0135037 -0.0360874 
v -0.0211421 -0.0135037 -0.0381058 
v -0.021598 -0.0131964 -0.0422942 
v -0.0215826 -0.0135037 -0.0401763 
v -0.0188245 -0.0137226 -0.0321812 
v -0.0198479 -0.0137226 -0.0340556 
v -0.0206855 -0.0137226 -0.0360201 
v -0.0213295 -0.0137226 -0.0380563 
v -0.0218212 -0.0135037 -0.0422798 
v -0.0217739 -0.0137226 -0.0401452 
v -0.0189726 -0.0138844 -0.0320907 
v -0.020004 -0.0138844 -0.0339799 
v -0.0208482 -0.0138844 -0.0359599 
v -0.0214973 -0.0138844 -0.0380121 
v -0.0220146 -0.0137226 -0.0422673 
v -0.0219452 -0.0138844 -0.0401174 
v -0.0191028 -0.0140013 -0.0320113 
v -0.0201413 -0.0140013 -0.0339134 
v -0.0209913 -0.0140013 -0.0359069 
v -0.0216448 -0.0140013 -0.0379732 
v -0.0221877 -0.0138844 -0.0422561 
v -0.0220957 -0.0140013 -0.0400929 
v -0.0192183 -0.0140854 -0.0319408 
v -0.020263 -0.0140854 -0.0338544 
v -0.0211181 -0.0140854 -0.0358599 
v -0.0217756 -0.0140854 -0.0379387 
v -0.0223399 -0.0140013 -0.0422462 
v -0.0222293 -0.0140854 -0.0400712 
v -0.0193252 -0.0141473 -0.0318755 
v -0.0203757 -0.0141473 -0.0337998 
v -0.0212356 -0.0141473 -0.0358164 
v -0.0218967 -0.0141473 -0.0379067 
v -0.0224749 -0.0140854 -0.0422375 
v -0.0223529 -0.0141473 -0.0400511 
v -0.0194375 -0.0141961 -0.031807 
v -0.0204942 -0.0141961 -0.0337424 
v -0.021359 -0.0141961 -0.0357707 
v -0.022024 -0.0141961 -0.0378732 
v -0.0225999 -0.0141473 -0.0422294 
v -0.0224828 -0.0141961 -0.0400299 
v -0.0195442 -0.0142278 -0.0317418 
v -0.0206067 -0.0142278 -0.0336878 
v -0.0214763 -0.0142278 -0.0357273 
v -0.0221449 -0.0142278 -0.0378413 
v -0.0227313 -0.0141961 -0.042221 
v -0.0226062 -0.0142278 -0.0400099 
v -0.0196474 -0.0142452 -0.0316789 
v -0.0207154 -0.0142452 -0.0336351 
v -0.0215896 -0.0142452 -0.0356854 
v -0.0222617 -0.0142452 -0.0378104 
v -0.022856 -0.0142278 -0.0422129 
v -0.0227255 -0.0142452 -0.0399905 
v -0.0229766 -0.0142452 -0.0422051 
v -0.0230163 -0.0142444 -0.04364 
v -0.0229179 -0.0142294 -0.0436401 
v -0.0230246 -0.0142448 -0.04364 
v -0.0228937 -0.0142258 -0.0436401 
v -0.0227934 -0.0141996 -0.0436401 
v -0.0227717 -0.0141939 -0.0436401 
v -0.0226627 -0.0141532 -0.0436402 
v -0.0227788 -0.0141958 -0.0436401 
v -0.0226481 -0.0141477 -0.0436402 
v -0.0225384 -0.0140935 -0.0436403 
v -0.0225208 -0.0140849 -0.0436403 
v -0.0224048 -0.0140127 -0.0436403 
v -0.0225219 -0.0140854 -0.0436403 
v -0.0223875 -0.0140019 -0.0436404 
v -0.0222546 -0.0139008 -0.0436404 
v -0.0222431 -0.013892 -0.0436404 
v -0.0222344 -0.013884 -0.0436405 
v -0.0220839 -0.0137459 -0.0436406 
v -0.0218988 -0.0135427 -0.0436407 
v -0.0218703 -0.0135051 -0.0436407 
v -0.022081 -0.0137433 -0.0436406 
v -0.0216942 -0.0132721 -0.0436408 
v -0.0216482 -0.0131983 -0.0436408 
v -0.0218683 -0.0135025 -0.0436407 
v -0.021467 -0.0129074 -0.043641 
v -0.0214013 -0.0127771 -0.043641 
v -0.0216459 -0.0131946 -0.0436408 
v -0.0212198 -0.0124175 -0.0436411 
v -0.0211362 -0.0122021 -0.0436411 
v -0.0213987 -0.012772 -0.043641 
v -0.0209002 -0.0115942 -0.0436412 
v -0.0208225 -0.0113133 -0.0436412 
v -0.0211334 -0.0121949 -0.0436411 
v -0.0205564 -0.0103518 -0.0436413 
v -0.0205048 -0.0100623 -0.0436412 
v -0.0208188 -0.0113 -0.0436412 
v -0.0203089 -0.00896332 -0.0436411 
v -0.0202684 -0.00846601 -0.0436409 
v -0.0205015 -0.010044 -0.0436412 
v -0.0202664 -0.00844201 -0.0436409 
v -0.0201426 -0.00692004 -0.0436403 
v -0.0171783 -0.00625 -0.033186 
v -0.0164945 -0.00625 -0.0321407 
v -0.0165879 -0.00843662 -0.0320751 
v -0.0165917 -0.00846744 -0.0320724 
v -0.0165888 -0.00844358 -0.0320745 
v -0.0167927 -0.0100638 -0.0319312 
v -0.0167856 -0.0100291 -0.0319362 
v -0.017042 -0.0112818 -0.0317561 
v -0.0170514 -0.0113162 -0.0317494 
v -0.0172174 -0.0119185 -0.0316328 
v -0.0170478 -0.011303 -0.031752 
v -0.0173163 -0.0122022 -0.0315633 
v -0.0174544 -0.0125982 -0.0314663 
v -0.0173137 -0.0121948 -0.0315651 
v -0.0175319 -0.0127714 -0.0314118 
v -0.0175342 -0.0127766 -0.0314102 
v -0.0176673 -0.0130736 -0.0313167 
v -0.0177344 -0.0131938 -0.0312696 
v -0.0177365 -0.0131976 -0.0312681 
v -0.0178601 -0.013419 -0.0311813 
v -0.0179165 -0.0135015 -0.0311417 
v -0.0179184 -0.0135043 -0.0311404 
v -0.0180304 -0.013668 -0.0310617 
v -0.0180939 -0.0137442 -0.0310171 
v -0.0180743 -0.0137208 -0.0310308 
v -0.018233 -0.0138997 -0.0309194 
v -0.0181795 -0.013847 -0.0309569 
v -0.0183101 -0.0139757 -0.0308652 
v -0.0183557 -0.0140119 -0.0308332 
v -0.0183405 -0.0139998 -0.0308439 
v -0.0184646 -0.0140933 -0.0307566 
v -0.0184352 -0.014075 -0.0307774 
v -0.0185428 -0.0141418 -0.0307017 
v -0.0185663 -0.0141531 -0.0306852 
v -0.018553 -0.0141467 -0.0306945 
v -0.0186733 -0.0141996 -0.03061 
v -0.0186387 -0.0141875 -0.0306343 
v -0.0187276 -0.0142185 -0.0305718 
v -0.018763 -0.0142264 -0.0305469 
v -0.0187751 -0.0142291 -0.0305384 
v -0.0188241 -0.0142401 -0.030504 
v -0.0188737 -0.0142452 -0.0304691 
v -0.0197196 -0.01425 -0.0316352 
v -0.0188617 -0.0142439 -0.0304775 
v -0.0189127 -0.0142492 -0.0304416 
v -0.0201272 -0.01425 -0.0322803 
v -0.0211227 -0.01425 -0.0342559 
v -0.0207915 -0.01425 -0.0335986 
v -0.0219323 -0.01425 -0.0363381 
v -0.0216674 -0.01425 -0.0356569 
v -0.0225419 -0.01425 -0.0385003 
v -0.0223416 -0.01425 -0.0377898 
v -0.0229402 -0.01425 -0.0407128 
v -0.0228079 -0.01425 -0.0399775 
v -0.0230601 -0.01425 -0.0422001 
v -0.0230384 -0.0142455 -0.04364 
v -0.0231201 -0.01425 -0.0429445 
v -0.0231309 -0.01425 -0.04364 
v -0.0189491 -0.01425 -0.0304159 
v -0.0201309 -0.00625 -0.04364 
vn 0.894822 -0.10547 -0.433784 
vn 0.899841 -5.9988e-06 -0.436218 
vn 0.855142 -5.9988e-06 -0.518393 
vn 0.848757 -0.10547 -0.518157 
vn 0.932526 -0.10547 -0.345358 
vn 0.937756 -5.9988e-06 -0.347295 
vn 0.900656 -5.9988e-06 -0.434533 
vn 0.961515 -0.10547 -0.253705 
vn 0.96675 -5.9988e-06 -0.255723 
vn 0.937968 -5.9988e-06 -0.346722 
vn 0.966907 -5.9988e-06 -0.255128 
vn 0.981518 -0.10547 -0.15968 
vn 0.986721 -5.9988e-06 -0.162427 
vn 0.987023 -5.9988e-06 -0.160576 
vn 0.99235 -0.10547 -0.0641636 
vn 0.997709 -5.9988e-06 -0.0676451 
vn 0.997916 -5.9988e-06 -0.0645238 
vn 0.836326 -0.199699 -0.510567 
vn 0.881716 -0.199699 -0.42743 
vn 0.918867 -0.199699 -0.340299 
vn 0.947431 -0.199699 -0.249988 
vn 0.967142 -0.199699 -0.157341 
vn 0.816364 -0.291833 -0.49838 
vn 0.860671 -0.291833 -0.417227 
vn 0.896935 -0.291833 -0.332176 
vn 0.924818 -0.291833 -0.24402 
vn 0.977816 -0.199699 -0.0632231 
vn 0.944058 -0.291833 -0.153584 
vn 0.788614 -0.382501 -0.481437 
vn 0.831414 -0.382501 -0.403043 
vn 0.866445 -0.382501 -0.320883 
vn 0.89338 -0.382501 -0.235724 
vn 0.954476 -0.291833 -0.0617133 
vn 0.911966 -0.382501 -0.148363 
vn 0.754344 -0.467857 -0.460516 
vn 0.795285 -0.467857 -0.385528 
vn 0.828793 -0.467857 -0.306938 
vn 0.854557 -0.467857 -0.22548 
vn 0.92203 -0.382501 -0.0596146 
vn 0.872336 -0.467857 -0.141915 
vn 0.712551 -0.550496 -0.435001 
vn 0.751223 -0.550496 -0.364168 
vn 0.782875 -0.550496 -0.289932 
vn 0.807212 -0.550496 -0.212987 
vn 0.881963 -0.467857 -0.0570234 
vn 0.824005 -0.550496 -0.134052 
vn 0.664095 -0.628183 -0.405419 
vn 0.700137 -0.628183 -0.339403 
vn 0.729637 -0.628183 -0.270215 
vn 0.752318 -0.628183 -0.198503 
vn 0.833099 -0.550496 -0.0538636 
vn 0.767969 -0.628183 -0.124935 
vn 0.610514 -0.698828 -0.372708 
vn 0.643649 -0.698828 -0.312019 
vn 0.670768 -0.698828 -0.248414 
vn 0.69162 -0.698828 -0.182487 
vn 0.776444 -0.628183 -0.0502002 
vn 0.706008 -0.698828 -0.114855 
vn 0.550183 -0.764516 -0.335877 
vn 0.580043 -0.764516 -0.281185 
vn 0.604483 -0.764516 -0.223865 
vn 0.623274 -0.764516 -0.164453 
vn 0.713799 -0.698828 -0.0461496 
vn 0.636241 -0.764516 -0.103505 
vn 0.484575 -0.823211 -0.295824 
vn 0.510874 -0.823211 -0.247654 
vn 0.532399 -0.823211 -0.197169 
vn 0.548949 -0.823211 -0.144842 
vn 0.643262 -0.764516 -0.0415889 
vn 0.560369 -0.823211 -0.0911616 
vn 0.414087 -0.87443 -0.252792 
vn 0.43656 -0.87443 -0.211629 
vn 0.454954 -0.87443 -0.168488 
vn 0.469097 -0.87443 -0.123773 
vn 0.566553 -0.823211 -0.0366292 
vn 0.478856 -0.87443 -0.0779008 
vn 0.339187 -0.917647 -0.207067 
vn 0.357596 -0.917647 -0.17335 
vn 0.372663 -0.917647 -0.138012 
vn 0.384247 -0.917647 -0.101385 
vn 0.484141 -0.87443 -0.0313009 
vn 0.392241 -0.917647 -0.0638101 
vn 0.252772 -0.955141 -0.154312 
vn 0.26649 -0.955141 -0.129185 
vn 0.277719 -0.955141 -0.10285 
vn 0.286352 -0.955141 -0.0755547 
vn 0.39657 -0.917647 -0.0256391 
vn 0.292309 -0.955141 -0.047553 
vn 0.16511 -0.981111 -0.100796 
vn 0.174071 -0.981111 -0.0843833 
vn 0.181405 -0.981111 -0.0671816 
vn 0.187045 -0.981111 -0.0493521 
vn 0.295535 -0.955141 -0.0191069 
vn 0.190936 -0.981111 -0.0310615 
vn 0.077457 -0.995874 -0.0472859 
vn 0.0816608 -0.995874 -0.0395861 
vn 0.0851015 -0.995874 -0.0315164 
vn 0.0877469 -0.995874 -0.0231522 
vn 0.193043 -0.981111 -0.0124805 
vn 0.0895724 -0.995874 -0.0145716 
vn 0.0905608 -0.995874 -0.00585488 
vn 0.0978949 -0.995197 -0.000223529 
vn 0.181736 -0.983347 -0.000416372 
vn 0.0907497 -0.995874 -0.000207153 
vn 0.201886 -0.979409 -0.000462924 
vn 0.284563 -0.958657 -0.00065472 
vn 0.301797 -0.953372 -0.000694886 
vn 0.386047 -0.922478 -0.000892114 
vn 0.296151 -0.955141 -0.000681723 
vn 0.396671 -0.91796 -0.000917113 
vn 0.474389 -0.880314 -0.00110079 
vn 0.485824 -0.874056 -0.00112798 
vn 0.557707 -0.830037 -0.0012998 
vn 0.48515 -0.87443 -0.00112637 
vn 0.567195 -0.823583 -0.00132267 
vn 0.635295 -0.772268 -0.0014879 
vn 0.640443 -0.768004 -0.00150052 
vn 0.644603 -0.764516 -0.00151071 
vn 0.706716 -0.707495 -0.0016644 
vn 0.768675 -0.639637 -0.0018213 
vn 0.777453 -0.628939 -0.00184383 
vn 0.707725 -0.706486 -0.00166693 
vn 0.823081 -0.56792 -0.00196347 
vn 0.834288 -0.551325 -0.0019933 
vn 0.778063 -0.628183 -0.00184549 
vn 0.870755 -0.491712 -0.00209331 
vn 0.88333 -0.468746 -0.0021285 
vn 0.834836 -0.550496 -0.00199493 
vn 0.911378 -0.411565 -0.00221038 
vn 0.923571 -0.38342 -0.00224723 
vn 0.883802 -0.467857 -0.00213009 
vn 0.948171 -0.317751 -0.00232852 
vn 0.956116 -0.29298 -0.00235651 
vn 0.923953 -0.382501 -0.00224885 
vn 0.975458 -0.220172 -0.0024343 
vn 0.979606 -0.200911 -0.00245282 
vn 0.956466 -0.291833 -0.00235827 
vn 0.991071 -0.133315 -0.00251326 
vn 0.994284 -0.106734 -0.00253522 
vn 0.979854 -0.199699 -0.00245422 
vn 0.994419 -0.10547 -0.0025363 
vn 0.999493 -0.0317386 -0.002592 
vn 0.853518 -5.9988e-06 -0.521064 
vn 0.819618 -5.9988e-06 -0.57291 
vn 0.815069 -0.105108 -0.569749 
vn 0.814929 -0.106708 -0.569652 
vn 0.815038 -0.10547 -0.569727 
vn 0.802883 -0.200895 -0.561267 
vn 0.803268 -0.198595 -0.561535 
vn 0.784346 -0.290025 -0.548349 
vn 0.783611 -0.292964 -0.547837 
vn 0.767642 -0.350257 -0.536699 
vn 0.783895 -0.291833 -0.548035 
vn 0.75692 -0.383408 -0.529217 
vn 0.736442 -0.438761 -0.51492 
vn 0.757228 -0.382501 -0.529432 
vn 0.724308 -0.467857 -0.506446 
vn 0.72392 -0.46875 -0.506175 
vn 0.697918 -0.524172 -0.488011 
vn 0.684167 -0.550496 -0.478403 
vn 0.683706 -0.551347 -0.478082 
vn 0.652671 -0.604751 -0.456395 
vn 0.637631 -0.628183 -0.445883 
vn 0.637096 -0.628991 -0.445509 
vn 0.601181 -0.679589 -0.420406 
vn 0.579054 -0.707616 -0.404939 
vn 0.586179 -0.698828 -0.409919 
vn 0.520451 -0.772436 -0.363969 
vn 0.543897 -0.747998 -0.380361 
vn 0.481335 -0.809323 -0.336621 
vn 0.456776 -0.830245 -0.319449 
vn 0.465249 -0.823211 -0.325373 
vn 0.38839 -0.880551 -0.27163 
vn 0.407582 -0.867539 -0.285051 
vn 0.333058 -0.913681 -0.232938 
vn 0.315898 -0.922711 -0.220937 
vn 0.325654 -0.917647 -0.22776 
vn 0.23263 -0.958859 -0.162705 
vn 0.260044 -0.948313 -0.181877 
vn 0.187981 -0.973333 -0.131478 
vn 0.158519 -0.981111 -0.110873 
vn 0.148303 -0.983487 -0.103728 
vn 0.106526 -0.991514 -0.0745089 
vn 0.0641212 -0.996934 -0.0448499 
vn 4.47314e-17 -1 1.0898e-16 
vn 0.0743643 -0.995874 -0.0520144 
vn 0.0305478 -0.999305 -0.0213671 
vn 3.87061e-17 -1 9.81668e-17 
vn 3.87061e-17 -1 9.81668e-17 
vn 3.87061e-17 -1 9.81668e-17 
vn 3.87061e-17 -1 9.81668e-17 
vn 3.87061e-17 -1 9.81668e-17 
vn 3.87061e-17 -1 9.81668e-17 
vn 3.87061e-17 -1 9.81668e-17 
vn 3.87061e-17 -1 9.81668e-17 
vn 3.87061e-17 -1 9.81668e-17 
vn 3.87061e-17 -1 9.81668e-17 
vn 0.0790137 -0.996874 -0.000180276 
vn 3.87061e-17 -1 9.81668e-17 
vn 3.87061e-17 -1 9.81668e-17 
vn 3.87061e-17 -1 9.81668e-17 
vn 0.999997 -5.9988e-06 -0.0026126 
f 1049//1049 1050//1050 1051//1051 
f 1051//1051 1052//1052 1049//1049 
f 1053//1053 1054//1054 1055//1055 
f 1055//1055 1049//1049 1053//1053 
f 1053//1053 1056//1056 1057//1057 
f 1057//1057 1058//1058 1053//1053 
f 1056//1056 1059//1059 1057//1057 
f 1056//1056 1060//1060 1061//1061 
f 1060//1060 1062//1062 1061//1061 
f 1060//1060 1063//1063 1064//1064 
f 1063//1063 1065//1065 1064//1064 
f 1049//1049 1052//1052 1066//1066 
f 1053//1053 1049//1049 1067//1067 
f 1056//1056 1053//1053 1068//1068 
f 1060//1060 1056//1056 1069//1069 
f 1063//1063 1060//1060 1070//1070 
f 1067//1067 1066//1066 1071//1071 
f 1068//1068 1067//1067 1072//1072 
f 1069//1069 1068//1068 1073//1073 
f 1070//1070 1069//1069 1074//1074 
f 1075//1075 1070//1070 1076//1076 
f 1072//1072 1071//1071 1077//1077 
f 1073//1073 1072//1072 1078//1078 
f 1074//1074 1073//1073 1079//1079 
f 1076//1076 1074//1074 1080//1080 
f 1081//1081 1076//1076 1082//1082 
f 1078//1078 1077//1077 1083//1083 
f 1079//1079 1078//1078 1084//1084 
f 1080//1080 1079//1079 1085//1085 
f 1082//1082 1080//1080 1086//1086 
f 1087//1087 1082//1082 1088//1088 
f 1084//1084 1083//1083 1089//1089 
f 1085//1085 1084//1084 1090//1090 
f 1086//1086 1085//1085 1091//1091 
f 1088//1088 1086//1086 1092//1092 
f 1093//1093 1088//1088 1094//1094 
f 1090//1090 1089//1089 1095//1095 
f 1091//1091 1090//1090 1096//1096 
f 1092//1092 1091//1091 1097//1097 
f 1094//1094 1092//1092 1098//1098 
f 1099//1099 1094//1094 1100//1100 
f 1096//1096 1095//1095 1101//1101 
f 1097//1097 1096//1096 1102//1102 
f 1098//1098 1097//1097 1103//1103 
f 1100//1100 1098//1098 1104//1104 
f 1105//1105 1100//1100 1106//1106 
f 1102//1102 1101//1101 1107//1107 
f 1103//1103 1102//1102 1108//1108 
f 1104//1104 1103//1103 1109//1109 
f 1106//1106 1104//1104 1110//1110 
f 1111//1111 1106//1106 1112//1112 
f 1108//1108 1107//1107 1113//1113 
f 1109//1109 1108//1108 1114//1114 
f 1110//1110 1109//1109 1115//1115 
f 1112//1112 1110//1110 1116//1116 
f 1117//1117 1112//1112 1118//1118 
f 1114//1114 1113//1113 1119//1119 
f 1115//1115 1114//1114 1120//1120 
f 1116//1116 1115//1115 1121//1121 
f 1118//1118 1116//1116 1122//1122 
f 1123//1123 1118//1118 1124//1124 
f 1120//1120 1119//1119 1125//1125 
f 1121//1121 1120//1120 1126//1126 
f 1122//1122 1121//1121 1127//1127 
f 1124//1124 1122//1122 1128//1128 
f 1129//1129 1124//1124 1130//1130 
f 1126//1126 1125//1125 1131//1131 
f 1127//1127 1126//1126 1132//1132 
f 1128//1128 1127//1127 1133//1133 
f 1130//1130 1128//1128 1134//1134 
f 1135//1135 1130//1130 1136//1136 
f 1132//1132 1131//1131 1137//1137 
f 1133//1133 1132//1132 1138//1138 
f 1134//1134 1133//1133 1139//1139 
f 1136//1136 1134//1134 1140//1140 
f 1141//1141 1136//1136 1142//1142 
f 1138//1138 1137//1137 1143//1143 
f 1139//1139 1138//1138 1144//1144 
f 1140//1140 1139//1139 1145//1145 
f 1142//1142 1140//1140 1146//1146 
f 1147//1147 1142//1142 1148//1148 
f 1149//1149 1150//1150 1151//1151 
f 1151//1151 1147//1147 1149//1149 
f 1149//1149 1152//1152 1150//1150 
f 1147//1147 1153//1153 1154//1154 
f 1154//1154 1141//1141 1147//1147 
f 1141//1141 1155//1155 1156//1156 
f 1156//1156 1135//1135 1141//1141 
f 1141//1141 1157//1157 1155//1155 
f 1135//1135 1158//1158 1159//1159 
f 1159//1159 1129//1129 1135//1135 
f 1123//1123 1160//1160 1161//1161 
f 1129//1129 1162//1162 1160//1160 
f 1160//1160 1123//1123 1129//1129 
f 1123//1123 1163//1163 1164//1164 
f 1164//1164 1117//1117 1123//1123 
f 1164//1164 1165//1165 1117//1117 
f 1117//1117 1166//1166 1167//1167 
f 1167//1167 1111//1111 1117//1117 
f 1105//1105 1168//1168 1169//1169 
f 1111//1111 1170//1170 1168//1168 
f 1168//1168 1105//1105 1111//1111 
f 1099//1099 1171//1171 1172//1172 
f 1105//1105 1173//1173 1171//1171 
f 1171//1171 1099//1099 1105//1105 
f 1093//1093 1174//1174 1175//1175 
f 1099//1099 1176//1176 1174//1174 
f 1174//1174 1093//1093 1099//1099 
f 1087//1087 1177//1177 1178//1178 
f 1093//1093 1179//1179 1177//1177 
f 1177//1177 1087//1087 1093//1093 
f 1081//1081 1180//1180 1181//1181 
f 1087//1087 1182//1182 1180//1180 
f 1180//1180 1081//1081 1087//1087 
f 1075//1075 1183//1183 1184//1184 
f 1081//1081 1185//1185 1183//1183 
f 1183//1183 1075//1075 1081//1081 
f 1063//1063 1186//1186 1187//1187 
f 1075//1075 1188//1188 1186//1186 
f 1186//1186 1063//1063 1075//1075 
f 1063//1063 1189//1189 1190//1190 
f 1190//1190 1065//1065 1063//1063 
f 1191//1191 1192//1192 1193//1193 
f 1193//1193 1052//1052 1191//1191 
f 1066//1066 1052//1052 1194//1194 
f 1052//1052 1195//1195 1194//1194 
f 1071//1071 1066//1066 1196//1196 
f 1066//1066 1197//1197 1196//1196 
f 1196//1196 1198//1198 1071//1071 
f 1071//1071 1199//1199 1200//1200 
f 1071//1071 1201//1201 1199//1199 
f 1200//1200 1077//1077 1071//1071 
f 1077//1077 1202//1202 1203//1203 
f 1077//1077 1204//1204 1202//1202 
f 1203//1203 1083//1083 1077//1077 
f 1083//1083 1205//1205 1206//1206 
f 1206//1206 1089//1089 1083//1083 
f 1206//1206 1207//1207 1089//1089 
f 1089//1089 1208//1208 1209//1209 
f 1209//1209 1095//1095 1089//1089 
f 1209//1209 1210//1210 1095//1095 
f 1095//1095 1211//1211 1212//1212 
f 1212//1212 1101//1101 1095//1095 
f 1212//1212 1213//1213 1101//1101 
f 1107//1107 1101//1101 1214//1214 
f 1101//1101 1215//1215 1214//1214 
f 1113//1113 1107//1107 1216//1216 
f 1107//1107 1217//1217 1216//1216 
f 1216//1216 1218//1218 1113//1113 
f 1119//1119 1113//1113 1219//1219 
f 1113//1113 1220//1220 1219//1219 
f 1125//1125 1119//1119 1221//1221 
f 1119//1119 1222//1222 1221//1221 
f 1221//1221 1223//1223 1125//1125 
f 1131//1131 1125//1125 1224//1224 
f 1125//1125 1225//1225 1224//1224 
f 1137//1137 1131//1131 1226//1226 
f 1131//1131 1227//1227 1226//1226 
f 1226//1226 1228//1228 1137//1137 
f 1137//1137 1229//1229 1230//1230 
f 1230//1230 1143//1143 1137//1137 
f 1230//1230 1231//1231 1143//1143 
f 1232//1232 1233//1233 1143//1143 
f 1143//1143 1234//1234 1232//1232 
f 1232//1232 1235//1235 1233//1233 
f 1144//1144 1143//1143 1236//1236 
f 1143//1143 1233//1233 1236//1236 
f 1145//1145 1144//1144 1237//1237 
f 1144//1144 1238//1238 1237//1237 
f 1146//1146 1145//1145 1239//1239 
f 1145//1145 1240//1240 1239//1239 
f 1148//1148 1146//1146 1241//1241 
f 1146//1146 1242//1242 1241//1241 
f 1149//1149 1148//1148 1243//1243 
f 1148//1148 1244//1244 1243//1243 
f 1245//1245 1246//1246 1152//1152 
f 1246//1246 1245//1245 1247//1247 
f 1247//1247 1248//1248 1246//1246 
f 1152//1152 1149//1149 1245//1245 
f 1243//1243 1245//1245 1149//1149 
f 1241//1241 1244//1244 1148//1148 
f 1239//1239 1242//1242 1146//1146 
f 1237//1237 1240//1240 1145//1145 
f 1236//1236 1238//1238 1144//1144 
f 1235//1235 1249//1249 1233//1233 
f 1231//1231 1234//1234 1143//1143 
f 1228//1228 1229//1229 1137//1137 
f 1224//1224 1227//1227 1131//1131 
f 1223//1223 1225//1225 1125//1125 
f 1219//1219 1222//1222 1119//1119 
f 1218//1218 1220//1220 1113//1113 
f 1214//1214 1217//1217 1107//1107 
f 1213//1213 1215//1215 1101//1101 
f 1210//1210 1211//1211 1095//1095 
f 1207//1207 1208//1208 1089//1089 
f 1203//1203 1205//1205 1083//1083 
f 1200//1200 1204//1204 1077//1077 
f 1198//1198 1201//1201 1071//1071 
f 1194//1194 1197//1197 1066//1066 
f 1193//1193 1195//1195 1052//1052 
f 1190//1190 1250//1250 1065//1065 
f 1187//1187 1189//1189 1063//1063 
f 1184//1184 1188//1188 1075//1075 
f 1181//1181 1185//1185 1081//1081 
f 1178//1178 1182//1182 1087//1087 
f 1175//1175 1179//1179 1093//1093 
f 1172//1172 1176//1176 1099//1099 
f 1169//1169 1173//1173 1105//1105 
f 1167//1167 1170//1170 1111//1111 
f 1165//1165 1166//1166 1117//1117 
f 1161//1161 1163//1163 1123//1123 
f 1159//1159 1162//1162 1129//1129 
f 1156//1156 1158//1158 1135//1135 
f 1154//1154 1157//1157 1141//1141 
f 1151//1151 1153//1153 1147//1147 
f 1148//1148 1149//1149 1147//1147 
f 1146//1146 1148//1148 1142//1142 
f 1145//1145 1146//1146 1140//1140 
f 1144//1144 1145//1145 1139//1139 
f 1143//1143 1144//1144 1138//1138 
f 1142//1142 1147//1147 1141//1141 
f 1140//1140 1142//1142 1136//1136 
f 1139//1139 1140//1140 1134//1134 
f 1138//1138 1139//1139 1133//1133 
f 1137//1137 1138//1138 1132//1132 
f 1136//1136 1141//1141 1135//1135 
f 1134//1134 1136//1136 1130//1130 
f 1133//1133 1134//1134 1128//1128 
f 1132//1132 1133//1133 1127//1127 
f 1131//1131 1132//1132 1126//1126 
f 1130//1130 1135//1135 1129//1129 
f 1128//1128 1130//1130 1124//1124 
f 1127//1127 1128//1128 1122//1122 
f 1126//1126 1127//1127 1121//1121 
f 1125//1125 1126//1126 1120//1120 
f 1124//1124 1129//1129 1123//1123 
f 1122//1122 1124//1124 1118//1118 
f 1121//1121 1122//1122 1116//1116 
f 1120//1120 1121//1121 1115//1115 
f 1119//1119 1120//1120 1114//1114 
f 1118//1118 1123//1123 1117//1117 
f 1116//1116 1118//1118 1112//1112 
f 1115//1115 1116//1116 1110//1110 
f 1114//1114 1115//1115 1109//1109 
f 1113//1113 1114//1114 1108//1108 
f 1112//1112 1117//1117 1111//1111 
f 1110//1110 1112//1112 1106//1106 
f 1109//1109 1110//1110 1104//1104 
f 1108//1108 1109//1109 1103//1103 
f 1107//1107 1108//1108 1102//1102 
f 1106//1106 1111//1111 1105//1105 
f 1104//1104 1106//1106 1100//1100 
f 1103//1103 1104//1104 1098//1098 
f 1102//1102 1103//1103 1097//1097 
f 1101//1101 1102//1102 1096//1096 
f 1100//1100 1105//1105 1099//1099 
f 1098//1098 1100//1100 1094//1094 
f 1097//1097 1098//1098 1092//1092 
f 1096//1096 1097//1097 1091//1091 
f 1095//1095 1096//1096 1090//1090 
f 1094//1094 1099//1099 1093//1093 
f 1092//1092 1094//1094 1088//1088 
f 1091//1091 1092//1092 1086//1086 
f 1090//1090 1091//1091 1085//1085 
f 1089//1089 1090//1090 1084//1084 
f 1088//1088 1093//1093 1087//1087 
f 1086//1086 1088//1088 1082//1082 
f 1085//1085 1086//1086 1080//1080 
f 1084//1084 1085//1085 1079//1079 
f 1083//1083 1084//1084 1078//1078 
f 1082//1082 1087//1087 1081//1081 
f 1080//1080 1082//1082 1076//1076 
f 1079//1079 1080//1080 1074//1074 
f 1078//1078 1079//1079 1073//1073 
f 1077//1077 1078//1078 1072//1072 
f 1076//1076 1081//1081 1075//1075 
f 1074//1074 1076//1076 1070//1070 
f 1073//1073 1074//1074 1069//1069 
f 1072//1072 1073//1073 1068//1068 
f 1071//1071 1072//1072 1067//1067 
f 1070//1070 1075//1075 1063//1063 
f 1069//1069 1070//1070 1060//1060 
f 1068//1068 1069//1069 1056//1056 
f 1067//1067 1068//1068 1053//1053 
f 1066//1066 1067//1067 1049//1049 
f 1064//1064 1062//1062 1060//1060 
f 1061//1061 1059//1059 1056//1056 
f 1058//1058 1054//1054 1053//1053 
f 1055//1055 1050//1050 1049//1049 
f 1051//1051 1191//1191 1052//1052 
v -0.00658534 -0.00375 -0.0180398 
v -0.0146012 -0.00375 -0.0294466 
v -0.0119582 0.00425 -0.0256854 
v -0.0145564 0.00360478 -0.0293827 
v -0.014364 0.00367899 -0.029109 
v -0.0122223 0.004225 -0.0260612 
v -0.0148692 0.00348406 -0.0298279 
v -0.0124849 0.00420013 -0.0264349 
v -0.0130365 0.00410425 -0.0272198 
v -0.0127578 0.00417429 -0.0268233 
v -0.0136163 0.00395853 -0.0280449 
v -0.0133273 0.00403116 -0.0276337 
v -0.0139264 0.00384783 -0.0284863 
v -0.0136831 0.00394174 -0.0281399 
v -0.0142421 0.00372603 -0.0289355 
v -0.0164945 0.00275 -0.0321407 
v -0.0164788 0.00275747 -0.0321184 
v -0.0131571 0.00407393 -0.0273915 
v -0.0151837 0.00335852 -0.0302755 
v -0.0151303 0.00338332 -0.0301994 
v -0.0161674 0.00290203 -0.0316752 
v -0.015532 0.00319692 -0.030771 
v -0.0155123 0.00320606 -0.0307429 
v -0.0158401 0.00305393 -0.0312094 
v -0.0164945 -0.00625 -0.0321407 
v -0.00658534 0.00425 -0.0180398 
v -0.0146012 -0.00625 -0.0294466 
vn 0.818181 1.00198e-16 -0.574961 
vn 0.818181 1.00198e-16 -0.574961 
vn 0.818181 1.00198e-16 -0.574961 
vn 0.818181 1.00198e-16 -0.574961 
vn 0.818181 1.00198e-16 -0.574961 
vn 0.818181 1.00198e-16 -0.574961 
vn 0.818181 1.00198e-16 -0.574961 
vn 0.818181 1.00198e-16 -0.574961 
vn 0.818181 1.00198e-16 -0.574961 
vn 0.818181 1.00198e-16 -0.574961 
vn 0.818181 1.00198e-16 -0.574961 
vn 0.818181 1.00198e-16 -0.574961 
vn 0.818181 1.00198e-16 -0.574961 
vn 0.818181 1.00198e-16 -0.574961 
vn 0.818181 1.00198e-16 -0.574961 
vn 0.818181 1.00198e-16 -0.574961 
vn 0.818181 1.00198e-16 -0.574961 
vn 0.818181 1.00198e-16 -0.574961 
vn 0.818181 1.00198e-16 -0.574961 
vn 0.818181 1.00198e-16 -0.574961 
vn 0.818181 1.00198e-16 -0.574961 
vn 0.818181 1.00198e-16 -0.574961 
vn 0.818181 1.00198e-16 -0.574961 
vn 0.818181 1.00198e-16 -0.574961 
vn 0.818181 1.00198e-16 -0.574961 
vn 0.818181 1.00198e-16 -0.574961 
vn 0.818181 1.00198e-16 -0.574961 
f 1251//1251 1252//1252 1253//1253 
f 1252//1252 1254//1254 1255//1255 
f 1252//1252 1256//1256 1253//1253 
f 1252//1252 1257//1257 1254//1254 
f 1252//1252 1258//1258 1256//1256 
f 1252//1252 1259//1259 1260//1260 
f 1252//1252 1261//1261 1262//1262 
f 1252//1252 1263//1263 1264//1264 
f 1255//1255 1265//1265 1252//1252 
f 1252//1252 1266//1266 1267//1267 
f 1260//1260 1258//1258 1252//1252 
f 1262//1262 1268//1268 1252//1252 
f 1265//1265 1263//1263 1252//1252 
f 1252//1252 1269//1269 1270//1270 
f 1267//1267 1271//1271 1252//1252 
f 1268//1268 1259//1259 1252//1252 
f 1270//1270 1257//1257 1252//1252 
f 1252//1252 1272//1272 1273//1273 
f 1271//1271 1274//1274 1252//1252 
f 1264//1264 1261//1261 1252//1252 
f 1274//1274 1272//1272 1252//1252 
f 1275//1275 1266//1266 1252//1252 
f 1273//1273 1269//1269 1252//1252 
f 1253//1253 1276//1276 1251//1251 
f 1252//1252 1277//1277 1275//1275 
v -0.0214741 0.00424178 -0.04364 
v -0.0216309 0.00425 -0.04364 
v -0.0215247 0.00425 -0.0415059 
v -0.0213687 0.00424178 -0.0415214 
v -0.0212073 0.00425 -0.0393929 
v -0.0210536 0.00424178 -0.0394238 
v -0.0206816 0.00425 -0.0373218 
v -0.0205317 0.00424178 -0.0373679 
v -0.019953 0.00425 -0.0353131 
v -0.0198084 0.00424178 -0.0353739 
v -0.0190286 0.00425 -0.0333867 
v -0.0188908 0.00424178 -0.0334615 
v -0.0179175 0.00425 -0.0315616 
v -0.0177878 0.00424178 -0.0316497 
v -0.0166308 0.00425 -0.0298557 
v -0.0165104 0.00424178 -0.0299563 
v -0.0151811 0.00425 -0.028286 
v -0.0150713 0.00424178 -0.028398 
v -0.0135827 0.00425 -0.026868 
v -0.0212144 0.00421722 -0.0415368 
v -0.021319 0.00421722 -0.04364 
v -0.0214732 0.00424164 -0.04364 
v -0.0209015 0.00421722 -0.0394545 
v -0.0203835 0.00421722 -0.0374134 
v -0.0196654 0.00421722 -0.0354339 
v -0.0187544 0.00421722 -0.0335355 
v -0.0176595 0.00421722 -0.0317368 
v -0.0163914 0.00421722 -0.0300557 
v -0.0149628 0.00421722 -0.0285088 
v -0.0134846 0.00424178 -0.0269903 
v -0.0210635 0.00417658 -0.0415519 
v -0.0211674 0.00417658 -0.04364 
v -0.0213172 0.00421673 -0.04364 
v -0.0207529 0.00417658 -0.0394844 
v -0.0202385 0.00417658 -0.037458 
v -0.0195256 0.00417658 -0.0354927 
v -0.0186211 0.00417658 -0.0336078 
v -0.017534 0.00417658 -0.031822 
v -0.016275 0.00417658 -0.0301529 
v -0.0148566 0.00417658 -0.0286171 
v -0.0133876 0.00421722 -0.0271113 
v -0.0209176 0.00412032 -0.0415664 
v -0.0210208 0.00412032 -0.04364 
v -0.0211648 0.00417557 -0.04364 
v -0.0206092 0.00412032 -0.0395134 
v -0.0200984 0.00412032 -0.0375011 
v -0.0193905 0.00412032 -0.0355494 
v -0.0184923 0.00412032 -0.0336777 
v -0.0174128 0.00412032 -0.0319043 
v -0.0161626 0.00412032 -0.0302469 
v -0.014754 0.00412032 -0.0287217 
v -0.0132927 0.00417658 -0.0272296 
v -0.0207784 0.00404904 -0.0415803 
v -0.0208809 0.00404904 -0.04364 
v -0.0210175 0.00411861 -0.04364 
v -0.020472 0.00404904 -0.039541 
v -0.0199647 0.00404904 -0.0375422 
v -0.0192615 0.00404904 -0.0356036 
v -0.0183693 0.00404904 -0.0337444 
v -0.017297 0.00404904 -0.0319829 
v -0.0160552 0.00404904 -0.0303366 
v -0.0206474 0.00396353 -0.0415934 
v -0.0207492 0.00396353 -0.04364 
v -0.020877 0.00404647 -0.04364 
v -0.020343 0.00396353 -0.039567 
v -0.0198389 0.00396353 -0.0375809 
v -0.0191401 0.00396353 -0.0356546 
v -0.0182536 0.00396353 -0.0338072 
v -0.0171881 0.00396353 -0.0320569 
v -0.0159541 0.00396353 -0.030421 
v -0.0146561 0.00404904 -0.0288216 
v -0.020526 0.00386472 -0.0416055 
v -0.0206272 0.00386472 -0.04364 
v -0.0207448 0.00395997 -0.04364 
v -0.0202233 0.00386472 -0.0395911 
v -0.0197222 0.00386472 -0.0376168 
v -0.0190276 0.00386472 -0.0357019 
v -0.0181464 0.00386472 -0.0338654 
v -0.0170872 0.00386472 -0.0321254 
v -0.0158605 0.00386472 -0.0304992 
v -0.0145639 0.00396353 -0.0289157 
v -0.0204155 0.0037537 -0.0416165 
v -0.0205162 0.0037537 -0.04364 
v -0.0206226 0.00386006 -0.04364 
v -0.0201145 0.0037537 -0.0396131 
v -0.0196161 0.0037537 -0.0376494 
v -0.0189253 0.0037537 -0.0357449 
v -0.0180488 0.0037537 -0.0339183 
v -0.0169953 0.0037537 -0.0321878 
v -0.0157753 0.0037537 -0.0305704 
v -0.0144785 0.00386472 -0.0290028 
v -0.0205115 0.00374784 -0.04364 
v -0.0203172 0.00363168 -0.0416263 
v -0.0204174 0.00363168 -0.04364 
v -0.0200176 0.00363168 -0.0396326 
v -0.0195217 0.00363168 -0.0376784 
v -0.0188342 0.00363168 -0.0357831 
v -0.0179619 0.00363168 -0.0339655 
v -0.0169136 0.00363168 -0.0322433 
v -0.0204128 0.00362457 -0.04364 
v -0.0202321 0.0035 -0.0416348 
v -0.0203319 0.0035 -0.04364 
v -0.0199338 0.0035 -0.0396495 
v -0.0194399 0.0035 -0.0377035 
v -0.0187553 0.0035 -0.0358163 
v -0.0178868 0.0035 -0.0340062 
v -0.0168428 0.0035 -0.0322914 
v -0.0156995 0.00363168 -0.0306338 
v -0.0203276 0.00349161 -0.04364 
v -0.0201612 0.0033601 -0.0416419 
v -0.0202606 0.0033601 -0.04364 
v -0.0198639 0.0033601 -0.0396636 
v -0.0193718 0.0033601 -0.0377245 
v -0.0186896 0.0033601 -0.0358439 
v -0.0178241 0.0033601 -0.0340402 
v -0.0167839 0.0033601 -0.0323314 
v -0.0156338 0.0035 -0.0306886 
v -0.0202569 0.00335044 -0.04364 
v -0.0201052 0.00321353 -0.0416475 
v -0.0202043 0.00321353 -0.04364 
v -0.0198088 0.00321353 -0.0396747 
v -0.019318 0.00321353 -0.037741 
v -0.0186377 0.00321353 -0.0358657 
v -0.0177747 0.00321353 -0.0340671 
v -0.0167373 0.00321353 -0.032363 
v -0.0155791 0.0033601 -0.0307343 
v -0.0202014 0.00320261 -0.04364 
v -0.0200648 0.00306187 -0.0416515 
v -0.0201637 0.00306187 -0.04364 
v -0.0197689 0.00306187 -0.0396827 
v -0.0192792 0.00306187 -0.037753 
v -0.0186003 0.00306187 -0.0358814 
v -0.0177389 0.00306187 -0.0340864 
v -0.0201618 0.00304978 -0.04364 
v -0.0200403 0.00290679 -0.0416539 
v -0.0201391 0.00290679 -0.04364 
v -0.0197449 0.00290679 -0.0396875 
v -0.0192557 0.00290679 -0.0377602 
v -0.0185776 0.00290679 -0.0358909 
v -0.0177173 0.00290679 -0.0340982 
v -0.0167037 0.00306187 -0.0323858 
v -0.0201384 0.00289363 -0.04364 
v -0.0200657 0.00275 -0.0423294 
v -0.0201309 0.00275 -0.04364 
v -0.0200321 0.00275 -0.0416548 
v -0.0198466 0.00275 -0.0404197 
v -0.0197368 0.00275 -0.0396892 
v -0.0194451 0.00275 -0.03854 
v -0.0192478 0.00275 -0.0377626 
v -0.0188651 0.00275 -0.0367076 
v -0.01857 0.00275 -0.0358941 
v -0.0181119 0.00275 -0.0349393 
v -0.0177101 0.00275 -0.0341021 
v -0.0166834 0.00290679 -0.0323996 
v -0.0171924 0.00275 -0.0332515 
v -0.0166766 0.00275 -0.0324043 
v -0.0119582 0.00425 -0.0256854 
v -0.0122223 0.004225 -0.0260612 
v -0.0124849 0.00420013 -0.0264349 
v -0.0127578 0.00417429 -0.0268233 
v -0.0130365 0.00410425 -0.0272198 
v -0.013201 0.00412032 -0.0273439 
v -0.0133273 0.00403116 -0.0276337 
v -0.0131571 0.00407393 -0.0273915 
v -0.0136163 0.00395853 -0.0280449 
v -0.0136831 0.00394174 -0.0281399 
v -0.0139264 0.00384783 -0.0284863 
v -0.0142421 0.00372603 -0.0289355 
v -0.0144008 0.0037537 -0.0290821 
v -0.0145564 0.00360478 -0.0293827 
v -0.014364 0.00367899 -0.029109 
v -0.0148692 0.00348406 -0.0298279 
v -0.0151303 0.00338332 -0.0301994 
v -0.0151837 0.00335852 -0.0302755 
v -0.0155123 0.00320606 -0.0307429 
v -0.015536 0.00321353 -0.0307704 
v -0.015532 0.00319692 -0.030771 
v -0.0158401 0.00305393 -0.0312094 
v -0.0161674 0.00290203 -0.0316752 
v -0.0164788 0.00275747 -0.0321184 
v -0.0164945 0.00275 -0.0321407 
vn 0.104528 0.994522 6.40052e-18 
vn -2.31296e-15 1 0 
vn -2.31296e-15 1 0 
vn 0.104012 0.994522 -0.0103755 
vn -2.31296e-15 1 0 
vn 0.102469 0.994522 -0.0206485 
vn -4.47529e-14 1 1.37213e-14 
vn 0.0999131 0.994522 -0.0307176 
vn -4.47529e-14 1 1.37213e-14 
vn 0.0963707 0.994522 -0.0404832 
vn -4.11629e-14 1 2.22672e-14 
vn 0.0918764 0.994522 -0.049849 
vn -4.11629e-14 1 2.22672e-14 
vn 0.0864747 0.994522 -0.0587225 
vn -3.59556e-14 1 2.99355e-14 
vn 0.0802188 0.994522 -0.067016 
vn -3.59556e-14 1 2.99355e-14 
vn 0.0731707 0.994522 -0.0746475 
vn -2.9336e-14 1 3.64241e-14 
vn 0.206885 0.978148 -0.0206373 
vn 0.207912 0.978148 1.27309e-17 
vn 0.105152 0.994456 0 
vn 0.203815 0.978148 -0.0410708 
vn 0.198732 0.978148 -0.0610986 
vn 0.191686 0.978148 -0.0805229 
vn 0.182746 0.978148 -0.0991519 
vn 0.172002 0.978148 -0.116802 
vn 0.159559 0.978148 -0.133298 
vn 0.14554 0.978148 -0.148477 
vn 0.0653998 0.994522 -0.0815418 
vn 0.307491 0.951057 -0.030673 
vn 0.309017 0.951057 1.89218e-17 
vn 0.209137 0.977886 0 
vn 0.302928 0.951057 -0.061043 
vn 0.295373 0.951057 -0.0908102 
vn 0.2849 0.951057 -0.11968 
vn 0.271614 0.951057 -0.147368 
vn 0.255645 0.951057 -0.173601 
vn 0.237151 0.951057 -0.198119 
vn 0.216314 0.951057 -0.22068 
vn 0.130083 0.978148 -0.16219 
vn 0.404728 0.913545 -0.0403726 
vn 0.406737 0.913545 2.49054e-17 
vn 0.310805 0.950474 0 
vn 0.398722 0.913545 -0.0803465 
vn 0.388778 0.913545 -0.119527 
vn 0.374993 0.913545 -0.157527 
vn 0.357505 0.913545 -0.19397 
vn 0.336486 0.913545 -0.228498 
vn 0.312144 0.913545 -0.26077 
vn 0.284719 0.913545 -0.290465 
vn 0.193341 0.951057 -0.241062 
vn 0.497531 0.866025 -0.0496299 
vn 0.5 0.866025 3.06162e-17 
vn 0.409026 0.912523 0 
vn 0.490147 0.866025 -0.0987697 
vn 0.477923 0.866025 -0.146934 
vn 0.460978 0.866025 -0.193647 
vn 0.43948 0.866025 -0.238447 
vn 0.413642 0.866025 -0.280892 
vn 0.383718 0.866025 -0.320563 
vn 0.584882 0.809017 -0.0583435 
vn 0.587785 0.809017 3.59915e-17 
vn 0.502711 0.864454 0 
vn 0.576203 0.809017 -0.116111 
vn 0.561832 0.809017 -0.172731 
vn 0.541912 0.809017 -0.227646 
vn 0.51664 0.809017 -0.280312 
vn 0.486265 0.809017 -0.330209 
vn 0.451087 0.809017 -0.376845 
vn 0.350004 0.866025 -0.357068 
vn 0.665826 0.743145 -0.0664178 
vn 0.669131 0.743145 4.09724e-17 
vn 0.590824 0.806801 0 
vn 0.655945 0.743145 -0.13218 
vn 0.639586 0.743145 -0.196636 
vn 0.616909 0.743145 -0.25915 
vn 0.588139 0.743145 -0.319105 
vn 0.553561 0.743145 -0.375907 
vn 0.513514 0.743145 -0.428997 
vn 0.411454 0.809017 -0.419759 
vn 0.739475 0.669131 -0.0737645 
vn 0.743145 0.669131 4.55045e-17 
vn 0.672385 0.740202 0 
vn 0.728501 0.669131 -0.1468 
vn 0.710332 0.669131 -0.218386 
vn 0.685147 0.669131 -0.287815 
vn 0.653195 0.669131 -0.354402 
vn 0.614791 0.669131 -0.417487 
vn 0.570315 0.669131 -0.47645 
vn 0.468396 0.743145 -0.47785 
vn 0.746491 0.665396 0 
vn 0.805022 0.587785 -0.0803029 
vn 0.809017 0.587785 4.9538e-17 
vn 0.793075 0.587785 -0.159813 
vn 0.773296 0.587785 -0.237744 
vn 0.745878 0.587785 -0.313327 
vn 0.711094 0.587785 -0.385816 
vn 0.669286 0.587785 -0.454493 
vn 0.81232 0.583212 0 
vn 0.861749 0.5 -0.0859616 
vn 0.866025 0.5 5.30288e-17 
vn 0.84896 0.5 -0.171074 
vn 0.827787 0.5 -0.254497 
vn 0.798438 0.5 -0.335406 
vn 0.761202 0.5 -0.413003 
vn 0.716448 0.5 -0.48652 
vn 0.620868 0.587785 -0.518682 
vn 0.869143 0.494561 0 
vn 0.909034 0.406737 -0.0906784 
vn 0.913545 0.406737 5.59385e-17 
vn 0.895544 0.406737 -0.180461 
vn 0.873209 0.406737 -0.268462 
vn 0.842249 0.406737 -0.35381 
vn 0.80297 0.406737 -0.435665 
vn 0.755761 0.406737 -0.513216 
vn 0.664618 0.5 -0.555232 
vn 0.916329 0.400427 0 
vn 0.94636 0.309017 -0.0944018 
vn 0.951057 0.309017 5.82354e-17 
vn 0.932316 0.309017 -0.187871 
vn 0.909064 0.309017 -0.279485 
vn 0.876833 0.309017 -0.368338 
vn 0.835941 0.309017 -0.453554 
vn 0.786793 0.309017 -0.534289 
vn 0.701087 0.406737 -0.585698 
vn 0.953354 0.301853 0 
vn 0.973317 0.207912 -0.0970908 
vn 0.978148 0.207912 5.98943e-17 
vn 0.958873 0.207912 -0.193223 
vn 0.934959 0.207912 -0.287446 
vn 0.901809 0.207912 -0.37883 
vn 0.859753 0.207912 -0.466473 
vn 0.97981 0.199932 0 
vn 0.98961 0.104528 -0.0987161 
vn 0.994522 0.104528 6.08969e-17 
vn 0.974925 0.104528 -0.196457 
vn 0.95061 0.104528 -0.292258 
vn 0.916906 0.104528 -0.385172 
vn 0.874146 0.104528 -0.474282 
vn 0.809205 0.207912 -0.549508 
vn 0.995401 0.0957945 0 
vn 0.997846 5.95064e-16 -0.0656015 
vn 1 1.46621e-15 0 
vn 0.995062 2.51926e-16 -0.0992599 
vn 0.986922 -2.35245e-18 -0.161198 
vn 0.980295 2.50005e-16 -0.197539 
vn 0.966861 2.51555e-16 -0.255302 
vn 0.955846 2.46824e-16 -0.293868 
vn 0.93785 2.0063e-16 -0.347042 
vn 0.921956 2.42415e-16 -0.387294 
vn 0.900155 1.34464e-16 -0.435569 
vn 0.878961 2.36821e-16 -0.476894 
vn 0.822751 0.104528 -0.558707 
vn 0.854128 -5.24571e-16 -0.520063 
vn 0.827283 2.30098e-16 -0.561785 
vn -1.04083e-14 1 1.61908e-14 
vn 0.0627298 0.993855 -0.0911985 
vn 0.125315 0.976646 -0.174523 
vn 0.188345 0.949529 -0.250841 
vn 0.255591 0.910451 -0.325196 
vn 0.254481 0.913545 -0.317292 
vn 0.323043 0.86146 -0.391829 
vn 0.284005 0.890978 -0.35426 
vn 0.385881 0.807438 -0.44625 
vn 0.399717 0.794495 -0.457169 
vn 0.45513 0.736831 -0.499937 
vn 0.521989 0.657011 -0.543934 
vn 0.520207 0.669131 -0.530706 
vn 0.582166 0.574475 -0.575379 
vn 0.546114 0.625223 -0.557544 
vn 0.635513 0.491341 -0.595573 
vn 0.675112 0.42221 -0.604948 
vn 0.683454 0.405815 -0.606798 
vn 0.729914 0.304392 -0.612022 
vn 0.729874 0.309017 -0.609748 
vn 0.732434 0.29829 -0.612016 
vn 0.767895 0.202786 -0.607631 
vn 0.797368 0.101379 -0.594917 
vn 0.817386 0.00498057 -0.576069 
vn 0.818181 1.43618e-15 -0.574961 
f 1278//1278 1279//1279 1280//1280 
f 1281//1281 1280//1280 1282//1282 
f 1283//1283 1282//1282 1284//1284 
f 1285//1285 1284//1284 1286//1286 
f 1287//1287 1286//1286 1288//1288 
f 1289//1289 1288//1288 1290//1290 
f 1291//1291 1290//1290 1292//1292 
f 1293//1293 1292//1292 1294//1294 
f 1295//1295 1294//1294 1296//1296 
f 1281//1281 1297//1297 1298//1298 
f 1298//1298 1299//1299 1281//1281 
f 1297//1297 1281//1281 1283//1283 
f 1300//1300 1283//1283 1285//1285 
f 1301//1301 1285//1285 1287//1287 
f 1302//1302 1287//1287 1289//1289 
f 1303//1303 1289//1289 1291//1291 
f 1304//1304 1291//1291 1293//1293 
f 1305//1305 1293//1293 1295//1295 
f 1306//1306 1295//1295 1307//1307 
f 1297//1297 1308//1308 1309//1309 
f 1309//1309 1310//1310 1297//1297 
f 1308//1308 1297//1297 1300//1300 
f 1311//1311 1300//1300 1301//1301 
f 1312//1312 1301//1301 1302//1302 
f 1313//1313 1302//1302 1303//1303 
f 1314//1314 1303//1303 1304//1304 
f 1315//1315 1304//1304 1305//1305 
f 1316//1316 1305//1305 1306//1306 
f 1317//1317 1306//1306 1318//1318 
f 1308//1308 1319//1319 1320//1320 
f 1320//1320 1321//1321 1308//1308 
f 1319//1319 1308//1308 1311//1311 
f 1322//1322 1311//1311 1312//1312 
f 1323//1323 1312//1312 1313//1313 
f 1324//1324 1313//1313 1314//1314 
f 1325//1325 1314//1314 1315//1315 
f 1326//1326 1315//1315 1316//1316 
f 1327//1327 1316//1316 1317//1317 
f 1328//1328 1317//1317 1329//1329 
f 1319//1319 1330//1330 1331//1331 
f 1331//1331 1332//1332 1319//1319 
f 1330//1330 1319//1319 1322//1322 
f 1333//1333 1322//1322 1323//1323 
f 1334//1334 1323//1323 1324//1324 
f 1335//1335 1324//1324 1325//1325 
f 1336//1336 1325//1325 1326//1326 
f 1337//1337 1326//1326 1327//1327 
f 1338//1338 1327//1327 1328//1328 
f 1330//1330 1339//1339 1340//1340 
f 1340//1340 1341//1341 1330//1330 
f 1339//1339 1330//1330 1333//1333 
f 1342//1342 1333//1333 1334//1334 
f 1343//1343 1334//1334 1335//1335 
f 1344//1344 1335//1335 1336//1336 
f 1345//1345 1336//1336 1337//1337 
f 1346//1346 1337//1337 1338//1338 
f 1347//1347 1338//1338 1348//1348 
f 1339//1339 1349//1349 1350//1350 
f 1350//1350 1351//1351 1339//1339 
f 1349//1349 1339//1339 1342//1342 
f 1352//1352 1342//1342 1343//1343 
f 1353//1353 1343//1343 1344//1344 
f 1354//1354 1344//1344 1345//1345 
f 1355//1355 1345//1345 1346//1346 
f 1356//1356 1346//1346 1347//1347 
f 1357//1357 1347//1347 1358//1358 
f 1349//1349 1359//1359 1360//1360 
f 1360//1360 1361//1361 1349//1349 
f 1359//1359 1349//1349 1352//1352 
f 1362//1362 1352//1352 1353//1353 
f 1363//1363 1353//1353 1354//1354 
f 1364//1364 1354//1354 1355//1355 
f 1365//1365 1355//1355 1356//1356 
f 1366//1366 1356//1356 1357//1357 
f 1367//1367 1357//1357 1368//1368 
f 1369//1369 1359//1359 1370//1370 
f 1370//1370 1371//1371 1369//1369 
f 1370//1370 1359//1359 1362//1362 
f 1372//1372 1362//1362 1363//1363 
f 1373//1373 1363//1363 1364//1364 
f 1374//1374 1364//1364 1365//1365 
f 1375//1375 1365//1365 1366//1366 
f 1376//1376 1366//1366 1367//1367 
f 1377//1377 1370//1370 1378//1378 
f 1378//1378 1379//1379 1377//1377 
f 1378//1378 1370//1370 1372//1372 
f 1380//1380 1372//1372 1373//1373 
f 1381//1381 1373//1373 1374//1374 
f 1382//1382 1374//1374 1375//1375 
f 1383//1383 1375//1375 1376//1376 
f 1384//1384 1376//1376 1385//1385 
f 1386//1386 1378//1378 1387//1387 
f 1387//1387 1388//1388 1386//1386 
f 1387//1387 1378//1378 1380//1380 
f 1389//1389 1380//1380 1381//1381 
f 1390//1390 1381//1381 1382//1382 
f 1391//1391 1382//1382 1383//1383 
f 1392//1392 1383//1383 1384//1384 
f 1393//1393 1384//1384 1394//1394 
f 1395//1395 1387//1387 1396//1396 
f 1396//1396 1397//1397 1395//1395 
f 1396//1396 1387//1387 1389//1389 
f 1398//1398 1389//1389 1390//1390 
f 1399//1399 1390//1390 1391//1391 
f 1400//1400 1391//1391 1392//1392 
f 1401//1401 1392//1392 1393//1393 
f 1402//1402 1393//1393 1403//1403 
f 1404//1404 1396//1396 1405//1405 
f 1405//1405 1406//1406 1404//1404 
f 1405//1405 1396//1396 1398//1398 
f 1407//1407 1398//1398 1399//1399 
f 1408//1408 1399//1399 1400//1400 
f 1409//1409 1400//1400 1401//1401 
f 1410//1410 1401//1401 1402//1402 
f 1411//1411 1405//1405 1412//1412 
f 1412//1412 1413//1413 1411//1411 
f 1412//1412 1405//1405 1407//1407 
f 1414//1414 1407//1407 1408//1408 
f 1415//1415 1408//1408 1409//1409 
f 1416//1416 1409//1409 1410//1410 
f 1417//1417 1410//1410 1418//1418 
f 1419//1419 1412//1412 1420//1420 
f 1420//1420 1421//1421 1419//1419 
f 1412//1412 1422//1422 1420//1420 
f 1412//1412 1414//1414 1423//1423 
f 1414//1414 1424//1424 1423//1423 
f 1414//1414 1415//1415 1425//1425 
f 1415//1415 1426//1426 1425//1425 
f 1415//1415 1416//1416 1427//1427 
f 1416//1416 1428//1428 1427//1427 
f 1416//1416 1417//1417 1429//1429 
f 1417//1417 1430//1430 1429//1429 
f 1417//1417 1431//1431 1432//1432 
f 1431//1431 1433//1433 1432//1432 
f 1296//1296 1434//1434 1435//1435 
f 1307//1307 1435//1435 1436//1436 
f 1318//1318 1436//1436 1437//1437 
f 1329//1329 1437//1437 1438//1438 
f 1328//1328 1439//1439 1440//1440 
f 1439//1439 1441//1441 1440//1440 
f 1348//1348 1440//1440 1442//1442 
f 1358//1358 1443//1443 1444//1444 
f 1358//1358 1442//1442 1443//1443 
f 1368//1368 1444//1444 1445//1445 
f 1367//1367 1446//1446 1447//1447 
f 1446//1446 1448//1448 1447//1447 
f 1385//1385 1447//1447 1449//1449 
f 1394//1394 1450//1450 1451//1451 
f 1394//1394 1449//1449 1450//1450 
f 1403//1403 1451//1451 1452//1452 
f 1453//1453 1454//1454 1455//1455 
f 1455//1455 1402//1402 1453//1453 
f 1418//1418 1455//1455 1456//1456 
f 1431//1431 1457//1457 1458//1458 
f 1431//1431 1456//1456 1457//1457 
f 1458//1458 1433//1433 1431//1431 
f 1456//1456 1431//1431 1418//1418 
f 1455//1455 1418//1418 1402//1402 
f 1454//1454 1453//1453 1452//1452 
f 1452//1452 1453//1453 1403//1403 
f 1451//1451 1403//1403 1394//1394 
f 1449//1449 1394//1394 1385//1385 
f 1447//1447 1385//1385 1367//1367 
f 1448//1448 1446//1446 1445//1445 
f 1445//1445 1446//1446 1368//1368 
f 1444//1444 1368//1368 1358//1358 
f 1442//1442 1358//1358 1348//1348 
f 1440//1440 1348//1348 1328//1328 
f 1441//1441 1439//1439 1438//1438 
f 1438//1438 1439//1439 1329//1329 
f 1437//1437 1329//1329 1318//1318 
f 1436//1436 1318//1318 1307//1307 
f 1435//1435 1307//1307 1296//1296 
f 1432//1432 1430//1430 1417//1417 
f 1429//1429 1428//1428 1416//1416 
f 1427//1427 1426//1426 1415//1415 
f 1425//1425 1424//1424 1414//1414 
f 1423//1423 1422//1422 1412//1412 
f 1419//1419 1413//1413 1412//1412 
f 1418//1418 1431//1431 1417//1417 
f 1410//1410 1417//1417 1416//1416 
f 1409//1409 1416//1416 1415//1415 
f 1408//1408 1415//1415 1414//1414 
f 1407//1407 1414//1414 1412//1412 
f 1411//1411 1406//1406 1405//1405 
f 1402//1402 1418//1418 1410//1410 
f 1401//1401 1410//1410 1409//1409 
f 1400//1400 1409//1409 1408//1408 
f 1399//1399 1408//1408 1407//1407 
f 1398//1398 1407//1407 1405//1405 
f 1404//1404 1397//1397 1396//1396 
f 1403//1403 1453//1453 1402//1402 
f 1393//1393 1402//1402 1401//1401 
f 1392//1392 1401//1401 1400//1400 
f 1391//1391 1400//1400 1399//1399 
f 1390//1390 1399//1399 1398//1398 
f 1389//1389 1398//1398 1396//1396 
f 1395//1395 1388//1388 1387//1387 
f 1394//1394 1403//1403 1393//1393 
f 1384//1384 1393//1393 1392//1392 
f 1383//1383 1392//1392 1391//1391 
f 1382//1382 1391//1391 1390//1390 
f 1381//1381 1390//1390 1389//1389 
f 1380//1380 1389//1389 1387//1387 
f 1386//1386 1379//1379 1378//1378 
f 1385//1385 1394//1394 1384//1384 
f 1376//1376 1384//1384 1383//1383 
f 1375//1375 1383//1383 1382//1382 
f 1374//1374 1382//1382 1381//1381 
f 1373//1373 1381//1381 1380//1380 
f 1372//1372 1380//1380 1378//1378 
f 1377//1377 1371//1371 1370//1370 
f 1367//1367 1385//1385 1376//1376 
f 1366//1366 1376//1376 1375//1375 
f 1365//1365 1375//1375 1374//1374 
f 1364//1364 1374//1374 1373//1373 
f 1363//1363 1373//1373 1372//1372 
f 1362//1362 1372//1372 1370//1370 
f 1369//1369 1360//1360 1359//1359 
f 1368//1368 1446//1446 1367//1367 
f 1357//1357 1367//1367 1366//1366 
f 1356//1356 1366//1366 1365//1365 
f 1355//1355 1365//1365 1364//1364 
f 1354//1354 1364//1364 1363//1363 
f 1353//1353 1363//1363 1362//1362 
f 1352//1352 1362//1362 1359//1359 
f 1361//1361 1350//1350 1349//1349 
f 1358//1358 1368//1368 1357//1357 
f 1347//1347 1357//1357 1356//1356 
f 1346//1346 1356//1356 1355//1355 
f 1345//1345 1355//1355 1354//1354 
f 1344//1344 1354//1354 1353//1353 
f 1343//1343 1353//1353 1352//1352 
f 1342//1342 1352//1352 1349//1349 
f 1351//1351 1340//1340 1339//1339 
f 1348//1348 1358//1358 1347//1347 
f 1338//1338 1347//1347 1346//1346 
f 1337//1337 1346//1346 1345//1345 
f 1336//1336 1345//1345 1344//1344 
f 1335//1335 1344//1344 1343//1343 
f 1334//1334 1343//1343 1342//1342 
f 1333//1333 1342//1342 1339//1339 
f 1341//1341 1331//1331 1330//1330 
f 1328//1328 1348//1348 1338//1338 
f 1327//1327 1338//1338 1337//1337 
f 1326//1326 1337//1337 1336//1336 
f 1325//1325 1336//1336 1335//1335 
f 1324//1324 1335//1335 1334//1334 
f 1323//1323 1334//1334 1333//1333 
f 1322//1322 1333//1333 1330//1330 
f 1332//1332 1320//1320 1319//1319 
f 1329//1329 1439//1439 1328//1328 
f 1317//1317 1328//1328 1327//1327 
f 1316//1316 1327//1327 1326//1326 
f 1315//1315 1326//1326 1325//1325 
f 1314//1314 1325//1325 1324//1324 
f 1313//1313 1324//1324 1323//1323 
f 1312//1312 1323//1323 1322//1322 
f 1311//1311 1322//1322 1319//1319 
f 1321//1321 1309//1309 1308//1308 
f 1318//1318 1329//1329 1317//1317 
f 1306//1306 1317//1317 1316//1316 
f 1305//1305 1316//1316 1315//1315 
f 1304//1304 1315//1315 1314//1314 
f 1303//1303 1314//1314 1313//1313 
f 1302//1302 1313//1313 1312//1312 
f 1301//1301 1312//1312 1311//1311 
f 1300//1300 1311//1311 1308//1308 
f 1310//1310 1298//1298 1297//1297 
f 1307//1307 1318//1318 1306//1306 
f 1295//1295 1306//1306 1305//1305 
f 1293//1293 1305//1305 1304//1304 
f 1291//1291 1304//1304 1303//1303 
f 1289//1289 1303//1303 1302//1302 
f 1287//1287 1302//1302 1301//1301 
f 1285//1285 1301//1301 1300//1300 
f 1283//1283 1300//1300 1297//1297 
f 1299//1299 1278//1278 1281//1281 
f 1296//1296 1307//1307 1295//1295 
f 1294//1294 1295//1295 1293//1293 
f 1292//1292 1293//1293 1291//1291 
f 1290//1290 1291//1291 1289//1289 
f 1288//1288 1289//1289 1287//1287 
f 1286//1286 1287//1287 1285//1285 
f 1284//1284 1285//1285 1283//1283 
f 1282//1282 1283//1283 1281//1281 
f 1280//1280 1281//1281 1278//1278 
v -0.0172085 -0.00625 -0.0332414 
v -0.0181124 -0.00625 -0.0348968 
v -0.0177101 0.00275 -0.0341021 
v -0.0181119 0.00275 -0.0349393 
v -0.0181272 -0.00625 -0.0349316 
v -0.0188769 -0.00625 -0.0366898 
v -0.01857 0.00275 -0.0358941 
v -0.0188651 0.00275 -0.0367076 
v -0.0188806 -0.00625 -0.0367016 
v -0.0194609 -0.00625 -0.0385364 
v -0.0192478 0.00275 -0.0377626 
v -0.0194451 0.00275 -0.03854 
v -0.0194647 -0.00625 -0.0385483 
v -0.0197368 0.00275 -0.0396892 
v -0.0198624 -0.00625 -0.0404178 
v -0.0198466 0.00275 -0.0404197 
v -0.0198703 -0.00625 -0.0404548 
v -0.0200321 0.00275 -0.0416548 
v -0.0200828 -0.00625 -0.0423289 
v -0.0200657 0.00275 -0.0423294 
v -0.0171783 -0.00625 -0.033186 
v -0.0171924 0.00275 -0.0332515 
v -0.0166766 0.00275 -0.0324043 
v -0.0164945 -0.00625 -0.0321407 
v -0.0201309 0.00275 -0.04364 
v -0.0200899 -0.00625 -0.0423916 
v -0.0201309 -0.00625 -0.04364 
v -0.0164945 0.00275 -0.0321407 
vn 0.854121 1.0842e-16 -0.520075 
vn 0.899326 1.0842e-16 -0.43728 
vn 0.878961 8.67362e-17 -0.476894 
vn 0.900155 1.30104e-16 -0.435569 
vn 0.900149 1.0842e-16 -0.435581 
vn 0.937632 1.0842e-16 -0.34763 
vn 0.921956 1.30104e-16 -0.387294 
vn 0.93785 1.30104e-16 -0.347042 
vn 0.937846 1.0842e-16 -0.347052 
vn 0.966869 1.0842e-16 -0.255273 
vn 0.955846 1.30104e-16 -0.293868 
vn 0.966861 1.30104e-16 -0.255302 
vn 0.967027 1.0842e-16 -0.254673 
vn 0.980295 1.30104e-16 -0.197539 
vn 0.986927 1.30104e-16 -0.161167 
vn 0.986922 1.30104e-16 -0.161198 
vn 0.98723 1.30104e-16 -0.1593 
vn 0.995062 1.30104e-16 -0.0992599 
vn 0.997848 1.30104e-16 -0.0655719 
vn 0.997846 1.30104e-16 -0.0656015 
vn 0.852478 1.0842e-16 -0.522764 
vn 0.854128 8.67362e-17 -0.520063 
vn 0.827283 8.67362e-17 -0.561785 
vn 0.818181 1.0842e-16 -0.574961 
vn 1 1.30104e-16 3.46945e-16 
vn 0.99805 1.30104e-16 -0.0624246 
vn 1 1.30104e-16 3.03125e-09 
vn 0.818181 8.67362e-17 -0.574961 
f 1459//1459 1460//1460 1461//1461 
f 1462//1462 1461//1461 1460//1460 
f 1460//1460 1463//1463 1462//1462 
f 1463//1463 1464//1464 1465//1465 
f 1464//1464 1466//1466 1465//1465 
f 1465//1465 1462//1462 1463//1463 
f 1467//1467 1468//1468 1469//1469 
f 1468//1468 1470//1470 1469//1469 
f 1470//1470 1468//1468 1471//1471 
f 1471//1471 1472//1472 1470//1470 
f 1473//1473 1474//1474 1472//1472 
f 1474//1474 1473//1473 1475//1475 
f 1475//1475 1476//1476 1474//1474 
f 1477//1477 1478//1478 1476//1476 
f 1479//1479 1480//1480 1481//1481 
f 1481//1481 1482//1482 1479//1479 
f 1479//1479 1459//1459 1480//1480 
f 1483//1483 1478//1478 1484//1484 
f 1478//1478 1477//1477 1484//1484 
f 1484//1484 1485//1485 1483//1483 
f 1481//1481 1486//1486 1482//1482 
f 1475//1475 1477//1477 1476//1476 
f 1471//1471 1473//1473 1472//1472 
f 1469//1469 1466//1466 1467//1467 
f 1464//1464 1467//1467 1466//1466 
f 1461//1461 1480//1480 1459//1459 
v -0.0216309 0.00425 -0.0513154 
v -0.0216309 0.00425 -0.04364 
v -0.0214741 0.00424178 -0.04364 
v -0.0214732 0.00424168 -0.0513154 
v -0.0214732 0.00424164 -0.04364 
v -0.021319 0.00421722 -0.04364 
v -0.0213172 0.00421683 -0.0513154 
v -0.0213172 0.00421673 -0.04364 
v -0.0211674 0.00417658 -0.04364 
v -0.0211647 0.00417571 -0.0513154 
v -0.0211648 0.00417557 -0.04364 
v -0.0210208 0.00412032 -0.04364 
v -0.0210174 0.00411878 -0.0513154 
v -0.0210175 0.00411861 -0.04364 
v -0.0208809 0.00404904 -0.04364 
v -0.0208768 0.00404668 -0.0513154 
v -0.020877 0.00404647 -0.04364 
v -0.0207492 0.00396353 -0.04364 
v -0.0207447 0.00396019 -0.0513154 
v -0.0207448 0.00395997 -0.04364 
v -0.0206272 0.00386472 -0.04364 
v -0.0206223 0.00386029 -0.0513154 
v -0.0206226 0.00386006 -0.04364 
v -0.0205162 0.0037537 -0.04364 
v -0.0205112 0.00374808 -0.0513154 
v -0.0205115 0.00374784 -0.04364 
v -0.0204174 0.00363168 -0.04364 
v -0.0204124 0.0036248 -0.0513154 
v -0.0204128 0.00362457 -0.04364 
v -0.0203319 0.0035 -0.04364 
v -0.0203272 0.00349182 -0.0513154 
v -0.0203276 0.00349161 -0.04364 
v -0.0202606 0.0033601 -0.04364 
v -0.0202564 0.00335062 -0.0513154 
v -0.0202569 0.00335044 -0.04364 
v -0.0202043 0.00321353 -0.04364 
v -0.0202009 0.00320276 -0.0513154 
v -0.0202014 0.00320261 -0.04364 
v -0.0201637 0.00306187 -0.04364 
v -0.0201612 0.00304987 -0.0513154 
v -0.0201618 0.00304978 -0.04364 
v -0.0201391 0.00290679 -0.04364 
v -0.0201378 0.00289366 -0.0513154 
v -0.0201384 0.00289363 -0.04364 
v -0.0201309 0.00275 -0.04364 
v -0.0201309 0.00275 -0.0513154 
vn 7.94665e-11 1 0 
vn 0 1 0 
vn 0.104528 0.994522 0 
vn 0.105153 0.994456 0 
vn 0.105152 0.994456 0 
vn 0.207912 0.978148 0 
vn 0.209141 0.977886 0 
vn 0.209137 0.977886 0 
vn 0.309017 0.951057 0 
vn 0.310809 0.950472 0 
vn 0.310805 0.950474 0 
vn 0.406737 0.913545 0 
vn 0.409031 0.91252 0 
vn 0.409026 0.912523 0 
vn 0.5 0.866025 0 
vn 0.502718 0.86445 0 
vn 0.502711 0.864454 0 
vn 0.587785 0.809017 0 
vn 0.590831 0.806795 0 
vn 0.590824 0.806801 0 
vn 0.669131 0.743145 0 
vn 0.672393 0.740195 0 
vn 0.672385 0.740202 0 
vn 0.743145 0.669131 0 
vn 0.746499 0.665387 0 
vn 0.746491 0.665396 0 
vn 0.809017 0.587785 0 
vn 0.812328 0.583201 0 
vn 0.81232 0.583212 0 
vn 0.866025 0.5 0 
vn 0.86915 0.494549 0 
vn 0.869143 0.494561 0 
vn 0.913545 0.406737 0 
vn 0.916335 0.400413 0 
vn 0.916329 0.400427 0 
vn 0.951057 0.309017 0 
vn 0.953359 0.301837 0 
vn 0.953354 0.301853 0 
vn 0.978148 0.207912 0 
vn 0.979813 0.199915 0 
vn 0.97981 0.199932 0 
vn 0.994522 0.104528 0 
vn 0.995403 0.0957762 0 
vn 0.995401 0.0957945 0 
vn 1 0 0 
vn 1 -4.16047e-08 0 
f 1487//1487 1488//1488 1489//1489 
f 1489//1489 1490//1490 1487//1487 
f 1490//1490 1491//1491 1492//1492 
f 1492//1492 1493//1493 1490//1490 
f 1493//1493 1494//1494 1495//1495 
f 1495//1495 1496//1496 1493//1493 
f 1496//1496 1497//1497 1498//1498 
f 1498//1498 1499//1499 1496//1496 
f 1499//1499 1500//1500 1501//1501 
f 1501//1501 1502//1502 1499//1499 
f 1502//1502 1503//1503 1504//1504 
f 1504//1504 1505//1505 1502//1502 
f 1505//1505 1506//1506 1507//1507 
f 1507//1507 1508//1508 1505//1505 
f 1508//1508 1509//1509 1510//1510 
f 1510//1510 1511//1511 1508//1508 
f 1511//1511 1512//1512 1513//1513 
f 1513//1513 1514//1514 1511//1511 
f 1514//1514 1515//1515 1516//1516 
f 1516//1516 1517//1517 1514//1514 
f 1517//1517 1518//1518 1519//1519 
f 1519//1519 1520//1520 1517//1517 
f 1520//1520 1521//1521 1522//1522 
f 1522//1522 1523//1523 1520//1520 
f 1523//1523 1524//1524 1525//1525 
f 1525//1525 1526//1526 1523//1523 
f 1526//1526 1527//1527 1528//1528 
f 1528//1528 1529//1529 1526//1526 
f 1530//1530 1531//1531 1532//1532 
f 1532//1532 1529//1529 1530//1530 
f 1528//1528 1530//1530 1529//1529 
f 1525//1525 1527//1527 1526//1526 
f 1522//1522 1524//1524 1523//1523 
f 1519//1519 1521//1521 1520//1520 
f 1516//1516 1518//1518 1517//1517 
f 1513//1513 1515//1515 1514//1514 
f 1510//1510 1512//1512 1511//1511 
f 1507//1507 1509//1509 1508//1508 
f 1504//1504 1506//1506 1505//1505 
f 1501//1501 1503//1503 1502//1502 
f 1498//1498 1500//1500 1499//1499 
f 1495//1495 1497//1497 1496//1496 
f 1492//1492 1494//1494 1493//1493 
f 1489//1489 1491//1491 1490//1490 
v -0.0228172 0.00425 -0.0527822 
v -0.0216612 0.00425 -0.0516153 
v -0.0217009 0.00425 -0.0517681 
v -0.0220112 0.00425 -0.0523135 
v -0.0225174 0.00425 -0.0526842 
v -0.0226647 0.00425 -0.0527411 
v -0.0217564 0.00425 -0.051916 
v -0.0223768 0.00425 -0.0526121 
v -0.0221223 0.00425 -0.0524257 
v -0.0222447 0.00425 -0.0525256 
v -0.0218272 0.00425 -0.0520572 
v -0.0219124 0.00425 -0.0521902 
v -0.0216378 0.00425 -0.0514591 
v -0.0229732 0.00425 -0.0528071 
v -0.0231309 0.00425 -0.0528154 
v -0.0216309 0.00425 -0.0513154 
v 0.0120894 0.00425 -0.00955203 
v 0.0123547 0.00425 -0.00936452 
v 0.0122733 0.00425 -0.00943654 
v -0.0254309 0.00425 -0.0528154 
v -0.0254309 0.00425 -0.0335828 
v -0.0216309 0.00425 -0.04364 
v 0.0119891 0.00425 -0.00959414 
v 0.0118849 0.00425 -0.00962511 
v 0.0121845 0.00425 -0.00949929 
v 0.0115608 0.00425 -0.00964824 
v 0.0125895 0.00425 -0.00900219 
v 0.0125459 0.00425 -0.00910184 
v -0.0135827 0.00425 -0.026868 
v -0.00163943 0.00425 -0.00309229 
v -0.00658534 0.00425 -0.0180398 
v -0.00196415 0.00425 -0.00289691 
v -0.0151811 0.00425 -0.028286 
v 0.0117779 0.00425 -0.00964458 
v 0.0116695 0.00425 -0.00965232 
v 0.0124919 0.00425 -0.00919617 
v 0.0125831 0.00425 -0.00825427 
v 0.0126172 0.00425 -0.00835324 
v 0.012485 0.00425 -0.00806968 
v 0.0125389 0.00425 -0.0081594 
v 0.0122717 0.00425 -0.00784084 
v 0.0123506 0.00425 -0.00790952 
v -0.0052936 0.00425 -0.0163927 
v -0.00222957 0.00425 -0.0135485 
v -0.00129548 0.00425 -0.00325142 
v 0.00630828 0.00425 -0.00639933 
v -0.0215247 0.00425 -0.0415059 
v -0.0190286 0.00425 -0.0333867 
v -0.019953 0.00425 -0.0353131 
v 0.00800253 0.00425 -0.00353864 
v 0.00317651 0.00425 -0.00146961 
v 0.00331679 0.00425 -0.00111756 
v 0.00757643 0.00425 -0.00437723 
v 0.002999 0.00425 -0.00180444 
v 0.0064675 0.00425 -0.00589355 
v 0.00254098 0.00425 -0.00240695 
v 0.00278633 0.00425 -0.00211811 
v 0.0124279 0.00425 -0.00928408 
v 0.012422 0.00425 -0.00798608 
v 0.011998 0.00425 -0.00768914 
v 0.0120944 0.00425 -0.00773004 
v -0.0119582 0.00425 -0.0256854 
v 0.00632074 0.00425 -0.00646656 
v -0.0212073 0.00425 -0.0393929 
v -0.0179175 0.00425 -0.0315616 
v -0.0166308 0.00425 -0.0298557 
v 0.00871163 0.00425 -0.000818509 
v 0.00347948 0.00425 -0.000378417 
v 0.0035 0.00425 -2.68e-18 
v 0.00857343 0.00425 -0.00174894 
v 0.00341817 0.00425 -0.000752397 
v 0.00833615 0.00425 -0.00265915 
v 0.00706278 0.00425 -0.00516524 
v 0.0126408 0.00425 -0.00845523 
v 0.0126535 0.00425 -0.00855913 
v 0.0121859 0.00425 -0.0077808 
v 0.0117952 0.00425 -0.00763854 
v 0.0118979 0.00425 -0.00765852 
v -0.00383633 0.00425 -0.0148901 
v -0.0206816 0.00425 -0.0373218 
v -0.00633294 0.00425 0.00603791 
v -0.00564821 0.00425 0.00668283 
v -0.00226585 0.00425 0.00266757 
v -0.0048982 0.00425 0.00725053 
v -0.00196415 0.00425 0.00289691 
v -0.00234636 0.00425 0.00842954 
v -0.000936349 0.00425 0.00337242 
v -0.00129548 0.00425 0.00325142 
v -0.00142793 0.00425 0.0086327 
v -0.000566237 0.00425 0.00345389 
v -0.000492992 0.00425 0.0087361 
v -0.000189486 0.00425 0.00349487 
v 0.000447641 0.00425 0.00873854 
v 0.000189486 0.00425 0.00349487 
v 0.00825918 0.00425 0.00288938 
v 0.00331679 0.00425 0.00111756 
v 0.00317651 0.00425 0.00146961 
v 0.00852161 0.00425 0.0019861 
v 0.00341817 0.00425 0.000752397 
v 0.00868557 0.00425 0.00105986 
v 0.00347948 0.00425 0.000378417 
v 0.00874916 0.00425 0.000121378 
v 0.00642426 0.00425 -0.00594651 
v 0.00226585 0.00425 -0.00266757 
v 0.0126219 0.00425 -0.0088984 
v -0.00792069 0.00425 0.00371821 
v -0.00347948 0.00425 -0.000378417 
v -0.00341817 0.00425 0.000752397 
v -0.00347948 0.00425 0.000378417 
v -0.00317651 0.00425 0.00146961 
v -0.00331679 0.00425 0.00111756 
v -0.00747579 0.00425 0.00454698 
v -0.002999 0.00425 0.00180444 
v -0.0069445 0.00425 0.0053232 
v -0.00278633 0.00425 0.00211811 
v -0.00409158 0.00425 0.00773443 
v -0.00163943 0.00425 0.00309229 
v -0.00323768 0.00425 0.00812896 
v 0.0013831 0.00425 0.00864 
v 0.000566237 0.00425 0.00345389 
v 0.00405138 0.00425 0.00775557 
v 0.00163943 0.00425 0.00309229 
v 0.00129548 0.00425 0.00325142 
v 0.0048605 0.00425 0.00727586 
v 0.00196415 0.00425 0.00289691 
v 0.00745209 0.00425 0.00458572 
v 0.002999 0.00425 0.00180444 
v 0.00278633 0.00425 0.00211811 
v 0.00790129 0.00425 0.00375927 
v 0.0126429 0.00425 -0.00879171 
v -0.00341817 0.00425 -0.000752397 
v -0.00254098 0.00425 0.00240695 
v 0.00230258 0.00425 0.0084416 
v 0.000936349 0.00425 0.00337242 
v 0.00319544 0.00425 0.00814565 
v 0.00561344 0.00425 0.00671206 
v 0.00226585 0.00425 0.00266757 
v 0.00630152 0.00425 0.0060707 
v 0.00254098 0.00425 0.00240695 
v 0.00691677 0.00425 0.00535918 
v 0.0126462 0.00425 -0.00876806 
v 0.0126553 0.00425 -0.00866378 
v -0.00226585 0.00425 -0.00266757 
v -0.00278633 0.00425 -0.00211811 
v -0.00254098 0.00425 -0.00240695 
v -0.00317651 0.00425 -0.00146961 
v -0.002999 0.00425 -0.00180444 
v -0.00331679 0.00425 -0.00111756 
v 0.00635617 0.00425 -0.00606488 
v -0.000189486 0.00425 -0.00349487 
v 9.79717e-19 0.00425 -0.0035 
v 0.00196415 0.00425 -0.00289691 
v 0.00946922 0.00425 -0.00956573 
v -0.000566237 0.00425 -0.00345389 
v 0.000189486 0.00425 -0.00349487 
v 0.000566237 0.00425 -0.00345389 
v 0.000936349 0.00425 -0.00337242 
v 0.00531771 0.00425 -0.0100583 
v 0.00677862 0.00425 -0.00692935 
v 0.00684571 0.00425 -0.00694253 
v -0.0035 0.00425 -8.57253e-19 
v -0.000936349 0.00425 -0.00337242 
v 0.00633213 0.00425 -0.00612889 
v 0.00163943 0.00425 -0.00309229 
v 0.00129548 0.00425 -0.00325142 
v 0.00738052 0.00425 -0.00970292 
v 0.00640037 0.00425 -0.00665473 
v 0.00643994 0.00425 -0.00671048 
v 0.00136013 0.00425 -0.0114056 
v 0.00671335 0.00425 -0.00690898 
v 0.00659131 0.00425 -0.00684772 
v 0.00665067 0.00425 -0.00688167 
v -0.000491032 0.00425 -0.0123827 
v 0.00630317 0.00425 -0.00633114 
v 0.00631517 0.00425 -0.00619512 
v 0.00630548 0.00425 -0.00626281 
v 0.006387 0.00425 -0.00600384 
v 0.00330351 0.00425 -0.010628 
v 0.00653598 0.00425 -0.00680755 
v 0.00648533 0.00425 -0.00676163 
v 0.00636706 0.00425 -0.00659501 
v 0.00634041 0.00425 -0.00653204 
vn -1.22465e-16 1 0 
vn -1.22465e-16 1 0 
vn -1.22465e-16 1 0 
vn -1.22465e-16 1 0 
vn -1.22465e-16 1 0 
vn -1.22465e-16 1 0 
vn -1.22465e-16 1 0 
vn -1.22465e-16 1 0 
vn -1.22465e-16 1 0 
vn -1.22465e-16 1 0 
vn -1.22465e-16 1 0 
vn -1.22465e-16 1 0 
vn -1.22465e-16 1 0 
vn -1.22465e-16 1 0 
vn -1.22465e-16 1 0 
vn -1.22465e-16 1 0 
vn -1.22465e-16 1 0 
vn -1.22465e-16 1 0 
vn -1.22465e-16 1 0 
vn -1.22465e-16 1 0 
vn -1.22465e-16 1 0 
vn -1.22465e-16 1 0 
vn -1.22465e-16 1 0 
vn -1.22465e-16 1 0 
vn -1.22465e-16 1 0 
vn -1.22465e-16 1 0 
vn -1.22465e-16 1 0 
vn -1.22465e-16 1 0 
vn -1.22465e-16 1 0 
vn -1.22465e-16 1 0 
vn -1.22465e-16 1 0 
vn -1.22465e-16 1 0 
vn -1.22465e-16 1 0 
vn -1.22465e-16 1 0 
vn -1.22465e-16 1 0 
vn -1.22465e-16 1 0 
vn -1.22465e-16 1 0 
vn -1.22465e-16 1 0 
vn -1.22465e-16 1 0 
vn -1.22465e-16 1 0 
vn -1.22465e-16 1 0 
vn -1.22465e-16 1 0 
vn -1.22465e-16 1 0 
vn -1.22465e-16 1 0 
vn -1.22465e-16 1 0 
vn -1.22465e-16 1 0 
vn -1.22465e-16 1 0 
vn -1.22465e-16 1 0 
vn -1.22465e-16 1 0 
vn -1.22465e-16 1 0 
vn -1.22465e-16 1 0 
vn -1.22465e-16 1 0 
vn -1.22465e-16 1 0 
vn -1.22465e-16 1 0 
vn -1.22465e-16 1 0 
vn -1.22465e-16 1 0 
vn -1.22465e-16 1 0 
vn -1.22465e-16 1 0 
vn -1.22465e-16 1 0 
vn -1.22465e-16 1 0 
vn -1.22465e-16 1 0 
vn -1.22465e-16 1 0 
vn -1.22465e-16 1 0 
vn -1.22465e-16 1 0 
vn -1.22465e-16 1 0 
vn -1.22465e-16 1 0 
vn -1.22465e-16 1 0 
vn -1.22465e-16 1 0 
vn -1.22465e-16 1 0 
vn -1.22465e-16 1 0 
vn -1.22465e-16 1 0 
vn -1.22465e-16 1 0 
vn -1.22465e-16 1 0 
vn -1.22465e-16 1 0 
vn -1.22465e-16 1 0 
vn -1.22465e-16 1 0 
vn -1.22465e-16 1 0 
vn -1.22465e-16 1 0 
vn -1.22465e-16 1 0 
vn -1.22465e-16 1 0 
vn -1.22465e-16 1 0 
vn -1.22465e-16 1 0 
vn -1.22465e-16 1 0 
vn -1.22465e-16 1 0 
vn -1.22465e-16 1 0 
vn -1.22465e-16 1 0 
vn -1.22465e-16 1 0 
vn -1.22465e-16 1 0 
vn -1.22465e-16 1 0 
vn -1.22465e-16 1 0 
vn -1.22465e-16 1 0 
vn -1.22465e-16 1 0 
vn -1.22465e-16 1 0 
vn -1.22465e-16 1 0 
vn -1.22465e-16 1 0 
vn -1.22465e-16 1 0 
vn -1.22465e-16 1 0 
vn -1.22465e-16 1 0 
vn -1.22465e-16 1 0 
vn -1.22465e-16 1 0 
vn -1.22465e-16 1 0 
vn -1.22465e-16 1 0 
vn -1.22465e-16 1 0 
vn -1.22465e-16 1 0 
vn -1.22465e-16 1 0 
vn -1.22465e-16 1 0 
vn -1.22465e-16 1 0 
vn -1.22465e-16 1 0 
vn -1.22465e-16 1 0 
vn -1.22465e-16 1 0 
vn -1.22465e-16 1 0 
vn -1.22465e-16 1 0 
vn -1.22465e-16 1 0 
vn -1.22465e-16 1 0 
vn -1.22465e-16 1 0 
vn -1.22465e-16 1 0 
vn -1.22465e-16 1 0 
vn -1.22465e-16 1 0 
vn -1.22465e-16 1 0 
vn -1.22465e-16 1 0 
vn -1.22465e-16 1 0 
vn -1.22465e-16 1 0 
vn -1.22465e-16 1 0 
vn -1.22465e-16 1 0 
vn -1.22465e-16 1 0 
vn -1.22465e-16 1 0 
vn -1.22465e-16 1 0 
vn -1.22465e-16 1 0 
vn -1.22465e-16 1 0 
vn -1.22465e-16 1 0 
vn -1.22465e-16 1 0 
vn -1.22465e-16 1 0 
vn -1.22465e-16 1 0 
vn -1.22465e-16 1 0 
vn -1.22465e-16 1 0 
vn -1.22465e-16 1 0 
vn -1.22465e-16 1 0 
vn -1.22465e-16 1 0 
vn -1.22465e-16 1 0 
vn -1.22465e-16 1 0 
vn -1.22465e-16 1 0 
vn -1.22465e-16 1 0 
vn -1.22465e-16 1 0 
vn -1.22465e-16 1 0 
vn -1.22465e-16 1 0 
vn -1.22465e-16 1 0 
vn -1.22465e-16 1 0 
vn -1.22465e-16 1 0 
vn -1.22465e-16 1 0 
vn -1.22465e-16 1 0 
vn -1.22465e-16 1 0 
vn -1.22465e-16 1 0 
vn -1.22465e-16 1 0 
vn -1.22465e-16 1 0 
vn -1.22465e-16 1 0 
vn -1.22465e-16 1 0 
vn -1.22465e-16 1 0 
vn -1.22465e-16 1 0 
vn -1.22465e-16 1 0 
vn -1.22465e-16 1 0 
vn -1.22465e-16 1 0 
vn -1.22465e-16 1 0 
vn -1.22465e-16 1 0 
vn -1.22465e-16 1 0 
vn -1.22465e-16 1 0 
vn -1.22465e-16 1 0 
vn -1.22465e-16 1 0 
vn -1.22465e-16 1 0 
vn -1.22465e-16 1 0 
vn -1.22465e-16 1 0 
vn -1.22465e-16 1 0 
vn -1.22465e-16 1 0 
vn -1.22465e-16 1 0 
vn -1.22465e-16 1 0 
vn -1.22465e-16 1 0 
vn -1.22465e-16 1 0 
vn -1.22465e-16 1 0 
vn -1.22465e-16 1 0 
vn -1.22465e-16 1 0 
vn -1.22465e-16 1 0 
vn -1.22465e-16 1 0 
vn -1.22465e-16 1 0 
f 1533//1533 1534//1534 1535//1535 
f 1536//1536 1537//1537 1538//1538 
f 1535//1535 1539//1539 1533//1533 
f 1536//1536 1540//1540 1537//1537 
f 1536//1536 1541//1541 1542//1542 
f 1533//1533 1543//1543 1544//1544 
f 1533//1533 1545//1545 1534//1534 
f 1542//1542 1540//1540 1536//1536 
f 1539//1539 1543//1543 1533//1533 
f 1545//1545 1533//1533 1546//1546 
f 1544//1544 1536//1536 1533//1533 
f 1538//1538 1533//1533 1536//1536 
f 1547//1547 1548//1548 1545//1545 
f 1549//1549 1550//1550 1551//1551 
f 1546//1546 1547//1547 1545//1545 
f 1552//1552 1553//1553 1554//1554 
f 1550//1550 1555//1555 1556//1556 
f 1551//1551 1557//1557 1549//1549 
f 1558//1558 1559//1559 1560//1560 
f 1561//1561 1562//1562 1563//1563 
f 1554//1554 1548//1548 1552//1552 
f 1564//1564 1562//1562 1565//1565 
f 1550//1550 1566//1566 1567//1567 
f 1549//1549 1555//1555 1550//1550 
f 1560//1560 1568//1568 1558//1558 
f 1558//1558 1569//1569 1570//1570 
f 1558//1558 1571//1571 1572//1572 
f 1558//1558 1573//1573 1574//1574 
f 1562//1562 1575//1575 1563//1563 
f 1576//1576 1577//1577 1578//1578 
f 1553//1553 1579//1579 1554//1554 
f 1553//1553 1580//1580 1581//1581 
f 1565//1565 1553//1553 1564//1564 
f 1582//1582 1583//1583 1584//1584 
f 1585//1585 1586//1586 1583//1583 
f 1587//1587 1588//1588 1589//1589 
f 1556//1556 1566//1566 1550//1550 
f 1568//1568 1590//1590 1558//1558 
f 1572//1572 1569//1569 1558//1558 
f 1574//1574 1591//1591 1558//1558 
f 1558//1558 1592//1592 1593//1593 
f 1563//1563 1594//1594 1561//1561 
f 1578//1578 1595//1595 1576//1576 
f 1553//1553 1596//1596 1579//1579 
f 1553//1553 1597//1597 1580//1580 
f 1565//1565 1598//1598 1553//1553 
f 1599//1599 1600//1600 1601//1601 
f 1602//1602 1603//1603 1600//1600 
f 1604//1604 1584//1584 1603//1603 
f 1583//1583 1582//1582 1585//1585 
f 1589//1589 1605//1605 1587//1587 
f 1590//1590 1550//1550 1558//1558 
f 1558//1558 1606//1606 1607//1607 
f 1591//1591 1571//1571 1558//1558 
f 1593//1593 1608//1608 1558//1558 
f 1558//1558 1609//1609 1610//1610 
f 1562//1562 1611//1611 1575//1575 
f 1611//1611 1562//1562 1577//1577 
f 1553//1553 1612//1612 1596//1596 
f 1598//1598 1597//1597 1553//1553 
f 1613//1613 1614//1614 1615//1615 
f 1614//1614 1616//1616 1617//1617 
f 1618//1618 1619//1619 1620//1620 
f 1621//1621 1622//1622 1619//1619 
f 1623//1623 1624//1624 1622//1622 
f 1625//1625 1626//1626 1624//1624 
f 1627//1627 1628//1628 1629//1629 
f 1630//1630 1631//1631 1628//1628 
f 1632//1632 1633//1633 1631//1631 
f 1634//1634 1601//1601 1633//1633 
f 1600//1600 1599//1599 1602//1602 
f 1584//1584 1604//1604 1582//1582 
f 1605//1605 1589//1589 1586//1586 
f 1635//1635 1636//1636 1588//1588 
f 1558//1558 1637//1637 1559//1559 
f 1570//1570 1606//1606 1558//1558 
f 1610//1610 1592//1592 1558//1558 
f 1576//1576 1611//1611 1577//1577 
f 1581//1581 1612//1612 1553//1553 
f 1553//1553 1638//1638 1639//1639 
f 1638//1638 1640//1640 1641//1641 
f 1638//1638 1642//1642 1643//1643 
f 1638//1638 1644//1644 1645//1645 
f 1644//1644 1646//1646 1647//1647 
f 1617//1617 1615//1615 1614//1614 
f 1616//1616 1648//1648 1649//1649 
f 1648//1648 1650//1650 1620//1620 
f 1619//1619 1618//1618 1621//1621 
f 1624//1624 1623//1623 1625//1625 
f 1651//1651 1652//1652 1626//1626 
f 1653//1653 1654//1654 1655//1655 
f 1656//1656 1657//1657 1654//1654 
f 1658//1658 1659//1659 1660//1660 
f 1661//1661 1629//1629 1659//1659 
f 1628//1628 1627//1627 1630//1630 
f 1633//1633 1632//1632 1634//1634 
f 1603//1603 1602//1602 1604//1604 
f 1587//1587 1635//1635 1588//1588 
f 1558//1558 1662//1662 1637//1637 
f 1608//1608 1573//1573 1558//1558 
f 1547//1547 1552//1552 1548//1548 
f 1639//1639 1663//1663 1553//1553 
f 1643//1643 1640//1640 1638//1638 
f 1647//1647 1645//1645 1644//1644 
f 1646//1646 1613//1613 1664//1664 
f 1649//1649 1617//1617 1616//1616 
f 1620//1620 1650//1650 1618//1618 
f 1626//1626 1625//1625 1651//1651 
f 1665//1665 1666//1666 1652//1652 
f 1667//1667 1655//1655 1666//1666 
f 1654//1654 1653//1653 1656//1656 
f 1668//1668 1669//1669 1657//1657 
f 1670//1670 1671//1671 1669//1669 
f 1672//1672 1660//1660 1671//1671 
f 1659//1659 1658//1658 1661//1661 
f 1631//1631 1630//1630 1632//1632 
f 1586//1586 1585//1585 1605//1605 
f 1558//1558 1673//1673 1662//1662 
f 1607//1607 1674//1674 1558//1558 
f 1553//1553 1675//1675 1564//1564 
f 1553//1553 1676//1676 1677//1677 
f 1553//1553 1678//1678 1679//1679 
f 1663//1663 1680//1680 1553//1553 
f 1681//1681 1682//1682 1683//1683 
f 1645//1645 1642//1642 1638//1638 
f 1615//1615 1664//1664 1613//1613 
f 1622//1622 1621//1621 1623//1623 
f 1666//1666 1665//1665 1667//1667 
f 1657//1657 1656//1656 1668//1668 
f 1671//1671 1670//1670 1672//1672 
f 1629//1629 1661//1661 1627//1627 
f 1635//1635 1684//1684 1636//1636 
f 1609//1609 1558//1558 1685//1685 
f 1674//1674 1673//1673 1558//1558 
f 1677//1677 1675//1675 1553//1553 
f 1680//1680 1678//1678 1553//1553 
f 1681//1681 1686//1686 1682//1682 
f 1664//1664 1647//1647 1646//1646 
f 1652//1652 1651//1651 1665//1665 
f 1669//1669 1668//1668 1670//1670 
f 1601//1601 1634//1634 1599//1599 
f 1567//1567 1558//1558 1550//1550 
f 1679//1679 1676//1676 1553//1553 
f 1683//1683 1687//1687 1681//1681 
f 1681//1681 1688//1688 1689//1689 
f 1620//1620 1649//1649 1648//1648 
f 1660//1660 1672//1672 1658//1658 
f 1690//1690 1691//1691 1692//1692 
f 1685//1685 1692//1692 1609//1609 
f 1638//1638 1693//1693 1639//1639 
f 1681//1681 1694//1694 1686//1686 
f 1695//1695 1577//1577 1694//1694 
f 1681//1681 1696//1696 1684//1684 
f 1689//1689 1697//1697 1681//1681 
f 1655//1655 1667//1667 1653//1653 
f 1685//1685 1698//1698 1692//1692 
f 1699//1699 1700//1700 1701//1701 
f 1561//1561 1565//1565 1562//1562 
f 1694//1694 1681//1681 1695//1695 
f 1697//1697 1696//1696 1681//1681 
f 1641//1641 1693//1693 1638//1638 
f 1690//1690 1702//1702 1691//1691 
f 1703//1703 1704//1704 1690//1690 
f 1701//1701 1705//1705 1699//1699 
f 1577//1577 1706//1706 1578//1578 
f 1577//1577 1707//1707 1708//1708 
f 1687//1687 1688//1688 1681//1681 
f 1635//1635 1709//1709 1684//1684 
f 1690//1690 1704//1704 1702//1702 
f 1710//1710 1711//1711 1703//1703 
f 1712//1712 1711//1711 1710//1710 
f 1576//1576 1713//1713 1699//1699 
f 1708//1708 1706//1706 1577//1577 
f 1684//1684 1709//1709 1681//1681 
f 1690//1690 1710//1710 1703//1703 
f 1701//1701 1700//1700 1712//1712 
f 1576//1576 1714//1714 1713//1713 
f 1695//1695 1707//1707 1577//1577 
f 1710//1710 1701//1701 1712//1712 
f 1595//1595 1714//1714 1576//1576 
f 1705//1705 1576//1576 1699//1699 
f 1692//1692 1698//1698 1690//1690 
v -0.0231309 0.0027941 -0.0543133 
v -0.0259299 0.00282347 -0.054312 
v -0.0259283 0.00290437 -0.0543072 
v -0.0259304 0.00279411 -0.0543137 
v -0.0231309 0.00289366 -0.0543085 
v -0.0259256 0.00295521 -0.0542993 
v -0.0231309 0.00295522 -0.0542993 
v -0.0259249 0.00296954 -0.054297 
v -0.0259206 0.00305271 -0.054284 
v -0.0231309 0.00304987 -0.0542851 
v -0.0259153 0.00311346 -0.0542682 
v -0.0259152 0.00311384 -0.0542681 
v -0.0231309 0.00311396 -0.0542685 
v -0.0259091 0.00318464 -0.0542496 
v -0.0259078 0.00319952 -0.0542457 
v -0.0231309 0.00320276 -0.0542454 
v -0.0258993 0.00326825 -0.0542202 
v -0.0231309 0.00326845 -0.0542208 
v -0.0258925 0.00332305 -0.0541999 
v -0.0258901 0.00334221 -0.0541928 
v -0.0231309 0.00335062 -0.0541899 
v -0.025878 0.00341676 -0.0541563 
v -0.0231309 0.0034169 -0.0541567 
v -0.0258716 0.0034562 -0.0541371 
v -0.0258681 0.00347742 -0.0541267 
v -0.0231309 0.00349182 -0.0541191 
v -0.0258516 0.0035577 -0.0540771 
v -0.0231309 0.00355758 -0.054077 
v -0.0258464 0.00358271 -0.0540616 
v -0.0258423 0.00360273 -0.0540493 
v -0.0231309 0.0036248 -0.0540339 
v -0.0258201 0.0036891 -0.0539828 
v -0.0231309 0.00368886 -0.0539826 
v -0.0231309 0.00374808 -0.0539351 
v -0.025784 0.00380894 -0.0538745 
v -0.025784 0.00380905 -0.0538744 
v -0.0231309 0.00380921 -0.0538746 
v -0.0258171 0.00370076 -0.0539738 
v -0.0258115 0.00372259 -0.053957 
v -0.0231309 0.00386029 -0.053824 
v -0.0257475 0.0039066 -0.0537649 
v -0.0257437 0.00391623 -0.0537535 
v -0.0257662 0.00385925 -0.0538211 
v -0.0231309 0.00391722 -0.0537543 
v -0.0257753 0.00383635 -0.0538483 
v -0.0231309 0.00396019 -0.0537016 
v -0.025708 0.00399326 -0.0536464 
v -0.0256998 0.00400978 -0.0536218 
v -0.0231309 0.00401165 -0.053623 
v -0.0257339 0.00394099 -0.0537241 
v -0.0231309 0.00404668 -0.0535695 
v -0.0256659 0.00406845 -0.0535202 
v -0.0256529 0.004089 -0.0534812 
v -0.0231309 0.00409139 -0.0534823 
v -0.0256881 0.00403343 -0.0535867 
v -0.0231309 0.00411878 -0.0534289 
v -0.0256217 0.00413159 -0.0533875 
v -0.0256035 0.00415322 -0.053333 
v -0.0231309 0.00415551 -0.0533339 
v -0.025639 0.00411098 -0.0534394 
v -0.0231309 0.00417571 -0.0532816 
v -0.0255757 0.00418201 -0.0532495 
v -0.0255521 0.00420166 -0.053179 
v -0.0231309 0.00420327 -0.0531794 
v -0.0255879 0.0041718 -0.0532862 
v -0.0231309 0.00421683 -0.0531291 
v -0.0255041 0.00423111 -0.0530349 
v -0.0254993 0.00423351 -0.0530205 
v -0.0231309 0.00423411 -0.0530206 
v -0.0255361 0.00421506 -0.0531308 
v -0.0255283 0.00421899 -0.0531073 
v -0.0231309 0.00424168 -0.0529731 
v -0.0254554 0.00424583 -0.0528888 
v -0.0254456 0.0042475 -0.0528595 
v -0.0231309 0.00424768 -0.0528595 
v -0.0254847 0.00424086 -0.0529766 
v -0.0254799 0.00424167 -0.0529622 
v -0.0254309 0.00425 -0.0528154 
v -0.0231309 0.00275 -0.0543154 
v -0.025931 0.00276751 -0.0543153 
v -0.025931 0.00275 -0.0543154 
v -0.0231309 0.00425 -0.0528154 
vn -7.88486e-09 0.0294301 -0.999567 
vn -7.87879e-09 0.0490318 -0.998797 
vn -7.84639e-09 0.102923 -0.994689 
vn -7.88486e-09 0.0294293 -0.999567 
vn -7.85202e-09 0.0957762 -0.995403 
vn -7.81392e-09 0.136989 -0.990573 
vn -7.8139e-09 0.136998 -0.990571 
vn -7.80309e-09 0.146572 -0.9892 
vn -7.72587e-09 0.201875 -0.979411 
vn -7.72904e-09 0.199915 -0.979813 
vn -7.65242e-09 0.242704 -0.9701 
vn -7.65192e-09 0.242959 -0.970036 
vn -7.6519e-09 0.242969 -0.970034 
vn -7.54922e-09 0.290031 -0.957017 
vn -7.52539e-09 0.29982 -0.953996 
vn -7.52037e-09 0.301837 -0.953359 
vn -7.40075e-09 0.346105 -0.938196 
vn -7.40074e-09 0.34611 -0.938194 
vn -7.28862e-09 0.382439 -0.923981 
vn -7.24685e-09 0.394989 -0.918686 
vn -7.22831e-09 0.400413 -0.916335 
vn -7.06331e-09 0.445225 -0.895419 
vn -7.06334e-09 0.445217 -0.895423 
vn -6.9574e-09 0.471265 -0.881992 
vn -6.89802e-09 0.485089 -0.874465 
vn -6.8561e-09 0.494549 -0.86915 
vn -6.64355e-09 0.539157 -0.842205 
vn -6.64365e-09 0.539138 -0.842218 
vn -6.55885e-09 0.555573 -0.831468 
vn -6.48934e-09 0.568539 -0.822656 
vn -6.40787e-09 0.583201 -0.812328 
vn -6.14641e-09 0.626797 -0.779183 
vn -6.14654e-09 0.626776 -0.779199 
vn -5.88859e-09 0.665387 -0.746499 
vn -5.5783e-09 0.707051 -0.707163 
vn -5.57775e-09 0.70712 -0.707094 
vn -5.57782e-09 0.707111 -0.707102 
vn -6.09759e-09 0.634415 -0.772993 
vn -6.00469e-09 0.648498 -0.761217 
vn -5.30402e-09 0.740195 -0.672393 
vn -5.00527e-09 0.772906 -0.63452 
vn -4.94415e-09 0.779203 -0.626771 
vn -5.29849e-09 0.740831 -0.671691 
vn -4.94411e-09 0.779208 -0.626766 
vn -5.43551e-09 0.724703 -0.689061 
vn -4.66064e-09 0.806795 -0.590831 
vn -4.38349e-09 0.831385 -0.555697 
vn -4.2529e-09 0.842215 -0.539141 
vn -4.25279e-09 0.842224 -0.539127 
vn -4.78491e-09 0.795019 -0.606584 
vn -3.96558e-09 0.86445 -0.502718 
vn -3.71885e-09 0.881898 -0.47144 
vn -3.512e-09 0.895423 -0.445217 
vn -3.51191e-09 0.895428 -0.445207 
vn -4.06327e-09 0.857128 -0.515103 
vn -3.22655e-09 0.91252 -0.409031 
vn -3.0181e-09 0.923912 -0.382605 
vn -2.7301e-09 0.938199 -0.346096 
vn -2.73012e-09 0.938198 -0.346099 
vn -3.28781e-09 0.909 -0.416797 
vn -2.45175e-09 0.950472 -0.310809 
vn -2.28854e-09 0.956991 -0.290119 
vn -1.91641e-09 0.97004 -0.242944 
vn -1.91653e-09 0.970037 -0.242959 
vn -2.47972e-09 0.949305 -0.314355 
vn -1.64976e-09 0.977886 -0.209141 
vn -1.15627e-09 0.989199 -0.146581 
vn -1.08048e-09 0.990575 -0.136973 
vn -1.0806e-09 0.990573 -0.136988 
vn -1.66022e-09 0.977601 -0.210467 
vn -1.53766e-09 0.980817 -0.194929 
vn -8.29479e-10 0.994456 -0.105153 
vn -3.86828e-10 0.998797 -0.0490384 
vn -2.32037e-10 0.999567 -0.0294155 
vn -2.3209e-10 0.999567 -0.0294222 
vn -8.47837e-10 0.994207 -0.107481 
vn -7.72697e-10 0.995191 -0.0979551 
vn 0 1 3.99827e-14 
vn -7.88828e-09 -4.16073e-08 -1 
vn -7.88774e-09 0.0116751 -0.999932 
vn -7.88828e-09 9.60962e-16 -1 
vn 0 1 5.6371e-15 
f 1715//1715 1716//1716 1717//1717 
f 1715//1715 1718//1718 1716//1716 
f 1719//1719 1717//1717 1720//1720 
f 1720//1720 1721//1721 1719//1719 
f 1721//1721 1722//1722 1723//1723 
f 1724//1724 1725//1725 1726//1726 
f 1724//1724 1723//1723 1725//1725 
f 1726//1726 1727//1727 1724//1724 
f 1721//1721 1720//1720 1722//1722 
f 1727//1727 1728//1728 1729//1729 
f 1730//1730 1729//1729 1731//1731 
f 1731//1731 1732//1732 1730//1730 
f 1727//1727 1726//1726 1728//1728 
f 1732//1732 1733//1733 1734//1734 
f 1735//1735 1734//1734 1736//1736 
f 1736//1736 1737//1737 1735//1735 
f 1732//1732 1731//1731 1733//1733 
f 1737//1737 1738//1738 1739//1739 
f 1740//1740 1739//1739 1741//1741 
f 1741//1741 1742//1742 1740//1740 
f 1737//1737 1736//1736 1738//1738 
f 1742//1742 1743//1743 1744//1744 
f 1745//1745 1744//1744 1746//1746 
f 1746//1746 1747//1747 1745//1745 
f 1742//1742 1741//1741 1743//1743 
f 1748//1748 1749//1749 1750//1750 
f 1750//1750 1751//1751 1748//1748 
f 1747//1747 1752//1752 1753//1753 
f 1747//1747 1746//1746 1752//1752 
f 1753//1753 1749//1749 1747//1747 
f 1754//1754 1755//1755 1756//1756 
f 1754//1754 1757//1757 1755//1755 
f 1756//1756 1758//1758 1754//1754 
f 1751//1751 1750//1750 1759//1759 
f 1759//1759 1757//1757 1751//1751 
f 1760//1760 1761//1761 1762//1762 
f 1762//1762 1763//1763 1760//1760 
f 1758//1758 1756//1756 1764//1764 
f 1764//1764 1761//1761 1758//1758 
f 1765//1765 1766//1766 1767//1767 
f 1767//1767 1768//1768 1765//1765 
f 1763//1763 1762//1762 1769//1769 
f 1769//1769 1766//1766 1763//1763 
f 1770//1770 1771//1771 1772//1772 
f 1772//1772 1773//1773 1770//1770 
f 1768//1768 1767//1767 1774//1774 
f 1774//1774 1771//1771 1768//1768 
f 1775//1775 1776//1776 1777//1777 
f 1777//1777 1778//1778 1775//1775 
f 1773//1773 1772//1772 1779//1779 
f 1779//1779 1776//1776 1773//1773 
f 1780//1780 1781//1781 1782//1782 
f 1782//1782 1783//1783 1780//1780 
f 1778//1778 1777//1777 1784//1784 
f 1784//1784 1785//1785 1778//1778 
f 1785//1785 1781//1781 1778//1778 
f 1786//1786 1787//1787 1788//1788 
f 1788//1788 1789//1789 1786//1786 
f 1783//1783 1782//1782 1790//1790 
f 1790//1790 1791//1791 1783//1783 
f 1791//1791 1787//1787 1783//1783 
f 1789//1789 1788//1788 1792//1792 
f 1793//1793 1794//1794 1718//1718 
f 1793//1793 1795//1795 1794//1794 
f 1718//1718 1715//1715 1793//1793 
f 1792//1792 1796//1796 1789//1789 
f 1786//1786 1783//1783 1787//1787 
f 1780//1780 1778//1778 1781//1781 
f 1775//1775 1773//1773 1776//1776 
f 1770//1770 1768//1768 1771//1771 
f 1765//1765 1763//1763 1766//1766 
f 1760//1760 1758//1758 1761//1761 
f 1754//1754 1751//1751 1757//1757 
f 1748//1748 1747//1747 1749//1749 
f 1744//1744 1745//1745 1742//1742 
f 1739//1739 1740//1740 1737//1737 
f 1734//1734 1735//1735 1732//1732 
f 1729//1729 1730//1730 1727//1727 
f 1723//1723 1724//1724 1721//1721 
f 1717//1717 1719//1719 1715//1715 
v -0.0261486 0.00396214 -0.053533 
v -0.026104 0.00396046 -0.0535758 
v -0.0261692 0.00391888 -0.0535999 
v -0.0261454 0.00391754 -0.0536222 
v -0.0264774 0.00382301 -0.0531956 
v -0.0264911 0.00381006 -0.0531688 
v -0.0264364 0.00385895 -0.0531506 
v -0.0264911 0.00381003 -0.0531688 
v -0.026638 0.00275 -0.0540225 
v -0.0266353 0.00284358 -0.0540197 
v -0.0265997 0.00284349 -0.0540531 
v -0.0269305 0.00275 -0.0533448 
v -0.0269309 0.00275 -0.0533154 
v -0.0269287 0.00279409 -0.0533146 
v -0.0269277 0.00282588 -0.0533637 
v -0.0269288 0.00275 -0.0533644 
v -0.0257256 0.00420789 -0.05311 
v -0.0256886 0.00420634 -0.0531463 
v -0.0257981 0.00417293 -0.0532311 
v -0.0257734 0.00417101 -0.0532549 
v -0.0259634 0.0039362 -0.0536938 
v -0.0259147 0.00392184 -0.0537292 
v -0.0259695 0.00388413 -0.053764 
v -0.0259434 0.003876 -0.0537819 
v -0.0260122 0.00407104 -0.0533966 
v -0.0259183 0.00412816 -0.0533028 
v -0.0258879 0.00412722 -0.0533325 
v -0.0260582 0.00395555 -0.0536169 
v -0.0260112 0.00394745 -0.0536563 
v -0.0260718 0.00390832 -0.0536863 
v -0.0260466 0.00390354 -0.0537066 
v -0.0261038 0.00400163 -0.0534882 
v -0.025976 0.00406979 -0.0534318 
v -0.0261212 0.00391533 -0.0536441 
v -0.0260967 0.00391225 -0.0536654 
v -0.026062 0.00400009 -0.0535285 
v -0.0260191 0.00399558 -0.0535675 
v -0.025939 0.00406615 -0.053466 
v -0.0259793 0.00403243 -0.0535172 
v -0.0259386 0.00402569 -0.0535526 
v -0.0260211 0.00389791 -0.0537263 
v -0.0259954 0.00389144 -0.0537454 
v -0.0259752 0.00398815 -0.053605 
v -0.0259306 0.00397781 -0.0536408 
v -0.0258973 0.00401632 -0.0535867 
v -0.0259015 0.00406012 -0.0534993 
v -0.0258634 0.00405175 -0.0535314 
v -0.025857 0.00412445 -0.0533616 
v -0.0258258 0.00411988 -0.0533902 
v -0.0258226 0.00417359 -0.0532071 
v -0.0257485 0.00416784 -0.0532782 
v -0.0257942 0.00411352 -0.053418 
v -0.025829 0.00408413 -0.0534752 
v -0.0257233 0.00416341 -0.0533012 
v -0.0257939 0.00407471 -0.0535043 
v -0.0258161 0.00388391 -0.0537935 
v -0.0258642 0.00384666 -0.0538319 
v -0.0258907 0.00385725 -0.0538159 
v -0.0258376 0.00383525 -0.0538472 
v -0.0258555 0.00400434 -0.0536194 
v -0.0258656 0.0039044 -0.0537625 
v -0.0259171 0.00386704 -0.0537993 
v -0.0258854 0.00396461 -0.053675 
v -0.0258398 0.00394858 -0.0537073 
v -0.0258133 0.00398978 -0.0536505 
v -0.025825 0.00404103 -0.0535624 
v -0.0257862 0.00402801 -0.0535922 
v -0.0257709 0.00397267 -0.0536801 
v -0.0257939 0.00392973 -0.0537378 
v -0.0257473 0.0040127 -0.0536206 
v -0.0257586 0.00406324 -0.0535324 
v -0.0257231 0.00404976 -0.0535594 
v -0.0256981 0.00415775 -0.0533237 
v -0.0257304 0.00413305 -0.0533848 
v -0.0257624 0.00410537 -0.053445 
v -0.0257304 0.00409547 -0.0534713 
v -0.0257017 0.00412468 -0.053409 
v -0.0256727 0.00415086 -0.0533457 
v -0.025673 0.00411483 -0.0534326 
v -0.0256983 0.00408381 -0.0534967 
v -0.0256473 0.00414275 -0.0533672 
v -0.0256512 0.00420173 -0.0531818 
v -0.0256324 0.00419829 -0.0531992 
v -0.0256276 0.00423168 -0.0530121 
v -0.0255293 0.00424552 -0.0529137 
v -0.0255169 0.00424532 -0.052926 
v -0.0256699 0.00420441 -0.0531641 
v -0.025603 0.00423093 -0.0530365 
v -0.0255781 0.00422874 -0.0530605 
v -0.0254678 0.00424869 -0.0528768 
v -0.0255046 0.00424473 -0.0529382 
v -0.0254309 0.00425 -0.0528154 
v -0.0255228 0.00423598 -0.0530174 
v -0.0255532 0.0042251 -0.0530842 
v -0.0255657 0.00422709 -0.0530724 
v -0.0254922 0.00424376 -0.0529503 
v -0.0256433 0.00417401 -0.0532814 
v -0.0256211 0.00416755 -0.0533008 
v -0.0256135 0.0041941 -0.0532164 
v -0.0255408 0.00422274 -0.0530959 
v -0.0255678 0.00420758 -0.053165 
v -0.0255946 0.00418917 -0.0532333 
v -0.0254456 0.0042475 -0.0528595 
v -0.0263424 0.00389806 -0.0534062 
v -0.0263616 0.00389156 -0.0533805 
v -0.0262569 0.00397792 -0.0533156 
v -0.0259829 0.00414275 -0.0530319 
v -0.0259636 0.00414949 -0.052993 
v -0.0259492 0.00415418 -0.0529881 
v -0.0259164 0.00416755 -0.0530057 
v -0.0264153 0.00386705 -0.053302 
v -0.0264319 0.00385724 -0.0532756 
v -0.0263233 0.00394858 -0.0532246 
v -0.0262363 0.00401269 -0.0531319 
v -0.026238 0.00401038 -0.0530844 
v -0.0261999 0.00403251 -0.0530717 
v -0.0262499 0.00400418 -0.0531124 
v -0.0262533 0.00400151 -0.0530895 
v -0.0262628 0.00399466 -0.0530927 
v -0.0264478 0.00384662 -0.053249 
v -0.0264629 0.00383521 -0.0532223 
v -0.0264093 0.00388388 -0.0532008 
v -0.0263678 0.00391925 -0.0531554 
v -0.0263698 0.0039169 -0.0531284 
v -0.0263793 0.00390996 -0.0531315 
v -0.0264237 0.00387251 -0.0531759 
v -0.0263535 0.00392971 -0.0531785 
v -0.0263386 0.00393949 -0.0532016 
v -0.0263942 0.00389451 -0.0532257 
v -0.0262223 0.00402064 -0.0531515 
v -0.0260483 0.00411483 -0.0530576 
v -0.0261124 0.00408381 -0.0530829 
v -0.0260973 0.00408974 -0.0530375 
v -0.026114 0.00408227 -0.0530431 
v -0.0261751 0.00404975 -0.0531077 
v -0.0261482 0.00406325 -0.0531433 
v -0.026208 0.00402802 -0.053171 
v -0.0260871 0.00409548 -0.0531151 
v -0.0260703 0.00410183 -0.0530285 
v -0.0260248 0.00412469 -0.0530864 
v -0.0261202 0.00407475 -0.0531787 
v -0.0261784 0.00404108 -0.0532098 
v -0.0261934 0.00403484 -0.0531904 
v -0.0263801 0.00388422 -0.0533545 
v -0.026398 0.00387604 -0.0533284 
v -0.026291 0.00396466 -0.0532703 
v -0.0263074 0.00395697 -0.0532475 
v -0.0262742 0.00397165 -0.053293 
v -0.026163 0.00404674 -0.0532291 
v -0.0260609 0.00410541 -0.0531471 
v -0.0260911 0.00408421 -0.0532139 
v -0.0261474 0.00405183 -0.0532483 
v -0.0259169 0.00416346 -0.053108 
v -0.0260338 0.00411358 -0.053179 
v -0.0260006 0.00413308 -0.0531151 
v -0.0259614 0.00415087 -0.0530573 
v -0.0258149 0.00419831 -0.053017 
v -0.0259394 0.00415778 -0.0530827 
v -0.0258971 0.00417402 -0.0530279 
v -0.0256506 0.00423264 -0.0528886 
v -0.025633 0.00423598 -0.0529073 
v -0.0256998 0.0042251 -0.0529378 
v -0.0257115 0.00422274 -0.0529253 
v -0.0257805 0.00420759 -0.0529523 
v -0.0258054 0.00420071 -0.0529402 
v -0.025795 0.00420286 -0.0529367 
v -0.0258489 0.00418917 -0.0529792 
v -0.0258648 0.00418147 -0.05296 
v -0.0259348 0.00415883 -0.0529834 
v -0.025832 0.00419411 -0.0529981 
v -0.0257946 0.00420294 -0.0529366 
v -0.0257226 0.00421778 -0.0529126 
v -0.0255656 0.00424243 -0.0528767 
v -0.0255776 0.00424021 -0.0528643 
v -0.0255044 0.00424697 -0.0528399 
v -0.0256363 0.00423479 -0.0528839 
v -0.0256432 0.00423416 -0.0528862 
v -0.0255032 0.00424682 -0.0528411 
v -0.0254812 0.00424911 -0.0528322 
v -0.0254751 0.00424921 -0.0528301 
v -0.0255537 0.00424473 -0.0528891 
v -0.0256761 0.00422875 -0.0529627 
v -0.025688 0.0042271 -0.0529502 
v -0.0257974 0.00420175 -0.0530358 
v -0.025894 0.00416789 -0.0531331 
v -0.02626 0.0039155 -0.053506 
v -0.0262814 0.00391244 -0.0534816 
v -0.0261834 0.00399573 -0.0534039 
v -0.026006 0.00411996 -0.0532105 
v -0.0261152 0.00406023 -0.0532863 
v -0.0261314 0.00405633 -0.0532674 
v -0.0263023 0.00390851 -0.0534567 
v -0.0263227 0.00390371 -0.0534316 
v -0.026221 0.00398829 -0.0533601 
v -0.0262392 0.00398347 -0.0533379 
v -0.0262024 0.00399238 -0.0533821 
v -0.0260987 0.00406354 -0.0533051 
v -0.0259774 0.00412453 -0.0532417 
v -0.0260819 0.00406626 -0.0533238 
v -0.0260475 0.00406987 -0.0533606 
v -0.0262156 0.00391896 -0.0535538 
v -0.026238 0.00391767 -0.0535301 
v -0.0261443 0.00400019 -0.0534466 
v -0.026164 0.00399834 -0.0534254 
v -0.0261242 0.00400129 -0.0534676 
v -0.0259482 0.00412727 -0.0532725 
v -0.0258706 0.00417106 -0.053158 
v -0.0258468 0.00417296 -0.0531827 
v -0.0257619 0.00420636 -0.0530731 
v -0.025652 0.00423095 -0.0529875 
v -0.0257798 0.00420444 -0.0530545 
v -0.0255415 0.00424532 -0.0529014 
v -0.0268093 0.00333764 -0.0533187 
v -0.0268146 0.00332732 -0.0532766 
v -0.0267848 0.00338985 -0.0532667 
v -0.0268533 0.00275 -0.053698 
v -0.0268517 0.00283838 -0.0536967 
v -0.0268319 0.00283959 -0.0537415 
v -0.0268987 0.00305085 -0.0533526 
v -0.0269015 0.00304292 -0.0533056 
v -0.0268837 0.00311347 -0.0532997 
v -0.0268981 0.00283385 -0.0535572 
v -0.0269009 0.00275 -0.0535586 
v -0.0269009 0.00275 -0.0535584 
v -0.0269218 0.00290144 -0.0533614 
v -0.0269232 0.0029 -0.0533128 
v -0.0269148 0.00295522 -0.05331 
v -0.0269121 0.00297649 -0.0533577 
v -0.0269177 0.00283013 -0.0534611 
v -0.0269196 0.00275 -0.0534621 
v -0.0269215 0.00275 -0.0534524 
v -0.0269239 0.00282807 -0.0534125 
v -0.0269177 0.00290574 -0.0534099 
v -0.0269091 0.00283206 -0.0535094 
v -0.0269112 0.00290978 -0.053458 
v -0.0269075 0.00298278 -0.0534055 
v -0.0269127 0.00296955 -0.0533093 
v -0.0269006 0.00298869 -0.053453 
v -0.0268934 0.00305898 -0.0533995 
v -0.0269023 0.00291356 -0.0535059 
v -0.0268913 0.00299422 -0.0535002 
v -0.0268859 0.00306663 -0.0534461 
v -0.0268912 0.00291707 -0.0535533 
v -0.0268864 0.00275 -0.0536056 
v -0.0268849 0.00283551 -0.0536044 
v -0.0268694 0.00283701 -0.053651 
v -0.0268778 0.00292031 -0.0536002 
v -0.0268691 0.00275 -0.0536615 
v -0.0268622 0.00292326 -0.0536463 
v -0.0268662 0.00300409 -0.0535932 
v -0.0268799 0.00299935 -0.053547 
v -0.0268762 0.00307378 -0.0534925 
v -0.0268643 0.00308041 -0.0535384 
v -0.0268503 0.00300841 -0.0536388 
v -0.0268503 0.00308653 -0.0535838 
v -0.0268444 0.00292593 -0.0536917 
v -0.0268323 0.0030123 -0.0536836 
v -0.0268341 0.00309211 -0.0536286 
v -0.0268571 0.00315196 -0.0534827 
v -0.026861 0.00319674 -0.0533383 
v -0.0268654 0.00318604 -0.0532936 
v -0.026841 0.00325397 -0.0532854 
v -0.0268756 0.00313413 -0.0533919 
v -0.0268816 0.00312433 -0.0533461 
v -0.0268836 0.00311387 -0.0532996 
v -0.0268674 0.00314335 -0.0534374 
v -0.0268541 0.00320802 -0.0533828 
v -0.0268451 0.00321861 -0.0534271 
v -0.026829 0.00328042 -0.0533722 
v -0.0268368 0.00326791 -0.0533291 
v -0.0268358 0.00326829 -0.0532837 
v -0.0268192 0.00329217 -0.0534151 
v -0.0268005 0.00335112 -0.0533602 
v -0.0268341 0.00322851 -0.0534711 
v -0.0268075 0.00330315 -0.0534577 
v -0.0267898 0.00336379 -0.0534015 
v -0.0268212 0.0032377 -0.0535147 
v -0.0268302 0.00316733 -0.053572 
v -0.0268447 0.00315996 -0.0535276 
v -0.0268138 0.00317405 -0.0536158 
v -0.0268063 0.00324616 -0.0535579 
v -0.0268159 0.00309715 -0.0536726 
v -0.0267953 0.00318012 -0.0536588 
v -0.0267894 0.00325389 -0.0536006 
v -0.0267786 0.00332272 -0.0535418 
v -0.026794 0.00331334 -0.0535 
v -0.0267774 0.00337562 -0.0534426 
v -0.0267633 0.00338659 -0.0534834 
v -0.0267614 0.00333128 -0.0535831 
v -0.0267474 0.00339669 -0.0535238 
v -0.0267708 0.00326085 -0.0536425 
v -0.0267425 0.00333899 -0.0536238 
v -0.0267299 0.0034059 -0.0535636 
v -0.0267957 0.00310163 -0.0537158 
v -0.0267614 0.00275 -0.0538708 
v -0.0267596 0.00284229 -0.0538692 
v -0.0267314 0.00284286 -0.0539092 
v -0.0268244 0.0029283 -0.0537362 
v -0.0268115 0.00275 -0.0537867 
v -0.0268099 0.00284065 -0.0537853 
v -0.0267858 0.00284155 -0.0538279 
v -0.0268263 0.00275 -0.0537606 
v -0.0268024 0.00293037 -0.0537796 
v -0.0267731 0.00275 -0.0538545 
v -0.0267782 0.00293214 -0.0538219 
v -0.0267902 0.0030188 -0.0537705 
v -0.0268123 0.00301577 -0.0537275 
v -0.026766 0.00302138 -0.0538123 
v -0.0267735 0.00310554 -0.053758 
v -0.0267521 0.00293359 -0.053863 
v -0.0267399 0.00302349 -0.0538529 
v -0.0267494 0.00310887 -0.0537992 
v -0.026724 0.00293471 -0.0539027 
v -0.0266708 0.00275 -0.053986 
v -0.0267034 0.00275 -0.0539496 
v -0.0267013 0.00284327 -0.0539476 
v -0.0267101 0.00275 -0.0539422 
v -0.0266692 0.00284351 -0.0539845 
v -0.0266939 0.00293551 -0.0539409 
v -0.026662 0.00293598 -0.0539776 
v -0.026682 0.00302631 -0.05393 
v -0.0267119 0.00302514 -0.0538922 
v -0.0267234 0.0031116 -0.0538392 
v -0.0266955 0.00311373 -0.0538779 
v -0.0266502 0.00302699 -0.0539664 
v -0.0266657 0.00311524 -0.0539152 
v -0.0266282 0.00293613 -0.0540126 
v -0.0266167 0.0030272 -0.0540011 
v -0.0266343 0.00311612 -0.0539511 
v -0.0267026 0.00319751 -0.0538221 
v -0.0267502 0.00326704 -0.0536837 
v -0.0267527 0.00319022 -0.0537425 
v -0.0267749 0.00318551 -0.0537011 
v -0.0267286 0.00319422 -0.0537828 
v -0.0267279 0.00327244 -0.0537241 
v -0.0267038 0.00327703 -0.0537635 
v -0.0266995 0.00335183 -0.053703 
v -0.0267218 0.00334585 -0.0536638 
v -0.0267107 0.0034142 -0.0536029 
v -0.0266899 0.00342157 -0.0536416 
v -0.0266755 0.00335692 -0.0537413 
v -0.0266676 0.003428 -0.0536795 
v -0.026678 0.00328081 -0.0538018 
v -0.0266499 0.00336109 -0.0537786 
v -0.0266437 0.00343347 -0.0537166 
v -0.0266506 0.00328374 -0.053839 
v -0.0266455 0.00320188 -0.0538968 
v -0.0266749 0.00320007 -0.0538601 
v -0.0266144 0.00320295 -0.0539321 
v -0.0266215 0.00328582 -0.053875 
v -0.0266011 0.00311639 -0.0539855 
v -0.0265816 0.00320327 -0.053966 
v -0.0265908 0.00328705 -0.0539097 
v -0.026594 0.00336665 -0.05385 
v -0.0266227 0.00336434 -0.0538149 
v -0.0266183 0.00343796 -0.0537528 
v -0.0265915 0.00344145 -0.0537881 
v -0.0265638 0.003368 -0.0538839 
v -0.0265633 0.00344393 -0.0538222 
v -0.0265586 0.00328741 -0.053943 
v -0.0265322 0.00336841 -0.0539166 
v -0.0265336 0.00344538 -0.0538553 
v -0.0266756 0.00348611 -0.05358 
v -0.0266667 0.00359859 -0.0532654 
v -0.0266702 0.00359487 -0.0532285 
v -0.0266342 0.00364229 -0.0532165 
v -0.026744 0.00344564 -0.053426 
v -0.0267443 0.00347205 -0.0532943 
v -0.0267493 0.00346449 -0.0532548 
v -0.0267157 0.0035198 -0.0532437 
v -0.0267686 0.00341992 -0.0533469 
v -0.0267784 0.00340575 -0.0533071 
v -0.026772 0.00341682 -0.0532624 
v -0.0267571 0.00343322 -0.0533866 
v -0.0267335 0.0034866 -0.0533323 
v -0.0267211 0.00350024 -0.0533702 
v -0.0266952 0.00355102 -0.0533166 
v -0.026707 0.00353639 -0.0532804 
v -0.0266927 0.00355775 -0.053236 
v -0.0266821 0.00356473 -0.0533526 
v -0.0266541 0.00361306 -0.0532997 
v -0.0267073 0.00351297 -0.0534079 
v -0.0266676 0.00357753 -0.0533885 
v -0.0266402 0.00362662 -0.0533339 
v -0.026692 0.00352478 -0.0534453 
v -0.0267129 0.00346775 -0.0535039 
v -0.0267292 0.00345716 -0.0534651 
v -0.026695 0.00347741 -0.0535422 
v -0.0266752 0.00353563 -0.0534824 
v -0.026657 0.00354552 -0.0535191 
v -0.0266347 0.00360027 -0.0534595 
v -0.0265915 0.00366171 -0.0534352 
v -0.0266518 0.00358938 -0.0534241 
v -0.0266252 0.00363925 -0.0533679 
v -0.0265534 0.0036803 -0.0535013 
v -0.0265967 0.00361912 -0.053529 
v -0.0266163 0.00361019 -0.0534945 
v -0.0266375 0.00355442 -0.0535553 
v -0.0265802 0.00369812 -0.0533462 
v -0.0265635 0.00372953 -0.0532628 
v -0.0265791 0.00371485 -0.0531981 
v -0.0265411 0.00375601 -0.0531854 
v -0.0265897 0.00370098 -0.0532016 
v -0.0266101 0.0036726 -0.0532817 
v -0.0265986 0.00368927 -0.0532046 
v -0.0266234 0.00365849 -0.0532494 
v -0.0265329 0.00375409 -0.0533235 
v -0.0265144 0.00378375 -0.053243 
v -0.0264834 0.00380714 -0.0532999 
v -0.0264985 0.0037751 -0.0533835 
v -0.0265461 0.00371997 -0.0534098 
v -0.026508 0.00373805 -0.0534724 
v -0.0264607 0.00379246 -0.0534425 
v -0.0264491 0.00382712 -0.0533563 
v -0.0264119 0.00384362 -0.0534119 
v -0.0265109 0.00369491 -0.0535657 
v -0.0265837 0.00351101 -0.0537246 
v -0.0265538 0.00363395 -0.0535966 
v -0.0265944 0.00356922 -0.0536261 
v -0.0266166 0.00356233 -0.053591 
v -0.0266325 0.00350058 -0.0536538 
v -0.0266548 0.00349384 -0.0536173 
v -0.0266088 0.0035063 -0.0536896 
v -0.026571 0.00357508 -0.0536605 
v -0.0265064 0.00364463 -0.0536619 
v -0.0265463 0.00357988 -0.0536942 
v -0.0264546 0.00365103 -0.0537242 
v -0.0264933 0.00358627 -0.053759 
v -0.0265204 0.00358362 -0.053727 
v -0.0265296 0.00351726 -0.0537918 
v -0.0265573 0.00351466 -0.0537587 
v -0.0264358 0.00358831 -0.0538202 
v -0.0264705 0.00351924 -0.0538549 
v -0.0265006 0.00351878 -0.0538239 
v -0.0265027 0.00344582 -0.0538871 
v -0.0264644 0.00370543 -0.0536279 
v -0.0263988 0.00365307 -0.0537832 
v -0.026414 0.00371173 -0.0536877 
v -0.0264206 0.00376245 -0.0535927 
v -0.0264196 0.00380609 -0.0535003 
v -0.0264661 0.00375224 -0.0535335 
v -0.0263754 0.00381587 -0.0535565 
v -0.0263718 0.00385656 -0.0534663 
v -0.0263289 0.00386585 -0.0535194 
v -0.0263282 0.00382174 -0.0536107 
v -0.02636 0.00371374 -0.0537445 
v -0.0263717 0.00376856 -0.0536497 
v -0.0263197 0.00377053 -0.0537042 
v -0.0262783 0.00382363 -0.0536627 
v -0.0262836 0.00387142 -0.0535708 
v -0.0262359 0.00387321 -0.0536203 
v -0.0262656 0.00283702 -0.0542529 
v -0.0262675 0.00275 -0.0542565 
v -0.026277 0.00275 -0.0542536 
v -0.0264069 0.00351703 -0.0539135 
v -0.0264706 0.00344526 -0.0539178 
v -0.0264373 0.0034437 -0.0539471 
v -0.0264422 0.0028415 -0.0541688 
v -0.0264446 0.00275 -0.054172 
v -0.0264701 0.00275 -0.0541576 
v -0.0265474 0.00320285 -0.0539984 
v -0.0265238 0.00284282 -0.0541147 
v -0.026526 0.00275 -0.0541173 
v -0.0265577 0.00275 -0.0540946 
v -0.0265816 0.00302693 -0.0540342 
v -0.0265928 0.00293594 -0.0540459 
v -0.0266016 0.00275 -0.0540551 
v -0.0265625 0.00284323 -0.0540848 
v -0.0265558 0.00293544 -0.0540775 
v -0.0265664 0.00311604 -0.0540183 
v -0.0265449 0.0030262 -0.0540656 
v -0.0265302 0.0031151 -0.0540494 
v -0.0265068 0.003025 -0.0540953 
v -0.0265173 0.00293462 -0.0541073 
v -0.0264836 0.00284224 -0.0541427 
v -0.0264774 0.00293349 -0.0541353 
v -0.0264926 0.00311355 -0.0540789 
v -0.0264674 0.00302335 -0.0541232 
v -0.0264537 0.00311141 -0.0541066 
v -0.0265118 0.00320171 -0.0540292 
v -0.0264748 0.00319985 -0.0540584 
v -0.0264993 0.00336788 -0.0539479 
v -0.026525 0.00328694 -0.0539748 
v -0.02649 0.00328563 -0.0540052 
v -0.0264651 0.00336643 -0.0539778 
v -0.0264298 0.00336407 -0.0540063 
v -0.0264538 0.00328349 -0.0540341 
v -0.0264366 0.00319728 -0.054086 
v -0.0264165 0.00328054 -0.0540615 
v -0.026403 0.00344116 -0.0539752 
v -0.0263934 0.0033608 -0.0540334 
v -0.0263676 0.00343765 -0.0540019 
v -0.0263973 0.00319401 -0.0541119 
v -0.0263559 0.00283957 -0.054215 
v -0.0263581 0.00275 -0.0542186 
v -0.0263761 0.00275 -0.0542108 
v -0.0264267 0.00302124 -0.0541492 
v -0.0264363 0.00293205 -0.0541613 
v -0.0263996 0.00284061 -0.0541929 
v -0.026394 0.0029303 -0.0541855 
v -0.0264136 0.00310869 -0.0541326 
v -0.0263848 0.00301869 -0.0541733 
v -0.0263724 0.0031054 -0.0541568 
v -0.026342 0.0030157 -0.0541955 
v -0.0263506 0.00292826 -0.0542076 
v -0.0263112 0.00283837 -0.054235 
v -0.0263062 0.00292591 -0.0542277 
v -0.0263303 0.00310153 -0.054179 
v -0.0262981 0.00301227 -0.0542157 
v -0.0262872 0.0030971 -0.0541993 
v -0.026357 0.00319004 -0.054136 
v -0.0263156 0.00318538 -0.0541583 
v -0.026356 0.00335664 -0.0540589 
v -0.026378 0.00327678 -0.0540872 
v -0.0263386 0.00327223 -0.0541113 
v -0.0263313 0.00343317 -0.0540272 
v -0.0263176 0.00335159 -0.0540829 
v -0.0262942 0.00342775 -0.0540511 
v -0.0262785 0.00334567 -0.0541053 
v -0.0262983 0.00326688 -0.0541337 
v -0.0262735 0.00318005 -0.0541788 
v -0.0262572 0.00326076 -0.0541543 
v -0.0262563 0.00342138 -0.0540735 
v -0.0262386 0.00333889 -0.0541261 
v -0.0262177 0.00341407 -0.0540943 
v -0.0263394 0.00351069 -0.0539674 
v -0.0263044 0.003506 -0.0539924 
v -0.0262524 0.00382309 -0.0536878 
v -0.0263318 0.00371316 -0.0537717 
v -0.0263736 0.00351437 -0.0539411 
v -0.0263394 0.00365081 -0.0538387 
v -0.0263742 0.00358605 -0.0538773 
v -0.0262768 0.00364433 -0.0538902 
v -0.0263091 0.00357957 -0.05393 
v -0.0262732 0.00370885 -0.0538236 
v -0.0263029 0.00371153 -0.0537981 
v -0.026226 0.00382158 -0.0537123 
v -0.026199 0.00381909 -0.0537361 
v -0.0261715 0.00381564 -0.0537593 
v -0.0261436 0.00381123 -0.0537817 
v -0.0261783 0.00375759 -0.0538276 
v -0.0262429 0.00370514 -0.0538482 
v -0.0262686 0.00350031 -0.0540161 
v -0.026232 0.00349363 -0.0540384 
v -0.0262115 0.00363369 -0.0539375 
v -0.0262409 0.00356895 -0.0539781 
v -0.026212 0.00370041 -0.0538719 
v -0.0261439 0.00361897 -0.0539804 
v -0.0262058 0.00356212 -0.0540003 
v -0.0261702 0.00355428 -0.0540212 
v -0.0261949 0.00348597 -0.0540593 
v -0.0261486 0.00368791 -0.0539164 
v -0.0261806 0.00369466 -0.0538947 
v -0.0261484 0.00375201 -0.0538498 
v -0.026118 0.00374544 -0.0538712 
v -0.0261152 0.00380587 -0.0538034 
v -0.0260873 0.00373791 -0.0538917 
v -0.0260865 0.00379957 -0.0538244 
v -0.0260575 0.00379233 -0.0538445 
v -0.0261571 0.00347735 -0.0540788 
v -0.0261256 0.00275 -0.0542948 
v -0.0261245 0.0028321 -0.0542931 
v -0.0260764 0.00283018 -0.0543019 
v -0.0262305 0.00317405 -0.0541974 
v -0.0261721 0.00283389 -0.054282 
v -0.0261737 0.00275 -0.0542855 
v -0.0261739 0.00275 -0.0542854 
v -0.0262535 0.00300842 -0.0542338 
v -0.026261 0.00292327 -0.0542456 
v -0.0262192 0.00283553 -0.0542685 
v -0.0262149 0.00292035 -0.0542614 
v -0.0262433 0.00309212 -0.0542177 
v -0.026208 0.00300414 -0.0542499 
v -0.0261986 0.00308659 -0.054234 
v -0.026162 0.00299944 -0.0542637 
v -0.0261683 0.00291713 -0.054275 
v -0.026121 0.00291363 -0.0542864 
v -0.0261534 0.00308051 -0.0542482 
v -0.0261154 0.00299432 -0.0542754 
v -0.0261076 0.0030739 -0.0542603 
v -0.0261868 0.00316738 -0.054214 
v -0.0261426 0.00316006 -0.0542286 
v -0.026198 0.00333124 -0.0541451 
v -0.0262153 0.00325387 -0.0541731 
v -0.0261728 0.00324621 -0.0541901 
v -0.0261785 0.00340585 -0.0541136 
v -0.0261568 0.00332276 -0.0541624 
v -0.0261387 0.00339671 -0.0541313 
v -0.026115 0.00331344 -0.054178 
v -0.0261298 0.0032378 -0.0542051 
v -0.0260979 0.0031521 -0.0542412 
v -0.0260863 0.00322865 -0.0542182 
v -0.0260985 0.00338668 -0.0541473 
v -0.0260729 0.00330329 -0.0541917 
v -0.0260578 0.00337575 -0.0541615 
v -0.0260527 0.0031435 -0.0542516 
v -0.0260287 0.00275 -0.0543092 
v -0.0260279 0.00282811 -0.0543082 
v -0.0259792 0.00282591 -0.0543121 
v -0.0260683 0.0029888 -0.0542848 
v -0.0260733 0.00290986 -0.0542954 
v -0.0260679 0.00275 -0.054306 
v -0.0260253 0.00290581 -0.054302 
v -0.0260614 0.00306676 -0.0542702 
v -0.0260209 0.00298288 -0.0542919 
v -0.0260149 0.0030591 -0.0542778 
v -0.0259732 0.00297656 -0.0542966 
v -0.0259769 0.00290149 -0.0543063 
v -0.0259681 0.00305093 -0.0542832 
v -0.0260073 0.00313427 -0.05426 
v -0.0259616 0.00312442 -0.0542661 
v -0.0260304 0.00329233 -0.0542035 
v -0.0260424 0.00321877 -0.0542294 
v -0.0259982 0.00320816 -0.0542384 
v -0.0259876 0.00328057 -0.0542134 
v -0.0260168 0.00336395 -0.0541741 
v -0.0259756 0.00335127 -0.0541848 
v -0.0259446 0.00326801 -0.0542213 
v -0.0259537 0.00319684 -0.0542454 
v -0.0259342 0.00333774 -0.0541937 
v -0.0260412 0.00344577 -0.0541281 
v -0.0260019 0.00343337 -0.0541413 
v -0.0261162 0.00368015 -0.0539371 
v -0.0260562 0.0037294 -0.0539113 
v -0.0261189 0.00346776 -0.0540968 
v -0.0260802 0.00345723 -0.0541132 
v -0.0261094 0.00361011 -0.0540001 
v -0.026134 0.00354545 -0.0540409 
v -0.0260974 0.00353563 -0.0540591 
v -0.0260745 0.00360026 -0.0540186 
v -0.0260834 0.00367141 -0.0539568 
v -0.0260502 0.00366169 -0.0539754 
v -0.0260392 0.00358943 -0.0540358 
v -0.0260604 0.00352484 -0.054076 
v -0.0260231 0.00351309 -0.0540914 
v -0.0260037 0.00357762 -0.0540517 
v -0.0260167 0.00365099 -0.0539929 
v -0.025983 0.00363933 -0.0540092 
v -0.0260248 0.00371994 -0.0539299 
v -0.0259932 0.00370953 -0.0539476 
v -0.0260281 0.00378416 -0.0538639 
v -0.0259985 0.00377507 -0.0538824 
v -0.0259713 0.00382708 -0.053833 
v -0.0259433 0.00381756 -0.0538506 
v -0.0259613 0.00369818 -0.0539642 
v -0.0259686 0.00376506 -0.0539001 
v -0.0259386 0.00375414 -0.0539169 
v -0.0259151 0.00380716 -0.0538674 
v -0.0259292 0.0036859 -0.0539798 
v -0.0259623 0.00342006 -0.0541529 
v -0.0259226 0.00340584 -0.0541628 
v -0.0259679 0.00356485 -0.0540663 
v -0.0259855 0.00350038 -0.0541053 
v -0.0259477 0.00348673 -0.0541178 
v -0.0259319 0.00355113 -0.0540795 
v -0.0259491 0.00362672 -0.0540244 
v -0.025915 0.00361316 -0.0540383 
v -0.0258959 0.00353647 -0.0540914 
v -0.0259098 0.00347214 -0.0541287 
v -0.0258808 0.00359866 -0.054051 
v -0.0258971 0.00367268 -0.0539944 
v -0.0258648 0.00365855 -0.0540078 
v -0.0258867 0.00379591 -0.0538834 
v -0.0259084 0.00374231 -0.0539328 
v -0.0258781 0.0037296 -0.0539477 
v -0.0258583 0.0037838 -0.0538986 
v -0.0258298 0.00377084 -0.053913 
v -0.0258478 0.00371599 -0.0539617 
v -0.025811 0.00382304 -0.0538618 
v -0.0254554 0.00424583 -0.0528888 
v -0.0254799 0.00424167 -0.0529622 
v -0.0254847 0.00424086 -0.0529766 
v -0.0254993 0.00423351 -0.0530205 
v -0.0255041 0.00423111 -0.0530349 
v -0.0255283 0.00421899 -0.0531073 
v -0.0255361 0.00421506 -0.0531308 
v -0.0255521 0.00420166 -0.053179 
v -0.0255757 0.00418201 -0.0532495 
v -0.0255879 0.0041718 -0.0532862 
v -0.0256035 0.00415322 -0.053333 
v -0.0256217 0.00413159 -0.0533875 
v -0.025639 0.00411098 -0.0534394 
v -0.0256529 0.004089 -0.0534812 
v -0.0256659 0.00406845 -0.0535202 
v -0.0256881 0.00403343 -0.0535867 
v -0.0256998 0.00400978 -0.0536218 
v -0.025708 0.00399326 -0.0536464 
v -0.0257339 0.00394099 -0.0537241 
v -0.0257437 0.00391623 -0.0537535 
v -0.0257475 0.0039066 -0.0537649 
v -0.0257753 0.00383635 -0.0538483 
v -0.025784 0.00380905 -0.0538744 
v -0.0257662 0.00385925 -0.0538211 
v -0.025784 0.00380894 -0.0538745 
v -0.0258115 0.00372259 -0.053957 
v -0.0258201 0.0036891 -0.0539828 
v -0.0258423 0.00360273 -0.0540493 
v -0.0258171 0.00370076 -0.0539738 
v -0.0258464 0.00358271 -0.0540616 
v -0.0258516 0.0035577 -0.0540771 
v -0.0258681 0.00347742 -0.0541267 
v -0.0258716 0.0034562 -0.0541371 
v -0.025878 0.00341676 -0.0541563 
v -0.0258901 0.00334221 -0.0541928 
v -0.0258925 0.00332305 -0.0541999 
v -0.0258993 0.00326825 -0.0542202 
v -0.0259078 0.00319952 -0.0542457 
v -0.0259091 0.00318464 -0.0542496 
v -0.0259152 0.00311384 -0.0542681 
v -0.0259153 0.00311346 -0.0542682 
v -0.0259249 0.00296954 -0.054297 
v -0.0259256 0.00295521 -0.0542993 
v -0.0259299 0.00282347 -0.054312 
v -0.025931 0.00276751 -0.0543153 
v -0.025931 0.00275 -0.0543154 
v -0.0259604 0.00275 -0.054315 
v -0.0259799 0.00275 -0.0543133 
v -0.0259304 0.00279411 -0.0543137 
v -0.0259283 0.00290437 -0.0543072 
v -0.0259206 0.00305271 -0.054284 
v -0.0261926 0.00391936 -0.0535771 
v -0.0269271 0.00282346 -0.0533141 
vn -0.385522 0.836747 -0.38888 
vn -0.340375 0.835049 -0.432247 
vn -0.387728 0.811068 -0.43799 
vn -0.363872 0.809737 -0.460351 
vn -0.691176 0.722285 -0.0240833 
vn -0.703909 0.710279 0.00395193 
vn -0.668788 0.743399 0.00893408 
vn -0.703928 0.710261 0.00394943 
vn -0.702604 0 -0.711581 
vn -0.70083 0.0726806 -0.709616 
vn -0.664889 0.0725199 -0.743414 
vn -0.999537 0 -0.0304162 
vn -1 0 -3.18188e-11 
vn -0.999543 0.0302153 -6.8237e-05 
vn -0.997323 0.052845 -0.0505482 
vn -0.998722 0 -0.0505311 
vn -0.14474 0.978692 -0.145647 
vn -0.100658 0.976904 -0.188484 
vn -0.169373 0.959295 -0.225977 
vn -0.141115 0.957245 -0.252523 
vn -0.198359 0.812691 -0.547894 
vn -0.148842 0.799672 -0.581697 
vn -0.188564 0.778788 -0.598275 
vn -0.162325 0.771352 -0.615359 
vn -0.305425 0.901075 -0.307864 
vn -0.251103 0.934319 -0.252974 
vn -0.217817 0.933322 -0.285423 
vn -0.294115 0.830419 -0.473182 
vn -0.246776 0.822947 -0.511723 
vn -0.290507 0.801031 -0.523407 
vn -0.265465 0.796597 -0.543103 
vn -0.359199 0.86009 -0.362244 
vn -0.267186 0.899803 -0.344915 
vn -0.339713 0.807611 -0.482036 
vn -0.315257 0.804705 -0.503053 
vn -0.316313 0.858539 -0.403556 
vn -0.272418 0.854289 -0.442696 
vn -0.228153 0.896284 -0.38029 
vn -0.250367 0.876255 -0.411697 
vn -0.207996 0.86997 -0.447091 
vn -0.240129 0.79141 -0.562146 
vn -0.214497 0.785473 -0.580537 
vn -0.227544 0.84742 -0.479691 
vn -0.181692 0.837983 -0.51456 
vn -0.16475 0.861328 -0.480596 
vn -0.188348 0.890577 -0.414003 
vn -0.14777 0.882719 -0.446062 
vn -0.183956 0.930532 -0.316653 
vn -0.149532 0.925989 -0.346677 
vn -0.197263 0.960019 -0.198621 
vn -0.11249 0.953893 -0.27827 
vn -0.114539 0.919719 -0.375497 
vn -0.130967 0.902173 -0.411013 
vn -0.0834875 0.949255 -0.303224 
vn -0.0924512 0.893183 -0.440087 
vn -0.0463629 0.765272 -0.642035 
vn -0.081726 0.744494 -0.662608 
vn -0.108912 0.754212 -0.647536 
vn -0.0542158 0.733998 -0.676985 
vn -0.120612 0.850351 -0.512207 
vn -0.0981891 0.783879 -0.613101 
vn -0.135777 0.763162 -0.631782 
vn -0.134844 0.826003 -0.547298 
vn -0.0869679 0.811476 -0.577879 
vn -0.0755543 0.837041 -0.541898 
vn -0.106404 0.872734 -0.47646 
vn -0.0642248 0.860624 -0.505174 
vn -0.0295421 0.821379 -0.569617 
vn -0.0380281 0.794372 -0.60624 
vn -0.0211997 0.846378 -0.53216 
vn -0.0532264 0.882278 -0.467711 
vn -0.0132615 0.869448 -0.493846 
vn -0.0540918 0.943341 -0.327385 
vn -0.0661219 0.928444 -0.365541 
vn -0.0789623 0.911739 -0.40311 
vn -0.0427784 0.902053 -0.429499 
vn -0.0330734 0.92 -0.39052 
vn -0.0242793 0.936156 -0.350746 
vn 0.000514698 0.910062 -0.414471 
vn -0.00595668 0.890658 -0.454635 
vn 0.00597881 0.927695 -0.373292 
vn -0.0557768 0.971716 -0.229472 
vn -0.0330041 0.967865 -0.249294 
vn -0.0941377 0.991048 -0.094665 
vn -0.0458323 0.997887 -0.0460561 
vn -0.0296905 0.997629 -0.0620878 
vn -0.0783227 0.97473 -0.209204 
vn -0.0633456 0.990141 -0.124934 
vn -0.0322648 0.98749 -0.154347 
vn -0.00611196 0.999216 -0.0391039 
vn -0.0135477 0.996872 -0.0778622 
vn 0 1 0 
vn 0.00165239 0.990335 -0.138687 
vn -0.000809975 0.983117 -0.182974 
vn -0.0165909 0.985518 -0.168755 
vn 0.00262567 0.995623 -0.0934206 
vn -0.0165414 0.950546 -0.310143 
vn 0.0102859 0.943566 -0.331026 
vn -0.00998394 0.96318 -0.268671 
vn 0.015094 0.980286 -0.197007 
vn 0.0149397 0.969925 -0.242947 
vn 0.0133083 0.957658 -0.2876 
vn 0.00631539 0.999426 -0.0332797 
vn -0.562021 0.791703 -0.239456 
vn -0.580737 0.785641 -0.213337 
vn -0.514568 0.83818 -0.18076 
vn -0.373639 0.927545 0.00729594 
vn -0.369869 0.928279 0.0386659 
vn -0.360756 0.931858 0.0386908 
vn -0.331321 0.943449 0.0113945 
vn -0.632506 0.762937 -0.133654 
vn -0.648297 0.753884 -0.106632 
vn -0.578487 0.81126 -0.0849095 
vn -0.532697 0.84609 -0.0191461 
vn -0.54242 0.83968 0.0267777 
vn -0.518908 0.85432 0.0295274 
vn -0.545506 0.838103 0.00277724 
vn -0.551728 0.833629 0.025663 
vn -0.557822 0.829587 0.0248873 
vn -0.663346 0.744092 -0.0793679 
vn -0.677643 0.73356 -0.0518539 
vn -0.642673 0.764875 -0.0440181 
vn -0.620105 0.784444 -0.0108316 
vn -0.625377 0.780171 0.0153781 
vn -0.631263 0.775433 0.0145257 
vn -0.656084 0.754481 -0.0176648 
vn -0.60685 0.794012 -0.0357441 
vn -0.592974 0.80295 -0.0604348 
vn -0.628569 0.774585 -0.0701315 
vn -0.519406 0.853549 -0.0408875 
vn -0.41487 0.909879 0.00203613 
vn -0.455082 0.890439 -0.00424067 
vn -0.454552 0.890022 0.0352542 
vn -0.464772 0.884756 0.0345557 
vn -0.49434 0.869194 -0.0113662 
vn -0.468113 0.88216 -0.0516137 
vn -0.50564 0.860481 -0.0624518 
vn -0.429842 0.901957 -0.0413338 
vn -0.437789 0.898342 0.0363579 
vn -0.39081 0.919922 -0.0318018 
vn -0.440279 0.893212 -0.0912506 
vn -0.476713 0.872757 -0.105067 
vn -0.491408 0.866884 -0.0838435 
vn -0.598724 0.77882 -0.187 
vn -0.61598 0.77125 -0.160441 
vn -0.547712 0.82599 -0.133234 
vn -0.563398 0.818941 -0.109174 
vn -0.531435 0.832405 -0.157094 
vn -0.461561 0.878097 -0.126127 
vn -0.403252 0.911768 -0.0778965 
vn -0.410872 0.902333 -0.130308 
vn -0.445953 0.882898 -0.147027 
vn -0.303068 0.949343 -0.0830496 
vn -0.375339 0.919856 -0.113958 
vn -0.365644 0.928469 -0.0651888 
vn -0.350988 0.936093 -0.0231825 
vn -0.249332 0.967874 -0.0324473 
vn -0.327459 0.943362 -0.0532885 
vn -0.31034 0.950497 -0.0156181 
vn -0.160808 0.986638 0.0261915 
vn -0.138751 0.990325 0.00195499 
vn -0.183066 0.983101 -0.000369276 
vn -0.197148 0.980249 0.0156069 
vn -0.243138 0.969866 0.0156407 
vn -0.266691 0.963108 0.0360246 
vn -0.259812 0.965004 0.0355682 
vn -0.287843 0.957572 0.0142098 
vn -0.306363 0.95116 0.0378986 
vn -0.351617 0.935342 0.038733 
vn -0.26883 0.963143 -0.00922985 
vn -0.259527 0.96508 0.0355761 
vn -0.211026 0.976967 0.0316901 
vn -0.0934602 0.995619 0.00280666 
vn -0.108859 0.993874 0.0190609 
vn -0.0552203 0.998421 0.0103126 
vn -0.150728 0.988261 0.0249049 
vn -0.155561 0.987496 0.0255357 
vn -0.047199 0.998883 0.00215766 
vn -0.0379095 0.999255 0.00721459 
vn -0.0333252 0.999424 0.006373 
vn -0.0778405 0.996875 -0.0134541 
vn -0.154279 0.987507 -0.0320682 
vn -0.168778 0.98552 -0.0162559 
vn -0.229353 0.971762 -0.055466 
vn -0.277823 0.954023 -0.112487 
vn -0.479778 0.808082 -0.341784 
vn -0.501455 0.805203 -0.316529 
vn -0.44122 0.854699 -0.273521 
vn -0.346119 0.926196 -0.149541 
vn -0.413381 0.890864 -0.188354 
vn -0.429893 0.887156 -0.167768 
vn -0.522384 0.8015 -0.291054 
vn -0.542571 0.796994 -0.265362 
vn -0.479072 0.847777 -0.227519 
vn -0.497114 0.843307 -0.204234 
vn -0.460441 0.851579 -0.250615 
vn -0.396418 0.894015 -0.208784 
vn -0.315601 0.930751 -0.184656 
vn -0.379003 0.896598 -0.229058 
vn -0.342827 0.900025 -0.269119 
vn -0.434489 0.811277 -0.391215 
vn -0.457364 0.810113 -0.366789 
vn -0.40101 0.858837 -0.318732 
vn -0.421406 0.857125 -0.296233 
vn -0.380244 0.859822 -0.340765 
vn -0.28379 0.933474 -0.219295 
vn -0.251726 0.957381 -0.141617 
vn -0.224776 0.959388 -0.170439 
vn -0.18794 0.976976 -0.100982 
vn -0.12462 0.990169 -0.063521 
vn -0.208891 0.974799 -0.0783059 
vn -0.0619606 0.997635 -0.0297555 
vn -0.91742 0.395703 -0.0419463 
vn -0.923242 0.384218 0.00102286 
vn -0.904806 0.425822 0.00098346 
vn -0.92431 0 -0.381643 
vn -0.922302 0.0667844 -0.380656 
vn -0.90268 0.0681632 -0.424879 
vn -0.977391 0.205623 -0.0492578 
vn -0.980327 0.197378 -0.000825431 
vn -0.969696 0.244314 -0.000606787 
vn -0.967862 0.0617088 -0.243794 
vn -0.969683 0 -0.244364 
vn -0.969744 0 -0.244123 
vn -0.993218 0.104749 -0.0504521 
vn -0.994789 0.101951 -0.000511018 
vn -0.99027 0.139154 -0.00073242 
vn -0.986538 0.155681 -0.0500629 
vn -0.98719 0.0575727 -0.148801 
vn -0.988825 0 -0.149082 
vn -0.99025 0 -0.139302 
vn -0.993441 0.0552827 -0.100091 
vn -0.989003 0.109351 -0.0995777 
vn -0.978645 0.0597149 -0.196693 
vn -0.982452 0.113673 -0.147876 
vn -0.981827 0.162187 -0.0985429 
vn -0.988871 0.148771 -0.000765689 
vn -0.974834 0.168291 -0.146209 
vn -0.972061 0.213797 -0.0968919 
vn -0.973641 0.117713 -0.195365 
vn -0.965633 0.173994 -0.193077 
vn -0.964519 0.221458 -0.143732 
vn -0.962625 0.121472 -0.242069 
vn -0.95677 0 -0.290847 
vn -0.954873 0.0635533 -0.290136 
vn -0.93969 0.0652462 -0.335747 
vn -0.949438 0.124949 -0.28802 
vn -0.938515 0 -0.34524 
vn -0.934091 0.128138 -0.333249 
vn -0.940805 0.184198 -0.28453 
vn -0.954279 0.179297 -0.239174 
vn -0.954838 0.22861 -0.189794 
vn -0.94307 0.235254 -0.235105 
vn -0.925224 0.188692 -0.329175 
vn -0.929249 0.241389 -0.279692 
vn -0.916576 0.131035 -0.377782 
vn -0.907529 0.192772 -0.373136 
vn -0.913388 0.24701 -0.323586 
vn -0.941414 0.281651 -0.185508 
vn -0.952012 0.302546 -0.0462422 
vn -0.956511 0.291698 -0.000114526 
vn -0.941628 0.336654 0.000496806 
vn -0.959816 0.264212 -0.0945814 
vn -0.965863 0.254573 -0.0479786 
vn -0.969636 0.244551 -0.000624838 
vn -0.951643 0.273236 -0.140419 
vn -0.945163 0.313483 -0.0916298 
vn -0.936288 0.323711 -0.136291 
vn -0.928127 0.36168 -0.0881322 
vn -0.935868 0.349572 -0.0441573 
vn -0.938237 0.345993 0.00058418 
vn -0.918478 0.372993 -0.131431 
vn -0.908682 0.408894 -0.084281 
vn -0.925453 0.33324 -0.180241 
vn -0.90698 0.383521 -0.174068 
vn -0.898169 0.421207 -0.126002 
vn -0.912706 0.342074 -0.223503 
vn -0.914968 0.296666 -0.273537 
vn -0.929178 0.289461 -0.229871 
vn -0.898798 0.303263 -0.316534 
vn -0.898075 0.350216 -0.266101 
vn -0.895482 0.252111 -0.366813 
vn -0.880664 0.309243 -0.358887 
vn -0.881575 0.357663 -0.308063 
vn -0.878591 0.402249 -0.257437 
vn -0.893675 0.393271 -0.216062 
vn -0.885935 0.432655 -0.167122 
vn -0.872015 0.443248 -0.207657 
vn -0.86174 0.410452 -0.298217 
vn -0.856434 0.452992 -0.247628 
vn -0.863203 0.364408 -0.34941 
vn -0.843119 0.417875 -0.338423 
vn -0.839201 0.461888 -0.287056 
vn -0.875509 0.256677 -0.409391 
vn -0.831922 0 -0.554893 
vn -0.829867 0.0712752 -0.55339 
vn -0.800703 0.0719404 -0.594726 
vn -0.896864 0.133632 -0.421636 
vn -0.88284 0 -0.469673 
vn -0.880777 0.0693766 -0.468421 
vn -0.856531 0.070417 -0.511269 
vn -0.896502 0 -0.44304 
vn -0.874913 0.135917 -0.464817 
vn -0.843166 0 -0.537654 
vn -0.85066 0.137876 -0.507314 
vn -0.865681 0.199642 -0.459064 
vn -0.887695 0.196427 -0.41643 
vn -0.84143 0.202398 -0.501029 
vn -0.853431 0.260691 -0.451326 
vn -0.824037 0.139493 -0.549095 
vn -0.814876 0.204672 -0.542297 
vn -0.829197 0.264132 -0.492613 
vn -0.794962 0.140746 -0.590107 
vn -0.737482 0 -0.675367 
vn -0.770976 0 -0.636864 
vn -0.769003 0.0724002 -0.635133 
vn -0.77766 0 -0.628685 
vn -0.735572 0.0726443 -0.67354 
vn -0.763402 0.141614 -0.630209 
vn -0.73015 0.142076 -0.668353 
vn -0.754603 0.20766 -0.622456 
vn -0.785945 0.206437 -0.582816 
vn -0.802744 0.266971 -0.533225 
vn -0.774004 0.269175 -0.573116 
vn -0.721626 0.208316 -0.660197 
vn -0.74295 0.270706 -0.612163 
vn -0.695615 0.142148 -0.704211 
vn -0.687408 0.208424 -0.695723 
vn -0.710328 0.271531 -0.649388 
vn -0.787893 0.326643 -0.522043 
vn -0.842942 0.370437 -0.390162 
vn -0.838412 0.319293 -0.441722 
vn -0.860547 0.314592 -0.400614 
vn -0.814212 0.32332 -0.482205 
vn -0.82076 0.375731 -0.430324 
vn -0.796618 0.380264 -0.469892 
vn -0.800498 0.430323 -0.417163 
vn -0.822714 0.424505 -0.378069 
vn -0.820315 0.469931 -0.325958 
vn -0.799761 0.477107 -0.364349 
vn -0.776433 0.435302 -0.455702 
vn -0.777516 0.4834 -0.402235 
vn -0.770464 0.384004 -0.508848 
vn -0.750475 0.439408 -0.493668 
vn -0.753548 0.488782 -0.439611 
vn -0.742241 0.386911 -0.547154 
vn -0.728683 0.33102 -0.599539 
vn -0.759391 0.329224 -0.561193 
vn -0.696485 0.331995 -0.636151 
vn -0.711933 0.388939 -0.584703 
vn -0.676516 0.271675 -0.684485 
vn -0.663155 0.332177 -0.670734 
vn -0.68022 0.390048 -0.620615 
vn -0.692716 0.444836 -0.567684 
vn -0.722574 0.442603 -0.531028 
vn -0.727816 0.49322 -0.476464 
vn -0.700278 0.496675 -0.512762 
vn -0.661547 0.446069 -0.602809 
vn -0.670924 0.499097 -0.548419 
vn -0.64744 0.390269 -0.654608 
vn -0.629382 0.446331 -0.636135 
vn -0.640362 0.500445 -0.582659 
vn -0.79456 0.520858 -0.312061 
vn -0.820213 0.570804 -0.0378561 
vn -0.826697 0.562634 -0.00378088 
vn -0.80284 0.596178 -0.0043721 
vn -0.862169 0.480816 -0.159625 
vn -0.873411 0.485439 -0.0387572 
vn -0.880203 0.474598 -0.000214252 
vn -0.858777 0.512346 -0.00176613 
vn -0.886735 0.455233 -0.0803944 
vn -0.896609 0.441015 -0.0399759 
vn -0.896267 0.443515 0.000632102 
vn -0.875241 0.468495 -0.120274 
vn -0.862321 0.50047 -0.0770227 
vn -0.849777 0.514484 -0.114829 
vn -0.835757 0.544044 -0.074333 
vn -0.847932 0.528723 -0.0382452 
vn -0.843014 0.537884 -0.00295367 
vn -0.822291 0.558328 -0.110032 
vn -0.807189 0.585903 -0.0718586 
vn -0.835814 0.527498 -0.152185 
vn -0.807562 0.571592 -0.145349 
vn -0.793022 0.599983 -0.105528 
vn -0.820458 0.539526 -0.189103 
vn -0.831407 0.50268 -0.236802 
vn -0.847551 0.492209 -0.198462 
vn -0.813744 0.512231 -0.274663 
vn -0.803725 0.550573 -0.225598 
vn -0.785621 0.560644 -0.261684 
vn -0.774391 0.5951 -0.214884 
vn -0.743871 0.636228 -0.20462 
vn -0.791591 0.583846 -0.180296 
vn -0.777738 0.613057 -0.138871 
vn -0.705643 0.655443 -0.269189 
vn -0.73631 0.614604 -0.283037 
vn -0.755965 0.605353 -0.249127 
vn -0.766141 0.569733 -0.297374 
vn -0.746685 0.651884 -0.132322 
vn -0.74483 0.664108 -0.0647206 
vn -0.763483 0.645822 -0.00267594 
vn -0.738097 0.674695 -0.000256902 
vn -0.771208 0.636575 -0.00324867 
vn -0.776796 0.625968 -0.0689374 
vn -0.777673 0.628658 -0.003723 
vn -0.790338 0.611564 -0.0368045 
vn -0.714767 0.688088 -0.12507 
vn -0.711719 0.699992 -0.0588883 
vn -0.681977 0.722045 -0.116439 
vn -0.681133 0.708569 -0.184357 
vn -0.712637 0.674006 -0.194586 
vn -0.674698 0.692347 -0.255807 
vn -0.643969 0.725551 -0.242653 
vn -0.648974 0.740888 -0.17297 
vn -0.612751 0.756508 -0.228543 
vn -0.663009 0.670645 -0.332647 
vn -0.702236 0.545798 -0.457132 
vn -0.693269 0.630047 -0.349883 
vn -0.723005 0.584921 -0.367602 
vn -0.745276 0.577832 -0.332679 
vn -0.751568 0.535288 -0.385503 
vn -0.773841 0.52855 -0.349005 
vn -0.727711 0.541048 -0.42155 
vn -0.699306 0.590978 -0.402141 
vn -0.645129 0.641271 -0.415428 
vn -0.674149 0.59597 -0.436284 
vn -0.591725 0.648007 -0.479529 
vn -0.619368 0.602599 -0.503247 
vn -0.647503 0.599859 -0.470009 
vn -0.646317 0.552097 -0.526748 
vn -0.675106 0.549496 -0.492225 
vn -0.560452 0.604542 -0.566059 
vn -0.585732 0.553909 -0.591696 
vn -0.616436 0.553557 -0.559983 
vn -0.608883 0.500751 -0.615231 
vn -0.61586 0.681681 -0.395003 
vn -0.534711 0.650002 -0.539983 
vn -0.564068 0.688303 -0.456143 
vn -0.586965 0.717365 -0.375313 
vn -0.603256 0.738969 -0.300012 
vn -0.632836 0.706848 -0.316045 
vn -0.558933 0.748691 -0.35645 
vn -0.573301 0.768842 -0.283208 
vn -0.530583 0.77777 -0.336979 
vn -0.510932 0.754515 -0.411892 
vn -0.509144 0.690277 -0.514092 
vn -0.536993 0.72367 -0.43352 
vn -0.484286 0.725555 -0.488913 
vn -0.460481 0.756257 -0.464792 
vn -0.484552 0.783114 -0.389796 
vn -0.436304 0.784715 -0.440297 
vn -0.340017 0.0650578 -0.938166 
vn -0.340881 0 -0.940107 
vn -0.349883 0 -0.936793 
vn -0.522064 0.551451 -0.650654 
vn -0.576552 0.500057 -0.646166 
vn -0.543417 0.498401 -0.675496 
vn -0.510492 0.0700849 -0.857022 
vn -0.51184 0 -0.859081 
vn -0.53589 0 -0.844288 
vn -0.62878 0.331603 -0.703332 
vn -0.589726 0.0716454 -0.804419 
vn -0.591287 0 -0.806461 
vn -0.621732 0 -0.78323 
vn -0.652049 0.208011 -0.729083 
vn -0.659905 0.14185 -0.737837 
vn -0.66664 0 -0.74538 
vn -0.627833 0.0721719 -0.774994 
vn -0.623102 0.141199 -0.76929 
vn -0.641608 0.271172 -0.717499 
vn -0.615629 0.207104 -0.760334 
vn -0.605677 0.270051 -0.748484 
vn -0.578202 0.205724 -0.789532 
vn -0.585265 0.140213 -0.798627 
vn -0.550605 0.0709477 -0.831745 
vn -0.546431 0.138903 -0.825905 
vn -0.568772 0.26834 -0.777491 
vn -0.539802 0.203889 -0.816727 
vn -0.530926 0.266061 -0.804568 
vn -0.593426 0.330307 -0.733991 
vn -0.557139 0.32832 -0.76276 
vn -0.596292 0.445665 -0.667697 
vn -0.613671 0.389642 -0.686722 
vn -0.578974 0.388204 -0.716999 
vn -0.56233 0.444108 -0.697533 
vn -0.527536 0.441694 -0.725681 
vn -0.54339 0.385985 -0.745482 
vn -0.519947 0.325665 -0.789682 
vn -0.506944 0.383013 -0.77221 
vn -0.509511 0.495816 -0.703253 
vn -0.49193 0.438449 -0.752175 
vn -0.474856 0.492328 -0.729469 
vn -0.481863 0.322363 -0.814795 
vn -0.427292 0.0678816 -0.901562 
vn -0.428406 0 -0.903586 
vn -0.445326 0 -0.895368 
vn -0.500446 0.201615 -0.841965 
vn -0.506619 0.137283 -0.85117 
vn -0.469391 0.0690617 -0.880286 
vn -0.465832 0.135359 -0.874459 
vn -0.492152 0.26323 -0.829756 
vn -0.460136 0.198914 -0.865279 
vn -0.452452 0.259862 -0.853088 
vn -0.418861 0.195792 -0.886691 
vn -0.42406 0.133139 -0.895794 
vn -0.384175 0.0665466 -0.920859 
vn -0.381284 0.130626 -0.915183 
vn -0.411814 0.255966 -0.87458 
vn -0.376601 0.192254 -0.906206 
vn -0.370218 0.251547 -0.894239 
vn -0.442886 0.318427 -0.838127 
vn -0.403005 0.313867 -0.859694 
vn -0.455525 0.434392 -0.777046 
vn -0.469648 0.379307 -0.797218 
vn -0.4315 0.374883 -0.820531 
vn -0.439461 0.487956 -0.75417 
vn -0.418318 0.429539 -0.800317 
vn -0.403325 0.482715 -0.777377 
vn -0.380301 0.423897 -0.821999 
vn -0.392492 0.369748 -0.842162 
vn -0.362203 0.308687 -0.879501 
vn -0.352604 0.363907 -0.862115 
vn -0.366442 0.476612 -0.7991 
vn -0.341458 0.41747 -0.842096 
vn -0.328798 0.469649 -0.819342 
vn -0.455609 0.544998 -0.703845 
vn -0.421378 0.540333 -0.728341 
vn -0.434665 0.75564 -0.489973 
vn -0.480929 0.689574 -0.541475 
vn -0.489174 0.54871 -0.677957 
vn -0.475387 0.647457 -0.595657 
vn -0.498845 0.602007 -0.623491 
vn -0.413969 0.640623 -0.646708 
vn -0.434803 0.595261 -0.675729 
vn -0.423121 0.684947 -0.59314 
vn -0.452248 0.687788 -0.567819 
vn -0.408482 0.754066 -0.514322 
vn -0.381943 0.751557 -0.537849 
vn -0.355059 0.748131 -0.560566 
vn -0.327832 0.743801 -0.582482 
vn -0.345336 0.712112 -0.611261 
vn -0.39356 0.681073 -0.617455 
vn -0.386481 0.534728 -0.751464 
vn -0.350913 0.528191 -0.773223 
vn -0.350548 0.629662 -0.693283 
vn -0.368429 0.584474 -0.722945 
vn -0.36357 0.67618 -0.640778 
vn -0.285118 0.614643 -0.735474 
vn -0.334368 0.577592 -0.744705 
vn -0.299714 0.569718 -0.76524 
vn -0.314664 0.52072 -0.793623 
vn -0.302307 0.663382 -0.684496 
vn -0.333153 0.670282 -0.663122 
vn -0.31641 0.706479 -0.633066 
vn -0.287109 0.69989 -0.654006 
vn -0.300264 0.73858 -0.603607 
vn -0.257428 0.692344 -0.674085 
vn -0.272354 0.732472 -0.623946 
vn -0.244097 0.725479 -0.643503 
vn -0.27772 0.512311 -0.812656 
vn -0.201475 0 -0.979494 
vn -0.201019 0.0596647 -0.977769 
vn -0.152449 0.0575537 -0.986634 
vn -0.320454 0.302887 -0.897535 
vn -0.248462 0.0616179 -0.96668 
vn -0.249058 0 -0.968489 
vn -0.249204 0 -0.968451 
vn -0.333332 0.188303 -0.923814 
vn -0.337477 0.127821 -0.932615 
vn -0.294788 0.0634151 -0.953456 
vn -0.292613 0.124724 -0.948062 
vn -0.327641 0.246604 -0.912052 
vn -0.289025 0.183937 -0.939485 
vn -0.284054 0.241137 -0.92799 
vn -0.243654 0.179152 -0.953172 
vn -0.246664 0.121334 -0.961475 
vn -0.19961 0.117647 -0.972787 
vn -0.239434 0.235139 -0.942009 
vn -0.197199 0.173944 -0.964809 
vn -0.19376 0.228603 -0.954043 
vn -0.277734 0.296463 -0.913769 
vn -0.234019 0.289409 -0.928158 
vn -0.301771 0.410254 -0.860596 
vn -0.311816 0.357359 -0.880378 
vn -0.270103 0.350097 -0.896926 
vn -0.290377 0.461821 -0.838095 
vn -0.261218 0.402242 -0.877478 
vn -0.251161 0.453119 -0.855337 
vn -0.219779 0.393422 -0.892702 
vn -0.227445 0.342111 -0.911717 
vn -0.18929 0.281713 -0.940642 
vn -0.183824 0.333391 -0.924694 
vn -0.211134 0.443529 -0.871037 
vn -0.177441 0.383778 -0.906217 
vn -0.170284 0.433033 -0.885147 
vn -0.143538 0.273364 -0.951141 
vn -0.10292 0 -0.99469 
vn -0.102757 0.0552832 -0.993169 
vn -0.051971 0.0528519 -0.997249 
vn -0.149651 0.168306 -0.974309 
vn -0.151442 0.11366 -0.98191 
vn -0.142992 0 -0.989724 
vn -0.102164 0.109368 -0.988737 
vn -0.147022 0.221521 -0.964009 
vn -0.101013 0.162234 -0.981568 
vn -0.099224 0.213884 -0.971807 
vn -0.0513099 0.15572 -0.986468 
vn -0.0518016 0.10477 -0.993146 
vn -0.0503889 0.205684 -0.97732 
vn -0.0967664 0.264351 -0.95956 
vn -0.0489955 0.254661 -0.965788 
vn -0.134196 0.373294 -0.917956 
vn -0.139232 0.32392 -0.935783 
vn -0.0936715 0.313683 -0.944896 
vn -0.0900473 0.361951 -0.927838 
vn -0.128604 0.421612 -0.89761 
vn -0.0860993 0.409245 -0.908353 
vn -0.0450124 0.34973 -0.935769 
vn -0.047162 0.302666 -0.951929 
vn -0.0427854 0.395908 -0.917293 
vn -0.162581 0.481325 -0.861332 
vn -0.122736 0.469014 -0.874621 
vn -0.271026 0.655482 -0.704903 
vn -0.227363 0.68384 -0.693303 
vn -0.240066 0.502953 -0.830305 
vn -0.20169 0.492631 -0.846544 
vn -0.251632 0.605608 -0.754931 
vn -0.264457 0.560847 -0.784546 
vn -0.228586 0.550968 -0.80261 
vn -0.21762 0.595543 -0.773286 
vn -0.239303 0.646577 -0.724343 
vn -0.20713 0.636656 -0.742809 
vn -0.183073 0.584432 -0.790521 
vn -0.192089 0.540064 -0.81941 
vn -0.154959 0.528116 -0.834914 
vn -0.147986 0.572256 -0.806612 
vn -0.1745 0.625707 -0.76029 
vn -0.141408 0.613711 -0.776764 
vn -0.196905 0.674369 -0.711656 
vn -0.166049 0.663921 -0.729134 
vn -0.215488 0.717601 -0.662279 
vn -0.186521 0.708833 -0.680269 
vn -0.174993 0.74106 -0.648234 
vn -0.147068 0.73217 -0.665055 
vn -0.134789 0.652479 -0.745723 
vn -0.15719 0.699165 -0.697467 
vn -0.127489 0.688586 -0.71386 
vn -0.1188 0.72245 -0.681141 
vn -0.103123 0.640026 -0.761401 
vn -0.0821593 0.455673 -0.886348 
vn -0.0408648 0.441278 -0.89644 
vn -0.112355 0.558993 -0.821525 
vn -0.117194 0.515101 -0.84908 
vn -0.0787969 0.500992 -0.861857 
vn -0.076183 0.544616 -0.835218 
vn -0.107851 0.600647 -0.792206 
vn -0.0738299 0.586492 -0.806583 
vn -0.0394813 0.529101 -0.84764 
vn -0.0397805 0.485764 -0.873184 
vn -0.0393539 0.571221 -0.819852 
vn -0.0710505 0.626542 -0.776143 
vn -0.0385769 0.612003 -0.789914 
vn -0.0901844 0.711888 -0.696478 
vn -0.0974153 0.677082 -0.729431 
vn -0.0669663 0.664637 -0.744159 
vn -0.0612187 0.700473 -0.711049 
vn -0.0319018 0.688189 -0.72483 
vn -0.0361441 0.651232 -0.758017 
vn -0.0263789 0.722712 -0.690645 
vn 0.0102422 0.998423 -0.055197 
vn 0.0188569 0.993886 -0.108785 
vn 0.0203489 0.992676 -0.11908 
vn 0.0245367 0.988297 -0.150552 
vn 0.0258153 0.98667 -0.160675 
vn 0.0311128 0.977027 -0.210831 
vn 0.032477 0.973419 -0.226719 
vn 0.0347442 0.965127 -0.259465 
vn 0.0368631 0.951304 -0.306043 
vn 0.0373516 0.943353 -0.329681 
vn 0.0373704 0.932105 -0.360255 
vn 0.036668 0.917965 -0.394964 
vn 0.0352205 0.903428 -0.427292 
vn 0.0334703 0.890395 -0.453956 
vn 0.0314811 0.877558 -0.478436 
vn 0.0273154 0.854152 -0.519305 
vn 0.0246363 0.840145 -0.541802 
vn 0.0226417 0.829994 -0.557313 
vn 0.015898 0.795674 -0.605517 
vn 0.0130664 0.780665 -0.624813 
vn 0.0119374 0.774674 -0.632248 
vn 0.00414348 0.728031 -0.685531 
vn 0.00174467 0.71072 -0.703473 
vn 0.00659302 0.74382 -0.668348 
vn 0.00171038 0.710659 -0.703534 
vn -0.00419876 0.651467 -0.758665 
vn -0.00536181 0.628926 -0.777447 
vn -0.00507699 0.568206 -0.822871 
vn -0.00503352 0.636887 -0.770941 
vn -0.00452222 0.554848 -0.831939 
vn -0.00369416 0.537995 -0.84294 
vn -0.000875 0.483263 -0.875475 
vn -0.00026112 0.469431 -0.882969 
vn 0.000675043 0.443503 -0.896273 
vn 0.00124188 0.393951 -0.91913 
vn 0.00120774 0.381615 -0.924321 
vn 0.000954392 0.345943 -0.938255 
vn 0.000285478 0.300508 -0.953779 
vn 0.000157294 0.290881 -0.956759 
vn -0.000283515 0.244516 -0.969645 
vn -0.000368366 0.244309 -0.969697 
vn -0.00068923 0.148776 -0.988871 
vn -0.000574004 0.139144 -0.990272 
vn -0.000238518 0.0502639 -0.998736 
vn -0.000103182 0.0120127 -0.999928 
vn -4.61956e-05 0 -1 
vn -0.0313203 0 -0.999509 
vn -0.0519822 0 -0.998648 
vn -5.83872e-05 0.0302206 -0.999543 
vn -0.000529639 0.104892 -0.994483 
vn -0.000636227 0.203855 -0.979001 
vn -0.411272 0.811588 -0.414947 
vn -0.998736 0.0502595 -0.00016911 
f 1797//1797 1798//1798 1799//1799 
f 1798//1798 1800//1800 1799//1799 
f 1801//1801 1802//1802 1803//1803 
f 1801//1801 1804//1804 1802//1802 
f 1805//1805 1806//1806 1807//1807 
f 1808//1808 1809//1809 1810//1810 
f 1811//1811 1812//1812 1808//1808 
f 1810//1810 1811//1811 1808//1808 
f 1813//1813 1814//1814 1815//1815 
f 1814//1814 1816//1816 1815//1815 
f 1817//1817 1818//1818 1819//1819 
f 1818//1818 1820//1820 1819//1819 
f 1821//1821 1822//1822 1823//1823 
f 1824//1824 1825//1825 1826//1826 
f 1825//1825 1827//1827 1826//1826 
f 1828//1828 1821//1821 1829//1829 
f 1798//1798 1824//1824 1830//1830 
f 1824//1824 1831//1831 1830//1830 
f 1797//1797 1828//1828 1832//1832 
f 1798//1798 1832//1832 1833//1833 
f 1829//1829 1834//1834 1835//1835 
f 1835//1835 1832//1832 1829//1829 
f 1833//1833 1835//1835 1836//1836 
f 1825//1825 1817//1817 1837//1837 
f 1817//1817 1838//1838 1837//1837 
f 1824//1824 1833//1833 1839//1839 
f 1825//1825 1839//1839 1840//1840 
f 1839//1839 1836//1836 1841//1841 
f 1835//1835 1834//1834 1842//1842 
f 1836//1836 1842//1842 1843//1843 
f 1834//1834 1844//1844 1845//1845 
f 1822//1822 1846//1846 1815//1815 
f 1829//1829 1823//1823 1844//1844 
f 1823//1823 1815//1815 1816//1816 
f 1844//1844 1816//1816 1847//1847 
f 1845//1845 1848//1848 1849//1849 
f 1849//1849 1842//1842 1845//1845 
f 1845//1845 1847//1847 1850//1850 
f 1843//1843 1849//1849 1851//1851 
f 1852//1852 1853//1853 1854//1854 
f 1852//1852 1855//1855 1853//1853 
f 1840//1840 1841//1841 1856//1856 
f 1857//1857 1858//1858 1820//1820 
f 1857//1857 1854//1854 1858//1858 
f 1817//1817 1840//1840 1859//1859 
f 1818//1818 1859//1859 1860//1860 
f 1859//1859 1856//1856 1861//1861 
f 1841//1841 1843//1843 1862//1862 
f 1856//1856 1862//1862 1863//1863 
f 1860//1860 1861//1861 1864//1864 
f 1857//1857 1860//1860 1865//1865 
f 1861//1861 1863//1863 1866//1866 
f 1863//1863 1867//1867 1868//1868 
f 1850//1850 1869//1869 1870//1870 
f 1870//1870 1848//1848 1850//1850 
f 1862//1862 1851//1851 1867//1867 
f 1849//1849 1848//1848 1871//1871 
f 1851//1851 1871//1871 1872//1872 
f 1871//1871 1870//1870 1873//1873 
f 1870//1870 1869//1869 1874//1874 
f 1872//1872 1873//1873 1875//1875 
f 1867//1867 1872//1872 1876//1876 
f 1873//1873 1874//1874 1877//1877 
f 1850//1850 1878//1878 1879//1879 
f 1880//1880 1881//1881 1882//1882 
f 1816//1816 1814//1814 1883//1883 
f 1813//1813 1880//1880 1884//1884 
f 1885//1885 1883//1883 1814//1814 
f 1885//1885 1878//1878 1883//1883 
f 1847//1847 1883//1883 1878//1878 
f 1886//1886 1887//1887 1882//1882 
f 1881//1881 1888//1888 1886//1886 
f 1884//1884 1882//1882 1887//1887 
f 1889//1889 1890//1890 1891//1891 
f 1887//1887 1892//1892 1889//1889 
f 1889//1889 1885//1885 1887//1887 
f 1874//1874 1893//1893 1894//1894 
f 1878//1878 1885//1885 1891//1891 
f 1879//1879 1895//1895 1893//1893 
f 1893//1893 1869//1869 1879//1879 
f 1879//1879 1891//1891 1890//1890 
f 1890//1890 1896//1896 1897//1897 
f 1897//1897 1895//1895 1890//1890 
f 1893//1893 1895//1895 1898//1898 
f 1886//1886 1888//1888 1899//1899 
f 1900//1900 1901//1901 1902//1902 
f 1903//1903 1904//1904 1905//1905 
f 1905//1905 1906//1906 1903//1903 
f 1907//1907 1908//1908 1909//1909 
f 1910//1910 1911//1911 1912//1912 
f 1911//1911 1910//1910 1913//1913 
f 1913//1913 1914//1914 1911//1911 
f 1913//1913 1915//1915 1914//1914 
f 1916//1916 1917//1917 1918//1918 
f 1919//1919 1920//1920 1915//1915 
f 1919//1919 1921//1921 1920//1920 
f 1917//1917 1801//1801 1922//1922 
f 1921//1921 1919//1919 1922//1922 
f 1918//1918 1922//1922 1919//1919 
f 1923//1923 1919//1919 1913//1913 
f 1924//1924 1923//1923 1910//1910 
f 1909//1909 1908//1908 1925//1925 
f 1908//1908 1916//1916 1925//1925 
f 1925//1925 1918//1918 1923//1923 
f 1909//1909 1924//1924 1926//1926 
f 1927//1927 1928//1928 1929//1929 
f 1928//1928 1930//1930 1929//1929 
f 1931//1931 1932//1932 1933//1933 
f 1933//1933 1926//1926 1931//1931 
f 1930//1930 1928//1928 1931//1931 
f 1932//1932 1931//1931 1928//1928 
f 1934//1934 1928//1928 1927//1927 
f 1935//1935 1904//1904 1903//1903 
f 1936//1936 1927//1927 1903//1903 
f 1932//1932 1937//1937 1938//1938 
f 1938//1938 1939//1939 1932//1932 
f 1940//1940 1941//1941 1942//1942 
f 1943//1943 1909//1909 1933//1933 
f 1941//1941 1907//1907 1943//1943 
f 1942//1942 1943//1943 1939//1939 
f 1944//1944 1942//1942 1938//1938 
f 1901//1901 1940//1940 1944//1944 
f 1902//1902 1944//1944 1945//1945 
f 1946//1946 1934//1934 1936//1936 
f 1937//1937 1947//1947 1948//1948 
f 1948//1948 1945//1945 1937//1937 
f 1937//1937 1932//1932 1934//1934 
f 1947//1947 1937//1937 1946//1946 
f 1949//1949 1950//1950 1951//1951 
f 1950//1950 1946//1946 1951//1951 
f 1951//1951 1936//1936 1952//1952 
f 1953//1953 1954//1954 1955//1955 
f 1954//1954 1952//1952 1955//1955 
f 1956//1956 1957//1957 1958//1958 
f 1958//1958 1959//1959 1956//1956 
f 1960//1960 1961//1961 1962//1962 
f 1963//1963 1964//1964 1961//1961 
f 1961//1961 1960//1960 1963//1963 
f 1952//1952 1903//1903 1906//1906 
f 1906//1906 1965//1965 1964//1964 
f 1955//1955 1906//1906 1963//1963 
f 1958//1958 1966//1966 1960//1960 
f 1966//1966 1963//1963 1960//1960 
f 1960//1960 1967//1967 1968//1968 
f 1969//1969 1970//1970 1971//1971 
f 1957//1957 1972//1972 1970//1970 
f 1957//1957 1973//1973 1972//1972 
f 1957//1957 1956//1956 1973//1973 
f 1974//1974 1971//1971 1975//1975 
f 1975//1975 1976//1976 1974//1974 
f 1977//1977 1978//1978 1957//1957 
f 1957//1957 1978//1978 1979//1979 
f 1979//1979 1958//1958 1957//1957 
f 1953//1953 1966//1966 1958//1958 
f 1949//1949 1954//1954 1953//1953 
f 1980//1980 1953//1953 1979//1979 
f 1977//1977 1969//1969 1974//1974 
f 1981//1981 1949//1949 1980//1980 
f 1982//1982 1983//1983 1984//1984 
f 1985//1985 1986//1986 1947//1947 
f 1947//1947 1986//1986 1987//1987 
f 1987//1987 1948//1948 1947//1947 
f 1988//1988 1989//1989 1990//1990 
f 1991//1991 1902//1902 1948//1948 
f 1989//1989 1900//1900 1991//1991 
f 1990//1990 1991//1991 1987//1987 
f 1992//1992 1990//1990 1986//1986 
f 1983//1983 1988//1988 1992//1992 
f 1984//1984 1992//1992 1993//1993 
f 1985//1985 1950//1950 1949//1949 
f 1985//1985 1994//1994 1995//1995 
f 1995//1995 1993//1993 1985//1985 
f 1994//1994 1985//1985 1981//1981 
f 1996//1996 1995//1995 1994//1994 
f 1997//1997 1998//1998 1999//1999 
f 1996//1996 1999//1999 2000//2000 
f 2000//2000 1995//1995 1996//1996 
f 1998//1998 1982//1982 2000//2000 
f 1821//1821 1828//1828 2001//2001 
f 2001//2001 1996//1996 1821//1821 
f 2001//2001 1828//1828 1797//1797 
f 1797//1797 1997//1997 2001//2001 
f 2002//2002 1994//1994 2003//2003 
f 1821//1821 1996//1996 2002//2002 
f 1822//1822 2002//2002 2004//2004 
f 1813//1813 1846//1846 2004//2004 
f 2004//2004 2005//2005 1813//1813 
f 2006//2006 1978//1978 1977//1977 
f 1978//1978 2006//2006 2005//2005 
f 2005//2005 2007//2007 1978//1978 
f 2003//2003 1981//1981 2007//2007 
f 1880//1880 2006//2006 2008//2008 
f 1813//1813 2005//2005 2006//2006 
f 2009//2009 2010//2010 2011//2011 
f 2012//2012 2013//2013 2014//2014 
f 2015//2015 2016//2016 2017//2017 
f 2018//2018 2019//2019 2020//2020 
f 2021//2021 2022//2022 2023//2023 
f 2023//2023 2024//2024 2021//2021 
f 2025//2025 2026//2026 2027//2027 
f 2022//2022 2021//2021 1811//1811 
f 1812//1812 1811//1811 2028//2028 
f 2028//2028 1811//1811 2021//2021 
f 2025//2025 2028//2028 2029//2029 
f 2026//2026 2025//2025 2030//2030 
f 2030//2030 2025//2025 2031//2031 
f 2031//2031 2029//2029 2032//2032 
f 2024//2024 2033//2033 2016//2016 
f 2029//2029 2021//2021 2024//2024 
f 2032//2032 2024//2024 2015//2015 
f 2034//2034 2032//2032 2035//2035 
f 2036//2036 2031//2031 2034//2034 
f 2037//2037 2034//2034 2038//2038 
f 2039//2039 2036//2036 2037//2037 
f 2040//2040 2041//2041 2042//2042 
f 2018//2018 2030//2030 2036//2036 
f 2040//2040 2019//2019 2018//2018 
f 2041//2041 2018//2018 2039//2039 
f 2042//2042 2041//2041 2043//2043 
f 2013//2013 2012//2012 2044//2044 
f 2013//2013 2042//2042 2045//2045 
f 2045//2045 2043//2043 2046//2046 
f 2047//2047 2037//2037 2048//2048 
f 2043//2043 2039//2039 2047//2047 
f 2046//2046 2047//2047 2049//2049 
f 2050//2050 2046//2046 2051//2051 
f 2052//2052 2045//2045 2050//2050 
f 2053//2053 2050//2050 2054//2054 
f 2049//2049 2048//2048 2055//2055 
f 2056//2056 2057//2057 2058//2058 
f 2038//2038 2035//2035 2059//2059 
f 2060//2060 2061//2061 2057//2057 
f 2060//2060 2017//2017 2061//2061 
f 2035//2035 2015//2015 2060//2060 
f 2059//2059 2060//2060 2056//2056 
f 2062//2062 2059//2059 2063//2063 
f 2048//2048 2038//2038 2062//2062 
f 2055//2055 2062//2062 2064//2064 
f 2064//2064 2063//2063 2065//2065 
f 2066//2066 2067//2067 2010//2010 
f 2066//2066 2058//2058 2067//2067 
f 2063//2063 2056//2056 2066//2066 
f 2065//2065 2066//2066 2009//2009 
f 2068//2068 2065//2065 2069//2069 
f 2070//2070 2064//2064 2068//2068 
f 2071//2071 2068//2068 2072//2072 
f 2073//2073 2070//2070 2071//2071 
f 2054//2054 2051//2051 2074//2074 
f 2075//2075 2055//2055 2070//2070 
f 2051//2051 2049//2049 2075//2075 
f 2074//2074 2075//2075 2073//2073 
f 2076//2076 2074//2074 2077//2077 
f 2078//2078 2054//2054 2076//2076 
f 2079//2079 2076//2076 2080//2080 
f 2080//2080 2077//2077 2081//2081 
f 2082//2082 2071//2071 2083//2083 
f 2077//2077 2073//2073 2082//2082 
f 2081//2081 2082//2082 2084//2084 
f 2085//2085 2081//2081 2086//2086 
f 2087//2087 2080//2080 2085//2085 
f 2088//2088 2085//2085 2089//2089 
f 2090//2090 2078//2078 2079//2079 
f 2091//2091 2092//2092 2093//2093 
f 2094//2094 2052//2052 2053//2053 
f 2095//2095 2096//2096 2097//2097 
f 2014//2014 2013//2013 2052//2052 
f 2096//2096 2095//2095 2098//2098 
f 2096//2096 2014//2014 2094//2094 
f 2097//2097 2096//2096 2099//2099 
f 2092//2092 2091//2091 2100//2100 
f 2092//2092 2097//2097 2101//2101 
f 2101//2101 2099//2099 2102//2102 
f 2103//2103 2053//2053 2078//2078 
f 2099//2099 2094//2094 2103//2103 
f 2102//2102 2103//2103 2090//2090 
f 2104//2104 2102//2102 2105//2105 
f 2106//2106 2101//2101 2104//2104 
f 2107//2107 2104//2104 2108//2108 
f 2109//2109 2106//2106 2107//2107 
f 2110//2110 2111//2111 2112//2112 
f 2093//2093 2092//2092 2106//2106 
f 2112//2112 2111//2111 2113//2113 
f 2112//2112 2093//2093 2109//2109 
f 2114//2114 2112//2112 2115//2115 
f 1806//1806 1805//1805 2110//2110 
f 1806//1806 2114//2114 2116//2116 
f 2116//2116 2115//2115 2117//2117 
f 2118//2118 2107//2107 2119//2119 
f 2115//2115 2109//2109 2118//2118 
f 2117//2117 2118//2118 2120//2120 
f 2121//2121 2117//2117 2122//2122 
f 2123//2123 2116//2116 2121//2121 
f 2124//2124 2121//2121 2125//2125 
f 2120//2120 2119//2119 2126//2126 
f 2127//2127 2087//2087 2088//2088 
f 2108//2108 2105//2105 2128//2128 
f 2129//2129 2079//2079 2087//2087 
f 2105//2105 2090//2090 2129//2129 
f 2128//2128 2129//2129 2127//2127 
f 2130//2130 2128//2128 2131//2131 
f 2119//2119 2108//2108 2130//2130 
f 2126//2126 2130//2130 2132//2132 
f 2132//2132 2131//2131 2133//2133 
f 2134//2134 2088//2088 2135//2135 
f 2131//2131 2127//2127 2134//2134 
f 2133//2133 2134//2134 2136//2136 
f 2137//2137 2133//2133 2138//2138 
f 2139//2139 2132//2132 2137//2137 
f 2140//2140 2137//2137 2141//2141 
f 2142//2142 2139//2139 2140//2140 
f 2125//2125 2122//2122 2143//2143 
f 2144//2144 2126//2126 2139//2139 
f 2122//2122 2120//2120 2144//2144 
f 2143//2143 2144//2144 2142//2142 
f 2145//2145 2143//2143 2146//2146 
f 2147//2147 2125//2125 2145//2145 
f 2148//2148 2145//2145 2149//2149 
f 2149//2149 2146//2146 2150//2150 
f 2151//2151 2140//2140 2152//2152 
f 2146//2146 2142//2142 2151//2151 
f 2150//2150 2151//2151 2153//2153 
f 2154//2154 2150//2150 2155//2155 
f 2156//2156 2149//2149 2154//2154 
f 2157//2157 2154//2154 2158//2158 
f 2136//2136 2135//2135 2159//2159 
f 2160//2160 2161//2161 2162//2162 
f 2084//2084 2083//2083 2163//2163 
f 2164//2164 2165//2165 2166//2166 
f 2072//2072 2069//2069 2167//2167 
f 2164//2164 2168//2168 2169//2169 
f 2168//2168 2011//2011 2169//2169 
f 2069//2069 2009//2009 2168//2168 
f 2167//2167 2168//2168 2164//2164 
f 2170//2170 2167//2167 2171//2171 
f 2083//2083 2072//2072 2170//2170 
f 2163//2163 2170//2170 2172//2172 
f 2172//2172 2171//2171 2173//2173 
f 2160//2160 2174//2174 2175//2175 
f 2174//2174 2166//2166 2175//2175 
f 2171//2171 2164//2164 2174//2174 
f 2173//2173 2174//2174 2160//2160 
f 2176//2176 2173//2173 2177//2177 
f 2178//2178 2172//2172 2176//2176 
f 2179//2179 2176//2176 2180//2180 
f 2181//2181 2178//2178 2179//2179 
f 2089//2089 2086//2086 2182//2182 
f 2183//2183 2163//2163 2178//2178 
f 2086//2086 2084//2084 2183//2183 
f 2182//2182 2183//2183 2181//2181 
f 2184//2184 2182//2182 2185//2185 
f 2135//2135 2089//2089 2184//2184 
f 2159//2159 2184//2184 2186//2186 
f 2186//2186 2185//2185 2187//2187 
f 2188//2188 2187//2187 2189//2189 
f 2189//2189 2190//2190 2188//2188 
f 2185//2185 2181//2181 2189//2189 
f 2191//2191 2192//2192 2193//2193 
f 2193//2193 2188//2188 2191//2191 
f 2194//2194 2186//2186 2193//2193 
f 2188//2188 2190//2190 2195//2195 
f 2196//2196 2197//2197 2198//2198 
f 2196//2196 2199//2199 2197//2197 
f 2195//2195 2190//2190 2180//2180 
f 2180//2180 2200//2200 2195//2195 
f 2196//2196 2200//2200 2201//2201 
f 2201//2201 2200//2200 2202//2202 
f 2202//2202 2162//2162 2201//2201 
f 2177//2177 2160//2160 2202//2202 
f 2195//2195 2200//2200 2196//2196 
f 2203//2203 2196//2196 2204//2204 
f 2204//2204 2198//2198 1804//1804 
f 1804//1804 1801//1801 2204//2204 
f 2205//2205 2204//2204 1917//1917 
f 1917//1917 1916//1916 2205//2205 
f 2206//2206 2203//2203 2205//2205 
f 2191//2191 2188//2188 2207//2207 
f 2207//2207 2195//2195 2203//2203 
f 2208//2208 2207//2207 2206//2206 
f 2209//2209 2206//2206 2210//2210 
f 2210//2210 2205//2205 1908//1908 
f 1908//1908 1907//1907 2210//2210 
f 2210//2210 1941//1941 1940//1940 
f 1940//1940 2211//2211 2210//2210 
f 2212//2212 2191//2191 2208//2208 
f 2153//2153 2152//2152 2213//2213 
f 2214//2214 2215//2215 2216//2216 
f 2216//2216 2192//2192 2214//2214 
f 2141//2141 2138//2138 2217//2217 
f 2218//2218 2159//2159 2194//2194 
f 2138//2138 2136//2136 2218//2218 
f 2217//2217 2218//2218 2216//2216 
f 2219//2219 2217//2217 2215//2215 
f 2152//2152 2141//2141 2219//2219 
f 2213//2213 2219//2219 2220//2220 
f 2221//2221 2222//2222 2220//2220 
f 2220//2220 2214//2214 2221//2221 
f 2214//2214 2192//2192 2191//2191 
f 2221//2221 2214//2214 2212//2212 
f 2223//2223 2224//2224 2225//2225 
f 2225//2225 2221//2221 2223//2223 
f 2158//2158 2155//2155 2226//2226 
f 2227//2227 2213//2213 2222//2222 
f 2155//2155 2153//2153 2227//2227 
f 2226//2226 2227//2227 2225//2225 
f 2228//2228 2229//2229 2230//2230 
f 2230//2230 2224//2224 2228//2228 
f 2231//2231 2158//2158 2230//2230 
f 2228//2228 2224//2224 2223//2223 
f 2223//2223 2221//2221 2232//2232 
f 2233//2233 2223//2223 2234//2234 
f 2234//2234 2232//2232 2235//2235 
f 2236//2236 2209//2209 2211//2211 
f 2232//2232 2212//2212 2237//2237 
f 2237//2237 2208//2208 2209//2209 
f 2235//2235 2237//2237 2236//2236 
f 2238//2238 2236//2236 2239//2239 
f 2211//2211 1901//1901 1900//1900 
f 1900//1900 2239//2239 2211//2211 
f 2239//2239 1989//1989 1988//1988 
f 1988//1988 2240//2240 2239//2239 
f 2241//2241 2238//2238 2240//2240 
f 2242//2242 2234//2234 2243//2243 
f 2243//2243 2235//2235 2238//2238 
f 2244//2244 2243//2243 2241//2241 
f 2245//2245 2241//2241 2246//2246 
f 2240//2240 1983//1983 1982//1982 
f 1982//1982 2246//2246 2240//2240 
f 2246//2246 1998//1998 1997//1997 
f 1997//1997 2247//2247 2246//2246 
f 2248//2248 2249//2249 2250//2250 
f 2229//2229 2251//2251 2252//2252 
f 2251//2251 2253//2253 2252//2252 
f 2254//2254 2255//2255 2256//2256 
f 2147//2147 2148//2148 2257//2257 
f 2258//2258 2259//2259 2260//2260 
f 2123//2123 2124//2124 2261//2261 
f 1806//1806 2123//2123 2262//2262 
f 2263//2263 1807//1807 2264//2264 
f 1807//1807 2262//2262 2265//2265 
f 2124//2124 2147//2147 2266//2266 
f 2262//2262 2261//2261 2267//2267 
f 2261//2261 2266//2266 2268//2268 
f 2265//2265 2267//2267 2269//2269 
f 2264//2264 2265//2265 2270//2270 
f 2259//2259 2258//2258 2271//2271 
f 2258//2258 2270//2270 2272//2272 
f 2267//2267 2268//2268 2273//2273 
f 2270//2270 2269//2269 2274//2274 
f 2269//2269 2273//2273 2275//2275 
f 2268//2268 2276//2276 2277//2277 
f 2156//2156 2157//2157 2278//2278 
f 2148//2148 2156//2156 2279//2279 
f 2266//2266 2257//2257 2276//2276 
f 2257//2257 2279//2279 2280//2280 
f 2157//2157 2231//2231 2252//2252 
f 2279//2279 2278//2278 2281//2281 
f 2278//2278 2252//2252 2253//2253 
f 2280//2280 2281//2281 2282//2282 
f 2276//2276 2280//2280 2283//2283 
f 2273//2273 2277//2277 2284//2284 
f 2277//2277 2283//2283 2285//2285 
f 2281//2281 2253//2253 2286//2286 
f 2283//2283 2282//2282 2287//2287 
f 2282//2282 2286//2286 2288//2288 
f 2275//2275 2284//2284 2289//2289 
f 2290//2290 2291//2291 2292//2292 
f 2272//2272 2274//2274 2293//2293 
f 2271//2271 2272//2272 2294//2294 
f 2255//2255 2254//2254 2295//2295 
f 2254//2254 2294//2294 2296//2296 
f 2274//2274 2275//2275 2297//2297 
f 2294//2294 2293//2293 2298//2298 
f 2293//2293 2297//2297 2299//2299 
f 2296//2296 2298//2298 2300//2300 
f 2295//2295 2296//2296 2301//2301 
f 2291//2291 2290//2290 2302//2302 
f 2290//2290 2301//2301 2303//2303 
f 2298//2298 2299//2299 2304//2304 
f 2301//2301 2300//2300 2305//2305 
f 2300//2300 2304//2304 2306//2306 
f 2299//2299 2307//2307 2308//2308 
f 2285//2285 2287//2287 2309//2309 
f 2284//2284 2285//2285 2310//2310 
f 2297//2297 2289//2289 2307//2307 
f 2289//2289 2310//2310 2311//2311 
f 2287//2287 2288//2288 2312//2312 
f 2310//2310 2309//2309 2313//2313 
f 2309//2309 2312//2312 2314//2314 
f 2311//2311 2313//2313 2315//2315 
f 2307//2307 2311//2311 2316//2316 
f 2304//2304 2308//2308 2317//2317 
f 2308//2308 2316//2316 2318//2318 
f 2313//2313 2314//2314 2319//2319 
f 2316//2316 2315//2315 2320//2320 
f 2315//2315 2319//2319 2321//2321 
f 2288//2288 2322//2322 2323//2323 
f 2324//2324 2325//2325 2244//2244 
f 2325//2325 2242//2242 2244//2244 
f 2253//2253 2251//2251 2326//2326 
f 2228//2228 2233//2233 2327//2327 
f 2229//2229 2228//2228 2328//2328 
f 2327//2327 2233//2233 2325//2325 
f 2233//2233 2242//2242 2325//2325 
f 2328//2328 2327//2327 2329//2329 
f 2328//2328 2330//2330 2326//2326 
f 2330//2330 2322//2322 2326//2326 
f 2286//2286 2326//2326 2322//2322 
f 2329//2329 2327//2327 2331//2331 
f 2327//2327 2332//2332 2331//2331 
f 2332//2332 2333//2333 2334//2334 
f 1799//1799 2324//2324 2247//2247 
f 2324//2324 2245//2245 2247//2247 
f 2325//2325 2324//2324 2333//2333 
f 2324//2324 1799//1799 1800//1800 
f 2333//2333 1800//1800 1830//1830 
f 2331//2331 2334//2334 2335//2335 
f 2334//2334 1830//1830 1831//1831 
f 2335//2335 2336//2336 2337//2337 
f 2337//2337 2338//2338 2335//2335 
f 2314//2314 2339//2339 2340//2340 
f 2330//2330 2329//2329 2341//2341 
f 2330//2330 2342//2342 2323//2323 
f 2342//2342 2339//2339 2323//2323 
f 2312//2312 2323//2323 2339//2339 
f 2341//2341 2329//2329 2343//2343 
f 2329//2329 2338//2338 2343//2343 
f 2341//2341 2344//2344 2345//2345 
f 2344//2344 2346//2346 2345//2345 
f 2339//2339 2342//2342 2345//2345 
f 2319//2319 2340//2340 2347//2347 
f 2340//2340 2345//2345 2346//2346 
f 2344//2344 2341//2341 2348//2348 
f 2341//2341 2349//2349 2348//2348 
f 2349//2349 2350//2350 2351//2351 
f 2335//2335 1831//1831 1826//1826 
f 2343//2343 2337//2337 2350//2350 
f 2337//2337 2336//2336 2352//2352 
f 2336//2336 1826//1826 1827//1827 
f 2352//2352 1827//1827 1837//1837 
f 2348//2348 2351//2351 2353//2353 
f 2350//2350 2352//2352 2354//2354 
f 2351//2351 2354//2354 2355//2355 
f 2354//2354 1837//1837 1838//1838 
f 2321//2321 2347//2347 2356//2356 
f 2357//2357 2358//2358 2359//2359 
f 2306//2306 2317//2317 2360//2360 
f 2361//2361 2362//2362 2363//2363 
f 2303//2303 2305//2305 2364//2364 
f 2302//2302 2303//2303 2365//2365 
f 2249//2249 2248//2248 2366//2366 
f 2248//2248 2365//2365 2367//2367 
f 2305//2305 2306//2306 2368//2368 
f 2365//2365 2364//2364 2369//2369 
f 2364//2364 2368//2368 2370//2370 
f 2367//2367 2369//2369 2371//2371 
f 2366//2366 2367//2367 2372//2372 
f 2362//2362 2361//2361 2358//2358 
f 2361//2361 2372//2372 2373//2373 
f 2369//2369 2370//2370 2374//2374 
f 2372//2372 2371//2371 2375//2375 
f 2371//2371 2374//2374 2376//2376 
f 2370//2370 2377//2377 2378//2378 
f 2318//2318 2320//2320 2379//2379 
f 2317//2317 2318//2318 2380//2380 
f 2368//2368 2360//2360 2377//2377 
f 2360//2360 2380//2380 2381//2381 
f 2320//2320 2321//2321 2382//2382 
f 2380//2380 2379//2379 2383//2383 
f 2379//2379 2382//2382 2384//2384 
f 2381//2381 2383//2383 2385//2385 
f 2377//2377 2381//2381 2386//2386 
f 2374//2374 2378//2378 2387//2387 
f 2378//2378 2386//2386 2388//2388 
f 2383//2383 2384//2384 2389//2389 
f 2386//2386 2385//2385 2390//2390 
f 2385//2385 2389//2389 2391//2391 
f 2376//2376 2387//2387 2392//2392 
f 2393//2393 2394//2394 2395//2395 
f 2373//2373 2375//2375 2396//2396 
f 2358//2358 2373//2373 2397//2397 
f 2394//2394 2393//2393 2398//2398 
f 2359//2359 2397//2397 2399//2399 
f 2375//2375 2376//2376 2400//2400 
f 2397//2397 2396//2396 2401//2401 
f 2396//2396 2400//2400 2402//2402 
f 2399//2399 2401//2401 2403//2403 
f 2394//2394 2399//2399 2404//2404 
f 2401//2401 2402//2402 2405//2405 
f 2402//2402 2406//2406 2407//2407 
f 2388//2388 2390//2390 2408//2408 
f 2387//2387 2388//2388 2409//2409 
f 2400//2400 2392//2392 2406//2406 
f 2392//2392 2409//2409 2410//2410 
f 2409//2409 2408//2408 2411//2411 
f 2390//2390 2391//2391 2412//2412 
f 2408//2408 2412//2412 2413//2413 
f 2410//2410 2411//2411 2414//2414 
f 2406//2406 2410//2410 2415//2415 
f 2411//2411 2413//2413 2416//2416 
f 2391//2391 2417//2417 2418//2418 
f 2419//2419 2353//2353 2420//2420 
f 2384//2384 2421//2421 2422//2422 
f 2346//2346 2344//2344 2423//2423 
f 2347//2347 2346//2346 2424//2424 
f 2382//2382 2356//2356 2421//2421 
f 2356//2356 2424//2424 2425//2425 
f 2424//2424 2423//2423 2426//2426 
f 2344//2344 2419//2419 2427//2427 
f 2423//2423 2427//2427 2428//2428 
f 2425//2425 2426//2426 2429//2429 
f 2421//2421 2425//2425 2430//2430 
f 2389//2389 2422//2422 2417//2417 
f 2422//2422 2430//2430 2431//2431 
f 2430//2430 2429//2429 2432//2432 
f 2426//2426 2428//2428 2433//2433 
f 2429//2429 2433//2433 2434//2434 
f 2428//2428 2435//2435 2436//2436 
f 2355//2355 1838//1838 1819//1819 
f 2427//2427 2420//2420 2435//2435 
f 2353//2353 2355//2355 2437//2437 
f 2420//2420 2437//2437 2438//2438 
f 1819//1819 1820//1820 2439//2439 
f 2439//2439 2437//2437 1819//1819 
f 2438//2438 2439//2439 2440//2440 
f 2433//2433 2436//2436 2441//2441 
f 2435//2435 2438//2438 2442//2442 
f 2436//2436 2442//2442 2443//2443 
f 2442//2442 2440//2440 2444//2444 
f 2439//2439 1820//1820 1858//1858 
f 2440//2440 1858//1858 1854//1854 
f 2434//2434 2441//2441 2445//2445 
f 2413//2413 2446//2446 2447//2447 
f 2431//2431 2432//2432 2448//2448 
f 2412//2412 2418//2418 2446//2446 
f 2417//2417 2431//2431 2449//2449 
f 2418//2418 2449//2449 2450//2450 
f 2449//2449 2448//2448 2451//2451 
f 2432//2432 2434//2434 2452//2452 
f 2448//2448 2452//2452 2453//2453 
f 2450//2450 2451//2451 2454//2454 
f 2446//2446 2450//2450 2455//2455 
f 2451//2451 2453//2453 2456//2456 
f 2453//2453 2457//2457 2458//2458 
f 2443//2443 2444//2444 2459//2459 
f 2452//2452 2445//2445 2457//2457 
f 2441//2441 2443//2443 2460//2460 
f 2445//2445 2460//2460 2461//2461 
f 2460//2460 2459//2459 2462//2462 
f 2444//2444 1854//1854 1853//1853 
f 2459//2459 1853//1853 1855//1855 
f 2461//2461 2462//2462 2463//2463 
f 2457//2457 2461//2461 2464//2464 
f 2462//2462 1855//1855 2465//2465 
f 1887//1887 1886//1886 2466//2466 
f 2466//2466 2467//2467 1892//1892 
f 1889//1889 1892//1892 2468//2468 
f 2468//2468 2469//2469 1889//1889 
f 1892//1892 2467//2467 2468//2468 
f 2470//2470 1896//1896 1890//1890 
f 2470//2470 2471//2471 1896//1896 
f 1896//1896 2471//2471 2472//2472 
f 1898//1898 1897//1897 2473//2473 
f 1897//1897 2472//2472 2473//2473 
f 1898//1898 2474//2474 2475//2475 
f 1877//1877 1894//1894 2476//2476 
f 1894//1894 2475//2475 2476//2476 
f 1875//1875 1877//1877 2477//2477 
f 1875//1875 2478//2478 2479//2479 
f 2479//2479 1876//1876 1875//1875 
f 1868//1868 1876//1876 2480//2480 
f 1866//1866 1868//1868 2481//2481 
f 2481//2481 2482//2482 1866//1866 
f 2483//2483 2484//2484 1864//1864 
f 1865//1865 1864//1864 2484//2484 
f 2484//2484 2485//2485 1865//1865 
f 1852//1852 1865//1865 2486//2486 
f 2487//2487 2488//2488 2465//2465 
f 2465//2465 1855//1855 2487//2487 
f 1855//1855 1852//1852 2489//2489 
f 2489//2489 2487//2487 1855//1855 
f 2490//2490 2491//2491 2463//2463 
f 2464//2464 2463//2463 2491//2491 
f 2492//2492 2493//2493 2458//2458 
f 2464//2464 2494//2494 2492//2492 
f 2456//2456 2458//2458 2493//2493 
f 2456//2456 2495//2495 2496//2496 
f 2496//2496 2454//2454 2456//2456 
f 2455//2455 2454//2454 2497//2497 
f 2455//2455 2498//2498 2499//2499 
f 2499//2499 2447//2447 2455//2455 
f 2416//2416 2447//2447 2500//2500 
f 2414//2414 2416//2416 2501//2501 
f 2501//2501 2502//2502 2414//2414 
f 2415//2415 2414//2414 2503//2503 
f 2407//2407 2415//2415 2504//2504 
f 2504//2504 2505//2505 2407//2407 
f 2405//2405 2407//2407 2506//2506 
f 2507//2507 2403//2403 2405//2405 
f 2404//2404 2403//2403 2508//2508 
f 2403//2403 2507//2507 2508//2508 
f 2509//2509 2395//2395 2404//2404 
f 2510//2510 2511//2511 2512//2512 
f 2513//2513 2395//2395 2514//2514 
f 2395//2395 2509//2509 2514//2514 
f 2514//2514 2510//2510 2513//2513 
f 2512//2512 2513//2513 2510//2510 
f 2404//2404 2515//2515 2509//2509 
f 2508//2508 2515//2515 2404//2404 
f 2405//2405 2516//2516 2507//2507 
f 2506//2506 2516//2516 2405//2405 
f 2505//2505 2506//2506 2407//2407 
f 2503//2503 2504//2504 2415//2415 
f 2502//2502 2503//2503 2414//2414 
f 2500//2500 2501//2501 2416//2416 
f 2499//2499 2500//2500 2447//2447 
f 2497//2497 2498//2498 2455//2455 
f 2496//2496 2497//2497 2454//2454 
f 2493//2493 2495//2495 2456//2456 
f 2458//2458 2464//2464 2492//2492 
f 2491//2491 2494//2494 2464//2464 
f 2463//2463 2465//2465 2490//2490 
f 2488//2488 2490//2490 2465//2465 
f 2486//2486 2489//2489 1852//1852 
f 2485//2485 2486//2486 1865//1865 
f 1864//1864 1866//1866 2483//2483 
f 2482//2482 2483//2483 1866//1866 
f 2480//2480 2481//2481 1868//1868 
f 2479//2479 2480//2480 1876//1876 
f 2477//2477 2478//2478 1875//1875 
f 2476//2476 2477//2477 1877//1877 
f 2475//2475 1894//1894 1898//1898 
f 2473//2473 2474//2474 1898//1898 
f 2472//2472 1897//1897 1896//1896 
f 1890//1890 1889//1889 2470//2470 
f 2469//2469 2470//2470 1889//1889 
f 2466//2466 1892//1892 1887//1887 
f 2465//2465 2463//2463 2462//2462 
f 2464//2464 2458//2458 2457//2457 
f 2463//2463 2464//2464 2461//2461 
f 1855//1855 2462//2462 2459//2459 
f 1853//1853 2459//2459 2444//2444 
f 2462//2462 2461//2461 2460//2460 
f 2461//2461 2457//2457 2445//2445 
f 2460//2460 2445//2445 2441//2441 
f 2457//2457 2453//2453 2452//2452 
f 2459//2459 2460//2460 2443//2443 
f 2458//2458 2456//2456 2453//2453 
f 2456//2456 2454//2454 2451//2451 
f 2455//2455 2447//2447 2446//2446 
f 2454//2454 2455//2455 2450//2450 
f 2453//2453 2451//2451 2448//2448 
f 2452//2452 2448//2448 2432//2432 
f 2451//2451 2450//2450 2449//2449 
f 2450//2450 2446//2446 2418//2418 
f 2449//2449 2418//2418 2417//2417 
f 2446//2446 2413//2413 2412//2412 
f 2448//2448 2449//2449 2431//2431 
f 2447//2447 2416//2416 2413//2413 
f 2445//2445 2452//2452 2434//2434 
f 1854//1854 2444//2444 2440//2440 
f 1858//1858 2440//2440 2439//2439 
f 2444//2444 2443//2443 2442//2442 
f 2443//2443 2441//2441 2436//2436 
f 2442//2442 2436//2436 2435//2435 
f 2441//2441 2434//2434 2433//2433 
f 2440//2440 2442//2442 2438//2438 
f 2439//2439 2438//2438 2437//2437 
f 2438//2438 2435//2435 2420//2420 
f 2437//2437 2420//2420 2353//2353 
f 2435//2435 2428//2428 2427//2427 
f 1819//1819 2437//2437 2355//2355 
f 2436//2436 2433//2433 2428//2428 
f 2434//2434 2432//2432 2429//2429 
f 2433//2433 2429//2429 2426//2426 
f 2432//2432 2431//2431 2430//2430 
f 2431//2431 2417//2417 2422//2422 
f 2417//2417 2391//2391 2389//2389 
f 2430//2430 2422//2422 2421//2421 
f 2429//2429 2430//2430 2425//2425 
f 2428//2428 2426//2426 2423//2423 
f 2427//2427 2423//2423 2344//2344 
f 2426//2426 2425//2425 2424//2424 
f 2425//2425 2421//2421 2356//2356 
f 2421//2421 2384//2384 2382//2382 
f 2424//2424 2356//2356 2347//2347 
f 2423//2423 2424//2424 2346//2346 
f 2422//2422 2389//2389 2384//2384 
f 2420//2420 2427//2427 2419//2419 
f 2418//2418 2412//2412 2391//2391 
f 2416//2416 2414//2414 2411//2411 
f 2415//2415 2407//2407 2406//2406 
f 2414//2414 2415//2415 2410//2410 
f 2413//2413 2411//2411 2408//2408 
f 2412//2412 2408//2408 2390//2390 
f 2411//2411 2410//2410 2409//2409 
f 2410//2410 2406//2406 2392//2392 
f 2406//2406 2402//2402 2400//2400 
f 2409//2409 2392//2392 2387//2387 
f 2408//2408 2409//2409 2388//2388 
f 2407//2407 2405//2405 2402//2402 
f 2405//2405 2403//2403 2401//2401 
f 2404//2404 2395//2395 2394//2394 
f 2403//2403 2404//2404 2399//2399 
f 2402//2402 2401//2401 2396//2396 
f 2401//2401 2399//2399 2397//2397 
f 2400//2400 2396//2396 2375//2375 
f 2399//2399 2394//2394 2359//2359 
f 2398//2398 2359//2359 2394//2394 
f 2397//2397 2359//2359 2358//2358 
f 2396//2396 2397//2397 2373//2373 
f 2395//2395 2513//2513 2393//2393 
f 2392//2392 2400//2400 2376//2376 
f 2391//2391 2390//2390 2385//2385 
f 2390//2390 2388//2388 2386//2386 
f 2389//2389 2385//2385 2383//2383 
f 2388//2388 2387//2387 2378//2378 
f 2387//2387 2376//2376 2374//2374 
f 2386//2386 2378//2378 2377//2377 
f 2385//2385 2386//2386 2381//2381 
f 2384//2384 2383//2383 2379//2379 
f 2383//2383 2381//2381 2380//2380 
f 2382//2382 2379//2379 2320//2320 
f 2381//2381 2377//2377 2360//2360 
f 2377//2377 2370//2370 2368//2368 
f 2380//2380 2360//2360 2317//2317 
f 2379//2379 2380//2380 2318//2318 
f 2378//2378 2374//2374 2370//2370 
f 2376//2376 2375//2375 2371//2371 
f 2375//2375 2373//2373 2372//2372 
f 2374//2374 2371//2371 2369//2369 
f 2373//2373 2358//2358 2361//2361 
f 2358//2358 2357//2357 2362//2362 
f 2372//2372 2361//2361 2366//2366 
f 2371//2371 2372//2372 2367//2367 
f 2370//2370 2369//2369 2364//2364 
f 2369//2369 2367//2367 2365//2365 
f 2368//2368 2364//2364 2305//2305 
f 2367//2367 2366//2366 2248//2248 
f 2366//2366 2363//2363 2249//2249 
f 2365//2365 2248//2248 2302//2302 
f 2364//2364 2365//2365 2303//2303 
f 2363//2363 2366//2366 2361//2361 
f 2360//2360 2368//2368 2306//2306 
f 2359//2359 2398//2398 2357//2357 
f 2356//2356 2382//2382 2321//2321 
f 1838//1838 2355//2355 2354//2354 
f 2355//2355 2353//2353 2351//2351 
f 2354//2354 2351//2351 2350//2350 
f 2353//2353 2419//2419 2348//2348 
f 1837//1837 2354//2354 2352//2352 
f 1827//1827 2352//2352 2336//2336 
f 2352//2352 2350//2350 2337//2337 
f 2350//2350 2349//2349 2343//2343 
f 1826//1826 2336//2336 2335//2335 
f 2351//2351 2348//2348 2349//2349 
f 2348//2348 2419//2419 2344//2344 
f 2346//2346 2347//2347 2340//2340 
f 2347//2347 2321//2321 2319//2319 
f 2345//2345 2340//2340 2339//2339 
f 2345//2345 2342//2342 2341//2341 
f 2343//2343 2349//2349 2341//2341 
f 2339//2339 2314//2314 2312//2312 
f 2323//2323 2322//2322 2330//2330 
f 2341//2341 2342//2342 2330//2330 
f 2340//2340 2319//2319 2314//2314 
f 2337//2337 2343//2343 2338//2338 
f 1831//1831 2335//2335 2334//2334 
f 2335//2335 2338//2338 2331//2331 
f 1830//1830 2334//2334 2333//2333 
f 1800//1800 2333//2333 2324//2324 
f 2333//2333 2332//2332 2325//2325 
f 2247//2247 2517//2517 1799//1799 
f 2334//2334 2331//2331 2332//2332 
f 2331//2331 2338//2338 2329//2329 
f 2322//2322 2288//2288 2286//2286 
f 2326//2326 2251//2251 2328//2328 
f 2329//2329 2330//2330 2328//2328 
f 2325//2325 2332//2332 2327//2327 
f 2328//2328 2251//2251 2229//2229 
f 2327//2327 2328//2328 2228//2228 
f 2326//2326 2286//2286 2253//2253 
f 2244//2244 2245//2245 2324//2324 
f 2323//2323 2312//2312 2288//2288 
f 2321//2321 2320//2320 2315//2315 
f 2320//2320 2318//2318 2316//2316 
f 2319//2319 2315//2315 2313//2313 
f 2318//2318 2317//2317 2308//2308 
f 2317//2317 2306//2306 2304//2304 
f 2316//2316 2308//2308 2307//2307 
f 2315//2315 2316//2316 2311//2311 
f 2314//2314 2313//2313 2309//2309 
f 2313//2313 2311//2311 2310//2310 
f 2312//2312 2309//2309 2287//2287 
f 2311//2311 2307//2307 2289//2289 
f 2307//2307 2299//2299 2297//2297 
f 2310//2310 2289//2289 2284//2284 
f 2309//2309 2310//2310 2285//2285 
f 2308//2308 2304//2304 2299//2299 
f 2306//2306 2305//2305 2300//2300 
f 2305//2305 2303//2303 2301//2301 
f 2304//2304 2300//2300 2298//2298 
f 2303//2303 2302//2302 2290//2290 
f 2302//2302 2250//2250 2291//2291 
f 2301//2301 2290//2290 2295//2295 
f 2300//2300 2301//2301 2296//2296 
f 2299//2299 2298//2298 2293//2293 
f 2298//2298 2296//2296 2294//2294 
f 2297//2297 2293//2293 2274//2274 
f 2296//2296 2295//2295 2254//2254 
f 2295//2295 2292//2292 2255//2255 
f 2294//2294 2254//2254 2271//2271 
f 2293//2293 2294//2294 2272//2272 
f 2292//2292 2295//2295 2290//2290 
f 2289//2289 2297//2297 2275//2275 
f 2288//2288 2287//2287 2282//2282 
f 2287//2287 2285//2285 2283//2283 
f 2286//2286 2282//2282 2281//2281 
f 2285//2285 2284//2284 2277//2277 
f 2284//2284 2275//2275 2273//2273 
f 2283//2283 2277//2277 2276//2276 
f 2282//2282 2283//2283 2280//2280 
f 2253//2253 2281//2281 2278//2278 
f 2281//2281 2280//2280 2279//2279 
f 2252//2252 2278//2278 2157//2157 
f 2280//2280 2276//2276 2257//2257 
f 2276//2276 2268//2268 2266//2266 
f 2279//2279 2257//2257 2148//2148 
f 2278//2278 2279//2279 2156//2156 
f 2277//2277 2273//2273 2268//2268 
f 2275//2275 2274//2274 2269//2269 
f 2274//2274 2272//2272 2270//2270 
f 2273//2273 2269//2269 2267//2267 
f 2272//2272 2271//2271 2258//2258 
f 2271//2271 2256//2256 2259//2259 
f 2270//2270 2258//2258 2264//2264 
f 2269//2269 2270//2270 2265//2265 
f 2268//2268 2267//2267 2261//2261 
f 2267//2267 2265//2265 2262//2262 
f 2266//2266 2261//2261 2124//2124 
f 2265//2265 2264//2264 1807//1807 
f 2264//2264 2260//2260 2263//2263 
f 2262//2262 1807//1807 1806//1806 
f 2261//2261 2262//2262 2123//2123 
f 2260//2260 2264//2264 2258//2258 
f 2257//2257 2266//2266 2147//2147 
f 2256//2256 2271//2271 2254//2254 
f 2252//2252 2231//2231 2229//2229 
f 2250//2250 2302//2302 2248//2248 
f 1997//1997 2517//2517 2247//2247 
f 1982//1982 1998//1998 2246//2246 
f 2246//2246 2247//2247 2245//2245 
f 2241//2241 2245//2245 2244//2244 
f 2238//2238 2241//2241 2243//2243 
f 2243//2243 2244//2244 2242//2242 
f 2240//2240 2246//2246 2241//2241 
f 1988//1988 1983//1983 2240//2240 
f 1900//1900 1989//1989 2239//2239 
f 2239//2239 2240//2240 2238//2238 
f 2236//2236 2238//2238 2235//2235 
f 2209//2209 2236//2236 2237//2237 
f 2237//2237 2235//2235 2232//2232 
f 2211//2211 2239//2239 2236//2236 
f 2235//2235 2243//2243 2234//2234 
f 2234//2234 2242//2242 2233//2233 
f 2232//2232 2234//2234 2223//2223 
f 2223//2223 2233//2233 2228//2228 
f 2230//2230 2229//2229 2231//2231 
f 2230//2230 2226//2226 2224//2224 
f 2225//2225 2224//2224 2226//2226 
f 2227//2227 2226//2226 2155//2155 
f 2222//2222 2225//2225 2227//2227 
f 2226//2226 2230//2230 2158//2158 
f 2225//2225 2222//2222 2221//2221 
f 2212//2212 2232//2232 2221//2221 
f 2191//2191 2212//2212 2214//2214 
f 2220//2220 2215//2215 2214//2214 
f 2220//2220 2222//2222 2213//2213 
f 2219//2219 2213//2213 2152//2152 
f 2215//2215 2220//2220 2219//2219 
f 2216//2216 2215//2215 2217//2217 
f 2218//2218 2217//2217 2138//2138 
f 2194//2194 2216//2216 2218//2218 
f 2217//2217 2219//2219 2141//2141 
f 2216//2216 2194//2194 2192//2192 
f 2213//2213 2227//2227 2153//2153 
f 2208//2208 2237//2237 2212//2212 
f 1940//1940 1901//1901 2211//2211 
f 1907//1907 1941//1941 2210//2210 
f 2210//2210 2211//2211 2209//2209 
f 2206//2206 2209//2209 2208//2208 
f 2203//2203 2206//2206 2207//2207 
f 2207//2207 2208//2208 2191//2191 
f 2205//2205 2210//2210 2206//2206 
f 1916//1916 1908//1908 2205//2205 
f 1801//1801 1917//1917 2204//2204 
f 2204//2204 2205//2205 2203//2203 
f 2196//2196 2203//2203 2195//2195 
f 2202//2202 2200//2200 2177//2177 
f 2201//2201 2199//2199 2196//2196 
f 2180//2180 2177//2177 2200//2200 
f 2198//2198 2204//2204 2196//2196 
f 2195//2195 2207//2207 2188//2188 
f 2193//2193 2192//2192 2194//2194 
f 2193//2193 2187//2187 2188//2188 
f 2189//2189 2187//2187 2185//2185 
f 2189//2189 2179//2179 2190//2190 
f 2187//2187 2193//2193 2186//2186 
f 2186//2186 2194//2194 2159//2159 
f 2184//2184 2159//2159 2135//2135 
f 2185//2185 2186//2186 2184//2184 
f 2181//2181 2185//2185 2182//2182 
f 2183//2183 2182//2182 2086//2086 
f 2178//2178 2181//2181 2183//2183 
f 2182//2182 2184//2184 2089//2089 
f 2179//2179 2189//2189 2181//2181 
f 2180//2180 2190//2190 2179//2179 
f 2176//2176 2179//2179 2178//2178 
f 2177//2177 2180//2180 2176//2176 
f 2160//2160 2177//2177 2173//2173 
f 2174//2174 2173//2173 2171//2171 
f 2175//2175 2161//2161 2160//2160 
f 2173//2173 2176//2176 2172//2172 
f 2172//2172 2178//2178 2163//2163 
f 2170//2170 2163//2163 2083//2083 
f 2171//2171 2172//2172 2170//2170 
f 2164//2164 2171//2171 2167//2167 
f 2168//2168 2167//2167 2069//2069 
f 2169//2169 2165//2165 2164//2164 
f 2167//2167 2170//2170 2072//2072 
f 2166//2166 2174//2174 2164//2164 
f 2163//2163 2183//2183 2084//2084 
f 2162//2162 2202//2202 2160//2160 
f 2159//2159 2218//2218 2136//2136 
f 2158//2158 2231//2231 2157//2157 
f 2154//2154 2157//2157 2156//2156 
f 2155//2155 2158//2158 2154//2154 
f 2153//2153 2155//2155 2150//2150 
f 2151//2151 2150//2150 2146//2146 
f 2152//2152 2153//2153 2151//2151 
f 2150//2150 2154//2154 2149//2149 
f 2149//2149 2156//2156 2148//2148 
f 2145//2145 2148//2148 2147//2147 
f 2146//2146 2149//2149 2145//2145 
f 2142//2142 2146//2146 2143//2143 
f 2144//2144 2143//2143 2122//2122 
f 2139//2139 2142//2142 2144//2144 
f 2143//2143 2145//2145 2125//2125 
f 2140//2140 2151//2151 2142//2142 
f 2141//2141 2152//2152 2140//2140 
f 2137//2137 2140//2140 2139//2139 
f 2138//2138 2141//2141 2137//2137 
f 2136//2136 2138//2138 2133//2133 
f 2134//2134 2133//2133 2131//2131 
f 2135//2135 2136//2136 2134//2134 
f 2133//2133 2137//2137 2132//2132 
f 2132//2132 2139//2139 2126//2126 
f 2130//2130 2126//2126 2119//2119 
f 2131//2131 2132//2132 2130//2130 
f 2127//2127 2131//2131 2128//2128 
f 2129//2129 2128//2128 2105//2105 
f 2087//2087 2127//2127 2129//2129 
f 2128//2128 2130//2130 2108//2108 
f 2088//2088 2134//2134 2127//2127 
f 2126//2126 2144//2144 2120//2120 
f 2125//2125 2147//2147 2124//2124 
f 2121//2121 2124//2124 2123//2123 
f 2122//2122 2125//2125 2121//2121 
f 2120//2120 2122//2122 2117//2117 
f 2118//2118 2117//2117 2115//2115 
f 2119//2119 2120//2120 2118//2118 
f 2117//2117 2121//2121 2116//2116 
f 2116//2116 2123//2123 1806//1806 
f 2110//2110 2114//2114 1806//1806 
f 2115//2115 2116//2116 2114//2114 
f 2109//2109 2115//2115 2112//2112 
f 2113//2113 2093//2093 2112//2112 
f 2106//2106 2109//2109 2093//2093 
f 2112//2112 2114//2114 2110//2110 
f 2107//2107 2118//2118 2109//2109 
f 2108//2108 2119//2119 2107//2107 
f 2104//2104 2107//2107 2106//2106 
f 2105//2105 2108//2108 2104//2104 
f 2090//2090 2105//2105 2102//2102 
f 2103//2103 2102//2102 2099//2099 
f 2078//2078 2090//2090 2103//2103 
f 2102//2102 2104//2104 2101//2101 
f 2101//2101 2106//2106 2092//2092 
f 2100//2100 2097//2097 2092//2092 
f 2099//2099 2101//2101 2097//2097 
f 2094//2094 2099//2099 2096//2096 
f 2098//2098 2014//2014 2096//2096 
f 2052//2052 2094//2094 2014//2014 
f 2097//2097 2100//2100 2095//2095 
f 2053//2053 2103//2103 2094//2094 
f 2093//2093 2113//2113 2091//2091 
f 2079//2079 2129//2129 2090//2090 
f 2089//2089 2135//2135 2088//2088 
f 2085//2085 2088//2088 2087//2087 
f 2086//2086 2089//2089 2085//2085 
f 2084//2084 2086//2086 2081//2081 
f 2082//2082 2081//2081 2077//2077 
f 2083//2083 2084//2084 2082//2082 
f 2081//2081 2085//2085 2080//2080 
f 2080//2080 2087//2087 2079//2079 
f 2076//2076 2079//2079 2078//2078 
f 2077//2077 2080//2080 2076//2076 
f 2073//2073 2077//2077 2074//2074 
f 2075//2075 2074//2074 2051//2051 
f 2070//2070 2073//2073 2075//2075 
f 2074//2074 2076//2076 2054//2054 
f 2071//2071 2082//2082 2073//2073 
f 2072//2072 2083//2083 2071//2071 
f 2068//2068 2071//2071 2070//2070 
f 2069//2069 2072//2072 2068//2068 
f 2009//2009 2069//2069 2065//2065 
f 2066//2066 2065//2065 2063//2063 
f 2010//2010 2009//2009 2066//2066 
f 2065//2065 2068//2068 2064//2064 
f 2064//2064 2070//2070 2055//2055 
f 2062//2062 2055//2055 2048//2048 
f 2063//2063 2064//2064 2062//2062 
f 2056//2056 2063//2063 2059//2059 
f 2060//2060 2059//2059 2035//2035 
f 2057//2057 2056//2056 2060//2060 
f 2059//2059 2062//2062 2038//2038 
f 2058//2058 2066//2066 2056//2056 
f 2055//2055 2075//2075 2049//2049 
f 2054//2054 2078//2078 2053//2053 
f 2050//2050 2053//2053 2052//2052 
f 2051//2051 2054//2054 2050//2050 
f 2049//2049 2051//2051 2046//2046 
f 2047//2047 2046//2046 2043//2043 
f 2048//2048 2049//2049 2047//2047 
f 2046//2046 2050//2050 2045//2045 
f 2045//2045 2052//2052 2013//2013 
f 2044//2044 2042//2042 2013//2013 
f 2043//2043 2045//2045 2042//2042 
f 2039//2039 2043//2043 2041//2041 
f 2018//2018 2041//2041 2040//2040 
f 2036//2036 2039//2039 2018//2018 
f 2042//2042 2044//2044 2040//2040 
f 2037//2037 2047//2047 2039//2039 
f 2038//2038 2048//2048 2037//2037 
f 2034//2034 2037//2037 2036//2036 
f 2035//2035 2038//2038 2034//2034 
f 2015//2015 2035//2035 2032//2032 
f 2024//2024 2032//2032 2029//2029 
f 2016//2016 2015//2015 2024//2024 
f 2032//2032 2034//2034 2031//2031 
f 2031//2031 2036//2036 2030//2030 
f 2030//2030 2020//2020 2026//2026 
f 2029//2029 2031//2031 2025//2025 
f 2021//2021 2029//2029 2028//2028 
f 2028//2028 2027//2027 1812//1812 
f 1811//1811 2518//2518 2022//2022 
f 2027//2027 2028//2028 2025//2025 
f 2023//2023 2033//2033 2024//2024 
f 2020//2020 2030//2030 2018//2018 
f 2017//2017 2060//2060 2015//2015 
f 2014//2014 2098//2098 2012//2012 
f 2011//2011 2168//2168 2009//2009 
f 2008//2008 1888//1888 1881//1881 
f 2006//2006 1880//1880 1813//1813 
f 2008//2008 1881//1881 1880//1880 
f 1977//1977 1888//1888 2008//2008 
f 2007//2007 2005//2005 2003//2003 
f 2007//2007 1980//1980 1978//1978 
f 1977//1977 2008//2008 2006//2006 
f 2004//2004 2003//2003 2005//2005 
f 2004//2004 1846//1846 1822//1822 
f 2002//2002 1822//1822 1821//1821 
f 2003//2003 2004//2004 2002//2002 
f 1797//1797 2517//2517 1997//1997 
f 2001//2001 1999//1999 1996//1996 
f 2000//2000 1999//1999 1998//1998 
f 2000//2000 1984//1984 1995//1995 
f 1999//1999 2001//2001 1997//1997 
f 1994//1994 2002//2002 1996//1996 
f 1981//1981 2003//2003 1994//1994 
f 1993//1993 1986//1986 1985//1985 
f 1949//1949 1981//1981 1985//1985 
f 1993//1993 1995//1995 1984//1984 
f 1992//1992 1984//1984 1983//1983 
f 1986//1986 1993//1993 1992//1992 
f 1987//1987 1986//1986 1990//1990 
f 1991//1991 1990//1990 1989//1989 
f 1948//1948 1987//1987 1991//1991 
f 1990//1990 1992//1992 1988//1988 
f 1947//1947 1950//1950 1985//1985 
f 1984//1984 2000//2000 1982//1982 
f 1980//1980 2007//2007 1981//1981 
f 1974//1974 1888//1888 1977//1977 
f 1979//1979 1978//1978 1980//1980 
f 1953//1953 1980//1980 1949//1949 
f 1958//1958 1979//1979 1953//1953 
f 1957//1957 1969//1969 1977//1977 
f 1976//1976 1888//1888 1974//1974 
f 1970//1970 1969//1969 1957//1957 
f 1971//1971 1974//1974 1969//1969 
f 1968//1968 1959//1959 1960//1960 
f 1960//1960 1959//1959 1958//1958 
f 1963//1963 1966//1966 1955//1955 
f 1964//1964 1963//1963 1906//1906 
f 1906//1906 1955//1955 1952//1952 
f 1962//1962 1967//1967 1960//1960 
f 1959//1959 1968//1968 1956//1956 
f 1955//1955 1966//1966 1953//1953 
f 1952//1952 1954//1954 1951//1951 
f 1951//1951 1954//1954 1949//1949 
f 1946//1946 1950//1950 1947//1947 
f 1934//1934 1946//1946 1937//1937 
f 1945//1945 1938//1938 1937//1937 
f 1936//1936 1951//1951 1946//1946 
f 1945//1945 1948//1948 1902//1902 
f 1944//1944 1902//1902 1901//1901 
f 1938//1938 1945//1945 1944//1944 
f 1939//1939 1938//1938 1942//1942 
f 1943//1943 1942//1942 1941//1941 
f 1933//1933 1939//1939 1943//1943 
f 1942//1942 1944//1944 1940//1940 
f 1939//1939 1933//1933 1932//1932 
f 1903//1903 1952//1952 1936//1936 
f 1903//1903 1927//1927 1935//1935 
f 1927//1927 1936//1936 1934//1934 
f 1928//1928 1934//1934 1932//1932 
f 1931//1931 1912//1912 1930//1930 
f 1926//1926 1910//1910 1931//1931 
f 1929//1929 1935//1935 1927//1927 
f 1926//1926 1933//1933 1909//1909 
f 1923//1923 1924//1924 1925//1925 
f 1925//1925 1924//1924 1909//1909 
f 1910//1910 1926//1926 1924//1924 
f 1913//1913 1910//1910 1923//1923 
f 1919//1919 1923//1923 1918//1918 
f 1922//1922 1803//1803 1921//1921 
f 1922//1922 1918//1918 1917//1917 
f 1915//1915 1913//1913 1919//1919 
f 1918//1918 1925//1925 1916//1916 
f 1912//1912 1931//1931 1910//1910 
f 1909//1909 1943//1943 1907//1907 
f 1905//1905 1965//1965 1906//1906 
f 1902//1902 1991//1991 1900//1900 
f 1899//1899 2466//2466 1886//1886 
f 1898//1898 1894//1894 1893//1893 
f 1897//1897 1898//1898 1895//1895 
f 1890//1890 1895//1895 1879//1879 
f 1893//1893 1874//1874 1869//1869 
f 1891//1891 1879//1879 1878//1878 
f 1894//1894 1877//1877 1874//1874 
f 1891//1891 1885//1885 1889//1889 
f 1887//1887 1885//1885 1884//1884 
f 1882//1882 1881//1881 1886//1886 
f 1878//1878 1850//1850 1847//1847 
f 1814//1814 1884//1884 1885//1885 
f 1884//1884 1814//1814 1813//1813 
f 1883//1883 1847//1847 1816//1816 
f 1882//1882 1884//1884 1880//1880 
f 1879//1879 1869//1869 1850//1850 
f 1877//1877 1875//1875 1873//1873 
f 1876//1876 1868//1868 1867//1867 
f 1875//1875 1876//1876 1872//1872 
f 1874//1874 1873//1873 1870//1870 
f 1873//1873 1872//1872 1871//1871 
f 1872//1872 1867//1867 1851//1851 
f 1871//1871 1851//1851 1849//1849 
f 1867//1867 1863//1863 1862//1862 
f 1870//1870 1871//1871 1848//1848 
f 1868//1868 1866//1866 1863//1863 
f 1866//1866 1864//1864 1861//1861 
f 1865//1865 1852//1852 1857//1857 
f 1864//1864 1865//1865 1860//1860 
f 1863//1863 1861//1861 1856//1856 
f 1862//1862 1856//1856 1841//1841 
f 1861//1861 1860//1860 1859//1859 
f 1860//1860 1857//1857 1818//1818 
f 1859//1859 1818//1818 1817//1817 
f 1820//1820 1818//1818 1857//1857 
f 1856//1856 1859//1859 1840//1840 
f 1854//1854 1857//1857 1852//1852 
f 1851//1851 1862//1862 1843//1843 
f 1850//1850 1848//1848 1845//1845 
f 1849//1849 1843//1843 1842//1842 
f 1847//1847 1845//1845 1844//1844 
f 1816//1816 1844//1844 1823//1823 
f 1844//1844 1834//1834 1829//1829 
f 1815//1815 1823//1823 1822//1822 
f 1845//1845 1842//1842 1834//1834 
f 1843//1843 1841//1841 1836//1836 
f 1842//1842 1836//1836 1835//1835 
f 1841//1841 1840//1840 1839//1839 
f 1840//1840 1817//1817 1825//1825 
f 1839//1839 1825//1825 1824//1824 
f 1837//1837 1827//1827 1825//1825 
f 1836//1836 1839//1839 1833//1833 
f 1835//1835 1833//1833 1832//1832 
f 1833//1833 1824//1824 1798//1798 
f 1832//1832 1798//1798 1797//1797 
f 1830//1830 1800//1800 1798//1798 
f 1829//1829 1832//1832 1828//1828 
f 1826//1826 1831//1831 1824//1824 
f 1823//1823 1829//1829 1821//1821 
f 1819//1819 1838//1838 1817//1817 
f 1815//1815 1846//1846 1813//1813 
f 1810//1810 2518//2518 1811//1811 
f 1807//1807 2263//2263 1805//1805 
f 1803//1803 1922//1922 1801//1801 
f 1799//1799 2517//2517 1797//1797 
v -0.0231309 0.00275 -0.0543154 
v -0.0231309 -0.01425 -0.0543154 
v -0.0259309 -0.01425 -0.0543154 
v -0.025931 0.00275 -0.0543154 
vn -7.88828e-09 -9.66036e-25 -1 
vn -7.88828e-09 -9.66036e-25 -1 
vn -7.88828e-09 -9.66036e-25 -1 
vn -7.88828e-09 -9.66036e-25 -1 
f 2519//2519 2520//2520 2521//2521 
f 2521//2521 2522//2522 2519//2519 
v -0.0229566 0.00424168 -0.0529639 
v -0.0231309 0.00424168 -0.0529731 
v -0.0231309 0.00424768 -0.0528595 
v -0.0229732 0.00425 -0.0528071 
v -0.0228172 0.00425 -0.0527822 
v -0.0227842 0.00424168 -0.0529365 
v -0.0226647 0.00425 -0.0527411 
v -0.0226157 0.00424168 -0.052891 
v -0.0225174 0.00425 -0.0526842 
v -0.0224528 0.00424168 -0.0528281 
v -0.0223768 0.00425 -0.0526121 
v -0.0222975 0.00424168 -0.0527484 
v -0.0222447 0.00425 -0.0525256 
v -0.0221515 0.00424168 -0.0526528 
v -0.0221223 0.00425 -0.0524257 
v -0.0220163 0.00424168 -0.0525424 
v -0.0220112 0.00425 -0.0523135 
v -0.0218934 0.00424168 -0.0524184 
v -0.0219124 0.00425 -0.0521902 
v -0.0217843 0.00424168 -0.0522822 
v -0.0218272 0.00425 -0.0520572 
v -0.0216901 0.00424168 -0.0521352 
v -0.0217564 0.00425 -0.051916 
v -0.0216119 0.00424168 -0.0519792 
v -0.0217009 0.00425 -0.0517681 
v -0.0215505 0.00424168 -0.0518158 
v -0.0216612 0.00425 -0.0516153 
v -0.0215066 0.00424168 -0.0516468 
v -0.0216378 0.00425 -0.0514591 
v -0.0229402 0.00421683 -0.053119 
v -0.0231309 0.00421683 -0.0531291 
v -0.0231309 0.00423411 -0.0530206 
v -0.0227516 0.00421683 -0.053089 
v -0.0225672 0.00421683 -0.0530393 
v -0.022389 0.00421683 -0.0529704 
v -0.0222191 0.00421683 -0.0528833 
v -0.0220593 0.00421683 -0.0527787 
v -0.0219114 0.00421683 -0.0526579 
v -0.021777 0.00421683 -0.0525222 
v -0.0216576 0.00421683 -0.0523731 
v -0.0215545 0.00421683 -0.0522124 
v -0.0214689 0.00421683 -0.0520416 
v -0.0214018 0.00421683 -0.0518628 
v -0.0213538 0.00421683 -0.051678 
v -0.0214808 0.00424168 -0.0514742 
v -0.0229242 0.00417571 -0.0532707 
v -0.0231309 0.00417571 -0.0532816 
v -0.0231309 0.00420327 -0.0531794 
v -0.0227197 0.00417571 -0.0532381 
v -0.0225198 0.00417571 -0.0531842 
v -0.0223267 0.00417571 -0.0531096 
v -0.0221425 0.00417571 -0.0530151 
v -0.0219692 0.00417571 -0.0529017 
v -0.0218088 0.00417571 -0.0527708 
v -0.0216631 0.00417571 -0.0526237 
v -0.0215337 0.00417571 -0.0524621 
v -0.021422 0.00417571 -0.0522878 
v -0.0213292 0.00417571 -0.0521027 
v -0.0212564 0.00417571 -0.0519089 
v -0.0212044 0.00417571 -0.0517085 
v -0.0213255 0.00421683 -0.0514891 
v -0.0229087 0.00411878 -0.0534172 
v -0.0231309 0.00411878 -0.0534289 
v -0.0231309 0.00415551 -0.0533339 
v -0.0226889 0.00411878 -0.0533822 
v -0.022474 0.00411878 -0.0533243 
v -0.0222664 0.00411878 -0.053244 
v -0.0220684 0.00411878 -0.0531424 
v -0.0218822 0.00411878 -0.0530206 
v -0.0217098 0.00411878 -0.0528798 
v -0.0215532 0.00411878 -0.0527217 
v -0.021414 0.00411878 -0.052548 
v -0.0212939 0.00411878 -0.0523606 
v -0.0211942 0.00411878 -0.0521617 
v -0.0211159 0.00411878 -0.0519533 
v -0.02106 0.00411878 -0.0517379 
v -0.0211737 0.00417571 -0.0515037 
v -0.0228939 0.00404668 -0.053557 
v -0.0231309 0.00404668 -0.0535695 
v -0.0231309 0.00409139 -0.0534823 
v -0.0226595 0.00404668 -0.0535196 
v -0.0224303 0.00404668 -0.0534578 
v -0.0222089 0.00404668 -0.0533723 
v -0.0219977 0.00404668 -0.0532639 
v -0.0217991 0.00404668 -0.053134 
v -0.0216153 0.00404668 -0.0529838 
v -0.0214482 0.00404668 -0.0528152 
v -0.0212999 0.00404668 -0.05263 
v -0.0211718 0.00404668 -0.0524301 
v -0.0210654 0.00404668 -0.052218 
v -0.020982 0.00404668 -0.0519958 
v -0.0209223 0.00404668 -0.051766 
v -0.0210271 0.00411878 -0.0515178 
v -0.02288 0.00396019 -0.0536884 
v -0.0231309 0.00396019 -0.0537016 
v -0.0231309 0.00401165 -0.053623 
v -0.0226319 0.00396019 -0.0536489 
v -0.0223892 0.00396019 -0.0535835 
v -0.0221549 0.00396019 -0.0534929 
v -0.0219313 0.00396019 -0.0533782 
v -0.021721 0.00396019 -0.0532406 
v -0.0215264 0.00396019 -0.0530817 
v -0.0213496 0.00396019 -0.0529032 
v -0.0211925 0.00396019 -0.0527071 
v -0.0210569 0.00396019 -0.0524955 
v -0.0209443 0.00396019 -0.0522709 
v -0.020856 0.00396019 -0.0520356 
v -0.0207928 0.00396019 -0.0517924 
v -0.0208872 0.00404668 -0.0515313 
v -0.0228671 0.00386029 -0.0538101 
v -0.0231309 0.00391722 -0.0537543 
v -0.0231309 0.00386029 -0.053824 
v -0.0226063 0.00386029 -0.0537685 
v -0.0223512 0.00386029 -0.0536997 
v -0.0221048 0.00386029 -0.0536045 
v -0.0218698 0.00386029 -0.0534839 
v -0.0216488 0.00386029 -0.0533393 
v -0.0214442 0.00386029 -0.0531722 
v -0.0212583 0.00386029 -0.0529846 
v -0.0210931 0.00386029 -0.0527784 
v -0.0209506 0.00386029 -0.052556 
v -0.0208322 0.00386029 -0.0523199 
v -0.0207393 0.00386029 -0.0520726 
v -0.020673 0.00386029 -0.0518169 
v -0.0207556 0.00396019 -0.0515439 
v -0.0228554 0.00374808 -0.0539206 
v -0.0231309 0.00380921 -0.0538746 
v -0.0231309 0.00374808 -0.0539351 
v -0.022583 0.00374808 -0.0538772 
v -0.0223167 0.00374808 -0.0538054 
v -0.0220594 0.00374808 -0.053706 
v -0.0218139 0.00374808 -0.05358 
v -0.0215831 0.00374808 -0.053429 
v -0.0213694 0.00374808 -0.0532545 
v -0.0211753 0.00374808 -0.0530585 
v -0.0210028 0.00374808 -0.0528432 
v -0.020854 0.00374808 -0.052611 
v -0.0207303 0.00374808 -0.0523644 
v -0.0206334 0.00374808 -0.0521061 
v -0.020564 0.00374808 -0.0518391 
v -0.0206339 0.00386029 -0.0515557 
v -0.0228451 0.0036248 -0.0540188 
v -0.0231309 0.00368886 -0.0539826 
v -0.0231309 0.0036248 -0.0540339 
v -0.0225624 0.0036248 -0.0539738 
v -0.022286 0.0036248 -0.0538992 
v -0.022019 0.0036248 -0.0537961 
v -0.0217643 0.0036248 -0.0536654 
v -0.0215247 0.0036248 -0.0535087 
v -0.021303 0.0036248 -0.0533276 
v -0.0211016 0.0036248 -0.0531242 
v -0.0209226 0.0036248 -0.0529008 
v -0.0207681 0.0036248 -0.0526598 
v -0.0206399 0.0036248 -0.0524039 
v -0.0205392 0.0036248 -0.0521359 
v -0.0204673 0.0036248 -0.0518589 
v -0.0205232 0.00374808 -0.0515663 
v -0.0228361 0.00349182 -0.0541036 
v -0.0231309 0.00355758 -0.054077 
v -0.0231309 0.00349182 -0.0541191 
v -0.0225445 0.00349182 -0.0540571 
v -0.0222595 0.00349182 -0.0539803 
v -0.0219841 0.00349182 -0.0538738 
v -0.0217214 0.00349182 -0.0537391 
v -0.0214744 0.00349182 -0.0535774 
v -0.0212457 0.00349182 -0.0533907 
v -0.0210379 0.00349182 -0.053181 
v -0.0208534 0.00349182 -0.0529505 
v -0.0206941 0.00349182 -0.052702 
v -0.0205618 0.00349182 -0.052438 
v -0.020458 0.00349182 -0.0521617 
v -0.0203838 0.00349182 -0.0518759 
v -0.0204249 0.0036248 -0.0515758 
v -0.0228286 0.00335062 -0.054174 
v -0.0231309 0.0034169 -0.0541567 
v -0.0231309 0.00335062 -0.0541899 
v -0.0225297 0.00335062 -0.0541263 
v -0.0222375 0.00335062 -0.0540475 
v -0.0219552 0.00335062 -0.0539384 
v -0.0216858 0.00335062 -0.0538003 
v -0.0214326 0.00335062 -0.0536345 
v -0.0211981 0.00335062 -0.0534431 
v -0.0209851 0.00335062 -0.053228 
v -0.0207959 0.00335062 -0.0529918 
v -0.0206325 0.00335062 -0.052737 
v -0.0204969 0.00335062 -0.0524664 
v -0.0203905 0.00335062 -0.052183 
v -0.0203144 0.00335062 -0.05189 
v -0.0203401 0.00349182 -0.0515839 
v -0.0228228 0.00320276 -0.0542292 
v -0.0231309 0.00326845 -0.0542208 
v -0.0231309 0.00320276 -0.0542454 
v -0.0225181 0.00320276 -0.0541806 
v -0.0222202 0.00320276 -0.0541003 
v -0.0219324 0.00320276 -0.0539891 
v -0.0216579 0.00320276 -0.0538483 
v -0.0213998 0.00320276 -0.0536793 
v -0.0211608 0.00320276 -0.0534842 
v -0.0209436 0.00320276 -0.053265 
v -0.0207508 0.00320276 -0.0530242 
v -0.0205843 0.00320276 -0.0527644 
v -0.020446 0.00320276 -0.0524886 
v -0.0203375 0.00320276 -0.0521998 
v -0.02026 0.00320276 -0.0519011 
v -0.0202696 0.00335062 -0.0515907 
v -0.0228186 0.00304987 -0.0542686 
v -0.0231309 0.00311396 -0.0542685 
v -0.0231309 0.00304987 -0.0542851 
v -0.0225098 0.00304987 -0.0542194 
v -0.0222079 0.00304987 -0.054138 
v -0.0219162 0.00304987 -0.0540253 
v -0.021638 0.00304987 -0.0538826 
v -0.0213763 0.00304987 -0.0537113 
v -0.0211341 0.00304987 -0.0535136 
v -0.020914 0.00304987 -0.0532914 
v -0.0207185 0.00304987 -0.0530473 
v -0.0205498 0.00304987 -0.0527841 
v -0.0204097 0.00304987 -0.0525045 
v -0.0202997 0.00304987 -0.0522118 
v -0.0202211 0.00304987 -0.0519091 
v -0.0202143 0.00320276 -0.051596 
v -0.0228162 0.00289366 -0.0542919 
v -0.0231309 0.00295522 -0.0542993 
v -0.0231309 0.00289366 -0.0543085 
v -0.0225049 0.00289366 -0.0542423 
v -0.0222006 0.00289366 -0.0541603 
v -0.0219066 0.00289366 -0.0540467 
v -0.0216262 0.00289366 -0.0539028 
v -0.0213625 0.00289366 -0.0537302 
v -0.0211184 0.00289366 -0.0535309 
v -0.0208966 0.00289366 -0.053307 
v -0.0206995 0.00289366 -0.053061 
v -0.0205295 0.00289366 -0.0527956 
v -0.0203882 0.00289366 -0.0525139 
v -0.0202774 0.00289366 -0.0522188 
v -0.0201982 0.00289366 -0.0519138 
v -0.0201748 0.00304987 -0.0515998 
v -0.0216309 0.00425 -0.0513154 
v -0.0214732 0.00424168 -0.0513154 
v -0.0213172 0.00421683 -0.0513154 
v -0.0211647 0.00417571 -0.0513154 
v -0.0210174 0.00411878 -0.0513154 
v -0.0208768 0.00404668 -0.0513154 
v -0.0207447 0.00396019 -0.0513154 
v -0.0206223 0.00386029 -0.0513154 
v -0.0205112 0.00374808 -0.0513154 
v -0.0204124 0.0036248 -0.0513154 
v -0.0203272 0.00349182 -0.0513154 
v -0.0202564 0.00335062 -0.0513154 
v -0.0202009 0.00320276 -0.0513154 
v -0.0201516 0.00289366 -0.0516021 
v -0.0201612 0.00304987 -0.0513154 
v -0.0201378 0.00289366 -0.0513154 
v -0.0201322 0.00275 -0.0514037 
v -0.0201309 0.00275 -0.0513154 
v -0.0201592 0.00275 -0.0517264 
v -0.0201488 0.00275 -0.0516024 
v -0.0202208 0.00275 -0.0520443 
v -0.0201956 0.00275 -0.0519143 
v -0.0203163 0.00275 -0.0523537 
v -0.0202749 0.00275 -0.0522196 
v -0.0204447 0.00275 -0.0526511 
v -0.0203859 0.00275 -0.0525149 
v -0.0206043 0.00275 -0.0529328 
v -0.0205273 0.00275 -0.0527969 
v -0.0206975 0.00275 -0.0530624 
v -0.0207933 0.00275 -0.0531957 
v -0.0208947 0.00275 -0.0533086 
v -0.0210096 0.00275 -0.0534367 
v -0.0211166 0.00275 -0.0535328 
v -0.0212506 0.00275 -0.053653 
v -0.0213609 0.00275 -0.0537323 
v -0.0215135 0.00275 -0.053842 
v -0.0216248 0.00275 -0.0539051 
v -0.0217952 0.00275 -0.0540017 
v -0.0219054 0.00275 -0.0540492 
v -0.0220926 0.00275 -0.05413 
v -0.0221997 0.00275 -0.054163 
v -0.022402 0.00275 -0.0542255 
v -0.0225042 0.00275 -0.0542453 
v -0.0227199 0.00275 -0.0542871 
v -0.0228158 0.00275 -0.0542951 
v -0.0231309 0.0027941 -0.0543133 
v -0.0230426 0.00275 -0.0543141 
v -0.0231309 0.00275 -0.0543154 
v -0.0231309 0.00425 -0.0528154 
vn 0.0110572 0.994456 -0.10457 
vn -8.29487e-10 0.994456 -0.105153 
vn -2.32097e-10 0.999567 -0.0294222 
vn -1.26758e-14 1 5.51466e-14 
vn -1.26758e-14 1 5.51466e-14 
vn 0.0219918 0.994456 -0.102828 
vn -1.26758e-14 1 5.51466e-14 
vn 0.0326826 0.994456 -0.0999453 
vn -2.62624e-14 1 5.14832e-14 
vn 0.043011 0.994456 -0.0959545 
vn -2.62624e-14 1 5.14832e-14 
vn 0.0528625 0.994456 -0.0908998 
vn -3.43909e-14 1 4.67562e-14 
vn 0.0621278 0.994456 -0.0848372 
vn -3.43909e-14 1 4.67562e-14 
vn 0.0707043 0.994456 -0.0778339 
vn -4.13509e-14 1 4.04337e-14 
vn 0.0784968 0.994456 -0.0699676 
vn -4.13509e-14 1 4.04337e-14 
vn 0.085419 0.994456 -0.0613255 
vn -4.68348e-14 1 3.27953e-14 
vn 0.091394 0.994456 -0.0520034 
vn -4.68348e-14 1 3.27953e-14 
vn 0.0963556 0.994456 -0.0421048 
vn -5.05998e-14 1 2.4179e-14 
vn 0.100249 0.994456 -0.0317392 
vn -5.05998e-14 1 2.4179e-14 
vn 0.103031 0.994456 -0.0210217 
vn -5.24796e-14 1 1.49659e-14 
vn 0.0219918 0.977886 -0.207981 
vn -1.64977e-09 0.977886 -0.209141 
vn -1.0806e-09 0.990573 -0.136988 
vn 0.0437398 0.977886 -0.204516 
vn 0.0650028 0.977886 -0.198782 
vn 0.0855451 0.977886 -0.190845 
vn 0.105139 0.977886 -0.180792 
vn 0.123567 0.977886 -0.168734 
vn 0.140625 0.977886 -0.154805 
vn 0.156123 0.977886 -0.139159 
vn 0.169891 0.977886 -0.121971 
vn 0.181775 0.977886 -0.10343 
vn 0.191643 0.977886 -0.0837427 
vn 0.199386 0.977886 -0.0631265 
vn 0.204919 0.977886 -0.0418104 
vn 0.10467 0.994456 -0.0100712 
vn 0.0326826 0.950472 -0.309086 
vn -2.45176e-09 0.950472 -0.310809 
vn -1.91653e-09 0.970037 -0.242959 
vn 0.0650028 0.950472 -0.303936 
vn 0.0966023 0.950472 -0.295416 
vn 0.127131 0.950472 -0.28362 
vn 0.156249 0.950472 -0.268679 
vn 0.183636 0.950472 -0.250759 
vn 0.208986 0.950472 -0.230059 
vn 0.232019 0.950472 -0.206808 
vn 0.252479 0.950472 -0.181264 
vn 0.27014 0.950472 -0.15371 
vn 0.284805 0.950472 -0.124452 
vn 0.296313 0.950472 -0.0938138 
vn 0.304535 0.950472 -0.0621355 
vn 0.208179 0.977886 -0.0200307 
vn 0.043011 0.91252 -0.406764 
vn -3.22656e-09 0.91252 -0.409031 
vn -2.73012e-09 0.938198 -0.346099 
vn 0.0855451 0.91252 -0.399986 
vn 0.127131 0.91252 -0.388773 
vn 0.167307 0.91252 -0.373249 
vn 0.205628 0.91252 -0.353587 
vn 0.241668 0.91252 -0.330005 
vn 0.27503 0.91252 -0.302763 
vn 0.305341 0.91252 -0.272164 
vn 0.332268 0.91252 -0.238547 
vn 0.35551 0.91252 -0.202286 
vn 0.37481 0.91252 -0.163781 
vn 0.389954 0.91252 -0.123461 
vn 0.400774 0.91252 -0.0817716 
vn 0.30938 0.950472 -0.0297681 
vn 0.0528625 0.86445 -0.499931 
vn -3.96559e-09 0.86445 -0.502718 
vn -3.51191e-09 0.895428 -0.445207 
vn 0.105139 0.86445 -0.491601 
vn 0.156249 0.86445 -0.47782 
vn 0.205628 0.86445 -0.458741 
vn 0.252726 0.86445 -0.434575 
vn 0.297022 0.86445 -0.405591 
vn 0.338024 0.86445 -0.372109 
vn 0.375279 0.86445 -0.334502 
vn 0.408372 0.86445 -0.293186 
vn 0.436938 0.86445 -0.248619 
vn 0.460658 0.86445 -0.201295 
vn 0.479271 0.86445 -0.151739 
vn 0.49257 0.86445 -0.100501 
vn 0.407151 0.91252 -0.0391755 
vn 0.0621278 0.806795 -0.587555 
vn -4.66065e-09 0.806795 -0.590831 
vn -4.25278e-09 0.842224 -0.539127 
vn 0.123567 0.806795 -0.577765 
vn 0.183636 0.806795 -0.561569 
vn 0.241668 0.806795 -0.539145 
vn 0.297022 0.806795 -0.510744 
vn 0.349081 0.806795 -0.47668 
vn 0.39727 0.806795 -0.43733 
vn 0.441055 0.806795 -0.393131 
vn 0.479949 0.806795 -0.344573 
vn 0.513521 0.806795 -0.292195 
vn 0.541399 0.806795 -0.236576 
vn 0.563274 0.806795 -0.178335 
vn 0.578904 0.806795 -0.118116 
vn 0.500407 0.86445 -0.0481485 
vn 0.0707043 0.740195 -0.668665 
vn -4.9441e-09 0.779208 -0.626766 
vn -5.30403e-09 0.740195 -0.672393 
vn 0.140625 0.740195 -0.657523 
vn 0.208986 0.740195 -0.639091 
vn 0.27503 0.740195 -0.613572 
vn 0.338024 0.740195 -0.58125 
vn 0.39727 0.740195 -0.542483 
vn 0.452112 0.740195 -0.497701 
vn 0.50194 0.740195 -0.447401 
vn 0.546203 0.740195 -0.39214 
vn 0.58441 0.740195 -0.332531 
vn 0.616137 0.740195 -0.269235 
vn 0.641032 0.740195 -0.202953 
vn 0.658819 0.740195 -0.134421 
vn 0.588115 0.806795 -0.0565876 
vn 0.0784968 0.665387 -0.74236 
vn -5.57781e-09 0.707111 -0.707102 
vn -5.8886e-09 0.665387 -0.746499 
vn 0.156123 0.665387 -0.72999 
vn 0.232019 0.665387 -0.709527 
vn 0.305341 0.665387 -0.681195 
vn 0.375279 0.665387 -0.645311 
vn 0.441055 0.665387 -0.602272 
vn 0.50194 0.665387 -0.552554 
vn 0.557261 0.665387 -0.49671 
vn 0.606402 0.665387 -0.435359 
vn 0.648819 0.665387 -0.36918 
vn 0.684043 0.665387 -0.298908 
vn 0.711682 0.665387 -0.225321 
vn 0.731429 0.665387 -0.149236 
vn 0.669302 0.740195 -0.0643992 
vn 0.085419 0.583201 -0.807824 
vn -6.14653e-09 0.626776 -0.779199 
vn -6.40788e-09 0.583201 -0.812328 
vn 0.169891 0.583201 -0.794364 
vn 0.252479 0.583201 -0.772095 
vn 0.332268 0.583201 -0.741266 
vn 0.408372 0.583201 -0.702217 
vn 0.479949 0.583201 -0.655382 
vn 0.546203 0.583201 -0.601281 
vn 0.606402 0.583201 -0.540512 
vn 0.659877 0.583201 -0.47375 
vn 0.706035 0.583201 -0.401736 
vn 0.744364 0.583201 -0.325267 
vn 0.77444 0.583201 -0.245191 
vn 0.79593 0.583201 -0.162397 
vn 0.743067 0.665387 -0.0714969 
vn 0.091394 0.494549 -0.864331 
vn -6.64364e-09 0.539138 -0.842218 
vn -6.85611e-09 0.494549 -0.86915 
vn 0.181775 0.494549 -0.849929 
vn 0.27014 0.494549 -0.826103 
vn 0.35551 0.494549 -0.793117 
vn 0.436937 0.494549 -0.751337 
vn 0.513521 0.494549 -0.701226 
vn 0.58441 0.494549 -0.64334 
vn 0.648819 0.494549 -0.578321 
vn 0.706035 0.494549 -0.506889 
vn 0.755422 0.494549 -0.429837 
vn 0.796432 0.494549 -0.348019 
vn 0.828612 0.494549 -0.262342 
vn 0.851605 0.494549 -0.173756 
vn 0.808594 0.583201 -0.0778017 
vn 0.0963556 0.400413 -0.911255 
vn -7.06333e-09 0.445217 -0.895423 
vn -7.22831e-09 0.400413 -0.916335 
vn 0.191643 0.400413 -0.896071 
vn 0.284805 0.400413 -0.870951 
vn 0.37481 0.400413 -0.836174 
vn 0.460658 0.400413 -0.792126 
vn 0.541399 0.400413 -0.739295 
vn 0.616137 0.400413 -0.678266 
vn 0.684043 0.400413 -0.609717 
vn 0.744364 0.400413 -0.534407 
vn 0.796432 0.400413 -0.453172 
vn 0.839669 0.400413 -0.366912 
vn 0.873596 0.400413 -0.276584 
vn 0.897837 0.400413 -0.183189 
vn 0.865154 0.494549 -0.0832439 
vn 0.100249 0.301837 -0.948074 
vn -7.40073e-09 0.34611 -0.938194 
vn -7.52037e-09 0.301837 -0.953359 
vn 0.199386 0.301837 -0.932276 
vn 0.296313 0.301837 -0.906142 
vn 0.389954 0.301837 -0.86996 
vn 0.479271 0.301837 -0.824132 
vn 0.563274 0.301837 -0.769166 
vn 0.641032 0.301837 -0.705672 
vn 0.711682 0.301837 -0.634353 
vn 0.77444 0.301837 -0.556 
vn 0.828612 0.301837 -0.471483 
vn 0.873596 0.301837 -0.381737 
vn 0.908894 0.301837 -0.28776 
vn 0.934114 0.301837 -0.190591 
vn 0.912122 0.400413 -0.0877631 
vn 0.103031 0.199915 -0.974381 
vn -7.65189e-09 0.242969 -0.970034 
vn -7.72905e-09 0.199915 -0.979813 
vn 0.204919 0.199915 -0.958145 
vn 0.304535 0.199915 -0.931285 
vn 0.400774 0.199915 -0.894099 
vn 0.49257 0.199915 -0.847 
vn 0.578904 0.199915 -0.790509 
vn 0.658819 0.199915 -0.725252 
vn 0.731429 0.199915 -0.651955 
vn 0.79593 0.199915 -0.571428 
vn 0.851605 0.199915 -0.484565 
vn 0.897837 0.199915 -0.39233 
vn 0.934114 0.199915 -0.295744 
vn 0.960034 0.199915 -0.19588 
vn 0.948977 0.301837 -0.0913092 
vn 0.10467 0.0957762 -0.989884 
vn -7.81389e-09 0.136998 -0.990571 
vn -7.85202e-09 0.0957762 -0.995403 
vn 0.208179 0.0957762 -0.97339 
vn 0.30938 0.0957762 -0.946103 
vn 0.407151 0.0957762 -0.908325 
vn 0.500407 0.0957762 -0.860476 
vn 0.588115 0.0957762 -0.803086 
vn 0.669302 0.0957762 -0.736792 
vn 0.743067 0.0957762 -0.662328 
vn 0.808594 0.0957762 -0.58052 
vn 0.865154 0.0957762 -0.492275 
vn 0.912122 0.0957762 -0.398572 
vn 0.948977 0.0957762 -0.30045 
vn 0.975309 0.0957762 -0.198996 
vn 0.975309 0.199915 -0.0938428 
vn 7.94408e-11 1 1.06836e-14 
vn 0.105153 0.994456 1.00447e-14 
vn 0.209141 0.977886 9.44046e-15 
vn 0.310809 0.950472 7.74674e-15 
vn 0.409031 0.91252 6.91896e-15 
vn 0.502718 0.86445 6.14584e-15 
vn 0.590831 0.806795 5.41824e-15 
vn 0.672393 0.740195 4.72854e-15 
vn 0.746499 0.665387 4.07028e-15 
vn 0.812328 0.583201 1.36451e-15 
vn 0.86915 0.494549 6.75682e-16 
vn 0.916335 0.400413 2.03331e-17 
vn 0.953359 0.301837 -6.06879e-16 
vn 0.990827 0.0957762 -0.0953359 
vn 0.979813 0.199915 -3.49996e-15 
vn 0.995403 0.0957762 -4.10247e-15 
vn 0.999566 -7.99633e-15 -0.0294482 
vn 1 -4.16047e-08 2.07739e-08 
vn 0.990569 -9.07377e-15 -0.137012 
vn 0.995401 -8.67193e-15 -0.0957934 
vn 0.970031 -1.00421e-14 -0.24298 
vn 0.97981 -9.66015e-15 -0.199929 
vn 0.938191 -1.08901e-14 -0.346117 
vn 0.953356 -1.05381e-14 -0.301847 
vn 0.895421 -1.16078e-14 -0.445221 
vn 0.916332 -1.12959e-14 -0.400419 
vn 0.842217 -1.21869e-14 -0.539138 
vn 0.869149 -1.19253e-14 -0.494551 
vn 0.812329 -1.24193e-14 -0.5832 
vn 0.779201 -1.26207e-14 -0.626774 
vn 0.746502 -1.27724e-14 -0.665383 
vn 0.707107 -1.2904e-14 -0.707107 
vn 0.672399 -1.29807e-14 -0.740189 
vn 0.626774 -1.30337e-14 -0.779201 
vn 0.590841 -1.30418e-14 -0.806788 
vn 0.539138 -1.32972e-14 -0.842217 
vn 0.502732 -1.32443e-14 -0.864442 
vn 0.445221 -1.31167e-14 -0.895421 
vn 0.409049 -1.30108e-14 -0.912513 
vn 0.346117 -1.27833e-14 -0.938191 
vn 0.31083 -1.26331e-14 -0.950466 
vn 0.24298 -1.23011e-14 -0.970031 
vn 0.209165 -1.21153e-14 -0.97788 
vn 0.137012 -1.16755e-14 -0.990569 
vn 0.10518 -1.14631e-14 -0.994453 
vn -6.51779e-09 0.0294301 -0.999567 
vn 0.0294482 -1.09138e-14 -0.999566 
vn -5.9162e-09 -4.16073e-08 -1 
vn -7.9743e-15 1 5.58003e-14 
f 2523//2523 2524//2524 2525//2525 
f 2525//2525 2526//2526 2523//2523 
f 2523//2523 2526//2526 2527//2527 
f 2528//2528 2527//2527 2529//2529 
f 2530//2530 2529//2529 2531//2531 
f 2532//2532 2531//2531 2533//2533 
f 2534//2534 2533//2533 2535//2535 
f 2536//2536 2535//2535 2537//2537 
f 2538//2538 2537//2537 2539//2539 
f 2540//2540 2539//2539 2541//2541 
f 2542//2542 2541//2541 2543//2543 
f 2544//2544 2543//2543 2545//2545 
f 2546//2546 2545//2545 2547//2547 
f 2548//2548 2547//2547 2549//2549 
f 2550//2550 2549//2549 2551//2551 
f 2552//2552 2553//2553 2554//2554 
f 2554//2554 2523//2523 2552//2552 
f 2552//2552 2523//2523 2528//2528 
f 2555//2555 2528//2528 2530//2530 
f 2556//2556 2530//2530 2532//2532 
f 2557//2557 2532//2532 2534//2534 
f 2558//2558 2534//2534 2536//2536 
f 2559//2559 2536//2536 2538//2538 
f 2560//2560 2538//2538 2540//2540 
f 2561//2561 2540//2540 2542//2542 
f 2562//2562 2542//2542 2544//2544 
f 2563//2563 2544//2544 2546//2546 
f 2564//2564 2546//2546 2548//2548 
f 2565//2565 2548//2548 2550//2550 
f 2566//2566 2550//2550 2567//2567 
f 2568//2568 2569//2569 2570//2570 
f 2570//2570 2552//2552 2568//2568 
f 2568//2568 2552//2552 2555//2555 
f 2571//2571 2555//2555 2556//2556 
f 2572//2572 2556//2556 2557//2557 
f 2573//2573 2557//2557 2558//2558 
f 2574//2574 2558//2558 2559//2559 
f 2575//2575 2559//2559 2560//2560 
f 2576//2576 2560//2560 2561//2561 
f 2577//2577 2561//2561 2562//2562 
f 2578//2578 2562//2562 2563//2563 
f 2579//2579 2563//2563 2564//2564 
f 2580//2580 2564//2564 2565//2565 
f 2581//2581 2565//2565 2566//2566 
f 2582//2582 2566//2566 2583//2583 
f 2584//2584 2585//2585 2586//2586 
f 2586//2586 2568//2568 2584//2584 
f 2584//2584 2568//2568 2571//2571 
f 2587//2587 2571//2571 2572//2572 
f 2588//2588 2572//2572 2573//2573 
f 2589//2589 2573//2573 2574//2574 
f 2590//2590 2574//2574 2575//2575 
f 2591//2591 2575//2575 2576//2576 
f 2592//2592 2576//2576 2577//2577 
f 2593//2593 2577//2577 2578//2578 
f 2594//2594 2578//2578 2579//2579 
f 2595//2595 2579//2579 2580//2580 
f 2596//2596 2580//2580 2581//2581 
f 2597//2597 2581//2581 2582//2582 
f 2598//2598 2582//2582 2599//2599 
f 2600//2600 2601//2601 2602//2602 
f 2602//2602 2584//2584 2600//2600 
f 2600//2600 2584//2584 2587//2587 
f 2603//2603 2587//2587 2588//2588 
f 2604//2604 2588//2588 2589//2589 
f 2605//2605 2589//2589 2590//2590 
f 2606//2606 2590//2590 2591//2591 
f 2607//2607 2591//2591 2592//2592 
f 2608//2608 2592//2592 2593//2593 
f 2609//2609 2593//2593 2594//2594 
f 2610//2610 2594//2594 2595//2595 
f 2611//2611 2595//2595 2596//2596 
f 2612//2612 2596//2596 2597//2597 
f 2613//2613 2597//2597 2598//2598 
f 2614//2614 2598//2598 2615//2615 
f 2616//2616 2617//2617 2618//2618 
f 2618//2618 2600//2600 2616//2616 
f 2616//2616 2600//2600 2603//2603 
f 2619//2619 2603//2603 2604//2604 
f 2620//2620 2604//2604 2605//2605 
f 2621//2621 2605//2605 2606//2606 
f 2622//2622 2606//2606 2607//2607 
f 2623//2623 2607//2607 2608//2608 
f 2624//2624 2608//2608 2609//2609 
f 2625//2625 2609//2609 2610//2610 
f 2626//2626 2610//2610 2611//2611 
f 2627//2627 2611//2611 2612//2612 
f 2628//2628 2612//2612 2613//2613 
f 2629//2629 2613//2613 2614//2614 
f 2630//2630 2614//2614 2631//2631 
f 2616//2616 2632//2632 2633//2633 
f 2632//2632 2634//2634 2633//2633 
f 2632//2632 2616//2616 2619//2619 
f 2635//2635 2619//2619 2620//2620 
f 2636//2636 2620//2620 2621//2621 
f 2637//2637 2621//2621 2622//2622 
f 2638//2638 2622//2622 2623//2623 
f 2639//2639 2623//2623 2624//2624 
f 2640//2640 2624//2624 2625//2625 
f 2641//2641 2625//2625 2626//2626 
f 2642//2642 2626//2626 2627//2627 
f 2643//2643 2627//2627 2628//2628 
f 2644//2644 2628//2628 2629//2629 
f 2645//2645 2629//2629 2630//2630 
f 2646//2646 2630//2630 2647//2647 
f 2632//2632 2648//2648 2649//2649 
f 2648//2648 2650//2650 2649//2649 
f 2648//2648 2632//2632 2635//2635 
f 2651//2651 2635//2635 2636//2636 
f 2652//2652 2636//2636 2637//2637 
f 2653//2653 2637//2637 2638//2638 
f 2654//2654 2638//2638 2639//2639 
f 2655//2655 2639//2639 2640//2640 
f 2656//2656 2640//2640 2641//2641 
f 2657//2657 2641//2641 2642//2642 
f 2658//2658 2642//2642 2643//2643 
f 2659//2659 2643//2643 2644//2644 
f 2660//2660 2644//2644 2645//2645 
f 2661//2661 2645//2645 2646//2646 
f 2662//2662 2646//2646 2663//2663 
f 2648//2648 2664//2664 2665//2665 
f 2664//2664 2666//2666 2665//2665 
f 2664//2664 2648//2648 2651//2651 
f 2667//2667 2651//2651 2652//2652 
f 2668//2668 2652//2652 2653//2653 
f 2669//2669 2653//2653 2654//2654 
f 2670//2670 2654//2654 2655//2655 
f 2671//2671 2655//2655 2656//2656 
f 2672//2672 2656//2656 2657//2657 
f 2673//2673 2657//2657 2658//2658 
f 2674//2674 2658//2658 2659//2659 
f 2675//2675 2659//2659 2660//2660 
f 2676//2676 2660//2660 2661//2661 
f 2677//2677 2661//2661 2662//2662 
f 2678//2678 2662//2662 2679//2679 
f 2664//2664 2680//2680 2681//2681 
f 2680//2680 2682//2682 2681//2681 
f 2680//2680 2664//2664 2667//2667 
f 2683//2683 2667//2667 2668//2668 
f 2684//2684 2668//2668 2669//2669 
f 2685//2685 2669//2669 2670//2670 
f 2686//2686 2670//2670 2671//2671 
f 2687//2687 2671//2671 2672//2672 
f 2688//2688 2672//2672 2673//2673 
f 2689//2689 2673//2673 2674//2674 
f 2690//2690 2674//2674 2675//2675 
f 2691//2691 2675//2675 2676//2676 
f 2692//2692 2676//2676 2677//2677 
f 2693//2693 2677//2677 2678//2678 
f 2694//2694 2678//2678 2695//2695 
f 2680//2680 2696//2696 2697//2697 
f 2696//2696 2698//2698 2697//2697 
f 2696//2696 2680//2680 2683//2683 
f 2699//2699 2683//2683 2684//2684 
f 2700//2700 2684//2684 2685//2685 
f 2701//2701 2685//2685 2686//2686 
f 2702//2702 2686//2686 2687//2687 
f 2703//2703 2687//2687 2688//2688 
f 2704//2704 2688//2688 2689//2689 
f 2705//2705 2689//2689 2690//2690 
f 2706//2706 2690//2690 2691//2691 
f 2707//2707 2691//2691 2692//2692 
f 2708//2708 2692//2692 2693//2693 
f 2709//2709 2693//2693 2694//2694 
f 2710//2710 2694//2694 2711//2711 
f 2696//2696 2712//2712 2713//2713 
f 2712//2712 2714//2714 2713//2713 
f 2712//2712 2696//2696 2699//2699 
f 2715//2715 2699//2699 2700//2700 
f 2716//2716 2700//2700 2701//2701 
f 2717//2717 2701//2701 2702//2702 
f 2718//2718 2702//2702 2703//2703 
f 2719//2719 2703//2703 2704//2704 
f 2720//2720 2704//2704 2705//2705 
f 2721//2721 2705//2705 2706//2706 
f 2722//2722 2706//2706 2707//2707 
f 2723//2723 2707//2707 2708//2708 
f 2724//2724 2708//2708 2709//2709 
f 2725//2725 2709//2709 2710//2710 
f 2726//2726 2710//2710 2727//2727 
f 2712//2712 2728//2728 2729//2729 
f 2728//2728 2730//2730 2729//2729 
f 2728//2728 2712//2712 2715//2715 
f 2731//2731 2715//2715 2716//2716 
f 2732//2732 2716//2716 2717//2717 
f 2733//2733 2717//2717 2718//2718 
f 2734//2734 2718//2718 2719//2719 
f 2735//2735 2719//2719 2720//2720 
f 2736//2736 2720//2720 2721//2721 
f 2737//2737 2721//2721 2722//2722 
f 2738//2738 2722//2722 2723//2723 
f 2739//2739 2723//2723 2724//2724 
f 2740//2740 2724//2724 2725//2725 
f 2741//2741 2725//2725 2726//2726 
f 2742//2742 2726//2726 2743//2743 
f 2728//2728 2744//2744 2745//2745 
f 2744//2744 2746//2746 2745//2745 
f 2744//2744 2728//2728 2731//2731 
f 2747//2747 2731//2731 2732//2732 
f 2748//2748 2732//2732 2733//2733 
f 2749//2749 2733//2733 2734//2734 
f 2750//2750 2734//2734 2735//2735 
f 2751//2751 2735//2735 2736//2736 
f 2752//2752 2736//2736 2737//2737 
f 2753//2753 2737//2737 2738//2738 
f 2754//2754 2738//2738 2739//2739 
f 2755//2755 2739//2739 2740//2740 
f 2756//2756 2740//2740 2741//2741 
f 2757//2757 2741//2741 2742//2742 
f 2758//2758 2742//2742 2759//2759 
f 2567//2567 2551//2551 2760//2760 
f 2583//2583 2567//2567 2761//2761 
f 2599//2599 2583//2583 2762//2762 
f 2615//2615 2599//2599 2763//2763 
f 2631//2631 2615//2615 2764//2764 
f 2647//2647 2631//2631 2765//2765 
f 2663//2663 2647//2647 2766//2766 
f 2679//2679 2663//2663 2767//2767 
f 2695//2695 2679//2679 2768//2768 
f 2711//2711 2695//2695 2769//2769 
f 2727//2727 2711//2711 2770//2770 
f 2743//2743 2727//2727 2771//2771 
f 2759//2759 2743//2743 2772//2772 
f 2773//2773 2759//2759 2774//2774 
f 2773//2773 2775//2775 2776//2776 
f 2775//2775 2777//2777 2776//2776 
f 2758//2758 2773//2773 2778//2778 
f 2773//2773 2779//2779 2778//2778 
f 2757//2757 2758//2758 2780//2780 
f 2758//2758 2781//2781 2780//2780 
f 2756//2756 2757//2757 2782//2782 
f 2757//2757 2783//2783 2782//2782 
f 2755//2755 2756//2756 2784//2784 
f 2756//2756 2785//2785 2784//2784 
f 2754//2754 2755//2755 2786//2786 
f 2755//2755 2787//2787 2786//2786 
f 2754//2754 2788//2788 2789//2789 
f 2789//2789 2753//2753 2754//2754 
f 2753//2753 2790//2790 2791//2791 
f 2791//2791 2752//2752 2753//2753 
f 2752//2752 2792//2792 2793//2793 
f 2793//2793 2751//2751 2752//2752 
f 2751//2751 2794//2794 2795//2795 
f 2795//2795 2750//2750 2751//2751 
f 2750//2750 2796//2796 2797//2797 
f 2797//2797 2749//2749 2750//2750 
f 2749//2749 2798//2798 2799//2799 
f 2799//2799 2748//2748 2749//2749 
f 2748//2748 2800//2800 2801//2801 
f 2801//2801 2747//2747 2748//2748 
f 2747//2747 2802//2802 2803//2803 
f 2803//2803 2744//2744 2747//2747 
f 2744//2744 2804//2804 2805//2805 
f 2805//2805 2804//2804 2806//2806 
f 2806//2806 2807//2807 2805//2805 
f 2805//2805 2746//2746 2744//2744 
f 2803//2803 2804//2804 2744//2744 
f 2801//2801 2802//2802 2747//2747 
f 2799//2799 2800//2800 2748//2748 
f 2797//2797 2798//2798 2749//2749 
f 2795//2795 2796//2796 2750//2750 
f 2793//2793 2794//2794 2751//2751 
f 2791//2791 2792//2792 2752//2752 
f 2789//2789 2790//2790 2753//2753 
f 2786//2786 2788//2788 2754//2754 
f 2784//2784 2787//2787 2755//2755 
f 2782//2782 2785//2785 2756//2756 
f 2780//2780 2783//2783 2757//2757 
f 2778//2778 2781//2781 2758//2758 
f 2776//2776 2779//2779 2773//2773 
f 2774//2774 2775//2775 2773//2773 
f 2772//2772 2774//2774 2759//2759 
f 2771//2771 2772//2772 2743//2743 
f 2770//2770 2771//2771 2727//2727 
f 2769//2769 2770//2770 2711//2711 
f 2768//2768 2769//2769 2695//2695 
f 2767//2767 2768//2768 2679//2679 
f 2766//2766 2767//2767 2663//2663 
f 2765//2765 2766//2766 2647//2647 
f 2764//2764 2765//2765 2631//2631 
f 2763//2763 2764//2764 2615//2615 
f 2762//2762 2763//2763 2599//2599 
f 2761//2761 2762//2762 2583//2583 
f 2760//2760 2761//2761 2567//2567 
f 2759//2759 2773//2773 2758//2758 
f 2742//2742 2758//2758 2757//2757 
f 2741//2741 2757//2757 2756//2756 
f 2740//2740 2756//2756 2755//2755 
f 2739//2739 2755//2755 2754//2754 
f 2738//2738 2754//2754 2753//2753 
f 2737//2737 2753//2753 2752//2752 
f 2736//2736 2752//2752 2751//2751 
f 2735//2735 2751//2751 2750//2750 
f 2734//2734 2750//2750 2749//2749 
f 2733//2733 2749//2749 2748//2748 
f 2732//2732 2748//2748 2747//2747 
f 2731//2731 2747//2747 2744//2744 
f 2745//2745 2730//2730 2728//2728 
f 2743//2743 2759//2759 2742//2742 
f 2726//2726 2742//2742 2741//2741 
f 2725//2725 2741//2741 2740//2740 
f 2724//2724 2740//2740 2739//2739 
f 2723//2723 2739//2739 2738//2738 
f 2722//2722 2738//2738 2737//2737 
f 2721//2721 2737//2737 2736//2736 
f 2720//2720 2736//2736 2735//2735 
f 2719//2719 2735//2735 2734//2734 
f 2718//2718 2734//2734 2733//2733 
f 2717//2717 2733//2733 2732//2732 
f 2716//2716 2732//2732 2731//2731 
f 2715//2715 2731//2731 2728//2728 
f 2729//2729 2714//2714 2712//2712 
f 2727//2727 2743//2743 2726//2726 
f 2710//2710 2726//2726 2725//2725 
f 2709//2709 2725//2725 2724//2724 
f 2708//2708 2724//2724 2723//2723 
f 2707//2707 2723//2723 2722//2722 
f 2706//2706 2722//2722 2721//2721 
f 2705//2705 2721//2721 2720//2720 
f 2704//2704 2720//2720 2719//2719 
f 2703//2703 2719//2719 2718//2718 
f 2702//2702 2718//2718 2717//2717 
f 2701//2701 2717//2717 2716//2716 
f 2700//2700 2716//2716 2715//2715 
f 2699//2699 2715//2715 2712//2712 
f 2713//2713 2698//2698 2696//2696 
f 2711//2711 2727//2727 2710//2710 
f 2694//2694 2710//2710 2709//2709 
f 2693//2693 2709//2709 2708//2708 
f 2692//2692 2708//2708 2707//2707 
f 2691//2691 2707//2707 2706//2706 
f 2690//2690 2706//2706 2705//2705 
f 2689//2689 2705//2705 2704//2704 
f 2688//2688 2704//2704 2703//2703 
f 2687//2687 2703//2703 2702//2702 
f 2686//2686 2702//2702 2701//2701 
f 2685//2685 2701//2701 2700//2700 
f 2684//2684 2700//2700 2699//2699 
f 2683//2683 2699//2699 2696//2696 
f 2697//2697 2682//2682 2680//2680 
f 2695//2695 2711//2711 2694//2694 
f 2678//2678 2694//2694 2693//2693 
f 2677//2677 2693//2693 2692//2692 
f 2676//2676 2692//2692 2691//2691 
f 2675//2675 2691//2691 2690//2690 
f 2674//2674 2690//2690 2689//2689 
f 2673//2673 2689//2689 2688//2688 
f 2672//2672 2688//2688 2687//2687 
f 2671//2671 2687//2687 2686//2686 
f 2670//2670 2686//2686 2685//2685 
f 2669//2669 2685//2685 2684//2684 
f 2668//2668 2684//2684 2683//2683 
f 2667//2667 2683//2683 2680//2680 
f 2681//2681 2666//2666 2664//2664 
f 2679//2679 2695//2695 2678//2678 
f 2662//2662 2678//2678 2677//2677 
f 2661//2661 2677//2677 2676//2676 
f 2660//2660 2676//2676 2675//2675 
f 2659//2659 2675//2675 2674//2674 
f 2658//2658 2674//2674 2673//2673 
f 2657//2657 2673//2673 2672//2672 
f 2656//2656 2672//2672 2671//2671 
f 2655//2655 2671//2671 2670//2670 
f 2654//2654 2670//2670 2669//2669 
f 2653//2653 2669//2669 2668//2668 
f 2652//2652 2668//2668 2667//2667 
f 2651//2651 2667//2667 2664//2664 
f 2665//2665 2650//2650 2648//2648 
f 2663//2663 2679//2679 2662//2662 
f 2646//2646 2662//2662 2661//2661 
f 2645//2645 2661//2661 2660//2660 
f 2644//2644 2660//2660 2659//2659 
f 2643//2643 2659//2659 2658//2658 
f 2642//2642 2658//2658 2657//2657 
f 2641//2641 2657//2657 2656//2656 
f 2640//2640 2656//2656 2655//2655 
f 2639//2639 2655//2655 2654//2654 
f 2638//2638 2654//2654 2653//2653 
f 2637//2637 2653//2653 2652//2652 
f 2636//2636 2652//2652 2651//2651 
f 2635//2635 2651//2651 2648//2648 
f 2649//2649 2634//2634 2632//2632 
f 2647//2647 2663//2663 2646//2646 
f 2630//2630 2646//2646 2645//2645 
f 2629//2629 2645//2645 2644//2644 
f 2628//2628 2644//2644 2643//2643 
f 2627//2627 2643//2643 2642//2642 
f 2626//2626 2642//2642 2641//2641 
f 2625//2625 2641//2641 2640//2640 
f 2624//2624 2640//2640 2639//2639 
f 2623//2623 2639//2639 2638//2638 
f 2622//2622 2638//2638 2637//2637 
f 2621//2621 2637//2637 2636//2636 
f 2620//2620 2636//2636 2635//2635 
f 2619//2619 2635//2635 2632//2632 
f 2633//2633 2617//2617 2616//2616 
f 2631//2631 2647//2647 2630//2630 
f 2614//2614 2630//2630 2629//2629 
f 2613//2613 2629//2629 2628//2628 
f 2612//2612 2628//2628 2627//2627 
f 2611//2611 2627//2627 2626//2626 
f 2610//2610 2626//2626 2625//2625 
f 2609//2609 2625//2625 2624//2624 
f 2608//2608 2624//2624 2623//2623 
f 2607//2607 2623//2623 2622//2622 
f 2606//2606 2622//2622 2621//2621 
f 2605//2605 2621//2621 2620//2620 
f 2604//2604 2620//2620 2619//2619 
f 2603//2603 2619//2619 2616//2616 
f 2618//2618 2601//2601 2600//2600 
f 2615//2615 2631//2631 2614//2614 
f 2598//2598 2614//2614 2613//2613 
f 2597//2597 2613//2613 2612//2612 
f 2596//2596 2612//2612 2611//2611 
f 2595//2595 2611//2611 2610//2610 
f 2594//2594 2610//2610 2609//2609 
f 2593//2593 2609//2609 2608//2608 
f 2592//2592 2608//2608 2607//2607 
f 2591//2591 2607//2607 2606//2606 
f 2590//2590 2606//2606 2605//2605 
f 2589//2589 2605//2605 2604//2604 
f 2588//2588 2604//2604 2603//2603 
f 2587//2587 2603//2603 2600//2600 
f 2602//2602 2585//2585 2584//2584 
f 2599//2599 2615//2615 2598//2598 
f 2582//2582 2598//2598 2597//2597 
f 2581//2581 2597//2597 2596//2596 
f 2580//2580 2596//2596 2595//2595 
f 2579//2579 2595//2595 2594//2594 
f 2578//2578 2594//2594 2593//2593 
f 2577//2577 2593//2593 2592//2592 
f 2576//2576 2592//2592 2591//2591 
f 2575//2575 2591//2591 2590//2590 
f 2574//2574 2590//2590 2589//2589 
f 2573//2573 2589//2589 2588//2588 
f 2572//2572 2588//2588 2587//2587 
f 2571//2571 2587//2587 2584//2584 
f 2586//2586 2569//2569 2568//2568 
f 2583//2583 2599//2599 2582//2582 
f 2566//2566 2582//2582 2581//2581 
f 2565//2565 2581//2581 2580//2580 
f 2564//2564 2580//2580 2579//2579 
f 2563//2563 2579//2579 2578//2578 
f 2562//2562 2578//2578 2577//2577 
f 2561//2561 2577//2577 2576//2576 
f 2560//2560 2576//2576 2575//2575 
f 2559//2559 2575//2575 2574//2574 
f 2558//2558 2574//2574 2573//2573 
f 2557//2557 2573//2573 2572//2572 
f 2556//2556 2572//2572 2571//2571 
f 2555//2555 2571//2571 2568//2568 
f 2570//2570 2553//2553 2552//2552 
f 2567//2567 2583//2583 2566//2566 
f 2550//2550 2566//2566 2565//2565 
f 2548//2548 2565//2565 2564//2564 
f 2546//2546 2564//2564 2563//2563 
f 2544//2544 2563//2563 2562//2562 
f 2542//2542 2562//2562 2561//2561 
f 2540//2540 2561//2561 2560//2560 
f 2538//2538 2560//2560 2559//2559 
f 2536//2536 2559//2559 2558//2558 
f 2534//2534 2558//2558 2557//2557 
f 2532//2532 2557//2557 2556//2556 
f 2530//2530 2556//2556 2555//2555 
f 2528//2528 2555//2555 2552//2552 
f 2554//2554 2524//2524 2523//2523 
f 2551//2551 2567//2567 2550//2550 
f 2549//2549 2550//2550 2548//2548 
f 2547//2547 2548//2548 2546//2546 
f 2545//2545 2546//2546 2544//2544 
f 2543//2543 2544//2544 2542//2542 
f 2541//2541 2542//2542 2540//2540 
f 2539//2539 2540//2540 2538//2538 
f 2537//2537 2538//2538 2536//2536 
f 2535//2535 2536//2536 2534//2534 
f 2533//2533 2534//2534 2532//2532 
f 2531//2531 2532//2532 2530//2530 
f 2529//2529 2530//2530 2528//2528 
f 2527//2527 2528//2528 2523//2523 
f 2525//2525 2808//2808 2526//2526 
v -0.0201322 0.00275 -0.0514037 
v -0.0201309 0.00275 -0.0513154 
v -0.0201309 -0.00625 -0.0513154 
v -0.0201488 0.00275 -0.0516024 
v -0.0201341 -0.00648489 -0.051405 
v -0.0201387 -0.0068205 -0.0515331 
v -0.0201592 0.00275 -0.0517264 
v -0.0201956 0.00275 -0.0519143 
v -0.020177 -0.00733648 -0.0517257 
v -0.0202399 -0.00818227 -0.0520413 
v -0.0202208 0.00275 -0.0520443 
v -0.0203163 0.00275 -0.0523537 
v -0.0202611 -0.00846699 -0.0521476 
v -0.0202845 -0.00878196 -0.0522651 
v -0.0202749 0.00275 -0.0522196 
v -0.0203859 0.00275 -0.0525149 
v -0.020324 -0.00900953 -0.0523503 
v -0.0204599 -0.00979279 -0.0526434 
v -0.0204447 0.00275 -0.0526511 
v -0.0206043 0.00275 -0.0529328 
v -0.0205065 -0.0100612 -0.0527438 
v -0.0205613 -0.0103769 -0.052862 
v -0.0205273 0.00275 -0.0527969 
v -0.0206975 0.00275 -0.0530624 
v -0.0206106 -0.010552 -0.0529278 
v -0.020805 -0.0112416 -0.0531869 
v -0.0207933 0.00275 -0.0531957 
v -0.0210096 0.00275 -0.0534367 
v -0.0208245 -0.0113108 -0.0532129 
v -0.020928 -0.011678 -0.0533509 
v -0.0208947 0.00275 -0.0533086 
v -0.0211166 0.00275 -0.0535328 
v -0.0210146 -0.0118939 -0.0534316 
v -0.0211373 -0.0122001 -0.053546 
v -0.0212506 0.00275 -0.053653 
v -0.0213609 0.00275 -0.0537323 
v -0.0212505 -0.0124824 -0.0536515 
v -0.0212592 -0.0125043 -0.0536597 
v -0.0214032 -0.0127749 -0.0537615 
v -0.0215135 0.00275 -0.053842 
v -0.0217952 0.00275 -0.0540017 
v -0.0216492 -0.0131969 -0.0539203 
v -0.0217854 -0.0133996 -0.0539965 
v -0.0216248 0.00275 -0.0539051 
v -0.0215142 -0.0129837 -0.0538401 
v -0.0215456 -0.0130427 -0.0538623 
v -0.0219054 0.00275 -0.0540492 
v -0.0217958 -0.0134122 -0.0540012 
v -0.0220926 0.00275 -0.05413 
v -0.021871 -0.0135041 -0.0540354 
v -0.0219788 -0.0136357 -0.0540844 
v -0.0220853 -0.0137443 -0.0541245 
v -0.022402 0.00275 -0.0542255 
v -0.0222554 -0.0138998 -0.0541821 
v -0.0223019 -0.0139395 -0.0541967 
v -0.0221997 0.00275 -0.054163 
v -0.0220934 -0.0137525 -0.0541276 
v -0.0221501 -0.0138103 -0.054149 
v -0.0225042 0.00275 -0.0542453 
v -0.0224051 -0.0140123 -0.0542238 
v -0.0224374 -0.0140352 -0.0542323 
v -0.0224017 -0.0140099 -0.0542229 
v -0.0227199 0.00275 -0.0542871 
v -0.0226628 -0.014153 -0.054277 
v -0.0226832 -0.0141623 -0.0542805 
v -0.0225385 -0.0140934 -0.0542542 
v -0.0225635 -0.0141077 -0.0542596 
v -0.0227196 -0.0141748 -0.0542854 
v -0.0230426 0.00275 -0.0543141 
v -0.0229178 -0.0142302 -0.0543073 
v -0.0230247 -0.0142452 -0.0543134 
v -0.0227986 -0.0142021 -0.0542961 
v -0.0229119 -0.0142293 -0.054307 
v -0.0227933 -0.0142003 -0.0542954 
v -0.0228158 0.00275 -0.0542951 
v -0.0230384 -0.0142458 -0.0543136 
v -0.0231309 0.00275 -0.0543154 
v -0.0230426 -0.014246 -0.0543137 
v -0.0231309 -0.01425 -0.0543154 
vn 0.999566 1.22412e-16 -0.0294482 
vn 1 0 2.07739e-08 
vn 1 1.4456e-16 2.78663e-08 
vn 0.995401 0 -0.0957934 
vn 0.999553 1.4456e-16 -0.0298995 
vn 0.997363 1.4456e-16 -0.0725701 
vn 0.990569 1.2131e-16 -0.137012 
vn 0.97981 0 -0.199929 
vn 0.990491 1.4456e-16 -0.137578 
vn 0.96989 0 -0.243545 
vn 0.970031 1.18795e-16 -0.24298 
vn 0.938191 1.14895e-16 -0.346117 
vn 0.960433 0 -0.278511 
vn 0.948588 0 -0.316513 
vn 0.953356 0 -0.301847 
vn 0.916332 0 -0.400419 
vn 0.938257 0 -0.345938 
vn 0.895428 0 -0.445207 
vn 0.895421 1.09657e-16 -0.445221 
vn 0.842217 1.03142e-16 -0.539138 
vn 0.878322 0 -0.478069 
vn 0.856783 0 -0.515678 
vn 0.869149 0 -0.494551 
vn 0.812329 0 -0.5832 
vn 0.84236 0 -0.538915 
vn 0.77909 0 -0.626912 
vn 0.779201 9.54246e-17 -0.626774 
vn 0.707107 8.65956e-17 -0.707107 
vn 0.772229 0 -0.635345 
vn 0.734453 0 -0.67866 
vn 0.746502 0 -0.665383 
vn 0.672399 0 -0.740189 
vn 0.707124 0 -0.70709 
vn 0.666387 0 -0.745606 
vn 0.626774 7.67577e-17 -0.779201 
vn 0.590841 0 -0.806788 
vn 0.627038 0 -0.778988 
vn 0.623939 0 -0.781473 
vn 0.57692 0 -0.816801 
vn 0.539138 6.60254e-17 -0.842217 
vn 0.445221 5.45239e-17 -0.895421 
vn 0.494427 0 -0.869219 
vn 0.448536 0 -0.893765 
vn 0.502732 0 -0.864442 
vn 0.539264 0 -0.842137 
vn 0.528438 0 -0.848972 
vn 0.409049 0 -0.912513 
vn 0.445145 0 -0.895458 
vn 0.346117 4.23871e-17 -0.938191 
vn 0.420297 0 -0.907387 
vn 0.384145 0 -0.923273 
vn 0.348823 0 -0.937189 
vn 0.24298 2.97565e-17 -0.970031 
vn 0.292107 0 -0.956386 
vn 0.276497 0 -0.961015 
vn 0.31083 0 -0.950466 
vn 0.346128 0 -0.938187 
vn 0.327091 0 -0.944993 
vn 0.209165 0 -0.97788 
vn 0.242133 0 -0.970243 
vn 0.231294 0 -0.972884 
vn 0.243266 0 -0.96996 
vn 0.137012 1.67792e-17 -0.990569 
vn 0.156117 0 -0.987739 
vn 0.149313 0 -0.98879 
vn 0.197612 0 -0.98028 
vn 0.189244 0 -0.98193 
vn 0.137191 0 -0.990545 
vn 0.0294482 3.60636e-18 -0.999566 
vn 0.0710643 0 -0.997472 
vn 0.0353904 0 -0.999374 
vn 0.110792 0 -0.993844 
vn 0.0730211 0 -0.99733 
vn 0.112579 0 -0.993643 
vn 0.10518 0 -0.994453 
vn 0.0308485 0 -0.999524 
vn -5.91622e-09 0 -1 
vn 0.0294518 0 -0.999566 
vn -4.54599e-08 0 -1 
f 2809//2809 2810//2810 2811//2811 
f 2812//2812 2809//2809 2813//2813 
f 2814//2814 2815//2815 2812//2812 
f 2813//2813 2814//2814 2812//2812 
f 2816//2816 2815//2815 2817//2817 
f 2818//2818 2819//2819 2816//2816 
f 2820//2820 2821//2821 2822//2822 
f 2823//2823 2819//2819 2818//2818 
f 2821//2821 2820//2820 2823//2823 
f 2818//2818 2821//2821 2823//2823 
f 2824//2824 2820//2820 2825//2825 
f 2826//2826 2827//2827 2824//2824 
f 2828//2828 2829//2829 2830//2830 
f 2831//2831 2827//2827 2826//2826 
f 2829//2829 2828//2828 2831//2831 
f 2826//2826 2829//2829 2831//2831 
f 2832//2832 2828//2828 2833//2833 
f 2834//2834 2835//2835 2832//2832 
f 2836//2836 2837//2837 2838//2838 
f 2839//2839 2835//2835 2834//2834 
f 2837//2837 2836//2836 2839//2839 
f 2834//2834 2837//2837 2839//2839 
f 2840//2840 2836//2836 2841//2841 
f 2842//2842 2843//2843 2840//2840 
f 2841//2841 2842//2842 2840//2840 
f 2844//2844 2843//2843 2845//2845 
f 2845//2845 2846//2846 2844//2844 
f 2847//2847 2848//2848 2844//2844 
f 2846//2846 2847//2847 2844//2844 
f 2849//2849 2850//2850 2851//2851 
f 2852//2852 2848//2848 2853//2853 
f 2853//2853 2854//2854 2852//2852 
f 2850//2850 2849//2849 2852//2852 
f 2854//2854 2850//2850 2852//2852 
f 2855//2855 2849//2849 2856//2856 
f 2857//2857 2855//2855 2858//2858 
f 2858//2858 2859//2859 2857//2857 
f 2859//2859 2860//2860 2857//2857 
f 2856//2856 2858//2858 2855//2855 
f 2861//2861 2862//2862 2863//2863 
f 2864//2864 2857//2857 2865//2865 
f 2861//2861 2864//2864 2866//2866 
f 2866//2866 2862//2862 2861//2861 
f 2865//2865 2866//2866 2864//2864 
f 2867//2867 2868//2868 2869//2869 
f 2867//2867 2861//2861 2870//2870 
f 2870//2870 2868//2868 2867//2867 
f 2871//2871 2872//2872 2873//2873 
f 2871//2871 2867//2867 2874//2874 
f 2874//2874 2875//2875 2871//2871 
f 2875//2875 2872//2872 2871//2871 
f 2873//2873 2876//2876 2871//2871 
f 2877//2877 2878//2878 2879//2879 
f 2877//2877 2880//2880 2881//2881 
f 2877//2877 2882//2882 2880//2880 
f 2883//2883 2871//2871 2876//2876 
f 2882//2882 2877//2877 2883//2883 
f 2876//2876 2882//2882 2883//2883 
f 2881//2881 2878//2878 2877//2877 
f 2879//2879 2884//2884 2877//2877 
f 2885//2885 2877//2877 2886//2886 
f 2886//2886 2887//2887 2885//2885 
f 2884//2884 2886//2886 2877//2877 
f 2869//2869 2874//2874 2867//2867 
f 2863//2863 2870//2870 2861//2861 
f 2860//2860 2865//2865 2857//2857 
f 2851//2851 2856//2856 2849//2849 
f 2847//2847 2853//2853 2848//2848 
f 2842//2842 2845//2845 2843//2843 
f 2838//2838 2841//2841 2836//2836 
f 2833//2833 2834//2834 2832//2832 
f 2830//2830 2833//2833 2828//2828 
f 2825//2825 2826//2826 2824//2824 
f 2822//2822 2825//2825 2820//2820 
f 2817//2817 2818//2818 2816//2816 
f 2814//2814 2817//2817 2815//2815 
f 2811//2811 2813//2813 2809//2809 
v -0.0201309 0.00275 -0.04364 
v -0.0201309 -0.00625 -0.04364 
v -0.0201309 -0.00625 -0.0513154 
v -0.0201309 0.00275 -0.0513154 
vn 1 1.22465e-16 0 
vn 1 1.22465e-16 0 
vn 1 1.22465e-16 0 
vn 1 1.22465e-16 0 
f 2888//2888 2889//2889 2890//2890 
f 2890//2890 2891//2891 2888//2888 
v -0.0231309 -0.01425 -0.04364 
v -0.0230426 -0.014246 -0.0543137 
v -0.0230384 -0.0142458 -0.0543136 
v -0.0231309 -0.01425 -0.0543154 
v -0.0230384 -0.0142455 -0.04364 
v -0.0230247 -0.0142452 -0.0543134 
v -0.0230163 -0.0142444 -0.04364 
v -0.0229178 -0.0142302 -0.0543073 
v -0.0229179 -0.0142294 -0.0436401 
v -0.0230246 -0.0142448 -0.04364 
v -0.0229119 -0.0142293 -0.054307 
v -0.0228937 -0.0142258 -0.0436401 
v -0.0227986 -0.0142021 -0.0542961 
v -0.0227933 -0.0142003 -0.0542954 
v -0.0227934 -0.0141996 -0.0436401 
v -0.0227717 -0.0141939 -0.0436401 
v -0.0226832 -0.0141623 -0.0542805 
v -0.0226628 -0.014153 -0.054277 
v -0.0227196 -0.0141748 -0.0542854 
v -0.0226627 -0.0141532 -0.0436402 
v -0.0227788 -0.0141958 -0.0436401 
v -0.0226481 -0.0141477 -0.0436402 
v -0.0225635 -0.0141077 -0.0542596 
v -0.0225385 -0.0140934 -0.0542542 
v -0.0225384 -0.0140935 -0.0436403 
v -0.0225208 -0.0140849 -0.0436403 
v -0.0225219 -0.0140854 -0.0436403 
v -0.0224374 -0.0140352 -0.0542323 
v -0.0224051 -0.0140123 -0.0542238 
v -0.0224048 -0.0140127 -0.0436403 
v -0.0224017 -0.0140099 -0.0542229 
v -0.0223875 -0.0140019 -0.0436404 
v -0.0223019 -0.0139395 -0.0541967 
v -0.0222554 -0.0138998 -0.0541821 
v -0.0222546 -0.0139008 -0.0436404 
v -0.0222344 -0.013884 -0.0436405 
v -0.0220934 -0.0137525 -0.0541276 
v -0.0220853 -0.0137443 -0.0541245 
v -0.0220839 -0.0137459 -0.0436406 
v -0.0222431 -0.013892 -0.0436404 
v -0.0221501 -0.0138103 -0.054149 
v -0.0218988 -0.0135427 -0.0436407 
v -0.022081 -0.0137433 -0.0436406 
v -0.0219788 -0.0136357 -0.0540844 
v -0.021871 -0.0135041 -0.0540354 
v -0.0218703 -0.0135051 -0.0436407 
v -0.0218683 -0.0135025 -0.0436407 
v -0.0217854 -0.0133996 -0.0539965 
v -0.0216492 -0.0131969 -0.0539203 
v -0.0217958 -0.0134122 -0.0540012 
v -0.0216942 -0.0132721 -0.0436408 
v -0.0216482 -0.0131983 -0.0436408 
v -0.0216459 -0.0131946 -0.0436408 
v -0.0215456 -0.0130427 -0.0538623 
v -0.0215142 -0.0129837 -0.0538401 
v -0.021467 -0.0129074 -0.043641 
v -0.0214032 -0.0127749 -0.0537615 
v -0.0214013 -0.0127771 -0.043641 
v -0.0213987 -0.012772 -0.043641 
v -0.0212592 -0.0125043 -0.0536597 
v -0.0212505 -0.0124824 -0.0536515 
v -0.0212198 -0.0124175 -0.0436411 
v -0.0211373 -0.0122001 -0.053546 
v -0.0211362 -0.0122021 -0.0436411 
v -0.0211334 -0.0121949 -0.0436411 
v -0.0210146 -0.0118939 -0.0534316 
v -0.020928 -0.011678 -0.0533509 
v -0.0209002 -0.0115942 -0.0436412 
v -0.0208245 -0.0113108 -0.0532129 
v -0.0208225 -0.0113133 -0.0436412 
v -0.0208188 -0.0113 -0.0436412 
v -0.0206106 -0.010552 -0.0529278 
v -0.0205613 -0.0103769 -0.052862 
v -0.0205564 -0.0103518 -0.0436413 
v -0.020805 -0.0112416 -0.0531869 
v -0.0205065 -0.0100612 -0.0527438 
v -0.0205048 -0.0100623 -0.0436412 
v -0.0205015 -0.010044 -0.0436412 
v -0.0204599 -0.00979279 -0.0526434 
v -0.020324 -0.00900953 -0.0523503 
v -0.0203089 -0.00896332 -0.0436411 
v -0.0202845 -0.00878196 -0.0522651 
v -0.0202611 -0.00846699 -0.0521476 
v -0.0202684 -0.00846601 -0.0436409 
v -0.0202664 -0.00844201 -0.0436409 
v -0.020177 -0.00733648 -0.0517257 
v -0.0201387 -0.0068205 -0.0515331 
v -0.0202399 -0.00818227 -0.0520413 
v -0.0201426 -0.00692004 -0.0436403 
v -0.0201341 -0.00648489 -0.051405 
v -0.0201309 -0.00625 -0.0513154 
v -0.0201309 -0.00625 -0.04364 
vn 0 -1 -1.24484e-17 
vn 0.0754723 -0.997148 -6.19331e-18 
vn 0.079035 -0.996872 -5.89627e-18 
vn 0 -1 -1.24484e-17 
vn 0.079035 -0.996872 -5.89627e-18 
vn 0.0906734 -0.995881 -4.92482e-18 
vn 0.0979208 -0.995194 -4.31903e-18 
vn 0.181655 -0.983362 2.72868e-18 
vn 0.181655 -0.983362 2.72868e-18 
vn 0.090796 -0.99587 -4.91458e-18 
vn 0.186567 -0.982442 3.14493e-18 
vn 0.201813 -0.979424 4.43899e-18 
vn 0.280021 -0.959994 1.11259e-17 
vn 0.284395 -0.958707 1.15024e-17 
vn 0.284395 -0.958707 1.15024e-17 
vn 0.301641 -0.953422 1.29894e-17 
vn 0.370311 -0.928908 1.89536e-17 
vn 0.385823 -0.922573 2.03108e-17 
vn 0.342838 -0.939395 1.6559e-17 
vn 0.385823 -0.922573 2.03108e-17 
vn 0.296011 -0.955184 1.25035e-17 
vn 0.396462 -0.918051 2.12438e-17 
vn 0.456767 -0.889586 2.65678e-17 
vn 0.474144 -0.880447 2.81136e-17 
vn 0.474144 -0.880447 2.81136e-17 
vn 0.485598 -0.874182 2.91355e-17 
vn 0.484925 -0.874556 2.90754e-17 
vn 0.538159 -0.842843 3.38572e-17 
vn 0.557475 -0.830194 3.56064e-17 
vn 0.557475 -0.830194 3.56064e-17 
vn 0.559438 -0.828872 3.57847e-17 
vn 0.56698 -0.823731 3.64702e-17 
vn 0.612071 -0.790803 4.0596e-17 
vn 0.635091 -0.772437 4.27217e-17 
vn 0.635091 -0.772437 4.27217e-17 
vn 0.644404 -0.764685 4.35857e-17 
vn 0.703502 -0.710693 4.9128e-17 
vn 0.706546 -0.707667 4.94165e-17 
vn 0.706546 -0.707667 4.94165e-17 
vn 0.640251 -0.768166 4.32001e-17 
vn 0.680528 -0.732722 4.69605e-17 
vn 0.768539 -0.639803 5.53701e-17 
vn 0.70756 -0.706653 4.95127e-17 
vn 0.743359 -0.668893 5.29329e-17 
vn 0.777334 -0.629088 5.62282e-17 
vn 0.777334 -0.629088 5.62282e-17 
vn 0.77792 -0.628363 5.62856e-17 
vn 0.800205 -0.599727 5.84785e-17 
vn 0.834197 -0.551466 6.18805e-17 
vn 0.797616 -0.603165 5.82224e-17 
vn 0.822973 -0.568081 6.07488e-17 
vn 0.834197 -0.551466 6.18805e-17 
vn 0.834723 -0.55067 6.19338e-17 
vn 0.855379 -0.518003 6.40427e-17 
vn 0.862157 -0.506642 6.47427e-17 
vn 0.870672 -0.491864 6.56284e-17 
vn 0.883263 -0.468878 6.69521e-17 
vn 0.883263 -0.468878 6.69521e-17 
vn 0.883717 -0.468022 6.70002e-17 
vn 0.905503 -0.424339 6.93393e-17 
vn 0.906983 -0.421167 6.95008e-17 
vn 0.911316 -0.411707 6.99757e-17 
vn 0.923527 -0.383533 7.13327e-17 
vn 0.923527 -0.383533 7.13327e-17 
vn 0.923889 -0.382661 7.13733e-17 
vn 0.937473 -0.348058 7.29235e-17 
vn 0.945426 -0.325838 7.38555e-17 
vn 0.948133 -0.317873 7.41778e-17 
vn 0.956092 -0.293068 7.51424e-17 
vn 0.956092 -0.293068 7.51424e-17 
vn 0.956426 -0.291974 7.51836e-17 
vn 0.972166 -0.234294 7.71987e-17 
vn 0.975054 -0.221969 7.75901e-17 
vn 0.975441 -0.220262 7.76433e-17 
vn 0.957885 -0.287153 7.53638e-17 
vn 0.979596 -0.200976 7.82258e-17 
vn 0.979596 -0.200976 7.82258e-17 
vn 0.979837 -0.199799 7.82603e-17 
vn 0.983006 -0.183574 7.87234e-17 
vn 0.990705 -0.136026 7.99498e-17 
vn 0.991066 -0.13337 8.00126e-17 
vn 0.992358 -0.123395 8.02432e-17 
vn 0.994286 -0.106752 8.06093e-17 
vn 0.994286 -0.106752 8.06093e-17 
vn 0.994415 -0.105539 8.06351e-17 
vn 0.998681 -0.0513519 8.16611e-17 
vn 0.999633 -0.0270789 8.20418e-17 
vn 0.99573 -0.0923132 8.09081e-17 
vn 0.999496 -0.0317504 8.19723e-17 
vn 0.999937 -0.0112457 8.22639e-17 
vn 1 0 8.24091e-17 
vn 1 0 8.24091e-17 
f 2892//2892 2893//2893 2894//2894 
f 2892//2892 2895//2895 2893//2893 
f 2896//2896 2894//2894 2897//2897 
f 2898//2898 2897//2897 2899//2899 
f 2899//2899 2900//2900 2898//2898 
f 2898//2898 2901//2901 2897//2897 
f 2900//2900 2899//2899 2902//2902 
f 2903//2903 2904//2904 2905//2905 
f 2903//2903 2902//2902 2904//2904 
f 2905//2905 2906//2906 2903//2903 
f 2907//2907 2908//2908 2909//2909 
f 2907//2907 2910//2910 2908//2908 
f 2909//2909 2911//2911 2907//2907 
f 2912//2912 2905//2905 2910//2910 
f 2907//2907 2912//2912 2910//2910 
f 2913//2913 2914//2914 2915//2915 
f 2913//2913 2909//2909 2914//2914 
f 2915//2915 2916//2916 2913//2913 
f 2915//2915 2917//2917 2918//2918 
f 2917//2917 2919//2919 2920//2920 
f 2917//2917 2915//2915 2919//2919 
f 2920//2920 2921//2921 2917//2917 
f 2921//2921 2920//2920 2922//2922 
f 2923//2923 2924//2924 2925//2925 
f 2923//2923 2922//2922 2924//2924 
f 2925//2925 2926//2926 2923//2923 
f 2927//2927 2928//2928 2929//2929 
f 2929//2929 2930//2930 2927//2927 
f 2931//2931 2925//2925 2932//2932 
f 2932//2932 2928//2928 2931//2931 
f 2927//2927 2931//2931 2928//2928 
f 2929//2929 2933//2933 2934//2934 
f 2933//2933 2935//2935 2936//2936 
f 2933//2933 2929//2929 2935//2935 
f 2936//2936 2937//2937 2933//2933 
f 2938//2938 2939//2939 2940//2940 
f 2938//2938 2941//2941 2939//2939 
f 2938//2938 2936//2936 2941//2941 
f 2940//2940 2942//2942 2938//2938 
f 2940//2940 2943//2943 2942//2942 
f 2944//2944 2945//2945 2946//2946 
f 2944//2944 2940//2940 2945//2945 
f 2946//2946 2947//2947 2944//2944 
f 2947//2947 2946//2946 2948//2948 
f 2948//2948 2949//2949 2947//2947 
f 2950//2950 2951//2951 2952//2952 
f 2950//2950 2948//2948 2951//2951 
f 2952//2952 2953//2953 2950//2950 
f 2953//2953 2952//2952 2954//2954 
f 2954//2954 2955//2955 2953//2953 
f 2956//2956 2957//2957 2958//2958 
f 2958//2958 2959//2959 2956//2956 
f 2955//2955 2954//2954 2957//2957 
f 2959//2959 2958//2958 2960//2960 
f 2960//2960 2961//2961 2959//2959 
f 2962//2962 2963//2963 2964//2964 
f 2964//2964 2965//2965 2962//2962 
f 2961//2961 2960//2960 2966//2966 
f 2966//2966 2963//2963 2961//2961 
f 2965//2965 2964//2964 2967//2967 
f 2967//2967 2968//2968 2965//2965 
f 2969//2969 2970//2970 2971//2971 
f 2971//2971 2972//2972 2969//2969 
f 2968//2968 2967//2967 2970//2970 
f 2972//2972 2973//2973 2974//2974 
f 2972//2972 2971//2971 2973//2973 
f 2974//2974 2975//2975 2972//2972 
f 2976//2976 2977//2977 2978//2978 
f 2976//2976 2974//2974 2979//2979 
f 2979//2979 2977//2977 2976//2976 
f 2978//2978 2980//2980 2976//2976 
f 2980//2980 2981//2981 2982//2982 
f 2980//2980 2978//2978 2981//2981 
f 2982//2982 2983//2983 2980//2980 
f 2976//2976 2975//2975 2974//2974 
f 2969//2969 2968//2968 2970//2970 
f 2962//2962 2961//2961 2963//2963 
f 2956//2956 2955//2955 2957//2957 
f 2950//2950 2949//2949 2948//2948 
f 2944//2944 2943//2943 2940//2940 
f 2938//2938 2937//2937 2936//2936 
f 2934//2934 2930//2930 2929//2929 
f 2931//2931 2926//2926 2925//2925 
f 2922//2922 2923//2923 2921//2921 
f 2918//2918 2916//2916 2915//2915 
f 2913//2913 2911//2911 2909//2909 
f 2912//2912 2906//2906 2905//2905 
f 2902//2902 2903//2903 2900//2900 
f 2897//2897 2901//2901 2896//2896 
f 2894//2894 2896//2896 2892//2892 
