# OBJ generated by ONSHAPE BY PTC INC, 1.221 Units = meters
mtllib link_2.mtl
usemtl 0.301961_0.301961_0.301961_0.000000_0.000000
v -0.264 0.017 -3.72966e-17 
v -0.264541 0.017 -0.00497069 
v -0.265075 0.017 -0.0048831 
v -0.265597 0.017 -0.00473827 
v -0.266099 0.017 -0.00453788 
v -0.266578 0.017 -0.00428429 
v -0.267026 0.017 -0.00398047 
v -0.267438 0.017 -0.00362998 
v -0.267811 0.017 -0.00323693 
v -0.268138 0.017 -0.00280594 
v -0.268418 0.017 -0.00234204 
v -0.268645 0.017 -0.00185069 
v -0.268818 0.017 -0.00133764 
v -0.268934 0.017 -0.00080891 
v -0.268993 0.017 -0.000270695 
v -0.268993 0.017 0.000270695 
v -0.268934 0.017 0.00080891 
v -0.268818 0.017 0.00133764 
v -0.268645 0.017 0.00185069 
v -0.268418 0.017 0.00234204 
v -0.268138 0.017 0.00280594 
v -0.267811 0.017 0.00323693 
v -0.267438 0.017 0.00362998 
v -0.267026 0.017 0.00398047 
v -0.266578 0.017 0.00428429 
v -0.266099 0.017 0.00453788 
v -0.265597 0.017 0.00473827 
v -0.265075 0.017 0.0048831 
v -0.264541 0.017 0.00497069 
v -0.264 0.017 0.005 
v -0.263459 0.017 0.00497069 
v -0.262925 0.017 0.0048831 
v -0.262403 0.017 0.00473827 
v -0.261901 0.017 0.00453788 
v -0.261422 0.017 0.00428429 
v -0.260974 0.017 0.00398047 
v -0.260562 0.017 0.00362998 
v -0.260189 0.017 0.00323693 
v -0.259862 0.017 0.00280594 
v -0.259582 0.017 0.00234204 
v -0.259355 0.017 0.00185069 
v -0.259182 0.017 0.00133764 
v -0.259066 0.017 0.00080891 
v -0.259007 0.017 0.000270695 
v -0.259007 0.017 -0.000270695 
v -0.259066 0.017 -0.00080891 
v -0.259182 0.017 -0.00133764 
v -0.259355 0.017 -0.00185069 
v -0.259582 0.017 -0.00234204 
v -0.259862 0.017 -0.00280594 
v -0.260189 0.017 -0.00323693 
v -0.260562 0.017 -0.00362998 
v -0.260974 0.017 -0.00398047 
v -0.261422 0.017 -0.00428429 
v -0.261901 0.017 -0.00453788 
v -0.262403 0.017 -0.00473827 
v -0.262925 0.017 -0.0048831 
v -0.263459 0.017 -0.00497069 
v -0.264 0.017 -0.005 
vn -1.22465e-16 1 1.83697e-16 
vn -1.22465e-16 1 1.83697e-16 
vn -1.22465e-16 1 1.83697e-16 
vn -1.22465e-16 1 1.83697e-16 
vn -1.22465e-16 1 1.83697e-16 
vn -1.22465e-16 1 1.83697e-16 
vn -1.22465e-16 1 1.83697e-16 
vn -1.22465e-16 1 1.83697e-16 
vn -1.22465e-16 1 1.83697e-16 
vn -1.22465e-16 1 1.83697e-16 
vn -1.22465e-16 1 1.83697e-16 
vn -1.22465e-16 1 1.83697e-16 
vn -1.22465e-16 1 1.83697e-16 
vn -1.22465e-16 1 1.83697e-16 
vn -1.22465e-16 1 1.83697e-16 
vn -1.22465e-16 1 1.83697e-16 
vn -1.22465e-16 1 1.83697e-16 
vn -1.22465e-16 1 1.83697e-16 
vn -1.22465e-16 1 1.83697e-16 
vn -1.22465e-16 1 1.83697e-16 
vn -1.22465e-16 1 1.83697e-16 
vn -1.22465e-16 1 1.83697e-16 
vn -1.22465e-16 1 1.83697e-16 
vn -1.22465e-16 1 1.83697e-16 
vn -1.22465e-16 1 1.83697e-16 
vn -1.22465e-16 1 1.83697e-16 
vn -1.22465e-16 1 1.83697e-16 
vn -1.22465e-16 1 1.83697e-16 
vn -1.22465e-16 1 1.83697e-16 
vn -1.22465e-16 1 1.83697e-16 
vn -1.22465e-16 1 1.83697e-16 
vn -1.22465e-16 1 1.83697e-16 
vn -1.22465e-16 1 1.83697e-16 
vn -1.22465e-16 1 1.83697e-16 
vn -1.22465e-16 1 1.83697e-16 
vn -1.22465e-16 1 1.83697e-16 
vn -1.22465e-16 1 1.83697e-16 
vn -1.22465e-16 1 1.83697e-16 
vn -1.22465e-16 1 1.83697e-16 
vn -1.22465e-16 1 1.83697e-16 
vn -1.22465e-16 1 1.83697e-16 
vn -1.22465e-16 1 1.83697e-16 
vn -1.22465e-16 1 1.83697e-16 
vn -1.22465e-16 1 1.83697e-16 
vn -1.22465e-16 1 1.83697e-16 
vn -1.22465e-16 1 1.83697e-16 
vn -1.22465e-16 1 1.83697e-16 
vn -1.22465e-16 1 1.83697e-16 
vn -1.22465e-16 1 1.83697e-16 
vn -1.22465e-16 1 1.83697e-16 
vn -1.22465e-16 1 1.83697e-16 
vn -1.22465e-16 1 1.83697e-16 
vn -1.22465e-16 1 1.83697e-16 
vn -1.22465e-16 1 1.83697e-16 
vn -1.22465e-16 1 1.83697e-16 
vn -1.22465e-16 1 1.83697e-16 
vn -1.22465e-16 1 1.83697e-16 
vn -1.22465e-16 1 1.83697e-16 
vn -1.22465e-16 1 1.83697e-16 
f 1//1 2//2 3//3 
f 3//3 4//4 1//1 
f 4//4 5//5 1//1 
f 5//5 6//6 1//1 
f 6//6 7//7 1//1 
f 7//7 8//8 1//1 
f 8//8 9//9 1//1 
f 9//9 10//10 1//1 
f 10//10 11//11 1//1 
f 11//11 12//12 1//1 
f 12//12 13//13 1//1 
f 13//13 14//14 1//1 
f 14//14 15//15 1//1 
f 15//15 16//16 1//1 
f 16//16 17//17 1//1 
f 17//17 18//18 1//1 
f 18//18 19//19 1//1 
f 19//19 20//20 1//1 
f 20//20 21//21 1//1 
f 21//21 22//22 1//1 
f 22//22 23//23 1//1 
f 23//23 24//24 1//1 
f 24//24 25//25 1//1 
f 25//25 26//26 1//1 
f 26//26 27//27 1//1 
f 27//27 28//28 1//1 
f 28//28 29//29 1//1 
f 29//29 30//30 1//1 
f 30//30 31//31 1//1 
f 31//31 32//32 1//1 
f 32//32 33//33 1//1 
f 33//33 34//34 1//1 
f 34//34 35//35 1//1 
f 35//35 36//36 1//1 
f 36//36 37//37 1//1 
f 37//37 38//38 1//1 
f 38//38 39//39 1//1 
f 39//39 40//40 1//1 
f 40//40 41//41 1//1 
f 41//41 42//42 1//1 
f 42//42 43//43 1//1 
f 43//43 44//44 1//1 
f 44//44 45//45 1//1 
f 45//45 46//46 1//1 
f 46//46 47//47 1//1 
f 47//47 48//48 1//1 
f 48//48 49//49 1//1 
f 49//49 50//50 1//1 
f 50//50 51//51 1//1 
f 51//51 52//52 1//1 
f 52//52 53//53 1//1 
f 53//53 54//54 1//1 
f 54//54 55//55 1//1 
f 55//55 56//56 1//1 
f 56//56 57//57 1//1 
f 57//57 58//58 1//1 
f 58//58 59//59 1//1 
f 59//59 2//2 1//1 
v -0.264 0.0125 0.005 
v -0.264 0.017 0.005 
v -0.264541 0.017 0.00497069 
v -0.264541 0.0125 0.00497069 
v -0.265075 0.017 0.0048831 
v -0.265075 0.0125 0.0048831 
v -0.265597 0.017 0.00473827 
v -0.265597 0.0125 0.00473827 
v -0.266099 0.017 0.00453788 
v -0.266099 0.0125 0.00453788 
v -0.266578 0.017 0.00428429 
v -0.266578 0.0125 0.00428429 
v -0.267026 0.017 0.00398047 
v -0.267026 0.0125 0.00398047 
v -0.267438 0.017 0.00362998 
v -0.267438 0.0125 0.00362998 
v -0.267811 0.017 0.00323693 
v -0.267811 0.0125 0.00323693 
v -0.268138 0.017 0.00280594 
v -0.268138 0.0125 0.00280594 
v -0.268418 0.017 0.00234204 
v -0.268418 0.0125 0.00234204 
v -0.268645 0.017 0.00185069 
v -0.268645 0.0125 0.00185069 
v -0.268818 0.017 0.00133764 
v -0.268818 0.0125 0.00133764 
v -0.268934 0.017 0.00080891 
v -0.268934 0.0125 0.00080891 
v -0.268993 0.017 0.000270695 
v -0.268993 0.0125 0.000270695 
v -0.268993 0.017 -0.000270695 
v -0.268993 0.0125 -0.000270695 
v -0.268934 0.017 -0.00080891 
v -0.268934 0.0125 -0.00080891 
v -0.268818 0.017 -0.00133764 
v -0.268818 0.0125 -0.00133764 
v -0.268645 0.017 -0.00185069 
v -0.268645 0.0125 -0.00185069 
v -0.268418 0.017 -0.00234204 
v -0.268418 0.0125 -0.00234204 
v -0.268138 0.017 -0.00280594 
v -0.268138 0.0125 -0.00280594 
v -0.267811 0.017 -0.00323693 
v -0.267811 0.0125 -0.00323693 
v -0.267438 0.017 -0.00362998 
v -0.267438 0.0125 -0.00362998 
v -0.267026 0.017 -0.00398047 
v -0.267026 0.0125 -0.00398047 
v -0.266578 0.017 -0.00428429 
v -0.266578 0.0125 -0.00428429 
v -0.266099 0.017 -0.00453788 
v -0.266099 0.0125 -0.00453788 
v -0.265597 0.017 -0.00473827 
v -0.265597 0.0125 -0.00473827 
v -0.265075 0.017 -0.0048831 
v -0.265075 0.0125 -0.0048831 
v -0.264541 0.017 -0.00497069 
v -0.264541 0.0125 -0.00497069 
v -0.264 0.017 -0.005 
v -0.264 0.0125 -0.005 
v -0.263459 0.017 -0.00497069 
v -0.263459 0.0125 -0.00497069 
v -0.262925 0.017 -0.0048831 
v -0.262925 0.0125 -0.0048831 
v -0.262403 0.017 -0.00473827 
v -0.262403 0.0125 -0.00473827 
v -0.261901 0.017 -0.00453788 
v -0.261901 0.0125 -0.00453788 
v -0.261422 0.017 -0.00428429 
v -0.261422 0.0125 -0.00428429 
v -0.260974 0.017 -0.00398047 
v -0.260974 0.0125 -0.00398047 
v -0.260562 0.017 -0.00362998 
v -0.260562 0.0125 -0.00362998 
v -0.260189 0.017 -0.00323693 
v -0.260189 0.0125 -0.00323693 
v -0.259862 0.017 -0.00280594 
v -0.259862 0.0125 -0.00280594 
v -0.259582 0.017 -0.00234204 
v -0.259582 0.0125 -0.00234204 
v -0.259355 0.017 -0.00185069 
v -0.259355 0.0125 -0.00185069 
v -0.259182 0.017 -0.00133764 
v -0.259182 0.0125 -0.00133764 
v -0.259066 0.017 -0.00080891 
v -0.259066 0.0125 -0.00080891 
v -0.259007 0.017 -0.000270695 
v -0.259007 0.0125 -0.000270695 
v -0.259007 0.017 0.000270695 
v -0.259007 0.0125 0.000270695 
v -0.259066 0.017 0.00080891 
v -0.259066 0.0125 0.00080891 
v -0.259182 0.017 0.00133764 
v -0.259182 0.0125 0.00133764 
v -0.259355 0.017 0.00185069 
v -0.259355 0.0125 0.00185069 
v -0.259582 0.017 0.00234204 
v -0.259582 0.0125 0.00234204 
v -0.259862 0.017 0.00280594 
v -0.259862 0.0125 0.00280594 
v -0.260189 0.017 0.00323693 
v -0.260189 0.0125 0.00323693 
v -0.260562 0.017 0.00362998 
v -0.260562 0.0125 0.00362998 
v -0.260974 0.017 0.00398047 
v -0.260974 0.0125 0.00398047 
v -0.261422 0.017 0.00428429 
v -0.261422 0.0125 0.00428429 
v -0.261901 0.017 0.00453788 
v -0.261901 0.0125 0.00453788 
v -0.262403 0.017 0.00473827 
v -0.262403 0.0125 0.00473827 
v -0.262925 0.017 0.0048831 
v -0.262925 0.0125 0.0048831 
v -0.263459 0.017 0.00497069 
v -0.263459 0.0125 0.00497069 
vn 2.24964e-32 -1.83697e-16 1 
vn 2.24964e-32 -1.83697e-16 1 
vn -0.108119 -1.95861e-16 0.994138 
vn -0.108119 -1.95861e-16 0.994138 
vn -0.21497 -2.05729e-16 0.976621 
vn -0.21497 -2.05729e-16 0.976621 
vn -0.319302 -2.13184e-16 0.947653 
vn -0.319302 -2.13184e-16 0.947653 
vn -0.419889 -2.1814e-16 0.907575 
vn -0.419889 -2.1814e-16 0.907575 
vn -0.515554 -2.20539e-16 0.856857 
vn -0.515554 -2.20539e-16 0.856857 
vn -0.605174 -2.20352e-16 0.796093 
vn -0.605174 -2.20352e-16 0.796093 
vn -0.687699 -2.17582e-16 0.725995 
vn -0.687699 -2.17582e-16 0.725995 
vn -0.762162 -2.12261e-16 0.647386 
vn -0.762162 -2.12261e-16 0.647386 
vn -0.827689 -2.04451e-16 0.561187 
vn -0.827689 -2.04451e-16 0.561187 
vn -0.883512 -1.94244e-16 0.468408 
vn -0.883512 -1.94244e-16 0.468408 
vn -0.928977 -1.8176e-16 0.370138 
vn -0.928977 -1.8176e-16 0.370138 
vn -0.96355 -1.67145e-16 0.267528 
vn -0.96355 -1.67145e-16 0.267528 
vn -0.986827 -1.5057e-16 0.161782 
vn -0.986827 -1.5057e-16 0.161782 
vn -0.998533 -1.3223e-16 0.0541389 
vn -0.998533 -1.3223e-16 0.0541389 
vn -0.998533 -1.1234e-16 -0.0541389 
vn -0.998533 -1.1234e-16 -0.0541389 
vn -0.986827 -9.11325e-17 -0.161782 
vn -0.986827 -9.11325e-17 -0.161782 
vn -0.96355 -6.88567e-17 -0.267528 
vn -0.96355 -6.88567e-17 -0.267528 
vn -0.928977 -4.57736e-17 -0.370138 
vn -0.928977 -4.57736e-17 -0.370138 
vn -0.883512 -2.21538e-17 -0.468408 
vn -0.883512 -2.21538e-17 -0.468408 
vn -0.827689 1.72572e-18 -0.561187 
vn -0.827689 1.72572e-18 -0.561187 
vn -0.762162 2.5585e-17 -0.647386 
vn -0.762162 2.5585e-17 -0.647386 
vn -0.687699 4.91443e-17 -0.725995 
vn -0.687699 4.91443e-17 -0.725995 
vn -0.605174 7.21275e-17 -0.796093 
vn -0.605174 7.21275e-17 -0.796093 
vn -0.515554 9.4265e-17 -0.856857 
vn -0.515554 9.4265e-17 -0.856857 
vn -0.419889 1.15297e-16 -0.907575 
vn -0.419889 1.15297e-16 -0.907575 
vn -0.319302 1.34978e-16 -0.947653 
vn -0.319302 1.34978e-16 -0.947653 
vn -0.21497 1.53076e-16 -0.976621 
vn -0.21497 1.53076e-16 -0.976621 
vn -0.108119 1.69379e-16 -0.994138 
vn -0.108119 1.69379e-16 -0.994138 
vn -1.22465e-16 1.83697e-16 -1 
vn -1.22465e-16 1.83697e-16 -1 
vn 0.108119 1.95861e-16 -0.994138 
vn 0.108119 1.95861e-16 -0.994138 
vn 0.21497 2.05729e-16 -0.976621 
vn 0.21497 2.05729e-16 -0.976621 
vn 0.319302 2.13184e-16 -0.947653 
vn 0.319302 2.13184e-16 -0.947653 
vn 0.419889 2.1814e-16 -0.907575 
vn 0.419889 2.1814e-16 -0.907575 
vn 0.515554 2.20539e-16 -0.856857 
vn 0.515554 2.20539e-16 -0.856857 
vn 0.605174 2.20352e-16 -0.796093 
vn 0.605174 2.20352e-16 -0.796093 
vn 0.687699 2.17582e-16 -0.725995 
vn 0.687699 2.17582e-16 -0.725995 
vn 0.762162 2.12261e-16 -0.647386 
vn 0.762162 2.12261e-16 -0.647386 
vn 0.827689 2.04451e-16 -0.561187 
vn 0.827689 2.04451e-16 -0.561187 
vn 0.883512 1.94244e-16 -0.468408 
vn 0.883512 1.94244e-16 -0.468408 
vn 0.928977 1.8176e-16 -0.370138 
vn 0.928977 1.8176e-16 -0.370138 
vn 0.96355 1.67145e-16 -0.267528 
vn 0.96355 1.67145e-16 -0.267528 
vn 0.986827 1.5057e-16 -0.161782 
vn 0.986827 1.5057e-16 -0.161782 
vn 0.998533 1.3223e-16 -0.0541389 
vn 0.998533 1.3223e-16 -0.0541389 
vn 0.998533 1.1234e-16 0.0541389 
vn 0.998533 1.1234e-16 0.0541389 
vn 0.986827 9.11325e-17 0.161782 
vn 0.986827 9.11325e-17 0.161782 
vn 0.96355 6.88567e-17 0.267528 
vn 0.96355 6.88567e-17 0.267528 
vn 0.928977 4.57736e-17 0.370138 
vn 0.928977 4.57736e-17 0.370138 
vn 0.883512 2.21538e-17 0.468408 
vn 0.883512 2.21538e-17 0.468408 
vn 0.827689 -1.72572e-18 0.561187 
vn 0.827689 -1.72572e-18 0.561187 
vn 0.762162 -2.5585e-17 0.647386 
vn 0.762162 -2.5585e-17 0.647386 
vn 0.687699 -4.91443e-17 0.725995 
vn 0.687699 -4.91443e-17 0.725995 
vn 0.605174 -7.21275e-17 0.796093 
vn 0.605174 -7.21275e-17 0.796093 
vn 0.515554 -9.4265e-17 0.856857 
vn 0.515554 -9.4265e-17 0.856857 
vn 0.419889 -1.15297e-16 0.907575 
vn 0.419889 -1.15297e-16 0.907575 
vn 0.319302 -1.34978e-16 0.947653 
vn 0.319302 -1.34978e-16 0.947653 
vn 0.21497 -1.53076e-16 0.976621 
vn 0.21497 -1.53076e-16 0.976621 
vn 0.108119 -1.69379e-16 0.994138 
vn 0.108119 -1.69379e-16 0.994138 
f 60//60 61//61 62//62 
f 63//63 62//62 64//64 
f 65//65 64//64 66//66 
f 67//67 66//66 68//68 
f 69//69 68//68 70//70 
f 71//71 70//70 72//72 
f 73//73 72//72 74//74 
f 75//75 74//74 76//76 
f 77//77 76//76 78//78 
f 79//79 78//78 80//80 
f 81//81 80//80 82//82 
f 83//83 82//82 84//84 
f 85//85 84//84 86//86 
f 87//87 86//86 88//88 
f 89//89 88//88 90//90 
f 91//91 90//90 92//92 
f 93//93 92//92 94//94 
f 95//95 94//94 96//96 
f 97//97 96//96 98//98 
f 99//99 98//98 100//100 
f 101//101 100//100 102//102 
f 103//103 102//102 104//104 
f 105//105 104//104 106//106 
f 107//107 106//106 108//108 
f 109//109 108//108 110//110 
f 111//111 110//110 112//112 
f 113//113 112//112 114//114 
f 115//115 114//114 116//116 
f 117//117 116//116 118//118 
f 119//119 118//118 120//120 
f 121//121 120//120 122//122 
f 123//123 122//122 124//124 
f 125//125 124//124 126//126 
f 127//127 126//126 128//128 
f 129//129 128//128 130//130 
f 131//131 130//130 132//132 
f 133//133 132//132 134//134 
f 135//135 134//134 136//136 
f 137//137 136//136 138//138 
f 139//139 138//138 140//140 
f 141//141 140//140 142//142 
f 143//143 142//142 144//144 
f 145//145 144//144 146//146 
f 147//147 146//146 148//148 
f 149//149 148//148 150//150 
f 151//151 150//150 152//152 
f 153//153 152//152 154//154 
f 155//155 154//154 156//156 
f 157//157 156//156 158//158 
f 159//159 158//158 160//160 
f 161//161 160//160 162//162 
f 163//163 162//162 164//164 
f 165//165 164//164 166//166 
f 167//167 166//166 168//168 
f 169//169 168//168 170//170 
f 171//171 170//170 172//172 
f 173//173 172//172 174//174 
f 175//175 174//174 61//61 
f 61//61 60//60 175//175 
f 174//174 175//175 173//173 
f 172//172 173//173 171//171 
f 170//170 171//171 169//169 
f 168//168 169//169 167//167 
f 166//166 167//167 165//165 
f 164//164 165//165 163//163 
f 162//162 163//163 161//161 
f 160//160 161//161 159//159 
f 158//158 159//159 157//157 
f 156//156 157//157 155//155 
f 154//154 155//155 153//153 
f 152//152 153//153 151//151 
f 150//150 151//151 149//149 
f 148//148 149//149 147//147 
f 146//146 147//147 145//145 
f 144//144 145//145 143//143 
f 142//142 143//143 141//141 
f 140//140 141//141 139//139 
f 138//138 139//139 137//137 
f 136//136 137//137 135//135 
f 134//134 135//135 133//133 
f 132//132 133//133 131//131 
f 130//130 131//131 129//129 
f 128//128 129//129 127//127 
f 126//126 127//127 125//125 
f 124//124 125//125 123//123 
f 122//122 123//123 121//121 
f 120//120 121//121 119//119 
f 118//118 119//119 117//117 
f 116//116 117//117 115//115 
f 114//114 115//115 113//113 
f 112//112 113//113 111//111 
f 110//110 111//111 109//109 
f 108//108 109//109 107//107 
f 106//106 107//107 105//105 
f 104//104 105//105 103//103 
f 102//102 103//103 101//101 
f 100//100 101//101 99//99 
f 98//98 99//99 97//97 
f 96//96 97//97 95//95 
f 94//94 95//95 93//93 
f 92//92 93//93 91//91 
f 90//90 91//91 89//89 
f 88//88 89//89 87//87 
f 86//86 87//87 85//85 
f 84//84 85//85 83//83 
f 82//82 83//83 81//81 
f 80//80 81//81 79//79 
f 78//78 79//79 77//77 
f 76//76 77//77 75//75 
f 74//74 75//75 73//73 
f 72//72 73//73 71//71 
f 70//70 71//71 69//69 
f 68//68 69//69 67//67 
f 66//66 67//67 65//65 
f 64//64 65//65 63//63 
f 62//62 63//63 60//60 
v -0.262244 0.0125 -0.00521209 
v -0.262818 0.0125 -0.00537141 
v -0.262925 0.0125 -0.0048831 
v -0.263405 0.0125 -0.00546776 
v -0.263459 0.0125 -0.00497069 
v -0.264 0.0125 -0.0055 
v -0.264 0.0125 -0.005 
v -0.264595 0.0125 -0.00546776 
v -0.264541 0.0125 -0.00497069 
v -0.263405 0.0125 0.00546776 
v -0.263459 0.0125 0.00497069 
v -0.264 0.0125 0.005 
v -0.262818 0.0125 0.00537141 
v -0.262925 0.0125 0.0048831 
v -0.262244 0.0125 0.00521209 
v -0.262403 0.0125 0.00473827 
v -0.261691 0.0125 0.00499166 
v -0.261901 0.0125 0.00453788 
v -0.259141 0.0125 0.00257625 
v -0.258891 0.0125 0.00203576 
v -0.259355 0.0125 0.00185069 
v -0.2587 0.0125 0.00147141 
v -0.259182 0.0125 0.00133764 
v -0.260672 0.0125 -0.00437851 
v -0.261164 0.0125 -0.00471271 
v -0.261422 0.0125 -0.00428429 
v -0.261691 0.0125 -0.00499166 
v -0.261901 0.0125 -0.00453788 
v -0.265182 0.0125 -0.00537141 
v -0.265075 0.0125 -0.0048831 
v -0.265756 0.0125 -0.00521209 
v -0.265597 0.0125 -0.00473827 
v -0.261164 0.0125 0.00471271 
v -0.261422 0.0125 0.00428429 
v -0.260672 0.0125 0.00437851 
v -0.260974 0.0125 0.00398047 
v -0.260218 0.0125 0.00399298 
v -0.259808 0.0125 0.00356062 
v -0.260189 0.0125 0.00323693 
v -0.259448 0.0125 0.00308653 
v -0.259862 0.0125 0.00280594 
v -0.259582 0.0125 0.00234204 
v -0.258508 0.0125 0.000297764 
v -0.259007 0.0125 0.000270695 
v -0.259066 0.0125 0.00080891 
v -0.258508 0.0125 -0.000297764 
v -0.259007 0.0125 -0.000270695 
v -0.262403 0.0125 -0.00473827 
v -0.266836 0.0125 -0.00471271 
v -0.266578 0.0125 -0.00428429 
v -0.266099 0.0125 -0.00453788 
v -0.267328 0.0125 -0.00437851 
v -0.267026 0.0125 -0.00398047 
v -0.267328 0.0125 0.00437851 
v -0.266836 0.0125 0.00471271 
v -0.266578 0.0125 0.00428429 
v -0.266309 0.0125 0.00499166 
v -0.266099 0.0125 0.00453788 
v -0.265756 0.0125 0.00521209 
v -0.265182 0.0125 0.00537141 
v -0.265075 0.0125 0.0048831 
v -0.264595 0.0125 0.00546776 
v -0.264541 0.0125 0.00497069 
v -0.260562 0.0125 0.00362998 
v -0.258572 0.0125 0.000889801 
v -0.258572 0.0125 -0.000889801 
v -0.259066 0.0125 -0.00080891 
v -0.258891 0.0125 -0.00203576 
v -0.259355 0.0125 -0.00185069 
v -0.259182 0.0125 -0.00133764 
v -0.259141 0.0125 -0.00257625 
v -0.259582 0.0125 -0.00234204 
v -0.259808 0.0125 -0.00356062 
v -0.260189 0.0125 -0.00323693 
v -0.259862 0.0125 -0.00280594 
v -0.260218 0.0125 -0.00399298 
v -0.260562 0.0125 -0.00362998 
v -0.266309 0.0125 -0.00499166 
v -0.268859 0.0125 -0.00257625 
v -0.269109 0.0125 -0.00203576 
v -0.268645 0.0125 -0.00185069 
v -0.2693 0.0125 -0.00147141 
v -0.268818 0.0125 -0.00133764 
v -0.269109 0.0125 0.00203576 
v -0.268645 0.0125 0.00185069 
v -0.268818 0.0125 0.00133764 
v -0.268859 0.0125 0.00257625 
v -0.268418 0.0125 0.00234204 
v -0.268192 0.0125 0.00356062 
v -0.267811 0.0125 0.00323693 
v -0.268138 0.0125 0.00280594 
v -0.267782 0.0125 0.00399298 
v -0.267438 0.0125 0.00362998 
v -0.265597 0.0125 0.00473827 
v -0.264 0.0125 0.0055 
v -0.259448 0.0125 -0.00308653 
v -0.260974 0.0125 -0.00398047 
v -0.267782 0.0125 -0.00399298 
v -0.268192 0.0125 -0.00356062 
v -0.267811 0.0125 -0.00323693 
v -0.268552 0.0125 -0.00308653 
v -0.268138 0.0125 -0.00280594 
v -0.268418 0.0125 -0.00234204 
v -0.269492 0.0125 -0.000297764 
v -0.268993 0.0125 -0.000270695 
v -0.268934 0.0125 -0.00080891 
v -0.269492 0.0125 0.000297764 
v -0.268993 0.0125 0.000270695 
v -0.268552 0.0125 0.00308653 
v -0.267026 0.0125 0.00398047 
v -0.2587 0.0125 -0.00147141 
v -0.267438 0.0125 -0.00362998 
v -0.269428 0.0125 -0.000889801 
v -0.269428 0.0125 0.000889801 
v -0.268934 0.0125 0.00080891 
v -0.2693 0.0125 0.00147141 
vn -1.22465e-16 1 1.83697e-16 
vn -1.22465e-16 1 1.83697e-16 
vn -1.22465e-16 1 1.83697e-16 
vn -1.22465e-16 1 1.83697e-16 
vn -1.22465e-16 1 1.83697e-16 
vn -1.22465e-16 1 1.83697e-16 
vn -1.22465e-16 1 1.83697e-16 
vn -1.22465e-16 1 1.83697e-16 
vn -1.22465e-16 1 1.83697e-16 
vn -1.22465e-16 1 1.83697e-16 
vn -1.22465e-16 1 1.83697e-16 
vn -1.22465e-16 1 1.83697e-16 
vn -1.22465e-16 1 1.83697e-16 
vn -1.22465e-16 1 1.83697e-16 
vn -1.22465e-16 1 1.83697e-16 
vn -1.22465e-16 1 1.83697e-16 
vn -1.22465e-16 1 1.83697e-16 
vn -1.22465e-16 1 1.83697e-16 
vn -1.22465e-16 1 1.83697e-16 
vn -1.22465e-16 1 1.83697e-16 
vn -1.22465e-16 1 1.83697e-16 
vn -1.22465e-16 1 1.83697e-16 
vn -1.22465e-16 1 1.83697e-16 
vn -1.22465e-16 1 1.83697e-16 
vn -1.22465e-16 1 1.83697e-16 
vn -1.22465e-16 1 1.83697e-16 
vn -1.22465e-16 1 1.83697e-16 
vn -1.22465e-16 1 1.83697e-16 
vn -1.22465e-16 1 1.83697e-16 
vn -1.22465e-16 1 1.83697e-16 
vn -1.22465e-16 1 1.83697e-16 
vn -1.22465e-16 1 1.83697e-16 
vn -1.22465e-16 1 1.83697e-16 
vn -1.22465e-16 1 1.83697e-16 
vn -1.22465e-16 1 1.83697e-16 
vn -1.22465e-16 1 1.83697e-16 
vn -1.22465e-16 1 1.83697e-16 
vn -1.22465e-16 1 1.83697e-16 
vn -1.22465e-16 1 1.83697e-16 
vn -1.22465e-16 1 1.83697e-16 
vn -1.22465e-16 1 1.83697e-16 
vn -1.22465e-16 1 1.83697e-16 
vn -1.22465e-16 1 1.83697e-16 
vn -1.22465e-16 1 1.83697e-16 
vn -1.22465e-16 1 1.83697e-16 
vn -1.22465e-16 1 1.83697e-16 
vn -1.22465e-16 1 1.83697e-16 
vn -1.22465e-16 1 1.83697e-16 
vn -1.22465e-16 1 1.83697e-16 
vn -1.22465e-16 1 1.83697e-16 
vn -1.22465e-16 1 1.83697e-16 
vn -1.22465e-16 1 1.83697e-16 
vn -1.22465e-16 1 1.83697e-16 
vn -1.22465e-16 1 1.83697e-16 
vn -1.22465e-16 1 1.83697e-16 
vn -1.22465e-16 1 1.83697e-16 
vn -1.22465e-16 1 1.83697e-16 
vn -1.22465e-16 1 1.83697e-16 
vn -1.22465e-16 1 1.83697e-16 
vn -1.22465e-16 1 1.83697e-16 
vn -1.22465e-16 1 1.83697e-16 
vn -1.22465e-16 1 1.83697e-16 
vn -1.22465e-16 1 1.83697e-16 
vn -1.22465e-16 1 1.83697e-16 
vn -1.22465e-16 1 1.83697e-16 
vn -1.22465e-16 1 1.83697e-16 
vn -1.22465e-16 1 1.83697e-16 
vn -1.22465e-16 1 1.83697e-16 
vn -1.22465e-16 1 1.83697e-16 
vn -1.22465e-16 1 1.83697e-16 
vn -1.22465e-16 1 1.83697e-16 
vn -1.22465e-16 1 1.83697e-16 
vn -1.22465e-16 1 1.83697e-16 
vn -1.22465e-16 1 1.83697e-16 
vn -1.22465e-16 1 1.83697e-16 
vn -1.22465e-16 1 1.83697e-16 
vn -1.22465e-16 1 1.83697e-16 
vn -1.22465e-16 1 1.83697e-16 
vn -1.22465e-16 1 1.83697e-16 
vn -1.22465e-16 1 1.83697e-16 
vn -1.22465e-16 1 1.83697e-16 
vn -1.22465e-16 1 1.83697e-16 
vn -1.22465e-16 1 1.83697e-16 
vn -1.22465e-16 1 1.83697e-16 
vn -1.22465e-16 1 1.83697e-16 
vn -1.22465e-16 1 1.83697e-16 
vn -1.22465e-16 1 1.83697e-16 
vn -1.22465e-16 1 1.83697e-16 
vn -1.22465e-16 1 1.83697e-16 
vn -1.22465e-16 1 1.83697e-16 
vn -1.22465e-16 1 1.83697e-16 
vn -1.22465e-16 1 1.83697e-16 
vn -1.22465e-16 1 1.83697e-16 
vn -1.22465e-16 1 1.83697e-16 
vn -1.22465e-16 1 1.83697e-16 
vn -1.22465e-16 1 1.83697e-16 
vn -1.22465e-16 1 1.83697e-16 
vn -1.22465e-16 1 1.83697e-16 
vn -1.22465e-16 1 1.83697e-16 
vn -1.22465e-16 1 1.83697e-16 
vn -1.22465e-16 1 1.83697e-16 
vn -1.22465e-16 1 1.83697e-16 
vn -1.22465e-16 1 1.83697e-16 
vn -1.22465e-16 1 1.83697e-16 
vn -1.22465e-16 1 1.83697e-16 
vn -1.22465e-16 1 1.83697e-16 
vn -1.22465e-16 1 1.83697e-16 
vn -1.22465e-16 1 1.83697e-16 
vn -1.22465e-16 1 1.83697e-16 
vn -1.22465e-16 1 1.83697e-16 
vn -1.22465e-16 1 1.83697e-16 
vn -1.22465e-16 1 1.83697e-16 
vn -1.22465e-16 1 1.83697e-16 
vn -1.22465e-16 1 1.83697e-16 
vn -1.22465e-16 1 1.83697e-16 
vn -1.22465e-16 1 1.83697e-16 
f 176//176 177//177 178//178 
f 177//177 179//179 180//180 
f 179//179 181//181 182//182 
f 183//183 184//184 182//182 
f 185//185 186//186 187//187 
f 188//188 189//189 186//186 
f 190//190 191//191 189//189 
f 192//192 193//193 191//191 
f 194//194 195//195 196//196 
f 195//195 197//197 198//198 
f 199//199 200//200 201//201 
f 200//200 202//202 203//203 
f 180//180 178//178 177//177 
f 182//182 181//181 183//183 
f 204//204 205//205 184//184 
f 206//206 207//207 205//205 
f 186//186 185//185 188//188 
f 191//191 190//190 192//192 
f 208//208 209//209 193//193 
f 210//210 211//211 209//209 
f 212//212 213//213 214//214 
f 213//213 215//215 216//216 
f 194//194 217//217 216//216 
f 198//198 196//196 195//195 
f 218//218 219//219 220//220 
f 218//218 221//221 222//222 
f 203//203 201//201 200//200 
f 202//202 176//176 223//223 
f 182//182 180//180 179//179 
f 205//205 204//204 206//206 
f 224//224 225//225 226//226 
f 227//227 228//228 225//225 
f 229//229 230//230 231//231 
f 230//230 232//232 233//233 
f 234//234 235//235 236//236 
f 235//235 237//237 238//238 
f 189//189 188//188 190//190 
f 209//209 208//208 210//210 
f 212//212 239//239 211//211 
f 216//216 214//214 213//213 
f 196//196 217//217 194//194 
f 197//197 240//240 220//220 
f 222//222 219//219 218//218 
f 221//221 241//241 242//242 
f 243//243 244//244 245//245 
f 246//246 247//247 244//244 
f 248//248 249//249 250//250 
f 251//251 252//252 249//249 
f 223//223 203//203 202//202 
f 184//184 183//183 204//204 
f 253//253 226//226 207//207 
f 225//225 224//224 227//227 
f 254//254 255//255 256//256 
f 255//255 257//257 258//258 
f 259//259 260//260 261//261 
f 262//262 263//263 260//260 
f 264//264 265//265 266//266 
f 267//267 268//268 265//265 
f 233//233 231//231 230//230 
f 232//232 234//234 269//269 
f 238//238 236//236 235//235 
f 237//237 270//270 187//187 
f 193//193 192//192 208//208 
f 214//214 239//239 212//212 
f 220//220 198//198 197//197 
f 242//242 222//222 221//221 
f 244//244 243//243 246//246 
f 246//246 271//271 250//250 
f 249//249 248//248 251//251 
f 251//251 199//199 272//272 
f 178//178 223//223 176//176 
f 226//226 253//253 224//224 
f 273//273 274//274 275//275 
f 274//274 276//276 277//277 
f 254//254 278//278 277//277 
f 258//258 256//256 255//255 
f 279//279 280//280 281//281 
f 282//282 283//283 280//280 
f 260//260 259//259 262//262 
f 262//262 284//284 266//266 
f 265//265 264//264 267//267 
f 267//267 229//229 285//285 
f 269//269 233//233 232//232 
f 187//187 238//238 237//237 
f 211//211 210//210 212//212 
f 220//220 240//240 218//218 
f 286//286 245//245 242//242 
f 250//250 247//247 246//246 
f 272//272 252//252 251//251 
f 207//207 206//206 253//253 
f 273//273 287//287 228//228 
f 277//277 275//275 274//274 
f 256//256 278//278 254//254 
f 257//257 288//288 281//281 
f 280//280 279//279 282//282 
f 282//282 289//289 290//290 
f 291//291 261//261 290//290 
f 266//266 263//263 262//262 
f 285//285 268//268 267//267 
f 236//236 269//269 234//234 
f 216//216 215//215 194//194 
f 245//245 286//286 243//243 
f 201//201 272//272 199//199 
f 275//275 287//287 273//273 
f 281//281 258//258 257//257 
f 290//290 283//283 282//282 
f 261//261 291//291 259//259 
f 231//231 285//285 229//229 
f 242//242 241//241 286//286 
f 228//228 227//227 273//273 
f 281//281 288//288 279//279 
f 266//266 284//284 264//264 
f 250//250 271//271 248//248 
f 290//290 289//289 291//291 
f 277//277 276//276 254//254 
f 187//187 270//270 185//185 
v -0.264595 0.0105 -0.00546776 
v -0.264595 0.0125 -0.00546776 
v -0.264 0.0125 -0.0055 
v -0.265182 0.0105 -0.00537141 
v -0.265182 0.0125 -0.00537141 
v -0.265756 0.0105 -0.00521209 
v -0.265756 0.0125 -0.00521209 
v -0.266309 0.0105 -0.00499166 
v -0.266309 0.0125 -0.00499166 
v -0.266836 0.0105 -0.00471271 
v -0.266836 0.0125 -0.00471271 
v -0.267328 0.0105 -0.00437851 
v -0.267328 0.0125 -0.00437851 
v -0.267782 0.0105 -0.00399298 
v -0.267782 0.0125 -0.00399298 
v -0.268192 0.0105 -0.00356062 
v -0.268192 0.0125 -0.00356062 
v -0.268552 0.0105 -0.00308653 
v -0.268552 0.0125 -0.00308653 
v -0.268859 0.0105 -0.00257625 
v -0.268859 0.0125 -0.00257625 
v -0.269109 0.0105 -0.00203576 
v -0.269109 0.0125 -0.00203576 
v -0.2693 0.0105 -0.00147141 
v -0.2693 0.0125 -0.00147141 
v -0.269428 0.0105 -0.000889801 
v -0.269428 0.0125 -0.000889801 
v -0.269492 0.0105 -0.000297764 
v -0.269492 0.0125 -0.000297764 
v -0.269492 0.0105 0.000297764 
v -0.269492 0.0125 0.000297764 
v -0.269428 0.0105 0.000889801 
v -0.269428 0.0125 0.000889801 
v -0.2693 0.0105 0.00147141 
v -0.2693 0.0125 0.00147141 
v -0.269109 0.0105 0.00203576 
v -0.269109 0.0125 0.00203576 
v -0.268859 0.0105 0.00257625 
v -0.268859 0.0125 0.00257625 
v -0.268552 0.0105 0.00308653 
v -0.268552 0.0125 0.00308653 
v -0.268192 0.0105 0.00356062 
v -0.268192 0.0125 0.00356062 
v -0.267782 0.0105 0.00399298 
v -0.267782 0.0125 0.00399298 
v -0.267328 0.0105 0.00437851 
v -0.267328 0.0125 0.00437851 
v -0.266836 0.0105 0.00471271 
v -0.266836 0.0125 0.00471271 
v -0.266309 0.0105 0.00499166 
v -0.266309 0.0125 0.00499166 
v -0.265756 0.0105 0.00521209 
v -0.265756 0.0125 0.00521209 
v -0.265182 0.0105 0.00537141 
v -0.265182 0.0125 0.00537141 
v -0.264595 0.0105 0.00546776 
v -0.264595 0.0125 0.00546776 
v -0.264 0.0105 0.0055 
v -0.264 0.0125 0.0055 
v -0.263546 0.00836397 0.00548124 
v -0.263405 0.0125 0.00546776 
v -0.264 0.00835165 0.0055 
v -0.263094 0.00840063 0.00542489 
v -0.262819 0.00843766 0.00536682 
v -0.263406 0.00837535 0.00546375 
v -0.262818 0.0125 0.00537141 
v -0.262639 0.00846176 0.00532904 
v -0.262244 0.00853457 0.00521157 
v -0.262244 0.0125 0.00521209 
v -0.261768 0.00864476 0.00502675 
v -0.261692 0.0086662 0.00498873 
v -0.26223 0.00853716 0.0052074 
v -0.261691 0.0125 0.00499166 
v -0.261313 0.00877331 0.00479886 
v -0.261167 0.00882116 0.00470801 
v -0.261164 0.0125 0.00471271 
v -0.260799 0.00894396 0.00447276 
v -0.260675 0.008991 0.00437398 
v -0.261128 0.00883405 0.00468352 
v -0.260866 0.00892035 0.00451966 
v -0.260672 0.0125 0.00437851 
v -0.260361 0.00910993 0.00412423 
v -0.260222 0.00916799 0.00398831 
v -0.260218 0.0125 0.00399298 
v -0.259934 0.00928913 0.00370114 
v -0.259814 0.00934353 0.00355609 
v -0.259959 0.0092781 0.00373052 
v -0.259808 0.0125 0.00356062 
v -0.259594 0.00944266 0.00329184 
v -0.259453 0.00950999 0.00308273 
v -0.259448 0.0125 0.00308653 
v -0.259201 0.0096329 0.00267458 
v -0.259146 0.0096602 0.00257318 
v -0.259288 0.00958942 0.00283601 
v -0.259141 0.0125 0.00257625 
v -0.259033 0.0097168 0.002363 
v -0.258896 0.00978812 0.0020335 
v -0.258891 0.0125 0.00203576 
v -0.258747 0.00986639 0.00161754 
v -0.258706 0.00988846 0.00146992 
v -0.258775 0.00985164 0.00171617 
v -0.258826 0.00982424 0.00186663 
v -0.2587 0.0125 0.00147141 
v -0.258642 0.0099227 0.00124101 
v -0.258577 0.00995805 0.000889008 
v -0.258508 0.0125 0.000297764 
v -0.258572 0.0125 0.000889801 
v -0.258532 0.00998233 0.000541235 
v -0.258552 0.00997129 0.00075728 
v -0.258506 0.00999653 0.00026328 
v -0.258502 0.00999908 -0.000135506 
v -0.258508 0.0125 -0.000297764 
v -0.25851 0.00999478 0.000297629 
v -0.258513 0.00999306 -0.000297454 
v -0.258529 0.00998399 -0.000541339 
v -0.258572 0.0125 -0.000889801 
v -0.258534 0.00998152 -0.000607674 
v -0.2587 0.0125 -0.00147141 
v -0.258577 0.00995768 -0.000889031 
v -0.258607 0.00994147 -0.00108036 
v -0.258891 0.0125 -0.00203576 
v -0.258724 0.00987836 -0.001555 
v -0.258745 0.0098672 -0.00161763 
v -0.258858 0.00980767 -0.00195182 
v -0.258704 0.00988958 -0.00147064 
v -0.259141 0.0125 -0.00257625 
v -0.258894 0.00978919 -0.00203442 
v -0.259058 0.00970426 -0.00241398 
v -0.259448 0.0125 -0.00308653 
v -0.259145 0.00966057 -0.00257361 
v -0.259201 0.00963294 -0.00267458 
v -0.259305 0.009581 -0.00286434 
v -0.259808 0.0125 -0.00356062 
v -0.259601 0.00943912 -0.00330196 
v -0.259658 0.00941293 -0.00337591 
v -0.259453 0.00951012 -0.00308296 
v -0.260218 0.0125 -0.00399298 
v -0.259813 0.00934367 -0.00355614 
v -0.259938 0.0092881 -0.00370074 
v -0.260021 0.00925118 -0.0037968 
v -0.260672 0.0125 -0.00437851 
v -0.260223 0.00916807 -0.00398779 
v -0.260428 0.00908349 -0.00418213 
v -0.261164 0.0125 -0.00471271 
v -0.260676 0.00899125 -0.00437272 
v -0.26088 0.00891555 -0.00452912 
v -0.26113 0.00883392 -0.00468345 
v -0.261691 0.0125 -0.00499166 
v -0.261168 0.00882145 -0.00470702 
v -0.261353 0.00876115 -0.00482103 
v -0.262244 0.0125 -0.00521209 
v -0.261693 0.00866705 -0.00498667 
v -0.261838 0.00862689 -0.00505734 
v -0.262818 0.0125 -0.00537141 
v -0.262343 0.00851445 -0.00524445 
v -0.262585 0.00847067 -0.00531486 
v -0.262245 0.00853621 -0.00520823 
v -0.263405 0.0125 -0.00546776 
v -0.262819 0.00843793 -0.00536635 
v -0.263052 0.00840533 -0.0054176 
v -0.263522 0.0083653 -0.00547922 
v -0.264 0.00835165 -0.0055 
v -0.264 0.0105 -0.0055 
v -0.263406 0.0083752 -0.00546397 
vn -0.108119 1.69379e-16 -0.994138 
vn -0.108119 1.69379e-16 -0.994138 
vn -1.22465e-16 1.83697e-16 -1 
vn -0.21497 1.57702e-16 -0.976621 
vn -0.21497 1.57702e-16 -0.976621 
vn -0.319302 1.57702e-16 -0.947653 
vn -0.319302 1.57702e-16 -0.947653 
vn -0.419889 7.88511e-17 -0.907575 
vn -0.419889 7.88511e-17 -0.907575 
vn -0.515554 7.88511e-17 -0.856857 
vn -0.515554 7.88511e-17 -0.856857 
vn -0.605174 7.88511e-17 -0.796093 
vn -0.605174 7.88511e-17 -0.796093 
vn -0.687699 7.88511e-17 -0.725995 
vn -0.687699 7.88511e-17 -0.725995 
vn -0.762162 7.88511e-17 -0.647386 
vn -0.762162 7.88511e-17 -0.647386 
vn -0.827689 0 -0.561187 
vn -0.827689 0 -0.561187 
vn -0.883512 0 -0.468408 
vn -0.883512 0 -0.468408 
vn -0.928977 0 -0.370138 
vn -0.928977 0 -0.370138 
vn -0.96355 0 -0.267528 
vn -0.96355 0 -0.267528 
vn -0.986827 -1.57702e-16 -0.161782 
vn -0.986827 -1.57702e-16 -0.161782 
vn -0.998533 -1.57702e-16 -0.0541389 
vn -0.998533 -1.57702e-16 -0.0541389 
vn -0.998533 -1.57702e-16 0.0541389 
vn -0.998533 -1.57702e-16 0.0541389 
vn -0.986827 -1.57702e-16 0.161782 
vn -0.986827 -1.57702e-16 0.161782 
vn -0.96355 -1.57702e-16 0.267528 
vn -0.96355 -1.57702e-16 0.267528 
vn -0.928977 -1.57702e-16 0.370138 
vn -0.928977 -1.57702e-16 0.370138 
vn -0.883512 -1.57702e-16 0.468408 
vn -0.883512 -1.57702e-16 0.468408 
vn -0.827689 -1.57702e-16 0.561187 
vn -0.827689 -1.57702e-16 0.561187 
vn -0.762162 -2.36553e-16 0.647386 
vn -0.762162 -2.36553e-16 0.647386 
vn -0.687699 -2.36553e-16 0.725995 
vn -0.687699 -2.36553e-16 0.725995 
vn -0.605174 -2.36553e-16 0.796093 
vn -0.605174 -2.36553e-16 0.796093 
vn -0.515554 -2.36553e-16 0.856857 
vn -0.515554 -2.36553e-16 0.856857 
vn -0.419889 -2.36553e-16 0.907575 
vn -0.419889 -2.36553e-16 0.907575 
vn -0.319302 -1.57702e-16 0.947653 
vn -0.319302 -1.57702e-16 0.947653 
vn -0.21497 -1.57702e-16 0.976621 
vn -0.21497 -1.57702e-16 0.976621 
vn -0.108119 -1.57702e-16 0.994138 
vn -0.108119 -1.57702e-16 0.994138 
vn -6.84951e-17 -1.83697e-16 1 
vn -6.84951e-17 -1.83697e-16 1 
vn 0.0825316 -1.57702e-16 0.996588 
vn 0.108119 -1.69379e-16 0.994138 
vn -9.2413e-17 -1.57702e-16 1 
vn 0.164703 -1.57702e-16 0.986343 
vn 0.214978 -1.57702e-16 0.976619 
vn 0.108108 -1.57702e-16 0.994139 
vn 0.21497 -1.53076e-16 0.976621 
vn 0.247392 -1.57702e-16 0.968916 
vn 0.319305 -1.57702e-16 0.947652 
vn 0.319302 -1.34978e-16 0.947653 
vn 0.405817 -7.88511e-17 0.913954 
vn 0.419873 -7.88511e-17 0.907583 
vn 0.321825 -1.57702e-16 0.946799 
vn 0.419889 -1.15297e-16 0.907575 
vn 0.488579 -7.88511e-17 0.872519 
vn 0.51554 -7.88511e-17 0.856866 
vn 0.515554 -9.4265e-17 0.856857 
vn 0.581945 -7.88511e-17 0.813228 
vn 0.605156 -7.88511e-17 0.796107 
vn 0.52273 -7.88511e-17 0.852499 
vn 0.569838 -7.88511e-17 0.821757 
vn 0.605174 -7.21275e-17 0.796093 
vn 0.661597 -7.88511e-17 0.749859 
vn 0.687686 -7.88511e-17 0.726008 
vn 0.687699 -4.91443e-17 0.725995 
vn 0.739496 -7.88511e-17 0.673161 
vn 0.762153 -7.88511e-17 0.647396 
vn 0.734806 -7.88511e-17 0.678277 
vn 0.762162 -2.5585e-17 0.647386 
vn 0.80111 0 0.598517 
vn 0.827686 0 0.561191 
vn 0.827689 -1.72572e-18 0.561187 
vn 0.873508 0 0.486809 
vn 0.883515 0 0.468403 
vn 0.856807 0 0.515638 
vn 0.883512 2.21538e-17 0.468408 
vn 0.903002 0 0.429636 
vn 0.928983 0 0.370122 
vn 0.928977 4.57736e-17 0.370138 
vn 0.955715 0 0.294293 
vn 0.96355 0 0.267527 
vn 0.950072 0 0.31203 
vn 0.940647 0 0.339387 
vn 0.96355 6.88567e-17 0.267528 
vn 0.974211 7.88511e-17 0.225637 
vn 0.986829 1.57702e-16 0.161766 
vn 0.998533 1.1234e-16 0.0541389 
vn 0.986827 9.11325e-17 0.161782 
vn 0.995137 1.57702e-16 0.0985051 
vn 0.990476 1.57702e-16 0.137687 
vn 0.998854 1.57702e-16 0.0478691 
vn 0.999696 1.57702e-16 -0.0246375 
vn 0.998533 1.3223e-16 -0.0541389 
vn 0.998534 1.57702e-16 0.0541287 
vn 0.998534 1.57702e-16 -0.0541276 
vn 0.99514 1.57702e-16 -0.0984693 
vn 0.986827 1.5057e-16 -0.161782 
vn 0.993878 1.57702e-16 -0.110486 
vn 0.96355 1.67145e-16 -0.267528 
vn 0.986825 1.57702e-16 -0.161789 
vn 0.980518 1.57702e-16 -0.19643 
vn 0.928977 1.8176e-16 -0.370138 
vn 0.959201 1.57702e-16 -0.282727 
vn 0.955735 1.57702e-16 -0.294228 
vn 0.934913 1.57702e-16 -0.354876 
vn 0.963546 1.57702e-16 -0.267544 
vn 0.883512 1.94244e-16 -0.468408 
vn 0.928983 1.57702e-16 -0.370122 
vn 0.898533 1.57702e-16 -0.438905 
vn 0.827689 2.04451e-16 -0.561187 
vn 0.883518 1.57702e-16 -0.468397 
vn 0.873511 1.57702e-16 -0.486805 
vn 0.853685 1.57702e-16 -0.520789 
vn 0.762162 2.12261e-16 -0.647386 
vn 0.799732 1.57702e-16 -0.600357 
vn 0.789461 1.57702e-16 -0.613801 
vn 0.827689 1.57702e-16 -0.561187 
vn 0.687699 2.17582e-16 -0.725995 
vn 0.762168 2.36553e-16 -0.64738 
vn 0.739217 2.36553e-16 -0.673467 
vn 0.723498 2.36553e-16 -0.690327 
vn 0.605174 2.20352e-16 -0.796093 
vn 0.6877 2.36553e-16 -0.725995 
vn 0.649471 2.36553e-16 -0.760387 
vn 0.515554 2.20539e-16 -0.856857 
vn 0.605169 2.36553e-16 -0.796097 
vn 0.56735 2.36553e-16 -0.823477 
vn 0.522528 2.36553e-16 -0.852622 
vn 0.419889 2.1814e-16 -0.907575 
vn 0.515543 2.36553e-16 -0.856864 
vn 0.481311 2.36553e-16 -0.87655 
vn 0.319302 2.13184e-16 -0.947653 
vn 0.419871 2.36553e-16 -0.907584 
vn 0.393052 2.36553e-16 -0.919516 
vn 0.21497 2.05729e-16 -0.976621 
vn 0.30128 1.57702e-16 -0.953536 
vn 0.257275 1.57702e-16 -0.966338 
vn 0.319281 1.57702e-16 -0.94766 
vn 0.108119 1.95861e-16 -0.994138 
vn 0.21497 1.57702e-16 -0.976621 
vn 0.172447 1.57702e-16 -0.985019 
vn 0.0868498 1.57702e-16 -0.996221 
vn -1.22465e-16 1.83697e-16 -1 
vn -1.22465e-16 1.83697e-16 -1 
vn 0.108104 1.57702e-16 -0.99414 
f 292//292 293//293 294//294 
f 295//295 296//296 293//293 
f 297//297 298//298 296//296 
f 299//299 300//300 298//298 
f 301//301 302//302 300//300 
f 303//303 304//304 302//302 
f 305//305 306//306 304//304 
f 307//307 308//308 306//306 
f 309//309 310//310 308//308 
f 311//311 312//312 310//310 
f 313//313 314//314 312//312 
f 315//315 316//316 314//314 
f 317//317 318//318 316//316 
f 319//319 320//320 318//318 
f 321//321 322//322 320//320 
f 323//323 324//324 322//322 
f 325//325 326//326 324//324 
f 327//327 328//328 326//326 
f 329//329 330//330 328//328 
f 331//331 332//332 330//330 
f 333//333 334//334 332//332 
f 335//335 336//336 334//334 
f 337//337 338//338 336//336 
f 339//339 340//340 338//338 
f 341//341 342//342 340//340 
f 343//343 344//344 342//342 
f 345//345 346//346 344//344 
f 347//347 348//348 346//346 
f 349//349 350//350 348//348 
f 351//351 352//352 349//349 
f 349//349 353//353 351//351 
f 352//352 350//350 349//349 
f 352//352 354//354 355//355 
f 352//352 356//356 354//354 
f 357//357 358//358 359//359 
f 357//357 355//355 358//358 
f 360//360 361//361 362//362 
f 360//360 359//359 363//363 
f 363//363 361//361 360//360 
f 364//364 365//365 366//366 
f 364//364 362//362 365//365 
f 367//367 368//368 369//369 
f 367//367 370//370 371//371 
f 371//371 368//368 367//367 
f 367//367 366//366 370//370 
f 372//372 373//373 374//374 
f 372//372 369//369 373//373 
f 375//375 376//376 377//377 
f 375//375 378//378 376//376 
f 375//375 374//374 378//378 
f 379//379 380//380 381//381 
f 379//379 377//377 380//380 
f 382//382 383//383 384//384 
f 382//382 385//385 383//383 
f 382//382 381//381 385//385 
f 386//386 387//387 388//388 
f 386//386 384//384 387//387 
f 389//389 390//390 391//391 
f 389//389 392//392 390//390 
f 389//389 388//388 393//393 
f 393//393 392//392 389//389 
f 394//394 395//395 396//396 
f 394//394 391//391 395//395 
f 397//397 398//398 399//399 
f 398//398 400//400 399//399 
f 398//398 396//396 400//400 
f 397//397 401//401 402//402 
f 402//402 403//403 397//397 
f 397//397 404//404 401//401 
f 403//403 405//405 406//406 
f 406//406 407//407 403//403 
f 406//406 408//408 407//407 
f 409//409 407//407 410//410 
f 410//410 411//411 409//409 
f 412//412 413//413 414//414 
f 414//414 415//415 412//412 
f 412//412 409//409 416//416 
f 416//416 413//413 412//412 
f 417//417 412//412 418//418 
f 418//418 419//419 417//417 
f 420//420 417//417 421//421 
f 421//421 422//422 420//420 
f 422//422 423//423 420//420 
f 424//424 425//425 426//426 
f 424//424 420//420 427//427 
f 427//427 425//425 424//424 
f 428//428 424//424 429//429 
f 429//429 430//430 428//428 
f 430//430 431//431 428//428 
f 432//432 428//428 433//433 
f 433//433 434//434 432//432 
f 435//435 432//432 436//436 
f 436//436 437//437 435//435 
f 437//437 438//438 435//435 
f 439//439 435//435 440//440 
f 440//440 441//441 439//439 
f 442//442 439//439 443//443 
f 443//443 444//444 442//442 
f 445//445 446//446 447//447 
f 445//445 442//442 448//448 
f 448//448 446//446 445//445 
f 449//449 445//445 450//450 
f 450//450 451//451 449//449 
f 452//452 453//453 454//454 
f 449//449 455//455 452//452 
f 454//454 449//449 452//452 
f 454//454 294//294 449//449 
f 451//451 455//455 449//449 
f 447//447 450//450 445//445 
f 444//444 448//448 442//442 
f 441//441 443//443 439//439 
f 438//438 440//440 435//435 
f 434//434 436//436 432//432 
f 431//431 433//433 428//428 
f 426//426 429//429 424//424 
f 423//423 427//427 420//420 
f 419//419 421//421 417//417 
f 415//415 418//418 412//412 
f 411//411 416//416 409//409 
f 408//408 410//410 407//407 
f 402//402 405//405 403//403 
f 399//399 404//404 397//397 
f 396//396 398//398 394//394 
f 391//391 394//394 389//389 
f 388//388 389//389 386//386 
f 384//384 386//386 382//382 
f 381//381 382//382 379//379 
f 377//377 379//379 375//375 
f 374//374 375//375 372//372 
f 369//369 372//372 367//367 
f 366//366 367//367 364//364 
f 362//362 364//364 360//360 
f 359//359 360//360 357//357 
f 355//355 357//357 352//352 
f 351//351 356//356 352//352 
f 348//348 347//347 349//349 
f 346//346 345//345 347//347 
f 344//344 343//343 345//345 
f 342//342 341//341 343//343 
f 340//340 339//339 341//341 
f 338//338 337//337 339//339 
f 336//336 335//335 337//337 
f 334//334 333//333 335//335 
f 332//332 331//331 333//333 
f 330//330 329//329 331//331 
f 328//328 327//327 329//329 
f 326//326 325//325 327//327 
f 324//324 323//323 325//325 
f 322//322 321//321 323//323 
f 320//320 319//319 321//321 
f 318//318 317//317 319//319 
f 316//316 315//315 317//317 
f 314//314 313//313 315//315 
f 312//312 311//311 313//313 
f 310//310 309//309 311//311 
f 308//308 307//307 309//309 
f 306//306 305//305 307//307 
f 304//304 303//303 305//305 
f 302//302 301//301 303//303 
f 300//300 299//299 301//301 
f 298//298 297//297 299//299 
f 296//296 295//295 297//297 
f 293//293 292//292 295//295 
f 294//294 454//454 292//292 
v -0.266309 0.0105 -0.00499166 
v -0.265182 0.0105 -0.00537141 
v -0.264595 0.0105 -0.00546776 
v -0.264 0.0105 -0.0055 
v -0.264595 0.0105 0.00546776 
v -0.265182 0.0105 0.00537141 
v -0.265756 0.0105 -0.00521209 
v -0.267328 0.0105 -0.00437851 
v -0.266836 0.0105 -0.00471271 
v -0.268192 0.0105 -0.00356062 
v -0.267782 0.0105 -0.00399298 
v -0.268859 0.0105 -0.00257625 
v -0.268552 0.0105 -0.00308653 
v -0.265756 0.0105 0.00521209 
v -0.269428 0.0105 -0.000889801 
v -0.2693 0.0105 -0.00147141 
v -0.268192 0.0105 0.00356062 
v -0.268552 0.0105 0.00308653 
v -0.267328 0.0105 0.00437851 
v -0.267782 0.0105 0.00399298 
v -0.266309 0.0105 0.00499166 
v -0.266836 0.0105 0.00471271 
v -0.264 0.0105 0.0055 
v -0.269109 0.0105 -0.00203576 
v -0.269492 0.0105 0.000297764 
v -0.269492 0.0105 -0.000297764 
v -0.269109 0.0105 0.00203576 
v -0.2693 0.0105 0.00147141 
v -0.269428 0.0105 0.000889801 
v -0.268859 0.0105 0.00257625 
vn 1.22465e-16 -1 -1.83697e-16 
vn 1.22465e-16 -1 -1.83697e-16 
vn 1.22465e-16 -1 -1.83697e-16 
vn 1.22465e-16 -1 -1.83697e-16 
vn 1.22465e-16 -1 -1.83697e-16 
vn 1.22465e-16 -1 -1.83697e-16 
vn 1.22465e-16 -1 -1.83697e-16 
vn 1.22465e-16 -1 -1.83697e-16 
vn 1.22465e-16 -1 -1.83697e-16 
vn 1.22465e-16 -1 -1.83697e-16 
vn 1.22465e-16 -1 -1.83697e-16 
vn 1.22465e-16 -1 -1.83697e-16 
vn 1.22465e-16 -1 -1.83697e-16 
vn 1.22465e-16 -1 -1.83697e-16 
vn 1.22465e-16 -1 -1.83697e-16 
vn 1.22465e-16 -1 -1.83697e-16 
vn 1.22465e-16 -1 -1.83697e-16 
vn 1.22465e-16 -1 -1.83697e-16 
vn 1.22465e-16 -1 -1.83697e-16 
vn 1.22465e-16 -1 -1.83697e-16 
vn 1.22465e-16 -1 -1.83697e-16 
vn 1.22465e-16 -1 -1.83697e-16 
vn 1.22465e-16 -1 -1.83697e-16 
vn 1.22465e-16 -1 -1.83697e-16 
vn 1.22465e-16 -1 -1.83697e-16 
vn 1.22465e-16 -1 -1.83697e-16 
vn 1.22465e-16 -1 -1.83697e-16 
vn 1.22465e-16 -1 -1.83697e-16 
vn 1.22465e-16 -1 -1.83697e-16 
vn 1.22465e-16 -1 -1.83697e-16 
f 456//456 457//457 458//458 
f 459//459 460//460 461//461 
f 456//456 462//462 457//457 
f 459//459 463//463 464//464 
f 459//459 465//465 466//466 
f 459//459 467//467 468//468 
f 461//461 469//469 459//459 
f 464//464 456//456 459//459 
f 468//468 465//465 459//459 
f 459//459 470//470 471//471 
f 459//459 472//472 473//473 
f 459//459 474//474 475//475 
f 459//459 476//476 477//477 
f 459//459 478//478 460//460 
f 466//466 463//463 459//459 
f 471//471 479//479 459//459 
f 459//459 480//480 481//481 
f 459//459 482//482 483//483 
f 475//475 472//472 459//459 
f 469//469 476//476 459//459 
f 479//479 467//467 459//459 
f 459//459 484//484 480//480 
f 459//459 485//485 482//482 
f 477//477 474//474 459//459 
f 481//481 470//470 459//459 
f 473//473 485//485 459//459 
f 483//483 484//484 459//459 
f 458//458 459//459 456//456 
v -0.264 -3.23307e-17 0.01 
v -0.264 0.00419889 -0.00907575 
v -0.264 0.00319302 -0.00947653 
v -0.264 0.00762162 -0.00647386 
v -0.264 0.00687699 -0.00725995 
v -0.264 0.0021497 -0.00976621 
v -0.264 0.00827689 -0.00561187 
v -0.264 0.00515554 -0.00856857 
v -0.264 0.00605174 -0.00796093 
v -0.264 -0.00835165 -0.0055 
v -0.264 -0.00419889 0.00907575 
v -0.264 -0.00319302 0.00947653 
v -0.264 -0.00108119 -0.00994138 
v -0.264 -0.0021497 -0.00976621 
v -0.264 0.00108119 -0.00994138 
v -0.264 -3.1106e-17 -0.01 
v -0.264 -0.00515554 0.00856857 
v -0.264 -0.00687699 0.00725995 
v -0.264 -0.00605174 0.00796093 
v -0.264 -0.00319302 -0.00947653 
v -0.264 -0.0021497 0.00976621 
v -0.264 -0.00762162 0.00647386 
v -0.264 -0.00605174 -0.00796093 
v -0.264 -0.00687699 -0.00725995 
v -0.264 -0.00419889 -0.00907575 
v -0.264 -0.00515554 -0.00856857 
v -0.264 0.00835165 -0.0055 
v -0.264 0.00605174 0.00796093 
v -0.264 0.00687699 0.00725995 
v -0.264 0.0021497 0.00976621 
v -0.264 0.00319302 0.00947653 
v -0.264 -0.00108119 0.00994138 
v -0.264 -0.00827689 0.00561187 
v -0.264 -0.00762162 -0.00647386 
v -0.264 0.00762162 0.00647386 
v -0.264 0.00419889 0.00907575 
v -0.264 0.00515554 0.00856857 
v -0.264 0.00108119 0.00994138 
v -0.264 -0.00835165 0.0055 
v -0.264 -0.0105 -0.0055 
v -0.264 -0.0105 0.0055 
v -0.264 -0.00827689 -0.00561187 
v -0.264 0.0105 -0.0055 
v -0.264 0.00835165 0.0055 
v -0.264 0.00827689 0.00561187 
v -0.264 0.0105 0.0055 
vn -1 -1.22465e-16 0 
vn -1 -1.22465e-16 0 
vn -1 -1.22465e-16 0 
vn -1 -1.22465e-16 0 
vn -1 -1.22465e-16 0 
vn -1 -1.22465e-16 0 
vn -1 -1.22465e-16 0 
vn -1 -1.22465e-16 0 
vn -1 -1.22465e-16 0 
vn -1 -1.22465e-16 0 
vn -1 -1.22465e-16 0 
vn -1 -1.22465e-16 0 
vn -1 -1.22465e-16 0 
vn -1 -1.22465e-16 0 
vn -1 -1.22465e-16 0 
vn -1 -1.22465e-16 0 
vn -1 -1.22465e-16 0 
vn -1 -1.22465e-16 0 
vn -1 -1.22465e-16 0 
vn -1 -1.22465e-16 0 
vn -1 -1.22465e-16 0 
vn -1 -1.22465e-16 0 
vn -1 -1.22465e-16 0 
vn -1 -1.22465e-16 0 
vn -1 -1.22465e-16 0 
vn -1 -1.22465e-16 0 
vn -1 -1.22465e-16 0 
vn -1 -1.22465e-16 0 
vn -1 -1.22465e-16 0 
vn -1 -1.22465e-16 0 
vn -1 -1.22465e-16 0 
vn -1 -1.22465e-16 0 
vn -1 -1.22465e-16 0 
vn -1 -1.22465e-16 0 
vn -1 -1.22465e-16 0 
vn -1 -1.22465e-16 0 
vn -1 -1.22465e-16 0 
vn -1 -1.22465e-16 0 
vn -1 -1.22465e-16 0 
vn -1 -1.22465e-16 0 
vn -1 -1.22465e-16 0 
vn -1 -1.22465e-16 0 
vn -1 -1.22465e-16 0 
vn -1 -1.22465e-16 0 
vn -1 -1.22465e-16 0 
vn -1 -1.22465e-16 0 
f 486//486 487//487 488//488 
f 486//486 489//489 490//490 
f 488//488 491//491 486//486 
f 486//486 492//492 489//489 
f 486//486 493//493 487//487 
f 490//490 494//494 486//486 
f 495//495 496//496 497//497 
f 486//486 498//498 499//499 
f 486//486 500//500 501//501 
f 494//494 493//493 486//486 
f 495//495 502//502 496//496 
f 495//495 503//503 504//504 
f 499//499 505//505 486//486 
f 491//491 500//500 486//486 
f 497//497 506//506 495//495 
f 495//495 507//507 503//503 
f 486//486 508//508 509//509 
f 486//486 510//510 511//511 
f 501//501 498//498 486//486 
f 512//512 513//513 514//514 
f 512//512 515//515 516//516 
f 506//506 517//517 495//495 
f 495//495 518//518 507//507 
f 509//509 519//519 486//486 
f 505//505 510//510 486//486 
f 514//514 520//520 512//512 
f 512//512 521//521 522//522 
f 512//512 523//523 515//515 
f 504//504 502//502 495//495 
f 511//511 508//508 486//486 
f 522//522 513//513 512//512 
f 512//512 486//486 523//523 
f 495//495 524//524 518//518 
f 495//495 525//525 526//526 
f 486//486 512//512 492//492 
f 516//516 521//521 512//512 
f 526//526 524//524 495//495 
f 519//519 527//527 486//486 
f 528//528 512//512 529//529 
f 520//520 530//530 512//512 
f 527//527 495//495 486//486 
f 530//530 529//529 512//512 
f 529//529 531//531 528//528 
f 517//517 486//486 495//495 
v -0.266309 -0.0105 0.00499166 
v -0.265756 -0.0105 0.00521209 
v -0.265182 -0.0105 0.00537141 
v -0.264 -0.0105 0.0055 
v -0.264 -0.0105 -0.0055 
v -0.264595 -0.0105 -0.00546776 
v -0.264595 -0.0105 0.00546776 
v -0.267328 -0.0105 0.00437851 
v -0.266836 -0.0105 0.00471271 
v -0.268192 -0.0105 0.00356062 
v -0.267782 -0.0105 0.00399298 
v -0.268859 -0.0105 0.00257625 
v -0.268552 -0.0105 0.00308653 
v -0.265182 -0.0105 -0.00537141 
v -0.269428 -0.0105 0.000889801 
v -0.2693 -0.0105 0.00147141 
v -0.268192 -0.0105 -0.00356062 
v -0.268552 -0.0105 -0.00308653 
v -0.267328 -0.0105 -0.00437851 
v -0.267782 -0.0105 -0.00399298 
v -0.266309 -0.0105 -0.00499166 
v -0.266836 -0.0105 -0.00471271 
v -0.265756 -0.0105 -0.00521209 
v -0.269109 -0.0105 0.00203576 
v -0.269492 -0.0105 -0.000297764 
v -0.269492 -0.0105 0.000297764 
v -0.269109 -0.0105 -0.00203576 
v -0.2693 -0.0105 -0.00147141 
v -0.269428 -0.0105 -0.000889801 
v -0.268859 -0.0105 -0.00257625 
vn -1.22465e-16 1 6.12323e-17 
vn -1.22465e-16 1 6.12323e-17 
vn -1.22465e-16 1 6.12323e-17 
vn -1.22465e-16 1 6.12323e-17 
vn -1.22465e-16 1 6.12323e-17 
vn -1.22465e-16 1 6.12323e-17 
vn -1.22465e-16 1 6.12323e-17 
vn -1.22465e-16 1 6.12323e-17 
vn -1.22465e-16 1 6.12323e-17 
vn -1.22465e-16 1 6.12323e-17 
vn -1.22465e-16 1 6.12323e-17 
vn -1.22465e-16 1 6.12323e-17 
vn -1.22465e-16 1 6.12323e-17 
vn -1.22465e-16 1 6.12323e-17 
vn -1.22465e-16 1 6.12323e-17 
vn -1.22465e-16 1 6.12323e-17 
vn -1.22465e-16 1 6.12323e-17 
vn -1.22465e-16 1 6.12323e-17 
vn -1.22465e-16 1 6.12323e-17 
vn -1.22465e-16 1 6.12323e-17 
vn -1.22465e-16 1 6.12323e-17 
vn -1.22465e-16 1 6.12323e-17 
vn -1.22465e-16 1 6.12323e-17 
vn -1.22465e-16 1 6.12323e-17 
vn -1.22465e-16 1 6.12323e-17 
vn -1.22465e-16 1 6.12323e-17 
vn -1.22465e-16 1 6.12323e-17 
vn -1.22465e-16 1 6.12323e-17 
vn -1.22465e-16 1 6.12323e-17 
vn -1.22465e-16 1 6.12323e-17 
f 532//532 533//533 534//534 
f 535//535 536//536 537//537 
f 534//534 538//538 532//532 
f 535//535 539//539 540//540 
f 535//535 541//541 542//542 
f 535//535 543//543 544//544 
f 537//537 545//545 535//535 
f 540//540 532//532 535//535 
f 544//544 541//541 535//535 
f 535//535 546//546 547//547 
f 535//535 548//548 549//549 
f 535//535 550//550 551//551 
f 535//535 552//552 553//553 
f 545//545 554//554 535//535 
f 542//542 539//539 535//535 
f 547//547 555//555 535//535 
f 535//535 556//556 557//557 
f 535//535 558//558 559//559 
f 551//551 548//548 535//535 
f 554//554 552//552 535//535 
f 555//555 543//543 535//535 
f 535//535 560//560 556//556 
f 535//535 561//561 558//558 
f 553//553 550//550 535//535 
f 557//557 546//546 535//535 
f 549//549 561//561 535//535 
f 559//559 560//560 535//535 
f 538//538 535//535 532//532 
v -0.264595 -0.0105 0.00546776 
v -0.264595 -0.0125 0.00546776 
v -0.264 -0.0125 0.0055 
v -0.265182 -0.0105 0.00537141 
v -0.265182 -0.0125 0.00537141 
v -0.265756 -0.0105 0.00521209 
v -0.265756 -0.0125 0.00521209 
v -0.266309 -0.0105 0.00499166 
v -0.266309 -0.0125 0.00499166 
v -0.266836 -0.0105 0.00471271 
v -0.266836 -0.0125 0.00471271 
v -0.267328 -0.0105 0.00437851 
v -0.267328 -0.0125 0.00437851 
v -0.267782 -0.0105 0.00399298 
v -0.267782 -0.0125 0.00399298 
v -0.268192 -0.0105 0.00356062 
v -0.268192 -0.0125 0.00356062 
v -0.268552 -0.0105 0.00308653 
v -0.268552 -0.0125 0.00308653 
v -0.268859 -0.0105 0.00257625 
v -0.268859 -0.0125 0.00257625 
v -0.269109 -0.0105 0.00203576 
v -0.269109 -0.0125 0.00203576 
v -0.2693 -0.0105 0.00147141 
v -0.2693 -0.0125 0.00147141 
v -0.269428 -0.0105 0.000889801 
v -0.269428 -0.0125 0.000889801 
v -0.269492 -0.0105 0.000297764 
v -0.269492 -0.0125 0.000297764 
v -0.269492 -0.0105 -0.000297764 
v -0.269492 -0.0125 -0.000297764 
v -0.269428 -0.0105 -0.000889801 
v -0.269428 -0.0125 -0.000889801 
v -0.2693 -0.0105 -0.00147141 
v -0.2693 -0.0125 -0.00147141 
v -0.269109 -0.0105 -0.00203576 
v -0.269109 -0.0125 -0.00203576 
v -0.268859 -0.0105 -0.00257625 
v -0.268859 -0.0125 -0.00257625 
v -0.268552 -0.0105 -0.00308653 
v -0.268552 -0.0125 -0.00308653 
v -0.268192 -0.0105 -0.00356062 
v -0.268192 -0.0125 -0.00356062 
v -0.267782 -0.0105 -0.00399298 
v -0.267782 -0.0125 -0.00399298 
v -0.267328 -0.0105 -0.00437851 
v -0.267328 -0.0125 -0.00437851 
v -0.266836 -0.0105 -0.00471271 
v -0.266836 -0.0125 -0.00471271 
v -0.266309 -0.0105 -0.00499166 
v -0.266309 -0.0125 -0.00499166 
v -0.265756 -0.0105 -0.00521209 
v -0.265756 -0.0125 -0.00521209 
v -0.265182 -0.0105 -0.00537141 
v -0.265182 -0.0125 -0.00537141 
v -0.264595 -0.0105 -0.00546776 
v -0.264595 -0.0125 -0.00546776 
v -0.264 -0.0105 -0.0055 
v -0.264 -0.0125 -0.0055 
v -0.263546 -0.00836397 -0.00548124 
v -0.263405 -0.0125 -0.00546776 
v -0.264 -0.00835165 -0.0055 
v -0.263094 -0.00840063 -0.00542489 
v -0.262819 -0.00843766 -0.00536682 
v -0.263406 -0.00837535 -0.00546375 
v -0.262818 -0.0125 -0.00537141 
v -0.262639 -0.00846176 -0.00532904 
v -0.262244 -0.00853457 -0.00521157 
v -0.262244 -0.0125 -0.00521209 
v -0.261768 -0.00864476 -0.00502675 
v -0.261692 -0.0086662 -0.00498873 
v -0.26223 -0.00853716 -0.0052074 
v -0.261691 -0.0125 -0.00499166 
v -0.261313 -0.00877331 -0.00479886 
v -0.261167 -0.00882116 -0.00470801 
v -0.261164 -0.0125 -0.00471271 
v -0.260799 -0.00894396 -0.00447276 
v -0.260675 -0.008991 -0.00437398 
v -0.261128 -0.00883405 -0.00468352 
v -0.260866 -0.00892035 -0.00451966 
v -0.260672 -0.0125 -0.00437851 
v -0.260361 -0.00910993 -0.00412423 
v -0.260222 -0.00916799 -0.00398831 
v -0.260218 -0.0125 -0.00399298 
v -0.259934 -0.00928913 -0.00370114 
v -0.259814 -0.00934353 -0.00355609 
v -0.259959 -0.0092781 -0.00373052 
v -0.259808 -0.0125 -0.00356062 
v -0.259594 -0.00944266 -0.00329184 
v -0.259453 -0.00950999 -0.00308273 
v -0.259448 -0.0125 -0.00308653 
v -0.259201 -0.0096329 -0.00267458 
v -0.259146 -0.0096602 -0.00257318 
v -0.259288 -0.00958942 -0.00283601 
v -0.259141 -0.0125 -0.00257625 
v -0.259033 -0.0097168 -0.002363 
v -0.258896 -0.00978812 -0.0020335 
v -0.258891 -0.0125 -0.00203576 
v -0.258747 -0.00986639 -0.00161754 
v -0.258706 -0.00988846 -0.00146992 
v -0.258775 -0.00985164 -0.00171617 
v -0.258826 -0.00982424 -0.00186663 
v -0.2587 -0.0125 -0.00147141 
v -0.258642 -0.0099227 -0.00124101 
v -0.258577 -0.00995805 -0.000889008 
v -0.258508 -0.0125 -0.000297764 
v -0.258572 -0.0125 -0.000889801 
v -0.258532 -0.00998233 -0.000541235 
v -0.258552 -0.00997129 -0.00075728 
v -0.258506 -0.00999653 -0.00026328 
v -0.258502 -0.00999908 0.000135506 
v -0.258508 -0.0125 0.000297764 
v -0.25851 -0.00999478 -0.000297629 
v -0.258513 -0.00999306 0.000297454 
v -0.258529 -0.00998399 0.000541339 
v -0.258572 -0.0125 0.000889801 
v -0.258534 -0.00998152 0.000607674 
v -0.2587 -0.0125 0.00147141 
v -0.258577 -0.00995768 0.000889031 
v -0.258607 -0.00994147 0.00108036 
v -0.258891 -0.0125 0.00203576 
v -0.258724 -0.00987836 0.001555 
v -0.258745 -0.0098672 0.00161763 
v -0.258858 -0.00980767 0.00195182 
v -0.258704 -0.00988958 0.00147064 
v -0.259141 -0.0125 0.00257625 
v -0.258894 -0.00978919 0.00203442 
v -0.259058 -0.00970426 0.00241398 
v -0.259448 -0.0125 0.00308653 
v -0.259145 -0.00966057 0.00257361 
v -0.259201 -0.00963294 0.00267458 
v -0.259305 -0.009581 0.00286434 
v -0.259808 -0.0125 0.00356062 
v -0.259601 -0.00943912 0.00330196 
v -0.259658 -0.00941293 0.00337591 
v -0.259453 -0.00951012 0.00308296 
v -0.260218 -0.0125 0.00399298 
v -0.259813 -0.00934367 0.00355614 
v -0.259938 -0.0092881 0.00370074 
v -0.260021 -0.00925118 0.0037968 
v -0.260672 -0.0125 0.00437851 
v -0.260223 -0.00916807 0.00398779 
v -0.260428 -0.00908349 0.00418213 
v -0.261164 -0.0125 0.00471271 
v -0.260676 -0.00899125 0.00437272 
v -0.26088 -0.00891555 0.00452912 
v -0.26113 -0.00883392 0.00468345 
v -0.261691 -0.0125 0.00499166 
v -0.261168 -0.00882145 0.00470702 
v -0.261353 -0.00876115 0.00482103 
v -0.262244 -0.0125 0.00521209 
v -0.261693 -0.00866705 0.00498667 
v -0.261838 -0.00862689 0.00505734 
v -0.262818 -0.0125 0.00537141 
v -0.262343 -0.00851445 0.00524445 
v -0.262585 -0.00847067 0.00531486 
v -0.262245 -0.00853621 0.00520823 
v -0.263405 -0.0125 0.00546776 
v -0.262819 -0.00843793 0.00536635 
v -0.263052 -0.00840533 0.0054176 
v -0.263522 -0.0083653 0.00547922 
v -0.264 -0.00835165 0.0055 
v -0.264 -0.0105 0.0055 
v -0.263406 -0.0083752 0.00546397 
vn -0.108119 -7.41142e-17 0.994138 
vn -0.108119 -7.41142e-17 0.994138 
vn -1.22465e-16 -6.12323e-17 1 
vn -0.21497 -7.88511e-17 0.976621 
vn -0.21497 -7.88511e-17 0.976621 
vn -0.319302 -7.88511e-17 0.947653 
vn -0.319302 -7.88511e-17 0.947653 
vn -0.419889 -1.57702e-16 0.907575 
vn -0.419889 -1.57702e-16 0.907575 
vn -0.515554 -1.57702e-16 0.856857 
vn -0.515554 -1.57702e-16 0.856857 
vn -0.605174 -1.57702e-16 0.796093 
vn -0.605174 -1.57702e-16 0.796093 
vn -0.687699 -1.57702e-16 0.725995 
vn -0.687699 -1.57702e-16 0.725995 
vn -0.762162 -1.57702e-16 0.647386 
vn -0.762162 -1.57702e-16 0.647386 
vn -0.827689 -7.88511e-17 0.561187 
vn -0.827689 -7.88511e-17 0.561187 
vn -0.883512 -7.88511e-17 0.468408 
vn -0.883512 -7.88511e-17 0.468408 
vn -0.928977 -7.88511e-17 0.370138 
vn -0.928977 -7.88511e-17 0.370138 
vn -0.96355 -7.88511e-17 0.267528 
vn -0.96355 -7.88511e-17 0.267528 
vn -0.986827 -1.57702e-16 0.161782 
vn -0.986827 -1.57702e-16 0.161782 
vn -0.998533 -1.57702e-16 0.0541389 
vn -0.998533 -1.57702e-16 0.0541389 
vn -0.998533 -1.57702e-16 -0.0541389 
vn -0.998533 -1.57702e-16 -0.0541389 
vn -0.986827 -1.57702e-16 -0.161782 
vn -0.986827 -1.57702e-16 -0.161782 
vn -0.96355 -7.88511e-17 -0.267528 
vn -0.96355 -7.88511e-17 -0.267528 
vn -0.928977 -7.88511e-17 -0.370138 
vn -0.928977 -7.88511e-17 -0.370138 
vn -0.883512 -7.88511e-17 -0.468408 
vn -0.883512 -7.88511e-17 -0.468408 
vn -0.827689 -7.88511e-17 -0.561187 
vn -0.827689 -7.88511e-17 -0.561187 
vn -0.762162 0 -0.647386 
vn -0.762162 0 -0.647386 
vn -0.687699 0 -0.725995 
vn -0.687699 0 -0.725995 
vn -0.605174 0 -0.796093 
vn -0.605174 0 -0.796093 
vn -0.515554 0 -0.856857 
vn -0.515554 0 -0.856857 
vn -0.419889 0 -0.907575 
vn -0.419889 0 -0.907575 
vn -0.319302 7.88511e-17 -0.947653 
vn -0.319302 7.88511e-17 -0.947653 
vn -0.21497 7.88511e-17 -0.976621 
vn -0.21497 7.88511e-17 -0.976621 
vn -0.108119 7.88511e-17 -0.994138 
vn -0.108119 7.88511e-17 -0.994138 
vn -7.4988e-33 6.12323e-17 -1 
vn -7.4988e-33 6.12323e-17 -1 
vn 0.0825316 0 -0.996588 
vn 0.108119 7.41142e-17 -0.994138 
vn 9.2413e-17 0 -1 
vn 0.164703 0 -0.986343 
vn 0.214978 0 -0.976619 
vn 0.108108 0 -0.994139 
vn 0.21497 8.6127e-17 -0.976621 
vn 0.247392 0 -0.968916 
vn 0.319305 0 -0.947652 
vn 0.319302 9.71302e-17 -0.947653 
vn 0.405817 1.57702e-16 -0.913954 
vn 0.419873 1.57702e-16 -0.907583 
vn 0.321825 0 -0.946799 
vn 0.419889 1.06995e-16 -0.907575 
vn 0.488579 1.57702e-16 -0.872519 
vn 0.51554 1.57702e-16 -0.856866 
vn 0.515554 1.15605e-16 -0.856857 
vn 0.581945 1.57702e-16 -0.813228 
vn 0.605156 1.57702e-16 -0.796107 
vn 0.52273 1.57702e-16 -0.852499 
vn 0.569838 1.57702e-16 -0.821757 
vn 0.605174 1.22859e-16 -0.796093 
vn 0.661597 1.57702e-16 -0.749859 
vn 0.687686 1.57702e-16 -0.726008 
vn 0.687699 1.28673e-16 -0.725995 
vn 0.739496 1.57702e-16 -0.673161 
vn 0.762153 1.57702e-16 -0.647396 
vn 0.734806 1.57702e-16 -0.678277 
vn 0.762162 1.32979e-16 -0.647386 
vn 0.80111 7.88511e-17 -0.598517 
vn 0.827686 7.88511e-17 -0.561191 
vn 0.827689 1.35725e-16 -0.561187 
vn 0.873508 7.88511e-17 -0.486809 
vn 0.883515 7.88511e-17 -0.468403 
vn 0.856807 7.88511e-17 -0.515638 
vn 0.883512 1.36881e-16 -0.468408 
vn 0.903002 7.88511e-17 -0.429636 
vn 0.928983 7.88511e-17 -0.370122 
vn 0.928977 1.36431e-16 -0.370138 
vn 0.955715 7.88511e-17 -0.294293 
vn 0.96355 7.88511e-17 -0.267527 
vn 0.950072 7.88511e-17 -0.31203 
vn 0.940647 7.88511e-17 -0.339387 
vn 0.96355 1.34382e-16 -0.267528 
vn 0.974211 1.57702e-16 -0.225637 
vn 0.986829 1.57702e-16 -0.161766 
vn 0.998533 1.256e-16 -0.0541389 
vn 0.986827 1.30758e-16 -0.161782 
vn 0.995137 1.57702e-16 -0.0985051 
vn 0.990476 1.57702e-16 -0.137687 
vn 0.998854 1.57702e-16 -0.0478691 
vn 0.999696 1.57702e-16 0.0246375 
vn 0.998533 1.1897e-16 0.0541389 
vn 0.998534 1.57702e-16 -0.0541287 
vn 0.998534 1.57702e-16 0.0541276 
vn 0.99514 1.57702e-16 0.0984693 
vn 0.986827 1.10945e-16 0.161782 
vn 0.993878 1.57702e-16 0.110486 
vn 0.96355 1.01619e-16 0.267528 
vn 0.986825 1.57702e-16 0.161789 
vn 0.980518 1.57702e-16 0.19643 
vn 0.928977 9.11024e-17 0.370138 
vn 0.959201 7.88511e-17 0.282727 
vn 0.955735 7.88511e-17 0.294228 
vn 0.934913 7.88511e-17 0.354876 
vn 0.963546 7.88511e-17 0.267544 
vn 0.883512 7.95173e-17 0.468408 
vn 0.928983 7.88511e-17 0.370122 
vn 0.898533 7.88511e-17 0.438905 
vn 0.827689 6.69999e-17 0.561187 
vn 0.883518 7.88511e-17 0.468397 
vn 0.873511 7.88511e-17 0.486805 
vn 0.853685 7.88511e-17 0.520789 
vn 0.762162 5.3697e-17 0.647386 
vn 0.799732 7.88511e-17 0.600357 
vn 0.789461 7.88511e-17 0.613801 
vn 0.827689 7.88511e-17 0.561187 
vn 0.687699 3.97645e-17 0.725995 
vn 0.762168 0 0.64738 
vn 0.739217 0 0.673467 
vn 0.723498 0 0.690327 
vn 0.605174 2.53658e-17 0.796093 
vn 0.6877 0 0.725995 
vn 0.649471 0 0.760387 
vn 0.515554 1.06698e-17 0.856857 
vn 0.605169 0 0.796097 
vn 0.56735 0 0.823477 
vn 0.522528 0 0.852622 
vn 0.419889 -4.15138e-18 0.907575 
vn 0.515543 0 0.856864 
vn 0.481311 0 0.87655 
vn 0.319302 -1.89239e-17 0.947653 
vn 0.419871 0 0.907584 
vn 0.393052 0 0.919516 
vn 0.21497 -3.34745e-17 0.976621 
vn 0.30128 0 0.953536 
vn 0.257275 0 0.966338 
vn 0.319281 0 0.94766 
vn 0.108119 -4.76326e-17 0.994138 
vn 0.21497 0 0.976621 
vn 0.172447 0 0.985019 
vn 0.0868498 0 0.996221 
vn -1.22465e-16 -6.12323e-17 1 
vn -1.22465e-16 -6.12323e-17 1 
vn 0.108104 0 0.99414 
f 562//562 563//563 564//564 
f 565//565 566//566 563//563 
f 567//567 568//568 566//566 
f 569//569 570//570 568//568 
f 571//571 572//572 570//570 
f 573//573 574//574 572//572 
f 575//575 576//576 574//574 
f 577//577 578//578 576//576 
f 579//579 580//580 578//578 
f 581//581 582//582 580//580 
f 583//583 584//584 582//582 
f 585//585 586//586 584//584 
f 587//587 588//588 586//586 
f 589//589 590//590 588//588 
f 591//591 592//592 590//590 
f 593//593 594//594 592//592 
f 595//595 596//596 594//594 
f 597//597 598//598 596//596 
f 599//599 600//600 598//598 
f 601//601 602//602 600//600 
f 603//603 604//604 602//602 
f 605//605 606//606 604//604 
f 607//607 608//608 606//606 
f 609//609 610//610 608//608 
f 611//611 612//612 610//610 
f 613//613 614//614 612//612 
f 615//615 616//616 614//614 
f 617//617 618//618 616//616 
f 619//619 620//620 618//618 
f 621//621 622//622 619//619 
f 619//619 623//623 621//621 
f 622//622 620//620 619//619 
f 622//622 624//624 625//625 
f 622//622 626//626 624//624 
f 627//627 628//628 629//629 
f 627//627 625//625 628//628 
f 630//630 631//631 632//632 
f 630//630 629//629 633//633 
f 633//633 631//631 630//630 
f 634//634 635//635 636//636 
f 634//634 632//632 635//635 
f 637//637 638//638 639//639 
f 637//637 640//640 641//641 
f 641//641 638//638 637//637 
f 637//637 636//636 640//640 
f 642//642 643//643 644//644 
f 642//642 639//639 643//643 
f 645//645 646//646 647//647 
f 645//645 648//648 646//646 
f 645//645 644//644 648//648 
f 649//649 650//650 651//651 
f 649//649 647//647 650//650 
f 652//652 653//653 654//654 
f 652//652 655//655 653//653 
f 652//652 651//651 655//655 
f 656//656 657//657 658//658 
f 656//656 654//654 657//657 
f 659//659 660//660 661//661 
f 659//659 662//662 660//660 
f 659//659 658//658 663//663 
f 663//663 662//662 659//659 
f 664//664 665//665 666//666 
f 664//664 661//661 665//665 
f 667//667 668//668 669//669 
f 668//668 670//670 669//669 
f 668//668 666//666 670//670 
f 667//667 671//671 672//672 
f 672//672 673//673 667//667 
f 667//667 674//674 671//671 
f 673//673 675//675 676//676 
f 676//676 677//677 673//673 
f 676//676 678//678 677//677 
f 679//679 677//677 680//680 
f 680//680 681//681 679//679 
f 682//682 683//683 684//684 
f 684//684 685//685 682//682 
f 682//682 679//679 686//686 
f 686//686 683//683 682//682 
f 687//687 682//682 688//688 
f 688//688 689//689 687//687 
f 690//690 687//687 691//691 
f 691//691 692//692 690//690 
f 692//692 693//693 690//690 
f 694//694 695//695 696//696 
f 694//694 690//690 697//697 
f 697//697 695//695 694//694 
f 698//698 694//694 699//699 
f 699//699 700//700 698//698 
f 700//700 701//701 698//698 
f 702//702 698//698 703//703 
f 703//703 704//704 702//702 
f 705//705 702//702 706//706 
f 706//706 707//707 705//705 
f 707//707 708//708 705//705 
f 709//709 705//705 710//710 
f 710//710 711//711 709//709 
f 712//712 709//709 713//713 
f 713//713 714//714 712//712 
f 715//715 716//716 717//717 
f 715//715 712//712 718//718 
f 718//718 716//716 715//715 
f 719//719 715//715 720//720 
f 720//720 721//721 719//719 
f 722//722 723//723 724//724 
f 719//719 725//725 722//722 
f 724//724 719//719 722//722 
f 724//724 564//564 719//719 
f 721//721 725//725 719//719 
f 717//717 720//720 715//715 
f 714//714 718//718 712//712 
f 711//711 713//713 709//709 
f 708//708 710//710 705//705 
f 704//704 706//706 702//702 
f 701//701 703//703 698//698 
f 696//696 699//699 694//694 
f 693//693 697//697 690//690 
f 689//689 691//691 687//687 
f 685//685 688//688 682//682 
f 681//681 686//686 679//679 
f 678//678 680//680 677//677 
f 672//672 675//675 673//673 
f 669//669 674//674 667//667 
f 666//666 668//668 664//664 
f 661//661 664//664 659//659 
f 658//658 659//659 656//656 
f 654//654 656//656 652//652 
f 651//651 652//652 649//649 
f 647//647 649//649 645//645 
f 644//644 645//645 642//642 
f 639//639 642//642 637//637 
f 636//636 637//637 634//634 
f 632//632 634//634 630//630 
f 629//629 630//630 627//627 
f 625//625 627//627 622//622 
f 621//621 626//626 622//622 
f 618//618 617//617 619//619 
f 616//616 615//615 617//617 
f 614//614 613//613 615//615 
f 612//612 611//611 613//613 
f 610//610 609//609 611//611 
f 608//608 607//607 609//609 
f 606//606 605//605 607//607 
f 604//604 603//603 605//605 
f 602//602 601//601 603//603 
f 600//600 599//599 601//601 
f 598//598 597//597 599//599 
f 596//596 595//595 597//597 
f 594//594 593//593 595//595 
f 592//592 591//591 593//593 
f 590//590 589//589 591//591 
f 588//588 587//587 589//589 
f 586//586 585//585 587//587 
f 584//584 583//583 585//585 
f 582//582 581//581 583//583 
f 580//580 579//579 581//581 
f 578//578 577//577 579//579 
f 576//576 575//575 577//577 
f 574//574 573//573 575//575 
f 572//572 571//571 573//573 
f 570//570 569//569 571//571 
f 568//568 567//567 569//569 
f 566//566 565//565 567//567 
f 563//563 562//562 565//565 
f 564//564 724//724 562//562 
v -0.267328 -0.0125 -0.00437851 
v -0.266836 -0.0125 -0.00471271 
v -0.266578 -0.0125 -0.00428429 
v -0.266309 -0.0125 -0.00499166 
v -0.266099 -0.0125 -0.00453788 
v -0.265182 -0.0125 -0.00537141 
v -0.264595 -0.0125 -0.00546776 
v -0.264541 -0.0125 -0.00497069 
v -0.264 -0.0125 -0.0055 
v -0.264 -0.0125 -0.005 
v -0.263405 -0.0125 -0.00546776 
v -0.263459 -0.0125 -0.00497069 
v -0.262818 -0.0125 -0.00537141 
v -0.262925 -0.0125 -0.0048831 
v -0.261164 -0.0125 -0.00471271 
v -0.261422 -0.0125 -0.00428429 
v -0.261901 -0.0125 -0.00453788 
v -0.260672 -0.0125 -0.00437851 
v -0.260974 -0.0125 -0.00398047 
v -0.262244 -0.0125 0.00521209 
v -0.262818 -0.0125 0.00537141 
v -0.262925 -0.0125 0.0048831 
v -0.263405 -0.0125 0.00546776 
v -0.263459 -0.0125 0.00497069 
v -0.264 -0.0125 0.0055 
v -0.264 -0.0125 0.005 
v -0.264595 -0.0125 0.00546776 
v -0.264541 -0.0125 0.00497069 
v -0.265756 -0.0125 -0.00521209 
v -0.265597 -0.0125 -0.00473827 
v -0.265075 -0.0125 -0.0048831 
v -0.262244 -0.0125 -0.00521209 
v -0.262403 -0.0125 -0.00473827 
v -0.261691 -0.0125 -0.00499166 
v -0.260672 -0.0125 0.00437851 
v -0.261164 -0.0125 0.00471271 
v -0.261422 -0.0125 0.00428429 
v -0.261691 -0.0125 0.00499166 
v -0.261901 -0.0125 0.00453788 
v -0.265182 -0.0125 0.00537141 
v -0.265075 -0.0125 0.0048831 
v -0.265756 -0.0125 0.00521209 
v -0.265597 -0.0125 0.00473827 
v -0.260218 -0.0125 -0.00399298 
v -0.259808 -0.0125 -0.00356062 
v -0.260189 -0.0125 -0.00323693 
v -0.259448 -0.0125 -0.00308653 
v -0.259862 -0.0125 -0.00280594 
v -0.259141 -0.0125 -0.00257625 
v -0.258891 -0.0125 -0.00203576 
v -0.259355 -0.0125 -0.00185069 
v -0.2587 -0.0125 -0.00147141 
v -0.259182 -0.0125 -0.00133764 
v -0.262403 -0.0125 0.00473827 
v -0.266836 -0.0125 0.00471271 
v -0.266578 -0.0125 0.00428429 
v -0.266099 -0.0125 0.00453788 
v -0.267328 -0.0125 0.00437851 
v -0.267026 -0.0125 0.00398047 
v -0.269109 -0.0125 -0.00203576 
v -0.268645 -0.0125 -0.00185069 
v -0.268818 -0.0125 -0.00133764 
v -0.268859 -0.0125 -0.00257625 
v -0.268418 -0.0125 -0.00234204 
v -0.268192 -0.0125 -0.00356062 
v -0.267811 -0.0125 -0.00323693 
v -0.268138 -0.0125 -0.00280594 
v -0.267782 -0.0125 -0.00399298 
v -0.267438 -0.0125 -0.00362998 
v -0.260562 -0.0125 -0.00362998 
v -0.259582 -0.0125 -0.00234204 
v -0.258891 -0.0125 0.00203576 
v -0.259355 -0.0125 0.00185069 
v -0.259182 -0.0125 0.00133764 
v -0.259141 -0.0125 0.00257625 
v -0.259582 -0.0125 0.00234204 
v -0.259808 -0.0125 0.00356062 
v -0.260189 -0.0125 0.00323693 
v -0.259862 -0.0125 0.00280594 
v -0.260218 -0.0125 0.00399298 
v -0.260562 -0.0125 0.00362998 
v -0.266309 -0.0125 0.00499166 
v -0.269492 -0.0125 0.000297764 
v -0.268993 -0.0125 0.000270695 
v -0.268934 -0.0125 0.00080891 
v -0.269492 -0.0125 -0.000297764 
v -0.268993 -0.0125 -0.000270695 
v -0.268552 -0.0125 -0.00308653 
v -0.267026 -0.0125 -0.00398047 
v -0.258572 -0.0125 -0.000889801 
v -0.259066 -0.0125 -0.00080891 
v -0.258508 -0.0125 -0.000297764 
v -0.259007 -0.0125 -0.000270695 
v -0.258508 -0.0125 0.000297764 
v -0.259007 -0.0125 0.000270695 
v -0.259448 -0.0125 0.00308653 
v -0.260974 -0.0125 0.00398047 
v -0.267782 -0.0125 0.00399298 
v -0.268192 -0.0125 0.00356062 
v -0.267811 -0.0125 0.00323693 
v -0.268552 -0.0125 0.00308653 
v -0.268138 -0.0125 0.00280594 
v -0.268859 -0.0125 0.00257625 
v -0.269109 -0.0125 0.00203576 
v -0.268645 -0.0125 0.00185069 
v -0.2693 -0.0125 0.00147141 
v -0.268818 -0.0125 0.00133764 
v -0.269428 -0.0125 -0.000889801 
v -0.268934 -0.0125 -0.00080891 
v -0.2693 -0.0125 -0.00147141 
v -0.2587 -0.0125 0.00147141 
v -0.259066 -0.0125 0.00080891 
v -0.267438 -0.0125 0.00362998 
v -0.268418 -0.0125 0.00234204 
v -0.258572 -0.0125 0.000889801 
v -0.269428 -0.0125 0.000889801 
vn 1.22465e-16 -1 -6.12323e-17 
vn 1.22465e-16 -1 -6.12323e-17 
vn 1.22465e-16 -1 -6.12323e-17 
vn 1.22465e-16 -1 -6.12323e-17 
vn 1.22465e-16 -1 -6.12323e-17 
vn 1.22465e-16 -1 -6.12323e-17 
vn 1.22465e-16 -1 -6.12323e-17 
vn 1.22465e-16 -1 -6.12323e-17 
vn 1.22465e-16 -1 -6.12323e-17 
vn 1.22465e-16 -1 -6.12323e-17 
vn 1.22465e-16 -1 -6.12323e-17 
vn 1.22465e-16 -1 -6.12323e-17 
vn 1.22465e-16 -1 -6.12323e-17 
vn 1.22465e-16 -1 -6.12323e-17 
vn 1.22465e-16 -1 -6.12323e-17 
vn 1.22465e-16 -1 -6.12323e-17 
vn 1.22465e-16 -1 -6.12323e-17 
vn 1.22465e-16 -1 -6.12323e-17 
vn 1.22465e-16 -1 -6.12323e-17 
vn 1.22465e-16 -1 -6.12323e-17 
vn 1.22465e-16 -1 -6.12323e-17 
vn 1.22465e-16 -1 -6.12323e-17 
vn 1.22465e-16 -1 -6.12323e-17 
vn 1.22465e-16 -1 -6.12323e-17 
vn 1.22465e-16 -1 -6.12323e-17 
vn 1.22465e-16 -1 -6.12323e-17 
vn 1.22465e-16 -1 -6.12323e-17 
vn 1.22465e-16 -1 -6.12323e-17 
vn 1.22465e-16 -1 -6.12323e-17 
vn 1.22465e-16 -1 -6.12323e-17 
vn 1.22465e-16 -1 -6.12323e-17 
vn 1.22465e-16 -1 -6.12323e-17 
vn 1.22465e-16 -1 -6.12323e-17 
vn 1.22465e-16 -1 -6.12323e-17 
vn 1.22465e-16 -1 -6.12323e-17 
vn 1.22465e-16 -1 -6.12323e-17 
vn 1.22465e-16 -1 -6.12323e-17 
vn 1.22465e-16 -1 -6.12323e-17 
vn 1.22465e-16 -1 -6.12323e-17 
vn 1.22465e-16 -1 -6.12323e-17 
vn 1.22465e-16 -1 -6.12323e-17 
vn 1.22465e-16 -1 -6.12323e-17 
vn 1.22465e-16 -1 -6.12323e-17 
vn 1.22465e-16 -1 -6.12323e-17 
vn 1.22465e-16 -1 -6.12323e-17 
vn 1.22465e-16 -1 -6.12323e-17 
vn 1.22465e-16 -1 -6.12323e-17 
vn 1.22465e-16 -1 -6.12323e-17 
vn 1.22465e-16 -1 -6.12323e-17 
vn 1.22465e-16 -1 -6.12323e-17 
vn 1.22465e-16 -1 -6.12323e-17 
vn 1.22465e-16 -1 -6.12323e-17 
vn 1.22465e-16 -1 -6.12323e-17 
vn 1.22465e-16 -1 -6.12323e-17 
vn 1.22465e-16 -1 -6.12323e-17 
vn 1.22465e-16 -1 -6.12323e-17 
vn 1.22465e-16 -1 -6.12323e-17 
vn 1.22465e-16 -1 -6.12323e-17 
vn 1.22465e-16 -1 -6.12323e-17 
vn 1.22465e-16 -1 -6.12323e-17 
vn 1.22465e-16 -1 -6.12323e-17 
vn 1.22465e-16 -1 -6.12323e-17 
vn 1.22465e-16 -1 -6.12323e-17 
vn 1.22465e-16 -1 -6.12323e-17 
vn 1.22465e-16 -1 -6.12323e-17 
vn 1.22465e-16 -1 -6.12323e-17 
vn 1.22465e-16 -1 -6.12323e-17 
vn 1.22465e-16 -1 -6.12323e-17 
vn 1.22465e-16 -1 -6.12323e-17 
vn 1.22465e-16 -1 -6.12323e-17 
vn 1.22465e-16 -1 -6.12323e-17 
vn 1.22465e-16 -1 -6.12323e-17 
vn 1.22465e-16 -1 -6.12323e-17 
vn 1.22465e-16 -1 -6.12323e-17 
vn 1.22465e-16 -1 -6.12323e-17 
vn 1.22465e-16 -1 -6.12323e-17 
vn 1.22465e-16 -1 -6.12323e-17 
vn 1.22465e-16 -1 -6.12323e-17 
vn 1.22465e-16 -1 -6.12323e-17 
vn 1.22465e-16 -1 -6.12323e-17 
vn 1.22465e-16 -1 -6.12323e-17 
vn 1.22465e-16 -1 -6.12323e-17 
vn 1.22465e-16 -1 -6.12323e-17 
vn 1.22465e-16 -1 -6.12323e-17 
vn 1.22465e-16 -1 -6.12323e-17 
vn 1.22465e-16 -1 -6.12323e-17 
vn 1.22465e-16 -1 -6.12323e-17 
vn 1.22465e-16 -1 -6.12323e-17 
vn 1.22465e-16 -1 -6.12323e-17 
vn 1.22465e-16 -1 -6.12323e-17 
vn 1.22465e-16 -1 -6.12323e-17 
vn 1.22465e-16 -1 -6.12323e-17 
vn 1.22465e-16 -1 -6.12323e-17 
vn 1.22465e-16 -1 -6.12323e-17 
vn 1.22465e-16 -1 -6.12323e-17 
vn 1.22465e-16 -1 -6.12323e-17 
vn 1.22465e-16 -1 -6.12323e-17 
vn 1.22465e-16 -1 -6.12323e-17 
vn 1.22465e-16 -1 -6.12323e-17 
vn 1.22465e-16 -1 -6.12323e-17 
vn 1.22465e-16 -1 -6.12323e-17 
vn 1.22465e-16 -1 -6.12323e-17 
vn 1.22465e-16 -1 -6.12323e-17 
vn 1.22465e-16 -1 -6.12323e-17 
vn 1.22465e-16 -1 -6.12323e-17 
vn 1.22465e-16 -1 -6.12323e-17 
vn 1.22465e-16 -1 -6.12323e-17 
vn 1.22465e-16 -1 -6.12323e-17 
vn 1.22465e-16 -1 -6.12323e-17 
vn 1.22465e-16 -1 -6.12323e-17 
vn 1.22465e-16 -1 -6.12323e-17 
vn 1.22465e-16 -1 -6.12323e-17 
vn 1.22465e-16 -1 -6.12323e-17 
vn 1.22465e-16 -1 -6.12323e-17 
vn 1.22465e-16 -1 -6.12323e-17 
vn 1.22465e-16 -1 -6.12323e-17 
f 726//726 727//727 728//728 
f 727//727 729//729 730//730 
f 731//731 732//732 733//733 
f 732//732 734//734 735//735 
f 736//736 737//737 735//735 
f 738//738 739//739 737//737 
f 740//740 741//741 742//742 
f 743//743 744//744 741//741 
f 745//745 746//746 747//747 
f 746//746 748//748 749//749 
f 748//748 750//750 751//751 
f 752//752 753//753 751//751 
f 730//730 728//728 727//727 
f 729//729 754//754 755//755 
f 754//754 731//731 756//756 
f 735//735 733//733 732//732 
f 737//737 736//736 738//738 
f 757//757 758//758 739//739 
f 759//759 742//742 758//758 
f 741//741 740//740 743//743 
f 760//760 761//761 762//762 
f 761//761 763//763 764//764 
f 749//749 747//747 746//746 
f 751//751 750//750 752//752 
f 765//765 766//766 753//753 
f 767//767 768//768 766//766 
f 755//755 730//730 729//729 
f 733//733 756//756 731//731 
f 739//739 738//738 757//757 
f 742//742 759//759 740//740 
f 769//769 770//770 771//771 
f 770//770 772//772 773//773 
f 774//774 775//775 776//776 
f 775//775 777//777 778//778 
f 764//764 762//762 761//761 
f 763//763 745//745 779//779 
f 751//751 749//749 748//748 
f 766//766 765//765 767//767 
f 780//780 781//781 782//782 
f 783//783 784//784 781//781 
f 785//785 786//786 787//787 
f 788//788 789//789 786//786 
f 790//790 791//791 792//792 
f 793//793 794//794 791//791 
f 756//756 755//755 754//754 
f 758//758 757//757 759//759 
f 769//769 795//795 744//744 
f 773//773 771//771 770//770 
f 774//774 796//796 773//773 
f 778//778 776//776 775//775 
f 797//797 798//798 799//799 
f 800//800 801//801 798//798 
f 802//802 803//803 804//804 
f 805//805 806//806 803//803 
f 779//779 764//764 763//763 
f 753//753 752//752 765//765 
f 807//807 782//782 768//768 
f 781//781 780//780 783//783 
f 808//808 809//809 810//810 
f 811//811 812//812 809//809 
f 786//786 785//785 788//788 
f 788//788 813//813 792//792 
f 791//791 790//790 793//793 
f 793//793 726//726 814//814 
f 735//735 734//734 736//736 
f 771//771 795//795 769//769 
f 776//776 796//796 774//774 
f 777//777 815//815 816//816 
f 817//817 818//818 816//816 
f 819//819 820//820 818//818 
f 798//798 797//797 800//800 
f 800//800 821//821 804//804 
f 803//803 802//802 805//805 
f 805//805 760//760 822//822 
f 747//747 779//779 745//745 
f 782//782 807//807 780//780 
f 823//823 824//824 825//825 
f 824//824 826//826 827//827 
f 828//828 829//829 830//830 
f 829//829 831//831 832//832 
f 809//809 808//808 811//811 
f 811//811 833//833 834//834 
f 835//835 787//787 834//834 
f 792//792 789//789 788//788 
f 814//814 794//794 793//793 
f 744//744 743//743 769//769 
f 816//816 778//778 777//777 
f 818//818 817//817 819//819 
f 836//836 799//799 837//837 
f 804//804 801//801 800//800 
f 822//822 806//806 805//805 
f 768//768 767//767 807//807 
f 823//823 838//838 784//784 
f 827//827 825//825 824//824 
f 828//828 839//839 827//827 
f 832//832 830//830 829//829 
f 834//834 812//812 811//811 
f 787//787 835//835 785//785 
f 728//728 814//814 726//726 
f 816//816 815//815 817//817 
f 819//819 840//840 837//837 
f 799//799 836//836 797//797 
f 762//762 822//822 760//760 
f 825//825 838//838 823//823 
f 830//830 839//839 828//828 
f 831//831 841//841 810//810 
f 834//834 833//833 835//835 
f 773//773 772//772 774//774 
f 837//837 840//840 836//836 
f 784//784 783//783 823//823 
f 810//810 832//832 831//831 
f 792//792 813//813 790//790 
f 804//804 821//821 802//802 
f 810//810 841//841 808//808 
f 827//827 826//826 828//828 
f 837//837 820//820 819//819 
v -0.264 -0.0125 -0.005 
v -0.264 -0.0185 -0.005 
v -0.264541 -0.0185 -0.00497069 
v -0.264541 -0.0125 -0.00497069 
v -0.265075 -0.0185 -0.0048831 
v -0.265075 -0.0125 -0.0048831 
v -0.265597 -0.0185 -0.00473827 
v -0.265597 -0.0125 -0.00473827 
v -0.266099 -0.0185 -0.00453788 
v -0.266099 -0.0125 -0.00453788 
v -0.266578 -0.0185 -0.00428429 
v -0.266578 -0.0125 -0.00428429 
v -0.267026 -0.0185 -0.00398047 
v -0.267026 -0.0125 -0.00398047 
v -0.267438 -0.0185 -0.00362998 
v -0.267438 -0.0125 -0.00362998 
v -0.267811 -0.0185 -0.00323693 
v -0.267811 -0.0125 -0.00323693 
v -0.268138 -0.0185 -0.00280594 
v -0.268138 -0.0125 -0.00280594 
v -0.268418 -0.0185 -0.00234204 
v -0.268418 -0.0125 -0.00234204 
v -0.268645 -0.0185 -0.00185069 
v -0.268645 -0.0125 -0.00185069 
v -0.268818 -0.0185 -0.00133764 
v -0.268818 -0.0125 -0.00133764 
v -0.268934 -0.0185 -0.00080891 
v -0.268934 -0.0125 -0.00080891 
v -0.268993 -0.0185 -0.000270695 
v -0.268993 -0.0125 -0.000270695 
v -0.268993 -0.0185 0.000270695 
v -0.268993 -0.0125 0.000270695 
v -0.268934 -0.0185 0.00080891 
v -0.268934 -0.0125 0.00080891 
v -0.268818 -0.0185 0.00133764 
v -0.268818 -0.0125 0.00133764 
v -0.268645 -0.0185 0.00185069 
v -0.268645 -0.0125 0.00185069 
v -0.268418 -0.0185 0.00234204 
v -0.268418 -0.0125 0.00234204 
v -0.268138 -0.0185 0.00280594 
v -0.268138 -0.0125 0.00280594 
v -0.267811 -0.0185 0.00323693 
v -0.267811 -0.0125 0.00323693 
v -0.267438 -0.0185 0.00362998 
v -0.267438 -0.0125 0.00362998 
v -0.267026 -0.0185 0.00398047 
v -0.267026 -0.0125 0.00398047 
v -0.266578 -0.0185 0.00428429 
v -0.266578 -0.0125 0.00428429 
v -0.266099 -0.0185 0.00453788 
v -0.266099 -0.0125 0.00453788 
v -0.265597 -0.0185 0.00473827 
v -0.265597 -0.0125 0.00473827 
v -0.265075 -0.0185 0.0048831 
v -0.265075 -0.0125 0.0048831 
v -0.264541 -0.0185 0.00497069 
v -0.264541 -0.0125 0.00497069 
v -0.264 -0.0185 0.005 
v -0.264 -0.0125 0.005 
v -0.263459 -0.0185 0.00497069 
v -0.263459 -0.0125 0.00497069 
v -0.262925 -0.0185 0.0048831 
v -0.262925 -0.0125 0.0048831 
v -0.262403 -0.0185 0.00473827 
v -0.262403 -0.0125 0.00473827 
v -0.261901 -0.0185 0.00453788 
v -0.261901 -0.0125 0.00453788 
v -0.261422 -0.0185 0.00428429 
v -0.261422 -0.0125 0.00428429 
v -0.260974 -0.0185 0.00398047 
v -0.260974 -0.0125 0.00398047 
v -0.260562 -0.0185 0.00362998 
v -0.260562 -0.0125 0.00362998 
v -0.260189 -0.0185 0.00323693 
v -0.260189 -0.0125 0.00323693 
v -0.259862 -0.0185 0.00280594 
v -0.259862 -0.0125 0.00280594 
v -0.259582 -0.0185 0.00234204 
v -0.259582 -0.0125 0.00234204 
v -0.259355 -0.0185 0.00185069 
v -0.259355 -0.0125 0.00185069 
v -0.259182 -0.0185 0.00133764 
v -0.259182 -0.0125 0.00133764 
v -0.259066 -0.0185 0.00080891 
v -0.259066 -0.0125 0.00080891 
v -0.259007 -0.0185 0.000270695 
v -0.259007 -0.0125 0.000270695 
v -0.259007 -0.0185 -0.000270695 
v -0.259007 -0.0125 -0.000270695 
v -0.259066 -0.0185 -0.00080891 
v -0.259066 -0.0125 -0.00080891 
v -0.259182 -0.0185 -0.00133764 
v -0.259182 -0.0125 -0.00133764 
v -0.259355 -0.0185 -0.00185069 
v -0.259355 -0.0125 -0.00185069 
v -0.259582 -0.0185 -0.00234204 
v -0.259582 -0.0125 -0.00234204 
v -0.259862 -0.0185 -0.00280594 
v -0.259862 -0.0125 -0.00280594 
v -0.260189 -0.0185 -0.00323693 
v -0.260189 -0.0125 -0.00323693 
v -0.260562 -0.0185 -0.00362998 
v -0.260562 -0.0125 -0.00362998 
v -0.260974 -0.0185 -0.00398047 
v -0.260974 -0.0125 -0.00398047 
v -0.261422 -0.0185 -0.00428429 
v -0.261422 -0.0125 -0.00428429 
v -0.261901 -0.0185 -0.00453788 
v -0.261901 -0.0125 -0.00453788 
v -0.262403 -0.0185 -0.00473827 
v -0.262403 -0.0125 -0.00473827 
v -0.262925 -0.0185 -0.0048831 
v -0.262925 -0.0125 -0.0048831 
v -0.263459 -0.0185 -0.00497069 
v -0.263459 -0.0125 -0.00497069 
vn -7.4988e-33 6.12323e-17 -1 
vn -7.4988e-33 6.12323e-17 -1 
vn -0.108119 4.76326e-17 -0.994138 
vn -0.108119 4.76326e-17 -0.994138 
vn -0.21497 3.34745e-17 -0.976621 
vn -0.21497 3.34745e-17 -0.976621 
vn -0.319302 1.89239e-17 -0.947653 
vn -0.319302 1.89239e-17 -0.947653 
vn -0.419889 4.15138e-18 -0.907575 
vn -0.419889 4.15138e-18 -0.907575 
vn -0.515554 -1.06698e-17 -0.856857 
vn -0.515554 -1.06698e-17 -0.856857 
vn -0.605174 -2.53658e-17 -0.796093 
vn -0.605174 -2.53658e-17 -0.796093 
vn -0.687699 -3.97645e-17 -0.725995 
vn -0.687699 -3.97645e-17 -0.725995 
vn -0.762162 -5.3697e-17 -0.647386 
vn -0.762162 -5.3697e-17 -0.647386 
vn -0.827689 -6.69999e-17 -0.561187 
vn -0.827689 -6.69999e-17 -0.561187 
vn -0.883512 -7.95173e-17 -0.468408 
vn -0.883512 -7.95173e-17 -0.468408 
vn -0.928977 -9.11024e-17 -0.370138 
vn -0.928977 -9.11024e-17 -0.370138 
vn -0.96355 -1.01619e-16 -0.267528 
vn -0.96355 -1.01619e-16 -0.267528 
vn -0.986827 -1.10945e-16 -0.161782 
vn -0.986827 -1.10945e-16 -0.161782 
vn -0.998533 -1.1897e-16 -0.0541389 
vn -0.998533 -1.1897e-16 -0.0541389 
vn -0.998533 -1.256e-16 0.0541389 
vn -0.998533 -1.256e-16 0.0541389 
vn -0.986827 -1.30758e-16 0.161782 
vn -0.986827 -1.30758e-16 0.161782 
vn -0.96355 -1.34382e-16 0.267528 
vn -0.96355 -1.34382e-16 0.267528 
vn -0.928977 -1.36431e-16 0.370138 
vn -0.928977 -1.36431e-16 0.370138 
vn -0.883512 -1.36881e-16 0.468408 
vn -0.883512 -1.36881e-16 0.468408 
vn -0.827689 -1.35725e-16 0.561187 
vn -0.827689 -1.35725e-16 0.561187 
vn -0.762162 -1.32979e-16 0.647386 
vn -0.762162 -1.32979e-16 0.647386 
vn -0.687699 -1.28673e-16 0.725995 
vn -0.687699 -1.28673e-16 0.725995 
vn -0.605174 -1.22859e-16 0.796093 
vn -0.605174 -1.22859e-16 0.796093 
vn -0.515554 -1.15605e-16 0.856857 
vn -0.515554 -1.15605e-16 0.856857 
vn -0.419889 -1.06995e-16 0.907575 
vn -0.419889 -1.06995e-16 0.907575 
vn -0.319302 -9.71302e-17 0.947653 
vn -0.319302 -9.71302e-17 0.947653 
vn -0.21497 -8.6127e-17 0.976621 
vn -0.21497 -8.6127e-17 0.976621 
vn -0.108119 -7.41142e-17 0.994138 
vn -0.108119 -7.41142e-17 0.994138 
vn -1.22465e-16 -6.12323e-17 1 
vn -1.22465e-16 -6.12323e-17 1 
vn 0.108119 -4.76326e-17 0.994138 
vn 0.108119 -4.76326e-17 0.994138 
vn 0.21497 -3.34745e-17 0.976621 
vn 0.21497 -3.34745e-17 0.976621 
vn 0.319302 -1.89239e-17 0.947653 
vn 0.319302 -1.89239e-17 0.947653 
vn 0.419889 -4.15138e-18 0.907575 
vn 0.419889 -4.15138e-18 0.907575 
vn 0.515554 1.06698e-17 0.856857 
vn 0.515554 1.06698e-17 0.856857 
vn 0.605174 2.53658e-17 0.796093 
vn 0.605174 2.53658e-17 0.796093 
vn 0.687699 3.97645e-17 0.725995 
vn 0.687699 3.97645e-17 0.725995 
vn 0.762162 5.3697e-17 0.647386 
vn 0.762162 5.3697e-17 0.647386 
vn 0.827689 6.69999e-17 0.561187 
vn 0.827689 6.69999e-17 0.561187 
vn 0.883512 7.95173e-17 0.468408 
vn 0.883512 7.95173e-17 0.468408 
vn 0.928977 9.11024e-17 0.370138 
vn 0.928977 9.11024e-17 0.370138 
vn 0.96355 1.01619e-16 0.267528 
vn 0.96355 1.01619e-16 0.267528 
vn 0.986827 1.10945e-16 0.161782 
vn 0.986827 1.10945e-16 0.161782 
vn 0.998533 1.1897e-16 0.0541389 
vn 0.998533 1.1897e-16 0.0541389 
vn 0.998533 1.256e-16 -0.0541389 
vn 0.998533 1.256e-16 -0.0541389 
vn 0.986827 1.30758e-16 -0.161782 
vn 0.986827 1.30758e-16 -0.161782 
vn 0.96355 1.34382e-16 -0.267528 
vn 0.96355 1.34382e-16 -0.267528 
vn 0.928977 1.36431e-16 -0.370138 
vn 0.928977 1.36431e-16 -0.370138 
vn 0.883512 1.36881e-16 -0.468408 
vn 0.883512 1.36881e-16 -0.468408 
vn 0.827689 1.35725e-16 -0.561187 
vn 0.827689 1.35725e-16 -0.561187 
vn 0.762162 1.32979e-16 -0.647386 
vn 0.762162 1.32979e-16 -0.647386 
vn 0.687699 1.28673e-16 -0.725995 
vn 0.687699 1.28673e-16 -0.725995 
vn 0.605174 1.22859e-16 -0.796093 
vn 0.605174 1.22859e-16 -0.796093 
vn 0.515554 1.15605e-16 -0.856857 
vn 0.515554 1.15605e-16 -0.856857 
vn 0.419889 1.06995e-16 -0.907575 
vn 0.419889 1.06995e-16 -0.907575 
vn 0.319302 9.71302e-17 -0.947653 
vn 0.319302 9.71302e-17 -0.947653 
vn 0.21497 8.6127e-17 -0.976621 
vn 0.21497 8.6127e-17 -0.976621 
vn 0.108119 7.41142e-17 -0.994138 
vn 0.108119 7.41142e-17 -0.994138 
f 842//842 843//843 844//844 
f 845//845 844//844 846//846 
f 847//847 846//846 848//848 
f 849//849 848//848 850//850 
f 851//851 850//850 852//852 
f 853//853 852//852 854//854 
f 855//855 854//854 856//856 
f 857//857 856//856 858//858 
f 859//859 858//858 860//860 
f 861//861 860//860 862//862 
f 863//863 862//862 864//864 
f 865//865 864//864 866//866 
f 867//867 866//866 868//868 
f 869//869 868//868 870//870 
f 871//871 870//870 872//872 
f 873//873 872//872 874//874 
f 875//875 874//874 876//876 
f 877//877 876//876 878//878 
f 879//879 878//878 880//880 
f 881//881 880//880 882//882 
f 883//883 882//882 884//884 
f 885//885 884//884 886//886 
f 887//887 886//886 888//888 
f 889//889 888//888 890//890 
f 891//891 890//890 892//892 
f 893//893 892//892 894//894 
f 895//895 894//894 896//896 
f 897//897 896//896 898//898 
f 899//899 898//898 900//900 
f 901//901 900//900 902//902 
f 903//903 902//902 904//904 
f 905//905 904//904 906//906 
f 907//907 906//906 908//908 
f 909//909 908//908 910//910 
f 911//911 910//910 912//912 
f 913//913 912//912 914//914 
f 915//915 914//914 916//916 
f 917//917 916//916 918//918 
f 919//919 918//918 920//920 
f 921//921 920//920 922//922 
f 923//923 922//922 924//924 
f 925//925 924//924 926//926 
f 927//927 926//926 928//928 
f 929//929 928//928 930//930 
f 931//931 930//930 932//932 
f 933//933 932//932 934//934 
f 935//935 934//934 936//936 
f 937//937 936//936 938//938 
f 939//939 938//938 940//940 
f 941//941 940//940 942//942 
f 943//943 942//942 944//944 
f 945//945 944//944 946//946 
f 947//947 946//946 948//948 
f 949//949 948//948 950//950 
f 951//951 950//950 952//952 
f 953//953 952//952 954//954 
f 955//955 954//954 956//956 
f 957//957 956//956 843//843 
f 843//843 842//842 957//957 
f 956//956 957//957 955//955 
f 954//954 955//955 953//953 
f 952//952 953//953 951//951 
f 950//950 951//951 949//949 
f 948//948 949//949 947//947 
f 946//946 947//947 945//945 
f 944//944 945//945 943//943 
f 942//942 943//943 941//941 
f 940//940 941//941 939//939 
f 938//938 939//939 937//937 
f 936//936 937//937 935//935 
f 934//934 935//935 933//933 
f 932//932 933//933 931//931 
f 930//930 931//931 929//929 
f 928//928 929//929 927//927 
f 926//926 927//927 925//925 
f 924//924 925//925 923//923 
f 922//922 923//923 921//921 
f 920//920 921//921 919//919 
f 918//918 919//919 917//917 
f 916//916 917//917 915//915 
f 914//914 915//915 913//913 
f 912//912 913//913 911//911 
f 910//910 911//911 909//909 
f 908//908 909//909 907//907 
f 906//906 907//907 905//905 
f 904//904 905//905 903//903 
f 902//902 903//903 901//901 
f 900//900 901//901 899//899 
f 898//898 899//899 897//897 
f 896//896 897//897 895//895 
f 894//894 895//895 893//893 
f 892//892 893//893 891//891 
f 890//890 891//891 889//889 
f 888//888 889//889 887//887 
f 886//886 887//887 885//885 
f 884//884 885//885 883//883 
f 882//882 883//883 881//881 
f 880//880 881//881 879//879 
f 878//878 879//879 877//877 
f 876//876 877//877 875//875 
f 874//874 875//875 873//873 
f 872//872 873//873 871//871 
f 870//870 871//871 869//869 
f 868//868 869//869 867//867 
f 866//866 867//867 865//865 
f 864//864 865//865 863//863 
f 862//862 863//863 861//861 
f 860//860 861//861 859//859 
f 858//858 859//859 857//857 
f 856//856 857//857 855//855 
f 854//854 855//855 853//853 
f 852//852 853//853 851//851 
f 850//850 851//851 849//849 
f 848//848 849//849 847//847 
f 846//846 847//847 845//845 
f 844//844 845//845 842//842 
v -0.264 -0.0185 -4.16334e-17 
v -0.263459 -0.0185 -0.00497069 
v -0.262925 -0.0185 -0.0048831 
v -0.262403 -0.0185 -0.00473827 
v -0.261901 -0.0185 -0.00453788 
v -0.261422 -0.0185 -0.00428429 
v -0.260974 -0.0185 -0.00398047 
v -0.260562 -0.0185 -0.00362998 
v -0.260189 -0.0185 -0.00323693 
v -0.259862 -0.0185 -0.00280594 
v -0.259582 -0.0185 -0.00234204 
v -0.259355 -0.0185 -0.00185069 
v -0.259182 -0.0185 -0.00133764 
v -0.259066 -0.0185 -0.00080891 
v -0.259007 -0.0185 -0.000270695 
v -0.259007 -0.0185 0.000270695 
v -0.259066 -0.0185 0.00080891 
v -0.259182 -0.0185 0.00133764 
v -0.259355 -0.0185 0.00185069 
v -0.259582 -0.0185 0.00234204 
v -0.259862 -0.0185 0.00280594 
v -0.260189 -0.0185 0.00323693 
v -0.260562 -0.0185 0.00362998 
v -0.260974 -0.0185 0.00398047 
v -0.261422 -0.0185 0.00428429 
v -0.261901 -0.0185 0.00453788 
v -0.262403 -0.0185 0.00473827 
v -0.262925 -0.0185 0.0048831 
v -0.263459 -0.0185 0.00497069 
v -0.264 -0.0185 0.005 
v -0.264541 -0.0185 0.00497069 
v -0.265075 -0.0185 0.0048831 
v -0.265597 -0.0185 0.00473827 
v -0.266099 -0.0185 0.00453788 
v -0.266578 -0.0185 0.00428429 
v -0.267026 -0.0185 0.00398047 
v -0.267438 -0.0185 0.00362998 
v -0.267811 -0.0185 0.00323693 
v -0.268138 -0.0185 0.00280594 
v -0.268418 -0.0185 0.00234204 
v -0.268645 -0.0185 0.00185069 
v -0.268818 -0.0185 0.00133764 
v -0.268934 -0.0185 0.00080891 
v -0.268993 -0.0185 0.000270695 
v -0.268993 -0.0185 -0.000270695 
v -0.268934 -0.0185 -0.00080891 
v -0.268818 -0.0185 -0.00133764 
v -0.268645 -0.0185 -0.00185069 
v -0.268418 -0.0185 -0.00234204 
v -0.268138 -0.0185 -0.00280594 
v -0.267811 -0.0185 -0.00323693 
v -0.267438 -0.0185 -0.00362998 
v -0.267026 -0.0185 -0.00398047 
v -0.266578 -0.0185 -0.00428429 
v -0.266099 -0.0185 -0.00453788 
v -0.265597 -0.0185 -0.00473827 
v -0.265075 -0.0185 -0.0048831 
v -0.264541 -0.0185 -0.00497069 
v -0.264 -0.0185 -0.005 
vn 1.27781e-16 -1 -6.16975e-17 
vn 1.27781e-16 -1 -6.16975e-17 
vn 1.27781e-16 -1 -6.16975e-17 
vn 1.27781e-16 -1 -6.16975e-17 
vn 1.27781e-16 -1 -6.16975e-17 
vn 1.27781e-16 -1 -6.16975e-17 
vn 1.27781e-16 -1 -6.16975e-17 
vn 1.27781e-16 -1 -6.16975e-17 
vn 1.27781e-16 -1 -6.16975e-17 
vn 1.27781e-16 -1 -6.16975e-17 
vn 1.27781e-16 -1 -6.16975e-17 
vn 1.27781e-16 -1 -6.16975e-17 
vn 1.27781e-16 -1 -6.16975e-17 
vn 1.27781e-16 -1 -6.16975e-17 
vn 1.27781e-16 -1 -6.16975e-17 
vn 1.27781e-16 -1 -6.16975e-17 
vn 1.27781e-16 -1 -6.16975e-17 
vn 1.27781e-16 -1 -6.16975e-17 
vn 1.27781e-16 -1 -6.16975e-17 
vn 1.27781e-16 -1 -6.16975e-17 
vn 1.27781e-16 -1 -6.16975e-17 
vn 1.27781e-16 -1 -6.16975e-17 
vn 1.27781e-16 -1 -6.16975e-17 
vn 1.27781e-16 -1 -6.16975e-17 
vn 1.27781e-16 -1 -6.16975e-17 
vn 1.27781e-16 -1 -6.16975e-17 
vn 1.27781e-16 -1 -6.16975e-17 
vn 1.27781e-16 -1 -6.16975e-17 
vn 1.27781e-16 -1 -6.16975e-17 
vn 1.27781e-16 -1 -6.16975e-17 
vn 1.27781e-16 -1 -6.16975e-17 
vn 1.27781e-16 -1 -6.16975e-17 
vn 1.27781e-16 -1 -6.16975e-17 
vn 1.27781e-16 -1 -6.16975e-17 
vn 1.27781e-16 -1 -6.16975e-17 
vn 1.27781e-16 -1 -6.16975e-17 
vn 1.27781e-16 -1 -6.16975e-17 
vn 1.27781e-16 -1 -6.16975e-17 
vn 1.27781e-16 -1 -6.16975e-17 
vn 1.27781e-16 -1 -6.16975e-17 
vn 1.27781e-16 -1 -6.16975e-17 
vn 1.27781e-16 -1 -6.16975e-17 
vn 1.27781e-16 -1 -6.16975e-17 
vn 1.27781e-16 -1 -6.16975e-17 
vn 1.27781e-16 -1 -6.16975e-17 
vn 1.27781e-16 -1 -6.16975e-17 
vn 1.27781e-16 -1 -6.16975e-17 
vn 1.27781e-16 -1 -6.16975e-17 
vn 1.27781e-16 -1 -6.16975e-17 
vn 1.27781e-16 -1 -6.16975e-17 
vn 1.27781e-16 -1 -6.16975e-17 
vn 1.27781e-16 -1 -6.16975e-17 
vn 1.27781e-16 -1 -6.16975e-17 
vn 1.27781e-16 -1 -6.16975e-17 
vn 1.27781e-16 -1 -6.16975e-17 
vn 1.27781e-16 -1 -6.16975e-17 
vn 1.27781e-16 -1 -6.16975e-17 
vn 1.27781e-16 -1 -6.16975e-17 
vn 1.27781e-16 -1 -6.16975e-17 
f 958//958 959//959 960//960 
f 960//960 961//961 958//958 
f 961//961 962//962 958//958 
f 962//962 963//963 958//958 
f 963//963 964//964 958//958 
f 964//964 965//965 958//958 
f 965//965 966//966 958//958 
f 966//966 967//967 958//958 
f 967//967 968//968 958//958 
f 968//968 969//969 958//958 
f 969//969 970//970 958//958 
f 970//970 971//971 958//958 
f 971//971 972//972 958//958 
f 972//972 973//973 958//958 
f 973//973 974//974 958//958 
f 974//974 975//975 958//958 
f 975//975 976//976 958//958 
f 976//976 977//977 958//958 
f 977//977 978//978 958//958 
f 978//978 979//979 958//958 
f 979//979 980//980 958//958 
f 980//980 981//981 958//958 
f 981//981 982//982 958//958 
f 982//982 983//983 958//958 
f 983//983 984//984 958//958 
f 984//984 985//985 958//958 
f 985//985 986//986 958//958 
f 986//986 987//987 958//958 
f 987//987 988//988 958//958 
f 988//988 989//989 958//958 
f 989//989 990//990 958//958 
f 990//990 991//991 958//958 
f 991//991 992//992 958//958 
f 992//992 993//993 958//958 
f 993//993 994//994 958//958 
f 994//994 995//995 958//958 
f 995//995 996//996 958//958 
f 996//996 997//997 958//958 
f 997//997 998//998 958//958 
f 998//998 999//999 958//958 
f 999//999 1000//1000 958//958 
f 1000//1000 1001//1001 958//958 
f 1001//1001 1002//1002 958//958 
f 1002//1002 1003//1003 958//958 
f 1003//1003 1004//1004 958//958 
f 1004//1004 1005//1005 958//958 
f 1005//1005 1006//1006 958//958 
f 1006//1006 1007//1007 958//958 
f 1007//1007 1008//1008 958//958 
f 1008//1008 1009//1009 958//958 
f 1009//1009 1010//1010 958//958 
f 1010//1010 1011//1011 958//958 
f 1011//1011 1012//1012 958//958 
f 1012//1012 1013//1013 958//958 
f 1013//1013 1014//1014 958//958 
f 1014//1014 1015//1015 958//958 
f 1015//1015 1016//1016 958//958 
f 1016//1016 959//959 958//958 
v 1.60812e-18 -1.22465e-18 0.01 
v -0.264 -3.23307e-17 0.01 
v -0.264 -0.00108119 0.00994138 
v 1.32408e-19 -0.00108119 0.00994138 
v -0.264 -0.0021497 0.00976621 
v 2.63263e-19 -0.0021497 0.00976621 
v -0.264 -0.00319302 0.00947653 
v 3.91032e-19 -0.00319302 0.00947653 
v -0.264 -0.00419889 0.00907575 
v 5.14216e-19 -0.00419889 0.00907575 
v -0.264 -0.00515554 0.00856857 
v 6.31371e-19 -0.00515554 0.00856857 
v -0.264 -0.00605174 0.00796093 
v 7.41125e-19 -0.00605174 0.00796093 
v -0.264 -0.00687699 0.00725995 
v 8.42189e-19 -0.00687699 0.00725995 
v -0.264 -0.00762162 0.00647386 
v 9.33379e-19 -0.00762162 0.00647386 
v -0.264 -0.00827689 0.00561187 
v 1.01363e-18 -0.00827689 -0.00561187 
v -0.264 -0.00827689 -0.00561187 
v -0.264 -0.00762162 -0.00647386 
v 9.33379e-19 -0.00762162 -0.00647386 
v -0.264 -0.00687699 -0.00725995 
v 8.42189e-19 -0.00687699 -0.00725995 
v -0.264 -0.00605174 -0.00796093 
v 7.41125e-19 -0.00605174 -0.00796093 
v -0.264 -0.00515554 -0.00856857 
v 6.31371e-19 -0.00515554 -0.00856857 
v -0.264 -0.00419889 -0.00907575 
v 5.14216e-19 -0.00419889 -0.00907575 
v -0.264 -0.00319302 -0.00947653 
v 3.91032e-19 -0.00319302 -0.00947653 
v -0.264 -0.0021497 -0.00976621 
v 2.63263e-19 -0.0021497 -0.00976621 
v -0.264 -0.00108119 -0.00994138 
v 1.32408e-19 -0.00108119 -0.00994138 
v -0.264 -3.1106e-17 -0.01 
v -0.00108119 0.00108119 0.00994138 
v -0.264 0.00108119 0.00994138 
v -0.0021497 0.0021497 0.00976621 
v -0.264 0.0021497 0.00976621 
v -0.00319302 0.00319302 0.00947653 
v -0.264 0.00319302 0.00947653 
v -0.00419889 0.00419889 0.00907575 
v -0.264 0.00419889 0.00907575 
v -0.00515554 0.00515554 0.00856857 
v -0.264 0.00515554 0.00856857 
v -0.00605174 0.00605174 0.00796093 
v -0.264 0.00605174 0.00796093 
v -0.00687699 0.00687699 0.00725995 
v -0.264 0.00687699 0.00725995 
v -0.00762162 0.00762162 0.00647386 
v -0.264 0.00762162 0.00647386 
v -0.00796093 0.00796093 0.00605174 
v -0.264 0.00827689 0.00561187 
v -0.264 0.00762162 -0.00647386 
v -0.264 0.00827689 -0.00561187 
v -0.00827689 0.00827689 -0.00561187 
v -0.00796093 0.00796093 -0.00605174 
v -0.264 0.00687699 -0.00725995 
v -0.00762162 0.00762162 -0.00647386 
v -0.264 0.00605174 -0.00796093 
v -0.00687699 0.00687699 -0.00725995 
v -0.264 0.00515554 -0.00856857 
v -0.00605174 0.00605174 -0.00796093 
v -0.264 0.00419889 -0.00907575 
v -0.00515554 0.00515554 -0.00856857 
v -0.264 0.00319302 -0.00947653 
v -0.00419889 0.00419889 -0.00907575 
v -0.264 0.0021497 -0.00976621 
v -0.00319302 0.00319302 -0.00947653 
v -0.264 0.00108119 -0.00994138 
v -0.0021497 0.0021497 -0.00976621 
v -0.00108119 0.00108119 -0.00994138 
v -0.00287181 -0.00883405 0.00468352 
v -0.261353 -0.00876115 0.00482103 
v -0.261168 -0.00882145 0.00470702 
v -0.261838 -0.00862689 0.00505734 
v -0.261693 -0.00866705 0.00498667 
v -0.000905864 -0.00840063 0.00542489 
v -0.000594155 -0.00837535 0.00546375 
v 1.01363e-18 -0.00827689 0.00561187 
v -0.00136066 -0.00846176 0.00532904 
v -0.00118137 -0.00843766 0.00536682 
v -0.00177004 -0.00853716 0.0052074 
v -0.001756 -0.00853457 0.00521157 
v -0.00223199 -0.00864476 0.00502675 
v -0.00268719 -0.00877331 0.00479886 
v -0.00230792 -0.0086662 0.00498873 
v -0.262343 -0.00851445 0.00524445 
v -0.262245 -0.00853621 0.00520823 
v -0.263052 -0.00840533 0.0054176 
v -0.262819 -0.00843793 0.00536635 
v -0.00283261 -0.00882116 0.00470801 
v -0.262585 -0.00847067 0.00531486 
v -0.000453924 -0.00836397 0.00548124 
v -0.263522 -0.0083653 0.00547922 
v -0.263406 -0.0083752 0.00546397 
v 1.02278e-18 -0.00835165 0.0055 
v -0.264 -0.00835165 0.0055 
v -0.00406586 -0.00928913 0.00370114 
v -0.260428 -0.00908349 0.00418213 
v -0.260223 -0.00916807 0.00398779 
v -0.260021 -0.00925118 0.0037968 
v -0.26088 -0.00891555 0.00452912 
v -0.260676 -0.00899125 0.00437272 
v -0.26113 -0.00883392 0.00468345 
v -0.0032007 -0.00894396 0.00447276 
v -0.00313411 -0.00892035 0.00451966 
v -0.00363879 -0.00910993 0.00412423 
v -0.00332486 -0.008991 0.00437398 
v -0.00404143 -0.0092781 0.00373052 
v -0.00377779 -0.00916799 0.00398831 
v -0.259938 -0.0092881 0.00370074 
v -0.00440611 -0.00944266 0.00329184 
v -0.00418644 -0.00934353 0.00355609 
v -0.00471244 -0.00958942 0.00283601 
v -0.00454664 -0.00950999 0.00308273 
v -0.00479915 -0.0096329 0.00267458 
v -0.259601 -0.00943912 0.00330196 
v -0.259453 -0.00951012 0.00308296 
v -0.259658 -0.00941293 0.00337591 
v -0.259813 -0.00934367 0.00355614 
v -0.259305 -0.009581 0.00286434 
v -0.259201 -0.00963294 0.00267458 
v -0.00496651 -0.0097168 0.002363 
v -0.00485361 -0.0096602 0.00257318 
v -0.00525295 -0.00986639 0.00161754 
v -0.259058 -0.00970426 0.00241398 
v -0.258894 -0.00978919 0.00203442 
v -0.258858 -0.00980767 0.00195182 
v -0.00517356 -0.00982424 0.00186663 
v -0.00510395 -0.00978812 0.0020335 
v -0.0052254 -0.00985164 0.00171617 
v -0.259145 -0.00966057 0.00257361 
v -0.258745 -0.0098672 0.00161763 
v -0.00535816 -0.0099227 0.00124101 
v -0.0052942 -0.00988846 0.00146992 
v -0.00544762 -0.00997129 0.00075728 
v -0.00542326 -0.00995805 0.000889008 
v -0.00546777 -0.00998233 0.000541235 
v -0.258607 -0.00994147 0.00108036 
v -0.258577 -0.00995768 0.000889031 
v -0.258534 -0.00998152 0.000607674 
v -0.258724 -0.00987836 0.001555 
v -0.258704 -0.00988958 0.00147064 
v -0.258529 -0.00998399 0.000541339 
v -0.00547082 -0.00998399 -0.000541339 
v -0.258506 -0.00999653 -0.00026328 
v -0.25851 -0.00999478 -0.000297629 
v -0.00549369 -0.00999653 0.00026328 
v -0.00549049 -0.00999478 0.000297629 
v -0.00548735 -0.00999306 -0.000297454 
v -0.258513 -0.00999306 0.000297454 
v -0.00549833 -0.00999908 -0.000135506 
v -0.258502 -0.00999908 0.000135506 
v -0.00525452 -0.0098672 -0.00161763 
v -0.258642 -0.0099227 -0.00124101 
v -0.258706 -0.00988846 -0.00146992 
v -0.258552 -0.00997129 -0.00075728 
v -0.258577 -0.00995805 -0.000889008 
v -0.258532 -0.00998233 -0.000541235 
v -0.00539285 -0.00994147 -0.00108036 
v -0.00542259 -0.00995768 -0.000889031 
v -0.00546633 -0.00998152 -0.000607674 
v -0.0052756 -0.00987836 -0.001555 
v -0.00529644 -0.00988958 -0.00147064 
v -0.0047992 -0.00963294 -0.00267458 
v -0.259033 -0.0097168 -0.002363 
v -0.259146 -0.0096602 -0.00257318 
v -0.258747 -0.00986639 -0.00161754 
v -0.00494193 -0.00970426 -0.00241398 
v -0.00510626 -0.00978919 -0.00203442 
v -0.00514202 -0.00980767 -0.00195182 
v -0.258826 -0.00982424 -0.00186663 
v -0.258896 -0.00978812 -0.0020335 
v -0.258775 -0.00985164 -0.00171617 
v -0.0048545 -0.00966057 -0.00257361 
v -0.00406204 -0.0092881 -0.00370074 
v -0.259594 -0.00944266 -0.00329184 
v -0.259814 -0.00934353 -0.00355609 
v -0.259288 -0.00958942 -0.00283601 
v -0.259453 -0.00950999 -0.00308273 
v -0.259201 -0.0096329 -0.00267458 
v -0.00439853 -0.00943912 -0.00330196 
v -0.00454703 -0.00951012 -0.00308296 
v -0.00434203 -0.00941293 -0.00337591 
v -0.00418668 -0.00934367 -0.00355614 
v -0.00469527 -0.009581 -0.00286434 
v -0.259934 -0.00928913 -0.00370114 
v -0.00357209 -0.00908349 -0.00418213 
v -0.00377743 -0.00916807 -0.00398779 
v -0.00397924 -0.00925118 -0.0037968 
v -0.00312042 -0.00891555 -0.00452912 
v -0.00332401 -0.00899125 -0.00437272 
v -0.00287024 -0.00883392 -0.00468345 
v -0.260799 -0.00894396 -0.00447276 
v -0.260866 -0.00892035 -0.00451966 
v -0.260361 -0.00910993 -0.00412423 
v -0.260675 -0.008991 -0.00437398 
v -0.259959 -0.0092781 -0.00373052 
v -0.260222 -0.00916799 -0.00398831 
v -0.261128 -0.00883405 -0.00468352 
v -0.00264721 -0.00876115 -0.00482103 
v -0.00283203 -0.00882145 -0.00470702 
v -0.00216178 -0.00862689 -0.00505734 
v -0.00230696 -0.00866705 -0.00498667 
v -0.263094 -0.00840063 -0.00542489 
v -0.263406 -0.00837535 -0.00546375 
v -0.262639 -0.00846176 -0.00532904 
v -0.262819 -0.00843766 -0.00536682 
v -0.26223 -0.00853716 -0.0052074 
v -0.262244 -0.00853457 -0.00521157 
v -0.261768 -0.00864476 -0.00502675 
v -0.261313 -0.00877331 -0.00479886 
v -0.261692 -0.0086662 -0.00498873 
v -0.00165704 -0.00851445 -0.00524445 
v -0.00175473 -0.00853621 -0.00520823 
v -0.000948459 -0.00840533 -0.0054176 
v -0.00118122 -0.00843793 -0.00536635 
v -0.261167 -0.00882116 -0.00470801 
v -0.00141501 -0.00847067 -0.00531486 
v -0.263546 -0.00836397 -0.00548124 
v -0.000477674 -0.0083653 -0.00547922 
v -0.000594159 -0.0083752 -0.00546397 
v -0.264 -0.00835165 -0.0055 
v 1.02278e-18 -0.00835165 -0.0055 
v -0.00883512 0.00883512 -0.00468408 
v -0.261353 0.00876115 -0.00482103 
v -0.261168 0.00882145 -0.00470702 
v -0.261838 0.00862689 -0.00505734 
v -0.261693 0.00866705 -0.00498667 
v -0.262343 0.00851445 -0.00524445 
v -0.262245 0.00853621 -0.00520823 
v -0.263052 0.00840533 -0.0054176 
v -0.262819 0.00843793 -0.00536635 
v -0.00856857 0.00856857 -0.00515554 
v -0.262585 0.00847067 -0.00531486 
v -0.263522 0.0083653 -0.00547922 
v -0.263406 0.0083752 -0.00546397 
v -0.264 0.00835165 -0.0055 
v -0.00928977 0.00928977 -0.00370138 
v -0.260428 0.00908349 -0.00418213 
v -0.260223 0.00916807 -0.00398779 
v -0.260021 0.00925118 -0.0037968 
v -0.26088 0.00891555 -0.00452912 
v -0.260676 0.00899125 -0.00437272 
v -0.00907575 0.00907575 -0.00419889 
v -0.26113 0.00883392 -0.00468345 
v -0.0096355 0.0096355 -0.00267528 
v -0.259601 0.00943912 -0.00330196 
v -0.259453 0.00951012 -0.00308296 
v -0.259658 0.00941293 -0.00337591 
v -0.00947653 0.00947653 -0.00319302 
v -0.259938 0.0092881 -0.00370074 
v -0.259813 0.00934367 -0.00355614 
v -0.259305 0.009581 -0.00286434 
v -0.00986827 0.00986827 -0.00161782 
v -0.259058 0.00970426 -0.00241398 
v -0.258894 0.00978919 -0.00203442 
v -0.258858 0.00980767 -0.00195182 
v -0.00976621 0.00976621 -0.0021497 
v -0.259201 0.00963294 -0.00267458 
v -0.259145 0.00966057 -0.00257361 
v -0.00998533 0.00998533 -0.000541389 
v -0.258607 0.00994147 -0.00108036 
v -0.258577 0.00995768 -0.000889031 
v -0.258534 0.00998152 -0.000607674 
v -0.258724 0.00987836 -0.001555 
v -0.258704 0.00988958 -0.00147064 
v -0.00994138 0.00994138 -0.00108119 
v -0.258745 0.0098672 -0.00161763 
v -0.00998533 0.00998533 0.000541389 
v -0.258506 0.00999653 0.00026328 
v -0.25851 0.00999478 0.000297629 
v -0.01 0.01 -1.73334e-33 
v -0.258529 0.00998399 -0.000541339 
v -0.258513 0.00999306 -0.000297454 
v -0.258502 0.00999908 -0.000135506 
v -0.00986827 0.00986827 0.00161782 
v -0.258642 0.0099227 0.00124101 
v -0.258706 0.00988846 0.00146992 
v -0.258552 0.00997129 0.00075728 
v -0.258577 0.00995805 0.000889008 
v -0.00994138 0.00994138 0.00108119 
v -0.258532 0.00998233 0.000541235 
v -0.0096355 0.0096355 0.00267528 
v -0.259033 0.0097168 0.002363 
v -0.259146 0.0096602 0.00257318 
v -0.258826 0.00982424 0.00186663 
v -0.258896 0.00978812 0.0020335 
v -0.00976621 0.00976621 0.0021497 
v -0.258747 0.00986639 0.00161754 
v -0.258775 0.00985164 0.00171617 
v -0.00928977 0.00928977 0.00370138 
v -0.259594 0.00944266 0.00329184 
v -0.259814 0.00934353 0.00355609 
v -0.259288 0.00958942 0.00283601 
v -0.259453 0.00950999 0.00308273 
v -0.00947653 0.00947653 0.00319302 
v -0.259201 0.0096329 0.00267458 
v -0.00883512 0.00883512 0.00468408 
v -0.260799 0.00894396 0.00447276 
v -0.260866 0.00892035 0.00451966 
v -0.260361 0.00910993 0.00412423 
v -0.260675 0.008991 0.00437398 
v -0.259959 0.0092781 0.00373052 
v -0.260222 0.00916799 0.00398831 
v -0.00907575 0.00907575 0.00419889 
v -0.259934 0.00928913 0.00370114 
v -0.00827689 0.00827689 0.00561187 
v -0.263094 0.00840063 0.00542489 
v -0.263406 0.00837535 0.00546375 
v -0.262639 0.00846176 0.00532904 
v -0.262819 0.00843766 0.00536682 
v -0.26223 0.00853716 0.0052074 
v -0.262244 0.00853457 0.00521157 
v -0.261768 0.00864476 0.00502675 
v -0.261313 0.00877331 0.00479886 
v -0.261692 0.0086662 0.00498873 
v -0.00856857 0.00856857 0.00515554 
v -0.261128 0.00883405 0.00468352 
v -0.261167 0.00882116 0.00470801 
v -0.263546 0.00836397 0.00548124 
v -0.264 0.00835165 0.0055 
v -7.4988e-35 6.12323e-19 -0.01 
vn -1.50949e-47 1.2326e-31 1 
vn -1.50949e-47 1.2326e-31 1 
vn 1.32408e-17 -0.108119 0.994138 
vn 1.32408e-17 -0.108119 0.994138 
vn 2.63263e-17 -0.21497 0.976621 
vn 2.63263e-17 -0.21497 0.976621 
vn 3.91032e-17 -0.319302 0.947653 
vn 3.91032e-17 -0.319302 0.947653 
vn 5.14216e-17 -0.419889 0.907575 
vn 5.14216e-17 -0.419889 0.907575 
vn 6.31371e-17 -0.515554 0.856857 
vn 6.31371e-17 -0.515554 0.856857 
vn 7.41125e-17 -0.605174 0.796093 
vn 7.41125e-17 -0.605174 0.796093 
vn 8.42189e-17 -0.687699 0.725995 
vn 8.42189e-17 -0.687699 0.725995 
vn 9.33379e-17 -0.762162 0.647386 
vn 9.33379e-17 -0.762162 0.647386 
vn 1.01363e-16 -0.827689 0.561187 
vn 1.01363e-16 -0.827689 -0.561187 
vn 1.01363e-16 -0.827689 -0.561187 
vn 9.33379e-17 -0.762162 -0.647386 
vn 9.33379e-17 -0.762162 -0.647386 
vn 8.42189e-17 -0.687699 -0.725995 
vn 8.42189e-17 -0.687699 -0.725995 
vn 7.41125e-17 -0.605174 -0.796093 
vn 7.41125e-17 -0.605174 -0.796093 
vn 6.31371e-17 -0.515554 -0.856857 
vn 6.31371e-17 -0.515554 -0.856857 
vn 5.14216e-17 -0.419889 -0.907575 
vn 5.14216e-17 -0.419889 -0.907575 
vn 3.91032e-17 -0.319302 -0.947653 
vn 3.91032e-17 -0.319302 -0.947653 
vn 2.63263e-17 -0.21497 -0.976621 
vn 2.63263e-17 -0.21497 -0.976621 
vn 1.32408e-17 -0.108119 -0.994138 
vn 1.32408e-17 -0.108119 -0.994138 
vn -1.49976e-32 1.22465e-16 -1 
vn 0 0.108119 0.994138 
vn 0 0.108119 0.994138 
vn 0 0.21497 0.976621 
vn 0 0.21497 0.976621 
vn 0 0.319302 0.947653 
vn 0 0.319302 0.947653 
vn 0 0.419889 0.907575 
vn 0 0.419889 0.907575 
vn 0 0.515554 0.856857 
vn 0 0.515554 0.856857 
vn 0 0.605174 0.796093 
vn 0 0.605174 0.796093 
vn 0 0.687699 0.725995 
vn 0 0.687699 0.725995 
vn 0 0.762162 0.647386 
vn 0 0.762162 0.647386 
vn 0 0.796093 0.605174 
vn -1.01363e-16 0.827689 0.561187 
vn -9.33379e-17 0.762162 -0.647386 
vn -1.01363e-16 0.827689 -0.561187 
vn -1.01363e-16 0.827689 -0.561187 
vn 0 0.796093 -0.605174 
vn -8.42189e-17 0.687699 -0.725995 
vn 0 0.762162 -0.647386 
vn -7.41125e-17 0.605174 -0.796093 
vn 0 0.687699 -0.725995 
vn -6.31371e-17 0.515554 -0.856857 
vn 0 0.605174 -0.796093 
vn -5.14216e-17 0.419889 -0.907575 
vn 0 0.515554 -0.856857 
vn -3.91032e-17 0.319302 -0.947653 
vn 0 0.419889 -0.907575 
vn -2.63263e-17 0.21497 -0.976621 
vn 0 0.319302 -0.947653 
vn -1.32408e-17 0.108119 -0.994138 
vn 0 0.21497 -0.976621 
vn -1.32408e-17 0.108119 -0.994138 
vn 0 -0.883512 0.468409 
vn 8.67362e-17 -0.876115 0.482103 
vn 8.67362e-17 -0.88226 0.470763 
vn 8.67362e-17 -0.862689 0.505734 
vn 8.67362e-17 -0.866772 0.498705 
vn 0 -0.840063 0.542489 
vn 0 -0.837539 0.546378 
vn 1.01363e-16 -0.827689 0.561187 
vn 0 -0.846176 0.532904 
vn 0 -0.843779 0.53669 
vn 0 -0.853716 0.52074 
vn 0 -0.85346 0.521158 
vn 0 -0.864476 0.502675 
vn 0 -0.877331 0.479886 
vn 0 -0.866661 0.498897 
vn 1.0842e-16 -0.851445 0.524445 
vn 1.0842e-16 -0.853653 0.520843 
vn 9.75782e-17 -0.840533 0.54176 
vn 1.0842e-16 -0.843808 0.536644 
vn 0 -0.882212 0.470853 
vn 1.0842e-16 -0.847067 0.531486 
vn 0 -0.836397 0.548124 
vn 1.02999e-16 -0.83653 0.547922 
vn 9.75782e-17 -0.837524 0.5464 
vn 1.02278e-16 -0.835165 0.55 
vn 1.02278e-16 -0.835165 0.55 
vn 0 -0.928976 0.370139 
vn 1.30104e-16 -0.908349 0.418213 
vn 1.30104e-16 -0.917009 0.398867 
vn 8.67362e-17 -0.925118 0.37968 
vn 1.30104e-16 -0.891555 0.452912 
vn 1.30104e-16 -0.89929 0.437352 
vn 8.67362e-17 -0.883512 0.468409 
vn 0 -0.894396 0.447276 
vn 0 -0.892035 0.451966 
vn 0 -0.910993 0.412423 
vn 0 -0.899236 0.437464 
vn 0 -0.92781 0.373052 
vn 0 -0.916988 0.398914 
vn 8.67362e-17 -0.928976 0.37014 
vn 0 -0.944266 0.329184 
vn 0 -0.934599 0.355703 
vn 0 -0.958942 0.283601 
vn 0 -0.95127 0.308361 
vn 0 -0.963549 0.26753 
vn 8.67362e-17 -0.943912 0.330196 
vn 8.67362e-17 -0.951264 0.308378 
vn 8.67362e-17 -0.941293 0.337591 
vn 8.67362e-17 -0.934599 0.355702 
vn 8.67362e-17 -0.9581 0.286434 
vn 8.67362e-17 -0.96355 0.267529 
vn 0 -0.97168 0.2363 
vn 0 -0.966306 0.257395 
vn 0 -0.986826 0.161785 
vn 8.67362e-17 -0.970426 0.241398 
vn 8.67362e-17 -0.97908 0.203475 
vn 8.67362e-17 -0.980767 0.195182 
vn 0 -0.982424 0.186663 
vn 0 -0.979094 0.203409 
vn 0 -0.985164 0.171617 
vn 8.67362e-17 -0.966298 0.257425 
vn 8.67362e-17 -0.986827 0.161781 
vn 0 -0.99227 0.124101 
vn 0 -0.989131 0.147034 
vn 0 -0.997129 0.075728 
vn 0 -0.996039 0.0889216 
vn 0 -0.998533 0.0541398 
vn 8.67362e-17 -0.994147 0.108036 
vn 8.67362e-17 -0.996038 0.0889272 
vn 8.67362e-17 -0.998152 0.0607674 
vn 8.67362e-17 -0.987836 0.1555 
vn 8.67362e-17 -0.989123 0.147089 
vn 8.67362e-17 -0.998533 0.0541412 
vn 0 -0.998533 -0.0541412 
vn 8.67362e-17 -0.999653 -0.026328 
vn 8.67362e-17 -0.999557 -0.0297653 
vn 0 -0.999653 0.026328 
vn 0 -0.999557 0.0297653 
vn 0 -0.999557 -0.0297528 
vn 8.67362e-17 -0.999557 0.0297528 
vn 0 -0.999908 -0.0135506 
vn 8.67362e-17 -0.999908 0.0135506 
vn 0 -0.986827 -0.161781 
vn 8.67362e-17 -0.99227 -0.124101 
vn 8.67362e-17 -0.989131 -0.147034 
vn 8.67362e-17 -0.997129 -0.075728 
vn 8.67362e-17 -0.996039 -0.0889216 
vn 8.67362e-17 -0.998533 -0.0541398 
vn 0 -0.994147 -0.108036 
vn 0 -0.996038 -0.0889272 
vn 0 -0.998152 -0.0607674 
vn 0 -0.987836 -0.1555 
vn 0 -0.989123 -0.147089 
vn 0 -0.96355 -0.267529 
vn 8.67362e-17 -0.97168 -0.2363 
vn 8.67362e-17 -0.966306 -0.257395 
vn 8.67362e-17 -0.986826 -0.161785 
vn 0 -0.970426 -0.241398 
vn 0 -0.97908 -0.203475 
vn 0 -0.980767 -0.195182 
vn 8.67362e-17 -0.982424 -0.186663 
vn 8.67362e-17 -0.979094 -0.203409 
vn 8.67362e-17 -0.985164 -0.171617 
vn 0 -0.966298 -0.257425 
vn 0 -0.928976 -0.37014 
vn 8.67362e-17 -0.944266 -0.329184 
vn 8.67362e-17 -0.934599 -0.355703 
vn 8.67362e-17 -0.958942 -0.283601 
vn 8.67362e-17 -0.95127 -0.308361 
vn 8.67362e-17 -0.963549 -0.26753 
vn 0 -0.943912 -0.330196 
vn 0 -0.951264 -0.308378 
vn 0 -0.941293 -0.337591 
vn 0 -0.934599 -0.355702 
vn 0 -0.9581 -0.286434 
vn 8.67362e-17 -0.928976 -0.370139 
vn 0 -0.908349 -0.418213 
vn 0 -0.917009 -0.398867 
vn 0 -0.925118 -0.37968 
vn 0 -0.891555 -0.452912 
vn 0 -0.89929 -0.437352 
vn 0 -0.883512 -0.468409 
vn 1.30104e-16 -0.894396 -0.447276 
vn 1.30104e-16 -0.892035 -0.451966 
vn 1.30104e-16 -0.910993 -0.412423 
vn 1.30104e-16 -0.899236 -0.437464 
vn 8.67362e-17 -0.92781 -0.373052 
vn 1.30104e-16 -0.916988 -0.398914 
vn 8.67362e-17 -0.883512 -0.468409 
vn 0 -0.876115 -0.482103 
vn 0 -0.88226 -0.470763 
vn 0 -0.862689 -0.505734 
vn 0 -0.866772 -0.498705 
vn 9.75782e-17 -0.840063 -0.542489 
vn 9.75782e-17 -0.837539 -0.546378 
vn 1.0842e-16 -0.846176 -0.532904 
vn 1.0842e-16 -0.843779 -0.53669 
vn 1.0842e-16 -0.853716 -0.52074 
vn 1.0842e-16 -0.85346 -0.521158 
vn 8.67362e-17 -0.864476 -0.502675 
vn 8.67362e-17 -0.877331 -0.479886 
vn 8.67362e-17 -0.866661 -0.498897 
vn 0 -0.851445 -0.524445 
vn 0 -0.853653 -0.520843 
vn 0 -0.840533 -0.54176 
vn 0 -0.843808 -0.536644 
vn 8.67362e-17 -0.882212 -0.470853 
vn 0 -0.847067 -0.531486 
vn 1.02999e-16 -0.836397 -0.548124 
vn 0 -0.83653 -0.547922 
vn 0 -0.837524 -0.5464 
vn 1.02278e-16 -0.835165 -0.55 
vn 0 -0.835165 -0.55 
vn 0 0.883512 -0.468408 
vn -8.67362e-17 0.876115 -0.482103 
vn -8.67362e-17 0.88226 -0.470763 
vn -8.67362e-17 0.862689 -0.505734 
vn -8.67362e-17 0.866772 -0.498705 
vn -1.0842e-16 0.851445 -0.524445 
vn -1.0842e-16 0.853653 -0.520843 
vn -9.75782e-17 0.840533 -0.54176 
vn -1.0842e-16 0.843808 -0.536644 
vn 0 0.856857 -0.515554 
vn -1.0842e-16 0.847067 -0.531486 
vn -1.02999e-16 0.83653 -0.547922 
vn -9.75782e-17 0.837524 -0.5464 
vn -1.02278e-16 0.835165 -0.55 
vn 0 0.928977 -0.370138 
vn -1.30104e-16 0.908349 -0.418213 
vn -1.30104e-16 0.917009 -0.398867 
vn -8.67362e-17 0.925118 -0.37968 
vn -1.30104e-16 0.891555 -0.452912 
vn -1.30104e-16 0.89929 -0.437352 
vn 0 0.907575 -0.419889 
vn -8.67362e-17 0.883512 -0.468409 
vn 0 0.96355 -0.267528 
vn -8.67362e-17 0.943912 -0.330196 
vn -8.67362e-17 0.951264 -0.308378 
vn -8.67362e-17 0.941293 -0.337591 
vn 0 0.947653 -0.319302 
vn -8.67362e-17 0.928976 -0.37014 
vn -8.67362e-17 0.934599 -0.355702 
vn -8.67362e-17 0.9581 -0.286434 
vn 0 0.986827 -0.161782 
vn -8.67362e-17 0.970426 -0.241398 
vn -8.67362e-17 0.97908 -0.203475 
vn -8.67362e-17 0.980767 -0.195182 
vn 0 0.976621 -0.21497 
vn -8.67362e-17 0.96355 -0.267529 
vn -8.67362e-17 0.966298 -0.257425 
vn 0 0.998533 -0.0541389 
vn -8.67362e-17 0.994147 -0.108036 
vn -8.67362e-17 0.996038 -0.0889272 
vn -8.67362e-17 0.998152 -0.0607674 
vn -8.67362e-17 0.987836 -0.1555 
vn -8.67362e-17 0.989123 -0.147089 
vn 0 0.994138 -0.108119 
vn -8.67362e-17 0.986827 -0.161781 
vn 0 0.998533 0.0541389 
vn -8.67362e-17 0.999653 0.026328 
vn -8.67362e-17 0.999557 0.0297653 
vn 0 1 6.12323e-17 
vn -8.67362e-17 0.998533 -0.0541412 
vn -8.67362e-17 0.999557 -0.0297528 
vn -8.67362e-17 0.999908 -0.0135506 
vn 0 0.986827 0.161782 
vn -8.67362e-17 0.99227 0.124101 
vn -8.67362e-17 0.989131 0.147034 
vn -8.67362e-17 0.997129 0.075728 
vn -8.67362e-17 0.996039 0.0889216 
vn 0 0.994138 0.108119 
vn -8.67362e-17 0.998533 0.0541398 
vn 0 0.96355 0.267528 
vn -8.67362e-17 0.97168 0.2363 
vn -8.67362e-17 0.966306 0.257395 
vn -8.67362e-17 0.982424 0.186663 
vn -8.67362e-17 0.979094 0.203409 
vn 0 0.976621 0.21497 
vn -8.67362e-17 0.986826 0.161785 
vn -8.67362e-17 0.985164 0.171617 
vn 0 0.928977 0.370138 
vn -8.67362e-17 0.944266 0.329184 
vn -8.67362e-17 0.934599 0.355703 
vn -8.67362e-17 0.958942 0.283601 
vn -8.67362e-17 0.95127 0.308361 
vn 0 0.947653 0.319302 
vn -8.67362e-17 0.963549 0.26753 
vn 0 0.883512 0.468408 
vn -1.30104e-16 0.894396 0.447276 
vn -1.30104e-16 0.892035 0.451966 
vn -1.30104e-16 0.910993 0.412423 
vn -1.30104e-16 0.899236 0.437464 
vn -8.67362e-17 0.92781 0.373052 
vn -1.30104e-16 0.916988 0.398914 
vn 0 0.907575 0.419889 
vn -8.67362e-17 0.928976 0.370139 
vn 0 0.827689 0.561187 
vn -9.75782e-17 0.840063 0.542489 
vn -9.75782e-17 0.837539 0.546378 
vn -1.0842e-16 0.846176 0.532904 
vn -1.0842e-16 0.843779 0.53669 
vn -1.0842e-16 0.853716 0.52074 
vn -1.0842e-16 0.85346 0.521158 
vn -8.67362e-17 0.864476 0.502675 
vn -8.67362e-17 0.877331 0.479886 
vn -8.67362e-17 0.866661 0.498897 
vn 0 0.856857 0.515554 
vn -8.67362e-17 0.883512 0.468409 
vn -8.67362e-17 0.882212 0.470853 
vn -1.02999e-16 0.836397 0.548124 
vn -1.02278e-16 0.835165 0.55 
vn -1.49976e-32 1.22465e-16 -1 
f 1017//1017 1018//1018 1019//1019 
f 1020//1020 1019//1019 1021//1021 
f 1022//1022 1021//1021 1023//1023 
f 1024//1024 1023//1023 1025//1025 
f 1026//1026 1025//1025 1027//1027 
f 1028//1028 1027//1027 1029//1029 
f 1030//1030 1029//1029 1031//1031 
f 1032//1032 1031//1031 1033//1033 
f 1034//1034 1033//1033 1035//1035 
f 1036//1036 1037//1037 1038//1038 
f 1039//1039 1038//1038 1040//1040 
f 1041//1041 1040//1040 1042//1042 
f 1043//1043 1042//1042 1044//1044 
f 1045//1045 1044//1044 1046//1046 
f 1047//1047 1046//1046 1048//1048 
f 1049//1049 1048//1048 1050//1050 
f 1051//1051 1050//1050 1052//1052 
f 1053//1053 1052//1052 1054//1054 
f 1018//1018 1017//1017 1055//1055 
f 1056//1056 1055//1055 1057//1057 
f 1058//1058 1057//1057 1059//1059 
f 1060//1060 1059//1059 1061//1061 
f 1062//1062 1061//1061 1063//1063 
f 1064//1064 1063//1063 1065//1065 
f 1066//1066 1065//1065 1067//1067 
f 1068//1068 1067//1067 1069//1069 
f 1070//1070 1069//1069 1071//1071 
f 1071//1071 1072//1072 1070//1070 
f 1073//1073 1074//1074 1075//1075 
f 1075//1075 1076//1076 1073//1073 
f 1077//1077 1073//1073 1078//1078 
f 1079//1079 1077//1077 1080//1080 
f 1081//1081 1079//1079 1082//1082 
f 1083//1083 1081//1081 1084//1084 
f 1085//1085 1083//1083 1086//1086 
f 1087//1087 1085//1085 1088//1088 
f 1089//1089 1087//1087 1090//1090 
f 1054//1054 1089//1089 1091//1091 
f 1092//1092 1093//1093 1094//1094 
f 1092//1092 1095//1095 1096//1096 
f 1096//1096 1093//1093 1092//1092 
f 1035//1035 1097//1097 1098//1098 
f 1098//1098 1099//1099 1035//1035 
f 1035//1035 1100//1100 1101//1101 
f 1035//1035 1102//1102 1103//1103 
f 1035//1035 1104//1104 1102//1102 
f 1103//1103 1100//1100 1035//1035 
f 1035//1035 1105//1105 1106//1106 
f 1092//1092 1107//1107 1108//1108 
f 1092//1092 1109//1109 1110//1110 
f 1111//1111 1035//1035 1109//1109 
f 1109//1109 1092//1092 1111//1111 
f 1111//1111 1105//1105 1035//1035 
f 1110//1110 1112//1112 1092//1092 
f 1112//1112 1107//1107 1092//1092 
f 1108//1108 1095//1095 1092//1092 
f 1106//1106 1104//1104 1035//1035 
f 1101//1101 1097//1097 1035//1035 
f 1098//1098 1113//1113 1099//1099 
f 1035//1035 1114//1114 1115//1115 
f 1115//1115 1109//1109 1035//1035 
f 1113//1113 1116//1116 1099//1099 
f 1035//1035 1117//1117 1114//1114 
f 1118//1118 1119//1119 1120//1120 
f 1120//1120 1121//1121 1118//1118 
f 1118//1118 1122//1122 1123//1123 
f 1123//1123 1119//1119 1118//1118 
f 1124//1124 1125//1125 1126//1126 
f 1124//1124 1127//1127 1128//1128 
f 1128//1128 1125//1125 1124//1124 
f 1124//1124 1129//1129 1130//1130 
f 1129//1129 1124//1124 1122//1122 
f 1122//1122 1118//1118 1129//1129 
f 1130//1130 1127//1127 1124//1124 
f 1126//1126 1092//1092 1124//1124 
f 1131//1131 1132//1132 1133//1133 
f 1131//1131 1134//1134 1135//1135 
f 1136//1136 1137//1137 1138//1138 
f 1136//1136 1139//1139 1137//1137 
f 1134//1134 1131//1131 1140//1140 
f 1140//1140 1136//1136 1134//1134 
f 1140//1140 1139//1139 1136//1136 
f 1138//1138 1141//1141 1136//1136 
f 1141//1141 1142//1142 1136//1136 
f 1135//1135 1132//1132 1131//1131 
f 1142//1142 1143//1143 1144//1144 
f 1145//1145 1146//1146 1147//1147 
f 1147//1147 1148//1148 1145//1145 
f 1142//1142 1149//1149 1150//1150 
f 1151//1151 1142//1142 1152//1152 
f 1152//1152 1145//1145 1151//1151 
f 1152//1152 1146//1146 1145//1145 
f 1151//1151 1149//1149 1142//1142 
f 1150//1150 1143//1143 1142//1142 
f 1148//1148 1153//1153 1145//1145 
f 1153//1153 1154//1154 1155//1155 
f 1153//1153 1156//1156 1157//1157 
f 1157//1157 1154//1154 1153//1153 
f 1158//1158 1159//1159 1160//1160 
f 1160//1160 1161//1161 1158//1158 
f 1158//1158 1162//1162 1163//1163 
f 1156//1156 1153//1153 1162//1162 
f 1162//1162 1158//1158 1156//1156 
f 1163//1163 1159//1159 1158//1158 
f 1161//1161 1164//1164 1158//1158 
f 1165//1165 1166//1166 1167//1167 
f 1164//1164 1168//1168 1169//1169 
f 1170//1170 1164//1164 1171//1171 
f 1171//1171 1165//1165 1170//1170 
f 1170//1170 1172//1172 1164//1164 
f 1171//1171 1173//1173 1165//1165 
f 1172//1172 1168//1168 1164//1164 
f 1173//1173 1166//1166 1165//1165 
f 1169//1169 1158//1158 1164//1164 
f 1174//1174 1175//1175 1176//1176 
f 1174//1174 1177//1177 1178//1178 
f 1178//1178 1175//1175 1174//1174 
f 1179//1179 1180//1180 1181//1181 
f 1181//1181 1182//1182 1179//1179 
f 1179//1179 1183//1183 1184//1184 
f 1177//1177 1174//1174 1183//1183 
f 1183//1183 1179//1179 1177//1177 
f 1184//1184 1180//1180 1179//1179 
f 1182//1182 1165//1165 1179//1179 
f 1185//1185 1186//1186 1187//1187 
f 1188//1188 1189//1189 1190//1190 
f 1190//1190 1191//1191 1188//1188 
f 1185//1185 1192//1192 1193//1193 
f 1194//1194 1185//1185 1195//1195 
f 1195//1195 1188//1188 1194//1194 
f 1195//1195 1189//1189 1188//1188 
f 1194//1194 1192//1192 1185//1185 
f 1193//1193 1186//1186 1185//1185 
f 1191//1191 1174//1174 1188//1188 
f 1196//1196 1197//1197 1198//1198 
f 1196//1196 1199//1199 1200//1200 
f 1201//1201 1202//1202 1203//1203 
f 1201//1201 1204//1204 1202//1202 
f 1199//1199 1196//1196 1205//1205 
f 1205//1205 1201//1201 1199//1199 
f 1205//1205 1204//1204 1201//1201 
f 1203//1203 1206//1206 1201//1201 
f 1206//1206 1185//1185 1201//1201 
f 1200//1200 1197//1197 1196//1196 
f 1207//1207 1208//1208 1209//1209 
f 1209//1209 1210//1210 1207//1207 
f 1207//1207 1211//1211 1212//1212 
f 1212//1212 1208//1208 1207//1207 
f 1213//1213 1214//1214 1215//1215 
f 1213//1213 1216//1216 1217//1217 
f 1217//1217 1214//1214 1213//1213 
f 1213//1213 1218//1218 1219//1219 
f 1218//1218 1213//1213 1211//1211 
f 1211//1211 1207//1207 1218//1218 
f 1219//1219 1216//1216 1213//1213 
f 1215//1215 1220//1220 1213//1213 
f 1220//1220 1221//1221 1222//1222 
f 1220//1220 1223//1223 1224//1224 
f 1224//1224 1221//1221 1220//1220 
f 1036//1036 1225//1225 1226//1226 
f 1226//1226 1037//1037 1036//1036 
f 1036//1036 1227//1227 1228//1228 
f 1036//1036 1229//1229 1230//1230 
f 1036//1036 1231//1231 1229//1229 
f 1230//1230 1227//1227 1036//1036 
f 1036//1036 1232//1232 1233//1233 
f 1220//1220 1234//1234 1235//1235 
f 1220//1220 1236//1236 1237//1237 
f 1238//1238 1036//1036 1236//1236 
f 1236//1236 1220//1220 1238//1238 
f 1238//1238 1232//1232 1036//1036 
f 1237//1237 1239//1239 1220//1220 
f 1239//1239 1234//1234 1220//1220 
f 1235//1235 1223//1223 1220//1220 
f 1233//1233 1231//1231 1036//1036 
f 1228//1228 1225//1225 1036//1036 
f 1226//1226 1240//1240 1037//1037 
f 1036//1036 1241//1241 1242//1242 
f 1242//1242 1236//1236 1036//1036 
f 1240//1240 1243//1243 1037//1037 
f 1036//1036 1244//1244 1241//1241 
f 1245//1245 1246//1246 1247//1247 
f 1245//1245 1248//1248 1249//1249 
f 1249//1249 1246//1246 1245//1245 
f 1245//1245 1250//1250 1251//1251 
f 1245//1245 1252//1252 1253//1253 
f 1254//1254 1074//1074 1252//1252 
f 1252//1252 1245//1245 1254//1254 
f 1253//1253 1255//1255 1245//1245 
f 1254//1254 1075//1075 1074//1074 
f 1255//1255 1250//1250 1245//1245 
f 1074//1074 1256//1256 1257//1257 
f 1257//1257 1252//1252 1074//1074 
f 1251//1251 1248//1248 1245//1245 
f 1074//1074 1258//1258 1256//1256 
f 1259//1259 1260//1260 1261//1261 
f 1261//1261 1262//1262 1259//1259 
f 1259//1259 1263//1263 1264//1264 
f 1264//1264 1260//1260 1259//1259 
f 1265//1265 1266//1266 1263//1263 
f 1263//1263 1259//1259 1265//1265 
f 1265//1265 1245//1245 1266//1266 
f 1267//1267 1268//1268 1269//1269 
f 1267//1267 1270//1270 1268//1268 
f 1271//1271 1272//1272 1273//1273 
f 1273//1273 1267//1267 1271//1271 
f 1273//1273 1270//1270 1267//1267 
f 1271//1271 1259//1259 1272//1272 
f 1269//1269 1274//1274 1267//1267 
f 1275//1275 1276//1276 1277//1277 
f 1277//1277 1278//1278 1275//1275 
f 1279//1279 1280//1280 1281//1281 
f 1281//1281 1275//1275 1279//1279 
f 1281//1281 1276//1276 1275//1275 
f 1279//1279 1267//1267 1280//1280 
f 1282//1282 1283//1283 1284//1284 
f 1284//1284 1285//1285 1282//1282 
f 1282//1282 1286//1286 1287//1287 
f 1288//1288 1289//1289 1286//1286 
f 1286//1286 1282//1282 1288//1288 
f 1288//1288 1275//1275 1289//1289 
f 1287//1287 1283//1283 1282//1282 
f 1290//1290 1291//1291 1292//1292 
f 1293//1293 1294//1294 1295//1295 
f 1295//1295 1290//1290 1293//1293 
f 1295//1295 1296//1296 1290//1290 
f 1293//1293 1282//1282 1294//1294 
f 1296//1296 1291//1291 1290//1290 
f 1297//1297 1298//1298 1299//1299 
f 1297//1297 1300//1300 1301//1301 
f 1301//1301 1298//1298 1297//1297 
f 1300//1300 1297//1297 1302//1302 
f 1302//1302 1303//1303 1300//1300 
f 1302//1302 1290//1290 1303//1303 
f 1304//1304 1305//1305 1306//1306 
f 1304//1304 1307//1307 1308//1308 
f 1304//1304 1309//1309 1310//1310 
f 1310//1310 1311//1311 1304//1304 
f 1309//1309 1297//1297 1310//1310 
f 1311//1311 1307//1307 1304//1304 
f 1308//1308 1305//1305 1304//1304 
f 1312//1312 1313//1313 1314//1314 
f 1312//1312 1315//1315 1316//1316 
f 1312//1312 1317//1317 1318//1318 
f 1318//1318 1315//1315 1312//1312 
f 1317//1317 1304//1304 1318//1318 
f 1316//1316 1313//1313 1312//1312 
f 1319//1319 1320//1320 1321//1321 
f 1319//1319 1322//1322 1323//1323 
f 1323//1323 1320//1320 1319//1319 
f 1319//1319 1324//1324 1325//1325 
f 1319//1319 1326//1326 1327//1327 
f 1327//1327 1324//1324 1319//1319 
f 1326//1326 1312//1312 1327//1327 
f 1325//1325 1322//1322 1319//1319 
f 1328//1328 1329//1329 1330//1330 
f 1330//1330 1072//1072 1328//1328 
f 1328//1328 1331//1331 1332//1332 
f 1328//1328 1333//1333 1334//1334 
f 1328//1328 1335//1335 1333//1333 
f 1334//1334 1331//1331 1328//1328 
f 1328//1328 1336//1336 1337//1337 
f 1328//1328 1338//1338 1339//1339 
f 1339//1339 1340//1340 1328//1328 
f 1340//1340 1336//1336 1328//1328 
f 1338//1338 1319//1319 1339//1339 
f 1337//1337 1335//1335 1328//1328 
f 1332//1332 1329//1329 1328//1328 
f 1330//1330 1341//1341 1072//1072 
f 1341//1341 1342//1342 1072//1072 
f 1321//1321 1339//1339 1319//1319 
f 1314//1314 1327//1327 1312//1312 
f 1306//1306 1318//1318 1304//1304 
f 1299//1299 1310//1310 1297//1297 
f 1292//1292 1303//1303 1290//1290 
f 1285//1285 1294//1294 1282//1282 
f 1278//1278 1289//1289 1275//1275 
f 1274//1274 1280//1280 1267//1267 
f 1262//1262 1272//1272 1259//1259 
f 1247//1247 1266//1266 1245//1245 
f 1222//1222 1213//1213 1220//1220 
f 1210//1210 1196//1196 1207//1207 
f 1198//1198 1207//1207 1196//1196 
f 1187//1187 1201//1201 1185//1185 
f 1176//1176 1188//1188 1174//1174 
f 1167//1167 1179//1179 1165//1165 
f 1155//1155 1145//1145 1153//1153 
f 1144//1144 1136//1136 1142//1142 
f 1133//1133 1118//1118 1131//1131 
f 1121//1121 1131//1131 1118//1118 
f 1094//1094 1124//1124 1092//1092 
f 1091//1091 1343//1343 1054//1054 
f 1090//1090 1091//1091 1089//1089 
f 1088//1088 1090//1090 1087//1087 
f 1086//1086 1088//1088 1085//1085 
f 1084//1084 1086//1086 1083//1083 
f 1082//1082 1084//1084 1081//1081 
f 1080//1080 1082//1082 1079//1079 
f 1078//1078 1080//1080 1077//1077 
f 1076//1076 1078//1078 1073//1073 
f 1071//1071 1328//1328 1072//1072 
f 1069//1069 1070//1070 1068//1068 
f 1067//1067 1068//1068 1066//1066 
f 1065//1065 1066//1066 1064//1064 
f 1063//1063 1064//1064 1062//1062 
f 1061//1061 1062//1062 1060//1060 
f 1059//1059 1060//1060 1058//1058 
f 1057//1057 1058//1058 1056//1056 
f 1055//1055 1056//1056 1018//1018 
f 1054//1054 1343//1343 1053//1053 
f 1052//1052 1053//1053 1051//1051 
f 1050//1050 1051//1051 1049//1049 
f 1048//1048 1049//1049 1047//1047 
f 1046//1046 1047//1047 1045//1045 
f 1044//1044 1045//1045 1043//1043 
f 1042//1042 1043//1043 1041//1041 
f 1040//1040 1041//1041 1039//1039 
f 1038//1038 1039//1039 1036//1036 
f 1035//1035 1099//1099 1034//1034 
f 1033//1033 1034//1034 1032//1032 
f 1031//1031 1032//1032 1030//1030 
f 1029//1029 1030//1030 1028//1028 
f 1027//1027 1028//1028 1026//1026 
f 1025//1025 1026//1026 1024//1024 
f 1023//1023 1024//1024 1022//1022 
f 1021//1021 1022//1022 1020//1020 
f 1019//1019 1020//1020 1017//1017 
v -4.11865e-18 0.0105 -0.01 
v -7.4988e-35 6.12323e-19 -0.01 
v -0.00108119 0.00108119 -0.00994138 
v -0.00108119 0.0105 -0.00994138 
v -0.0021497 0.0021497 -0.00976621 
v -0.0021497 0.0105 -0.00976621 
v -0.00319302 0.00319302 -0.00947653 
v -0.00319302 0.0105 -0.00947653 
v -0.00419889 0.00419889 -0.00907575 
v -0.00419889 0.0105 -0.00907575 
v -0.00515554 0.00515554 -0.00856857 
v -0.00515554 0.0105 -0.00856857 
v -0.00605174 0.00605174 -0.00796093 
v -0.00605174 0.0105 -0.00796093 
v -0.00687699 0.00687699 -0.00725995 
v -0.00687699 0.0105 -0.00725995 
v -0.00762162 0.00762162 -0.00647386 
v -0.00762162 0.0105 -0.00647386 
v -0.00796093 0.00796093 -0.00605174 
v -0.00827689 0.00827689 -0.00561187 
v -0.00827689 0.0105 -0.00561187 
v -0.00856857 0.00856857 -0.00515554 
v -0.00883512 0.00883512 -0.00468408 
v -0.00883512 0.0105 -0.00468408 
v -0.00907575 0.00907575 -0.00419889 
v -0.00928977 0.00928977 -0.00370138 
v -0.00928977 0.0105 -0.00370138 
v -0.00947653 0.00947653 -0.00319302 
v -0.0096355 0.0096355 -0.00267528 
v -0.00986827 0.0105 -0.00161782 
v -0.0096355 0.0105 -0.00267528 
v -0.00976621 0.00976621 -0.0021497 
v -0.00998533 0.0105 -0.000541389 
v -0.00994138 0.00994138 -0.00108119 
v -0.00986827 0.00986827 -0.00161782 
v -0.00998533 0.0105 0.000541389 
v -0.01 0.01 -1.73334e-33 
v -0.00998533 0.00998533 -0.000541389 
v -0.00998533 0.00998533 0.000541389 
v -0.00994138 0.00994138 0.00108119 
v -0.00986827 0.0105 0.00161782 
v -0.00986827 0.00986827 0.00161782 
v -0.00976621 0.00976621 0.0021497 
v -0.0096355 0.0105 0.00267528 
v -0.00928977 0.0105 0.00370138 
v -0.0096355 0.0096355 0.00267528 
v -0.00947653 0.00947653 0.00319302 
v -0.00883512 0.0105 0.00468408 
v -0.00928977 0.00928977 0.00370138 
v -0.00907575 0.00907575 0.00419889 
v -0.00827689 0.0105 0.00561187 
v -0.00883512 0.00883512 0.00468408 
v -0.00856857 0.00856857 0.00515554 
v -0.00762162 0.0105 0.00647386 
v -0.00827689 0.00827689 0.00561187 
v -0.00796093 0.00796093 0.00605174 
v -0.00687699 0.0105 0.00725995 
v -0.00762162 0.00762162 0.00647386 
v -0.00605174 0.0105 0.00796093 
v -0.00687699 0.00687699 0.00725995 
v -0.00515554 0.0105 0.00856857 
v -0.00605174 0.00605174 0.00796093 
v -0.00419889 0.0105 0.00907575 
v -0.00515554 0.00515554 0.00856857 
v -0.00319302 0.0105 0.00947653 
v -0.00419889 0.00419889 0.00907575 
v -0.0021497 0.0105 0.00976621 
v -0.00319302 0.00319302 0.00947653 
v -0.00108119 0.0105 0.00994138 
v -0.0021497 0.0021497 0.00976621 
v 3.22244e-19 0.0105 0.01 
v -0.00108119 0.00108119 0.00994138 
v 1.60812e-18 -1.22465e-18 0.01 
vn -1.49976e-32 1.22465e-16 -1 
vn -1.49976e-32 1.22465e-16 -1 
vn -0.108119 0 -0.994138 
vn -0.108119 0 -0.994138 
vn -0.21497 0 -0.976621 
vn -0.21497 0 -0.976621 
vn -0.319302 0 -0.947653 
vn -0.319302 0 -0.947653 
vn -0.419889 0 -0.907575 
vn -0.419889 0 -0.907575 
vn -0.515554 0 -0.856857 
vn -0.515554 0 -0.856857 
vn -0.605174 0 -0.796093 
vn -0.605174 0 -0.796093 
vn -0.687699 0 -0.725995 
vn -0.687699 0 -0.725995 
vn -0.762162 0 -0.647386 
vn -0.762162 0 -0.647386 
vn -0.796093 0 -0.605174 
vn -0.827689 0 -0.561187 
vn -0.827689 0 -0.561187 
vn -0.856857 0 -0.515554 
vn -0.883512 0 -0.468408 
vn -0.883512 0 -0.468408 
vn -0.907575 0 -0.419889 
vn -0.928977 0 -0.370138 
vn -0.928977 0 -0.370138 
vn -0.947653 0 -0.319302 
vn -0.96355 0 -0.267528 
vn -0.986827 -1.10945e-16 -0.161782 
vn -0.96355 0 -0.267528 
vn -0.976621 0 -0.21497 
vn -0.998533 -1.1897e-16 -0.0541389 
vn -0.994138 0 -0.108119 
vn -0.986827 0 -0.161782 
vn -0.998533 -1.256e-16 0.0541389 
vn -1 0 -6.12323e-17 
vn -0.998533 0 -0.0541389 
vn -0.998533 0 0.0541389 
vn -0.994138 0 0.108119 
vn -0.986827 -1.30758e-16 0.161782 
vn -0.986827 -1.30758e-16 0.161782 
vn -0.976621 0 0.21497 
vn -0.96355 -1.34382e-16 0.267528 
vn -0.928977 -1.36431e-16 0.370138 
vn -0.96355 -1.34382e-16 0.267528 
vn -0.947653 0 0.319302 
vn -0.883512 -1.36881e-16 0.468408 
vn -0.928977 0 0.370138 
vn -0.907575 0 0.419889 
vn -0.827689 -1.35725e-16 0.561187 
vn -0.883512 0 0.468408 
vn -0.856857 0 0.515554 
vn -0.762162 -1.32979e-16 0.647386 
vn -0.827689 0 0.561187 
vn -0.796093 0 0.605174 
vn -0.687699 -1.28673e-16 0.725995 
vn -0.762162 0 0.647386 
vn -0.605174 -1.22859e-16 0.796093 
vn -0.687699 0 0.725995 
vn -0.515554 -1.15605e-16 0.856857 
vn -0.605174 0 0.796093 
vn -0.419889 -1.06995e-16 0.907575 
vn -0.515554 0 0.856857 
vn -0.319302 -9.71302e-17 0.947653 
vn -0.419889 0 0.907575 
vn -0.21497 -8.6127e-17 0.976621 
vn -0.319302 0 0.947653 
vn -0.108119 -7.41142e-17 0.994138 
vn -0.21497 0 0.976621 
vn -1.22465e-16 -6.12323e-17 1 
vn -0.108119 0 0.994138 
vn -1.22465e-16 -6.12323e-17 1 
f 1344//1344 1345//1345 1346//1346 
f 1347//1347 1346//1346 1348//1348 
f 1349//1349 1348//1348 1350//1350 
f 1351//1351 1350//1350 1352//1352 
f 1353//1353 1352//1352 1354//1354 
f 1355//1355 1354//1354 1356//1356 
f 1357//1357 1356//1356 1358//1358 
f 1359//1359 1358//1358 1360//1360 
f 1361//1361 1362//1362 1363//1363 
f 1361//1361 1360//1360 1362//1362 
f 1364//1364 1365//1365 1366//1366 
f 1364//1364 1363//1363 1365//1365 
f 1367//1367 1368//1368 1369//1369 
f 1367//1367 1366//1366 1368//1368 
f 1370//1370 1371//1371 1372//1372 
f 1370//1370 1369//1369 1371//1371 
f 1373//1373 1374//1374 1375//1375 
f 1374//1374 1372//1372 1375//1375 
f 1376//1376 1373//1373 1377//1377 
f 1373//1373 1378//1378 1377//1377 
f 1379//1379 1376//1376 1380//1380 
f 1376//1376 1381//1381 1380//1380 
f 1379//1379 1382//1382 1383//1383 
f 1383//1383 1384//1384 1379//1379 
f 1384//1384 1385//1385 1386//1386 
f 1386//1386 1387//1387 1384//1384 
f 1388//1388 1387//1387 1389//1389 
f 1389//1389 1390//1390 1388//1388 
f 1391//1391 1388//1388 1392//1392 
f 1392//1392 1393//1393 1391//1391 
f 1394//1394 1391//1391 1395//1395 
f 1395//1395 1396//1396 1394//1394 
f 1397//1397 1394//1394 1398//1398 
f 1398//1398 1399//1399 1397//1397 
f 1400//1400 1397//1397 1401//1401 
f 1402//1402 1400//1400 1403//1403 
f 1404//1404 1402//1402 1405//1405 
f 1406//1406 1404//1404 1407//1407 
f 1408//1408 1406//1406 1409//1409 
f 1410//1410 1408//1408 1411//1411 
f 1412//1412 1410//1410 1413//1413 
f 1414//1414 1412//1412 1415//1415 
f 1415//1415 1416//1416 1414//1414 
f 1413//1413 1415//1415 1412//1412 
f 1411//1411 1413//1413 1410//1410 
f 1409//1409 1411//1411 1408//1408 
f 1407//1407 1409//1409 1406//1406 
f 1405//1405 1407//1407 1404//1404 
f 1403//1403 1405//1405 1402//1402 
f 1401//1401 1403//1403 1400//1400 
f 1399//1399 1401//1401 1397//1397 
f 1396//1396 1398//1398 1394//1394 
f 1393//1393 1395//1395 1391//1391 
f 1390//1390 1392//1392 1388//1388 
f 1386//1386 1389//1389 1387//1387 
f 1383//1383 1385//1385 1384//1384 
f 1380//1380 1382//1382 1379//1379 
f 1377//1377 1381//1381 1376//1376 
f 1375//1375 1378//1378 1373//1373 
f 1372//1372 1374//1374 1370//1370 
f 1369//1369 1370//1370 1367//1367 
f 1366//1366 1367//1367 1364//1364 
f 1363//1363 1364//1364 1361//1361 
f 1360//1360 1361//1361 1359//1359 
f 1358//1358 1359//1359 1357//1357 
f 1356//1356 1357//1357 1355//1355 
f 1354//1354 1355//1355 1353//1353 
f 1352//1352 1353//1353 1351//1351 
f 1350//1350 1351//1351 1349//1349 
f 1348//1348 1349//1349 1347//1347 
f 1346//1346 1347//1347 1344//1344 
v 1.02278e-18 -0.00835165 0.0055 
v 3.91032e-19 -0.00319302 -0.00947653 
v 2.63263e-19 -0.0021497 -0.00976621 
v -7.4988e-35 6.12323e-19 -0.01 
v 3.91032e-19 -0.00319302 0.00947653 
v 5.14216e-19 -0.00419889 0.00907575 
v 5.14216e-19 -0.00419889 -0.00907575 
v 6.31371e-19 -0.00515554 0.00856857 
v 7.41125e-19 -0.00605174 0.00796093 
v 2.63263e-19 -0.0021497 0.00976621 
v 1.32408e-19 -0.00108119 -0.00994138 
v 7.41125e-19 -0.00605174 -0.00796093 
v 6.31371e-19 -0.00515554 -0.00856857 
v 9.33379e-19 -0.00762162 -0.00647386 
v 8.42189e-19 -0.00687699 -0.00725995 
v 8.42189e-19 -0.00687699 0.00725995 
v 1.32408e-19 -0.00108119 0.00994138 
v 1.01363e-18 -0.00827689 -0.00561187 
v 9.33379e-19 -0.00762162 0.00647386 
v 1.60812e-18 -1.22465e-18 0.01 
v 1.02278e-18 -0.00835165 -0.0055 
v 1.28588e-18 -0.0105 0.0055 
v 1.28588e-18 -0.0105 -0.0055 
v 1.01363e-18 -0.00827689 0.00561187 
v 3.22244e-19 0.0105 0.01 
v -4.11865e-18 0.0105 -0.01 
vn 1 1.22465e-16 0 
vn 1 1.22465e-16 0 
vn 1 1.22465e-16 0 
vn 1 1.22465e-16 0 
vn 1 1.22465e-16 0 
vn 1 1.22465e-16 0 
vn 1 1.22465e-16 0 
vn 1 1.22465e-16 0 
vn 1 1.22465e-16 0 
vn 1 1.22465e-16 0 
vn 1 1.22465e-16 0 
vn 1 1.22465e-16 0 
vn 1 1.22465e-16 0 
vn 1 1.22465e-16 0 
vn 1 1.22465e-16 0 
vn 1 1.22465e-16 0 
vn 1 1.22465e-16 0 
vn 1 1.22465e-16 0 
vn 1 1.22465e-16 0 
vn 1 1.22465e-16 0 
vn 1 1.22465e-16 0 
vn 1 1.22465e-16 0 
vn 1 1.22465e-16 0 
vn 1 1.22465e-16 0 
vn 1 1.22465e-16 0 
vn 1 1.22465e-16 0 
f 1417//1417 1418//1418 1419//1419 
f 1420//1420 1421//1421 1422//1422 
f 1417//1417 1423//1423 1418//1418 
f 1420//1420 1424//1424 1425//1425 
f 1420//1420 1426//1426 1421//1421 
f 1419//1419 1427//1427 1417//1417 
f 1417//1417 1428//1428 1429//1429 
f 1417//1417 1430//1430 1431//1431 
f 1425//1425 1432//1432 1420//1420 
f 1420//1420 1433//1433 1426//1426 
f 1429//1429 1423//1423 1417//1417 
f 1417//1417 1434//1434 1430//1430 
f 1432//1432 1435//1435 1420//1420 
f 1420//1420 1436//1436 1433//1433 
f 1431//1431 1428//1428 1417//1417 
f 1422//1422 1424//1424 1420//1420 
f 1417//1417 1437//1437 1434//1434 
f 1438//1438 1439//1439 1437//1437 
f 1435//1435 1440//1440 1420//1420 
f 1441//1441 1436//1436 1420//1420 
f 1437//1437 1417//1417 1438//1438 
f 1420//1420 1442//1442 1441//1441 
f 1440//1440 1417//1417 1420//1420 
f 1427//1427 1420//1420 1417//1417 
v 0.00419189 -0.0105 0.00356062 
v 0.00378235 -0.0105 -0.00399298 
v 0.00332846 -0.0105 -0.00437851 
v 0.00230939 -0.0105 -0.00499166 
v 0.00175616 -0.0105 -0.00521209 
v 0.00283555 -0.0105 -0.00471271 
v 0.00529952 -0.0105 0.00147141 
v 0.00529952 -0.0105 -0.00147141 
v 0.00510937 -0.0105 -0.00203576 
v 0.00542755 -0.0105 -0.000889801 
v 0.00542755 -0.0105 0.000889801 
v 0.00549193 -0.0105 0.000297764 
v 0.00485932 -0.0105 -0.00257625 
v 0.00485932 -0.0105 0.00257625 
v 0.00510937 -0.0105 0.00203576 
v 0.00419189 -0.0105 -0.00356062 
v 0.00455229 -0.0105 -0.00308653 
v 0.00455229 -0.0105 0.00308653 
v 0.00118234 -0.0105 -0.00537141 
v 0.000594655 -0.0105 -0.00546776 
v 0.00549193 -0.0105 -0.000297764 
v 1.28588e-18 -0.0105 -0.0055 
v 0.00332846 -0.0105 0.00437851 
v 0.00378235 -0.0105 0.00399298 
v 0.00283555 -0.0105 0.00471271 
v 0.00118234 -0.0105 0.00537141 
v 0.00175616 -0.0105 0.00521209 
v 0.00230939 -0.0105 0.00499166 
v 1.28588e-18 -0.0105 0.0055 
v 0.000594655 -0.0105 0.00546776 
vn -1.22465e-16 1 6.12323e-17 
vn -1.22465e-16 1 6.12323e-17 
vn -1.22465e-16 1 6.12323e-17 
vn -1.22465e-16 1 6.12323e-17 
vn -1.22465e-16 1 6.12323e-17 
vn -1.22465e-16 1 6.12323e-17 
vn -1.22465e-16 1 6.12323e-17 
vn -1.22465e-16 1 6.12323e-17 
vn -1.22465e-16 1 6.12323e-17 
vn -1.22465e-16 1 6.12323e-17 
vn -1.22465e-16 1 6.12323e-17 
vn -1.22465e-16 1 6.12323e-17 
vn -1.22465e-16 1 6.12323e-17 
vn -1.22465e-16 1 6.12323e-17 
vn -1.22465e-16 1 6.12323e-17 
vn -1.22465e-16 1 6.12323e-17 
vn -1.22465e-16 1 6.12323e-17 
vn -1.22465e-16 1 6.12323e-17 
vn -1.22465e-16 1 6.12323e-17 
vn -1.22465e-16 1 6.12323e-17 
vn -1.22465e-16 1 6.12323e-17 
vn -1.22465e-16 1 6.12323e-17 
vn -1.22465e-16 1 6.12323e-17 
vn -1.22465e-16 1 6.12323e-17 
vn -1.22465e-16 1 6.12323e-17 
vn -1.22465e-16 1 6.12323e-17 
vn -1.22465e-16 1 6.12323e-17 
vn -1.22465e-16 1 6.12323e-17 
vn -1.22465e-16 1 6.12323e-17 
vn -1.22465e-16 1 6.12323e-17 
f 1443//1443 1444//1444 1445//1445 
f 1443//1443 1446//1446 1447//1447 
f 1445//1445 1448//1448 1443//1443 
f 1448//1448 1446//1446 1443//1443 
f 1449//1449 1450//1450 1451//1451 
f 1452//1452 1453//1453 1454//1454 
f 1455//1455 1456//1456 1457//1457 
f 1443//1443 1458//1458 1444//1444 
f 1443//1443 1455//1455 1459//1459 
f 1449//1449 1452//1452 1450//1450 
f 1452//1452 1449//1449 1453//1453 
f 1455//1455 1460//1460 1456//1456 
f 1443//1443 1461//1461 1462//1462 
f 1459//1459 1458//1458 1443//1443 
f 1454//1454 1463//1463 1452//1452 
f 1455//1455 1443//1443 1460//1460 
f 1447//1447 1461//1461 1443//1443 
f 1457//1457 1449//1449 1455//1455 
f 1464//1464 1465//1465 1466//1466 
f 1451//1451 1455//1455 1449//1449 
f 1464//1464 1467//1467 1465//1465 
f 1464//1464 1468//1468 1469//1469 
f 1466//1466 1443//1443 1464//1464 
f 1469//1469 1470//1470 1464//1464 
f 1470//1470 1467//1467 1464//1464 
f 1464//1464 1471//1471 1472//1472 
f 1472//1472 1468//1468 1464//1464 
f 1462//1462 1464//1464 1443//1443 
v 0.000594655 -0.0105 -0.00546776 
v 0.000594655 -0.017 -0.00546776 
v 3.09223e-18 -0.017 -0.0055 
v 0.00118234 -0.0105 -0.00537141 
v 0.00118234 -0.017 -0.00537141 
v 0.00175616 -0.0105 -0.00521209 
v 0.00175616 -0.017 -0.00521209 
v 0.00230939 -0.0105 -0.00499166 
v 0.00230939 -0.017 -0.00499166 
v 0.00283555 -0.0105 -0.00471271 
v 0.00283555 -0.017 -0.00471271 
v 0.00332846 -0.0105 -0.00437851 
v 0.00332846 -0.017 -0.00437851 
v 0.00378235 -0.0105 -0.00399298 
v 0.00378235 -0.017 -0.00399298 
v 0.00419189 -0.0105 -0.00356062 
v 0.00419189 -0.017 -0.00356062 
v 0.00455229 -0.0105 -0.00308653 
v 0.00455229 -0.017 -0.00308653 
v 0.00485932 -0.0105 -0.00257625 
v 0.00485932 -0.017 -0.00257625 
v 0.00510937 -0.0105 -0.00203576 
v 0.00510937 -0.017 -0.00203576 
v 0.00529952 -0.0105 -0.00147141 
v 0.00529952 -0.017 -0.00147141 
v 0.00542755 -0.0105 -0.000889801 
v 0.00542755 -0.017 -0.000889801 
v 0.00549193 -0.0105 -0.000297764 
v 0.00549193 -0.017 -0.000297764 
v 0.00549193 -0.0105 0.000297764 
v 0.00549193 -0.017 0.000297764 
v 0.00542755 -0.0105 0.000889801 
v 0.00542755 -0.017 0.000889801 
v 0.00529952 -0.0105 0.00147141 
v 0.00529952 -0.017 0.00147141 
v 0.00510937 -0.0105 0.00203576 
v 0.00510937 -0.017 0.00203576 
v 0.00485932 -0.0105 0.00257625 
v 0.00485932 -0.017 0.00257625 
v 0.00455229 -0.0105 0.00308653 
v 0.00455229 -0.017 0.00308653 
v 0.00419189 -0.0105 0.00356062 
v 0.00419189 -0.017 0.00356062 
v 0.00378235 -0.0105 0.00399298 
v 0.00378235 -0.017 0.00399298 
v 0.00332846 -0.0105 0.00437851 
v 0.00332846 -0.017 0.00437851 
v 0.00283555 -0.0105 0.00471271 
v 0.00283555 -0.017 0.00471271 
v 0.00230939 -0.0105 0.00499166 
v 0.00230939 -0.017 0.00499166 
v 0.00175616 -0.0105 0.00521209 
v 0.00175616 -0.017 0.00521209 
v 0.00118234 -0.0105 0.00537141 
v 0.00118234 -0.017 0.00537141 
v 0.000594655 -0.0105 0.00546776 
v 0.000594655 -0.017 0.00546776 
v 1.28588e-18 -0.0105 0.0055 
v -2.75546e-19 -0.017 0.0055 
v 1.02278e-18 -0.00835165 0.0055 
v -0.000453924 -0.00836397 0.00548124 
v -0.000594655 -0.017 0.00546776 
v -0.000594155 -0.00837535 0.00546375 
v -0.000905864 -0.00840063 0.00542489 
v -0.00118137 -0.00843766 0.00536682 
v -0.00118234 -0.017 0.00537141 
v -0.00136066 -0.00846176 0.00532904 
v -0.001756 -0.00853457 0.00521157 
v -0.00175616 -0.017 0.00521209 
v -0.00223199 -0.00864476 0.00502675 
v -0.00230792 -0.0086662 0.00498873 
v -0.00177004 -0.00853716 0.0052074 
v -0.00230939 -0.017 0.00499166 
v -0.00268719 -0.00877331 0.00479886 
v -0.00283261 -0.00882116 0.00470801 
v -0.00283555 -0.017 0.00471271 
v -0.0032007 -0.00894396 0.00447276 
v -0.00332486 -0.008991 0.00437398 
v -0.00287181 -0.00883405 0.00468352 
v -0.00313411 -0.00892035 0.00451966 
v -0.00332846 -0.017 0.00437851 
v -0.00363879 -0.00910993 0.00412423 
v -0.00377779 -0.00916799 0.00398831 
v -0.00378235 -0.017 0.00399298 
v -0.00406586 -0.00928913 0.00370114 
v -0.00418644 -0.00934353 0.00355609 
v -0.00404143 -0.0092781 0.00373052 
v -0.00419189 -0.017 0.00356062 
v -0.00440611 -0.00944266 0.00329184 
v -0.00454664 -0.00950999 0.00308273 
v -0.00455229 -0.017 0.00308653 
v -0.00479915 -0.0096329 0.00267458 
v -0.00485361 -0.0096602 0.00257318 
v -0.00471244 -0.00958942 0.00283601 
v -0.00485932 -0.017 0.00257625 
v -0.00496651 -0.0097168 0.002363 
v -0.00510395 -0.00978812 0.0020335 
v -0.00510937 -0.017 0.00203576 
v -0.00525295 -0.00986639 0.00161754 
v -0.0052942 -0.00988846 0.00146992 
v -0.0052254 -0.00985164 0.00171617 
v -0.00517356 -0.00982424 0.00186663 
v -0.00529952 -0.017 0.00147141 
v -0.00535816 -0.0099227 0.00124101 
v -0.00542326 -0.00995805 0.000889008 
v -0.00542755 -0.017 0.000889801 
v -0.00546777 -0.00998233 0.000541235 
v -0.00549049 -0.00999478 0.000297629 
v -0.00544762 -0.00997129 0.00075728 
v -0.00549193 -0.017 -0.000297764 
v -0.00549369 -0.00999653 0.00026328 
v -0.00549833 -0.00999908 -0.000135506 
v -0.00549193 -0.017 0.000297764 
v -0.00542755 -0.017 -0.000889801 
v -0.00548735 -0.00999306 -0.000297454 
v -0.00547082 -0.00998399 -0.000541339 
v -0.00546633 -0.00998152 -0.000607674 
v -0.00529952 -0.017 -0.00147141 
v -0.00542259 -0.00995768 -0.000889031 
v -0.00539285 -0.00994147 -0.00108036 
v -0.00510937 -0.017 -0.00203576 
v -0.0052756 -0.00987836 -0.001555 
v -0.00525452 -0.0098672 -0.00161763 
v -0.00514202 -0.00980767 -0.00195182 
v -0.00529644 -0.00988958 -0.00147064 
v -0.00485932 -0.017 -0.00257625 
v -0.00510626 -0.00978919 -0.00203442 
v -0.00494193 -0.00970426 -0.00241398 
v -0.00455229 -0.017 -0.00308653 
v -0.0048545 -0.00966057 -0.00257361 
v -0.0047992 -0.00963294 -0.00267458 
v -0.00469527 -0.009581 -0.00286434 
v -0.00419189 -0.017 -0.00356062 
v -0.00439853 -0.00943912 -0.00330196 
v -0.00434203 -0.00941293 -0.00337591 
v -0.00454703 -0.00951012 -0.00308296 
v -0.00378235 -0.017 -0.00399298 
v -0.00418668 -0.00934367 -0.00355614 
v -0.00406204 -0.0092881 -0.00370074 
v -0.00397924 -0.00925118 -0.0037968 
v -0.00332846 -0.017 -0.00437851 
v -0.00377743 -0.00916807 -0.00398779 
v -0.00357209 -0.00908349 -0.00418213 
v -0.00283555 -0.017 -0.00471271 
v -0.00332401 -0.00899125 -0.00437272 
v -0.00312042 -0.00891555 -0.00452912 
v -0.00287024 -0.00883392 -0.00468345 
v -0.00230939 -0.017 -0.00499166 
v -0.00283203 -0.00882145 -0.00470702 
v -0.00264721 -0.00876115 -0.00482103 
v -0.00175616 -0.017 -0.00521209 
v -0.00230696 -0.00866705 -0.00498667 
v -0.00216178 -0.00862689 -0.00505734 
v -0.00118234 -0.017 -0.00537141 
v -0.00165704 -0.00851445 -0.00524445 
v -0.00141501 -0.00847067 -0.00531486 
v -0.00175473 -0.00853621 -0.00520823 
v -0.000594655 -0.017 -0.00546776 
v -0.00118122 -0.00843793 -0.00536635 
v -0.000948459 -0.00840533 -0.0054176 
v -0.000594159 -0.0083752 -0.00546397 
v 1.28588e-18 -0.0105 -0.0055 
v -0.000477674 -0.0083653 -0.00547922 
v 1.02278e-18 -0.00835165 -0.0055 
vn 0.108119 7.41142e-17 -0.994138 
vn 0.108119 7.41142e-17 -0.994138 
vn -7.4988e-33 6.12323e-17 -1 
vn 0.21497 0 -0.976621 
vn 0.21497 0 -0.976621 
vn 0.319302 0 -0.947653 
vn 0.319302 0 -0.947653 
vn 0.419889 0 -0.907575 
vn 0.419889 0 -0.907575 
vn 0.515554 0 -0.856857 
vn 0.515554 0 -0.856857 
vn 0.605174 0 -0.796093 
vn 0.605174 0 -0.796093 
vn 0.687699 1.57702e-16 -0.725995 
vn 0.687699 1.57702e-16 -0.725995 
vn 0.762162 1.57702e-16 -0.647386 
vn 0.762162 1.57702e-16 -0.647386 
vn 0.827689 1.57702e-16 -0.561187 
vn 0.827689 1.57702e-16 -0.561187 
vn 0.883512 1.57702e-16 -0.468408 
vn 0.883512 1.57702e-16 -0.468408 
vn 0.928977 1.57702e-16 -0.370138 
vn 0.928977 1.57702e-16 -0.370138 
vn 0.96355 1.57702e-16 -0.267528 
vn 0.96355 1.57702e-16 -0.267528 
vn 0.986827 1.57702e-16 -0.161782 
vn 0.986827 1.57702e-16 -0.161782 
vn 0.998533 1.57702e-16 -0.0541389 
vn 0.998533 1.57702e-16 -0.0541389 
vn 0.998533 1.57702e-16 0.0541389 
vn 0.998533 1.57702e-16 0.0541389 
vn 0.986827 1.57702e-16 0.161782 
vn 0.986827 1.57702e-16 0.161782 
vn 0.96355 1.57702e-16 0.267528 
vn 0.96355 1.57702e-16 0.267528 
vn 0.928977 1.57702e-16 0.370138 
vn 0.928977 1.57702e-16 0.370138 
vn 0.883512 1.57702e-16 0.468408 
vn 0.883512 1.57702e-16 0.468408 
vn 0.827689 1.57702e-16 0.561187 
vn 0.827689 1.57702e-16 0.561187 
vn 0.762162 1.57702e-16 0.647386 
vn 0.762162 1.57702e-16 0.647386 
vn 0.687699 1.57702e-16 0.725995 
vn 0.687699 1.57702e-16 0.725995 
vn 0.605174 0 0.796093 
vn 0.605174 0 0.796093 
vn 0.515554 0 0.856857 
vn 0.515554 0 0.856857 
vn 0.419889 0 0.907575 
vn 0.419889 0 0.907575 
vn 0.319302 0 0.947653 
vn 0.319302 0 0.947653 
vn 0.21497 0 0.976621 
vn 0.21497 0 0.976621 
vn 0.108119 0 0.994138 
vn 0.108119 0 0.994138 
vn -1.22465e-16 -6.12323e-17 1 
vn -1.22465e-16 -6.12323e-17 1 
vn -1.22465e-16 -6.12323e-17 1 
vn -0.0825316 0 0.996588 
vn -0.108119 -7.41142e-17 0.994138 
vn -0.108108 0 0.994139 
vn -0.164702 0 0.986343 
vn -0.214978 0 0.976619 
vn -0.21497 -8.6127e-17 0.976621 
vn -0.247392 0 0.968916 
vn -0.319305 0 0.947652 
vn -0.319302 -9.71302e-17 0.947653 
vn -0.405817 0 0.913954 
vn -0.419873 0 0.907583 
vn -0.321825 0 0.946799 
vn -0.419889 -1.06995e-16 0.907575 
vn -0.488579 0 0.872519 
vn -0.51554 0 0.856866 
vn -0.515554 -1.15605e-16 0.856857 
vn -0.581945 0 0.813228 
vn -0.605156 0 0.796107 
vn -0.52273 0 0.852499 
vn -0.569838 0 0.821757 
vn -0.605174 -1.22859e-16 0.796093 
vn -0.661597 0 0.749859 
vn -0.687686 0 0.726008 
vn -0.687699 -1.28673e-16 0.725995 
vn -0.739496 -1.57702e-16 0.673161 
vn -0.762153 -1.57702e-16 0.647396 
vn -0.734806 -1.57702e-16 0.678277 
vn -0.762162 -1.32979e-16 0.647386 
vn -0.80111 -1.57702e-16 0.598517 
vn -0.827686 -1.57702e-16 0.561191 
vn -0.827689 -1.35725e-16 0.561187 
vn -0.873508 -1.57702e-16 0.486809 
vn -0.883515 -1.57702e-16 0.468403 
vn -0.856807 -1.57702e-16 0.515638 
vn -0.883512 -1.36881e-16 0.468408 
vn -0.903002 -1.57702e-16 0.429636 
vn -0.928983 -1.57702e-16 0.370122 
vn -0.928977 -1.36431e-16 0.370138 
vn -0.955715 -1.57702e-16 0.294293 
vn -0.96355 -1.57702e-16 0.267527 
vn -0.950072 -1.57702e-16 0.31203 
vn -0.940647 -1.57702e-16 0.339387 
vn -0.96355 -1.34382e-16 0.267528 
vn -0.974211 -1.57702e-16 0.225637 
vn -0.986829 -1.57702e-16 0.161766 
vn -0.986827 -1.30758e-16 0.161782 
vn -0.995137 -1.57702e-16 0.0985051 
vn -0.998534 -1.57702e-16 0.0541287 
vn -0.990476 -1.57702e-16 0.137687 
vn -0.998533 -1.1897e-16 -0.0541389 
vn -0.998854 -1.57702e-16 0.0478691 
vn -0.999696 -1.57702e-16 -0.0246375 
vn -0.998533 -1.256e-16 0.0541389 
vn -0.986827 -1.10945e-16 -0.161782 
vn -0.998534 -1.57702e-16 -0.0541276 
vn -0.99514 -1.57702e-16 -0.0984693 
vn -0.993878 -1.57702e-16 -0.110486 
vn -0.96355 -1.01619e-16 -0.267528 
vn -0.986825 -1.57702e-16 -0.161789 
vn -0.980518 -1.57702e-16 -0.19643 
vn -0.928977 -9.11024e-17 -0.370138 
vn -0.959201 -1.57702e-16 -0.282727 
vn -0.955735 -1.57702e-16 -0.294228 
vn -0.934913 -1.57702e-16 -0.354876 
vn -0.963546 -1.57702e-16 -0.267544 
vn -0.883512 -7.95173e-17 -0.468408 
vn -0.928983 -1.57702e-16 -0.370122 
vn -0.898533 -1.57702e-16 -0.438905 
vn -0.827689 -6.69999e-17 -0.561187 
vn -0.883518 -1.57702e-16 -0.468397 
vn -0.873511 -1.57702e-16 -0.486805 
vn -0.853685 -1.57702e-16 -0.520789 
vn -0.762162 -5.3697e-17 -0.647386 
vn -0.799732 -1.57702e-16 -0.600357 
vn -0.789461 -1.57702e-16 -0.613801 
vn -0.827689 -1.57702e-16 -0.561187 
vn -0.687699 -3.97645e-17 -0.725995 
vn -0.762168 -1.57702e-16 -0.64738 
vn -0.739217 -1.57702e-16 -0.673467 
vn -0.723498 -1.57702e-16 -0.690327 
vn -0.605174 -2.53658e-17 -0.796093 
vn -0.6877 0 -0.725995 
vn -0.649471 0 -0.760387 
vn -0.515554 -1.06698e-17 -0.856857 
vn -0.605169 0 -0.796097 
vn -0.56735 0 -0.823477 
vn -0.522528 0 -0.852622 
vn -0.419889 4.15138e-18 -0.907575 
vn -0.515543 0 -0.856864 
vn -0.481311 0 -0.87655 
vn -0.319302 1.89239e-17 -0.947653 
vn -0.419871 0 -0.907584 
vn -0.393052 0 -0.919516 
vn -0.21497 3.34745e-17 -0.976621 
vn -0.30128 0 -0.953536 
vn -0.257275 0 -0.966338 
vn -0.319281 0 -0.94766 
vn -0.108119 4.76326e-17 -0.994138 
vn -0.21497 0 -0.976621 
vn -0.172447 0 -0.985019 
vn -0.108104 0 -0.99414 
vn -7.4988e-33 6.12323e-17 -1 
vn -0.0868498 0 -0.996221 
vn -7.4988e-33 6.12323e-17 -1 
f 1473//1473 1474//1474 1475//1475 
f 1476//1476 1477//1477 1474//1474 
f 1478//1478 1479//1479 1477//1477 
f 1480//1480 1481//1481 1479//1479 
f 1482//1482 1483//1483 1481//1481 
f 1484//1484 1485//1485 1483//1483 
f 1486//1486 1487//1487 1485//1485 
f 1488//1488 1489//1489 1487//1487 
f 1490//1490 1491//1491 1489//1489 
f 1492//1492 1493//1493 1491//1491 
f 1494//1494 1495//1495 1493//1493 
f 1496//1496 1497//1497 1495//1495 
f 1498//1498 1499//1499 1497//1497 
f 1500//1500 1501//1501 1499//1499 
f 1502//1502 1503//1503 1501//1501 
f 1504//1504 1505//1505 1503//1503 
f 1506//1506 1507//1507 1505//1505 
f 1508//1508 1509//1509 1507//1507 
f 1510//1510 1511//1511 1509//1509 
f 1512//1512 1513//1513 1511//1511 
f 1514//1514 1515//1515 1513//1513 
f 1516//1516 1517//1517 1515//1515 
f 1518//1518 1519//1519 1517//1517 
f 1520//1520 1521//1521 1519//1519 
f 1522//1522 1523//1523 1521//1521 
f 1524//1524 1525//1525 1523//1523 
f 1526//1526 1527//1527 1525//1525 
f 1528//1528 1529//1529 1527//1527 
f 1530//1530 1531//1531 1529//1529 
f 1530//1530 1532//1532 1533//1533 
f 1534//1534 1531//1531 1530//1530 
f 1530//1530 1535//1535 1534//1534 
f 1534//1534 1536//1536 1537//1537 
f 1534//1534 1535//1535 1536//1536 
f 1538//1538 1539//1539 1540//1540 
f 1538//1538 1537//1537 1539//1539 
f 1541//1541 1542//1542 1543//1543 
f 1541//1541 1540//1540 1544//1544 
f 1544//1544 1542//1542 1541//1541 
f 1545//1545 1546//1546 1547//1547 
f 1545//1545 1543//1543 1546//1546 
f 1548//1548 1549//1549 1550//1550 
f 1548//1548 1551//1551 1552//1552 
f 1552//1552 1549//1549 1548//1548 
f 1548//1548 1547//1547 1551//1551 
f 1553//1553 1554//1554 1555//1555 
f 1553//1553 1550//1550 1554//1554 
f 1556//1556 1557//1557 1558//1558 
f 1556//1556 1559//1559 1557//1557 
f 1556//1556 1555//1555 1559//1559 
f 1560//1560 1561//1561 1562//1562 
f 1560//1560 1558//1558 1561//1561 
f 1563//1563 1564//1564 1565//1565 
f 1563//1563 1566//1566 1564//1564 
f 1563//1563 1562//1562 1566//1566 
f 1567//1567 1568//1568 1569//1569 
f 1567//1567 1565//1565 1568//1568 
f 1570//1570 1571//1571 1572//1572 
f 1570//1570 1573//1573 1571//1571 
f 1570//1570 1569//1569 1574//1574 
f 1574//1574 1573//1573 1570//1570 
f 1575//1575 1576//1576 1577//1577 
f 1575//1575 1572//1572 1576//1576 
f 1578//1578 1579//1579 1580//1580 
f 1578//1578 1581//1581 1579//1579 
f 1578//1578 1577//1577 1581//1581 
f 1582//1582 1583//1583 1584//1584 
f 1585//1585 1580//1580 1583//1583 
f 1583//1583 1582//1582 1585//1585 
f 1586//1586 1582//1582 1587//1587 
f 1587//1587 1588//1588 1586//1586 
f 1588//1588 1589//1589 1586//1586 
f 1590//1590 1586//1586 1591//1591 
f 1591//1591 1592//1592 1590//1590 
f 1593//1593 1594//1594 1595//1595 
f 1595//1595 1596//1596 1593//1593 
f 1593//1593 1590//1590 1597//1597 
f 1597//1597 1594//1594 1593//1593 
f 1598//1598 1593//1593 1599//1599 
f 1599//1599 1600//1600 1598//1598 
f 1601//1601 1598//1598 1602//1602 
f 1602//1602 1603//1603 1601//1601 
f 1603//1603 1604//1604 1601//1601 
f 1605//1605 1606//1606 1607//1607 
f 1605//1605 1601//1601 1608//1608 
f 1608//1608 1606//1606 1605//1605 
f 1609//1609 1605//1605 1610//1610 
f 1610//1610 1611//1611 1609//1609 
f 1611//1611 1612//1612 1609//1609 
f 1613//1613 1609//1609 1614//1614 
f 1614//1614 1615//1615 1613//1613 
f 1616//1616 1613//1613 1617//1617 
f 1617//1617 1618//1618 1616//1616 
f 1618//1618 1619//1619 1616//1616 
f 1620//1620 1616//1616 1621//1621 
f 1621//1621 1622//1622 1620//1620 
f 1623//1623 1620//1620 1624//1624 
f 1624//1624 1625//1625 1623//1623 
f 1626//1626 1627//1627 1628//1628 
f 1626//1626 1623//1623 1629//1629 
f 1629//1629 1627//1627 1626//1626 
f 1630//1630 1626//1626 1631//1631 
f 1631//1631 1632//1632 1630//1630 
f 1630//1630 1633//1633 1634//1634 
f 1634//1634 1633//1633 1635//1635 
f 1635//1635 1636//1636 1634//1634 
f 1634//1634 1475//1475 1630//1630 
f 1632//1632 1633//1633 1630//1630 
f 1628//1628 1631//1631 1626//1626 
f 1625//1625 1629//1629 1623//1623 
f 1622//1622 1624//1624 1620//1620 
f 1619//1619 1621//1621 1616//1616 
f 1615//1615 1617//1617 1613//1613 
f 1612//1612 1614//1614 1609//1609 
f 1607//1607 1610//1610 1605//1605 
f 1604//1604 1608//1608 1601//1601 
f 1600//1600 1602//1602 1598//1598 
f 1596//1596 1599//1599 1593//1593 
f 1592//1592 1597//1597 1590//1590 
f 1589//1589 1591//1591 1586//1586 
f 1584//1584 1587//1587 1582//1582 
f 1580//1580 1585//1585 1578//1578 
f 1577//1577 1578//1578 1575//1575 
f 1572//1572 1575//1575 1570//1570 
f 1569//1569 1570//1570 1567//1567 
f 1565//1565 1567//1567 1563//1563 
f 1562//1562 1563//1563 1560//1560 
f 1558//1558 1560//1560 1556//1556 
f 1555//1555 1556//1556 1553//1553 
f 1550//1550 1553//1553 1548//1548 
f 1547//1547 1548//1548 1545//1545 
f 1543//1543 1545//1545 1541//1541 
f 1540//1540 1541//1541 1538//1538 
f 1537//1537 1538//1538 1534//1534 
f 1533//1533 1535//1535 1530//1530 
f 1529//1529 1528//1528 1530//1530 
f 1527//1527 1526//1526 1528//1528 
f 1525//1525 1524//1524 1526//1526 
f 1523//1523 1522//1522 1524//1524 
f 1521//1521 1520//1520 1522//1522 
f 1519//1519 1518//1518 1520//1520 
f 1517//1517 1516//1516 1518//1518 
f 1515//1515 1514//1514 1516//1516 
f 1513//1513 1512//1512 1514//1514 
f 1511//1511 1510//1510 1512//1512 
f 1509//1509 1508//1508 1510//1510 
f 1507//1507 1506//1506 1508//1508 
f 1505//1505 1504//1504 1506//1506 
f 1503//1503 1502//1502 1504//1504 
f 1501//1501 1500//1500 1502//1502 
f 1499//1499 1498//1498 1500//1500 
f 1497//1497 1496//1496 1498//1498 
f 1495//1495 1494//1494 1496//1496 
f 1493//1493 1492//1492 1494//1494 
f 1491//1491 1490//1490 1492//1492 
f 1489//1489 1488//1488 1490//1490 
f 1487//1487 1486//1486 1488//1488 
f 1485//1485 1484//1484 1486//1486 
f 1483//1483 1482//1482 1484//1484 
f 1481//1481 1480//1480 1482//1482 
f 1479//1479 1478//1478 1480//1480 
f 1477//1477 1476//1476 1478//1478 
f 1474//1474 1473//1473 1476//1476 
f 1475//1475 1634//1634 1473//1473 
v 1.74512e-18 -0.017 -8.67362e-19 
v -0.000594655 -0.017 0.00546776 
v -0.00118234 -0.017 0.00537141 
v -0.00175616 -0.017 0.00521209 
v -0.00230939 -0.017 0.00499166 
v -0.00283555 -0.017 0.00471271 
v -0.00332846 -0.017 0.00437851 
v -0.00378235 -0.017 0.00399298 
v -0.00419189 -0.017 0.00356062 
v -0.00455229 -0.017 0.00308653 
v -0.00485932 -0.017 0.00257625 
v -0.00510937 -0.017 0.00203576 
v -0.00529952 -0.017 0.00147141 
v -0.00542755 -0.017 0.000889801 
v -0.00549193 -0.017 0.000297764 
v -0.00549193 -0.017 -0.000297764 
v -0.00542755 -0.017 -0.000889801 
v -0.00529952 -0.017 -0.00147141 
v -0.00510937 -0.017 -0.00203576 
v -0.00485932 -0.017 -0.00257625 
v -0.00455229 -0.017 -0.00308653 
v -0.00419189 -0.017 -0.00356062 
v -0.00378235 -0.017 -0.00399298 
v -0.00332846 -0.017 -0.00437851 
v -0.00283555 -0.017 -0.00471271 
v -0.00230939 -0.017 -0.00499166 
v -0.00175616 -0.017 -0.00521209 
v -0.00118234 -0.017 -0.00537141 
v -0.000594655 -0.017 -0.00546776 
v 3.09223e-18 -0.017 -0.0055 
v 0.000594655 -0.017 -0.00546776 
v 0.00118234 -0.017 -0.00537141 
v 0.00175616 -0.017 -0.00521209 
v 0.00230939 -0.017 -0.00499166 
v 0.00283555 -0.017 -0.00471271 
v 0.00332846 -0.017 -0.00437851 
v 0.00378235 -0.017 -0.00399298 
v 0.00419189 -0.017 -0.00356062 
v 0.00455229 -0.017 -0.00308653 
v 0.00485932 -0.017 -0.00257625 
v 0.00510937 -0.017 -0.00203576 
v 0.00529952 -0.017 -0.00147141 
v 0.00542755 -0.017 -0.000889801 
v 0.00549193 -0.017 -0.000297764 
v 0.00549193 -0.017 0.000297764 
v 0.00542755 -0.017 0.000889801 
v 0.00529952 -0.017 0.00147141 
v 0.00510937 -0.017 0.00203576 
v 0.00485932 -0.017 0.00257625 
v 0.00455229 -0.017 0.00308653 
v 0.00419189 -0.017 0.00356062 
v 0.00378235 -0.017 0.00399298 
v 0.00332846 -0.017 0.00437851 
v 0.00283555 -0.017 0.00471271 
v 0.00230939 -0.017 0.00499166 
v 0.00175616 -0.017 0.00521209 
v 0.00118234 -0.017 0.00537141 
v 0.000594655 -0.017 0.00546776 
v -2.75546e-19 -0.017 0.0055 
vn 1.22465e-16 -1 -6.12323e-17 
vn 1.22465e-16 -1 -6.12323e-17 
vn 1.22465e-16 -1 -6.12323e-17 
vn 1.22465e-16 -1 -6.12323e-17 
vn 1.22465e-16 -1 -6.12323e-17 
vn 1.22465e-16 -1 -6.12323e-17 
vn 1.22465e-16 -1 -6.12323e-17 
vn 1.22465e-16 -1 -6.12323e-17 
vn 1.22465e-16 -1 -6.12323e-17 
vn 1.22465e-16 -1 -6.12323e-17 
vn 1.22465e-16 -1 -6.12323e-17 
vn 1.22465e-16 -1 -6.12323e-17 
vn 1.22465e-16 -1 -6.12323e-17 
vn 1.22465e-16 -1 -6.12323e-17 
vn 1.22465e-16 -1 -6.12323e-17 
vn 1.22465e-16 -1 -6.12323e-17 
vn 1.22465e-16 -1 -6.12323e-17 
vn 1.22465e-16 -1 -6.12323e-17 
vn 1.22465e-16 -1 -6.12323e-17 
vn 1.22465e-16 -1 -6.12323e-17 
vn 1.22465e-16 -1 -6.12323e-17 
vn 1.22465e-16 -1 -6.12323e-17 
vn 1.22465e-16 -1 -6.12323e-17 
vn 1.22465e-16 -1 -6.12323e-17 
vn 1.22465e-16 -1 -6.12323e-17 
vn 1.22465e-16 -1 -6.12323e-17 
vn 1.22465e-16 -1 -6.12323e-17 
vn 1.22465e-16 -1 -6.12323e-17 
vn 1.22465e-16 -1 -6.12323e-17 
vn 1.22465e-16 -1 -6.12323e-17 
vn 1.22465e-16 -1 -6.12323e-17 
vn 1.22465e-16 -1 -6.12323e-17 
vn 1.22465e-16 -1 -6.12323e-17 
vn 1.22465e-16 -1 -6.12323e-17 
vn 1.22465e-16 -1 -6.12323e-17 
vn 1.22465e-16 -1 -6.12323e-17 
vn 1.22465e-16 -1 -6.12323e-17 
vn 1.22465e-16 -1 -6.12323e-17 
vn 1.22465e-16 -1 -6.12323e-17 
vn 1.22465e-16 -1 -6.12323e-17 
vn 1.22465e-16 -1 -6.12323e-17 
vn 1.22465e-16 -1 -6.12323e-17 
vn 1.22465e-16 -1 -6.12323e-17 
vn 1.22465e-16 -1 -6.12323e-17 
vn 1.22465e-16 -1 -6.12323e-17 
vn 1.22465e-16 -1 -6.12323e-17 
vn 1.22465e-16 -1 -6.12323e-17 
vn 1.22465e-16 -1 -6.12323e-17 
vn 1.22465e-16 -1 -6.12323e-17 
vn 1.22465e-16 -1 -6.12323e-17 
vn 1.22465e-16 -1 -6.12323e-17 
vn 1.22465e-16 -1 -6.12323e-17 
vn 1.22465e-16 -1 -6.12323e-17 
vn 1.22465e-16 -1 -6.12323e-17 
vn 1.22465e-16 -1 -6.12323e-17 
vn 1.22465e-16 -1 -6.12323e-17 
vn 1.22465e-16 -1 -6.12323e-17 
vn 1.22465e-16 -1 -6.12323e-17 
vn 1.22465e-16 -1 -6.12323e-17 
f 1637//1637 1638//1638 1639//1639 
f 1639//1639 1640//1640 1637//1637 
f 1640//1640 1641//1641 1637//1637 
f 1641//1641 1642//1642 1637//1637 
f 1642//1642 1643//1643 1637//1637 
f 1643//1643 1644//1644 1637//1637 
f 1644//1644 1645//1645 1637//1637 
f 1645//1645 1646//1646 1637//1637 
f 1646//1646 1647//1647 1637//1637 
f 1647//1647 1648//1648 1637//1637 
f 1648//1648 1649//1649 1637//1637 
f 1649//1649 1650//1650 1637//1637 
f 1650//1650 1651//1651 1637//1637 
f 1651//1651 1652//1652 1637//1637 
f 1652//1652 1653//1653 1637//1637 
f 1653//1653 1654//1654 1637//1637 
f 1654//1654 1655//1655 1637//1637 
f 1655//1655 1656//1656 1637//1637 
f 1656//1656 1657//1657 1637//1637 
f 1657//1657 1658//1658 1637//1637 
f 1658//1658 1659//1659 1637//1637 
f 1659//1659 1660//1660 1637//1637 
f 1660//1660 1661//1661 1637//1637 
f 1661//1661 1662//1662 1637//1637 
f 1662//1662 1663//1663 1637//1637 
f 1663//1663 1664//1664 1637//1637 
f 1664//1664 1665//1665 1637//1637 
f 1665//1665 1666//1666 1637//1637 
f 1666//1666 1667//1667 1637//1637 
f 1667//1667 1668//1668 1637//1637 
f 1668//1668 1669//1669 1637//1637 
f 1669//1669 1670//1670 1637//1637 
f 1670//1670 1671//1671 1637//1637 
f 1671//1671 1672//1672 1637//1637 
f 1672//1672 1673//1673 1637//1637 
f 1673//1673 1674//1674 1637//1637 
f 1674//1674 1675//1675 1637//1637 
f 1675//1675 1676//1676 1637//1637 
f 1676//1676 1677//1677 1637//1637 
f 1677//1677 1678//1678 1637//1637 
f 1678//1678 1679//1679 1637//1637 
f 1679//1679 1680//1680 1637//1637 
f 1680//1680 1681//1681 1637//1637 
f 1681//1681 1682//1682 1637//1637 
f 1682//1682 1683//1683 1637//1637 
f 1683//1683 1684//1684 1637//1637 
f 1684//1684 1685//1685 1637//1637 
f 1685//1685 1686//1686 1637//1637 
f 1686//1686 1687//1687 1637//1637 
f 1687//1687 1688//1688 1637//1637 
f 1688//1688 1689//1689 1637//1637 
f 1689//1689 1690//1690 1637//1637 
f 1690//1690 1691//1691 1637//1637 
f 1691//1691 1692//1692 1637//1637 
f 1692//1692 1693//1693 1637//1637 
f 1693//1693 1694//1694 1637//1637 
f 1694//1694 1695//1695 1637//1637 
f 1695//1695 1638//1638 1637//1637 
v -0.0109839 0.0105 0.000595528 
v -0.00998533 0.0105 0.000541389 
v -0.00986827 0.0105 0.00161782 
v -0.0109839 0.0105 -0.000595528 
v -0.00998533 0.0105 -0.000541389 
v -0.0108551 0.0105 -0.0017796 
v -0.00986827 0.0105 -0.00161782 
v -0.010599 0.0105 -0.00294281 
v -0.0096355 0.0105 -0.00267528 
v -0.00910458 0.0105 -0.00617306 
v -0.00827689 0.0105 -0.00561187 
v -0.00883512 0.0105 -0.00468408 
v -0.00838378 0.0105 -0.00712125 
v -0.00762162 0.0105 -0.00647386 
v 0.00567109 0.0105 -0.00942543 
v 0.00756469 0.0105 0.00798595 
v 0.00665692 0.0105 0.00875702 
v 0.010599 0.0105 -0.00294281 
v 0.010599 0.0105 0.00294281 
v 0.0102187 0.0105 0.00407152 
v 0.0108551 0.0105 0.0017796 
v 0.0108551 0.0105 -0.0017796 
v 0.0109839 0.0105 -0.000595528 
v 0.00971863 0.0105 0.00515249 
v 0.00971863 0.0105 -0.00515249 
v 0.0102187 0.0105 -0.00407152 
v -2.58692e-18 0.0105 0.011 
v -0.00118931 0.0105 0.0109355 
v -0.00108119 0.0105 0.00994138 
v -0.0102187 0.0105 -0.00407152 
v -0.00928977 0.0105 -0.00370138 
v -0.00971863 0.0105 -0.00515249 
v -0.00665692 0.0105 -0.00875702 
v -0.00605174 0.0105 -0.00796093 
v -0.00687699 0.0105 -0.00725995 
v -0.00567109 0.0105 -0.00942543 
v -0.00515554 0.0105 -0.00856857 
v -0.00118931 0.0105 -0.0109355 
v -3.93403e-18 0.0105 -0.011 
v -4.11865e-18 0.0105 -0.01 
v 0.00461878 0.0105 0.00998333 
v 0.00351232 0.0105 0.0104242 
v 0.00567109 0.0105 0.00942543 
v 0.00910458 0.0105 -0.00617306 
v 3.22244e-19 0.0105 0.01 
v 0.00118931 0.0105 0.0109355 
v -0.00236467 0.0105 0.0107428 
v -0.0021497 0.0105 0.00976621 
v -0.00461878 0.0105 0.00998333 
v -0.00419889 0.0105 0.00907575 
v -0.00319302 0.0105 0.00947653 
v -0.00567109 0.0105 0.00942543 
v -0.00515554 0.0105 0.00856857 
v -0.00971863 0.0105 0.00515249 
v -0.00883512 0.0105 0.00468408 
v -0.00827689 0.0105 0.00561187 
v -0.0102187 0.0105 0.00407152 
v -0.00928977 0.0105 0.00370138 
v -0.00756469 0.0105 -0.00798595 
v -0.00108119 0.0105 -0.00994138 
v -0.0021497 0.0105 -0.00976621 
v 0.00236467 0.0105 0.0107428 
v 0.00910458 0.0105 0.00617306 
v 0.0109839 0.0105 0.000595528 
v 0.00838378 0.0105 -0.00712125 
v 0.00665692 0.0105 -0.00875702 
v -0.00351232 0.0105 0.0104242 
v -0.00665692 0.0105 0.00875702 
v -0.00605174 0.0105 0.00796093 
v -0.00756469 0.0105 0.00798595 
v -0.00687699 0.0105 0.00725995 
v -0.00838378 0.0105 0.00712125 
v -0.00762162 0.0105 0.00647386 
v -0.00910458 0.0105 0.00617306 
v -0.010599 0.0105 0.00294281 
v -0.0096355 0.0105 0.00267528 
v -0.0108551 0.0105 0.0017796 
v -0.00461878 0.0105 -0.00998333 
v -0.00419889 0.0105 -0.00907575 
v -0.00351232 0.0105 -0.0104242 
v -0.00319302 0.0105 -0.00947653 
v -0.00236467 0.0105 -0.0107428 
v 0.00118931 0.0105 -0.0109355 
v 0.00838378 0.0105 0.00712125 
v 0.00756469 0.0105 -0.00798595 
v 0.00236467 0.0105 -0.0107428 
v 0.00351232 0.0105 -0.0104242 
v 0.00461878 0.0105 -0.00998333 
vn 1.22465e-16 -1 -6.12323e-17 
vn 1.22465e-16 -1 -6.12323e-17 
vn 1.22465e-16 -1 -6.12323e-17 
vn 1.22465e-16 -1 -6.12323e-17 
vn 1.22465e-16 -1 -6.12323e-17 
vn 1.22465e-16 -1 -6.12323e-17 
vn 1.22465e-16 -1 -6.12323e-17 
vn 1.22465e-16 -1 -6.12323e-17 
vn 1.22465e-16 -1 -6.12323e-17 
vn 1.22465e-16 -1 -6.12323e-17 
vn 1.22465e-16 -1 -6.12323e-17 
vn 1.22465e-16 -1 -6.12323e-17 
vn 1.22465e-16 -1 -6.12323e-17 
vn 1.22465e-16 -1 -6.12323e-17 
vn 1.22465e-16 -1 -6.12323e-17 
vn 1.22465e-16 -1 -6.12323e-17 
vn 1.22465e-16 -1 -6.12323e-17 
vn 1.22465e-16 -1 -6.12323e-17 
vn 1.22465e-16 -1 -6.12323e-17 
vn 1.22465e-16 -1 -6.12323e-17 
vn 1.22465e-16 -1 -6.12323e-17 
vn 1.22465e-16 -1 -6.12323e-17 
vn 1.22465e-16 -1 -6.12323e-17 
vn 1.22465e-16 -1 -6.12323e-17 
vn 1.22465e-16 -1 -6.12323e-17 
vn 1.22465e-16 -1 -6.12323e-17 
vn 1.22465e-16 -1 -6.12323e-17 
vn 1.22465e-16 -1 -6.12323e-17 
vn 1.22465e-16 -1 -6.12323e-17 
vn 1.22465e-16 -1 -6.12323e-17 
vn 1.22465e-16 -1 -6.12323e-17 
vn 1.22465e-16 -1 -6.12323e-17 
vn 1.22465e-16 -1 -6.12323e-17 
vn 1.22465e-16 -1 -6.12323e-17 
vn 1.22465e-16 -1 -6.12323e-17 
vn 1.22465e-16 -1 -6.12323e-17 
vn 1.22465e-16 -1 -6.12323e-17 
vn 1.22465e-16 -1 -6.12323e-17 
vn 1.22465e-16 -1 -6.12323e-17 
vn 1.22465e-16 -1 -6.12323e-17 
vn 1.22465e-16 -1 -6.12323e-17 
vn 1.22465e-16 -1 -6.12323e-17 
vn 1.22465e-16 -1 -6.12323e-17 
vn 1.22465e-16 -1 -6.12323e-17 
vn 1.22465e-16 -1 -6.12323e-17 
vn 1.22465e-16 -1 -6.12323e-17 
vn 1.22465e-16 -1 -6.12323e-17 
vn 1.22465e-16 -1 -6.12323e-17 
vn 1.22465e-16 -1 -6.12323e-17 
vn 1.22465e-16 -1 -6.12323e-17 
vn 1.22465e-16 -1 -6.12323e-17 
vn 1.22465e-16 -1 -6.12323e-17 
vn 1.22465e-16 -1 -6.12323e-17 
vn 1.22465e-16 -1 -6.12323e-17 
vn 1.22465e-16 -1 -6.12323e-17 
vn 1.22465e-16 -1 -6.12323e-17 
vn 1.22465e-16 -1 -6.12323e-17 
vn 1.22465e-16 -1 -6.12323e-17 
vn 1.22465e-16 -1 -6.12323e-17 
vn 1.22465e-16 -1 -6.12323e-17 
vn 1.22465e-16 -1 -6.12323e-17 
vn 1.22465e-16 -1 -6.12323e-17 
vn 1.22465e-16 -1 -6.12323e-17 
vn 1.22465e-16 -1 -6.12323e-17 
vn 1.22465e-16 -1 -6.12323e-17 
vn 1.22465e-16 -1 -6.12323e-17 
vn 1.22465e-16 -1 -6.12323e-17 
vn 1.22465e-16 -1 -6.12323e-17 
vn 1.22465e-16 -1 -6.12323e-17 
vn 1.22465e-16 -1 -6.12323e-17 
vn 1.22465e-16 -1 -6.12323e-17 
vn 1.22465e-16 -1 -6.12323e-17 
vn 1.22465e-16 -1 -6.12323e-17 
vn 1.22465e-16 -1 -6.12323e-17 
vn 1.22465e-16 -1 -6.12323e-17 
vn 1.22465e-16 -1 -6.12323e-17 
vn 1.22465e-16 -1 -6.12323e-17 
vn 1.22465e-16 -1 -6.12323e-17 
vn 1.22465e-16 -1 -6.12323e-17 
vn 1.22465e-16 -1 -6.12323e-17 
vn 1.22465e-16 -1 -6.12323e-17 
vn 1.22465e-16 -1 -6.12323e-17 
vn 1.22465e-16 -1 -6.12323e-17 
vn 1.22465e-16 -1 -6.12323e-17 
vn 1.22465e-16 -1 -6.12323e-17 
vn 1.22465e-16 -1 -6.12323e-17 
vn 1.22465e-16 -1 -6.12323e-17 
vn 1.22465e-16 -1 -6.12323e-17 
f 1696//1696 1697//1697 1698//1698 
f 1699//1699 1700//1700 1697//1697 
f 1701//1701 1702//1702 1700//1700 
f 1703//1703 1704//1704 1702//1702 
f 1697//1697 1696//1696 1699//1699 
f 1702//1702 1701//1701 1703//1703 
f 1705//1705 1706//1706 1707//1707 
f 1708//1708 1709//1709 1706//1706 
f 1710//1710 1711//1711 1712//1712 
f 1713//1713 1714//1714 1715//1715 
f 1716//1716 1717//1717 1718//1718 
f 1719//1719 1720//1720 1721//1721 
f 1722//1722 1723//1723 1724//1724 
f 1700//1700 1699//1699 1701//1701 
f 1725//1725 1726//1726 1704//1704 
f 1727//1727 1707//1707 1726//1726 
f 1706//1706 1705//1705 1708//1708 
f 1728//1728 1729//1729 1730//1730 
f 1731//1731 1732//1732 1729//1729 
f 1733//1733 1734//1734 1735//1735 
f 1710//1710 1736//1736 1737//1737 
f 1712//1712 1738//1738 1710//1710 
f 1713//1713 1716//1716 1714//1714 
f 1716//1716 1713//1713 1717//1717 
f 1719//1719 1739//1739 1720//1720 
f 1740//1740 1741//1741 1722//1722 
f 1723//1723 1742//1742 1743//1743 
f 1744//1744 1745//1745 1746//1746 
f 1747//1747 1748//1748 1745//1745 
f 1749//1749 1750//1750 1751//1751 
f 1752//1752 1753//1753 1750//1750 
f 1704//1704 1703//1703 1725//1725 
f 1707//1707 1727//1727 1705//1705 
f 1754//1754 1730//1730 1709//1709 
f 1729//1729 1728//1728 1731//1731 
f 1733//1733 1755//1755 1756//1756 
f 1735//1735 1755//1755 1733//1733 
f 1710//1710 1757//1757 1741//1741 
f 1738//1738 1736//1736 1710//1710 
f 1710//1710 1719//1719 1758//1758 
f 1718//1718 1759//1759 1716//1716 
f 1719//1719 1760//1760 1739//1739 
f 1719//1719 1710//1710 1761//1761 
f 1743//1743 1724//1724 1723//1723 
f 1762//1762 1746//1746 1743//1743 
f 1745//1745 1744//1744 1747//1747 
f 1763//1763 1764//1764 1748//1748 
f 1765//1765 1766//1766 1764//1764 
f 1767//1767 1768//1768 1766//1766 
f 1769//1769 1751//1751 1768//1768 
f 1750//1750 1749//1749 1752//1752 
f 1770//1770 1771//1771 1753//1753 
f 1772//1772 1698//1698 1771//1771 
f 1726//1726 1725//1725 1727//1727 
f 1730//1730 1754//1754 1728//1728 
f 1773//1773 1774//1774 1732//1732 
f 1775//1775 1776//1776 1774//1774 
f 1777//1777 1756//1756 1776//1776 
f 1734//1734 1778//1778 1735//1735 
f 1737//1737 1757//1757 1710//1710 
f 1758//1758 1779//1779 1710//1710 
f 1721//1721 1713//1713 1719//1719 
f 1761//1761 1780//1780 1719//1719 
f 1743//1743 1742//1742 1762//1762 
f 1748//1748 1747//1747 1763//1763 
f 1766//1766 1765//1765 1767//1767 
f 1751//1751 1769//1769 1749//1749 
f 1771//1771 1770//1770 1772//1772 
f 1709//1709 1708//1708 1754//1754 
f 1774//1774 1773//1773 1775//1775 
f 1756//1756 1777//1777 1733//1733 
f 1779//1779 1711//1711 1710//1710 
f 1780//1780 1760//1760 1719//1719 
f 1740//1740 1781//1781 1782//1782 
f 1746//1746 1762//1762 1744//1744 
f 1768//1768 1767//1767 1769//1769 
f 1698//1698 1772//1772 1696//1696 
f 1776//1776 1775//1775 1777//1777 
f 1715//1715 1719//1719 1713//1713 
f 1782//1782 1783//1783 1740//1740 
f 1764//1764 1763//1763 1765//1765 
f 1732//1732 1731//1731 1773//1773 
f 1783//1783 1710//1710 1740//1740 
f 1740//1740 1735//1735 1778//1778 
f 1753//1753 1752//1752 1770//1770 
f 1778//1778 1781//1781 1740//1740 
f 1741//1741 1740//1740 1710//1710 
f 1724//1724 1740//1740 1722//1722 
v -2.58692e-18 0.0105 0.011 
v -1.37628e-19 0.0125 0.011 
v -0.00118931 0.0125 0.0109355 
v -0.00118931 0.0105 0.0109355 
v -0.00236467 0.0125 0.0107428 
v -0.00236467 0.0105 0.0107428 
v -0.00351232 0.0125 0.0104242 
v -0.00351232 0.0105 0.0104242 
v -0.00461878 0.0125 0.00998333 
v -0.00461878 0.0105 0.00998333 
v -0.00567109 0.0125 0.00942543 
v -0.00567109 0.0105 0.00942543 
v -0.00665692 0.0125 0.00875702 
v -0.00665692 0.0105 0.00875702 
v -0.00756469 0.0125 0.00798595 
v -0.00756469 0.0105 0.00798595 
v -0.00838378 0.0125 0.00712125 
v -0.00838378 0.0105 0.00712125 
v -0.00910458 0.0125 0.00617306 
v -0.00910458 0.0105 0.00617306 
v -0.00971863 0.0125 0.00515249 
v -0.00971863 0.0105 0.00515249 
v -0.0102187 0.0125 0.00407152 
v -0.0102187 0.0105 0.00407152 
v -0.010599 0.0125 0.00294281 
v -0.010599 0.0105 0.00294281 
v -0.0108551 0.0125 0.0017796 
v -0.0108551 0.0105 0.0017796 
v -0.0109839 0.0125 0.000595528 
v -0.0109839 0.0105 0.000595528 
v -0.0109839 0.0125 -0.000595528 
v -0.0109839 0.0105 -0.000595528 
v -0.0108551 0.0125 -0.0017796 
v -0.0108551 0.0105 -0.0017796 
v -0.010599 0.0125 -0.00294281 
v -0.010599 0.0105 -0.00294281 
v -0.0102187 0.0125 -0.00407152 
v -0.0102187 0.0105 -0.00407152 
v -0.00971863 0.0125 -0.00515249 
v -0.00971863 0.0105 -0.00515249 
v -0.00910458 0.0125 -0.00617306 
v -0.00910458 0.0105 -0.00617306 
v -0.00838378 0.0125 -0.00712125 
v -0.00838378 0.0105 -0.00712125 
v -0.00756469 0.0125 -0.00798595 
v -0.00756469 0.0105 -0.00798595 
v -0.00665692 0.0125 -0.00875702 
v -0.00665692 0.0105 -0.00875702 
v -0.00567109 0.0125 -0.00942543 
v -0.00567109 0.0105 -0.00942543 
v -0.00461878 0.0125 -0.00998333 
v -0.00461878 0.0105 -0.00998333 
v -0.00351232 0.0125 -0.0104242 
v -0.00351232 0.0105 -0.0104242 
v -0.00236467 0.0125 -0.0107428 
v -0.00236467 0.0105 -0.0107428 
v -0.00118931 0.0125 -0.0109355 
v -0.00118931 0.0105 -0.0109355 
v -6.87319e-18 0.0125 -0.011 
v -3.93403e-18 0.0105 -0.011 
v 0.00118931 0.0125 -0.0109355 
v 0.00118931 0.0105 -0.0109355 
v 0.00236467 0.0125 -0.0107428 
v 0.00236467 0.0105 -0.0107428 
v 0.00351232 0.0125 -0.0104242 
v 0.00351232 0.0105 -0.0104242 
v 0.00461878 0.0125 -0.00998333 
v 0.00461878 0.0105 -0.00998333 
v 0.00567109 0.0125 -0.00942543 
v 0.00567109 0.0105 -0.00942543 
v 0.00665692 0.0125 -0.00875702 
v 0.00665692 0.0105 -0.00875702 
v 0.00756469 0.0125 -0.00798595 
v 0.00756469 0.0105 -0.00798595 
v 0.00838378 0.0125 -0.00712125 
v 0.00838378 0.0105 -0.00712125 
v 0.00910458 0.0125 -0.00617306 
v 0.00910458 0.0105 -0.00617306 
v 0.00971863 0.0125 -0.00515249 
v 0.00971863 0.0105 -0.00515249 
v 0.0102187 0.0125 -0.00407152 
v 0.0102187 0.0105 -0.00407152 
v 0.010599 0.0125 -0.00294281 
v 0.010599 0.0105 -0.00294281 
v 0.0108551 0.0125 -0.0017796 
v 0.0108551 0.0105 -0.0017796 
v 0.0109839 0.0125 -0.000595528 
v 0.0109839 0.0105 -0.000595528 
v 0.0109839 0.0125 0.000595528 
v 0.0109839 0.0105 0.000595528 
v 0.0108551 0.0125 0.0017796 
v 0.0108551 0.0105 0.0017796 
v 0.010599 0.0125 0.00294281 
v 0.010599 0.0105 0.00294281 
v 0.0102187 0.0125 0.00407152 
v 0.0102187 0.0105 0.00407152 
v 0.00971863 0.0125 0.00515249 
v 0.00971863 0.0105 0.00515249 
v 0.00910458 0.0125 0.00617306 
v 0.00910458 0.0105 0.00617306 
v 0.00838378 0.0125 0.00712125 
v 0.00838378 0.0105 0.00712125 
v 0.00756469 0.0125 0.00798595 
v 0.00756469 0.0105 0.00798595 
v 0.00665692 0.0125 0.00875702 
v 0.00665692 0.0105 0.00875702 
v 0.00567109 0.0125 0.00942543 
v 0.00567109 0.0105 0.00942543 
v 0.00461878 0.0125 0.00998333 
v 0.00461878 0.0105 0.00998333 
v 0.00351232 0.0125 0.0104242 
v 0.00351232 0.0105 0.0104242 
v 0.00236467 0.0125 0.0107428 
v 0.00236467 0.0105 0.0107428 
v 0.00118931 0.0125 0.0109355 
v 0.00118931 0.0105 0.0109355 
vn 7.4988e-33 -6.12323e-17 1 
vn 7.4988e-33 -6.12323e-17 1 
vn -0.108119 -7.41142e-17 0.994138 
vn -0.108119 -7.41142e-17 0.994138 
vn -0.21497 -8.6127e-17 0.976621 
vn -0.21497 -8.6127e-17 0.976621 
vn -0.319302 -9.71302e-17 0.947653 
vn -0.319302 -9.71302e-17 0.947653 
vn -0.419889 -1.06995e-16 0.907575 
vn -0.419889 -1.06995e-16 0.907575 
vn -0.515554 -1.15605e-16 0.856857 
vn -0.515554 -1.15605e-16 0.856857 
vn -0.605174 -1.22859e-16 0.796093 
vn -0.605174 -1.22859e-16 0.796093 
vn -0.687699 -1.28673e-16 0.725995 
vn -0.687699 -1.28673e-16 0.725995 
vn -0.762162 -1.32979e-16 0.647386 
vn -0.762162 -1.32979e-16 0.647386 
vn -0.827689 -1.35725e-16 0.561187 
vn -0.827689 -1.35725e-16 0.561187 
vn -0.883512 -1.36881e-16 0.468408 
vn -0.883512 -1.36881e-16 0.468408 
vn -0.928977 -1.36431e-16 0.370138 
vn -0.928977 -1.36431e-16 0.370138 
vn -0.96355 -1.34382e-16 0.267528 
vn -0.96355 -1.34382e-16 0.267528 
vn -0.986827 -1.30758e-16 0.161782 
vn -0.986827 -1.30758e-16 0.161782 
vn -0.998533 -1.256e-16 0.0541389 
vn -0.998533 -1.256e-16 0.0541389 
vn -0.998533 -1.1897e-16 -0.0541389 
vn -0.998533 -1.1897e-16 -0.0541389 
vn -0.986827 -1.10945e-16 -0.161782 
vn -0.986827 -1.10945e-16 -0.161782 
vn -0.96355 -1.01619e-16 -0.267528 
vn -0.96355 -1.01619e-16 -0.267528 
vn -0.928977 -9.11024e-17 -0.370138 
vn -0.928977 -9.11024e-17 -0.370138 
vn -0.883512 -7.95173e-17 -0.468408 
vn -0.883512 -7.95173e-17 -0.468408 
vn -0.827689 -6.69999e-17 -0.561187 
vn -0.827689 -6.69999e-17 -0.561187 
vn -0.762162 -5.3697e-17 -0.647386 
vn -0.762162 -5.3697e-17 -0.647386 
vn -0.687699 -3.97645e-17 -0.725995 
vn -0.687699 -3.97645e-17 -0.725995 
vn -0.605174 -2.53658e-17 -0.796093 
vn -0.605174 -2.53658e-17 -0.796093 
vn -0.515554 -1.06698e-17 -0.856857 
vn -0.515554 -1.06698e-17 -0.856857 
vn -0.419889 4.15138e-18 -0.907575 
vn -0.419889 4.15138e-18 -0.907575 
vn -0.319302 1.89239e-17 -0.947653 
vn -0.319302 1.89239e-17 -0.947653 
vn -0.21497 3.34745e-17 -0.976621 
vn -0.21497 3.34745e-17 -0.976621 
vn -0.108119 4.76326e-17 -0.994138 
vn -0.108119 4.76326e-17 -0.994138 
vn -1.22465e-16 6.12323e-17 -1 
vn -1.22465e-16 6.12323e-17 -1 
vn 0.108119 7.41142e-17 -0.994138 
vn 0.108119 7.41142e-17 -0.994138 
vn 0.21497 8.6127e-17 -0.976621 
vn 0.21497 8.6127e-17 -0.976621 
vn 0.319302 9.71302e-17 -0.947653 
vn 0.319302 9.71302e-17 -0.947653 
vn 0.419889 1.06995e-16 -0.907575 
vn 0.419889 1.06995e-16 -0.907575 
vn 0.515554 1.15605e-16 -0.856857 
vn 0.515554 1.15605e-16 -0.856857 
vn 0.605174 1.22859e-16 -0.796093 
vn 0.605174 1.22859e-16 -0.796093 
vn 0.687699 1.28673e-16 -0.725995 
vn 0.687699 1.28673e-16 -0.725995 
vn 0.762162 1.32979e-16 -0.647386 
vn 0.762162 1.32979e-16 -0.647386 
vn 0.827689 1.35725e-16 -0.561187 
vn 0.827689 1.35725e-16 -0.561187 
vn 0.883512 1.36881e-16 -0.468408 
vn 0.883512 1.36881e-16 -0.468408 
vn 0.928977 1.36431e-16 -0.370138 
vn 0.928977 1.36431e-16 -0.370138 
vn 0.96355 1.34382e-16 -0.267528 
vn 0.96355 1.34382e-16 -0.267528 
vn 0.986827 1.30758e-16 -0.161782 
vn 0.986827 1.30758e-16 -0.161782 
vn 0.998533 1.256e-16 -0.0541389 
vn 0.998533 1.256e-16 -0.0541389 
vn 0.998533 1.1897e-16 0.0541389 
vn 0.998533 1.1897e-16 0.0541389 
vn 0.986827 1.10945e-16 0.161782 
vn 0.986827 1.10945e-16 0.161782 
vn 0.96355 1.01619e-16 0.267528 
vn 0.96355 1.01619e-16 0.267528 
vn 0.928977 9.11024e-17 0.370138 
vn 0.928977 9.11024e-17 0.370138 
vn 0.883512 7.95173e-17 0.468408 
vn 0.883512 7.95173e-17 0.468408 
vn 0.827689 6.69999e-17 0.561187 
vn 0.827689 6.69999e-17 0.561187 
vn 0.762162 5.3697e-17 0.647386 
vn 0.762162 5.3697e-17 0.647386 
vn 0.687699 3.97645e-17 0.725995 
vn 0.687699 3.97645e-17 0.725995 
vn 0.605174 2.53658e-17 0.796093 
vn 0.605174 2.53658e-17 0.796093 
vn 0.515554 1.06698e-17 0.856857 
vn 0.515554 1.06698e-17 0.856857 
vn 0.419889 -4.15138e-18 0.907575 
vn 0.419889 -4.15138e-18 0.907575 
vn 0.319302 -1.89239e-17 0.947653 
vn 0.319302 -1.89239e-17 0.947653 
vn 0.21497 -3.34745e-17 0.976621 
vn 0.21497 -3.34745e-17 0.976621 
vn 0.108119 -4.76326e-17 0.994138 
vn 0.108119 -4.76326e-17 0.994138 
f 1784//1784 1785//1785 1786//1786 
f 1787//1787 1786//1786 1788//1788 
f 1789//1789 1788//1788 1790//1790 
f 1791//1791 1790//1790 1792//1792 
f 1793//1793 1792//1792 1794//1794 
f 1795//1795 1794//1794 1796//1796 
f 1797//1797 1796//1796 1798//1798 
f 1799//1799 1798//1798 1800//1800 
f 1801//1801 1800//1800 1802//1802 
f 1803//1803 1802//1802 1804//1804 
f 1805//1805 1804//1804 1806//1806 
f 1807//1807 1806//1806 1808//1808 
f 1809//1809 1808//1808 1810//1810 
f 1811//1811 1810//1810 1812//1812 
f 1813//1813 1812//1812 1814//1814 
f 1815//1815 1814//1814 1816//1816 
f 1817//1817 1816//1816 1818//1818 
f 1819//1819 1818//1818 1820//1820 
f 1821//1821 1820//1820 1822//1822 
f 1823//1823 1822//1822 1824//1824 
f 1825//1825 1824//1824 1826//1826 
f 1827//1827 1826//1826 1828//1828 
f 1829//1829 1828//1828 1830//1830 
f 1831//1831 1830//1830 1832//1832 
f 1833//1833 1832//1832 1834//1834 
f 1835//1835 1834//1834 1836//1836 
f 1837//1837 1836//1836 1838//1838 
f 1839//1839 1838//1838 1840//1840 
f 1841//1841 1840//1840 1842//1842 
f 1843//1843 1842//1842 1844//1844 
f 1845//1845 1844//1844 1846//1846 
f 1847//1847 1846//1846 1848//1848 
f 1849//1849 1848//1848 1850//1850 
f 1851//1851 1850//1850 1852//1852 
f 1853//1853 1852//1852 1854//1854 
f 1855//1855 1854//1854 1856//1856 
f 1857//1857 1856//1856 1858//1858 
f 1859//1859 1858//1858 1860//1860 
f 1861//1861 1860//1860 1862//1862 
f 1863//1863 1862//1862 1864//1864 
f 1865//1865 1864//1864 1866//1866 
f 1867//1867 1866//1866 1868//1868 
f 1869//1869 1868//1868 1870//1870 
f 1871//1871 1870//1870 1872//1872 
f 1873//1873 1872//1872 1874//1874 
f 1875//1875 1874//1874 1876//1876 
f 1877//1877 1876//1876 1878//1878 
f 1879//1879 1878//1878 1880//1880 
f 1881//1881 1880//1880 1882//1882 
f 1883//1883 1882//1882 1884//1884 
f 1885//1885 1884//1884 1886//1886 
f 1887//1887 1886//1886 1888//1888 
f 1889//1889 1888//1888 1890//1890 
f 1891//1891 1890//1890 1892//1892 
f 1893//1893 1892//1892 1894//1894 
f 1895//1895 1894//1894 1896//1896 
f 1897//1897 1896//1896 1898//1898 
f 1899//1899 1898//1898 1785//1785 
f 1785//1785 1784//1784 1899//1899 
f 1898//1898 1899//1899 1897//1897 
f 1896//1896 1897//1897 1895//1895 
f 1894//1894 1895//1895 1893//1893 
f 1892//1892 1893//1893 1891//1891 
f 1890//1890 1891//1891 1889//1889 
f 1888//1888 1889//1889 1887//1887 
f 1886//1886 1887//1887 1885//1885 
f 1884//1884 1885//1885 1883//1883 
f 1882//1882 1883//1883 1881//1881 
f 1880//1880 1881//1881 1879//1879 
f 1878//1878 1879//1879 1877//1877 
f 1876//1876 1877//1877 1875//1875 
f 1874//1874 1875//1875 1873//1873 
f 1872//1872 1873//1873 1871//1871 
f 1870//1870 1871//1871 1869//1869 
f 1868//1868 1869//1869 1867//1867 
f 1866//1866 1867//1867 1865//1865 
f 1864//1864 1865//1865 1863//1863 
f 1862//1862 1863//1863 1861//1861 
f 1860//1860 1861//1861 1859//1859 
f 1858//1858 1859//1859 1857//1857 
f 1856//1856 1857//1857 1855//1855 
f 1854//1854 1855//1855 1853//1853 
f 1852//1852 1853//1853 1851//1851 
f 1850//1850 1851//1851 1849//1849 
f 1848//1848 1849//1849 1847//1847 
f 1846//1846 1847//1847 1845//1845 
f 1844//1844 1845//1845 1843//1843 
f 1842//1842 1843//1843 1841//1841 
f 1840//1840 1841//1841 1839//1839 
f 1838//1838 1839//1839 1837//1837 
f 1836//1836 1837//1837 1835//1835 
f 1834//1834 1835//1835 1833//1833 
f 1832//1832 1833//1833 1831//1831 
f 1830//1830 1831//1831 1829//1829 
f 1828//1828 1829//1829 1827//1827 
f 1826//1826 1827//1827 1825//1825 
f 1824//1824 1825//1825 1823//1823 
f 1822//1822 1823//1823 1821//1821 
f 1820//1820 1821//1821 1819//1819 
f 1818//1818 1819//1819 1817//1817 
f 1816//1816 1817//1817 1815//1815 
f 1814//1814 1815//1815 1813//1813 
f 1812//1812 1813//1813 1811//1811 
f 1810//1810 1811//1811 1809//1809 
f 1808//1808 1809//1809 1807//1807 
f 1806//1806 1807//1807 1805//1805 
f 1804//1804 1805//1805 1803//1803 
f 1802//1802 1803//1803 1801//1801 
f 1800//1800 1801//1801 1799//1799 
f 1798//1798 1799//1799 1797//1797 
f 1796//1796 1797//1797 1795//1795 
f 1794//1794 1795//1795 1793//1793 
f 1792//1792 1793//1793 1791//1791 
f 1790//1790 1791//1791 1789//1789 
f 1788//1788 1789//1789 1787//1787 
f 1786//1786 1787//1787 1784//1784 
v 0.00236467 0.0125 0.0107428 
v 0.0021497 0.0125 0.00976621 
v 0.00108119 0.0125 0.00994138 
v 0.00351232 0.0125 0.0104242 
v 0.00319302 0.0125 0.00947653 
v 0.00461878 0.0125 0.00998333 
v 0.00419889 0.0125 0.00907575 
v 0.00567109 0.0125 0.00942543 
v 0.00515554 0.0125 0.00856857 
v 0.00838378 0.0125 -0.00712125 
v 0.00762162 0.0125 -0.00647386 
v 0.00827689 0.0125 -0.00561187 
v 0.00756469 0.0125 -0.00798595 
v 0.00687699 0.0125 -0.00725995 
v -0.00838378 0.0125 0.00712125 
v -0.00756469 0.0125 0.00798595 
v -0.00687699 0.0125 0.00725995 
v -0.00665692 0.0125 0.00875702 
v -0.00605174 0.0125 0.00796093 
v -0.00567109 0.0125 0.00942543 
v -0.00515554 0.0125 0.00856857 
v -0.00461878 0.0125 0.00998333 
v -0.00419889 0.0125 0.00907575 
v -0.00351232 0.0125 0.0104242 
v -0.00236467 0.0125 0.0107428 
v -0.0021497 0.0125 0.00976621 
v -0.00118931 0.0125 0.0109355 
v -0.00108119 0.0125 0.00994138 
v 0.00665692 0.0125 0.00875702 
v 0.00605174 0.0125 0.00796093 
v 0.0102187 0.0125 0.00407152 
v 0.00928977 0.0125 0.00370138 
v 0.00883512 0.0125 0.00468408 
v 0.010599 0.0125 0.00294281 
v 0.0096355 0.0125 0.00267528 
v 0.0108551 0.0125 0.0017796 
v 0.00986827 0.0125 0.00161782 
v 0.0109839 0.0125 0.000595528 
v 0.00998533 0.0125 0.000541389 
v 0.00665692 0.0125 -0.00875702 
v 0.00605174 0.0125 -0.00796093 
v 0.00567109 0.0125 -0.00942543 
v 0.00515554 0.0125 -0.00856857 
v 0.00461878 0.0125 -0.00998333 
v 0.00419889 0.0125 -0.00907575 
v -0.00118931 0.0125 -0.0109355 
v -0.00108119 0.0125 -0.00994138 
v -3.36778e-18 0.0125 -0.01 
v -0.00236467 0.0125 -0.0107428 
v -0.0021497 0.0125 -0.00976621 
v -0.00351232 0.0125 -0.0104242 
v -0.00461878 0.0125 -0.00998333 
v -0.00419889 0.0125 -0.00907575 
v -0.00567109 0.0125 -0.00942543 
v -0.00515554 0.0125 -0.00856857 
v -0.00910458 0.0125 -0.00617306 
v -0.00971863 0.0125 -0.00515249 
v -0.00883512 0.0125 -0.00468408 
v -0.0102187 0.0125 -0.00407152 
v -0.00928977 0.0125 -0.00370138 
v -0.0109839 0.0125 0.000595528 
v -0.0108551 0.0125 0.0017796 
v -0.00986827 0.0125 0.00161782 
v -0.010599 0.0125 0.00294281 
v -0.0096355 0.0125 0.00267528 
v -0.0102187 0.0125 0.00407152 
v -0.00928977 0.0125 0.00370138 
v -0.00971863 0.0125 0.00515249 
v -0.00883512 0.0125 0.00468408 
v -0.00319302 0.0125 0.00947653 
v 0.00118931 0.0125 0.0109355 
v -2.14313e-18 0.0125 0.01 
v 0.0109839 0.0125 -0.000595528 
v 0.00998533 0.0125 -0.000541389 
v 0.0108551 0.0125 -0.0017796 
v 0.00986827 0.0125 -0.00161782 
v 0.010599 0.0125 -0.00294281 
v 0.0096355 0.0125 -0.00267528 
v 0.0102187 0.0125 -0.00407152 
v 0.00928977 0.0125 -0.00370138 
v 0.00971863 0.0125 -0.00515249 
v 0.00883512 0.0125 -0.00468408 
v 0.00910458 0.0125 -0.00617306 
v 0.00351232 0.0125 -0.0104242 
v 0.00319302 0.0125 -0.00947653 
v 0.00236467 0.0125 -0.0107428 
v 0.0021497 0.0125 -0.00976621 
v 0.00118931 0.0125 -0.0109355 
v 0.00108119 0.0125 -0.00994138 
v -6.87319e-18 0.0125 -0.011 
v -0.00319302 0.0125 -0.00947653 
v -0.00665692 0.0125 -0.00875702 
v -0.00605174 0.0125 -0.00796093 
v -0.00756469 0.0125 -0.00798595 
v -0.00687699 0.0125 -0.00725995 
v -0.00838378 0.0125 -0.00712125 
v -0.00762162 0.0125 -0.00647386 
v -0.00827689 0.0125 -0.00561187 
v -0.00910458 0.0125 0.00617306 
v -0.00827689 0.0125 0.00561187 
v -0.00762162 0.0125 0.00647386 
v -1.37628e-19 0.0125 0.011 
v 0.00838378 0.0125 0.00712125 
v 0.00762162 0.0125 0.00647386 
v 0.00687699 0.0125 0.00725995 
v 0.00910458 0.0125 0.00617306 
v 0.00827689 0.0125 0.00561187 
v 0.00971863 0.0125 0.00515249 
v 0.00756469 0.0125 0.00798595 
v -0.010599 0.0125 -0.00294281 
v -0.0096355 0.0125 -0.00267528 
v -0.0108551 0.0125 -0.0017796 
v -0.00986827 0.0125 -0.00161782 
v -0.0109839 0.0125 -0.000595528 
v -0.00998533 0.0125 -0.000541389 
v -0.00998533 0.0125 0.000541389 
vn -1.22465e-16 1 6.12323e-17 
vn -1.22465e-16 1 6.12323e-17 
vn -1.22465e-16 1 6.12323e-17 
vn -1.22465e-16 1 6.12323e-17 
vn -1.22465e-16 1 6.12323e-17 
vn -1.22465e-16 1 6.12323e-17 
vn -1.22465e-16 1 6.12323e-17 
vn -1.22465e-16 1 6.12323e-17 
vn -1.22465e-16 1 6.12323e-17 
vn -1.22465e-16 1 6.12323e-17 
vn -1.22465e-16 1 6.12323e-17 
vn -1.22465e-16 1 6.12323e-17 
vn -1.22465e-16 1 6.12323e-17 
vn -1.22465e-16 1 6.12323e-17 
vn -1.22465e-16 1 6.12323e-17 
vn -1.22465e-16 1 6.12323e-17 
vn -1.22465e-16 1 6.12323e-17 
vn -1.22465e-16 1 6.12323e-17 
vn -1.22465e-16 1 6.12323e-17 
vn -1.22465e-16 1 6.12323e-17 
vn -1.22465e-16 1 6.12323e-17 
vn -1.22465e-16 1 6.12323e-17 
vn -1.22465e-16 1 6.12323e-17 
vn -1.22465e-16 1 6.12323e-17 
vn -1.22465e-16 1 6.12323e-17 
vn -1.22465e-16 1 6.12323e-17 
vn -1.22465e-16 1 6.12323e-17 
vn -1.22465e-16 1 6.12323e-17 
vn -1.22465e-16 1 6.12323e-17 
vn -1.22465e-16 1 6.12323e-17 
vn -1.22465e-16 1 6.12323e-17 
vn -1.22465e-16 1 6.12323e-17 
vn -1.22465e-16 1 6.12323e-17 
vn -1.22465e-16 1 6.12323e-17 
vn -1.22465e-16 1 6.12323e-17 
vn -1.22465e-16 1 6.12323e-17 
vn -1.22465e-16 1 6.12323e-17 
vn -1.22465e-16 1 6.12323e-17 
vn -1.22465e-16 1 6.12323e-17 
vn -1.22465e-16 1 6.12323e-17 
vn -1.22465e-16 1 6.12323e-17 
vn -1.22465e-16 1 6.12323e-17 
vn -1.22465e-16 1 6.12323e-17 
vn -1.22465e-16 1 6.12323e-17 
vn -1.22465e-16 1 6.12323e-17 
vn -1.22465e-16 1 6.12323e-17 
vn -1.22465e-16 1 6.12323e-17 
vn -1.22465e-16 1 6.12323e-17 
vn -1.22465e-16 1 6.12323e-17 
vn -1.22465e-16 1 6.12323e-17 
vn -1.22465e-16 1 6.12323e-17 
vn -1.22465e-16 1 6.12323e-17 
vn -1.22465e-16 1 6.12323e-17 
vn -1.22465e-16 1 6.12323e-17 
vn -1.22465e-16 1 6.12323e-17 
vn -1.22465e-16 1 6.12323e-17 
vn -1.22465e-16 1 6.12323e-17 
vn -1.22465e-16 1 6.12323e-17 
vn -1.22465e-16 1 6.12323e-17 
vn -1.22465e-16 1 6.12323e-17 
vn -1.22465e-16 1 6.12323e-17 
vn -1.22465e-16 1 6.12323e-17 
vn -1.22465e-16 1 6.12323e-17 
vn -1.22465e-16 1 6.12323e-17 
vn -1.22465e-16 1 6.12323e-17 
vn -1.22465e-16 1 6.12323e-17 
vn -1.22465e-16 1 6.12323e-17 
vn -1.22465e-16 1 6.12323e-17 
vn -1.22465e-16 1 6.12323e-17 
vn -1.22465e-16 1 6.12323e-17 
vn -1.22465e-16 1 6.12323e-17 
vn -1.22465e-16 1 6.12323e-17 
vn -1.22465e-16 1 6.12323e-17 
vn -1.22465e-16 1 6.12323e-17 
vn -1.22465e-16 1 6.12323e-17 
vn -1.22465e-16 1 6.12323e-17 
vn -1.22465e-16 1 6.12323e-17 
vn -1.22465e-16 1 6.12323e-17 
vn -1.22465e-16 1 6.12323e-17 
vn -1.22465e-16 1 6.12323e-17 
vn -1.22465e-16 1 6.12323e-17 
vn -1.22465e-16 1 6.12323e-17 
vn -1.22465e-16 1 6.12323e-17 
vn -1.22465e-16 1 6.12323e-17 
vn -1.22465e-16 1 6.12323e-17 
vn -1.22465e-16 1 6.12323e-17 
vn -1.22465e-16 1 6.12323e-17 
vn -1.22465e-16 1 6.12323e-17 
vn -1.22465e-16 1 6.12323e-17 
vn -1.22465e-16 1 6.12323e-17 
vn -1.22465e-16 1 6.12323e-17 
vn -1.22465e-16 1 6.12323e-17 
vn -1.22465e-16 1 6.12323e-17 
vn -1.22465e-16 1 6.12323e-17 
vn -1.22465e-16 1 6.12323e-17 
vn -1.22465e-16 1 6.12323e-17 
vn -1.22465e-16 1 6.12323e-17 
vn -1.22465e-16 1 6.12323e-17 
vn -1.22465e-16 1 6.12323e-17 
vn -1.22465e-16 1 6.12323e-17 
vn -1.22465e-16 1 6.12323e-17 
vn -1.22465e-16 1 6.12323e-17 
vn -1.22465e-16 1 6.12323e-17 
vn -1.22465e-16 1 6.12323e-17 
vn -1.22465e-16 1 6.12323e-17 
vn -1.22465e-16 1 6.12323e-17 
vn -1.22465e-16 1 6.12323e-17 
vn -1.22465e-16 1 6.12323e-17 
vn -1.22465e-16 1 6.12323e-17 
vn -1.22465e-16 1 6.12323e-17 
vn -1.22465e-16 1 6.12323e-17 
vn -1.22465e-16 1 6.12323e-17 
vn -1.22465e-16 1 6.12323e-17 
vn -1.22465e-16 1 6.12323e-17 
vn -1.22465e-16 1 6.12323e-17 
vn -1.22465e-16 1 6.12323e-17 
f 1900//1900 1901//1901 1902//1902 
f 1903//1903 1904//1904 1901//1901 
f 1905//1905 1906//1906 1904//1904 
f 1907//1907 1908//1908 1906//1906 
f 1901//1901 1900//1900 1903//1903 
f 1906//1906 1905//1905 1907//1907 
f 1909//1909 1910//1910 1911//1911 
f 1912//1912 1913//1913 1910//1910 
f 1914//1914 1915//1915 1916//1916 
f 1915//1915 1917//1917 1918//1918 
f 1917//1917 1919//1919 1920//1920 
f 1919//1919 1921//1921 1922//1922 
f 1923//1923 1924//1924 1925//1925 
f 1924//1924 1926//1926 1927//1927 
f 1904//1904 1903//1903 1905//1905 
f 1928//1928 1929//1929 1908//1908 
f 1930//1930 1931//1931 1932//1932 
f 1933//1933 1934//1934 1931//1931 
f 1935//1935 1936//1936 1934//1934 
f 1937//1937 1938//1938 1936//1936 
f 1910//1910 1909//1909 1912//1912 
f 1939//1939 1940//1940 1913//1913 
f 1941//1941 1942//1942 1940//1940 
f 1943//1943 1944//1944 1942//1942 
f 1945//1945 1946//1946 1947//1947 
f 1945//1945 1948//1948 1949//1949 
f 1950//1950 1951//1951 1952//1952 
f 1951//1951 1953//1953 1954//1954 
f 1955//1955 1956//1956 1957//1957 
f 1956//1956 1958//1958 1959//1959 
f 1960//1960 1961//1961 1962//1962 
f 1961//1961 1963//1963 1964//1964 
f 1963//1963 1965//1965 1966//1966 
f 1965//1965 1967//1967 1968//1968 
f 1918//1918 1916//1916 1915//1915 
f 1922//1922 1920//1920 1919//1919 
f 1921//1921 1923//1923 1969//1969 
f 1927//1927 1925//1925 1924//1924 
f 1970//1970 1902//1902 1971//1971 
f 1908//1908 1907//1907 1928//1928 
f 1931//1931 1930//1930 1933//1933 
f 1936//1936 1935//1935 1937//1937 
f 1972//1972 1973//1973 1938//1938 
f 1974//1974 1975//1975 1973//1973 
f 1976//1976 1977//1977 1975//1975 
f 1978//1978 1979//1979 1977//1977 
f 1980//1980 1981//1981 1979//1979 
f 1982//1982 1911//1911 1981//1981 
f 1913//1913 1912//1912 1939//1939 
f 1942//1942 1941//1941 1943//1943 
f 1983//1983 1984//1984 1944//1944 
f 1985//1985 1986//1986 1984//1984 
f 1987//1987 1988//1988 1986//1986 
f 1989//1989 1947//1947 1988//1988 
f 1949//1949 1946//1946 1945//1945 
f 1948//1948 1950//1950 1990//1990 
f 1954//1954 1952//1952 1951//1951 
f 1953//1953 1991//1991 1992//1992 
f 1991//1991 1993//1993 1994//1994 
f 1993//1993 1995//1995 1996//1996 
f 1995//1995 1955//1955 1997//1997 
f 1959//1959 1957//1957 1956//1956 
f 1964//1964 1962//1962 1961//1961 
f 1968//1968 1966//1966 1965//1965 
f 1967//1967 1998//1998 1999//1999 
f 1998//1998 1914//1914 2000//2000 
f 1920//1920 1918//1918 1917//1917 
f 1925//1925 1969//1969 1923//1923 
f 1926//1926 2001//2001 1971//1971 
f 1902//1902 1970//1970 1900//1900 
f 2002//2002 2003//2003 2004//2004 
f 2005//2005 2006//2006 2003//2003 
f 2007//2007 1932//1932 2006//2006 
f 1934//1934 1933//1933 1935//1935 
f 1973//1973 1972//1972 1974//1974 
f 1977//1977 1976//1976 1978//1978 
f 1981//1981 1980//1980 1982//1982 
f 1940//1940 1939//1939 1941//1941 
f 1984//1984 1983//1983 1985//1985 
f 1988//1988 1987//1987 1989//1989 
f 1990//1990 1949//1949 1948//1948 
f 1992//1992 1954//1954 1953//1953 
f 1996//1996 1994//1994 1993//1993 
f 1957//1957 1997//1997 1955//1955 
f 1966//1966 1964//1964 1963//1963 
f 2000//2000 1999//1999 1998//1998 
f 1969//1969 1922//1922 1921//1921 
f 1971//1971 2001//2001 1970//1970 
f 2008//2008 2004//2004 1929//1929 
f 2003//2003 2002//2002 2005//2005 
f 1932//1932 2007//2007 1930//1930 
f 1975//1975 1974//1974 1976//1976 
f 1911//1911 1982//1982 1909//1909 
f 1986//1986 1985//1985 1987//1987 
f 1952//1952 1990//1990 1950//1950 
f 1997//1997 1996//1996 1995//1995 
f 1958//1958 2009//2009 2010//2010 
f 2009//2009 2011//2011 2012//2012 
f 2011//2011 2013//2013 2014//2014 
f 2013//2013 1960//1960 2015//2015 
f 1999//1999 1968//1968 1967//1967 
f 1971//1971 1927//1927 1926//1926 
f 2004//2004 2008//2008 2002//2002 
f 1938//1938 1937//1937 1972//1972 
f 1944//1944 1943//1943 1983//1983 
f 1994//1994 1992//1992 1991//1991 
f 2012//2012 2010//2010 2009//2009 
f 2015//2015 2014//2014 2013//2013 
f 1916//1916 2000//2000 1914//1914 
f 2006//2006 2005//2005 2007//2007 
f 1947//1947 1989//1989 1945//1945 
f 2014//2014 2012//2012 2011//2011 
f 1929//1929 1928//1928 2008//2008 
f 2010//2010 1959//1959 1958//1958 
f 1979//1979 1978//1978 1980//1980 
f 1962//1962 2015//2015 1960//1960 
v -2.14313e-18 0.0125 0.01 
v -3.73517e-18 0.0255 0.01 
v -0.00108119 0.0255 0.00994138 
v -0.00108119 0.0125 0.00994138 
v -0.0021497 0.0255 0.00976621 
v -0.0021497 0.0125 0.00976621 
v -0.00319302 0.0255 0.00947653 
v -0.00319302 0.0125 0.00947653 
v -0.00419889 0.0255 0.00907575 
v -0.00419889 0.0125 0.00907575 
v -0.00515554 0.0255 0.00856857 
v -0.00515554 0.0125 0.00856857 
v -0.00605174 0.0255 0.00796093 
v -0.00605174 0.0125 0.00796093 
v -0.00687699 0.0255 0.00725995 
v -0.00687699 0.0125 0.00725995 
v -0.00762162 0.0255 0.00647386 
v -0.00762162 0.0125 0.00647386 
v -0.00827689 0.0255 0.00561187 
v -0.00827689 0.0125 0.00561187 
v -0.00883512 0.0255 0.00468408 
v -0.00883512 0.0125 0.00468408 
v -0.00928977 0.0255 0.00370138 
v -0.00928977 0.0125 0.00370138 
v -0.0096355 0.0255 0.00267528 
v -0.0096355 0.0125 0.00267528 
v -0.00986827 0.0255 0.00161782 
v -0.00986827 0.0125 0.00161782 
v -0.00998533 0.0255 0.000541389 
v -0.00998533 0.0125 0.000541389 
v -0.00998533 0.0255 -0.000541389 
v -0.00998533 0.0125 -0.000541389 
v -0.00986827 0.0255 -0.00161782 
v -0.00986827 0.0125 -0.00161782 
v -0.0096355 0.0255 -0.00267528 
v -0.0096355 0.0125 -0.00267528 
v -0.00928977 0.0255 -0.00370138 
v -0.00928977 0.0125 -0.00370138 
v -0.00883512 0.0255 -0.00468408 
v -0.00883512 0.0125 -0.00468408 
v -0.00827689 0.0255 -0.00561187 
v -0.00827689 0.0125 -0.00561187 
v -0.00762162 0.0255 -0.00647386 
v -0.00762162 0.0125 -0.00647386 
v -0.00687699 0.0255 -0.00725995 
v -0.00687699 0.0125 -0.00725995 
v -0.00605174 0.0255 -0.00796093 
v -0.00605174 0.0125 -0.00796093 
v -0.00515554 0.0255 -0.00856857 
v -0.00515554 0.0125 -0.00856857 
v -0.00419889 0.0255 -0.00907575 
v -0.00419889 0.0125 -0.00907575 
v -0.00319302 0.0255 -0.00947653 
v -0.00319302 0.0125 -0.00947653 
v -0.0021497 0.0255 -0.00976621 
v -0.0021497 0.0125 -0.00976621 
v -0.00108119 0.0255 -0.00994138 
v -0.00108119 0.0125 -0.00994138 
v -7.40911e-18 0.0255 -0.01 
v -3.36778e-18 0.0125 -0.01 
v 0.00108119 0.0255 -0.00994138 
v 0.00108119 0.0125 -0.00994138 
v 0.0021497 0.0255 -0.00976621 
v 0.0021497 0.0125 -0.00976621 
v 0.00319302 0.0255 -0.00947653 
v 0.00319302 0.0125 -0.00947653 
v 0.00419889 0.0255 -0.00907575 
v 0.00419889 0.0125 -0.00907575 
v 0.00515554 0.0255 -0.00856857 
v 0.00515554 0.0125 -0.00856857 
v 0.00605174 0.0255 -0.00796093 
v 0.00605174 0.0125 -0.00796093 
v 0.00687699 0.0255 -0.00725995 
v 0.00687699 0.0125 -0.00725995 
v 0.00762162 0.0255 -0.00647386 
v 0.00762162 0.0125 -0.00647386 
v 0.00827689 0.0255 -0.00561187 
v 0.00827689 0.0125 -0.00561187 
v 0.00883512 0.0255 -0.00468408 
v 0.00883512 0.0125 -0.00468408 
v 0.00928977 0.0255 -0.00370138 
v 0.00928977 0.0125 -0.00370138 
v 0.0096355 0.0255 -0.00267528 
v 0.0096355 0.0125 -0.00267528 
v 0.00986827 0.0255 -0.00161782 
v 0.00986827 0.0125 -0.00161782 
v 0.00998533 0.0255 -0.000541389 
v 0.00998533 0.0125 -0.000541389 
v 0.00998533 0.0255 0.000541389 
v 0.00998533 0.0125 0.000541389 
v 0.00986827 0.0255 0.00161782 
v 0.00986827 0.0125 0.00161782 
v 0.0096355 0.0255 0.00267528 
v 0.0096355 0.0125 0.00267528 
v 0.00928977 0.0255 0.00370138 
v 0.00928977 0.0125 0.00370138 
v 0.00883512 0.0255 0.00468408 
v 0.00883512 0.0125 0.00468408 
v 0.00827689 0.0255 0.00561187 
v 0.00827689 0.0125 0.00561187 
v 0.00762162 0.0255 0.00647386 
v 0.00762162 0.0125 0.00647386 
v 0.00687699 0.0255 0.00725995 
v 0.00687699 0.0125 0.00725995 
v 0.00605174 0.0255 0.00796093 
v 0.00605174 0.0125 0.00796093 
v 0.00515554 0.0255 0.00856857 
v 0.00515554 0.0125 0.00856857 
v 0.00419889 0.0255 0.00907575 
v 0.00419889 0.0125 0.00907575 
v 0.00319302 0.0255 0.00947653 
v 0.00319302 0.0125 0.00947653 
v 0.0021497 0.0255 0.00976621 
v 0.0021497 0.0125 0.00976621 
v 0.00108119 0.0255 0.00994138 
v 0.00108119 0.0125 0.00994138 
vn 7.4988e-33 -6.12323e-17 1 
vn 7.4988e-33 -6.12323e-17 1 
vn -0.108119 -7.41142e-17 0.994138 
vn -0.108119 -7.41142e-17 0.994138 
vn -0.21497 -8.6127e-17 0.976621 
vn -0.21497 -8.6127e-17 0.976621 
vn -0.319302 -9.71302e-17 0.947653 
vn -0.319302 -9.71302e-17 0.947653 
vn -0.419889 -1.06995e-16 0.907575 
vn -0.419889 -1.06995e-16 0.907575 
vn -0.515554 -1.15605e-16 0.856857 
vn -0.515554 -1.15605e-16 0.856857 
vn -0.605174 -1.22859e-16 0.796093 
vn -0.605174 -1.22859e-16 0.796093 
vn -0.687699 -1.28673e-16 0.725995 
vn -0.687699 -1.28673e-16 0.725995 
vn -0.762162 -1.32979e-16 0.647386 
vn -0.762162 -1.32979e-16 0.647386 
vn -0.827689 -1.35725e-16 0.561187 
vn -0.827689 -1.35725e-16 0.561187 
vn -0.883512 -1.36881e-16 0.468408 
vn -0.883512 -1.36881e-16 0.468408 
vn -0.928977 -1.36431e-16 0.370138 
vn -0.928977 -1.36431e-16 0.370138 
vn -0.96355 -1.34382e-16 0.267528 
vn -0.96355 -1.34382e-16 0.267528 
vn -0.986827 -1.30758e-16 0.161782 
vn -0.986827 -1.30758e-16 0.161782 
vn -0.998533 -1.256e-16 0.0541389 
vn -0.998533 -1.256e-16 0.0541389 
vn -0.998533 -1.1897e-16 -0.0541389 
vn -0.998533 -1.1897e-16 -0.0541389 
vn -0.986827 -1.10945e-16 -0.161782 
vn -0.986827 -1.10945e-16 -0.161782 
vn -0.96355 -1.01619e-16 -0.267528 
vn -0.96355 -1.01619e-16 -0.267528 
vn -0.928977 -9.11024e-17 -0.370138 
vn -0.928977 -9.11024e-17 -0.370138 
vn -0.883512 -7.95173e-17 -0.468408 
vn -0.883512 -7.95173e-17 -0.468408 
vn -0.827689 -6.69999e-17 -0.561187 
vn -0.827689 -6.69999e-17 -0.561187 
vn -0.762162 -5.3697e-17 -0.647386 
vn -0.762162 -5.3697e-17 -0.647386 
vn -0.687699 -3.97645e-17 -0.725995 
vn -0.687699 -3.97645e-17 -0.725995 
vn -0.605174 -2.53658e-17 -0.796093 
vn -0.605174 -2.53658e-17 -0.796093 
vn -0.515554 -1.06698e-17 -0.856857 
vn -0.515554 -1.06698e-17 -0.856857 
vn -0.419889 4.15138e-18 -0.907575 
vn -0.419889 4.15138e-18 -0.907575 
vn -0.319302 1.89239e-17 -0.947653 
vn -0.319302 1.89239e-17 -0.947653 
vn -0.21497 3.34745e-17 -0.976621 
vn -0.21497 3.34745e-17 -0.976621 
vn -0.108119 4.76326e-17 -0.994138 
vn -0.108119 4.76326e-17 -0.994138 
vn -1.22465e-16 6.12323e-17 -1 
vn -1.22465e-16 6.12323e-17 -1 
vn 0.108119 7.41142e-17 -0.994138 
vn 0.108119 7.41142e-17 -0.994138 
vn 0.21497 8.6127e-17 -0.976621 
vn 0.21497 8.6127e-17 -0.976621 
vn 0.319302 9.71302e-17 -0.947653 
vn 0.319302 9.71302e-17 -0.947653 
vn 0.419889 1.06995e-16 -0.907575 
vn 0.419889 1.06995e-16 -0.907575 
vn 0.515554 1.15605e-16 -0.856857 
vn 0.515554 1.15605e-16 -0.856857 
vn 0.605174 1.22859e-16 -0.796093 
vn 0.605174 1.22859e-16 -0.796093 
vn 0.687699 1.28673e-16 -0.725995 
vn 0.687699 1.28673e-16 -0.725995 
vn 0.762162 1.32979e-16 -0.647386 
vn 0.762162 1.32979e-16 -0.647386 
vn 0.827689 1.35725e-16 -0.561187 
vn 0.827689 1.35725e-16 -0.561187 
vn 0.883512 1.36881e-16 -0.468408 
vn 0.883512 1.36881e-16 -0.468408 
vn 0.928977 1.36431e-16 -0.370138 
vn 0.928977 1.36431e-16 -0.370138 
vn 0.96355 1.34382e-16 -0.267528 
vn 0.96355 1.34382e-16 -0.267528 
vn 0.986827 1.30758e-16 -0.161782 
vn 0.986827 1.30758e-16 -0.161782 
vn 0.998533 1.256e-16 -0.0541389 
vn 0.998533 1.256e-16 -0.0541389 
vn 0.998533 1.1897e-16 0.0541389 
vn 0.998533 1.1897e-16 0.0541389 
vn 0.986827 1.10945e-16 0.161782 
vn 0.986827 1.10945e-16 0.161782 
vn 0.96355 1.01619e-16 0.267528 
vn 0.96355 1.01619e-16 0.267528 
vn 0.928977 9.11024e-17 0.370138 
vn 0.928977 9.11024e-17 0.370138 
vn 0.883512 7.95173e-17 0.468408 
vn 0.883512 7.95173e-17 0.468408 
vn 0.827689 6.69999e-17 0.561187 
vn 0.827689 6.69999e-17 0.561187 
vn 0.762162 5.3697e-17 0.647386 
vn 0.762162 5.3697e-17 0.647386 
vn 0.687699 3.97645e-17 0.725995 
vn 0.687699 3.97645e-17 0.725995 
vn 0.605174 2.53658e-17 0.796093 
vn 0.605174 2.53658e-17 0.796093 
vn 0.515554 1.06698e-17 0.856857 
vn 0.515554 1.06698e-17 0.856857 
vn 0.419889 -4.15138e-18 0.907575 
vn 0.419889 -4.15138e-18 0.907575 
vn 0.319302 -1.89239e-17 0.947653 
vn 0.319302 -1.89239e-17 0.947653 
vn 0.21497 -3.34745e-17 0.976621 
vn 0.21497 -3.34745e-17 0.976621 
vn 0.108119 -4.76326e-17 0.994138 
vn 0.108119 -4.76326e-17 0.994138 
f 2016//2016 2017//2017 2018//2018 
f 2019//2019 2018//2018 2020//2020 
f 2021//2021 2020//2020 2022//2022 
f 2023//2023 2022//2022 2024//2024 
f 2025//2025 2024//2024 2026//2026 
f 2027//2027 2026//2026 2028//2028 
f 2029//2029 2028//2028 2030//2030 
f 2031//2031 2030//2030 2032//2032 
f 2033//2033 2032//2032 2034//2034 
f 2035//2035 2034//2034 2036//2036 
f 2037//2037 2036//2036 2038//2038 
f 2039//2039 2038//2038 2040//2040 
f 2041//2041 2040//2040 2042//2042 
f 2043//2043 2042//2042 2044//2044 
f 2045//2045 2044//2044 2046//2046 
f 2047//2047 2046//2046 2048//2048 
f 2049//2049 2048//2048 2050//2050 
f 2051//2051 2050//2050 2052//2052 
f 2053//2053 2052//2052 2054//2054 
f 2055//2055 2054//2054 2056//2056 
f 2057//2057 2056//2056 2058//2058 
f 2059//2059 2058//2058 2060//2060 
f 2061//2061 2060//2060 2062//2062 
f 2063//2063 2062//2062 2064//2064 
f 2065//2065 2064//2064 2066//2066 
f 2067//2067 2066//2066 2068//2068 
f 2069//2069 2068//2068 2070//2070 
f 2071//2071 2070//2070 2072//2072 
f 2073//2073 2072//2072 2074//2074 
f 2075//2075 2074//2074 2076//2076 
f 2077//2077 2076//2076 2078//2078 
f 2079//2079 2078//2078 2080//2080 
f 2081//2081 2080//2080 2082//2082 
f 2083//2083 2082//2082 2084//2084 
f 2085//2085 2084//2084 2086//2086 
f 2087//2087 2086//2086 2088//2088 
f 2089//2089 2088//2088 2090//2090 
f 2091//2091 2090//2090 2092//2092 
f 2093//2093 2092//2092 2094//2094 
f 2095//2095 2094//2094 2096//2096 
f 2097//2097 2096//2096 2098//2098 
f 2099//2099 2098//2098 2100//2100 
f 2101//2101 2100//2100 2102//2102 
f 2103//2103 2102//2102 2104//2104 
f 2105//2105 2104//2104 2106//2106 
f 2107//2107 2106//2106 2108//2108 
f 2109//2109 2108//2108 2110//2110 
f 2111//2111 2110//2110 2112//2112 
f 2113//2113 2112//2112 2114//2114 
f 2115//2115 2114//2114 2116//2116 
f 2117//2117 2116//2116 2118//2118 
f 2119//2119 2118//2118 2120//2120 
f 2121//2121 2120//2120 2122//2122 
f 2123//2123 2122//2122 2124//2124 
f 2125//2125 2124//2124 2126//2126 
f 2127//2127 2126//2126 2128//2128 
f 2129//2129 2128//2128 2130//2130 
f 2131//2131 2130//2130 2017//2017 
f 2017//2017 2016//2016 2131//2131 
f 2130//2130 2131//2131 2129//2129 
f 2128//2128 2129//2129 2127//2127 
f 2126//2126 2127//2127 2125//2125 
f 2124//2124 2125//2125 2123//2123 
f 2122//2122 2123//2123 2121//2121 
f 2120//2120 2121//2121 2119//2119 
f 2118//2118 2119//2119 2117//2117 
f 2116//2116 2117//2117 2115//2115 
f 2114//2114 2115//2115 2113//2113 
f 2112//2112 2113//2113 2111//2111 
f 2110//2110 2111//2111 2109//2109 
f 2108//2108 2109//2109 2107//2107 
f 2106//2106 2107//2107 2105//2105 
f 2104//2104 2105//2105 2103//2103 
f 2102//2102 2103//2103 2101//2101 
f 2100//2100 2101//2101 2099//2099 
f 2098//2098 2099//2099 2097//2097 
f 2096//2096 2097//2097 2095//2095 
f 2094//2094 2095//2095 2093//2093 
f 2092//2092 2093//2093 2091//2091 
f 2090//2090 2091//2091 2089//2089 
f 2088//2088 2089//2089 2087//2087 
f 2086//2086 2087//2087 2085//2085 
f 2084//2084 2085//2085 2083//2083 
f 2082//2082 2083//2083 2081//2081 
f 2080//2080 2081//2081 2079//2079 
f 2078//2078 2079//2079 2077//2077 
f 2076//2076 2077//2077 2075//2075 
f 2074//2074 2075//2075 2073//2073 
f 2072//2072 2073//2073 2071//2071 
f 2070//2070 2071//2071 2069//2069 
f 2068//2068 2069//2069 2067//2067 
f 2066//2066 2067//2067 2065//2065 
f 2064//2064 2065//2065 2063//2063 
f 2062//2062 2063//2063 2061//2061 
f 2060//2060 2061//2061 2059//2059 
f 2058//2058 2059//2059 2057//2057 
f 2056//2056 2057//2057 2055//2055 
f 2054//2054 2055//2055 2053//2053 
f 2052//2052 2053//2053 2051//2051 
f 2050//2050 2051//2051 2049//2049 
f 2048//2048 2049//2049 2047//2047 
f 2046//2046 2047//2047 2045//2045 
f 2044//2044 2045//2045 2043//2043 
f 2042//2042 2043//2043 2041//2041 
f 2040//2040 2041//2041 2039//2039 
f 2038//2038 2039//2039 2037//2037 
f 2036//2036 2037//2037 2035//2035 
f 2034//2034 2035//2035 2033//2033 
f 2032//2032 2033//2033 2031//2031 
f 2030//2030 2031//2031 2029//2029 
f 2028//2028 2029//2029 2027//2027 
f 2026//2026 2027//2027 2025//2025 
f 2024//2024 2025//2025 2023//2023 
f 2022//2022 2023//2023 2021//2021 
f 2020//2020 2021//2021 2019//2019 
f 2018//2018 2019//2019 2016//2016 
v -3.68629e-18 0.0255 2.32683e-18 
v -0.00108119 0.0255 -0.00994138 
v -0.0021497 0.0255 -0.00976621 
v -0.00319302 0.0255 -0.00947653 
v -0.00419889 0.0255 -0.00907575 
v -0.00515554 0.0255 -0.00856857 
v -0.00605174 0.0255 -0.00796093 
v -0.00687699 0.0255 -0.00725995 
v -0.00762162 0.0255 -0.00647386 
v -0.00827689 0.0255 -0.00561187 
v -0.00883512 0.0255 -0.00468408 
v -0.00928977 0.0255 -0.00370138 
v -0.0096355 0.0255 -0.00267528 
v -0.00986827 0.0255 -0.00161782 
v -0.00998533 0.0255 -0.000541389 
v -0.00998533 0.0255 0.000541389 
v -0.00986827 0.0255 0.00161782 
v -0.0096355 0.0255 0.00267528 
v -0.00928977 0.0255 0.00370138 
v -0.00883512 0.0255 0.00468408 
v -0.00827689 0.0255 0.00561187 
v -0.00762162 0.0255 0.00647386 
v -0.00687699 0.0255 0.00725995 
v -0.00605174 0.0255 0.00796093 
v -0.00515554 0.0255 0.00856857 
v -0.00419889 0.0255 0.00907575 
v -0.00319302 0.0255 0.00947653 
v -0.0021497 0.0255 0.00976621 
v -0.00108119 0.0255 0.00994138 
v -3.73517e-18 0.0255 0.01 
v 0.00108119 0.0255 0.00994138 
v 0.0021497 0.0255 0.00976621 
v 0.00319302 0.0255 0.00947653 
v 0.00419889 0.0255 0.00907575 
v 0.00515554 0.0255 0.00856857 
v 0.00605174 0.0255 0.00796093 
v 0.00687699 0.0255 0.00725995 
v 0.00762162 0.0255 0.00647386 
v 0.00827689 0.0255 0.00561187 
v 0.00883512 0.0255 0.00468408 
v 0.00928977 0.0255 0.00370138 
v 0.0096355 0.0255 0.00267528 
v 0.00986827 0.0255 0.00161782 
v 0.00998533 0.0255 0.000541389 
v 0.00998533 0.0255 -0.000541389 
v 0.00986827 0.0255 -0.00161782 
v 0.0096355 0.0255 -0.00267528 
v 0.00928977 0.0255 -0.00370138 
v 0.00883512 0.0255 -0.00468408 
v 0.00827689 0.0255 -0.00561187 
v 0.00762162 0.0255 -0.00647386 
v 0.00687699 0.0255 -0.00725995 
v 0.00605174 0.0255 -0.00796093 
v 0.00515554 0.0255 -0.00856857 
v 0.00419889 0.0255 -0.00907575 
v 0.00319302 0.0255 -0.00947653 
v 0.0021497 0.0255 -0.00976621 
v 0.00108119 0.0255 -0.00994138 
v -7.40911e-18 0.0255 -0.01 
vn -1.22465e-16 1 6.12323e-17 
vn -1.22465e-16 1 6.12323e-17 
vn -1.22465e-16 1 6.12323e-17 
vn -1.22465e-16 1 6.12323e-17 
vn -1.22465e-16 1 6.12323e-17 
vn -1.22465e-16 1 6.12323e-17 
vn -1.22465e-16 1 6.12323e-17 
vn -1.22465e-16 1 6.12323e-17 
vn -1.22465e-16 1 6.12323e-17 
vn -1.22465e-16 1 6.12323e-17 
vn -1.22465e-16 1 6.12323e-17 
vn -1.22465e-16 1 6.12323e-17 
vn -1.22465e-16 1 6.12323e-17 
vn -1.22465e-16 1 6.12323e-17 
vn -1.22465e-16 1 6.12323e-17 
vn -1.22465e-16 1 6.12323e-17 
vn -1.22465e-16 1 6.12323e-17 
vn -1.22465e-16 1 6.12323e-17 
vn -1.22465e-16 1 6.12323e-17 
vn -1.22465e-16 1 6.12323e-17 
vn -1.22465e-16 1 6.12323e-17 
vn -1.22465e-16 1 6.12323e-17 
vn -1.22465e-16 1 6.12323e-17 
vn -1.22465e-16 1 6.12323e-17 
vn -1.22465e-16 1 6.12323e-17 
vn -1.22465e-16 1 6.12323e-17 
vn -1.22465e-16 1 6.12323e-17 
vn -1.22465e-16 1 6.12323e-17 
vn -1.22465e-16 1 6.12323e-17 
vn -1.22465e-16 1 6.12323e-17 
vn -1.22465e-16 1 6.12323e-17 
vn -1.22465e-16 1 6.12323e-17 
vn -1.22465e-16 1 6.12323e-17 
vn -1.22465e-16 1 6.12323e-17 
vn -1.22465e-16 1 6.12323e-17 
vn -1.22465e-16 1 6.12323e-17 
vn -1.22465e-16 1 6.12323e-17 
vn -1.22465e-16 1 6.12323e-17 
vn -1.22465e-16 1 6.12323e-17 
vn -1.22465e-16 1 6.12323e-17 
vn -1.22465e-16 1 6.12323e-17 
vn -1.22465e-16 1 6.12323e-17 
vn -1.22465e-16 1 6.12323e-17 
vn -1.22465e-16 1 6.12323e-17 
vn -1.22465e-16 1 6.12323e-17 
vn -1.22465e-16 1 6.12323e-17 
vn -1.22465e-16 1 6.12323e-17 
vn -1.22465e-16 1 6.12323e-17 
vn -1.22465e-16 1 6.12323e-17 
vn -1.22465e-16 1 6.12323e-17 
vn -1.22465e-16 1 6.12323e-17 
vn -1.22465e-16 1 6.12323e-17 
vn -1.22465e-16 1 6.12323e-17 
vn -1.22465e-16 1 6.12323e-17 
vn -1.22465e-16 1 6.12323e-17 
vn -1.22465e-16 1 6.12323e-17 
vn -1.22465e-16 1 6.12323e-17 
vn -1.22465e-16 1 6.12323e-17 
vn -1.22465e-16 1 6.12323e-17 
f 2132//2132 2133//2133 2134//2134 
f 2134//2134 2135//2135 2132//2132 
f 2135//2135 2136//2136 2132//2132 
f 2136//2136 2137//2137 2132//2132 
f 2137//2137 2138//2138 2132//2132 
f 2138//2138 2139//2139 2132//2132 
f 2139//2139 2140//2140 2132//2132 
f 2140//2140 2141//2141 2132//2132 
f 2141//2141 2142//2142 2132//2132 
f 2142//2142 2143//2143 2132//2132 
f 2143//2143 2144//2144 2132//2132 
f 2144//2144 2145//2145 2132//2132 
f 2145//2145 2146//2146 2132//2132 
f 2146//2146 2147//2147 2132//2132 
f 2147//2147 2148//2148 2132//2132 
f 2148//2148 2149//2149 2132//2132 
f 2149//2149 2150//2150 2132//2132 
f 2150//2150 2151//2151 2132//2132 
f 2151//2151 2152//2152 2132//2132 
f 2152//2152 2153//2153 2132//2132 
f 2153//2153 2154//2154 2132//2132 
f 2154//2154 2155//2155 2132//2132 
f 2155//2155 2156//2156 2132//2132 
f 2156//2156 2157//2157 2132//2132 
f 2157//2157 2158//2158 2132//2132 
f 2158//2158 2159//2159 2132//2132 
f 2159//2159 2160//2160 2132//2132 
f 2160//2160 2161//2161 2132//2132 
f 2161//2161 2162//2162 2132//2132 
f 2162//2162 2163//2163 2132//2132 
f 2163//2163 2164//2164 2132//2132 
f 2164//2164 2165//2165 2132//2132 
f 2165//2165 2166//2166 2132//2132 
f 2166//2166 2167//2167 2132//2132 
f 2167//2167 2168//2168 2132//2132 
f 2168//2168 2169//2169 2132//2132 
f 2169//2169 2170//2170 2132//2132 
f 2170//2170 2171//2171 2132//2132 
f 2171//2171 2172//2172 2132//2132 
f 2172//2172 2173//2173 2132//2132 
f 2173//2173 2174//2174 2132//2132 
f 2174//2174 2175//2175 2132//2132 
f 2175//2175 2176//2176 2132//2132 
f 2176//2176 2177//2177 2132//2132 
f 2177//2177 2178//2178 2132//2132 
f 2178//2178 2179//2179 2132//2132 
f 2179//2179 2180//2180 2132//2132 
f 2180//2180 2181//2181 2132//2132 
f 2181//2181 2182//2182 2132//2132 
f 2182//2182 2183//2183 2132//2132 
f 2183//2183 2184//2184 2132//2132 
f 2184//2184 2185//2185 2132//2132 
f 2185//2185 2186//2186 2132//2132 
f 2186//2186 2187//2187 2132//2132 
f 2187//2187 2188//2188 2132//2132 
f 2188//2188 2189//2189 2132//2132 
f 2189//2189 2190//2190 2132//2132 
f 2190//2190 2133//2133 2132//2132 
