# OBJ generated by ONSHAPE BY PTC INC, 1.221 Units = meters
mtllib link_1.mtl
usemtl 0.301961_0.301961_0.301961_0.000000_0.000000
v 0 -8.67362e-19 -0.017675 
v -0.0164033 0.00178396 -0.017675 
v -0.0161142 0.00354701 -0.017675 
v -0.0156363 0.00526848 -0.017675 
v -0.014975 0.00692817 -0.017675 
v -0.0141381 0.00850664 -0.017675 
v -0.0131355 0.00998537 -0.017675 
v -0.0119789 0.011347 -0.017675 
v -0.0106819 0.0125757 -0.017675 
v -0.00925959 0.0136569 -0.017675 
v -0.00772874 0.0145779 -0.017675 
v -0.00610728 0.0153281 -0.017675 
v -0.00441422 0.0158986 -0.017675 
v -0.0026694 0.0162826 -0.017675 
v -0.000893292 0.0164758 -0.017675 
v 0.000893292 0.0164758 -0.017675 
v 0.0026694 0.0162826 -0.017675 
v 0.00441422 0.0158986 -0.017675 
v 0.00610728 0.0153281 -0.017675 
v 0.00772874 0.0145779 -0.017675 
v 0.00925959 0.0136569 -0.017675 
v 0.0106819 0.0125757 -0.017675 
v 0.0119789 0.011347 -0.017675 
v 0.0131355 0.00998537 -0.017675 
v 0.0141381 0.00850664 -0.017675 
v 0.014975 0.00692817 -0.017675 
v 0.0156363 0.00526848 -0.017675 
v 0.0161142 0.00354701 -0.017675 
v 0.0164033 0.00178396 -0.017675 
v 0.0165 -1.01033e-18 -0.017675 
v 0.0164033 -0.00178396 -0.017675 
v 0.0161142 -0.00354701 -0.017675 
v 0.0156363 -0.00526848 -0.017675 
v 0.014975 -0.00692817 -0.017675 
v 0.0141381 -0.00850664 -0.017675 
v 0.0131355 -0.00998537 -0.017675 
v 0.0119789 -0.011347 -0.017675 
v 0.0106819 -0.0125757 -0.017675 
v 0.00925959 -0.0136569 -0.017675 
v 0.00772874 -0.0145779 -0.017675 
v 0.00610728 -0.0153281 -0.017675 
v 0.00441422 -0.0158986 -0.017675 
v 0.0026694 -0.0162826 -0.017675 
v 0.000893292 -0.0164758 -0.017675 
v -0.000893292 -0.0164758 -0.017675 
v -0.0026694 -0.0162826 -0.017675 
v -0.00441422 -0.0158986 -0.017675 
v -0.00610728 -0.0153281 -0.017675 
v -0.00772874 -0.0145779 -0.017675 
v -0.00925959 -0.0136569 -0.017675 
v -0.0106819 -0.0125757 -0.017675 
v -0.0119789 -0.011347 -0.017675 
v -0.0131355 -0.00998537 -0.017675 
v -0.0141381 -0.00850664 -0.017675 
v -0.014975 -0.00692817 -0.017675 
v -0.0156363 -0.00526848 -0.017675 
v -0.0161142 -0.00354701 -0.017675 
v -0.0164033 -0.00178396 -0.017675 
v -0.0165 5.05167e-18 -0.017675 
vn 0 0 -1 
vn 0 0 -1 
vn 0 0 -1 
vn 0 0 -1 
vn 0 0 -1 
vn 0 0 -1 
vn 0 0 -1 
vn 0 0 -1 
vn 0 0 -1 
vn 0 0 -1 
vn 0 0 -1 
vn 0 0 -1 
vn 0 0 -1 
vn 0 0 -1 
vn 0 0 -1 
vn 0 0 -1 
vn 0 0 -1 
vn 0 0 -1 
vn 0 0 -1 
vn 0 0 -1 
vn 0 0 -1 
vn 0 0 -1 
vn 0 0 -1 
vn 0 0 -1 
vn 0 0 -1 
vn 0 0 -1 
vn 0 0 -1 
vn 0 0 -1 
vn 0 0 -1 
vn 0 0 -1 
vn 0 0 -1 
vn 0 0 -1 
vn 0 0 -1 
vn 0 0 -1 
vn 0 0 -1 
vn 0 0 -1 
vn 0 0 -1 
vn 0 0 -1 
vn 0 0 -1 
vn 0 0 -1 
vn 0 0 -1 
vn 0 0 -1 
vn 0 0 -1 
vn 0 0 -1 
vn 0 0 -1 
vn 0 0 -1 
vn 0 0 -1 
vn 0 0 -1 
vn 0 0 -1 
vn 0 0 -1 
vn 0 0 -1 
vn 0 0 -1 
vn 0 0 -1 
vn 0 0 -1 
vn 0 0 -1 
vn 0 0 -1 
vn 0 0 -1 
vn 0 0 -1 
vn 0 0 -1 
f 1//1 2//2 3//3 
f 3//3 4//4 1//1 
f 4//4 5//5 1//1 
f 5//5 6//6 1//1 
f 6//6 7//7 1//1 
f 7//7 8//8 1//1 
f 8//8 9//9 1//1 
f 9//9 10//10 1//1 
f 10//10 11//11 1//1 
f 11//11 12//12 1//1 
f 12//12 13//13 1//1 
f 13//13 14//14 1//1 
f 14//14 15//15 1//1 
f 15//15 16//16 1//1 
f 16//16 17//17 1//1 
f 17//17 18//18 1//1 
f 18//18 19//19 1//1 
f 19//19 20//20 1//1 
f 20//20 21//21 1//1 
f 21//21 22//22 1//1 
f 22//22 23//23 1//1 
f 23//23 24//24 1//1 
f 24//24 25//25 1//1 
f 25//25 26//26 1//1 
f 26//26 27//27 1//1 
f 27//27 28//28 1//1 
f 28//28 29//29 1//1 
f 29//29 30//30 1//1 
f 30//30 31//31 1//1 
f 31//31 32//32 1//1 
f 32//32 33//33 1//1 
f 33//33 34//34 1//1 
f 34//34 35//35 1//1 
f 35//35 36//36 1//1 
f 36//36 37//37 1//1 
f 37//37 38//38 1//1 
f 38//38 39//39 1//1 
f 39//39 40//40 1//1 
f 40//40 41//41 1//1 
f 41//41 42//42 1//1 
f 42//42 43//43 1//1 
f 43//43 44//44 1//1 
f 44//44 45//45 1//1 
f 45//45 46//46 1//1 
f 46//46 47//47 1//1 
f 47//47 48//48 1//1 
f 48//48 49//49 1//1 
f 49//49 50//50 1//1 
f 50//50 51//51 1//1 
f 51//51 52//52 1//1 
f 52//52 53//53 1//1 
f 53//53 54//54 1//1 
f 54//54 55//55 1//1 
f 55//55 56//56 1//1 
f 56//56 57//57 1//1 
f 57//57 58//58 1//1 
f 58//58 59//59 1//1 
f 59//59 2//2 1//1 
v 0.0165 -1.01033e-18 -0.001 
v 0.0165 -1.01033e-18 -0.017675 
v 0.0164033 0.00178396 -0.017675 
v 0.0164033 0.00178396 -0.001 
v 0.0161142 0.00354701 -0.017675 
v 0.0161142 0.00354701 -0.001 
v 0.0156363 0.00526848 -0.017675 
v 0.0156363 0.00526848 -0.001 
v 0.014975 0.00692817 -0.017675 
v 0.014975 0.00692817 -0.001 
v 0.0141381 0.00850664 -0.017675 
v 0.0141381 0.00850664 -0.001 
v 0.0131355 0.00998537 -0.017675 
v 0.0131355 0.00998537 -0.001 
v 0.0119789 0.011347 -0.017675 
v 0.0119789 0.011347 -0.001 
v 0.0106819 0.0125757 -0.017675 
v 0.0106819 0.0125757 -0.001 
v 0.00925959 0.0136569 -0.017675 
v 0.00925959 0.0136569 -0.001 
v 0.00772874 0.0145779 -0.017675 
v 0.00772874 0.0145779 -0.001 
v 0.00610728 0.0153281 -0.017675 
v 0.00610728 0.0153281 -0.001 
v 0.00441422 0.0158986 -0.017675 
v 0.00441422 0.0158986 -0.001 
v 0.0026694 0.0162826 -0.017675 
v 0.0026694 0.0162826 -0.001 
v 0.000893292 0.0164758 -0.017675 
v 0.000893292 0.0164758 -0.001 
v -0.000893292 0.0164758 -0.017675 
v -0.000893292 0.0164758 -0.001 
v -0.0026694 0.0162826 -0.017675 
v -0.0026694 0.0162826 -0.001 
v -0.00441422 0.0158986 -0.017675 
v -0.00441422 0.0158986 -0.001 
v -0.00610728 0.0153281 -0.017675 
v -0.00610728 0.0153281 -0.001 
v -0.00772874 0.0145779 -0.017675 
v -0.00772874 0.0145779 -0.001 
v -0.00925959 0.0136569 -0.017675 
v -0.00925959 0.0136569 -0.001 
v -0.0106819 0.0125757 -0.017675 
v -0.0106819 0.0125757 -0.001 
v -0.0119789 0.011347 -0.017675 
v -0.0119789 0.011347 -0.001 
v -0.0131355 0.00998537 -0.017675 
v -0.0131355 0.00998537 -0.001 
v -0.0141381 0.00850664 -0.017675 
v -0.0141381 0.00850664 -0.001 
v -0.014975 0.00692817 -0.017675 
v -0.014975 0.00692817 -0.001 
v -0.0156363 0.00526848 -0.017675 
v -0.0156363 0.00526848 -0.001 
v -0.0161142 0.00354701 -0.017675 
v -0.0161142 0.00354701 -0.001 
v -0.0164033 0.00178396 -0.017675 
v -0.0164033 0.00178396 -0.001 
v -0.0165 5.05167e-18 -0.017675 
v -0.0165 1.01033e-18 -0.001 
v -0.0164033 -0.00178396 -0.017675 
v -0.0164033 -0.00178396 -0.001 
v -0.0161142 -0.00354701 -0.017675 
v -0.0161142 -0.00354701 -0.001 
v -0.0156363 -0.00526848 -0.017675 
v -0.0156363 -0.00526848 -0.001 
v -0.014975 -0.00692817 -0.017675 
v -0.014975 -0.00692817 -0.001 
v -0.0141381 -0.00850664 -0.017675 
v -0.0141381 -0.00850664 -0.001 
v -0.0131355 -0.00998537 -0.017675 
v -0.0131355 -0.00998537 -0.001 
v -0.0119789 -0.011347 -0.017675 
v -0.0119789 -0.011347 -0.001 
v -0.0106819 -0.0125757 -0.017675 
v -0.0106819 -0.0125757 -0.001 
v -0.00925959 -0.0136569 -0.017675 
v -0.00925959 -0.0136569 -0.001 
v -0.00772874 -0.0145779 -0.017675 
v -0.00772874 -0.0145779 -0.001 
v -0.00610728 -0.0153281 -0.017675 
v -0.00610728 -0.0153281 -0.001 
v -0.00441422 -0.0158986 -0.017675 
v -0.00441422 -0.0158986 -0.001 
v -0.0026694 -0.0162826 -0.017675 
v -0.0026694 -0.0162826 -0.001 
v -0.000893292 -0.0164758 -0.017675 
v -0.000893292 -0.0164758 -0.001 
v 0.000893292 -0.0164758 -0.017675 
v 0.000893292 -0.0164758 -0.001 
v 0.0026694 -0.0162826 -0.017675 
v 0.0026694 -0.0162826 -0.001 
v 0.00441422 -0.0158986 -0.017675 
v 0.00441422 -0.0158986 -0.001 
v 0.00610728 -0.0153281 -0.017675 
v 0.00610728 -0.0153281 -0.001 
v 0.00772874 -0.0145779 -0.017675 
v 0.00772874 -0.0145779 -0.001 
v 0.00925959 -0.0136569 -0.017675 
v 0.00925959 -0.0136569 -0.001 
v 0.0106819 -0.0125757 -0.017675 
v 0.0106819 -0.0125757 -0.001 
v 0.0119789 -0.011347 -0.017675 
v 0.0119789 -0.011347 -0.001 
v 0.0131355 -0.00998537 -0.017675 
v 0.0131355 -0.00998537 -0.001 
v 0.0141381 -0.00850664 -0.017675 
v 0.0141381 -0.00850664 -0.001 
v 0.014975 -0.00692817 -0.017675 
v 0.014975 -0.00692817 -0.001 
v 0.0156363 -0.00526848 -0.017675 
v 0.0156363 -0.00526848 -0.001 
v 0.0161142 -0.00354701 -0.017675 
v 0.0161142 -0.00354701 -0.001 
v 0.0164033 -0.00178396 -0.017675 
v 0.0164033 -0.00178396 -0.001 
vn 1 0 0 
vn 1 0 0 
vn 0.994138 0.108119 0 
vn 0.994138 0.108119 0 
vn 0.976621 0.21497 0 
vn 0.976621 0.21497 0 
vn 0.947653 0.319302 0 
vn 0.947653 0.319302 0 
vn 0.907575 0.419889 0 
vn 0.907575 0.419889 0 
vn 0.856857 0.515554 0 
vn 0.856857 0.515554 0 
vn 0.796093 0.605174 0 
vn 0.796093 0.605174 0 
vn 0.725995 0.687699 0 
vn 0.725995 0.687699 0 
vn 0.647386 0.762162 0 
vn 0.647386 0.762162 0 
vn 0.561187 0.827689 0 
vn 0.561187 0.827689 0 
vn 0.468408 0.883512 0 
vn 0.468408 0.883512 0 
vn 0.370138 0.928977 0 
vn 0.370138 0.928977 0 
vn 0.267528 0.96355 0 
vn 0.267528 0.96355 0 
vn 0.161782 0.986827 0 
vn 0.161782 0.986827 0 
vn 0.0541389 0.998533 0 
vn 0.0541389 0.998533 0 
vn -0.0541389 0.998533 0 
vn -0.0541389 0.998533 0 
vn -0.161782 0.986827 0 
vn -0.161782 0.986827 0 
vn -0.267528 0.96355 0 
vn -0.267528 0.96355 0 
vn -0.370138 0.928977 0 
vn -0.370138 0.928977 0 
vn -0.468408 0.883512 0 
vn -0.468408 0.883512 0 
vn -0.561187 0.827689 0 
vn -0.561187 0.827689 0 
vn -0.647386 0.762162 0 
vn -0.647386 0.762162 0 
vn -0.725995 0.687699 0 
vn -0.725995 0.687699 0 
vn -0.796093 0.605174 0 
vn -0.796093 0.605174 0 
vn -0.856857 0.515554 0 
vn -0.856857 0.515554 0 
vn -0.907575 0.419889 0 
vn -0.907575 0.419889 0 
vn -0.947653 0.319302 0 
vn -0.947653 0.319302 0 
vn -0.976621 0.21497 0 
vn -0.976621 0.21497 0 
vn -0.994138 0.108119 0 
vn -0.994138 0.108119 0 
vn -1 5.66554e-16 0 
vn -1 5.66554e-16 0 
vn -0.994138 -0.108119 0 
vn -0.994138 -0.108119 0 
vn -0.976621 -0.21497 0 
vn -0.976621 -0.21497 0 
vn -0.947653 -0.319302 0 
vn -0.947653 -0.319302 0 
vn -0.907575 -0.419889 0 
vn -0.907575 -0.419889 0 
vn -0.856857 -0.515554 0 
vn -0.856857 -0.515554 0 
vn -0.796093 -0.605174 0 
vn -0.796093 -0.605174 0 
vn -0.725995 -0.687699 0 
vn -0.725995 -0.687699 0 
vn -0.647386 -0.762162 0 
vn -0.647386 -0.762162 0 
vn -0.561187 -0.827689 0 
vn -0.561187 -0.827689 0 
vn -0.468408 -0.883512 0 
vn -0.468408 -0.883512 0 
vn -0.370138 -0.928977 0 
vn -0.370138 -0.928977 0 
vn -0.267528 -0.96355 0 
vn -0.267528 -0.96355 0 
vn -0.161782 -0.986827 0 
vn -0.161782 -0.986827 0 
vn -0.0541389 -0.998533 0 
vn -0.0541389 -0.998533 0 
vn 0.0541389 -0.998533 0 
vn 0.0541389 -0.998533 0 
vn 0.161782 -0.986827 0 
vn 0.161782 -0.986827 0 
vn 0.267528 -0.96355 0 
vn 0.267528 -0.96355 0 
vn 0.370138 -0.928977 0 
vn 0.370138 -0.928977 0 
vn 0.468408 -0.883512 0 
vn 0.468408 -0.883512 0 
vn 0.561187 -0.827689 0 
vn 0.561187 -0.827689 0 
vn 0.647386 -0.762162 0 
vn 0.647386 -0.762162 0 
vn 0.725995 -0.687699 0 
vn 0.725995 -0.687699 0 
vn 0.796093 -0.605174 0 
vn 0.796093 -0.605174 0 
vn 0.856857 -0.515554 0 
vn 0.856857 -0.515554 0 
vn 0.907575 -0.419889 0 
vn 0.907575 -0.419889 0 
vn 0.947653 -0.319302 0 
vn 0.947653 -0.319302 0 
vn 0.976621 -0.21497 0 
vn 0.976621 -0.21497 0 
vn 0.994138 -0.108119 0 
vn 0.994138 -0.108119 0 
f 60//60 61//61 62//62 
f 63//63 62//62 64//64 
f 65//65 64//64 66//66 
f 67//67 66//66 68//68 
f 69//69 68//68 70//70 
f 71//71 70//70 72//72 
f 73//73 72//72 74//74 
f 75//75 74//74 76//76 
f 77//77 76//76 78//78 
f 79//79 78//78 80//80 
f 81//81 80//80 82//82 
f 83//83 82//82 84//84 
f 85//85 84//84 86//86 
f 87//87 86//86 88//88 
f 89//89 88//88 90//90 
f 91//91 90//90 92//92 
f 93//93 92//92 94//94 
f 95//95 94//94 96//96 
f 97//97 96//96 98//98 
f 99//99 98//98 100//100 
f 101//101 100//100 102//102 
f 103//103 102//102 104//104 
f 105//105 104//104 106//106 
f 107//107 106//106 108//108 
f 109//109 108//108 110//110 
f 111//111 110//110 112//112 
f 113//113 112//112 114//114 
f 115//115 114//114 116//116 
f 117//117 116//116 118//118 
f 119//119 118//118 120//120 
f 121//121 120//120 122//122 
f 123//123 122//122 124//124 
f 125//125 124//124 126//126 
f 127//127 126//126 128//128 
f 129//129 128//128 130//130 
f 131//131 130//130 132//132 
f 133//133 132//132 134//134 
f 135//135 134//134 136//136 
f 137//137 136//136 138//138 
f 139//139 138//138 140//140 
f 141//141 140//140 142//142 
f 143//143 142//142 144//144 
f 145//145 144//144 146//146 
f 147//147 146//146 148//148 
f 149//149 148//148 150//150 
f 151//151 150//150 152//152 
f 153//153 152//152 154//154 
f 155//155 154//154 156//156 
f 157//157 156//156 158//158 
f 159//159 158//158 160//160 
f 161//161 160//160 162//162 
f 163//163 162//162 164//164 
f 165//165 164//164 166//166 
f 167//167 166//166 168//168 
f 169//169 168//168 170//170 
f 171//171 170//170 172//172 
f 173//173 172//172 174//174 
f 175//175 174//174 61//61 
f 61//61 60//60 175//175 
f 174//174 175//175 173//173 
f 172//172 173//173 171//171 
f 170//170 171//171 169//169 
f 168//168 169//169 167//167 
f 166//166 167//167 165//165 
f 164//164 165//165 163//163 
f 162//162 163//163 161//161 
f 160//160 161//161 159//159 
f 158//158 159//159 157//157 
f 156//156 157//157 155//155 
f 154//154 155//155 153//153 
f 152//152 153//153 151//151 
f 150//150 151//151 149//149 
f 148//148 149//149 147//147 
f 146//146 147//147 145//145 
f 144//144 145//145 143//143 
f 142//142 143//143 141//141 
f 140//140 141//141 139//139 
f 138//138 139//139 137//137 
f 136//136 137//137 135//135 
f 134//134 135//135 133//133 
f 132//132 133//133 131//131 
f 130//130 131//131 129//129 
f 128//128 129//129 127//127 
f 126//126 127//127 125//125 
f 124//124 125//125 123//123 
f 122//122 123//123 121//121 
f 120//120 121//121 119//119 
f 118//118 119//119 117//117 
f 116//116 117//117 115//115 
f 114//114 115//115 113//113 
f 112//112 113//113 111//111 
f 110//110 111//111 109//109 
f 108//108 109//109 107//107 
f 106//106 107//107 105//105 
f 104//104 105//105 103//103 
f 102//102 103//103 101//101 
f 100//100 101//101 99//99 
f 98//98 99//99 97//97 
f 96//96 97//97 95//95 
f 94//94 95//95 93//93 
f 92//92 93//93 91//91 
f 90//90 91//91 89//89 
f 88//88 89//89 87//87 
f 86//86 87//87 85//85 
f 84//84 85//85 83//83 
f 82//82 83//83 81//81 
f 80//80 81//81 79//79 
f 78//78 79//79 77//77 
f 76//76 77//77 75//75 
f 74//74 75//75 73//73 
f 72//72 73//73 71//71 
f 70//70 71//71 69//69 
f 68//68 69//69 67//67 
f 66//66 67//67 65//65 
f 64//64 65//65 63//63 
f 62//62 63//63 60//60 
v 0.017514 -0.0133138 -0.001 
v 0.0159719 -0.0151294 -0.001 
v 0.0119789 -0.011347 -0.001 
v 0.0142425 -0.0167676 -0.001 
v 0.0106819 -0.0125757 -0.001 
v -0.0199667 0.00923756 -0.001 
v -0.0188509 0.0113422 -0.001 
v -0.0141381 0.00850664 -0.001 
v -0.017514 0.0133138 -0.001 
v -0.0131355 0.00998537 -0.001 
v 0.0208484 -0.00702463 -0.001 
v 0.0156363 -0.00526848 -0.001 
v 0.0161142 -0.00354701 -0.001 
v 0.0199667 -0.00923756 -0.001 
v 0.014975 -0.00692817 -0.001 
v 0.0188509 -0.0113422 -0.001 
v 0.0131355 -0.00998537 -0.001 
v 0.00588562 -0.0211981 -0.001 
v 0.0035592 -0.0217102 -0.001 
v 0.0026694 -0.0162826 -0.001 
v 0.00119106 -0.0219677 -0.001 
v 0.000893292 -0.0164758 -0.001 
v -0.010305 -0.0194373 -0.001 
v -0.00772874 -0.0145779 -0.001 
v -0.00610728 -0.0153281 -0.001 
v -0.0123461 -0.0182092 -0.001 
v -0.00925959 -0.0136569 -0.001 
v -0.0142425 -0.0167676 -0.001 
v -0.0106819 -0.0125757 -0.001 
v -0.0159719 -0.0151294 -0.001 
v -0.0119789 -0.011347 -0.001 
v -0.0159719 0.0151294 -0.001 
v -0.0119789 0.011347 -0.001 
v 0.00814304 0.0204375 -0.001 
v 0.00610728 0.0153281 -0.001 
v 0.00441422 0.0158986 -0.001 
v 0.010305 0.0194373 -0.001 
v 0.00772874 0.0145779 -0.001 
v 0.0141381 -0.00850664 -0.001 
v 0.0123461 -0.0182092 -0.001 
v 0.00925959 -0.0136569 -0.001 
v 0.010305 -0.0194373 -0.001 
v 0.00772874 -0.0145779 -0.001 
v 0.00814304 -0.0204375 -0.001 
v 0.00610728 -0.0153281 -0.001 
v 0.00441422 -0.0158986 -0.001 
v -0.00119106 -0.0219677 -0.001 
v -0.0035592 -0.0217102 -0.001 
v -0.0026694 -0.0162826 -0.001 
v -0.00588562 -0.0211981 -0.001 
v -0.00441422 -0.0158986 -0.001 
v -0.0142425 0.0167676 -0.001 
v -0.0106819 0.0125757 -0.001 
v -0.010305 0.0194373 -0.001 
v -0.00814304 0.0204375 -0.001 
v -0.00610728 0.0153281 -0.001 
v -0.00588562 0.0211981 -0.001 
v -0.00441422 0.0158986 -0.001 
v 0.0123461 0.0182092 -0.001 
v 0.00925959 0.0136569 -0.001 
v 0.0142425 0.0167676 -0.001 
v 0.0106819 0.0125757 -0.001 
v 0.0159719 0.0151294 -0.001 
v 0.0119789 0.011347 -0.001 
v 0.017514 0.0133138 -0.001 
v 0.0131355 0.00998537 -0.001 
v 0.0188509 0.0113422 -0.001 
v 0.0141381 0.00850664 -0.001 
v -0.00814304 -0.0204375 -0.001 
v -0.017514 -0.0133138 -0.001 
v -0.0131355 -0.00998537 -0.001 
v -0.0188509 -0.0113422 -0.001 
v -0.0141381 -0.00850664 -0.001 
v -0.0199667 -0.00923756 -0.001 
v -0.014975 -0.00692817 -0.001 
v -0.0208484 -0.00702463 -0.001 
v -0.0156363 -0.00526848 -0.001 
v -0.0214857 -0.00472935 -0.001 
v -0.0161142 -0.00354701 -0.001 
v -0.0123461 0.0182092 -0.001 
v -0.00925959 0.0136569 -0.001 
v -0.00772874 0.0145779 -0.001 
v 0.0199667 0.00923756 -0.001 
v 0.014975 0.00692817 -0.001 
v 0.0208484 0.00702463 -0.001 
v 0.0156363 0.00526848 -0.001 
v 0.0214857 0.00472935 -0.001 
v 0.0161142 0.00354701 -0.001 
v -0.000893292 -0.0164758 -0.001 
v -0.021871 -0.00237862 -0.001 
v -0.0164033 -0.00178396 -0.001 
v -0.0214857 0.00472935 -0.001 
v -0.0208484 0.00702463 -0.001 
v -0.0156363 0.00526848 -0.001 
v -0.014975 0.00692817 -0.001 
v -0.0035592 0.0217102 -0.001 
v -0.00119106 0.0219677 -0.001 
v -0.000893292 0.0164758 -0.001 
v 0.00119106 0.0219677 -0.001 
v 0.000893292 0.0164758 -0.001 
v 0.0035592 0.0217102 -0.001 
v 0.0026694 0.0162826 -0.001 
v 0.00588562 0.0211981 -0.001 
v 0.021871 0.00237862 -0.001 
v 0.0164033 0.00178396 -0.001 
v 0.022 4.04133e-18 -0.001 
v 0.0165 -1.01033e-18 -0.001 
v 0.021871 -0.00237862 -0.001 
v 0.0164033 -0.00178396 -0.001 
v -0.021871 0.00237862 -0.001 
v -0.0161142 0.00354701 -0.001 
v -0.0026694 0.0162826 -0.001 
v 0.0214857 -0.00472935 -0.001 
v -0.022 1.34711e-18 -0.001 
v -0.0164033 0.00178396 -0.001 
v -0.0165 1.01033e-18 -0.001 
vn 0 0 -1 
vn 0 0 -1 
vn 0 0 -1 
vn 0 0 -1 
vn 0 0 -1 
vn 0 0 -1 
vn 0 0 -1 
vn 0 0 -1 
vn 0 0 -1 
vn 0 0 -1 
vn 0 0 -1 
vn 0 0 -1 
vn 0 0 -1 
vn 0 0 -1 
vn 0 0 -1 
vn 0 0 -1 
vn 0 0 -1 
vn 0 0 -1 
vn 0 0 -1 
vn 0 0 -1 
vn 0 0 -1 
vn 0 0 -1 
vn 0 0 -1 
vn 0 0 -1 
vn 0 0 -1 
vn 0 0 -1 
vn 0 0 -1 
vn 0 0 -1 
vn 0 0 -1 
vn 0 0 -1 
vn 0 0 -1 
vn 0 0 -1 
vn 0 0 -1 
vn 0 0 -1 
vn 0 0 -1 
vn 0 0 -1 
vn 0 0 -1 
vn 0 0 -1 
vn 0 0 -1 
vn 0 0 -1 
vn 0 0 -1 
vn 0 0 -1 
vn 0 0 -1 
vn 0 0 -1 
vn 0 0 -1 
vn 0 0 -1 
vn 0 0 -1 
vn 0 0 -1 
vn 0 0 -1 
vn 0 0 -1 
vn 0 0 -1 
vn 0 0 -1 
vn 0 0 -1 
vn 0 0 -1 
vn 0 0 -1 
vn 0 0 -1 
vn 0 0 -1 
vn 0 0 -1 
vn 0 0 -1 
vn 0 0 -1 
vn 0 0 -1 
vn 0 0 -1 
vn 0 0 -1 
vn 0 0 -1 
vn 0 0 -1 
vn 0 0 -1 
vn 0 0 -1 
vn 0 0 -1 
vn 0 0 -1 
vn 0 0 -1 
vn 0 0 -1 
vn 0 0 -1 
vn 0 0 -1 
vn 0 0 -1 
vn 0 0 -1 
vn 0 0 -1 
vn 0 0 -1 
vn 0 0 -1 
vn 0 0 -1 
vn 0 0 -1 
vn 0 0 -1 
vn 0 0 -1 
vn 0 0 -1 
vn 0 0 -1 
vn 0 0 -1 
vn 0 0 -1 
vn 0 0 -1 
vn 0 0 -1 
vn 0 0 -1 
vn 0 0 -1 
vn 0 0 -1 
vn 0 0 -1 
vn 0 0 -1 
vn 0 0 -1 
vn 0 0 -1 
vn 0 0 -1 
vn 0 0 -1 
vn 0 0 -1 
vn 0 0 -1 
vn 0 0 -1 
vn 0 0 -1 
vn 0 0 -1 
vn 0 0 -1 
vn 0 0 -1 
vn 0 0 -1 
vn 0 0 -1 
vn 0 0 -1 
vn 0 0 -1 
vn 0 0 -1 
vn 0 0 -1 
vn 0 0 -1 
vn 0 0 -1 
vn 0 0 -1 
vn 0 0 -1 
vn 0 0 -1 
vn 0 0 -1 
f 176//176 177//177 178//178 
f 177//177 179//179 180//180 
f 181//181 182//182 183//183 
f 182//182 184//184 185//185 
f 186//186 187//187 188//188 
f 186//186 189//189 190//190 
f 191//191 176//176 192//192 
f 180//180 178//178 177//177 
f 193//193 194//194 195//195 
f 194//194 196//196 197//197 
f 198//198 199//199 200//200 
f 201//201 202//202 199//199 
f 201//201 203//203 204//204 
f 203//203 205//205 206//206 
f 185//185 183//183 182//182 
f 184//184 207//207 208//208 
f 209//209 210//210 211//211 
f 209//209 212//212 213//213 
f 190//190 187//187 186//186 
f 189//189 191//191 214//214 
f 178//178 192//192 176//176 
f 179//179 215//215 216//216 
f 217//217 218//218 216//216 
f 219//219 220//220 218//218 
f 193//193 221//221 220//220 
f 197//197 195//195 194//194 
f 222//222 223//223 224//224 
f 223//223 225//225 226//226 
f 199//199 198//198 201//201 
f 206//206 204//204 203//203 
f 208//208 185//185 184//184 
f 207//207 227//227 228//228 
f 229//229 230//230 231//231 
f 230//230 232//232 233//233 
f 213//213 210//210 209//209 
f 234//234 235//235 213//213 
f 236//236 237//237 235//235 
f 238//238 239//239 237//237 
f 240//240 241//241 239//239 
f 242//242 243//243 241//241 
f 214//214 190//190 189//189 
f 216//216 180//180 179//179 
f 218//218 217//217 219//219 
f 195//195 221//221 193//193 
f 226//226 224//224 223//223 
f 225//225 244//244 200//200 
f 204//204 202//202 201//201 
f 205//205 245//245 246//246 
f 245//245 247//247 248//248 
f 247//247 249//249 250//250 
f 249//249 251//251 252//252 
f 251//251 253//253 254//254 
f 228//228 208//208 207//207 
f 255//255 256//256 228//228 
f 229//229 257//257 256//256 
f 233//233 231//231 230//230 
f 213//213 212//212 234//234 
f 237//237 236//236 238//238 
f 241//241 240//240 242//242 
f 242//242 258//258 259//259 
f 260//260 261//261 259//259 
f 260//260 262//262 263//263 
f 192//192 214//214 191//191 
f 220//220 219//219 193//193 
f 222//222 264//264 197//197 
f 200//200 226//226 225//225 
f 246//246 206//206 205//205 
f 250//250 248//248 247//247 
f 254//254 252//252 251//251 
f 253//253 265//265 266//266 
f 267//267 268//268 269//269 
f 268//268 181//181 270//270 
f 228//228 227//227 255//255 
f 231//231 257//257 229//229 
f 271//271 272//272 273//273 
f 272//272 274//274 275//275 
f 274//274 276//276 277//277 
f 276//276 278//278 211//211 
f 235//235 234//234 236//236 
f 259//259 243//243 242//242 
f 263//263 261//261 260//260 
f 262//262 279//279 280//280 
f 281//281 282//282 280//280 
f 283//283 284//284 282//282 
f 216//216 215//215 217//217 
f 224//224 264//264 222//222 
f 248//248 246//246 245//245 
f 266//266 254//254 253//253 
f 285//285 267//267 286//286 
f 270//270 269//269 268//268 
f 256//256 255//255 229//229 
f 232//232 271//271 287//287 
f 275//275 273//273 272//272 
f 211//211 277//277 276//276 
f 239//239 238//238 240//240 
f 280//280 263//263 262//262 
f 282//282 281//281 283//283 
f 288//288 188//188 284//284 
f 197//197 196//196 222//222 
f 252//252 250//250 249//249 
f 289//289 285//285 290//290 
f 269//269 286//286 267//267 
f 287//287 233//233 232//232 
f 277//277 275//275 274//274 
f 259//259 258//258 260//260 
f 284//284 283//283 288//288 
f 200//200 244//244 198//198 
f 289//289 291//291 266//266 
f 286//286 290//290 285//285 
f 273//273 287//287 271//271 
f 280//280 279//279 281//281 
f 266//266 265//265 289//289 
f 183//183 270//270 181//181 
f 188//188 288//288 186//186 
f 211//211 278//278 209//209 
f 290//290 291//291 289//289 
v -0.022 1.34711e-18 -0.001 
v -0.022 -4.04133e-18 0.0065 
v -0.021871 0.00237862 0.0065 
v -0.021871 0.00237862 -0.001 
v -0.0214857 0.00472935 0.0065 
v -0.0214857 0.00472935 -0.001 
v -0.0208484 0.00702463 0.0065 
v -0.0208484 0.00702463 -0.001 
v -0.0199667 0.00923756 0.0065 
v -0.0199667 0.00923756 -0.001 
v -0.0188509 0.0113422 0.0065 
v -0.0188509 0.0113422 -0.001 
v -0.017514 0.0133138 0.0065 
v -0.017514 0.0133138 -0.001 
v -0.0159719 0.0151294 0.0065 
v -0.0159719 0.0151294 -0.001 
v -0.0142425 0.0167676 0.0065 
v -0.0142425 0.0167676 -0.001 
v -0.0123461 0.0182092 0.0065 
v -0.0123461 0.0182092 -0.001 
v -0.010305 0.0194373 0.0065 
v -0.010305 0.0194373 -0.001 
v -0.00814304 0.0204375 0.0065 
v -0.00814304 0.0204375 -0.001 
v -0.00588562 0.0211981 0.0065 
v -0.00588562 0.0211981 -0.001 
v -0.0035592 0.0217102 0.0065 
v -0.0035592 0.0217102 -0.001 
v -0.00119106 0.0219677 0.0065 
v -0.00119106 0.0219677 -0.001 
v 0.00119106 0.0219677 0.0065 
v 0.00119106 0.0219677 -0.001 
v 0.0035592 0.0217102 0.0065 
v 0.0035592 0.0217102 -0.001 
v 0.00588562 0.0211981 0.0065 
v 0.00588562 0.0211981 -0.001 
v 0.00814304 0.0204375 0.0065 
v 0.00814304 0.0204375 -0.001 
v 0.010305 0.0194373 0.0065 
v 0.010305 0.0194373 -0.001 
v 0.0123461 0.0182092 0.0065 
v 0.0123461 0.0182092 -0.001 
v 0.0142425 0.0167676 0.0065 
v 0.0142425 0.0167676 -0.001 
v 0.0159719 0.0151294 0.0065 
v 0.0159719 0.0151294 -0.001 
v 0.017514 0.0133138 0.0065 
v 0.017514 0.0133138 -0.001 
v 0.0188509 0.0113422 0.0065 
v 0.0188509 0.0113422 -0.001 
v 0.0199667 0.00923756 0.0065 
v 0.0199667 0.00923756 -0.001 
v 0.0208484 0.00702463 0.0065 
v 0.0208484 0.00702463 -0.001 
v 0.0214857 0.00472935 0.0065 
v 0.0214857 0.00472935 -0.001 
v 0.021871 0.00237862 0.0065 
v 0.021871 0.00237862 -0.001 
v 0.022 4.04133e-18 0.0065 
v 0.022 4.04133e-18 -0.001 
v 0.021871 -0.00237862 0.0065 
v 0.021871 -0.00237862 -0.001 
v 0.0214857 -0.00472935 0.0065 
v 0.0214857 -0.00472935 -0.001 
v 0.0208484 -0.00702463 0.0065 
v 0.0208484 -0.00702463 -0.001 
v 0.0199667 -0.00923756 0.0065 
v 0.0199667 -0.00923756 -0.001 
v 0.0188509 -0.0113422 0.0065 
v 0.0188509 -0.0113422 -0.001 
v 0.017514 -0.0133138 0.0065 
v 0.017514 -0.0133138 -0.001 
v 0.0159719 -0.0151294 0.0065 
v 0.0159719 -0.0151294 -0.001 
v 0.0142425 -0.0167676 0.0065 
v 0.0142425 -0.0167676 -0.001 
v 0.0123461 -0.0182092 0.0065 
v 0.0123461 -0.0182092 -0.001 
v 0.010305 -0.0194373 0.0065 
v 0.010305 -0.0194373 -0.001 
v 0.00814304 -0.0204375 0.0065 
v 0.00814304 -0.0204375 -0.001 
v 0.00588562 -0.0211981 0.0065 
v 0.00588562 -0.0211981 -0.001 
v 0.0035592 -0.0217102 0.0065 
v 0.0035592 -0.0217102 -0.001 
v 0.00119106 -0.0219677 0.0065 
v 0.00119106 -0.0219677 -0.001 
v -0.00119106 -0.0219677 0.0065 
v -0.00119106 -0.0219677 -0.001 
v -0.0035592 -0.0217102 0.0065 
v -0.0035592 -0.0217102 -0.001 
v -0.00588562 -0.0211981 0.0065 
v -0.00588562 -0.0211981 -0.001 
v -0.00814304 -0.0204375 0.0065 
v -0.00814304 -0.0204375 -0.001 
v -0.010305 -0.0194373 0.0065 
v -0.010305 -0.0194373 -0.001 
v -0.0123461 -0.0182092 0.0065 
v -0.0123461 -0.0182092 -0.001 
v -0.0142425 -0.0167676 0.0065 
v -0.0142425 -0.0167676 -0.001 
v -0.0159719 -0.0151294 0.0065 
v -0.0159719 -0.0151294 -0.001 
v -0.017514 -0.0133138 0.0065 
v -0.017514 -0.0133138 -0.001 
v -0.0188509 -0.0113422 0.0065 
v -0.0188509 -0.0113422 -0.001 
v -0.0199667 -0.00923756 0.0065 
v -0.0199667 -0.00923756 -0.001 
v -0.0208484 -0.00702463 0.0065 
v -0.0208484 -0.00702463 -0.001 
v -0.0214857 -0.00472935 0.0065 
v -0.0214857 -0.00472935 -0.001 
v -0.021871 -0.00237862 0.0065 
v -0.021871 -0.00237862 -0.001 
vn -1 0 0 
vn -1 0 0 
vn -0.994138 0.108119 0 
vn -0.994138 0.108119 0 
vn -0.976621 0.21497 0 
vn -0.976621 0.21497 0 
vn -0.947653 0.319302 0 
vn -0.947653 0.319302 0 
vn -0.907575 0.419889 0 
vn -0.907575 0.419889 0 
vn -0.856857 0.515554 0 
vn -0.856857 0.515554 0 
vn -0.796093 0.605174 0 
vn -0.796093 0.605174 0 
vn -0.725995 0.687699 0 
vn -0.725995 0.687699 0 
vn -0.647386 0.762162 0 
vn -0.647386 0.762162 0 
vn -0.561187 0.827689 0 
vn -0.561187 0.827689 0 
vn -0.468408 0.883512 0 
vn -0.468408 0.883512 0 
vn -0.370138 0.928977 0 
vn -0.370138 0.928977 0 
vn -0.267528 0.96355 0 
vn -0.267528 0.96355 0 
vn -0.161782 0.986827 0 
vn -0.161782 0.986827 0 
vn -0.0541389 0.998533 0 
vn -0.0541389 0.998533 0 
vn 0.0541389 0.998533 0 
vn 0.0541389 0.998533 0 
vn 0.161782 0.986827 0 
vn 0.161782 0.986827 0 
vn 0.267528 0.96355 0 
vn 0.267528 0.96355 0 
vn 0.370138 0.928977 0 
vn 0.370138 0.928977 0 
vn 0.468408 0.883512 0 
vn 0.468408 0.883512 0 
vn 0.561187 0.827689 0 
vn 0.561187 0.827689 0 
vn 0.647386 0.762162 0 
vn 0.647386 0.762162 0 
vn 0.725995 0.687699 0 
vn 0.725995 0.687699 0 
vn 0.796093 0.605174 0 
vn 0.796093 0.605174 0 
vn 0.856857 0.515554 0 
vn 0.856857 0.515554 0 
vn 0.907575 0.419889 0 
vn 0.907575 0.419889 0 
vn 0.947653 0.319302 0 
vn 0.947653 0.319302 0 
vn 0.976621 0.21497 0 
vn 0.976621 0.21497 0 
vn 0.994138 0.108119 0 
vn 0.994138 0.108119 0 
vn 1 1.22465e-16 0 
vn 1 1.22465e-16 0 
vn 0.994138 -0.108119 0 
vn 0.994138 -0.108119 0 
vn 0.976621 -0.21497 0 
vn 0.976621 -0.21497 0 
vn 0.947653 -0.319302 0 
vn 0.947653 -0.319302 0 
vn 0.907575 -0.419889 0 
vn 0.907575 -0.419889 0 
vn 0.856857 -0.515554 0 
vn 0.856857 -0.515554 0 
vn 0.796093 -0.605174 0 
vn 0.796093 -0.605174 0 
vn 0.725995 -0.687699 0 
vn 0.725995 -0.687699 0 
vn 0.647386 -0.762162 0 
vn 0.647386 -0.762162 0 
vn 0.561187 -0.827689 0 
vn 0.561187 -0.827689 0 
vn 0.468408 -0.883512 0 
vn 0.468408 -0.883512 0 
vn 0.370138 -0.928977 0 
vn 0.370138 -0.928977 0 
vn 0.267528 -0.96355 0 
vn 0.267528 -0.96355 0 
vn 0.161782 -0.986827 0 
vn 0.161782 -0.986827 0 
vn 0.0541389 -0.998533 0 
vn 0.0541389 -0.998533 0 
vn -0.0541389 -0.998533 0 
vn -0.0541389 -0.998533 0 
vn -0.161782 -0.986827 0 
vn -0.161782 -0.986827 0 
vn -0.267528 -0.96355 0 
vn -0.267528 -0.96355 0 
vn -0.370138 -0.928977 0 
vn -0.370138 -0.928977 0 
vn -0.468408 -0.883512 0 
vn -0.468408 -0.883512 0 
vn -0.561187 -0.827689 0 
vn -0.561187 -0.827689 0 
vn -0.647386 -0.762162 0 
vn -0.647386 -0.762162 0 
vn -0.725995 -0.687699 0 
vn -0.725995 -0.687699 0 
vn -0.796093 -0.605174 0 
vn -0.796093 -0.605174 0 
vn -0.856857 -0.515554 0 
vn -0.856857 -0.515554 0 
vn -0.907575 -0.419889 0 
vn -0.907575 -0.419889 0 
vn -0.947653 -0.319302 0 
vn -0.947653 -0.319302 0 
vn -0.976621 -0.21497 0 
vn -0.976621 -0.21497 0 
vn -0.994138 -0.108119 0 
vn -0.994138 -0.108119 0 
f 292//292 293//293 294//294 
f 295//295 294//294 296//296 
f 297//297 296//296 298//298 
f 299//299 298//298 300//300 
f 301//301 300//300 302//302 
f 303//303 302//302 304//304 
f 305//305 304//304 306//306 
f 307//307 306//306 308//308 
f 309//309 308//308 310//310 
f 311//311 310//310 312//312 
f 313//313 312//312 314//314 
f 315//315 314//314 316//316 
f 317//317 316//316 318//318 
f 319//319 318//318 320//320 
f 321//321 320//320 322//322 
f 323//323 322//322 324//324 
f 325//325 324//324 326//326 
f 327//327 326//326 328//328 
f 329//329 328//328 330//330 
f 331//331 330//330 332//332 
f 333//333 332//332 334//334 
f 335//335 334//334 336//336 
f 337//337 336//336 338//338 
f 339//339 338//338 340//340 
f 341//341 340//340 342//342 
f 343//343 342//342 344//344 
f 345//345 344//344 346//346 
f 347//347 346//346 348//348 
f 349//349 348//348 350//350 
f 351//351 350//350 352//352 
f 353//353 352//352 354//354 
f 355//355 354//354 356//356 
f 357//357 356//356 358//358 
f 359//359 358//358 360//360 
f 361//361 360//360 362//362 
f 363//363 362//362 364//364 
f 365//365 364//364 366//366 
f 367//367 366//366 368//368 
f 369//369 368//368 370//370 
f 371//371 370//370 372//372 
f 373//373 372//372 374//374 
f 375//375 374//374 376//376 
f 377//377 376//376 378//378 
f 379//379 378//378 380//380 
f 381//381 380//380 382//382 
f 383//383 382//382 384//384 
f 385//385 384//384 386//386 
f 387//387 386//386 388//388 
f 389//389 388//388 390//390 
f 391//391 390//390 392//392 
f 393//393 392//392 394//394 
f 395//395 394//394 396//396 
f 397//397 396//396 398//398 
f 399//399 398//398 400//400 
f 401//401 400//400 402//402 
f 403//403 402//402 404//404 
f 405//405 404//404 406//406 
f 407//407 406//406 293//293 
f 293//293 292//292 407//407 
f 406//406 407//407 405//405 
f 404//404 405//405 403//403 
f 402//402 403//403 401//401 
f 400//400 401//401 399//399 
f 398//398 399//399 397//397 
f 396//396 397//397 395//395 
f 394//394 395//395 393//393 
f 392//392 393//393 391//391 
f 390//390 391//391 389//389 
f 388//388 389//389 387//387 
f 386//386 387//387 385//385 
f 384//384 385//385 383//383 
f 382//382 383//383 381//381 
f 380//380 381//381 379//379 
f 378//378 379//379 377//377 
f 376//376 377//377 375//375 
f 374//374 375//375 373//373 
f 372//372 373//373 371//371 
f 370//370 371//371 369//369 
f 368//368 369//369 367//367 
f 366//366 367//367 365//365 
f 364//364 365//365 363//363 
f 362//362 363//363 361//361 
f 360//360 361//361 359//359 
f 358//358 359//359 357//357 
f 356//356 357//357 355//355 
f 354//354 355//355 353//353 
f 352//352 353//353 351//351 
f 350//350 351//351 349//349 
f 348//348 349//349 347//347 
f 346//346 347//347 345//345 
f 344//344 345//345 343//343 
f 342//342 343//343 341//341 
f 340//340 341//341 339//339 
f 338//338 339//339 337//337 
f 336//336 337//337 335//335 
f 334//334 335//335 333//333 
f 332//332 333//333 331//331 
f 330//330 331//331 329//329 
f 328//328 329//329 327//327 
f 326//326 327//327 325//325 
f 324//324 325//325 323//323 
f 322//322 323//323 321//321 
f 320//320 321//321 319//319 
f 318//318 319//319 317//317 
f 316//316 317//317 315//315 
f 314//314 315//315 313//313 
f 312//312 313//313 311//311 
f 310//310 311//311 309//309 
f 308//308 309//309 307//307 
f 306//306 307//307 305//305 
f 304//304 305//305 303//303 
f 302//302 303//303 301//301 
f 300//300 301//301 299//299 
f 298//298 299//299 297//297 
f 296//296 297//297 295//295 
f 294//294 295//295 292//292 
v 0.0199667 0.00923756 0.0065 
v 0.0188509 0.0113422 0.0065 
v 0.0141381 0.00850664 0.0065 
v 0.017514 0.0133138 0.0065 
v 0.0131355 0.00998537 0.0065 
v 0.0159719 0.0151294 0.0065 
v 0.0119789 0.011347 0.0065 
v 0.0142425 0.0167676 0.0065 
v 0.0106819 0.0125757 0.0065 
v -0.00814304 0.0204375 0.0065 
v -0.00610728 0.0153281 0.0065 
v -0.00441422 0.0158986 0.0065 
v -0.010305 0.0194373 0.0065 
v -0.00772874 0.0145779 0.0065 
v 0.0208484 0.00702463 0.0065 
v 0.0156363 0.00526848 0.0065 
v 0.0161142 0.00354701 0.0065 
v 0.014975 0.00692817 0.0065 
v -0.0123461 0.0182092 0.0065 
v -0.00925959 0.0136569 0.0065 
v -0.0142425 0.0167676 0.0065 
v -0.0106819 0.0125757 0.0065 
v -0.0159719 0.0151294 0.0065 
v -0.0119789 0.011347 0.0065 
v -0.0159719 -0.0151294 0.0065 
v -0.0119789 -0.011347 0.0065 
v -0.0131355 -0.00998537 0.0065 
v -0.0142425 -0.0167676 0.0065 
v -0.0106819 -0.0125757 0.0065 
v 0.0214857 0.00472935 0.0065 
v 0.0164033 0.00178396 0.0065 
v 0.0123461 0.0182092 0.0065 
v 0.00925959 0.0136569 0.0065 
v 0.010305 0.0194373 0.0065 
v 0.00772874 0.0145779 0.0065 
v 0.00814304 0.0204375 0.0065 
v 0.00610728 0.0153281 0.0065 
v -0.017514 0.0133138 0.0065 
v -0.0131355 0.00998537 0.0065 
v -0.0188509 0.0113422 0.0065 
v -0.0141381 0.00850664 0.0065 
v -0.0188509 -0.0113422 0.0065 
v -0.017514 -0.0133138 0.0065 
v -0.0123461 -0.0182092 0.0065 
v -0.00925959 -0.0136569 0.0065 
v -0.010305 -0.0194373 0.0065 
v -0.00772874 -0.0145779 0.0065 
v 0.010305 -0.0194373 0.0065 
v 0.00772874 -0.0145779 0.0065 
v 0.00610728 -0.0153281 0.0065 
v 0.0123461 -0.0182092 0.0065 
v 0.00925959 -0.0136569 0.0065 
v 0.022 4.04133e-18 0.0065 
v 0.021871 0.00237862 0.0065 
v -0.0208484 0.00702463 0.0065 
v -0.0156363 0.00526848 0.0065 
v -0.014975 0.00692817 0.0065 
v -0.0214857 0.00472935 0.0065 
v -0.0161142 0.00354701 0.0065 
v -0.0199667 -0.00923756 0.0065 
v -0.014975 -0.00692817 0.0065 
v -0.0156363 -0.00526848 0.0065 
v -0.0141381 -0.00850664 0.0065 
v -0.00814304 -0.0204375 0.0065 
v -0.00610728 -0.0153281 0.0065 
v -0.00588562 -0.0211981 0.0065 
v -0.00441422 -0.0158986 0.0065 
v 0.00119106 -0.0219677 0.0065 
v 0.0035592 -0.0217102 0.0065 
v 0.0026694 -0.0162826 0.0065 
v 0.00588562 -0.0211981 0.0065 
v 0.00441422 -0.0158986 0.0065 
v 0.00814304 -0.0204375 0.0065 
v 0.0142425 -0.0167676 0.0065 
v 0.0106819 -0.0125757 0.0065 
v 0.0159719 -0.0151294 0.0065 
v 0.0119789 -0.011347 0.0065 
v 0.00588562 0.0211981 0.0065 
v 0.00441422 0.0158986 0.0065 
v 0.0035592 0.0217102 0.0065 
v 0.0026694 0.0162826 0.0065 
v 0.00119106 0.0219677 0.0065 
v 0.000893292 0.0164758 0.0065 
v -0.00119106 0.0219677 0.0065 
v -0.000893292 0.0164758 0.0065 
v -0.0035592 0.0217102 0.0065 
v -0.0026694 0.0162826 0.0065 
v -0.00588562 0.0211981 0.0065 
v -0.0199667 0.00923756 0.0065 
v -0.021871 0.00237862 0.0065 
v -0.0164033 0.00178396 0.0065 
v -0.022 -4.04133e-18 0.0065 
v -0.0165 1.01033e-18 0.0065 
v -0.021871 -0.00237862 0.0065 
v -0.0164033 -0.00178396 0.0065 
v -0.0208484 -0.00702463 0.0065 
v -0.0161142 -0.00354701 0.0065 
v -0.0035592 -0.0217102 0.0065 
v -0.0026694 -0.0162826 0.0065 
v -0.00119106 -0.0219677 0.0065 
v -0.000893292 -0.0164758 0.0065 
v 0.000893292 -0.0164758 0.0065 
v -0.0214857 -0.00472935 0.0065 
v 0.017514 -0.0133138 0.0065 
v 0.0131355 -0.00998537 0.0065 
v 0.0188509 -0.0113422 0.0065 
v 0.0141381 -0.00850664 0.0065 
v 0.0199667 -0.00923756 0.0065 
v 0.014975 -0.00692817 0.0065 
v 0.0208484 -0.00702463 0.0065 
v 0.0156363 -0.00526848 0.0065 
v 0.0214857 -0.00472935 0.0065 
v 0.0161142 -0.00354701 0.0065 
v 0.021871 -0.00237862 0.0065 
v 0.0164033 -0.00178396 0.0065 
v 0.0165 3.031e-18 0.0065 
vn 0 0 1 
vn 0 0 1 
vn 0 0 1 
vn 0 0 1 
vn 0 0 1 
vn 0 0 1 
vn 0 0 1 
vn 0 0 1 
vn 0 0 1 
vn 0 0 1 
vn 0 0 1 
vn 0 0 1 
vn 0 0 1 
vn 0 0 1 
vn 0 0 1 
vn 0 0 1 
vn 0 0 1 
vn 0 0 1 
vn 0 0 1 
vn 0 0 1 
vn 0 0 1 
vn 0 0 1 
vn 0 0 1 
vn 0 0 1 
vn 0 0 1 
vn 0 0 1 
vn 0 0 1 
vn 0 0 1 
vn 0 0 1 
vn 0 0 1 
vn 0 0 1 
vn 0 0 1 
vn 0 0 1 
vn 0 0 1 
vn 0 0 1 
vn 0 0 1 
vn 0 0 1 
vn 0 0 1 
vn 0 0 1 
vn 0 0 1 
vn 0 0 1 
vn 0 0 1 
vn 0 0 1 
vn 0 0 1 
vn 0 0 1 
vn 0 0 1 
vn 0 0 1 
vn 0 0 1 
vn 0 0 1 
vn 0 0 1 
vn 0 0 1 
vn 0 0 1 
vn 0 0 1 
vn 0 0 1 
vn 0 0 1 
vn 0 0 1 
vn 0 0 1 
vn 0 0 1 
vn 0 0 1 
vn 0 0 1 
vn 0 0 1 
vn 0 0 1 
vn 0 0 1 
vn 0 0 1 
vn 0 0 1 
vn 0 0 1 
vn 0 0 1 
vn 0 0 1 
vn 0 0 1 
vn 0 0 1 
vn 0 0 1 
vn 0 0 1 
vn 0 0 1 
vn 0 0 1 
vn 0 0 1 
vn 0 0 1 
vn 0 0 1 
vn 0 0 1 
vn 0 0 1 
vn 0 0 1 
vn 0 0 1 
vn 0 0 1 
vn 0 0 1 
vn 0 0 1 
vn 0 0 1 
vn 0 0 1 
vn 0 0 1 
vn 0 0 1 
vn 0 0 1 
vn 0 0 1 
vn 0 0 1 
vn 0 0 1 
vn 0 0 1 
vn 0 0 1 
vn 0 0 1 
vn 0 0 1 
vn 0 0 1 
vn 0 0 1 
vn 0 0 1 
vn 0 0 1 
vn 0 0 1 
vn 0 0 1 
vn 0 0 1 
vn 0 0 1 
vn 0 0 1 
vn 0 0 1 
vn 0 0 1 
vn 0 0 1 
vn 0 0 1 
vn 0 0 1 
vn 0 0 1 
vn 0 0 1 
vn 0 0 1 
vn 0 0 1 
vn 0 0 1 
vn 0 0 1 
f 408//408 409//409 410//410 
f 409//409 411//411 412//412 
f 411//411 413//413 414//414 
f 413//413 415//415 416//416 
f 417//417 418//418 419//419 
f 417//417 420//420 421//421 
f 422//422 423//423 424//424 
f 422//422 408//408 425//425 
f 412//412 410//410 409//409 
f 416//416 414//414 413//413 
f 421//421 418//418 417//417 
f 420//420 426//426 427//427 
f 428//428 429//429 427//427 
f 428//428 430//430 431//431 
f 432//432 433//433 434//434 
f 432//432 435//435 436//436 
f 437//437 424//424 438//438 
f 425//425 423//423 422//422 
f 414//414 412//412 411//411 
f 439//439 440//440 416//416 
f 441//441 442//442 440//440 
f 443//443 444//444 442//442 
f 427//427 421//421 420//420 
f 431//431 429//429 428//428 
f 445//445 446//446 431//431 
f 445//445 447//447 448//448 
f 449//449 450//450 434//434 
f 436//436 433//433 432//432 
f 451//451 452//452 436//436 
f 451//451 453//453 454//454 
f 455//455 456//456 457//457 
f 455//455 458//458 459//459 
f 460//460 461//461 438//438 
f 424//424 437//437 422//422 
f 416//416 415//415 439//439 
f 442//442 441//441 443//443 
f 427//427 426//426 428//428 
f 448//448 446//446 445//445 
f 462//462 463//463 464//464 
f 462//462 465//465 466//466 
f 467//467 468//468 469//469 
f 467//467 449//449 470//470 
f 434//434 450//450 432//432 
f 454//454 452//452 451//451 
f 471//471 472//472 454//454 
f 471//471 473//473 474//474 
f 475//475 476//476 477//477 
f 476//476 478//478 479//479 
f 480//480 457//457 479//479 
f 459//459 456//456 455//455 
f 481//481 482//482 459//459 
f 481//481 483//483 484//484 
f 438//438 461//461 437//437 
f 440//440 439//439 441//441 
f 485//485 486//486 444//444 
f 485//485 487//487 488//488 
f 489//489 490//490 488//488 
f 491//491 492//492 490//490 
f 491//491 493//493 494//494 
f 493//493 495//495 419//419 
f 431//431 430//430 445//445 
f 496//496 464//464 448//448 
f 466//466 463//463 462//462 
f 465//465 497//497 498//498 
f 499//499 500//500 498//498 
f 499//499 501//501 502//502 
f 503//503 469//469 504//504 
f 470//470 468//468 467//467 
f 436//436 435//435 451//451 
f 474//474 472//472 471//471 
f 505//505 506//506 474//474 
f 505//505 507//507 508//508 
f 507//507 475//475 509//509 
f 479//479 477//477 476//476 
f 457//457 480//480 455//455 
f 484//484 482//482 481//481 
f 410//410 425//425 408//408 
f 488//488 486//486 485//485 
f 490//490 489//489 491//491 
f 419//419 494//494 493//493 
f 448//448 447//447 496//496 
f 498//498 466//466 465//465 
f 502//502 500//500 499//499 
f 501//501 510//510 504//504 
f 469//469 503//503 467//467 
f 454//454 453//453 471//471 
f 508//508 506//506 505//505 
f 477//477 509//509 475//475 
f 459//459 458//458 481//481 
f 511//511 512//512 484//484 
f 513//513 514//514 512//512 
f 513//513 515//515 516//516 
f 444//444 443//443 485//485 
f 494//494 492//492 491//491 
f 464//464 496//496 462//462 
f 504//504 502//502 501//501 
f 434//434 470//470 449//449 
f 509//509 508//508 507//507 
f 484//484 483//483 511//511 
f 516//516 514//514 513//513 
f 517//517 518//518 516//516 
f 517//517 519//519 520//520 
f 488//488 487//487 489//489 
f 498//498 497//497 499//499 
f 474//474 473//473 505//505 
f 512//512 511//511 513//513 
f 520//520 518//518 517//517 
f 519//519 521//521 522//522 
f 419//419 495//495 417//417 
f 479//479 478//478 480//480 
f 522//522 520//520 519//519 
f 460//460 523//523 522//522 
f 504//504 510//510 503//503 
f 522//522 521//521 460//460 
f 516//516 515//515 517//517 
f 438//438 523//523 460//460 
v 0.0165 3.031e-18 0.0065 
v 0.0164134 -0.00168855 0.0271967 
v 0.0163989 -0.00178329 0.0271919 
v 0.016417 -0.00161709 0.0272004 
v 0.0165 5.82434e-15 0.0175 
v 0.0165 5.82434e-15 0.0272835 
v 0.0164033 -0.00178396 0.0065 
v 0.0161678 -0.00329423 0.0271148 
v 0.0161039 -0.00354438 0.0271021 
v 0.0161794 -0.00321842 0.0271187 
v 0.0161142 -0.00354701 0.0065 
v 0.0157679 -0.00486042 0.0270349 
v 0.0156219 -0.00526327 0.0270143 
v 0.0157862 -0.0047889 0.0270386 
v 0.0156363 -0.00526848 0.0065 
v 0.015221 -0.00636965 0.0269575 
v 0.0149586 -0.00692036 0.026929 
v 0.0152413 -0.00631347 0.0269604 
v 0.014975 -0.00692817 0.0065 
v 0.0145366 -0.00780623 0.0268832 
v 0.0141221 -0.00849699 0.026847 
v 0.0145503 -0.00777752 0.0268847 
v 0.0141381 -0.00850664 0.0065 
v 0.0137271 -0.00915513 0.0268126 
v 0.0137186 -0.00916664 0.0268119 
v 0.0131355 -0.00998537 0.0065 
v 0.0128082 -0.0104019 0.0267467 
v 0.0127519 -0.0104651 0.0267434 
v 0.0119789 -0.011347 0.0065 
v 0.0131224 -0.00997566 0.0267692 
v 0.0116617 -0.0116613 0.0266806 
v 0.0106794 -0.012573 0.0266336 
v 0.0118003 -0.0115327 0.0266873 
v 0.0119716 -0.0113405 0.0266974 
v 0.00925959 -0.0136569 0.0065 
v 0.0106228 -0.0126256 0.0266309 
v 0.0104616 -0.0127469 0.0266247 
v 0.0106819 -0.0125757 0.0065 
v 0.00772874 -0.0145779 0.0065 
v 0.00919159 -0.0137027 0.0265756 
v 0.00916609 -0.013718 0.0265748 
v 0.00777713 -0.0145501 0.0265321 
v 0.00774625 -0.0145687 0.0265312 
v 0.00925703 -0.0136535 0.0265781 
v 0.00772832 -0.014577 0.0265307 
v 0.0063122 -0.0152396 0.0264966 
v 0.00610728 -0.0153281 0.0065 
v 0.00622073 -0.0152824 0.0264944 
v 0.00610537 -0.0153227 0.0264923 
v 0.00478719 -0.0157823 0.0264684 
v 0.00441422 -0.0158986 0.0065 
v 0.00463133 -0.0158367 0.0264656 
v 0.00441191 -0.0158889 0.0264628 
v 0.00321669 -0.0161732 0.0264479 
v 0.0026694 -0.0162826 0.0065 
v 0.00299471 -0.016226 0.0264451 
v 0.00266763 -0.0162692 0.0264428 
v 0.0016157 -0.0164084 0.0264354 
v 0.000893292 -0.0164758 0.0065 
v 0.00132798 -0.0164465 0.0264333 
v -0.000893292 -0.0164758 0.0065 
v -4.21569e-07 -0.0164858 0.0264312 
v 0.000892805 -0.0164594 0.0264326 
v -0.00035264 -0.0164962 0.0264306 
v -0.0026694 -0.0162826 0.0065 
v -0.00161601 -0.0164033 0.0264356 
v -0.000891878 -0.0164566 0.0264328 
v -0.00206445 -0.0163703 0.0264374 
v -0.00441422 -0.0158986 0.0065 
v -0.00321542 -0.0161633 0.0264484 
v -0.00266572 -0.0162622 0.0264432 
v -0.00377051 -0.0160634 0.0264537 
v -0.00610728 -0.0153281 0.0065 
v -0.0047836 -0.0157687 0.0264691 
v -0.0044082 -0.0158779 0.0264634 
v -0.00543462 -0.0155793 0.026479 
v -0.00772874 -0.0145779 0.0065 
v -0.00630569 -0.0152231 0.0264974 
v -0.00609892 -0.0153077 0.026493 
v -0.00703833 -0.0149235 0.0265129 
v -0.00925959 -0.0136569 0.0065 
v -0.00856405 -0.0141034 0.026555 
v -0.00915447 -0.0137011 0.0265757 
v -0.0077181 -0.0145582 0.0265317 
v -0.00776727 -0.0145317 0.026533 
v -0.0106819 -0.0125757 0.0065 
v -0.0099951 -0.0131281 0.0266051 
v -0.0104541 -0.012739 0.0266251 
v -0.00924681 -0.0136381 0.0265789 
v -0.0119789 -0.011347 0.0065 
v -0.0113158 -0.0120084 0.0266627 
v -0.0116545 -0.0116551 0.0266811 
v -0.0106672 -0.0125583 0.0266344 
v -0.0131355 -0.00998537 0.0065 
v -0.0124781 -0.0107957 0.0267259 
v -0.012741 -0.010457 0.0267438 
v -0.0119637 -0.0113324 0.0266979 
v -0.0141381 -0.00850664 0.0065 
v -0.013553 -0.00941099 0.0267991 
v -0.0137092 -0.00916077 0.0268122 
v -0.0131178 -0.00997161 0.0267695 
v -0.014975 -0.00692817 0.0065 
v -0.0144039 -0.0080485 0.0268706 
v -0.0145407 -0.00777277 0.0268849 
v -0.0141235 -0.00849748 0.026847 
v -0.0156363 -0.00526848 0.0065 
v -0.01512 -0.00660566 0.0269454 
v -0.0152323 -0.00631002 0.0269606 
v -0.0149629 -0.00692218 0.026929 
v -0.0161142 -0.00354701 0.0065 
v -0.0156928 -0.00509758 0.0270228 
v -0.0157773 -0.00478645 0.0270387 
v -0.015629 -0.0052657 0.0270142 
v -0.0164033 -0.00178396 0.0065 
v -0.016116 -0.00353919 0.0271023 
v -0.0161704 -0.00321685 0.0271188 
v -0.0161139 -0.00354691 0.0271019 
v -0.0163849 -0.00194577 0.0271836 
v -0.0164077 -0.00161638 0.0272005 
v -0.0164966 -0.000335753 0.0272662 
v -0.0165 1.01033e-18 0.0175 
v -0.0165 1.01033e-18 0.0065 
v -0.0163961 -0.00178347 0.0271919 
v -0.0164033 0.00178396 0.0175 
v -0.0164033 0.00178396 0.0065 
v -0.0161142 0.00354701 0.0175 
v -0.0161142 0.00354701 0.0065 
v -0.0156363 0.00526848 0.0175 
v -0.0156363 0.00526848 0.0065 
v -0.014975 0.00692817 0.0175 
v -0.014975 0.00692817 0.0065 
v -0.0141381 0.00850664 0.0175 
v -0.0141381 0.00850664 0.0065 
v -0.0131355 0.00998537 0.0175 
v -0.0131355 0.00998537 0.0065 
v -0.0119789 0.011347 0.0175 
v -0.0119789 0.011347 0.0065 
v -0.0106819 0.0125757 0.0175 
v -0.0106819 0.0125757 0.0065 
v -0.00925959 0.0136569 0.0175 
v -0.00925959 0.0136569 0.0065 
v -0.00772874 0.0145779 0.0175 
v -0.00772874 0.0145779 0.0065 
v -0.00610728 0.0153281 0.0175 
v -0.00610728 0.0153281 0.0065 
v -0.00441422 0.0158986 0.0175 
v -0.00441422 0.0158986 0.0065 
v -0.0026694 0.0162826 0.0175 
v -0.0026694 0.0162826 0.0065 
v -0.000893292 0.0164758 0.0175 
v -0.000893292 0.0164758 0.0065 
v 0.000893292 0.0164758 0.0175 
v 0.000893292 0.0164758 0.0065 
v 0.0026694 0.0162826 0.0175 
v 0.0026694 0.0162826 0.0065 
v 0.00441422 0.0158986 0.0175 
v 0.00441422 0.0158986 0.0065 
v 0.00610728 0.0153281 0.0175 
v 0.00610728 0.0153281 0.0065 
v 0.00772874 0.0145779 0.0175 
v 0.00772874 0.0145779 0.0065 
v 0.00925959 0.0136569 0.0175 
v 0.00925959 0.0136569 0.0065 
v 0.0106819 0.0125757 0.0175 
v 0.0106819 0.0125757 0.0065 
v 0.0119789 0.011347 0.0175 
v 0.0119789 0.011347 0.0065 
v 0.0131355 0.00998537 0.0175 
v 0.0131355 0.00998537 0.0065 
v 0.0141381 0.00850664 0.0175 
v 0.0141381 0.00850664 0.0065 
v 0.014975 0.00692817 0.0175 
v 0.014975 0.00692817 0.0065 
v 0.0156363 0.00526848 0.0175 
v 0.0156363 0.00526848 0.0065 
v 0.0161142 0.00354701 0.0175 
v 0.0161142 0.00354701 0.0065 
v 0.0164033 0.00178396 0.0175 
v 0.0164033 0.00178396 0.0065 
v -0.0165 0 0.0272835 
vn 1 1.22465e-16 0 
vn 0.99475 -0.102336 0 
vn 0.994139 -0.108107 0 
vn 0.995184 -0.0980262 0 
vn 1 3.52729e-13 0 
vn 1 3.52729e-13 0 
vn 0.994138 -0.108119 0 
vn 0.979867 -0.19965 0 
vn 0.976625 -0.214949 0 
vn 0.980784 -0.195098 0 
vn 0.976621 -0.21497 0 
vn 0.95563 -0.294571 0 
vn 0.94766 -0.319282 0 
vn 0.956937 -0.290297 0 
vn 0.947653 -0.319302 0 
vn 0.922482 -0.386039 0 
vn 0.907581 -0.419878 0 
vn 0.923873 -0.3827 0 
vn 0.907575 -0.419889 0 
vn 0.881006 -0.473105 0 
vn 0.856857 -0.515555 0 
vn 0.881915 -0.471408 0 
vn 0.856857 -0.515554 0 
vn 0.831946 -0.554856 0 
vn 0.831466 -0.555576 0 
vn 0.796093 -0.605174 0 
vn 0.776253 -0.630421 0 
vn 0.773014 -0.634389 0 
vn 0.725995 -0.687699 0 
vn 0.796084 -0.605186 0 
vn 0.707119 -0.707094 0 
vn 0.647379 -0.762168 0 
vn 0.715171 -0.698949 0 
vn 0.725983 -0.687713 0 
vn 0.561187 -0.827689 0 
vn 0.643804 -0.765191 0 
vn 0.63441 -0.772997 0 
vn 0.647386 -0.762162 0 
vn 0.468408 -0.883512 0 
vn 0.557066 -0.830468 0 
vn 0.555571 -0.831469 0 
vn 0.471393 -0.881923 0 
vn 0.469469 -0.882949 0 
vn 0.561177 -0.827696 0 
vn 0.468411 -0.883511 0 
vn 0.38267 -0.923885 0 
vn 0.370138 -0.928977 0 
vn 0.377014 -0.926208 0 
vn 0.370152 -0.928971 0 
vn 0.290266 -0.956946 0 
vn 0.267528 -0.96355 0 
vn 0.280686 -0.9598 0 
vn 0.26755 -0.963544 0 
vn 0.19507 -0.980789 0 
vn 0.161782 -0.986827 0 
vn 0.181497 -0.983391 0 
vn 0.161807 -0.986822 0 
vn 0.0979939 -0.995187 0 
vn 0.0541389 -0.998533 0 
vn 0.0804834 -0.996756 0 
vn -0.0541389 -0.998533 0 
vn -2.55716e-05 -1 0 
vn 0.0541634 -0.998532 0 
vn -0.0213721 -0.999772 0 
vn -0.161782 -0.986827 0 
vn -0.0980425 -0.995182 0 
vn -0.0541164 -0.998535 0 
vn -0.125118 -0.992142 0 
vn -0.267528 -0.96355 0 
vn -0.19511 -0.980781 0 
vn -0.161763 -0.98683 0 
vn -0.228516 -0.97354 0 
vn -0.370138 -0.928977 0 
vn -0.290297 -0.956937 0 
vn -0.267513 -0.963554 0 
vn -0.329371 -0.944201 0 
vn -0.468408 -0.883512 0 
vn -0.382687 -0.923878 0 
vn -0.370127 -0.928981 0 
vn -0.426565 -0.904457 0 
vn -0.561187 -0.827689 0 
vn -0.519034 -0.854754 0 
vn -0.555558 -0.831478 0 
vn -0.468402 -0.883516 0 
vn -0.471392 -0.881924 0 
vn -0.647386 -0.762162 0 
vn -0.605764 -0.795645 0 
vn -0.634376 -0.773024 0 
vn -0.561184 -0.827691 0 
vn -0.725995 -0.687699 0 
vn -0.685806 -0.727784 0 
vn -0.707089 -0.707124 0 
vn -0.647387 -0.762161 0 
vn -0.796093 -0.605174 0 
vn -0.756249 -0.654284 0 
vn -0.772991 -0.634417 0 
vn -0.726001 -0.687694 0 
vn -0.856857 -0.515554 0 
vn -0.821393 -0.570363 0 
vn -0.831455 -0.555593 0 
vn -0.796101 -0.605163 0 
vn -0.907575 -0.419889 0 
vn -0.872962 -0.487788 0 
vn -0.881906 -0.471425 0 
vn -0.856866 -0.515539 0 
vn -0.947653 -0.319302 0 
vn -0.916365 -0.400343 0 
vn -0.923867 -0.382714 0 
vn -0.907585 -0.419869 0 
vn -0.976621 -0.21497 0 
vn -0.95108 -0.308944 0 
vn -0.956933 -0.29031 0 
vn -0.947659 -0.319284 0 
vn -0.994138 -0.108119 0 
vn -0.976725 -0.214496 0 
vn -0.980781 -0.195112 0 
vn -0.976621 -0.214969 0 
vn -0.993022 -0.117925 0 
vn -0.995183 -0.098039 0 
vn -0.999793 -0.0203487 0 
vn -1 1.19142e-18 0 
vn -1 1.19142e-18 0 
vn -0.994136 -0.108136 0 
vn -0.994138 0.108119 0 
vn -0.994138 0.108119 0 
vn -0.976621 0.21497 0 
vn -0.976621 0.21497 0 
vn -0.947653 0.319302 0 
vn -0.947653 0.319302 0 
vn -0.907575 0.419889 0 
vn -0.907575 0.419889 0 
vn -0.856857 0.515554 0 
vn -0.856857 0.515554 0 
vn -0.796093 0.605174 0 
vn -0.796093 0.605174 0 
vn -0.725995 0.687699 0 
vn -0.725995 0.687699 0 
vn -0.647386 0.762162 0 
vn -0.647386 0.762162 0 
vn -0.561187 0.827689 0 
vn -0.561187 0.827689 0 
vn -0.468408 0.883512 0 
vn -0.468408 0.883512 0 
vn -0.370138 0.928977 0 
vn -0.370138 0.928977 0 
vn -0.267528 0.96355 0 
vn -0.267528 0.96355 0 
vn -0.161782 0.986827 0 
vn -0.161782 0.986827 0 
vn -0.0541389 0.998533 0 
vn -0.0541389 0.998533 0 
vn 0.0541389 0.998533 0 
vn 0.0541389 0.998533 0 
vn 0.161782 0.986827 0 
vn 0.161782 0.986827 0 
vn 0.267528 0.96355 0 
vn 0.267528 0.96355 0 
vn 0.370138 0.928977 0 
vn 0.370138 0.928977 0 
vn 0.468408 0.883512 0 
vn 0.468408 0.883512 0 
vn 0.561187 0.827689 0 
vn 0.561187 0.827689 0 
vn 0.647386 0.762162 0 
vn 0.647386 0.762162 0 
vn 0.725995 0.687699 0 
vn 0.725995 0.687699 0 
vn 0.796093 0.605174 0 
vn 0.796093 0.605174 0 
vn 0.856857 0.515554 0 
vn 0.856857 0.515554 0 
vn 0.907575 0.419889 0 
vn 0.907575 0.419889 0 
vn 0.947653 0.319302 0 
vn 0.947653 0.319302 0 
vn 0.976621 0.21497 0 
vn 0.976621 0.21497 0 
vn 0.994138 0.108119 0 
vn 0.994138 0.108119 0 
vn -1 0 0 
f 524//524 525//525 526//526 
f 527//527 524//524 528//528 
f 528//528 529//529 527//527 
f 527//527 525//525 524//524 
f 530//530 531//531 532//532 
f 530//530 526//526 533//533 
f 533//533 531//531 530//530 
f 534//534 535//535 536//536 
f 534//534 532//532 537//537 
f 537//537 535//535 534//534 
f 538//538 539//539 540//540 
f 538//538 536//536 541//541 
f 541//541 539//539 538//538 
f 542//542 543//543 544//544 
f 542//542 540//540 545//545 
f 545//545 543//543 542//542 
f 546//546 547//547 548//548 
f 548//548 549//549 546//546 
f 546//546 544//544 547//547 
f 549//549 550//550 551//551 
f 551//551 552//552 549//549 
f 549//549 553//553 550//550 
f 552//552 554//554 555//555 
f 552//552 556//556 554//554 
f 552//552 557//557 556//556 
f 558//558 559//559 560//560 
f 561//561 555//555 559//559 
f 559//559 558//558 561//561 
f 562//562 563//563 564//564 
f 564//564 565//565 562//562 
f 565//565 566//566 562//562 
f 558//558 567//567 563//563 
f 563//563 562//562 558//558 
f 562//562 568//568 569//569 
f 569//569 570//570 562//562 
f 569//569 571//571 570//570 
f 570//570 572//572 573//573 
f 573//573 574//574 570//570 
f 573//573 575//575 574//574 
f 574//574 576//576 577//577 
f 577//577 578//578 574//574 
f 577//577 579//579 578//578 
f 578//578 580//580 581//581 
f 581//581 582//582 578//578 
f 581//581 583//583 582//582 
f 584//584 582//582 585//585 
f 582//582 586//586 585//585 
f 585//585 587//587 584//584 
f 588//588 584//584 589//589 
f 584//584 590//590 589//589 
f 589//589 591//591 588//588 
f 592//592 588//588 593//593 
f 588//588 594//594 593//593 
f 593//593 595//595 592//592 
f 596//596 592//592 597//597 
f 592//592 598//598 597//597 
f 597//597 599//599 596//596 
f 600//600 596//596 601//601 
f 596//596 602//602 601//601 
f 601//601 603//603 600//600 
f 604//604 605//605 606//606 
f 600//600 607//607 608//608 
f 608//608 604//604 600//600 
f 608//608 605//605 604//604 
f 609//609 610//610 611//611 
f 609//609 604//604 612//612 
f 612//612 610//610 609//609 
f 613//613 614//614 615//615 
f 613//613 609//609 616//616 
f 616//616 614//614 613//613 
f 617//617 618//618 619//619 
f 617//617 613//613 620//620 
f 620//620 618//618 617//617 
f 621//621 622//622 623//623 
f 621//621 617//617 624//624 
f 624//624 622//622 621//621 
f 625//625 626//626 627//627 
f 625//625 621//621 628//628 
f 628//628 626//626 625//625 
f 629//629 630//630 631//631 
f 629//629 625//625 632//632 
f 632//632 630//630 629//629 
f 633//633 634//634 635//635 
f 633//633 629//629 636//636 
f 636//636 634//634 633//633 
f 637//637 638//638 639//639 
f 637//637 633//633 640//640 
f 640//640 638//638 637//637 
f 639//639 641//641 637//637 
f 642//642 643//643 644//644 
f 645//645 637//637 646//646 
f 646//646 642//642 645//645 
f 644//644 645//645 642//642 
f 645//645 644//644 647//647 
f 648//648 647//647 649//649 
f 650//650 649//649 651//651 
f 652//652 651//651 653//653 
f 654//654 653//653 655//655 
f 656//656 655//655 657//657 
f 658//658 657//657 659//659 
f 660//660 659//659 661//661 
f 662//662 661//661 663//663 
f 664//664 663//663 665//665 
f 666//666 665//665 667//667 
f 668//668 667//667 669//669 
f 670//670 669//669 671//671 
f 672//672 671//671 673//673 
f 674//674 673//673 675//675 
f 676//676 675//675 677//677 
f 678//678 677//677 679//679 
f 680//680 679//679 681//681 
f 682//682 681//681 683//683 
f 684//684 683//683 685//685 
f 686//686 685//685 687//687 
f 688//688 687//687 689//689 
f 690//690 689//689 691//691 
f 692//692 691//691 693//693 
f 694//694 693//693 695//695 
f 696//696 695//695 697//697 
f 698//698 697//697 699//699 
f 700//700 699//699 701//701 
f 702//702 701//701 528//528 
f 528//528 524//524 702//702 
f 701//701 702//702 700//700 
f 699//699 700//700 698//698 
f 697//697 698//698 696//696 
f 695//695 696//696 694//694 
f 693//693 694//694 692//692 
f 691//691 692//692 690//690 
f 689//689 690//690 688//688 
f 687//687 688//688 686//686 
f 685//685 686//686 684//684 
f 683//683 684//684 682//682 
f 681//681 682//682 680//680 
f 679//679 680//680 678//678 
f 677//677 678//678 676//676 
f 675//675 676//676 674//674 
f 673//673 674//674 672//672 
f 671//671 672//672 670//670 
f 669//669 670//670 668//668 
f 667//667 668//668 666//666 
f 665//665 666//666 664//664 
f 663//663 664//664 662//662 
f 661//661 662//662 660//660 
f 659//659 660//660 658//658 
f 657//657 658//658 656//656 
f 655//655 656//656 654//654 
f 653//653 654//654 652//652 
f 651//651 652//652 650//650 
f 649//649 650//650 648//648 
f 647//647 648//648 645//645 
f 643//643 703//703 644//644 
f 641//641 646//646 637//637 
f 635//635 640//640 633//633 
f 631//631 636//636 629//629 
f 627//627 632//632 625//625 
f 623//623 628//628 621//621 
f 619//619 624//624 617//617 
f 615//615 620//620 613//613 
f 611//611 616//616 609//609 
f 606//606 612//612 604//604 
f 603//603 607//607 600//600 
f 599//599 602//602 596//596 
f 595//595 598//598 592//592 
f 591//591 594//594 588//588 
f 587//587 590//590 584//584 
f 583//583 586//586 582//582 
f 579//579 580//580 578//578 
f 575//575 576//576 574//574 
f 571//571 572//572 570//570 
f 566//566 568//568 562//562 
f 560//560 567//567 558//558 
f 555//555 561//561 552//552 
f 551//551 557//557 552//552 
f 548//548 553//553 549//549 
f 544//544 546//546 542//542 
f 540//540 542//542 538//538 
f 536//536 538//538 534//534 
f 532//532 534//534 530//530 
f 526//526 530//530 524//524 
v -0.0165 0.0575 0.0175 
v -0.0165 1.01033e-18 0.0175 
v -0.0165 0 0.0272835 
v -0.0165 0.0575 0.0313265 
vn -1 0 0 
vn -1 0 0 
vn -1 0 0 
vn -1 0 0 
f 704//704 705//705 706//706 
f 706//706 707//707 704//704 
v -0.0122126 0.069809 0.035 
v -0.0122126 0.069809 0.0175 
v -0.0130571 0.0688223 0.0175 
v -0.0113794 0.0705912 0.035 
v -0.0113794 0.0705912 0.0175 
v -0.0105661 0.0712025 0.035 
v -0.0105661 0.0712025 0.0175 
v -0.00977561 0.0716714 0.035 
v -0.00977561 0.0716714 0.0175 
v -0.00900678 0.0720204 0.035 
v -0.00900678 0.0720204 0.0175 
v -0.00825621 0.0722665 0.035 
v -0.00825621 0.0722665 0.0175 
v -0.00751922 0.0724218 0.035 
v -0.00751922 0.0724218 0.0175 
v -0.00679046 0.0724937 0.035 
v -0.00679046 0.0724937 0.0175 
v -0.0065 0.0725 0.035 
v -0.0065 0.0725 0.0175 
v -0.0163679 0.0599283 0.0175 
v -0.0165 0.0575 0.0175 
v -0.0165 0.0575 0.0313265 
v -0.0164666 0.0587243 0.031446 
v -0.0159894 0.0622288 0.0175 
v -0.0163679 0.0599283 0.0316296 
v -0.0162093 0.0610881 0.0318701 
v -0.0154116 0.0643019 0.0175 
v -0.0159894 0.0622288 0.0321706 
v -0.0157256 0.0632845 0.0325092 
v -0.0146943 0.0660942 0.0175 
v -0.0154116 0.0643019 0.0328954 
v -0.0150741 0.065216 0.0332979 
v -0.0138945 0.0675949 0.0175 
v -0.0146943 0.0660942 0.0337403 
v -0.0143124 0.06686 0.0341768 
v -0.0138807 0.0675847 0.0346603 
v -0.0135775 0.0680937 0.035 
v -0.0130571 0.0688223 0.035 
vn -0.722364 0.691513 0 
vn -0.722364 0.691513 0 
vn -0.793353 0.608761 0 
vn -0.642788 0.766044 0 
vn -0.642788 0.766044 0 
vn -0.55557 0.83147 0 
vn -0.55557 0.83147 0 
vn -0.461749 0.887011 0 
vn -0.461749 0.887011 0 
vn -0.362438 0.932008 0 
vn -0.362438 0.932008 0 
vn -0.258819 0.965926 0 
vn -0.258819 0.965926 0 
vn -0.152123 0.988362 0 
vn -0.152123 0.988362 0 
vn -0.0436194 0.999048 0 
vn -0.0436194 0.999048 0 
vn 3.08048e-15 1 0 
vn 3.08048e-15 1 0 
vn -0.994056 0.108867 0 
vn -1 -1.15386e-14 0 
vn -1 -1.15386e-14 0 
vn -0.998508 0.0545981 0 
vn -0.976296 0.21644 0 
vn -0.994056 0.108867 0 
vn -0.986749 0.162256 0 
vn -0.94693 0.321439 0 
vn -0.976296 0.21644 0 
vn -0.963239 0.268645 0 
vn -0.906308 0.422618 0 
vn -0.94693 0.321439 0 
vn -0.928422 0.371527 0 
vn -0.854912 0.518773 0 
vn -0.906308 0.422618 0 
vn -0.882617 0.470093 0 
vn -0.854912 0.518773 0 
vn -0.832592 0.553886 0 
vn -0.793353 0.608761 0 
f 708//708 709//709 710//710 
f 711//711 712//712 709//709 
f 713//713 714//714 712//712 
f 715//715 716//716 714//714 
f 717//717 718//718 716//716 
f 719//719 720//720 718//718 
f 721//721 722//722 720//720 
f 723//723 724//724 722//722 
f 725//725 726//726 724//724 
f 727//727 728//728 729//729 
f 729//729 730//730 727//727 
f 731//731 727//727 732//732 
f 732//732 733//733 731//731 
f 734//734 731//731 735//735 
f 735//735 736//736 734//734 
f 737//737 734//734 738//738 
f 738//738 739//739 737//737 
f 740//740 737//737 741//741 
f 741//741 742//742 740//740 
f 710//710 740//740 743//743 
f 743//743 744//744 710//710 
f 744//744 745//745 710//710 
f 742//742 743//743 740//740 
f 739//739 741//741 737//737 
f 736//736 738//738 734//734 
f 733//733 735//735 731//731 
f 730//730 732//732 727//727 
f 724//724 723//723 725//725 
f 722//722 721//721 723//723 
f 720//720 719//719 721//721 
f 718//718 717//717 719//719 
f 716//716 715//715 717//717 
f 714//714 713//713 715//715 
f 712//712 711//711 713//713 
f 709//709 708//708 711//711 
f 710//710 745//745 708//708 
v 0.0165 0.0150513 0.0175 
v 0.0165 0.0150513 0.0283418 
v 0.0165 5.82434e-15 0.0272835 
v 0.0165 5.82434e-15 0.0175 
vn 1 3.52908e-13 0 
vn 1 3.52908e-13 0 
vn 1 3.52908e-13 0 
vn 1 3.52908e-13 0 
f 746//746 747//747 748//748 
f 748//748 749//749 746//746 
v -0.00118859 -0.0123713 0.0307903 
v -0.00161601 -0.0164033 0.0264356 
v -0.000891878 -0.0164566 0.0264328 
v -0.000201008 -0.0124371 0.0307857 
v -4.21569e-07 -0.0164858 0.0264312 
v -3.02001e-07 -0.0124301 0.0307862 
v -0.00035264 -0.0164962 0.0264306 
v 0.016417 -0.00161709 0.0272004 
v 0.0165 5.82434e-15 0.0272835 
v 0.012126 -0.00071582 0.0316098 
v 0.0121325 -0.00030622 0.0316386 
v -0.0090715 -0.00836352 0.0310721 
v -0.00936779 -0.00799439 0.0310981 
v -0.012741 -0.010457 0.0267438 
v -0.00856783 -0.00887425 0.0310362 
v -0.0119637 -0.0113324 0.0266979 
v -0.0124781 -0.0107957 0.0267259 
v -0.0116545 -0.0116551 0.0266811 
v -0.0077181 -0.0145582 0.0265317 
v -0.00703833 -0.0149235 0.0265129 
v -0.00506076 -0.0113332 0.0308633 
v -0.00571271 -0.0109937 0.0308872 
v -0.00776727 -0.0145317 0.026533 
v -0.00630569 -0.0152231 0.0264974 
v -0.00463744 -0.0115015 0.0308515 
v -0.00266263 -0.0121453 0.0308062 
v -0.00351839 -0.011904 0.0308232 
v -0.0044082 -0.0158779 0.0264634 
v -0.0047836 -0.0157687 0.0264691 
v -0.00321542 -0.0161633 0.0264484 
v -0.0023653 -0.0121962 0.0308026 
v -0.00377051 -0.0160634 0.0264537 
v -0.00144111 -0.0123545 0.0307915 
v -0.00266572 -0.0162622 0.0264432 
v -0.00206445 -0.0163703 0.0264374 
v -0.00388537 -0.0118006 0.0308304 
v -0.00609892 -0.0153077 0.026493 
v -0.00543462 -0.0155793 0.026479 
v -0.00720032 -0.0100737 0.0309518 
v -0.00768688 -0.00967283 0.03098 
v -0.0104541 -0.012739 0.0266251 
v -0.00924681 -0.0136381 0.0265789 
v -0.00673282 -0.0103825 0.0309301 
v -0.0099951 -0.0131281 0.0266051 
v -0.00915447 -0.0137011 0.0265757 
v -0.00856405 -0.0141034 0.026555 
v -0.00616103 -0.0107602 0.0309036 
v -0.0081851 -0.00926234 0.0310089 
v -0.0106672 -0.0125583 0.0266344 
v -0.0113158 -0.0120084 0.0266627 
v -0.0157773 -0.00478645 0.0270387 
v -0.0156928 -0.00509758 0.0270228 
v -0.0115506 -0.00402202 0.0313774 
v -0.015629 -0.0052657 0.0270142 
v -0.0152323 -0.00631002 0.0269606 
v -0.011199 -0.00494534 0.0313124 
v -0.010527 -0.0063415 0.0312143 
v -0.0106889 -0.00601993 0.0312369 
v -0.0145407 -0.00777277 0.0268849 
v -0.0100773 -0.00703994 0.0311652 
v -0.0141235 -0.00849748 0.026847 
v -0.0144039 -0.0080485 0.0268706 
v -0.0137092 -0.00916077 0.0268122 
v -0.00984805 -0.00739608 0.0311401 
v -0.0131178 -0.00997161 0.0267695 
v -0.013553 -0.00941099 0.0267991 
v -0.01512 -0.00660566 0.0269454 
v -0.0111025 -0.00519874 0.0312946 
v -0.0149629 -0.00692218 0.026929 
v -0.0164077 -0.00161638 0.0272005 
v -0.0163961 -0.00178347 0.0271919 
v -0.0120673 -0.00157998 0.0315491 
v -0.0163849 -0.00194577 0.0271836 
v -0.0161704 -0.00321685 0.0271188 
v -0.0118949 -0.00267237 0.0314723 
v -0.016116 -0.00353919 0.0271023 
v -0.011871 -0.00282419 0.0314616 
v -0.0161139 -0.00354691 0.0271019 
v -0.011603 -0.00382616 0.0313911 
v -0.0164966 -0.000335753 0.0272662 
v -0.0120716 -0.00149526 0.031555 
v -0.0121325 -0.00030622 0.0316386 
v -0.0165 0 0.0272835 
v 0.00788718 -0.00952644 0.0309903 
v 0.0076913 -0.00967775 0.0309797 
v 0.0104616 -0.0127469 0.0266247 
v 0.0106228 -0.0126256 0.0266309 
v 0.0116617 -0.0116613 0.0266806 
v 0.00857082 -0.00887666 0.031036 
v 0.0106794 -0.012573 0.0266336 
v 0.0145503 -0.00777752 0.0268847 
v 0.0149586 -0.00692036 0.026929 
v 0.0109313 -0.00557099 0.0312684 
v 0.0111943 -0.00494302 0.0313126 
v 0.015221 -0.00636965 0.0269575 
v 0.0152413 -0.00631347 0.0269604 
v 0.0157862 -0.0047889 0.0270386 
v 0.0161039 -0.00354438 0.0271021 
v 0.0117898 -0.00317945 0.0314366 
v 0.0118864 -0.00267064 0.0314724 
v 0.0161678 -0.00329423 0.0271148 
v 0.0161794 -0.00321842 0.0271187 
v 0.0163989 -0.00178329 0.0271919 
v 0.0120225 -0.00195348 0.0315228 
v 0.0120609 -0.00149429 0.0315551 
v 0.0164134 -0.00168855 0.0271967 
v 0.0156219 -0.00526327 0.0270143 
v 0.01142 -0.0044043 0.0313505 
v 0.0115953 -0.00382362 0.0313913 
v 0.0157679 -0.00486042 0.0270349 
v 0.0128082 -0.0104019 0.0267467 
v 0.0131224 -0.00997566 0.0267692 
v 0.00962806 -0.00769156 0.0311193 
v 0.00936858 -0.0079945 0.031098 
v 0.0127519 -0.0104651 0.0267434 
v 0.0137186 -0.00916664 0.0268119 
v 0.0100771 -0.00703935 0.0311652 
v 0.0137271 -0.00915513 0.0268126 
v 0.0141221 -0.00849699 0.026847 
v 0.0103379 -0.00666048 0.0311918 
v 0.0106875 -0.0060187 0.031237 
v 0.0145366 -0.00780623 0.0268832 
v 0.00879773 -0.00866099 0.0310512 
v 0.0118003 -0.0115327 0.0266873 
v 0.0119716 -0.0113405 0.0266974 
v 0.00464205 -0.0115128 0.0308507 
v 0.00610537 -0.0153227 0.0264923 
v 0.00622073 -0.0152824 0.0264944 
v 0.00352225 -0.0119173 0.0308222 
v 0.00478719 -0.0157823 0.0264684 
v 0.00916609 -0.013718 0.0265748 
v 0.00673696 -0.0103884 0.0309297 
v 0.00583861 -0.0109432 0.0308907 
v 0.00777713 -0.0145501 0.0265321 
v 0.00919159 -0.0137027 0.0265756 
v 0.00925703 -0.0136535 0.0265781 
v 0.00690804 -0.0102828 0.0309371 
v 0.00571706 -0.0110017 0.0308866 
v 0.00772832 -0.014577 0.0265307 
v 0.00774625 -0.0145687 0.0265312 
v 0.00469197 -0.0114948 0.0308519 
v 0.0063122 -0.0152396 0.0264966 
v 0.00231775 -0.0122176 0.0308011 
v 0.00266763 -0.0162692 0.0264428 
v 0.00299471 -0.016226 0.0264451 
v 0.00118858 -0.0123758 0.03079 
v 0.0016157 -0.0164084 0.0264354 
v 0.00321669 -0.0161732 0.0264479 
v 0.00236692 -0.0122054 0.030802 
v 0.00351764 -0.0119189 0.0308221 
v 0.00441191 -0.0158889 0.0264628 
v 0.00463133 -0.0158367 0.0264656 
v 0.000892805 -0.0164594 0.0264326 
v 0.0010662 -0.0123929 0.0307888 
v 0.00132798 -0.0164465 0.0264333 
vn -0.0673097 -0.728158 0.682097 
vn -0.0685537 -0.728034 0.682104 
vn -0.0379624 -0.730337 0.682031 
vn -0.0114449 -0.73126 0.682003 
vn 1.23898e-13 -0.731352 0.682 
vn 1.23898e-13 -0.731352 0.682 
vn -0.0150318 -0.731193 0.682005 
vn 0.702358 -0.105825 0.703914 
vn 0.706914 -0.036144 0.706375 
vn 0.705738 -0.0733544 0.704665 
vn 0.706979 -0.0492304 0.705519 
vn -0.516882 -0.507181 0.689638 
vn -0.534937 -0.487137 0.690319 
vn -0.541198 -0.479449 0.690821 
vn -0.487946 -0.536366 0.688636 
vn -0.507802 -0.516411 0.689534 
vn -0.529313 -0.493207 0.690343 
vn -0.494323 -0.529948 0.689058 
vn -0.326884 -0.651306 0.684797 
vn -0.297588 -0.665715 0.684299 
vn -0.286124 -0.670977 0.684049 
vn -0.323691 -0.653053 0.68465 
vn -0.328982 -0.650209 0.684835 
vn -0.266674 -0.679163 0.683829 
vn -0.262181 -0.681034 0.683706 
vn -0.149975 -0.715313 0.682521 
vn -0.198364 -0.703022 0.682944 
vn -0.186045 -0.706469 0.682854 
vn -0.201887 -0.701948 0.683015 
vn -0.135843 -0.71821 0.682438 
vn -0.133413 -0.718695 0.682406 
vn -0.158993 -0.713276 0.682611 
vn -0.0814618 -0.726666 0.682144 
vn -0.112766 -0.722327 0.682296 
vn -0.0873721 -0.725952 0.682173 
vn -0.218927 -0.696676 0.683165 
vn -0.257804 -0.682705 0.683704 
vn -0.229176 -0.69321 0.683329 
vn -0.40799 -0.60203 0.68637 
vn -0.436572 -0.580775 0.687099 
vn -0.442817 -0.575622 0.687439 
vn -0.391594 -0.613101 0.686121 
vn -0.381805 -0.61963 0.685772 
vn -0.422739 -0.591163 0.686891 
vn -0.387685 -0.61568 0.686031 
vn -0.362218 -0.631599 0.685478 
vn -0.348771 -0.639526 0.685102 
vn -0.464854 -0.5574 0.687907 
vn -0.451954 -0.568157 0.687703 
vn -0.47914 -0.54436 0.688547 
vn -0.673362 -0.240191 0.699208 
vn -0.66905 -0.25321 0.698754 
vn -0.665968 -0.263084 0.69805 
vn -0.666533 -0.26044 0.698502 
vn -0.649084 -0.304892 0.696944 
vn -0.644563 -0.31594 0.696218 
vn -0.602781 -0.394646 0.693476 
vn -0.613294 -0.376978 0.694088 
vn -0.61861 -0.366939 0.69475 
vn -0.576713 -0.434012 0.692124 
vn -0.600675 -0.397499 0.693674 
vn -0.612184 -0.378298 0.694349 
vn -0.582615 -0.425105 0.692709 
vn -0.562445 -0.453356 0.691465 
vn -0.557546 -0.459284 0.69152 
vn -0.57547 -0.435293 0.692354 
vn -0.643574 -0.317324 0.696504 
vn -0.637918 -0.330205 0.695719 
vn -0.637163 -0.331031 0.696018 
vn -0.702358 -0.105825 0.703914 
vn -0.701499 -0.112956 0.703662 
vn -0.700472 -0.123625 0.702891 
vn -0.7006 -0.119834 0.703419 
vn -0.69112 -0.173836 0.701523 
vn -0.688689 -0.18635 0.7007 
vn -0.688057 -0.187369 0.701049 
vn -0.686612 -0.194937 0.700402 
vn -0.687979 -0.187699 0.701038 
vn -0.669817 -0.252075 0.698429 
vn -0.706532 -0.0507235 0.705861 
vn -0.701143 -0.118746 0.703063 
vn -0.706979 -0.0492304 0.705519 
vn -0.706914 -0.036144 0.706375 
vn 0.447536 -0.572006 0.687402 
vn 0.436572 -0.580775 0.687099 
vn 0.442817 -0.575622 0.687439 
vn 0.449437 -0.570238 0.68763 
vn 0.494323 -0.529948 0.689058 
vn 0.487946 -0.536366 0.688636 
vn 0.451954 -0.568156 0.687704 
vn 0.61861 -0.366939 0.69475 
vn 0.637159 -0.33104 0.696018 
vn 0.627346 -0.35134 0.69498 
vn 0.644563 -0.31594 0.696218 
vn 0.64806 -0.307253 0.69686 
vn 0.649084 -0.304892 0.696944 
vn 0.673362 -0.240191 0.699208 
vn 0.687981 -0.187692 0.701038 
vn 0.681264 -0.215165 0.699702 
vn 0.688689 -0.18635 0.7007 
vn 0.690426 -0.177017 0.701411 
vn 0.69112 -0.173836 0.701523 
vn 0.701502 -0.112934 0.703663 
vn 0.697094 -0.145136 0.702137 
vn 0.701143 -0.118746 0.703063 
vn 0.702 -0.108868 0.703806 
vn 0.666532 -0.260442 0.698501 
vn 0.657752 -0.284846 0.697299 
vn 0.669817 -0.252075 0.698429 
vn 0.672398 -0.243178 0.699104 
vn 0.543496 -0.476704 0.690916 
vn 0.557536 -0.459297 0.69152 
vn 0.54951 -0.469772 0.690908 
vn 0.534937 -0.487137 0.690319 
vn 0.541198 -0.479449 0.690821 
vn 0.582615 -0.425105 0.692709 
vn 0.576713 -0.434012 0.692124 
vn 0.582955 -0.424609 0.692727 
vn 0.600668 -0.397511 0.693674 
vn 0.591462 -0.412448 0.692863 
vn 0.613294 -0.376978 0.694088 
vn 0.617956 -0.368119 0.694708 
vn 0.500814 -0.523802 0.689069 
vn 0.500084 -0.52425 0.689259 
vn 0.507792 -0.516421 0.689534 
vn 0.262181 -0.681034 0.683706 
vn 0.257825 -0.682697 0.683704 
vn 0.262669 -0.68078 0.683772 
vn 0.198364 -0.703022 0.682944 
vn 0.201887 -0.701948 0.683015 
vn 0.387685 -0.61568 0.686031 
vn 0.381805 -0.61963 0.685772 
vn 0.330444 -0.649539 0.684767 
vn 0.328982 -0.650209 0.684835 
vn 0.388728 -0.614995 0.686055 
vn 0.391594 -0.6131 0.686121 
vn 0.391287 -0.613453 0.685981 
vn 0.323691 -0.653053 0.68465 
vn 0.326896 -0.6513 0.684797 
vn 0.327636 -0.650914 0.684811 
vn 0.264998 -0.679903 0.683745 
vn 0.266674 -0.679163 0.683829 
vn 0.13063 -0.719223 0.682388 
vn 0.112798 -0.722322 0.682296 
vn 0.126432 -0.719984 0.682376 
vn 0.0673097 -0.728158 0.682097 
vn 0.0685537 -0.728034 0.682104 
vn 0.135843 -0.71821 0.682438 
vn 0.133413 -0.718695 0.682406 
vn 0.198103 -0.703098 0.682941 
vn 0.186072 -0.706461 0.682854 
vn 0.195207 -0.703903 0.682945 
vn 0.0379953 -0.730336 0.682031 
vn 0.0603793 -0.728783 0.682077 
vn 0.0563537 -0.729113 0.68207 
f 750//750 751//751 752//752 
f 752//752 753//753 750//750 
f 754//754 755//755 753//753 
f 753//753 756//756 754//754 
f 757//757 758//758 759//759 
f 758//758 760//760 759//759 
f 761//761 762//762 763//763 
f 764//764 761//761 765//765 
f 761//761 766//766 765//765 
f 765//765 767//767 764//764 
f 768//768 769//769 770//770 
f 771//771 772//772 768//768 
f 773//773 774//774 770//770 
f 770//770 769//769 773//773 
f 775//775 776//776 777//777 
f 776//776 778//778 777//777 
f 779//779 780//780 775//775 
f 775//775 781//781 779//779 
f 782//782 780//780 783//783 
f 780//780 779//779 783//783 
f 751//751 750//750 782//782 
f 782//782 784//784 751//751 
f 785//785 774//774 786//786 
f 774//774 773//773 786//786 
f 778//778 776//776 785//785 
f 785//785 787//787 778//778 
f 788//788 789//789 790//790 
f 791//791 792//792 788//788 
f 788//788 793//793 791//791 
f 791//791 794//794 792//792 
f 795//795 796//796 792//792 
f 772//772 771//771 796//796 
f 796//796 795//795 772//772 
f 797//797 764//764 767//767 
f 798//798 789//789 797//797 
f 797//797 799//799 798//798 
f 798//798 790//790 789//789 
f 800//800 801//801 802//802 
f 803//803 804//804 805//805 
f 802//802 801//801 803//803 
f 805//805 802//802 803//803 
f 806//806 807//807 808//808 
f 809//809 806//806 810//810 
f 806//806 811//811 810//810 
f 810//810 812//812 809//809 
f 813//813 809//809 812//812 
f 762//762 813//813 814//814 
f 813//813 815//815 814//814 
f 814//814 763//763 762//762 
f 804//804 816//816 817//817 
f 818//818 808//808 807//807 
f 817//817 816//816 818//818 
f 807//807 817//817 818//818 
f 819//819 820//820 821//821 
f 822//822 823//823 824//824 
f 821//821 820//820 822//822 
f 824//824 821//821 822//822 
f 823//823 825//825 826//826 
f 826//826 825//825 827//827 
f 827//827 828//828 826//826 
f 827//827 800//800 828//828 
f 829//829 819//819 830//830 
f 831//831 832//832 829//829 
f 833//833 834//834 835//835 
f 835//835 836//836 833//833 
f 837//837 838//838 833//833 
f 833//833 839//839 837//837 
f 840//840 841//841 842//842 
f 843//843 842//842 841//841 
f 841//841 844//844 843//843 
f 844//844 845//845 843//843 
f 846//846 847//847 848//848 
f 849//849 848//848 847//847 
f 847//847 850//850 849//849 
f 850//850 851//851 849//849 
f 851//851 852//852 853//853 
f 854//854 853//853 852//852 
f 852//852 855//855 854//854 
f 855//855 757//757 854//854 
f 845//845 856//856 857//857 
f 858//858 857//857 856//856 
f 856//856 859//859 858//858 
f 859//859 846//846 858//858 
f 860//860 861//861 862//862 
f 863//863 864//864 860//860 
f 865//865 866//866 862//862 
f 862//862 861//861 865//865 
f 867//867 868//868 869//869 
f 866//866 865//865 867//867 
f 870//870 869//869 868//868 
f 868//868 871//871 870//870 
f 871//871 840//840 870//870 
f 872//872 838//838 837//837 
f 837//837 873//873 872//872 
f 864//864 863//863 872//872 
f 872//872 874//874 864//864 
f 875//875 876//876 877//877 
f 876//876 875//875 878//878 
f 878//878 879//879 876//876 
f 880//880 881//881 882//882 
f 882//882 883//883 880//880 
f 881//881 884//884 885//885 
f 881//881 880//880 884//884 
f 835//835 834//834 886//886 
f 886//886 885//885 835//835 
f 887//887 888//888 889//889 
f 888//888 887//887 890//890 
f 890//890 891//891 888//888 
f 889//889 883//883 887//887 
f 892//892 893//893 894//894 
f 895//895 896//896 893//893 
f 893//893 892//892 895//895 
f 897//897 898//898 892//892 
f 879//879 878//878 899//899 
f 899//899 900//900 901//901 
f 899//899 897//897 900//900 
f 899//899 901//901 879//879 
f 755//755 754//754 902//902 
f 902//902 903//903 755//755 
f 896//896 895//895 903//903 
f 903//903 904//904 896//896 
f 902//902 904//904 903//903 
f 899//899 898//898 897//897 
f 894//894 897//897 892//892 
f 890//890 875//875 891//891 
f 885//885 886//886 881//881 
f 882//882 887//887 883//883 
f 877//877 891//891 875//875 
f 873//873 874//874 872//872 
f 869//869 866//866 867//867 
f 862//862 863//863 860//860 
f 857//857 843//843 845//845 
f 853//853 849//849 851//851 
f 848//848 858//858 846//846 
f 842//842 870//870 840//840 
f 836//836 839//839 833//833 
f 830//830 831//831 829//829 
f 826//826 824//824 823//823 
f 821//821 830//830 819//819 
f 817//817 805//805 804//804 
f 812//812 815//815 813//813 
f 808//808 811//811 806//806 
f 802//802 828//828 800//800 
f 767//767 799//799 797//797 
f 792//792 794//794 795//795 
f 790//790 793//793 788//788 
f 786//786 787//787 785//785 
f 783//783 784//784 782//782 
f 777//777 781//781 775//775 
f 770//770 771//771 768//768 
f 763//763 766//766 761//761 
f 759//759 854//854 757//757 
f 752//752 756//756 753//753 
v 0.0121325 0.0147451 0.0326969 
v 0.0121325 -0.00030622 0.0316386 
v 0.0165 5.82434e-15 0.0272835 
v 0.0165 0.0150513 0.0283418 
vn 0.706979 -0.049605 0.705493 
vn 0.706979 -0.049605 0.705493 
vn 0.706979 -0.049605 0.705493 
vn 0.706979 -0.049605 0.705493 
f 905//905 906//906 907//907 
f 907//907 908//908 905//905 
v 0.0095 0.03025 0.0175 
v 0.0095 0.03025 0.0291771 
v 0.0104034 0.0293914 0.0291298 
v 0.0104217 0.0294105 0.0175 
v 0.0110589 0.0287597 0.0290951 
v 0.0118397 0.0278503 0.029045 
v 0.0110184 0.0288069 0.0290977 
v 0.0118564 0.0278646 0.0175 
v 0.0124426 0.0271068 0.0290041 
v 0.0130983 0.026161 0.0289522 
v 0.012294 0.0273212 0.0290159 
v 0.0131204 0.0261762 0.0175 
v 0.0136487 0.02532 0.028906 
v 0.0141752 0.0243509 0.0288528 
v 0.0135304 0.0255378 0.028918 
v 0.0141995 0.0243641 0.0175 
v 0.0146556 0.0234137 0.0288013 
v 0.0150573 0.0224384 0.0287475 
v 0.0145652 0.0236333 0.0288134 
v 0.0150818 0.0224484 0.0175 
v 0.0154501 0.0214095 0.0286907 
v 0.0157379 0.0204447 0.0286376 
v 0.0153689 0.021682 0.0287058 
v 0.0157574 0.0204505 0.0175 
v 0.016018 0.0193303 0.0285763 
v 0.0162023 0.0183892 0.0285247 
v 0.0159182 0.0198401 0.0286042 
v 0.0164611 0.0162974 0.0175 
v 0.0162189 0.0183925 0.0175 
v 0.0163619 0.017203 0.0284597 
v 0.0162905 0.0179388 0.0285 
v 0.0164763 0.0160245 0.0283952 
v 0.0165 0.0150513 0.0283418 
v 0.0164499 0.0162963 0.0284101 
v 0.0165 0.0150513 0.0175 
vn 0.65 0.759934 0 
vn 0.65 0.759934 0 
vn 0.696093 0.717952 0 
vn 0.696083 0.717961 0 
vn 0.728052 0.685522 0 
vn 0.76783 0.640654 0 
vn 0.72592 0.687779 0 
vn 0.76782 0.640666 0 
vn 0.797629 0.603148 0 
vn 0.83103 0.556228 0 
vn 0.789699 0.613495 0 
vn 0.831018 0.556246 0 
vn 0.857946 0.513739 0 
vn 0.884983 0.465624 0 
vn 0.851519 0.524324 0 
vn 0.884974 0.46564 0 
vn 0.908285 0.418351 0 
vn 0.929095 0.369842 0 
vn 0.903258 0.429098 0 
vn 0.929089 0.369856 0 
vn 0.948059 0.318095 0 
vn 0.962876 0.269943 0 
vn 0.943443 0.331535 0 
vn 0.962872 0.269959 0 
vn 0.976802 0.214145 0 
vn 0.98595 0.167038 0 
vn 0.970912 0.239437 0 
vn 0.998057 0.0623027 0 
vn 0.985947 0.16706 0 
vn 0.994183 0.107702 0 
vn 0.989523 0.144372 0 
vn 0.998815 0.0486581 0 
vn 1 1.77722e-13 0 
vn 0.998059 0.0622833 0 
vn 1 1.77722e-13 0 
f 909//909 910//910 911//911 
f 912//912 913//913 914//914 
f 912//912 911//911 915//915 
f 915//915 913//913 912//912 
f 916//916 917//917 918//918 
f 916//916 914//914 919//919 
f 919//919 917//917 916//916 
f 920//920 921//921 922//922 
f 920//920 918//918 923//923 
f 923//923 921//921 920//920 
f 924//924 925//925 926//926 
f 924//924 922//922 927//927 
f 927//927 925//925 924//924 
f 928//928 929//929 930//930 
f 928//928 926//926 931//931 
f 931//931 929//929 928//928 
f 932//932 933//933 934//934 
f 932//932 930//930 935//935 
f 935//935 933//933 932//932 
f 936//936 937//937 938//938 
f 937//937 934//934 939//939 
f 939//939 938//938 937//937 
f 936//936 940//940 941//941 
f 936//936 942//942 940//940 
f 941//941 943//943 936//936 
f 938//938 942//942 936//936 
f 934//934 937//937 932//932 
f 930//930 932//932 928//928 
f 926//926 928//928 924//924 
f 922//922 924//924 920//920 
f 918//918 920//920 916//916 
f 914//914 916//916 912//912 
f 911//911 912//912 909//909 
v 0.0113113 0.0197139 0.0330463 
v 0.0153689 0.021682 0.0287058 
v 0.0150573 0.0224384 0.0287475 
v 0.0154501 0.0214095 0.0286907 
v 0.0108119 0.0210336 0.0331391 
v 0.0146556 0.0234137 0.0288013 
v 0.0106884 0.0212794 0.0331564 
v 0.007869 0.0254494 0.0334496 
v 0.0110184 0.0288069 0.0290977 
v 0.0104034 0.0293914 0.0291298 
v 0.0110589 0.0287597 0.0290951 
v 0.0095 0.03025 0.0291771 
v 0.00666115 0.0266248 0.0335322 
v 0.00705994 0.0262722 0.0335074 
v 0.0120379 0.016428 0.0328152 
v 0.0162905 0.0179388 0.0285 
v 0.0162023 0.0183892 0.0285247 
v 0.0163619 0.017203 0.0284597 
v 0.011802 0.0179391 0.0329215 
v 0.016018 0.0193303 0.0285763 
v 0.0117622 0.0180904 0.0329321 
v 0.0159182 0.0198401 0.0286042 
v 0.0157379 0.0204447 0.0286376 
v 0.011388 0.0195111 0.033032 
v 0.0121325 0.0147451 0.0326969 
v 0.0164763 0.0160245 0.0283952 
v 0.0164499 0.0162963 0.0284101 
v 0.0165 0.0150513 0.0283418 
v 0.0120505 0.0163468 0.0328095 
v 0.00990001 0.0227681 0.033261 
v 0.0135304 0.0255378 0.028918 
v 0.0130983 0.026161 0.0289522 
v 0.0136487 0.02532 0.028906 
v 0.00921325 0.0238405 0.0333364 
v 0.0124426 0.0271068 0.0290041 
v 0.00895616 0.0241632 0.0333591 
v 0.012294 0.0273212 0.0290159 
v 0.0118397 0.0278503 0.029045 
v 0.00819888 0.0251139 0.033426 
v 0.0145652 0.0236333 0.0288134 
v 0.0141752 0.0243509 0.0288528 
v 0.0100862 0.0224774 0.0332406 
vn 0.677972 0.176998 0.713461 
vn 0.671551 0.196405 0.714453 
vn 0.661867 0.223831 0.715424 
vn 0.674645 0.186802 0.714114 
vn 0.656642 0.23806 0.715645 
vn 0.647589 0.258871 0.716669 
vn 0.651785 0.249842 0.716069 
vn 0.527807 0.445651 0.723059 
vn 0.52075 0.45316 0.723509 
vn 0.499576 0.475204 0.724296 
vn 0.52226 0.451513 0.723451 
vn 0.466416 0.506213 0.7254 
vn 0.471916 0.501535 0.725092 
vn 0.490363 0.484444 0.724471 
vn 0.705505 0.026967 0.708192 
vn 0.70151 0.0636879 0.709808 
vn 0.699302 0.0797255 0.710366 
vn 0.704301 0.0376709 0.708901 
vn 0.697061 0.0957092 0.710595 
vn 0.693505 0.113049 0.711527 
vn 0.69582 0.10268 0.710839 
vn 0.689701 0.130962 0.712153 
vn 0.684459 0.152567 0.712909 
vn 0.68073 0.167515 0.713124 
vn 0.706979 -0.0501007 0.705458 
vn 0.706775 -0.00438735 0.707424 
vn 0.706426 0.00533858 0.707767 
vn 0.706941 -0.0393084 0.706179 
vn 0.705768 0.0232428 0.708062 
vn 0.617664 0.319644 0.718553 
vn 0.608335 0.335346 0.719355 
vn 0.594171 0.358242 0.720155 
vn 0.612787 0.327725 0.719089 
vn 0.587117 0.369375 0.720317 
vn 0.571003 0.391951 0.721338 
vn 0.576337 0.38494 0.720872 
vn 0.565475 0.399412 0.721601 
vn 0.550223 0.418984 0.722293 
vn 0.542085 0.429177 0.722462 
vn 0.644103 0.266683 0.716946 
vn 0.631472 0.293082 0.717876 
vn 0.625243 0.305714 0.71806 
f 944//944 945//945 946//946 
f 944//944 947//947 945//945 
f 946//946 948//948 944//944 
f 949//949 950//950 948//948 
f 951//951 952//952 953//953 
f 951//951 954//954 952//952 
f 955//955 956//956 957//957 
f 957//957 953//953 955//955 
f 958//958 959//959 960//960 
f 958//958 961//961 959//959 
f 960//960 962//962 958//958 
f 963//963 964//964 962//962 
f 964//964 965//965 966//966 
f 964//964 963//963 965//965 
f 966//966 967//967 964//964 
f 947//947 944//944 967//967 
f 968//968 969//969 970//970 
f 968//968 971//971 969//969 
f 970//970 972//972 968//968 
f 961//961 958//958 972//972 
f 973//973 974//974 975//975 
f 973//973 976//976 974//974 
f 975//975 977//977 973//973 
f 978//978 979//979 977//977 
f 979//979 980//980 981//981 
f 979//979 978//978 980//980 
f 954//954 951//951 982//982 
f 982//982 981//981 954//954 
f 950//950 983//983 984//984 
f 950//950 949//949 983//983 
f 984//984 985//985 950//950 
f 976//976 973//973 985//985 
f 984//984 976//976 985//985 
f 981//981 982//982 979//979 
f 975//975 978//978 977//977 
f 970//970 961//961 972//972 
f 966//966 947//947 967//967 
f 960//960 963//963 962//962 
f 953//953 957//957 951//951 
f 946//946 949//949 948//948 
v 0.006 0.0378493 0.0175 
v 0.006 0.0378493 0.0299448 
v 0.00603197 0.037227 0.0298821 
v 0.00601943 0.0372263 0.0175 
v 0.00605262 0.0368248 0.0298416 
v 0.00606057 0.0367721 0.0298363 
v 0.00614053 0.0361787 0.0175 
v 0.00623883 0.0357094 0.0297293 
v 0.006377 0.0351512 0.0296729 
v 0.00619261 0.0358961 0.0297481 
v 0.0061498 0.0361801 0.0297767 
v 0.00637128 0.0351498 0.0175 
v 0.00670462 0.0341621 0.0295726 
v 0.00670968 0.034151 0.0295714 
v 0.00641387 0.0350022 0.0296578 
v 0.0065283 0.0346716 0.0296243 
v 0.00670911 0.0341508 0.0175 
v 0.0071426 0.0332075 0.029476 
v 0.00715095 0.0331933 0.0294745 
v 0.0069296 0.0336717 0.0295229 
v 0.00715026 0.0331929 0.0175 
v 0.0076453 0.032354 0.0293898 
v 0.00769278 0.032289 0.0293832 
v 0.00743078 0.0327182 0.0294266 
v 0.00768982 0.0322869 0.0175 
v 0.00822958 0.0315549 0.029309 
v 0.00832634 0.0314467 0.029298 
v 0.00803224 0.0318248 0.0293363 
v 0.0083218 0.0314427 0.0175 
v 0.00888606 0.0308214 0.0292347 
v 0.00904374 0.0306746 0.0292199 
v 0.00872565 0.0310006 0.0292529 
v 0.00903917 0.0306697 0.0175 
v 0.0095 0.03025 0.0291771 
v 0.0095 0.03025 0.0175 
vn 1 0 0 
vn 1 0 0 
vn 0.998056 0.0623165 0 
vn 0.998057 0.0623027 0 
vn 0.994738 0.102453 0 
vn 0.994178 0.10775 0 
vn 0.985947 0.16706 0 
vn 0.976802 0.214146 0 
vn 0.962867 0.269976 0 
vn 0.980739 0.195322 0 
vn 0.985944 0.167077 0 
vn 0.962872 0.269959 0 
vn 0.929538 0.368727 0 
vn 0.92909 0.369853 0 
vn 0.958613 0.284712 0 
vn 0.948065 0.318077 0 
vn 0.929089 0.369856 0 
vn 0.88574 0.464182 0 
vn 0.884976 0.465637 0 
vn 0.908292 0.418337 0 
vn 0.884974 0.46564 0 
vn 0.83547 0.549537 0 
vn 0.831026 0.556233 0 
vn 0.857953 0.513729 0 
vn 0.831018 0.556246 0 
vn 0.777042 0.629449 0 
vn 0.767833 0.64065 0 
vn 0.797651 0.60312 0 
vn 0.76782 0.640666 0 
vn 0.711394 0.702793 0 
vn 0.696093 0.717952 0 
vn 0.728086 0.685485 0 
vn 0.696083 0.717961 0 
vn 0.65 0.759934 0 
vn 0.65 0.759934 0 
f 986//986 987//987 988//988 
f 989//989 990//990 991//991 
f 991//991 992//992 989//989 
f 989//989 988//988 990//990 
f 992//992 993//993 994//994 
f 992//992 995//995 993//993 
f 992//992 996//996 995//995 
f 997//997 998//998 999//999 
f 997//997 1000//1000 1001//1001 
f 997//997 994//994 1000//1000 
f 1001//1001 998//998 997//997 
f 1002//1002 1003//1003 1004//1004 
f 1002//1002 999//999 1005//1005 
f 1005//1005 1003//1003 1002//1002 
f 1006//1006 1007//1007 1008//1008 
f 1006//1006 1004//1004 1009//1009 
f 1009//1009 1007//1007 1006//1006 
f 1010//1010 1011//1011 1012//1012 
f 1010//1010 1008//1008 1013//1013 
f 1013//1013 1011//1011 1010//1010 
f 1014//1014 1015//1015 1016//1016 
f 1014//1014 1012//1012 1017//1017 
f 1017//1017 1015//1015 1014//1014 
f 1018//1018 1016//1016 1019//1019 
f 1019//1019 1020//1020 1018//1018 
f 1016//1016 1018//1018 1014//1014 
f 1012//1012 1014//1014 1010//1010 
f 1008//1008 1010//1010 1006//1006 
f 1004//1004 1006//1006 1002//1002 
f 999//999 1002//1002 997//997 
f 994//994 997//997 992//992 
f 991//991 996//996 992//992 
f 988//988 989//989 986//986 
v 0.00253203 0.0325449 0.0339485 
v 0.00670462 0.0341621 0.0295726 
v 0.0065283 0.0346716 0.0296243 
v 0.00296696 0.0315401 0.0338778 
v 0.00670968 0.034151 0.0295714 
v 0.0069296 0.0336717 0.0295229 
v 0.00888606 0.0308214 0.0292347 
v 0.00872565 0.0310006 0.0292529 
v 0.00554088 0.0276963 0.0336076 
v 0.00666115 0.0266248 0.0335322 
v 0.0095 0.03025 0.0291771 
v 0.00904374 0.0306746 0.0292199 
v 0.00563095 0.0275923 0.0336002 
v 0.0017798 0.0354664 0.0341539 
v 0.0061498 0.0361801 0.0297767 
v 0.00606057 0.0367721 0.0298363 
v 0.00198134 0.0344693 0.0340838 
v 0.00619261 0.0358961 0.0297481 
v 0.00623883 0.0357094 0.0297293 
v 0.00207841 0.033989 0.03405 
v 0.006377 0.0351512 0.0296729 
v 0.00239582 0.0329785 0.033979 
v 0.00641387 0.0350022 0.0296578 
v 0.00164295 0.0369327 0.034257 
v 0.00603197 0.037227 0.0298821 
v 0.006 0.0378493 0.0299448 
v 0.00173037 0.0359961 0.0341911 
v 0.00605262 0.0368248 0.0298416 
v 0.0076453 0.032354 0.0293898 
v 0.00743078 0.0327182 0.0294266 
v 0.00368663 0.0301698 0.0337815 
v 0.00454701 0.0288833 0.033691 
v 0.00769278 0.032289 0.0293832 
v 0.00803224 0.0318248 0.0293363 
v 0.00386217 0.0298568 0.0337595 
v 0.00822958 0.0315549 0.029309 
v 0.0046956 0.028672 0.0336762 
v 0.00832634 0.0314467 0.029298 
v 0.00313188 0.0311591 0.033851 
v 0.0071426 0.0332075 0.029476 
v 0.00715095 0.0331933 0.0294745 
v 0.00163254 0.0375431 0.0342999 
vn 0.670786 0.199685 0.714263 
vn 0.672994 0.195621 0.71331 
vn 0.683957 0.15882 0.712024 
vn 0.651848 0.249875 0.716 
vn 0.672723 0.196446 0.713339 
vn 0.660023 0.231796 0.714591 
vn 0.526334 0.447842 0.72278 
vn 0.538532 0.433995 0.72224 
vn 0.52756 0.445781 0.723159 
vn 0.469379 0.503699 0.725239 
vn 0.480256 0.494352 0.724548 
vn 0.515057 0.460028 0.72325 
vn 0.522746 0.451102 0.723356 
vn 0.702944 0.0535571 0.709226 
vn 0.704343 0.0488674 0.708176 
vn 0.707595 0.00534195 0.706598 
vn 0.695471 0.104002 0.710987 
vn 0.701858 0.0695614 0.708912 
vn 0.69987 0.083303 0.709396 
vn 0.690639 0.127862 0.711807 
vn 0.692391 0.123873 0.71081 
vn 0.677524 0.178409 0.713534 
vn 0.690002 0.134596 0.711183 
vn 0.707418 -0.0215654 0.706466 
vn 0.708315 -0.0283696 0.705326 
vn 0.706753 -0.0748156 0.703494 
vn 0.705445 0.0266905 0.708262 
vn 0.707759 0.00141853 0.706452 
vn 0.613196 0.328977 0.718167 
vn 0.628007 0.302146 0.717158 
vn 0.61845 0.318379 0.718439 
vn 0.577132 0.383794 0.720847 
vn 0.610243 0.334014 0.718358 
vn 0.587643 0.369683 0.719729 
vn 0.60959 0.333822 0.719001 
vn 0.573362 0.390009 0.72052 
vn 0.569447 0.394385 0.721243 
vn 0.566928 0.398693 0.720858 
vn 0.643658 0.268531 0.716656 
vn 0.64588 0.265447 0.715805 
vn 0.645393 0.266523 0.715844 
vn 0.706974 -0.0533352 0.705226 
f 1021//1021 1022//1022 1023//1023 
f 1024//1024 1025//1025 1022//1022 
f 1024//1024 1026//1026 1025//1025 
f 1022//1022 1021//1021 1024//1024 
f 1027//1027 1028//1028 1029//1029 
f 1030//1030 1031//1031 1032//1032 
f 1032//1032 1033//1033 1030//1030 
f 1032//1032 1027//1027 1033//1033 
f 1034//1034 1035//1035 1036//1036 
f 1037//1037 1038//1038 1035//1035 
f 1035//1035 1034//1034 1037//1037 
f 1037//1037 1039//1039 1038//1038 
f 1040//1040 1041//1041 1039//1039 
f 1040//1040 1042//1042 1043//1043 
f 1043//1043 1041//1041 1040//1040 
f 1042//1042 1023//1023 1043//1043 
f 1044//1044 1045//1045 1046//1046 
f 1047//1047 1048//1048 1045//1045 
f 1045//1045 1044//1044 1047//1047 
f 1047//1047 1036//1036 1048//1048 
f 1049//1049 1050//1050 1051//1051 
f 1052//1052 1053//1053 1049//1049 
f 1052//1052 1054//1054 1053//1053 
f 1049//1049 1055//1055 1052//1052 
f 1056//1056 1054//1054 1052//1052 
f 1057//1057 1029//1029 1058//1058 
f 1029//1029 1028//1028 1058//1058 
f 1058//1058 1056//1056 1057//1057 
f 1059//1059 1060//1060 1026//1026 
f 1051//1051 1061//1061 1060//1060 
f 1051//1051 1050//1050 1061//1061 
f 1060//1060 1059//1059 1051//1051 
f 1026//1026 1024//1024 1059//1059 
f 1052//1052 1057//1057 1056//1056 
f 1051//1051 1055//1055 1049//1049 
f 1046//1046 1062//1062 1044//1044 
f 1039//1039 1037//1037 1040//1040 
f 1036//1036 1047//1047 1034//1034 
f 1029//1029 1033//1033 1027//1027 
f 1023//1023 1042//1042 1021//1021 
v 0.0120609 -0.00149429 0.0315551 
v 0.0121325 -0.00030622 0.0316386 
v 0.0121325 0.0147451 0.0326969 
v 0.0120379 0.016428 0.0328152 
v 0.011802 0.0179391 0.0329215 
v 0.012126 -0.00071582 0.0316098 
v 0.0120505 0.0163468 0.0328095 
v 0.0118864 -0.00267064 0.0314724 
v 0.0120225 -0.00195348 0.0315228 
v 0.00666115 0.0266248 0.0335322 
v -0.00571271 -0.0109937 0.0308872 
v -0.00506076 -0.0113332 0.0308633 
v -0.00673282 -0.0103825 0.0309301 
v -0.00616103 -0.0107602 0.0309036 
v -0.011603 -0.00382616 0.0313911 
v -0.0115506 -0.00402202 0.0313774 
v -0.0118949 -0.00267237 0.0314723 
v -0.011871 -0.00282419 0.0314616 
v -0.0120716 -0.00149526 0.031555 
v -0.0120673 -0.00157998 0.0315491 
v 0.0117622 0.0180904 0.0329321 
v 0.0115953 -0.00382362 0.0313913 
v 0.0117898 -0.00317945 0.0314366 
v 0.0111943 -0.00494302 0.0313126 
v 0.01142 -0.0044043 0.0313505 
v 0.0106875 -0.0060187 0.031237 
v 0.0109313 -0.00557099 0.0312684 
v -0.00768688 -0.00967283 0.03098 
v -0.00720032 -0.0100737 0.0309518 
v -0.00856783 -0.00887425 0.0310362 
v -0.0081851 -0.00926234 0.0310089 
v -0.00936779 -0.00799439 0.0310981 
v -0.0090715 -0.00836352 0.0310721 
v -0.0106889 -0.00601993 0.0312369 
v -0.010527 -0.0063415 0.0312143 
v -0.011199 -0.00494534 0.0313124 
v -0.0111025 -0.00519874 0.0312946 
v -0.0121325 -0.00030622 0.0316386 
v 0.0100771 -0.00703935 0.0311652 
v 0.0103379 -0.00666048 0.0311918 
v 0.00936858 -0.0079945 0.031098 
v 0.00962806 -0.00769156 0.0311193 
v 0.00464205 -0.0115128 0.0308507 
v 0.00469197 -0.0114948 0.0308519 
v -0.00351839 -0.011904 0.0308232 
v -0.00266263 -0.0121453 0.0308062 
v -0.00463744 -0.0115015 0.0308515 
v -0.00388537 -0.0118006 0.0308304 
v 0.00352225 -0.0119173 0.0308222 
v 0.00990001 0.0227681 0.033261 
v 0.00921325 0.0238405 0.0333364 
v 0.0106884 0.0212794 0.0331564 
v 0.0100862 0.0224774 0.0332406 
v 0.0113113 0.0197139 0.0330463 
v 0.0108119 0.0210336 0.0331391 
v 0.011388 0.0195111 0.033032 
v 0.00857082 -0.00887666 0.031036 
v 0.00879773 -0.00866099 0.0310512 
v 0.0076913 -0.00967775 0.0309797 
v 0.00788718 -0.00952644 0.0309903 
v 0.00571706 -0.0110017 0.0308866 
v 0.00583861 -0.0109432 0.0308907 
v -3.02001e-07 -0.0124301 0.0307862 
v 0.0010662 -0.0123929 0.0307888 
v -0.00118859 -0.0123713 0.0307903 
v -0.000201008 -0.0124371 0.0307857 
v -0.0100773 -0.00703994 0.0311652 
v -0.00984805 -0.00739608 0.0311401 
v 0.007869 0.0254494 0.0334496 
v 0.00705994 0.0262722 0.0335074 
v 0.00895616 0.0241632 0.0333591 
v 0.00819888 0.0251139 0.033426 
v 0.00673696 -0.0103884 0.0309297 
v 0.00690804 -0.0102828 0.0309371 
v -0.0023653 -0.0121962 0.0308026 
v -0.00144111 -0.0123545 0.0307915 
v 0.00236692 -0.0122054 0.030802 
v 0.00351764 -0.0119189 0.0308221 
v 0.00118858 -0.0123758 0.03079 
v 0.00231775 -0.0122176 0.0308011 
v 0.0046956 0.028672 0.0336762 
v 0.00454701 0.0288833 0.033691 
v 0.00563095 0.0275923 0.0336002 
v 0.00554088 0.0276963 0.0336076 
v 0.00386217 0.0298568 0.0337595 
v 0.00368663 0.0301698 0.0337815 
v 0.00313188 0.0311591 0.033851 
v 0.00296696 0.0315401 0.0338778 
v -0.0121325 0.0475 0.035 
v 0.00207841 0.033989 0.03405 
v 0.00253203 0.0325449 0.0339485 
v 0.00239582 0.0329785 0.033979 
v 0.00164295 0.0369327 0.034257 
v 0.00163254 0.0375431 0.0342999 
v 0.0017798 0.0354664 0.0341539 
v 0.00173037 0.0359961 0.0341911 
v 0.00198134 0.0344693 0.0340838 
v 0.00163254 0.0475 0.035 
vn 0 -0.0701393 0.997537 
vn 0 -0.0701393 0.997537 
vn 0 -0.0701393 0.997537 
vn 0 -0.0701393 0.997537 
vn 0 -0.0701393 0.997537 
vn 0 -0.0701393 0.997537 
vn 0 -0.0701393 0.997537 
vn 0 -0.0701393 0.997537 
vn 0 -0.0701393 0.997537 
vn 0 -0.0701393 0.997537 
vn 0 -0.0701393 0.997537 
vn 0 -0.0701393 0.997537 
vn 0 -0.0701393 0.997537 
vn 0 -0.0701393 0.997537 
vn 0 -0.0701393 0.997537 
vn 0 -0.0701393 0.997537 
vn 0 -0.0701393 0.997537 
vn 0 -0.0701393 0.997537 
vn 0 -0.0701393 0.997537 
vn 0 -0.0701393 0.997537 
vn 0 -0.0701393 0.997537 
vn 0 -0.0701393 0.997537 
vn 0 -0.0701393 0.997537 
vn 0 -0.0701393 0.997537 
vn 0 -0.0701393 0.997537 
vn 0 -0.0701393 0.997537 
vn 0 -0.0701393 0.997537 
vn 0 -0.0701393 0.997537 
vn 0 -0.0701393 0.997537 
vn 0 -0.0701393 0.997537 
vn 0 -0.0701393 0.997537 
vn 0 -0.0701393 0.997537 
vn 0 -0.0701393 0.997537 
vn 0 -0.0701393 0.997537 
vn 0 -0.0701393 0.997537 
vn 0 -0.0701393 0.997537 
vn 0 -0.0701393 0.997537 
vn 0 -0.0701393 0.997537 
vn 0 -0.0701393 0.997537 
vn 0 -0.0701393 0.997537 
vn 0 -0.0701393 0.997537 
vn 0 -0.0701393 0.997537 
vn 0 -0.0701393 0.997537 
vn 0 -0.0701393 0.997537 
vn 0 -0.0701393 0.997537 
vn 0 -0.0701393 0.997537 
vn 0 -0.0701393 0.997537 
vn 0 -0.0701393 0.997537 
vn 0 -0.0701393 0.997537 
vn 0 -0.0701393 0.997537 
vn 0 -0.0701393 0.997537 
vn 0 -0.0701393 0.997537 
vn 0 -0.0701393 0.997537 
vn 0 -0.0701393 0.997537 
vn 0 -0.0701393 0.997537 
vn 0 -0.0701393 0.997537 
vn 0 -0.0701393 0.997537 
vn 0 -0.0701393 0.997537 
vn 0 -0.0701393 0.997537 
vn 0 -0.0701393 0.997537 
vn 0 -0.0701393 0.997537 
vn 0 -0.0701393 0.997537 
vn 0 -0.0701393 0.997537 
vn 0 -0.0701393 0.997537 
vn 0 -0.0701393 0.997537 
vn 0 -0.0701393 0.997537 
vn 0 -0.0701393 0.997537 
vn 0 -0.0701393 0.997537 
vn 0 -0.0701393 0.997537 
vn 0 -0.0701393 0.997537 
vn 0 -0.0701393 0.997537 
vn 0 -0.0701393 0.997537 
vn 0 -0.0701393 0.997537 
vn 0 -0.0701393 0.997537 
vn 0 -0.0701393 0.997537 
vn 0 -0.0701393 0.997537 
vn 0 -0.0701393 0.997537 
vn 0 -0.0701393 0.997537 
vn 0 -0.0701393 0.997537 
vn 0 -0.0701393 0.997537 
vn 0 -0.0701393 0.997537 
vn 0 -0.0701393 0.997537 
vn 0 -0.0701393 0.997537 
vn 0 -0.0701393 0.997537 
vn 0 -0.0701393 0.997537 
vn 0 -0.0701393 0.997537 
vn 0 -0.0701393 0.997537 
vn 0 -0.0701393 0.997537 
vn 0 -0.0701393 0.997537 
vn 0 -0.0701393 0.997537 
vn 0 -0.0701393 0.997537 
vn 0 -0.0701393 0.997537 
vn 0 -0.0701393 0.997537 
vn 0 -0.0701393 0.997537 
vn 0 -0.0701393 0.997537 
vn 0 -0.0701393 0.997537 
vn 0 -0.0701393 0.997537 
vn 0 -0.0701393 0.997537 
f 1063//1063 1064//1064 1065//1065 
f 1065//1065 1066//1066 1063//1063 
f 1063//1063 1066//1066 1067//1067 
f 1063//1063 1068//1068 1064//1064 
f 1065//1065 1069//1069 1066//1066 
f 1070//1070 1071//1071 1063//1063 
f 1072//1072 1073//1073 1074//1074 
f 1072//1072 1075//1075 1076//1076 
f 1072//1072 1077//1077 1078//1078 
f 1072//1072 1079//1079 1080//1080 
f 1072//1072 1081//1081 1082//1082 
f 1063//1063 1083//1083 1070//1070 
f 1083//1083 1084//1084 1085//1085 
f 1083//1083 1086//1086 1087//1087 
f 1083//1083 1088//1088 1089//1089 
f 1076//1076 1073//1073 1072//1072 
f 1072//1072 1090//1090 1091//1091 
f 1072//1072 1092//1092 1093//1093 
f 1072//1072 1094//1094 1095//1095 
f 1072//1072 1096//1096 1097//1097 
f 1072//1072 1098//1098 1099//1099 
f 1080//1080 1077//1077 1072//1072 
f 1072//1072 1100//1100 1081//1081 
f 1085//1085 1070//1070 1083//1083 
f 1089//1089 1086//1086 1083//1083 
f 1083//1083 1101//1101 1102//1102 
f 1083//1083 1103//1103 1104//1104 
f 1083//1083 1105//1105 1106//1106 
f 1072//1072 1107//1107 1108//1108 
f 1072//1072 1109//1109 1110//1110 
f 1091//1091 1075//1075 1072//1072 
f 1095//1095 1092//1092 1072//1072 
f 1099//1099 1096//1096 1072//1072 
f 1082//1082 1079//1079 1072//1072 
f 1111//1111 1112//1112 1113//1113 
f 1111//1111 1114//1114 1115//1115 
f 1111//1111 1116//1116 1117//1117 
f 1111//1111 1083//1083 1118//1118 
f 1087//1087 1084//1084 1083//1083 
f 1104//1104 1101//1101 1083//1083 
f 1083//1083 1119//1119 1120//1120 
f 1083//1083 1121//1121 1122//1122 
f 1083//1083 1123//1123 1124//1124 
f 1083//1083 1111//1111 1105//1105 
f 1072//1072 1125//1125 1126//1126 
f 1072//1072 1127//1127 1128//1128 
f 1110//1110 1107//1107 1072//1072 
f 1093//1093 1090//1090 1072//1072 
f 1072//1072 1129//1129 1130//1130 
f 1078//1078 1098//1098 1072//1072 
f 1111//1111 1131//1131 1132//1132 
f 1111//1111 1133//1133 1134//1134 
f 1115//1115 1112//1112 1111//1111 
f 1118//1118 1116//1116 1111//1111 
f 1102//1102 1088//1088 1083//1083 
f 1122//1122 1119//1119 1083//1083 
f 1083//1083 1135//1135 1136//1136 
f 1106//1106 1123//1123 1083//1083 
f 1128//1128 1125//1125 1072//1072 
f 1072//1072 1137//1137 1138//1138 
f 1074//1074 1109//1109 1072//1072 
f 1097//1097 1129//1129 1072//1072 
f 1134//1134 1131//1131 1111//1111 
f 1117//1117 1114//1114 1111//1111 
f 1120//1120 1103//1103 1083//1083 
f 1124//1124 1135//1135 1083//1083 
f 1072//1072 1139//1139 1140//1140 
f 1072//1072 1141//1141 1142//1142 
f 1138//1138 1127//1127 1072//1072 
f 1130//1130 1094//1094 1072//1072 
f 1100//1100 1143//1143 1144//1144 
f 1100//1100 1145//1145 1146//1146 
f 1113//1113 1133//1133 1111//1111 
f 1136//1136 1121//1121 1083//1083 
f 1142//1142 1139//1139 1072//1072 
f 1108//1108 1137//1137 1072//1072 
f 1100//1100 1147//1147 1148//1148 
f 1146//1146 1143//1143 1100//1100 
f 1067//1067 1083//1083 1063//1063 
f 1126//1126 1141//1141 1072//1072 
f 1100//1100 1149//1149 1150//1150 
f 1144//1144 1147//1147 1100//1100 
f 1140//1140 1111//1111 1072//1072 
f 1148//1148 1149//1149 1100//1100 
f 1132//1132 1072//1072 1111//1111 
f 1151//1151 1100//1100 1152//1152 
f 1100//1100 1153//1153 1154//1154 
f 1072//1072 1145//1145 1100//1100 
f 1151//1151 1155//1155 1156//1156 
f 1151//1151 1157//1157 1158//1158 
f 1152//1152 1159//1159 1151//1151 
f 1150//1150 1153//1153 1100//1100 
f 1158//1158 1155//1155 1151//1151 
f 1154//1154 1152//1152 1100//1100 
f 1159//1159 1157//1157 1151//1151 
f 1156//1156 1160//1160 1151//1151 
v 0.00163254 0.0475 0.035 
v 0.00163254 0.0375431 0.0342999 
v 0.006 0.0425 0.0302718 
v 0.006 0.0378493 0.0299448 
v 0.006 0.0475 0.0306233 
vn 0.706979 -0.049605 0.705493 
vn 0.706979 -0.049605 0.705493 
vn 0.706979 -0.049605 0.705493 
vn 0.706979 -0.049605 0.705493 
vn 0.706979 -0.049605 0.705493 
f 1161//1161 1162//1162 1163//1163 
f 1162//1162 1164//1164 1163//1163 
f 1163//1163 1165//1165 1161//1161 
v 0.006 0.0475 0.0306233 
v 0.006 0.0475 0.035 
v 0.00163254 0.0475 0.035 
vn 0 -1 0 
vn 0 -1 0 
vn 0 -1 0 
f 1166//1166 1167//1167 1168//1168 
v -0.0146943 0.0660942 0.0337403 
v -0.0133879 0.0653808 0.0349993 
v -0.013389 0.0654078 0.035 
v -0.0138807 0.0675847 0.0346603 
v -0.0143124 0.06686 0.0341768 
v -0.0126302 0.0545925 0.035 
v -0.0126328 0.0546196 0.0349993 
v -0.0126369 0.0546465 0.0349971 
v -0.0133882 0.0653538 0.0349971 
v -0.0126424 0.0546733 0.0349934 
v -0.0133899 0.065327 0.0349934 
v -0.0126494 0.0546999 0.0349883 
v -0.0133931 0.0653005 0.0349883 
v -0.0126577 0.0547262 0.0349818 
v -0.0133978 0.0652742 0.0349818 
v -0.0126674 0.054752 0.0349739 
v -0.0134039 0.0652483 0.0349739 
v -0.0126785 0.0547774 0.0349646 
v -0.0134114 0.0652229 0.0349646 
v -0.0126909 0.0548023 0.0349539 
v -0.0127196 0.0548501 0.0349286 
v -0.0165 0 0.0272835 
v -0.0121325 0.0475 0.035 
v -0.0134204 0.0651981 0.0349539 
v -0.0127046 0.0548265 0.0349419 
v -0.0121325 -0.00030622 0.0316386 
v -0.0134306 0.0651738 0.0349419 
v -0.0134423 0.0651503 0.0349286 
v -0.0135775 0.0680937 0.035 
v -0.0132917 0.0558059 0.0344224 
v -0.0135397 0.0563029 0.0342088 
v -0.0130181 0.0553211 0.0346625 
v -0.0136747 0.0646792 0.0346625 
v -0.0150741 0.065216 0.0332979 
v -0.0138803 0.0641945 0.0344224 
v -0.0154116 0.0643019 0.0328954 
v -0.0140586 0.0636975 0.0342088 
v -0.0165 0.0575 0.0313265 
v -0.0137614 0.0568107 0.0340224 
v -0.0142089 0.0631896 0.0340224 
v -0.0157256 0.0632845 0.0325092 
v -0.014331 0.0626725 0.0338638 
v -0.013956 0.0573279 0.0338638 
v -0.0159894 0.0622288 0.0321706 
v -0.0144243 0.0621475 0.0337333 
v -0.0142619 0.0583842 0.0336315 
v -0.0143723 0.0589202 0.0335585 
v -0.014123 0.0578529 0.0337333 
v -0.0144887 0.0616162 0.0336315 
v -0.0162093 0.0610881 0.0318701 
v -0.0145239 0.0610801 0.0335585 
v -0.0144539 0.0594594 0.0335146 
v -0.0145065 0.0600002 0.0335 
v -0.0163679 0.0599283 0.0316296 
v -0.0164666 0.0587243 0.031446 
v -0.0145298 0.060541 0.0335146 
vn -0.706979 -0.049605 0.705493 
vn -0.706979 -0.049605 0.705493 
vn -0.706979 -0.049605 0.705493 
vn -0.706979 -0.049605 0.705493 
vn -0.706979 -0.049605 0.705493 
vn -0.706979 -0.049605 0.705493 
vn -0.706979 -0.049605 0.705493 
vn -0.706979 -0.049605 0.705493 
vn -0.706979 -0.049605 0.705493 
vn -0.706979 -0.049605 0.705493 
vn -0.706979 -0.049605 0.705493 
vn -0.706979 -0.049605 0.705493 
vn -0.706979 -0.049605 0.705493 
vn -0.706979 -0.049605 0.705493 
vn -0.706979 -0.049605 0.705493 
vn -0.706979 -0.049605 0.705493 
vn -0.706979 -0.049605 0.705493 
vn -0.706979 -0.049605 0.705493 
vn -0.706979 -0.049605 0.705493 
vn -0.706979 -0.049605 0.705493 
vn -0.706979 -0.049605 0.705493 
vn -0.706979 -0.049605 0.705493 
vn -0.706979 -0.049605 0.705493 
vn -0.706979 -0.049605 0.705493 
vn -0.706979 -0.049605 0.705493 
vn -0.706979 -0.049605 0.705493 
vn -0.706979 -0.049605 0.705493 
vn -0.706979 -0.049605 0.705493 
vn -0.706979 -0.049605 0.705493 
vn -0.706979 -0.049605 0.705493 
vn -0.706979 -0.049605 0.705493 
vn -0.706979 -0.049605 0.705493 
vn -0.706979 -0.049605 0.705493 
vn -0.706979 -0.049605 0.705493 
vn -0.706979 -0.049605 0.705493 
vn -0.706979 -0.049605 0.705493 
vn -0.706979 -0.049605 0.705493 
vn -0.706979 -0.049605 0.705493 
vn -0.706979 -0.049605 0.705493 
vn -0.706979 -0.049605 0.705493 
vn -0.706979 -0.049605 0.705493 
vn -0.706979 -0.049605 0.705493 
vn -0.706979 -0.049605 0.705493 
vn -0.706979 -0.049605 0.705493 
vn -0.706979 -0.049605 0.705493 
vn -0.706979 -0.049605 0.705493 
vn -0.706979 -0.049605 0.705493 
vn -0.706979 -0.049605 0.705493 
vn -0.706979 -0.049605 0.705493 
vn -0.706979 -0.049605 0.705493 
vn -0.706979 -0.049605 0.705493 
vn -0.706979 -0.049605 0.705493 
vn -0.706979 -0.049605 0.705493 
vn -0.706979 -0.049605 0.705493 
vn -0.706979 -0.049605 0.705493 
vn -0.706979 -0.049605 0.705493 
f 1169//1169 1170//1170 1171//1171 
f 1171//1171 1172//1172 1173//1173 
f 1174//1174 1175//1175 1176//1176 
f 1169//1169 1177//1177 1170//1170 
f 1176//1176 1178//1178 1174//1174 
f 1169//1169 1179//1179 1177//1177 
f 1178//1178 1180//1180 1174//1174 
f 1169//1169 1181//1181 1179//1179 
f 1180//1180 1182//1182 1174//1174 
f 1169//1169 1183//1183 1181//1181 
f 1182//1182 1184//1184 1174//1174 
f 1169//1169 1185//1185 1183//1183 
f 1184//1184 1186//1186 1174//1174 
f 1169//1169 1187//1187 1185//1185 
f 1186//1186 1188//1188 1174//1174 
f 1189//1189 1190//1190 1191//1191 
f 1169//1169 1192//1192 1187//1187 
f 1188//1188 1193//1193 1174//1174 
f 1190//1190 1194//1194 1191//1191 
f 1169//1169 1195//1195 1192//1192 
f 1191//1191 1174//1174 1189//1189 
f 1169//1169 1196//1196 1195//1195 
f 1193//1193 1189//1189 1174//1174 
f 1171//1171 1197//1197 1172//1172 
f 1190//1190 1198//1198 1199//1199 
f 1189//1189 1200//1200 1190//1190 
f 1169//1169 1201//1201 1196//1196 
f 1202//1202 1203//1203 1201//1201 
f 1200//1200 1198//1198 1190//1190 
f 1201//1201 1169//1169 1202//1202 
f 1202//1202 1204//1204 1205//1205 
f 1199//1199 1206//1206 1190//1190 
f 1205//1205 1203//1203 1202//1202 
f 1199//1199 1207//1207 1206//1206 
f 1204//1204 1208//1208 1205//1205 
f 1209//1209 1210//1210 1208//1208 
f 1207//1207 1211//1211 1206//1206 
f 1208//1208 1204//1204 1209//1209 
f 1209//1209 1212//1212 1213//1213 
f 1206//1206 1214//1214 1215//1215 
f 1211//1211 1216//1216 1206//1206 
f 1213//1213 1210//1210 1209//1209 
f 1216//1216 1214//1214 1206//1206 
f 1212//1212 1217//1217 1213//1213 
f 1218//1218 1219//1219 1217//1217 
f 1220//1220 1221//1221 1222//1222 
f 1215//1215 1223//1223 1206//1206 
f 1217//1217 1212//1212 1218//1218 
f 1222//1222 1221//1221 1224//1224 
f 1215//1215 1220//1220 1223//1223 
f 1218//1218 1224//1224 1219//1219 
f 1222//1222 1223//1223 1220//1220 
f 1224//1224 1218//1218 1222//1222 
f 1171//1171 1173//1173 1169//1169 
v -0.0126369 0.0546465 0.0349971 
v -0.0126328 0.0546196 0.0349993 
v 0.0085 0.0545925 0.035 
v 0.00855226 0.0546448 0.0349973 
v 0.008554 0.0546465 0.034997 
v -0.0126494 0.0546999 0.0349883 
v -0.0126424 0.0546733 0.0349934 
v 0.00860396 0.0546965 0.0349891 
v 0.00860735 0.0546999 0.0349882 
v -0.0126674 0.054752 0.0349739 
v -0.0126577 0.0547262 0.0349818 
v 0.00865451 0.054747 0.0349755 
v 0.00865942 0.0547519 0.0349736 
v -0.0126909 0.0548023 0.0349539 
v -0.0126785 0.0547774 0.0349646 
v 0.00870337 0.0547959 0.0349568 
v 0.00870959 0.0548021 0.0349535 
v -0.0127196 0.0548501 0.0349286 
v -0.0127046 0.0548265 0.0349419 
v 0.00874979 0.0548423 0.0349326 
v 0.00875757 0.0548501 0.0349286 
v -0.0126302 0.0545925 0.035 
vn 0 0.108021 0.994149 
vn 0 0.0540898 0.998536 
vn 0 0 1 
vn 0 0.104528 0.994522 
vn 0 0.108014 0.994149 
vn 0 0.214778 0.976663 
vn 0 0.161637 0.98685 
vn 0 0.207912 0.978148 
vn 0 0.214766 0.976666 
vn 0 0.319022 0.947747 
vn 0 0.267292 0.963616 
vn 0 0.309017 0.951057 
vn 0 0.319005 0.947753 
vn 0 0.419532 0.90774 
vn 0 0.369819 0.929104 
vn 0 0.406737 0.913545 
vn 0 0.419505 0.907753 
vn 0 0.515133 0.85711 
vn 0 0.468018 0.883719 
vn 0 0.50003 0.866008 
vn 0 0.515133 0.85711 
vn 0 0 1 
f 1225//1225 1226//1226 1227//1227 
f 1227//1227 1228//1228 1225//1225 
f 1228//1228 1229//1229 1225//1225 
f 1230//1230 1231//1231 1229//1229 
f 1229//1229 1232//1232 1230//1230 
f 1232//1232 1233//1233 1230//1230 
f 1234//1234 1235//1235 1233//1233 
f 1233//1233 1236//1236 1234//1234 
f 1236//1236 1237//1237 1234//1234 
f 1238//1238 1239//1239 1237//1237 
f 1237//1237 1240//1240 1238//1238 
f 1240//1240 1241//1241 1238//1238 
f 1242//1242 1243//1243 1241//1241 
f 1241//1241 1244//1244 1242//1242 
f 1244//1244 1245//1245 1242//1242 
f 1243//1243 1238//1238 1241//1241 
f 1239//1239 1234//1234 1237//1237 
f 1235//1235 1230//1230 1233//1233 
f 1231//1231 1225//1225 1229//1229 
f 1226//1226 1246//1246 1227//1227 
v -0.0133879 0.0653808 0.0349993 
v 0.00855226 0.0653556 0.0349973 
v 0.0085 0.0654078 0.035 
v 0.008554 0.0653538 0.034997 
v -0.013389 0.0654078 0.035 
v -0.0133899 0.065327 0.0349934 
v 0.00860396 0.0653039 0.0349891 
v 0.00860735 0.0653005 0.0349882 
v -0.0133882 0.0653538 0.0349971 
v -0.0133978 0.0652742 0.0349818 
v 0.00865451 0.0652533 0.0349755 
v 0.00865942 0.0652484 0.0349736 
v -0.0133931 0.0653005 0.0349883 
v -0.0134114 0.0652229 0.0349646 
v 0.00870337 0.0652045 0.0349568 
v 0.00870959 0.0651982 0.0349535 
v -0.0134039 0.0652483 0.0349739 
v -0.0134306 0.0651738 0.0349419 
v 0.00875757 0.0651503 0.0349286 
v 0.00874979 0.0651581 0.0349326 
v -0.0134204 0.0651981 0.0349539 
v -0.0134423 0.0651503 0.0349286 
vn 0 -0.0540898 0.998536 
vn 0 -0.104528 0.994522 
vn 0 0 1 
vn 0 -0.108014 0.994149 
vn 0 0 1 
vn 0 -0.161637 0.98685 
vn 0 -0.207912 0.978148 
vn 0 -0.214766 0.976666 
vn 0 -0.108021 0.994149 
vn 0 -0.267292 0.963616 
vn 0 -0.309017 0.951057 
vn 0 -0.319005 0.947753 
vn 0 -0.214778 0.976663 
vn 0 -0.369819 0.929104 
vn 0 -0.406737 0.913545 
vn 0 -0.419505 0.907753 
vn 0 -0.319022 0.947747 
vn 0 -0.468018 0.883719 
vn 0 -0.515133 0.85711 
vn 0 -0.50003 0.866008 
vn 0 -0.419532 0.90774 
vn 0 -0.515133 0.85711 
f 1247//1247 1248//1248 1249//1249 
f 1247//1247 1250//1250 1248//1248 
f 1249//1249 1251//1251 1247//1247 
f 1252//1252 1253//1253 1250//1250 
f 1252//1252 1254//1254 1253//1253 
f 1250//1250 1255//1255 1252//1252 
f 1256//1256 1257//1257 1254//1254 
f 1256//1256 1258//1258 1257//1257 
f 1254//1254 1259//1259 1256//1256 
f 1260//1260 1261//1261 1258//1258 
f 1260//1260 1262//1262 1261//1261 
f 1258//1258 1263//1263 1260//1260 
f 1264//1264 1265//1265 1266//1266 
f 1266//1266 1267//1267 1264//1264 
f 1266//1266 1262//1262 1267//1267 
f 1264//1264 1268//1268 1265//1265 
f 1260//1260 1267//1267 1262//1262 
f 1256//1256 1263//1263 1258//1258 
f 1252//1252 1259//1259 1254//1254 
f 1247//1247 1255//1255 1250//1250 
v -0.0136747 0.0646792 0.0346625 
v 0.00879389 0.0651101 0.0349045 
v 0.00875757 0.0651503 0.0349286 
v 0.00883457 0.0650543 0.0348716 
v 0.00887157 0.0649906 0.0348346 
v 0.00890451 0.0649193 0.0347939 
v 0.00893301 0.0648408 0.03475 
v 0.00895677 0.0647555 0.0347034 
v 0.00897553 0.0646641 0.0346545 
v 0.00899454 0.0644627 0.034552 
v 0.00898907 0.0645669 0.034604 
v -0.0134423 0.0651503 0.0349286 
v -0.0138803 0.0641945 0.0344224 
v 0.009 0.0641945 0.0344224 
v 0.009 0.0643585 0.0345 
v 0.009 0.0631896 0.0340224 
v -0.0140586 0.0636975 0.0342088 
v 0.009 0.0621475 0.0337333 
v -0.0142089 0.0631896 0.0340224 
v -0.014331 0.0626725 0.0338638 
v 0.009 0.0610801 0.0335585 
v -0.0144243 0.0621475 0.0337333 
v -0.0144887 0.0616162 0.0336315 
v -0.0145298 0.060541 0.0335146 
v -0.0145065 0.0600002 0.0335 
v -0.0145239 0.0610801 0.0335585 
v 0.009 0.0600002 0.0335 
v -0.0144539 0.0594594 0.0335146 
v -0.0143723 0.0589202 0.0335585 
v 0.009 0.0589202 0.0335585 
v -0.0142619 0.0583842 0.0336315 
v -0.014123 0.0578529 0.0337333 
v 0.009 0.0578529 0.0337333 
v -0.013956 0.0573279 0.0338638 
v -0.0137614 0.0568107 0.0340224 
v 0.009 0.0568107 0.0340224 
v -0.0135397 0.0563029 0.0342088 
v -0.0132917 0.0558059 0.0344224 
v 0.00898639 0.0554359 0.0346034 
v 0.00899726 0.0555355 0.0345523 
v 0.009 0.0556418 0.0345 
v -0.0130181 0.0553211 0.0346625 
v 0.00895677 0.0552448 0.0347034 
v 0.00897553 0.0553363 0.0346545 
v -0.0127196 0.0548501 0.0349286 
v 0.00875757 0.0548501 0.0349286 
v 0.00879389 0.0548903 0.0349045 
v 0.00883457 0.0549461 0.0348716 
v 0.00887157 0.0550098 0.0348346 
v 0.00890451 0.0550811 0.0347939 
v 0.00893301 0.0551596 0.03475 
v 0.009 0.0558059 0.0344224 
vn 0 -0.468018 0.883719 
vn 0 -0.511109 0.859516 
vn 0 -0.515133 0.85711 
vn 0 -0.505528 0.86281 
vn 0 -0.499157 0.866512 
vn 0 -0.492027 0.87058 
vn 0 -0.484177 0.87497 
vn 0 -0.47565 0.879635 
vn 0 -0.466499 0.884522 
vn 0 -0.446391 0.894838 
vn 0 -0.456783 0.889578 
vn 0 -0.515133 0.85711 
vn 0 -0.419532 0.90774 
vn 0 -0.419532 0.90774 
vn 0 -0.435939 0.899976 
vn 0 -0.319022 0.947747 
vn 0 -0.369819 0.929104 
vn 0 -0.214778 0.976663 
vn 0 -0.319022 0.947747 
vn 0 -0.267292 0.963616 
vn 0 -0.108021 0.994149 
vn 0 -0.214778 0.976663 
vn 0 -0.161637 0.98685 
vn 0 -0.0540898 0.998536 
vn 0 5.55245e-15 1 
vn 0 -0.108021 0.994149 
vn 0 5.55245e-15 1 
vn 0 0.0540898 0.998536 
vn 0 0.108021 0.994149 
vn 0 0.108021 0.994149 
vn 0 0.161637 0.98685 
vn 0 0.214778 0.976663 
vn 0 0.214778 0.976663 
vn 0 0.267292 0.963616 
vn 0 0.319022 0.947747 
vn 0 0.319022 0.947747 
vn 0 0.369819 0.929104 
vn 0 0.419532 0.90774 
vn 0 0.456563 0.889691 
vn 0 0.44657 0.894749 
vn 0 0.435939 0.899976 
vn 0 0.468018 0.883719 
vn 0 0.47565 0.879635 
vn 0 0.466499 0.884522 
vn 0 0.515133 0.85711 
vn 0 0.515133 0.85711 
vn 0 0.511109 0.859516 
vn 0 0.505528 0.86281 
vn 0 0.499157 0.866512 
vn 0 0.492027 0.87058 
vn 0 0.484177 0.87497 
vn 0 0.419532 0.90774 
f 1269//1269 1270//1270 1271//1271 
f 1269//1269 1272//1272 1270//1270 
f 1269//1269 1273//1273 1272//1272 
f 1269//1269 1274//1274 1273//1273 
f 1269//1269 1275//1275 1274//1274 
f 1269//1269 1276//1276 1275//1275 
f 1269//1269 1277//1277 1276//1276 
f 1269//1269 1278//1278 1279//1279 
f 1279//1279 1277//1277 1269//1269 
f 1271//1271 1280//1280 1269//1269 
f 1281//1281 1282//1282 1283//1283 
f 1283//1283 1278//1278 1281//1281 
f 1284//1284 1282//1282 1281//1281 
f 1281//1281 1285//1285 1284//1284 
f 1286//1286 1284//1284 1287//1287 
f 1287//1287 1288//1288 1286//1286 
f 1289//1289 1286//1286 1290//1290 
f 1290//1290 1291//1291 1289//1289 
f 1289//1289 1292//1292 1293//1293 
f 1289//1289 1294//1294 1292//1292 
f 1295//1295 1296//1296 1297//1297 
f 1295//1295 1293//1293 1296//1296 
f 1298//1298 1299//1299 1300//1300 
f 1298//1298 1297//1297 1299//1299 
f 1301//1301 1302//1302 1303//1303 
f 1301//1301 1300//1300 1302//1302 
f 1304//1304 1305//1305 1306//1306 
f 1304//1304 1303//1303 1305//1305 
f 1306//1306 1307//1307 1308//1308 
f 1308//1308 1309//1309 1306//1306 
f 1310//1310 1311//1311 1312//1312 
f 1310//1310 1313//1313 1314//1314 
f 1314//1314 1315//1315 1310//1310 
f 1315//1315 1316//1316 1310//1310 
f 1316//1316 1317//1317 1310//1310 
f 1317//1317 1318//1318 1310//1310 
f 1318//1318 1319//1319 1310//1310 
f 1319//1319 1311//1311 1310//1310 
f 1307//1307 1306//1306 1310//1310 
f 1312//1312 1307//1307 1310//1310 
f 1309//1309 1320//1320 1306//1306 
f 1306//1306 1320//1320 1304//1304 
f 1303//1303 1304//1304 1301//1301 
f 1300//1300 1301//1301 1298//1298 
f 1297//1297 1298//1298 1295//1295 
f 1293//1293 1295//1295 1289//1289 
f 1291//1291 1294//1294 1289//1289 
f 1288//1288 1290//1290 1286//1286 
f 1285//1285 1287//1287 1284//1284 
f 1269//1269 1281//1281 1278//1278 
v 0.009 0.0539451 0.0345 
v 0.009 0.0556418 0.0345 
v 0.00899726 0.0555355 0.0345523 
v 0.00899726 0.0539451 0.0345523 
v 0.00898639 0.0554359 0.0346034 
v 0.00898907 0.0539451 0.034604 
v 0.00897553 0.0553363 0.0346545 
v 0.00897553 0.0539451 0.0346545 
v 0.00895677 0.0552448 0.0347034 
v 0.00895677 0.0539451 0.0347034 
v 0.00893301 0.0551596 0.03475 
v 0.00893301 0.0539451 0.03475 
v 0.00890451 0.0550811 0.0347939 
v 0.00890451 0.0539451 0.0347939 
v 0.00887157 0.0550098 0.0348346 
v 0.00887157 0.0539451 0.0348346 
v 0.00883457 0.0549461 0.0348716 
v 0.00883457 0.0539451 0.0348716 
v 0.00879389 0.0548903 0.0349045 
v 0.00879389 0.0539451 0.0349045 
v 0.00875757 0.0548501 0.0349286 
v 0.00874979 0.0548423 0.0349326 
v 0.00875 0.0539451 0.034933 
v 0.00870959 0.0548021 0.0349535 
v 0.00870337 0.0547959 0.0349568 
v 0.00870337 0.0539451 0.0349568 
v 0.00865942 0.0547519 0.0349736 
v 0.00865451 0.054747 0.0349755 
v 0.00865451 0.0539451 0.0349755 
v 0.00860735 0.0546999 0.0349882 
v 0.00860396 0.0546965 0.0349891 
v 0.00860396 0.0539451 0.0349891 
v 0.008554 0.0546465 0.034997 
v 0.00855226 0.0546448 0.0349973 
v 0.00855226 0.0539451 0.0349973 
v 0.0085 0.0545925 0.035 
v 0.0085 0.0539451 0.035 
vn 1 0 0 
vn 1 0 0 
vn 0.994522 0 0.104528 
vn 0.994522 0 0.104528 
vn 0.978148 0 0.207912 
vn 0.978148 0 0.207912 
vn 0.951057 0 0.309017 
vn 0.951057 0 0.309017 
vn 0.913545 0 0.406737 
vn 0.913545 0 0.406737 
vn 0.866025 0 0.5 
vn 0.866025 0 0.5 
vn 0.809017 0 0.587785 
vn 0.809017 0 0.587785 
vn 0.743145 0 0.669131 
vn 0.743145 0 0.669131 
vn 0.669131 0 0.743145 
vn 0.669131 0 0.743145 
vn 0.587785 0 0.809017 
vn 0.587785 0 0.809017 
vn 0.515133 0 0.85711 
vn 0.50003 0 0.866008 
vn 0.5 0 0.866025 
vn 0.419505 0 0.907753 
vn 0.406737 0 0.913545 
vn 0.406737 0 0.913545 
vn 0.319005 0 0.947753 
vn 0.309017 0 0.951057 
vn 0.309017 0 0.951057 
vn 0.214766 0 0.976666 
vn 0.207912 0 0.978148 
vn 0.207912 0 0.978148 
vn 0.108014 0 0.994149 
vn 0.104528 0 0.994522 
vn 0.104528 0 0.994522 
vn 0 0 1 
vn 0 0 1 
f 1321//1321 1322//1322 1323//1323 
f 1324//1324 1323//1323 1325//1325 
f 1326//1326 1325//1325 1327//1327 
f 1328//1328 1327//1327 1329//1329 
f 1330//1330 1329//1329 1331//1331 
f 1332//1332 1331//1331 1333//1333 
f 1334//1334 1333//1333 1335//1335 
f 1336//1336 1335//1335 1337//1337 
f 1338//1338 1337//1337 1339//1339 
f 1340//1340 1341//1341 1342//1342 
f 1340//1340 1339//1339 1341//1341 
f 1343//1343 1344//1344 1345//1345 
f 1343//1343 1342//1342 1344//1344 
f 1346//1346 1347//1347 1348//1348 
f 1346//1346 1345//1345 1347//1347 
f 1349//1349 1350//1350 1351//1351 
f 1349//1349 1348//1348 1350//1350 
f 1352//1352 1353//1353 1354//1354 
f 1352//1352 1351//1351 1353//1353 
f 1355//1355 1354//1354 1356//1356 
f 1356//1356 1357//1357 1355//1355 
f 1354//1354 1355//1355 1352//1352 
f 1351//1351 1352//1352 1349//1349 
f 1348//1348 1349//1349 1346//1346 
f 1345//1345 1346//1346 1343//1343 
f 1342//1342 1343//1343 1340//1340 
f 1339//1339 1340//1340 1338//1338 
f 1337//1337 1338//1338 1336//1336 
f 1335//1335 1336//1336 1334//1334 
f 1333//1333 1334//1334 1332//1332 
f 1331//1331 1332//1332 1330//1330 
f 1329//1329 1330//1330 1328//1328 
f 1327//1327 1328//1328 1326//1326 
f 1325//1325 1326//1326 1324//1324 
f 1323//1323 1324//1324 1321//1321 
v 0.00855226 0.0660549 0.0349973 
v 0.0085 0.0660549 0.035 
v 0.0085 0.0654078 0.035 
v 0.00860396 0.0660549 0.0349891 
v 0.00855226 0.0653556 0.0349973 
v 0.008554 0.0653538 0.034997 
v 0.00865451 0.0660549 0.0349755 
v 0.00860396 0.0653039 0.0349891 
v 0.00860735 0.0653005 0.0349882 
v 0.00870337 0.0660549 0.0349568 
v 0.00865451 0.0652533 0.0349755 
v 0.00865942 0.0652484 0.0349736 
v 0.00875 0.0660549 0.034933 
v 0.00870337 0.0652045 0.0349568 
v 0.00870959 0.0651982 0.0349535 
v 0.00879389 0.0660549 0.0349045 
v 0.00874979 0.0651581 0.0349326 
v 0.00875757 0.0651503 0.0349286 
v 0.00883457 0.0660549 0.0348716 
v 0.00879389 0.0651101 0.0349045 
v 0.00887157 0.0660549 0.0348346 
v 0.00883457 0.0650543 0.0348716 
v 0.00890451 0.0660549 0.0347939 
v 0.00887157 0.0649906 0.0348346 
v 0.00893301 0.0660549 0.03475 
v 0.00890451 0.0649193 0.0347939 
v 0.00895677 0.0660549 0.0347034 
v 0.00893301 0.0648408 0.03475 
v 0.00897553 0.0660549 0.0346545 
v 0.00895677 0.0647555 0.0347034 
v 0.00898907 0.0660549 0.034604 
v 0.00897553 0.0646641 0.0346545 
v 0.00899726 0.0660549 0.0345523 
v 0.00898907 0.0645669 0.034604 
v 0.009 0.0660549 0.0345 
v 0.00899454 0.0644627 0.034552 
v 0.009 0.0643585 0.0345 
vn 0.104528 0 0.994522 
vn 0 0 1 
vn 0 0 1 
vn 0.207912 0 0.978148 
vn 0.104528 0 0.994522 
vn 0.108014 0 0.994149 
vn 0.309017 0 0.951057 
vn 0.207912 0 0.978148 
vn 0.214766 0 0.976666 
vn 0.406737 0 0.913545 
vn 0.309017 0 0.951057 
vn 0.319005 0 0.947753 
vn 0.5 0 0.866025 
vn 0.406737 0 0.913545 
vn 0.419505 0 0.907753 
vn 0.587785 0 0.809017 
vn 0.50003 0 0.866008 
vn 0.515133 0 0.85711 
vn 0.669131 0 0.743145 
vn 0.587785 0 0.809017 
vn 0.743145 0 0.669131 
vn 0.669131 0 0.743145 
vn 0.809017 0 0.587785 
vn 0.743145 0 0.669131 
vn 0.866025 0 0.5 
vn 0.809017 0 0.587785 
vn 0.913545 0 0.406737 
vn 0.866025 0 0.5 
vn 0.951057 0 0.309017 
vn 0.913545 0 0.406737 
vn 0.978148 0 0.207912 
vn 0.951057 0 0.309017 
vn 0.994522 0 0.104528 
vn 0.978148 0 0.207912 
vn 1 0 0 
vn 0.994522 0 0.104528 
vn 1 0 0 
f 1358//1358 1359//1359 1360//1360 
f 1361//1361 1358//1358 1362//1362 
f 1362//1362 1363//1363 1361//1361 
f 1364//1364 1361//1361 1365//1365 
f 1365//1365 1366//1366 1364//1364 
f 1367//1367 1364//1364 1368//1368 
f 1368//1368 1369//1369 1367//1367 
f 1370//1370 1367//1367 1371//1371 
f 1371//1371 1372//1372 1370//1370 
f 1373//1373 1370//1370 1374//1374 
f 1374//1374 1375//1375 1373//1373 
f 1376//1376 1373//1373 1377//1377 
f 1378//1378 1376//1376 1379//1379 
f 1380//1380 1378//1378 1381//1381 
f 1382//1382 1380//1380 1383//1383 
f 1384//1384 1382//1382 1385//1385 
f 1386//1386 1384//1384 1387//1387 
f 1388//1388 1386//1386 1389//1389 
f 1390//1390 1388//1388 1391//1391 
f 1392//1392 1390//1390 1393//1393 
f 1393//1393 1394//1394 1392//1392 
f 1391//1391 1393//1393 1390//1390 
f 1389//1389 1391//1391 1388//1388 
f 1387//1387 1389//1389 1386//1386 
f 1385//1385 1387//1387 1384//1384 
f 1383//1383 1385//1385 1382//1382 
f 1381//1381 1383//1383 1380//1380 
f 1379//1379 1381//1381 1378//1378 
f 1377//1377 1379//1379 1376//1376 
f 1375//1375 1377//1377 1373//1373 
f 1372//1372 1374//1374 1370//1370 
f 1369//1369 1371//1371 1367//1367 
f 1366//1366 1368//1368 1364//1364 
f 1363//1363 1365//1365 1361//1361 
f 1360//1360 1362//1362 1358//1358 
v 0.009 0.0578529 0.0337333 
v 0.009 0.0568107 0.0340224 
v 0.009 0.0559836 0.0311014 
v 0.009 0.0589202 0.0335585 
v 0.009 0.0570937 0.0303476 
v 0.009 0.0589961 0.0297057 
v 0.009 0.0600002 0.0335 
v 0.009 0.0610801 0.0335585 
v 0.009 0.0622967 0.0300651 
v 0.009 0.0629063 0.0303476 
v 0.009 0.0621475 0.0337333 
v 0.009 0.0634818 0.0306944 
v 0.009 0.0640164 0.0311014 
v 0.009 0.0641945 0.0344224 
v 0.009 0.0653145 0.0326331 
v 0.009 0.0656284 0.0332272 
v 0.009 0.0541239 0.0338517 
v 0.009 0.0558059 0.0344224 
v 0.009 0.0556418 0.0345 
v 0.009 0.0565182 0.0306944 
v 0.009 0.0577033 0.0300651 
v 0.009 0.0583399 0.0298503 
v 0.009 0.0610039 0.0297057 
v 0.009 0.0616601 0.0298503 
v 0.009 0.0658761 0.0338517 
v 0.009 0.0660548 0.0344995 
v 0.009 0.0643585 0.0345 
v 0.009 0.0649381 0.0320765 
v 0.009 0.0543716 0.0332272 
v 0.009 0.0546855 0.0326331 
v 0.009 0.0539452 0.0344995 
v 0.009 0.0596641 0.0296329 
v 0.009 0.0603359 0.0296329 
v 0.009 0.0631896 0.0340224 
v 0.009 0.0645037 0.031564 
v 0.009 0.0550619 0.0320765 
v 0.009 0.0539451 0.0345 
v 0.009 0.0554963 0.031564 
v 0.009 0.0660549 0.0345 
vn 1 0 0 
vn 1 0 0 
vn 1 0 0 
vn 1 0 0 
vn 1 0 0 
vn 1 0 0 
vn 1 0 0 
vn 1 0 0 
vn 1 0 0 
vn 1 0 0 
vn 1 0 0 
vn 1 0 0 
vn 1 0 0 
vn 1 0 0 
vn 1 0 0 
vn 1 0 0 
vn 1 0 0 
vn 1 0 0 
vn 1 0 0 
vn 1 0 0 
vn 1 0 0 
vn 1 0 0 
vn 1 0 0 
vn 1 0 0 
vn 1 0 0 
vn 1 0 0 
vn 1 0 0 
vn 1 0 0 
vn 1 0 0 
vn 1 0 0 
vn 1 0 0 
vn 1 0 0 
vn 1 0 0 
vn 1 0 0 
vn 1 0 0 
vn 1 0 0 
vn 1 0 0 
vn 1 0 0 
vn 1 0 0 
f 1395//1395 1396//1396 1397//1397 
f 1398//1398 1395//1395 1399//1399 
f 1400//1400 1401//1401 1398//1398 
f 1402//1402 1403//1403 1404//1404 
f 1405//1405 1406//1406 1407//1407 
f 1408//1408 1409//1409 1410//1410 
f 1411//1411 1412//1412 1413//1413 
f 1397//1397 1414//1414 1395//1395 
f 1399//1399 1415//1415 1398//1398 
f 1398//1398 1416//1416 1400//1400 
f 1417//1417 1418//1418 1402//1402 
f 1402//1402 1418//1418 1403//1403 
f 1405//1405 1404//1404 1406//1406 
f 1419//1419 1420//1420 1421//1421 
f 1408//1408 1422//1422 1409//1409 
f 1412//1412 1423//1423 1424//1424 
f 1413//1413 1425//1425 1411//1411 
f 1415//1415 1416//1416 1398//1398 
f 1400//1400 1426//1426 1401//1401 
f 1401//1401 1427//1427 1417//1417 
f 1407//1407 1428//1428 1405//1405 
f 1428//1428 1429//1429 1422//1422 
f 1410//1410 1419//1419 1408//1408 
f 1411//1411 1423//1423 1412//1412 
f 1396//1396 1412//1412 1430//1430 
f 1426//1426 1427//1427 1401//1401 
f 1404//1404 1405//1405 1402//1402 
f 1428//1428 1407//1407 1429//1429 
f 1421//1421 1408//1408 1419//1419 
f 1413//1413 1431//1431 1425//1425 
f 1430//1430 1432//1432 1396//1396 
f 1402//1402 1401//1401 1417//1417 
f 1420//1420 1433//1433 1421//1421 
f 1432//1432 1397//1397 1396//1396 
f 1422//1422 1408//1408 1428//1428 
f 1414//1414 1399//1399 1395//1395 
f 1424//1424 1430//1430 1412//1412 
v 0.0125819 0.050352 0.0325875 
v 0.0125819 0.0500586 0.033651 
v 0.013 0.0500808 0.0334885 
v 0.013 0.0500372 0.0336463 
v 0.0125819 0.0507588 0.0315621 
v 0.013 0.0503868 0.0324405 
v 0.013 0.0503312 0.0325806 
v 0.0125819 0.0512742 0.0305867 
v 0.013 0.0508031 0.0314313 
v 0.013 0.0507389 0.0315529 
v 0.0125819 0.0518921 0.0296728 
v 0.013 0.0513251 0.0304723 
v 0.013 0.0512554 0.0305754 
v 0.0125819 0.0526054 0.0288312 
v 0.013 0.0519466 0.0295746 
v 0.013 0.0518747 0.0296596 
v 0.0125819 0.0534055 0.0280718 
v 0.013 0.0526607 0.0287485 
v 0.013 0.0525894 0.0288162 
v 0.0125819 0.0542832 0.0274034 
v 0.013 0.0534591 0.0280035 
v 0.013 0.0533913 0.0280551 
v 0.0125819 0.0552281 0.026834 
v 0.013 0.0543326 0.0273481 
v 0.013 0.0542709 0.0273853 
v 0.0125819 0.0562291 0.0263703 
v 0.013 0.0552713 0.0267899 
v 0.013 0.0552178 0.0268147 
v 0.0125819 0.0572744 0.0260176 
v 0.013 0.0562644 0.0263353 
v 0.013 0.056221 0.0263499 
v 0.0125819 0.0583517 0.0257801 
v 0.013 0.0573005 0.0259894 
v 0.013 0.0572685 0.0259965 
v 0.0125819 0.0594484 0.0256607 
v 0.013 0.0583677 0.0257564 
v 0.013 0.0583482 0.0257585 
v 0.0125819 0.0605516 0.0256607 
v 0.013 0.0594538 0.0256388 
v 0.013 0.0605462 0.0256388 
v 0.013 0.0594472 0.0256388 
v 0.013 0.0605528 0.0256388 
v 0.013 0.0616323 0.0257564 
v 0.0125819 0.0616483 0.0257801 
v 0.013 0.0616518 0.0257585 
v 0.013 0.0626995 0.0259894 
v 0.0125819 0.0627256 0.0260176 
v 0.013 0.0627315 0.0259965 
v 0.013 0.0637356 0.0263353 
v 0.0125819 0.0637709 0.0263703 
v 0.013 0.063779 0.0263499 
v 0.013 0.0647287 0.0267899 
v 0.0125819 0.0647719 0.026834 
v 0.013 0.0647822 0.0268147 
v 0.013 0.0656674 0.0273481 
v 0.0125819 0.0657168 0.0274034 
v 0.013 0.0657291 0.0273853 
v 0.013 0.0665409 0.0280035 
v 0.0125819 0.0665945 0.0280718 
v 0.013 0.0666087 0.0280551 
v 0.013 0.0673393 0.0287485 
v 0.0125819 0.0673946 0.0288312 
v 0.013 0.0674106 0.0288162 
v 0.013 0.0680534 0.0295746 
v 0.0125819 0.0681079 0.0296728 
v 0.013 0.0681253 0.0296596 
v 0.013 0.0686749 0.0304723 
v 0.0125819 0.0687258 0.0305867 
v 0.013 0.0687446 0.0305754 
v 0.013 0.0691969 0.0314313 
v 0.0125819 0.0692412 0.0315621 
v 0.013 0.0692611 0.0315529 
v 0.013 0.0696132 0.0324405 
v 0.0125819 0.069648 0.0325875 
v 0.013 0.0696688 0.0325806 
v 0.013 0.0699192 0.0334885 
v 0.0125819 0.0699414 0.033651 
v 0.0121684 0.0504141 0.0326083 
v 0.0121684 0.0508182 0.0315895 
v 0.0121684 0.0513303 0.0306204 
v 0.0121684 0.0519443 0.0297124 
v 0.0121684 0.052653 0.0288762 
v 0.0121684 0.053448 0.0281217 
v 0.0121684 0.05432 0.0274576 
v 0.0121684 0.0552588 0.0268919 
v 0.0121684 0.0562534 0.0264311 
v 0.0121684 0.0572919 0.0260807 
v 0.0121684 0.0583623 0.0258448 
v 0.0121684 0.059452 0.0257261 
v 0.0121684 0.060548 0.0257261 
v 0.0121684 0.0616377 0.0258448 
v 0.0121684 0.0627081 0.0260807 
v 0.0121684 0.0637466 0.0264311 
v 0.0121684 0.0647412 0.0268919 
v 0.0121684 0.06568 0.0274576 
v 0.0121684 0.066552 0.0281217 
v 0.0121684 0.067347 0.0288762 
v 0.0121684 0.0680557 0.0297124 
v 0.0121684 0.0686697 0.0306204 
v 0.0121684 0.0691818 0.0315895 
v 0.0121684 0.0695859 0.0326083 
v 0.0121684 0.0698774 0.033665 
v 0.0121684 0.0501226 0.033665 
v 0.0117639 0.0505168 0.0326428 
v 0.0117639 0.0509167 0.0316349 
v 0.0117639 0.0514232 0.0306761 
v 0.0117639 0.0520306 0.0297779 
v 0.0117639 0.0527317 0.0289507 
v 0.0117639 0.0535182 0.0282042 
v 0.0117639 0.0543809 0.0275473 
v 0.0117639 0.0553096 0.0269876 
v 0.0117639 0.0562935 0.0265317 
v 0.0117639 0.0573209 0.0261851 
v 0.0117639 0.0583799 0.0259517 
v 0.0117639 0.0594578 0.0258343 
v 0.0117639 0.0605422 0.0258343 
v 0.0117639 0.0616201 0.0259517 
v 0.0117639 0.0626791 0.0261851 
v 0.0117639 0.0637065 0.0265317 
v 0.0117639 0.0646904 0.0269876 
v 0.0117639 0.0656191 0.0275473 
v 0.0117639 0.0664818 0.0282042 
v 0.0117639 0.0672683 0.0289507 
v 0.0117639 0.0679694 0.0297779 
v 0.0117639 0.0685768 0.0306761 
v 0.0117639 0.0690833 0.0316349 
v 0.0117639 0.0694832 0.0326428 
v 0.0117639 0.0697715 0.0336881 
v 0.0117639 0.0502285 0.0336881 
v 0.0113731 0.0506591 0.0326905 
v 0.0113731 0.0510529 0.0316977 
v 0.0113731 0.0515519 0.0307533 
v 0.0113731 0.0521502 0.0298685 
v 0.0113731 0.0528408 0.0290537 
v 0.0113731 0.0536155 0.0283185 
v 0.0113731 0.0544652 0.0276714 
v 0.0113731 0.05538 0.0271201 
v 0.0113731 0.0563491 0.0266711 
v 0.0113731 0.0573611 0.0263296 
v 0.0113731 0.0584042 0.0260998 
v 0.0113731 0.059466 0.0259841 
v 0.0113731 0.060534 0.0259841 
v 0.0113731 0.0615958 0.0260998 
v 0.0113731 0.0626389 0.0263296 
v 0.0113731 0.0636509 0.0266711 
v 0.0113731 0.06462 0.0271201 
v 0.0113731 0.0655348 0.0276714 
v 0.0113731 0.0663845 0.0283185 
v 0.0113731 0.0671592 0.0290537 
v 0.0113731 0.0678498 0.0298685 
v 0.0113731 0.0684481 0.0307533 
v 0.0113731 0.0689471 0.0316977 
v 0.0113731 0.0693409 0.0326905 
v 0.0113731 0.0696249 0.0337201 
v 0.0113731 0.0503751 0.0337201 
v 0.011 0.0508393 0.0327509 
v 0.011 0.0512256 0.0317772 
v 0.011 0.0517149 0.0308511 
v 0.011 0.0523017 0.0299834 
v 0.011 0.0529789 0.0291843 
v 0.011 0.0537386 0.0284632 
v 0.011 0.054572 0.0278286 
v 0.011 0.0554691 0.027288 
v 0.011 0.0564196 0.0268476 
v 0.011 0.057412 0.0265128 
v 0.011 0.058435 0.0262873 
v 0.011 0.0594763 0.0261739 
v 0.011 0.0605237 0.0261739 
v 0.011 0.061565 0.0262873 
v 0.011 0.062588 0.0265128 
v 0.011 0.0635804 0.0268476 
v 0.011 0.0645309 0.027288 
v 0.011 0.065428 0.0278286 
v 0.011 0.0662614 0.0284632 
v 0.011 0.0670211 0.0291843 
v 0.011 0.0676983 0.0299834 
v 0.011 0.0682851 0.0308511 
v 0.011 0.0687744 0.0317772 
v 0.011 0.0691607 0.0327509 
v 0.011 0.0694392 0.0337606 
v 0.011 0.0505608 0.0337606 
v 0.0106489 0.0510555 0.0328233 
v 0.0106489 0.0514327 0.0318727 
v 0.0106489 0.0519105 0.0309684 
v 0.0106489 0.0524834 0.0301212 
v 0.0106489 0.0531446 0.0293409 
v 0.0106489 0.0538864 0.0286369 
v 0.0106489 0.0547001 0.0280173 
v 0.0106489 0.0555761 0.0274894 
v 0.0106489 0.0565041 0.0270594 
v 0.0106489 0.0574731 0.0267325 
v 0.0106489 0.0584719 0.0265123 
v 0.0106489 0.0594886 0.0264016 
v 0.0106489 0.0605114 0.0264016 
v 0.0106489 0.0615281 0.0265123 
v 0.0106489 0.0625269 0.0267325 
v 0.0106489 0.0634959 0.0270594 
v 0.0106489 0.0644239 0.0274894 
v 0.0106489 0.0652999 0.0280173 
v 0.0106489 0.0661136 0.0286369 
v 0.0106489 0.0668554 0.0293409 
v 0.0106489 0.0675166 0.0301212 
v 0.0106489 0.0680895 0.0309684 
v 0.0106489 0.0685673 0.0318727 
v 0.0106489 0.0689445 0.0328233 
v 0.0106489 0.0692164 0.0338093 
v 0.0106489 0.0507836 0.0338093 
v 0.0103235 0.0513054 0.0329071 
v 0.0103235 0.0516719 0.031983 
v 0.0103235 0.0521364 0.0311039 
v 0.0103235 0.0526933 0.0302804 
v 0.0103235 0.0533361 0.029522 
v 0.0103235 0.0540572 0.0288376 
v 0.0103235 0.0548481 0.0282353 
v 0.0103235 0.0556997 0.0277221 
v 0.0103235 0.0566017 0.0273042 
v 0.0103235 0.0575437 0.0269863 
v 0.0103235 0.0585146 0.0267724 
v 0.0103235 0.0595029 0.0266647 
v 0.0103235 0.0604971 0.0266647 
v 0.0103235 0.0614854 0.0267724 
v 0.0103235 0.0624563 0.0269863 
v 0.0103235 0.0633983 0.0273042 
v 0.0103235 0.0643003 0.0277221 
v 0.0103235 0.0651519 0.0282353 
v 0.0103235 0.0659428 0.0288376 
v 0.0103235 0.0666639 0.029522 
v 0.0103235 0.0673067 0.0302804 
v 0.0103235 0.0678636 0.0311039 
v 0.0103235 0.0683281 0.031983 
v 0.0103235 0.0686946 0.0329071 
v 0.0103235 0.068959 0.0338655 
v 0.0103235 0.051041 0.0338655 
v 0.0100274 0.0515861 0.0330012 
v 0.0100274 0.0519408 0.0321069 
v 0.0100274 0.0523903 0.0312562 
v 0.0100274 0.0529292 0.0304593 
v 0.0100274 0.0535512 0.0297253 
v 0.0100274 0.0542491 0.029063 
v 0.0100274 0.0550145 0.0284802 
v 0.0100274 0.0558385 0.0279836 
v 0.0100274 0.0567114 0.0275791 
v 0.0100274 0.057623 0.0272716 
v 0.0100274 0.0585625 0.0270645 
v 0.0100274 0.059519 0.0269603 
v 0.0100274 0.060481 0.0269603 
v 0.0100274 0.0614375 0.0270645 
v 0.0100274 0.062377 0.0272716 
v 0.0100274 0.0632886 0.0275791 
v 0.0100274 0.0641615 0.0279836 
v 0.0100274 0.0649855 0.0284802 
v 0.0100274 0.0657509 0.029063 
v 0.0100274 0.0664488 0.0297253 
v 0.0100274 0.0670708 0.0304593 
v 0.0100274 0.0676097 0.0312562 
v 0.0100274 0.0680592 0.0321069 
v 0.0100274 0.0684139 0.0330012 
v 0.0100274 0.0686698 0.0339286 
v 0.0100274 0.0513302 0.0339286 
v 0.00976393 0.0518946 0.0331046 
v 0.00976393 0.0522363 0.0322431 
v 0.00976393 0.0526693 0.0314236 
v 0.00976393 0.0531885 0.0306559 
v 0.00976393 0.0537877 0.0299488 
v 0.00976393 0.0544599 0.0293108 
v 0.00976393 0.0551973 0.0287493 
v 0.00976393 0.0559911 0.028271 
v 0.00976393 0.056832 0.0278814 
v 0.00976393 0.0577102 0.0275851 
v 0.00976393 0.0586152 0.0273856 
v 0.00976393 0.0595366 0.0272853 
v 0.00976393 0.0604634 0.0272853 
v 0.00976393 0.0613848 0.0273856 
v 0.00976393 0.0622898 0.0275851 
v 0.00976393 0.063168 0.0278814 
v 0.00976393 0.0640089 0.028271 
v 0.00976393 0.0648027 0.0287493 
v 0.00976393 0.0655401 0.0293108 
v 0.00976393 0.0662123 0.0299488 
v 0.00976393 0.0668115 0.0306559 
v 0.00976393 0.0673307 0.0314236 
v 0.00976393 0.0677637 0.0322431 
v 0.00976393 0.0681054 0.0331046 
v 0.00976393 0.0683519 0.033998 
v 0.00976393 0.0516481 0.033998 
v 0.0095359 0.0522275 0.0332162 
v 0.0095359 0.0525552 0.03239 
v 0.0095359 0.0529704 0.0316043 
v 0.0095359 0.0534683 0.0308681 
v 0.0095359 0.0540429 0.0301901 
v 0.0095359 0.0546875 0.0295783 
v 0.0095359 0.0553946 0.0290398 
v 0.0095359 0.0561558 0.0285811 
v 0.0095359 0.0569621 0.0282075 
v 0.0095359 0.0578042 0.0279234 
v 0.0095359 0.0586721 0.0277321 
v 0.0095359 0.0595556 0.0276359 
v 0.0095359 0.0604444 0.0276359 
v 0.0095359 0.0613279 0.0277321 
v 0.0095359 0.0621958 0.0279234 
v 0.0095359 0.0630379 0.0282075 
v 0.0095359 0.0638442 0.0285811 
v 0.0095359 0.0646054 0.0290398 
v 0.0095359 0.0653125 0.0295783 
v 0.0095359 0.0659571 0.0301901 
v 0.0095359 0.0665317 0.0308681 
v 0.0095359 0.0670296 0.0316043 
v 0.0095359 0.0674448 0.03239 
v 0.0095359 0.0677725 0.0332162 
v 0.0095359 0.0680088 0.0340729 
v 0.0095359 0.0519912 0.0340729 
v 0.00934582 0.0525812 0.0333347 
v 0.00934582 0.052894 0.0325462 
v 0.00934582 0.0532903 0.0317962 
v 0.00934582 0.0537655 0.0310935 
v 0.00934582 0.054314 0.0304463 
v 0.00934582 0.0549293 0.0298624 
v 0.00934582 0.0556041 0.0293484 
v 0.00934582 0.0563307 0.0289106 
v 0.00934582 0.0571004 0.028554 
v 0.00934582 0.0579042 0.0282828 
v 0.00934582 0.0587326 0.0281002 
v 0.00934582 0.0595759 0.0280084 
v 0.00934582 0.0604241 0.0280084 
v 0.00934582 0.0612674 0.0281002 
v 0.00934582 0.0620958 0.0282828 
v 0.00934582 0.0628996 0.028554 
v 0.00934582 0.0636693 0.0289106 
v 0.00934582 0.0643959 0.0293484 
v 0.00934582 0.0650707 0.0298624 
v 0.00934582 0.065686 0.0304463 
v 0.00934582 0.0662345 0.0310935 
v 0.00934582 0.0667097 0.0317962 
v 0.00934582 0.067106 0.0325462 
v 0.00934582 0.0674188 0.0333347 
v 0.00934582 0.0676443 0.0341525 
v 0.00934582 0.0523557 0.0341525 
v 0.00919577 0.0529519 0.0334589 
v 0.00919577 0.053249 0.0327098 
v 0.00919577 0.0536255 0.0319973 
v 0.00919577 0.054077 0.0313297 
v 0.00919577 0.054598 0.0307148 
v 0.00919577 0.0551826 0.0301601 
v 0.00919577 0.0558237 0.0296718 
v 0.00919577 0.056514 0.0292558 
v 0.00919577 0.0572452 0.028917 
v 0.00919577 0.0580089 0.0286594 
v 0.00919577 0.0587959 0.0284859 
v 0.00919577 0.059597 0.0283987 
v 0.00919577 0.060403 0.0283987 
v 0.00919577 0.0612041 0.0284859 
v 0.00919577 0.0619911 0.0286594 
v 0.00919577 0.0627548 0.028917 
v 0.00919577 0.063486 0.0292558 
v 0.00919577 0.0641763 0.0296718 
v 0.00919577 0.0648174 0.0301601 
v 0.00919577 0.065402 0.0307148 
v 0.00919577 0.065923 0.0313297 
v 0.00919577 0.0663745 0.0319973 
v 0.00919577 0.066751 0.0327098 
v 0.00919577 0.0670481 0.0334589 
v 0.00919577 0.0672625 0.0342358 
v 0.00919577 0.0527375 0.0342358 
v 0.00908741 0.0533353 0.0335875 
v 0.00908741 0.0536163 0.0328791 
v 0.00908741 0.0539723 0.0322053 
v 0.00908741 0.0543992 0.031574 
v 0.00908741 0.0548919 0.0309927 
v 0.00908741 0.0554447 0.0304681 
v 0.00908741 0.056051 0.0300064 
v 0.00908741 0.0567037 0.029613 
v 0.00908741 0.0573951 0.0292927 
v 0.00908741 0.0581172 0.029049 
v 0.00908741 0.0588614 0.028885 
v 0.00908741 0.059619 0.0288025 
v 0.00908741 0.060381 0.0288025 
v 0.00908741 0.0611386 0.028885 
v 0.00908741 0.0618828 0.029049 
v 0.00908741 0.0626049 0.0292927 
v 0.00908741 0.0632963 0.029613 
v 0.00908741 0.063949 0.0300064 
v 0.00908741 0.0645553 0.0304681 
v 0.00908741 0.0651081 0.0309927 
v 0.00908741 0.0656008 0.031574 
v 0.00908741 0.0660277 0.0322053 
v 0.00908741 0.0663837 0.0328791 
v 0.00908741 0.0666647 0.0335875 
v 0.00908741 0.0668673 0.0343221 
v 0.00908741 0.0531327 0.0343221 
v 0.00902191 0.0537274 0.0337189 
v 0.00902191 0.0539919 0.0330522 
v 0.00902191 0.054327 0.032418 
v 0.00902191 0.0547287 0.0318239 
v 0.00902191 0.0551924 0.0312767 
v 0.00902191 0.0557127 0.030783 
v 0.00902191 0.0562833 0.0303485 
v 0.00902191 0.0568976 0.0299783 
v 0.00902191 0.0575484 0.0296768 
v 0.00902191 0.058228 0.0294475 
v 0.00902191 0.0589284 0.0292931 
v 0.00902191 0.0596414 0.0292154 
v 0.00902191 0.0603586 0.0292154 
v 0.00902191 0.0610716 0.0292931 
v 0.00902191 0.061772 0.0294475 
v 0.00902191 0.0624516 0.0296768 
v 0.00902191 0.0631024 0.0299783 
v 0.00902191 0.0637167 0.0303485 
v 0.00902191 0.0642873 0.030783 
v 0.00902191 0.0648076 0.0312767 
v 0.00902191 0.0652713 0.0318239 
v 0.00902191 0.065673 0.032418 
v 0.00902191 0.0660081 0.0330522 
v 0.00902191 0.0662726 0.0337189 
v 0.00902191 0.0664633 0.0344103 
v 0.00902191 0.0535367 0.0344103 
v 0.009 0.0541239 0.0338517 
v 0.009 0.0543716 0.0332272 
v 0.009 0.0546855 0.0326331 
v 0.009 0.0550619 0.0320765 
v 0.009 0.0554963 0.031564 
v 0.009 0.0559836 0.0311014 
v 0.009 0.0565182 0.0306944 
v 0.009 0.0570937 0.0303476 
v 0.009 0.0577033 0.0300651 
v 0.009 0.0583399 0.0298503 
v 0.009 0.0589961 0.0297057 
v 0.009 0.0596641 0.0296329 
v 0.009 0.0603359 0.0296329 
v 0.009 0.0610039 0.0297057 
v 0.009 0.0616601 0.0298503 
v 0.009 0.0622967 0.0300651 
v 0.009 0.0629063 0.0303476 
v 0.009 0.0634818 0.0306944 
v 0.009 0.0640164 0.0311014 
v 0.009 0.0645037 0.031564 
v 0.009 0.0649381 0.0320765 
v 0.009 0.0653145 0.0326331 
v 0.009 0.0656284 0.0332272 
v 0.009 0.0658761 0.0338517 
v 0.009 0.0660548 0.0344995 
v 0.009 0.0539452 0.0344995 
v 0.009 0.0539451 0.0345 
v 0.00902046 0.05353 0.03451 
v 0.00902258 0.0535158 0.0345103 
v 0.00917821 0.0527365 0.0345259 
v 0.00908031 0.0531274 0.0345186 
v 0.00919661 0.0526804 0.0345269 
v 0.00923535 0.0525622 0.0345289 
v 0.00938939 0.0521863 0.034535 
v 0.00934936 0.052284 0.0345334 
v 0.00957632 0.051834 0.0345401 
v 0.00953864 0.051905 0.034539 
v 0.00979506 0.0515046 0.0345445 
v 0.00991492 0.05135 0.0345464 
v 0.010031 0.0512212 0.0345479 
v 0.0101834 0.0510522 0.0345499 
v 0.0103267 0.050922 0.0345514 
v 0.0104751 0.050787 0.0345529 
v 0.0107893 0.0505534 0.0345553 
v 0.0109403 0.0504571 0.0345563 
v 0.0106516 0.0506558 0.0345543 
v 0.0110013 0.0504241 0.0345566 
v 0.0112908 0.0502678 0.0345582 
v 0.0113744 0.0502328 0.0345585 
v 0.0116524 0.0501166 0.0345596 
v 0.0117651 0.0500821 0.0345599 
v 0.0120249 0.0500024 0.0345607 
v 0.0121902 0.0499642 0.034561 
v 0.0125771 0.0499033 0.0345616 
v 0.0125819 0.049903 0.0345616 
v 0.013 0.0699628 0.0336463 
v 0.013 0.0701193 0.0345618 
v 0.012603 0.0700994 0.0345616 
v 0.012582 0.0700963 0.0345616 
v 0.0122158 0.070041 0.0345611 
v 0.0118382 0.0699453 0.0345602 
v 0.0116845 0.0698948 0.0345597 
v 0.011374 0.0697679 0.0345585 
v 0.0117642 0.069921 0.03456 
v 0.0113154 0.0697439 0.0345583 
v 0.0109681 0.0695596 0.0345565 
v 0.0106491 0.0693477 0.0345543 
v 0.0105174 0.0692472 0.0345533 
v 0.0103265 0.0690781 0.0345514 
v 0.0106421 0.0693431 0.0345543 
v 0.0102166 0.0689807 0.0345503 
v 0.0100304 0.0687792 0.0345479 
v 0.00994756 0.0686895 0.0345469 
v 0.00976671 0.0684504 0.0345439 
v 0.00962642 0.0682479 0.0345412 
v 0.00970925 0.0683744 0.0345429 
v 0.00942726 0.0678922 0.0345361 
v 0.00954021 0.0680939 0.034539 
v 0.00926646 0.067523 0.0345303 
v 0.0093503 0.0677155 0.0345334 
v 0.00914296 0.0671403 0.0345237 
v 0.00910803 0.0670011 0.0345211 
v 0.00920037 0.0673182 0.0345268 
v 0.00909096 0.0669066 0.0345191 
v 0.00903492 0.0665963 0.0345128 
v 0.00900206 0.0661871 0.0345033 
v 0.00902588 0.0664837 0.0345102 
v 0.009 0.0660549 0.0345 
v 0.013 0.0498807 0.0345618 
vn 0.104528 0.942966 0.316053 
vn 0.104528 0.971639 0.212113 
vn 0 0.973442 0.228933 
vn 0 0.976991 0.213281 
vn 0.104528 0.903209 0.416277 
vn 0 0.943365 0.331757 
vn 0 0.94816 0.317794 
vn 0.104528 0.852836 0.511609 
vn 0 0.90246 0.430773 
vn 0 0.908184 0.41857 
vn 0.104528 0.792439 0.600928 
vn 0 0.851197 0.524846 
vn 0 0.857534 0.514427 
vn 0.104528 0.722728 0.683183 
vn 0 0.790165 0.612894 
vn 0 0.796804 0.604238 
vn 0.104528 0.644521 0.757408 
vn 0 0.720063 0.693909 
vn 0 0.726709 0.686946 
vn 0.104528 0.558739 0.82273 
vn 0 0.641696 0.766959 
vn 0 0.648071 0.76158 
vn 0.104528 0.466389 0.878382 
vn 0 0.555965 0.831206 
vn 0 0.561817 0.827262 
vn 0.104528 0.368558 0.923709 
vn 0 0.463851 0.885913 
vn 0 0.468958 0.88322 
vn 0.104528 0.266394 0.958179 
vn 0 0.366414 0.930452 
vn 0 0.370588 0.928797 
vn 0.104528 0.161099 0.981387 
vn 0 0.264771 0.964311 
vn 0 0.267862 0.963457 
vn 0.104528 0.053911 0.99306 
vn 0 0.160088 0.987103 
vn 0 0.161987 0.986793 
vn 0.104528 -0.053911 0.99306 
vn 0 0.0535677 0.998564 
vn 0 -0.0535677 0.998564 
vn 0 0.054208 0.99853 
vn 0 -0.054208 0.99853 
vn 0 -0.160088 0.987103 
vn 0.104528 -0.161099 0.981387 
vn 0 -0.161987 0.986793 
vn 0 -0.264771 0.964311 
vn 0.104528 -0.266394 0.958179 
vn 0 -0.267862 0.963457 
vn 0 -0.366414 0.930452 
vn 0.104528 -0.368558 0.923709 
vn 0 -0.370588 0.928797 
vn 0 -0.463851 0.885913 
vn 0.104528 -0.466389 0.878382 
vn 0 -0.468958 0.88322 
vn 0 -0.555965 0.831206 
vn 0.104528 -0.558739 0.82273 
vn 0 -0.561817 0.827262 
vn 0 -0.641696 0.766959 
vn 0.104528 -0.644521 0.757408 
vn 0 -0.648071 0.76158 
vn 0 -0.720063 0.693909 
vn 0.104528 -0.722728 0.683183 
vn 0 -0.726709 0.686946 
vn 0 -0.790165 0.612894 
vn 0.104528 -0.792439 0.600928 
vn 0 -0.796804 0.604238 
vn 0 -0.851197 0.524846 
vn 0.104528 -0.852836 0.511609 
vn 0 -0.857534 0.514427 
vn 0 -0.90246 0.430773 
vn 0.104528 -0.903209 0.416277 
vn 0 -0.908184 0.41857 
vn 0 -0.943365 0.331757 
vn 0.104528 -0.942966 0.316053 
vn 0 -0.94816 0.317794 
vn 0 -0.973442 0.228933 
vn 0.104528 -0.971639 0.212113 
vn 0.207912 0.92744 0.310849 
vn 0.207912 0.888338 0.409424 
vn 0.207912 0.838795 0.503186 
vn 0.207912 0.779392 0.591034 
vn 0.207912 0.710828 0.671934 
vn 0.207912 0.633909 0.744937 
vn 0.207912 0.54954 0.809184 
vn 0.207912 0.45871 0.86392 
vn 0.207912 0.36249 0.908501 
vn 0.207912 0.262008 0.942404 
vn 0.207912 0.158447 0.965229 
vn 0.207912 0.0530234 0.976709 
vn 0.207912 -0.0530234 0.976709 
vn 0.207912 -0.158447 0.965229 
vn 0.207912 -0.262008 0.942404 
vn 0.207912 -0.36249 0.908501 
vn 0.207912 -0.45871 0.86392 
vn 0.207912 -0.54954 0.809184 
vn 0.207912 -0.633909 0.744937 
vn 0.207912 -0.710828 0.671934 
vn 0.207912 -0.779392 0.591034 
vn 0.207912 -0.838795 0.503186 
vn 0.207912 -0.888338 0.409424 
vn 0.207912 -0.92744 0.310849 
vn 0.207912 -0.955641 0.208621 
vn 0.207912 0.955641 0.208621 
vn 0.309017 0.901754 0.30224 
vn 0.309017 0.863735 0.398084 
vn 0.309017 0.815563 0.489249 
vn 0.309017 0.757806 0.574664 
vn 0.309017 0.691141 0.653324 
vn 0.309017 0.616352 0.724305 
vn 0.309017 0.534319 0.786773 
vn 0.309017 0.446006 0.839992 
vn 0.309017 0.35245 0.883339 
vn 0.309017 0.254751 0.916302 
vn 0.309017 0.154059 0.938496 
vn 0.309017 0.0515548 0.949658 
vn 0.309017 -0.0515548 0.949658 
vn 0.309017 -0.154059 0.938496 
vn 0.309017 -0.254751 0.916302 
vn 0.309017 -0.35245 0.883339 
vn 0.309017 -0.446006 0.839992 
vn 0.309017 -0.534319 0.786773 
vn 0.309017 -0.616352 0.724305 
vn 0.309017 -0.691141 0.653324 
vn 0.309017 -0.757806 0.574664 
vn 0.309017 -0.815563 0.489249 
vn 0.309017 -0.863735 0.398084 
vn 0.309017 -0.901754 0.30224 
vn 0.309017 -0.929173 0.202843 
vn 0.309017 0.929173 0.202843 
vn 0.406737 0.866187 0.290319 
vn 0.406737 0.829668 0.382383 
vn 0.406737 0.783396 0.469953 
vn 0.406737 0.727917 0.551999 
vn 0.406737 0.663881 0.627556 
vn 0.406737 0.592043 0.695738 
vn 0.406737 0.513245 0.755741 
vn 0.406737 0.428415 0.806862 
vn 0.406737 0.338549 0.848499 
vn 0.406737 0.244704 0.880162 
vn 0.406737 0.147982 0.90148 
vn 0.406737 0.0495214 0.912202 
vn 0.406737 -0.0495214 0.912202 
vn 0.406737 -0.147982 0.90148 
vn 0.406737 -0.244704 0.880162 
vn 0.406737 -0.338549 0.848499 
vn 0.406737 -0.428415 0.806862 
vn 0.406737 -0.513245 0.755741 
vn 0.406737 -0.592043 0.695738 
vn 0.406737 -0.663881 0.627556 
vn 0.406737 -0.727917 0.551999 
vn 0.406737 -0.783396 0.469953 
vn 0.406737 -0.829668 0.382383 
vn 0.406737 -0.866187 0.290319 
vn 0.406737 -0.892526 0.194842 
vn 0.406737 0.892526 0.194842 
vn 0.5 0.821131 0.275217 
vn 0.5 0.786511 0.362493 
vn 0.5 0.742646 0.445507 
vn 0.5 0.690053 0.523285 
vn 0.5 0.629348 0.594913 
vn 0.5 0.561246 0.659547 
vn 0.5 0.486547 0.71643 
vn 0.5 0.40613 0.764891 
vn 0.5 0.320939 0.804362 
vn 0.5 0.231975 0.834379 
vn 0.5 0.140285 0.854588 
vn 0.5 0.0469455 0.864752 
vn 0.5 -0.0469455 0.864752 
vn 0.5 -0.140285 0.854588 
vn 0.5 -0.231975 0.834379 
vn 0.5 -0.320939 0.804362 
vn 0.5 -0.40613 0.764891 
vn 0.5 -0.486547 0.71643 
vn 0.5 -0.561246 0.659547 
vn 0.5 -0.629348 0.594913 
vn 0.5 -0.690053 0.523285 
vn 0.5 -0.742646 0.445507 
vn 0.5 -0.786511 0.362493 
vn 0.5 -0.821131 0.275217 
vn 0.5 -0.846099 0.184707 
vn 0.5 0.846099 0.184707 
vn 0.587785 0.767078 0.2571 
vn 0.587785 0.734737 0.338631 
vn 0.587785 0.69376 0.41618 
vn 0.587785 0.644628 0.488839 
vn 0.587785 0.58792 0.555751 
vn 0.587785 0.524301 0.616131 
vn 0.587785 0.454519 0.669269 
vn 0.587785 0.379395 0.71454 
vn 0.587785 0.299812 0.751413 
vn 0.587785 0.216705 0.779453 
vn 0.587785 0.13105 0.798332 
vn 0.587785 0.0438552 0.807827 
vn 0.587785 -0.0438552 0.807827 
vn 0.587785 -0.13105 0.798332 
vn 0.587785 -0.216705 0.779453 
vn 0.587785 -0.299812 0.751413 
vn 0.587785 -0.379395 0.71454 
vn 0.587785 -0.454519 0.669269 
vn 0.587785 -0.524301 0.616131 
vn 0.587785 -0.58792 0.555751 
vn 0.587785 -0.644628 0.488839 
vn 0.587785 -0.69376 0.41618 
vn 0.587785 -0.734737 0.338631 
vn 0.587785 -0.767078 0.2571 
vn 0.587785 -0.790402 0.172548 
vn 0.587785 0.790402 0.172548 
vn 0.669131 0.70462 0.236167 
vn 0.669131 0.674913 0.311058 
vn 0.669131 0.637272 0.382294 
vn 0.669131 0.592141 0.449036 
vn 0.669131 0.54005 0.5105 
vn 0.669131 0.481611 0.565964 
vn 0.669131 0.417511 0.614775 
vn 0.669131 0.348504 0.656361 
vn 0.669131 0.2754 0.690231 
vn 0.669131 0.19906 0.715988 
vn 0.669131 0.12038 0.73333 
vn 0.669131 0.0402844 0.742052 
vn 0.669131 -0.0402844 0.742052 
vn 0.669131 -0.12038 0.73333 
vn 0.669131 -0.19906 0.715988 
vn 0.669131 -0.2754 0.690231 
vn 0.669131 -0.348504 0.656361 
vn 0.669131 -0.417511 0.614775 
vn 0.669131 -0.481611 0.565964 
vn 0.669131 -0.54005 0.5105 
vn 0.669131 -0.592141 0.449036 
vn 0.669131 -0.637272 0.382294 
vn 0.669131 -0.674913 0.311058 
vn 0.669131 -0.70462 0.236167 
vn 0.669131 -0.726046 0.158499 
vn 0.669131 0.726046 0.158499 
vn 0.743145 0.634443 0.212645 
vn 0.743145 0.607694 0.280078 
vn 0.743145 0.573802 0.344219 
vn 0.743145 0.533166 0.404314 
vn 0.743145 0.486263 0.459656 
vn 0.743145 0.433644 0.509596 
vn 0.743145 0.375929 0.553546 
vn 0.743145 0.313794 0.59099 
vn 0.743145 0.247972 0.621487 
vn 0.743145 0.179234 0.644679 
vn 0.743145 0.10839 0.660293 
vn 0.743145 0.0362722 0.668147 
vn 0.743145 -0.0362722 0.668147 
vn 0.743145 -0.10839 0.660293 
vn 0.743145 -0.179234 0.644679 
vn 0.743145 -0.247972 0.621487 
vn 0.743145 -0.313794 0.59099 
vn 0.743145 -0.375929 0.553546 
vn 0.743145 -0.433644 0.509596 
vn 0.743145 -0.486263 0.459656 
vn 0.743145 -0.533166 0.404314 
vn 0.743145 -0.573802 0.344219 
vn 0.743145 -0.607694 0.280078 
vn 0.743145 -0.634443 0.212645 
vn 0.743145 -0.653734 0.142713 
vn 0.743145 0.653734 0.142713 
vn 0.809017 0.557314 0.186794 
vn 0.809017 0.533817 0.246029 
vn 0.809017 0.504046 0.302373 
vn 0.809017 0.46835 0.355162 
vn 0.809017 0.427149 0.403777 
vn 0.809017 0.380927 0.447645 
vn 0.809017 0.330228 0.486252 
vn 0.809017 0.275647 0.519144 
vn 0.809017 0.217826 0.545933 
vn 0.809017 0.157445 0.566306 
vn 0.809017 0.0952134 0.580022 
vn 0.809017 0.0318626 0.586921 
vn 0.809017 -0.0318626 0.586921 
vn 0.809017 -0.0952134 0.580022 
vn 0.809017 -0.157445 0.566306 
vn 0.809017 -0.217826 0.545933 
vn 0.809017 -0.275647 0.519144 
vn 0.809017 -0.330228 0.486252 
vn 0.809017 -0.380927 0.447645 
vn 0.809017 -0.427149 0.403777 
vn 0.809017 -0.46835 0.355162 
vn 0.809017 -0.504046 0.302373 
vn 0.809017 -0.533817 0.246029 
vn 0.809017 -0.557314 0.186794 
vn 0.809017 -0.574261 0.125364 
vn 0.809017 0.574261 0.125364 
vn 0.866025 0.47408 0.158897 
vn 0.866025 0.454092 0.209285 
vn 0.866025 0.428767 0.257214 
vn 0.866025 0.398402 0.302119 
vn 0.866025 0.363354 0.343473 
vn 0.866025 0.324036 0.38079 
vn 0.866025 0.280908 0.413631 
vn 0.866025 0.234479 0.44161 
vn 0.866025 0.185294 0.464399 
vn 0.866025 0.133931 0.481729 
vn 0.866025 0.0809934 0.493396 
vn 0.866025 0.027104 0.499265 
vn 0.866025 -0.027104 0.499265 
vn 0.866025 -0.0809934 0.493396 
vn 0.866025 -0.133931 0.481729 
vn 0.866025 -0.185294 0.464399 
vn 0.866025 -0.234479 0.44161 
vn 0.866025 -0.280908 0.413631 
vn 0.866025 -0.324036 0.38079 
vn 0.866025 -0.363354 0.343473 
vn 0.866025 -0.398402 0.302119 
vn 0.866025 -0.428767 0.257214 
vn 0.866025 -0.454092 0.209285 
vn 0.866025 -0.47408 0.158897 
vn 0.866025 -0.488495 0.106641 
vn 0.866025 0.488495 0.106641 
vn 0.913545 0.385651 0.129258 
vn 0.913545 0.369392 0.170248 
vn 0.913545 0.34879 0.209236 
vn 0.913545 0.324089 0.245766 
vn 0.913545 0.295579 0.279406 
vn 0.913545 0.263594 0.309762 
vn 0.913545 0.228511 0.336478 
vn 0.913545 0.190743 0.359238 
vn 0.913545 0.150732 0.377776 
vn 0.913545 0.108949 0.391873 
vn 0.913545 0.065886 0.401365 
vn 0.913545 0.0220484 0.406139 
vn 0.913545 -0.0220484 0.406139 
vn 0.913545 -0.065886 0.401365 
vn 0.913545 -0.108949 0.391873 
vn 0.913545 -0.150732 0.377776 
vn 0.913545 -0.190743 0.359238 
vn 0.913545 -0.228511 0.336478 
vn 0.913545 -0.263594 0.309762 
vn 0.913545 -0.295579 0.279406 
vn 0.913545 -0.324089 0.245766 
vn 0.913545 -0.34879 0.209236 
vn 0.913545 -0.369392 0.170248 
vn 0.913545 -0.385651 0.129258 
vn 0.913545 -0.397378 0.0867493 
vn 0.913545 0.397378 0.0867493 
vn 0.951057 0.292998 0.0982036 
vn 0.951057 0.280644 0.129345 
vn 0.951057 0.264993 0.158967 
vn 0.951057 0.246226 0.18672 
vn 0.951057 0.224565 0.212278 
vn 0.951057 0.200265 0.235341 
vn 0.951057 0.173611 0.255638 
vn 0.951057 0.144916 0.27293 
vn 0.951057 0.114518 0.287014 
vn 0.951057 0.0827738 0.297725 
vn 0.951057 0.0500567 0.304936 
vn 0.951057 0.0167512 0.308563 
vn 0.951057 -0.0167512 0.308563 
vn 0.951057 -0.0500567 0.304936 
vn 0.951057 -0.0827738 0.297725 
vn 0.951057 -0.114518 0.287014 
vn 0.951057 -0.144916 0.27293 
vn 0.951057 -0.173611 0.255638 
vn 0.951057 -0.200265 0.235341 
vn 0.951057 -0.224565 0.212278 
vn 0.951057 -0.246226 0.18672 
vn 0.951057 -0.264993 0.158967 
vn 0.951057 -0.280644 0.129345 
vn 0.951057 -0.292998 0.0982036 
vn 0.951057 -0.301907 0.0659076 
vn 0.951057 0.301907 0.0659076 
vn 0.978148 0.197134 0.066073 
vn 0.978148 0.188822 0.0870257 
vn 0.978148 0.178291 0.106955 
vn 0.978148 0.165665 0.125628 
vn 0.978148 0.151091 0.142824 
vn 0.978148 0.134742 0.158341 
vn 0.978148 0.116808 0.171997 
vn 0.978148 0.0975019 0.183632 
vn 0.978148 0.0770496 0.193108 
vn 0.978148 0.0556915 0.200314 
vn 0.978148 0.0336789 0.205166 
vn 0.978148 0.0112705 0.207606 
vn 0.978148 -0.0112705 0.207606 
vn 0.978148 -0.0336789 0.205166 
vn 0.978148 -0.0556915 0.200314 
vn 0.978148 -0.0770496 0.193108 
vn 0.978148 -0.0975019 0.183632 
vn 0.978148 -0.116808 0.171997 
vn 0.978148 -0.134742 0.158341 
vn 0.978148 -0.151091 0.142824 
vn 0.978148 -0.165665 0.125628 
vn 0.978148 -0.178291 0.106955 
vn 0.978148 -0.188822 0.0870257 
vn 0.978148 -0.197134 0.066073 
vn 0.978148 -0.203128 0.0443437 
vn 0.978148 0.203128 0.0443437 
vn 0.994522 0.0991097 0.0332185 
vn 0.994522 0.0949311 0.0437525 
vn 0.994522 0.0896367 0.0537723 
vn 0.994522 0.0832887 0.06316 
vn 0.994522 0.0759617 0.0718054 
vn 0.994522 0.0677419 0.0796067 
vn 0.994522 0.0587258 0.0864724 
vn 0.994522 0.0490195 0.0923217 
vn 0.994522 0.038737 0.0970858 
vn 0.994522 0.0279992 0.100709 
vn 0.994522 0.0169322 0.103148 
vn 0.994522 0.00566628 0.104375 
vn 0.994522 -0.00566628 0.104375 
vn 0.994522 -0.0169322 0.103148 
vn 0.994522 -0.0279992 0.100709 
vn 0.994522 -0.038737 0.0970858 
vn 0.994522 -0.0490195 0.0923217 
vn 0.994522 -0.0587258 0.0864724 
vn 0.994522 -0.0677419 0.0796067 
vn 0.994522 -0.0759617 0.0718054 
vn 0.994522 -0.0832887 0.06316 
vn 0.994522 -0.0896367 0.0537723 
vn 0.994522 -0.0949311 0.0437525 
vn 0.994522 -0.0991097 0.0332185 
vn 0.994522 -0.102123 0.022294 
vn 0.994522 0.102123 0.022294 
vn 1 -3.09995e-15 -1.03901e-15 
vn 1 -3.09995e-15 -1.03901e-15 
vn 1 -3.09995e-15 -1.03901e-15 
vn 1 -3.09995e-15 -1.03901e-15 
vn 1 -3.09995e-15 -1.03901e-15 
vn 1 -3.09995e-15 -1.03901e-15 
vn 1 -3.09995e-15 -1.03901e-15 
vn 1 -3.09995e-15 -1.03901e-15 
vn 1 -3.09995e-15 -1.03901e-15 
vn 1 -3.09995e-15 -1.03901e-15 
vn 1 -3.09995e-15 -1.03901e-15 
vn 1 -3.09995e-15 -1.03901e-15 
vn 1 -3.09995e-15 -1.03901e-15 
vn 1 -3.09995e-15 -1.03901e-15 
vn 1 -3.09995e-15 -1.03901e-15 
vn 1 -3.09995e-15 -1.03901e-15 
vn 1 -3.09995e-15 -1.03901e-15 
vn 1 -3.09995e-15 -1.03901e-15 
vn 1 -3.09995e-15 -1.03901e-15 
vn 1 -3.09995e-15 -1.03901e-15 
vn 1 -3.09995e-15 -1.03901e-15 
vn 1 -3.09995e-15 -1.03901e-15 
vn 1 -3.09995e-15 -1.03901e-15 
vn 1 -3.09995e-15 -1.03901e-15 
vn 1 -3.09995e-15 -1.03901e-15 
vn 1 -3.09995e-15 -1.03901e-15 
vn 1 -3.09995e-15 -1.03901e-15 
vn 0.994885 0.099003 0.0200641 
vn 0.994524 0.102439 0.0207101 
vn 0.955447 0.290579 0.0518205 
vn 0.979922 0.195894 0.0371313 
vn 0.951059 0.304287 0.0538086 
vn 0.941161 0.332969 0.0578532 
vn 0.902653 0.424655 0.0699064 
vn 0.913547 0.401184 0.0669603 
vn 0.855919 0.51086 0.0801496 
vn 0.866022 0.49385 0.0782235 
vn 0.801235 0.591704 0.0889277 
vn 0.771271 0.629705 0.0928062 
vn 0.743158 0.662187 0.0960468 
vn 0.704138 0.703003 0.0998826 
vn 0.669137 0.735974 0.10295 
vn 0.631214 0.768362 0.105781 
vn 0.55268 0.82601 0.110691 
vn 0.514928 0.8498 0.112642 
vn 0.587783 0.801683 0.1087 
vn 0.500021 0.858559 0.113382 
vn 0.427307 0.896588 0.116361 
vn 0.406758 0.905996 0.11713 
vn 0.336894 0.933964 0.119222 
vn 0.309036 0.943452 0.119984 
vn 0.243775 0.962213 0.121324 
vn 0.202448 0.971662 0.122016 
vn 0.105736 0.986744 0.123109 
vn 0.104532 0.986871 0.123121 
vn 0 -0.976991 0.213281 
vn 0 -0.992343 0.123511 
vn 0.0992576 -0.987411 0.123157 
vn 0.104518 -0.986871 0.123131 
vn 0.196049 -0.972961 0.122111 
vn 0.290456 -0.949287 0.120369 
vn 0.328872 -0.936792 0.119435 
vn 0.406758 -0.905997 0.117122 
vn 0.309017 -0.943463 0.119945 
vn 0.421158 -0.899463 0.116584 
vn 0.507964 -0.853937 0.112977 
vn 0.587789 -0.801684 0.108655 
vn 0.620659 -0.776812 0.106517 
vn 0.669147 -0.735965 0.102947 
vn 0.589463 -0.800469 0.108548 
vn 0.695846 -0.711106 0.100634 
vn 0.743164 -0.662181 0.09604 
vn 0.76311 -0.639429 0.0937749 
vn 0.809037 -0.581156 0.0878496 
vn 0.843394 -0.530939 0.0824003 
vn 0.822688 -0.561983 0.0857869 
vn 0.893186 -0.443842 0.0722718 
vn 0.866033 -0.493828 0.0782322 
vn 0.933385 -0.353708 0.0606941 
vn 0.913557 -0.40116 0.0669621 
vn 0.96426 -0.26069 0.0473733 
vn 0.972991 -0.226961 0.0421489 
vn 0.951071 -0.30425 0.0538166 
vn 0.978152 -0.204294 0.0385156 
vn 0.99127 -0.129325 0.0256526 
vn 0.999484 -0.0314145 0.00669154 
vn 0.994526 -0.102417 0.0207089 
vn 1 9.75782e-15 -2.11419e-15 
vn 0 0.992343 0.123511 
f 1434//1434 1435//1435 1436//1436 
f 1435//1435 1437//1437 1436//1436 
f 1438//1438 1434//1434 1439//1439 
f 1434//1434 1440//1440 1439//1439 
f 1441//1441 1438//1438 1442//1442 
f 1438//1438 1443//1443 1442//1442 
f 1444//1444 1441//1441 1445//1445 
f 1441//1441 1446//1446 1445//1445 
f 1447//1447 1444//1444 1448//1448 
f 1444//1444 1449//1449 1448//1448 
f 1450//1450 1447//1447 1451//1451 
f 1447//1447 1452//1452 1451//1451 
f 1453//1453 1450//1450 1454//1454 
f 1450//1450 1455//1455 1454//1454 
f 1456//1456 1453//1453 1457//1457 
f 1453//1453 1458//1458 1457//1457 
f 1459//1459 1456//1456 1460//1460 
f 1456//1456 1461//1461 1460//1460 
f 1462//1462 1459//1459 1463//1463 
f 1459//1459 1464//1464 1463//1463 
f 1465//1465 1462//1462 1466//1466 
f 1462//1462 1467//1467 1466//1466 
f 1468//1468 1465//1465 1469//1469 
f 1465//1465 1470//1470 1469//1469 
f 1471//1471 1468//1468 1472//1472 
f 1472//1472 1473//1473 1471//1471 
f 1468//1468 1474//1474 1472//1472 
f 1471//1471 1475//1475 1476//1476 
f 1476//1476 1477//1477 1471//1471 
f 1477//1477 1478//1478 1479//1479 
f 1479//1479 1480//1480 1477//1477 
f 1480//1480 1481//1481 1482//1482 
f 1482//1482 1483//1483 1480//1480 
f 1483//1483 1484//1484 1485//1485 
f 1485//1485 1486//1486 1483//1483 
f 1486//1486 1487//1487 1488//1488 
f 1488//1488 1489//1489 1486//1486 
f 1489//1489 1490//1490 1491//1491 
f 1491//1491 1492//1492 1489//1489 
f 1492//1492 1493//1493 1494//1494 
f 1494//1494 1495//1495 1492//1492 
f 1495//1495 1496//1496 1497//1497 
f 1497//1497 1498//1498 1495//1495 
f 1498//1498 1499//1499 1500//1500 
f 1500//1500 1501//1501 1498//1498 
f 1501//1501 1502//1502 1503//1503 
f 1503//1503 1504//1504 1501//1501 
f 1504//1504 1505//1505 1506//1506 
f 1506//1506 1507//1507 1504//1504 
f 1507//1507 1508//1508 1509//1509 
f 1509//1509 1510//1510 1507//1507 
f 1435//1435 1434//1434 1511//1511 
f 1434//1434 1438//1438 1512//1512 
f 1438//1438 1441//1441 1513//1513 
f 1441//1441 1444//1444 1514//1514 
f 1444//1444 1447//1447 1515//1515 
f 1447//1447 1450//1450 1516//1516 
f 1450//1450 1453//1453 1517//1517 
f 1453//1453 1456//1456 1518//1518 
f 1456//1456 1459//1459 1519//1519 
f 1459//1459 1462//1462 1520//1520 
f 1462//1462 1465//1465 1521//1521 
f 1465//1465 1468//1468 1522//1522 
f 1468//1468 1471//1471 1523//1523 
f 1471//1471 1477//1477 1524//1524 
f 1477//1477 1480//1480 1525//1525 
f 1480//1480 1483//1483 1526//1526 
f 1483//1483 1486//1486 1527//1527 
f 1486//1486 1489//1489 1528//1528 
f 1489//1489 1492//1492 1529//1529 
f 1492//1492 1495//1495 1530//1530 
f 1495//1495 1498//1498 1531//1531 
f 1498//1498 1501//1501 1532//1532 
f 1501//1501 1504//1504 1533//1533 
f 1504//1504 1507//1507 1534//1534 
f 1507//1507 1510//1510 1535//1535 
f 1536//1536 1511//1511 1537//1537 
f 1511//1511 1512//1512 1538//1538 
f 1512//1512 1513//1513 1539//1539 
f 1513//1513 1514//1514 1540//1540 
f 1514//1514 1515//1515 1541//1541 
f 1515//1515 1516//1516 1542//1542 
f 1516//1516 1517//1517 1543//1543 
f 1517//1517 1518//1518 1544//1544 
f 1518//1518 1519//1519 1545//1545 
f 1519//1519 1520//1520 1546//1546 
f 1520//1520 1521//1521 1547//1547 
f 1521//1521 1522//1522 1548//1548 
f 1522//1522 1523//1523 1549//1549 
f 1523//1523 1524//1524 1550//1550 
f 1524//1524 1525//1525 1551//1551 
f 1525//1525 1526//1526 1552//1552 
f 1526//1526 1527//1527 1553//1553 
f 1527//1527 1528//1528 1554//1554 
f 1528//1528 1529//1529 1555//1555 
f 1529//1529 1530//1530 1556//1556 
f 1530//1530 1531//1531 1557//1557 
f 1531//1531 1532//1532 1558//1558 
f 1532//1532 1533//1533 1559//1559 
f 1533//1533 1534//1534 1560//1560 
f 1534//1534 1535//1535 1561//1561 
f 1562//1562 1537//1537 1563//1563 
f 1537//1537 1538//1538 1564//1564 
f 1538//1538 1539//1539 1565//1565 
f 1539//1539 1540//1540 1566//1566 
f 1540//1540 1541//1541 1567//1567 
f 1541//1541 1542//1542 1568//1568 
f 1542//1542 1543//1543 1569//1569 
f 1543//1543 1544//1544 1570//1570 
f 1544//1544 1545//1545 1571//1571 
f 1545//1545 1546//1546 1572//1572 
f 1546//1546 1547//1547 1573//1573 
f 1547//1547 1548//1548 1574//1574 
f 1548//1548 1549//1549 1575//1575 
f 1549//1549 1550//1550 1576//1576 
f 1550//1550 1551//1551 1577//1577 
f 1551//1551 1552//1552 1578//1578 
f 1552//1552 1553//1553 1579//1579 
f 1553//1553 1554//1554 1580//1580 
f 1554//1554 1555//1555 1581//1581 
f 1555//1555 1556//1556 1582//1582 
f 1556//1556 1557//1557 1583//1583 
f 1557//1557 1558//1558 1584//1584 
f 1558//1558 1559//1559 1585//1585 
f 1559//1559 1560//1560 1586//1586 
f 1560//1560 1561//1561 1587//1587 
f 1588//1588 1563//1563 1589//1589 
f 1563//1563 1564//1564 1590//1590 
f 1564//1564 1565//1565 1591//1591 
f 1565//1565 1566//1566 1592//1592 
f 1566//1566 1567//1567 1593//1593 
f 1567//1567 1568//1568 1594//1594 
f 1568//1568 1569//1569 1595//1595 
f 1569//1569 1570//1570 1596//1596 
f 1570//1570 1571//1571 1597//1597 
f 1571//1571 1572//1572 1598//1598 
f 1572//1572 1573//1573 1599//1599 
f 1573//1573 1574//1574 1600//1600 
f 1574//1574 1575//1575 1601//1601 
f 1575//1575 1576//1576 1602//1602 
f 1576//1576 1577//1577 1603//1603 
f 1577//1577 1578//1578 1604//1604 
f 1578//1578 1579//1579 1605//1605 
f 1579//1579 1580//1580 1606//1606 
f 1580//1580 1581//1581 1607//1607 
f 1581//1581 1582//1582 1608//1608 
f 1582//1582 1583//1583 1609//1609 
f 1583//1583 1584//1584 1610//1610 
f 1584//1584 1585//1585 1611//1611 
f 1585//1585 1586//1586 1612//1612 
f 1586//1586 1587//1587 1613//1613 
f 1614//1614 1589//1589 1615//1615 
f 1589//1589 1590//1590 1616//1616 
f 1590//1590 1591//1591 1617//1617 
f 1591//1591 1592//1592 1618//1618 
f 1592//1592 1593//1593 1619//1619 
f 1593//1593 1594//1594 1620//1620 
f 1594//1594 1595//1595 1621//1621 
f 1595//1595 1596//1596 1622//1622 
f 1596//1596 1597//1597 1623//1623 
f 1597//1597 1598//1598 1624//1624 
f 1598//1598 1599//1599 1625//1625 
f 1599//1599 1600//1600 1626//1626 
f 1600//1600 1601//1601 1627//1627 
f 1601//1601 1602//1602 1628//1628 
f 1602//1602 1603//1603 1629//1629 
f 1603//1603 1604//1604 1630//1630 
f 1604//1604 1605//1605 1631//1631 
f 1605//1605 1606//1606 1632//1632 
f 1606//1606 1607//1607 1633//1633 
f 1607//1607 1608//1608 1634//1634 
f 1608//1608 1609//1609 1635//1635 
f 1609//1609 1610//1610 1636//1636 
f 1610//1610 1611//1611 1637//1637 
f 1611//1611 1612//1612 1638//1638 
f 1612//1612 1613//1613 1639//1639 
f 1640//1640 1615//1615 1641//1641 
f 1615//1615 1616//1616 1642//1642 
f 1616//1616 1617//1617 1643//1643 
f 1617//1617 1618//1618 1644//1644 
f 1618//1618 1619//1619 1645//1645 
f 1619//1619 1620//1620 1646//1646 
f 1620//1620 1621//1621 1647//1647 
f 1621//1621 1622//1622 1648//1648 
f 1622//1622 1623//1623 1649//1649 
f 1623//1623 1624//1624 1650//1650 
f 1624//1624 1625//1625 1651//1651 
f 1625//1625 1626//1626 1652//1652 
f 1626//1626 1627//1627 1653//1653 
f 1627//1627 1628//1628 1654//1654 
f 1628//1628 1629//1629 1655//1655 
f 1629//1629 1630//1630 1656//1656 
f 1630//1630 1631//1631 1657//1657 
f 1631//1631 1632//1632 1658//1658 
f 1632//1632 1633//1633 1659//1659 
f 1633//1633 1634//1634 1660//1660 
f 1634//1634 1635//1635 1661//1661 
f 1635//1635 1636//1636 1662//1662 
f 1636//1636 1637//1637 1663//1663 
f 1637//1637 1638//1638 1664//1664 
f 1638//1638 1639//1639 1665//1665 
f 1666//1666 1641//1641 1667//1667 
f 1641//1641 1642//1642 1668//1668 
f 1642//1642 1643//1643 1669//1669 
f 1643//1643 1644//1644 1670//1670 
f 1644//1644 1645//1645 1671//1671 
f 1645//1645 1646//1646 1672//1672 
f 1646//1646 1647//1647 1673//1673 
f 1647//1647 1648//1648 1674//1674 
f 1648//1648 1649//1649 1675//1675 
f 1649//1649 1650//1650 1676//1676 
f 1650//1650 1651//1651 1677//1677 
f 1651//1651 1652//1652 1678//1678 
f 1652//1652 1653//1653 1679//1679 
f 1653//1653 1654//1654 1680//1680 
f 1654//1654 1655//1655 1681//1681 
f 1655//1655 1656//1656 1682//1682 
f 1656//1656 1657//1657 1683//1683 
f 1657//1657 1658//1658 1684//1684 
f 1658//1658 1659//1659 1685//1685 
f 1659//1659 1660//1660 1686//1686 
f 1660//1660 1661//1661 1687//1687 
f 1661//1661 1662//1662 1688//1688 
f 1662//1662 1663//1663 1689//1689 
f 1663//1663 1664//1664 1690//1690 
f 1664//1664 1665//1665 1691//1691 
f 1692//1692 1667//1667 1693//1693 
f 1667//1667 1668//1668 1694//1694 
f 1668//1668 1669//1669 1695//1695 
f 1669//1669 1670//1670 1696//1696 
f 1670//1670 1671//1671 1697//1697 
f 1671//1671 1672//1672 1698//1698 
f 1672//1672 1673//1673 1699//1699 
f 1673//1673 1674//1674 1700//1700 
f 1674//1674 1675//1675 1701//1701 
f 1675//1675 1676//1676 1702//1702 
f 1676//1676 1677//1677 1703//1703 
f 1677//1677 1678//1678 1704//1704 
f 1678//1678 1679//1679 1705//1705 
f 1679//1679 1680//1680 1706//1706 
f 1680//1680 1681//1681 1707//1707 
f 1681//1681 1682//1682 1708//1708 
f 1682//1682 1683//1683 1709//1709 
f 1683//1683 1684//1684 1710//1710 
f 1684//1684 1685//1685 1711//1711 
f 1685//1685 1686//1686 1712//1712 
f 1686//1686 1687//1687 1713//1713 
f 1687//1687 1688//1688 1714//1714 
f 1688//1688 1689//1689 1715//1715 
f 1689//1689 1690//1690 1716//1716 
f 1690//1690 1691//1691 1717//1717 
f 1718//1718 1693//1693 1719//1719 
f 1693//1693 1694//1694 1720//1720 
f 1694//1694 1695//1695 1721//1721 
f 1695//1695 1696//1696 1722//1722 
f 1696//1696 1697//1697 1723//1723 
f 1697//1697 1698//1698 1724//1724 
f 1698//1698 1699//1699 1725//1725 
f 1699//1699 1700//1700 1726//1726 
f 1700//1700 1701//1701 1727//1727 
f 1701//1701 1702//1702 1728//1728 
f 1702//1702 1703//1703 1729//1729 
f 1703//1703 1704//1704 1730//1730 
f 1704//1704 1705//1705 1731//1731 
f 1705//1705 1706//1706 1732//1732 
f 1706//1706 1707//1707 1733//1733 
f 1707//1707 1708//1708 1734//1734 
f 1708//1708 1709//1709 1735//1735 
f 1709//1709 1710//1710 1736//1736 
f 1710//1710 1711//1711 1737//1737 
f 1711//1711 1712//1712 1738//1738 
f 1712//1712 1713//1713 1739//1739 
f 1713//1713 1714//1714 1740//1740 
f 1714//1714 1715//1715 1741//1741 
f 1715//1715 1716//1716 1742//1742 
f 1716//1716 1717//1717 1743//1743 
f 1744//1744 1719//1719 1745//1745 
f 1719//1719 1720//1720 1746//1746 
f 1720//1720 1721//1721 1747//1747 
f 1721//1721 1722//1722 1748//1748 
f 1722//1722 1723//1723 1749//1749 
f 1723//1723 1724//1724 1750//1750 
f 1724//1724 1725//1725 1751//1751 
f 1725//1725 1726//1726 1752//1752 
f 1726//1726 1727//1727 1753//1753 
f 1727//1727 1728//1728 1754//1754 
f 1728//1728 1729//1729 1755//1755 
f 1729//1729 1730//1730 1756//1756 
f 1730//1730 1731//1731 1757//1757 
f 1731//1731 1732//1732 1758//1758 
f 1732//1732 1733//1733 1759//1759 
f 1733//1733 1734//1734 1760//1760 
f 1734//1734 1735//1735 1761//1761 
f 1735//1735 1736//1736 1762//1762 
f 1736//1736 1737//1737 1763//1763 
f 1737//1737 1738//1738 1764//1764 
f 1738//1738 1739//1739 1765//1765 
f 1739//1739 1740//1740 1766//1766 
f 1740//1740 1741//1741 1767//1767 
f 1741//1741 1742//1742 1768//1768 
f 1742//1742 1743//1743 1769//1769 
f 1770//1770 1745//1745 1771//1771 
f 1745//1745 1746//1746 1772//1772 
f 1746//1746 1747//1747 1773//1773 
f 1747//1747 1748//1748 1774//1774 
f 1748//1748 1749//1749 1775//1775 
f 1749//1749 1750//1750 1776//1776 
f 1750//1750 1751//1751 1777//1777 
f 1751//1751 1752//1752 1778//1778 
f 1752//1752 1753//1753 1779//1779 
f 1753//1753 1754//1754 1780//1780 
f 1754//1754 1755//1755 1781//1781 
f 1755//1755 1756//1756 1782//1782 
f 1756//1756 1757//1757 1783//1783 
f 1757//1757 1758//1758 1784//1784 
f 1758//1758 1759//1759 1785//1785 
f 1759//1759 1760//1760 1786//1786 
f 1760//1760 1761//1761 1787//1787 
f 1761//1761 1762//1762 1788//1788 
f 1762//1762 1763//1763 1789//1789 
f 1763//1763 1764//1764 1790//1790 
f 1764//1764 1765//1765 1791//1791 
f 1765//1765 1766//1766 1792//1792 
f 1766//1766 1767//1767 1793//1793 
f 1767//1767 1768//1768 1794//1794 
f 1768//1768 1769//1769 1795//1795 
f 1796//1796 1771//1771 1797//1797 
f 1771//1771 1772//1772 1798//1798 
f 1772//1772 1773//1773 1799//1799 
f 1773//1773 1774//1774 1800//1800 
f 1774//1774 1775//1775 1801//1801 
f 1775//1775 1776//1776 1802//1802 
f 1776//1776 1777//1777 1803//1803 
f 1777//1777 1778//1778 1804//1804 
f 1778//1778 1779//1779 1805//1805 
f 1779//1779 1780//1780 1806//1806 
f 1780//1780 1781//1781 1807//1807 
f 1781//1781 1782//1782 1808//1808 
f 1782//1782 1783//1783 1809//1809 
f 1783//1783 1784//1784 1810//1810 
f 1784//1784 1785//1785 1811//1811 
f 1785//1785 1786//1786 1812//1812 
f 1786//1786 1787//1787 1813//1813 
f 1787//1787 1788//1788 1814//1814 
f 1788//1788 1789//1789 1815//1815 
f 1789//1789 1790//1790 1816//1816 
f 1790//1790 1791//1791 1817//1817 
f 1791//1791 1792//1792 1818//1818 
f 1792//1792 1793//1793 1819//1819 
f 1793//1793 1794//1794 1820//1820 
f 1794//1794 1795//1795 1821//1821 
f 1822//1822 1797//1797 1823//1823 
f 1797//1797 1798//1798 1824//1824 
f 1798//1798 1799//1799 1825//1825 
f 1799//1799 1800//1800 1826//1826 
f 1800//1800 1801//1801 1827//1827 
f 1801//1801 1802//1802 1828//1828 
f 1802//1802 1803//1803 1829//1829 
f 1803//1803 1804//1804 1830//1830 
f 1804//1804 1805//1805 1831//1831 
f 1805//1805 1806//1806 1832//1832 
f 1806//1806 1807//1807 1833//1833 
f 1807//1807 1808//1808 1834//1834 
f 1808//1808 1809//1809 1835//1835 
f 1809//1809 1810//1810 1836//1836 
f 1810//1810 1811//1811 1837//1837 
f 1811//1811 1812//1812 1838//1838 
f 1812//1812 1813//1813 1839//1839 
f 1813//1813 1814//1814 1840//1840 
f 1814//1814 1815//1815 1841//1841 
f 1815//1815 1816//1816 1842//1842 
f 1816//1816 1817//1817 1843//1843 
f 1817//1817 1818//1818 1844//1844 
f 1818//1818 1819//1819 1845//1845 
f 1819//1819 1820//1820 1846//1846 
f 1820//1820 1821//1821 1847//1847 
f 1848//1848 1823//1823 1849//1849 
f 1823//1823 1824//1824 1850//1850 
f 1824//1824 1825//1825 1851//1851 
f 1825//1825 1826//1826 1852//1852 
f 1826//1826 1827//1827 1853//1853 
f 1827//1827 1828//1828 1854//1854 
f 1828//1828 1829//1829 1855//1855 
f 1829//1829 1830//1830 1856//1856 
f 1830//1830 1831//1831 1857//1857 
f 1831//1831 1832//1832 1858//1858 
f 1832//1832 1833//1833 1859//1859 
f 1833//1833 1834//1834 1860//1860 
f 1834//1834 1835//1835 1861//1861 
f 1835//1835 1836//1836 1862//1862 
f 1836//1836 1837//1837 1863//1863 
f 1837//1837 1838//1838 1864//1864 
f 1838//1838 1839//1839 1865//1865 
f 1839//1839 1840//1840 1866//1866 
f 1840//1840 1841//1841 1867//1867 
f 1841//1841 1842//1842 1868//1868 
f 1842//1842 1843//1843 1869//1869 
f 1843//1843 1844//1844 1870//1870 
f 1844//1844 1845//1845 1871//1871 
f 1845//1845 1846//1846 1872//1872 
f 1846//1846 1847//1847 1873//1873 
f 1848//1848 1874//1874 1875//1875 
f 1875//1875 1876//1876 1848//1848 
f 1822//1822 1848//1848 1877//1877 
f 1878//1878 1796//1796 1822//1822 
f 1822//1822 1879//1879 1878//1878 
f 1796//1796 1880//1880 1881//1881 
f 1881//1881 1770//1770 1796//1796 
f 1744//1744 1770//1770 1882//1882 
f 1770//1770 1883//1883 1882//1882 
f 1718//1718 1744//1744 1884//1884 
f 1744//1744 1885//1885 1884//1884 
f 1692//1692 1718//1718 1886//1886 
f 1886//1886 1887//1887 1692//1692 
f 1666//1666 1692//1692 1888//1888 
f 1888//1888 1889//1889 1666//1666 
f 1666//1666 1890//1890 1891//1891 
f 1891//1891 1640//1640 1666//1666 
f 1614//1614 1892//1892 1893//1893 
f 1640//1640 1894//1894 1892//1892 
f 1892//1892 1614//1614 1640//1640 
f 1588//1588 1614//1614 1895//1895 
f 1895//1895 1896//1896 1588//1588 
f 1562//1562 1588//1588 1897//1897 
f 1897//1897 1898//1898 1562//1562 
f 1562//1562 1899//1899 1900//1900 
f 1900//1900 1536//1536 1562//1562 
f 1435//1435 1536//1536 1901//1901 
f 1901//1901 1902//1902 1435//1435 
f 1437//1437 1435//1435 1903//1903 
f 1904//1904 1905//1905 1906//1906 
f 1906//1906 1510//1510 1904//1904 
f 1510//1510 1907//1907 1908//1908 
f 1535//1535 1908//1908 1909//1909 
f 1909//1909 1561//1561 1535//1535 
f 1561//1561 1910//1910 1911//1911 
f 1561//1561 1912//1912 1910//1910 
f 1913//1913 1914//1914 1613//1613 
f 1587//1587 1911//1911 1913//1913 
f 1613//1613 1914//1914 1915//1915 
f 1639//1639 1916//1916 1917//1917 
f 1639//1639 1918//1918 1916//1916 
f 1639//1639 1915//1915 1918//1918 
f 1665//1665 1919//1919 1920//1920 
f 1665//1665 1917//1917 1919//1919 
f 1691//1691 1921//1921 1922//1922 
f 1691//1691 1920//1920 1921//1921 
f 1743//1743 1717//1717 1923//1923 
f 1717//1717 1924//1924 1923//1923 
f 1717//1717 1922//1922 1924//1924 
f 1769//1769 1743//1743 1925//1925 
f 1743//1743 1926//1926 1925//1925 
f 1795//1795 1769//1769 1927//1927 
f 1769//1769 1928//1928 1927//1927 
f 1795//1795 1929//1929 1930//1930 
f 1930//1930 1821//1821 1795//1795 
f 1795//1795 1931//1931 1929//1929 
f 1821//1821 1932//1932 1933//1933 
f 1933//1933 1847//1847 1821//1821 
f 1873//1873 1847//1847 1934//1934 
f 1847//1847 1935//1935 1934//1934 
f 1934//1934 1936//1936 1873//1873 
f 1933//1933 1935//1935 1847//1847 
f 1930//1930 1932//1932 1821//1821 
f 1927//1927 1931//1931 1795//1795 
f 1925//1925 1928//1928 1769//1769 
f 1923//1923 1926//1926 1743//1743 
f 1922//1922 1717//1717 1691//1691 
f 1920//1920 1691//1691 1665//1665 
f 1917//1917 1665//1665 1639//1639 
f 1915//1915 1639//1639 1613//1613 
f 1613//1613 1587//1587 1913//1913 
f 1911//1911 1587//1587 1561//1561 
f 1909//1909 1912//1912 1561//1561 
f 1908//1908 1535//1535 1510//1510 
f 1906//1906 1907//1907 1510//1510 
f 1903//1903 1937//1937 1437//1437 
f 1902//1902 1903//1903 1435//1435 
f 1900//1900 1901//1901 1536//1536 
f 1898//1898 1899//1899 1562//1562 
f 1896//1896 1897//1897 1588//1588 
f 1893//1893 1895//1895 1614//1614 
f 1891//1891 1894//1894 1640//1640 
f 1889//1889 1890//1890 1666//1666 
f 1887//1887 1888//1888 1692//1692 
f 1884//1884 1886//1886 1718//1718 
f 1882//1882 1885//1885 1744//1744 
f 1881//1881 1883//1883 1770//1770 
f 1878//1878 1880//1880 1796//1796 
f 1877//1877 1879//1879 1822//1822 
f 1876//1876 1877//1877 1848//1848 
f 1873//1873 1872//1872 1846//1846 
f 1872//1872 1871//1871 1845//1845 
f 1871//1871 1870//1870 1844//1844 
f 1870//1870 1869//1869 1843//1843 
f 1869//1869 1868//1868 1842//1842 
f 1868//1868 1867//1867 1841//1841 
f 1867//1867 1866//1866 1840//1840 
f 1866//1866 1865//1865 1839//1839 
f 1865//1865 1864//1864 1838//1838 
f 1864//1864 1863//1863 1837//1837 
f 1863//1863 1862//1862 1836//1836 
f 1862//1862 1861//1861 1835//1835 
f 1861//1861 1860//1860 1834//1834 
f 1860//1860 1859//1859 1833//1833 
f 1859//1859 1858//1858 1832//1832 
f 1858//1858 1857//1857 1831//1831 
f 1857//1857 1856//1856 1830//1830 
f 1856//1856 1855//1855 1829//1829 
f 1855//1855 1854//1854 1828//1828 
f 1854//1854 1853//1853 1827//1827 
f 1853//1853 1852//1852 1826//1826 
f 1852//1852 1851//1851 1825//1825 
f 1851//1851 1850//1850 1824//1824 
f 1850//1850 1849//1849 1823//1823 
f 1849//1849 1874//1874 1848//1848 
f 1847//1847 1846//1846 1820//1820 
f 1846//1846 1845//1845 1819//1819 
f 1845//1845 1844//1844 1818//1818 
f 1844//1844 1843//1843 1817//1817 
f 1843//1843 1842//1842 1816//1816 
f 1842//1842 1841//1841 1815//1815 
f 1841//1841 1840//1840 1814//1814 
f 1840//1840 1839//1839 1813//1813 
f 1839//1839 1838//1838 1812//1812 
f 1838//1838 1837//1837 1811//1811 
f 1837//1837 1836//1836 1810//1810 
f 1836//1836 1835//1835 1809//1809 
f 1835//1835 1834//1834 1808//1808 
f 1834//1834 1833//1833 1807//1807 
f 1833//1833 1832//1832 1806//1806 
f 1832//1832 1831//1831 1805//1805 
f 1831//1831 1830//1830 1804//1804 
f 1830//1830 1829//1829 1803//1803 
f 1829//1829 1828//1828 1802//1802 
f 1828//1828 1827//1827 1801//1801 
f 1827//1827 1826//1826 1800//1800 
f 1826//1826 1825//1825 1799//1799 
f 1825//1825 1824//1824 1798//1798 
f 1824//1824 1823//1823 1797//1797 
f 1823//1823 1848//1848 1822//1822 
f 1821//1821 1820//1820 1794//1794 
f 1820//1820 1819//1819 1793//1793 
f 1819//1819 1818//1818 1792//1792 
f 1818//1818 1817//1817 1791//1791 
f 1817//1817 1816//1816 1790//1790 
f 1816//1816 1815//1815 1789//1789 
f 1815//1815 1814//1814 1788//1788 
f 1814//1814 1813//1813 1787//1787 
f 1813//1813 1812//1812 1786//1786 
f 1812//1812 1811//1811 1785//1785 
f 1811//1811 1810//1810 1784//1784 
f 1810//1810 1809//1809 1783//1783 
f 1809//1809 1808//1808 1782//1782 
f 1808//1808 1807//1807 1781//1781 
f 1807//1807 1806//1806 1780//1780 
f 1806//1806 1805//1805 1779//1779 
f 1805//1805 1804//1804 1778//1778 
f 1804//1804 1803//1803 1777//1777 
f 1803//1803 1802//1802 1776//1776 
f 1802//1802 1801//1801 1775//1775 
f 1801//1801 1800//1800 1774//1774 
f 1800//1800 1799//1799 1773//1773 
f 1799//1799 1798//1798 1772//1772 
f 1798//1798 1797//1797 1771//1771 
f 1797//1797 1822//1822 1796//1796 
f 1795//1795 1794//1794 1768//1768 
f 1794//1794 1793//1793 1767//1767 
f 1793//1793 1792//1792 1766//1766 
f 1792//1792 1791//1791 1765//1765 
f 1791//1791 1790//1790 1764//1764 
f 1790//1790 1789//1789 1763//1763 
f 1789//1789 1788//1788 1762//1762 
f 1788//1788 1787//1787 1761//1761 
f 1787//1787 1786//1786 1760//1760 
f 1786//1786 1785//1785 1759//1759 
f 1785//1785 1784//1784 1758//1758 
f 1784//1784 1783//1783 1757//1757 
f 1783//1783 1782//1782 1756//1756 
f 1782//1782 1781//1781 1755//1755 
f 1781//1781 1780//1780 1754//1754 
f 1780//1780 1779//1779 1753//1753 
f 1779//1779 1778//1778 1752//1752 
f 1778//1778 1777//1777 1751//1751 
f 1777//1777 1776//1776 1750//1750 
f 1776//1776 1775//1775 1749//1749 
f 1775//1775 1774//1774 1748//1748 
f 1774//1774 1773//1773 1747//1747 
f 1773//1773 1772//1772 1746//1746 
f 1772//1772 1771//1771 1745//1745 
f 1771//1771 1796//1796 1770//1770 
f 1769//1769 1768//1768 1742//1742 
f 1768//1768 1767//1767 1741//1741 
f 1767//1767 1766//1766 1740//1740 
f 1766//1766 1765//1765 1739//1739 
f 1765//1765 1764//1764 1738//1738 
f 1764//1764 1763//1763 1737//1737 
f 1763//1763 1762//1762 1736//1736 
f 1762//1762 1761//1761 1735//1735 
f 1761//1761 1760//1760 1734//1734 
f 1760//1760 1759//1759 1733//1733 
f 1759//1759 1758//1758 1732//1732 
f 1758//1758 1757//1757 1731//1731 
f 1757//1757 1756//1756 1730//1730 
f 1756//1756 1755//1755 1729//1729 
f 1755//1755 1754//1754 1728//1728 
f 1754//1754 1753//1753 1727//1727 
f 1753//1753 1752//1752 1726//1726 
f 1752//1752 1751//1751 1725//1725 
f 1751//1751 1750//1750 1724//1724 
f 1750//1750 1749//1749 1723//1723 
f 1749//1749 1748//1748 1722//1722 
f 1748//1748 1747//1747 1721//1721 
f 1747//1747 1746//1746 1720//1720 
f 1746//1746 1745//1745 1719//1719 
f 1745//1745 1770//1770 1744//1744 
f 1743//1743 1742//1742 1716//1716 
f 1742//1742 1741//1741 1715//1715 
f 1741//1741 1740//1740 1714//1714 
f 1740//1740 1739//1739 1713//1713 
f 1739//1739 1738//1738 1712//1712 
f 1738//1738 1737//1737 1711//1711 
f 1737//1737 1736//1736 1710//1710 
f 1736//1736 1735//1735 1709//1709 
f 1735//1735 1734//1734 1708//1708 
f 1734//1734 1733//1733 1707//1707 
f 1733//1733 1732//1732 1706//1706 
f 1732//1732 1731//1731 1705//1705 
f 1731//1731 1730//1730 1704//1704 
f 1730//1730 1729//1729 1703//1703 
f 1729//1729 1728//1728 1702//1702 
f 1728//1728 1727//1727 1701//1701 
f 1727//1727 1726//1726 1700//1700 
f 1726//1726 1725//1725 1699//1699 
f 1725//1725 1724//1724 1698//1698 
f 1724//1724 1723//1723 1697//1697 
f 1723//1723 1722//1722 1696//1696 
f 1722//1722 1721//1721 1695//1695 
f 1721//1721 1720//1720 1694//1694 
f 1720//1720 1719//1719 1693//1693 
f 1719//1719 1744//1744 1718//1718 
f 1717//1717 1716//1716 1690//1690 
f 1716//1716 1715//1715 1689//1689 
f 1715//1715 1714//1714 1688//1688 
f 1714//1714 1713//1713 1687//1687 
f 1713//1713 1712//1712 1686//1686 
f 1712//1712 1711//1711 1685//1685 
f 1711//1711 1710//1710 1684//1684 
f 1710//1710 1709//1709 1683//1683 
f 1709//1709 1708//1708 1682//1682 
f 1708//1708 1707//1707 1681//1681 
f 1707//1707 1706//1706 1680//1680 
f 1706//1706 1705//1705 1679//1679 
f 1705//1705 1704//1704 1678//1678 
f 1704//1704 1703//1703 1677//1677 
f 1703//1703 1702//1702 1676//1676 
f 1702//1702 1701//1701 1675//1675 
f 1701//1701 1700//1700 1674//1674 
f 1700//1700 1699//1699 1673//1673 
f 1699//1699 1698//1698 1672//1672 
f 1698//1698 1697//1697 1671//1671 
f 1697//1697 1696//1696 1670//1670 
f 1696//1696 1695//1695 1669//1669 
f 1695//1695 1694//1694 1668//1668 
f 1694//1694 1693//1693 1667//1667 
f 1693//1693 1718//1718 1692//1692 
f 1691//1691 1690//1690 1664//1664 
f 1690//1690 1689//1689 1663//1663 
f 1689//1689 1688//1688 1662//1662 
f 1688//1688 1687//1687 1661//1661 
f 1687//1687 1686//1686 1660//1660 
f 1686//1686 1685//1685 1659//1659 
f 1685//1685 1684//1684 1658//1658 
f 1684//1684 1683//1683 1657//1657 
f 1683//1683 1682//1682 1656//1656 
f 1682//1682 1681//1681 1655//1655 
f 1681//1681 1680//1680 1654//1654 
f 1680//1680 1679//1679 1653//1653 
f 1679//1679 1678//1678 1652//1652 
f 1678//1678 1677//1677 1651//1651 
f 1677//1677 1676//1676 1650//1650 
f 1676//1676 1675//1675 1649//1649 
f 1675//1675 1674//1674 1648//1648 
f 1674//1674 1673//1673 1647//1647 
f 1673//1673 1672//1672 1646//1646 
f 1672//1672 1671//1671 1645//1645 
f 1671//1671 1670//1670 1644//1644 
f 1670//1670 1669//1669 1643//1643 
f 1669//1669 1668//1668 1642//1642 
f 1668//1668 1667//1667 1641//1641 
f 1667//1667 1692//1692 1666//1666 
f 1665//1665 1664//1664 1638//1638 
f 1664//1664 1663//1663 1637//1637 
f 1663//1663 1662//1662 1636//1636 
f 1662//1662 1661//1661 1635//1635 
f 1661//1661 1660//1660 1634//1634 
f 1660//1660 1659//1659 1633//1633 
f 1659//1659 1658//1658 1632//1632 
f 1658//1658 1657//1657 1631//1631 
f 1657//1657 1656//1656 1630//1630 
f 1656//1656 1655//1655 1629//1629 
f 1655//1655 1654//1654 1628//1628 
f 1654//1654 1653//1653 1627//1627 
f 1653//1653 1652//1652 1626//1626 
f 1652//1652 1651//1651 1625//1625 
f 1651//1651 1650//1650 1624//1624 
f 1650//1650 1649//1649 1623//1623 
f 1649//1649 1648//1648 1622//1622 
f 1648//1648 1647//1647 1621//1621 
f 1647//1647 1646//1646 1620//1620 
f 1646//1646 1645//1645 1619//1619 
f 1645//1645 1644//1644 1618//1618 
f 1644//1644 1643//1643 1617//1617 
f 1643//1643 1642//1642 1616//1616 
f 1642//1642 1641//1641 1615//1615 
f 1641//1641 1666//1666 1640//1640 
f 1639//1639 1638//1638 1612//1612 
f 1638//1638 1637//1637 1611//1611 
f 1637//1637 1636//1636 1610//1610 
f 1636//1636 1635//1635 1609//1609 
f 1635//1635 1634//1634 1608//1608 
f 1634//1634 1633//1633 1607//1607 
f 1633//1633 1632//1632 1606//1606 
f 1632//1632 1631//1631 1605//1605 
f 1631//1631 1630//1630 1604//1604 
f 1630//1630 1629//1629 1603//1603 
f 1629//1629 1628//1628 1602//1602 
f 1628//1628 1627//1627 1601//1601 
f 1627//1627 1626//1626 1600//1600 
f 1626//1626 1625//1625 1599//1599 
f 1625//1625 1624//1624 1598//1598 
f 1624//1624 1623//1623 1597//1597 
f 1623//1623 1622//1622 1596//1596 
f 1622//1622 1621//1621 1595//1595 
f 1621//1621 1620//1620 1594//1594 
f 1620//1620 1619//1619 1593//1593 
f 1619//1619 1618//1618 1592//1592 
f 1618//1618 1617//1617 1591//1591 
f 1617//1617 1616//1616 1590//1590 
f 1616//1616 1615//1615 1589//1589 
f 1615//1615 1640//1640 1614//1614 
f 1613//1613 1612//1612 1586//1586 
f 1612//1612 1611//1611 1585//1585 
f 1611//1611 1610//1610 1584//1584 
f 1610//1610 1609//1609 1583//1583 
f 1609//1609 1608//1608 1582//1582 
f 1608//1608 1607//1607 1581//1581 
f 1607//1607 1606//1606 1580//1580 
f 1606//1606 1605//1605 1579//1579 
f 1605//1605 1604//1604 1578//1578 
f 1604//1604 1603//1603 1577//1577 
f 1603//1603 1602//1602 1576//1576 
f 1602//1602 1601//1601 1575//1575 
f 1601//1601 1600//1600 1574//1574 
f 1600//1600 1599//1599 1573//1573 
f 1599//1599 1598//1598 1572//1572 
f 1598//1598 1597//1597 1571//1571 
f 1597//1597 1596//1596 1570//1570 
f 1596//1596 1595//1595 1569//1569 
f 1595//1595 1594//1594 1568//1568 
f 1594//1594 1593//1593 1567//1567 
f 1593//1593 1592//1592 1566//1566 
f 1592//1592 1591//1591 1565//1565 
f 1591//1591 1590//1590 1564//1564 
f 1590//1590 1589//1589 1563//1563 
f 1589//1589 1614//1614 1588//1588 
f 1587//1587 1586//1586 1560//1560 
f 1586//1586 1585//1585 1559//1559 
f 1585//1585 1584//1584 1558//1558 
f 1584//1584 1583//1583 1557//1557 
f 1583//1583 1582//1582 1556//1556 
f 1582//1582 1581//1581 1555//1555 
f 1581//1581 1580//1580 1554//1554 
f 1580//1580 1579//1579 1553//1553 
f 1579//1579 1578//1578 1552//1552 
f 1578//1578 1577//1577 1551//1551 
f 1577//1577 1576//1576 1550//1550 
f 1576//1576 1575//1575 1549//1549 
f 1575//1575 1574//1574 1548//1548 
f 1574//1574 1573//1573 1547//1547 
f 1573//1573 1572//1572 1546//1546 
f 1572//1572 1571//1571 1545//1545 
f 1571//1571 1570//1570 1544//1544 
f 1570//1570 1569//1569 1543//1543 
f 1569//1569 1568//1568 1542//1542 
f 1568//1568 1567//1567 1541//1541 
f 1567//1567 1566//1566 1540//1540 
f 1566//1566 1565//1565 1539//1539 
f 1565//1565 1564//1564 1538//1538 
f 1564//1564 1563//1563 1537//1537 
f 1563//1563 1588//1588 1562//1562 
f 1561//1561 1560//1560 1534//1534 
f 1560//1560 1559//1559 1533//1533 
f 1559//1559 1558//1558 1532//1532 
f 1558//1558 1557//1557 1531//1531 
f 1557//1557 1556//1556 1530//1530 
f 1556//1556 1555//1555 1529//1529 
f 1555//1555 1554//1554 1528//1528 
f 1554//1554 1553//1553 1527//1527 
f 1553//1553 1552//1552 1526//1526 
f 1552//1552 1551//1551 1525//1525 
f 1551//1551 1550//1550 1524//1524 
f 1550//1550 1549//1549 1523//1523 
f 1549//1549 1548//1548 1522//1522 
f 1548//1548 1547//1547 1521//1521 
f 1547//1547 1546//1546 1520//1520 
f 1546//1546 1545//1545 1519//1519 
f 1545//1545 1544//1544 1518//1518 
f 1544//1544 1543//1543 1517//1517 
f 1543//1543 1542//1542 1516//1516 
f 1542//1542 1541//1541 1515//1515 
f 1541//1541 1540//1540 1514//1514 
f 1540//1540 1539//1539 1513//1513 
f 1539//1539 1538//1538 1512//1512 
f 1538//1538 1537//1537 1511//1511 
f 1537//1537 1562//1562 1536//1536 
f 1535//1535 1534//1534 1507//1507 
f 1534//1534 1533//1533 1504//1504 
f 1533//1533 1532//1532 1501//1501 
f 1532//1532 1531//1531 1498//1498 
f 1531//1531 1530//1530 1495//1495 
f 1530//1530 1529//1529 1492//1492 
f 1529//1529 1528//1528 1489//1489 
f 1528//1528 1527//1527 1486//1486 
f 1527//1527 1526//1526 1483//1483 
f 1526//1526 1525//1525 1480//1480 
f 1525//1525 1524//1524 1477//1477 
f 1524//1524 1523//1523 1471//1471 
f 1523//1523 1522//1522 1468//1468 
f 1522//1522 1521//1521 1465//1465 
f 1521//1521 1520//1520 1462//1462 
f 1520//1520 1519//1519 1459//1459 
f 1519//1519 1518//1518 1456//1456 
f 1518//1518 1517//1517 1453//1453 
f 1517//1517 1516//1516 1450//1450 
f 1516//1516 1515//1515 1447//1447 
f 1515//1515 1514//1514 1444//1444 
f 1514//1514 1513//1513 1441//1441 
f 1513//1513 1512//1512 1438//1438 
f 1512//1512 1511//1511 1434//1434 
f 1511//1511 1536//1536 1435//1435 
f 1509//1509 1904//1904 1510//1510 
f 1506//1506 1508//1508 1507//1507 
f 1503//1503 1505//1505 1504//1504 
f 1500//1500 1502//1502 1501//1501 
f 1497//1497 1499//1499 1498//1498 
f 1494//1494 1496//1496 1495//1495 
f 1491//1491 1493//1493 1492//1492 
f 1488//1488 1490//1490 1489//1489 
f 1485//1485 1487//1487 1486//1486 
f 1482//1482 1484//1484 1483//1483 
f 1479//1479 1481//1481 1480//1480 
f 1476//1476 1478//1478 1477//1477 
f 1473//1473 1475//1475 1471//1471 
f 1469//1469 1474//1474 1468//1468 
f 1466//1466 1470//1470 1465//1465 
f 1463//1463 1467//1467 1462//1462 
f 1460//1460 1464//1464 1459//1459 
f 1457//1457 1461//1461 1456//1456 
f 1454//1454 1458//1458 1453//1453 
f 1451//1451 1455//1455 1450//1450 
f 1448//1448 1452//1452 1447//1447 
f 1445//1445 1449//1449 1444//1444 
f 1442//1442 1446//1446 1441//1441 
f 1439//1439 1443//1443 1438//1438 
f 1436//1436 1440//1440 1434//1434 
v 0.0085 0.0539451 0.035 
v 0.00852302 0.0534805 0.035 
v 0.00857436 0.0534857 0.0349973 
v 0.00855226 0.0539451 0.0349973 
v 0.00862516 0.0534907 0.0349894 
v 0.00860396 0.0539451 0.0349891 
v 0.00867487 0.0534957 0.0349761 
v 0.00865451 0.0539451 0.0349755 
v 0.00872295 0.0535004 0.0349579 
v 0.00870337 0.0539451 0.0349568 
v 0.0087689 0.053505 0.0349347 
v 0.00875 0.0539451 0.034933 
v 0.00881223 0.0535093 0.0349069 
v 0.00879389 0.0539451 0.0349045 
v 0.00885246 0.0535133 0.0348747 
v 0.00883457 0.0539451 0.0348716 
v 0.00888918 0.053517 0.0348385 
v 0.00887157 0.0539451 0.0348346 
v 0.00892199 0.0535202 0.0347987 
v 0.00890451 0.0539451 0.0347939 
v 0.00895054 0.0535231 0.0347558 
v 0.00893301 0.0539451 0.03475 
v 0.00897452 0.0535255 0.0347101 
v 0.00895677 0.0539451 0.0347034 
v 0.00899368 0.0535274 0.0346621 
v 0.00897553 0.0539451 0.0346545 
v 0.00900782 0.0535288 0.0346124 
v 0.00898907 0.0539451 0.034604 
v 0.00901677 0.0535297 0.0345616 
v 0.00899726 0.0539451 0.0345523 
v 0.00902046 0.05353 0.03451 
v 0.00859035 0.0530295 0.035 
v 0.00864039 0.0530395 0.0349974 
v 0.00868991 0.0530494 0.0349896 
v 0.00873839 0.0530591 0.0349767 
v 0.00878533 0.0530684 0.0349588 
v 0.00883023 0.0530774 0.0349361 
v 0.00887262 0.0530859 0.0349088 
v 0.00891206 0.0530938 0.0348773 
v 0.00894815 0.053101 0.0348419 
v 0.00898049 0.0531075 0.0348028 
v 0.00900876 0.0531131 0.0347606 
v 0.00903267 0.0531179 0.0347157 
v 0.00905195 0.0531217 0.0346686 
v 0.00906641 0.0531246 0.0346196 
v 0.0090759 0.0531265 0.0345695 
v 0.00908031 0.0531274 0.0345186 
v 0.00902258 0.0535158 0.0345103 
v 0.00870049 0.0525912 0.035 
v 0.00874885 0.0526059 0.0349974 
v 0.00879671 0.0526205 0.0349898 
v 0.00884359 0.0526348 0.0349771 
v 0.008889 0.0526486 0.0349595 
v 0.00893248 0.0526618 0.0349373 
v 0.00897358 0.0526743 0.0349105 
v 0.00901189 0.0526859 0.0348796 
v 0.009047 0.0526966 0.0348447 
v 0.00907856 0.0527062 0.0348063 
v 0.00910625 0.0527146 0.0347648 
v 0.00912979 0.0527218 0.0347206 
v 0.00914892 0.0527276 0.0346741 
v 0.00916346 0.052732 0.0346258 
v 0.00917326 0.052735 0.0345763 
v 0.00917821 0.0527365 0.0345259 
v 0.00876477 0.0523957 0.035 
v 0.00881224 0.0524125 0.0349975 
v 0.00885922 0.0524291 0.0349899 
v 0.00890524 0.0524454 0.0349773 
v 0.00894983 0.0524612 0.0349599 
v 0.00899254 0.0524763 0.0349378 
v 0.00903293 0.0524906 0.0349112 
v 0.0090706 0.0525039 0.0348805 
v 0.00910517 0.0525161 0.0348459 
v 0.00913627 0.0525271 0.0348078 
v 0.0091636 0.0525368 0.0347665 
v 0.00918687 0.052545 0.0347226 
v 0.00920585 0.0525517 0.0346764 
v 0.00922035 0.0525569 0.0346284 
v 0.00923022 0.0525604 0.034579 
v 0.00923535 0.0525622 0.0345289 
v 0.00919661 0.0526804 0.0345269 
v 0.00893806 0.0519739 0.035 
v 0.00898326 0.0519952 0.0349975 
v 0.009028 0.0520162 0.03499 
v 0.00907184 0.0520369 0.0349776 
v 0.00911434 0.0520569 0.0349605 
v 0.00915508 0.052076 0.0349387 
v 0.00919365 0.0520942 0.0349126 
v 0.00922966 0.0521111 0.0348823 
v 0.00926276 0.0521267 0.0348482 
v 0.00929261 0.0521407 0.0348106 
v 0.00931891 0.0521531 0.0347699 
v 0.0093414 0.0521637 0.0347265 
v 0.00935986 0.0521724 0.0346809 
v 0.0093741 0.0521791 0.0346334 
v 0.00938397 0.0521837 0.0345846 
v 0.00934936 0.052284 0.0345334 
v 0.00938939 0.0521863 0.034535 
v 0.00914836 0.0515786 0.035 
v 0.00919096 0.051604 0.0349975 
v 0.00923313 0.0516292 0.0349902 
v 0.00927447 0.0516539 0.0349779 
v 0.00931456 0.0516778 0.034961 
v 0.00935301 0.0517008 0.0349395 
v 0.00938945 0.0517225 0.0349137 
v 0.0094235 0.0517428 0.0348838 
v 0.00945484 0.0517615 0.0348502 
v 0.00948316 0.0517784 0.034813 
v 0.00950817 0.0517934 0.0347728 
v 0.00952964 0.0518062 0.0347299 
v 0.00954734 0.0518167 0.0346847 
v 0.0095611 0.051825 0.0346377 
v 0.0095708 0.0518307 0.0345893 
v 0.00953864 0.051905 0.034539 
v 0.00957632 0.051834 0.0345401 
v 0.00939444 0.0512087 0.035 
v 0.00943411 0.051238 0.0349976 
v 0.00947339 0.051267 0.0349903 
v 0.0095119 0.0512955 0.0349782 
v 0.00954927 0.0513231 0.0349615 
v 0.00958512 0.0513496 0.0349402 
v 0.00961912 0.0513747 0.0349147 
v 0.00965092 0.0513981 0.0348852 
v 0.00968023 0.0514198 0.0348518 
v 0.00970675 0.0514394 0.0348151 
v 0.00973022 0.0514567 0.0347752 
v 0.00975042 0.0514716 0.0347327 
v 0.00976715 0.051484 0.034688 
v 0.00978025 0.0514936 0.0346414 
v 0.00978958 0.0515005 0.0345934 
v 0.00979506 0.0515046 0.0345445 
v 0.00952928 0.0510351 0.035 
v 0.00956738 0.0510662 0.0349976 
v 0.00960511 0.051097 0.0349903 
v 0.0096421 0.0511272 0.0349783 
v 0.009678 0.0511566 0.0349617 
v 0.00971245 0.0511847 0.0349405 
v 0.00974513 0.0512114 0.0349152 
v 0.00977572 0.0512363 0.0348857 
v 0.00980391 0.0512594 0.0348526 
v 0.00982944 0.0512802 0.034816 
v 0.00985206 0.0512987 0.0347763 
v 0.00987155 0.0513146 0.034734 
v 0.00988772 0.0513278 0.0346894 
v 0.00990042 0.0513382 0.034643 
v 0.00990951 0.0513456 0.0345951 
v 0.00991492 0.05135 0.0345464 
v 0.00983138 0.0507007 0.035 
v 0.00986602 0.0507353 0.0349976 
v 0.00990032 0.0507695 0.0349904 
v 0.00993397 0.0508031 0.0349785 
v 0.00996662 0.0508357 0.034962 
v 0.00999798 0.050867 0.0349411 
v 0.0100277 0.0508967 0.0349159 
v 0.0100556 0.0509246 0.0348868 
v 0.0100813 0.0509502 0.0348539 
v 0.0101046 0.0509735 0.0348176 
v 0.0101253 0.0509942 0.0347783 
v 0.0101432 0.051012 0.0347363 
v 0.0101581 0.0510269 0.034692 
v 0.0101698 0.0510386 0.0346459 
v 0.0101783 0.051047 0.0345984 
v 0.0101834 0.0510522 0.0345499 
v 0.010031 0.0512212 0.0345479 
v 0.0101595 0.0504029 0.035 
v 0.0101905 0.0504405 0.0349976 
v 0.0102211 0.0504778 0.0349905 
v 0.0102512 0.0505144 0.0349787 
v 0.0102804 0.05055 0.0349623 
v 0.0103084 0.0505841 0.0349416 
v 0.010335 0.0506165 0.0349166 
v 0.01036 0.0506469 0.0348877 
v 0.010383 0.0506749 0.034855 
v 0.0104039 0.0507004 0.034819 
v 0.0104225 0.050723 0.0347799 
v 0.0104386 0.0507425 0.0347382 
v 0.010452 0.0507589 0.0346942 
v 0.0104626 0.0507718 0.0346484 
v 0.0104704 0.0507812 0.0346011 
v 0.0104751 0.050787 0.0345529 
v 0.0103267 0.050922 0.0345514 
v 0.0105129 0.0501404 0.035 
v 0.01054 0.0501808 0.0349976 
v 0.0105667 0.0502208 0.0349906 
v 0.010593 0.0502601 0.0349788 
v 0.0106185 0.0502982 0.0349626 
v 0.010643 0.0503348 0.034942 
v 0.0106662 0.0503695 0.0349171 
v 0.0106881 0.0504022 0.0348884 
v 0.0107082 0.0504323 0.0348559 
v 0.0107265 0.0504596 0.0348201 
v 0.0107428 0.050484 0.0347813 
v 0.0107569 0.0505051 0.0347398 
v 0.0107687 0.0505227 0.034696 
v 0.0107781 0.0505368 0.0346504 
v 0.010785 0.050547 0.0346034 
v 0.0106516 0.0506558 0.0345543 
v 0.0107893 0.0505534 0.0345553 
v 0.0106828 0.0500322 0.035 
v 0.010708 0.0500737 0.0349976 
v 0.0107329 0.0501148 0.0349906 
v 0.0107573 0.0501551 0.0349789 
v 0.010781 0.0501943 0.0349627 
v 0.0108038 0.0502319 0.0349421 
v 0.0108255 0.0502677 0.0349174 
v 0.0108458 0.0503012 0.0348887 
v 0.0108646 0.0503322 0.0348563 
v 0.0108817 0.0503604 0.0348206 
v 0.0108968 0.0503854 0.0347818 
v 0.01091 0.0504071 0.0347404 
v 0.010921 0.0504253 0.0346968 
v 0.0109298 0.0504398 0.0346512 
v 0.0109362 0.0504504 0.0346043 
v 0.0109403 0.0504571 0.0345563 
v 0.0110771 0.0498195 0.035 
v 0.0110979 0.0498632 0.0349977 
v 0.0111186 0.0499064 0.0349906 
v 0.0111388 0.0499489 0.034979 
v 0.0111585 0.0499902 0.0349629 
v 0.0111774 0.0500298 0.0349424 
v 0.0111953 0.0500675 0.0349178 
v 0.0112122 0.0501028 0.0348892 
v 0.0112277 0.0501355 0.034857 
v 0.0112419 0.0501652 0.0348215 
v 0.0112545 0.0501917 0.0347829 
v 0.0112654 0.0502146 0.0347416 
v 0.0112746 0.0502339 0.0346981 
v 0.0112819 0.0502493 0.0346528 
v 0.0112873 0.0502606 0.034606 
v 0.0112908 0.0502678 0.0345582 
v 0.0110013 0.0504241 0.0345566 
v 0.011484 0.0496496 0.035 
v 0.0115004 0.0496951 0.0349977 
v 0.0115166 0.0497401 0.0349907 
v 0.0115325 0.0497842 0.0349791 
v 0.011548 0.0498271 0.034963 
v 0.0115629 0.0498684 0.0349426 
v 0.011577 0.0499076 0.0349181 
v 0.0115903 0.0499444 0.0348896 
v 0.0116026 0.0499784 0.0348576 
v 0.0116137 0.0500094 0.0348221 
v 0.0116237 0.0500369 0.0347837 
v 0.0116323 0.0500609 0.0347426 
v 0.0116396 0.050081 0.0346992 
v 0.0116454 0.0500971 0.034654 
v 0.0116497 0.050109 0.0346073 
v 0.0116524 0.0501166 0.0345596 
v 0.0113744 0.0502328 0.0345585 
v 0.011903 0.0495213 0.035 
v 0.0119149 0.0495681 0.0349977 
v 0.0119266 0.0496144 0.0349907 
v 0.0119381 0.0496598 0.0349791 
v 0.0119493 0.049704 0.0349631 
v 0.0119601 0.0497464 0.0349428 
v 0.0119703 0.0497868 0.0349183 
v 0.0119799 0.0498247 0.03489 
v 0.0119888 0.0498597 0.0348579 
v 0.0119968 0.0498916 0.0348226 
v 0.012004 0.04992 0.0347842 
v 0.0120103 0.0499448 0.0347432 
v 0.0120156 0.0499655 0.0347 
v 0.0120198 0.0499822 0.0346548 
v 0.0120229 0.0499945 0.0346083 
v 0.0120249 0.0500024 0.0345607 
v 0.0117651 0.0500821 0.0345599 
v 0.012089 0.0494784 0.035 
v 0.0120988 0.0495256 0.0349977 
v 0.0121086 0.0495723 0.0349907 
v 0.0121181 0.0496182 0.0349792 
v 0.0121274 0.0496628 0.0349632 
v 0.0121363 0.0497057 0.0349428 
v 0.0121448 0.0497464 0.0349184 
v 0.0121528 0.0497846 0.0348901 
v 0.0121602 0.04982 0.0348581 
v 0.0121669 0.0498522 0.0348228 
v 0.0121729 0.049881 0.0347844 
v 0.0121781 0.0499059 0.0347435 
v 0.0121824 0.0499269 0.0347002 
v 0.0121859 0.0499437 0.0346551 
v 0.0121885 0.0499562 0.0346086 
v 0.0121902 0.0499642 0.034561 
v 0.0125242 0.0494099 0.035 
v 0.0125293 0.0494578 0.0349977 
v 0.0125344 0.0495053 0.0349907 
v 0.0125394 0.0495518 0.0349792 
v 0.0125442 0.0495971 0.0349632 
v 0.0125489 0.0496406 0.0349429 
v 0.0125533 0.0496819 0.0349185 
v 0.0125575 0.0497207 0.0348902 
v 0.0125613 0.0497567 0.0348583 
v 0.0125649 0.0497894 0.034823 
v 0.012568 0.0498186 0.0347847 
v 0.0125707 0.0498439 0.0347438 
v 0.012573 0.0498653 0.0347006 
v 0.0125748 0.0498824 0.0346556 
v 0.0125762 0.0498951 0.0346091 
v 0.0125771 0.0499033 0.0345616 
v 0.013 0.0493845 0.035 
v 0.013 0.0494326 0.0349977 
v 0.013 0.049436 0.0349972 
v 0.013 0.0494804 0.0349907 
v 0.013 0.049487 0.0349891 
v 0.013 0.0495272 0.0349792 
v 0.013 0.0495369 0.0349758 
v 0.013 0.0495727 0.0349632 
v 0.013 0.0495852 0.0349574 
v 0.013 0.0496164 0.034943 
v 0.013 0.0496313 0.0349342 
v 0.013 0.049658 0.0349186 
v 0.013 0.0496747 0.0349064 
v 0.013 0.049697 0.0348903 
v 0.013 0.0497151 0.0348743 
v 0.013 0.0497332 0.0348584 
v 0.013 0.049752 0.0348382 
v 0.013 0.0497661 0.0348231 
v 0.013 0.0497849 0.0347985 
v 0.013 0.0498136 0.0347556 
v 0.013 0.0497954 0.0347849 
v 0.013 0.0498209 0.034744 
v 0.013 0.0498378 0.03471 
v 0.013 0.0498424 0.0347008 
v 0.013 0.0498572 0.0346622 
v 0.013 0.0498596 0.0346557 
v 0.013 0.0498715 0.0346126 
v 0.013 0.0498724 0.0346093 
v 0.013 0.0498807 0.0345618 
v 0.0125819 0.049903 0.0345616 
v 0.009 0.0539451 0.0345 
vn 0 0 1 
vn 0 0 1 
vn 0.102691 0.010219 0.994661 
vn 0.104528 0 0.994522 
vn 0.204285 0.0203288 0.9787 
vn 0.207912 0 0.978148 
vn 0.303698 0.0302216 0.952289 
vn 0.309017 0 0.951057 
vn 0.399868 0.0397917 0.915709 
vn 0.406737 0 0.913545 
vn 0.491768 0.0489368 0.86935 
vn 0.5 0 0.866025 
vn 0.578416 0.0575594 0.813709 
vn 0.587785 0 0.809017 
vn 0.658888 0.0655673 0.749378 
vn 0.669131 0 0.743145 
vn 0.732325 0.0728751 0.677045 
vn 0.743145 0 0.669131 
vn 0.797941 0.0794047 0.597482 
vn 0.809017 -1.38778e-14 0.587785 
vn 0.855036 0.0850864 0.51154 
vn 0.866025 -1.38778e-14 0.5 
vn 0.903002 0.0898596 0.420135 
vn 0.913545 -1.38778e-14 0.406737 
vn 0.941324 0.0936731 0.324243 
vn 0.951057 -1.38778e-14 0.309017 
vn 0.969595 0.0964864 0.224889 
vn 0.978148 -1.38778e-14 0.207912 
vn 0.987513 0.0982694 0.123134 
vn 0.994522 -1.38778e-14 0.104528 
vn 0.994885 0.099003 0.0200641 
vn 0 0 1 
vn 0.100085 0.0200079 0.994778 
vn 0.199126 0.0398068 0.979165 
vn 0.296086 0.05919 0.953326 
vn 0.389954 0.0779549 0.917529 
vn 0.479748 0.0959056 0.872149 
vn 0.564532 0.112855 0.817659 
vn 0.64342 0.128625 0.75463 
vn 0.715587 0.143052 0.683719 
vn 0.780281 0.155984 0.605666 
vn 0.836824 0.167288 0.521287 
vn 0.884627 0.176844 0.431464 
vn 0.92319 0.184553 0.337134 
vn 0.952111 0.190335 0.239283 
vn 0.971088 0.194128 0.138933 
vn 0.979922 0.195894 0.0371313 
vn 0.994525 0.102438 0.0206405 
vn 0 0 1 
vn 0.0967166 0.0294143 0.994877 
vn 0.192442 0.0585273 0.979561 
vn 0.286196 0.0870406 0.954209 
vn 0.377018 0.114662 0.919081 
vn 0.463977 0.141109 0.874536 
vn 0.546182 0.16611 0.821031 
vn 0.622792 0.189409 0.759115 
vn 0.69302 0.210768 0.68942 
vn 0.756148 0.229967 0.612662 
vn 0.811529 0.24681 0.529627 
vn 0.858596 0.261124 0.441166 
vn 0.896865 0.272763 0.348185 
vn 0.925946 0.281607 0.251636 
vn 0.94554 0.287566 0.15251 
vn 0.955447 0.290579 0.0518205 
vn 0 0 1 
vn 0.0949244 0.0335828 0.994918 
vn 0.188884 0.0668242 0.979723 
vn 0.280924 0.0993864 0.95457 
vn 0.370108 0.130938 0.919715 
vn 0.45553 0.16116 0.875511 
vn 0.536322 0.189743 0.822409 
vn 0.611663 0.216397 0.760947 
vn 0.680787 0.240852 0.691751 
vn 0.742991 0.262859 0.615523 
vn 0.797644 0.282194 0.53304 
vn 0.844188 0.298661 0.445138 
vn 0.882152 0.312092 0.352712 
vn 0.91115 0.322351 0.256701 
vn 0.930887 0.329333 0.15808 
vn 0.941161 0.332969 0.0578532 
vn 0.951067 0.304287 0.0536671 
vn 0 0 1 
vn 0.0903859 0.0425222 0.994999 
vn 0.179868 0.0846191 0.980045 
vn 0.26755 0.12587 0.955287 
vn 0.352557 0.165861 0.920974 
vn 0.434036 0.204193 0.877449 
vn 0.511175 0.240483 0.825147 
vn 0.5832 0.274367 0.764592 
vn 0.649391 0.305507 0.696388 
vn 0.709087 0.333591 0.621218 
vn 0.76169 0.358338 0.539835 
vn 0.806674 0.379501 0.453052 
vn 0.843589 0.396868 0.361737 
vn 0.872066 0.410265 0.266803 
vn 0.891819 0.419558 0.169201 
vn 0.913594 0.401194 0.0662596 
vn 0.902653 0.424655 0.0699064 
vn 0 0 1 
vn 0.0851875 0.0508446 0.995067 
vn 0.169534 0.101188 0.980316 
vn 0.252209 0.150532 0.955893 
vn 0.332395 0.198391 0.922038 
vn 0.409301 0.244293 0.879087 
vn 0.482169 0.287785 0.827462 
vn 0.55028 0.328437 0.767673 
vn 0.612961 0.365849 0.700309 
vn 0.669595 0.399651 0.626036 
vn 0.719622 0.42951 0.545587 
vn 0.762549 0.455131 0.459754 
vn 0.797953 0.476262 0.369386 
vn 0.825483 0.492694 0.275372 
vn 0.844869 0.504265 0.178642 
vn 0.866068 0.493867 0.0775965 
vn 0.855919 0.51086 0.0801496 
vn 0 0 1 
vn 0.0793344 0.0585877 0.995125 
vn 0.157895 0.116604 0.980547 
vn 0.234917 0.173484 0.956409 
vn 0.309647 0.228672 0.922945 
vn 0.381359 0.28163 0.880483 
vn 0.449353 0.331842 0.829435 
vn 0.512965 0.378819 0.770301 
vn 0.571575 0.422103 0.703655 
vn 0.624613 0.46127 0.630149 
vn 0.67156 0.495941 0.550499 
vn 0.71196 0.525775 0.465482 
vn 0.745418 0.550484 0.375926 
vn 0.771608 0.569825 0.282704 
vn 0.790274 0.58361 0.186726 
vn 0.801235 0.591704 0.0889277 
vn 0 0 1 
vn 0.0761945 0.062209 0.99515 
vn 0.15165 0.123815 0.980649 
vn 0.225635 0.184219 0.956636 
vn 0.297431 0.242837 0.923344 
vn 0.366342 0.2991 0.881097 
vn 0.4317 0.352462 0.830304 
vn 0.492871 0.402405 0.771458 
vn 0.549262 0.448445 0.70513 
vn 0.600325 0.490136 0.631962 
vn 0.645566 0.527073 0.552665 
vn 0.684545 0.558897 0.468008 
vn 0.716885 0.585301 0.378811 
vn 0.742272 0.606028 0.28594 
vn 0.760459 0.620877 0.190296 
vn 0.771271 0.629705 0.0928062 
vn 0 0 1 
vn 0.0692765 0.0691648 0.995197 
vn 0.137887 0.137665 0.980834 
vn 0.205174 0.204843 0.957049 
vn 0.270489 0.270053 0.924071 
vn 0.333207 0.332669 0.882216 
vn 0.392723 0.39209 0.831886 
vn 0.448467 0.447744 0.773565 
vn 0.499903 0.499097 0.707813 
vn 0.546536 0.545655 0.635262 
vn 0.58792 0.586972 0.556609 
vn 0.623656 0.622651 0.472609 
vn 0.653401 0.652348 0.384069 
vn 0.67687 0.675779 0.291839 
vn 0.693837 0.692718 0.196806 
vn 0.704138 0.703003 0.0998826 
vn 0.743244 0.66225 0.0949367 
vn 0 0 1 
vn 0.0618902 0.0753374 0.995236 
vn 0.123191 0.149957 0.980988 
vn 0.183317 0.223148 0.957392 
vn 0.241697 0.294212 0.924674 
vn 0.297774 0.362473 0.883145 
vn 0.351013 0.42728 0.8332 
vn 0.400907 0.488015 0.775316 
vn 0.446982 0.5441 0.710044 
vn 0.488797 0.595001 0.638006 
vn 0.525954 0.640232 0.559889 
vn 0.5581 0.679362 0.476436 
vn 0.584928 0.712019 0.388444 
vn 0.606182 0.737891 0.296751 
vn 0.62166 0.756732 0.202229 
vn 0.631214 0.768362 0.105781 
vn 0.669223 0.736056 0.101797 
vn 0 0 1 
vn 0.0540369 0.080761 0.995268 
vn 0.107562 0.160758 0.981115 
vn 0.16007 0.239233 0.957677 
vn 0.211062 0.315444 0.925175 
vn 0.260057 0.388669 0.883916 
vn 0.30659 0.458215 0.834291 
vn 0.350222 0.523425 0.776769 
vn 0.390539 0.583681 0.711896 
vn 0.427159 0.638412 0.640285 
vn 0.459737 0.687101 0.562614 
vn 0.487963 0.729287 0.479618 
vn 0.511571 0.76457 0.392082 
vn 0.530337 0.792617 0.300835 
vn 0.544083 0.813161 0.206741 
vn 0.587864 0.801781 0.107529 
vn 0.55268 0.82601 0.110691 
vn 0 0 1 
vn 0.0502894 0.082994 0.99528 
vn 0.100104 0.165205 0.981166 
vn 0.148974 0.245856 0.95779 
vn 0.196437 0.324186 0.925373 
vn 0.242047 0.399456 0.884222 
vn 0.285371 0.470956 0.834724 
vn 0.326002 0.53801 0.777346 
vn 0.363556 0.599986 0.712631 
vn 0.397678 0.656299 0.64119 
vn 0.428046 0.706416 0.563696 
vn 0.454374 0.749865 0.480881 
vn 0.476412 0.786236 0.393527 
vn 0.493954 0.815186 0.302458 
vn 0.506833 0.836441 0.208534 
vn 0.514928 0.8498 0.112642 
vn 0 0 1 
vn 0.0416432 0.0873769 0.995305 
vn 0.0828953 0.173933 0.981262 
vn 0.123369 0.258856 0.958005 
vn 0.162684 0.341348 0.925751 
vn 0.200471 0.420635 0.884804 
vn 0.236376 0.495971 0.835547 
vn 0.270061 0.56665 0.778444 
vn 0.30121 0.632007 0.71403 
vn 0.32953 0.69143 0.642912 
vn 0.354756 0.744359 0.565755 
vn 0.37665 0.790297 0.483286 
vn 0.395007 0.828815 0.396278 
vn 0.409654 0.859549 0.305548 
vn 0.420455 0.88221 0.21195 
vn 0.427307 0.896588 0.116361 
vn 0.500066 0.858629 0.112649 
vn 0 0 1 
vn 0.0327784 0.0908707 0.995323 
vn 0.0652502 0.180891 0.981336 
vn 0.0971116 0.26922 0.95817 
vn 0.128065 0.35503 0.926041 
vn 0.15782 0.43752 0.885251 
vn 0.186099 0.515917 0.83618 
vn 0.212637 0.589489 0.779287 
vn 0.237186 0.657546 0.715106 
vn 0.259517 0.719453 0.644235 
vn 0.27942 0.77463 0.567338 
vn 0.29671 0.822562 0.485135 
vn 0.311224 0.862799 0.398393 
vn 0.322827 0.894966 0.307926 
vn 0.331411 0.918762 0.214577 
vn 0.336894 0.933964 0.119222 
vn 0.406804 0.906091 0.11623 
vn 0 0 1 
vn 0.0236898 0.0935071 0.995337 
vn 0.0471587 0.186142 0.98139 
vn 0.0701877 0.277041 0.958291 
vn 0.0925621 0.365356 0.926254 
vn 0.114073 0.450264 0.885579 
vn 0.13452 0.530972 0.836644 
vn 0.153713 0.606728 0.779906 
vn 0.171472 0.676825 0.715894 
vn 0.187632 0.74061 0.645206 
vn 0.202042 0.797488 0.5685 
vn 0.214567 0.846928 0.486492 
vn 0.225092 0.888469 0.399946 
vn 0.233517 0.921723 0.309671 
vn 0.239764 0.946382 0.216507 
vn 0.243775 0.962213 0.121324 
vn 0.309079 0.943574 0.118907 
vn 0 0 1 
vn 0.019666 0.0943881 0.995341 
vn 0.0391487 0.187897 0.981408 
vn 0.0582667 0.279655 0.958331 
vn 0.0768418 0.368807 0.926324 
vn 0.0947009 0.454522 0.885687 
vn 0.111678 0.536003 0.836797 
vn 0.127614 0.61249 0.78011 
vn 0.142361 0.683269 0.716154 
vn 0.155782 0.747682 0.645525 
vn 0.167751 0.805129 0.568882 
vn 0.178157 0.855074 0.486938 
vn 0.186903 0.897051 0.400457 
vn 0.193908 0.930671 0.310245 
vn 0.199105 0.955618 0.217142 
vn 0.202448 0.971662 0.122016 
vn 0 0 1 
vn 0.0102649 0.0957936 0.995348 
vn 0.0204342 0.190696 0.981436 
vn 0.0304135 0.283824 0.958394 
vn 0.0401098 0.374312 0.926435 
vn 0.0494329 0.461317 0.885857 
vn 0.0582962 0.544031 0.837038 
vn 0.0666171 0.621683 0.780431 
vn 0.0743182 0.693551 0.716564 
vn 0.0813279 0.758967 0.64603 
vn 0.087581 0.817322 0.569486 
vn 0.0930193 0.868073 0.487643 
vn 0.0975922 0.910748 0.401264 
vn 0.101257 0.94495 0.311152 
vn 0.10398 0.970361 0.218145 
vn 0.105736 0.986744 0.123109 
vn 0 0 1 
vn 0 0.0963151 0.995351 
vn 0 0.103158 0.994665 
vn 0 0.191735 0.981447 
vn 0 0.205222 0.978715 
vn 0 0.285371 0.958417 
vn 0 0.3051 0.95232 
vn 0 0.376355 0.926476 
vn 0 0.401725 0.91576 
vn 0 0.463839 0.88592 
vn 0 0.494066 0.869424 
vn 0 0.54701 0.837126 
vn 0 0.581134 0.813808 
vn 0 0.625094 0.780549 
vn 0 0.662001 0.749503 
vn 0 0.697367 0.716714 
vn 0 0.7358 0.677199 
vn 0 0.763155 0.646215 
vn 0 0.801745 0.597666 
vn 0 0.859131 0.511756 
vn 0 0.821847 0.569708 
vn 0 0.872898 0.487903 
vn 0 0.907346 0.420386 
vn 0 0.915832 0.401561 
vn 0 0.945875 0.324532 
vn 0 0.950251 0.311486 
vn 0 0.974308 0.22522 
vn 0 0.975834 0.218514 
vn 0 0.992343 0.123511 
vn 0.104533 0.98688 0.123051 
vn 1 -1.38778e-14 0 
f 1938//1938 1939//1939 1940//1940 
f 1941//1941 1940//1940 1942//1942 
f 1943//1943 1942//1942 1944//1944 
f 1945//1945 1944//1944 1946//1946 
f 1947//1947 1946//1946 1948//1948 
f 1949//1949 1948//1948 1950//1950 
f 1951//1951 1950//1950 1952//1952 
f 1953//1953 1952//1952 1954//1954 
f 1955//1955 1954//1954 1956//1956 
f 1957//1957 1956//1956 1958//1958 
f 1959//1959 1958//1958 1960//1960 
f 1961//1961 1960//1960 1962//1962 
f 1963//1963 1962//1962 1964//1964 
f 1965//1965 1964//1964 1966//1966 
f 1967//1967 1966//1966 1968//1968 
f 1939//1939 1969//1969 1970//1970 
f 1942//1942 1940//1940 1970//1970 
f 1944//1944 1942//1942 1971//1971 
f 1946//1946 1944//1944 1972//1972 
f 1948//1948 1946//1946 1973//1973 
f 1950//1950 1948//1948 1974//1974 
f 1952//1952 1950//1950 1975//1975 
f 1954//1954 1952//1952 1976//1976 
f 1956//1956 1954//1954 1977//1977 
f 1958//1958 1956//1956 1978//1978 
f 1960//1960 1958//1958 1979//1979 
f 1962//1962 1960//1960 1980//1980 
f 1964//1964 1962//1962 1981//1981 
f 1966//1966 1964//1964 1982//1982 
f 1983//1983 1984//1984 1985//1985 
f 1985//1985 1966//1966 1983//1983 
f 1969//1969 1986//1986 1987//1987 
f 1971//1971 1970//1970 1987//1987 
f 1972//1972 1971//1971 1988//1988 
f 1973//1973 1972//1972 1989//1989 
f 1974//1974 1973//1973 1990//1990 
f 1975//1975 1974//1974 1991//1991 
f 1976//1976 1975//1975 1992//1992 
f 1977//1977 1976//1976 1993//1993 
f 1978//1978 1977//1977 1994//1994 
f 1979//1979 1978//1978 1995//1995 
f 1980//1980 1979//1979 1996//1996 
f 1981//1981 1980//1980 1997//1997 
f 1982//1982 1981//1981 1998//1998 
f 1983//1983 1982//1982 1999//1999 
f 1983//1983 2000//2000 2001//2001 
f 1986//1986 2002//2002 2003//2003 
f 1988//1988 1987//1987 2003//2003 
f 1989//1989 1988//1988 2004//2004 
f 1990//1990 1989//1989 2005//2005 
f 1991//1991 1990//1990 2006//2006 
f 1992//1992 1991//1991 2007//2007 
f 1993//1993 1992//1992 2008//2008 
f 1994//1994 1993//1993 2009//2009 
f 1995//1995 1994//1994 2010//2010 
f 1996//1996 1995//1995 2011//2011 
f 1997//1997 1996//1996 2012//2012 
f 1998//1998 1997//1997 2013//2013 
f 1999//1999 1998//1998 2014//2014 
f 2000//2000 1999//1999 2015//2015 
f 2016//2016 2017//2017 2018//2018 
f 2018//2018 2000//2000 2016//2016 
f 2002//2002 2019//2019 2020//2020 
f 2004//2004 2003//2003 2020//2020 
f 2005//2005 2004//2004 2021//2021 
f 2006//2006 2005//2005 2022//2022 
f 2007//2007 2006//2006 2023//2023 
f 2008//2008 2007//2007 2024//2024 
f 2009//2009 2008//2008 2025//2025 
f 2010//2010 2009//2009 2026//2026 
f 2011//2011 2010//2010 2027//2027 
f 2012//2012 2011//2011 2028//2028 
f 2013//2013 2012//2012 2029//2029 
f 2014//2014 2013//2013 2030//2030 
f 2015//2015 2014//2014 2031//2031 
f 2016//2016 2015//2015 2032//2032 
f 2016//2016 2033//2033 2034//2034 
f 2033//2033 2035//2035 2034//2034 
f 2019//2019 2036//2036 2037//2037 
f 2021//2021 2020//2020 2037//2037 
f 2022//2022 2021//2021 2038//2038 
f 2023//2023 2022//2022 2039//2039 
f 2024//2024 2023//2023 2040//2040 
f 2025//2025 2024//2024 2041//2041 
f 2026//2026 2025//2025 2042//2042 
f 2027//2027 2026//2026 2043//2043 
f 2028//2028 2027//2027 2044//2044 
f 2029//2029 2028//2028 2045//2045 
f 2030//2030 2029//2029 2046//2046 
f 2031//2031 2030//2030 2047//2047 
f 2032//2032 2031//2031 2048//2048 
f 2033//2033 2032//2032 2049//2049 
f 2033//2033 2050//2050 2051//2051 
f 2050//2050 2052//2052 2051//2051 
f 2036//2036 2053//2053 2054//2054 
f 2038//2038 2037//2037 2054//2054 
f 2039//2039 2038//2038 2055//2055 
f 2040//2040 2039//2039 2056//2056 
f 2041//2041 2040//2040 2057//2057 
f 2042//2042 2041//2041 2058//2058 
f 2043//2043 2042//2042 2059//2059 
f 2044//2044 2043//2043 2060//2060 
f 2045//2045 2044//2044 2061//2061 
f 2046//2046 2045//2045 2062//2062 
f 2047//2047 2046//2046 2063//2063 
f 2048//2048 2047//2047 2064//2064 
f 2049//2049 2048//2048 2065//2065 
f 2050//2050 2049//2049 2066//2066 
f 2050//2050 2067//2067 2068//2068 
f 2053//2053 2069//2069 2070//2070 
f 2055//2055 2054//2054 2070//2070 
f 2056//2056 2055//2055 2071//2071 
f 2057//2057 2056//2056 2072//2072 
f 2058//2058 2057//2057 2073//2073 
f 2059//2059 2058//2058 2074//2074 
f 2060//2060 2059//2059 2075//2075 
f 2061//2061 2060//2060 2076//2076 
f 2062//2062 2061//2061 2077//2077 
f 2063//2063 2062//2062 2078//2078 
f 2064//2064 2063//2063 2079//2079 
f 2065//2065 2064//2064 2080//2080 
f 2066//2066 2065//2065 2081//2081 
f 2067//2067 2066//2066 2082//2082 
f 2067//2067 2083//2083 2084//2084 
f 2069//2069 2085//2085 2086//2086 
f 2071//2071 2070//2070 2086//2086 
f 2072//2072 2071//2071 2087//2087 
f 2073//2073 2072//2072 2088//2088 
f 2074//2074 2073//2073 2089//2089 
f 2075//2075 2074//2074 2090//2090 
f 2076//2076 2075//2075 2091//2091 
f 2077//2077 2076//2076 2092//2092 
f 2078//2078 2077//2077 2093//2093 
f 2079//2079 2078//2078 2094//2094 
f 2080//2080 2079//2079 2095//2095 
f 2081//2081 2080//2080 2096//2096 
f 2082//2082 2081//2081 2097//2097 
f 2083//2083 2082//2082 2098//2098 
f 2099//2099 2100//2100 2101//2101 
f 2101//2101 2083//2083 2099//2099 
f 2085//2085 2102//2102 2103//2103 
f 2087//2087 2086//2086 2103//2103 
f 2088//2088 2087//2087 2104//2104 
f 2089//2089 2088//2088 2105//2105 
f 2090//2090 2089//2089 2106//2106 
f 2091//2091 2090//2090 2107//2107 
f 2092//2092 2091//2091 2108//2108 
f 2093//2093 2092//2092 2109//2109 
f 2094//2094 2093//2093 2110//2110 
f 2095//2095 2094//2094 2111//2111 
f 2096//2096 2095//2095 2112//2112 
f 2097//2097 2096//2096 2113//2113 
f 2098//2098 2097//2097 2114//2114 
f 2099//2099 2098//2098 2115//2115 
f 2116//2116 2117//2117 2118//2118 
f 2118//2118 2099//2099 2116//2116 
f 2102//2102 2119//2119 2120//2120 
f 2104//2104 2103//2103 2120//2120 
f 2105//2105 2104//2104 2121//2121 
f 2106//2106 2105//2105 2122//2122 
f 2107//2107 2106//2106 2123//2123 
f 2108//2108 2107//2107 2124//2124 
f 2109//2109 2108//2108 2125//2125 
f 2110//2110 2109//2109 2126//2126 
f 2111//2111 2110//2110 2127//2127 
f 2112//2112 2111//2111 2128//2128 
f 2113//2113 2112//2112 2129//2129 
f 2114//2114 2113//2113 2130//2130 
f 2115//2115 2114//2114 2131//2131 
f 2116//2116 2115//2115 2132//2132 
f 2116//2116 2133//2133 2134//2134 
f 2133//2133 2135//2135 2134//2134 
f 2119//2119 2136//2136 2137//2137 
f 2121//2121 2120//2120 2137//2137 
f 2122//2122 2121//2121 2138//2138 
f 2123//2123 2122//2122 2139//2139 
f 2124//2124 2123//2123 2140//2140 
f 2125//2125 2124//2124 2141//2141 
f 2126//2126 2125//2125 2142//2142 
f 2127//2127 2126//2126 2143//2143 
f 2128//2128 2127//2127 2144//2144 
f 2129//2129 2128//2128 2145//2145 
f 2130//2130 2129//2129 2146//2146 
f 2131//2131 2130//2130 2147//2147 
f 2132//2132 2131//2131 2148//2148 
f 2133//2133 2132//2132 2149//2149 
f 2133//2133 2150//2150 2151//2151 
f 2136//2136 2152//2152 2153//2153 
f 2138//2138 2137//2137 2153//2153 
f 2139//2139 2138//2138 2154//2154 
f 2140//2140 2139//2139 2155//2155 
f 2141//2141 2140//2140 2156//2156 
f 2142//2142 2141//2141 2157//2157 
f 2143//2143 2142//2142 2158//2158 
f 2144//2144 2143//2143 2159//2159 
f 2145//2145 2144//2144 2160//2160 
f 2146//2146 2145//2145 2161//2161 
f 2147//2147 2146//2146 2162//2162 
f 2148//2148 2147//2147 2163//2163 
f 2149//2149 2148//2148 2164//2164 
f 2150//2150 2149//2149 2165//2165 
f 2166//2166 2167//2167 2168//2168 
f 2168//2168 2150//2150 2166//2166 
f 2152//2152 2169//2169 2170//2170 
f 2154//2154 2153//2153 2170//2170 
f 2155//2155 2154//2154 2171//2171 
f 2156//2156 2155//2155 2172//2172 
f 2157//2157 2156//2156 2173//2173 
f 2158//2158 2157//2157 2174//2174 
f 2159//2159 2158//2158 2175//2175 
f 2160//2160 2159//2159 2176//2176 
f 2161//2161 2160//2160 2177//2177 
f 2162//2162 2161//2161 2178//2178 
f 2163//2163 2162//2162 2179//2179 
f 2164//2164 2163//2163 2180//2180 
f 2165//2165 2164//2164 2181//2181 
f 2166//2166 2165//2165 2182//2182 
f 2183//2183 2184//2184 2185//2185 
f 2185//2185 2166//2166 2183//2183 
f 2169//2169 2186//2186 2187//2187 
f 2171//2171 2170//2170 2187//2187 
f 2172//2172 2171//2171 2188//2188 
f 2173//2173 2172//2172 2189//2189 
f 2174//2174 2173//2173 2190//2190 
f 2175//2175 2174//2174 2191//2191 
f 2176//2176 2175//2175 2192//2192 
f 2177//2177 2176//2176 2193//2193 
f 2178//2178 2177//2177 2194//2194 
f 2179//2179 2178//2178 2195//2195 
f 2180//2180 2179//2179 2196//2196 
f 2181//2181 2180//2180 2197//2197 
f 2182//2182 2181//2181 2198//2198 
f 2183//2183 2182//2182 2199//2199 
f 2200//2200 2201//2201 2202//2202 
f 2202//2202 2183//2183 2200//2200 
f 2186//2186 2203//2203 2204//2204 
f 2188//2188 2187//2187 2204//2204 
f 2189//2189 2188//2188 2205//2205 
f 2190//2190 2189//2189 2206//2206 
f 2191//2191 2190//2190 2207//2207 
f 2192//2192 2191//2191 2208//2208 
f 2193//2193 2192//2192 2209//2209 
f 2194//2194 2193//2193 2210//2210 
f 2195//2195 2194//2194 2211//2211 
f 2196//2196 2195//2195 2212//2212 
f 2197//2197 2196//2196 2213//2213 
f 2198//2198 2197//2197 2214//2214 
f 2199//2199 2198//2198 2215//2215 
f 2200//2200 2199//2199 2216//2216 
f 2200//2200 2217//2217 2218//2218 
f 2203//2203 2219//2219 2220//2220 
f 2205//2205 2204//2204 2220//2220 
f 2206//2206 2205//2205 2221//2221 
f 2207//2207 2206//2206 2222//2222 
f 2208//2208 2207//2207 2223//2223 
f 2209//2209 2208//2208 2224//2224 
f 2210//2210 2209//2209 2225//2225 
f 2211//2211 2210//2210 2226//2226 
f 2212//2212 2211//2211 2227//2227 
f 2213//2213 2212//2212 2228//2228 
f 2214//2214 2213//2213 2229//2229 
f 2215//2215 2214//2214 2230//2230 
f 2216//2216 2215//2215 2231//2231 
f 2217//2217 2216//2216 2232//2232 
f 2217//2217 2233//2233 2234//2234 
f 2219//2219 2235//2235 2236//2236 
f 2220//2220 2237//2237 2238//2238 
f 2220//2220 2236//2236 2237//2237 
f 2221//2221 2239//2239 2240//2240 
f 2221//2221 2238//2238 2239//2239 
f 2222//2222 2241//2241 2242//2242 
f 2222//2222 2240//2240 2241//2241 
f 2223//2223 2243//2243 2244//2244 
f 2223//2223 2242//2242 2243//2243 
f 2224//2224 2245//2245 2246//2246 
f 2224//2224 2244//2244 2245//2245 
f 2225//2225 2247//2247 2248//2248 
f 2225//2225 2246//2246 2247//2247 
f 2226//2226 2249//2249 2250//2250 
f 2226//2226 2248//2248 2249//2249 
f 2227//2227 2251//2251 2252//2252 
f 2227//2227 2250//2250 2251//2251 
f 2229//2229 2228//2228 2253//2253 
f 2228//2228 2252//2252 2253//2253 
f 2230//2230 2229//2229 2254//2254 
f 2229//2229 2255//2255 2254//2254 
f 2230//2230 2256//2256 2257//2257 
f 2257//2257 2231//2231 2230//2230 
f 2231//2231 2258//2258 2259//2259 
f 2259//2259 2232//2232 2231//2231 
f 2232//2232 2260//2260 2261//2261 
f 2261//2261 2233//2233 2232//2232 
f 2262//2262 2263//2263 2264//2264 
f 2264//2264 2233//2233 2262//2262 
f 2264//2264 2234//2234 2233//2233 
f 2261//2261 2262//2262 2233//2233 
f 2259//2259 2260//2260 2232//2232 
f 2257//2257 2258//2258 2231//2231 
f 2254//2254 2256//2256 2230//2230 
f 2253//2253 2255//2255 2229//2229 
f 2252//2252 2228//2228 2227//2227 
f 2250//2250 2227//2227 2226//2226 
f 2248//2248 2226//2226 2225//2225 
f 2246//2246 2225//2225 2224//2224 
f 2244//2244 2224//2224 2223//2223 
f 2242//2242 2223//2223 2222//2222 
f 2240//2240 2222//2222 2221//2221 
f 2238//2238 2221//2221 2220//2220 
f 2236//2236 2220//2220 2219//2219 
f 2234//2234 2218//2218 2217//2217 
f 2232//2232 2233//2233 2217//2217 
f 2231//2231 2232//2232 2216//2216 
f 2230//2230 2231//2231 2215//2215 
f 2229//2229 2230//2230 2214//2214 
f 2228//2228 2229//2229 2213//2213 
f 2227//2227 2228//2228 2212//2212 
f 2226//2226 2227//2227 2211//2211 
f 2225//2225 2226//2226 2210//2210 
f 2224//2224 2225//2225 2209//2209 
f 2223//2223 2224//2224 2208//2208 
f 2222//2222 2223//2223 2207//2207 
f 2221//2221 2222//2222 2206//2206 
f 2220//2220 2221//2221 2205//2205 
f 2220//2220 2204//2204 2203//2203 
f 2218//2218 2201//2201 2200//2200 
f 2216//2216 2217//2217 2200//2200 
f 2215//2215 2216//2216 2199//2199 
f 2214//2214 2215//2215 2198//2198 
f 2213//2213 2214//2214 2197//2197 
f 2212//2212 2213//2213 2196//2196 
f 2211//2211 2212//2212 2195//2195 
f 2210//2210 2211//2211 2194//2194 
f 2209//2209 2210//2210 2193//2193 
f 2208//2208 2209//2209 2192//2192 
f 2207//2207 2208//2208 2191//2191 
f 2206//2206 2207//2207 2190//2190 
f 2205//2205 2206//2206 2189//2189 
f 2204//2204 2205//2205 2188//2188 
f 2204//2204 2187//2187 2186//2186 
f 2202//2202 2184//2184 2183//2183 
f 2199//2199 2200//2200 2183//2183 
f 2198//2198 2199//2199 2182//2182 
f 2197//2197 2198//2198 2181//2181 
f 2196//2196 2197//2197 2180//2180 
f 2195//2195 2196//2196 2179//2179 
f 2194//2194 2195//2195 2178//2178 
f 2193//2193 2194//2194 2177//2177 
f 2192//2192 2193//2193 2176//2176 
f 2191//2191 2192//2192 2175//2175 
f 2190//2190 2191//2191 2174//2174 
f 2189//2189 2190//2190 2173//2173 
f 2188//2188 2189//2189 2172//2172 
f 2187//2187 2188//2188 2171//2171 
f 2187//2187 2170//2170 2169//2169 
f 2185//2185 2167//2167 2166//2166 
f 2182//2182 2183//2183 2166//2166 
f 2181//2181 2182//2182 2165//2165 
f 2180//2180 2181//2181 2164//2164 
f 2179//2179 2180//2180 2163//2163 
f 2178//2178 2179//2179 2162//2162 
f 2177//2177 2178//2178 2161//2161 
f 2176//2176 2177//2177 2160//2160 
f 2175//2175 2176//2176 2159//2159 
f 2174//2174 2175//2175 2158//2158 
f 2173//2173 2174//2174 2157//2157 
f 2172//2172 2173//2173 2156//2156 
f 2171//2171 2172//2172 2155//2155 
f 2170//2170 2171//2171 2154//2154 
f 2170//2170 2153//2153 2152//2152 
f 2168//2168 2151//2151 2150//2150 
f 2165//2165 2166//2166 2150//2150 
f 2164//2164 2165//2165 2149//2149 
f 2163//2163 2164//2164 2148//2148 
f 2162//2162 2163//2163 2147//2147 
f 2161//2161 2162//2162 2146//2146 
f 2160//2160 2161//2161 2145//2145 
f 2159//2159 2160//2160 2144//2144 
f 2158//2158 2159//2159 2143//2143 
f 2157//2157 2158//2158 2142//2142 
f 2156//2156 2157//2157 2141//2141 
f 2155//2155 2156//2156 2140//2140 
f 2154//2154 2155//2155 2139//2139 
f 2153//2153 2154//2154 2138//2138 
f 2153//2153 2137//2137 2136//2136 
f 2151//2151 2135//2135 2133//2133 
f 2149//2149 2150//2150 2133//2133 
f 2148//2148 2149//2149 2132//2132 
f 2147//2147 2148//2148 2131//2131 
f 2146//2146 2147//2147 2130//2130 
f 2145//2145 2146//2146 2129//2129 
f 2144//2144 2145//2145 2128//2128 
f 2143//2143 2144//2144 2127//2127 
f 2142//2142 2143//2143 2126//2126 
f 2141//2141 2142//2142 2125//2125 
f 2140//2140 2141//2141 2124//2124 
f 2139//2139 2140//2140 2123//2123 
f 2138//2138 2139//2139 2122//2122 
f 2137//2137 2138//2138 2121//2121 
f 2137//2137 2120//2120 2119//2119 
f 2134//2134 2117//2117 2116//2116 
f 2132//2132 2133//2133 2116//2116 
f 2131//2131 2132//2132 2115//2115 
f 2130//2130 2131//2131 2114//2114 
f 2129//2129 2130//2130 2113//2113 
f 2128//2128 2129//2129 2112//2112 
f 2127//2127 2128//2128 2111//2111 
f 2126//2126 2127//2127 2110//2110 
f 2125//2125 2126//2126 2109//2109 
f 2124//2124 2125//2125 2108//2108 
f 2123//2123 2124//2124 2107//2107 
f 2122//2122 2123//2123 2106//2106 
f 2121//2121 2122//2122 2105//2105 
f 2120//2120 2121//2121 2104//2104 
f 2120//2120 2103//2103 2102//2102 
f 2118//2118 2100//2100 2099//2099 
f 2115//2115 2116//2116 2099//2099 
f 2114//2114 2115//2115 2098//2098 
f 2113//2113 2114//2114 2097//2097 
f 2112//2112 2113//2113 2096//2096 
f 2111//2111 2112//2112 2095//2095 
f 2110//2110 2111//2111 2094//2094 
f 2109//2109 2110//2110 2093//2093 
f 2108//2108 2109//2109 2092//2092 
f 2107//2107 2108//2108 2091//2091 
f 2106//2106 2107//2107 2090//2090 
f 2105//2105 2106//2106 2089//2089 
f 2104//2104 2105//2105 2088//2088 
f 2103//2103 2104//2104 2087//2087 
f 2103//2103 2086//2086 2085//2085 
f 2101//2101 2084//2084 2083//2083 
f 2098//2098 2099//2099 2083//2083 
f 2097//2097 2098//2098 2082//2082 
f 2096//2096 2097//2097 2081//2081 
f 2095//2095 2096//2096 2080//2080 
f 2094//2094 2095//2095 2079//2079 
f 2093//2093 2094//2094 2078//2078 
f 2092//2092 2093//2093 2077//2077 
f 2091//2091 2092//2092 2076//2076 
f 2090//2090 2091//2091 2075//2075 
f 2089//2089 2090//2090 2074//2074 
f 2088//2088 2089//2089 2073//2073 
f 2087//2087 2088//2088 2072//2072 
f 2086//2086 2087//2087 2071//2071 
f 2086//2086 2070//2070 2069//2069 
f 2084//2084 2068//2068 2067//2067 
f 2082//2082 2083//2083 2067//2067 
f 2081//2081 2082//2082 2066//2066 
f 2080//2080 2081//2081 2065//2065 
f 2079//2079 2080//2080 2064//2064 
f 2078//2078 2079//2079 2063//2063 
f 2077//2077 2078//2078 2062//2062 
f 2076//2076 2077//2077 2061//2061 
f 2075//2075 2076//2076 2060//2060 
f 2074//2074 2075//2075 2059//2059 
f 2073//2073 2074//2074 2058//2058 
f 2072//2072 2073//2073 2057//2057 
f 2071//2071 2072//2072 2056//2056 
f 2070//2070 2071//2071 2055//2055 
f 2070//2070 2054//2054 2053//2053 
f 2068//2068 2052//2052 2050//2050 
f 2066//2066 2067//2067 2050//2050 
f 2065//2065 2066//2066 2049//2049 
f 2064//2064 2065//2065 2048//2048 
f 2063//2063 2064//2064 2047//2047 
f 2062//2062 2063//2063 2046//2046 
f 2061//2061 2062//2062 2045//2045 
f 2060//2060 2061//2061 2044//2044 
f 2059//2059 2060//2060 2043//2043 
f 2058//2058 2059//2059 2042//2042 
f 2057//2057 2058//2058 2041//2041 
f 2056//2056 2057//2057 2040//2040 
f 2055//2055 2056//2056 2039//2039 
f 2054//2054 2055//2055 2038//2038 
f 2054//2054 2037//2037 2036//2036 
f 2051//2051 2035//2035 2033//2033 
f 2049//2049 2050//2050 2033//2033 
f 2048//2048 2049//2049 2032//2032 
f 2047//2047 2048//2048 2031//2031 
f 2046//2046 2047//2047 2030//2030 
f 2045//2045 2046//2046 2029//2029 
f 2044//2044 2045//2045 2028//2028 
f 2043//2043 2044//2044 2027//2027 
f 2042//2042 2043//2043 2026//2026 
f 2041//2041 2042//2042 2025//2025 
f 2040//2040 2041//2041 2024//2024 
f 2039//2039 2040//2040 2023//2023 
f 2038//2038 2039//2039 2022//2022 
f 2037//2037 2038//2038 2021//2021 
f 2037//2037 2020//2020 2019//2019 
f 2034//2034 2017//2017 2016//2016 
f 2032//2032 2033//2033 2016//2016 
f 2031//2031 2032//2032 2015//2015 
f 2030//2030 2031//2031 2014//2014 
f 2029//2029 2030//2030 2013//2013 
f 2028//2028 2029//2029 2012//2012 
f 2027//2027 2028//2028 2011//2011 
f 2026//2026 2027//2027 2010//2010 
f 2025//2025 2026//2026 2009//2009 
f 2024//2024 2025//2025 2008//2008 
f 2023//2023 2024//2024 2007//2007 
f 2022//2022 2023//2023 2006//2006 
f 2021//2021 2022//2022 2005//2005 
f 2020//2020 2021//2021 2004//2004 
f 2020//2020 2003//2003 2002//2002 
f 2018//2018 2001//2001 2000//2000 
f 2015//2015 2016//2016 2000//2000 
f 2014//2014 2015//2015 1999//1999 
f 2013//2013 2014//2014 1998//1998 
f 2012//2012 2013//2013 1997//1997 
f 2011//2011 2012//2012 1996//1996 
f 2010//2010 2011//2011 1995//1995 
f 2009//2009 2010//2010 1994//1994 
f 2008//2008 2009//2009 1993//1993 
f 2007//2007 2008//2008 1992//1992 
f 2006//2006 2007//2007 1991//1991 
f 2005//2005 2006//2006 1990//1990 
f 2004//2004 2005//2005 1989//1989 
f 2003//2003 2004//2004 1988//1988 
f 2003//2003 1987//1987 1986//1986 
f 2001//2001 1984//1984 1983//1983 
f 1999//1999 2000//2000 1983//1983 
f 1998//1998 1999//1999 1982//1982 
f 1997//1997 1998//1998 1981//1981 
f 1996//1996 1997//1997 1980//1980 
f 1995//1995 1996//1996 1979//1979 
f 1994//1994 1995//1995 1978//1978 
f 1993//1993 1994//1994 1977//1977 
f 1992//1992 1993//1993 1976//1976 
f 1991//1991 1992//1992 1975//1975 
f 1990//1990 1991//1991 1974//1974 
f 1989//1989 1990//1990 1973//1973 
f 1988//1988 1989//1989 1972//1972 
f 1987//1987 1988//1988 1971//1971 
f 1987//1987 1970//1970 1969//1969 
f 1985//1985 1968//1968 1966//1966 
f 1982//1982 1983//1983 1966//1966 
f 1981//1981 1982//1982 1964//1964 
f 1980//1980 1981//1981 1962//1962 
f 1979//1979 1980//1980 1960//1960 
f 1978//1978 1979//1979 1958//1958 
f 1977//1977 1978//1978 1956//1956 
f 1976//1976 1977//1977 1954//1954 
f 1975//1975 1976//1976 1952//1952 
f 1974//1974 1975//1975 1950//1950 
f 1973//1973 1974//1974 1948//1948 
f 1972//1972 1973//1973 1946//1946 
f 1971//1971 1972//1972 1944//1944 
f 1970//1970 1971//1971 1942//1942 
f 1970//1970 1940//1940 1939//1939 
f 1968//1968 2265//2265 1967//1967 
f 1966//1966 1967//1967 1965//1965 
f 1964//1964 1965//1965 1963//1963 
f 1962//1962 1963//1963 1961//1961 
f 1960//1960 1961//1961 1959//1959 
f 1958//1958 1959//1959 1957//1957 
f 1956//1956 1957//1957 1955//1955 
f 1954//1954 1955//1955 1953//1953 
f 1952//1952 1953//1953 1951//1951 
f 1950//1950 1951//1951 1949//1949 
f 1948//1948 1949//1949 1947//1947 
f 1946//1946 1947//1947 1945//1945 
f 1944//1944 1945//1945 1943//1943 
f 1942//1942 1943//1943 1941//1941 
f 1940//1940 1941//1941 1938//1938 
v 0.034 0.0498807 0.0345618 
v 0.013 0.0498807 0.0345618 
v 0.013 0.0498724 0.0346093 
v 0.034 0.0498716 0.0346126 
v 0.013 0.0498715 0.0346126 
v 0.013 0.0498596 0.0346557 
v 0.034 0.0498574 0.0346623 
v 0.013 0.0498572 0.0346622 
v 0.013 0.0498424 0.0347008 
v 0.034 0.0498382 0.0347102 
v 0.013 0.0498378 0.03471 
v 0.013 0.0498209 0.034744 
v 0.034 0.049814 0.0347559 
v 0.013 0.0498136 0.0347556 
v 0.013 0.0497954 0.0347849 
v 0.034 0.0497854 0.0347988 
v 0.013 0.0497849 0.0347985 
v 0.013 0.0497661 0.0348231 
v 0.034 0.0497524 0.0348386 
v 0.013 0.049752 0.0348382 
v 0.013 0.0497332 0.0348584 
v 0.034 0.0497155 0.0348748 
v 0.013 0.0497151 0.0348743 
v 0.013 0.049697 0.0348903 
v 0.034 0.0496751 0.0349069 
v 0.013 0.0496747 0.0349064 
v 0.013 0.049658 0.0349186 
v 0.034 0.0496315 0.0349347 
v 0.013 0.0496313 0.0349342 
v 0.013 0.0496164 0.034943 
v 0.034 0.0495854 0.0349579 
v 0.013 0.0495852 0.0349574 
v 0.013 0.0495727 0.0349632 
v 0.034 0.049537 0.0349762 
v 0.013 0.0495369 0.0349758 
v 0.013 0.0495272 0.0349792 
v 0.034 0.0494871 0.0349894 
v 0.013 0.049487 0.0349891 
v 0.013 0.0494804 0.0349907 
v 0.034 0.0494361 0.0349973 
v 0.013 0.049436 0.0349972 
v 0.013 0.0494326 0.0349977 
v 0.034 0.0493845 0.035 
v 0.013 0.0493845 0.035 
vn 0 0.992343 0.123511 
vn 0 0.992343 0.123511 
vn 0 0.975834 0.218514 
vn 0 0.974305 0.225233 
vn 0 0.974308 0.22522 
vn 0 0.950251 0.311486 
vn 0 0.945868 0.324551 
vn 0 0.945875 0.324532 
vn 0 0.915832 0.401561 
vn 0 0.907337 0.420405 
vn 0 0.907346 0.420386 
vn 0 0.872898 0.487903 
vn 0 0.859121 0.511773 
vn 0 0.859131 0.511756 
vn 0 0.821847 0.569708 
vn 0 0.801736 0.597678 
vn 0 0.801745 0.597666 
vn 0 0.763155 0.646215 
vn 0 0.735795 0.677204 
vn 0 0.7358 0.677199 
vn 0 0.697367 0.716714 
vn 0 0.662001 0.749503 
vn 0 0.662001 0.749503 
vn 0 0.625094 0.780549 
vn 0 0.581141 0.813803 
vn 0 0.581134 0.813808 
vn 0 0.54701 0.837126 
vn 0 0.494079 0.869417 
vn 0 0.494066 0.869424 
vn 0 0.463839 0.88592 
vn 0 0.401743 0.915752 
vn 0 0.401725 0.91576 
vn 0 0.376355 0.926476 
vn 0 0.30512 0.952314 
vn 0 0.3051 0.95232 
vn 0 0.285371 0.958417 
vn 0 0.205241 0.978711 
vn 0 0.205222 0.978715 
vn 0 0.191735 0.981447 
vn 0 0.103171 0.994664 
vn 0 0.103158 0.994665 
vn 0 0.0963151 0.995351 
vn 0 0 1 
vn 0 0 1 
f 2266//2266 2267//2267 2268//2268 
f 2268//2268 2269//2269 2266//2266 
f 2269//2269 2270//2270 2271//2271 
f 2271//2271 2272//2272 2269//2269 
f 2272//2272 2273//2273 2274//2274 
f 2274//2274 2275//2275 2272//2272 
f 2275//2275 2276//2276 2277//2277 
f 2277//2277 2278//2278 2275//2275 
f 2278//2278 2279//2279 2280//2280 
f 2280//2280 2281//2281 2278//2278 
f 2281//2281 2282//2282 2283//2283 
f 2283//2283 2284//2284 2281//2281 
f 2284//2284 2285//2285 2286//2286 
f 2286//2286 2287//2287 2284//2284 
f 2287//2287 2288//2288 2289//2289 
f 2289//2289 2290//2290 2287//2287 
f 2290//2290 2291//2291 2292//2292 
f 2292//2292 2293//2293 2290//2290 
f 2293//2293 2294//2294 2295//2295 
f 2295//2295 2296//2296 2293//2293 
f 2296//2296 2297//2297 2298//2298 
f 2298//2298 2299//2299 2296//2296 
f 2299//2299 2300//2300 2301//2301 
f 2301//2301 2302//2302 2299//2299 
f 2302//2302 2303//2303 2304//2304 
f 2304//2304 2305//2305 2302//2302 
f 2305//2305 2306//2306 2307//2307 
f 2307//2307 2308//2308 2305//2305 
f 2307//2307 2309//2309 2308//2308 
f 2304//2304 2306//2306 2305//2305 
f 2301//2301 2303//2303 2302//2302 
f 2298//2298 2300//2300 2299//2299 
f 2295//2295 2297//2297 2296//2296 
f 2292//2292 2294//2294 2293//2293 
f 2289//2289 2291//2291 2290//2290 
f 2286//2286 2288//2288 2287//2287 
f 2283//2283 2285//2285 2284//2284 
f 2280//2280 2282//2282 2281//2281 
f 2277//2277 2279//2279 2278//2278 
f 2274//2274 2276//2276 2275//2275 
f 2271//2271 2273//2273 2272//2272 
f 2268//2268 2270//2270 2269//2269 
v -0.0121325 0.0475 0.035 
v 0.00876477 0.0523957 0.035 
v 0.00870049 0.0525912 0.035 
v 0.00163254 0.0475 0.035 
v 0.00939444 0.0512087 0.035 
v 0.006 0.0475 0.035 
v 0.00859035 0.0530295 0.035 
v 0.00852302 0.0534805 0.035 
v 0.00893806 0.0519739 0.035 
v 0.00952928 0.0510351 0.035 
v -0.0126302 0.0545925 0.035 
v 0.0085 0.0539451 0.035 
v 0.00983138 0.0507007 0.035 
v 0.0106828 0.0500322 0.035 
v 0.0105129 0.0501404 0.035 
v 0.00914836 0.0515786 0.035 
v 0.0110771 0.0498195 0.035 
v 0.012089 0.0494784 0.035 
v 0.011903 0.0495213 0.035 
v 0.0101595 0.0504029 0.035 
v 0.0125242 0.0494099 0.035 
v 0.011484 0.0496496 0.035 
v 0.034 0.0475 0.035 
v 0.034 0.0493845 0.035 
v 0.013 0.0493845 0.035 
v 0.0085 0.0545925 0.035 
vn 0 0 1 
vn 0 0 1 
vn 0 0 1 
vn 0 0 1 
vn 0 0 1 
vn 0 0 1 
vn 0 0 1 
vn 0 0 1 
vn 0 0 1 
vn 0 0 1 
vn 0 0 1 
vn 0 0 1 
vn 0 0 1 
vn 0 0 1 
vn 0 0 1 
vn 0 0 1 
vn 0 0 1 
vn 0 0 1 
vn 0 0 1 
vn 0 0 1 
vn 0 0 1 
vn 0 0 1 
vn 0 0 1 
vn 0 0 1 
vn 0 0 1 
vn 0 0 1 
f 2310//2310 2311//2311 2312//2312 
f 2311//2311 2310//2310 2313//2313 
f 2314//2314 2313//2313 2315//2315 
f 2310//2310 2316//2316 2317//2317 
f 2313//2313 2318//2318 2311//2311 
f 2315//2315 2319//2319 2314//2314 
f 2320//2320 2317//2317 2321//2321 
f 2312//2312 2316//2316 2310//2310 
f 2315//2315 2322//2322 2319//2319 
f 2315//2315 2323//2323 2324//2324 
f 2317//2317 2320//2320 2310//2310 
f 2314//2314 2325//2325 2313//2313 
f 2315//2315 2326//2326 2323//2323 
f 2315//2315 2327//2327 2328//2328 
f 2325//2325 2318//2318 2313//2313 
f 2324//2324 2329//2329 2315//2315 
f 2315//2315 2330//2330 2327//2327 
f 2329//2329 2322//2322 2315//2315 
f 2328//2328 2331//2331 2315//2315 
f 2332//2332 2333//2333 2334//2334 
f 2331//2331 2326//2326 2315//2315 
f 2334//2334 2315//2315 2332//2332 
f 2334//2334 2330//2330 2315//2315 
f 2321//2321 2335//2335 2320//2320 
v 0.034 0.0701193 0.0345618 
v 0.013 0.0701193 0.0345618 
v 0.013 0.0699628 0.0336463 
v 0.034 0.0699265 0.0334864 
v 0.013 0.0699192 0.0334885 
v 0.013 0.0696688 0.0325806 
v 0.034 0.0696198 0.0324379 
v 0.013 0.0696132 0.0324405 
v 0.013 0.0692611 0.0315529 
v 0.034 0.0692027 0.0314282 
v 0.013 0.0691969 0.0314313 
v 0.013 0.0687446 0.0305754 
v 0.034 0.0686799 0.030469 
v 0.013 0.0686749 0.0304723 
v 0.013 0.0681253 0.0296596 
v 0.034 0.0680575 0.0295711 
v 0.013 0.0680534 0.0295746 
v 0.013 0.0674106 0.0288162 
v 0.034 0.0673426 0.028745 
v 0.013 0.0673393 0.0287485 
v 0.013 0.0666087 0.0280551 
v 0.034 0.0665435 0.0280001 
v 0.013 0.0665409 0.0280035 
v 0.013 0.0657291 0.0273853 
v 0.034 0.0656693 0.027345 
v 0.013 0.0656674 0.0273481 
v 0.013 0.0647822 0.0268147 
v 0.034 0.06473 0.0267871 
v 0.013 0.0647287 0.0267899 
v 0.013 0.063779 0.0263499 
v 0.034 0.0637364 0.026333 
v 0.013 0.0637356 0.0263353 
v 0.013 0.0627315 0.0259965 
v 0.034 0.0626999 0.0259877 
v 0.013 0.0626995 0.0259894 
v 0.013 0.0616518 0.0257585 
v 0.034 0.0616324 0.0257553 
v 0.013 0.0616323 0.0257564 
v 0.013 0.0605528 0.0256388 
v 0.034 0.0605462 0.0256385 
v 0.034 0.0594538 0.0256385 
v 0.013 0.0605462 0.0256388 
v 0.013 0.0594538 0.0256388 
v 0.013 0.0594472 0.0256388 
v 0.034 0.0583676 0.0257553 
v 0.013 0.0583677 0.0257564 
v 0.013 0.0583482 0.0257585 
v 0.034 0.0573001 0.0259877 
v 0.013 0.0573005 0.0259894 
v 0.013 0.0572685 0.0259965 
v 0.034 0.0562636 0.026333 
v 0.013 0.0562644 0.0263353 
v 0.013 0.056221 0.0263499 
v 0.034 0.05527 0.0267871 
v 0.013 0.0552713 0.0267899 
v 0.013 0.0552178 0.0268147 
v 0.034 0.0543307 0.027345 
v 0.013 0.0543326 0.0273481 
v 0.013 0.0542709 0.0273853 
v 0.034 0.0534565 0.0280001 
v 0.013 0.0534591 0.0280035 
v 0.013 0.0533913 0.0280551 
v 0.034 0.0526574 0.028745 
v 0.013 0.0526607 0.0287485 
v 0.013 0.0525894 0.0288162 
v 0.034 0.0519425 0.0295711 
v 0.034 0.0513201 0.030469 
v 0.013 0.0518747 0.0296596 
v 0.013 0.0519466 0.0295746 
v 0.034 0.0507973 0.0314282 
v 0.013 0.0512554 0.0305754 
v 0.013 0.0513251 0.0304723 
v 0.034 0.0503802 0.0324379 
v 0.013 0.0507389 0.0315529 
v 0.013 0.0508031 0.0314313 
v 0.034 0.0500735 0.0334864 
v 0.013 0.0503312 0.0325806 
v 0.013 0.0503868 0.0324405 
v 0.034 0.0498807 0.0345618 
v 0.013 0.0500372 0.0336463 
v 0.013 0.0500808 0.0334885 
v 0.013 0.0498807 0.0345618 
vn 0 -0.992343 0.123511 
vn 0 -0.992343 0.123511 
vn 0 -0.976991 0.213281 
vn 0 -0.973436 0.228961 
vn 0 -0.973442 0.228933 
vn 0 -0.94816 0.317794 
vn 0 -0.943356 0.331783 
vn 0 -0.943365 0.331757 
vn 0 -0.908184 0.41857 
vn 0 -0.902449 0.430797 
vn 0 -0.90246 0.430773 
vn 0 -0.857534 0.514427 
vn 0 -0.851184 0.524867 
vn 0 -0.851197 0.524846 
vn 0 -0.796804 0.604238 
vn 0 -0.790151 0.612913 
vn 0 -0.790165 0.612894 
vn 0 -0.726709 0.686946 
vn 0 -0.720048 0.693924 
vn 0 -0.720063 0.693909 
vn 0 -0.648071 0.76158 
vn 0 -0.641682 0.766971 
vn 0 -0.641696 0.766959 
vn 0 -0.561817 0.827262 
vn 0 -0.555951 0.831215 
vn 0 -0.555965 0.831206 
vn 0 -0.468958 0.88322 
vn 0 -0.463839 0.88592 
vn 0 -0.463851 0.885913 
vn 0 -0.370588 0.928797 
vn 0 -0.366403 0.930456 
vn 0 -0.366414 0.930452 
vn 0 -0.267862 0.963457 
vn 0 -0.264762 0.964314 
vn 0 -0.264771 0.964311 
vn 0 -0.161987 0.986793 
vn 0 -0.160083 0.987104 
vn 0 -0.160088 0.987103 
vn 0 -0.054208 0.99853 
vn 0 -0.0535658 0.998564 
vn 0 0.0535658 0.998564 
vn 0 -0.0535677 0.998564 
vn 0 0.0535677 0.998564 
vn 0 0.054208 0.99853 
vn 0 0.160083 0.987104 
vn 0 0.160088 0.987103 
vn 0 0.161987 0.986793 
vn 0 0.264762 0.964314 
vn 0 0.264771 0.964311 
vn 0 0.267862 0.963457 
vn 0 0.366403 0.930456 
vn 0 0.366414 0.930452 
vn 0 0.370588 0.928797 
vn 0 0.463839 0.88592 
vn 0 0.463851 0.885913 
vn 0 0.468958 0.88322 
vn 0 0.555951 0.831215 
vn 0 0.555965 0.831206 
vn 0 0.561817 0.827262 
vn 0 0.641682 0.766971 
vn 0 0.641696 0.766959 
vn 0 0.648071 0.76158 
vn 0 0.720048 0.693924 
vn 0 0.720063 0.693909 
vn 0 0.726709 0.686946 
vn 0 0.790151 0.612913 
vn 0 0.851184 0.524867 
vn 0 0.796804 0.604238 
vn 0 0.790165 0.612894 
vn 0 0.902449 0.430797 
vn 0 0.857534 0.514427 
vn 0 0.851197 0.524846 
vn 0 0.943356 0.331783 
vn 0 0.908184 0.41857 
vn 0 0.90246 0.430773 
vn 0 0.973436 0.228961 
vn 0 0.94816 0.317794 
vn 0 0.943365 0.331757 
vn 0 0.992343 0.123511 
vn 0 0.976991 0.213281 
vn 0 0.973442 0.228933 
vn 0 0.992343 0.123511 
f 2336//2336 2337//2337 2338//2338 
f 2338//2338 2339//2339 2336//2336 
f 2339//2339 2340//2340 2341//2341 
f 2341//2341 2342//2342 2339//2339 
f 2342//2342 2343//2343 2344//2344 
f 2344//2344 2345//2345 2342//2342 
f 2345//2345 2346//2346 2347//2347 
f 2347//2347 2348//2348 2345//2345 
f 2348//2348 2349//2349 2350//2350 
f 2350//2350 2351//2351 2348//2348 
f 2351//2351 2352//2352 2353//2353 
f 2353//2353 2354//2354 2351//2351 
f 2354//2354 2355//2355 2356//2356 
f 2356//2356 2357//2357 2354//2354 
f 2357//2357 2358//2358 2359//2359 
f 2359//2359 2360//2360 2357//2357 
f 2360//2360 2361//2361 2362//2362 
f 2362//2362 2363//2363 2360//2360 
f 2363//2363 2364//2364 2365//2365 
f 2365//2365 2366//2366 2363//2363 
f 2366//2366 2367//2367 2368//2368 
f 2368//2368 2369//2369 2366//2366 
f 2369//2369 2370//2370 2371//2371 
f 2371//2371 2372//2372 2369//2369 
f 2372//2372 2373//2373 2374//2374 
f 2374//2374 2375//2375 2372//2372 
f 2376//2376 2375//2375 2377//2377 
f 2376//2376 2378//2378 2379//2379 
f 2379//2379 2380//2380 2376//2376 
f 2380//2380 2381//2381 2382//2382 
f 2382//2382 2383//2383 2380//2380 
f 2383//2383 2384//2384 2385//2385 
f 2385//2385 2386//2386 2383//2383 
f 2386//2386 2387//2387 2388//2388 
f 2388//2388 2389//2389 2386//2386 
f 2389//2389 2390//2390 2391//2391 
f 2391//2391 2392//2392 2389//2389 
f 2392//2392 2393//2393 2394//2394 
f 2394//2394 2395//2395 2392//2392 
f 2395//2395 2396//2396 2397//2397 
f 2397//2397 2398//2398 2395//2395 
f 2398//2398 2399//2399 2400//2400 
f 2400//2400 2401//2401 2398//2398 
f 2402//2402 2401//2401 2403//2403 
f 2401//2401 2404//2404 2403//2403 
f 2405//2405 2402//2402 2406//2406 
f 2402//2402 2407//2407 2406//2406 
f 2408//2408 2405//2405 2409//2409 
f 2405//2405 2410//2410 2409//2409 
f 2411//2411 2408//2408 2412//2412 
f 2408//2408 2413//2413 2412//2412 
f 2414//2414 2411//2411 2415//2415 
f 2411//2411 2416//2416 2415//2415 
f 2415//2415 2417//2417 2414//2414 
f 2412//2412 2416//2416 2411//2411 
f 2409//2409 2413//2413 2408//2408 
f 2406//2406 2410//2410 2405//2405 
f 2403//2403 2407//2407 2402//2402 
f 2400//2400 2404//2404 2401//2401 
f 2397//2397 2399//2399 2398//2398 
f 2394//2394 2396//2396 2395//2395 
f 2391//2391 2393//2393 2392//2392 
f 2388//2388 2390//2390 2389//2389 
f 2385//2385 2387//2387 2386//2386 
f 2382//2382 2384//2384 2383//2383 
f 2379//2379 2381//2381 2380//2380 
f 2377//2377 2378//2378 2376//2376 
f 2374//2374 2377//2377 2375//2375 
f 2371//2371 2373//2373 2372//2372 
f 2368//2368 2370//2370 2369//2369 
f 2365//2365 2367//2367 2366//2366 
f 2362//2362 2364//2364 2363//2363 
f 2359//2359 2361//2361 2360//2360 
f 2356//2356 2358//2358 2357//2357 
f 2353//2353 2355//2355 2354//2354 
f 2350//2350 2352//2352 2351//2351 
f 2347//2347 2349//2349 2348//2348 
f 2344//2344 2346//2346 2345//2345 
f 2341//2341 2343//2343 2342//2342 
f 2338//2338 2340//2340 2339//2339 
v 0.034 0.0706155 0.035 
v 0.013 0.0706155 0.035 
v 0.013 0.0705674 0.0349977 
v 0.034 0.0705639 0.0349973 
v 0.013 0.070564 0.0349972 
v 0.013 0.0705196 0.0349907 
v 0.034 0.0705129 0.0349894 
v 0.013 0.070513 0.0349891 
v 0.013 0.0704728 0.0349792 
v 0.034 0.070463 0.0349762 
v 0.013 0.0704631 0.0349758 
v 0.013 0.0704273 0.0349632 
v 0.034 0.0704146 0.0349579 
v 0.013 0.0704148 0.0349574 
v 0.013 0.0703836 0.034943 
v 0.034 0.0703685 0.0349347 
v 0.013 0.0703687 0.0349342 
v 0.013 0.070342 0.0349186 
v 0.034 0.0703249 0.0349069 
v 0.013 0.0703253 0.0349064 
v 0.013 0.070303 0.0348903 
v 0.034 0.0702845 0.0348748 
v 0.013 0.0702849 0.0348743 
v 0.013 0.0702668 0.0348584 
v 0.034 0.0702476 0.0348386 
v 0.013 0.070248 0.0348382 
v 0.013 0.0702339 0.0348231 
v 0.034 0.0702146 0.0347988 
v 0.013 0.0702151 0.0347985 
v 0.013 0.0702046 0.0347849 
v 0.034 0.070186 0.0347559 
v 0.013 0.0701864 0.0347556 
v 0.013 0.0701791 0.034744 
v 0.034 0.0701618 0.0347102 
v 0.013 0.0701622 0.03471 
v 0.013 0.0701576 0.0347008 
v 0.034 0.0701426 0.0346623 
v 0.013 0.0701428 0.0346622 
v 0.013 0.0701404 0.0346557 
v 0.034 0.0701284 0.0346126 
v 0.013 0.0701285 0.0346126 
v 0.013 0.0701276 0.0346093 
v 0.034 0.0701193 0.0345618 
v 0.013 0.0701193 0.0345618 
vn 0 0 1 
vn 0 0 1 
vn 0 -0.0963151 0.995351 
vn 0 -0.103171 0.994664 
vn 0 -0.103158 0.994665 
vn 0 -0.191735 0.981447 
vn 0 -0.205241 0.978711 
vn 0 -0.205222 0.978715 
vn 0 -0.285371 0.958417 
vn 0 -0.30512 0.952314 
vn 0 -0.3051 0.95232 
vn 0 -0.376355 0.926476 
vn 0 -0.401743 0.915752 
vn 0 -0.401725 0.91576 
vn 0 -0.463839 0.88592 
vn 0 -0.494079 0.869417 
vn 0 -0.494066 0.869424 
vn 0 -0.54701 0.837126 
vn 0 -0.581141 0.813803 
vn 0 -0.581134 0.813808 
vn 0 -0.625094 0.780549 
vn 0 -0.662001 0.749503 
vn 0 -0.662001 0.749503 
vn 0 -0.697367 0.716714 
vn 0 -0.735795 0.677204 
vn 0 -0.7358 0.677199 
vn 0 -0.763155 0.646215 
vn 0 -0.801736 0.597678 
vn 0 -0.801745 0.597666 
vn 0 -0.821847 0.569708 
vn 0 -0.859121 0.511773 
vn 0 -0.859131 0.511756 
vn 0 -0.872898 0.487903 
vn 0 -0.907337 0.420405 
vn 0 -0.907346 0.420386 
vn 0 -0.915832 0.401561 
vn 0 -0.945868 0.324551 
vn 0 -0.945875 0.324532 
vn 0 -0.950251 0.311486 
vn 0 -0.974305 0.225233 
vn 0 -0.974308 0.22522 
vn 0 -0.975834 0.218514 
vn 0 -0.992343 0.123511 
vn 0 -0.992343 0.123511 
f 2418//2418 2419//2419 2420//2420 
f 2420//2420 2421//2421 2418//2418 
f 2421//2421 2422//2422 2423//2423 
f 2423//2423 2424//2424 2421//2421 
f 2424//2424 2425//2425 2426//2426 
f 2426//2426 2427//2427 2424//2424 
f 2427//2427 2428//2428 2429//2429 
f 2429//2429 2430//2430 2427//2427 
f 2430//2430 2431//2431 2432//2432 
f 2432//2432 2433//2433 2430//2430 
f 2433//2433 2434//2434 2435//2435 
f 2435//2435 2436//2436 2433//2433 
f 2436//2436 2437//2437 2438//2438 
f 2438//2438 2439//2439 2436//2436 
f 2439//2439 2440//2440 2441//2441 
f 2441//2441 2442//2442 2439//2439 
f 2442//2442 2443//2443 2444//2444 
f 2444//2444 2445//2445 2442//2442 
f 2445//2445 2446//2446 2447//2447 
f 2447//2447 2448//2448 2445//2445 
f 2448//2448 2449//2449 2450//2450 
f 2450//2450 2451//2451 2448//2448 
f 2451//2451 2452//2452 2453//2453 
f 2453//2453 2454//2454 2451//2451 
f 2454//2454 2455//2455 2456//2456 
f 2456//2456 2457//2457 2454//2454 
f 2457//2457 2458//2458 2459//2459 
f 2459//2459 2460//2460 2457//2457 
f 2459//2459 2461//2461 2460//2460 
f 2456//2456 2458//2458 2457//2457 
f 2453//2453 2455//2455 2454//2454 
f 2450//2450 2452//2452 2451//2451 
f 2447//2447 2449//2449 2448//2448 
f 2444//2444 2446//2446 2445//2445 
f 2441//2441 2443//2443 2442//2442 
f 2438//2438 2440//2440 2439//2439 
f 2435//2435 2437//2437 2436//2436 
f 2432//2432 2434//2434 2433//2433 
f 2429//2429 2431//2431 2430//2430 
f 2426//2426 2428//2428 2427//2427 
f 2423//2423 2425//2425 2424//2424 
f 2420//2420 2422//2422 2421//2421 
v 0.0125533 0.0705931 0.035 
v 0.0125582 0.0705452 0.0349977 
v 0.013 0.0705674 0.0349977 
v 0.0125629 0.0704977 0.0349907 
v 0.013 0.0705196 0.0349907 
v 0.013 0.070564 0.0349972 
v 0.0125676 0.0704511 0.0349792 
v 0.013 0.0704728 0.0349792 
v 0.013 0.070513 0.0349891 
v 0.0125722 0.0704058 0.0349632 
v 0.013 0.0704273 0.0349632 
v 0.013 0.0704631 0.0349758 
v 0.0125765 0.0703623 0.0349429 
v 0.013 0.0703836 0.034943 
v 0.013 0.0704148 0.0349574 
v 0.0125807 0.0703209 0.0349185 
v 0.013 0.070342 0.0349186 
v 0.013 0.0703687 0.0349342 
v 0.0125846 0.0702821 0.0348902 
v 0.013 0.070303 0.0348903 
v 0.013 0.0703253 0.0349064 
v 0.0125882 0.0702461 0.0348583 
v 0.013 0.0702668 0.0348584 
v 0.013 0.0702849 0.0348743 
v 0.0125915 0.0702134 0.034823 
v 0.013 0.0702339 0.0348231 
v 0.013 0.070248 0.0348382 
v 0.0125944 0.0701842 0.0347848 
v 0.013 0.0702046 0.0347849 
v 0.013 0.0702151 0.0347985 
v 0.012597 0.0701588 0.0347438 
v 0.013 0.0701791 0.034744 
v 0.013 0.0701864 0.0347556 
v 0.0125991 0.0701374 0.0347006 
v 0.013 0.0701622 0.03471 
v 0.013 0.0701576 0.0347008 
v 0.0126009 0.0701203 0.0346556 
v 0.013 0.0701428 0.0346622 
v 0.013 0.0701404 0.0346557 
v 0.0126021 0.0701076 0.0346091 
v 0.013 0.0701285 0.0346126 
v 0.013 0.0701276 0.0346093 
v 0.012603 0.0700994 0.0345616 
v 0.013 0.0701193 0.0345618 
v 0.0121178 0.0705275 0.035 
v 0.0121273 0.0704803 0.0349977 
v 0.0121367 0.0704334 0.0349907 
v 0.012146 0.0703875 0.0349792 
v 0.012155 0.0703429 0.0349632 
v 0.0121636 0.0703 0.0349429 
v 0.0121718 0.0702592 0.0349184 
v 0.0121796 0.0702209 0.0348901 
v 0.0121867 0.0701854 0.0348581 
v 0.0121932 0.0701532 0.0348228 
v 0.012199 0.0701244 0.0347845 
v 0.012204 0.0700994 0.0347435 
v 0.0122083 0.0700784 0.0347003 
v 0.0122117 0.0700616 0.0346552 
v 0.0122142 0.0700491 0.0346086 
v 0.0122158 0.070041 0.0345611 
v 0.012582 0.0700963 0.0345616 
v 0.0116929 0.07042 0.035 
v 0.0117071 0.0703738 0.0349977 
v 0.0117211 0.0703281 0.0349907 
v 0.0117348 0.0702833 0.0349791 
v 0.0117481 0.0702397 0.0349631 
v 0.0117609 0.0701978 0.0349427 
v 0.0117731 0.0701579 0.0349182 
v 0.0117846 0.0701206 0.0348898 
v 0.0117951 0.070086 0.0348578 
v 0.0118048 0.0700545 0.0348224 
v 0.0118134 0.0700265 0.034784 
v 0.0118208 0.0700021 0.0347429 
v 0.0118271 0.0699816 0.0346996 
v 0.0118321 0.0699652 0.0346544 
v 0.0118358 0.0699531 0.0346078 
v 0.0118382 0.0699453 0.0345602 
v 0.0115201 0.0703632 0.035 
v 0.0115361 0.0703177 0.0349977 
v 0.0115519 0.0702725 0.0349907 
v 0.0115675 0.0702282 0.0349791 
v 0.0115826 0.0701852 0.034963 
v 0.0115971 0.0701438 0.0349426 
v 0.0116109 0.0701045 0.0349181 
v 0.0116239 0.0700676 0.0348897 
v 0.0116358 0.0700335 0.0348576 
v 0.0116467 0.0700024 0.0348222 
v 0.0116564 0.0699748 0.0347837 
v 0.0116649 0.0699507 0.0347426 
v 0.011672 0.0699305 0.0346993 
v 0.0116776 0.0699144 0.0346541 
v 0.0116818 0.0699025 0.0346074 
v 0.0116845 0.0698948 0.0345597 
v 0.0117642 0.069921 0.03456 
v 0.0111048 0.0701936 0.035 
v 0.0111253 0.0701498 0.0349977 
v 0.0111456 0.0701064 0.0349906 
v 0.0111656 0.0700638 0.034979 
v 0.011185 0.0700224 0.0349629 
v 0.0112036 0.0699826 0.0349424 
v 0.0112213 0.0699448 0.0349178 
v 0.0112379 0.0699094 0.0348893 
v 0.0112532 0.0698766 0.0348571 
v 0.0112672 0.0698468 0.0348215 
v 0.0112796 0.0698203 0.0347829 
v 0.0112904 0.0697972 0.0347417 
v 0.0112994 0.0697779 0.0346982 
v 0.0113067 0.0697625 0.0346529 
v 0.011312 0.0697511 0.0346061 
v 0.011374 0.0697679 0.0345585 
v 0.0113154 0.0697439 0.0345583 
v 0.0107142 0.0699866 0.035 
v 0.010739 0.0699449 0.0349976 
v 0.0107635 0.0699036 0.0349906 
v 0.0107876 0.0698631 0.0349789 
v 0.010811 0.0698237 0.0349627 
v 0.0108335 0.0697859 0.0349421 
v 0.0108549 0.06975 0.0349174 
v 0.0108749 0.0697163 0.0348887 
v 0.0108935 0.0696852 0.0348564 
v 0.0109103 0.0696569 0.0348207 
v 0.0109253 0.0696317 0.0347819 
v 0.0109383 0.0696099 0.0347405 
v 0.0109491 0.0695916 0.0346969 
v 0.0109578 0.069577 0.0346514 
v 0.0109641 0.0695664 0.0346044 
v 0.0109681 0.0695596 0.0345565 
v 0.0103474 0.0697433 0.035 
v 0.0103763 0.0697041 0.0349976 
v 0.0104048 0.0696653 0.0349905 
v 0.0104329 0.0696273 0.0349788 
v 0.0104601 0.0695903 0.0349625 
v 0.0104863 0.0695548 0.0349418 
v 0.0105111 0.0695211 0.0349169 
v 0.0105344 0.0694894 0.0348881 
v 0.0105559 0.0694602 0.0348555 
v 0.0105754 0.0694337 0.0348196 
v 0.0105928 0.0694102 0.0347807 
v 0.0106078 0.0693897 0.0347391 
v 0.0106204 0.0693727 0.0346952 
v 0.0106303 0.0693591 0.0346495 
v 0.0106376 0.0693492 0.0346024 
v 0.0106491 0.0693477 0.0345543 
v 0.0106421 0.0693431 0.0345543 
v 0.010207 0.0696356 0.035 
v 0.0102374 0.0695976 0.0349976 
v 0.0102676 0.0695599 0.0349905 
v 0.0102971 0.0695229 0.0349787 
v 0.0103258 0.069487 0.0349624 
v 0.0103534 0.0694525 0.0349416 
v 0.0103795 0.0694197 0.0349167 
v 0.0104041 0.069389 0.0348878 
v 0.0104267 0.0693607 0.0348552 
v 0.0104473 0.0693349 0.0348192 
v 0.0104655 0.0693121 0.0347801 
v 0.0104814 0.0692923 0.0347385 
v 0.0104946 0.0692758 0.0346945 
v 0.010505 0.0692627 0.0346487 
v 0.0105126 0.0692531 0.0346015 
v 0.0105174 0.0692472 0.0345533 
v 0.00986869 0.0693363 0.035 
v 0.00990291 0.0693013 0.0349976 
v 0.0099368 0.0692667 0.0349904 
v 0.00997003 0.0692327 0.0349785 
v 0.0100023 0.0691997 0.0349621 
v 0.0100333 0.0691681 0.0349412 
v 0.0100627 0.069138 0.034916 
v 0.0100902 0.0691099 0.0348869 
v 0.0101156 0.0690839 0.034854 
v 0.0101387 0.0690604 0.0348178 
v 0.0101591 0.0690395 0.0347785 
v 0.0101768 0.0690214 0.0347365 
v 0.0101915 0.0690064 0.0346923 
v 0.0102031 0.0689945 0.0346462 
v 0.0102115 0.0689859 0.0345987 
v 0.0103265 0.0690781 0.0345514 
v 0.0102166 0.0689807 0.0345503 
v 0.00956601 0.0690093 0.035 
v 0.00960368 0.0689777 0.0349976 
v 0.00964099 0.0689464 0.0349903 
v 0.00967757 0.0689158 0.0349783 
v 0.00971307 0.068886 0.0349617 
v 0.00974715 0.0688575 0.0349406 
v 0.00977947 0.0688304 0.0349153 
v 0.00980972 0.068805 0.0348859 
v 0.00983762 0.0687817 0.0348527 
v 0.00986288 0.0687605 0.0348162 
v 0.00988526 0.0687417 0.0347766 
v 0.00990456 0.0687256 0.0347343 
v 0.00992057 0.0687122 0.0346898 
v 0.00993316 0.0687016 0.0346434 
v 0.00994218 0.0686941 0.0345956 
v 0.0100304 0.0687792 0.0345479 
v 0.00994756 0.0686895 0.0345469 
v 0.0092979 0.0686554 0.035 
v 0.00933871 0.0686275 0.0349976 
v 0.00937911 0.0685999 0.0349902 
v 0.00941872 0.0685728 0.0349781 
v 0.00945715 0.0685466 0.0349613 
v 0.00949402 0.0685214 0.03494 
v 0.00952896 0.0684975 0.0349144 
v 0.00956165 0.0684752 0.0348847 
v 0.00959175 0.0684546 0.0348512 
v 0.00961898 0.0684361 0.0348143 
v 0.00964306 0.0684196 0.0347744 
v 0.00966376 0.0684055 0.0347317 
v 0.00968088 0.0683938 0.0346868 
v 0.00969425 0.0683846 0.03464 
v 0.00970373 0.0683782 0.0345919 
v 0.00976671 0.0684504 0.0345439 
v 0.00970925 0.0683744 0.0345429 
v 0.00920473 0.0685133 0.035 
v 0.00924664 0.0684869 0.0349975 
v 0.00928814 0.0684608 0.0349902 
v 0.00932882 0.0684352 0.034978 
v 0.00936829 0.0684104 0.0349611 
v 0.00940614 0.0683865 0.0349397 
v 0.00944201 0.068364 0.034914 
v 0.00947555 0.0683428 0.0348842 
v 0.00950642 0.0683234 0.0348506 
v 0.00953433 0.0683058 0.0348135 
v 0.00955899 0.0682903 0.0347734 
v 0.00958017 0.068277 0.0347306 
v 0.00959765 0.068266 0.0346855 
v 0.00961127 0.0682574 0.0346386 
v 0.00962089 0.0682513 0.0345904 
v 0.00962642 0.0682479 0.0345412 
v 0.00898066 0.0681141 0.035 
v 0.00902532 0.068092 0.0349975 
v 0.00906953 0.06807 0.0349901 
v 0.00911285 0.0680485 0.0349777 
v 0.00915486 0.0680276 0.0349606 
v 0.00919513 0.0680076 0.0349389 
v 0.00923326 0.0679886 0.0349128 
v 0.00926887 0.0679709 0.0348827 
v 0.00930161 0.0679547 0.0348486 
v 0.00933115 0.06794 0.0348112 
v 0.00935719 0.067927 0.0347706 
v 0.00937948 0.067916 0.0347273 
v 0.0093978 0.0679069 0.0346818 
v 0.00941195 0.0678998 0.0346344 
v 0.0094218 0.0678949 0.0345857 
v 0.00942726 0.0678922 0.0345361 
v 0.00954021 0.0680939 0.034539 
v 0.00879977 0.0676998 0.035 
v 0.00884676 0.067682 0.0349975 
v 0.00889327 0.0676644 0.0349899 
v 0.00893884 0.0676471 0.0349774 
v 0.008983 0.0676304 0.03496 
v 0.0090253 0.0676144 0.034938 
v 0.00906532 0.0675992 0.0349115 
v 0.00910265 0.0675851 0.0348809 
v 0.00913692 0.0675721 0.0348464 
v 0.00916777 0.0675604 0.0348084 
v 0.00919489 0.0675501 0.0347673 
v 0.00921801 0.0675413 0.0347235 
v 0.0092369 0.0675342 0.0346774 
v 0.00925136 0.0675287 0.0346295 
v 0.00926125 0.067525 0.0345804 
v 0.00926646 0.067523 0.0345303 
v 0.0093503 0.0677155 0.0345334 
v 0.00866083 0.0672707 0.035 
v 0.00870977 0.0672574 0.0349974 
v 0.0087582 0.0672443 0.0349897 
v 0.00880563 0.0672315 0.034977 
v 0.00885156 0.0672191 0.0349593 
v 0.00889553 0.0672072 0.0349369 
v 0.00893709 0.067196 0.03491 
v 0.00897579 0.0671855 0.0348789 
v 0.00901125 0.0671759 0.0348438 
v 0.0090431 0.0671673 0.0348053 
v 0.00907101 0.0671598 0.0347636 
v 0.00909469 0.0671534 0.0347191 
v 0.0091139 0.0671482 0.0346724 
v 0.00912844 0.0671442 0.0346239 
v 0.00913816 0.0671416 0.0345742 
v 0.00920037 0.0673182 0.0345268 
v 0.00914296 0.0671403 0.0345237 
v 0.00862154 0.0671146 0.035 
v 0.00867108 0.067103 0.0349974 
v 0.0087201 0.0670916 0.0349897 
v 0.0087681 0.0670804 0.0349768 
v 0.00881458 0.0670695 0.034959 
v 0.00885905 0.0670592 0.0349365 
v 0.00890106 0.0670494 0.0349094 
v 0.00894018 0.0670402 0.0348781 
v 0.00897598 0.0670319 0.0348428 
v 0.00900811 0.0670244 0.034804 
v 0.00903622 0.0670178 0.0347621 
v 0.00906003 0.0670123 0.0347174 
v 0.0090793 0.0670078 0.0346705 
v 0.00909381 0.0670044 0.0346218 
v 0.00910342 0.0670022 0.0345718 
v 0.00910803 0.0670011 0.0345211 
v 0.00853928 0.0666609 0.035 
v 0.00859026 0.0666543 0.0349973 
v 0.00864071 0.0666477 0.0349894 
v 0.00869007 0.0666413 0.0349763 
v 0.00873784 0.066635 0.0349582 
v 0.0087835 0.0666291 0.0349351 
v 0.00882657 0.0666235 0.0349075 
v 0.0088666 0.0666182 0.0348756 
v 0.00890316 0.0666135 0.0348396 
v 0.00893586 0.0666092 0.0348001 
v 0.00896435 0.0666055 0.0347574 
v 0.00898834 0.0666024 0.0347119 
v 0.00900757 0.0665999 0.0346642 
v 0.00902184 0.066598 0.0346148 
v 0.00903098 0.0665968 0.0345642 
v 0.00903492 0.0665963 0.0345128 
v 0.00909096 0.0669066 0.0345191 
v 0.00850232 0.0662028 0.035 
v 0.00855434 0.0662012 0.0349973 
v 0.00860579 0.0661995 0.0349892 
v 0.00865612 0.066198 0.0349757 
v 0.00870477 0.0661964 0.0349571 
v 0.00875123 0.066195 0.0349336 
v 0.00879499 0.0661936 0.0349053 
v 0.00883556 0.0661923 0.0348726 
v 0.00887252 0.0661912 0.0348359 
v 0.00890545 0.0661901 0.0347955 
v 0.008934 0.0661892 0.0347519 
v 0.00895787 0.0661885 0.0347056 
v 0.00897678 0.0661879 0.0346571 
v 0.00899054 0.0661875 0.0346068 
v 0.008999 0.0661872 0.0345554 
v 0.00900206 0.0661871 0.0345033 
v 0.00902588 0.0664837 0.0345102 
v 0.0085 0.0660549 0.035 
v 0.00855226 0.0660549 0.0349973 
v 0.00860396 0.0660549 0.0349891 
v 0.00865451 0.0660549 0.0349755 
v 0.00870337 0.0660549 0.0349568 
v 0.00875 0.0660549 0.034933 
v 0.00879389 0.0660549 0.0349045 
v 0.00883457 0.0660549 0.0348716 
v 0.00887157 0.0660549 0.0348346 
v 0.00890451 0.0660549 0.0347939 
v 0.00893301 0.0660549 0.03475 
v 0.00895677 0.0660549 0.0347034 
v 0.00897553 0.0660549 0.0346545 
v 0.00898907 0.0660549 0.034604 
v 0.00899726 0.0660549 0.0345523 
v 0.009 0.0660549 0.0345 
v 0.013 0.0706155 0.035 
vn 0 0 1 
vn 0.00963571 -0.0958557 0.995349 
vn 0 -0.0963151 0.995351 
vn 0.0191818 -0.19082 0.981438 
vn 0 -0.191735 0.981447 
vn 0 -0.103158 0.994665 
vn 0.0285494 -0.284008 0.958397 
vn 0 -0.285371 0.958417 
vn 0 -0.205222 0.978715 
vn 0.0376515 -0.374555 0.92644 
vn 0 -0.376355 0.926476 
vn 0 -0.3051 0.95232 
vn 0.0464032 -0.461617 0.885865 
vn 0 -0.463839 0.88592 
vn 0 -0.401725 0.91576 
vn 0.0547233 -0.544385 0.837048 
vn 0 -0.54701 0.837126 
vn 0 -0.494066 0.869424 
vn 0.0625344 -0.622089 0.780445 
vn 0 -0.625094 0.780549 
vn 0 -0.581134 0.813808 
vn 0.0697636 -0.694006 0.716582 
vn 0 -0.697367 0.716714 
vn 0 -0.662001 0.749503 
vn 0.0763439 -0.759466 0.646052 
vn 0 -0.763155 0.646215 
vn 0 -0.7358 0.677199 
vn 0.082214 -0.817861 0.569512 
vn 0 -0.821847 0.569708 
vn 0 -0.801745 0.597666 
vn 0.0873192 -0.868648 0.487674 
vn 0 -0.872898 0.487903 
vn 0 -0.859131 0.511756 
vn 0.0916121 -0.911354 0.4013 
vn 0 -0.907346 0.420386 
vn 0 -0.915832 0.401561 
vn 0.0950528 -0.945582 0.311192 
vn 0 -0.945875 0.324532 
vn 0 -0.950251 0.311486 
vn 0.0976093 -0.971013 0.218189 
vn 0 -0.974308 0.22522 
vn 0 -0.975834 0.218514 
vn 0.0992576 -0.987411 0.123157 
vn 0 -0.992343 0.123511 
vn 0 0 1 
vn 0.0190434 -0.0945092 0.995342 
vn 0.0379094 -0.188138 0.981411 
vn 0.0564222 -0.280014 0.958336 
vn 0.0744093 -0.369281 0.926334 
vn 0.0917032 -0.455108 0.885702 
vn 0.108143 -0.536695 0.836818 
vn 0.123575 -0.613282 0.780138 
vn 0.137856 -0.684155 0.716189 
vn 0.150852 -0.748655 0.645569 
vn 0.162443 -0.80618 0.568934 
vn 0.172521 -0.856194 0.486999 
vn 0.180992 -0.898232 0.400527 
vn 0.187776 -0.931901 0.310324 
vn 0.192811 -0.956888 0.217229 
vn 0.196049 -0.972961 0.122111 
vn 0.104522 -0.986905 0.122859 
vn 0 0 1 
vn 0.0282417 -0.0923012 0.995331 
vn 0.0562196 -0.18374 0.981366 
vn 0.0836725 -0.273464 0.958236 
vn 0.110344 -0.360633 0.926158 
vn 0.135985 -0.444435 0.88543 
vn 0.160356 -0.524086 0.836433 
vn 0.18323 -0.598842 0.779625 
vn 0.204392 -0.668006 0.715536 
vn 0.223645 -0.730932 0.644765 
vn 0.24081 -0.787031 0.567972 
vn 0.255726 -0.835781 0.485875 
vn 0.268254 -0.876725 0.399241 
vn 0.278277 -0.909481 0.308878 
vn 0.285701 -0.933744 0.21563 
vn 0.290456 -0.949287 0.120369 
vn 0 0 1 
vn 0.031994 -0.0911347 0.995324 
vn 0.0636888 -0.181417 0.981342 
vn 0.094788 -0.270003 0.958182 
vn 0.125001 -0.356065 0.926063 
vn 0.154045 -0.438796 0.885284 
vn 0.181648 -0.517425 0.836227 
vn 0.207553 -0.591215 0.77935 
vn 0.231517 -0.659477 0.715185 
vn 0.253317 -0.721572 0.644333 
vn 0.272747 -0.776919 0.567456 
vn 0.289627 -0.825001 0.485272 
vn 0.303799 -0.865369 0.398551 
vn 0.315129 -0.897645 0.308102 
vn 0.323513 -0.921527 0.214773 
vn 0.328872 -0.936792 0.119435 
vn 0.309026 -0.943488 0.119724 
vn 0 0 1 
vn 0.0410387 -0.087646 0.995306 
vn 0.0816921 -0.174469 0.981268 
vn 0.121579 -0.259654 0.958018 
vn 0.160324 -0.342402 0.925774 
vn 0.197564 -0.421935 0.884839 
vn 0.232949 -0.497507 0.835597 
vn 0.266147 -0.568408 0.77851 
vn 0.296847 -0.633974 0.714114 
vn 0.32476 -0.693587 0.643015 
vn 0.349624 -0.746689 0.565879 
vn 0.371206 -0.792781 0.48343 
vn 0.389302 -0.83143 0.396443 
vn 0.403745 -0.862274 0.305734 
vn 0.414396 -0.885023 0.212155 
vn 0.406794 -0.906071 0.116419 
vn 0.421158 -0.899463 0.116584 
vn 0 0 1 
vn 0.0495997 -0.0833819 0.995283 
vn 0.0987315 -0.165977 0.981175 
vn 0.146932 -0.247006 0.957809 
vn 0.193746 -0.325705 0.925407 
vn 0.238732 -0.401331 0.884274 
vn 0.281465 -0.47317 0.834798 
vn 0.321543 -0.540545 0.777445 
vn 0.358587 -0.60282 0.712758 
vn 0.392248 -0.659407 0.641345 
vn 0.422208 -0.709773 0.563881 
vn 0.448185 -0.753442 0.481098 
vn 0.469933 -0.790003 0.393775 
vn 0.487247 -0.81911 0.302737 
vn 0.499964 -0.840488 0.208842 
vn 0.507964 -0.853937 0.112977 
vn 0 0 1 
vn 0.0577044 -0.0783604 0.995254 
vn 0.114861 -0.155977 0.98106 
vn 0.170927 -0.232113 0.957553 
vn 0.225371 -0.306045 0.924956 
vn 0.277675 -0.377073 0.883579 
vn 0.327344 -0.444521 0.833815 
vn 0.373905 -0.507749 0.776135 
vn 0.416917 -0.566157 0.711088 
vn 0.455971 -0.619191 0.639291 
vn 0.490697 -0.666347 0.561425 
vn 0.520764 -0.707178 0.47823 
vn 0.545888 -0.741296 0.390495 
vn 0.565831 -0.768377 0.299053 
vn 0.580402 -0.788164 0.204772 
vn 0.587796 -0.801693 0.108556 
vn 0.589463 -0.800469 0.108548 
vn 0 0 1 
vn 0.0608294 -0.0761336 0.99524 
vn 0.12108 -0.151542 0.981007 
vn 0.180178 -0.225509 0.957435 
vn 0.23756 -0.297328 0.924749 
vn 0.292681 -0.366318 0.88326 
vn 0.345017 -0.43182 0.833364 
vn 0.394067 -0.493212 0.775534 
vn 0.439367 -0.549908 0.710322 
vn 0.480484 -0.601371 0.638348 
vn 0.517028 -0.647108 0.560298 
vn 0.54865 -0.686685 0.476914 
vn 0.575049 -0.719726 0.38899 
vn 0.595974 -0.745916 0.297363 
vn 0.611225 -0.765005 0.202906 
vn 0.620659 -0.776812 0.106517 
vn 0 0 1 
vn 0.0684308 -0.0699315 0.995202 
vn 0.136205 -0.139192 0.980854 
vn 0.202672 -0.207117 0.957093 
vn 0.267194 -0.273054 0.924148 
vn 0.329152 -0.336371 0.882334 
vn 0.387952 -0.39646 0.832054 
vn 0.443029 -0.452744 0.773788 
vn 0.493854 -0.504684 0.708098 
vn 0.53994 -0.551781 0.635612 
vn 0.580845 -0.593582 0.557027 
vn 0.616176 -0.629688 0.473097 
vn 0.645594 -0.659751 0.384626 
vn 0.668816 -0.683483 0.292465 
vn 0.685621 -0.700656 0.197497 
vn 0.66923 -0.736044 0.101836 
vn 0.695846 -0.711106 0.100634 
vn 0 0 1 
vn 0.0753456 -0.063134 0.995157 
vn 0.149961 -0.125656 0.980674 
vn 0.223125 -0.186962 0.956693 
vn 0.294127 -0.246456 0.923444 
vn 0.36228 -0.303563 0.881251 
vn 0.426923 -0.35773 0.830521 
vn 0.487432 -0.408432 0.771747 
vn 0.543219 -0.455177 0.705498 
vn 0.593744 -0.497513 0.632415 
vn 0.638518 -0.535031 0.553206 
vn 0.677108 -0.567366 0.468638 
vn 0.709138 -0.594205 0.379531 
vn 0.7343 -0.615288 0.286748 
vn 0.752348 -0.630412 0.191187 
vn 0.743237 -0.662235 0.0950978 
vn 0.76311 -0.639429 0.0937749 
vn 0 0 1 
vn 0.0816087 -0.0557474 0.995104 
vn 0.162418 -0.110949 0.980464 
vn 0.241638 -0.165064 0.956224 
vn 0.318491 -0.217563 0.922621 
vn 0.392226 -0.267932 0.879984 
vn 0.46212 -0.315677 0.82873 
vn 0.527489 -0.360331 0.769362 
vn 0.587693 -0.401457 0.70246 
vn 0.642142 -0.438652 0.628679 
vn 0.690304 -0.471551 0.548743 
vn 0.731707 -0.499834 0.463434 
vn 0.765945 -0.523222 0.373587 
vn 0.792683 -0.541487 0.280082 
vn 0.811659 -0.554449 0.183835 
vn 0.809095 -0.581188 0.087098 
vn 0.822688 -0.561983 0.0857869 
vn 0 0 1 
vn 0.0838296 -0.0527729 0.995082 
vn 0.166835 -0.105027 0.980375 
vn 0.248198 -0.156247 0.956025 
vn 0.327121 -0.205931 0.922271 
vn 0.402826 -0.253589 0.879445 
vn 0.474568 -0.298753 0.827969 
vn 0.541642 -0.340978 0.768347 
vn 0.603388 -0.379849 0.701168 
vn 0.659199 -0.414983 0.627092 
vn 0.708526 -0.446036 0.546848 
vn 0.750883 -0.472701 0.461224 
vn 0.785855 -0.494716 0.371064 
vn 0.813096 -0.511865 0.277253 
vn 0.832339 -0.523979 0.180716 
vn 0.843394 -0.530939 0.0824003 
vn 0 0 1 
vn 0.0893122 -0.044381 0.995014 
vn 0.177734 -0.0883194 0.980107 
vn 0.264383 -0.131377 0.955427 
vn 0.348397 -0.173125 0.921221 
vn 0.428936 -0.213147 0.877828 
vn 0.505198 -0.251043 0.825683 
vn 0.576423 -0.286436 0.765305 
vn 0.6419 -0.318973 0.697295 
vn 0.700977 -0.348329 0.622333 
vn 0.753064 -0.374212 0.541165 
vn 0.797642 -0.396364 0.454601 
vn 0.834267 -0.414564 0.363505 
vn 0.862573 -0.428629 0.268783 
vn 0.882278 -0.438421 0.171382 
vn 0.893186 -0.443842 0.0722718 
vn 0.866106 -0.493856 0.0772411 
vn 0 0 1 
vn 0.0939794 -0.0356136 0.994937 
vn 0.187007 -0.0708667 0.979799 
vn 0.278141 -0.105402 0.95474 
vn 0.366459 -0.13887 0.920012 
vn 0.451066 -0.170932 0.875969 
vn 0.531105 -0.201263 0.823056 
vn 0.605766 -0.229556 0.761808 
vn 0.674293 -0.255525 0.692846 
vn 0.735993 -0.278906 0.616868 
vn 0.790239 -0.299462 0.534644 
vn 0.836484 -0.316987 0.447006 
vn 0.874258 -0.331301 0.354841 
vn 0.903179 -0.342261 0.259084 
vn 0.922955 -0.349755 0.160703 
vn 0.933385 -0.353708 0.0606941 
vn 0.913617 -0.401172 0.0660758 
vn 0 0 1 
vn 0.0978722 -0.02646 0.994847 
vn 0.194736 -0.0526472 0.979442 
vn 0.289592 -0.0782919 0.953943 
vn 0.381465 -0.10313 0.918613 
vn 0.469406 -0.126905 0.873816 
vn 0.552509 -0.149372 0.820013 
vn 0.629919 -0.1703 0.75776 
vn 0.700836 -0.189473 0.687698 
vn 0.764532 -0.206693 0.610549 
vn 0.820348 -0.221783 0.527107 
vn 0.86771 -0.234587 0.438233 
vn 0.906129 -0.244974 0.344844 
vn 0.935211 -0.252836 0.2479 
vn 0.954654 -0.258093 0.148401 
vn 0.951114 -0.30425 0.0530464 
vn 0.96426 -0.26069 0.0473733 
vn 0 0 1 
vn 0.0990731 -0.0231099 0.994812 
vn 0.197118 -0.04598 0.979301 
vn 0.293118 -0.0683729 0.953628 
vn 0.386076 -0.0900564 0.918061 
vn 0.475028 -0.110805 0.872967 
vn 0.559051 -0.130405 0.818814 
vn 0.637273 -0.148651 0.756165 
vn 0.708882 -0.165354 0.68567 
vn 0.773136 -0.180342 0.608061 
vn 0.829367 -0.193459 0.524141 
vn 0.876992 -0.204568 0.434783 
vn 0.915518 -0.213554 0.340913 
vn 0.944543 -0.220325 0.243506 
vn 0.963767 -0.224809 0.143573 
vn 0.972991 -0.226961 0.0421489 
vn 0 0 1 
vn 0.101963 -0.0133025 0.994699 
vn 0.202845 -0.0264641 0.978853 
vn 0.301577 -0.039345 0.95263 
vn 0.397112 -0.0518089 0.916307 
vn 0.488436 -0.0637234 0.87027 
vn 0.574583 -0.0749625 0.815006 
vn 0.654638 -0.0854068 0.751103 
vn 0.727753 -0.0949456 0.679236 
vn 0.793152 -0.103478 0.600169 
vn 0.850143 -0.110913 0.514738 
vn 0.898121 -0.117173 0.423851 
vn 0.936577 -0.12219 0.32847 
vn 0.965105 -0.125912 0.229607 
vn 0.9834 -0.128298 0.12831 
vn 0.99127 -0.129325 0.0256526 
vn 0.978172 -0.204288 0.0380196 
vn 0 0 1 
vn 0.104033 -0.00326985 0.994568 
vn 0.206937 -0.00650417 0.978333 
vn 0.307592 -0.00966784 0.951469 
vn 0.404906 -0.0127265 0.91427 
vn 0.497821 -0.0156469 0.867139 
vn 0.585329 -0.0183973 0.810587 
vn 0.666478 -0.0209479 0.745231 
vn 0.740386 -0.0232709 0.671779 
vn 0.806252 -0.0253411 0.591029 
vn 0.86336 -0.027136 0.503858 
vn 0.911089 -0.0286362 0.411215 
vn 0.94892 -0.0298252 0.314104 
vn 0.976443 -0.0306903 0.213581 
vn 0.993359 -0.031222 0.110738 
vn 0.999484 -0.0314145 0.00669154 
vn 0.994536 -0.102408 0.020275 
vn 0 0 1 
vn 0.104528 0 0.994522 
vn 0.207912 0 0.978148 
vn 0.309017 0 0.951057 
vn 0.406737 0 0.913545 
vn 0.5 0 0.866025 
vn 0.587785 0 0.809017 
vn 0.669131 0 0.743145 
vn 0.743145 0 0.669131 
vn 0.809017 0 0.587785 
vn 0.866025 0 0.5 
vn 0.913545 0 0.406737 
vn 0.951057 0 0.309017 
vn 0.978148 0 0.207912 
vn 0.994522 0 0.104528 
vn 1 0 0 
vn 0 0 1 
f 2462//2462 2463//2463 2464//2464 
f 2463//2463 2465//2465 2466//2466 
f 2466//2466 2467//2467 2463//2463 
f 2465//2465 2468//2468 2469//2469 
f 2469//2469 2470//2470 2465//2465 
f 2468//2468 2471//2471 2472//2472 
f 2472//2472 2473//2473 2468//2468 
f 2471//2471 2474//2474 2475//2475 
f 2475//2475 2476//2476 2471//2471 
f 2474//2474 2477//2477 2478//2478 
f 2478//2478 2479//2479 2474//2474 
f 2477//2477 2480//2480 2481//2481 
f 2481//2481 2482//2482 2477//2477 
f 2480//2480 2483//2483 2484//2484 
f 2484//2484 2485//2485 2480//2480 
f 2483//2483 2486//2486 2487//2487 
f 2487//2487 2488//2488 2483//2483 
f 2489//2489 2490//2490 2491//2491 
f 2491//2491 2486//2486 2489//2489 
f 2492//2492 2493//2493 2494//2494 
f 2494//2494 2489//2489 2492//2492 
f 2492//2492 2495//2495 2496//2496 
f 2495//2495 2497//2497 2496//2496 
f 2495//2495 2498//2498 2499//2499 
f 2498//2498 2500//2500 2499//2499 
f 2498//2498 2501//2501 2502//2502 
f 2501//2501 2503//2503 2502//2502 
f 2501//2501 2504//2504 2505//2505 
f 2506//2506 2507//2507 2463//2463 
f 2465//2465 2463//2463 2507//2507 
f 2468//2468 2465//2465 2508//2508 
f 2471//2471 2468//2468 2509//2509 
f 2474//2474 2471//2471 2510//2510 
f 2477//2477 2474//2474 2511//2511 
f 2480//2480 2477//2477 2512//2512 
f 2483//2483 2480//2480 2513//2513 
f 2486//2486 2483//2483 2514//2514 
f 2489//2489 2486//2486 2515//2515 
f 2492//2492 2489//2489 2516//2516 
f 2495//2495 2492//2492 2517//2517 
f 2498//2498 2495//2495 2518//2518 
f 2501//2501 2498//2498 2519//2519 
f 2520//2520 2521//2521 2522//2522 
f 2522//2522 2501//2501 2520//2520 
f 2523//2523 2524//2524 2507//2507 
f 2508//2508 2507//2507 2524//2524 
f 2509//2509 2508//2508 2525//2525 
f 2510//2510 2509//2509 2526//2526 
f 2511//2511 2510//2510 2527//2527 
f 2512//2512 2511//2511 2528//2528 
f 2513//2513 2512//2512 2529//2529 
f 2514//2514 2513//2513 2530//2530 
f 2515//2515 2514//2514 2531//2531 
f 2516//2516 2515//2515 2532//2532 
f 2517//2517 2516//2516 2533//2533 
f 2518//2518 2517//2517 2534//2534 
f 2519//2519 2518//2518 2535//2535 
f 2520//2520 2519//2519 2536//2536 
f 2537//2537 2538//2538 2521//2521 
f 2539//2539 2540//2540 2524//2524 
f 2525//2525 2524//2524 2540//2540 
f 2526//2526 2525//2525 2541//2541 
f 2527//2527 2526//2526 2542//2542 
f 2528//2528 2527//2527 2543//2543 
f 2529//2529 2528//2528 2544//2544 
f 2530//2530 2529//2529 2545//2545 
f 2531//2531 2530//2530 2546//2546 
f 2532//2532 2531//2531 2547//2547 
f 2533//2533 2532//2532 2548//2548 
f 2534//2534 2533//2533 2549//2549 
f 2535//2535 2534//2534 2550//2550 
f 2536//2536 2535//2535 2551//2551 
f 2537//2537 2536//2536 2552//2552 
f 2553//2553 2554//2554 2555//2555 
f 2555//2555 2537//2537 2553//2553 
f 2556//2556 2557//2557 2540//2540 
f 2541//2541 2540//2540 2557//2557 
f 2542//2542 2541//2541 2558//2558 
f 2543//2543 2542//2542 2559//2559 
f 2544//2544 2543//2543 2560//2560 
f 2545//2545 2544//2544 2561//2561 
f 2546//2546 2545//2545 2562//2562 
f 2547//2547 2546//2546 2563//2563 
f 2548//2548 2547//2547 2564//2564 
f 2549//2549 2548//2548 2565//2565 
f 2550//2550 2549//2549 2566//2566 
f 2551//2551 2550//2550 2567//2567 
f 2552//2552 2551//2551 2568//2568 
f 2553//2553 2552//2552 2569//2569 
f 2553//2553 2570//2570 2571//2571 
f 2570//2570 2572//2572 2571//2571 
f 2573//2573 2574//2574 2557//2557 
f 2558//2558 2557//2557 2574//2574 
f 2559//2559 2558//2558 2575//2575 
f 2560//2560 2559//2559 2576//2576 
f 2561//2561 2560//2560 2577//2577 
f 2562//2562 2561//2561 2578//2578 
f 2563//2563 2562//2562 2579//2579 
f 2564//2564 2563//2563 2580//2580 
f 2565//2565 2564//2564 2581//2581 
f 2566//2566 2565//2565 2582//2582 
f 2567//2567 2566//2566 2583//2583 
f 2568//2568 2567//2567 2584//2584 
f 2569//2569 2568//2568 2585//2585 
f 2570//2570 2569//2569 2586//2586 
f 2587//2587 2588//2588 2572//2572 
f 2589//2589 2590//2590 2574//2574 
f 2575//2575 2574//2574 2590//2590 
f 2576//2576 2575//2575 2591//2591 
f 2577//2577 2576//2576 2592//2592 
f 2578//2578 2577//2577 2593//2593 
f 2579//2579 2578//2578 2594//2594 
f 2580//2580 2579//2579 2595//2595 
f 2581//2581 2580//2580 2596//2596 
f 2582//2582 2581//2581 2597//2597 
f 2583//2583 2582//2582 2598//2598 
f 2584//2584 2583//2583 2599//2599 
f 2585//2585 2584//2584 2600//2600 
f 2586//2586 2585//2585 2601//2601 
f 2587//2587 2586//2586 2602//2602 
f 2587//2587 2603//2603 2604//2604 
f 2603//2603 2605//2605 2604//2604 
f 2606//2606 2607//2607 2590//2590 
f 2591//2591 2590//2590 2607//2607 
f 2592//2592 2591//2591 2608//2608 
f 2593//2593 2592//2592 2609//2609 
f 2594//2594 2593//2593 2610//2610 
f 2595//2595 2594//2594 2611//2611 
f 2596//2596 2595//2595 2612//2612 
f 2597//2597 2596//2596 2613//2613 
f 2598//2598 2597//2597 2614//2614 
f 2599//2599 2598//2598 2615//2615 
f 2600//2600 2599//2599 2616//2616 
f 2601//2601 2600//2600 2617//2617 
f 2602//2602 2601//2601 2618//2618 
f 2603//2603 2602//2602 2619//2619 
f 2620//2620 2621//2621 2605//2605 
f 2622//2622 2623//2623 2607//2607 
f 2608//2608 2607//2607 2623//2623 
f 2609//2609 2608//2608 2624//2624 
f 2610//2610 2609//2609 2625//2625 
f 2611//2611 2610//2610 2626//2626 
f 2612//2612 2611//2611 2627//2627 
f 2613//2613 2612//2612 2628//2628 
f 2614//2614 2613//2613 2629//2629 
f 2615//2615 2614//2614 2630//2630 
f 2616//2616 2615//2615 2631//2631 
f 2617//2617 2616//2616 2632//2632 
f 2618//2618 2617//2617 2633//2633 
f 2619//2619 2618//2618 2634//2634 
f 2620//2620 2619//2619 2635//2635 
f 2620//2620 2636//2636 2637//2637 
f 2636//2636 2638//2638 2637//2637 
f 2639//2639 2640//2640 2623//2623 
f 2624//2624 2623//2623 2640//2640 
f 2625//2625 2624//2624 2641//2641 
f 2626//2626 2625//2625 2642//2642 
f 2627//2627 2626//2626 2643//2643 
f 2628//2628 2627//2627 2644//2644 
f 2629//2629 2628//2628 2645//2645 
f 2630//2630 2629//2629 2646//2646 
f 2631//2631 2630//2630 2647//2647 
f 2632//2632 2631//2631 2648//2648 
f 2633//2633 2632//2632 2649//2649 
f 2634//2634 2633//2633 2650//2650 
f 2635//2635 2634//2634 2651//2651 
f 2636//2636 2635//2635 2652//2652 
f 2636//2636 2653//2653 2654//2654 
f 2653//2653 2655//2655 2654//2654 
f 2656//2656 2657//2657 2640//2640 
f 2641//2641 2640//2640 2657//2657 
f 2642//2642 2641//2641 2658//2658 
f 2643//2643 2642//2642 2659//2659 
f 2644//2644 2643//2643 2660//2660 
f 2645//2645 2644//2644 2661//2661 
f 2646//2646 2645//2645 2662//2662 
f 2647//2647 2646//2646 2663//2663 
f 2648//2648 2647//2647 2664//2664 
f 2649//2649 2648//2648 2665//2665 
f 2650//2650 2649//2649 2666//2666 
f 2651//2651 2650//2650 2667//2667 
f 2652//2652 2651//2651 2668//2668 
f 2653//2653 2652//2652 2669//2669 
f 2653//2653 2670//2670 2671//2671 
f 2670//2670 2672//2672 2671//2671 
f 2673//2673 2674//2674 2657//2657 
f 2658//2658 2657//2657 2674//2674 
f 2659//2659 2658//2658 2675//2675 
f 2660//2660 2659//2659 2676//2676 
f 2661//2661 2660//2660 2677//2677 
f 2662//2662 2661//2661 2678//2678 
f 2663//2663 2662//2662 2679//2679 
f 2664//2664 2663//2663 2680//2680 
f 2665//2665 2664//2664 2681//2681 
f 2666//2666 2665//2665 2682//2682 
f 2667//2667 2666//2666 2683//2683 
f 2668//2668 2667//2667 2684//2684 
f 2669//2669 2668//2668 2685//2685 
f 2670//2670 2669//2669 2686//2686 
f 2687//2687 2688//2688 2672//2672 
f 2689//2689 2690//2690 2674//2674 
f 2675//2675 2674//2674 2690//2690 
f 2676//2676 2675//2675 2691//2691 
f 2677//2677 2676//2676 2692//2692 
f 2678//2678 2677//2677 2693//2693 
f 2679//2679 2678//2678 2694//2694 
f 2680//2680 2679//2679 2695//2695 
f 2681//2681 2680//2680 2696//2696 
f 2682//2682 2681//2681 2697//2697 
f 2683//2683 2682//2682 2698//2698 
f 2684//2684 2683//2683 2699//2699 
f 2685//2685 2684//2684 2700//2700 
f 2686//2686 2685//2685 2701//2701 
f 2687//2687 2686//2686 2702//2702 
f 2703//2703 2704//2704 2705//2705 
f 2705//2705 2687//2687 2703//2703 
f 2706//2706 2707//2707 2690//2690 
f 2691//2691 2690//2690 2707//2707 
f 2692//2692 2691//2691 2708//2708 
f 2693//2693 2692//2692 2709//2709 
f 2694//2694 2693//2693 2710//2710 
f 2695//2695 2694//2694 2711//2711 
f 2696//2696 2695//2695 2712//2712 
f 2697//2697 2696//2696 2713//2713 
f 2698//2698 2697//2697 2714//2714 
f 2699//2699 2698//2698 2715//2715 
f 2700//2700 2699//2699 2716//2716 
f 2701//2701 2700//2700 2717//2717 
f 2702//2702 2701//2701 2718//2718 
f 2703//2703 2702//2702 2719//2719 
f 2720//2720 2721//2721 2722//2722 
f 2722//2722 2703//2703 2720//2720 
f 2723//2723 2724//2724 2707//2707 
f 2708//2708 2707//2707 2724//2724 
f 2709//2709 2708//2708 2725//2725 
f 2710//2710 2709//2709 2726//2726 
f 2711//2711 2710//2710 2727//2727 
f 2712//2712 2711//2711 2728//2728 
f 2713//2713 2712//2712 2729//2729 
f 2714//2714 2713//2713 2730//2730 
f 2715//2715 2714//2714 2731//2731 
f 2716//2716 2715//2715 2732//2732 
f 2717//2717 2716//2716 2733//2733 
f 2718//2718 2717//2717 2734//2734 
f 2719//2719 2718//2718 2735//2735 
f 2720//2720 2719//2719 2736//2736 
f 2720//2720 2737//2737 2738//2738 
f 2737//2737 2739//2739 2738//2738 
f 2740//2740 2741//2741 2724//2724 
f 2725//2725 2724//2724 2741//2741 
f 2726//2726 2725//2725 2742//2742 
f 2727//2727 2726//2726 2743//2743 
f 2728//2728 2727//2727 2744//2744 
f 2729//2729 2728//2728 2745//2745 
f 2730//2730 2729//2729 2746//2746 
f 2731//2731 2730//2730 2747//2747 
f 2732//2732 2731//2731 2748//2748 
f 2733//2733 2732//2732 2749//2749 
f 2734//2734 2733//2733 2750//2750 
f 2735//2735 2734//2734 2751//2751 
f 2736//2736 2735//2735 2752//2752 
f 2737//2737 2736//2736 2753//2753 
f 2754//2754 2755//2755 2739//2739 
f 2756//2756 2757//2757 2741//2741 
f 2742//2742 2741//2741 2757//2757 
f 2743//2743 2742//2742 2758//2758 
f 2744//2744 2743//2743 2759//2759 
f 2745//2745 2744//2744 2760//2760 
f 2746//2746 2745//2745 2761//2761 
f 2747//2747 2746//2746 2762//2762 
f 2748//2748 2747//2747 2763//2763 
f 2749//2749 2748//2748 2764//2764 
f 2750//2750 2749//2749 2765//2765 
f 2751//2751 2750//2750 2766//2766 
f 2752//2752 2751//2751 2767//2767 
f 2753//2753 2752//2752 2768//2768 
f 2754//2754 2753//2753 2769//2769 
f 2770//2770 2771//2771 2772//2772 
f 2772//2772 2754//2754 2770//2770 
f 2773//2773 2774//2774 2757//2757 
f 2758//2758 2757//2757 2774//2774 
f 2759//2759 2758//2758 2775//2775 
f 2760//2760 2759//2759 2776//2776 
f 2761//2761 2760//2760 2777//2777 
f 2762//2762 2761//2761 2778//2778 
f 2763//2763 2762//2762 2779//2779 
f 2764//2764 2763//2763 2780//2780 
f 2765//2765 2764//2764 2781//2781 
f 2766//2766 2765//2765 2782//2782 
f 2767//2767 2766//2766 2783//2783 
f 2768//2768 2767//2767 2784//2784 
f 2769//2769 2768//2768 2785//2785 
f 2770//2770 2769//2769 2786//2786 
f 2787//2787 2788//2788 2789//2789 
f 2789//2789 2770//2770 2787//2787 
f 2790//2790 2791//2791 2774//2774 
f 2791//2791 2792//2792 2775//2775 
f 2792//2792 2793//2793 2776//2776 
f 2793//2793 2794//2794 2777//2777 
f 2794//2794 2795//2795 2778//2778 
f 2795//2795 2796//2796 2779//2779 
f 2796//2796 2797//2797 2780//2780 
f 2797//2797 2798//2798 2781//2781 
f 2798//2798 2799//2799 2782//2782 
f 2799//2799 2800//2800 2783//2783 
f 2800//2800 2801//2801 2784//2784 
f 2801//2801 2802//2802 2785//2785 
f 2802//2802 2803//2803 2786//2786 
f 2803//2803 2804//2804 2787//2787 
f 2804//2804 2805//2805 2788//2788 
f 2788//2788 2787//2787 2804//2804 
f 2787//2787 2786//2786 2803//2803 
f 2786//2786 2785//2785 2802//2802 
f 2785//2785 2784//2784 2801//2801 
f 2784//2784 2783//2783 2800//2800 
f 2783//2783 2782//2782 2799//2799 
f 2782//2782 2781//2781 2798//2798 
f 2781//2781 2780//2780 2797//2797 
f 2780//2780 2779//2779 2796//2796 
f 2779//2779 2778//2778 2795//2795 
f 2778//2778 2777//2777 2794//2794 
f 2777//2777 2776//2776 2793//2793 
f 2776//2776 2775//2775 2792//2792 
f 2775//2775 2774//2774 2791//2791 
f 2774//2774 2773//2773 2790//2790 
f 2789//2789 2771//2771 2770//2770 
f 2786//2786 2787//2787 2770//2770 
f 2785//2785 2786//2786 2769//2769 
f 2784//2784 2785//2785 2768//2768 
f 2783//2783 2784//2784 2767//2767 
f 2782//2782 2783//2783 2766//2766 
f 2781//2781 2782//2782 2765//2765 
f 2780//2780 2781//2781 2764//2764 
f 2779//2779 2780//2780 2763//2763 
f 2778//2778 2779//2779 2762//2762 
f 2777//2777 2778//2778 2761//2761 
f 2776//2776 2777//2777 2760//2760 
f 2775//2775 2776//2776 2759//2759 
f 2774//2774 2775//2775 2758//2758 
f 2757//2757 2756//2756 2773//2773 
f 2772//2772 2755//2755 2754//2754 
f 2769//2769 2770//2770 2754//2754 
f 2768//2768 2769//2769 2753//2753 
f 2767//2767 2768//2768 2752//2752 
f 2766//2766 2767//2767 2751//2751 
f 2765//2765 2766//2766 2750//2750 
f 2764//2764 2765//2765 2749//2749 
f 2763//2763 2764//2764 2748//2748 
f 2762//2762 2763//2763 2747//2747 
f 2761//2761 2762//2762 2746//2746 
f 2760//2760 2761//2761 2745//2745 
f 2759//2759 2760//2760 2744//2744 
f 2758//2758 2759//2759 2743//2743 
f 2757//2757 2758//2758 2742//2742 
f 2741//2741 2740//2740 2756//2756 
f 2739//2739 2737//2737 2754//2754 
f 2753//2753 2754//2754 2737//2737 
f 2752//2752 2753//2753 2736//2736 
f 2751//2751 2752//2752 2735//2735 
f 2750//2750 2751//2751 2734//2734 
f 2749//2749 2750//2750 2733//2733 
f 2748//2748 2749//2749 2732//2732 
f 2747//2747 2748//2748 2731//2731 
f 2746//2746 2747//2747 2730//2730 
f 2745//2745 2746//2746 2729//2729 
f 2744//2744 2745//2745 2728//2728 
f 2743//2743 2744//2744 2727//2727 
f 2742//2742 2743//2743 2726//2726 
f 2741//2741 2742//2742 2725//2725 
f 2724//2724 2723//2723 2740//2740 
f 2738//2738 2721//2721 2720//2720 
f 2736//2736 2737//2737 2720//2720 
f 2735//2735 2736//2736 2719//2719 
f 2734//2734 2735//2735 2718//2718 
f 2733//2733 2734//2734 2717//2717 
f 2732//2732 2733//2733 2716//2716 
f 2731//2731 2732//2732 2715//2715 
f 2730//2730 2731//2731 2714//2714 
f 2729//2729 2730//2730 2713//2713 
f 2728//2728 2729//2729 2712//2712 
f 2727//2727 2728//2728 2711//2711 
f 2726//2726 2727//2727 2710//2710 
f 2725//2725 2726//2726 2709//2709 
f 2724//2724 2725//2725 2708//2708 
f 2707//2707 2706//2706 2723//2723 
f 2722//2722 2704//2704 2703//2703 
f 2719//2719 2720//2720 2703//2703 
f 2718//2718 2719//2719 2702//2702 
f 2717//2717 2718//2718 2701//2701 
f 2716//2716 2717//2717 2700//2700 
f 2715//2715 2716//2716 2699//2699 
f 2714//2714 2715//2715 2698//2698 
f 2713//2713 2714//2714 2697//2697 
f 2712//2712 2713//2713 2696//2696 
f 2711//2711 2712//2712 2695//2695 
f 2710//2710 2711//2711 2694//2694 
f 2709//2709 2710//2710 2693//2693 
f 2708//2708 2709//2709 2692//2692 
f 2707//2707 2708//2708 2691//2691 
f 2690//2690 2689//2689 2706//2706 
f 2705//2705 2688//2688 2687//2687 
f 2702//2702 2703//2703 2687//2687 
f 2701//2701 2702//2702 2686//2686 
f 2700//2700 2701//2701 2685//2685 
f 2699//2699 2700//2700 2684//2684 
f 2698//2698 2699//2699 2683//2683 
f 2697//2697 2698//2698 2682//2682 
f 2696//2696 2697//2697 2681//2681 
f 2695//2695 2696//2696 2680//2680 
f 2694//2694 2695//2695 2679//2679 
f 2693//2693 2694//2694 2678//2678 
f 2692//2692 2693//2693 2677//2677 
f 2691//2691 2692//2692 2676//2676 
f 2690//2690 2691//2691 2675//2675 
f 2674//2674 2673//2673 2689//2689 
f 2672//2672 2670//2670 2687//2687 
f 2686//2686 2687//2687 2670//2670 
f 2685//2685 2686//2686 2669//2669 
f 2684//2684 2685//2685 2668//2668 
f 2683//2683 2684//2684 2667//2667 
f 2682//2682 2683//2683 2666//2666 
f 2681//2681 2682//2682 2665//2665 
f 2680//2680 2681//2681 2664//2664 
f 2679//2679 2680//2680 2663//2663 
f 2678//2678 2679//2679 2662//2662 
f 2677//2677 2678//2678 2661//2661 
f 2676//2676 2677//2677 2660//2660 
f 2675//2675 2676//2676 2659//2659 
f 2674//2674 2675//2675 2658//2658 
f 2657//2657 2656//2656 2673//2673 
f 2671//2671 2655//2655 2653//2653 
f 2669//2669 2670//2670 2653//2653 
f 2668//2668 2669//2669 2652//2652 
f 2667//2667 2668//2668 2651//2651 
f 2666//2666 2667//2667 2650//2650 
f 2665//2665 2666//2666 2649//2649 
f 2664//2664 2665//2665 2648//2648 
f 2663//2663 2664//2664 2647//2647 
f 2662//2662 2663//2663 2646//2646 
f 2661//2661 2662//2662 2645//2645 
f 2660//2660 2661//2661 2644//2644 
f 2659//2659 2660//2660 2643//2643 
f 2658//2658 2659//2659 2642//2642 
f 2657//2657 2658//2658 2641//2641 
f 2640//2640 2639//2639 2656//2656 
f 2654//2654 2638//2638 2636//2636 
f 2652//2652 2653//2653 2636//2636 
f 2651//2651 2652//2652 2635//2635 
f 2650//2650 2651//2651 2634//2634 
f 2649//2649 2650//2650 2633//2633 
f 2648//2648 2649//2649 2632//2632 
f 2647//2647 2648//2648 2631//2631 
f 2646//2646 2647//2647 2630//2630 
f 2645//2645 2646//2646 2629//2629 
f 2644//2644 2645//2645 2628//2628 
f 2643//2643 2644//2644 2627//2627 
f 2642//2642 2643//2643 2626//2626 
f 2641//2641 2642//2642 2625//2625 
f 2640//2640 2641//2641 2624//2624 
f 2623//2623 2622//2622 2639//2639 
f 2637//2637 2621//2621 2620//2620 
f 2635//2635 2636//2636 2620//2620 
f 2634//2634 2635//2635 2619//2619 
f 2633//2633 2634//2634 2618//2618 
f 2632//2632 2633//2633 2617//2617 
f 2631//2631 2632//2632 2616//2616 
f 2630//2630 2631//2631 2615//2615 
f 2629//2629 2630//2630 2614//2614 
f 2628//2628 2629//2629 2613//2613 
f 2627//2627 2628//2628 2612//2612 
f 2626//2626 2627//2627 2611//2611 
f 2625//2625 2626//2626 2610//2610 
f 2624//2624 2625//2625 2609//2609 
f 2623//2623 2624//2624 2608//2608 
f 2607//2607 2606//2606 2622//2622 
f 2605//2605 2603//2603 2620//2620 
f 2619//2619 2620//2620 2603//2603 
f 2618//2618 2619//2619 2602//2602 
f 2617//2617 2618//2618 2601//2601 
f 2616//2616 2617//2617 2600//2600 
f 2615//2615 2616//2616 2599//2599 
f 2614//2614 2615//2615 2598//2598 
f 2613//2613 2614//2614 2597//2597 
f 2612//2612 2613//2613 2596//2596 
f 2611//2611 2612//2612 2595//2595 
f 2610//2610 2611//2611 2594//2594 
f 2609//2609 2610//2610 2593//2593 
f 2608//2608 2609//2609 2592//2592 
f 2607//2607 2608//2608 2591//2591 
f 2590//2590 2589//2589 2606//2606 
f 2604//2604 2588//2588 2587//2587 
f 2602//2602 2603//2603 2587//2587 
f 2601//2601 2602//2602 2586//2586 
f 2600//2600 2601//2601 2585//2585 
f 2599//2599 2600//2600 2584//2584 
f 2598//2598 2599//2599 2583//2583 
f 2597//2597 2598//2598 2582//2582 
f 2596//2596 2597//2597 2581//2581 
f 2595//2595 2596//2596 2580//2580 
f 2594//2594 2595//2595 2579//2579 
f 2593//2593 2594//2594 2578//2578 
f 2592//2592 2593//2593 2577//2577 
f 2591//2591 2592//2592 2576//2576 
f 2590//2590 2591//2591 2575//2575 
f 2574//2574 2573//2573 2589//2589 
f 2572//2572 2570//2570 2587//2587 
f 2586//2586 2587//2587 2570//2570 
f 2585//2585 2586//2586 2569//2569 
f 2584//2584 2585//2585 2568//2568 
f 2583//2583 2584//2584 2567//2567 
f 2582//2582 2583//2583 2566//2566 
f 2581//2581 2582//2582 2565//2565 
f 2580//2580 2581//2581 2564//2564 
f 2579//2579 2580//2580 2563//2563 
f 2578//2578 2579//2579 2562//2562 
f 2577//2577 2578//2578 2561//2561 
f 2576//2576 2577//2577 2560//2560 
f 2575//2575 2576//2576 2559//2559 
f 2574//2574 2575//2575 2558//2558 
f 2557//2557 2556//2556 2573//2573 
f 2571//2571 2554//2554 2553//2553 
f 2569//2569 2570//2570 2553//2553 
f 2568//2568 2569//2569 2552//2552 
f 2567//2567 2568//2568 2551//2551 
f 2566//2566 2567//2567 2550//2550 
f 2565//2565 2566//2566 2549//2549 
f 2564//2564 2565//2565 2548//2548 
f 2563//2563 2564//2564 2547//2547 
f 2562//2562 2563//2563 2546//2546 
f 2561//2561 2562//2562 2545//2545 
f 2560//2560 2561//2561 2544//2544 
f 2559//2559 2560//2560 2543//2543 
f 2558//2558 2559//2559 2542//2542 
f 2557//2557 2558//2558 2541//2541 
f 2540//2540 2539//2539 2556//2556 
f 2555//2555 2538//2538 2537//2537 
f 2552//2552 2553//2553 2537//2537 
f 2551//2551 2552//2552 2536//2536 
f 2550//2550 2551//2551 2535//2535 
f 2549//2549 2550//2550 2534//2534 
f 2548//2548 2549//2549 2533//2533 
f 2547//2547 2548//2548 2532//2532 
f 2546//2546 2547//2547 2531//2531 
f 2545//2545 2546//2546 2530//2530 
f 2544//2544 2545//2545 2529//2529 
f 2543//2543 2544//2544 2528//2528 
f 2542//2542 2543//2543 2527//2527 
f 2541//2541 2542//2542 2526//2526 
f 2540//2540 2541//2541 2525//2525 
f 2524//2524 2523//2523 2539//2539 
f 2521//2521 2520//2520 2537//2537 
f 2536//2536 2537//2537 2520//2520 
f 2535//2535 2536//2536 2519//2519 
f 2534//2534 2535//2535 2518//2518 
f 2533//2533 2534//2534 2517//2517 
f 2532//2532 2533//2533 2516//2516 
f 2531//2531 2532//2532 2515//2515 
f 2530//2530 2531//2531 2514//2514 
f 2529//2529 2530//2530 2513//2513 
f 2528//2528 2529//2529 2512//2512 
f 2527//2527 2528//2528 2511//2511 
f 2526//2526 2527//2527 2510//2510 
f 2525//2525 2526//2526 2509//2509 
f 2524//2524 2525//2525 2508//2508 
f 2507//2507 2506//2506 2523//2523 
f 2522//2522 2504//2504 2501//2501 
f 2519//2519 2520//2520 2501//2501 
f 2518//2518 2519//2519 2498//2498 
f 2517//2517 2518//2518 2495//2495 
f 2516//2516 2517//2517 2492//2492 
f 2515//2515 2516//2516 2489//2489 
f 2514//2514 2515//2515 2486//2486 
f 2513//2513 2514//2514 2483//2483 
f 2512//2512 2513//2513 2480//2480 
f 2511//2511 2512//2512 2477//2477 
f 2510//2510 2511//2511 2474//2474 
f 2509//2509 2510//2510 2471//2471 
f 2508//2508 2509//2509 2468//2468 
f 2507//2507 2508//2508 2465//2465 
f 2463//2463 2462//2462 2506//2506 
f 2505//2505 2503//2503 2501//2501 
f 2502//2502 2500//2500 2498//2498 
f 2499//2499 2497//2497 2495//2495 
f 2496//2496 2493//2493 2492//2492 
f 2494//2494 2490//2490 2489//2489 
f 2491//2491 2487//2487 2486//2486 
f 2488//2488 2484//2484 2483//2483 
f 2485//2485 2481//2481 2480//2480 
f 2482//2482 2478//2478 2477//2477 
f 2479//2479 2475//2475 2474//2474 
f 2476//2476 2472//2472 2471//2471 
f 2473//2473 2469//2469 2468//2468 
f 2470//2470 2466//2466 2465//2465 
f 2467//2467 2464//2464 2463//2463 
f 2464//2464 2806//2806 2462//2462 
v 0.00862154 0.0671146 0.035 
v 0.00866083 0.0672707 0.035 
v -0.00825621 0.0722665 0.035 
v 0.013 0.0706155 0.035 
v 0.034 0.0706155 0.035 
v 0.0252678 0.0725 0.035 
v 0.00561841 0.0725 0.035 
v 0.0115201 0.0703632 0.035 
v 0.0116929 0.07042 0.035 
v -0.00679046 0.0724937 0.035 
v -0.00751922 0.0724218 0.035 
v 0.00879977 0.0676998 0.035 
v -0.0065 0.0725 0.035 
v -0.00900678 0.0720204 0.035 
v 0.034 0.0725 0.035 
v 0.0147322 0.0725 0.035 
v 0.0121178 0.0705275 0.035 
v 0.0111048 0.0701936 0.035 
v 0.010207 0.0696356 0.035 
v 0.0103474 0.0697433 0.035 
v -0.00977561 0.0716714 0.035 
v 0.00853928 0.0666609 0.035 
v -0.0105661 0.0712025 0.035 
v 0.0125533 0.0705931 0.035 
v 0.00986869 0.0693363 0.035 
v 0.00920473 0.0685133 0.035 
v 0.0092979 0.0686554 0.035 
v 0.00898066 0.0681141 0.035 
v -0.0113794 0.0705912 0.035 
v 0.00850232 0.0662028 0.035 
v -0.0122126 0.069809 0.035 
v -0.013389 0.0654078 0.035 
v 0.0085 0.0660549 0.035 
v 0.0107142 0.0699866 0.035 
v -0.0130571 0.0688223 0.035 
v 0.0085 0.0654078 0.035 
v 0.00956601 0.0690093 0.035 
v -0.0135775 0.0680937 0.035 
vn 0 0 1 
vn 0 0 1 
vn 0 0 1 
vn 0 0 1 
vn 0 0 1 
vn 0 0 1 
vn 0 0 1 
vn 0 0 1 
vn 0 0 1 
vn 0 0 1 
vn 0 0 1 
vn 0 0 1 
vn 0 0 1 
vn 0 0 1 
vn 0 0 1 
vn 0 0 1 
vn 0 0 1 
vn 0 0 1 
vn 0 0 1 
vn 0 0 1 
vn 0 0 1 
vn 0 0 1 
vn 0 0 1 
vn 0 0 1 
vn 0 0 1 
vn 0 0 1 
vn 0 0 1 
vn 0 0 1 
vn 0 0 1 
vn 0 0 1 
vn 0 0 1 
vn 0 0 1 
vn 0 0 1 
vn 0 0 1 
vn 0 0 1 
vn 0 0 1 
vn 0 0 1 
vn 0 0 1 
f 2807//2807 2808//2808 2809//2809 
f 2810//2810 2811//2811 2812//2812 
f 2813//2813 2814//2814 2815//2815 
f 2808//2808 2816//2816 2817//2817 
f 2808//2808 2818//2818 2819//2819 
f 2809//2809 2820//2820 2807//2807 
f 2811//2811 2821//2821 2812//2812 
f 2822//2822 2813//2813 2823//2823 
f 2813//2813 2824//2824 2814//2814 
f 2813//2813 2825//2825 2826//2826 
f 2819//2819 2816//2816 2808//2808 
f 2820//2820 2827//2827 2807//2807 
f 2828//2828 2807//2807 2829//2829 
f 2822//2822 2830//2830 2810//2810 
f 2815//2815 2823//2823 2813//2813 
f 2813//2813 2831//2831 2825//2825 
f 2813//2813 2832//2832 2833//2833 
f 2834//2834 2832//2832 2813//2813 
f 2827//2827 2829//2829 2807//2807 
f 2829//2829 2835//2835 2828//2828 
f 2836//2836 2828//2828 2837//2837 
f 2838//2838 2839//2839 2836//2836 
f 2823//2823 2830//2830 2822//2822 
f 2826//2826 2840//2840 2813//2813 
f 2813//2813 2819//2819 2834//2834 
f 2835//2835 2837//2837 2828//2828 
f 2837//2837 2841//2841 2836//2836 
f 2838//2838 2842//2842 2839//2839 
f 2840//2840 2824//2824 2813//2813 
f 2833//2833 2843//2843 2813//2813 
f 2817//2817 2809//2809 2808//2808 
f 2836//2836 2844//2844 2838//2838 
f 2843//2843 2831//2831 2813//2813 
f 2841//2841 2844//2844 2836//2836 
f 2818//2818 2834//2834 2819//2819 
f 2812//2812 2822//2822 2810//2810 
v 0.0221497 0.0725 0.0337338 
v 0.0210812 0.0725 0.0335586 
v 0.02 0.0725 0.0335 
v 0.0189188 0.0725 0.0335586 
v 0.016807 0.0725 0.0340235 
v 0.0241989 0.0725 0.0344242 
v 0.023193 0.0725 0.0340235 
v 0.0178503 0.0725 0.0337338 
v 0.0251555 0.0725 0.0349314 
v 0.0158011 0.0725 0.0344242 
v 0.0148445 0.0725 0.0349314 
v 0.0147322 0.0725 0.035 
v 0.0252678 0.0725 0.035 
vn 0 1 0 
vn 0 1 0 
vn 0 1 0 
vn 0 1 0 
vn 0 1 0 
vn 0 1 0 
vn 0 1 0 
vn 0 1 0 
vn 0 1 0 
vn 0 1 0 
vn 0 1 0 
vn 0 1 0 
vn 0 1 0 
f 2845//2845 2846//2846 2847//2847 
f 2847//2847 2848//2848 2845//2845 
f 2849//2849 2850//2850 2851//2851 
f 2848//2848 2852//2852 2845//2845 
f 2849//2849 2853//2853 2850//2850 
f 2853//2853 2849//2849 2854//2854 
f 2851//2851 2845//2845 2849//2849 
f 2852//2852 2849//2849 2845//2845 
f 2854//2854 2855//2855 2853//2853 
f 2856//2856 2857//2857 2853//2853 
f 2855//2855 2856//2856 2853//2853 
v 0.0189188 0.0725 0.0335586 
v 0.02 0.0725 0.0335 
v 0.02 0.0785 0.0335 
v 0.0178503 0.0725 0.0337338 
v 0.0189188 0.0785 0.0335586 
v 0.016807 0.0725 0.0340235 
v 0.0178503 0.0785 0.0337338 
v 0.0158011 0.0725 0.0344242 
v 0.016807 0.0785 0.0340235 
v 0.0148445 0.0725 0.0349314 
v 0.0158011 0.0785 0.0344242 
v 0.0139483 0.0785 0.0355391 
v 0.0139483 0.0725 0.0355391 
v 0.0147322 0.0725 0.035 
v 0.0148445 0.0785 0.0349314 
v 0.013123 0.0725 0.03624 
v 0.0123784 0.0725 0.0370261 
v 0.013123 0.0785 0.03624 
v 0.0117231 0.0725 0.0378881 
v 0.0123784 0.0785 0.0370261 
v 0.0111649 0.0725 0.0388159 
v 0.0117231 0.0785 0.0378881 
v 0.0107102 0.0725 0.0397986 
v 0.0111649 0.0785 0.0388159 
v 0.0103645 0.0725 0.0408247 
v 0.0107102 0.0785 0.0397986 
v 0.0101317 0.0725 0.0418822 
v 0.0103645 0.0785 0.0408247 
v 0.0100147 0.0725 0.0429586 
v 0.0101317 0.0785 0.0418822 
v 0.0100147 0.0725 0.0440414 
v 0.0100147 0.0785 0.0429586 
v 0.0101317 0.0725 0.0451178 
v 0.0100147 0.0785 0.0440414 
v 0.0103645 0.0725 0.0461753 
v 0.0101317 0.0785 0.0451178 
v 0.0107102 0.0725 0.0472014 
v 0.0103645 0.0785 0.0461753 
v 0.0111649 0.0725 0.0481841 
v 0.0107102 0.0785 0.0472014 
v 0.0117231 0.0725 0.0491119 
v 0.0111649 0.0785 0.0481841 
v 0.0123784 0.0725 0.0499739 
v 0.0117231 0.0785 0.0491119 
v 0.013123 0.0725 0.05076 
v 0.0123784 0.0785 0.0499739 
v 0.0139483 0.0725 0.0514609 
v 0.013123 0.0785 0.05076 
v 0.0148445 0.0725 0.0520686 
v 0.0139483 0.0785 0.0514609 
v 0.0158011 0.0725 0.0525758 
v 0.0148445 0.0785 0.0520686 
v 0.016807 0.0725 0.0529765 
v 0.0158011 0.0785 0.0525758 
v 0.0178503 0.0725 0.0532662 
v 0.016807 0.0785 0.0529765 
v 0.0189188 0.0725 0.0534414 
v 0.0178503 0.0785 0.0532662 
v 0.02 0.0725 0.0535 
v 0.0189188 0.0785 0.0534414 
v 0.0210812 0.0725 0.0534414 
v 0.02 0.0785 0.0535 
v 0.0221497 0.0725 0.0532662 
v 0.0210812 0.0785 0.0534414 
v 0.023193 0.0725 0.0529765 
v 0.0221497 0.0785 0.0532662 
v 0.0241989 0.0725 0.0525758 
v 0.023193 0.0785 0.0529765 
v 0.0251555 0.0725 0.0520686 
v 0.0241989 0.0785 0.0525758 
v 0.0260517 0.0725 0.0514609 
v 0.0251555 0.0785 0.0520686 
v 0.026877 0.0725 0.05076 
v 0.0260517 0.0785 0.0514609 
v 0.0276216 0.0725 0.0499739 
v 0.026877 0.0785 0.05076 
v 0.0282769 0.0725 0.0491119 
v 0.0276216 0.0785 0.0499739 
v 0.0288351 0.0725 0.0481841 
v 0.0282769 0.0785 0.0491119 
v 0.0292898 0.0725 0.0472014 
v 0.0288351 0.0785 0.0481841 
v 0.0296355 0.0725 0.0461753 
v 0.0292898 0.0785 0.0472014 
v 0.0298683 0.0725 0.0451178 
v 0.0296355 0.0785 0.0461753 
v 0.0299853 0.0725 0.0440414 
v 0.0298683 0.0785 0.0451178 
v 0.0299853 0.0725 0.0429586 
v 0.0299853 0.0785 0.0440414 
v 0.0298683 0.0725 0.0418822 
v 0.0299853 0.0785 0.0429586 
v 0.0296355 0.0725 0.0408247 
v 0.0298683 0.0785 0.0418822 
v 0.0292898 0.0725 0.0397986 
v 0.0296355 0.0785 0.0408247 
v 0.0288351 0.0725 0.0388159 
v 0.0292898 0.0785 0.0397986 
v 0.0282769 0.0725 0.0378881 
v 0.0288351 0.0785 0.0388159 
v 0.0276216 0.0725 0.0370261 
v 0.0282769 0.0785 0.0378881 
v 0.026877 0.0725 0.03624 
v 0.0276216 0.0785 0.0370261 
v 0.0260517 0.0725 0.0355391 
v 0.026877 0.0785 0.03624 
v 0.0260517 0.0785 0.0355391 
v 0.0251555 0.0785 0.0349314 
v 0.0252678 0.0725 0.035 
v 0.0251555 0.0725 0.0349314 
v 0.0241989 0.0725 0.0344242 
v 0.023193 0.0725 0.0340235 
v 0.0241989 0.0785 0.0344242 
v 0.0221497 0.0725 0.0337338 
v 0.023193 0.0785 0.0340235 
v 0.0210812 0.0725 0.0335586 
v 0.0221497 0.0785 0.0337338 
v 0.0210812 0.0785 0.0335586 
vn 0.108119 0 0.994138 
vn 2.44929e-16 0 1 
vn 2.44929e-16 0 1 
vn 0.21497 0 0.976621 
vn 0.108119 0 0.994138 
vn 0.319302 0 0.947653 
vn 0.21497 0 0.976621 
vn 0.419889 0 0.907575 
vn 0.319302 0 0.947653 
vn 0.515554 0 0.856857 
vn 0.419889 0 0.907575 
vn 0.605174 0 0.796093 
vn 0.605174 0 0.796093 
vn 0.526783 0 0.85 
vn 0.515554 0 0.856857 
vn 0.687699 0 0.725995 
vn 0.762162 0 0.647386 
vn 0.687699 0 0.725995 
vn 0.827689 0 0.561187 
vn 0.762162 0 0.647386 
vn 0.883512 0 0.468408 
vn 0.827689 0 0.561187 
vn 0.928977 0 0.370138 
vn 0.883512 0 0.468408 
vn 0.96355 0 0.267528 
vn 0.928977 0 0.370138 
vn 0.986827 0 0.161782 
vn 0.96355 0 0.267528 
vn 0.998533 0 0.0541389 
vn 0.986827 0 0.161782 
vn 0.998533 0 -0.0541389 
vn 0.998533 0 0.0541389 
vn 0.986827 0 -0.161782 
vn 0.998533 0 -0.0541389 
vn 0.96355 0 -0.267528 
vn 0.986827 0 -0.161782 
vn 0.928977 0 -0.370138 
vn 0.96355 0 -0.267528 
vn 0.883512 0 -0.468408 
vn 0.928977 0 -0.370138 
vn 0.827689 0 -0.561187 
vn 0.883512 0 -0.468408 
vn 0.762162 0 -0.647386 
vn 0.827689 0 -0.561187 
vn 0.687699 0 -0.725995 
vn 0.762162 0 -0.647386 
vn 0.605174 0 -0.796093 
vn 0.687699 0 -0.725995 
vn 0.515554 0 -0.856857 
vn 0.605174 0 -0.796093 
vn 0.419889 0 -0.907575 
vn 0.515554 0 -0.856857 
vn 0.319302 0 -0.947653 
vn 0.419889 0 -0.907575 
vn 0.21497 0 -0.976621 
vn 0.319302 0 -0.947653 
vn 0.108119 0 -0.994138 
vn 0.21497 0 -0.976621 
vn 3.21625e-16 0 -1 
vn 0.108119 0 -0.994138 
vn -0.108119 0 -0.994138 
vn 3.21625e-16 0 -1 
vn -0.21497 0 -0.976621 
vn -0.108119 0 -0.994138 
vn -0.319302 0 -0.947653 
vn -0.21497 0 -0.976621 
vn -0.419889 0 -0.907575 
vn -0.319302 0 -0.947653 
vn -0.515554 0 -0.856857 
vn -0.419889 0 -0.907575 
vn -0.605174 0 -0.796093 
vn -0.515554 0 -0.856857 
vn -0.687699 0 -0.725995 
vn -0.605174 0 -0.796093 
vn -0.762162 0 -0.647386 
vn -0.687699 0 -0.725995 
vn -0.827689 0 -0.561187 
vn -0.762162 0 -0.647386 
vn -0.883512 0 -0.468408 
vn -0.827689 0 -0.561187 
vn -0.928977 0 -0.370138 
vn -0.883512 0 -0.468408 
vn -0.96355 0 -0.267528 
vn -0.928977 0 -0.370138 
vn -0.986827 0 -0.161782 
vn -0.96355 0 -0.267528 
vn -0.998533 0 -0.0541389 
vn -0.986827 0 -0.161782 
vn -0.998533 0 0.0541389 
vn -0.998533 0 -0.0541389 
vn -0.986827 0 0.161782 
vn -0.998533 0 0.0541389 
vn -0.96355 0 0.267528 
vn -0.986827 0 0.161782 
vn -0.928977 0 0.370138 
vn -0.96355 0 0.267528 
vn -0.883512 0 0.468408 
vn -0.928977 0 0.370138 
vn -0.827689 0 0.561187 
vn -0.883512 0 0.468408 
vn -0.762162 0 0.647386 
vn -0.827689 0 0.561187 
vn -0.687699 0 0.725995 
vn -0.762162 0 0.647386 
vn -0.605174 0 0.796093 
vn -0.687699 0 0.725995 
vn -0.605174 0 0.796093 
vn -0.515554 0 0.856857 
vn -0.526783 0 0.85 
vn -0.515554 0 0.856857 
vn -0.419889 0 0.907575 
vn -0.319302 0 0.947653 
vn -0.419889 0 0.907575 
vn -0.21497 0 0.976621 
vn -0.319302 0 0.947653 
vn -0.108119 0 0.994138 
vn -0.21497 0 0.976621 
vn -0.108119 0 0.994138 
f 2858//2858 2859//2859 2860//2860 
f 2861//2861 2858//2858 2862//2862 
f 2863//2863 2861//2861 2864//2864 
f 2865//2865 2863//2863 2866//2866 
f 2867//2867 2865//2865 2868//2868 
f 2869//2869 2870//2870 2871//2871 
f 2871//2871 2872//2872 2869//2869 
f 2873//2873 2870//2870 2869//2869 
f 2874//2874 2873//2873 2875//2875 
f 2876//2876 2874//2874 2877//2877 
f 2878//2878 2876//2876 2879//2879 
f 2880//2880 2878//2878 2881//2881 
f 2882//2882 2880//2880 2883//2883 
f 2884//2884 2882//2882 2885//2885 
f 2886//2886 2884//2884 2887//2887 
f 2888//2888 2886//2886 2889//2889 
f 2890//2890 2888//2888 2891//2891 
f 2892//2892 2890//2890 2893//2893 
f 2894//2894 2892//2892 2895//2895 
f 2896//2896 2894//2894 2897//2897 
f 2898//2898 2896//2896 2899//2899 
f 2900//2900 2898//2898 2901//2901 
f 2902//2902 2900//2900 2903//2903 
f 2904//2904 2902//2902 2905//2905 
f 2906//2906 2904//2904 2907//2907 
f 2908//2908 2906//2906 2909//2909 
f 2910//2910 2908//2908 2911//2911 
f 2912//2912 2910//2910 2913//2913 
f 2914//2914 2912//2912 2915//2915 
f 2916//2916 2914//2914 2917//2917 
f 2918//2918 2916//2916 2919//2919 
f 2920//2920 2918//2918 2921//2921 
f 2922//2922 2920//2920 2923//2923 
f 2924//2924 2922//2922 2925//2925 
f 2926//2926 2924//2924 2927//2927 
f 2928//2928 2926//2926 2929//2929 
f 2930//2930 2928//2928 2931//2931 
f 2932//2932 2930//2930 2933//2933 
f 2934//2934 2932//2932 2935//2935 
f 2936//2936 2934//2934 2937//2937 
f 2938//2938 2936//2936 2939//2939 
f 2940//2940 2938//2938 2941//2941 
f 2942//2942 2940//2940 2943//2943 
f 2944//2944 2942//2942 2945//2945 
f 2946//2946 2944//2944 2947//2947 
f 2948//2948 2946//2946 2949//2949 
f 2950//2950 2948//2948 2951//2951 
f 2952//2952 2950//2950 2953//2953 
f 2954//2954 2952//2952 2955//2955 
f 2956//2956 2954//2954 2957//2957 
f 2958//2958 2956//2956 2959//2959 
f 2960//2960 2958//2958 2961//2961 
f 2962//2962 2960//2960 2963//2963 
f 2964//2964 2965//2965 2966//2966 
f 2965//2965 2967//2967 2966//2966 
f 2968//2968 2967//2967 2965//2965 
f 2969//2969 2968//2968 2970//2970 
f 2971//2971 2969//2969 2972//2972 
f 2973//2973 2971//2971 2974//2974 
f 2859//2859 2973//2973 2975//2975 
f 2975//2975 2860//2860 2859//2859 
f 2974//2974 2975//2975 2973//2973 
f 2972//2972 2974//2974 2971//2971 
f 2970//2970 2972//2972 2969//2969 
f 2965//2965 2970//2970 2968//2968 
f 2966//2966 2962//2962 2964//2964 
f 2963//2963 2964//2964 2962//2962 
f 2961//2961 2963//2963 2960//2960 
f 2959//2959 2961//2961 2958//2958 
f 2957//2957 2959//2959 2956//2956 
f 2955//2955 2957//2957 2954//2954 
f 2953//2953 2955//2955 2952//2952 
f 2951//2951 2953//2953 2950//2950 
f 2949//2949 2951//2951 2948//2948 
f 2947//2947 2949//2949 2946//2946 
f 2945//2945 2947//2947 2944//2944 
f 2943//2943 2945//2945 2942//2942 
f 2941//2941 2943//2943 2940//2940 
f 2939//2939 2941//2941 2938//2938 
f 2937//2937 2939//2939 2936//2936 
f 2935//2935 2937//2937 2934//2934 
f 2933//2933 2935//2935 2932//2932 
f 2931//2931 2933//2933 2930//2930 
f 2929//2929 2931//2931 2928//2928 
f 2927//2927 2929//2929 2926//2926 
f 2925//2925 2927//2927 2924//2924 
f 2923//2923 2925//2925 2922//2922 
f 2921//2921 2923//2923 2920//2920 
f 2919//2919 2921//2921 2918//2918 
f 2917//2917 2919//2919 2916//2916 
f 2915//2915 2917//2917 2914//2914 
f 2913//2913 2915//2915 2912//2912 
f 2911//2911 2913//2913 2910//2910 
f 2909//2909 2911//2911 2908//2908 
f 2907//2907 2909//2909 2906//2906 
f 2905//2905 2907//2907 2904//2904 
f 2903//2903 2905//2905 2902//2902 
f 2901//2901 2903//2903 2900//2900 
f 2899//2899 2901//2901 2898//2898 
f 2897//2897 2899//2899 2896//2896 
f 2895//2895 2897//2897 2894//2894 
f 2893//2893 2895//2895 2892//2892 
f 2891//2891 2893//2893 2890//2890 
f 2889//2889 2891//2891 2888//2888 
f 2887//2887 2889//2889 2886//2886 
f 2885//2885 2887//2887 2884//2884 
f 2883//2883 2885//2885 2882//2882 
f 2881//2881 2883//2883 2880//2880 
f 2879//2879 2881//2881 2878//2878 
f 2877//2877 2879//2879 2876//2876 
f 2875//2875 2877//2877 2874//2874 
f 2869//2869 2875//2875 2873//2873 
f 2871//2871 2867//2867 2872//2872 
f 2868//2868 2872//2872 2867//2867 
f 2866//2866 2868//2868 2865//2865 
f 2864//2864 2866//2866 2863//2863 
f 2862//2862 2864//2864 2861//2861 
f 2860//2860 2862//2862 2858//2858 
v 0.02 0.0785 0.0435 
v 0.0189188 0.0785 0.0534414 
v 0.0178503 0.0785 0.0532662 
v 0.016807 0.0785 0.0529765 
v 0.0158011 0.0785 0.0525758 
v 0.0148445 0.0785 0.0520686 
v 0.0139483 0.0785 0.0514609 
v 0.013123 0.0785 0.05076 
v 0.0123784 0.0785 0.0499739 
v 0.0117231 0.0785 0.0491119 
v 0.0111649 0.0785 0.0481841 
v 0.0107102 0.0785 0.0472014 
v 0.0103645 0.0785 0.0461753 
v 0.0101317 0.0785 0.0451178 
v 0.0100147 0.0785 0.0440414 
v 0.0100147 0.0785 0.0429586 
v 0.0101317 0.0785 0.0418822 
v 0.0103645 0.0785 0.0408247 
v 0.0107102 0.0785 0.0397986 
v 0.0111649 0.0785 0.0388159 
v 0.0117231 0.0785 0.0378881 
v 0.0123784 0.0785 0.0370261 
v 0.013123 0.0785 0.03624 
v 0.0139483 0.0785 0.0355391 
v 0.0148445 0.0785 0.0349314 
v 0.0158011 0.0785 0.0344242 
v 0.016807 0.0785 0.0340235 
v 0.0178503 0.0785 0.0337338 
v 0.0189188 0.0785 0.0335586 
v 0.02 0.0785 0.0335 
v 0.0210812 0.0785 0.0335586 
v 0.0221497 0.0785 0.0337338 
v 0.023193 0.0785 0.0340235 
v 0.0241989 0.0785 0.0344242 
v 0.0251555 0.0785 0.0349314 
v 0.0260517 0.0785 0.0355391 
v 0.026877 0.0785 0.03624 
v 0.0276216 0.0785 0.0370261 
v 0.0282769 0.0785 0.0378881 
v 0.0288351 0.0785 0.0388159 
v 0.0292898 0.0785 0.0397986 
v 0.0296355 0.0785 0.0408247 
v 0.0298683 0.0785 0.0418822 
v 0.0299853 0.0785 0.0429586 
v 0.0299853 0.0785 0.0440414 
v 0.0298683 0.0785 0.0451178 
v 0.0296355 0.0785 0.0461753 
v 0.0292898 0.0785 0.0472014 
v 0.0288351 0.0785 0.0481841 
v 0.0282769 0.0785 0.0491119 
v 0.0276216 0.0785 0.0499739 
v 0.026877 0.0785 0.05076 
v 0.0260517 0.0785 0.0514609 
v 0.0251555 0.0785 0.0520686 
v 0.0241989 0.0785 0.0525758 
v 0.023193 0.0785 0.0529765 
v 0.0221497 0.0785 0.0532662 
v 0.0210812 0.0785 0.0534414 
v 0.02 0.0785 0.0535 
vn 0 -1 0 
vn 0 -1 0 
vn 0 -1 0 
vn 0 -1 0 
vn 0 -1 0 
vn 0 -1 0 
vn 0 -1 0 
vn 0 -1 0 
vn 0 -1 0 
vn 0 -1 0 
vn 0 -1 0 
vn 0 -1 0 
vn 0 -1 0 
vn 0 -1 0 
vn 0 -1 0 
vn 0 -1 0 
vn 0 -1 0 
vn 0 -1 0 
vn 0 -1 0 
vn 0 -1 0 
vn 0 -1 0 
vn 0 -1 0 
vn 0 -1 0 
vn 0 -1 0 
vn 0 -1 0 
vn 0 -1 0 
vn 0 -1 0 
vn 0 -1 0 
vn 0 -1 0 
vn 0 -1 0 
vn 0 -1 0 
vn 0 -1 0 
vn 0 -1 0 
vn 0 -1 0 
vn 0 -1 0 
vn 0 -1 0 
vn 0 -1 0 
vn 0 -1 0 
vn 0 -1 0 
vn 0 -1 0 
vn 0 -1 0 
vn 0 -1 0 
vn 0 -1 0 
vn 0 -1 0 
vn 0 -1 0 
vn 0 -1 0 
vn 0 -1 0 
vn 0 -1 0 
vn 0 -1 0 
vn 0 -1 0 
vn 0 -1 0 
vn 0 -1 0 
vn 0 -1 0 
vn 0 -1 0 
vn 0 -1 0 
vn 0 -1 0 
vn 0 -1 0 
vn 0 -1 0 
vn 0 -1 0 
f 2976//2976 2977//2977 2978//2978 
f 2978//2978 2979//2979 2976//2976 
f 2979//2979 2980//2980 2976//2976 
f 2980//2980 2981//2981 2976//2976 
f 2981//2981 2982//2982 2976//2976 
f 2982//2982 2983//2983 2976//2976 
f 2983//2983 2984//2984 2976//2976 
f 2984//2984 2985//2985 2976//2976 
f 2985//2985 2986//2986 2976//2976 
f 2986//2986 2987//2987 2976//2976 
f 2987//2987 2988//2988 2976//2976 
f 2988//2988 2989//2989 2976//2976 
f 2989//2989 2990//2990 2976//2976 
f 2990//2990 2991//2991 2976//2976 
f 2991//2991 2992//2992 2976//2976 
f 2992//2992 2993//2993 2976//2976 
f 2993//2993 2994//2994 2976//2976 
f 2994//2994 2995//2995 2976//2976 
f 2995//2995 2996//2996 2976//2976 
f 2996//2996 2997//2997 2976//2976 
f 2997//2997 2998//2998 2976//2976 
f 2998//2998 2999//2999 2976//2976 
f 2999//2999 3000//3000 2976//2976 
f 3000//3000 3001//3001 2976//2976 
f 3001//3001 3002//3002 2976//2976 
f 3002//3002 3003//3003 2976//2976 
f 3003//3003 3004//3004 2976//2976 
f 3004//3004 3005//3005 2976//2976 
f 3005//3005 3006//3006 2976//2976 
f 3006//3006 3007//3007 2976//2976 
f 3007//3007 3008//3008 2976//2976 
f 3008//3008 3009//3009 2976//2976 
f 3009//3009 3010//3010 2976//2976 
f 3010//3010 3011//3011 2976//2976 
f 3011//3011 3012//3012 2976//2976 
f 3012//3012 3013//3013 2976//2976 
f 3013//3013 3014//3014 2976//2976 
f 3014//3014 3015//3015 2976//2976 
f 3015//3015 3016//3016 2976//2976 
f 3016//3016 3017//3017 2976//2976 
f 3017//3017 3018//3018 2976//2976 
f 3018//3018 3019//3019 2976//2976 
f 3019//3019 3020//3020 2976//2976 
f 3020//3020 3021//3021 2976//2976 
f 3021//3021 3022//3022 2976//2976 
f 3022//3022 3023//3023 2976//2976 
f 3023//3023 3024//3024 2976//2976 
f 3024//3024 3025//3025 2976//2976 
f 3025//3025 3026//3026 2976//2976 
f 3026//3026 3027//3027 2976//2976 
f 3027//3027 3028//3028 2976//2976 
f 3028//3028 3029//3029 2976//2976 
f 3029//3029 3030//3030 2976//2976 
f 3030//3030 3031//3031 2976//2976 
f 3031//3031 3032//3032 2976//2976 
f 3032//3032 3033//3033 2976//2976 
f 3033//3033 3034//3034 2976//2976 
f 3034//3034 2977//2977 2976//2976 
v 0.034 0.0475 0.035 
v 0.006 0.0475 0.035 
v 0.02 0.0475 0.0385 
v 0.0151823 0.0475 0.0421624 
v 0.0153551 0.0475 0.0416493 
v 0.006 0.0475 0.0435 
v 0.0150659 0.0475 0.0426911 
v 0.031996 0.0475 0.0507178 
v 0.0244176 0.0475 0.045842 
v 0.0241384 0.0475 0.0463059 
v 0.0327061 0.0475 0.0493784 
v 0.0246449 0.0475 0.0453507 
v 0.0205406 0.0475 0.0385293 
v 0.0189251 0.0475 0.0386169 
v 0.0194594 0.0475 0.0385293 
v 0.00608207 0.0475 0.0450137 
v 0.0150659 0.0475 0.0443089 
v 0.0150073 0.0475 0.0437707 
v 0.00632731 0.0475 0.0465096 
v 0.0151823 0.0475 0.0448376 
v 0.00673286 0.0475 0.0479702 
v 0.0153551 0.0475 0.0453507 
v 0.00729394 0.0475 0.0493784 
v 0.0155824 0.0475 0.045842 
v 0.0301639 0.0475 0.0531278 
v 0.0238108 0.0475 0.0467369 
v 0.0234385 0.0475 0.04713 
v 0.0311453 0.0475 0.0519724 
v 0.0332671 0.0475 0.0479702 
v 0.0248177 0.0475 0.0448376 
v 0.0336727 0.0475 0.0465096 
v 0.0249341 0.0475 0.0443089 
v 0.0339179 0.0475 0.0450137 
v 0.034 0.0475 0.0435 
v 0.0249927 0.0475 0.0437707 
v 0.0248177 0.0475 0.0421624 
v 0.0210749 0.0475 0.0386169 
v 0.0215965 0.0475 0.0387617 
v 0.0150073 0.0475 0.0432293 
v 0.0251819 0.0475 0.0565057 
v 0.0220994 0.0475 0.0480379 
v 0.0215965 0.0475 0.0482383 
v 0.0265577 0.0475 0.0558692 
v 0.0225778 0.0475 0.0477843 
v 0.0290634 0.0475 0.0541703 
v 0.0230259 0.0475 0.0474805 
v 0.0249927 0.0475 0.0432293 
v 0.0246449 0.0475 0.0416493 
v 0.0241384 0.0475 0.0406941 
v 0.0244176 0.0475 0.041158 
v 0.0220994 0.0475 0.0389621 
v 0.0225778 0.0475 0.0392157 
v 0.0179006 0.0475 0.0389621 
v 0.0184035 0.0475 0.0387617 
v 0.008004 0.0475 0.0507178 
v 0.0158616 0.0475 0.0463059 
v 0.0088547 0.0475 0.0519724 
v 0.0161892 0.0475 0.0467369 
v 0.00983606 0.0475 0.0531278 
v 0.0165615 0.0475 0.04713 
v 0.0109366 0.0475 0.0541703 
v 0.0169741 0.0475 0.0474805 
v 0.0134423 0.0475 0.0558692 
v 0.0179006 0.0475 0.0480379 
v 0.0174222 0.0475 0.0477843 
v 0.0148181 0.0475 0.0565057 
v 0.0184035 0.0475 0.0482383 
v 0.0207579 0.0475 0.0574795 
v 0.0205406 0.0475 0.0484707 
v 0.02 0.0475 0.0485 
v 0.0222649 0.0475 0.0573156 
v 0.0210749 0.0475 0.0483831 
v 0.0237454 0.0475 0.0569897 
v 0.0278566 0.0475 0.0550876 
v 0.0249341 0.0475 0.0426911 
v 0.0234385 0.0475 0.03987 
v 0.0238108 0.0475 0.0402631 
v 0.0230259 0.0475 0.0395195 
v 0.0121434 0.0475 0.0550876 
v 0.0162546 0.0475 0.0569897 
v 0.0189251 0.0475 0.0483831 
v 0.0177351 0.0475 0.0573156 
v 0.0194594 0.0475 0.0484707 
v 0.0192421 0.0475 0.0574795 
v 0.0169741 0.0475 0.0395195 
v 0.0174222 0.0475 0.0392157 
v 0.0161892 0.0475 0.0402631 
v 0.0165615 0.0475 0.03987 
v 0.0155824 0.0475 0.041158 
v 0.0158616 0.0475 0.0406941 
vn 0 1 0 
vn 0 1 0 
vn 0 1 0 
vn 0 1 0 
vn 0 1 0 
vn 0 1 0 
vn 0 1 0 
vn 0 1 0 
vn 0 1 0 
vn 0 1 0 
vn 0 1 0 
vn 0 1 0 
vn 0 1 0 
vn 0 1 0 
vn 0 1 0 
vn 0 1 0 
vn 0 1 0 
vn 0 1 0 
vn 0 1 0 
vn 0 1 0 
vn 0 1 0 
vn 0 1 0 
vn 0 1 0 
vn 0 1 0 
vn 0 1 0 
vn 0 1 0 
vn 0 1 0 
vn 0 1 0 
vn 0 1 0 
vn 0 1 0 
vn 0 1 0 
vn 0 1 0 
vn 0 1 0 
vn 0 1 0 
vn 0 1 0 
vn 0 1 0 
vn 0 1 0 
vn 0 1 0 
vn 0 1 0 
vn 0 1 0 
vn 0 1 0 
vn 0 1 0 
vn 0 1 0 
vn 0 1 0 
vn 0 1 0 
vn 0 1 0 
vn 0 1 0 
vn 0 1 0 
vn 0 1 0 
vn 0 1 0 
vn 0 1 0 
vn 0 1 0 
vn 0 1 0 
vn 0 1 0 
vn 0 1 0 
vn 0 1 0 
vn 0 1 0 
vn 0 1 0 
vn 0 1 0 
vn 0 1 0 
vn 0 1 0 
vn 0 1 0 
vn 0 1 0 
vn 0 1 0 
vn 0 1 0 
vn 0 1 0 
vn 0 1 0 
vn 0 1 0 
vn 0 1 0 
vn 0 1 0 
vn 0 1 0 
vn 0 1 0 
vn 0 1 0 
vn 0 1 0 
vn 0 1 0 
vn 0 1 0 
vn 0 1 0 
vn 0 1 0 
vn 0 1 0 
vn 0 1 0 
vn 0 1 0 
vn 0 1 0 
vn 0 1 0 
vn 0 1 0 
vn 0 1 0 
vn 0 1 0 
vn 0 1 0 
vn 0 1 0 
vn 0 1 0 
vn 0 1 0 
f 3035//3035 3036//3036 3037//3037 
f 3036//3036 3038//3038 3039//3039 
f 3040//3040 3041//3041 3038//3038 
f 3042//3042 3043//3043 3044//3044 
f 3045//3045 3046//3046 3043//3043 
f 3037//3037 3047//3047 3035//3035 
f 3036//3036 3048//3048 3049//3049 
f 3038//3038 3036//3036 3040//3040 
f 3050//3050 3051//3051 3052//3052 
f 3053//3053 3054//3054 3051//3051 
f 3055//3055 3056//3056 3054//3054 
f 3057//3057 3058//3058 3056//3056 
f 3059//3059 3060//3060 3061//3061 
f 3062//3062 3044//3044 3060//3060 
f 3043//3043 3042//3042 3045//3045 
f 3063//3063 3064//3064 3046//3046 
f 3065//3065 3066//3066 3064//3064 
f 3067//3067 3068//3068 3069//3069 
f 3068//3068 3035//3035 3070//3070 
f 3035//3035 3071//3071 3072//3072 
f 3049//3049 3037//3037 3036//3036 
f 3040//3040 3073//3073 3041//3041 
f 3051//3051 3050//3050 3053//3053 
f 3056//3056 3055//3055 3057//3057 
f 3074//3074 3075//3075 3076//3076 
f 3077//3077 3078//3078 3075//3075 
f 3079//3079 3061//3061 3080//3080 
f 3060//3060 3059//3059 3062//3062 
f 3046//3046 3045//3045 3063//3063 
f 3064//3064 3063//3063 3065//3065 
f 3068//3068 3081//3081 3069//3069 
f 3035//3035 3082//3082 3070//3070 
f 3035//3035 3083//3083 3084//3084 
f 3035//3035 3085//3085 3086//3086 
f 3047//3047 3071//3071 3035//3035 
f 3036//3036 3087//3087 3088//3088 
f 3040//3040 3052//3052 3073//3073 
f 3054//3054 3053//3053 3055//3055 
f 3089//3089 3090//3090 3058//3058 
f 3091//3091 3092//3092 3090//3090 
f 3093//3093 3094//3094 3092//3092 
f 3095//3095 3096//3096 3094//3094 
f 3097//3097 3098//3098 3099//3099 
f 3100//3100 3101//3101 3098//3098 
f 3102//3102 3103//3103 3104//3104 
f 3105//3105 3106//3106 3103//3103 
f 3107//3107 3076//3076 3106//3106 
f 3075//3075 3074//3074 3077//3077 
f 3108//3108 3080//3080 3078//3078 
f 3061//3061 3079//3079 3059//3059 
f 3065//3065 3067//3067 3066//3066 
f 3068//3068 3109//3109 3081//3081 
f 3084//3084 3082//3082 3035//3035 
f 3035//3035 3110//3110 3111//3111 
f 3086//3086 3112//3112 3035//3035 
f 3088//3088 3048//3048 3036//3036 
f 3052//3052 3040//3040 3050//3050 
f 3090//3090 3089//3089 3091//3091 
f 3094//3094 3093//3093 3095//3095 
f 3113//3113 3099//3099 3096//3096 
f 3098//3098 3097//3097 3100//3100 
f 3114//3114 3115//3115 3101//3101 
f 3116//3116 3117//3117 3115//3115 
f 3118//3118 3104//3104 3117//3117 
f 3103//3103 3102//3102 3105//3105 
f 3076//3076 3107//3107 3074//3074 
f 3080//3080 3108//3108 3079//3079 
f 3069//3069 3066//3066 3067//3067 
f 3111//3111 3083//3083 3035//3035 
f 3072//3072 3085//3085 3035//3035 
f 3058//3058 3057//3057 3089//3089 
f 3096//3096 3095//3095 3113//3113 
f 3101//3101 3100//3100 3114//3114 
f 3117//3117 3116//3116 3118//3118 
f 3106//3106 3105//3105 3107//3107 
f 3044//3044 3062//3062 3042//3042 
f 3112//3112 3110//3110 3035//3035 
f 3036//3036 3119//3119 3120//3120 
f 3036//3036 3121//3121 3122//3122 
f 3036//3036 3123//3123 3124//3124 
f 3092//3092 3091//3091 3093//3093 
f 3115//3115 3114//3114 3116//3116 
f 3078//3078 3077//3077 3108//3108 
f 3120//3120 3087//3087 3036//3036 
f 3124//3124 3121//3121 3036//3036 
f 3099//3099 3113//3113 3097//3097 
f 3070//3070 3109//3109 3068//3068 
f 3039//3039 3123//3123 3036//3036 
f 3122//3122 3119//3119 3036//3036 
f 3104//3104 3118//3118 3102//3102 
v 0.006 0.0425 0.0435 
v 0.006 0.0475 0.0435 
v 0.006 0.0475 0.035 
v 0.006 0.0425 0.0302718 
v 0.006 0.0475 0.0306233 
vn -1 0 -7.88511e-17 
vn -1 0 -7.88511e-17 
vn -1 0 -7.88511e-17 
vn -1 0 -7.88511e-17 
vn -1 0 -7.88511e-17 
f 3125//3125 3126//3126 3127//3127 
f 3127//3127 3128//3128 3125//3125 
f 3127//3127 3129//3129 3128//3128 
v 0.006 0.0475 0.0435 
v 0.006 0.0425 0.0435 
v 0.00608207 0.0425 0.0450137 
v 0.00608207 0.0475 0.0450137 
v 0.00632731 0.0425 0.0465096 
v 0.00632731 0.0475 0.0465096 
v 0.00673286 0.0425 0.0479702 
v 0.00673286 0.0475 0.0479702 
v 0.00729394 0.0425 0.0493784 
v 0.00729394 0.0475 0.0493784 
v 0.008004 0.0425 0.0507178 
v 0.008004 0.0475 0.0507178 
v 0.0088547 0.0425 0.0519724 
v 0.0088547 0.0475 0.0519724 
v 0.00983606 0.0425 0.0531278 
v 0.00983606 0.0475 0.0531278 
v 0.0109366 0.0425 0.0541703 
v 0.0109366 0.0475 0.0541703 
v 0.0121434 0.0425 0.0550876 
v 0.0121434 0.0475 0.0550876 
v 0.0134423 0.0425 0.0558692 
v 0.0134423 0.0475 0.0558692 
v 0.0148181 0.0425 0.0565057 
v 0.0148181 0.0475 0.0565057 
v 0.0162546 0.0425 0.0569897 
v 0.0162546 0.0475 0.0569897 
v 0.0177351 0.0425 0.0573156 
v 0.0177351 0.0475 0.0573156 
v 0.0192421 0.0425 0.0574795 
v 0.0192421 0.0475 0.0574795 
v 0.0207579 0.0425 0.0574795 
v 0.0207579 0.0475 0.0574795 
v 0.0222649 0.0425 0.0573156 
v 0.0222649 0.0475 0.0573156 
v 0.0237454 0.0425 0.0569897 
v 0.0237454 0.0475 0.0569897 
v 0.0251819 0.0425 0.0565057 
v 0.0251819 0.0475 0.0565057 
v 0.0265577 0.0425 0.0558692 
v 0.0265577 0.0475 0.0558692 
v 0.0278566 0.0425 0.0550876 
v 0.0278566 0.0475 0.0550876 
v 0.0290634 0.0425 0.0541703 
v 0.0290634 0.0475 0.0541703 
v 0.0301639 0.0425 0.0531278 
v 0.0301639 0.0475 0.0531278 
v 0.0311453 0.0425 0.0519724 
v 0.0311453 0.0475 0.0519724 
v 0.031996 0.0425 0.0507178 
v 0.031996 0.0475 0.0507178 
v 0.0327061 0.0425 0.0493784 
v 0.0327061 0.0475 0.0493784 
v 0.0332671 0.0425 0.0479702 
v 0.0332671 0.0475 0.0479702 
v 0.0336727 0.0425 0.0465096 
v 0.0336727 0.0475 0.0465096 
v 0.0339179 0.0425 0.0450137 
v 0.0339179 0.0475 0.0450137 
v 0.034 0.0425 0.0435 
v 0.034 0.0475 0.0435 
vn -1 0 -7.88511e-17 
vn -1 0 -7.88511e-17 
vn -0.994138 0 0.108119 
vn -0.994138 0 0.108119 
vn -0.976621 0 0.21497 
vn -0.976621 0 0.21497 
vn -0.947653 0 0.319302 
vn -0.947653 0 0.319302 
vn -0.907575 0 0.419889 
vn -0.907575 0 0.419889 
vn -0.856857 0 0.515554 
vn -0.856857 0 0.515554 
vn -0.796093 0 0.605174 
vn -0.796093 0 0.605174 
vn -0.725995 0 0.687699 
vn -0.725995 0 0.687699 
vn -0.647386 0 0.762162 
vn -0.647386 0 0.762162 
vn -0.561187 0 0.827689 
vn -0.561187 0 0.827689 
vn -0.468408 0 0.883512 
vn -0.468408 0 0.883512 
vn -0.370138 0 0.928977 
vn -0.370138 0 0.928977 
vn -0.267528 0 0.96355 
vn -0.267528 0 0.96355 
vn -0.161782 0 0.986827 
vn -0.161782 0 0.986827 
vn -0.0541389 0 0.998533 
vn -0.0541389 0 0.998533 
vn 0.0541389 0 0.998533 
vn 0.0541389 0 0.998533 
vn 0.161782 0 0.986827 
vn 0.161782 0 0.986827 
vn 0.267528 0 0.96355 
vn 0.267528 0 0.96355 
vn 0.370138 0 0.928977 
vn 0.370138 0 0.928977 
vn 0.468408 0 0.883512 
vn 0.468408 0 0.883512 
vn 0.561187 0 0.827689 
vn 0.561187 0 0.827689 
vn 0.647386 0 0.762162 
vn 0.647386 0 0.762162 
vn 0.725995 0 0.687699 
vn 0.725995 0 0.687699 
vn 0.796093 0 0.605174 
vn 0.796093 0 0.605174 
vn 0.856857 0 0.515554 
vn 0.856857 0 0.515554 
vn 0.907575 0 0.419889 
vn 0.907575 0 0.419889 
vn 0.947653 0 0.319302 
vn 0.947653 0 0.319302 
vn 0.976621 0 0.21497 
vn 0.976621 0 0.21497 
vn 0.994138 0 0.108119 
vn 0.994138 0 0.108119 
vn 1 0 0 
vn 1 0 0 
f 3130//3130 3131//3131 3132//3132 
f 3133//3133 3132//3132 3134//3134 
f 3135//3135 3134//3134 3136//3136 
f 3137//3137 3136//3136 3138//3138 
f 3139//3139 3138//3138 3140//3140 
f 3141//3141 3140//3140 3142//3142 
f 3143//3143 3142//3142 3144//3144 
f 3145//3145 3144//3144 3146//3146 
f 3147//3147 3146//3146 3148//3148 
f 3149//3149 3148//3148 3150//3150 
f 3151//3151 3150//3150 3152//3152 
f 3153//3153 3152//3152 3154//3154 
f 3155//3155 3154//3154 3156//3156 
f 3157//3157 3156//3156 3158//3158 
f 3159//3159 3158//3158 3160//3160 
f 3161//3161 3160//3160 3162//3162 
f 3163//3163 3162//3162 3164//3164 
f 3165//3165 3164//3164 3166//3166 
f 3167//3167 3166//3166 3168//3168 
f 3169//3169 3168//3168 3170//3170 
f 3171//3171 3170//3170 3172//3172 
f 3173//3173 3172//3172 3174//3174 
f 3175//3175 3174//3174 3176//3176 
f 3177//3177 3176//3176 3178//3178 
f 3179//3179 3178//3178 3180//3180 
f 3181//3181 3180//3180 3182//3182 
f 3183//3183 3182//3182 3184//3184 
f 3185//3185 3184//3184 3186//3186 
f 3187//3187 3186//3186 3188//3188 
f 3188//3188 3189//3189 3187//3187 
f 3186//3186 3187//3187 3185//3185 
f 3184//3184 3185//3185 3183//3183 
f 3182//3182 3183//3183 3181//3181 
f 3180//3180 3181//3181 3179//3179 
f 3178//3178 3179//3179 3177//3177 
f 3176//3176 3177//3177 3175//3175 
f 3174//3174 3175//3175 3173//3173 
f 3172//3172 3173//3173 3171//3171 
f 3170//3170 3171//3171 3169//3169 
f 3168//3168 3169//3169 3167//3167 
f 3166//3166 3167//3167 3165//3165 
f 3164//3164 3165//3165 3163//3163 
f 3162//3162 3163//3163 3161//3161 
f 3160//3160 3161//3161 3159//3159 
f 3158//3158 3159//3159 3157//3157 
f 3156//3156 3157//3157 3155//3155 
f 3154//3154 3155//3155 3153//3153 
f 3152//3152 3153//3153 3151//3151 
f 3150//3150 3151//3151 3149//3149 
f 3148//3148 3149//3149 3147//3147 
f 3146//3146 3147//3147 3145//3145 
f 3144//3144 3145//3145 3143//3143 
f 3142//3142 3143//3143 3141//3141 
f 3140//3140 3141//3141 3139//3139 
f 3138//3138 3139//3139 3137//3137 
f 3136//3136 3137//3137 3135//3135 
f 3134//3134 3135//3135 3133//3133 
f 3132//3132 3133//3133 3130//3130 
v 0.0194594 0.0475 0.0484707 
v 0.02 0.0475 0.0485 
v 0.02 0.0425 0.0485 
v 0.0189251 0.0475 0.0483831 
v 0.0194594 0.0425 0.0484707 
v 0.0184035 0.0475 0.0482383 
v 0.0189251 0.0425 0.0483831 
v 0.0179006 0.0475 0.0480379 
v 0.0184035 0.0425 0.0482383 
v 0.0174222 0.0475 0.0477843 
v 0.0179006 0.0425 0.0480379 
v 0.0169741 0.0475 0.0474805 
v 0.0174222 0.0425 0.0477843 
v 0.0165615 0.0475 0.04713 
v 0.0169741 0.0425 0.0474805 
v 0.0161892 0.0475 0.0467369 
v 0.0165615 0.0425 0.04713 
v 0.0158616 0.0475 0.0463059 
v 0.0161892 0.0425 0.0467369 
v 0.0155824 0.0475 0.045842 
v 0.0158616 0.0425 0.0463059 
v 0.0153551 0.0475 0.0453507 
v 0.0155824 0.0425 0.045842 
v 0.0151823 0.0475 0.0448376 
v 0.0153551 0.0425 0.0453507 
v 0.0150659 0.0475 0.0443089 
v 0.0151823 0.0425 0.0448376 
v 0.0150073 0.0475 0.0437707 
v 0.0150659 0.0425 0.0443089 
v 0.0150073 0.0475 0.0432293 
v 0.0150073 0.0425 0.0437707 
v 0.0150659 0.0475 0.0426911 
v 0.0150073 0.0425 0.0432293 
v 0.0151823 0.0475 0.0421624 
v 0.0150659 0.0425 0.0426911 
v 0.0153551 0.0475 0.0416493 
v 0.0151823 0.0425 0.0421624 
v 0.0155824 0.0475 0.041158 
v 0.0153551 0.0425 0.0416493 
v 0.0158616 0.0475 0.0406941 
v 0.0155824 0.0425 0.041158 
v 0.0161892 0.0475 0.0402631 
v 0.0158616 0.0425 0.0406941 
v 0.0165615 0.0475 0.03987 
v 0.0161892 0.0425 0.0402631 
v 0.0169741 0.0475 0.0395195 
v 0.0165615 0.0425 0.03987 
v 0.0174222 0.0475 0.0392157 
v 0.0169741 0.0425 0.0395195 
v 0.0179006 0.0475 0.0389621 
v 0.0174222 0.0425 0.0392157 
v 0.0184035 0.0475 0.0387617 
v 0.0179006 0.0425 0.0389621 
v 0.0189251 0.0475 0.0386169 
v 0.0184035 0.0425 0.0387617 
v 0.0194594 0.0475 0.0385293 
v 0.0189251 0.0425 0.0386169 
v 0.02 0.0475 0.0385 
v 0.0194594 0.0425 0.0385293 
v 0.0205406 0.0475 0.0385293 
v 0.02 0.0425 0.0385 
v 0.0210749 0.0475 0.0386169 
v 0.0205406 0.0425 0.0385293 
v 0.0215965 0.0475 0.0387617 
v 0.0210749 0.0425 0.0386169 
v 0.0220994 0.0475 0.0389621 
v 0.0215965 0.0425 0.0387617 
v 0.0225778 0.0475 0.0392157 
v 0.0220994 0.0425 0.0389621 
v 0.0230259 0.0475 0.0395195 
v 0.0225778 0.0425 0.0392157 
v 0.0234385 0.0475 0.03987 
v 0.0230259 0.0425 0.0395195 
v 0.0238108 0.0475 0.0402631 
v 0.0234385 0.0425 0.03987 
v 0.0241384 0.0475 0.0406941 
v 0.0238108 0.0425 0.0402631 
v 0.0244176 0.0475 0.041158 
v 0.0241384 0.0425 0.0406941 
v 0.0246449 0.0475 0.0416493 
v 0.0244176 0.0425 0.041158 
v 0.0248177 0.0475 0.0421624 
v 0.0246449 0.0425 0.0416493 
v 0.0249341 0.0475 0.0426911 
v 0.0248177 0.0425 0.0421624 
v 0.0249927 0.0475 0.0432293 
v 0.0249341 0.0425 0.0426911 
v 0.0249927 0.0475 0.0437707 
v 0.0249927 0.0425 0.0432293 
v 0.0249341 0.0475 0.0443089 
v 0.0249927 0.0425 0.0437707 
v 0.0248177 0.0475 0.0448376 
v 0.0249341 0.0425 0.0443089 
v 0.0246449 0.0475 0.0453507 
v 0.0248177 0.0425 0.0448376 
v 0.0244176 0.0475 0.045842 
v 0.0246449 0.0425 0.0453507 
v 0.0241384 0.0475 0.0463059 
v 0.0244176 0.0425 0.045842 
v 0.0238108 0.0475 0.0467369 
v 0.0241384 0.0425 0.0463059 
v 0.0234385 0.0475 0.04713 
v 0.0238108 0.0425 0.0467369 
v 0.0230259 0.0475 0.0474805 
v 0.0234385 0.0425 0.04713 
v 0.0225778 0.0475 0.0477843 
v 0.0230259 0.0425 0.0474805 
v 0.0220994 0.0475 0.0480379 
v 0.0225778 0.0425 0.0477843 
v 0.0215965 0.0475 0.0482383 
v 0.0220994 0.0425 0.0480379 
v 0.0210749 0.0475 0.0483831 
v 0.0215965 0.0425 0.0482383 
v 0.0205406 0.0475 0.0484707 
v 0.0210749 0.0425 0.0483831 
v 0.0205406 0.0425 0.0484707 
vn 0.108119 0 -0.994138 
vn 0 0 -1 
vn 0 0 -1 
vn 0.21497 0 -0.976621 
vn 0.108119 0 -0.994138 
vn 0.319302 0 -0.947653 
vn 0.21497 0 -0.976621 
vn 0.419889 0 -0.907575 
vn 0.319302 0 -0.947653 
vn 0.515554 0 -0.856857 
vn 0.419889 0 -0.907575 
vn 0.605174 0 -0.796093 
vn 0.515554 0 -0.856857 
vn 0.687699 0 -0.725995 
vn 0.605174 0 -0.796093 
vn 0.762162 0 -0.647386 
vn 0.687699 0 -0.725995 
vn 0.827689 0 -0.561187 
vn 0.762162 0 -0.647386 
vn 0.883512 0 -0.468408 
vn 0.827689 0 -0.561187 
vn 0.928977 0 -0.370138 
vn 0.883512 0 -0.468408 
vn 0.96355 0 -0.267528 
vn 0.928977 0 -0.370138 
vn 0.986827 0 -0.161782 
vn 0.96355 0 -0.267528 
vn 0.998533 0 -0.0541389 
vn 0.986827 0 -0.161782 
vn 0.998533 0 0.0541389 
vn 0.998533 0 -0.0541389 
vn 0.986827 0 0.161782 
vn 0.998533 0 0.0541389 
vn 0.96355 0 0.267528 
vn 0.986827 0 0.161782 
vn 0.928977 0 0.370138 
vn 0.96355 0 0.267528 
vn 0.883512 0 0.468408 
vn 0.928977 0 0.370138 
vn 0.827689 0 0.561187 
vn 0.883512 0 0.468408 
vn 0.762162 0 0.647386 
vn 0.827689 0 0.561187 
vn 0.687699 0 0.725995 
vn 0.762162 0 0.647386 
vn 0.605174 0 0.796093 
vn 0.687699 0 0.725995 
vn 0.515554 0 0.856857 
vn 0.605174 0 0.796093 
vn 0.419889 0 0.907575 
vn 0.515554 0 0.856857 
vn 0.319302 0 0.947653 
vn 0.419889 0 0.907575 
vn 0.21497 0 0.976621 
vn 0.319302 0 0.947653 
vn 0.108119 0 0.994138 
vn 0.21497 0 0.976621 
vn -1.22465e-16 0 1 
vn 0.108119 0 0.994138 
vn -0.108119 0 0.994138 
vn -1.22465e-16 0 1 
vn -0.21497 0 0.976621 
vn -0.108119 0 0.994138 
vn -0.319302 0 0.947653 
vn -0.21497 0 0.976621 
vn -0.419889 0 0.907575 
vn -0.319302 0 0.947653 
vn -0.515554 0 0.856857 
vn -0.419889 0 0.907575 
vn -0.605174 0 0.796093 
vn -0.515554 0 0.856857 
vn -0.687699 0 0.725995 
vn -0.605174 0 0.796093 
vn -0.762162 0 0.647386 
vn -0.687699 0 0.725995 
vn -0.827689 0 0.561187 
vn -0.762162 0 0.647386 
vn -0.883512 0 0.468408 
vn -0.827689 0 0.561187 
vn -0.928977 0 0.370138 
vn -0.883512 0 0.468408 
vn -0.96355 0 0.267528 
vn -0.928977 0 0.370138 
vn -0.986827 0 0.161782 
vn -0.96355 0 0.267528 
vn -0.998533 0 0.0541389 
vn -0.986827 0 0.161782 
vn -0.998533 0 -0.0541389 
vn -0.998533 0 0.0541389 
vn -0.986827 0 -0.161782 
vn -0.998533 0 -0.0541389 
vn -0.96355 0 -0.267528 
vn -0.986827 0 -0.161782 
vn -0.928977 0 -0.370138 
vn -0.96355 0 -0.267528 
vn -0.883512 0 -0.468408 
vn -0.928977 0 -0.370138 
vn -0.827689 0 -0.561187 
vn -0.883512 0 -0.468408 
vn -0.762162 0 -0.647386 
vn -0.827689 0 -0.561187 
vn -0.687699 0 -0.725995 
vn -0.762162 0 -0.647386 
vn -0.605174 0 -0.796093 
vn -0.687699 0 -0.725995 
vn -0.515554 0 -0.856857 
vn -0.605174 0 -0.796093 
vn -0.419889 0 -0.907575 
vn -0.515554 0 -0.856857 
vn -0.319302 0 -0.947653 
vn -0.419889 0 -0.907575 
vn -0.21497 0 -0.976621 
vn -0.319302 0 -0.947653 
vn -0.108119 0 -0.994138 
vn -0.21497 0 -0.976621 
vn -0.108119 0 -0.994138 
f 3190//3190 3191//3191 3192//3192 
f 3193//3193 3190//3190 3194//3194 
f 3195//3195 3193//3193 3196//3196 
f 3197//3197 3195//3195 3198//3198 
f 3199//3199 3197//3197 3200//3200 
f 3201//3201 3199//3199 3202//3202 
f 3203//3203 3201//3201 3204//3204 
f 3205//3205 3203//3203 3206//3206 
f 3207//3207 3205//3205 3208//3208 
f 3209//3209 3207//3207 3210//3210 
f 3211//3211 3209//3209 3212//3212 
f 3213//3213 3211//3211 3214//3214 
f 3215//3215 3213//3213 3216//3216 
f 3217//3217 3215//3215 3218//3218 
f 3219//3219 3217//3217 3220//3220 
f 3221//3221 3219//3219 3222//3222 
f 3223//3223 3221//3221 3224//3224 
f 3225//3225 3223//3223 3226//3226 
f 3227//3227 3225//3225 3228//3228 
f 3229//3229 3227//3227 3230//3230 
f 3231//3231 3229//3229 3232//3232 
f 3233//3233 3231//3231 3234//3234 
f 3235//3235 3233//3233 3236//3236 
f 3237//3237 3235//3235 3238//3238 
f 3239//3239 3237//3237 3240//3240 
f 3241//3241 3239//3239 3242//3242 
f 3243//3243 3241//3241 3244//3244 
f 3245//3245 3243//3243 3246//3246 
f 3247//3247 3245//3245 3248//3248 
f 3249//3249 3247//3247 3250//3250 
f 3251//3251 3249//3249 3252//3252 
f 3253//3253 3251//3251 3254//3254 
f 3255//3255 3253//3253 3256//3256 
f 3257//3257 3255//3255 3258//3258 
f 3259//3259 3257//3257 3260//3260 
f 3261//3261 3259//3259 3262//3262 
f 3263//3263 3261//3261 3264//3264 
f 3265//3265 3263//3263 3266//3266 
f 3267//3267 3265//3265 3268//3268 
f 3269//3269 3267//3267 3270//3270 
f 3271//3271 3269//3269 3272//3272 
f 3273//3273 3271//3271 3274//3274 
f 3275//3275 3273//3273 3276//3276 
f 3277//3277 3275//3275 3278//3278 
f 3279//3279 3277//3277 3280//3280 
f 3281//3281 3279//3279 3282//3282 
f 3283//3283 3281//3281 3284//3284 
f 3285//3285 3283//3283 3286//3286 
f 3287//3287 3285//3285 3288//3288 
f 3289//3289 3287//3287 3290//3290 
f 3291//3291 3289//3289 3292//3292 
f 3293//3293 3291//3291 3294//3294 
f 3295//3295 3293//3293 3296//3296 
f 3297//3297 3295//3295 3298//3298 
f 3299//3299 3297//3297 3300//3300 
f 3301//3301 3299//3299 3302//3302 
f 3303//3303 3301//3301 3304//3304 
f 3191//3191 3303//3303 3305//3305 
f 3305//3305 3192//3192 3191//3191 
f 3304//3304 3305//3305 3303//3303 
f 3302//3302 3304//3304 3301//3301 
f 3300//3300 3302//3302 3299//3299 
f 3298//3298 3300//3300 3297//3297 
f 3296//3296 3298//3298 3295//3295 
f 3294//3294 3296//3296 3293//3293 
f 3292//3292 3294//3294 3291//3291 
f 3290//3290 3292//3292 3289//3289 
f 3288//3288 3290//3290 3287//3287 
f 3286//3286 3288//3288 3285//3285 
f 3284//3284 3286//3286 3283//3283 
f 3282//3282 3284//3284 3281//3281 
f 3280//3280 3282//3282 3279//3279 
f 3278//3278 3280//3280 3277//3277 
f 3276//3276 3278//3278 3275//3275 
f 3274//3274 3276//3276 3273//3273 
f 3272//3272 3274//3274 3271//3271 
f 3270//3270 3272//3272 3269//3269 
f 3268//3268 3270//3270 3267//3267 
f 3266//3266 3268//3268 3265//3265 
f 3264//3264 3266//3266 3263//3263 
f 3262//3262 3264//3264 3261//3261 
f 3260//3260 3262//3262 3259//3259 
f 3258//3258 3260//3260 3257//3257 
f 3256//3256 3258//3258 3255//3255 
f 3254//3254 3256//3256 3253//3253 
f 3252//3252 3254//3254 3251//3251 
f 3250//3250 3252//3252 3249//3249 
f 3248//3248 3250//3250 3247//3247 
f 3246//3246 3248//3248 3245//3245 
f 3244//3244 3246//3246 3243//3243 
f 3242//3242 3244//3244 3241//3241 
f 3240//3240 3242//3242 3239//3239 
f 3238//3238 3240//3240 3237//3237 
f 3236//3236 3238//3238 3235//3235 
f 3234//3234 3236//3236 3233//3233 
f 3232//3232 3234//3234 3231//3231 
f 3230//3230 3232//3232 3229//3229 
f 3228//3228 3230//3230 3227//3227 
f 3226//3226 3228//3228 3225//3225 
f 3224//3224 3226//3226 3223//3223 
f 3222//3222 3224//3224 3221//3221 
f 3220//3220 3222//3222 3219//3219 
f 3218//3218 3220//3220 3217//3217 
f 3216//3216 3218//3218 3215//3215 
f 3214//3214 3216//3216 3213//3213 
f 3212//3212 3214//3214 3211//3211 
f 3210//3210 3212//3212 3209//3209 
f 3208//3208 3210//3210 3207//3207 
f 3206//3206 3208//3208 3205//3205 
f 3204//3204 3206//3206 3203//3203 
f 3202//3202 3204//3204 3201//3201 
f 3200//3200 3202//3202 3199//3199 
f 3198//3198 3200//3200 3197//3197 
f 3196//3196 3198//3198 3195//3195 
f 3194//3194 3196//3196 3193//3193 
f 3192//3192 3194//3194 3190//3190 
v 0.02 0.0425 0.0435 
v 0.0205406 0.0425 0.0484707 
v 0.0210749 0.0425 0.0483831 
v 0.0215965 0.0425 0.0482383 
v 0.0220994 0.0425 0.0480379 
v 0.0225778 0.0425 0.0477843 
v 0.0230259 0.0425 0.0474805 
v 0.0234385 0.0425 0.04713 
v 0.0238108 0.0425 0.0467369 
v 0.0241384 0.0425 0.0463059 
v 0.0244176 0.0425 0.045842 
v 0.0246449 0.0425 0.0453507 
v 0.0248177 0.0425 0.0448376 
v 0.0249341 0.0425 0.0443089 
v 0.0249927 0.0425 0.0437707 
v 0.0249927 0.0425 0.0432293 
v 0.0249341 0.0425 0.0426911 
v 0.0248177 0.0425 0.0421624 
v 0.0246449 0.0425 0.0416493 
v 0.0244176 0.0425 0.041158 
v 0.0241384 0.0425 0.0406941 
v 0.0238108 0.0425 0.0402631 
v 0.0234385 0.0425 0.03987 
v 0.0230259 0.0425 0.0395195 
v 0.0225778 0.0425 0.0392157 
v 0.0220994 0.0425 0.0389621 
v 0.0215965 0.0425 0.0387617 
v 0.0210749 0.0425 0.0386169 
v 0.0205406 0.0425 0.0385293 
v 0.02 0.0425 0.0385 
v 0.0194594 0.0425 0.0385293 
v 0.0189251 0.0425 0.0386169 
v 0.0184035 0.0425 0.0387617 
v 0.0179006 0.0425 0.0389621 
v 0.0174222 0.0425 0.0392157 
v 0.0169741 0.0425 0.0395195 
v 0.0165615 0.0425 0.03987 
v 0.0161892 0.0425 0.0402631 
v 0.0158616 0.0425 0.0406941 
v 0.0155824 0.0425 0.041158 
v 0.0153551 0.0425 0.0416493 
v 0.0151823 0.0425 0.0421624 
v 0.0150659 0.0425 0.0426911 
v 0.0150073 0.0425 0.0432293 
v 0.0150073 0.0425 0.0437707 
v 0.0150659 0.0425 0.0443089 
v 0.0151823 0.0425 0.0448376 
v 0.0153551 0.0425 0.0453507 
v 0.0155824 0.0425 0.045842 
v 0.0158616 0.0425 0.0463059 
v 0.0161892 0.0425 0.0467369 
v 0.0165615 0.0425 0.04713 
v 0.0169741 0.0425 0.0474805 
v 0.0174222 0.0425 0.0477843 
v 0.0179006 0.0425 0.0480379 
v 0.0184035 0.0425 0.0482383 
v 0.0189251 0.0425 0.0483831 
v 0.0194594 0.0425 0.0484707 
v 0.02 0.0425 0.0485 
vn 0 1 0 
vn 0 1 0 
vn 0 1 0 
vn 0 1 0 
vn 0 1 0 
vn 0 1 0 
vn 0 1 0 
vn 0 1 0 
vn 0 1 0 
vn 0 1 0 
vn 0 1 0 
vn 0 1 0 
vn 0 1 0 
vn 0 1 0 
vn 0 1 0 
vn 0 1 0 
vn 0 1 0 
vn 0 1 0 
vn 0 1 0 
vn 0 1 0 
vn 0 1 0 
vn 0 1 0 
vn 0 1 0 
vn 0 1 0 
vn 0 1 0 
vn 0 1 0 
vn 0 1 0 
vn 0 1 0 
vn 0 1 0 
vn 0 1 0 
vn 0 1 0 
vn 0 1 0 
vn 0 1 0 
vn 0 1 0 
vn 0 1 0 
vn 0 1 0 
vn 0 1 0 
vn 0 1 0 
vn 0 1 0 
vn 0 1 0 
vn 0 1 0 
vn 0 1 0 
vn 0 1 0 
vn 0 1 0 
vn 0 1 0 
vn 0 1 0 
vn 0 1 0 
vn 0 1 0 
vn 0 1 0 
vn 0 1 0 
vn 0 1 0 
vn 0 1 0 
vn 0 1 0 
vn 0 1 0 
vn 0 1 0 
vn 0 1 0 
vn 0 1 0 
vn 0 1 0 
vn 0 1 0 
f 3306//3306 3307//3307 3308//3308 
f 3308//3308 3309//3309 3306//3306 
f 3309//3309 3310//3310 3306//3306 
f 3310//3310 3311//3311 3306//3306 
f 3311//3311 3312//3312 3306//3306 
f 3312//3312 3313//3313 3306//3306 
f 3313//3313 3314//3314 3306//3306 
f 3314//3314 3315//3315 3306//3306 
f 3315//3315 3316//3316 3306//3306 
f 3316//3316 3317//3317 3306//3306 
f 3317//3317 3318//3318 3306//3306 
f 3318//3318 3319//3319 3306//3306 
f 3319//3319 3320//3320 3306//3306 
f 3320//3320 3321//3321 3306//3306 
f 3321//3321 3322//3322 3306//3306 
f 3322//3322 3323//3323 3306//3306 
f 3323//3323 3324//3324 3306//3306 
f 3324//3324 3325//3325 3306//3306 
f 3325//3325 3326//3326 3306//3306 
f 3326//3326 3327//3327 3306//3306 
f 3327//3327 3328//3328 3306//3306 
f 3328//3328 3329//3329 3306//3306 
f 3329//3329 3330//3330 3306//3306 
f 3330//3330 3331//3331 3306//3306 
f 3331//3331 3332//3332 3306//3306 
f 3332//3332 3333//3333 3306//3306 
f 3333//3333 3334//3334 3306//3306 
f 3334//3334 3335//3335 3306//3306 
f 3335//3335 3336//3336 3306//3306 
f 3336//3336 3337//3337 3306//3306 
f 3337//3337 3338//3338 3306//3306 
f 3338//3338 3339//3339 3306//3306 
f 3339//3339 3340//3340 3306//3306 
f 3340//3340 3341//3341 3306//3306 
f 3341//3341 3342//3342 3306//3306 
f 3342//3342 3343//3343 3306//3306 
f 3343//3343 3344//3344 3306//3306 
f 3344//3344 3345//3345 3306//3306 
f 3345//3345 3346//3346 3306//3306 
f 3346//3346 3347//3347 3306//3306 
f 3347//3347 3348//3348 3306//3306 
f 3348//3348 3349//3349 3306//3306 
f 3349//3349 3350//3350 3306//3306 
f 3350//3350 3351//3351 3306//3306 
f 3351//3351 3352//3352 3306//3306 
f 3352//3352 3353//3353 3306//3306 
f 3353//3353 3354//3354 3306//3306 
f 3354//3354 3355//3355 3306//3306 
f 3355//3355 3356//3356 3306//3306 
f 3356//3356 3357//3357 3306//3306 
f 3357//3357 3358//3358 3306//3306 
f 3358//3358 3359//3359 3306//3306 
f 3359//3359 3360//3360 3306//3306 
f 3360//3360 3361//3361 3306//3306 
f 3361//3361 3362//3362 3306//3306 
f 3362//3362 3363//3363 3306//3306 
f 3363//3363 3364//3364 3306//3306 
f 3364//3364 3307//3307 3306//3306 
v 0.006 0.0378493 0.0299448 
v 0.006 0.0378493 0.0175 
v 0.006 0.0425 0.0215 
v 0.006 0.0475 0.0175 
v 0.006 0.0475 0.0215 
v 0.006 0.0425 0.0302718 
vn 1 0 0 
vn 1 0 0 
vn 1 0 0 
vn 1 0 0 
vn 1 0 0 
vn 1 0 0 
f 3365//3365 3366//3366 3367//3367 
f 3368//3368 3369//3369 3367//3367 
f 3367//3367 3366//3366 3368//3368 
f 3367//3367 3370//3370 3365//3365 
v 0.01 0.0475 0.0175 
v 0.01 0.0425 0.0175 
v 0.00958189 0.0425 0.0175219 
v 0.00958189 0.0475 0.0175219 
v 0.00916835 0.0425 0.0175874 
v 0.00916835 0.0475 0.0175874 
v 0.00876393 0.0425 0.0176958 
v 0.00876393 0.0475 0.0176958 
v 0.00837305 0.0425 0.0178458 
v 0.00837305 0.0475 0.0178458 
v 0.008 0.0425 0.0180359 
v 0.008 0.0475 0.0180359 
v 0.00764886 0.0425 0.0182639 
v 0.00764886 0.0475 0.0182639 
v 0.00732348 0.0425 0.0185274 
v 0.00732348 0.0475 0.0185274 
v 0.00702742 0.0425 0.0188235 
v 0.00702742 0.0475 0.0188235 
v 0.00676393 0.0425 0.0191489 
v 0.00676393 0.0475 0.0191489 
v 0.0065359 0.0425 0.0195 
v 0.0065359 0.0475 0.0195 
v 0.00634582 0.0425 0.0198731 
v 0.00634582 0.0475 0.0198731 
v 0.00619577 0.0425 0.0202639 
v 0.00619577 0.0475 0.0202639 
v 0.00608741 0.0425 0.0206684 
v 0.00608741 0.0475 0.0206684 
v 0.00602191 0.0425 0.0210819 
v 0.00602191 0.0475 0.0210819 
v 0.006 0.0425 0.0215 
v 0.006 0.0475 0.0215 
vn 1.54824e-13 0 -1 
vn 1.54824e-13 0 -1 
vn -0.104528 0 -0.994522 
vn -0.104528 0 -0.994522 
vn -0.207912 0 -0.978148 
vn -0.207912 0 -0.978148 
vn -0.309017 0 -0.951057 
vn -0.309017 0 -0.951057 
vn -0.406737 0 -0.913545 
vn -0.406737 0 -0.913545 
vn -0.5 0 -0.866025 
vn -0.5 0 -0.866025 
vn -0.587785 0 -0.809017 
vn -0.587785 0 -0.809017 
vn -0.669131 0 -0.743145 
vn -0.669131 0 -0.743145 
vn -0.743145 0 -0.669131 
vn -0.743145 0 -0.669131 
vn -0.809017 0 -0.587785 
vn -0.809017 0 -0.587785 
vn -0.866025 0 -0.5 
vn -0.866025 0 -0.5 
vn -0.913545 0 -0.406737 
vn -0.913545 0 -0.406737 
vn -0.951057 0 -0.309017 
vn -0.951057 0 -0.309017 
vn -0.978148 0 -0.207912 
vn -0.978148 0 -0.207912 
vn -0.994522 0 -0.104528 
vn -0.994522 0 -0.104528 
vn -1 0 0 
vn -1 0 0 
f 3371//3371 3372//3372 3373//3373 
f 3374//3374 3373//3373 3375//3375 
f 3376//3376 3375//3375 3377//3377 
f 3378//3378 3377//3377 3379//3379 
f 3380//3380 3379//3379 3381//3381 
f 3382//3382 3381//3381 3383//3383 
f 3384//3384 3383//3383 3385//3385 
f 3386//3386 3385//3385 3387//3387 
f 3388//3388 3387//3387 3389//3389 
f 3390//3390 3389//3389 3391//3391 
f 3392//3392 3391//3391 3393//3393 
f 3394//3394 3393//3393 3395//3395 
f 3396//3396 3395//3395 3397//3397 
f 3398//3398 3397//3397 3399//3399 
f 3400//3400 3399//3399 3401//3401 
f 3401//3401 3402//3402 3400//3400 
f 3399//3399 3400//3400 3398//3398 
f 3397//3397 3398//3398 3396//3396 
f 3395//3395 3396//3396 3394//3394 
f 3393//3393 3394//3394 3392//3392 
f 3391//3391 3392//3392 3390//3390 
f 3389//3389 3390//3390 3388//3388 
f 3387//3387 3388//3388 3386//3386 
f 3385//3385 3386//3386 3384//3384 
f 3383//3383 3384//3384 3382//3382 
f 3381//3381 3382//3382 3380//3380 
f 3379//3379 3380//3380 3378//3378 
f 3377//3377 3378//3378 3376//3376 
f 3375//3375 3376//3376 3374//3374 
f 3373//3373 3374//3374 3371//3371 
v 0.006 0.0475 0.0175 
v 0.00608741 0.0475 0.0206684 
v 0.00602191 0.0475 0.0210819 
v 0.00619577 0.0475 0.0202639 
v 0.0065359 0.0475 0.0195 
v 0.00634582 0.0475 0.0198731 
v 0.00702742 0.0475 0.0188235 
v 0.00676393 0.0475 0.0191489 
v 0.00764886 0.0475 0.0182639 
v 0.00732348 0.0475 0.0185274 
v 0.00876393 0.0475 0.0176958 
v 0.00837305 0.0475 0.0178458 
v 0.008 0.0475 0.0180359 
v 0.00958189 0.0475 0.0175219 
v 0.00916835 0.0475 0.0175874 
v 0.01 0.0475 0.0175 
v 0.006 0.0475 0.0215 
vn 0 -1 0 
vn 0 -1 0 
vn 0 -1 0 
vn 0 -1 0 
vn 0 -1 0 
vn 0 -1 0 
vn 0 -1 0 
vn 0 -1 0 
vn 0 -1 0 
vn 0 -1 0 
vn 0 -1 0 
vn 0 -1 0 
vn 0 -1 0 
vn 0 -1 0 
vn 0 -1 0 
vn 0 -1 0 
vn 0 -1 0 
f 3403//3403 3404//3404 3405//3405 
f 3403//3403 3406//3406 3404//3404 
f 3403//3403 3407//3407 3408//3408 
f 3403//3403 3409//3409 3410//3410 
f 3403//3403 3411//3411 3412//3412 
f 3403//3403 3413//3413 3414//3414 
f 3408//3408 3406//3406 3403//3403 
f 3412//3412 3409//3409 3403//3403 
f 3414//3414 3415//3415 3403//3403 
f 3403//3403 3416//3416 3417//3417 
f 3410//3410 3407//3407 3403//3403 
f 3417//3417 3413//3413 3403//3403 
f 3415//3415 3411//3411 3403//3403 
f 3403//3403 3418//3418 3416//3416 
f 3405//3405 3419//3419 3403//3403 
v -0.0026694 0.0162826 0.0175 
v -0.0154116 0.0643019 0.0175 
v -0.0146943 0.0660942 0.0175 
v -0.0159894 0.0622288 0.0175 
v -0.00441422 0.0158986 0.0175 
v -0.0163679 0.0599283 0.0175 
v 0.00441422 0.0158986 0.0175 
v 0.0104217 0.0294105 0.0175 
v 0.0118564 0.0278646 0.0175 
v 0.006 0.0475 0.0175 
v -0.00825621 0.0722665 0.0175 
v -0.00751922 0.0724218 0.0175 
v 0.0026694 0.0162826 0.0175 
v 0.00768982 0.0322869 0.0175 
v 0.0083218 0.0314427 0.0175 
v 0.00637128 0.0351498 0.0175 
v 0.00670911 0.0341508 0.0175 
v 0.00601943 0.0372263 0.0175 
v 0.00614053 0.0361787 0.0175 
v 0.0095 0.03025 0.0175 
v 0.00772874 0.0145779 0.0175 
v 0.0141995 0.0243641 0.0175 
v 0.0150818 0.0224484 0.0175 
v -0.00900678 0.0720204 0.0175 
v -0.0138945 0.0675949 0.0175 
v -0.000893292 0.0164758 0.0175 
v 0.000893292 0.0164758 0.0175 
v 0.006 0.0378493 0.0175 
v 0.00715026 0.0331929 0.0175 
v 0.00903917 0.0306697 0.0175 
v 0.00610728 0.0153281 0.0175 
v 0.0131204 0.0261762 0.0175 
v 0.00925959 0.0136569 0.0175 
v 0.0157574 0.0204505 0.0175 
v 0.0162189 0.0183925 0.0175 
v 0.0106819 0.0125757 0.0175 
v 0.0164611 0.0162974 0.0175 
v 0.0165 0.0150513 0.0175 
v -0.00977561 0.0716714 0.0175 
v -0.0105661 0.0712025 0.0175 
v -0.0165 0.0575 0.0175 
v -0.0161142 0.00354701 0.0175 
v -0.0164033 0.00178396 0.0175 
v -0.014975 0.00692817 0.0175 
v -0.0156363 0.00526848 0.0175 
v 0.0131355 0.00998537 0.0175 
v 0.0119789 0.011347 0.0175 
v -0.0113794 0.0705912 0.0175 
v -0.0131355 0.00998537 0.0175 
v -0.0141381 0.00850664 0.0175 
v -0.00925959 0.0136569 0.0175 
v -0.0106819 0.0125757 0.0175 
v -0.00610728 0.0153281 0.0175 
v -0.0122126 0.069809 0.0175 
v -0.0119789 0.011347 0.0175 
v 0.014975 0.00692817 0.0175 
v 0.0141381 0.00850664 0.0175 
v 0.0161142 0.00354701 0.0175 
v 0.0156363 0.00526848 0.0175 
v 0.0165 5.82434e-15 0.0175 
v 0.0164033 0.00178396 0.0175 
v -0.0130571 0.0688223 0.0175 
v -0.00772874 0.0145779 0.0175 
v 0.01 0.0725 0.0175 
v 0.01 0.0475 0.0175 
v -0.00679046 0.0724937 0.0175 
v -0.0065 0.0725 0.0175 
v 0.03 0.0425 0.0175 
v 0.01 0.0425 0.0175 
v 0.03 0.0785 0.0175 
v -0.0165 1.01033e-18 0.0175 
v 0.01 0.0785 0.0175 
vn 0 0 -1 
vn 0 0 -1 
vn 0 0 -1 
vn 0 0 -1 
vn 0 0 -1 
vn 0 0 -1 
vn 0 0 -1 
vn 0 0 -1 
vn 0 0 -1 
vn 0 0 -1 
vn 0 0 -1 
vn 0 0 -1 
vn 0 0 -1 
vn 0 0 -1 
vn 0 0 -1 
vn 0 0 -1 
vn 0 0 -1 
vn 0 0 -1 
vn 0 0 -1 
vn 0 0 -1 
vn 0 0 -1 
vn 0 0 -1 
vn 0 0 -1 
vn 0 0 -1 
vn 0 0 -1 
vn 0 0 -1 
vn 0 0 -1 
vn 0 0 -1 
vn 0 0 -1 
vn 0 0 -1 
vn 0 0 -1 
vn 0 0 -1 
vn 0 0 -1 
vn 0 0 -1 
vn 0 0 -1 
vn 0 0 -1 
vn 0 0 -1 
vn 0 0 -1 
vn 0 0 -1 
vn 0 0 -1 
vn 0 0 -1 
vn 0 0 -1 
vn 0 0 -1 
vn 0 0 -1 
vn 0 0 -1 
vn 0 0 -1 
vn 0 0 -1 
vn 0 0 -1 
vn 0 0 -1 
vn 0 0 -1 
vn 0 0 -1 
vn 0 0 -1 
vn 0 0 -1 
vn 0 0 -1 
vn 0 0 -1 
vn 0 0 -1 
vn 0 0 -1 
vn 0 0 -1 
vn 0 0 -1 
vn 0 0 -1 
vn 0 0 -1 
vn 0 0 -1 
vn 0 0 -1 
vn 0 0 -1 
vn 0 0 -1 
vn 0 0 -1 
vn 0 0 -1 
vn 0 0 -1 
vn 0 0 -1 
vn 0 0 -1 
vn 0 0 -1 
vn 0 0 -1 
f 3420//3420 3421//3421 3422//3422 
f 3420//3420 3423//3423 3421//3421 
f 3420//3420 3424//3424 3425//3425 
f 3426//3426 3427//3427 3428//3428 
f 3429//3429 3430//3430 3431//3431 
f 3425//3425 3423//3423 3420//3420 
f 3432//3432 3433//3433 3434//3434 
f 3432//3432 3435//3435 3436//3436 
f 3432//3432 3437//3437 3438//3438 
f 3426//3426 3439//3439 3427//3427 
f 3440//3440 3441//3441 3442//3442 
f 3429//3429 3443//3443 3430//3430 
f 3444//3444 3445//3445 3420//3420 
f 3445//3445 3444//3444 3429//3429 
f 3446//3446 3447//3447 3437//3437 
f 3432//3432 3448//3448 3433//3433 
f 3438//3438 3435//3435 3432//3432 
f 3426//3426 3449//3449 3439//3439 
f 3450//3450 3428//3428 3451//3451 
f 3440//3440 3451//3451 3441//3441 
f 3452//3452 3453//3453 3454//3454 
f 3455//3455 3456//3456 3457//3457 
f 3429//3429 3458//3458 3443//3443 
f 3429//3429 3446//3446 3445//3445 
f 3446//3446 3429//3429 3447//3447 
f 3436//3436 3448//3448 3432//3432 
f 3426//3426 3434//3434 3449//3449 
f 3442//3442 3452//3452 3440//3440 
f 3452//3452 3442//3442 3453//3453 
f 3455//3455 3454//3454 3456//3456 
f 3429//3429 3459//3459 3458//3458 
f 3460//3460 3461//3461 3462//3462 
f 3460//3460 3463//3463 3464//3464 
f 3437//3437 3432//3432 3446//3446 
f 3428//3428 3450//3450 3426//3426 
f 3454//3454 3455//3455 3452//3452 
f 3457//3457 3465//3465 3466//3466 
f 3429//3429 3467//3467 3459//3459 
f 3464//3464 3461//3461 3460//3460 
f 3460//3460 3468//3468 3469//3469 
f 3460//3460 3470//3470 3471//3471 
f 3424//3424 3472//3472 3460//3460 
f 3434//3434 3426//3426 3432//3432 
f 3457//3457 3466//3466 3455//3455 
f 3429//3429 3473//3473 3467//3467 
f 3469//3469 3463//3463 3460//3460 
f 3471//3471 3474//3474 3460//3460 
f 3460//3460 3425//3425 3424//3424 
f 3451//3451 3440//3440 3450//3450 
f 3457//3457 3475//3475 3476//3476 
f 3457//3457 3477//3477 3478//3478 
f 3457//3457 3479//3479 3480//3480 
f 3429//3429 3481//3481 3473//3473 
f 3474//3474 3468//3468 3460//3460 
f 3472//3472 3482//3482 3460//3460 
f 3476//3476 3465//3465 3457//3457 
f 3480//3480 3477//3477 3457//3457 
f 3429//3429 3444//3444 3481//3481 
f 3482//3482 3470//3470 3460//3460 
f 3478//3478 3475//3475 3457//3457 
f 3483//3483 3484//3484 3429//3429 
f 3431//3431 3485//3485 3429//3429 
f 3422//3422 3444//3444 3420//3420 
f 3485//3485 3486//3486 3429//3429 
f 3429//3429 3486//3486 3483//3483 
f 3487//3487 3488//3488 3484//3484 
f 3489//3489 3487//3487 3483//3483 
f 3484//3484 3483//3483 3487//3487 
f 3462//3462 3490//3490 3460//3460 
f 3483//3483 3491//3491 3489//3489 
v 0.03 0.0425 0.0175 
v 0.03 0.0785 0.0175 
v 0.0304181 0.0785 0.0175219 
v 0.0304181 0.0425 0.0175219 
v 0.0308316 0.0785 0.0175874 
v 0.0308316 0.0425 0.0175874 
v 0.0312361 0.0785 0.0176958 
v 0.0312361 0.0425 0.0176958 
v 0.0316269 0.0785 0.0178458 
v 0.0316269 0.0425 0.0178458 
v 0.032 0.0785 0.0180359 
v 0.032 0.0425 0.0180359 
v 0.0323511 0.0785 0.0182639 
v 0.0323511 0.0425 0.0182639 
v 0.0326765 0.0785 0.0185274 
v 0.0326765 0.0425 0.0185274 
v 0.0329726 0.0785 0.0188235 
v 0.0329726 0.0425 0.0188235 
v 0.0332361 0.0785 0.0191489 
v 0.0332361 0.0425 0.0191489 
v 0.0334641 0.0785 0.0195 
v 0.0334641 0.0425 0.0195 
v 0.0336542 0.0785 0.0198731 
v 0.0336542 0.0425 0.0198731 
v 0.0338042 0.0785 0.0202639 
v 0.0338042 0.0425 0.0202639 
v 0.0339126 0.0785 0.0206684 
v 0.0339126 0.0425 0.0206684 
v 0.0339781 0.0785 0.0210819 
v 0.0339781 0.0425 0.0210819 
v 0.034 0.0785 0.0215 
v 0.034 0.0425 0.0215 
vn 0 0 -1 
vn 0 0 -1 
vn 0.104528 0 -0.994522 
vn 0.104528 0 -0.994522 
vn 0.207912 0 -0.978148 
vn 0.207912 0 -0.978148 
vn 0.309017 0 -0.951057 
vn 0.309017 0 -0.951057 
vn 0.406737 0 -0.913545 
vn 0.406737 0 -0.913545 
vn 0.5 0 -0.866025 
vn 0.5 0 -0.866025 
vn 0.587785 0 -0.809017 
vn 0.587785 0 -0.809017 
vn 0.669131 0 -0.743145 
vn 0.669131 0 -0.743145 
vn 0.743145 0 -0.669131 
vn 0.743145 0 -0.669131 
vn 0.809017 0 -0.587785 
vn 0.809017 0 -0.587785 
vn 0.866025 0 -0.5 
vn 0.866025 0 -0.5 
vn 0.913545 0 -0.406737 
vn 0.913545 0 -0.406737 
vn 0.951057 0 -0.309017 
vn 0.951057 0 -0.309017 
vn 0.978148 0 -0.207912 
vn 0.978148 0 -0.207912 
vn 0.994522 0 -0.104528 
vn 0.994522 0 -0.104528 
vn 1 0 7.99708e-13 
vn 1 0 7.99708e-13 
f 3492//3492 3493//3493 3494//3494 
f 3495//3495 3494//3494 3496//3496 
f 3497//3497 3496//3496 3498//3498 
f 3499//3499 3498//3498 3500//3500 
f 3501//3501 3500//3500 3502//3502 
f 3503//3503 3502//3502 3504//3504 
f 3505//3505 3504//3504 3506//3506 
f 3507//3507 3506//3506 3508//3508 
f 3509//3509 3508//3508 3510//3510 
f 3511//3511 3510//3510 3512//3512 
f 3513//3513 3512//3512 3514//3514 
f 3515//3515 3514//3514 3516//3516 
f 3517//3517 3516//3516 3518//3518 
f 3519//3519 3518//3518 3520//3520 
f 3521//3521 3520//3520 3522//3522 
f 3522//3522 3523//3523 3521//3521 
f 3520//3520 3521//3521 3519//3519 
f 3518//3518 3519//3519 3517//3517 
f 3516//3516 3517//3517 3515//3515 
f 3514//3514 3515//3515 3513//3513 
f 3512//3512 3513//3513 3511//3511 
f 3510//3510 3511//3511 3509//3509 
f 3508//3508 3509//3509 3507//3507 
f 3506//3506 3507//3507 3505//3505 
f 3504//3504 3505//3505 3503//3503 
f 3502//3502 3503//3503 3501//3501 
f 3500//3500 3501//3501 3499//3499 
f 3498//3498 3499//3499 3497//3497 
f 3496//3496 3497//3497 3495//3495 
f 3494//3494 3495//3495 3492//3492 
v 0.034 0.0425 0.0215 
v 0.034 0.0562636 0.026333 
v 0.034 0.05527 0.0267871 
v 0.034 0.0583676 0.0257553 
v 0.034 0.0573001 0.0259877 
v 0.034 0.0498716 0.0346126 
v 0.034 0.0496315 0.0349347 
v 0.034 0.0495854 0.0349579 
v 0.034 0.0497854 0.0347988 
v 0.034 0.0497524 0.0348386 
v 0.034 0.0498382 0.0347102 
v 0.034 0.049814 0.0347559 
v 0.034 0.0498574 0.0346623 
v 0.034 0.0503802 0.0324379 
v 0.034 0.0500735 0.0334864 
v 0.034 0.0519425 0.0295711 
v 0.034 0.0513201 0.030469 
v 0.034 0.0494871 0.0349894 
v 0.034 0.0494361 0.0349973 
v 0.034 0.049537 0.0349762 
v 0.034 0.0497155 0.0348748 
v 0.034 0.0507973 0.0314282 
v 0.034 0.0526574 0.028745 
v 0.034 0.0594538 0.0256385 
v 0.034 0.0725 0.0265 
v 0.034 0.0616324 0.0257553 
v 0.034 0.0637364 0.026333 
v 0.034 0.0626999 0.0259877 
v 0.034 0.0706155 0.035 
v 0.034 0.0705129 0.0349894 
v 0.034 0.070463 0.0349762 
v 0.034 0.0543307 0.027345 
v 0.034 0.0534565 0.0280001 
v 0.034 0.0605462 0.0256385 
v 0.034 0.0673426 0.028745 
v 0.034 0.0665435 0.0280001 
v 0.034 0.0686799 0.030469 
v 0.034 0.0680575 0.0295711 
v 0.034 0.070186 0.0347559 
v 0.034 0.0701618 0.0347102 
v 0.034 0.0704146 0.0349579 
v 0.034 0.0703685 0.0349347 
v 0.034 0.0705639 0.0349973 
v 0.034 0.0496751 0.0349069 
v 0.034 0.0656693 0.027345 
v 0.034 0.06473 0.0267871 
v 0.034 0.0701426 0.0346623 
v 0.034 0.0702476 0.0348386 
v 0.034 0.0702146 0.0347988 
v 0.034 0.0703249 0.0349069 
v 0.034 0.0702845 0.0348748 
v 0.034 0.0493845 0.035 
v 0.034 0.0498807 0.0345618 
v 0.034 0.0696198 0.0324379 
v 0.034 0.0692027 0.0314282 
v 0.034 0.0475 0.035 
v 0.034 0.0701284 0.0346126 
v 0.034 0.0725 0.035 
v 0.034 0.0699265 0.0334864 
v 0.034 0.0701193 0.0345618 
v 0.034 0.0785 0.0215 
v 0.034 0.0785 0.0265 
v 0.034 0.0425 0.0435 
v 0.034 0.0475 0.0435 
vn 1 0 7.99708e-13 
vn 1 0 7.99708e-13 
vn 1 0 7.99708e-13 
vn 1 0 7.99708e-13 
vn 1 0 7.99708e-13 
vn 1 0 7.99708e-13 
vn 1 0 7.99708e-13 
vn 1 0 7.99708e-13 
vn 1 0 7.99708e-13 
vn 1 0 7.99708e-13 
vn 1 0 7.99708e-13 
vn 1 0 7.99708e-13 
vn 1 0 7.99708e-13 
vn 1 0 7.99708e-13 
vn 1 0 7.99708e-13 
vn 1 0 7.99708e-13 
vn 1 0 7.99708e-13 
vn 1 0 7.99708e-13 
vn 1 0 7.99708e-13 
vn 1 0 7.99708e-13 
vn 1 0 7.99708e-13 
vn 1 0 7.99708e-13 
vn 1 0 7.99708e-13 
vn 1 0 7.99708e-13 
vn 1 0 7.99708e-13 
vn 1 0 7.99708e-13 
vn 1 0 7.99708e-13 
vn 1 0 7.99708e-13 
vn 1 0 7.99708e-13 
vn 1 0 7.99708e-13 
vn 1 0 7.99708e-13 
vn 1 0 7.99708e-13 
vn 1 0 7.99708e-13 
vn 1 0 7.99708e-13 
vn 1 0 7.99708e-13 
vn 1 0 7.99708e-13 
vn 1 0 7.99708e-13 
vn 1 0 7.99708e-13 
vn 1 0 7.99708e-13 
vn 1 0 7.99708e-13 
vn 1 0 7.99708e-13 
vn 1 0 7.99708e-13 
vn 1 0 7.99708e-13 
vn 1 0 7.99708e-13 
vn 1 0 7.99708e-13 
vn 1 0 7.99708e-13 
vn 1 0 7.99708e-13 
vn 1 0 7.99708e-13 
vn 1 0 7.99708e-13 
vn 1 0 7.99708e-13 
vn 1 0 7.99708e-13 
vn 1 0 7.99708e-13 
vn 1 0 7.99708e-13 
vn 1 0 7.99708e-13 
vn 1 0 7.99708e-13 
vn 1 0 7.99708e-13 
vn 1 0 7.99708e-13 
vn 1 0 7.99708e-13 
vn 1 0 7.99708e-13 
vn 1 0 7.99708e-13 
vn 1 0 7.99708e-13 
vn 1 0 7.99708e-13 
vn 1 0 7.99708e-13 
vn 1 0 7.99708e-13 
f 3524//3524 3525//3525 3526//3526 
f 3524//3524 3527//3527 3528//3528 
f 3529//3529 3530//3530 3531//3531 
f 3530//3530 3532//3532 3533//3533 
f 3530//3530 3534//3534 3535//3535 
f 3530//3530 3529//3529 3536//3536 
f 3524//3524 3537//3537 3538//3538 
f 3524//3524 3539//3539 3540//3540 
f 3528//3528 3525//3525 3524//3524 
f 3529//3529 3541//3541 3542//3542 
f 3531//3531 3543//3543 3529//3529 
f 3533//3533 3544//3544 3530//3530 
f 3536//3536 3534//3534 3530//3530 
f 3524//3524 3545//3545 3537//3537 
f 3524//3524 3546//3546 3539//3539 
f 3524//3524 3547//3547 3527//3527 
f 3524//3524 3548//3548 3549//3549 
f 3548//3548 3550//3550 3551//3551 
f 3552//3552 3553//3553 3554//3554 
f 3543//3543 3541//3541 3529//3529 
f 3535//3535 3532//3532 3530//3530 
f 3540//3540 3545//3545 3524//3524 
f 3524//3524 3555//3555 3556//3556 
f 3524//3524 3557//3557 3547//3547 
f 3551//3551 3549//3549 3548//3548 
f 3548//3548 3558//3558 3559//3559 
f 3548//3548 3560//3560 3561//3561 
f 3552//3552 3562//3562 3563//3563 
f 3552//3552 3564//3564 3565//3565 
f 3552//3552 3566//3566 3553//3553 
f 3544//3544 3567//3567 3530//3530 
f 3556//3556 3546//3546 3524//3524 
f 3549//3549 3557//3557 3524//3524 
f 3548//3548 3568//3568 3569//3569 
f 3561//3561 3558//3558 3548//3548 
f 3563//3563 3570//3570 3552//3552 
f 3552//3552 3571//3571 3572//3572 
f 3552//3552 3573//3573 3574//3574 
f 3554//3554 3564//3564 3552//3552 
f 3575//3575 3576//3576 3529//3529 
f 3526//3526 3555//3555 3524//3524 
f 3559//3559 3568//3568 3548//3548 
f 3572//3572 3562//3562 3552//3552 
f 3565//3565 3573//3573 3552//3552 
f 3542//3542 3575//3575 3529//3529 
f 3569//3569 3550//3550 3548//3548 
f 3548//3548 3577//3577 3578//3578 
f 3574//3574 3571//3571 3552//3552 
f 3579//3579 3538//3538 3576//3576 
f 3578//3578 3560//3560 3548//3548 
f 3570//3570 3580//3580 3552//3552 
f 3538//3538 3579//3579 3524//3524 
f 3581//3581 3582//3582 3577//3577 
f 3583//3583 3581//3581 3552//3552 
f 3577//3577 3548//3548 3581//3581 
f 3580//3580 3583//3583 3552//3552 
f 3583//3583 3582//3582 3581//3581 
f 3584//3584 3585//3585 3548//3548 
f 3586//3586 3524//3524 3579//3579 
f 3548//3548 3524//3524 3584//3584 
f 3575//3575 3579//3579 3576//3576 
f 3579//3579 3587//3587 3586//3586 
v 0.0341377 0.0725 0.0293715 
v 0.034 0.0725 0.0265 
v 0.034 0.0785 0.0265 
v 0.0345497 0.0725 0.0322167 
v 0.0341377 0.0785 0.0293715 
v 0.0352321 0.0725 0.0350094 
v 0.0345497 0.0785 0.0322167 
v 0.0361787 0.0725 0.0377239 
v 0.0352321 0.0785 0.0350094 
v 0.0373808 0.0725 0.0403353 
v 0.0361787 0.0785 0.0377239 
v 0.0388273 0.0725 0.0428197 
v 0.0373808 0.0785 0.0403353 
v 0.0388273 0.0785 0.0428197 
vn 0.995409 0 -0.0957176 
vn 1 0 7.99708e-13 
vn 1 0 7.99708e-13 
vn 0.981676 0 -0.190556 
vn 0.995409 0 -0.0957176 
vn 0.958929 0 -0.283645 
vn 0.981676 0 -0.190556 
vn 0.927377 0 -0.374129 
vn 0.958929 0 -0.283645 
vn 0.887308 0 -0.461178 
vn 0.927377 0 -0.374129 
vn 0.839091 0 -0.543991 
vn 0.887308 0 -0.461178 
vn 0.839091 0 -0.543991 
f 3588//3588 3589//3589 3590//3590 
f 3591//3591 3588//3588 3592//3592 
f 3593//3593 3591//3591 3594//3594 
f 3595//3595 3593//3593 3596//3596 
f 3597//3597 3595//3595 3598//3598 
f 3599//3599 3597//3597 3600//3600 
f 3600//3600 3601//3601 3599//3599 
f 3598//3598 3600//3600 3597//3597 
f 3596//3596 3598//3598 3595//3595 
f 3594//3594 3596//3596 3593//3593 
f 3592//3592 3594//3594 3591//3591 
f 3590//3590 3592//3592 3588//3588 
v 0.006 0.0725 0.0215 
v 0.006 0.0785 0.0215 
v 0.00602191 0.0785 0.0210819 
v 0.00602191 0.0725 0.0210819 
v 0.00608741 0.0785 0.0206684 
v 0.00608741 0.0725 0.0206684 
v 0.00619577 0.0785 0.0202639 
v 0.00619577 0.0725 0.0202639 
v 0.00634582 0.0785 0.0198731 
v 0.00634582 0.0725 0.0198731 
v 0.0065359 0.0785 0.0195 
v 0.0065359 0.0725 0.0195 
v 0.00676393 0.0785 0.0191489 
v 0.00676393 0.0725 0.0191489 
v 0.00702742 0.0785 0.0188235 
v 0.00702742 0.0725 0.0188235 
v 0.00732348 0.0785 0.0185274 
v 0.00732348 0.0725 0.0185274 
v 0.00764886 0.0785 0.0182639 
v 0.00764886 0.0725 0.0182639 
v 0.008 0.0785 0.0180359 
v 0.008 0.0725 0.0180359 
v 0.00837305 0.0785 0.0178458 
v 0.00837305 0.0725 0.0178458 
v 0.00876393 0.0785 0.0176958 
v 0.00876393 0.0725 0.0176958 
v 0.00916835 0.0785 0.0175874 
v 0.00916835 0.0725 0.0175874 
v 0.00958189 0.0785 0.0175219 
v 0.00958189 0.0725 0.0175219 
v 0.01 0.0785 0.0175 
v 0.01 0.0725 0.0175 
vn -1 0 0 
vn -1 0 0 
vn -0.994522 0 -0.104528 
vn -0.994522 0 -0.104528 
vn -0.978148 0 -0.207912 
vn -0.978148 0 -0.207912 
vn -0.951057 0 -0.309017 
vn -0.951057 0 -0.309017 
vn -0.913545 0 -0.406737 
vn -0.913545 0 -0.406737 
vn -0.866025 0 -0.5 
vn -0.866025 0 -0.5 
vn -0.809017 0 -0.587785 
vn -0.809017 0 -0.587785 
vn -0.743145 0 -0.669131 
vn -0.743145 0 -0.669131 
vn -0.669131 0 -0.743145 
vn -0.669131 0 -0.743145 
vn -0.587785 0 -0.809017 
vn -0.587785 0 -0.809017 
vn -0.5 0 -0.866025 
vn -0.5 0 -0.866025 
vn -0.406737 0 -0.913545 
vn -0.406737 0 -0.913545 
vn -0.309017 0 -0.951057 
vn -0.309017 0 -0.951057 
vn -0.207912 0 -0.978148 
vn -0.207912 0 -0.978148 
vn -0.104528 0 -0.994522 
vn -0.104528 0 -0.994522 
vn 0 0 -1 
vn 0 0 -1 
f 3602//3602 3603//3603 3604//3604 
f 3605//3605 3604//3604 3606//3606 
f 3607//3607 3606//3606 3608//3608 
f 3609//3609 3608//3608 3610//3610 
f 3611//3611 3610//3610 3612//3612 
f 3613//3613 3612//3612 3614//3614 
f 3615//3615 3614//3614 3616//3616 
f 3617//3617 3616//3616 3618//3618 
f 3619//3619 3618//3618 3620//3620 
f 3621//3621 3620//3620 3622//3622 
f 3623//3623 3622//3622 3624//3624 
f 3625//3625 3624//3624 3626//3626 
f 3627//3627 3626//3626 3628//3628 
f 3629//3629 3628//3628 3630//3630 
f 3631//3631 3630//3630 3632//3632 
f 3632//3632 3633//3633 3631//3631 
f 3630//3630 3631//3631 3629//3629 
f 3628//3628 3629//3629 3627//3627 
f 3626//3626 3627//3627 3625//3625 
f 3624//3624 3625//3625 3623//3623 
f 3622//3622 3623//3623 3621//3621 
f 3620//3620 3621//3621 3619//3619 
f 3618//3618 3619//3619 3617//3617 
f 3616//3616 3617//3617 3615//3615 
f 3614//3614 3615//3615 3613//3613 
f 3612//3612 3613//3613 3611//3611 
f 3610//3610 3611//3611 3609//3609 
f 3608//3608 3609//3609 3607//3607 
f 3606//3606 3607//3607 3605//3605 
f 3604//3604 3605//3605 3602//3602 
v -0.0065 0.0725 0.035 
v 0.00565688 0.0725 0.034861 
v 0.00584701 0.0725 0.0340064 
v 0.00596168 0.0725 0.0331385 
v 0.006 0.0725 0.0322639 
v 0.006 0.0725 0.0215 
v 0.00561841 0.0725 0.035 
v -0.0065 0.0725 0.0175 
v 0.00732348 0.0725 0.0185274 
v 0.00764886 0.0725 0.0182639 
v 0.00676393 0.0725 0.0191489 
v 0.00702742 0.0725 0.0188235 
v 0.00916835 0.0725 0.0175874 
v 0.00958189 0.0725 0.0175219 
v 0.008 0.0725 0.0180359 
v 0.0065359 0.0725 0.0195 
v 0.00619577 0.0725 0.0202639 
v 0.00634582 0.0725 0.0198731 
v 0.00602191 0.0725 0.0210819 
v 0.00608741 0.0725 0.0206684 
v 0.00876393 0.0725 0.0176958 
v 0.00837305 0.0725 0.0178458 
v 0.01 0.0725 0.0175 
vn 0 1 0 
vn 0 1 0 
vn 0 1 0 
vn 0 1 0 
vn 0 1 0 
vn 0 1 0 
vn 0 1 0 
vn 0 1 0 
vn 0 1 0 
vn 0 1 0 
vn 0 1 0 
vn 0 1 0 
vn 0 1 0 
vn 0 1 0 
vn 0 1 0 
vn 0 1 0 
vn 0 1 0 
vn 0 1 0 
vn 0 1 0 
vn 0 1 0 
vn 0 1 0 
vn 0 1 0 
vn 0 1 0 
f 3634//3634 3635//3635 3636//3636 
f 3636//3636 3637//3637 3634//3634 
f 3634//3634 3638//3638 3639//3639 
f 3634//3634 3640//3640 3635//3635 
f 3641//3641 3642//3642 3643//3643 
f 3641//3641 3644//3644 3645//3645 
f 3637//3637 3638//3638 3634//3634 
f 3641//3641 3646//3646 3647//3647 
f 3643//3643 3648//3648 3641//3641 
f 3641//3641 3649//3649 3644//3644 
f 3641//3641 3650//3650 3651//3651 
f 3641//3641 3652//3652 3653//3653 
f 3639//3639 3641//3641 3634//3634 
f 3641//3641 3654//3654 3646//3646 
f 3648//3648 3655//3655 3641//3641 
f 3651//3651 3649//3649 3641//3641 
f 3639//3639 3652//3652 3641//3641 
f 3655//3655 3654//3654 3641//3641 
f 3653//3653 3650//3650 3641//3641 
f 3645//3645 3642//3642 3641//3641 
f 3647//3647 3656//3656 3641//3641 
v 0.006 0.0725 0.0215 
v 0.006 0.0725 0.0322639 
v 0.006 0.0785 0.0322639 
v 0.006 0.0785 0.0215 
vn -1 0 8.05806e-16 
vn -1 0 8.05806e-16 
vn -1 0 8.05806e-16 
vn -1 0 8.05806e-16 
f 3657//3657 3658//3658 3659//3659 
f 3659//3659 3660//3660 3657//3657 
v 0.00539273 0.0725 0.0356956 
v 0.0050566 0.0725 0.0365039 
v 0.0050566 0.0785 0.0365039 
v 0.00539273 0.0785 0.0356956 
v 0.00565688 0.0785 0.034861 
v 0.00561841 0.0725 0.035 
v 0.00565688 0.0725 0.034861 
v 0.00584701 0.0725 0.0340064 
v 0.00596168 0.0725 0.0331385 
v 0.00584701 0.0785 0.0340064 
v 0.006 0.0725 0.0322639 
v 0.00596168 0.0785 0.0331385 
v 0.006 0.0785 0.0322639 
vn -0.939273 0 -0.34317 
vn -0.90566 0 -0.424004 
vn -0.90566 0 -0.424004 
vn -0.939273 0 -0.34317 
vn -0.965688 0 -0.259705 
vn -0.961841 0 -0.27361 
vn -0.965688 0 -0.259705 
vn -0.984701 0 -0.174251 
vn -0.996168 0 -0.0874605 
vn -0.984701 0 -0.174251 
vn -1 0 0 
vn -0.996168 0 -0.0874605 
vn -1 0 0 
f 3661//3661 3662//3662 3663//3663 
f 3664//3664 3665//3665 3666//3666 
f 3665//3665 3667//3667 3666//3666 
f 3668//3668 3667//3667 3665//3665 
f 3669//3669 3668//3668 3670//3670 
f 3671//3671 3669//3669 3672//3672 
f 3672//3672 3673//3673 3671//3671 
f 3670//3670 3672//3672 3669//3669 
f 3665//3665 3670//3670 3668//3668 
f 3666//3666 3661//3661 3664//3664 
f 3663//3663 3664//3664 3661//3661 
v 0.0135076 0.0785 0.028331 
v 0.00764886 0.0785 0.0182639 
v 0.00732348 0.0785 0.0185274 
v 0.00676393 0.0785 0.0191489 
v 0.0065359 0.0785 0.0195 
v 0.00702742 0.0785 0.0188235 
v 0.00837305 0.0785 0.0178458 
v 0.008 0.0785 0.0180359 
v 0.0119387 0.0785 0.0291033 
v 0.00602191 0.0785 0.0210819 
v 0.006 0.0785 0.0215 
v 0.00634582 0.0785 0.0198731 
v 0.00619577 0.0785 0.0202639 
v 0.0270857 0.0785 0.0285989 
v 0.0326765 0.0785 0.0185274 
v 0.0323511 0.0785 0.0182639 
v 0.0304181 0.0785 0.0175219 
v 0.03 0.0785 0.0175 
v 0.0151495 0.0785 0.027729 
v 0.01 0.0785 0.0175 
v 0.00876393 0.0785 0.0176958 
v 0.00608741 0.0785 0.0206684 
v 0.0329726 0.0785 0.0188235 
v 0.0334641 0.0785 0.0195 
v 0.0332361 0.0785 0.0191489 
v 0.0338042 0.0785 0.0202639 
v 0.0336542 0.0785 0.0198731 
v 0.028623 0.0785 0.0294325 
v 0.0339126 0.0785 0.0206684 
v 0.0308316 0.0785 0.0175874 
v 0.00958189 0.0785 0.0175219 
v 0.034 0.0785 0.0215 
v 0.0339781 0.0785 0.0210819 
v 0.0300634 0.0785 0.0304242 
v 0.034 0.0785 0.0265 
v 0.0312361 0.0785 0.0176958 
v 0.032 0.0785 0.0180359 
v 0.0316269 0.0785 0.0178458 
v 0.0185777 0.0785 0.0270614 
v 0.0203255 0.0785 0.0270032 
v 0.00916835 0.0785 0.0175874 
v 0.0104603 0.0785 0.0300373 
v 0.00784029 0.0785 0.0323469 
v 0.006 0.0785 0.0322639 
v 0.00596168 0.0785 0.0331385 
v 0.0341377 0.0785 0.0293715 
v 0.0313908 0.0785 0.0315627 
v 0.0325903 0.0785 0.0328353 
v 0.0168459 0.0785 0.0273043 
v 0.00908899 0.0785 0.0311226 
v 0.00672818 0.0785 0.0336965 
v 0.00584701 0.0785 0.0340064 
v 0.00565688 0.0785 0.034861 
v 0.0352321 0.0785 0.0350094 
v 0.0344282 0.0785 0.0354952 
v 0.0344448 0.0785 0.0355251 
v 0.0388273 0.0785 0.0428197 
v 0.0373808 0.0785 0.0403353 
v 0.0237906 0.0785 0.0274413 
v 0.0254689 0.0785 0.0279327 
v 0.0220697 0.0785 0.0271303 
v 0.00576515 0.0785 0.0351562 
v 0.00539273 0.0785 0.0356956 
v 0.0345497 0.0785 0.0322167 
v 0.0336483 0.0785 0.0342277 
v 0.0361787 0.0785 0.0377239 
v 0.0050566 0.0785 0.0365039 
vn 0 1 0 
vn 0 1 0 
vn 0 1 0 
vn 0 1 0 
vn 0 1 0 
vn 0 1 0 
vn 0 1 0 
vn 0 1 0 
vn 0 1 0 
vn 0 1 0 
vn 0 1 0 
vn 0 1 0 
vn 0 1 0 
vn 0 1 0 
vn 0 1 0 
vn 0 1 0 
vn 0 1 0 
vn 0 1 0 
vn 0 1 0 
vn 0 1 0 
vn 0 1 0 
vn 0 1 0 
vn 0 1 0 
vn 0 1 0 
vn 0 1 0 
vn 0 1 0 
vn 0 1 0 
vn 0 1 0 
vn 0 1 0 
vn 0 1 0 
vn 0 1 0 
vn 0 1 0 
vn 0 1 0 
vn 0 1 0 
vn 0 1 0 
vn 0 1 0 
vn 0 1 0 
vn 0 1 0 
vn 0 1 0 
vn 0 1 0 
vn 0 1 0 
vn 0 1 0 
vn 0 1 0 
vn 0 1 0 
vn 0 1 0 
vn 0 1 0 
vn 0 1 0 
vn 0 1 0 
vn 0 1 0 
vn 0 1 0 
vn 0 1 0 
vn 0 1 0 
vn 0 1 0 
vn 0 1 0 
vn 0 1 0 
vn 0 1 0 
vn 0 1 0 
vn 0 1 0 
vn 0 1 0 
vn 0 1 0 
vn 0 1 0 
vn 0 1 0 
vn 0 1 0 
vn 0 1 0 
vn 0 1 0 
vn 0 1 0 
vn 0 1 0 
f 3674//3674 3675//3675 3676//3676 
f 3674//3674 3677//3677 3678//3678 
f 3676//3676 3679//3679 3674//3674 
f 3674//3674 3680//3680 3681//3681 
f 3682//3682 3683//3683 3684//3684 
f 3682//3682 3685//3685 3686//3686 
f 3687//3687 3688//3688 3689//3689 
f 3687//3687 3690//3690 3691//3691 
f 3674//3674 3692//3692 3693//3693 
f 3679//3679 3677//3677 3674//3674 
f 3674//3674 3694//3694 3680//3680 
f 3682//3682 3695//3695 3683//3683 
f 3682//3682 3678//3678 3685//3685 
f 3687//3687 3696//3696 3688//3688 
f 3687//3687 3697//3697 3698//3698 
f 3687//3687 3699//3699 3700//3700 
f 3687//3687 3701//3701 3702//3702 
f 3687//3687 3703//3703 3690//3690 
f 3693//3693 3704//3704 3674//3674 
f 3681//3681 3675//3675 3674//3674 
f 3686//3686 3695//3695 3682//3682 
f 3701//3701 3705//3705 3706//3706 
f 3701//3701 3707//3707 3708//3708 
f 3698//3698 3696//3696 3687//3687 
f 3702//3702 3699//3699 3687//3687 
f 3687//3687 3709//3709 3703//3703 
f 3687//3687 3710//3710 3711//3711 
f 3693//3693 3712//3712 3713//3713 
f 3704//3704 3714//3714 3674//3674 
f 3684//3684 3715//3715 3682//3682 
f 3716//3716 3717//3717 3718//3718 
f 3719//3719 3720//3720 3721//3721 
f 3707//3707 3720//3720 3719//3719 
f 3708//3708 3705//3705 3701//3701 
f 3700//3700 3697//3697 3687//3687 
f 3711//3711 3709//3709 3687//3687 
f 3713//3713 3691//3691 3693//3693 
f 3693//3693 3692//3692 3722//3722 
f 3678//3678 3682//3682 3674//3674 
f 3684//3684 3716//3716 3723//3723 
f 3716//3716 3684//3684 3717//3717 
f 3724//3724 3725//3725 3726//3726 
f 3727//3727 3728//3728 3729//3729 
f 3729//3729 3730//3730 3731//3731 
f 3719//3719 3708//3708 3707//3707 
f 3689//3689 3710//3710 3687//3687 
f 3691//3691 3732//3732 3733//3733 
f 3713//3713 3734//3734 3691//3691 
f 3714//3714 3694//3694 3674//3674 
f 3718//3718 3724//3724 3716//3716 
f 3724//3724 3718//3718 3725//3725 
f 3735//3735 3726//3726 3736//3736 
f 3727//3727 3737//3737 3738//3738 
f 3731//3731 3739//3739 3729//3729 
f 3706//3706 3702//3702 3701//3701 
f 3734//3734 3732//3732 3691//3691 
f 3723//3723 3715//3715 3684//3684 
f 3736//3736 3740//3740 3735//3735 
f 3729//3729 3739//3739 3727//3727 
f 3691//3691 3733//3733 3687//3687 
f 3726//3726 3735//3735 3724//3724 
f 3737//3737 3721//3721 3738//3738 
f 3722//3722 3712//3712 3693//3693 
f 3721//3721 3737//3737 3719//3719 
f 3738//3738 3728//3728 3727//3727 
v 0.0344448 0.0785 0.0355251 
v 0.0344282 0.0785 0.0354952 
v 0.0344282 0.0951165 0.0354952 
v 0.0344448 0.0951464 0.0355251 
vn 0.874436 0 -0.485141 
vn 0.874436 0 -0.485141 
vn 0.874436 0 -0.485141 
vn 0.874436 0 -0.485141 
f 3741//3741 3742//3742 3743//3743 
f 3743//3743 3744//3744 3741//3741 
v 0.0211993 0.086665 0.0270436 
v 0.0203255 0.0866245 0.0270032 
v 0.0194509 0.0866305 0.0270091 
v 0.0185777 0.0866827 0.0270614 
v 0.0220697 0.0867516 0.0271303 
v 0.0177086 0.0867812 0.0271599 
v 0.0229342 0.0868843 0.027263 
v 0.0168459 0.0869256 0.0273043 
v 0.0237906 0.0870626 0.0274413 
v 0.0159921 0.0871155 0.0274942 
v 0.0246362 0.0872861 0.0276647 
v 0.0151495 0.0873504 0.027729 
v 0.0254689 0.087554 0.0279327 
v 0.0143206 0.0876296 0.0280082 
v 0.0262861 0.0878657 0.0282444 
v 0.0135076 0.0879523 0.028331 
v 0.0270857 0.0882202 0.0285989 
v 0.0293564 0.0895306 0.0299093 
v 0.0104603 0.0896587 0.0300373 
v 0.00908899 0.0907439 0.0311226 
v 0.0127129 0.0883177 0.0286963 
v 0.0278654 0.0886167 0.0289954 
v 0.00784029 0.0919682 0.0323469 
v 0.00672818 0.0933178 0.0336965 
v 0.0119387 0.0887246 0.0291033 
v 0.028623 0.0890539 0.0294325 
v 0.00545624 0.0953284 0.0357071 
v 0.0325903 0.0924566 0.0328353 
v 0.0313908 0.091184 0.0315627 
v 0.0111871 0.089172 0.0295507 
v 0.0336483 0.093849 0.0342277 
v 0.00576515 0.0947775 0.0351562 
v 0.0344282 0.0951165 0.0354952 
v 0.0300634 0.0900455 0.0304242 
v 0.0344448 0.0951464 0.0355251 
v 0.034546 0.0953284 0.0357071 
vn 0 0.707107 -0.707107 
vn 0 0.707107 -0.707107 
vn 0 0.707107 -0.707107 
vn 0 0.707107 -0.707107 
vn 0 0.707107 -0.707107 
vn 0 0.707107 -0.707107 
vn 0 0.707107 -0.707107 
vn 0 0.707107 -0.707107 
vn 0 0.707107 -0.707107 
vn 0 0.707107 -0.707107 
vn 0 0.707107 -0.707107 
vn 0 0.707107 -0.707107 
vn 0 0.707107 -0.707107 
vn 0 0.707107 -0.707107 
vn 0 0.707107 -0.707107 
vn 0 0.707107 -0.707107 
vn 0 0.707107 -0.707107 
vn 0 0.707107 -0.707107 
vn 0 0.707107 -0.707107 
vn 0 0.707107 -0.707107 
vn 0 0.707107 -0.707107 
vn 0 0.707107 -0.707107 
vn 0 0.707107 -0.707107 
vn 0 0.707107 -0.707107 
vn 0 0.707107 -0.707107 
vn 0 0.707107 -0.707107 
vn 0 0.707107 -0.707107 
vn 0 0.707107 -0.707107 
vn 0 0.707107 -0.707107 
vn 0 0.707107 -0.707107 
vn 0 0.707107 -0.707107 
vn 0 0.707107 -0.707107 
vn 0 0.707107 -0.707107 
vn 0 0.707107 -0.707107 
vn 0 0.707107 -0.707107 
vn 0 0.707107 -0.707107 
f 3745//3745 3746//3746 3747//3747 
f 3748//3748 3749//3749 3745//3745 
f 3747//3747 3748//3748 3745//3745 
f 3750//3750 3751//3751 3749//3749 
f 3748//3748 3750//3750 3749//3749 
f 3752//3752 3753//3753 3751//3751 
f 3750//3750 3752//3752 3751//3751 
f 3754//3754 3755//3755 3753//3753 
f 3752//3752 3754//3754 3753//3753 
f 3756//3756 3757//3757 3755//3755 
f 3754//3754 3756//3756 3755//3755 
f 3758//3758 3759//3759 3757//3757 
f 3756//3756 3758//3758 3757//3757 
f 3760//3760 3761//3761 3759//3759 
f 3758//3758 3760//3760 3759//3759 
f 3762//3762 3763//3763 3764//3764 
f 3765//3765 3766//3766 3761//3761 
f 3764//3764 3767//3767 3762//3762 
f 3760//3760 3765//3765 3761//3761 
f 3767//3767 3768//3768 3762//3762 
f 3769//3769 3770//3770 3766//3766 
f 3771//3771 3772//3772 3773//3773 
f 3762//3762 3774//3774 3763//3763 
f 3765//3765 3769//3769 3766//3766 
f 3771//3771 3775//3775 3772//3772 
f 3768//3768 3776//3776 3762//3762 
f 3774//3774 3762//3762 3770//3770 
f 3771//3771 3777//3777 3775//3775 
f 3769//3769 3774//3774 3770//3770 
f 3773//3773 3778//3778 3771//3771 
f 3778//3778 3762//3762 3771//3771 
f 3771//3771 3779//3779 3777//3777 
f 3771//3771 3780//3780 3779//3779 
f 3776//3776 3771//3771 3762//3762 
v 0.0388273 0.0785 0.0428197 
v 0.0344448 0.0785 0.0355251 
v 0.0361714 0.0965 0.0385355 
v 0.034546 0.0953284 0.0357071 
v 0.0347087 0.095592 0.035998 
v 0.0348861 0.0958259 0.0363133 
v 0.0350769 0.0960277 0.0366499 
v 0.0352795 0.0961955 0.0370048 
v 0.0354922 0.0963278 0.0373744 
v 0.0357131 0.0964231 0.0377552 
v 0.0359402 0.0964807 0.0381435 
v 0.0344448 0.0951464 0.0355251 
v 0.0388273 0.0965 0.0428197 
vn 0.839091 0 -0.543991 
vn 0.874303 0 -0.485381 
vn 0.86043 0 -0.509569 
vn 0.873489 0 -0.486844 
vn 0.872183 0 -0.48918 
vn 0.870757 0 -0.491714 
vn 0.869224 0 -0.494419 
vn 0.867596 0 -0.49727 
vn 0.865887 0 -0.50024 
vn 0.864112 0 -0.503299 
vn 0.862288 0 -0.506419 
vn 0.874303 0 -0.485381 
vn 0.839091 0 -0.543991 
f 3781//3781 3782//3782 3783//3783 
f 3782//3782 3784//3784 3785//3785 
f 3785//3785 3786//3786 3782//3782 
f 3786//3786 3787//3787 3782//3782 
f 3787//3787 3788//3788 3782//3782 
f 3788//3788 3789//3789 3782//3782 
f 3789//3789 3790//3790 3782//3782 
f 3790//3790 3791//3791 3782//3782 
f 3782//3782 3792//3792 3784//3784 
f 3791//3791 3783//3783 3782//3782 
f 3783//3783 3793//3793 3781//3781 
v 0.0053041 0.095592 0.035998 
v 0.0347087 0.095592 0.035998 
v 0.034546 0.0953284 0.0357071 
v 0.00514737 0.0958259 0.0363133 
v 0.0348861 0.0958259 0.0363133 
v 0.00498911 0.0960277 0.0366499 
v 0.0350769 0.0960277 0.0366499 
v 0.00496261 0.096056 0.0367099 
v 0.0352795 0.0961955 0.0370048 
v 0.0046792 0.0963278 0.0373744 
v 0.0354922 0.0963278 0.0373744 
v 0.00453239 0.0964231 0.0377552 
v 0.0357131 0.0964231 0.0377552 
v 0.00439367 0.0964807 0.0381435 
v 0.0359402 0.0964807 0.0381435 
v 0.00432904 0.0964904 0.0383397 
v 0.0361714 0.0965 0.0385355 
v 0.00426456 0.0965 0.0385355 
v 0.00483219 0.0961955 0.0370048 
v 0.00545624 0.0953284 0.0357071 
vn 0 0.77301 -0.634393 
vn 0 0.77301 -0.634393 
vn 0 0.707107 -0.707107 
vn 0 0.83147 -0.55557 
vn 0 0.83147 -0.55557 
vn 0 0.881921 -0.471397 
vn 0 0.881921 -0.471397 
vn 0 0.88961 -0.456721 
vn 0 0.92388 -0.382683 
vn 0 0.95694 -0.290285 
vn 0 0.95694 -0.290285 
vn 0 0.980785 -0.19509 
vn 0 0.980785 -0.19509 
vn 0 0.995185 -0.0980171 
vn 0 0.995185 -0.0980171 
vn 0 0.998798 -0.0490081 
vn 0 1 -1.28274e-75 
vn 0 1 -1.28274e-75 
vn 0 0.92388 -0.382683 
vn 0 0.707107 -0.707107 
f 3794//3794 3795//3795 3796//3796 
f 3797//3797 3798//3798 3795//3795 
f 3799//3799 3800//3800 3798//3798 
f 3801//3801 3802//3802 3800//3800 
f 3800//3800 3799//3799 3801//3801 
f 3803//3803 3804//3804 3802//3802 
f 3805//3805 3806//3806 3804//3804 
f 3807//3807 3808//3808 3806//3806 
f 3809//3809 3810//3810 3808//3808 
f 3808//3808 3807//3807 3809//3809 
f 3809//3809 3811//3811 3810//3810 
f 3806//3806 3805//3805 3807//3807 
f 3804//3804 3803//3803 3805//3805 
f 3802//3802 3812//3812 3803//3803 
f 3801//3801 3812//3812 3802//3802 
f 3798//3798 3797//3797 3799//3799 
f 3795//3795 3794//3794 3797//3797 
f 3796//3796 3813//3813 3794//3794 
v 0.0035 0.0725 0.0435 
v 0.0035 0.0965 0.0435 
v 0.00359267 0.0965 0.0417537 
v 0.00359267 0.0725 0.0417537 
v 0.00386965 0.0965 0.040027 
v 0.00386965 0.0725 0.040027 
v 0.00426456 0.0965 0.0385355 
v 0.00432781 0.0725 0.0383393 
v 0.00483219 0.0961955 0.0370048 
v 0.00496261 0.096056 0.0367099 
v 0.00432904 0.0964904 0.0383397 
v 0.00439367 0.0964807 0.0381435 
v 0.00453239 0.0964231 0.0377552 
v 0.0046792 0.0963278 0.0373744 
v 0.0344282 0.0785 0.0354952 
v 0.0336483 0.0785 0.0342277 
v 0.0336483 0.093849 0.0342277 
v 0.0325903 0.0785 0.0328353 
v 0.0325903 0.0924566 0.0328353 
v 0.0313908 0.0785 0.0315627 
v 0.0313908 0.091184 0.0315627 
v 0.0300634 0.0785 0.0304242 
v 0.0300634 0.0900455 0.0304242 
v 0.028623 0.0785 0.0294325 
v 0.028623 0.0890539 0.0294325 
v 0.0293564 0.0895306 0.0299093 
v 0.0270857 0.0785 0.0285989 
v 0.0270857 0.0882202 0.0285989 
v 0.0278654 0.0886167 0.0289954 
v 0.0254689 0.0785 0.0279327 
v 0.0254689 0.087554 0.0279327 
v 0.0262861 0.0878657 0.0282444 
v 0.0237906 0.0785 0.0274413 
v 0.0237906 0.0870626 0.0274413 
v 0.0246362 0.0872861 0.0276647 
v 0.0220697 0.0785 0.0271303 
v 0.0220697 0.0867516 0.0271303 
v 0.0229342 0.0868843 0.027263 
v 0.0203255 0.0785 0.0270032 
v 0.0203255 0.0866245 0.0270032 
v 0.0211993 0.086665 0.0270436 
v 0.0185777 0.0785 0.0270614 
v 0.0194509 0.0866305 0.0270091 
v 0.0185777 0.0866827 0.0270614 
v 0.0168459 0.0785 0.0273043 
v 0.0177086 0.0867812 0.0271599 
v 0.0168459 0.0869256 0.0273043 
v 0.0151495 0.0785 0.027729 
v 0.0159921 0.0871155 0.0274942 
v 0.0151495 0.0873504 0.027729 
v 0.0135076 0.0785 0.028331 
v 0.0143206 0.0876296 0.0280082 
v 0.0135076 0.0879523 0.028331 
v 0.0119387 0.0785 0.0291033 
v 0.0127129 0.0883177 0.0286963 
v 0.0119387 0.0887246 0.0291033 
v 0.0104603 0.0785 0.0300373 
v 0.0111871 0.089172 0.0295507 
v 0.0104603 0.0896587 0.0300373 
v 0.00908899 0.0785 0.0311226 
v 0.00908899 0.0907439 0.0311226 
v 0.00784029 0.0785 0.0323469 
v 0.00784029 0.0919682 0.0323469 
v 0.00672818 0.0785 0.0336965 
v 0.00672818 0.0933178 0.0336965 
v 0.00576515 0.0785 0.0351562 
v 0.00576515 0.0947775 0.0351562 
v 0.00496202 0.0725 0.0367096 
v 0.0050566 0.0785 0.0365039 
v 0.00545624 0.0953284 0.0357071 
v 0.00514737 0.0958259 0.0363133 
v 0.0053041 0.095592 0.035998 
v 0.00498911 0.0960277 0.0366499 
v 0.0050566 0.0725 0.0365039 
v 0.0344282 0.0951165 0.0354952 
vn -1 0 0 
vn -1 0 0 
vn -0.994384 0 -0.105837 
vn -0.994384 0 -0.105837 
vn -0.977597 0 -0.210484 
vn -0.977597 0 -0.210484 
vn -0.953663 0 -0.300877 
vn -0.94983 0 -0.312768 
vn -0.919261 0 -0.393648 
vn -0.911393 0 -0.411538 
vn -0.94983 0 -0.312768 
vn -0.945838 0 -0.324638 
vn -0.937431 0 -0.348171 
vn -0.928533 0 -0.371249 
vn 0.874436 0 -0.485141 
vn 0.827167 0 -0.561956 
vn 0.827167 0 -0.561956 
vn 0.763046 0 -0.646345 
vn 0.763046 0 -0.646345 
vn 0.690353 0 -0.723472 
vn 0.690353 0 -0.723472 
vn 0.609906 0 -0.792474 
vn 0.609906 0 -0.792474 
vn 0.522608 0 -0.852573 
vn 0.522608 0 -0.852573 
vn 0.567054 0 -0.823681 
vn 0.429439 0 -0.903096 
vn 0.429439 0 -0.903096 
vn 0.476693 0 -0.87907 
vn 0.331447 0 -0.943474 
vn 0.331447 0 -0.943474 
vn 0.380978 0 -0.924584 
vn 0.229731 0 -0.973254 
vn 0.229731 0 -0.973254 
vn 0.280984 0 -0.959713 
vn 0.125435 0 -0.992102 
vn 0.125435 0 -0.992102 
vn 0.177833 0 -0.984061 
vn 0.0197298 0 -0.999805 
vn 0.0197298 0 -0.999805 
vn 0.0726845 0 -0.997355 
vn -0.086197 0 -0.996278 
vn -0.0332804 0 -0.999446 
vn -0.086197 0 -0.996278 
vn -0.191156 0 -0.98156 
vn -0.138871 0 -0.99031 
vn -0.191156 0 -0.98156 
vn -0.293967 0 -0.955816 
vn -0.242902 0 -0.970051 
vn -0.293967 0 -0.955816 
vn -0.393476 0 -0.919335 
vn -0.344205 0 -0.938894 
vn -0.393476 0 -0.919335 
vn -0.488565 0 -0.872527 
vn -0.441641 0 -0.897192 
vn -0.488565 0 -0.872527 
vn -0.578167 0 -0.815919 
vn -0.534116 0 -0.845411 
vn -0.578167 0 -0.815919 
vn -0.661273 0 -0.750145 
vn -0.661273 0 -0.750145 
vn -0.736952 0 -0.675945 
vn -0.736952 0 -0.675945 
vn -0.804353 0 -0.594152 
vn -0.804353 0 -0.594152 
vn -0.862718 0 -0.505685 
vn -0.862718 0 -0.505685 
vn -0.911393 0 -0.411538 
vn -0.90566 0 -0.424004 
vn -0.88144 0 -0.472297 
vn -0.900159 0 -0.43556 
vn -0.89066 0 -0.454669 
vn -0.909751 0 -0.415155 
vn -0.90566 0 -0.424004 
vn 0.874436 0 -0.485141 
f 3814//3814 3815//3815 3816//3816 
f 3817//3817 3816//3816 3818//3818 
f 3819//3819 3818//3818 3820//3820 
f 3820//3820 3821//3821 3819//3819 
f 3821//3821 3822//3822 3823//3823 
f 3821//3821 3824//3824 3825//3825 
f 3825//3825 3826//3826 3821//3821 
f 3826//3826 3827//3827 3821//3821 
f 3827//3827 3822//3822 3821//3821 
f 3828//3828 3829//3829 3830//3830 
f 3829//3829 3831//3831 3832//3832 
f 3831//3831 3833//3833 3834//3834 
f 3833//3833 3835//3835 3836//3836 
f 3835//3835 3837//3837 3838//3838 
f 3838//3838 3839//3839 3835//3835 
f 3837//3837 3840//3840 3841//3841 
f 3841//3841 3842//3842 3837//3837 
f 3840//3840 3843//3843 3844//3844 
f 3844//3844 3845//3845 3840//3840 
f 3843//3843 3846//3846 3847//3847 
f 3847//3847 3848//3848 3843//3843 
f 3846//3846 3849//3849 3850//3850 
f 3850//3850 3851//3851 3846//3846 
f 3852//3852 3853//3853 3854//3854 
f 3854//3854 3849//3849 3852//3852 
f 3852//3852 3855//3855 3856//3856 
f 3855//3855 3857//3857 3856//3856 
f 3858//3858 3859//3859 3857//3857 
f 3858//3858 3860//3860 3859//3859 
f 3861//3861 3862//3862 3860//3860 
f 3861//3861 3863//3863 3862//3862 
f 3864//3864 3865//3865 3863//3863 
f 3864//3864 3866//3866 3865//3865 
f 3867//3867 3868//3868 3866//3866 
f 3867//3867 3869//3869 3868//3868 
f 3870//3870 3871//3871 3869//3869 
f 3870//3870 3872//3872 3871//3871 
f 3873//3873 3874//3874 3872//3872 
f 3875//3875 3876//3876 3874//3874 
f 3877//3877 3878//3878 3876//3876 
f 3879//3879 3880//3880 3878//3878 
f 3881//3881 3823//3823 3882//3882 
f 3882//3882 3883//3883 3880//3880 
f 3882//3882 3884//3884 3885//3885 
f 3882//3882 3886//3886 3884//3884 
f 3882//3882 3823//3823 3886//3886 
f 3885//3885 3883//3883 3882//3882 
f 3880//3880 3879//3879 3882//3882 
f 3882//3882 3887//3887 3881//3881 
f 3878//3878 3877//3877 3879//3879 
f 3876//3876 3875//3875 3877//3877 
f 3874//3874 3873//3873 3875//3875 
f 3872//3872 3870//3870 3873//3873 
f 3869//3869 3867//3867 3870//3870 
f 3866//3866 3864//3864 3867//3867 
f 3863//3863 3861//3861 3864//3864 
f 3860//3860 3858//3858 3861//3861 
f 3857//3857 3855//3855 3858//3858 
f 3856//3856 3853//3853 3852//3852 
f 3854//3854 3850//3850 3849//3849 
f 3851//3851 3847//3847 3846//3846 
f 3848//3848 3844//3844 3843//3843 
f 3845//3845 3841//3841 3840//3840 
f 3842//3842 3838//3838 3837//3837 
f 3839//3839 3836//3836 3835//3835 
f 3836//3836 3834//3834 3833//3833 
f 3834//3834 3832//3832 3831//3831 
f 3832//3832 3830//3830 3829//3829 
f 3830//3830 3888//3888 3828//3828 
f 3823//3823 3881//3881 3821//3821 
f 3820//3820 3824//3824 3821//3821 
f 3818//3818 3819//3819 3817//3817 
f 3816//3816 3817//3817 3814//3814 
v 0.0400327 0.0965 0.0448901 
v 0.0400327 0.0725 0.0448901 
v 0.0388273 0.0785 0.0428197 
v 0.0388273 0.0725 0.0428197 
v 0.0410344 0.0965 0.0470663 
v 0.0410344 0.0725 0.0470663 
v 0.0418232 0.0965 0.0493284 
v 0.0418232 0.0725 0.0493284 
v 0.0423919 0.0965 0.0516556 
v 0.0423919 0.0725 0.0516556 
v 0.0427352 0.0965 0.0540266 
v 0.0427352 0.0725 0.0540266 
v 0.04285 0.0965 0.0564195 
v 0.04285 0.0725 0.0564195 
v 0.0388273 0.0965 0.0428197 
vn 0.887308 0 -0.461178 
vn 0.887308 0 -0.461178 
vn 0.839091 0 -0.543991 
vn 0.839091 0 -0.543991 
vn 0.927377 0 -0.374129 
vn 0.927377 0 -0.374129 
vn 0.958929 0 -0.283645 
vn 0.958929 0 -0.283645 
vn 0.981676 0 -0.190556 
vn 0.981676 0 -0.190556 
vn 0.995409 0 -0.0957176 
vn 0.995409 0 -0.0957176 
vn 1 0 0 
vn 1 0 0 
vn 0.839091 0 -0.543991 
f 3889//3889 3890//3890 3891//3891 
f 3890//3890 3892//3892 3891//3891 
f 3890//3890 3889//3889 3893//3893 
f 3894//3894 3893//3893 3895//3895 
f 3896//3896 3895//3895 3897//3897 
f 3898//3898 3897//3897 3899//3899 
f 3900//3900 3899//3899 3901//3901 
f 3901//3901 3902//3902 3900//3900 
f 3899//3899 3900//3900 3898//3898 
f 3897//3897 3898//3898 3896//3896 
f 3895//3895 3896//3896 3894//3894 
f 3893//3893 3894//3894 3890//3890 
f 3891//3891 3903//3903 3889//3889 
v 0.04285 0.0725 0.0564195 
v 0.04285 0.0965 0.0564195 
v 0.04285 0.0965 0.0865 
v 0.04285 0.0725 0.0865 
vn 1 0 0 
vn 1 0 0 
vn 1 0 0 
vn 1 0 0 
f 3904//3904 3905//3905 3906//3906 
f 3906//3906 3907//3907 3904//3904 
v 0.0035 0.0725 0.0435 
v 0.0035 0.0725 0.0865 
v 0.0035 0.0965 0.0865 
v 0.0035 0.0965 0.0435 
vn -1 0 -1.00856e-16 
vn -1 0 -1.00856e-16 
vn -1 0 -1.00856e-16 
vn -1 0 -1.00856e-16 
f 3908//3908 3909//3909 3910//3910 
f 3910//3910 3911//3911 3908//3908 
v 0.0241989 0.0725 0.0525758 
v 0.0386972 0.0725 0.0928948 
v 0.0380131 0.0725 0.0931574 
v 0.03935 0.0725 0.0925622 
v 0.0399645 0.0725 0.0921631 
v 0.0422448 0.0725 0.0893472 
v 0.0419122 0.0725 0.09 
v 0.042697 0.0725 0.0879554 
v 0.0425074 0.0725 0.0886631 
v 0.0405339 0.0725 0.091702 
v 0.0415131 0.0725 0.0906145 
v 0.041052 0.0725 0.0911839 
v 0.0178503 0.0725 0.0532662 
v 0.00483688 0.0725 0.0906145 
v 0.00443782 0.0725 0.09 
v 0.0373054 0.0725 0.093347 
v 0.0365817 0.0725 0.0934617 
v 0.023193 0.0725 0.0529765 
v 0.03585 0.0725 0.0935 
v 0.00529799 0.0725 0.0911839 
v 0.007 0.0725 0.0925622 
v 0.0063855 0.0725 0.0921631 
v 0.0428117 0.0725 0.0872317 
v 0.0251555 0.0725 0.0520686 
v 0.04285 0.0725 0.0865 
v 0.0210812 0.0725 0.0534414 
v 0.0221497 0.0725 0.0532662 
v 0.00581609 0.0725 0.091702 
v 0.00765284 0.0725 0.0928948 
v 0.026877 0.0725 0.05076 
v 0.0276216 0.0725 0.0499739 
v 0.04285 0.0725 0.0564195 
v 0.0260517 0.0725 0.0514609 
v 0.0189188 0.0725 0.0534414 
v 0.0105 0.0725 0.0935 
v 0.00904462 0.0725 0.093347 
v 0.00833688 0.0725 0.0931574 
v 0.016807 0.0725 0.0529765 
v 0.0038426 0.0725 0.0886631 
v 0.00365297 0.0725 0.0879554 
v 0.00410518 0.0725 0.0893472 
v 0.034 0.0725 0.035 
v 0.026877 0.0725 0.03624 
v 0.0260517 0.0725 0.0355391 
v 0.0373808 0.0725 0.0403353 
v 0.0298683 0.0725 0.0418822 
v 0.0296355 0.0725 0.0408247 
v 0.0299853 0.0725 0.0429586 
v 0.0097683 0.0725 0.0934617 
v 0.00353835 0.0725 0.0872317 
v 0.0035 0.0725 0.0865 
v 0.0035 0.0725 0.0435 
v 0.0107102 0.0725 0.0472014 
v 0.0111649 0.0725 0.0481841 
v 0.0276216 0.0725 0.0370261 
v 0.0288351 0.0725 0.0388159 
v 0.0282769 0.0725 0.0378881 
v 0.0361787 0.0725 0.0377239 
v 0.0292898 0.0725 0.0397986 
v 0.0388273 0.0725 0.0428197 
v 0.0299853 0.0725 0.0440414 
v 0.0298683 0.0725 0.0451178 
v 0.0400327 0.0725 0.0448901 
v 0.0296355 0.0725 0.0461753 
v 0.0410344 0.0725 0.0470663 
v 0.02 0.0725 0.0535 
v 0.0418232 0.0725 0.0493284 
v 0.0288351 0.0725 0.0481841 
v 0.0292898 0.0725 0.0472014 
v 0.0423919 0.0725 0.0516556 
v 0.0158011 0.0725 0.0525758 
v 0.0117231 0.0725 0.0491119 
v 0.0100147 0.0725 0.0440414 
v 0.0101317 0.0725 0.0451178 
v 0.00359267 0.0725 0.0417537 
v 0.0100147 0.0725 0.0429586 
v 0.0427352 0.0725 0.0540266 
v 0.0148445 0.0725 0.0520686 
v 0.0103645 0.0725 0.0461753 
v 0.00386965 0.0725 0.040027 
v 0.0101317 0.0725 0.0418822 
v 0.00432781 0.0725 0.0383393 
v 0.0103645 0.0725 0.0408247 
v 0.0107102 0.0725 0.0397986 
v 0.00496202 0.0725 0.0367096 
v 0.0050566 0.0725 0.0365039 
v 0.0117231 0.0725 0.0378881 
v 0.0111649 0.0725 0.0388159 
v 0.00539273 0.0725 0.0356956 
v 0.0282769 0.0725 0.0491119 
v 0.00561841 0.0725 0.035 
v 0.0123784 0.0725 0.0370261 
v 0.0123784 0.0725 0.0499739 
v 0.013123 0.0725 0.05076 
v 0.013123 0.0725 0.03624 
v 0.0147322 0.0725 0.035 
v 0.0139483 0.0725 0.0355391 
v 0.0139483 0.0725 0.0514609 
v 0.0345497 0.0725 0.0322167 
v 0.0352321 0.0725 0.0350094 
v 0.034 0.0725 0.0265 
v 0.0341377 0.0725 0.0293715 
v 0.0252678 0.0725 0.035 
vn 0 -1 0 
vn 0 -1 0 
vn 0 -1 0 
vn 0 -1 0 
vn 0 -1 0 
vn 0 -1 0 
vn 0 -1 0 
vn 0 -1 0 
vn 0 -1 0 
vn 0 -1 0 
vn 0 -1 0 
vn 0 -1 0 
vn 0 -1 0 
vn 0 -1 0 
vn 0 -1 0 
vn 0 -1 0 
vn 0 -1 0 
vn 0 -1 0 
vn 0 -1 0 
vn 0 -1 0 
vn 0 -1 0 
vn 0 -1 0 
vn 0 -1 0 
vn 0 -1 0 
vn 0 -1 0 
vn 0 -1 0 
vn 0 -1 0 
vn 0 -1 0 
vn 0 -1 0 
vn 0 -1 0 
vn 0 -1 0 
vn 0 -1 0 
vn 0 -1 0 
vn 0 -1 0 
vn 0 -1 0 
vn 0 -1 0 
vn 0 -1 0 
vn 0 -1 0 
vn 0 -1 0 
vn 0 -1 0 
vn 0 -1 0 
vn 0 -1 0 
vn 0 -1 0 
vn 0 -1 0 
vn 0 -1 0 
vn 0 -1 0 
vn 0 -1 0 
vn 0 -1 0 
vn 0 -1 0 
vn 0 -1 0 
vn 0 -1 0 
vn 0 -1 0 
vn 0 -1 0 
vn 0 -1 0 
vn 0 -1 0 
vn 0 -1 0 
vn 0 -1 0 
vn 0 -1 0 
vn 0 -1 0 
vn 0 -1 0 
vn 0 -1 0 
vn 0 -1 0 
vn 0 -1 0 
vn 0 -1 0 
vn 0 -1 0 
vn 0 -1 0 
vn 0 -1 0 
vn 0 -1 0 
vn 0 -1 0 
vn 0 -1 0 
vn 0 -1 0 
vn 0 -1 0 
vn 0 -1 0 
vn 0 -1 0 
vn 0 -1 0 
vn 0 -1 0 
vn 0 -1 0 
vn 0 -1 0 
vn 0 -1 0 
vn 0 -1 0 
vn 0 -1 0 
vn 0 -1 0 
vn 0 -1 0 
vn 0 -1 0 
vn 0 -1 0 
vn 0 -1 0 
vn 0 -1 0 
vn 0 -1 0 
vn 0 -1 0 
vn 0 -1 0 
vn 0 -1 0 
vn 0 -1 0 
vn 0 -1 0 
vn 0 -1 0 
vn 0 -1 0 
vn 0 -1 0 
vn 0 -1 0 
vn 0 -1 0 
vn 0 -1 0 
vn 0 -1 0 
vn 0 -1 0 
vn 0 -1 0 
vn 0 -1 0 
f 3912//3912 3913//3913 3914//3914 
f 3912//3912 3915//3915 3913//3913 
f 3912//3912 3916//3916 3915//3915 
f 3912//3912 3917//3917 3918//3918 
f 3912//3912 3919//3919 3920//3920 
f 3912//3912 3921//3921 3916//3916 
f 3912//3912 3922//3922 3923//3923 
f 3924//3924 3925//3925 3926//3926 
f 3920//3920 3917//3917 3912//3912 
f 3912//3912 3927//3927 3928//3928 
f 3923//3923 3921//3921 3912//3912 
f 3929//3929 3928//3928 3930//3930 
f 3924//3924 3931//3931 3925//3925 
f 3924//3924 3932//3932 3933//3933 
f 3912//3912 3934//3934 3919//3919 
f 3912//3912 3935//3935 3936//3936 
f 3914//3914 3927//3927 3912//3912 
f 3930//3930 3937//3937 3938//3938 
f 3924//3924 3939//3939 3931//3931 
f 3924//3924 3940//3940 3932//3932 
f 3941//3941 3942//3942 3943//3943 
f 3936//3936 3935//3935 3944//3944 
f 3936//3936 3934//3934 3912//3912 
f 3930//3930 3938//3938 3929//3929 
f 3924//3924 3945//3945 3946//3946 
f 3933//3933 3939//3939 3924//3924 
f 3924//3924 3947//3947 3948//3948 
f 3949//3949 3950//3950 3951//3951 
f 3949//3949 3926//3926 3952//3952 
f 3953//3953 3954//3954 3955//3955 
f 3956//3956 3957//3957 3958//3958 
f 3959//3959 3957//3957 3956//3956 
f 3944//3944 3941//3941 3936//3936 
f 3928//3928 3929//3929 3912//3912 
f 3946//3946 3960//3960 3924//3924 
f 3948//3948 3940//3940 3924//3924 
f 3949//3949 3961//3961 3962//3962 
f 3952//3952 3950//3950 3949//3949 
f 3963//3963 3964//3964 3965//3965 
f 3953//3953 3966//3966 3954//3954 
f 3953//3953 3967//3967 3968//3968 
f 3969//3969 3970//3970 3967//3967 
f 3956//3956 3971//3971 3959//3959 
f 3972//3972 3959//3959 3971//3971 
f 3973//3973 3972//3972 3974//3974 
f 3975//3975 3973//3973 3976//3976 
f 3918//3918 3922//3922 3912//3912 
f 3946//3946 3977//3977 3937//3937 
f 3926//3926 3949//3949 3924//3924 
f 3951//3951 3961//3961 3949//3949 
f 3965//3965 3962//3962 3963//3963 
f 3968//3968 3966//3966 3953//3953 
f 3969//3969 3958//3958 3970//3970 
f 3971//3971 3974//3974 3972//3972 
f 3976//3976 3978//3978 3975//3975 
f 3979//3979 3980//3980 3981//3981 
f 3937//3937 3930//3930 3946//3946 
f 3962//3962 3982//3982 3949//3949 
f 3965//3965 3983//3983 3962//3962 
f 3963//3963 3984//3984 3985//3985 
f 3963//3963 3986//3986 3987//3987 
f 3967//3967 3953//3953 3969//3969 
f 3974//3974 3976//3976 3973//3973 
f 3980//3980 3975//3975 3978//3978 
f 3981//3981 3988//3988 3979//3979 
f 3946//3946 3945//3945 3977//3977 
f 3962//3962 3989//3989 3982//3982 
f 3963//3963 3990//3990 3964//3964 
f 3987//3987 3984//3984 3963//3963 
f 3986//3986 3991//3991 3992//3992 
f 3991//3991 3993//3993 3994//3994 
f 3995//3995 3996//3996 3997//3997 
f 3998//3998 3999//3999 4000//4000 
f 3958//3958 3969//3969 3956//3956 
f 3988//3988 3943//3943 3979//3979 
f 3943//3943 3942//3942 4001//4001 
f 3960//3960 3947//3947 3924//3924 
f 3985//3985 3990//3990 3963//3963 
f 3994//3994 3992//3992 3991//3991 
f 3993//3993 3996//3996 3995//3995 
f 3997//3997 3999//3999 3995//3995 
f 4002//4002 4003//4003 3998//3998 
f 3978//3978 3981//3981 3980//3980 
f 3943//3943 3936//3936 3941//3941 
f 3962//3962 4004//4004 4005//4005 
f 3992//3992 3987//3987 3986//3986 
f 3997//3997 4000//4000 3999//3999 
f 4002//4002 4006//4006 4003//4003 
f 4002//4002 4007//4007 4008//4008 
f 4001//4001 3979//3979 3943//3943 
f 4005//4005 4009//4009 3962//3962 
f 3995//3995 3994//3994 3993//3993 
f 4008//4008 4006//4006 4002//4002 
f 3953//3953 4010//4010 4011//4011 
f 3953//3953 4012//4012 4013//4013 
f 4009//4009 3989//3989 3962//3962 
f 4000//4000 4002//4002 3998//3998 
f 4013//4013 4010//4010 3953//3953 
f 3983//3983 4004//4004 3962//3962 
f 3955//3955 4014//4014 3953//3953 
f 4011//4011 3969//3969 3953//3953 
v 0.04285 0.0965 0.0564195 
v 0.00443782 0.0965 0.09 
v 0.00483688 0.0965 0.0906145 
v 0.00410518 0.0965 0.0893472 
v 0.0405339 0.0965 0.091702 
v 0.041052 0.0965 0.0911839 
v 0.0415131 0.0965 0.0906145 
v 0.0428117 0.0965 0.0872317 
v 0.0373054 0.0965 0.093347 
v 0.0380131 0.0965 0.0931574 
v 0.00529799 0.0965 0.0911839 
v 0.0422448 0.0965 0.0893472 
v 0.0425074 0.0965 0.0886631 
v 0.0419122 0.0965 0.09 
v 0.0386972 0.0965 0.0928948 
v 0.00581609 0.0965 0.091702 
v 0.0063855 0.0965 0.0921631 
v 0.0038426 0.0965 0.0886631 
v 0.00353835 0.0965 0.0872317 
v 0.00365297 0.0965 0.0879554 
v 0.03935 0.0965 0.0925622 
v 0.007 0.0965 0.0925622 
v 0.042697 0.0965 0.0879554 
v 0.0399645 0.0965 0.0921631 
v 0.00765284 0.0965 0.0928948 
v 0.00833688 0.0965 0.0931574 
v 0.0035 0.0965 0.0865 
v 0.0365817 0.0965 0.0934617 
v 0.03585 0.0965 0.0935 
v 0.00904462 0.0965 0.093347 
v 0.0410344 0.0965 0.0470663 
v 0.0400327 0.0965 0.0448901 
v 0.0427352 0.0965 0.0540266 
v 0.0423919 0.0965 0.0516556 
v 0.0097683 0.0965 0.0934617 
v 0.0388273 0.0965 0.0428197 
v 0.00386965 0.0965 0.040027 
v 0.00359267 0.0965 0.0417537 
v 0.0361714 0.0965 0.0385355 
v 0.0418232 0.0965 0.0493284 
v 0.04285 0.0965 0.0865 
v 0.0105 0.0965 0.0935 
v 0.00426456 0.0965 0.0385355 
v 0.0035 0.0965 0.0435 
vn -3.94796e-76 1 -4.70687e-184 
vn -3.94796e-76 1 -4.70687e-184 
vn -3.94796e-76 1 -4.70687e-184 
vn -3.94796e-76 1 -4.70687e-184 
vn -3.94796e-76 1 -4.70687e-184 
vn -3.94796e-76 1 -4.70687e-184 
vn -3.94796e-76 1 -4.70687e-184 
vn -3.94796e-76 1 -4.70687e-184 
vn -3.94796e-76 1 -4.70687e-184 
vn -3.94796e-76 1 -4.70687e-184 
vn -3.94796e-76 1 -4.70687e-184 
vn -3.94796e-76 1 -4.70687e-184 
vn -3.94796e-76 1 -4.70687e-184 
vn -3.94796e-76 1 -4.70687e-184 
vn -3.94796e-76 1 -4.70687e-184 
vn -3.94796e-76 1 -4.70687e-184 
vn -3.94796e-76 1 -4.70687e-184 
vn -3.94796e-76 1 -4.70687e-184 
vn -3.94796e-76 1 -4.70687e-184 
vn -3.94796e-76 1 -4.70687e-184 
vn -3.94796e-76 1 -4.70687e-184 
vn -3.94796e-76 1 -4.70687e-184 
vn -3.94796e-76 1 -4.70687e-184 
vn -3.94796e-76 1 -4.70687e-184 
vn -3.94796e-76 1 -4.70687e-184 
vn -3.94796e-76 1 -4.70687e-184 
vn -3.94796e-76 1 -4.70687e-184 
vn -3.94796e-76 1 -4.70687e-184 
vn -3.94796e-76 1 -4.70687e-184 
vn -3.94796e-76 1 -4.70687e-184 
vn -3.94796e-76 1 -4.70687e-184 
vn -3.94796e-76 1 -4.70687e-184 
vn -3.94796e-76 1 -4.70687e-184 
vn -3.94796e-76 1 -4.70687e-184 
vn -3.94796e-76 1 -4.70687e-184 
vn -3.94796e-76 1 -4.70687e-184 
vn -3.94796e-76 1 -4.70687e-184 
vn -3.94796e-76 1 -4.70687e-184 
vn -3.94796e-76 1 -4.70687e-184 
vn -3.94796e-76 1 -4.70687e-184 
vn -3.94796e-76 1 -4.70687e-184 
vn -3.94796e-76 1 -4.70687e-184 
vn -3.94796e-76 1 -4.70687e-184 
vn -3.94796e-76 1 -4.70687e-184 
f 4015//4015 4016//4016 4017//4017 
f 4015//4015 4018//4018 4016//4016 
f 4019//4019 4020//4020 4021//4021 
f 4022//4022 4023//4023 4024//4024 
f 4017//4017 4025//4025 4015//4015 
f 4019//4019 4026//4026 4027//4027 
f 4021//4021 4028//4028 4019//4019 
f 4024//4024 4029//4029 4022//4022 
f 4015//4015 4030//4030 4031//4031 
f 4015//4015 4032//4032 4018//4018 
f 4015//4015 4033//4033 4034//4034 
f 4028//4028 4026//4026 4019//4019 
f 4029//4029 4035//4035 4022//4022 
f 4031//4031 4036//4036 4015//4015 
f 4034//4034 4032//4032 4015//4015 
f 4027//4027 4037//4037 4019//4019 
f 4035//4035 4038//4038 4022//4022 
f 4025//4025 4030//4030 4015//4015 
f 4038//4038 4019//4019 4022//4022 
f 4015//4015 4039//4039 4040//4040 
f 4015//4015 4041//4041 4033//4033 
f 4022//4022 4042//4042 4023//4023 
f 4036//4036 4039//4039 4015//4015 
f 4022//4022 4043//4043 4042//4042 
f 4040//4040 4044//4044 4015//4015 
f 4041//4041 4045//4045 4046//4046 
f 4041//4041 4047//4047 4048//4048 
f 4037//4037 4022//4022 4019//4019 
f 4044//4044 4049//4049 4015//4015 
f 4050//4050 4051//4051 4052//4052 
f 4051//4051 4050//4050 4053//4053 
f 4041//4041 4054//4054 4045//4045 
f 4041//4041 4015//4015 4047//4047 
f 4022//4022 4055//4055 4043//4043 
f 4049//4049 4056//4056 4015//4015 
f 4053//4053 4057//4057 4051//4051 
f 4048//4048 4054//4054 4041//4041 
f 4056//4056 4043//4043 4015//4015 
f 4052//4052 4058//4058 4050//4050 
f 4055//4055 4015//4015 4043//4043 
f 4046//4046 4050//4050 4041//4041 
f 4058//4058 4041//4041 4050//4050 
v 0.0105 0.0725 0.0935 
v 0.0105 0.0965 0.0935 
v 0.0097683 0.0965 0.0934617 
v 0.0097683 0.0725 0.0934617 
v 0.00904462 0.0965 0.093347 
v 0.00904462 0.0725 0.093347 
v 0.00833688 0.0965 0.0931574 
v 0.00833688 0.0725 0.0931574 
v 0.00765284 0.0965 0.0928948 
v 0.00765284 0.0725 0.0928948 
v 0.007 0.0965 0.0925622 
v 0.007 0.0725 0.0925622 
v 0.0063855 0.0965 0.0921631 
v 0.0063855 0.0725 0.0921631 
v 0.00581609 0.0965 0.091702 
v 0.00581609 0.0725 0.091702 
v 0.00529799 0.0965 0.0911839 
v 0.00529799 0.0725 0.0911839 
v 0.00483688 0.0965 0.0906145 
v 0.00483688 0.0725 0.0906145 
v 0.00443782 0.0965 0.09 
v 0.00443782 0.0725 0.09 
v 0.00410518 0.0965 0.0893472 
v 0.00410518 0.0725 0.0893472 
v 0.0038426 0.0965 0.0886631 
v 0.0038426 0.0725 0.0886631 
v 0.00365297 0.0965 0.0879554 
v 0.00365297 0.0725 0.0879554 
v 0.00353835 0.0965 0.0872317 
v 0.00353835 0.0725 0.0872317 
v 0.0035 0.0965 0.0865 
v 0.0035 0.0725 0.0865 
vn 0 0 1 
vn 0 0 1 
vn -0.104528 0 0.994522 
vn -0.104528 0 0.994522 
vn -0.207912 0 0.978148 
vn -0.207912 0 0.978148 
vn -0.309017 0 0.951057 
vn -0.309017 0 0.951057 
vn -0.406737 0 0.913545 
vn -0.406737 0 0.913545 
vn -0.5 0 0.866025 
vn -0.5 0 0.866025 
vn -0.587785 0 0.809017 
vn -0.587785 0 0.809017 
vn -0.669131 0 0.743145 
vn -0.669131 0 0.743145 
vn -0.743145 0 0.669131 
vn -0.743145 0 0.669131 
vn -0.809017 0 0.587785 
vn -0.809017 0 0.587785 
vn -0.866025 0 0.5 
vn -0.866025 0 0.5 
vn -0.913545 0 0.406737 
vn -0.913545 0 0.406737 
vn -0.951057 0 0.309017 
vn -0.951057 0 0.309017 
vn -0.978148 0 0.207912 
vn -0.978148 0 0.207912 
vn -0.994522 0 0.104528 
vn -0.994522 0 0.104528 
vn -1 0 0 
vn -1 0 0 
f 4059//4059 4060//4060 4061//4061 
f 4062//4062 4061//4061 4063//4063 
f 4064//4064 4063//4063 4065//4065 
f 4066//4066 4065//4065 4067//4067 
f 4068//4068 4067//4067 4069//4069 
f 4070//4070 4069//4069 4071//4071 
f 4072//4072 4071//4071 4073//4073 
f 4074//4074 4073//4073 4075//4075 
f 4076//4076 4075//4075 4077//4077 
f 4078//4078 4077//4077 4079//4079 
f 4080//4080 4079//4079 4081//4081 
f 4082//4082 4081//4081 4083//4083 
f 4084//4084 4083//4083 4085//4085 
f 4086//4086 4085//4085 4087//4087 
f 4088//4088 4087//4087 4089//4089 
f 4089//4089 4090//4090 4088//4088 
f 4087//4087 4088//4088 4086//4086 
f 4085//4085 4086//4086 4084//4084 
f 4083//4083 4084//4084 4082//4082 
f 4081//4081 4082//4082 4080//4080 
f 4079//4079 4080//4080 4078//4078 
f 4077//4077 4078//4078 4076//4076 
f 4075//4075 4076//4076 4074//4074 
f 4073//4073 4074//4074 4072//4072 
f 4071//4071 4072//4072 4070//4070 
f 4069//4069 4070//4070 4068//4068 
f 4067//4067 4068//4068 4066//4066 
f 4065//4065 4066//4066 4064//4064 
f 4063//4063 4064//4064 4062//4062 
f 4061//4061 4062//4062 4059//4059 
v 0.0105 0.0725 0.0935 
v 0.03585 0.0725 0.0935 
v 0.03585 0.0965 0.0935 
v 0.0105 0.0965 0.0935 
vn 0 0 1 
vn 0 0 1 
vn 0 0 1 
vn 0 0 1 
f 4091//4091 4092//4092 4093//4093 
f 4093//4093 4094//4094 4091//4091 
v 0.04285 0.0725 0.0865 
v 0.04285 0.0965 0.0865 
v 0.0428117 0.0965 0.0872317 
v 0.0428117 0.0725 0.0872317 
v 0.042697 0.0965 0.0879554 
v 0.042697 0.0725 0.0879554 
v 0.0425074 0.0965 0.0886631 
v 0.0425074 0.0725 0.0886631 
v 0.0422448 0.0965 0.0893472 
v 0.0422448 0.0725 0.0893472 
v 0.0419122 0.0965 0.09 
v 0.0419122 0.0725 0.09 
v 0.0415131 0.0965 0.0906145 
v 0.0415131 0.0725 0.0906145 
v 0.041052 0.0965 0.0911839 
v 0.041052 0.0725 0.0911839 
v 0.0405339 0.0965 0.091702 
v 0.0405339 0.0725 0.091702 
v 0.0399645 0.0965 0.0921631 
v 0.0399645 0.0725 0.0921631 
v 0.03935 0.0965 0.0925622 
v 0.03935 0.0725 0.0925622 
v 0.0386972 0.0965 0.0928948 
v 0.0386972 0.0725 0.0928948 
v 0.0380131 0.0965 0.0931574 
v 0.0380131 0.0725 0.0931574 
v 0.0373054 0.0965 0.093347 
v 0.0373054 0.0725 0.093347 
v 0.0365817 0.0965 0.0934617 
v 0.0365817 0.0725 0.0934617 
v 0.03585 0.0965 0.0935 
v 0.03585 0.0725 0.0935 
vn 1 0 1.38778e-14 
vn 1 0 1.38778e-14 
vn 0.994522 0 0.104528 
vn 0.994522 0 0.104528 
vn 0.978148 0 0.207912 
vn 0.978148 0 0.207912 
vn 0.951057 0 0.309017 
vn 0.951057 0 0.309017 
vn 0.913545 0 0.406737 
vn 0.913545 0 0.406737 
vn 0.866025 0 0.5 
vn 0.866025 0 0.5 
vn 0.809017 0 0.587785 
vn 0.809017 0 0.587785 
vn 0.743145 0 0.669131 
vn 0.743145 0 0.669131 
vn 0.669131 0 0.743145 
vn 0.669131 0 0.743145 
vn 0.587785 0 0.809017 
vn 0.587785 0 0.809017 
vn 0.5 0 0.866025 
vn 0.5 0 0.866025 
vn 0.406737 0 0.913545 
vn 0.406737 0 0.913545 
vn 0.309017 0 0.951057 
vn 0.309017 0 0.951057 
vn 0.207912 0 0.978148 
vn 0.207912 0 0.978148 
vn 0.104528 0 0.994522 
vn 0.104528 0 0.994522 
vn 0 0 1 
vn 0 0 1 
f 4095//4095 4096//4096 4097//4097 
f 4098//4098 4097//4097 4099//4099 
f 4100//4100 4099//4099 4101//4101 
f 4102//4102 4101//4101 4103//4103 
f 4104//4104 4103//4103 4105//4105 
f 4106//4106 4105//4105 4107//4107 
f 4108//4108 4107//4107 4109//4109 
f 4110//4110 4109//4109 4111//4111 
f 4112//4112 4111//4111 4113//4113 
f 4114//4114 4113//4113 4115//4115 
f 4116//4116 4115//4115 4117//4117 
f 4118//4118 4117//4117 4119//4119 
f 4120//4120 4119//4119 4121//4121 
f 4122//4122 4121//4121 4123//4123 
f 4124//4124 4123//4123 4125//4125 
f 4125//4125 4126//4126 4124//4124 
f 4123//4123 4124//4124 4122//4122 
f 4121//4121 4122//4122 4120//4120 
f 4119//4119 4120//4120 4118//4118 
f 4117//4117 4118//4118 4116//4116 
f 4115//4115 4116//4116 4114//4114 
f 4113//4113 4114//4114 4112//4112 
f 4111//4111 4112//4112 4110//4110 
f 4109//4109 4110//4110 4108//4108 
f 4107//4107 4108//4108 4106//4106 
f 4105//4105 4106//4106 4104//4104 
f 4103//4103 4104//4104 4102//4102 
f 4101//4101 4102//4102 4100//4100 
f 4099//4099 4100//4100 4098//4098 
f 4097//4097 4098//4098 4095//4095 
v 0.0139378 0.0425 0.053 
v 0.0192421 0.0425 0.0574795 
v 0.0177351 0.0425 0.0573156 
v 0.0260622 0.0425 0.053 
v 0.0207579 0.0425 0.0574795 
v 0.0251819 0.0425 0.0565057 
v 0.0237454 0.0425 0.0569897 
v 0.0222649 0.0425 0.0573156 
v 0.0265577 0.0425 0.0558692 
v 0.0162546 0.0425 0.0569897 
v 0.0148181 0.0425 0.0565057 
v 0.0109366 0.0425 0.0541703 
v 0.0114974 0.0425 0.0524813 
v 0.0120837 0.0425 0.0527063 
v 0.00983606 0.0425 0.0531278 
v 0.0109378 0.0425 0.0521962 
v 0.0088547 0.0425 0.0519724 
v 0.00992304 0.0425 0.0514589 
v 0.008004 0.0425 0.0507178 
v 0.00908372 0.0425 0.0505267 
v 0.0134423 0.0425 0.0558692 
v 0.0133107 0.0425 0.0529671 
v 0.0121434 0.0425 0.0550876 
v 0.00947895 0.0425 0.0510148 
v 0.00874167 0.0425 0.05 
v 0.0311453 0.0425 0.0519724 
v 0.030521 0.0425 0.0510148 
v 0.0309163 0.0425 0.0505267 
v 0.0290634 0.0425 0.0541703 
v 0.0285026 0.0425 0.0524813 
v 0.0290622 0.0425 0.0521962 
v 0.0278566 0.0425 0.0550876 
v 0.0279163 0.0425 0.0527063 
v 0.0126904 0.0425 0.0528689 
v 0.0104111 0.0425 0.0518541 
v 0.031996 0.0425 0.0507178 
v 0.0301639 0.0425 0.0531278 
v 0.0295889 0.0425 0.0518541 
v 0.030077 0.0425 0.0514589 
v 0.0273096 0.0425 0.0528689 
v 0.0266893 0.0425 0.0529671 
v 0.0260414 0.0425 0.0319891 
v 0.0334641 0.0425 0.0195 
v 0.0336542 0.0425 0.0198731 
v 0.0338042 0.0425 0.0202639 
v 0.0339126 0.0425 0.0206684 
v 0.0329726 0.0425 0.0188235 
v 0.0332361 0.0425 0.0191489 
v 0.0327061 0.0425 0.0493784 
v 0.0312583 0.0425 0.05 
v 0.0316269 0.0425 0.0178458 
v 0.032 0.0425 0.0180359 
v 0.0308316 0.0425 0.0175874 
v 0.0312361 0.0425 0.0176958 
v 0.0339781 0.0425 0.0210819 
v 0.034 0.0425 0.0215 
v 0.00729394 0.0425 0.0493784 
v 0.00810975 0.0425 0.0487557 
v 0.0139586 0.0425 0.0319891 
v 0.0127595 0.0425 0.032703 
v 0.006 0.0425 0.0215 
v 0.00732348 0.0425 0.0185274 
v 0.00764886 0.0425 0.0182639 
v 0.0293756 0.0425 0.0344946 
v 0.0283562 0.0425 0.0335414 
v 0.0317449 0.0425 0.037927 
v 0.0310798 0.0425 0.0367001 
v 0.0336727 0.0425 0.0465096 
v 0.0332671 0.0425 0.0479702 
v 0.0323851 0.0425 0.0474508 
v 0.0318902 0.0425 0.0487557 
v 0.00673286 0.0425 0.0479702 
v 0.00761487 0.0425 0.0474508 
v 0.00632731 0.0425 0.0465096 
v 0.00726272 0.0425 0.0461003 
v 0.00608207 0.0425 0.0450137 
v 0.00705737 0.0425 0.0447199 
v 0.00634582 0.0425 0.0198731 
v 0.0065359 0.0425 0.0195 
v 0.00608741 0.0425 0.0206684 
v 0.00619577 0.0425 0.0202639 
v 0.00602191 0.0425 0.0210819 
v 0.00837305 0.0425 0.0178458 
v 0.00876393 0.0425 0.0176958 
v 0.008 0.0425 0.0180359 
v 0.0323511 0.0425 0.0182639 
v 0.0272405 0.0425 0.032703 
v 0.030287 0.0425 0.0355515 
v 0.006 0.0425 0.0435 
v 0.00700117 0.0425 0.0433255 
v 0.006 0.0425 0.0302718 
v 0.00733713 0.0425 0.0405586 
v 0.00676393 0.0425 0.0191489 
v 0.0326765 0.0425 0.0185274 
v 0.0247726 0.0425 0.0314078 
v 0.0304181 0.0425 0.0175219 
v 0.00709478 0.0425 0.041933 
v 0.00916835 0.0425 0.0175874 
v 0.00958189 0.0425 0.0175219 
v 0.00702742 0.0425 0.0188235 
v 0.0152274 0.0425 0.0314078 
v 0.01 0.0425 0.0175 
v 0.0234489 0.0425 0.0309658 
v 0.03 0.0425 0.0175 
v 0.0322746 0.0425 0.0392181 
v 0.034 0.0425 0.0435 
v 0.0329052 0.0425 0.041933 
v 0.0326629 0.0425 0.0405586 
v 0.0077254 0.0425 0.0392181 
v 0.00892024 0.0425 0.0367001 
v 0.00825514 0.0425 0.037927 
v 0.0106244 0.0425 0.0344946 
v 0.00971303 0.0425 0.0355515 
v 0.0116438 0.0425 0.0335414 
v 0.0179147 0.0425 0.0306683 
v 0.0165511 0.0425 0.0309658 
v 0.0329988 0.0425 0.0433255 
v 0.0339179 0.0425 0.0450137 
v 0.0329426 0.0425 0.0447199 
v 0.0327373 0.0425 0.0461003 
v 0.0206978 0.0425 0.0305187 
v 0.0220853 0.0425 0.0306683 
v 0.0193022 0.0425 0.0305187 
vn 0 -1 0 
vn 0 -1 0 
vn 0 -1 0 
vn 0 -1 0 
vn 0 -1 0 
vn 0 -1 0 
vn 0 -1 0 
vn 0 -1 0 
vn 0 -1 0 
vn 0 -1 0 
vn 0 -1 0 
vn 0 -1 0 
vn 0 -1 0 
vn 0 -1 0 
vn 0 -1 0 
vn 0 -1 0 
vn 0 -1 0 
vn 0 -1 0 
vn 0 -1 0 
vn 0 -1 0 
vn 0 -1 0 
vn 0 -1 0 
vn 0 -1 0 
vn 0 -1 0 
vn 0 -1 0 
vn 0 -1 0 
vn 0 -1 0 
vn 0 -1 0 
vn 0 -1 0 
vn 0 -1 0 
vn 0 -1 0 
vn 0 -1 0 
vn 0 -1 0 
vn 0 -1 0 
vn 0 -1 0 
vn 0 -1 0 
vn 0 -1 0 
vn 0 -1 0 
vn 0 -1 0 
vn 0 -1 0 
vn 0 -1 0 
vn 0 -1 0 
vn 0 -1 0 
vn 0 -1 0 
vn 0 -1 0 
vn 0 -1 0 
vn 0 -1 0 
vn 0 -1 0 
vn 0 -1 0 
vn 0 -1 0 
vn 0 -1 0 
vn 0 -1 0 
vn 0 -1 0 
vn 0 -1 0 
vn 0 -1 0 
vn 0 -1 0 
vn 0 -1 0 
vn 0 -1 0 
vn 0 -1 0 
vn 0 -1 0 
vn 0 -1 0 
vn 0 -1 0 
vn 0 -1 0 
vn 0 -1 0 
vn 0 -1 0 
vn 0 -1 0 
vn 0 -1 0 
vn 0 -1 0 
vn 0 -1 0 
vn 0 -1 0 
vn 0 -1 0 
vn 0 -1 0 
vn 0 -1 0 
vn 0 -1 0 
vn 0 -1 0 
vn 0 -1 0 
vn 0 -1 0 
vn 0 -1 0 
vn 0 -1 0 
vn 0 -1 0 
vn 0 -1 0 
vn 0 -1 0 
vn 0 -1 0 
vn 0 -1 0 
vn 0 -1 0 
vn 0 -1 0 
vn 0 -1 0 
vn 0 -1 0 
vn 0 -1 0 
vn 0 -1 0 
vn 0 -1 0 
vn 0 -1 0 
vn 0 -1 0 
vn 0 -1 0 
vn 0 -1 0 
vn 0 -1 0 
vn 0 -1 0 
vn 0 -1 0 
vn 0 -1 0 
vn 0 -1 0 
vn 0 -1 0 
vn 0 -1 0 
vn 0 -1 0 
vn 0 -1 0 
vn 0 -1 0 
vn 0 -1 0 
vn 0 -1 0 
vn 0 -1 0 
vn 0 -1 0 
vn 0 -1 0 
vn 0 -1 0 
vn 0 -1 0 
vn 0 -1 0 
vn 0 -1 0 
vn 0 -1 0 
vn 0 -1 0 
vn 0 -1 0 
vn 0 -1 0 
vn 0 -1 0 
vn 0 -1 0 
vn 0 -1 0 
vn 0 -1 0 
vn 0 -1 0 
f 4127//4127 4128//4128 4129//4129 
f 4130//4130 4131//4131 4128//4128 
f 4128//4128 4127//4127 4130//4130 
f 4130//4130 4132//4132 4133//4133 
f 4130//4130 4134//4134 4131//4131 
f 4130//4130 4135//4135 4132//4132 
f 4127//4127 4136//4136 4137//4137 
f 4133//4133 4134//4134 4130//4130 
f 4129//4129 4136//4136 4127//4127 
f 4138//4138 4139//4139 4140//4140 
f 4138//4138 4141//4141 4142//4142 
f 4141//4141 4143//4143 4144//4144 
f 4143//4143 4145//4145 4146//4146 
f 4147//4147 4148//4148 4127//4127 
f 4148//4148 4147//4147 4149//4149 
f 4142//4142 4139//4139 4138//4138 
f 4143//4143 4150//4150 4144//4144 
f 4145//4145 4151//4151 4146//4146 
f 4152//4152 4153//4153 4154//4154 
f 4155//4155 4156//4156 4157//4157 
f 4155//4155 4158//4158 4159//4159 
f 4137//4137 4147//4147 4127//4127 
f 4149//4149 4140//4140 4160//4160 
f 4141//4141 4161//4161 4142//4142 
f 4146//4146 4150//4150 4143//4143 
f 4154//4154 4162//4162 4152//4152 
f 4163//4163 4164//4164 4165//4165 
f 4157//4157 4163//4163 4155//4155 
f 4158//4158 4166//4166 4159//4159 
f 4167//4167 4166//4166 4158//4158 
f 4149//4149 4160//4160 4148//4148 
f 4144//4144 4161//4161 4141//4141 
f 4168//4168 4169//4169 4170//4170 
f 4152//4152 4165//4165 4153//4153 
f 4157//4157 4164//4164 4163//4163 
f 4158//4158 4135//4135 4167//4167 
f 4140//4140 4149//4149 4138//4138 
f 4170//4170 4171//4171 4168//4168 
f 4165//4165 4152//4152 4163//4163 
f 4130//4130 4167//4167 4135//4135 
f 4171//4171 4172//4172 4168//4168 
f 4168//4168 4173//4173 4174//4174 
f 4175//4175 4162//4162 4176//4176 
f 4159//4159 4156//4156 4155//4155 
f 4168//4168 4177//4177 4178//4178 
f 4168//4168 4179//4179 4180//4180 
f 4168//4168 4181//4181 4182//4182 
f 4174//4174 4169//4169 4168//4168 
f 4154//4154 4176//4176 4162//4162 
f 4183//4183 4184//4184 4151//4151 
f 4185//4185 4186//4186 4187//4187 
f 4185//4185 4188//4188 4189//4189 
f 4180//4180 4177//4177 4168//4168 
f 4172//4172 4181//4181 4168//4168 
f 4182//4182 4190//4190 4191//4191 
f 4182//4182 4192//4192 4193//4193 
f 4194//4194 4195//4195 4196//4196 
f 4195//4195 4175//4175 4197//4197 
f 4151//4151 4145//4145 4183//4183 
f 4198//4198 4199//4199 4184//4184 
f 4200//4200 4201//4201 4199//4199 
f 4202//4202 4203//4203 4201//4201 
f 4185//4185 4204//4204 4205//4205 
f 4185//4185 4206//4206 4207//4207 
f 4187//4187 4208//4208 4185//4185 
f 4185//4185 4209//4209 4210//4210 
f 4189//4189 4211//4211 4185//4185 
f 4178//4178 4212//4212 4168//4168 
f 4191//4191 4213//4213 4182//4182 
f 4193//4193 4214//4214 4182//4182 
f 4197//4197 4196//4196 4195//4195 
f 4184//4184 4183//4183 4198//4198 
f 4201//4201 4200//4200 4202//4202 
f 4215//4215 4216//4216 4203//4203 
f 4215//4215 4217//4217 4218//4218 
f 4205//4205 4219//4219 4185//4185 
f 4208//4208 4206//4206 4185//4185 
f 4211//4211 4209//4209 4185//4185 
f 4212//4212 4220//4220 4168//4168 
f 4168//4168 4221//4221 4222//4222 
f 4214//4214 4190//4190 4182//4182 
f 4176//4176 4197//4197 4175//4175 
f 4203//4203 4202//4202 4215//4215 
f 4218//4218 4223//4223 4215//4215 
f 4207//4207 4204//4204 4185//4185 
f 4185//4185 4224//4224 4225//4225 
f 4185//4185 4226//4226 4188//4188 
f 4227//4227 4225//4225 4228//4228 
f 4221//4221 4229//4229 4230//4230 
f 4222//4222 4179//4179 4168//4168 
f 4182//4182 4231//4231 4192//4192 
f 4232//4232 4233//4233 4234//4234 
f 4199//4199 4198//4198 4200//4200 
f 4217//4217 4235//4235 4218//4218 
f 4217//4217 4236//4236 4237//4237 
f 4217//4217 4238//4238 4239//4239 
f 4240//4240 4238//4238 4217//4217 
f 4219//4219 4226//4226 4185//4185 
f 4210//4210 4224//4224 4185//4185 
f 4228//4228 4241//4241 4242//4242 
f 4220//4220 4173//4173 4168//4168 
f 4182//4182 4234//4234 4231//4231 
f 4232//4232 4243//4243 4233//4233 
f 4232//4232 4244//4244 4245//4245 
f 4244//4244 4194//4194 4246//4246 
f 4223//4223 4216//4216 4215//4215 
f 4239//4239 4236//4236 4217//4217 
f 4186//4186 4240//4240 4187//4187 
f 4228//4228 4242//4242 4227//4227 
f 4230//4230 4222//4222 4221//4221 
f 4234//4234 4182//4182 4232//4232 
f 4246//4246 4245//4245 4244//4244 
f 4237//4237 4235//4235 4217//4217 
f 4225//4225 4227//4227 4185//4185 
f 4228//4228 4230//4230 4247//4247 
f 4229//4229 4248//4248 4230//4230 
f 4245//4245 4243//4243 4232//4232 
f 4217//4217 4187//4187 4240//4240 
f 4247//4247 4249//4249 4228//4228 
f 4182//4182 4213//4213 4168//4168 
f 4249//4249 4241//4241 4228//4228 
f 4196//4196 4246//4246 4194//4194 
f 4248//4248 4247//4247 4230//4230 
v 0.0260622 0.0425 0.053 
v 0.0139378 0.0425 0.053 
v 0.0139378 0.03524 0.053 
v 0.0260622 0.03524 0.053 
vn 0 0 1 
vn 0 0 1 
vn 0 0 1 
vn 0 0 1 
f 4250//4250 4251//4251 4252//4252 
f 4252//4252 4253//4253 4250//4250 
v 0.00874167 0.0425 0.05 
v 0.00874167 0.03524 0.05 
v 0.00908372 0.03524 0.0505267 
v 0.00908372 0.0425 0.0505267 
v 0.00947895 0.03524 0.0510148 
v 0.00947895 0.0425 0.0510148 
v 0.00992304 0.03524 0.0514589 
v 0.00992304 0.0425 0.0514589 
v 0.0104111 0.03524 0.0518541 
v 0.0104111 0.0425 0.0518541 
v 0.0109378 0.03524 0.0521962 
v 0.0109378 0.0425 0.0521962 
v 0.0114974 0.03524 0.0524813 
v 0.0114974 0.0425 0.0524813 
v 0.0120837 0.03524 0.0527063 
v 0.0120837 0.0425 0.0527063 
v 0.0126904 0.03524 0.0528689 
v 0.0126904 0.0425 0.0528689 
v 0.0133107 0.03524 0.0529671 
v 0.0133107 0.0425 0.0529671 
v 0.0139378 0.03524 0.053 
v 0.0139378 0.0425 0.053 
vn -0.866025 0 0.5 
vn -0.866025 0 0.5 
vn -0.809017 0 0.587785 
vn -0.809017 0 0.587785 
vn -0.743145 0 0.669131 
vn -0.743145 0 0.669131 
vn -0.669131 0 0.743145 
vn -0.669131 0 0.743145 
vn -0.587785 0 0.809017 
vn -0.587785 0 0.809017 
vn -0.5 0 0.866025 
vn -0.5 0 0.866025 
vn -0.406737 0 0.913545 
vn -0.406737 0 0.913545 
vn -0.309017 0 0.951057 
vn -0.309017 0 0.951057 
vn -0.207912 0 0.978148 
vn -0.207912 0 0.978148 
vn -0.104528 0 0.994522 
vn -0.104528 0 0.994522 
vn 0 0 1 
vn 0 0 1 
f 4254//4254 4255//4255 4256//4256 
f 4257//4257 4256//4256 4258//4258 
f 4259//4259 4258//4258 4260//4260 
f 4261//4261 4260//4260 4262//4262 
f 4263//4263 4262//4262 4264//4264 
f 4265//4265 4264//4264 4266//4266 
f 4267//4267 4266//4266 4268//4268 
f 4269//4269 4268//4268 4270//4270 
f 4271//4271 4270//4270 4272//4272 
f 4273//4273 4272//4272 4274//4274 
f 4274//4274 4275//4275 4273//4273 
f 4272//4272 4273//4273 4271//4271 
f 4270//4270 4271//4271 4269//4269 
f 4268//4268 4269//4269 4267//4267 
f 4266//4266 4267//4267 4265//4265 
f 4264//4264 4265//4265 4263//4263 
f 4262//4262 4263//4263 4261//4261 
f 4260//4260 4261//4261 4259//4259 
f 4258//4258 4259//4259 4257//4257 
f 4256//4256 4257//4257 4254//4254 
v 0.0312583 0.0425 0.05 
v 0.0312583 0.03524 0.05 
v 0.0318902 0.03524 0.0487557 
v 0.0318902 0.0425 0.0487557 
v 0.0323851 0.03524 0.0474508 
v 0.0323851 0.0425 0.0474508 
v 0.0327373 0.03524 0.0461003 
v 0.0327373 0.0425 0.0461003 
v 0.0329426 0.03524 0.0447199 
v 0.0329426 0.0425 0.0447199 
v 0.0329988 0.03524 0.0433255 
v 0.0329988 0.0425 0.0433255 
v 0.0329052 0.03524 0.041933 
v 0.0329052 0.0425 0.041933 
v 0.0326629 0.03524 0.0405586 
v 0.0326629 0.0425 0.0405586 
v 0.0322746 0.03524 0.0392181 
v 0.0322746 0.0425 0.0392181 
v 0.0317449 0.03524 0.037927 
v 0.0317449 0.0425 0.037927 
v 0.0310798 0.03524 0.0367001 
v 0.0310798 0.0425 0.0367001 
v 0.030287 0.03524 0.0355515 
v 0.030287 0.0425 0.0355515 
v 0.0293756 0.03524 0.0344946 
v 0.0293756 0.0425 0.0344946 
v 0.0283562 0.03524 0.0335414 
v 0.0283562 0.0425 0.0335414 
v 0.0272405 0.03524 0.032703 
v 0.0272405 0.0425 0.032703 
v 0.0260414 0.03524 0.0319891 
v 0.0260414 0.0425 0.0319891 
v 0.0247726 0.03524 0.0314078 
v 0.0247726 0.0425 0.0314078 
v 0.0234489 0.03524 0.0309658 
v 0.0234489 0.0425 0.0309658 
v 0.0220853 0.03524 0.0306683 
v 0.0220853 0.0425 0.0306683 
v 0.0206978 0.03524 0.0305187 
v 0.0206978 0.0425 0.0305187 
v 0.0193022 0.03524 0.0305187 
v 0.0193022 0.0425 0.0305187 
v 0.0179147 0.03524 0.0306683 
v 0.0179147 0.0425 0.0306683 
v 0.0165511 0.03524 0.0309658 
v 0.0165511 0.0425 0.0309658 
v 0.0152274 0.03524 0.0314078 
v 0.0152274 0.0425 0.0314078 
v 0.0139586 0.03524 0.0319891 
v 0.0139586 0.0425 0.0319891 
v 0.0127595 0.03524 0.032703 
v 0.0127595 0.0425 0.032703 
v 0.0116438 0.03524 0.0335414 
v 0.0116438 0.0425 0.0335414 
v 0.0106244 0.03524 0.0344946 
v 0.0106244 0.0425 0.0344946 
v 0.00971303 0.03524 0.0355515 
v 0.00971303 0.0425 0.0355515 
v 0.00892024 0.03524 0.0367001 
v 0.00892024 0.0425 0.0367001 
v 0.00825514 0.03524 0.037927 
v 0.00825514 0.0425 0.037927 
v 0.0077254 0.03524 0.0392181 
v 0.0077254 0.0425 0.0392181 
v 0.00733713 0.03524 0.0405586 
v 0.00733713 0.0425 0.0405586 
v 0.00709478 0.03524 0.041933 
v 0.00709478 0.0425 0.041933 
v 0.00700117 0.03524 0.0433255 
v 0.00700117 0.0425 0.0433255 
v 0.00705737 0.03524 0.0447199 
v 0.00705737 0.0425 0.0447199 
v 0.00726272 0.03524 0.0461003 
v 0.00726272 0.0425 0.0461003 
v 0.00761487 0.03524 0.0474508 
v 0.00761487 0.0425 0.0474508 
v 0.00810975 0.03524 0.0487557 
v 0.00810975 0.0425 0.0487557 
v 0.00874167 0.03524 0.05 
v 0.00874167 0.0425 0.05 
vn 0.866025 0 0.5 
vn 0.866025 0 0.5 
vn 0.914634 0 0.404282 
vn 0.914634 0 0.404282 
vn 0.952702 0 0.303905 
vn 0.952702 0 0.303905 
vn 0.979791 0 0.200026 
vn 0.979791 0 0.200026 
vn 0.995587 0 0.093841 
vn 0.995587 0 0.093841 
vn 0.99991 0 -0.0134252 
vn 0.99991 0 -0.0134252 
vn 0.992709 0 -0.120537 
vn 0.992709 0 -0.120537 
vn 0.974067 0 -0.226259 
vn 0.974067 0 -0.226259 
vn 0.9442 0 -0.329374 
vn 0.9442 0 -0.329374 
vn 0.90345 0 -0.428693 
vn 0.90345 0 -0.428693 
vn 0.852289 0 -0.523071 
vn 0.852289 0 -0.523071 
vn 0.791306 0 -0.611421 
vn 0.791306 0 -0.611421 
vn 0.721202 0 -0.692724 
vn 0.721202 0 -0.692724 
vn 0.642788 0 -0.766044 
vn 0.642788 0 -0.766044 
vn 0.556965 0 -0.830536 
vn 0.556965 0 -0.830536 
vn 0.464723 0 -0.885456 
vn 0.464723 0 -0.885456 
vn 0.367126 0 -0.930171 
vn 0.367126 0 -0.930171 
vn 0.265297 0 -0.964167 
vn 0.265297 0 -0.964167 
vn 0.160411 0 -0.98705 
vn 0.160411 0 -0.98705 
vn 0.0536766 0 -0.998558 
vn 0.0536766 0 -0.998558 
vn -0.0536766 0 -0.998558 
vn -0.0536766 0 -0.998558 
vn -0.160411 0 -0.98705 
vn -0.160411 0 -0.98705 
vn -0.265297 0 -0.964167 
vn -0.265297 0 -0.964167 
vn -0.367126 0 -0.930171 
vn -0.367126 0 -0.930171 
vn -0.464723 0 -0.885456 
vn -0.464723 0 -0.885456 
vn -0.556965 0 -0.830536 
vn -0.556965 0 -0.830536 
vn -0.642788 0 -0.766044 
vn -0.642788 0 -0.766044 
vn -0.721202 0 -0.692724 
vn -0.721202 0 -0.692724 
vn -0.791306 0 -0.611421 
vn -0.791306 0 -0.611421 
vn -0.852289 0 -0.523071 
vn -0.852289 0 -0.523071 
vn -0.90345 0 -0.428693 
vn -0.90345 0 -0.428693 
vn -0.9442 0 -0.329374 
vn -0.9442 0 -0.329374 
vn -0.974067 0 -0.226259 
vn -0.974067 0 -0.226259 
vn -0.992709 0 -0.120537 
vn -0.992709 0 -0.120537 
vn -0.99991 0 -0.0134252 
vn -0.99991 0 -0.0134252 
vn -0.995587 0 0.093841 
vn -0.995587 0 0.093841 
vn -0.979791 0 0.200026 
vn -0.979791 0 0.200026 
vn -0.952702 0 0.303905 
vn -0.952702 0 0.303905 
vn -0.914634 0 0.404282 
vn -0.914634 0 0.404282 
vn -0.866025 0 0.5 
vn -0.866025 0 0.5 
f 4276//4276 4277//4277 4278//4278 
f 4279//4279 4278//4278 4280//4280 
f 4281//4281 4280//4280 4282//4282 
f 4283//4283 4282//4282 4284//4284 
f 4285//4285 4284//4284 4286//4286 
f 4287//4287 4286//4286 4288//4288 
f 4289//4289 4288//4288 4290//4290 
f 4291//4291 4290//4290 4292//4292 
f 4293//4293 4292//4292 4294//4294 
f 4295//4295 4294//4294 4296//4296 
f 4297//4297 4296//4296 4298//4298 
f 4299//4299 4298//4298 4300//4300 
f 4301//4301 4300//4300 4302//4302 
f 4303//4303 4302//4302 4304//4304 
f 4305//4305 4304//4304 4306//4306 
f 4307//4307 4306//4306 4308//4308 
f 4309//4309 4308//4308 4310//4310 
f 4311//4311 4310//4310 4312//4312 
f 4313//4313 4312//4312 4314//4314 
f 4315//4315 4314//4314 4316//4316 
f 4317//4317 4316//4316 4318//4318 
f 4319//4319 4318//4318 4320//4320 
f 4321//4321 4320//4320 4322//4322 
f 4323//4323 4322//4322 4324//4324 
f 4325//4325 4324//4324 4326//4326 
f 4327//4327 4326//4326 4328//4328 
f 4329//4329 4328//4328 4330//4330 
f 4331//4331 4330//4330 4332//4332 
f 4333//4333 4332//4332 4334//4334 
f 4335//4335 4334//4334 4336//4336 
f 4337//4337 4336//4336 4338//4338 
f 4339//4339 4338//4338 4340//4340 
f 4341//4341 4340//4340 4342//4342 
f 4343//4343 4342//4342 4344//4344 
f 4345//4345 4344//4344 4346//4346 
f 4347//4347 4346//4346 4348//4348 
f 4349//4349 4348//4348 4350//4350 
f 4351//4351 4350//4350 4352//4352 
f 4353//4353 4352//4352 4354//4354 
f 4354//4354 4355//4355 4353//4353 
f 4352//4352 4353//4353 4351//4351 
f 4350//4350 4351//4351 4349//4349 
f 4348//4348 4349//4349 4347//4347 
f 4346//4346 4347//4347 4345//4345 
f 4344//4344 4345//4345 4343//4343 
f 4342//4342 4343//4343 4341//4341 
f 4340//4340 4341//4341 4339//4339 
f 4338//4338 4339//4339 4337//4337 
f 4336//4336 4337//4337 4335//4335 
f 4334//4334 4335//4335 4333//4333 
f 4332//4332 4333//4333 4331//4331 
f 4330//4330 4331//4331 4329//4329 
f 4328//4328 4329//4329 4327//4327 
f 4326//4326 4327//4327 4325//4325 
f 4324//4324 4325//4325 4323//4323 
f 4322//4322 4323//4323 4321//4321 
f 4320//4320 4321//4321 4319//4319 
f 4318//4318 4319//4319 4317//4317 
f 4316//4316 4317//4317 4315//4315 
f 4314//4314 4315//4315 4313//4313 
f 4312//4312 4313//4313 4311//4311 
f 4310//4310 4311//4311 4309//4309 
f 4308//4308 4309//4309 4307//4307 
f 4306//4306 4307//4307 4305//4305 
f 4304//4304 4305//4305 4303//4303 
f 4302//4302 4303//4303 4301//4301 
f 4300//4300 4301//4301 4299//4299 
f 4298//4298 4299//4299 4297//4297 
f 4296//4296 4297//4297 4295//4295 
f 4294//4294 4295//4295 4293//4293 
f 4292//4292 4293//4293 4291//4291 
f 4290//4290 4291//4291 4289//4289 
f 4288//4288 4289//4289 4287//4287 
f 4286//4286 4287//4287 4285//4285 
f 4284//4284 4285//4285 4283//4283 
f 4282//4282 4283//4283 4281//4281 
f 4280//4280 4281//4281 4279//4279 
f 4278//4278 4279//4279 4276//4276 
v 0.0260622 0.0425 0.053 
v 0.0260622 0.03524 0.053 
v 0.0266893 0.03524 0.0529671 
v 0.0266893 0.0425 0.0529671 
v 0.0273096 0.03524 0.0528689 
v 0.0273096 0.0425 0.0528689 
v 0.0279163 0.03524 0.0527063 
v 0.0279163 0.0425 0.0527063 
v 0.0285026 0.03524 0.0524813 
v 0.0285026 0.0425 0.0524813 
v 0.0290622 0.03524 0.0521962 
v 0.0290622 0.0425 0.0521962 
v 0.0295889 0.03524 0.0518541 
v 0.0295889 0.0425 0.0518541 
v 0.030077 0.03524 0.0514589 
v 0.030077 0.0425 0.0514589 
v 0.030521 0.03524 0.0510148 
v 0.030521 0.0425 0.0510148 
v 0.0309163 0.03524 0.0505267 
v 0.0309163 0.0425 0.0505267 
v 0.0312583 0.03524 0.05 
v 0.0312583 0.0425 0.05 
vn 8.67362e-15 0 1 
vn 8.67362e-15 0 1 
vn 0.104528 0 0.994522 
vn 0.104528 0 0.994522 
vn 0.207912 0 0.978148 
vn 0.207912 0 0.978148 
vn 0.309017 0 0.951057 
vn 0.309017 0 0.951057 
vn 0.406737 0 0.913545 
vn 0.406737 0 0.913545 
vn 0.5 0 0.866025 
vn 0.5 0 0.866025 
vn 0.587785 0 0.809017 
vn 0.587785 0 0.809017 
vn 0.669131 0 0.743145 
vn 0.669131 0 0.743145 
vn 0.743145 0 0.669131 
vn 0.743145 0 0.669131 
vn 0.809017 0 0.587785 
vn 0.809017 0 0.587785 
vn 0.866025 0 0.5 
vn 0.866025 0 0.5 
f 4356//4356 4357//4357 4358//4358 
f 4359//4359 4358//4358 4360//4360 
f 4361//4361 4360//4360 4362//4362 
f 4363//4363 4362//4362 4364//4364 
f 4365//4365 4364//4364 4366//4366 
f 4367//4367 4366//4366 4368//4368 
f 4369//4369 4368//4368 4370//4370 
f 4371//4371 4370//4370 4372//4372 
f 4373//4373 4372//4372 4374//4374 
f 4375//4375 4374//4374 4376//4376 
f 4376//4376 4377//4377 4375//4375 
f 4374//4374 4375//4375 4373//4373 
f 4372//4372 4373//4373 4371//4371 
f 4370//4370 4371//4371 4369//4369 
f 4368//4368 4369//4369 4367//4367 
f 4366//4366 4367//4367 4365//4365 
f 4364//4364 4365//4365 4363//4363 
f 4362//4362 4363//4363 4361//4361 
f 4360//4360 4361//4361 4359//4359 
f 4358//4358 4359//4359 4356//4356 
v 0.0139378 0.03424 0.052 
v 0.0260622 0.03424 0.052 
v 0.0260622 0.03524 0.053 
v 0.0139378 0.03524 0.053 
vn 0 -0.707107 0.707107 
vn 0 -0.707107 0.707107 
vn 0 -0.707107 0.707107 
vn 0 -0.707107 0.707107 
f 4378//4378 4379//4379 4380//4380 
f 4380//4380 4381//4381 4378//4378 
v 0.0105043 0.03424 0.036163 
v 0.00831119 0.03424 0.0407849 
v 0.0086696 0.03424 0.0395475 
v 0.0113456 0.03424 0.0351873 
v 0.00915859 0.03424 0.0383557 
v 0.0144233 0.03424 0.0328745 
v 0.00800108 0.03424 0.0433389 
v 0.00808749 0.03424 0.0420536 
v 0.00824251 0.03424 0.0459003 
v 0.00805295 0.03424 0.0446261 
v 0.0122865 0.03424 0.0343075 
v 0.0133164 0.03424 0.0335336 
v 0.00977253 0.03424 0.0372232 
v 0.00902439 0.03424 0.0483514 
v 0.00856757 0.03424 0.0471469 
v 0.0313304 0.03424 0.0395475 
v 0.031947 0.03424 0.0446261 
v 0.0317575 0.03424 0.0459003 
v 0.0303923 0.03424 0.0495 
v 0.0302275 0.03424 0.0372232 
v 0.0308414 0.03424 0.0383557 
v 0.0319989 0.03424 0.0433389 
v 0.0316888 0.03424 0.0407849 
v 0.0319125 0.03424 0.0420536 
v 0.0294957 0.03424 0.036163 
v 0.0277135 0.03424 0.0343075 
v 0.0286544 0.03424 0.0351873 
v 0.00960769 0.03424 0.0495 
v 0.0260622 0.03424 0.052 
v 0.0180751 0.03424 0.0316554 
v 0.0193559 0.03424 0.0315173 
v 0.0255767 0.03424 0.0328745 
v 0.0276073 0.03424 0.0517553 
v 0.0271017 0.03424 0.0518907 
v 0.0294078 0.03424 0.0507157 
v 0.0290011 0.03424 0.0510451 
v 0.0314324 0.03424 0.0471469 
v 0.0309756 0.03424 0.0483514 
v 0.0266836 0.03424 0.0335336 
v 0.00989274 0.03424 0.0499389 
v 0.0219249 0.03424 0.0316554 
v 0.0231836 0.03424 0.03193 
v 0.0206441 0.03424 0.0315173 
v 0.0280959 0.03424 0.0515677 
v 0.0285622 0.03424 0.0513301 
v 0.0301073 0.03424 0.0499389 
v 0.0297779 0.03424 0.0503457 
v 0.0102221 0.03424 0.0503457 
v 0.0114378 0.03424 0.0513301 
v 0.0109989 0.03424 0.0510451 
v 0.0128983 0.03424 0.0518907 
v 0.0123927 0.03424 0.0517553 
v 0.0155945 0.03424 0.0323379 
v 0.0168164 0.03424 0.03193 
v 0.0139378 0.03424 0.052 
v 0.0265848 0.03424 0.0519726 
v 0.0105922 0.03424 0.0507157 
v 0.0119041 0.03424 0.0515677 
v 0.0134152 0.03424 0.0519726 
v 0.0244055 0.03424 0.0323379 
vn 0 -1 0 
vn 0 -1 0 
vn 0 -1 0 
vn 0 -1 0 
vn 0 -1 0 
vn 0 -1 0 
vn 0 -1 0 
vn 0 -1 0 
vn 0 -1 0 
vn 0 -1 0 
vn 0 -1 0 
vn 0 -1 0 
vn 0 -1 0 
vn 0 -1 0 
vn 0 -1 0 
vn 0 -1 0 
vn 0 -1 0 
vn 0 -1 0 
vn 0 -1 0 
vn 0 -1 0 
vn 0 -1 0 
vn 0 -1 0 
vn 0 -1 0 
vn 0 -1 0 
vn 0 -1 0 
vn 0 -1 0 
vn 0 -1 0 
vn 0 -1 0 
vn 0 -1 0 
vn 0 -1 0 
vn 0 -1 0 
vn 0 -1 0 
vn 0 -1 0 
vn 0 -1 0 
vn 0 -1 0 
vn 0 -1 0 
vn 0 -1 0 
vn 0 -1 0 
vn 0 -1 0 
vn 0 -1 0 
vn 0 -1 0 
vn 0 -1 0 
vn 0 -1 0 
vn 0 -1 0 
vn 0 -1 0 
vn 0 -1 0 
vn 0 -1 0 
vn 0 -1 0 
vn 0 -1 0 
vn 0 -1 0 
vn 0 -1 0 
vn 0 -1 0 
vn 0 -1 0 
vn 0 -1 0 
vn 0 -1 0 
vn 0 -1 0 
vn 0 -1 0 
vn 0 -1 0 
vn 0 -1 0 
vn 0 -1 0 
f 4382//4382 4383//4383 4384//4384 
f 4383//4383 4382//4382 4385//4385 
f 4384//4384 4386//4386 4382//4382 
f 4387//4387 4388//4388 4389//4389 
f 4387//4387 4390//4390 4391//4391 
f 4383//4383 4392//4392 4393//4393 
f 4386//4386 4394//4394 4382//4382 
f 4391//4391 4388//4388 4387//4387 
f 4387//4387 4395//4395 4396//4396 
f 4385//4385 4392//4392 4383//4383 
f 4396//4396 4390//4390 4387//4387 
f 4397//4397 4398//4398 4399//4399 
f 4400//4400 4401//4401 4402//4402 
f 4389//4389 4383//4383 4387//4387 
f 4397//4397 4403//4403 4398//4398 
f 4397//4397 4404//4404 4405//4405 
f 4400//4400 4406//4406 4401//4401 
f 4400//4400 4407//4407 4408//4408 
f 4387//4387 4409//4409 4395//4395 
f 4410//4410 4411//4411 4412//4412 
f 4413//4413 4414//4414 4415//4415 
f 4413//4413 4416//4416 4417//4417 
f 4397//4397 4418//4418 4419//4419 
f 4405//4405 4403//4403 4397//4397 
f 4408//4408 4406//4406 4400//4400 
f 4400//4400 4413//4413 4420//4420 
f 4387//4387 4421//4421 4409//4409 
f 4410//4410 4422//4422 4423//4423 
f 4412//4412 4424//4424 4410//4410 
f 4413//4413 4425//4425 4414//4414 
f 4417//4417 4426//4426 4413//4413 
f 4413//4413 4427//4427 4428//4428 
f 4399//4399 4418//4418 4397//4397 
f 4420//4420 4407//4407 4400//4400 
f 4387//4387 4429//4429 4421//4421 
f 4387//4387 4430//4430 4431//4431 
f 4387//4387 4432//4432 4433//4433 
f 4424//4424 4422//4422 4410//4410 
f 4410//4410 4434//4434 4435//4435 
f 4410//4410 4436//4436 4387//4387 
f 4415//4415 4437//4437 4413//4413 
f 4428//4428 4416//4416 4413//4413 
f 4402//4402 4397//4397 4400//4400 
f 4387//4387 4438//4438 4429//4429 
f 4387//4387 4439//4439 4430//4430 
f 4387//4387 4440//4440 4432//4432 
f 4423//4423 4441//4441 4410//4410 
f 4387//4387 4434//4434 4410//4410 
f 4426//4426 4425//4425 4413//4413 
f 4419//4419 4400//4400 4397//4397 
f 4431//4431 4438//4438 4387//4387 
f 4387//4387 4436//4436 4440//4440 
f 4435//4435 4411//4411 4410//4410 
f 4400//4400 4427//4427 4413//4413 
f 4433//4433 4439//4439 4387//4387 
f 4437//4437 4410//4410 4413//4413 
f 4441//4441 4413//4413 4410//4410 
f 4393//4393 4387//4387 4383//4383 
v 0.00874167 0.03524 0.05 
v 0.00960769 0.03424 0.0495 
v 0.00989274 0.03424 0.0499389 
v 0.00908372 0.03524 0.0505267 
v 0.0102221 0.03424 0.0503457 
v 0.00947895 0.03524 0.0510148 
v 0.0105922 0.03424 0.0507157 
v 0.00992304 0.03524 0.0514589 
v 0.0109989 0.03424 0.0510451 
v 0.0104111 0.03524 0.0518541 
v 0.0114378 0.03424 0.0513301 
v 0.0109378 0.03524 0.0521962 
v 0.0119041 0.03424 0.0515677 
v 0.0114974 0.03524 0.0524813 
v 0.0123927 0.03424 0.0517553 
v 0.0120837 0.03524 0.0527063 
v 0.0128983 0.03424 0.0518907 
v 0.0126904 0.03524 0.0528689 
v 0.0134152 0.03424 0.0519726 
v 0.0133107 0.03524 0.0529671 
v 0.0139378 0.03424 0.052 
v 0.0139378 0.03524 0.053 
vn -0.612372 -0.707107 0.353553 
vn -0.612372 -0.707107 0.353553 
vn -0.572061 -0.707107 0.415627 
vn -0.572061 -0.707107 0.415627 
vn -0.525483 -0.707107 0.473147 
vn -0.525483 -0.707107 0.473147 
vn -0.473147 -0.707107 0.525483 
vn -0.473147 -0.707107 0.525483 
vn -0.415627 -0.707107 0.572061 
vn -0.415627 -0.707107 0.572061 
vn -0.353553 -0.707107 0.612372 
vn -0.353553 -0.707107 0.612372 
vn -0.287606 -0.707107 0.645974 
vn -0.287606 -0.707107 0.645974 
vn -0.218508 -0.707107 0.672499 
vn -0.218508 -0.707107 0.672499 
vn -0.147016 -0.707107 0.691655 
vn -0.147016 -0.707107 0.691655 
vn -0.0739128 -0.707107 0.703233 
vn -0.0739128 -0.707107 0.703233 
vn 0 -0.707107 0.707107 
vn 0 -0.707107 0.707107 
f 4442//4442 4443//4443 4444//4444 
f 4445//4445 4444//4444 4446//4446 
f 4447//4447 4446//4446 4448//4448 
f 4449//4449 4448//4448 4450//4450 
f 4451//4451 4450//4450 4452//4452 
f 4453//4453 4452//4452 4454//4454 
f 4455//4455 4454//4454 4456//4456 
f 4457//4457 4456//4456 4458//4458 
f 4459//4459 4458//4458 4460//4460 
f 4461//4461 4460//4460 4462//4462 
f 4462//4462 4463//4463 4461//4461 
f 4460//4460 4461//4461 4459//4459 
f 4458//4458 4459//4459 4457//4457 
f 4456//4456 4457//4457 4455//4455 
f 4454//4454 4455//4455 4453//4453 
f 4452//4452 4453//4453 4451//4451 
f 4450//4450 4451//4451 4449//4449 
f 4448//4448 4449//4449 4447//4447 
f 4446//4446 4447//4447 4445//4445 
f 4444//4444 4445//4445 4442//4442 
v 0.0260622 0.03524 0.053 
v 0.0260622 0.03424 0.052 
v 0.0265848 0.03424 0.0519726 
v 0.0266893 0.03524 0.0529671 
v 0.0271017 0.03424 0.0518907 
v 0.0273096 0.03524 0.0528689 
v 0.0276073 0.03424 0.0517553 
v 0.0279163 0.03524 0.0527063 
v 0.0280959 0.03424 0.0515677 
v 0.0285026 0.03524 0.0524813 
v 0.0285622 0.03424 0.0513301 
v 0.0290622 0.03524 0.0521962 
v 0.0290011 0.03424 0.0510451 
v 0.0295889 0.03524 0.0518541 
v 0.0294078 0.03424 0.0507157 
v 0.030077 0.03524 0.0514589 
v 0.0297779 0.03424 0.0503457 
v 0.030521 0.03524 0.0510148 
v 0.0301073 0.03424 0.0499389 
v 0.0309163 0.03524 0.0505267 
v 0.0303923 0.03424 0.0495 
v 0.0312583 0.03524 0.05 
vn 0 -0.707107 0.707107 
vn 0 -0.707107 0.707107 
vn 0.0739128 -0.707107 0.703233 
vn 0.0739128 -0.707107 0.703233 
vn 0.147016 -0.707107 0.691655 
vn 0.147016 -0.707107 0.691655 
vn 0.218508 -0.707107 0.672499 
vn 0.218508 -0.707107 0.672499 
vn 0.287606 -0.707107 0.645974 
vn 0.287606 -0.707107 0.645974 
vn 0.353553 -0.707107 0.612372 
vn 0.353553 -0.707107 0.612372 
vn 0.415627 -0.707107 0.572061 
vn 0.415627 -0.707107 0.572061 
vn 0.473147 -0.707107 0.525483 
vn 0.473147 -0.707107 0.525483 
vn 0.525483 -0.707107 0.473147 
vn 0.525483 -0.707107 0.473147 
vn 0.572061 -0.707107 0.415627 
vn 0.572061 -0.707107 0.415627 
vn 0.612372 -0.707107 0.353553 
vn 0.612372 -0.707107 0.353553 
f 4464//4464 4465//4465 4466//4466 
f 4467//4467 4466//4466 4468//4468 
f 4469//4469 4468//4468 4470//4470 
f 4471//4471 4470//4470 4472//4472 
f 4473//4473 4472//4472 4474//4474 
f 4475//4475 4474//4474 4476//4476 
f 4477//4477 4476//4476 4478//4478 
f 4479//4479 4478//4478 4480//4480 
f 4481//4481 4480//4480 4482//4482 
f 4483//4483 4482//4482 4484//4484 
f 4484//4484 4485//4485 4483//4483 
f 4482//4482 4483//4483 4481//4481 
f 4480//4480 4481//4481 4479//4479 
f 4478//4478 4479//4479 4477//4477 
f 4476//4476 4477//4477 4475//4475 
f 4474//4474 4475//4475 4473//4473 
f 4472//4472 4473//4473 4471//4471 
f 4470//4470 4471//4471 4469//4469 
f 4468//4468 4469//4469 4467//4467 
f 4466//4466 4467//4467 4464//4464 
v 0.0312583 0.03524 0.05 
v 0.0303923 0.03424 0.0495 
v 0.0309756 0.03424 0.0483514 
v 0.0318902 0.03524 0.0487557 
v 0.0314324 0.03424 0.0471469 
v 0.0323851 0.03524 0.0474508 
v 0.0317575 0.03424 0.0459003 
v 0.0327373 0.03524 0.0461003 
v 0.031947 0.03424 0.0446261 
v 0.0329426 0.03524 0.0447199 
v 0.0319989 0.03424 0.0433389 
v 0.0329988 0.03524 0.0433255 
v 0.0319125 0.03424 0.0420536 
v 0.0329052 0.03524 0.041933 
v 0.0316888 0.03424 0.0407849 
v 0.0326629 0.03524 0.0405586 
v 0.0313304 0.03424 0.0395475 
v 0.0322746 0.03524 0.0392181 
v 0.0308414 0.03424 0.0383557 
v 0.0317449 0.03524 0.037927 
v 0.0302275 0.03424 0.0372232 
v 0.0310798 0.03524 0.0367001 
v 0.0294957 0.03424 0.036163 
v 0.030287 0.03524 0.0355515 
v 0.0286544 0.03424 0.0351873 
v 0.0293756 0.03524 0.0344946 
v 0.0277135 0.03424 0.0343075 
v 0.0283562 0.03524 0.0335414 
v 0.0266836 0.03424 0.0335336 
v 0.0272405 0.03524 0.032703 
v 0.0255767 0.03424 0.0328745 
v 0.0260414 0.03524 0.0319891 
v 0.0244055 0.03424 0.0323379 
v 0.0247726 0.03524 0.0314078 
v 0.0231836 0.03424 0.03193 
v 0.0234489 0.03524 0.0309658 
v 0.0219249 0.03424 0.0316554 
v 0.0220853 0.03524 0.0306683 
v 0.0206441 0.03424 0.0315173 
v 0.0206978 0.03524 0.0305187 
v 0.0193559 0.03424 0.0315173 
v 0.0193022 0.03524 0.0305187 
v 0.0180751 0.03424 0.0316554 
v 0.0179147 0.03524 0.0306683 
v 0.0168164 0.03424 0.03193 
v 0.0165511 0.03524 0.0309658 
v 0.0155945 0.03424 0.0323379 
v 0.0152274 0.03524 0.0314078 
v 0.0144233 0.03424 0.0328745 
v 0.0139586 0.03524 0.0319891 
v 0.0133164 0.03424 0.0335336 
v 0.0127595 0.03524 0.032703 
v 0.0122865 0.03424 0.0343075 
v 0.0116438 0.03524 0.0335414 
v 0.0113456 0.03424 0.0351873 
v 0.0106244 0.03524 0.0344946 
v 0.0105043 0.03424 0.036163 
v 0.00971303 0.03524 0.0355515 
v 0.00977253 0.03424 0.0372232 
v 0.00892024 0.03524 0.0367001 
v 0.00915859 0.03424 0.0383557 
v 0.00825514 0.03524 0.037927 
v 0.0086696 0.03424 0.0395475 
v 0.0077254 0.03524 0.0392181 
v 0.00831119 0.03424 0.0407849 
v 0.00733713 0.03524 0.0405586 
v 0.00808749 0.03424 0.0420536 
v 0.00709478 0.03524 0.041933 
v 0.00800108 0.03424 0.0433389 
v 0.00700117 0.03524 0.0433255 
v 0.00805295 0.03424 0.0446261 
v 0.00705737 0.03524 0.0447199 
v 0.00824251 0.03424 0.0459003 
v 0.00726272 0.03524 0.0461003 
v 0.00856757 0.03424 0.0471469 
v 0.00761487 0.03524 0.0474508 
v 0.00902439 0.03424 0.0483514 
v 0.00810975 0.03524 0.0487557 
v 0.00960769 0.03424 0.0495 
v 0.00874167 0.03524 0.05 
vn 0.612372 -0.707107 0.353553 
vn 0.612372 -0.707107 0.353553 
vn 0.646744 -0.707107 0.285871 
vn 0.646744 -0.707107 0.285871 
vn 0.673662 -0.707107 0.214893 
vn 0.673662 -0.707107 0.214893 
vn 0.692817 -0.707107 0.14144 
vn 0.692817 -0.707107 0.14144 
vn 0.703986 -0.707107 0.0663556 
vn 0.703986 -0.707107 0.0663556 
vn 0.707043 -0.707107 -0.00949305 
vn 0.707043 -0.707107 -0.00949305 
vn 0.701951 -0.707107 -0.0852323 
vn 0.701951 -0.707107 -0.0852323 
vn 0.68877 -0.707107 -0.159989 
vn 0.68877 -0.707107 -0.159989 
vn 0.66765 -0.707107 -0.232902 
vn 0.66765 -0.707107 -0.232902 
vn 0.638836 -0.707107 -0.303131 
vn 0.638836 -0.707107 -0.303131 
vn 0.602659 -0.707107 -0.369867 
vn 0.602659 -0.707107 -0.369867 
vn 0.559538 -0.707107 -0.43234 
vn 0.559538 -0.707107 -0.43234 
vn 0.509967 -0.707107 -0.48983 
vn 0.509967 -0.707107 -0.48983 
vn 0.454519 -0.707107 -0.541675 
vn 0.454519 -0.707107 -0.541675 
vn 0.393834 -0.707107 -0.587278 
vn 0.393834 -0.707107 -0.587278 
vn 0.328609 -0.707107 -0.626112 
vn 0.328609 -0.707107 -0.626112 
vn 0.259597 -0.707107 -0.65773 
vn 0.259597 -0.707107 -0.65773 
vn 0.187593 -0.707107 -0.681769 
vn 0.187593 -0.707107 -0.681769 
vn 0.113428 -0.707107 -0.69795 
vn 0.113428 -0.707107 -0.69795 
vn 0.0379551 -0.707107 -0.706087 
vn 0.0379551 -0.707107 -0.706087 
vn -0.0379551 -0.707107 -0.706087 
vn -0.0379551 -0.707107 -0.706087 
vn -0.113428 -0.707107 -0.69795 
vn -0.113428 -0.707107 -0.69795 
vn -0.187593 -0.707107 -0.681769 
vn -0.187593 -0.707107 -0.681769 
vn -0.259597 -0.707107 -0.65773 
vn -0.259597 -0.707107 -0.65773 
vn -0.328609 -0.707107 -0.626112 
vn -0.328609 -0.707107 -0.626112 
vn -0.393834 -0.707107 -0.587278 
vn -0.393834 -0.707107 -0.587278 
vn -0.454519 -0.707107 -0.541675 
vn -0.454519 -0.707107 -0.541675 
vn -0.509967 -0.707107 -0.48983 
vn -0.509967 -0.707107 -0.48983 
vn -0.559538 -0.707107 -0.43234 
vn -0.559538 -0.707107 -0.43234 
vn -0.602659 -0.707107 -0.369867 
vn -0.602659 -0.707107 -0.369867 
vn -0.638836 -0.707107 -0.303131 
vn -0.638836 -0.707107 -0.303131 
vn -0.66765 -0.707107 -0.232902 
vn -0.66765 -0.707107 -0.232902 
vn -0.68877 -0.707107 -0.159989 
vn -0.68877 -0.707107 -0.159989 
vn -0.701951 -0.707107 -0.0852323 
vn -0.701951 -0.707107 -0.0852323 
vn -0.707043 -0.707107 -0.00949305 
vn -0.707043 -0.707107 -0.00949305 
vn -0.703986 -0.707107 0.0663556 
vn -0.703986 -0.707107 0.0663556 
vn -0.692817 -0.707107 0.14144 
vn -0.692817 -0.707107 0.14144 
vn -0.673662 -0.707107 0.214893 
vn -0.673662 -0.707107 0.214893 
vn -0.646744 -0.707107 0.285871 
vn -0.646744 -0.707107 0.285871 
vn -0.612372 -0.707107 0.353553 
vn -0.612372 -0.707107 0.353553 
f 4486//4486 4487//4487 4488//4488 
f 4489//4489 4488//4488 4490//4490 
f 4491//4491 4490//4490 4492//4492 
f 4493//4493 4492//4492 4494//4494 
f 4495//4495 4494//4494 4496//4496 
f 4497//4497 4496//4496 4498//4498 
f 4499//4499 4498//4498 4500//4500 
f 4501//4501 4500//4500 4502//4502 
f 4503//4503 4502//4502 4504//4504 
f 4505//4505 4504//4504 4506//4506 
f 4507//4507 4506//4506 4508//4508 
f 4509//4509 4508//4508 4510//4510 
f 4511//4511 4510//4510 4512//4512 
f 4513//4513 4512//4512 4514//4514 
f 4515//4515 4514//4514 4516//4516 
f 4517//4517 4516//4516 4518//4518 
f 4519//4519 4518//4518 4520//4520 
f 4521//4521 4520//4520 4522//4522 
f 4523//4523 4522//4522 4524//4524 
f 4525//4525 4524//4524 4526//4526 
f 4527//4527 4526//4526 4528//4528 
f 4529//4529 4528//4528 4530//4530 
f 4531//4531 4530//4530 4532//4532 
f 4533//4533 4532//4532 4534//4534 
f 4535//4535 4534//4534 4536//4536 
f 4537//4537 4536//4536 4538//4538 
f 4539//4539 4538//4538 4540//4540 
f 4541//4541 4540//4540 4542//4542 
f 4543//4543 4542//4542 4544//4544 
f 4545//4545 4544//4544 4546//4546 
f 4547//4547 4546//4546 4548//4548 
f 4549//4549 4548//4548 4550//4550 
f 4551//4551 4550//4550 4552//4552 
f 4553//4553 4552//4552 4554//4554 
f 4555//4555 4554//4554 4556//4556 
f 4557//4557 4556//4556 4558//4558 
f 4559//4559 4558//4558 4560//4560 
f 4561//4561 4560//4560 4562//4562 
f 4563//4563 4562//4562 4564//4564 
f 4564//4564 4565//4565 4563//4563 
f 4562//4562 4563//4563 4561//4561 
f 4560//4560 4561//4561 4559//4559 
f 4558//4558 4559//4559 4557//4557 
f 4556//4556 4557//4557 4555//4555 
f 4554//4554 4555//4555 4553//4553 
f 4552//4552 4553//4553 4551//4551 
f 4550//4550 4551//4551 4549//4549 
f 4548//4548 4549//4549 4547//4547 
f 4546//4546 4547//4547 4545//4545 
f 4544//4544 4545//4545 4543//4543 
f 4542//4542 4543//4543 4541//4541 
f 4540//4540 4541//4541 4539//4539 
f 4538//4538 4539//4539 4537//4537 
f 4536//4536 4537//4537 4535//4535 
f 4534//4534 4535//4535 4533//4533 
f 4532//4532 4533//4533 4531//4531 
f 4530//4530 4531//4531 4529//4529 
f 4528//4528 4529//4529 4527//4527 
f 4526//4526 4527//4527 4525//4525 
f 4524//4524 4525//4525 4523//4523 
f 4522//4522 4523//4523 4521//4521 
f 4520//4520 4521//4521 4519//4519 
f 4518//4518 4519//4519 4517//4517 
f 4516//4516 4517//4517 4515//4515 
f 4514//4514 4515//4515 4513//4513 
f 4512//4512 4513//4513 4511//4511 
f 4510//4510 4511//4511 4509//4509 
f 4508//4508 4509//4509 4507//4507 
f 4506//4506 4507//4507 4505//4505 
f 4504//4504 4505//4505 4503//4503 
f 4502//4502 4503//4503 4501//4501 
f 4500//4500 4501//4501 4499//4499 
f 4498//4498 4499//4499 4497//4497 
f 4496//4496 4497//4497 4495//4495 
f 4494//4494 4495//4495 4493//4493 
f 4492//4492 4493//4493 4491//4491 
f 4490//4490 4491//4491 4489//4489 
f 4488//4488 4489//4489 4486//4486 
