# OBJ generated by ONSHAPE BY PTC INC, 1.221 Units = meters
mtllib link_4.mtl
usemtl 0.301961_0.301961_0.301961_0.000000_0.000000
v -1.73472e-18 0.00927356 0.026275 
v -0.0050204 0.00872756 0.026275 
v -0.00493193 0.00818796 0.026275 
v -0.00478565 0.00766109 0.026275 
v -0.00458326 0.00715312 0.026275 
v -0.00432713 0.00667001 0.026275 
v -0.00402027 0.00621743 0.026275 
v -0.00366628 0.00580068 0.026275 
v -0.0032693 0.00542464 0.026275 
v -0.00283399 0.00509373 0.026275 
v -0.00236546 0.00481183 0.026275 
v -0.0018692 0.00458223 0.026275 
v -0.00135102 0.00440763 0.026275 
v -0.000816999 0.00429009 0.026275 
v -0.000273401 0.00423097 0.026275 
v 0.000273401 0.00423097 0.026275 
v 0.000816999 0.00429009 0.026275 
v 0.00135102 0.00440763 0.026275 
v 0.0018692 0.00458223 0.026275 
v 0.00236546 0.00481183 0.026275 
v 0.00283399 0.00509373 0.026275 
v 0.0032693 0.00542464 0.026275 
v 0.00366628 0.00580068 0.026275 
v 0.00402027 0.00621743 0.026275 
v 0.00432713 0.00667001 0.026275 
v 0.00458326 0.00715312 0.026275 
v 0.00478565 0.00766109 0.026275 
v 0.00493193 0.00818796 0.026275 
v 0.0050204 0.00872756 0.026275 
v 0.00505 0.00927356 0.026275 
v 0.0050204 0.00981956 0.026275 
v 0.00493193 0.0103592 0.026275 
v 0.00478565 0.010886 0.026275 
v 0.00458326 0.011394 0.026275 
v 0.00432713 0.0118771 0.026275 
v 0.00402027 0.0123297 0.026275 
v 0.00366628 0.0127464 0.026275 
v 0.0032693 0.0131225 0.026275 
v 0.00283399 0.0134534 0.026275 
v 0.00236546 0.0137353 0.026275 
v 0.0018692 0.0139649 0.026275 
v 0.00135102 0.0141395 0.026275 
v 0.000816999 0.014257 0.026275 
v 0.000273401 0.0143162 0.026275 
v -0.000273401 0.0143162 0.026275 
v -0.000816999 0.014257 0.026275 
v -0.00135102 0.0141395 0.026275 
v -0.0018692 0.0139649 0.026275 
v -0.00236546 0.0137353 0.026275 
v -0.00283399 0.0134534 0.026275 
v -0.0032693 0.0131225 0.026275 
v -0.00366628 0.0127464 0.026275 
v -0.00402027 0.0123297 0.026275 
v -0.00432713 0.0118771 0.026275 
v -0.00458326 0.011394 0.026275 
v -0.00478565 0.010886 0.026275 
v -0.00493193 0.0103592 0.026275 
v -0.0050204 0.00981956 0.026275 
v -0.00505 0.00927356 0.026275 
vn 0 0 1 
vn 0 0 1 
vn 0 0 1 
vn 0 0 1 
vn 0 0 1 
vn 0 0 1 
vn 0 0 1 
vn 0 0 1 
vn 0 0 1 
vn 0 0 1 
vn 0 0 1 
vn 0 0 1 
vn 0 0 1 
vn 0 0 1 
vn 0 0 1 
vn 0 0 1 
vn 0 0 1 
vn 0 0 1 
vn 0 0 1 
vn 0 0 1 
vn 0 0 1 
vn 0 0 1 
vn 0 0 1 
vn 0 0 1 
vn 0 0 1 
vn 0 0 1 
vn 0 0 1 
vn 0 0 1 
vn 0 0 1 
vn 0 0 1 
vn 0 0 1 
vn 0 0 1 
vn 0 0 1 
vn 0 0 1 
vn 0 0 1 
vn 0 0 1 
vn 0 0 1 
vn 0 0 1 
vn 0 0 1 
vn 0 0 1 
vn 0 0 1 
vn 0 0 1 
vn 0 0 1 
vn 0 0 1 
vn 0 0 1 
vn 0 0 1 
vn 0 0 1 
vn 0 0 1 
vn 0 0 1 
vn 0 0 1 
vn 0 0 1 
vn 0 0 1 
vn 0 0 1 
vn 0 0 1 
vn 0 0 1 
vn 0 0 1 
vn 0 0 1 
vn 0 0 1 
vn 0 0 1 
f 1//1 2//2 3//3 
f 3//3 4//4 1//1 
f 4//4 5//5 1//1 
f 5//5 6//6 1//1 
f 6//6 7//7 1//1 
f 7//7 8//8 1//1 
f 8//8 9//9 1//1 
f 9//9 10//10 1//1 
f 10//10 11//11 1//1 
f 11//11 12//12 1//1 
f 12//12 13//13 1//1 
f 13//13 14//14 1//1 
f 14//14 15//15 1//1 
f 15//15 16//16 1//1 
f 16//16 17//17 1//1 
f 17//17 18//18 1//1 
f 18//18 19//19 1//1 
f 19//19 20//20 1//1 
f 20//20 21//21 1//1 
f 21//21 22//22 1//1 
f 22//22 23//23 1//1 
f 23//23 24//24 1//1 
f 24//24 25//25 1//1 
f 25//25 26//26 1//1 
f 26//26 27//27 1//1 
f 27//27 28//28 1//1 
f 28//28 29//29 1//1 
f 29//29 30//30 1//1 
f 30//30 31//31 1//1 
f 31//31 32//32 1//1 
f 32//32 33//33 1//1 
f 33//33 34//34 1//1 
f 34//34 35//35 1//1 
f 35//35 36//36 1//1 
f 36//36 37//37 1//1 
f 37//37 38//38 1//1 
f 38//38 39//39 1//1 
f 39//39 40//40 1//1 
f 40//40 41//41 1//1 
f 41//41 42//42 1//1 
f 42//42 43//43 1//1 
f 43//43 44//44 1//1 
f 44//44 45//45 1//1 
f 45//45 46//46 1//1 
f 46//46 47//47 1//1 
f 47//47 48//48 1//1 
f 48//48 49//49 1//1 
f 49//49 50//50 1//1 
f 50//50 51//51 1//1 
f 51//51 52//52 1//1 
f 52//52 53//53 1//1 
f 53//53 54//54 1//1 
f 54//54 55//55 1//1 
f 55//55 56//56 1//1 
f 56//56 57//57 1//1 
f 57//57 58//58 1//1 
f 58//58 59//59 1//1 
f 59//59 2//2 1//1 
v -0.00505 0.00927356 0.0181 
v -0.00505 0.00927356 0.026275 
v -0.0050204 0.00981956 0.026275 
v -0.0050204 0.00981956 0.0181 
v -0.00493193 0.0103592 0.026275 
v -0.00493193 0.0103592 0.0181 
v -0.00478565 0.010886 0.026275 
v -0.00478565 0.010886 0.0181 
v -0.00458326 0.011394 0.026275 
v -0.00458326 0.011394 0.0181 
v -0.00432713 0.0118771 0.026275 
v -0.00432713 0.0118771 0.0181 
v -0.00402027 0.0123297 0.026275 
v -0.00402027 0.0123297 0.0181 
v -0.00366628 0.0127464 0.026275 
v -0.00366628 0.0127464 0.0181 
v -0.0032693 0.0131225 0.026275 
v -0.0032693 0.0131225 0.0181 
v -0.00283399 0.0134534 0.026275 
v -0.00283399 0.0134534 0.0181 
v -0.00236546 0.0137353 0.026275 
v -0.00236546 0.0137353 0.0181 
v -0.0018692 0.0139649 0.026275 
v -0.0018692 0.0139649 0.0181 
v -0.00135102 0.0141395 0.026275 
v -0.00135102 0.0141395 0.0181 
v -0.000816999 0.014257 0.026275 
v -0.000816999 0.014257 0.0181 
v -0.000273401 0.0143162 0.026275 
v -0.000273401 0.0143162 0.0181 
v 0.000273401 0.0143162 0.026275 
v 0.000273401 0.0143162 0.0181 
v 0.000816999 0.014257 0.026275 
v 0.000816999 0.014257 0.0181 
v 0.00135102 0.0141395 0.026275 
v 0.00135102 0.0141395 0.0181 
v 0.0018692 0.0139649 0.026275 
v 0.0018692 0.0139649 0.0181 
v 0.00236546 0.0137353 0.026275 
v 0.00236546 0.0137353 0.0181 
v 0.00283399 0.0134534 0.026275 
v 0.00283399 0.0134534 0.0181 
v 0.0032693 0.0131225 0.026275 
v 0.0032693 0.0131225 0.0181 
v 0.00366628 0.0127464 0.026275 
v 0.00366628 0.0127464 0.0181 
v 0.00402027 0.0123297 0.026275 
v 0.00402027 0.0123297 0.0181 
v 0.00432713 0.0118771 0.026275 
v 0.00432713 0.0118771 0.0181 
v 0.00458326 0.011394 0.026275 
v 0.00458326 0.011394 0.0181 
v 0.00478565 0.010886 0.026275 
v 0.00478565 0.010886 0.0181 
v 0.00493193 0.0103592 0.026275 
v 0.00493193 0.0103592 0.0181 
v 0.0050204 0.00981956 0.026275 
v 0.0050204 0.00981956 0.0181 
v 0.00505 0.00927356 0.026275 
v 0.00505 0.00927356 0.0181 
v 0.0050204 0.00872756 0.026275 
v 0.0050204 0.00872756 0.0181 
v 0.00493193 0.00818796 0.026275 
v 0.00493193 0.00818796 0.0181 
v 0.00478565 0.00766109 0.026275 
v 0.00478565 0.00766109 0.0181 
v 0.00458326 0.00715312 0.026275 
v 0.00458326 0.00715312 0.0181 
v 0.00432713 0.00667001 0.026275 
v 0.00432713 0.00667001 0.0181 
v 0.00402027 0.00621743 0.026275 
v 0.00402027 0.00621743 0.0181 
v 0.00366628 0.00580068 0.026275 
v 0.00366628 0.00580068 0.0181 
v 0.0032693 0.00542464 0.026275 
v 0.0032693 0.00542464 0.0181 
v 0.00283399 0.00509373 0.026275 
v 0.00283399 0.00509373 0.0181 
v 0.00236546 0.00481183 0.026275 
v 0.00236546 0.00481183 0.0181 
v 0.0018692 0.00458223 0.026275 
v 0.0018692 0.00458223 0.0181 
v 0.00135102 0.00440763 0.026275 
v 0.00135102 0.00440763 0.0181 
v 0.000816999 0.00429009 0.026275 
v 0.000816999 0.00429009 0.0181 
v 0.000273401 0.00423097 0.026275 
v 0.000273401 0.00423097 0.0181 
v -0.000273401 0.00423097 0.026275 
v -0.000273401 0.00423097 0.0181 
v -0.000816999 0.00429009 0.026275 
v -0.000816999 0.00429009 0.0181 
v -0.00135102 0.00440763 0.026275 
v -0.00135102 0.00440763 0.0181 
v -0.0018692 0.00458223 0.026275 
v -0.0018692 0.00458223 0.0181 
v -0.00236546 0.00481183 0.026275 
v -0.00236546 0.00481183 0.0181 
v -0.00283399 0.00509373 0.026275 
v -0.00283399 0.00509373 0.0181 
v -0.0032693 0.00542464 0.026275 
v -0.0032693 0.00542464 0.0181 
v -0.00366628 0.00580068 0.026275 
v -0.00366628 0.00580068 0.0181 
v -0.00402027 0.00621743 0.026275 
v -0.00402027 0.00621743 0.0181 
v -0.00432713 0.00667001 0.026275 
v -0.00432713 0.00667001 0.0181 
v -0.00458326 0.00715312 0.026275 
v -0.00458326 0.00715312 0.0181 
v -0.00478565 0.00766109 0.026275 
v -0.00478565 0.00766109 0.0181 
v -0.00493193 0.00818796 0.026275 
v -0.00493193 0.00818796 0.0181 
v -0.0050204 0.00872756 0.026275 
v -0.0050204 0.00872756 0.0181 
vn -1 0 0 
vn -1 0 0 
vn -0.994138 0.108119 0 
vn -0.994138 0.108119 0 
vn -0.976621 0.21497 0 
vn -0.976621 0.21497 0 
vn -0.947653 0.319302 0 
vn -0.947653 0.319302 0 
vn -0.907575 0.419889 0 
vn -0.907575 0.419889 0 
vn -0.856857 0.515554 0 
vn -0.856857 0.515554 0 
vn -0.796093 0.605174 0 
vn -0.796093 0.605174 0 
vn -0.725995 0.687699 0 
vn -0.725995 0.687699 0 
vn -0.647386 0.762162 0 
vn -0.647386 0.762162 0 
vn -0.561187 0.827689 0 
vn -0.561187 0.827689 0 
vn -0.468408 0.883512 0 
vn -0.468408 0.883512 0 
vn -0.370138 0.928977 0 
vn -0.370138 0.928977 0 
vn -0.267528 0.96355 0 
vn -0.267528 0.96355 0 
vn -0.161782 0.986827 0 
vn -0.161782 0.986827 0 
vn -0.0541389 0.998533 0 
vn -0.0541389 0.998533 0 
vn 0.0541389 0.998533 0 
vn 0.0541389 0.998533 0 
vn 0.161782 0.986827 0 
vn 0.161782 0.986827 0 
vn 0.267528 0.96355 0 
vn 0.267528 0.96355 0 
vn 0.370138 0.928977 0 
vn 0.370138 0.928977 0 
vn 0.468408 0.883512 0 
vn 0.468408 0.883512 0 
vn 0.561187 0.827689 0 
vn 0.561187 0.827689 0 
vn 0.647386 0.762162 0 
vn 0.647386 0.762162 0 
vn 0.725995 0.687699 0 
vn 0.725995 0.687699 0 
vn 0.796093 0.605174 0 
vn 0.796093 0.605174 0 
vn 0.856857 0.515554 0 
vn 0.856857 0.515554 0 
vn 0.907575 0.419889 0 
vn 0.907575 0.419889 0 
vn 0.947653 0.319302 0 
vn 0.947653 0.319302 0 
vn 0.976621 0.21497 0 
vn 0.976621 0.21497 0 
vn 0.994138 0.108119 0 
vn 0.994138 0.108119 0 
vn 1 1.22465e-16 0 
vn 1 1.22465e-16 0 
vn 0.994138 -0.108119 0 
vn 0.994138 -0.108119 0 
vn 0.976621 -0.21497 0 
vn 0.976621 -0.21497 0 
vn 0.947653 -0.319302 0 
vn 0.947653 -0.319302 0 
vn 0.907575 -0.419889 0 
vn 0.907575 -0.419889 0 
vn 0.856857 -0.515554 0 
vn 0.856857 -0.515554 0 
vn 0.796093 -0.605174 0 
vn 0.796093 -0.605174 0 
vn 0.725995 -0.687699 0 
vn 0.725995 -0.687699 0 
vn 0.647386 -0.762162 0 
vn 0.647386 -0.762162 0 
vn 0.561187 -0.827689 0 
vn 0.561187 -0.827689 0 
vn 0.468408 -0.883512 0 
vn 0.468408 -0.883512 0 
vn 0.370138 -0.928977 0 
vn 0.370138 -0.928977 0 
vn 0.267528 -0.96355 0 
vn 0.267528 -0.96355 0 
vn 0.161782 -0.986827 0 
vn 0.161782 -0.986827 0 
vn 0.0541389 -0.998533 0 
vn 0.0541389 -0.998533 0 
vn -0.0541389 -0.998533 0 
vn -0.0541389 -0.998533 0 
vn -0.161782 -0.986827 0 
vn -0.161782 -0.986827 0 
vn -0.267528 -0.96355 0 
vn -0.267528 -0.96355 0 
vn -0.370138 -0.928977 0 
vn -0.370138 -0.928977 0 
vn -0.468408 -0.883512 0 
vn -0.468408 -0.883512 0 
vn -0.561187 -0.827689 0 
vn -0.561187 -0.827689 0 
vn -0.647386 -0.762162 0 
vn -0.647386 -0.762162 0 
vn -0.725995 -0.687699 0 
vn -0.725995 -0.687699 0 
vn -0.796093 -0.605174 0 
vn -0.796093 -0.605174 0 
vn -0.856857 -0.515554 0 
vn -0.856857 -0.515554 0 
vn -0.907575 -0.419889 0 
vn -0.907575 -0.419889 0 
vn -0.947653 -0.319302 0 
vn -0.947653 -0.319302 0 
vn -0.976621 -0.21497 0 
vn -0.976621 -0.21497 0 
vn -0.994138 -0.108119 0 
vn -0.994138 -0.108119 0 
f 60//60 61//61 62//62 
f 63//63 62//62 64//64 
f 65//65 64//64 66//66 
f 67//67 66//66 68//68 
f 69//69 68//68 70//70 
f 71//71 70//70 72//72 
f 73//73 72//72 74//74 
f 75//75 74//74 76//76 
f 77//77 76//76 78//78 
f 79//79 78//78 80//80 
f 81//81 80//80 82//82 
f 83//83 82//82 84//84 
f 85//85 84//84 86//86 
f 87//87 86//86 88//88 
f 89//89 88//88 90//90 
f 91//91 90//90 92//92 
f 93//93 92//92 94//94 
f 95//95 94//94 96//96 
f 97//97 96//96 98//98 
f 99//99 98//98 100//100 
f 101//101 100//100 102//102 
f 103//103 102//102 104//104 
f 105//105 104//104 106//106 
f 107//107 106//106 108//108 
f 109//109 108//108 110//110 
f 111//111 110//110 112//112 
f 113//113 112//112 114//114 
f 115//115 114//114 116//116 
f 117//117 116//116 118//118 
f 119//119 118//118 120//120 
f 121//121 120//120 122//122 
f 123//123 122//122 124//124 
f 125//125 124//124 126//126 
f 127//127 126//126 128//128 
f 129//129 128//128 130//130 
f 131//131 130//130 132//132 
f 133//133 132//132 134//134 
f 135//135 134//134 136//136 
f 137//137 136//136 138//138 
f 139//139 138//138 140//140 
f 141//141 140//140 142//142 
f 143//143 142//142 144//144 
f 145//145 144//144 146//146 
f 147//147 146//146 148//148 
f 149//149 148//148 150//150 
f 151//151 150//150 152//152 
f 153//153 152//152 154//154 
f 155//155 154//154 156//156 
f 157//157 156//156 158//158 
f 159//159 158//158 160//160 
f 161//161 160//160 162//162 
f 163//163 162//162 164//164 
f 165//165 164//164 166//166 
f 167//167 166//166 168//168 
f 169//169 168//168 170//170 
f 171//171 170//170 172//172 
f 173//173 172//172 174//174 
f 175//175 174//174 61//61 
f 61//61 60//60 175//175 
f 174//174 175//175 173//173 
f 172//172 173//173 171//171 
f 170//170 171//171 169//169 
f 168//168 169//169 167//167 
f 166//166 167//167 165//165 
f 164//164 165//165 163//163 
f 162//162 163//163 161//161 
f 160//160 161//161 159//159 
f 158//158 159//159 157//157 
f 156//156 157//157 155//155 
f 154//154 155//155 153//153 
f 152//152 153//153 151//151 
f 150//150 151//151 149//149 
f 148//148 149//149 147//147 
f 146//146 147//147 145//145 
f 144//144 145//145 143//143 
f 142//142 143//143 141//141 
f 140//140 141//141 139//139 
f 138//138 139//139 137//137 
f 136//136 137//137 135//135 
f 134//134 135//135 133//133 
f 132//132 133//133 131//131 
f 130//130 131//131 129//129 
f 128//128 129//129 127//127 
f 126//126 127//127 125//125 
f 124//124 125//125 123//123 
f 122//122 123//123 121//121 
f 120//120 121//121 119//119 
f 118//118 119//119 117//117 
f 116//116 117//117 115//115 
f 114//114 115//115 113//113 
f 112//112 113//113 111//111 
f 110//110 111//111 109//109 
f 108//108 109//109 107//107 
f 106//106 107//107 105//105 
f 104//104 105//105 103//103 
f 102//102 103//103 101//101 
f 100//100 101//101 99//99 
f 98//98 99//99 97//97 
f 96//96 97//97 95//95 
f 94//94 95//95 93//93 
f 92//92 93//93 91//91 
f 90//90 91//91 89//89 
f 88//88 89//89 87//87 
f 86//86 87//87 85//85 
f 84//84 85//85 83//83 
f 82//82 83//83 81//81 
f 80//80 81//81 79//79 
f 78//78 79//79 77//77 
f 76//76 77//77 75//75 
f 74//74 75//75 73//73 
f 72//72 73//73 71//71 
f 70//70 71//71 69//69 
f 68//68 69//69 67//67 
f 66//66 67//67 65//65 
f 64//64 65//65 63//63 
f 62//62 63//63 60//60 
v -0.00364772 0.0146535 0.0181 
v -0.00283399 0.0134534 0.0181 
v -0.00236546 0.0137353 0.0181 
v -0.00420801 0.0142276 0.0181 
v -0.0032693 0.0131225 0.0181 
v -0.0064619 0.00997633 0.0181 
v -0.0050204 0.00981956 0.0181 
v -0.00493193 0.0103592 0.0181 
v -0.0065 0.00927356 0.0181 
v -0.00505 0.00927356 0.0181 
v -0.00471897 0.0137436 0.0181 
v -0.00366628 0.0127464 0.0181 
v -0.0051746 0.0132072 0.0181 
v -0.00402027 0.0123297 0.0181 
v -0.00556957 0.0126247 0.0181 
v -0.00432713 0.0118771 0.0181 
v -0.00589924 0.0120028 0.0181 
v -0.00458326 0.011394 0.0181 
v -0.00615975 0.011349 0.0181 
v -0.00478565 0.010886 0.0181 
v -0.00634803 0.0106709 0.0181 
v 0.0024059 0.0153119 0.0181 
v 0.00173893 0.0155366 0.0181 
v 0.00135102 0.0141395 0.0181 
v 0.00105158 0.0156879 0.0181 
v 0.000816999 0.014257 0.0181 
v -0.0064619 0.00857079 0.0181 
v -0.0050204 0.00872756 0.0181 
v -0.00634803 0.00787625 0.0181 
v -0.00493193 0.00818796 0.0181 
v -0.00615975 0.0071981 0.0181 
v -0.00478565 0.00766109 0.0181 
v -0.00589924 0.00654428 0.0181 
v -0.00458326 0.00715312 0.0181 
v -0.00556957 0.00592246 0.0181 
v -0.00432713 0.00667001 0.0181 
v -0.0051746 0.00533993 0.0181 
v -0.00402027 0.00621743 0.0181 
v -0.00304465 0.00353073 0.0181 
v -0.00236546 0.00481183 0.0181 
v -0.00283399 0.00509373 0.0181 
v -0.0024059 0.00323521 0.0181 
v -0.0018692 0.00458223 0.0181 
v -0.00173893 0.00301049 0.0181 
v -0.00135102 0.00440763 0.0181 
v -0.00105158 0.00285919 0.0181 
v -0.000816999 0.00429009 0.0181 
v 0.00634803 0.0106709 0.0181 
v 0.00615975 0.011349 0.0181 
v 0.00478565 0.010886 0.0181 
v 0.00589924 0.0120028 0.0181 
v 0.00458326 0.011394 0.0181 
v 0.000351903 0.015764 0.0181 
v 0.000273401 0.0143162 0.0181 
v -0.00364772 0.00389358 0.0181 
v -0.0032693 0.00542464 0.0181 
v -0.000351903 0.00278309 0.0181 
v -0.000273401 0.00423097 0.0181 
v 0.00556957 0.0126247 0.0181 
v 0.00432713 0.0118771 0.0181 
v 0.0051746 0.0132072 0.0181 
v 0.00402027 0.0123297 0.0181 
v 0.00471897 0.0137436 0.0181 
v 0.00366628 0.0127464 0.0181 
v 0.00420801 0.0142276 0.0181 
v 0.00364772 0.0146535 0.0181 
v 0.00283399 0.0134534 0.0181 
v 0.00304465 0.0150164 0.0181 
v 0.00236546 0.0137353 0.0181 
v 0.0018692 0.0139649 0.0181 
v -0.00471897 0.00480351 0.0181 
v -0.00366628 0.00580068 0.0181 
v -0.00420801 0.00431951 0.0181 
v 0.00364772 0.00389358 0.0181 
v 0.00420801 0.00431951 0.0181 
v 0.0032693 0.00542464 0.0181 
v 0.00471897 0.00480351 0.0181 
v 0.00366628 0.00580068 0.0181 
v 0.0051746 0.00533993 0.0181 
v 0.00556957 0.00592246 0.0181 
v 0.00432713 0.00667001 0.0181 
v 0.00589924 0.00654428 0.0181 
v 0.00458326 0.00715312 0.0181 
v 0.00634803 0.00787625 0.0181 
v 0.0064619 0.00857079 0.0181 
v 0.0050204 0.00872756 0.0181 
v 0.0065 0.00927356 0.0181 
v 0.00505 0.00927356 0.0181 
v 0.0032693 0.0131225 0.0181 
v -0.000351903 0.015764 0.0181 
v -0.000273401 0.0143162 0.0181 
v -0.00105158 0.0156879 0.0181 
v -0.000816999 0.014257 0.0181 
v -0.00173893 0.0155366 0.0181 
v -0.00135102 0.0141395 0.0181 
v 0.000351903 0.00278309 0.0181 
v 0.000273401 0.00423097 0.0181 
v 0.00105158 0.00285919 0.0181 
v 0.000816999 0.00429009 0.0181 
v 0.00173893 0.00301049 0.0181 
v 0.00135102 0.00440763 0.0181 
v 0.0024059 0.00323521 0.0181 
v 0.00304465 0.00353073 0.0181 
v 0.00236546 0.00481183 0.0181 
v 0.00283399 0.00509373 0.0181 
v 0.00402027 0.00621743 0.0181 
v 0.00615975 0.0071981 0.0181 
v 0.00478565 0.00766109 0.0181 
v 0.00493193 0.00818796 0.0181 
v 0.0064619 0.00997633 0.0181 
v 0.0050204 0.00981956 0.0181 
v 0.00493193 0.0103592 0.0181 
v -0.0024059 0.0153119 0.0181 
v -0.0018692 0.0139649 0.0181 
v -0.00304465 0.0150164 0.0181 
v 0.0018692 0.00458223 0.0181 
vn 0 0 1 
vn 0 0 1 
vn 0 0 1 
vn 0 0 1 
vn 0 0 1 
vn 0 0 1 
vn 0 0 1 
vn 0 0 1 
vn 0 0 1 
vn 0 0 1 
vn 0 0 1 
vn 0 0 1 
vn 0 0 1 
vn 0 0 1 
vn 0 0 1 
vn 0 0 1 
vn 0 0 1 
vn 0 0 1 
vn 0 0 1 
vn 0 0 1 
vn 0 0 1 
vn 0 0 1 
vn 0 0 1 
vn 0 0 1 
vn 0 0 1 
vn 0 0 1 
vn 0 0 1 
vn 0 0 1 
vn 0 0 1 
vn 0 0 1 
vn 0 0 1 
vn 0 0 1 
vn 0 0 1 
vn 0 0 1 
vn 0 0 1 
vn 0 0 1 
vn 0 0 1 
vn 0 0 1 
vn 0 0 1 
vn 0 0 1 
vn 0 0 1 
vn 0 0 1 
vn 0 0 1 
vn 0 0 1 
vn 0 0 1 
vn 0 0 1 
vn 0 0 1 
vn 0 0 1 
vn 0 0 1 
vn 0 0 1 
vn 0 0 1 
vn 0 0 1 
vn 0 0 1 
vn 0 0 1 
vn 0 0 1 
vn 0 0 1 
vn 0 0 1 
vn 0 0 1 
vn 0 0 1 
vn 0 0 1 
vn 0 0 1 
vn 0 0 1 
vn 0 0 1 
vn 0 0 1 
vn 0 0 1 
vn 0 0 1 
vn 0 0 1 
vn 0 0 1 
vn 0 0 1 
vn 0 0 1 
vn 0 0 1 
vn 0 0 1 
vn 0 0 1 
vn 0 0 1 
vn 0 0 1 
vn 0 0 1 
vn 0 0 1 
vn 0 0 1 
vn 0 0 1 
vn 0 0 1 
vn 0 0 1 
vn 0 0 1 
vn 0 0 1 
vn 0 0 1 
vn 0 0 1 
vn 0 0 1 
vn 0 0 1 
vn 0 0 1 
vn 0 0 1 
vn 0 0 1 
vn 0 0 1 
vn 0 0 1 
vn 0 0 1 
vn 0 0 1 
vn 0 0 1 
vn 0 0 1 
vn 0 0 1 
vn 0 0 1 
vn 0 0 1 
vn 0 0 1 
vn 0 0 1 
vn 0 0 1 
vn 0 0 1 
vn 0 0 1 
vn 0 0 1 
vn 0 0 1 
vn 0 0 1 
vn 0 0 1 
vn 0 0 1 
vn 0 0 1 
vn 0 0 1 
vn 0 0 1 
vn 0 0 1 
vn 0 0 1 
vn 0 0 1 
vn 0 0 1 
f 176//176 177//177 178//178 
f 179//179 180//180 177//177 
f 181//181 182//182 183//183 
f 184//184 185//185 182//182 
f 177//177 176//176 179//179 
f 186//186 187//187 180//180 
f 188//188 189//189 187//187 
f 190//190 191//191 189//189 
f 192//192 193//193 191//191 
f 194//194 195//195 193//193 
f 196//196 183//183 195//195 
f 182//182 181//181 184//184 
f 180//180 179//179 186//186 
f 189//189 188//188 190//190 
f 193//193 192//192 194//194 
f 183//183 196//196 181//181 
f 197//197 198//198 199//199 
f 198//198 200//200 201//201 
f 187//187 186//186 188//188 
f 195//195 194//194 196//196 
f 202//202 203//203 185//185 
f 204//204 205//205 203//203 
f 206//206 207//207 205//205 
f 208//208 209//209 207//207 
f 210//210 211//211 209//209 
f 212//212 213//213 211//211 
f 214//214 215//215 216//216 
f 217//217 218//218 215//215 
f 219//219 220//220 218//218 
f 221//221 222//222 220//220 
f 223//223 224//224 225//225 
f 224//224 226//226 227//227 
f 201//201 199//199 198//198 
f 200//200 228//228 229//229 
f 191//191 190//190 192//192 
f 203//203 202//202 204//204 
f 207//207 206//206 208//208 
f 211//211 210//210 212//212 
f 230//230 216//216 231//231 
f 215//215 214//214 217//217 
f 220//220 219//219 221//221 
f 232//232 233//233 222//222 
f 227//227 225//225 224//224 
f 226//226 234//234 235//235 
f 234//234 236//236 237//237 
f 236//236 238//238 239//239 
f 240//240 241//241 242//242 
f 241//241 243//243 244//244 
f 243//243 197//197 245//245 
f 229//229 201//201 200//200 
f 185//185 184//184 202//202 
f 209//209 208//208 210//210 
f 246//246 247//247 213//213 
f 248//248 231//231 247//247 
f 216//216 230//230 214//214 
f 222//222 221//221 232//232 
f 249//249 250//250 251//251 
f 250//250 252//252 253//253 
f 254//254 255//255 256//256 
f 255//255 257//257 258//258 
f 259//259 260//260 261//261 
f 260//260 262//262 263//263 
f 235//235 227//227 226//226 
f 239//239 237//237 236//236 
f 238//238 240//240 264//264 
f 244//244 242//242 241//241 
f 199//199 245//245 197//197 
f 228//228 265//265 266//266 
f 267//267 268//268 266//266 
f 269//269 270//270 268//268 
f 205//205 204//204 206//206 
f 247//247 246//246 248//248 
f 218//218 217//217 219//219 
f 232//232 271//271 272//272 
f 271//271 273//273 274//274 
f 273//273 275//275 276//276 
f 277//277 278//278 279//279 
f 278//278 249//249 280//280 
f 253//253 251//251 250//250 
f 252//252 254//254 281//281 
f 258//258 256//256 255//255 
f 257//257 282//282 283//283 
f 282//282 259//259 284//284 
f 263//263 261//261 260//260 
f 262//262 285//285 286//286 
f 285//285 223//223 287//287 
f 237//237 235//235 234//234 
f 242//242 264//264 240//240 
f 266//266 229//229 228//228 
f 268//268 267//267 269//269 
f 288//288 289//289 270//270 
f 290//290 178//178 289//289 
f 213//213 212//212 246//246 
f 272//272 233//233 232//232 
f 276//276 274//274 273//273 
f 275//275 277//277 291//291 
f 280//280 279//279 278//278 
f 281//281 253//253 252//252 
f 283//283 258//258 257//257 
f 261//261 284//284 259//259 
f 287//287 286//286 285//285 
f 264//264 239//239 238//238 
f 266//266 265//265 267//267 
f 289//289 288//288 290//290 
f 231//231 248//248 230//230 
f 291//291 276//276 275//275 
f 251//251 280//280 249//249 
f 284//284 283//283 282//282 
f 225//225 287//287 223//223 
f 270//270 269//269 288//288 
f 274//274 272//272 271//271 
f 256//256 281//281 254//254 
f 245//245 244//244 243//243 
f 279//279 291//291 277//277 
f 178//178 290//290 176//176 
f 286//286 263//263 262//262 
v -0.0065 0.00927356 0.0171 
v -0.0065 0.00927356 0.0181 
v -0.0064619 0.00997633 0.0181 
v -0.0064619 0.00997633 0.0171 
v -0.00634803 0.0106709 0.0181 
v -0.00634803 0.0106709 0.0171 
v -0.00615975 0.011349 0.0181 
v -0.00615975 0.011349 0.0171 
v -0.00589924 0.0120028 0.0181 
v -0.00589924 0.0120028 0.0171 
v -0.00556957 0.0126247 0.0181 
v -0.0051746 0.0132072 0.0181 
v -0.0051746 0.0132072 0.0171 
v -0.00542325 0.0128566 0.0171 
v -0.00471897 0.0137436 0.0181 
v -0.00471897 0.0137436 0.0171 
v -0.00420801 0.0142276 0.0181 
v -0.00420801 0.0142276 0.0171 
v -0.00364772 0.0146535 0.0181 
v -0.00304465 0.0150164 0.0181 
v -0.00304465 0.0150164 0.0171 
v -0.00364035 0.0146585 0.0171 
v -0.0024059 0.0153119 0.0181 
v -0.0024059 0.0153119 0.0171 
v -0.00173893 0.0155366 0.0181 
v -0.00173893 0.0155366 0.0171 
v -0.00105158 0.0156879 0.0181 
v -0.00105158 0.0156879 0.0171 
v -0.000351903 0.015764 0.0181 
v -0.000351903 0.015764 0.0171 
v 0.000351903 0.015764 0.0181 
v 0.000351903 0.015764 0.0171 
v 0.00105158 0.0156879 0.0181 
v 0.00105158 0.0156879 0.0171 
v 0.00173893 0.0155366 0.0181 
v 0.00173893 0.0155366 0.0171 
v 0.0024059 0.0153119 0.0181 
v 0.0024059 0.0153119 0.0171 
v 0.00304465 0.0150164 0.0181 
v 0.00364772 0.0146535 0.0181 
v 0.00364035 0.0146585 0.0171 
v 0.00364772 0.0146535 0.0171 
v 0.00420801 0.0142276 0.0181 
v 0.00420801 0.0142276 0.0171 
v 0.00471897 0.0137436 0.0181 
v 0.00471897 0.0137436 0.0171 
v 0.0051746 0.0132072 0.0181 
v 0.00556957 0.0126247 0.0181 
v 0.00542325 0.0128566 0.0171 
v 0.00556957 0.0126247 0.0171 
v 0.00589924 0.0120028 0.0181 
v 0.00589924 0.0120028 0.0171 
v 0.00615975 0.011349 0.0181 
v 0.00615975 0.011349 0.0171 
v 0.00634803 0.0106709 0.0181 
v 0.00634803 0.0106709 0.0171 
v 0.0064619 0.00997633 0.0181 
v 0.0064619 0.00997633 0.0171 
v 0.0065 0.00927356 0.0181 
v 0.0065 0.00927356 0.0171 
v 0.0064619 0.00857079 0.0181 
v 0.0064619 0.00857079 0.0171 
v 0.00634803 0.00787625 0.0181 
v 0.00634803 0.00787625 0.0171 
v 0.00615975 0.0071981 0.0181 
v 0.00615975 0.0071981 0.0171 
v 0.00589924 0.00654428 0.0181 
v 0.00589924 0.00654428 0.0171 
v 0.00556957 0.00592246 0.0181 
v 0.0051746 0.00533993 0.0181 
v 0.0051746 0.00533993 0.0171 
v 0.0055 0.00580946 0.0171 
v 0.00471897 0.00480351 0.0181 
v 0.00471897 0.00480351 0.0171 
v 0.00420801 0.00431951 0.0181 
v 0.00420801 0.00431951 0.0171 
v 0.00364772 0.00389358 0.0181 
v 0.00364772 0.00389358 0.0171 
v 0.00304465 0.00353073 0.0181 
v 0.00304465 0.00353073 0.0171 
v 0.0024059 0.00323521 0.0181 
v 0.0024059 0.00323521 0.0171 
v 0.00173893 0.00301049 0.0181 
v 0.00173893 0.00301049 0.0171 
v 0.00105158 0.00285919 0.0181 
v 0.00105158 0.00285919 0.0171 
v 0.000351903 0.00278309 0.0181 
v 0.000351903 0.00278309 0.0171 
v -0.000351903 0.00278309 0.0181 
v -0.000351903 0.00278309 0.0171 
v -0.00105158 0.00285919 0.0181 
v -0.00105158 0.00285919 0.0171 
v -0.00173893 0.00301049 0.0181 
v -0.00173893 0.00301049 0.0171 
v -0.0024059 0.00323521 0.0181 
v -0.0024059 0.00323521 0.0171 
v -0.00304465 0.00353073 0.0181 
v -0.00304465 0.00353073 0.0171 
v -0.00364772 0.00389358 0.0181 
v -0.00364772 0.00389358 0.0171 
v -0.00420801 0.00431951 0.0181 
v -0.00420801 0.00431951 0.0171 
v -0.00471897 0.00480351 0.0181 
v -0.00471897 0.00480351 0.0171 
v -0.0051746 0.00533993 0.0181 
v -0.00556957 0.00592246 0.0181 
v -0.0055 0.00580946 0.0171 
v -0.00556957 0.00592246 0.0171 
v -0.00589924 0.00654428 0.0181 
v -0.00589924 0.00654428 0.0171 
v -0.00615975 0.0071981 0.0181 
v -0.00615975 0.0071981 0.0171 
v -0.00634803 0.00787625 0.0181 
v -0.00634803 0.00787625 0.0171 
v -0.0064619 0.00857079 0.0181 
v -0.0064619 0.00857079 0.0171 
v -0.0051746 0.00533993 0.0171 
v 0.00556957 0.00592246 0.0171 
v 0.0051746 0.0132072 0.0171 
v 0.00304465 0.0150164 0.0171 
v -0.00364772 0.0146535 0.0171 
v -0.00556957 0.0126247 0.0171 
vn -1 0 0 
vn -1 0 0 
vn -0.994138 0.108119 0 
vn -0.994138 0.108119 0 
vn -0.976621 0.21497 0 
vn -0.976621 0.21497 0 
vn -0.947653 0.319302 0 
vn -0.947653 0.319302 0 
vn -0.907575 0.419889 0 
vn -0.907575 0.419889 0 
vn -0.856857 0.515554 0 
vn -0.796093 0.605174 0 
vn -0.796093 0.605174 0 
vn -0.834346 0.551241 0 
vn -0.725995 0.687699 0 
vn -0.725995 0.687699 0 
vn -0.647386 0.762162 0 
vn -0.647386 0.762162 0 
vn -0.561187 0.827689 0 
vn -0.468408 0.883512 0 
vn -0.468408 0.883512 0 
vn -0.560054 0.828456 0 
vn -0.370138 0.928977 0 
vn -0.370138 0.928977 0 
vn -0.267528 0.96355 0 
vn -0.267528 0.96355 0 
vn -0.161782 0.986827 0 
vn -0.161782 0.986827 0 
vn -0.0541389 0.998533 0 
vn -0.0541389 0.998533 0 
vn 0.0541389 0.998533 0 
vn 0.0541389 0.998533 0 
vn 0.161782 0.986827 0 
vn 0.161782 0.986827 0 
vn 0.267528 0.96355 0 
vn 0.267528 0.96355 0 
vn 0.370138 0.928977 0 
vn 0.370138 0.928977 0 
vn 0.468408 0.883512 0 
vn 0.561187 0.827689 0 
vn 0.560054 0.828456 0 
vn 0.561187 0.827689 0 
vn 0.647386 0.762162 0 
vn 0.647386 0.762162 0 
vn 0.725995 0.687699 0 
vn 0.725995 0.687699 0 
vn 0.796093 0.605174 0 
vn 0.856857 0.515554 0 
vn 0.834346 0.551241 0 
vn 0.856857 0.515554 0 
vn 0.907575 0.419889 0 
vn 0.907575 0.419889 0 
vn 0.947653 0.319302 0 
vn 0.947653 0.319302 0 
vn 0.976621 0.21497 0 
vn 0.976621 0.21497 0 
vn 0.994138 0.108119 0 
vn 0.994138 0.108119 0 
vn 1 1.22465e-16 0 
vn 1 1.22465e-16 0 
vn 0.994138 -0.108119 0 
vn 0.994138 -0.108119 0 
vn 0.976621 -0.21497 0 
vn 0.976621 -0.21497 0 
vn 0.947653 -0.319302 0 
vn 0.947653 -0.319302 0 
vn 0.907575 -0.419889 0 
vn 0.907575 -0.419889 0 
vn 0.856857 -0.515554 0 
vn 0.796093 -0.605174 0 
vn 0.796093 -0.605174 0 
vn 0.846154 -0.532939 0 
vn 0.725995 -0.687699 0 
vn 0.725995 -0.687699 0 
vn 0.647386 -0.762162 0 
vn 0.647386 -0.762162 0 
vn 0.561187 -0.827689 0 
vn 0.561187 -0.827689 0 
vn 0.468408 -0.883512 0 
vn 0.468408 -0.883512 0 
vn 0.370138 -0.928977 0 
vn 0.370138 -0.928977 0 
vn 0.267528 -0.96355 0 
vn 0.267528 -0.96355 0 
vn 0.161782 -0.986827 0 
vn 0.161782 -0.986827 0 
vn 0.0541389 -0.998533 0 
vn 0.0541389 -0.998533 0 
vn -0.0541389 -0.998533 0 
vn -0.0541389 -0.998533 0 
vn -0.161782 -0.986827 0 
vn -0.161782 -0.986827 0 
vn -0.267528 -0.96355 0 
vn -0.267528 -0.96355 0 
vn -0.370138 -0.928977 0 
vn -0.370138 -0.928977 0 
vn -0.468408 -0.883512 0 
vn -0.468408 -0.883512 0 
vn -0.561187 -0.827689 0 
vn -0.561187 -0.827689 0 
vn -0.647386 -0.762162 0 
vn -0.647386 -0.762162 0 
vn -0.725995 -0.687699 0 
vn -0.725995 -0.687699 0 
vn -0.796093 -0.605174 0 
vn -0.856857 -0.515554 0 
vn -0.846154 -0.532939 0 
vn -0.856857 -0.515554 0 
vn -0.907575 -0.419889 0 
vn -0.907575 -0.419889 0 
vn -0.947653 -0.319302 0 
vn -0.947653 -0.319302 0 
vn -0.976621 -0.21497 0 
vn -0.976621 -0.21497 0 
vn -0.994138 -0.108119 0 
vn -0.994138 -0.108119 0 
vn -0.796093 -0.605174 0 
vn 0.856857 -0.515554 0 
vn 0.796093 0.605174 0 
vn 0.468408 0.883512 0 
vn -0.561187 0.827689 0 
vn -0.856857 0.515554 0 
f 292//292 293//293 294//294 
f 295//295 294//294 296//296 
f 297//297 296//296 298//298 
f 299//299 298//298 300//300 
f 301//301 300//300 302//302 
f 303//303 304//304 305//305 
f 305//305 302//302 303//303 
f 304//304 303//303 306//306 
f 307//307 306//306 308//308 
f 309//309 308//308 310//310 
f 311//311 312//312 313//313 
f 313//313 310//310 311//311 
f 312//312 311//311 314//314 
f 315//315 314//314 316//316 
f 317//317 316//316 318//318 
f 319//319 318//318 320//320 
f 321//321 320//320 322//322 
f 323//323 322//322 324//324 
f 325//325 324//324 326//326 
f 327//327 326//326 328//328 
f 329//329 328//328 330//330 
f 330//330 331//331 332//332 
f 331//331 333//333 332//332 
f 333//333 331//331 334//334 
f 335//335 334//334 336//336 
f 337//337 336//336 338//338 
f 338//338 339//339 340//340 
f 339//339 341//341 340//340 
f 341//341 339//339 342//342 
f 343//343 342//342 344//344 
f 345//345 344//344 346//346 
f 347//347 346//346 348//348 
f 349//349 348//348 350//350 
f 351//351 350//350 352//352 
f 353//353 352//352 354//354 
f 355//355 354//354 356//356 
f 357//357 356//356 358//358 
f 359//359 358//358 360//360 
f 361//361 362//362 363//363 
f 363//363 360//360 361//361 
f 362//362 361//361 364//364 
f 365//365 364//364 366//366 
f 367//367 366//366 368//368 
f 369//369 368//368 370//370 
f 371//371 370//370 372//372 
f 373//373 372//372 374//374 
f 375//375 374//374 376//376 
f 377//377 376//376 378//378 
f 379//379 378//378 380//380 
f 381//381 380//380 382//382 
f 383//383 382//382 384//384 
f 385//385 384//384 386//386 
f 387//387 386//386 388//388 
f 389//389 388//388 390//390 
f 391//391 390//390 392//392 
f 393//393 392//392 394//394 
f 395//395 394//394 396//396 
f 396//396 397//397 398//398 
f 397//397 399//399 398//398 
f 399//399 397//397 400//400 
f 401//401 400//400 402//402 
f 403//403 402//402 404//404 
f 405//405 404//404 406//406 
f 407//407 406//406 293//293 
f 293//293 292//292 407//407 
f 406//406 407//407 405//405 
f 404//404 405//405 403//403 
f 402//402 403//403 401//401 
f 400//400 401//401 399//399 
f 398//398 408//408 396//396 
f 396//396 408//408 395//395 
f 394//394 395//395 393//393 
f 392//392 393//393 391//391 
f 390//390 391//391 389//389 
f 388//388 389//389 387//387 
f 386//386 387//387 385//385 
f 384//384 385//385 383//383 
f 382//382 383//383 381//381 
f 380//380 381//381 379//379 
f 378//378 379//379 377//377 
f 376//376 377//377 375//375 
f 374//374 375//375 373//373 
f 372//372 373//373 371//371 
f 370//370 371//371 369//369 
f 368//368 369//369 367//367 
f 366//366 367//367 365//365 
f 364//364 365//365 362//362 
f 363//363 409//409 360//360 
f 360//360 409//409 359//359 
f 358//358 359//359 357//357 
f 356//356 357//357 355//355 
f 354//354 355//355 353//353 
f 352//352 353//353 351//351 
f 350//350 351//351 349//349 
f 348//348 349//349 347//347 
f 346//346 347//347 345//345 
f 344//344 345//345 343//343 
f 342//342 343//343 341//341 
f 340//340 410//410 338//338 
f 338//338 410//410 337//337 
f 336//336 337//337 335//335 
f 334//334 335//335 333//333 
f 332//332 411//411 330//330 
f 330//330 411//411 329//329 
f 328//328 329//329 327//327 
f 326//326 327//327 325//325 
f 324//324 325//325 323//323 
f 322//322 323//323 321//321 
f 320//320 321//321 319//319 
f 318//318 319//319 317//317 
f 316//316 317//317 315//315 
f 314//314 315//315 312//312 
f 313//313 412//412 310//310 
f 310//310 412//412 309//309 
f 308//308 309//309 307//307 
f 306//306 307//307 304//304 
f 305//305 413//413 302//302 
f 302//302 413//413 301//301 
f 300//300 301//301 299//299 
f 298//298 299//299 297//297 
f 296//296 297//297 295//295 
f 294//294 295//295 292//292 
v 0.00420801 0.0142276 0.0171 
v 0.00471897 0.0137436 0.0171 
v 0.00467283 0.0140998 0.0171 
v 0.00425 0.014407 0.0171 
v 0.00401684 0.0145258 0.0171 
v 0.00516506 0.0134919 0.0171 
v 0.00502254 0.0137114 0.0171 
v 0.0051746 0.0132072 0.0171 
v 0.00528386 0.0132588 0.0171 
v 0.00485786 0.0139148 0.0171 
v 0.00377254 0.0146196 0.0171 
v 0.00542325 0.0128566 0.0171 
v 0.00537764 0.0130145 0.0171 
v 0.00446946 0.0142645 0.0171 
v 0.00364035 0.0146585 0.0171 
v 0.00364772 0.0146535 0.0171 
vn 0 0 1 
vn 0 0 1 
vn 0 0 1 
vn 0 0 1 
vn 0 0 1 
vn 0 0 1 
vn 0 0 1 
vn 0 0 1 
vn 0 0 1 
vn 0 0 1 
vn 0 0 1 
vn 0 0 1 
vn 0 0 1 
vn 0 0 1 
vn 0 0 1 
vn 0 0 1 
f 414//414 415//415 416//416 
f 414//414 417//417 418//418 
f 415//415 419//419 420//420 
f 421//421 422//422 419//419 
f 415//415 423//423 416//416 
f 418//418 424//424 414//414 
f 421//421 425//425 426//426 
f 419//419 415//415 421//421 
f 416//416 427//427 414//414 
f 424//424 428//428 429//429 
f 420//420 423//423 415//415 
f 424//424 429//429 414//414 
f 427//427 417//417 414//414 
f 426//426 422//422 421//421 
v 0.00589924 0.00654428 0.0171 
v 0.0064619 0.00857079 0.0171 
v 0.00634803 0.00787625 0.0171 
v 0.00615975 0.0071981 0.0171 
v 0.00556957 0.00592246 0.0171 
v 0.0064619 0.00997633 0.0171 
v 0.0065 0.00927356 0.0171 
v 0.00615975 0.011349 0.0171 
v 0.00634803 0.0106709 0.0171 
v 0.0055 0.0122419 0.0171 
v 0.00589924 0.0120028 0.0171 
v 0.0054863 0.0125032 0.0171 
v 0.00556957 0.0126247 0.0171 
v 0.00544537 0.0127617 0.0171 
v 0.0055 0.00580946 0.0171 
v 0.00542325 0.0128566 0.0171 
vn 0 0 -1 
vn 0 0 -1 
vn 0 0 -1 
vn 0 0 -1 
vn 0 0 -1 
vn 0 0 -1 
vn 0 0 -1 
vn 0 0 -1 
vn 0 0 -1 
vn 0 0 -1 
vn 0 0 -1 
vn 0 0 -1 
vn 0 0 -1 
vn 0 0 -1 
vn 0 0 -1 
vn 0 0 -1 
f 430//430 431//431 432//432 
f 432//432 433//433 430//430 
f 434//434 435//435 436//436 
f 434//434 437//437 438//438 
f 439//439 440//440 437//437 
f 436//436 431//431 434//434 
f 437//437 434//434 439//439 
f 438//438 435//435 434//434 
f 440//440 439//439 441//441 
f 430//430 434//434 431//431 
f 442//442 441//441 443//443 
f 434//434 444//444 439//439 
f 441//441 442//442 440//440 
f 443//443 445//445 442//442 
v -0.00420801 0.0142276 0.0171 
v -0.00377254 0.0146196 0.0171 
v -0.00401684 0.0145258 0.0171 
v -0.00446946 0.0142645 0.0171 
v -0.00467283 0.0140998 0.0171 
v -0.00364772 0.0146535 0.0171 
v -0.00471897 0.0137436 0.0171 
v -0.0051746 0.0132072 0.0171 
v -0.00516506 0.0134919 0.0171 
v -0.00485786 0.0139148 0.0171 
v -0.00502254 0.0137114 0.0171 
v -0.00425 0.014407 0.0171 
v -0.00528386 0.0132588 0.0171 
v -0.00537764 0.0130145 0.0171 
v -0.00542325 0.0128566 0.0171 
v -0.00364035 0.0146585 0.0171 
vn 0 0 1 
vn 0 0 1 
vn 0 0 1 
vn 0 0 1 
vn 0 0 1 
vn 0 0 1 
vn 0 0 1 
vn 0 0 1 
vn 0 0 1 
vn 0 0 1 
vn 0 0 1 
vn 0 0 1 
vn 0 0 1 
vn 0 0 1 
vn 0 0 1 
vn 0 0 1 
f 446//446 447//447 448//448 
f 446//446 449//449 450//450 
f 446//446 451//451 447//447 
f 450//450 452//452 446//446 
f 453//453 452//452 454//454 
f 452//452 455//455 456//456 
f 448//448 457//457 446//446 
f 446//446 457//457 449//449 
f 456//456 454//454 452//452 
f 453//453 458//458 459//459 
f 450//450 455//455 452//452 
f 459//459 460//460 453//453 
f 454//454 458//458 453//453 
f 451//451 461//461 447//447 
v 0.003 0.0147419 0.0171 
v 0.000351903 0.015764 0.0171 
v 0.00105158 0.0156879 0.0171 
v -0.000351903 0.015764 0.0171 
v -0.00173893 0.0155366 0.0171 
v -0.00105158 0.0156879 0.0171 
v 0.00173893 0.0155366 0.0171 
v 0.0024059 0.0153119 0.0171 
v -0.003 0.0147419 0.0171 
v -0.00304465 0.0150164 0.0171 
v -0.0024059 0.0153119 0.0171 
v 0.00304465 0.0150164 0.0171 
v -0.00326132 0.0147282 0.0171 
v -0.00351978 0.0146873 0.0171 
v 0.00326132 0.0147282 0.0171 
v 0.00364035 0.0146585 0.0171 
v 0.00351978 0.0146873 0.0171 
v -0.00364035 0.0146585 0.0171 
vn 0 0 -1 
vn 0 0 -1 
vn 0 0 -1 
vn 0 0 -1 
vn 0 0 -1 
vn 0 0 -1 
vn 0 0 -1 
vn 0 0 -1 
vn 0 0 -1 
vn 0 0 -1 
vn 0 0 -1 
vn 0 0 -1 
vn 0 0 -1 
vn 0 0 -1 
vn 0 0 -1 
vn 0 0 -1 
vn 0 0 -1 
vn 0 0 -1 
f 462//462 463//463 464//464 
f 462//462 465//465 463//463 
f 462//462 466//466 467//467 
f 462//462 468//468 469//469 
f 467//467 465//465 462//462 
f 470//470 471//471 472//472 
f 464//464 468//468 462//462 
f 472//472 462//462 470//470 
f 472//472 466//466 462//462 
f 469//469 473//473 462//462 
f 471//471 474//474 475//475 
f 473//473 476//476 462//462 
f 470//470 474//474 471//471 
f 473//473 477//477 478//478 
f 478//478 476//476 473//473 
f 475//475 479//479 471//471 
v 0.0055 0.0122419 0.0171 
v 0.0055 0.0122419 0.0136 
v 0.0054863 0.0125032 0.0136 
v 0.0054863 0.0125032 0.0171 
v 0.00544537 0.0127617 0.0136 
v 0.00537764 0.0130145 0.0136 
v 0.00537764 0.0130145 0.0171 
v 0.00542325 0.0128566 0.0171 
v 0.00528386 0.0132588 0.0136 
v 0.00528386 0.0132588 0.0171 
v 0.00516506 0.0134919 0.0136 
v 0.00516506 0.0134919 0.0171 
v 0.00502254 0.0137114 0.0136 
v 0.00502254 0.0137114 0.0171 
v 0.00485786 0.0139148 0.0136 
v 0.00485786 0.0139148 0.0171 
v 0.00467283 0.0140998 0.0136 
v 0.00467283 0.0140998 0.0171 
v 0.00446946 0.0142645 0.0136 
v 0.00446946 0.0142645 0.0171 
v 0.00425 0.014407 0.0136 
v 0.00425 0.014407 0.0171 
v 0.00401684 0.0145258 0.0136 
v 0.00401684 0.0145258 0.0171 
v 0.00377254 0.0146196 0.0136 
v 0.00351978 0.0146873 0.0136 
v 0.00364035 0.0146585 0.0171 
v 0.00351978 0.0146873 0.0171 
v 0.00326132 0.0147282 0.0136 
v 0.00326132 0.0147282 0.0171 
v 0.003 0.0147419 0.0136 
v 0.003 0.0147419 0.0171 
v 0.00377254 0.0146196 0.0171 
v 0.00544537 0.0127617 0.0171 
vn 1 0 0 
vn 1 0 0 
vn 0.994522 0.104528 0 
vn 0.994522 0.104528 0 
vn 0.978148 0.207912 0 
vn 0.951057 0.309017 0 
vn 0.951057 0.309017 0 
vn 0.969301 0.245879 0 
vn 0.913545 0.406737 0 
vn 0.913545 0.406737 0 
vn 0.866025 0.5 0 
vn 0.866025 0.5 0 
vn 0.809017 0.587785 0 
vn 0.809017 0.587785 0 
vn 0.743145 0.669131 0 
vn 0.743145 0.669131 0 
vn 0.669131 0.743145 0 
vn 0.669131 0.743145 0 
vn 0.587785 0.809017 0 
vn 0.587785 0.809017 0 
vn 0.5 0.866025 0 
vn 0.5 0.866025 0 
vn 0.406737 0.913545 0 
vn 0.406737 0.913545 0 
vn 0.309017 0.951057 0 
vn 0.207912 0.978148 0 
vn 0.25614 0.96664 0 
vn 0.207912 0.978148 0 
vn 0.104528 0.994522 0 
vn 0.104528 0.994522 0 
vn 6.12323e-17 1 0 
vn 6.12323e-17 1 0 
vn 0.309017 0.951057 0 
vn 0.978148 0.207912 0 
f 480//480 481//481 482//482 
f 483//483 482//482 484//484 
f 485//485 486//486 487//487 
f 487//487 484//484 485//485 
f 486//486 485//485 488//488 
f 489//489 488//488 490//490 
f 491//491 490//490 492//492 
f 493//493 492//492 494//494 
f 495//495 494//494 496//496 
f 497//497 496//496 498//498 
f 499//499 498//498 500//500 
f 501//501 500//500 502//502 
f 503//503 502//502 504//504 
f 504//504 505//505 506//506 
f 505//505 507//507 506//506 
f 507//507 505//505 508//508 
f 509//509 508//508 510//510 
f 510//510 511//511 509//509 
f 508//508 509//509 507//507 
f 506//506 512//512 504//504 
f 504//504 512//512 503//503 
f 502//502 503//503 501//501 
f 500//500 501//501 499//499 
f 498//498 499//499 497//497 
f 496//496 497//497 495//495 
f 494//494 495//495 493//493 
f 492//492 493//493 491//491 
f 490//490 491//491 489//489 
f 488//488 489//489 486//486 
f 487//487 513//513 484//484 
f 484//484 513//513 483//483 
f 482//482 483//483 480//480 
v 0.003 0.0147419 0.0171 
v 0.003 0.0147419 0.0136 
v -0.003 0.0147419 0.0136 
v -0.003 0.0147419 0.0171 
vn 0 1 0 
vn 0 1 0 
vn 0 1 0 
vn 0 1 0 
f 514//514 515//515 516//516 
f 516//516 517//517 514//514 
v -0.003 0.0147419 0.0171 
v -0.003 0.0147419 0.0136 
v -0.00326132 0.0147282 0.0136 
v -0.00326132 0.0147282 0.0171 
v -0.00351978 0.0146873 0.0136 
v -0.00377254 0.0146196 0.0136 
v -0.00377254 0.0146196 0.0171 
v -0.00364035 0.0146585 0.0171 
v -0.00401684 0.0145258 0.0136 
v -0.00401684 0.0145258 0.0171 
v -0.00425 0.014407 0.0136 
v -0.00425 0.014407 0.0171 
v -0.00446946 0.0142645 0.0136 
v -0.00446946 0.0142645 0.0171 
v -0.00467283 0.0140998 0.0136 
v -0.00467283 0.0140998 0.0171 
v -0.00485786 0.0139148 0.0136 
v -0.00485786 0.0139148 0.0171 
v -0.00502254 0.0137114 0.0136 
v -0.00502254 0.0137114 0.0171 
v -0.00516506 0.0134919 0.0136 
v -0.00516506 0.0134919 0.0171 
v -0.00528386 0.0132588 0.0136 
v -0.00528386 0.0132588 0.0171 
v -0.00537764 0.0130145 0.0136 
v -0.00544537 0.0127617 0.0136 
v -0.00542325 0.0128566 0.0171 
v -0.00544537 0.0127617 0.0171 
v -0.0054863 0.0125032 0.0136 
v -0.0054863 0.0125032 0.0171 
v -0.0055 0.0122419 0.0136 
v -0.0055 0.0122419 0.0171 
v -0.00537764 0.0130145 0.0171 
v -0.00351978 0.0146873 0.0171 
vn 0 1 0 
vn 0 1 0 
vn -0.104528 0.994522 0 
vn -0.104528 0.994522 0 
vn -0.207912 0.978148 0 
vn -0.309017 0.951057 0 
vn -0.309017 0.951057 0 
vn -0.25614 0.96664 0 
vn -0.406737 0.913545 0 
vn -0.406737 0.913545 0 
vn -0.5 0.866025 0 
vn -0.5 0.866025 0 
vn -0.587785 0.809017 0 
vn -0.587785 0.809017 0 
vn -0.669131 0.743145 0 
vn -0.669131 0.743145 0 
vn -0.743145 0.669131 0 
vn -0.743145 0.669131 0 
vn -0.809017 0.587785 0 
vn -0.809017 0.587785 0 
vn -0.866025 0.5 0 
vn -0.866025 0.5 0 
vn -0.913545 0.406737 0 
vn -0.913545 0.406737 0 
vn -0.951057 0.309017 0 
vn -0.978148 0.207912 0 
vn -0.969301 0.245879 0 
vn -0.978148 0.207912 0 
vn -0.994522 0.104528 0 
vn -0.994522 0.104528 0 
vn -1 1.22465e-16 0 
vn -1 1.22465e-16 0 
vn -0.951057 0.309017 0 
vn -0.207912 0.978148 0 
f 518//518 519//519 520//520 
f 521//521 520//520 522//522 
f 523//523 524//524 525//525 
f 525//525 522//522 523//523 
f 524//524 523//523 526//526 
f 527//527 526//526 528//528 
f 529//529 528//528 530//530 
f 531//531 530//530 532//532 
f 533//533 532//532 534//534 
f 535//535 534//534 536//536 
f 537//537 536//536 538//538 
f 539//539 538//538 540//540 
f 541//541 540//540 542//542 
f 542//542 543//543 544//544 
f 543//543 545//545 544//544 
f 545//545 543//543 546//546 
f 547//547 546//546 548//548 
f 548//548 549//549 547//547 
f 546//546 547//547 545//545 
f 544//544 550//550 542//542 
f 542//542 550//550 541//541 
f 540//540 541//541 539//539 
f 538//538 539//539 537//537 
f 536//536 537//537 535//535 
f 534//534 535//535 533//533 
f 532//532 533//533 531//531 
f 530//530 531//531 529//529 
f 528//528 529//529 527//527 
f 526//526 527//527 524//524 
f 525//525 551//551 522//522 
f 522//522 551//551 521//521 
f 520//520 521//521 518//518 
v -0.0055 0.0122419 0.0171 
v -0.0064619 0.00997633 0.0171 
v -0.00634803 0.0106709 0.0171 
v -0.00615975 0.0071981 0.0171 
v -0.00634803 0.00787625 0.0171 
v -0.00615975 0.011349 0.0171 
v -0.0064619 0.00857079 0.0171 
v -0.0065 0.00927356 0.0171 
v -0.00589924 0.00654428 0.0171 
v -0.00556957 0.00592246 0.0171 
v -0.0055 0.00580946 0.0171 
v -0.00589924 0.0120028 0.0171 
v -0.00556957 0.0126247 0.0171 
v -0.0054863 0.0125032 0.0171 
v -0.00542325 0.0128566 0.0171 
v -0.00544537 0.0127617 0.0171 
vn 0 0 -1 
vn 0 0 -1 
vn 0 0 -1 
vn 0 0 -1 
vn 0 0 -1 
vn 0 0 -1 
vn 0 0 -1 
vn 0 0 -1 
vn 0 0 -1 
vn 0 0 -1 
vn 0 0 -1 
vn 0 0 -1 
vn 0 0 -1 
vn 0 0 -1 
vn 0 0 -1 
vn 0 0 -1 
f 552//552 553//553 554//554 
f 552//552 555//555 556//556 
f 554//554 557//557 552//552 
f 552//552 558//558 559//559 
f 552//552 560//560 555//555 
f 559//559 553//553 552//552 
f 552//552 561//561 560//560 
f 556//556 558//558 552//552 
f 552//552 562//562 561//561 
f 563//563 564//564 565//565 
f 565//565 552//552 563//563 
f 564//564 566//566 567//567 
f 567//567 565//565 564//564 
f 557//557 563//563 552//552 
v 0.0055 0.0122419 0.0136 
v 0.00467283 0.0140998 0.0136 
v 0.00485786 0.0139148 0.0136 
v 0.00516506 0.0134919 0.0136 
v 0.00544537 0.0127617 0.0136 
v 0.0054863 0.0125032 0.0136 
v 0.00528386 0.0132588 0.0136 
v 0.00537764 0.0130145 0.0136 
v 0.00446946 0.0142645 0.0136 
v -0.00544537 0.0127617 0.0136 
v -0.00516506 0.0134919 0.0136 
v -0.00502254 0.0137114 0.0136 
v -0.00537764 0.0130145 0.0136 
v -0.00528386 0.0132588 0.0136 
v 0.00502254 0.0137114 0.0136 
v 0.00377254 0.0146196 0.0136 
v 0.00401684 0.0145258 0.0136 
v -0.0055 0.0122419 0.0136 
v -0.00485786 0.0139148 0.0136 
v -0.00467283 0.0140998 0.0136 
v -0.0054863 0.0125032 0.0136 
v 0.00425 0.014407 0.0136 
v 0.003 0.0147419 0.0136 
v 0.00326132 0.0147282 0.0136 
v -0.00446946 0.0142645 0.0136 
v 0.00351978 0.0146873 0.0136 
v -0.00351978 0.0146873 0.0136 
v -0.00326132 0.0147282 0.0136 
v -0.00425 0.014407 0.0136 
v -0.00401684 0.0145258 0.0136 
v -0.00377254 0.0146196 0.0136 
v 0.0055 0.00374193 0.0136 
v -0.0055 0.00374193 0.0136 
v -0.003 0.0147419 0.0136 
vn 0 0 -1 
vn 0 0 -1 
vn 0 0 -1 
vn 0 0 -1 
vn 0 0 -1 
vn 0 0 -1 
vn 0 0 -1 
vn 0 0 -1 
vn 0 0 -1 
vn 0 0 -1 
vn 0 0 -1 
vn 0 0 -1 
vn 0 0 -1 
vn 0 0 -1 
vn 0 0 -1 
vn 0 0 -1 
vn 0 0 -1 
vn 0 0 -1 
vn 0 0 -1 
vn 0 0 -1 
vn 0 0 -1 
vn 0 0 -1 
vn 0 0 -1 
vn 0 0 -1 
vn 0 0 -1 
vn 0 0 -1 
vn 0 0 -1 
vn 0 0 -1 
vn 0 0 -1 
vn 0 0 -1 
vn 0 0 -1 
vn 0 0 -1 
vn 0 0 -1 
vn 0 0 -1 
f 568//568 569//569 570//570 
f 571//571 572//572 573//573 
f 571//571 574//574 575//575 
f 568//568 576//576 569//569 
f 577//577 578//578 579//579 
f 577//577 580//580 581//581 
f 575//575 572//572 571//571 
f 570//570 582//582 568//568 
f 568//568 583//583 584//584 
f 585//585 586//586 587//587 
f 581//581 578//578 577//577 
f 586//586 585//585 588//588 
f 582//582 571//571 568//568 
f 584//584 589//589 568//568 
f 568//568 590//590 591//591 
f 587//587 592//592 585//585 
f 588//588 577//577 586//586 
f 589//589 576//576 568//568 
f 591//591 593//593 568//568 
f 585//585 594//594 595//595 
f 585//585 596//596 597//597 
f 579//579 586//586 577//577 
f 593//593 583//583 568//568 
f 585//585 598//598 594//594 
f 592//592 596//596 585//585 
f 573//573 568//568 571//571 
f 599//599 600//600 601//601 
f 597//597 598//598 585//585 
f 601//601 590//590 599//599 
f 601//601 600//600 585//585 
f 595//595 601//601 585//585 
f 568//568 599//599 590//590 
v 0.0055 0.00374193 0.0136 
v 0.0055 0.00324193 0.0131 
v -0.0055 0.00324193 0.0131 
v -0.0055 0.00374193 0.0136 
vn 0 0.707107 -0.707107 
vn 0 0.707107 -0.707107 
vn 0 0.707107 -0.707107 
vn 0 0.707107 -0.707107 
f 602//602 603//603 604//604 
f 604//604 605//605 602//602 
v -0.0055 0.00324193 0.0131 
v 0.0055 0.00324193 0.0131 
v 0.0055 -0.00188 0.0131 
v -0.0055 -0.00188 0.0131 
vn 0 0 -1 
vn 0 0 -1 
vn 0 0 -1 
vn 0 0 -1 
f 606//606 607//607 608//608 
f 608//608 609//609 606//606 
v -0.0055 -0.00338 0.0171 
v -0.00173893 0.00301049 0.0171 
v -0.0024059 0.00323521 0.0171 
v 0.0055 -0.00338 0.0171 
v 0.000351903 0.00278309 0.0171 
v -0.00364772 0.00389358 0.0171 
v -0.00420801 0.00431951 0.0171 
v -0.00105158 0.00285919 0.0171 
v -0.000351903 0.00278309 0.0171 
v -0.00471897 0.00480351 0.0171 
v -0.0051746 0.00533993 0.0171 
v -0.00304465 0.00353073 0.0171 
v 0.00173893 0.00301049 0.0171 
v 0.00105158 0.00285919 0.0171 
v 0.00471897 0.00480351 0.0171 
v 0.00420801 0.00431951 0.0171 
v 0.00304465 0.00353073 0.0171 
v 0.0024059 0.00323521 0.0171 
v 0.00364772 0.00389358 0.0171 
v 0.0055 0.00580946 0.0171 
v 0.0051746 0.00533993 0.0171 
v -0.0055 0.00580946 0.0171 
vn 0 0 1 
vn 0 0 1 
vn 0 0 1 
vn 0 0 1 
vn 0 0 1 
vn 0 0 1 
vn 0 0 1 
vn 0 0 1 
vn 0 0 1 
vn 0 0 1 
vn 0 0 1 
vn 0 0 1 
vn 0 0 1 
vn 0 0 1 
vn 0 0 1 
vn 0 0 1 
vn 0 0 1 
vn 0 0 1 
vn 0 0 1 
vn 0 0 1 
vn 0 0 1 
vn 0 0 1 
f 610//610 611//611 612//612 
f 610//610 613//613 614//614 
f 610//610 615//615 616//616 
f 610//610 617//617 611//611 
f 614//614 618//618 610//610 
f 610//610 619//619 620//620 
f 610//610 621//621 615//615 
f 618//618 617//617 610//610 
f 613//613 622//622 623//623 
f 613//613 624//624 625//625 
f 616//616 619//619 610//610 
f 623//623 614//614 613//613 
f 613//613 626//626 627//627 
f 625//625 628//628 613//613 
f 612//612 621//621 610//610 
f 628//628 626//626 613//613 
f 627//627 622//622 613//613 
f 613//613 629//629 630//630 
f 630//630 624//624 613//613 
f 620//620 631//631 610//610 
v 0.0055 -0.00338 0.0171 
v -0.0055 -0.00338 0.0171 
v -0.0055 -0.00374585 0.0170808 
v 0.0055 -0.00374585 0.0170808 
v -0.0055 -0.00410769 0.0170235 
v 0.0055 -0.00410769 0.0170235 
v -0.0055 -0.00446156 0.0169287 
v 0.0055 -0.00446156 0.0169287 
v -0.0055 -0.00480358 0.0167974 
v 0.0055 -0.00480358 0.0167974 
v -0.0055 -0.00513 0.0166311 
v 0.0055 -0.00513 0.0166311 
v -0.0055 -0.00543725 0.0164316 
v 0.0055 -0.00543725 0.0164316 
v -0.0055 -0.00572196 0.016201 
v 0.0055 -0.00572196 0.016201 
v -0.0055 -0.00598101 0.015942 
v 0.0055 -0.00598101 0.015942 
v -0.0055 -0.00621156 0.0156572 
v 0.0055 -0.00621156 0.0156572 
v -0.0055 -0.00641109 0.01535 
v 0.0055 -0.00641109 0.01535 
v -0.0055 -0.00657741 0.0150236 
v 0.0055 -0.00657741 0.0150236 
v -0.0055 -0.0067087 0.0146816 
v 0.0055 -0.0067087 0.0146816 
v -0.0055 -0.00680352 0.0143277 
v 0.0055 -0.00680352 0.0143277 
v -0.0055 -0.00686083 0.0139658 
v 0.0055 -0.00686083 0.0139658 
v -0.0055 -0.00688 0.0136 
v 0.0055 -0.00688 0.0136 
vn 0 0 1 
vn 0 0 1 
vn 0 -0.104528 0.994522 
vn 0 -0.104528 0.994522 
vn 0 -0.207912 0.978148 
vn 0 -0.207912 0.978148 
vn 0 -0.309017 0.951057 
vn 0 -0.309017 0.951057 
vn 0 -0.406737 0.913545 
vn 0 -0.406737 0.913545 
vn 0 -0.5 0.866025 
vn 0 -0.5 0.866025 
vn 0 -0.587785 0.809017 
vn 0 -0.587785 0.809017 
vn 0 -0.669131 0.743145 
vn 0 -0.669131 0.743145 
vn 0 -0.743145 0.669131 
vn 0 -0.743145 0.669131 
vn 0 -0.809017 0.587785 
vn 0 -0.809017 0.587785 
vn 0 -0.866025 0.5 
vn 0 -0.866025 0.5 
vn 0 -0.913545 0.406737 
vn 0 -0.913545 0.406737 
vn 0 -0.951057 0.309017 
vn 0 -0.951057 0.309017 
vn 0 -0.978148 0.207912 
vn 0 -0.978148 0.207912 
vn 0 -0.994522 0.104528 
vn 0 -0.994522 0.104528 
vn 0 -1 1.83697e-16 
vn 0 -1 1.83697e-16 
f 632//632 633//633 634//634 
f 635//635 634//634 636//636 
f 637//637 636//636 638//638 
f 639//639 638//638 640//640 
f 641//641 640//640 642//642 
f 643//643 642//642 644//644 
f 645//645 644//644 646//646 
f 647//647 646//646 648//648 
f 649//649 648//648 650//650 
f 651//651 650//650 652//652 
f 653//653 652//652 654//654 
f 655//655 654//654 656//656 
f 657//657 656//656 658//658 
f 659//659 658//658 660//660 
f 661//661 660//660 662//662 
f 662//662 663//663 661//661 
f 660//660 661//661 659//659 
f 658//658 659//659 657//657 
f 656//656 657//657 655//655 
f 654//654 655//655 653//653 
f 652//652 653//653 651//651 
f 650//650 651//651 649//649 
f 648//648 649//649 647//647 
f 646//646 647//647 645//645 
f 644//644 645//645 643//643 
f 642//642 643//643 641//641 
f 640//640 641//641 639//639 
f 638//638 639//639 637//637 
f 636//636 637//637 635//635 
f 634//634 635//635 632//632 
v -0.0055 -0.00188 0.0134164 
v -0.0055 -0.00680352 0.0143277 
v -0.0055 -0.0067087 0.0146816 
v -0.0055 -0.00641109 0.01535 
v -0.0055 -0.00621156 0.0156572 
v -0.0055 -0.00686083 0.0139658 
v -0.0055 -0.00446156 0.0169287 
v -0.0055 -0.00410769 0.0170235 
v -0.0055 -0.00572196 0.016201 
v -0.0055 -0.00543725 0.0164316 
v -0.0055 -0.00657741 0.0150236 
v -0.0055 -0.00688 0.0136 
v -0.0055 -0.00374585 0.0170808 
v -0.0055 -0.00513 0.0166311 
v -0.0055 -0.00480358 0.0167974 
v -0.0055 -0.00598101 0.015942 
v -0.0055 0.00374193 0.0136 
v -0.0055 0.00324193 0.0131 
v -0.0055 -0.00688 0.0134164 
v -0.0055 0.00580946 0.0171 
v -0.0055 0.0122419 0.0136 
v -0.0055 -0.00338 0.0171 
v -0.0055 0.0122419 0.0171 
v -0.0055 -0.00188 0.0131 
vn -1 0 0 
vn -1 0 0 
vn -1 0 0 
vn -1 0 0 
vn -1 0 0 
vn -1 0 0 
vn -1 0 0 
vn -1 0 0 
vn -1 0 0 
vn -1 0 0 
vn -1 0 0 
vn -1 0 0 
vn -1 0 0 
vn -1 0 0 
vn -1 0 0 
vn -1 0 0 
vn -1 0 0 
vn -1 0 0 
vn -1 0 0 
vn -1 0 0 
vn -1 0 0 
vn -1 0 0 
vn -1 0 0 
vn -1 0 0 
f 664//664 665//665 666//666 
f 664//664 667//667 668//668 
f 664//664 669//669 665//665 
f 664//664 670//670 671//671 
f 664//664 672//672 673//673 
f 664//664 674//674 667//667 
f 664//664 675//675 669//669 
f 671//671 676//676 664//664 
f 664//664 677//677 678//678 
f 664//664 679//679 672//672 
f 666//666 674//674 664//664 
f 678//678 670//670 664//664 
f 668//668 679//679 664//664 
f 673//673 677//677 664//664 
f 664//664 680//680 681//681 
f 664//664 682//682 675//675 
f 664//664 683//683 680//680 
f 684//684 680//680 683//683 
f 676//676 685//685 664//664 
f 683//683 686//686 684//684 
f 681//681 687//687 664//664 
f 685//685 683//683 664//664 
v 0.0055 -0.00188 0.0134106 
v 0.0055 -0.00680352 0.0143277 
v 0.0055 -0.00686083 0.0139658 
v 0.0055 -0.00657741 0.0150236 
v 0.0055 -0.0067087 0.0146816 
v 0.0055 -0.00543725 0.0164316 
v 0.0055 -0.00572196 0.016201 
v 0.0055 -0.00446156 0.0169287 
v 0.0055 -0.00480358 0.0167974 
v 0.0055 -0.00374585 0.0170808 
v 0.0055 -0.00410769 0.0170235 
v 0.0055 -0.00513 0.0166311 
v 0.0055 -0.00641109 0.01535 
v 0.0055 -0.00598101 0.015942 
v 0.0055 -0.00621156 0.0156572 
v 0.0055 -0.00338 0.0171 
v 0.0055 -0.00188 0.0131 
v 0.0055 0.00324193 0.0131 
v 0.0055 0.0122419 0.0136 
v 0.0055 0.0122419 0.0171 
v 0.0055 0.00580946 0.0171 
v 0.0055 0.00374193 0.0136 
v 0.0055 -0.00688 0.0136 
v 0.0055 -0.00688 0.0134106 
vn 1 0 0 
vn 1 0 0 
vn 1 0 0 
vn 1 0 0 
vn 1 0 0 
vn 1 0 0 
vn 1 0 0 
vn 1 0 0 
vn 1 0 0 
vn 1 0 0 
vn 1 0 0 
vn 1 0 0 
vn 1 0 0 
vn 1 0 0 
vn 1 0 0 
vn 1 0 0 
vn 1 0 0 
vn 1 0 0 
vn 1 0 0 
vn 1 0 0 
vn 1 0 0 
vn 1 0 0 
vn 1 0 0 
vn 1 0 0 
f 688//688 689//689 690//690 
f 688//688 691//691 692//692 
f 688//688 693//693 694//694 
f 688//688 695//695 696//696 
f 688//688 697//697 698//698 
f 692//692 689//689 688//688 
f 688//688 699//699 693//693 
f 698//698 695//695 688//688 
f 688//688 700//700 691//691 
f 688//688 701//701 702//702 
f 696//696 699//699 688//688 
f 702//702 700//700 688//688 
f 688//688 703//703 697//697 
f 688//688 704//704 705//705 
f 694//694 701//701 688//688 
f 706//706 707//707 708//708 
f 705//705 709//709 688//688 
f 690//690 710//710 688//688 
f 709//709 708//708 688//688 
f 688//688 708//708 703//703 
f 710//710 711//711 688//688 
f 708//708 709//709 706//706 
v 0.00653469 -0.00688 0.0112612 
v 0.00675714 -0.00688 0.0111011 
v 0.00675714 -0.00188 0.0111011 
v 0.00632927 -0.00688 0.0114426 
v 0.00653469 -0.00188 0.0112612 
v 0.00614292 -0.00688 0.0116435 
v 0.00632927 -0.00188 0.0114426 
v 0.0059775 -0.00688 0.011862 
v 0.00614292 -0.00188 0.0116435 
v 0.00583465 -0.00688 0.0120959 
v 0.0059775 -0.00188 0.011862 
v 0.00571578 -0.00688 0.0123428 
v 0.00583465 -0.00188 0.0120959 
v 0.00562208 -0.00688 0.0126004 
v 0.00571578 -0.00188 0.0123428 
v 0.00555449 -0.00688 0.0128659 
v 0.00562208 -0.00188 0.0126004 
v 0.00551366 -0.00688 0.0131369 
v 0.00555449 -0.00188 0.0128659 
v 0.0055 -0.00688 0.0134106 
v 0.00551366 -0.00188 0.0131369 
v 0.0055 -0.00188 0.0134106 
vn 0.62375 0 0.781624 
vn 0.542857 0 0.839825 
vn 0.542857 0 0.839825 
vn 0.698449 0 0.71566 
vn 0.62375 0 0.781624 
vn 0.766211 0 0.642589 
vn 0.698449 0 0.71566 
vn 0.826364 0 0.563137 
vn 0.766211 0 0.642589 
vn 0.87831 0 0.478091 
vn 0.826364 0 0.563137 
vn 0.921534 0 0.388298 
vn 0.87831 0 0.478091 
vn 0.955606 0 0.294649 
vn 0.921534 0 0.388298 
vn 0.980187 0 0.198074 
vn 0.955606 0 0.294649 
vn 0.995034 0 0.099531 
vn 0.980187 0 0.198074 
vn 1 0 -1.83697e-16 
vn 0.995034 0 0.099531 
vn 1 0 -1.83697e-16 
f 712//712 713//713 714//714 
f 715//715 712//712 716//716 
f 717//717 715//715 718//718 
f 719//719 717//717 720//720 
f 721//721 719//719 722//722 
f 723//723 721//721 724//724 
f 725//725 723//723 726//726 
f 727//727 725//725 728//728 
f 729//729 727//727 730//730 
f 731//731 729//729 732//732 
f 732//732 733//733 731//731 
f 730//730 732//732 729//729 
f 728//728 730//730 727//727 
f 726//726 728//728 725//725 
f 724//724 726//726 723//723 
f 722//722 724//724 721//721 
f 720//720 722//722 719//719 
f 718//718 720//720 717//717 
f 716//716 718//718 715//715 
f 714//714 716//716 712//712 
v -0.0065786 -0.00188 0.0112326 
v -0.005573 -0.00188 0.0117449 
v -0.00679992 -0.00188 0.0110798 
v -0.00599863 -0.00188 0.0118372 
v -0.0058496 -0.00188 0.0120745 
v -0.00680952 -0.00188 0.0110739 
v -0.0055 -0.00188 0.0131 
v -0.00156698 -0.00188 0.0129052 
v -0.00294137 -0.00188 0.0126629 
v 0.0065 -0.00188 0.0112583 
v 0.00525567 -0.00188 0.0118902 
v 0.00632927 -0.00188 0.0114426 
v 0.00571578 -0.00188 0.0123428 
v 0.00583465 -0.00188 0.0120959 
v -0.00617104 -0.00188 0.0116163 
v -0.00636503 -0.00188 0.0114141 
v -0.00428186 -0.00188 0.0122746 
v -0.00562762 -0.00188 0.0125884 
v -0.00555697 -0.00188 0.0128596 
v -0.0057255 -0.00188 0.0123258 
v -0.000174528 -0.00188 0.0129988 
v 0.0055 -0.00188 0.0131 
v 0.00121993 -0.00188 0.0129426 
v 0.00653469 -0.00188 0.0112612 
v 0.00562208 -0.00188 0.0126004 
v 0.00395077 -0.00188 0.0123851 
v 0.00260033 -0.00188 0.0127373 
v 0.00555449 -0.00188 0.0128659 
v 0.00614292 -0.00188 0.0116435 
v 0.0059775 -0.00188 0.011862 
v 0.00675714 -0.00188 0.0111011 
v 0.0055 -0.00188 0.0134106 
v 0.00551366 -0.00188 0.0131369 
v -0.00551428 -0.00188 0.0131365 
v -0.0055 -0.00188 0.0134164 
vn 0 1 0 
vn 0 1 0 
vn 0 1 0 
vn 0 1 0 
vn 0 1 0 
vn 0 1 0 
vn 0 1 0 
vn 0 1 0 
vn 0 1 0 
vn 0 1 0 
vn 0 1 0 
vn 0 1 0 
vn 0 1 0 
vn 0 1 0 
vn 0 1 0 
vn 0 1 0 
vn 0 1 0 
vn 0 1 0 
vn 0 1 0 
vn 0 1 0 
vn 0 1 0 
vn 0 1 0 
vn 0 1 0 
vn 0 1 0 
vn 0 1 0 
vn 0 1 0 
vn 0 1 0 
vn 0 1 0 
vn 0 1 0 
vn 0 1 0 
vn 0 1 0 
vn 0 1 0 
vn 0 1 0 
vn 0 1 0 
vn 0 1 0 
f 734//734 735//735 736//736 
f 735//735 737//737 738//738 
f 736//736 739//739 734//734 
f 740//740 741//741 742//742 
f 743//743 744//744 745//745 
f 744//744 746//746 747//747 
f 735//735 748//748 737//737 
f 734//734 749//749 735//735 
f 750//750 751//751 752//752 
f 750//750 735//735 753//753 
f 740//740 754//754 741//741 
f 755//755 756//756 754//754 
f 745//745 757//757 743//743 
f 744//744 758//758 746//746 
f 749//749 748//748 735//735 
f 753//753 751//751 750//750 
f 754//754 740//740 755//755 
f 755//755 759//759 760//760 
f 759//759 761//761 758//758 
f 744//744 762//762 745//745 
f 747//747 763//763 744//744 
f 752//752 740//740 750//750 
f 760//760 756//756 755//755 
f 759//759 755//755 761//761 
f 763//763 762//762 744//744 
f 742//742 750//750 740//740 
f 757//757 764//764 743//743 
f 755//755 765//765 766//766 
f 758//758 744//744 759//759 
f 738//738 753//753 735//735 
f 740//740 752//752 767//767 
f 767//767 768//768 740//740 
f 766//766 761//761 755//755 
v -0.00551428 -0.00688 0.0131365 
v -0.0055 -0.00688 0.0134164 
v -0.0055 -0.00188 0.0134164 
v -0.00555697 -0.00688 0.0128596 
v -0.00551428 -0.00188 0.0131365 
v -0.00562762 -0.00688 0.0125884 
v -0.00555697 -0.00188 0.0128596 
v -0.0057255 -0.00688 0.0123258 
v -0.00562762 -0.00188 0.0125884 
v -0.0058496 -0.00688 0.0120745 
v -0.0057255 -0.00188 0.0123258 
v -0.00599863 -0.00688 0.0118372 
v -0.0058496 -0.00188 0.0120745 
v -0.00617104 -0.00688 0.0116163 
v -0.00599863 -0.00188 0.0118372 
v -0.00636503 -0.00688 0.0114141 
v -0.00617104 -0.00188 0.0116163 
v -0.0065786 -0.00688 0.0112326 
v -0.00636503 -0.00188 0.0114141 
v -0.00680952 -0.00688 0.0110739 
v -0.0065786 -0.00188 0.0112326 
v -0.00680952 -0.00188 0.0110739 
vn -0.994808 0 0.101771 
vn -1 0 6.12323e-17 
vn -1 0 6.12323e-17 
vn -0.979285 0 0.202486 
vn -0.994808 0 0.101771 
vn -0.953593 0 0.301098 
vn -0.979285 0 0.202486 
vn -0.917999 0 0.396583 
vn -0.953593 0 0.301098 
vn -0.872872 0 0.48795 
vn -0.917999 0 0.396583 
vn -0.81868 0 0.57425 
vn -0.872872 0 0.48795 
vn -0.755987 0 0.654587 
vn -0.81868 0 0.57425 
vn -0.685444 0 0.728126 
vn -0.755987 0 0.654587 
vn -0.607782 0 0.794104 
vn -0.685444 0 0.728126 
vn -0.52381 0 0.851835 
vn -0.607782 0 0.794104 
vn -0.52381 0 0.851835 
f 769//769 770//770 771//771 
f 772//772 769//769 773//773 
f 774//774 772//772 775//775 
f 776//776 774//774 777//777 
f 778//778 776//776 779//779 
f 780//780 778//778 781//781 
f 782//782 780//780 783//783 
f 784//784 782//782 785//785 
f 786//786 784//784 787//787 
f 788//788 786//786 789//789 
f 789//789 790//790 788//788 
f 787//787 789//789 786//786 
f 785//785 787//787 784//784 
f 783//783 785//785 782//782 
f 781//781 783//783 780//780 
f 779//779 781//781 778//778 
f 777//777 779//779 776//776 
f 775//775 777//777 774//774 
f 773//773 775//775 772//772 
f 771//771 773//773 769//769 
v 0.00702671 0.00688 0.0109163 
v 0.00702671 -0.00688 0.0109163 
v 0.00751478 -0.00688 0.010521 
v 0.00751478 0.00688 0.010521 
v 0.00795887 -0.00688 0.010077 
v 0.00795887 0.00688 0.010077 
v 0.0083541 -0.00688 0.00958889 
v 0.0083541 0.00688 0.00958889 
v 0.00869615 -0.00688 0.00906218 
v 0.00869615 0.00688 0.00906218 
v 0.00898127 -0.00688 0.0085026 
v 0.00898127 0.00688 0.0085026 
v 0.00920634 -0.00688 0.00791628 
v 0.00920634 0.00688 0.00791628 
v 0.00936889 -0.00688 0.00730965 
v 0.00936889 0.00688 0.00730965 
v 0.00946713 -0.00688 0.00668935 
v 0.00946713 0.00688 0.00668935 
v 0.0095 -0.00688 0.00606218 
v 0.00675714 -0.00188 0.0111011 
v 0.0065 0.00688 0.0112583 
v 0.0065 -0.00188 0.0112583 
v 0.00675714 -0.00688 0.0111011 
v 0.0095 0.00688 0.00606218 
vn 0.587785 0 0.809017 
vn 0.587785 0 0.809017 
vn 0.669131 0 0.743145 
vn 0.669131 0 0.743145 
vn 0.743145 0 0.669131 
vn 0.743145 0 0.669131 
vn 0.809017 0 0.587785 
vn 0.809017 0 0.587785 
vn 0.866025 0 0.5 
vn 0.866025 0 0.5 
vn 0.913545 0 0.406737 
vn 0.913545 0 0.406737 
vn 0.951057 0 0.309017 
vn 0.951057 0 0.309017 
vn 0.978148 0 0.207912 
vn 0.978148 0 0.207912 
vn 0.994522 0 0.104528 
vn 0.994522 0 0.104528 
vn 1 0 6.12323e-17 
vn 0.542857 0 0.839825 
vn 0.5 0 0.866025 
vn 0.5 0 0.866025 
vn 0.542857 0 0.839825 
vn 1 0 6.12323e-17 
f 791//791 792//792 793//793 
f 794//794 793//793 795//795 
f 796//796 795//795 797//797 
f 798//798 797//797 799//799 
f 800//800 799//799 801//801 
f 802//802 801//801 803//803 
f 804//804 803//803 805//805 
f 806//806 805//805 807//807 
f 808//808 807//807 809//809 
f 792//792 791//791 810//810 
f 811//811 812//812 810//810 
f 810//810 791//791 811//811 
f 810//810 813//813 792//792 
f 809//809 814//814 808//808 
f 807//807 808//808 806//806 
f 805//805 806//806 804//804 
f 803//803 804//804 802//802 
f 801//801 802//802 800//800 
f 799//799 800//800 798//798 
f 797//797 798//798 796//796 
f 795//795 796//796 794//794 
f 793//793 794//794 791//791 
v 0.0065 0.00688 -0.0112583 
v 0.0065 -0.00688 -0.0112583 
v 0.00525567 -0.00688 -0.0118902 
v 0.00525567 0.00688 -0.0118902 
v 0.00395077 -0.00688 -0.0123851 
v 0.00395077 0.00688 -0.0123851 
v 0.00260033 -0.00688 -0.0127373 
v 0.00260033 0.00688 -0.0127373 
v 0.00121993 -0.00688 -0.0129426 
v 0.00121993 0.00688 -0.0129426 
v -0.000174528 -0.00688 -0.0129988 
v -0.000174528 0.00688 -0.0129988 
v -0.00156698 -0.00688 -0.0129052 
v -0.00156698 0.00688 -0.0129052 
v -0.00294137 -0.00688 -0.0126629 
v -0.00294137 0.00688 -0.0126629 
v -0.00428186 -0.00688 -0.0122746 
v -0.00428186 0.00688 -0.0122746 
v -0.005573 -0.00688 -0.0117449 
v -0.005573 0.00688 -0.0117449 
v -0.00679992 -0.00688 -0.0110798 
v -0.00679992 0.00688 -0.0110798 
v -0.00794847 -0.00688 -0.010287 
v -0.00794847 0.00688 -0.010287 
v -0.00900542 -0.00688 -0.00937563 
v -0.00900542 0.00688 -0.00937563 
v -0.00995858 -0.00688 -0.00835624 
v -0.00995858 0.00688 -0.00835624 
v -0.010797 -0.00688 -0.00724054 
v -0.010797 0.00688 -0.00724054 
v -0.0115109 -0.00688 -0.0060414 
v -0.0115109 0.00688 -0.0060414 
v -0.0120922 -0.00688 -0.00477263 
v -0.0120922 0.00688 -0.00477263 
v -0.0125342 -0.00688 -0.00344886 
v -0.0125342 0.00688 -0.00344886 
v -0.0128317 -0.00688 -0.00208535 
v -0.0128317 0.00688 -0.00208535 
v -0.0129813 -0.00688 -0.000697796 
v -0.0129813 0.00688 -0.000697796 
v -0.0129813 -0.00688 0.000697796 
v -0.0129813 0.00688 0.000697796 
v -0.0128317 -0.00688 0.00208535 
v -0.0128317 0.00688 0.00208535 
v -0.0125342 -0.00688 0.00344886 
v -0.0125342 0.00688 0.00344886 
v -0.0120922 -0.00688 0.00477263 
v -0.0120922 0.00688 0.00477263 
v -0.0115109 -0.00688 0.0060414 
v -0.0115109 0.00688 0.0060414 
v -0.010797 -0.00688 0.00724054 
v -0.010797 0.00688 0.00724054 
v -0.00995858 -0.00688 0.00835624 
v -0.00995858 0.00688 0.00835624 
v -0.00900542 -0.00688 0.00937563 
v -0.00900542 0.00688 0.00937563 
v -0.00794847 -0.00688 0.010287 
v -0.00679992 0.00688 0.0110798 
v -0.00794847 0.00688 0.010287 
v -0.00680952 -0.00188 0.0110739 
v -0.00680952 -0.00688 0.0110739 
v -0.00679992 -0.00188 0.0110798 
v -0.005573 -0.00188 0.0117449 
v -0.005573 0.00688 0.0117449 
v -0.00428186 -0.00188 0.0122746 
v -0.00428186 0.00688 0.0122746 
v -0.00294137 -0.00188 0.0126629 
v -0.00294137 0.00688 0.0126629 
v -0.00156698 -0.00188 0.0129052 
v -0.00156698 0.00688 0.0129052 
v -0.000174528 -0.00188 0.0129988 
v -0.000174528 0.00688 0.0129988 
v 0.00121993 -0.00188 0.0129426 
v 0.00121993 0.00688 0.0129426 
v 0.00260033 -0.00188 0.0127373 
v 0.00260033 0.00688 0.0127373 
v 0.00395077 -0.00188 0.0123851 
v 0.00395077 0.00688 0.0123851 
v 0.00525567 -0.00188 0.0118902 
v 0.00525567 0.00688 0.0118902 
v 0.0065 -0.00188 0.0112583 
v 0.0065 0.00688 0.0112583 
vn 0.5 0 -0.866025 
vn 0.5 0 -0.866025 
vn 0.404282 0 -0.914634 
vn 0.404282 0 -0.914634 
vn 0.303905 0 -0.952702 
vn 0.303905 0 -0.952702 
vn 0.200026 0 -0.979791 
vn 0.200026 0 -0.979791 
vn 0.093841 0 -0.995587 
vn 0.093841 0 -0.995587 
vn -0.0134252 0 -0.99991 
vn -0.0134252 0 -0.99991 
vn -0.120537 0 -0.992709 
vn -0.120537 0 -0.992709 
vn -0.226259 0 -0.974067 
vn -0.226259 0 -0.974067 
vn -0.329374 0 -0.9442 
vn -0.329374 0 -0.9442 
vn -0.428693 0 -0.90345 
vn -0.428693 0 -0.90345 
vn -0.523071 0 -0.852289 
vn -0.523071 0 -0.852289 
vn -0.611421 0 -0.791306 
vn -0.611421 0 -0.791306 
vn -0.692724 0 -0.721202 
vn -0.692724 0 -0.721202 
vn -0.766044 0 -0.642788 
vn -0.766044 0 -0.642788 
vn -0.830536 0 -0.556965 
vn -0.830536 0 -0.556965 
vn -0.885456 0 -0.464723 
vn -0.885456 0 -0.464723 
vn -0.930171 0 -0.367126 
vn -0.930171 0 -0.367126 
vn -0.964167 0 -0.265297 
vn -0.964167 0 -0.265297 
vn -0.98705 0 -0.160411 
vn -0.98705 0 -0.160411 
vn -0.998558 0 -0.0536766 
vn -0.998558 0 -0.0536766 
vn -0.998558 0 0.0536766 
vn -0.998558 0 0.0536766 
vn -0.98705 0 0.160411 
vn -0.98705 0 0.160411 
vn -0.964167 0 0.265297 
vn -0.964167 0 0.265297 
vn -0.930171 0 0.367126 
vn -0.930171 0 0.367126 
vn -0.885456 0 0.464723 
vn -0.885456 0 0.464723 
vn -0.830536 0 0.556965 
vn -0.830536 0 0.556965 
vn -0.766044 0 0.642788 
vn -0.766044 0 0.642788 
vn -0.692724 0 0.721202 
vn -0.692724 0 0.721202 
vn -0.611421 0 0.791306 
vn -0.523071 0 0.852289 
vn -0.611421 0 0.791306 
vn -0.52381 0 0.851835 
vn -0.52381 0 0.851835 
vn -0.523071 0 0.852289 
vn -0.428693 0 0.90345 
vn -0.428693 0 0.90345 
vn -0.329374 0 0.9442 
vn -0.329374 0 0.9442 
vn -0.226259 0 0.974067 
vn -0.226259 0 0.974067 
vn -0.120537 0 0.992709 
vn -0.120537 0 0.992709 
vn -0.0134252 0 0.99991 
vn -0.0134252 0 0.99991 
vn 0.093841 0 0.995587 
vn 0.093841 0 0.995587 
vn 0.200026 0 0.979791 
vn 0.200026 0 0.979791 
vn 0.303905 0 0.952702 
vn 0.303905 0 0.952702 
vn 0.404282 0 0.914634 
vn 0.404282 0 0.914634 
vn 0.5 0 0.866025 
vn 0.5 0 0.866025 
f 815//815 816//816 817//817 
f 818//818 817//817 819//819 
f 820//820 819//819 821//821 
f 822//822 821//821 823//823 
f 824//824 823//823 825//825 
f 826//826 825//825 827//827 
f 828//828 827//827 829//829 
f 830//830 829//829 831//831 
f 832//832 831//831 833//833 
f 834//834 833//833 835//835 
f 836//836 835//835 837//837 
f 838//838 837//837 839//839 
f 840//840 839//839 841//841 
f 842//842 841//841 843//843 
f 844//844 843//843 845//845 
f 846//846 845//845 847//847 
f 848//848 847//847 849//849 
f 850//850 849//849 851//851 
f 852//852 851//851 853//853 
f 854//854 853//853 855//855 
f 856//856 855//855 857//857 
f 858//858 857//857 859//859 
f 860//860 859//859 861//861 
f 862//862 861//861 863//863 
f 864//864 863//863 865//865 
f 866//866 865//865 867//867 
f 868//868 867//867 869//869 
f 870//870 869//869 871//871 
f 872//872 873//873 874//874 
f 871//871 875//875 874//874 
f 874//874 873//873 871//871 
f 872//872 876//876 877//877 
f 878//878 877//877 879//879 
f 880//880 879//879 881//881 
f 882//882 881//881 883//883 
f 884//884 883//883 885//885 
f 886//886 885//885 887//887 
f 888//888 887//887 889//889 
f 890//890 889//889 891//891 
f 892//892 891//891 893//893 
f 894//894 893//893 895//895 
f 895//895 896//896 894//894 
f 893//893 894//894 892//892 
f 891//891 892//892 890//890 
f 889//889 890//890 888//888 
f 887//887 888//888 886//886 
f 885//885 886//886 884//884 
f 883//883 884//884 882//882 
f 881//881 882//882 880//880 
f 879//879 880//880 878//878 
f 877//877 878//878 872//872 
f 874//874 876//876 872//872 
f 871//871 873//873 870//870 
f 869//869 870//870 868//868 
f 867//867 868//868 866//866 
f 865//865 866//866 864//864 
f 863//863 864//864 862//862 
f 861//861 862//862 860//860 
f 859//859 860//860 858//858 
f 857//857 858//858 856//856 
f 855//855 856//856 854//854 
f 853//853 854//854 852//852 
f 851//851 852//852 850//850 
f 849//849 850//850 848//848 
f 847//847 848//848 846//846 
f 845//845 846//846 844//844 
f 843//843 844//844 842//842 
f 841//841 842//842 840//840 
f 839//839 840//840 838//838 
f 837//837 838//838 836//836 
f 835//835 836//836 834//834 
f 833//833 834//834 832//832 
f 831//831 832//832 830//830 
f 829//829 830//830 828//828 
f 827//827 828//828 826//826 
f 825//825 826//826 824//824 
f 823//823 824//824 822//822 
f 821//821 822//822 820//820 
f 819//819 820//820 818//818 
f 817//817 818//818 815//815 
v 0.0095 0.00688 0.00606218 
v 0.0095 -0.00688 0.00606218 
v 0.0095 -0.00688 -0.00606218 
v 0.0095 0.00688 -0.00606218 
vn 1 0 -1.43078e-16 
vn 1 0 -1.43078e-16 
vn 1 0 -1.43078e-16 
vn 1 0 -1.43078e-16 
f 897//897 898//898 899//899 
f 899//899 900//900 897//897 
v 0.0095 0.00688 -0.00606218 
v 0.0095 -0.00688 -0.00606218 
v 0.00946713 -0.00688 -0.00668935 
v 0.00946713 0.00688 -0.00668935 
v 0.00936889 -0.00688 -0.00730965 
v 0.00936889 0.00688 -0.00730965 
v 0.00920634 -0.00688 -0.00791628 
v 0.00920634 0.00688 -0.00791628 
v 0.00898127 -0.00688 -0.0085026 
v 0.00898127 0.00688 -0.0085026 
v 0.00869615 -0.00688 -0.00906218 
v 0.00869615 0.00688 -0.00906218 
v 0.0083541 -0.00688 -0.00958889 
v 0.0083541 0.00688 -0.00958889 
v 0.00795887 -0.00688 -0.010077 
v 0.00795887 0.00688 -0.010077 
v 0.00751478 -0.00688 -0.010521 
v 0.00751478 0.00688 -0.010521 
v 0.00702671 -0.00688 -0.0109163 
v 0.00702671 0.00688 -0.0109163 
v 0.0065 -0.00688 -0.0112583 
v 0.0065 0.00688 -0.0112583 
vn 1 0 -1.43078e-16 
vn 1 0 -1.43078e-16 
vn 0.994522 0 -0.104528 
vn 0.994522 0 -0.104528 
vn 0.978148 0 -0.207912 
vn 0.978148 0 -0.207912 
vn 0.951057 0 -0.309017 
vn 0.951057 0 -0.309017 
vn 0.913545 0 -0.406737 
vn 0.913545 0 -0.406737 
vn 0.866025 0 -0.5 
vn 0.866025 0 -0.5 
vn 0.809017 0 -0.587785 
vn 0.809017 0 -0.587785 
vn 0.743145 0 -0.669131 
vn 0.743145 0 -0.669131 
vn 0.669131 0 -0.743145 
vn 0.669131 0 -0.743145 
vn 0.587785 0 -0.809017 
vn 0.587785 0 -0.809017 
vn 0.5 0 -0.866025 
vn 0.5 0 -0.866025 
f 901//901 902//902 903//903 
f 904//904 903//903 905//905 
f 906//906 905//905 907//907 
f 908//908 907//907 909//909 
f 910//910 909//909 911//911 
f 912//912 911//911 913//913 
f 914//914 913//913 915//915 
f 916//916 915//915 917//917 
f 918//918 917//917 919//919 
f 920//920 919//919 921//921 
f 921//921 922//922 920//920 
f 919//919 920//920 918//918 
f 917//917 918//918 916//916 
f 915//915 916//916 914//914 
f 913//913 914//914 912//912 
f 911//911 912//912 910//910 
f 909//909 910//910 908//908 
f 907//907 908//908 906//906 
f 905//905 906//906 904//904 
f 903//903 904//904 901//901 
v 0.00209945 -0.00688 0.00453788 
v 0.00257777 -0.00688 0.00428429 
v 0.00675714 -0.00688 0.0111011 
v 0.00653469 -0.00688 0.0112612 
v 0.00302587 -0.00688 0.00398047 
v 0.00795887 -0.00688 0.010077 
v 0.00632927 -0.00688 0.0114426 
v 0.00751478 -0.00688 0.010521 
v 0.0059775 -0.00688 0.011862 
v 0.00583465 -0.00688 0.0120959 
v 0.00614292 -0.00688 0.0116435 
v 0.00159651 -0.00688 0.00473827 
v 0.00551366 -0.00688 0.0131369 
v 0.0055 -0.00688 0.0134106 
v 0.00562208 -0.00688 0.0126004 
v 0.00555449 -0.00688 0.0128659 
v 0.00702671 -0.00688 0.0109163 
v 0.00571578 -0.00688 0.0123428 
v -0.00159651 -0.00688 0.00473827 
v -0.00562762 -0.00688 0.0125884 
v -0.0057255 -0.00688 0.0123258 
v -0.00551428 -0.00688 0.0131365 
v -0.00555697 -0.00688 0.0128596 
v -0.0065786 -0.00688 0.0112326 
v -0.00680952 -0.00688 0.0110739 
v -0.00257777 -0.00688 0.00428429 
v 0.0055 -0.00688 0.0136 
v 0.000540595 -0.00688 0.00497069 
v 0.00107485 -0.00688 0.0048831 
v -0.0055 -0.00688 0.0136 
v -0.0055 -0.00688 0.0134164 
v -0.00209945 -0.00688 0.00453788 
v -0.00636503 -0.00688 0.0114141 
v -0.0058496 -0.00688 0.0120745 
v -0.00107485 -0.00688 0.0048831 
v -0.00617104 -0.00688 0.0116163 
v -0.00599863 -0.00688 0.0118372 
v 0.00413844 -0.00688 0.00280594 
v 0.00441756 -0.00688 0.00234204 
v 0.0095 -0.00688 0.00606218 
v 0.00381081 -0.00688 0.00323693 
v 0.00946713 -0.00688 0.00668935 
v 0.0034385 -0.00688 0.00362998 
v 0.00920634 -0.00688 0.00791628 
v 0.00869615 -0.00688 0.00906218 
v 6.12323e-19 -0.00688 0.005 
v -0.000540595 -0.00688 0.00497069 
v 0.00302587 -0.00688 -0.00398047 
v 0.0083541 -0.00688 -0.00958889 
v 0.00869615 -0.00688 -0.00906218 
v 0.0034385 -0.00688 -0.00362998 
v 0.00898127 -0.00688 -0.0085026 
v 0.00920634 -0.00688 -0.00791628 
v 0.00936889 -0.00688 0.00730965 
v 0.00898127 -0.00688 0.0085026 
v 0.0083541 -0.00688 0.00958889 
v -0.00794847 -0.00688 0.010287 
v -0.00302587 -0.00688 0.00398047 
v -0.00900542 -0.00688 0.00937563 
v -0.0034385 -0.00688 0.00362998 
v -0.0120922 -0.00688 0.00477263 
v -0.0125342 -0.00688 0.00344886 
v -0.00481775 -0.00688 0.00133764 
v -0.0128317 -0.00688 0.00208535 
v -0.00493413 -0.00688 0.00080891 
v 0.00795887 -0.00688 -0.010077 
v 0.00381081 -0.00688 -0.00323693 
v 0.00936889 -0.00688 -0.00730965 
v 0.00946713 -0.00688 -0.00668935 
v 0.00499267 -0.00688 0.000270695 
v 0.00499267 -0.00688 -0.000270695 
v -0.0129813 -0.00688 0.000697796 
v -0.00499267 -0.00688 0.000270695 
v -0.0125342 -0.00688 -0.00344886 
v -0.00481775 -0.00688 -0.00133764 
v -0.00493413 -0.00688 -0.00080891 
v -0.0120922 -0.00688 -0.00477263 
v -0.00464488 -0.00688 -0.00185069 
v -0.005573 -0.00688 -0.0117449 
v -0.00209945 -0.00688 -0.00453788 
v -0.00257777 -0.00688 -0.00428429 
v -0.00428186 -0.00688 -0.0122746 
v -0.00159651 -0.00688 -0.00473827 
v -0.00294137 -0.00688 -0.0126629 
v -0.00107485 -0.00688 -0.0048831 
v -0.00156698 -0.00688 -0.0129052 
v -0.000540595 -0.00688 -0.00497069 
v 0.00260033 -0.00688 -0.0127373 
v 0.00107485 -0.00688 -0.0048831 
v 0.000540595 -0.00688 -0.00497069 
v 0.00395077 -0.00688 -0.0123851 
v 0.00159651 -0.00688 -0.00473827 
v 0.00413844 -0.00688 -0.00280594 
v 0.0095 -0.00688 -0.00606218 
v -0.00995858 -0.00688 0.00835624 
v -0.00381081 -0.00688 0.00323693 
v -0.010797 -0.00688 0.00724054 
v -0.00413844 -0.00688 0.00280594 
v -0.0129813 -0.00688 -0.000697796 
v -0.00499267 -0.00688 -0.000270695 
v -0.0128317 -0.00688 -0.00208535 
v 0.00525567 -0.00688 -0.0118902 
v 0.00209945 -0.00688 -0.00453788 
v 0.00257777 -0.00688 -0.00428429 
v 0.00751478 -0.00688 -0.010521 
v 0.0065 -0.00688 -0.0112583 
v 0.00702671 -0.00688 -0.0109163 
v 0.00464488 -0.00688 -0.00185069 
v 0.00441756 -0.00688 -0.00234204 
v 0.00493413 -0.00688 -0.00080891 
v 0.00481775 -0.00688 -0.00133764 
v 0.00493413 -0.00688 0.00080891 
v -0.0115109 -0.00688 0.0060414 
v -0.00441756 -0.00688 0.00234204 
v -0.00464488 -0.00688 0.00185069 
v -0.0115109 -0.00688 -0.0060414 
v -0.00441756 -0.00688 -0.00234204 
v -0.010797 -0.00688 -0.00724054 
v -0.00413844 -0.00688 -0.00280594 
v -0.00995858 -0.00688 -0.00835624 
v -0.00381081 -0.00688 -0.00323693 
v -0.00900542 -0.00688 -0.00937563 
v -0.0034385 -0.00688 -0.00362998 
v -0.00679992 -0.00688 -0.0110798 
v -0.00302587 -0.00688 -0.00398047 
v 0.00121993 -0.00688 -0.0129426 
v -1.22465e-18 -0.00688 -0.005 
v -0.00794847 -0.00688 -0.010287 
v -0.000174528 -0.00688 -0.0129988 
v 0.00464488 -0.00688 0.00185069 
v 0.00481775 -0.00688 0.00133764 
vn 0 -1 0 
vn 0 -1 0 
vn 0 -1 0 
vn 0 -1 0 
vn 0 -1 0 
vn 0 -1 0 
vn 0 -1 0 
vn 0 -1 0 
vn 0 -1 0 
vn 0 -1 0 
vn 0 -1 0 
vn 0 -1 0 
vn 0 -1 0 
vn 0 -1 0 
vn 0 -1 0 
vn 0 -1 0 
vn 0 -1 0 
vn 0 -1 0 
vn 0 -1 0 
vn 0 -1 0 
vn 0 -1 0 
vn 0 -1 0 
vn 0 -1 0 
vn 0 -1 0 
vn 0 -1 0 
vn 0 -1 0 
vn 0 -1 0 
vn 0 -1 0 
vn 0 -1 0 
vn 0 -1 0 
vn 0 -1 0 
vn 0 -1 0 
vn 0 -1 0 
vn 0 -1 0 
vn 0 -1 0 
vn 0 -1 0 
vn 0 -1 0 
vn 0 -1 0 
vn 0 -1 0 
vn 0 -1 0 
vn 0 -1 0 
vn 0 -1 0 
vn 0 -1 0 
vn 0 -1 0 
vn 0 -1 0 
vn 0 -1 0 
vn 0 -1 0 
vn 0 -1 0 
vn 0 -1 0 
vn 0 -1 0 
vn 0 -1 0 
vn 0 -1 0 
vn 0 -1 0 
vn 0 -1 0 
vn 0 -1 0 
vn 0 -1 0 
vn 0 -1 0 
vn 0 -1 0 
vn 0 -1 0 
vn 0 -1 0 
vn 0 -1 0 
vn 0 -1 0 
vn 0 -1 0 
vn 0 -1 0 
vn 0 -1 0 
vn 0 -1 0 
vn 0 -1 0 
vn 0 -1 0 
vn 0 -1 0 
vn 0 -1 0 
vn 0 -1 0 
vn 0 -1 0 
vn 0 -1 0 
vn 0 -1 0 
vn 0 -1 0 
vn 0 -1 0 
vn 0 -1 0 
vn 0 -1 0 
vn 0 -1 0 
vn 0 -1 0 
vn 0 -1 0 
vn 0 -1 0 
vn 0 -1 0 
vn 0 -1 0 
vn 0 -1 0 
vn 0 -1 0 
vn 0 -1 0 
vn 0 -1 0 
vn 0 -1 0 
vn 0 -1 0 
vn 0 -1 0 
vn 0 -1 0 
vn 0 -1 0 
vn 0 -1 0 
vn 0 -1 0 
vn 0 -1 0 
vn 0 -1 0 
vn 0 -1 0 
vn 0 -1 0 
vn 0 -1 0 
vn 0 -1 0 
vn 0 -1 0 
vn 0 -1 0 
vn 0 -1 0 
vn 0 -1 0 
vn 0 -1 0 
vn 0 -1 0 
vn 0 -1 0 
vn 0 -1 0 
vn 0 -1 0 
vn 0 -1 0 
vn 0 -1 0 
vn 0 -1 0 
vn 0 -1 0 
vn 0 -1 0 
vn 0 -1 0 
vn 0 -1 0 
vn 0 -1 0 
vn 0 -1 0 
vn 0 -1 0 
vn 0 -1 0 
vn 0 -1 0 
vn 0 -1 0 
vn 0 -1 0 
vn 0 -1 0 
vn 0 -1 0 
vn 0 -1 0 
vn 0 -1 0 
vn 0 -1 0 
vn 0 -1 0 
vn 0 -1 0 
f 923//923 924//924 925//925 
f 925//925 926//926 923//923 
f 924//924 927//927 928//928 
f 926//926 929//929 923//923 
f 928//928 930//930 924//924 
f 923//923 931//931 932//932 
f 929//929 933//933 923//923 
f 934//934 935//935 936//936 
f 934//934 937//937 938//938 
f 930//930 939//939 924//924 
f 933//933 931//931 923//923 
f 938//938 935//935 934//934 
f 934//934 923//923 940//940 
f 932//932 940//940 923//923 
f 940//940 937//937 934//934 
f 941//941 942//942 943//943 
f 941//941 944//944 945//945 
f 946//946 947//947 948//948 
f 936//936 949//949 934//934 
f 949//949 950//950 951//951 
f 945//945 942//942 941//941 
f 941//941 952//952 953//953 
f 954//954 955//955 946//946 
f 954//954 943//943 956//956 
f 951//951 934//934 949//949 
f 952//952 941//941 957//957 
f 953//953 944//944 941//941 
f 954//954 958//958 955//955 
f 956//956 959//959 954//954 
f 960//960 961//961 962//962 
f 963//963 960//960 964//964 
f 965//965 963//963 966//966 
f 927//927 965//965 967//967 
f 949//949 968//968 950//950 
f 952//952 969//969 968//968 
f 943//943 954//954 941//941 
f 959//959 958//958 954//954 
f 970//970 971//971 972//972 
f 973//973 974//974 975//975 
f 962//962 964//964 960//960 
f 964//964 976//976 963//963 
f 966//966 977//977 965//965 
f 967//967 978//978 927//927 
f 968//968 949//949 952//952 
f 948//948 954//954 946//946 
f 947//947 979//979 980//980 
f 979//979 981//981 982//982 
f 983//983 984//984 985//985 
f 984//984 986//986 987//987 
f 970//970 988//988 971//971 
f 973//973 972//972 974//974 
f 989//989 990//990 991//991 
f 962//962 992//992 993//993 
f 976//976 966//966 963//963 
f 978//978 928//928 927//927 
f 957//957 969//969 952//952 
f 982//982 980//980 979//979 
f 987//987 985//985 984//984 
f 986//986 994//994 995//995 
f 996//996 997//997 998//998 
f 999//999 1000//1000 997//997 
f 1001//1001 1002//1002 1003//1003 
f 1004//1004 1005//1005 1002//1002 
f 1006//1006 1007//1007 1005//1005 
f 1008//1008 1009//1009 1007//1007 
f 1010//1010 1011//1011 1012//1012 
f 1013//1013 1014//1014 1011//1011 
f 975//975 989//989 973//973 
f 989//989 975//975 990//990 
f 1015//1015 991//991 1016//1016 
f 993//993 1016//1016 962//962 
f 977//977 967//967 965//965 
f 980//980 948//948 947//947 
f 981//981 1017//1017 1018//1018 
f 1017//1017 1019//1019 1020//1020 
f 995//995 987//987 986//986 
f 994//994 1021//1021 1022//1022 
f 1023//1023 998//998 1022//1022 
f 997//997 996//996 999//999 
f 1002//1002 1001//1001 1004//1004 
f 1007//1007 1006//1006 1008//1008 
f 1011//1011 1010//1010 1013//1013 
f 1024//1024 1025//1025 1014//1014 
f 1026//1026 1027//1027 988//988 
f 1026//1026 1028//1028 1029//1029 
f 991//991 1015//1015 989//989 
f 1016//1016 1030//1030 1031//1031 
f 1016//1016 1032//1032 1033//1033 
f 962//962 1034//1034 992//992 
f 939//939 925//925 924//924 
f 1020//1020 1018//1018 1017//1017 
f 1019//1019 1035//1035 1036//1036 
f 1035//1035 983//983 1037//1037 
f 1022//1022 995//995 994//994 
f 998//998 1023//1023 996//996 
f 1038//1038 1039//1039 1000//1000 
f 1040//1040 1041//1041 1039//1039 
f 1042//1042 1043//1043 1041//1041 
f 1044//1044 1045//1045 1043//1043 
f 1046//1046 1003//1003 1047//1047 
f 1005//1005 1004//1004 1006//1006 
f 1048//1048 1012//1012 1049//1049 
f 1014//1014 1013//1013 1024//1024 
f 1028//1028 1026//1026 1025//1025 
f 1029//1029 1027//1027 1026//1026 
f 1016//1016 1031//1031 1015//1015 
f 993//993 1032//1032 1016//1016 
f 1018//1018 982//982 981//981 
f 1037//1037 1036//1036 1035//1035 
f 1022//1022 1021//1021 1023//1023 
f 1039//1039 1038//1038 1040//1040 
f 1043//1043 1042//1042 1044//1044 
f 1050//1050 1047//1047 1045//1045 
f 1003//1003 1046//1046 1001//1001 
f 1051//1051 1049//1049 1009//1009 
f 1012//1012 1048//1048 1010//1010 
f 988//988 970//970 1026//1026 
f 1033//1033 1030//1030 1016//1016 
f 962//962 1052//1052 1053//1053 
f 1036//1036 1020//1020 1019//1019 
f 1000//1000 999//999 1038//1038 
f 1045//1045 1044//1044 1050//1050 
f 1009//1009 1008//1008 1051//1051 
f 1025//1025 1024//1024 1028//1028 
f 1053//1053 1034//1034 962//962 
f 985//985 1037//1037 983//983 
f 1047//1047 1050//1050 1046//1046 
f 972//972 973//973 970//970 
f 1041//1041 1040//1040 1042//1042 
f 961//961 1052//1052 962//962 
f 1049//1049 1051//1051 1048//1048 
v -0.0129813 0.00688 -0.000697796 
v -0.0129813 0.00688 0.000697796 
v -0.00549193 0.00688 0.000297764 
v -0.0128317 0.00688 0.00208535 
v -0.00542755 0.00688 0.000889801 
v -0.0125342 0.00688 0.00344886 
v -0.00529952 0.00688 0.00147141 
v -0.0120922 0.00688 0.00477263 
v -0.00510937 0.00688 0.00203576 
v -0.0115109 0.00688 0.0060414 
v -0.00485932 0.00688 0.00257625 
v -0.0120922 0.00688 -0.00477263 
v -0.0125342 0.00688 -0.00344886 
v -0.00529952 0.00688 -0.00147141 
v -0.0128317 0.00688 -0.00208535 
v -0.00542755 0.00688 -0.000889801 
v -0.010797 0.00688 0.00724054 
v -0.00455229 0.00688 0.00308653 
v -0.00995858 0.00688 0.00835624 
v -0.00419189 0.00688 0.00356062 
v -0.00900542 0.00688 0.00937563 
v -0.00378235 0.00688 0.00399298 
v 0.00378235 0.00688 -0.00399298 
v 0.00419189 0.00688 -0.00356062 
v 0.00920634 0.00688 -0.00791628 
v 0.00332846 0.00688 -0.00437851 
v 0.00869615 0.00688 -0.00906218 
v 0.00283555 0.00688 -0.00471271 
v 0.00795887 0.00688 -0.010077 
v -0.00428186 0.00688 -0.0122746 
v -0.005573 0.00688 -0.0117449 
v -0.00230939 0.00688 -0.00499166 
v -0.00679992 0.00688 -0.0110798 
v -0.00283555 0.00688 -0.00471271 
v -0.010797 0.00688 -0.00724054 
v -0.0115109 0.00688 -0.0060414 
v -0.00485932 0.00688 -0.00257625 
v -0.00510937 0.00688 -0.00203576 
v -0.00549193 0.00688 -0.000297764 
v 0.00121993 0.00688 0.0129426 
v 0.000594655 0.00688 0.00546776 
v 9.82782e-13 0.00688 0.0055 
v 0.00260033 0.00688 0.0127373 
v 0.00118234 0.00688 0.00537141 
v 0.00898127 0.00688 -0.0085026 
v 0.0083541 0.00688 -0.00958889 
v 0.00751478 0.00688 -0.010521 
v -0.00156698 0.00688 -0.0129052 
v -0.00294137 0.00688 -0.0126629 
v -0.00118234 0.00688 -0.00537141 
v -0.00175616 0.00688 -0.00521209 
v -0.00794847 0.00688 -0.010287 
v -0.00332846 0.00688 -0.00437851 
v -0.00794847 0.00688 0.010287 
v -0.00332846 0.00688 0.00437851 
v 0.00395077 0.00688 0.0123851 
v 0.00175616 0.00688 0.00521209 
v 0.00702671 0.00688 -0.0109163 
v 0.0065 0.00688 -0.0112583 
v 0.00525567 0.00688 -0.0118902 
v 0.00230939 0.00688 -0.00499166 
v 0.00395077 0.00688 -0.0123851 
v 0.00175616 0.00688 -0.00521209 
v 0.00121993 0.00688 -0.0129426 
v -0.000174528 0.00688 -0.0129988 
v 9.82781e-13 0.00688 -0.0055 
v -0.000594655 0.00688 -0.00546776 
v -0.00900542 0.00688 -0.00937563 
v -0.00378235 0.00688 -0.00399298 
v -0.00995858 0.00688 -0.00835624 
v -0.00419189 0.00688 -0.00356062 
v -0.00679992 0.00688 0.0110798 
v -0.00283555 0.00688 0.00471271 
v -0.005573 0.00688 0.0117449 
v -0.00230939 0.00688 0.00499166 
v 0.00525567 0.00688 0.0118902 
v 0.00230939 0.00688 0.00499166 
v 0.00283555 0.00688 0.00471271 
v 0.00751478 0.00688 0.010521 
v 0.00795887 0.00688 0.010077 
v 0.00260033 0.00688 -0.0127373 
v 0.00118234 0.00688 -0.00537141 
v 0.000594655 0.00688 -0.00546776 
v -0.00455229 0.00688 -0.00308653 
v 0.0065 0.00688 0.0112583 
v 0.00702671 0.00688 0.0109163 
v 0.00332846 0.00688 0.00437851 
v 0.0083541 0.00688 0.00958889 
v 0.00869615 0.00688 0.00906218 
v 0.00378235 0.00688 0.00399298 
v 0.00898127 0.00688 0.0085026 
v 0.00920634 0.00688 0.00791628 
v 0.00455229 0.00688 -0.00308653 
v 0.00946713 0.00688 -0.00668935 
v -0.00428186 0.00688 0.0122746 
v -0.00175616 0.00688 0.00521209 
v -0.00294137 0.00688 0.0126629 
v -0.00118234 0.00688 0.00537141 
v -0.00156698 0.00688 0.0129052 
v -0.000594655 0.00688 0.00546776 
v 0.00419189 0.00688 0.00356062 
v 0.00936889 0.00688 0.00730965 
v 0.00946713 0.00688 0.00668935 
v 0.0095 0.00688 -0.00606218 
v 0.00549193 0.00688 -0.000297764 
v 0.00549193 0.00688 0.000297764 
v 0.00485932 0.00688 -0.00257625 
v 0.00936889 0.00688 -0.00730965 
v 0.00455229 0.00688 0.00308653 
v 0.0095 0.00688 0.00606218 
v 0.00529952 0.00688 0.00147141 
v 0.00510937 0.00688 0.00203576 
v 0.00529952 0.00688 -0.00147141 
v 0.00542755 0.00688 -0.000889801 
v -0.000174528 0.00688 0.0129988 
v 0.00485932 0.00688 0.00257625 
v 0.00542755 0.00688 0.000889801 
v 0.00510937 0.00688 -0.00203576 
vn 0 1 0 
vn 0 1 0 
vn 0 1 0 
vn 0 1 0 
vn 0 1 0 
vn 0 1 0 
vn 0 1 0 
vn 0 1 0 
vn 0 1 0 
vn 0 1 0 
vn 0 1 0 
vn 0 1 0 
vn 0 1 0 
vn 0 1 0 
vn 0 1 0 
vn 0 1 0 
vn 0 1 0 
vn 0 1 0 
vn 0 1 0 
vn 0 1 0 
vn 0 1 0 
vn 0 1 0 
vn 0 1 0 
vn 0 1 0 
vn 0 1 0 
vn 0 1 0 
vn 0 1 0 
vn 0 1 0 
vn 0 1 0 
vn 0 1 0 
vn 0 1 0 
vn 0 1 0 
vn 0 1 0 
vn 0 1 0 
vn 0 1 0 
vn 0 1 0 
vn 0 1 0 
vn 0 1 0 
vn 0 1 0 
vn 0 1 0 
vn 0 1 0 
vn 0 1 0 
vn 0 1 0 
vn 0 1 0 
vn 0 1 0 
vn 0 1 0 
vn 0 1 0 
vn 0 1 0 
vn 0 1 0 
vn 0 1 0 
vn 0 1 0 
vn 0 1 0 
vn 0 1 0 
vn 0 1 0 
vn 0 1 0 
vn 0 1 0 
vn 0 1 0 
vn 0 1 0 
vn 0 1 0 
vn 0 1 0 
vn 0 1 0 
vn 0 1 0 
vn 0 1 0 
vn 0 1 0 
vn 0 1 0 
vn 0 1 0 
vn 0 1 0 
vn 0 1 0 
vn 0 1 0 
vn 0 1 0 
vn 0 1 0 
vn 0 1 0 
vn 0 1 0 
vn 0 1 0 
vn 0 1 0 
vn 0 1 0 
vn 0 1 0 
vn 0 1 0 
vn 0 1 0 
vn 0 1 0 
vn 0 1 0 
vn 0 1 0 
vn 0 1 0 
vn 0 1 0 
vn 0 1 0 
vn 0 1 0 
vn 0 1 0 
vn 0 1 0 
vn 0 1 0 
vn 0 1 0 
vn 0 1 0 
vn 0 1 0 
vn 0 1 0 
vn 0 1 0 
vn 0 1 0 
vn 0 1 0 
vn 0 1 0 
vn 0 1 0 
vn 0 1 0 
vn 0 1 0 
vn 0 1 0 
vn 0 1 0 
vn 0 1 0 
vn 0 1 0 
vn 0 1 0 
vn 0 1 0 
vn 0 1 0 
vn 0 1 0 
vn 0 1 0 
vn 0 1 0 
vn 0 1 0 
vn 0 1 0 
vn 0 1 0 
vn 0 1 0 
vn 0 1 0 
vn 0 1 0 
vn 0 1 0 
vn 0 1 0 
f 1054//1054 1055//1055 1056//1056 
f 1057//1057 1058//1058 1056//1056 
f 1059//1059 1060//1060 1058//1058 
f 1061//1061 1062//1062 1060//1060 
f 1056//1056 1055//1055 1057//1057 
f 1060//1060 1059//1059 1061//1061 
f 1058//1058 1057//1057 1059//1059 
f 1063//1063 1064//1064 1062//1062 
f 1065//1065 1066//1066 1067//1067 
f 1066//1066 1068//1068 1069//1069 
f 1062//1062 1061//1061 1063//1063 
f 1070//1070 1071//1071 1064//1064 
f 1072//1072 1073//1073 1071//1071 
f 1074//1074 1075//1075 1073//1073 
f 1076//1076 1077//1077 1078//1078 
f 1079//1079 1076//1076 1080//1080 
f 1081//1081 1079//1079 1082//1082 
f 1083//1083 1084//1084 1085//1085 
f 1084//1084 1086//1086 1087//1087 
f 1088//1088 1089//1089 1090//1090 
f 1089//1089 1065//1065 1091//1091 
f 1069//1069 1067//1067 1066//1066 
f 1068//1068 1054//1054 1092//1092 
f 1064//1064 1063//1063 1070//1070 
f 1073//1073 1072//1072 1074//1074 
f 1093//1093 1094//1094 1095//1095 
f 1096//1096 1097//1097 1094//1094 
f 1078//1078 1098//1098 1076//1076 
f 1080//1080 1099//1099 1079//1079 
f 1082//1082 1100//1100 1081//1081 
f 1101//1101 1102//1102 1103//1103 
f 1102//1102 1083//1083 1104//1104 
f 1087//1087 1085//1085 1084//1084 
f 1086//1086 1105//1105 1106//1106 
f 1091//1091 1090//1090 1089//1089 
f 1092//1092 1069//1069 1068//1068 
f 1071//1071 1070//1070 1072//1072 
f 1107//1107 1108//1108 1075//1075 
f 1094//1094 1093//1093 1096//1096 
f 1109//1109 1110//1110 1097//1097 
f 1099//1099 1082//1082 1079//1079 
f 1100//1100 1111//1111 1081//1081 
f 1112//1112 1113//1113 1114//1114 
f 1113//1113 1115//1115 1116//1116 
f 1117//1117 1118//1118 1119//1119 
f 1118//1118 1101//1101 1120//1120 
f 1104//1104 1103//1103 1102//1102 
f 1106//1106 1087//1087 1086//1086 
f 1105//1105 1121//1121 1122//1122 
f 1121//1121 1123//1123 1124//1124 
f 1067//1067 1091//1091 1065//1065 
f 1075//1075 1074//1074 1107//1107 
f 1125//1125 1126//1126 1108//1108 
f 1127//1127 1128//1128 1126//1126 
f 1097//1097 1096//1096 1109//1109 
f 1129//1129 1130//1130 1110//1110 
f 1131//1131 1132//1132 1133//1133 
f 1111//1111 1112//1112 1081//1081 
f 1116//1116 1114//1114 1113//1113 
f 1115//1115 1134//1134 1135//1135 
f 1134//1134 1117//1117 1136//1136 
f 1120//1120 1119//1119 1118//1118 
f 1085//1085 1104//1104 1083//1083 
f 1124//1124 1122//1122 1121//1121 
f 1123//1123 1088//1088 1137//1137 
f 1056//1056 1092//1092 1054//1054 
f 1126//1126 1125//1125 1127//1127 
f 1110//1110 1109//1109 1129//1129 
f 1138//1138 1131//1131 1130//1130 
f 1131//1131 1139//1139 1132//1132 
f 1140//1140 1141//1141 1142//1142 
f 1143//1143 1144//1144 1145//1145 
f 1077//1077 1146//1146 1147//1147 
f 1114//1114 1081//1081 1112//1112 
f 1136//1136 1135//1135 1134//1134 
f 1103//1103 1120//1120 1101//1101 
f 1137//1137 1124//1124 1123//1123 
f 1108//1108 1107//1107 1125//1125 
f 1148//1148 1149//1149 1128//1128 
f 1150//1150 1151//1151 1149//1149 
f 1152//1152 1153//1153 1151//1151 
f 1130//1130 1129//1129 1138//1138 
f 1131//1131 1138//1138 1139//1139 
f 1140//1140 1133//1133 1141//1141 
f 1143//1143 1142//1142 1144//1144 
f 1154//1154 1155//1155 1156//1156 
f 1157//1157 1158//1158 1159//1159 
f 1146//1146 1160//1160 1157//1157 
f 1147//1147 1161//1161 1077//1077 
f 1135//1135 1116//1116 1115//1115 
f 1122//1122 1106//1106 1105//1105 
f 1128//1128 1127//1127 1148//1148 
f 1151//1151 1150//1150 1152//1152 
f 1133//1133 1140//1140 1131//1131 
f 1145//1145 1154//1154 1143//1143 
f 1154//1154 1145//1145 1155//1155 
f 1162//1162 1156//1156 1163//1163 
f 1163//1163 1164//1164 1165//1165 
f 1159//1159 1163//1163 1157//1157 
f 1157//1157 1166//1166 1167//1167 
f 1161//1161 1078//1078 1077//1077 
f 1119//1119 1136//1136 1117//1117 
f 1149//1149 1148//1148 1150//1150 
f 1168//1168 1095//1095 1153//1153 
f 1142//1142 1143//1143 1140//1140 
f 1163//1163 1169//1169 1162//1162 
f 1163//1163 1170//1170 1164//1164 
f 1167//1167 1158//1158 1157//1157 
f 1098//1098 1080//1080 1076//1076 
f 1153//1153 1152//1152 1168//1168 
f 1156//1156 1162//1162 1154//1154 
f 1159//1159 1170//1170 1163//1163 
f 1157//1157 1160//1160 1171//1171 
f 1090//1090 1137//1137 1088//1088 
f 1165//1165 1169//1169 1163//1163 
f 1157//1157 1147//1147 1146//1146 
f 1171//1171 1166//1166 1157//1157 
f 1095//1095 1168//1168 1093//1093 
v 9.82781e-13 0.00688 -0.0055 
v 9.82781e-13 0.00763 -0.0055 
v 0.000594655 0.00763 -0.00546776 
v 0.000594655 0.00688 -0.00546776 
v 0.00118234 0.00763 -0.00537141 
v 0.00118234 0.00688 -0.00537141 
v 0.00175616 0.00763 -0.00521209 
v 0.00175616 0.00688 -0.00521209 
v 0.00230939 0.00763 -0.00499166 
v 0.00230939 0.00688 -0.00499166 
v 0.00283555 0.00763 -0.00471271 
v 0.00283555 0.00688 -0.00471271 
v 0.00332846 0.00763 -0.00437851 
v 0.00332846 0.00688 -0.00437851 
v 0.00378235 0.00763 -0.00399298 
v 0.00378235 0.00688 -0.00399298 
v 0.00419189 0.00763 -0.00356062 
v 0.00419189 0.00688 -0.00356062 
v 0.00455229 0.00763 -0.00308653 
v 0.00455229 0.00688 -0.00308653 
v 0.00485932 0.00763 -0.00257625 
v 0.00485932 0.00688 -0.00257625 
v 0.00510937 0.00763 -0.00203576 
v 0.00510937 0.00688 -0.00203576 
v 0.00529952 0.00763 -0.00147141 
v 0.00529952 0.00688 -0.00147141 
v 0.00542755 0.00763 -0.000889801 
v 0.00542755 0.00688 -0.000889801 
v 0.00549193 0.00763 -0.000297764 
v 0.00549193 0.00688 -0.000297764 
v 0.00549193 0.00763 0.000297764 
v 0.00549193 0.00688 0.000297764 
v 0.00542755 0.00763 0.000889801 
v 0.00542755 0.00688 0.000889801 
v 0.00529952 0.00763 0.00147141 
v 0.00529952 0.00688 0.00147141 
v 0.00510937 0.00763 0.00203576 
v 0.00510937 0.00688 0.00203576 
v 0.00485932 0.00763 0.00257625 
v 0.00485932 0.00688 0.00257625 
v 0.00455229 0.00763 0.00308653 
v 0.00455229 0.00688 0.00308653 
v 0.00419189 0.00763 0.00356062 
v 0.00419189 0.00688 0.00356062 
v 0.00378235 0.00763 0.00399298 
v 0.00378235 0.00688 0.00399298 
v 0.00332846 0.00763 0.00437851 
v 0.00332846 0.00688 0.00437851 
v 0.00283555 0.00763 0.00471271 
v 0.00283555 0.00688 0.00471271 
v 0.00230939 0.00763 0.00499166 
v 0.00230939 0.00688 0.00499166 
v 0.00175616 0.00763 0.00521209 
v 0.00175616 0.00688 0.00521209 
v 0.00118234 0.00763 0.00537141 
v 0.00118234 0.00688 0.00537141 
v 0.000594655 0.00763 0.00546776 
v 0.000594655 0.00688 0.00546776 
v 9.82783e-13 0.00763 0.0055 
v 9.82782e-13 0.00688 0.0055 
v -0.000594655 0.00763 0.00546776 
v -0.000594655 0.00688 0.00546776 
v -0.00118234 0.00763 0.00537141 
v -0.00118234 0.00688 0.00537141 
v -0.00175616 0.00763 0.00521209 
v -0.00175616 0.00688 0.00521209 
v -0.00230939 0.00763 0.00499166 
v -0.00230939 0.00688 0.00499166 
v -0.00283555 0.00763 0.00471271 
v -0.00283555 0.00688 0.00471271 
v -0.00332846 0.00763 0.00437851 
v -0.00332846 0.00688 0.00437851 
v -0.00378235 0.00763 0.00399298 
v -0.00378235 0.00688 0.00399298 
v -0.00419189 0.00763 0.00356062 
v -0.00419189 0.00688 0.00356062 
v -0.00455229 0.00763 0.00308653 
v -0.00455229 0.00688 0.00308653 
v -0.00485932 0.00763 0.00257625 
v -0.00485932 0.00688 0.00257625 
v -0.00510937 0.00763 0.00203576 
v -0.00510937 0.00688 0.00203576 
v -0.00529952 0.00763 0.00147141 
v -0.00529952 0.00688 0.00147141 
v -0.00542755 0.00763 0.000889801 
v -0.00542755 0.00688 0.000889801 
v -0.00549193 0.00763 0.000297764 
v -0.00549193 0.00688 0.000297764 
v -0.00549193 0.00763 -0.000297764 
v -0.00549193 0.00688 -0.000297764 
v -0.00542755 0.00763 -0.000889801 
v -0.00542755 0.00688 -0.000889801 
v -0.00529952 0.00763 -0.00147141 
v -0.00529952 0.00688 -0.00147141 
v -0.00510937 0.00763 -0.00203576 
v -0.00510937 0.00688 -0.00203576 
v -0.00485932 0.00763 -0.00257625 
v -0.00485932 0.00688 -0.00257625 
v -0.00455229 0.00763 -0.00308653 
v -0.00455229 0.00688 -0.00308653 
v -0.00419189 0.00763 -0.00356062 
v -0.00419189 0.00688 -0.00356062 
v -0.00378235 0.00763 -0.00399298 
v -0.00378235 0.00688 -0.00399298 
v -0.00332846 0.00763 -0.00437851 
v -0.00332846 0.00688 -0.00437851 
v -0.00283555 0.00763 -0.00471271 
v -0.00283555 0.00688 -0.00471271 
v -0.00230939 0.00763 -0.00499166 
v -0.00230939 0.00688 -0.00499166 
v -0.00175616 0.00763 -0.00521209 
v -0.00175616 0.00688 -0.00521209 
v -0.00118234 0.00763 -0.00537141 
v -0.00118234 0.00688 -0.00537141 
v -0.000594655 0.00763 -0.00546776 
v -0.000594655 0.00688 -0.00546776 
vn 0 0 -1 
vn 0 0 -1 
vn 0.108119 0 -0.994138 
vn 0.108119 0 -0.994138 
vn 0.21497 0 -0.976621 
vn 0.21497 0 -0.976621 
vn 0.319302 0 -0.947653 
vn 0.319302 0 -0.947653 
vn 0.419889 0 -0.907575 
vn 0.419889 0 -0.907575 
vn 0.515554 0 -0.856857 
vn 0.515554 0 -0.856857 
vn 0.605174 0 -0.796093 
vn 0.605174 0 -0.796093 
vn 0.687699 0 -0.725995 
vn 0.687699 0 -0.725995 
vn 0.762162 0 -0.647386 
vn 0.762162 0 -0.647386 
vn 0.827689 0 -0.561187 
vn 0.827689 0 -0.561187 
vn 0.883512 0 -0.468408 
vn 0.883512 0 -0.468408 
vn 0.928977 0 -0.370138 
vn 0.928977 0 -0.370138 
vn 0.96355 0 -0.267528 
vn 0.96355 0 -0.267528 
vn 0.986827 0 -0.161782 
vn 0.986827 0 -0.161782 
vn 0.998533 0 -0.0541389 
vn 0.998533 0 -0.0541389 
vn 0.998533 0 0.0541389 
vn 0.998533 0 0.0541389 
vn 0.986827 0 0.161782 
vn 0.986827 0 0.161782 
vn 0.96355 0 0.267528 
vn 0.96355 0 0.267528 
vn 0.928977 0 0.370138 
vn 0.928977 0 0.370138 
vn 0.883512 0 0.468408 
vn 0.883512 0 0.468408 
vn 0.827689 0 0.561187 
vn 0.827689 0 0.561187 
vn 0.762162 0 0.647386 
vn 0.762162 0 0.647386 
vn 0.687699 0 0.725995 
vn 0.687699 0 0.725995 
vn 0.605174 0 0.796093 
vn 0.605174 0 0.796093 
vn 0.515554 0 0.856857 
vn 0.515554 0 0.856857 
vn 0.419889 0 0.907575 
vn 0.419889 0 0.907575 
vn 0.319302 0 0.947653 
vn 0.319302 0 0.947653 
vn 0.21497 0 0.976621 
vn 0.21497 0 0.976621 
vn 0.108119 0 0.994138 
vn 0.108119 0 0.994138 
vn 1.22465e-16 0 1 
vn 1.22465e-16 0 1 
vn -0.108119 0 0.994138 
vn -0.108119 0 0.994138 
vn -0.21497 0 0.976621 
vn -0.21497 0 0.976621 
vn -0.319302 0 0.947653 
vn -0.319302 0 0.947653 
vn -0.419889 0 0.907575 
vn -0.419889 0 0.907575 
vn -0.515554 0 0.856857 
vn -0.515554 0 0.856857 
vn -0.605174 0 0.796093 
vn -0.605174 0 0.796093 
vn -0.687699 0 0.725995 
vn -0.687699 0 0.725995 
vn -0.762162 0 0.647386 
vn -0.762162 0 0.647386 
vn -0.827689 0 0.561187 
vn -0.827689 0 0.561187 
vn -0.883512 0 0.468408 
vn -0.883512 0 0.468408 
vn -0.928977 0 0.370138 
vn -0.928977 0 0.370138 
vn -0.96355 0 0.267528 
vn -0.96355 0 0.267528 
vn -0.986827 0 0.161782 
vn -0.986827 0 0.161782 
vn -0.998533 0 0.0541389 
vn -0.998533 0 0.0541389 
vn -0.998533 0 -0.0541389 
vn -0.998533 0 -0.0541389 
vn -0.986827 0 -0.161782 
vn -0.986827 0 -0.161782 
vn -0.96355 0 -0.267528 
vn -0.96355 0 -0.267528 
vn -0.928977 0 -0.370138 
vn -0.928977 0 -0.370138 
vn -0.883512 0 -0.468408 
vn -0.883512 0 -0.468408 
vn -0.827689 0 -0.561187 
vn -0.827689 0 -0.561187 
vn -0.762162 0 -0.647386 
vn -0.762162 0 -0.647386 
vn -0.687699 0 -0.725995 
vn -0.687699 0 -0.725995 
vn -0.605174 0 -0.796093 
vn -0.605174 0 -0.796093 
vn -0.515554 0 -0.856857 
vn -0.515554 0 -0.856857 
vn -0.419889 0 -0.907575 
vn -0.419889 0 -0.907575 
vn -0.319302 0 -0.947653 
vn -0.319302 0 -0.947653 
vn -0.21497 0 -0.976621 
vn -0.21497 0 -0.976621 
vn -0.108119 0 -0.994138 
vn -0.108119 0 -0.994138 
f 1172//1172 1173//1173 1174//1174 
f 1175//1175 1174//1174 1176//1176 
f 1177//1177 1176//1176 1178//1178 
f 1179//1179 1178//1178 1180//1180 
f 1181//1181 1180//1180 1182//1182 
f 1183//1183 1182//1182 1184//1184 
f 1185//1185 1184//1184 1186//1186 
f 1187//1187 1186//1186 1188//1188 
f 1189//1189 1188//1188 1190//1190 
f 1191//1191 1190//1190 1192//1192 
f 1193//1193 1192//1192 1194//1194 
f 1195//1195 1194//1194 1196//1196 
f 1197//1197 1196//1196 1198//1198 
f 1199//1199 1198//1198 1200//1200 
f 1201//1201 1200//1200 1202//1202 
f 1203//1203 1202//1202 1204//1204 
f 1205//1205 1204//1204 1206//1206 
f 1207//1207 1206//1206 1208//1208 
f 1209//1209 1208//1208 1210//1210 
f 1211//1211 1210//1210 1212//1212 
f 1213//1213 1212//1212 1214//1214 
f 1215//1215 1214//1214 1216//1216 
f 1217//1217 1216//1216 1218//1218 
f 1219//1219 1218//1218 1220//1220 
f 1221//1221 1220//1220 1222//1222 
f 1223//1223 1222//1222 1224//1224 
f 1225//1225 1224//1224 1226//1226 
f 1227//1227 1226//1226 1228//1228 
f 1229//1229 1228//1228 1230//1230 
f 1231//1231 1230//1230 1232//1232 
f 1233//1233 1232//1232 1234//1234 
f 1235//1235 1234//1234 1236//1236 
f 1237//1237 1236//1236 1238//1238 
f 1239//1239 1238//1238 1240//1240 
f 1241//1241 1240//1240 1242//1242 
f 1243//1243 1242//1242 1244//1244 
f 1245//1245 1244//1244 1246//1246 
f 1247//1247 1246//1246 1248//1248 
f 1249//1249 1248//1248 1250//1250 
f 1251//1251 1250//1250 1252//1252 
f 1253//1253 1252//1252 1254//1254 
f 1255//1255 1254//1254 1256//1256 
f 1257//1257 1256//1256 1258//1258 
f 1259//1259 1258//1258 1260//1260 
f 1261//1261 1260//1260 1262//1262 
f 1263//1263 1262//1262 1264//1264 
f 1265//1265 1264//1264 1266//1266 
f 1267//1267 1266//1266 1268//1268 
f 1269//1269 1268//1268 1270//1270 
f 1271//1271 1270//1270 1272//1272 
f 1273//1273 1272//1272 1274//1274 
f 1275//1275 1274//1274 1276//1276 
f 1277//1277 1276//1276 1278//1278 
f 1279//1279 1278//1278 1280//1280 
f 1281//1281 1280//1280 1282//1282 
f 1283//1283 1282//1282 1284//1284 
f 1285//1285 1284//1284 1286//1286 
f 1287//1287 1286//1286 1173//1173 
f 1173//1173 1172//1172 1287//1287 
f 1286//1286 1287//1287 1285//1285 
f 1284//1284 1285//1285 1283//1283 
f 1282//1282 1283//1283 1281//1281 
f 1280//1280 1281//1281 1279//1279 
f 1278//1278 1279//1279 1277//1277 
f 1276//1276 1277//1277 1275//1275 
f 1274//1274 1275//1275 1273//1273 
f 1272//1272 1273//1273 1271//1271 
f 1270//1270 1271//1271 1269//1269 
f 1268//1268 1269//1269 1267//1267 
f 1266//1266 1267//1267 1265//1265 
f 1264//1264 1265//1265 1263//1263 
f 1262//1262 1263//1263 1261//1261 
f 1260//1260 1261//1261 1259//1259 
f 1258//1258 1259//1259 1257//1257 
f 1256//1256 1257//1257 1255//1255 
f 1254//1254 1255//1255 1253//1253 
f 1252//1252 1253//1253 1251//1251 
f 1250//1250 1251//1251 1249//1249 
f 1248//1248 1249//1249 1247//1247 
f 1246//1246 1247//1247 1245//1245 
f 1244//1244 1245//1245 1243//1243 
f 1242//1242 1243//1243 1241//1241 
f 1240//1240 1241//1241 1239//1239 
f 1238//1238 1239//1239 1237//1237 
f 1236//1236 1237//1237 1235//1235 
f 1234//1234 1235//1235 1233//1233 
f 1232//1232 1233//1233 1231//1231 
f 1230//1230 1231//1231 1229//1229 
f 1228//1228 1229//1229 1227//1227 
f 1226//1226 1227//1227 1225//1225 
f 1224//1224 1225//1225 1223//1223 
f 1222//1222 1223//1223 1221//1221 
f 1220//1220 1221//1221 1219//1219 
f 1218//1218 1219//1219 1217//1217 
f 1216//1216 1217//1217 1215//1215 
f 1214//1214 1215//1215 1213//1213 
f 1212//1212 1213//1213 1211//1211 
f 1210//1210 1211//1211 1209//1209 
f 1208//1208 1209//1209 1207//1207 
f 1206//1206 1207//1207 1205//1205 
f 1204//1204 1205//1205 1203//1203 
f 1202//1202 1203//1203 1201//1201 
f 1200//1200 1201//1201 1199//1199 
f 1198//1198 1199//1199 1197//1197 
f 1196//1196 1197//1197 1195//1195 
f 1194//1194 1195//1195 1193//1193 
f 1192//1192 1193//1193 1191//1191 
f 1190//1190 1191//1191 1189//1189 
f 1188//1188 1189//1189 1187//1187 
f 1186//1186 1187//1187 1185//1185 
f 1184//1184 1185//1185 1183//1183 
f 1182//1182 1183//1183 1181//1181 
f 1180//1180 1181//1181 1179//1179 
f 1178//1178 1179//1179 1177//1177 
f 1176//1176 1177//1177 1175//1175 
f 1174//1174 1175//1175 1172//1172 
v -0.00230939 0.00763 -0.00499166 
v -0.00209945 0.00763 -0.00453788 
v -0.00159651 0.00763 -0.00473827 
v -0.00283555 0.00763 -0.00471271 
v -0.00257777 0.00763 -0.00428429 
v -0.00175616 0.00763 -0.00521209 
v -0.00107485 0.00763 -0.0048831 
v -0.00378235 0.00763 -0.00399298 
v -0.0034385 0.00763 -0.00362998 
v -0.00302587 0.00763 -0.00398047 
v -0.00419189 0.00763 -0.00356062 
v -0.00381081 0.00763 -0.00323693 
v -0.00332846 0.00763 -0.00437851 
v -0.00455229 0.00763 -0.00308653 
v -0.00413844 0.00763 -0.00280594 
v -0.00510937 0.00763 -0.00203576 
v -0.00464488 0.00763 -0.00185069 
v -0.00441756 0.00763 -0.00234204 
v -0.00529952 0.00763 -0.00147141 
v -0.00481775 0.00763 -0.00133764 
v 0.00175616 0.00763 -0.00521209 
v 0.00159651 0.00763 -0.00473827 
v 0.00209945 0.00763 -0.00453788 
v 0.00118234 0.00763 -0.00537141 
v 0.00107485 0.00763 -0.0048831 
v 0.000594655 0.00763 -0.00546776 
v 0.000540595 0.00763 -0.00497069 
v 9.82781e-13 0.00763 -0.0055 
v 9.82781e-13 0.00763 -0.005 
v -0.00542755 0.00763 -0.000889801 
v -0.00493413 0.00763 -0.00080891 
v -0.00455229 0.00763 0.00308653 
v -0.00419189 0.00763 0.00356062 
v -0.00381081 0.00763 0.00323693 
v -0.00378235 0.00763 0.00399298 
v -0.0034385 0.00763 0.00362998 
v 0.00283555 0.00763 -0.00471271 
v 0.00257777 0.00763 -0.00428429 
v 0.00302587 0.00763 -0.00398047 
v 0.00230939 0.00763 -0.00499166 
v -0.00485932 0.00763 -0.00257625 
v -0.00549193 0.00763 -0.000297764 
v -0.00499267 0.00763 -0.000270695 
v -0.00549193 0.00763 0.000297764 
v -0.00499267 0.00763 0.000270695 
v -0.00542755 0.00763 0.000889801 
v -0.00493413 0.00763 0.00080891 
v -0.00529952 0.00763 0.00147141 
v -0.00481775 0.00763 0.00133764 
v -0.00510937 0.00763 0.00203576 
v -0.00464488 0.00763 0.00185069 
v -0.00332846 0.00763 0.00437851 
v -0.00302587 0.00763 0.00398047 
v -0.00283555 0.00763 0.00471271 
v -0.00257777 0.00763 0.00428429 
v -0.00230939 0.00763 0.00499166 
v -0.00209945 0.00763 0.00453788 
v 0.00378235 0.00763 -0.00399298 
v 0.0034385 0.00763 -0.00362998 
v 0.00381081 0.00763 -0.00323693 
v 0.00332846 0.00763 -0.00437851 
v -0.000594655 0.00763 -0.00546776 
v -0.000540595 0.00763 -0.00497069 
v -0.00118234 0.00763 -0.00537141 
v -0.00485932 0.00763 0.00257625 
v -0.00441756 0.00763 0.00234204 
v -0.00413844 0.00763 0.00280594 
v 0.00485932 0.00763 -0.00257625 
v 0.00441756 0.00763 -0.00234204 
v 0.00464488 0.00763 -0.00185069 
v 0.00455229 0.00763 -0.00308653 
v 0.00413844 0.00763 -0.00280594 
v 0.00419189 0.00763 -0.00356062 
v -0.000594655 0.00763 0.00546776 
v -0.000540595 0.00763 0.00497069 
v -0.00107485 0.00763 0.0048831 
v 9.82783e-13 0.00763 0.0055 
v 9.82781e-13 0.00763 0.005 
v 0.00549193 0.00763 0.000297764 
v 0.00499267 0.00763 0.000270695 
v 0.00493413 0.00763 0.00080891 
v 0.00549193 0.00763 -0.000297764 
v 0.00499267 0.00763 -0.000270695 
v -0.00175616 0.00763 0.00521209 
v -0.00159651 0.00763 0.00473827 
v -0.00118234 0.00763 0.00537141 
v 0.000594655 0.00763 0.00546776 
v 0.000540595 0.00763 0.00497069 
v 0.00118234 0.00763 0.00537141 
v 0.00107485 0.00763 0.0048831 
v 0.00230939 0.00763 0.00499166 
v 0.00209945 0.00763 0.00453788 
v 0.00159651 0.00763 0.00473827 
v 0.00283555 0.00763 0.00471271 
v 0.00257777 0.00763 0.00428429 
v 0.00378235 0.00763 0.00399298 
v 0.0034385 0.00763 0.00362998 
v 0.00302587 0.00763 0.00398047 
v 0.00419189 0.00763 0.00356062 
v 0.00381081 0.00763 0.00323693 
v 0.00542755 0.00763 -0.000889801 
v 0.00493413 0.00763 -0.00080891 
v 0.00529952 0.00763 -0.00147141 
v 0.00481775 0.00763 -0.00133764 
v 0.00510937 0.00763 -0.00203576 
v 0.00175616 0.00763 0.00521209 
v 0.00332846 0.00763 0.00437851 
v 0.00455229 0.00763 0.00308653 
v 0.00413844 0.00763 0.00280594 
v 0.00485932 0.00763 0.00257625 
v 0.00441756 0.00763 0.00234204 
v 0.00510937 0.00763 0.00203576 
v 0.00464488 0.00763 0.00185069 
v 0.00529952 0.00763 0.00147141 
v 0.00481775 0.00763 0.00133764 
v 0.00542755 0.00763 0.000889801 
vn 0 1 0 
vn 0 1 0 
vn 0 1 0 
vn 0 1 0 
vn 0 1 0 
vn 0 1 0 
vn 0 1 0 
vn 0 1 0 
vn 0 1 0 
vn 0 1 0 
vn 0 1 0 
vn 0 1 0 
vn 0 1 0 
vn 0 1 0 
vn 0 1 0 
vn 0 1 0 
vn 0 1 0 
vn 0 1 0 
vn 0 1 0 
vn 0 1 0 
vn 0 1 0 
vn 0 1 0 
vn 0 1 0 
vn 0 1 0 
vn 0 1 0 
vn 0 1 0 
vn 0 1 0 
vn 0 1 0 
vn 0 1 0 
vn 0 1 0 
vn 0 1 0 
vn 0 1 0 
vn 0 1 0 
vn 0 1 0 
vn 0 1 0 
vn 0 1 0 
vn 0 1 0 
vn 0 1 0 
vn 0 1 0 
vn 0 1 0 
vn 0 1 0 
vn 0 1 0 
vn 0 1 0 
vn 0 1 0 
vn 0 1 0 
vn 0 1 0 
vn 0 1 0 
vn 0 1 0 
vn 0 1 0 
vn 0 1 0 
vn 0 1 0 
vn 0 1 0 
vn 0 1 0 
vn 0 1 0 
vn 0 1 0 
vn 0 1 0 
vn 0 1 0 
vn 0 1 0 
vn 0 1 0 
vn 0 1 0 
vn 0 1 0 
vn 0 1 0 
vn 0 1 0 
vn 0 1 0 
vn 0 1 0 
vn 0 1 0 
vn 0 1 0 
vn 0 1 0 
vn 0 1 0 
vn 0 1 0 
vn 0 1 0 
vn 0 1 0 
vn 0 1 0 
vn 0 1 0 
vn 0 1 0 
vn 0 1 0 
vn 0 1 0 
vn 0 1 0 
vn 0 1 0 
vn 0 1 0 
vn 0 1 0 
vn 0 1 0 
vn 0 1 0 
vn 0 1 0 
vn 0 1 0 
vn 0 1 0 
vn 0 1 0 
vn 0 1 0 
vn 0 1 0 
vn 0 1 0 
vn 0 1 0 
vn 0 1 0 
vn 0 1 0 
vn 0 1 0 
vn 0 1 0 
vn 0 1 0 
vn 0 1 0 
vn 0 1 0 
vn 0 1 0 
vn 0 1 0 
vn 0 1 0 
vn 0 1 0 
vn 0 1 0 
vn 0 1 0 
vn 0 1 0 
vn 0 1 0 
vn 0 1 0 
vn 0 1 0 
vn 0 1 0 
vn 0 1 0 
vn 0 1 0 
vn 0 1 0 
vn 0 1 0 
vn 0 1 0 
vn 0 1 0 
vn 0 1 0 
f 1288//1288 1289//1289 1290//1290 
f 1288//1288 1291//1291 1292//1292 
f 1293//1293 1290//1290 1294//1294 
f 1292//1292 1289//1289 1288//1288 
f 1295//1295 1296//1296 1297//1297 
f 1298//1298 1299//1299 1296//1296 
f 1290//1290 1293//1293 1288//1288 
f 1300//1300 1297//1297 1292//1292 
f 1296//1296 1295//1295 1298//1298 
f 1298//1298 1301//1301 1302//1302 
f 1303//1303 1304//1304 1305//1305 
f 1306//1306 1307//1307 1304//1304 
f 1308//1308 1309//1309 1310//1310 
f 1311//1311 1312//1312 1309//1309 
f 1313//1313 1314//1314 1312//1312 
f 1313//1313 1315//1315 1316//1316 
f 1292//1292 1291//1291 1300//1300 
f 1302//1302 1299//1299 1298//1298 
f 1304//1304 1303//1303 1306//1306 
f 1306//1306 1317//1317 1318//1318 
f 1319//1319 1320//1320 1321//1321 
f 1320//1320 1322//1322 1323//1323 
f 1324//1324 1325//1325 1326//1326 
f 1327//1327 1310//1310 1325//1325 
f 1309//1309 1308//1308 1311//1311 
f 1316//1316 1314//1314 1313//1313 
f 1297//1297 1300//1300 1295//1295 
f 1301//1301 1328//1328 1305//1305 
f 1318//1318 1307//1307 1306//1306 
f 1317//1317 1329//1329 1330//1330 
f 1329//1329 1331//1331 1332//1332 
f 1331//1331 1333//1333 1334//1334 
f 1335//1335 1336//1336 1334//1334 
f 1335//1335 1337//1337 1338//1338 
f 1323//1323 1321//1321 1320//1320 
f 1322//1322 1339//1339 1340//1340 
f 1339//1339 1341//1341 1342//1342 
f 1341//1341 1343//1343 1344//1344 
f 1345//1345 1346//1346 1347//1347 
f 1345//1345 1348//1348 1326//1326 
f 1325//1325 1324//1324 1327//1327 
f 1312//1312 1311//1311 1313//1313 
f 1349//1349 1350//1350 1316//1316 
f 1349//1349 1351//1351 1294//1294 
f 1305//1305 1302//1302 1301//1301 
f 1330//1330 1318//1318 1317//1317 
f 1334//1334 1332//1332 1331//1331 
f 1338//1338 1336//1336 1335//1335 
f 1352//1352 1353//1353 1338//1338 
f 1352//1352 1319//1319 1354//1354 
f 1340//1340 1323//1323 1322//1322 
f 1344//1344 1342//1342 1341//1341 
f 1355//1355 1356//1356 1357//1357 
f 1355//1355 1358//1358 1359//1359 
f 1360//1360 1347//1347 1359//1359 
f 1326//1326 1346//1346 1345//1345 
f 1310//1310 1327//1327 1308//1308 
f 1294//1294 1350//1350 1349//1349 
f 1305//1305 1328//1328 1303//1303 
f 1334//1334 1333//1333 1335//1335 
f 1354//1354 1353//1353 1352//1352 
f 1342//1342 1340//1340 1339//1339 
f 1361//1361 1362//1362 1363//1363 
f 1364//1364 1365//1365 1362//1362 
f 1366//1366 1367//1367 1368//1368 
f 1369//1369 1370//1370 1367//1367 
f 1359//1359 1356//1356 1355//1355 
f 1347//1347 1360//1360 1345//1345 
f 1316//1316 1315//1315 1349//1349 
f 1332//1332 1330//1330 1329//1329 
f 1321//1321 1354//1354 1319//1319 
f 1343//1343 1371//1371 1372//1372 
f 1373//1373 1363//1363 1372//1372 
f 1362//1362 1361//1361 1364//1364 
f 1374//1374 1375//1375 1365//1365 
f 1374//1374 1376//1376 1377//1377 
f 1378//1378 1379//1379 1380//1380 
f 1378//1378 1381//1381 1382//1382 
f 1383//1383 1384//1384 1385//1385 
f 1383//1383 1386//1386 1387//1387 
f 1367//1367 1366//1366 1369//1369 
f 1369//1369 1388//1388 1389//1389 
f 1390//1390 1391//1391 1389//1389 
f 1390//1390 1392//1392 1357//1357 
f 1359//1359 1358//1358 1360//1360 
f 1294//1294 1351//1351 1293//1293 
f 1372//1372 1344//1344 1343//1343 
f 1363//1363 1373//1373 1361//1361 
f 1377//1377 1375//1375 1374//1374 
f 1376//1376 1393//1393 1380//1380 
f 1382//1382 1379//1379 1378//1378 
f 1381//1381 1394//1394 1385//1385 
f 1387//1387 1384//1384 1383//1383 
f 1386//1386 1395//1395 1396//1396 
f 1397//1397 1398//1398 1396//1396 
f 1397//1397 1399//1399 1400//1400 
f 1389//1389 1370//1370 1369//1369 
f 1357//1357 1391//1391 1390//1390 
f 1326//1326 1348//1348 1324//1324 
f 1372//1372 1371//1371 1373//1373 
f 1380//1380 1377//1377 1376//1376 
f 1385//1385 1382//1382 1381//1381 
f 1396//1396 1387//1387 1386//1386 
f 1400//1400 1398//1398 1397//1397 
f 1401//1401 1402//1402 1400//1400 
f 1401//1401 1403//1403 1368//1368 
f 1389//1389 1388//1388 1390//1390 
f 1338//1338 1337//1337 1352//1352 
f 1380//1380 1393//1393 1378//1378 
f 1396//1396 1395//1395 1397//1397 
f 1368//1368 1402//1402 1401//1401 
f 1357//1357 1392//1392 1355//1355 
f 1385//1385 1394//1394 1383//1383 
f 1368//1368 1403//1403 1366//1366 
f 1400//1400 1399//1399 1401//1401 
f 1365//1365 1364//1364 1374//1374 
v 9.82781e-13 0.00763 -0.005 
v 9.82781e-13 0.01663 -0.005 
v 0.000540595 0.01663 -0.00497069 
v 0.000540595 0.00763 -0.00497069 
v 0.00107485 0.01663 -0.0048831 
v 0.00107485 0.00763 -0.0048831 
v 0.00159651 0.01663 -0.00473827 
v 0.00159651 0.00763 -0.00473827 
v 0.00209945 0.01663 -0.00453788 
v 0.00209945 0.00763 -0.00453788 
v 0.00257777 0.01663 -0.00428429 
v 0.00257777 0.00763 -0.00428429 
v 0.00302587 0.01663 -0.00398047 
v 0.00302587 0.00763 -0.00398047 
v 0.0034385 0.01663 -0.00362998 
v 0.0034385 0.00763 -0.00362998 
v 0.00381081 0.01663 -0.00323693 
v 0.00381081 0.00763 -0.00323693 
v 0.00413844 0.01663 -0.00280594 
v 0.00413844 0.00763 -0.00280594 
v 0.00441756 0.01663 -0.00234204 
v 0.00441756 0.00763 -0.00234204 
v 0.00464488 0.01663 -0.00185069 
v 0.00464488 0.00763 -0.00185069 
v 0.00481775 0.01663 -0.00133764 
v 0.00481775 0.00763 -0.00133764 
v 0.00493413 0.01663 -0.00080891 
v 0.00493413 0.00763 -0.00080891 
v 0.00499267 0.01663 -0.000270695 
v 0.00499267 0.00763 -0.000270695 
v 0.00499267 0.01663 0.000270695 
v 0.00499267 0.00763 0.000270695 
v 0.00493413 0.01663 0.00080891 
v 0.00493413 0.00763 0.00080891 
v 0.00481775 0.01663 0.00133764 
v 0.00481775 0.00763 0.00133764 
v 0.00464488 0.01663 0.00185069 
v 0.00464488 0.00763 0.00185069 
v 0.00441756 0.01663 0.00234204 
v 0.00441756 0.00763 0.00234204 
v 0.00413844 0.01663 0.00280594 
v 0.00413844 0.00763 0.00280594 
v 0.00381081 0.01663 0.00323693 
v 0.00381081 0.00763 0.00323693 
v 0.0034385 0.01663 0.00362998 
v 0.0034385 0.00763 0.00362998 
v 0.00302587 0.01663 0.00398047 
v 0.00302587 0.00763 0.00398047 
v 0.00257777 0.01663 0.00428429 
v 0.00257777 0.00763 0.00428429 
v 0.00209945 0.01663 0.00453788 
v 0.00209945 0.00763 0.00453788 
v 0.00159651 0.01663 0.00473827 
v 0.00159651 0.00763 0.00473827 
v 0.00107485 0.01663 0.0048831 
v 0.00107485 0.00763 0.0048831 
v 0.000540595 0.01663 0.00497069 
v 0.000540595 0.00763 0.00497069 
v 9.82783e-13 0.01663 0.005 
v 9.82781e-13 0.00763 0.005 
v -0.000540595 0.01663 0.00497069 
v -0.000540595 0.00763 0.00497069 
v -0.00107485 0.01663 0.0048831 
v -0.00107485 0.00763 0.0048831 
v -0.00159651 0.01663 0.00473827 
v -0.00159651 0.00763 0.00473827 
v -0.00209945 0.01663 0.00453788 
v -0.00209945 0.00763 0.00453788 
v -0.00257777 0.01663 0.00428429 
v -0.00257777 0.00763 0.00428429 
v -0.00302587 0.01663 0.00398047 
v -0.00302587 0.00763 0.00398047 
v -0.0034385 0.01663 0.00362998 
v -0.0034385 0.00763 0.00362998 
v -0.00381081 0.01663 0.00323693 
v -0.00381081 0.00763 0.00323693 
v -0.00413844 0.01663 0.00280594 
v -0.00413844 0.00763 0.00280594 
v -0.00441756 0.01663 0.00234204 
v -0.00441756 0.00763 0.00234204 
v -0.00464488 0.01663 0.00185069 
v -0.00464488 0.00763 0.00185069 
v -0.00481775 0.01663 0.00133764 
v -0.00481775 0.00763 0.00133764 
v -0.00493413 0.01663 0.00080891 
v -0.00493413 0.00763 0.00080891 
v -0.00499267 0.01663 0.000270695 
v -0.00499267 0.00763 0.000270695 
v -0.00499267 0.01663 -0.000270695 
v -0.00499267 0.00763 -0.000270695 
v -0.00493413 0.01663 -0.00080891 
v -0.00493413 0.00763 -0.00080891 
v -0.00481775 0.01663 -0.00133764 
v -0.00481775 0.00763 -0.00133764 
v -0.00464488 0.01663 -0.00185069 
v -0.00464488 0.00763 -0.00185069 
v -0.00441756 0.01663 -0.00234204 
v -0.00441756 0.00763 -0.00234204 
v -0.00413844 0.01663 -0.00280594 
v -0.00413844 0.00763 -0.00280594 
v -0.00381081 0.01663 -0.00323693 
v -0.00381081 0.00763 -0.00323693 
v -0.0034385 0.01663 -0.00362998 
v -0.0034385 0.00763 -0.00362998 
v -0.00302587 0.01663 -0.00398047 
v -0.00302587 0.00763 -0.00398047 
v -0.00257777 0.01663 -0.00428429 
v -0.00257777 0.00763 -0.00428429 
v -0.00209945 0.01663 -0.00453788 
v -0.00209945 0.00763 -0.00453788 
v -0.00159651 0.01663 -0.00473827 
v -0.00159651 0.00763 -0.00473827 
v -0.00107485 0.01663 -0.0048831 
v -0.00107485 0.00763 -0.0048831 
v -0.000540595 0.01663 -0.00497069 
v -0.000540595 0.00763 -0.00497069 
vn 0 0 -1 
vn 0 0 -1 
vn 0.108119 0 -0.994138 
vn 0.108119 0 -0.994138 
vn 0.21497 0 -0.976621 
vn 0.21497 0 -0.976621 
vn 0.319302 0 -0.947653 
vn 0.319302 0 -0.947653 
vn 0.419889 0 -0.907575 
vn 0.419889 0 -0.907575 
vn 0.515554 0 -0.856857 
vn 0.515554 0 -0.856857 
vn 0.605174 0 -0.796093 
vn 0.605174 0 -0.796093 
vn 0.687699 0 -0.725995 
vn 0.687699 0 -0.725995 
vn 0.762162 0 -0.647386 
vn 0.762162 0 -0.647386 
vn 0.827689 0 -0.561187 
vn 0.827689 0 -0.561187 
vn 0.883512 0 -0.468408 
vn 0.883512 0 -0.468408 
vn 0.928977 0 -0.370138 
vn 0.928977 0 -0.370138 
vn 0.96355 0 -0.267528 
vn 0.96355 0 -0.267528 
vn 0.986827 0 -0.161782 
vn 0.986827 0 -0.161782 
vn 0.998533 0 -0.0541389 
vn 0.998533 0 -0.0541389 
vn 0.998533 0 0.0541389 
vn 0.998533 0 0.0541389 
vn 0.986827 0 0.161782 
vn 0.986827 0 0.161782 
vn 0.96355 0 0.267528 
vn 0.96355 0 0.267528 
vn 0.928977 0 0.370138 
vn 0.928977 0 0.370138 
vn 0.883512 0 0.468408 
vn 0.883512 0 0.468408 
vn 0.827689 0 0.561187 
vn 0.827689 0 0.561187 
vn 0.762162 0 0.647386 
vn 0.762162 0 0.647386 
vn 0.687699 0 0.725995 
vn 0.687699 0 0.725995 
vn 0.605174 0 0.796093 
vn 0.605174 0 0.796093 
vn 0.515554 0 0.856857 
vn 0.515554 0 0.856857 
vn 0.419889 0 0.907575 
vn 0.419889 0 0.907575 
vn 0.319302 0 0.947653 
vn 0.319302 0 0.947653 
vn 0.21497 0 0.976621 
vn 0.21497 0 0.976621 
vn 0.108119 0 0.994138 
vn 0.108119 0 0.994138 
vn 1.22465e-16 0 1 
vn 1.22465e-16 0 1 
vn -0.108119 0 0.994138 
vn -0.108119 0 0.994138 
vn -0.21497 0 0.976621 
vn -0.21497 0 0.976621 
vn -0.319302 0 0.947653 
vn -0.319302 0 0.947653 
vn -0.419889 0 0.907575 
vn -0.419889 0 0.907575 
vn -0.515554 0 0.856857 
vn -0.515554 0 0.856857 
vn -0.605174 0 0.796093 
vn -0.605174 0 0.796093 
vn -0.687699 0 0.725995 
vn -0.687699 0 0.725995 
vn -0.762162 0 0.647386 
vn -0.762162 0 0.647386 
vn -0.827689 0 0.561187 
vn -0.827689 0 0.561187 
vn -0.883512 0 0.468408 
vn -0.883512 0 0.468408 
vn -0.928977 0 0.370138 
vn -0.928977 0 0.370138 
vn -0.96355 0 0.267528 
vn -0.96355 0 0.267528 
vn -0.986827 0 0.161782 
vn -0.986827 0 0.161782 
vn -0.998533 0 0.0541389 
vn -0.998533 0 0.0541389 
vn -0.998533 0 -0.0541389 
vn -0.998533 0 -0.0541389 
vn -0.986827 0 -0.161782 
vn -0.986827 0 -0.161782 
vn -0.96355 0 -0.267528 
vn -0.96355 0 -0.267528 
vn -0.928977 0 -0.370138 
vn -0.928977 0 -0.370138 
vn -0.883512 0 -0.468408 
vn -0.883512 0 -0.468408 
vn -0.827689 0 -0.561187 
vn -0.827689 0 -0.561187 
vn -0.762162 0 -0.647386 
vn -0.762162 0 -0.647386 
vn -0.687699 0 -0.725995 
vn -0.687699 0 -0.725995 
vn -0.605174 0 -0.796093 
vn -0.605174 0 -0.796093 
vn -0.515554 0 -0.856857 
vn -0.515554 0 -0.856857 
vn -0.419889 0 -0.907575 
vn -0.419889 0 -0.907575 
vn -0.319302 0 -0.947653 
vn -0.319302 0 -0.947653 
vn -0.21497 0 -0.976621 
vn -0.21497 0 -0.976621 
vn -0.108119 0 -0.994138 
vn -0.108119 0 -0.994138 
f 1404//1404 1405//1405 1406//1406 
f 1407//1407 1406//1406 1408//1408 
f 1409//1409 1408//1408 1410//1410 
f 1411//1411 1410//1410 1412//1412 
f 1413//1413 1412//1412 1414//1414 
f 1415//1415 1414//1414 1416//1416 
f 1417//1417 1416//1416 1418//1418 
f 1419//1419 1418//1418 1420//1420 
f 1421//1421 1420//1420 1422//1422 
f 1423//1423 1422//1422 1424//1424 
f 1425//1425 1424//1424 1426//1426 
f 1427//1427 1426//1426 1428//1428 
f 1429//1429 1428//1428 1430//1430 
f 1431//1431 1430//1430 1432//1432 
f 1433//1433 1432//1432 1434//1434 
f 1435//1435 1434//1434 1436//1436 
f 1437//1437 1436//1436 1438//1438 
f 1439//1439 1438//1438 1440//1440 
f 1441//1441 1440//1440 1442//1442 
f 1443//1443 1442//1442 1444//1444 
f 1445//1445 1444//1444 1446//1446 
f 1447//1447 1446//1446 1448//1448 
f 1449//1449 1448//1448 1450//1450 
f 1451//1451 1450//1450 1452//1452 
f 1453//1453 1452//1452 1454//1454 
f 1455//1455 1454//1454 1456//1456 
f 1457//1457 1456//1456 1458//1458 
f 1459//1459 1458//1458 1460//1460 
f 1461//1461 1460//1460 1462//1462 
f 1463//1463 1462//1462 1464//1464 
f 1465//1465 1464//1464 1466//1466 
f 1467//1467 1466//1466 1468//1468 
f 1469//1469 1468//1468 1470//1470 
f 1471//1471 1470//1470 1472//1472 
f 1473//1473 1472//1472 1474//1474 
f 1475//1475 1474//1474 1476//1476 
f 1477//1477 1476//1476 1478//1478 
f 1479//1479 1478//1478 1480//1480 
f 1481//1481 1480//1480 1482//1482 
f 1483//1483 1482//1482 1484//1484 
f 1485//1485 1484//1484 1486//1486 
f 1487//1487 1486//1486 1488//1488 
f 1489//1489 1488//1488 1490//1490 
f 1491//1491 1490//1490 1492//1492 
f 1493//1493 1492//1492 1494//1494 
f 1495//1495 1494//1494 1496//1496 
f 1497//1497 1496//1496 1498//1498 
f 1499//1499 1498//1498 1500//1500 
f 1501//1501 1500//1500 1502//1502 
f 1503//1503 1502//1502 1504//1504 
f 1505//1505 1504//1504 1506//1506 
f 1507//1507 1506//1506 1508//1508 
f 1509//1509 1508//1508 1510//1510 
f 1511//1511 1510//1510 1512//1512 
f 1513//1513 1512//1512 1514//1514 
f 1515//1515 1514//1514 1516//1516 
f 1517//1517 1516//1516 1518//1518 
f 1519//1519 1518//1518 1405//1405 
f 1405//1405 1404//1404 1519//1519 
f 1518//1518 1519//1519 1517//1517 
f 1516//1516 1517//1517 1515//1515 
f 1514//1514 1515//1515 1513//1513 
f 1512//1512 1513//1513 1511//1511 
f 1510//1510 1511//1511 1509//1509 
f 1508//1508 1509//1509 1507//1507 
f 1506//1506 1507//1507 1505//1505 
f 1504//1504 1505//1505 1503//1503 
f 1502//1502 1503//1503 1501//1501 
f 1500//1500 1501//1501 1499//1499 
f 1498//1498 1499//1499 1497//1497 
f 1496//1496 1497//1497 1495//1495 
f 1494//1494 1495//1495 1493//1493 
f 1492//1492 1493//1493 1491//1491 
f 1490//1490 1491//1491 1489//1489 
f 1488//1488 1489//1489 1487//1487 
f 1486//1486 1487//1487 1485//1485 
f 1484//1484 1485//1485 1483//1483 
f 1482//1482 1483//1483 1481//1481 
f 1480//1480 1481//1481 1479//1479 
f 1478//1478 1479//1479 1477//1477 
f 1476//1476 1477//1477 1475//1475 
f 1474//1474 1475//1475 1473//1473 
f 1472//1472 1473//1473 1471//1471 
f 1470//1470 1471//1471 1469//1469 
f 1468//1468 1469//1469 1467//1467 
f 1466//1466 1467//1467 1465//1465 
f 1464//1464 1465//1465 1463//1463 
f 1462//1462 1463//1463 1461//1461 
f 1460//1460 1461//1461 1459//1459 
f 1458//1458 1459//1459 1457//1457 
f 1456//1456 1457//1457 1455//1455 
f 1454//1454 1455//1455 1453//1453 
f 1452//1452 1453//1453 1451//1451 
f 1450//1450 1451//1451 1449//1449 
f 1448//1448 1449//1449 1447//1447 
f 1446//1446 1447//1447 1445//1445 
f 1444//1444 1445//1445 1443//1443 
f 1442//1442 1443//1443 1441//1441 
f 1440//1440 1441//1441 1439//1439 
f 1438//1438 1439//1439 1437//1437 
f 1436//1436 1437//1437 1435//1435 
f 1434//1434 1435//1435 1433//1433 
f 1432//1432 1433//1433 1431//1431 
f 1430//1430 1431//1431 1429//1429 
f 1428//1428 1429//1429 1427//1427 
f 1426//1426 1427//1427 1425//1425 
f 1424//1424 1425//1425 1423//1423 
f 1422//1422 1423//1423 1421//1421 
f 1420//1420 1421//1421 1419//1419 
f 1418//1418 1419//1419 1417//1417 
f 1416//1416 1417//1417 1415//1415 
f 1414//1414 1415//1415 1413//1413 
f 1412//1412 1413//1413 1411//1411 
f 1410//1410 1411//1411 1409//1409 
f 1408//1408 1409//1409 1407//1407 
f 1406//1406 1407//1407 1404//1404 
v 9.82781e-13 0.01663 -1.12757e-17 
v 0.000540595 0.01663 0.00497069 
v 0.00107485 0.01663 0.0048831 
v 0.00159651 0.01663 0.00473827 
v 0.00209945 0.01663 0.00453788 
v 0.00257777 0.01663 0.00428429 
v 0.00302587 0.01663 0.00398047 
v 0.0034385 0.01663 0.00362998 
v 0.00381081 0.01663 0.00323693 
v 0.00413844 0.01663 0.00280594 
v 0.00441756 0.01663 0.00234204 
v 0.00464488 0.01663 0.00185069 
v 0.00481775 0.01663 0.00133764 
v 0.00493413 0.01663 0.00080891 
v 0.00499267 0.01663 0.000270695 
v 0.00499267 0.01663 -0.000270695 
v 0.00493413 0.01663 -0.00080891 
v 0.00481775 0.01663 -0.00133764 
v 0.00464488 0.01663 -0.00185069 
v 0.00441756 0.01663 -0.00234204 
v 0.00413844 0.01663 -0.00280594 
v 0.00381081 0.01663 -0.00323693 
v 0.0034385 0.01663 -0.00362998 
v 0.00302587 0.01663 -0.00398047 
v 0.00257777 0.01663 -0.00428429 
v 0.00209945 0.01663 -0.00453788 
v 0.00159651 0.01663 -0.00473827 
v 0.00107485 0.01663 -0.0048831 
v 0.000540595 0.01663 -0.00497069 
v 9.82781e-13 0.01663 -0.005 
v -0.000540595 0.01663 -0.00497069 
v -0.00107485 0.01663 -0.0048831 
v -0.00159651 0.01663 -0.00473827 
v -0.00209945 0.01663 -0.00453788 
v -0.00257777 0.01663 -0.00428429 
v -0.00302587 0.01663 -0.00398047 
v -0.0034385 0.01663 -0.00362998 
v -0.00381081 0.01663 -0.00323693 
v -0.00413844 0.01663 -0.00280594 
v -0.00441756 0.01663 -0.00234204 
v -0.00464488 0.01663 -0.00185069 
v -0.00481775 0.01663 -0.00133764 
v -0.00493413 0.01663 -0.00080891 
v -0.00499267 0.01663 -0.000270695 
v -0.00499267 0.01663 0.000270695 
v -0.00493413 0.01663 0.00080891 
v -0.00481775 0.01663 0.00133764 
v -0.00464488 0.01663 0.00185069 
v -0.00441756 0.01663 0.00234204 
v -0.00413844 0.01663 0.00280594 
v -0.00381081 0.01663 0.00323693 
v -0.0034385 0.01663 0.00362998 
v -0.00302587 0.01663 0.00398047 
v -0.00257777 0.01663 0.00428429 
v -0.00209945 0.01663 0.00453788 
v -0.00159651 0.01663 0.00473827 
v -0.00107485 0.01663 0.0048831 
v -0.000540595 0.01663 0.00497069 
v 9.82783e-13 0.01663 0.005 
vn 0 1 0 
vn 0 1 0 
vn 0 1 0 
vn 0 1 0 
vn 0 1 0 
vn 0 1 0 
vn 0 1 0 
vn 0 1 0 
vn 0 1 0 
vn 0 1 0 
vn 0 1 0 
vn 0 1 0 
vn 0 1 0 
vn 0 1 0 
vn 0 1 0 
vn 0 1 0 
vn 0 1 0 
vn 0 1 0 
vn 0 1 0 
vn 0 1 0 
vn 0 1 0 
vn 0 1 0 
vn 0 1 0 
vn 0 1 0 
vn 0 1 0 
vn 0 1 0 
vn 0 1 0 
vn 0 1 0 
vn 0 1 0 
vn 0 1 0 
vn 0 1 0 
vn 0 1 0 
vn 0 1 0 
vn 0 1 0 
vn 0 1 0 
vn 0 1 0 
vn 0 1 0 
vn 0 1 0 
vn 0 1 0 
vn 0 1 0 
vn 0 1 0 
vn 0 1 0 
vn 0 1 0 
vn 0 1 0 
vn 0 1 0 
vn 0 1 0 
vn 0 1 0 
vn 0 1 0 
vn 0 1 0 
vn 0 1 0 
vn 0 1 0 
vn 0 1 0 
vn 0 1 0 
vn 0 1 0 
vn 0 1 0 
vn 0 1 0 
vn 0 1 0 
vn 0 1 0 
vn 0 1 0 
f 1520//1520 1521//1521 1522//1522 
f 1522//1522 1523//1523 1520//1520 
f 1523//1523 1524//1524 1520//1520 
f 1524//1524 1525//1525 1520//1520 
f 1525//1525 1526//1526 1520//1520 
f 1526//1526 1527//1527 1520//1520 
f 1527//1527 1528//1528 1520//1520 
f 1528//1528 1529//1529 1520//1520 
f 1529//1529 1530//1530 1520//1520 
f 1530//1530 1531//1531 1520//1520 
f 1531//1531 1532//1532 1520//1520 
f 1532//1532 1533//1533 1520//1520 
f 1533//1533 1534//1534 1520//1520 
f 1534//1534 1535//1535 1520//1520 
f 1535//1535 1536//1536 1520//1520 
f 1536//1536 1537//1537 1520//1520 
f 1537//1537 1538//1538 1520//1520 
f 1538//1538 1539//1539 1520//1520 
f 1539//1539 1540//1540 1520//1520 
f 1540//1540 1541//1541 1520//1520 
f 1541//1541 1542//1542 1520//1520 
f 1542//1542 1543//1543 1520//1520 
f 1543//1543 1544//1544 1520//1520 
f 1544//1544 1545//1545 1520//1520 
f 1545//1545 1546//1546 1520//1520 
f 1546//1546 1547//1547 1520//1520 
f 1547//1547 1548//1548 1520//1520 
f 1548//1548 1549//1549 1520//1520 
f 1549//1549 1550//1550 1520//1520 
f 1550//1550 1551//1551 1520//1520 
f 1551//1551 1552//1552 1520//1520 
f 1552//1552 1553//1553 1520//1520 
f 1553//1553 1554//1554 1520//1520 
f 1554//1554 1555//1555 1520//1520 
f 1555//1555 1556//1556 1520//1520 
f 1556//1556 1557//1557 1520//1520 
f 1557//1557 1558//1558 1520//1520 
f 1558//1558 1559//1559 1520//1520 
f 1559//1559 1560//1560 1520//1520 
f 1560//1560 1561//1561 1520//1520 
f 1561//1561 1562//1562 1520//1520 
f 1562//1562 1563//1563 1520//1520 
f 1563//1563 1564//1564 1520//1520 
f 1564//1564 1565//1565 1520//1520 
f 1565//1565 1566//1566 1520//1520 
f 1566//1566 1567//1567 1520//1520 
f 1567//1567 1568//1568 1520//1520 
f 1568//1568 1569//1569 1520//1520 
f 1569//1569 1570//1570 1520//1520 
f 1570//1570 1571//1571 1520//1520 
f 1571//1571 1572//1572 1520//1520 
f 1572//1572 1573//1573 1520//1520 
f 1573//1573 1574//1574 1520//1520 
f 1574//1574 1575//1575 1520//1520 
f 1575//1575 1576//1576 1520//1520 
f 1576//1576 1577//1577 1520//1520 
f 1577//1577 1578//1578 1520//1520 
f 1578//1578 1521//1521 1520//1520 
v -0.000540595 -0.00688 -0.00497069 
v -1.22465e-18 -0.00688 -0.005 
v 0 -0.00188 -0.005 
v -0.00107485 -0.00688 -0.0048831 
v -0.000540595 -0.00188 -0.00497069 
v -0.00159651 -0.00688 -0.00473827 
v -0.00107485 -0.00188 -0.0048831 
v -0.00209945 -0.00688 -0.00453788 
v -0.00159651 -0.00188 -0.00473827 
v -0.00257777 -0.00688 -0.00428429 
v -0.00209945 -0.00188 -0.00453788 
v -0.00302587 -0.00688 -0.00398047 
v -0.00257777 -0.00188 -0.00428429 
v -0.0034385 -0.00688 -0.00362998 
v -0.00302587 -0.00188 -0.00398047 
v -0.00381081 -0.00688 -0.00323693 
v -0.0034385 -0.00188 -0.00362998 
v -0.00413844 -0.00688 -0.00280594 
v -0.00381081 -0.00188 -0.00323693 
v -0.00441756 -0.00688 -0.00234204 
v -0.00413844 -0.00188 -0.00280594 
v -0.00464488 -0.00688 -0.00185069 
v -0.00441756 -0.00188 -0.00234204 
v -0.00481775 -0.00688 -0.00133764 
v -0.00464488 -0.00188 -0.00185069 
v -0.00493413 -0.00688 -0.00080891 
v -0.00481775 -0.00188 -0.00133764 
v -0.00499267 -0.00688 -0.000270695 
v -0.00493413 -0.00188 -0.00080891 
v -0.00499267 -0.00688 0.000270695 
v -0.00499267 -0.00188 -0.000270695 
v -0.00493413 -0.00688 0.00080891 
v -0.00499267 -0.00188 0.000270695 
v -0.00481775 -0.00688 0.00133764 
v -0.00493413 -0.00188 0.00080891 
v -0.00464488 -0.00688 0.00185069 
v -0.00481775 -0.00188 0.00133764 
v -0.00441756 -0.00688 0.00234204 
v -0.00464488 -0.00188 0.00185069 
v -0.00413844 -0.00688 0.00280594 
v -0.00441756 -0.00188 0.00234204 
v -0.00381081 -0.00688 0.00323693 
v -0.00413844 -0.00188 0.00280594 
v -0.0034385 -0.00688 0.00362998 
v -0.00381081 -0.00188 0.00323693 
v -0.00302587 -0.00688 0.00398047 
v -0.0034385 -0.00188 0.00362998 
v -0.00257777 -0.00688 0.00428429 
v -0.00302587 -0.00188 0.00398047 
v -0.00209945 -0.00688 0.00453788 
v -0.00257777 -0.00188 0.00428429 
v -0.00159651 -0.00688 0.00473827 
v -0.00209945 -0.00188 0.00453788 
v -0.00107485 -0.00688 0.0048831 
v -0.00159651 -0.00188 0.00473827 
v -0.000540595 -0.00688 0.00497069 
v -0.00107485 -0.00188 0.0048831 
v 6.12323e-19 -0.00688 0.005 
v -0.000540595 -0.00188 0.00497069 
v 0.000540595 -0.00688 0.00497069 
v 6.12323e-19 -0.00188 0.005 
v 0.00107485 -0.00688 0.0048831 
v 0.000540595 -0.00188 0.00497069 
v 0.00159651 -0.00688 0.00473827 
v 0.00107485 -0.00188 0.0048831 
v 0.00209945 -0.00688 0.00453788 
v 0.00159651 -0.00188 0.00473827 
v 0.00257777 -0.00688 0.00428429 
v 0.00209945 -0.00188 0.00453788 
v 0.00302587 -0.00688 0.00398047 
v 0.00257777 -0.00188 0.00428429 
v 0.0034385 -0.00688 0.00362998 
v 0.00302587 -0.00188 0.00398047 
v 0.00381081 -0.00688 0.00323693 
v 0.0034385 -0.00188 0.00362998 
v 0.00413844 -0.00688 0.00280594 
v 0.00381081 -0.00188 0.00323693 
v 0.00441756 -0.00688 0.00234204 
v 0.00413844 -0.00188 0.00280594 
v 0.00464488 -0.00688 0.00185069 
v 0.00441756 -0.00188 0.00234204 
v 0.00481775 -0.00688 0.00133764 
v 0.00464488 -0.00188 0.00185069 
v 0.00493413 -0.00688 0.00080891 
v 0.00481775 -0.00188 0.00133764 
v 0.00499267 -0.00688 0.000270695 
v 0.00493413 -0.00188 0.00080891 
v 0.00499267 -0.00688 -0.000270695 
v 0.00499267 -0.00188 0.000270695 
v 0.00493413 -0.00688 -0.00080891 
v 0.00499267 -0.00188 -0.000270695 
v 0.00481775 -0.00688 -0.00133764 
v 0.00493413 -0.00188 -0.00080891 
v 0.00464488 -0.00688 -0.00185069 
v 0.00481775 -0.00188 -0.00133764 
v 0.00441756 -0.00688 -0.00234204 
v 0.00464488 -0.00188 -0.00185069 
v 0.00413844 -0.00688 -0.00280594 
v 0.00441756 -0.00188 -0.00234204 
v 0.00381081 -0.00688 -0.00323693 
v 0.00413844 -0.00188 -0.00280594 
v 0.0034385 -0.00688 -0.00362998 
v 0.00381081 -0.00188 -0.00323693 
v 0.00302587 -0.00688 -0.00398047 
v 0.0034385 -0.00188 -0.00362998 
v 0.00257777 -0.00688 -0.00428429 
v 0.00302587 -0.00188 -0.00398047 
v 0.00209945 -0.00688 -0.00453788 
v 0.00257777 -0.00188 -0.00428429 
v 0.00159651 -0.00688 -0.00473827 
v 0.00209945 -0.00188 -0.00453788 
v 0.00107485 -0.00688 -0.0048831 
v 0.00159651 -0.00188 -0.00473827 
v 0.000540595 -0.00688 -0.00497069 
v 0.00107485 -0.00188 -0.0048831 
v 0.000540595 -0.00188 -0.00497069 
vn 0.108119 0 0.994138 
vn 2.44929e-16 0 1 
vn 2.44929e-16 0 1 
vn 0.21497 0 0.976621 
vn 0.108119 0 0.994138 
vn 0.319302 0 0.947653 
vn 0.21497 0 0.976621 
vn 0.419889 0 0.907575 
vn 0.319302 0 0.947653 
vn 0.515554 0 0.856857 
vn 0.419889 0 0.907575 
vn 0.605174 0 0.796093 
vn 0.515554 0 0.856857 
vn 0.687699 0 0.725995 
vn 0.605174 0 0.796093 
vn 0.762162 0 0.647386 
vn 0.687699 0 0.725995 
vn 0.827689 0 0.561187 
vn 0.762162 0 0.647386 
vn 0.883512 0 0.468408 
vn 0.827689 0 0.561187 
vn 0.928977 0 0.370138 
vn 0.883512 0 0.468408 
vn 0.96355 0 0.267528 
vn 0.928977 0 0.370138 
vn 0.986827 0 0.161782 
vn 0.96355 0 0.267528 
vn 0.998533 0 0.0541389 
vn 0.986827 0 0.161782 
vn 0.998533 0 -0.0541389 
vn 0.998533 0 0.0541389 
vn 0.986827 0 -0.161782 
vn 0.998533 0 -0.0541389 
vn 0.96355 0 -0.267528 
vn 0.986827 0 -0.161782 
vn 0.928977 0 -0.370138 
vn 0.96355 0 -0.267528 
vn 0.883512 0 -0.468408 
vn 0.928977 0 -0.370138 
vn 0.827689 0 -0.561187 
vn 0.883512 0 -0.468408 
vn 0.762162 0 -0.647386 
vn 0.827689 0 -0.561187 
vn 0.687699 0 -0.725995 
vn 0.762162 0 -0.647386 
vn 0.605174 0 -0.796093 
vn 0.687699 0 -0.725995 
vn 0.515554 0 -0.856857 
vn 0.605174 0 -0.796093 
vn 0.419889 0 -0.907575 
vn 0.515554 0 -0.856857 
vn 0.319302 0 -0.947653 
vn 0.419889 0 -0.907575 
vn 0.21497 0 -0.976621 
vn 0.319302 0 -0.947653 
vn 0.108119 0 -0.994138 
vn 0.21497 0 -0.976621 
vn -1.22465e-16 0 -1 
vn 0.108119 0 -0.994138 
vn -0.108119 0 -0.994138 
vn -1.22465e-16 0 -1 
vn -0.21497 0 -0.976621 
vn -0.108119 0 -0.994138 
vn -0.319302 0 -0.947653 
vn -0.21497 0 -0.976621 
vn -0.419889 0 -0.907575 
vn -0.319302 0 -0.947653 
vn -0.515554 0 -0.856857 
vn -0.419889 0 -0.907575 
vn -0.605174 0 -0.796093 
vn -0.515554 0 -0.856857 
vn -0.687699 0 -0.725995 
vn -0.605174 0 -0.796093 
vn -0.762162 0 -0.647386 
vn -0.687699 0 -0.725995 
vn -0.827689 0 -0.561187 
vn -0.762162 0 -0.647386 
vn -0.883512 0 -0.468408 
vn -0.827689 0 -0.561187 
vn -0.928977 0 -0.370138 
vn -0.883512 0 -0.468408 
vn -0.96355 0 -0.267528 
vn -0.928977 0 -0.370138 
vn -0.986827 0 -0.161782 
vn -0.96355 0 -0.267528 
vn -0.998533 0 -0.0541389 
vn -0.986827 0 -0.161782 
vn -0.998533 0 0.0541389 
vn -0.998533 0 -0.0541389 
vn -0.986827 0 0.161782 
vn -0.998533 0 0.0541389 
vn -0.96355 0 0.267528 
vn -0.986827 0 0.161782 
vn -0.928977 0 0.370138 
vn -0.96355 0 0.267528 
vn -0.883512 0 0.468408 
vn -0.928977 0 0.370138 
vn -0.827689 0 0.561187 
vn -0.883512 0 0.468408 
vn -0.762162 0 0.647386 
vn -0.827689 0 0.561187 
vn -0.687699 0 0.725995 
vn -0.762162 0 0.647386 
vn -0.605174 0 0.796093 
vn -0.687699 0 0.725995 
vn -0.515554 0 0.856857 
vn -0.605174 0 0.796093 
vn -0.419889 0 0.907575 
vn -0.515554 0 0.856857 
vn -0.319302 0 0.947653 
vn -0.419889 0 0.907575 
vn -0.21497 0 0.976621 
vn -0.319302 0 0.947653 
vn -0.108119 0 0.994138 
vn -0.21497 0 0.976621 
vn -0.108119 0 0.994138 
f 1579//1579 1580//1580 1581//1581 
f 1582//1582 1579//1579 1583//1583 
f 1584//1584 1582//1582 1585//1585 
f 1586//1586 1584//1584 1587//1587 
f 1588//1588 1586//1586 1589//1589 
f 1590//1590 1588//1588 1591//1591 
f 1592//1592 1590//1590 1593//1593 
f 1594//1594 1592//1592 1595//1595 
f 1596//1596 1594//1594 1597//1597 
f 1598//1598 1596//1596 1599//1599 
f 1600//1600 1598//1598 1601//1601 
f 1602//1602 1600//1600 1603//1603 
f 1604//1604 1602//1602 1605//1605 
f 1606//1606 1604//1604 1607//1607 
f 1608//1608 1606//1606 1609//1609 
f 1610//1610 1608//1608 1611//1611 
f 1612//1612 1610//1610 1613//1613 
f 1614//1614 1612//1612 1615//1615 
f 1616//1616 1614//1614 1617//1617 
f 1618//1618 1616//1616 1619//1619 
f 1620//1620 1618//1618 1621//1621 
f 1622//1622 1620//1620 1623//1623 
f 1624//1624 1622//1622 1625//1625 
f 1626//1626 1624//1624 1627//1627 
f 1628//1628 1626//1626 1629//1629 
f 1630//1630 1628//1628 1631//1631 
f 1632//1632 1630//1630 1633//1633 
f 1634//1634 1632//1632 1635//1635 
f 1636//1636 1634//1634 1637//1637 
f 1638//1638 1636//1636 1639//1639 
f 1640//1640 1638//1638 1641//1641 
f 1642//1642 1640//1640 1643//1643 
f 1644//1644 1642//1642 1645//1645 
f 1646//1646 1644//1644 1647//1647 
f 1648//1648 1646//1646 1649//1649 
f 1650//1650 1648//1648 1651//1651 
f 1652//1652 1650//1650 1653//1653 
f 1654//1654 1652//1652 1655//1655 
f 1656//1656 1654//1654 1657//1657 
f 1658//1658 1656//1656 1659//1659 
f 1660//1660 1658//1658 1661//1661 
f 1662//1662 1660//1660 1663//1663 
f 1664//1664 1662//1662 1665//1665 
f 1666//1666 1664//1664 1667//1667 
f 1668//1668 1666//1666 1669//1669 
f 1670//1670 1668//1668 1671//1671 
f 1672//1672 1670//1670 1673//1673 
f 1674//1674 1672//1672 1675//1675 
f 1676//1676 1674//1674 1677//1677 
f 1678//1678 1676//1676 1679//1679 
f 1680//1680 1678//1678 1681//1681 
f 1682//1682 1680//1680 1683//1683 
f 1684//1684 1682//1682 1685//1685 
f 1686//1686 1684//1684 1687//1687 
f 1688//1688 1686//1686 1689//1689 
f 1690//1690 1688//1688 1691//1691 
f 1692//1692 1690//1690 1693//1693 
f 1580//1580 1692//1692 1694//1694 
f 1694//1694 1581//1581 1580//1580 
f 1693//1693 1694//1694 1692//1692 
f 1691//1691 1693//1693 1690//1690 
f 1689//1689 1691//1691 1688//1688 
f 1687//1687 1689//1689 1686//1686 
f 1685//1685 1687//1687 1684//1684 
f 1683//1683 1685//1685 1682//1682 
f 1681//1681 1683//1683 1680//1680 
f 1679//1679 1681//1681 1678//1678 
f 1677//1677 1679//1679 1676//1676 
f 1675//1675 1677//1677 1674//1674 
f 1673//1673 1675//1675 1672//1672 
f 1671//1671 1673//1673 1670//1670 
f 1669//1669 1671//1671 1668//1668 
f 1667//1667 1669//1669 1666//1666 
f 1665//1665 1667//1667 1664//1664 
f 1663//1663 1665//1665 1662//1662 
f 1661//1661 1663//1663 1660//1660 
f 1659//1659 1661//1661 1658//1658 
f 1657//1657 1659//1659 1656//1656 
f 1655//1655 1657//1657 1654//1654 
f 1653//1653 1655//1655 1652//1652 
f 1651//1651 1653//1653 1650//1650 
f 1649//1649 1651//1651 1648//1648 
f 1647//1647 1649//1649 1646//1646 
f 1645//1645 1647//1647 1644//1644 
f 1643//1643 1645//1645 1642//1642 
f 1641//1641 1643//1643 1640//1640 
f 1639//1639 1641//1641 1638//1638 
f 1637//1637 1639//1639 1636//1636 
f 1635//1635 1637//1637 1634//1634 
f 1633//1633 1635//1635 1632//1632 
f 1631//1631 1633//1633 1630//1630 
f 1629//1629 1631//1631 1628//1628 
f 1627//1627 1629//1629 1626//1626 
f 1625//1625 1627//1627 1624//1624 
f 1623//1623 1625//1625 1622//1622 
f 1621//1621 1623//1623 1620//1620 
f 1619//1619 1621//1621 1618//1618 
f 1617//1617 1619//1619 1616//1616 
f 1615//1615 1617//1617 1614//1614 
f 1613//1613 1615//1615 1612//1612 
f 1611//1611 1613//1613 1610//1610 
f 1609//1609 1611//1611 1608//1608 
f 1607//1607 1609//1609 1606//1606 
f 1605//1605 1607//1607 1604//1604 
f 1603//1603 1605//1605 1602//1602 
f 1601//1601 1603//1603 1600//1600 
f 1599//1599 1601//1601 1598//1598 
f 1597//1597 1599//1599 1596//1596 
f 1595//1595 1597//1597 1594//1594 
f 1593//1593 1595//1595 1592//1592 
f 1591//1591 1593//1593 1590//1590 
f 1589//1589 1591//1591 1588//1588 
f 1587//1587 1589//1589 1586//1586 
f 1585//1585 1587//1587 1584//1584 
f 1583//1583 1585//1585 1582//1582 
f 1581//1581 1583//1583 1579//1579 
v 0 -0.00188 0 
v 0.000540595 -0.00188 -0.00497069 
v 0.00107485 -0.00188 -0.0048831 
v 0.00159651 -0.00188 -0.00473827 
v 0.00209945 -0.00188 -0.00453788 
v 0.00257777 -0.00188 -0.00428429 
v 0.00302587 -0.00188 -0.00398047 
v 0.0034385 -0.00188 -0.00362998 
v 0.00381081 -0.00188 -0.00323693 
v 0.00413844 -0.00188 -0.00280594 
v 0.00441756 -0.00188 -0.00234204 
v 0.00464488 -0.00188 -0.00185069 
v 0.00481775 -0.00188 -0.00133764 
v 0.00493413 -0.00188 -0.00080891 
v 0.00499267 -0.00188 -0.000270695 
v 0.00499267 -0.00188 0.000270695 
v 0.00493413 -0.00188 0.00080891 
v 0.00481775 -0.00188 0.00133764 
v 0.00464488 -0.00188 0.00185069 
v 0.00441756 -0.00188 0.00234204 
v 0.00413844 -0.00188 0.00280594 
v 0.00381081 -0.00188 0.00323693 
v 0.0034385 -0.00188 0.00362998 
v 0.00302587 -0.00188 0.00398047 
v 0.00257777 -0.00188 0.00428429 
v 0.00209945 -0.00188 0.00453788 
v 0.00159651 -0.00188 0.00473827 
v 0.00107485 -0.00188 0.0048831 
v 0.000540595 -0.00188 0.00497069 
v 6.12323e-19 -0.00188 0.005 
v -0.000540595 -0.00188 0.00497069 
v -0.00107485 -0.00188 0.0048831 
v -0.00159651 -0.00188 0.00473827 
v -0.00209945 -0.00188 0.00453788 
v -0.00257777 -0.00188 0.00428429 
v -0.00302587 -0.00188 0.00398047 
v -0.0034385 -0.00188 0.00362998 
v -0.00381081 -0.00188 0.00323693 
v -0.00413844 -0.00188 0.00280594 
v -0.00441756 -0.00188 0.00234204 
v -0.00464488 -0.00188 0.00185069 
v -0.00481775 -0.00188 0.00133764 
v -0.00493413 -0.00188 0.00080891 
v -0.00499267 -0.00188 0.000270695 
v -0.00499267 -0.00188 -0.000270695 
v -0.00493413 -0.00188 -0.00080891 
v -0.00481775 -0.00188 -0.00133764 
v -0.00464488 -0.00188 -0.00185069 
v -0.00441756 -0.00188 -0.00234204 
v -0.00413844 -0.00188 -0.00280594 
v -0.00381081 -0.00188 -0.00323693 
v -0.0034385 -0.00188 -0.00362998 
v -0.00302587 -0.00188 -0.00398047 
v -0.00257777 -0.00188 -0.00428429 
v -0.00209945 -0.00188 -0.00453788 
v -0.00159651 -0.00188 -0.00473827 
v -0.00107485 -0.00188 -0.0048831 
v -0.000540595 -0.00188 -0.00497069 
v 0 -0.00188 -0.005 
vn 0 -1 0 
vn 0 -1 0 
vn 0 -1 0 
vn 0 -1 0 
vn 0 -1 0 
vn 0 -1 0 
vn 0 -1 0 
vn 0 -1 0 
vn 0 -1 0 
vn 0 -1 0 
vn 0 -1 0 
vn 0 -1 0 
vn 0 -1 0 
vn 0 -1 0 
vn 0 -1 0 
vn 0 -1 0 
vn 0 -1 0 
vn 0 -1 0 
vn 0 -1 0 
vn 0 -1 0 
vn 0 -1 0 
vn 0 -1 0 
vn 0 -1 0 
vn 0 -1 0 
vn 0 -1 0 
vn 0 -1 0 
vn 0 -1 0 
vn 0 -1 0 
vn 0 -1 0 
vn 0 -1 0 
vn 0 -1 0 
vn 0 -1 0 
vn 0 -1 0 
vn 0 -1 0 
vn 0 -1 0 
vn 0 -1 0 
vn 0 -1 0 
vn 0 -1 0 
vn 0 -1 0 
vn 0 -1 0 
vn 0 -1 0 
vn 0 -1 0 
vn 0 -1 0 
vn 0 -1 0 
vn 0 -1 0 
vn 0 -1 0 
vn 0 -1 0 
vn 0 -1 0 
vn 0 -1 0 
vn 0 -1 0 
vn 0 -1 0 
vn 0 -1 0 
vn 0 -1 0 
vn 0 -1 0 
vn 0 -1 0 
vn 0 -1 0 
vn 0 -1 0 
vn 0 -1 0 
vn 0 -1 0 
f 1695//1695 1696//1696 1697//1697 
f 1697//1697 1698//1698 1695//1695 
f 1698//1698 1699//1699 1695//1695 
f 1699//1699 1700//1700 1695//1695 
f 1700//1700 1701//1701 1695//1695 
f 1701//1701 1702//1702 1695//1695 
f 1702//1702 1703//1703 1695//1695 
f 1703//1703 1704//1704 1695//1695 
f 1704//1704 1705//1705 1695//1695 
f 1705//1705 1706//1706 1695//1695 
f 1706//1706 1707//1707 1695//1695 
f 1707//1707 1708//1708 1695//1695 
f 1708//1708 1709//1709 1695//1695 
f 1709//1709 1710//1710 1695//1695 
f 1710//1710 1711//1711 1695//1695 
f 1711//1711 1712//1712 1695//1695 
f 1712//1712 1713//1713 1695//1695 
f 1713//1713 1714//1714 1695//1695 
f 1714//1714 1715//1715 1695//1695 
f 1715//1715 1716//1716 1695//1695 
f 1716//1716 1717//1717 1695//1695 
f 1717//1717 1718//1718 1695//1695 
f 1718//1718 1719//1719 1695//1695 
f 1719//1719 1720//1720 1695//1695 
f 1720//1720 1721//1721 1695//1695 
f 1721//1721 1722//1722 1695//1695 
f 1722//1722 1723//1723 1695//1695 
f 1723//1723 1724//1724 1695//1695 
f 1724//1724 1725//1725 1695//1695 
f 1725//1725 1726//1726 1695//1695 
f 1726//1726 1727//1727 1695//1695 
f 1727//1727 1728//1728 1695//1695 
f 1728//1728 1729//1729 1695//1695 
f 1729//1729 1730//1730 1695//1695 
f 1730//1730 1731//1731 1695//1695 
f 1731//1731 1732//1732 1695//1695 
f 1732//1732 1733//1733 1695//1695 
f 1733//1733 1734//1734 1695//1695 
f 1734//1734 1735//1735 1695//1695 
f 1735//1735 1736//1736 1695//1695 
f 1736//1736 1737//1737 1695//1695 
f 1737//1737 1738//1738 1695//1695 
f 1738//1738 1739//1739 1695//1695 
f 1739//1739 1740//1740 1695//1695 
f 1740//1740 1741//1741 1695//1695 
f 1741//1741 1742//1742 1695//1695 
f 1742//1742 1743//1743 1695//1695 
f 1743//1743 1744//1744 1695//1695 
f 1744//1744 1745//1745 1695//1695 
f 1745//1745 1746//1746 1695//1695 
f 1746//1746 1747//1747 1695//1695 
f 1747//1747 1748//1748 1695//1695 
f 1748//1748 1749//1749 1695//1695 
f 1749//1749 1750//1750 1695//1695 
f 1750//1750 1751//1751 1695//1695 
f 1751//1751 1752//1752 1695//1695 
f 1752//1752 1753//1753 1695//1695 
f 1753//1753 1696//1696 1695//1695 
