# OBJ generated by ONSHAPE BY PTC INC, 1.221 Units = meters
mtllib trigger.mtl
usemtl 0.301961_0.301961_0.301961_0.000000_0.000000
v -0.0035 -0.00425 0 
v -0.00347948 -0.00425 -0.000378417 
v -0.00298241 -0.00375 -0.000324357 
v -0.00341817 -0.00425 -0.000752397 
v -0.00292986 -0.00375 -0.000644911 
v -0.00331679 -0.00425 -0.00111756 
v -0.00284296 -0.00375 -0.000957905 
v -0.00317651 -0.00425 -0.00146961 
v -0.00272273 -0.00375 -0.00125967 
v -0.002999 -0.00425 -0.00180444 
v -0.00257057 -0.00375 -0.00154666 
v -0.00278633 -0.00425 -0.00211811 
v -0.00238828 -0.00375 -0.00181552 
v -0.00254098 -0.00425 -0.00240695 
v -0.00217799 -0.00375 -0.0020631 
v -0.00226585 -0.00425 -0.00266757 
v -0.00194216 -0.00375 -0.00228649 
v -0.00196415 -0.00425 -0.00289691 
v -0.00168356 -0.00375 -0.00248307 
v -0.00163943 -0.00425 -0.00309229 
v -0.00140523 -0.00375 -0.00265054 
v -0.00129548 -0.00425 -0.00325142 
v -0.00111041 -0.00375 -0.00278693 
v -0.000936349 -0.00425 -0.00337242 
v -0.000802585 -0.00375 -0.00289065 
v -0.000566237 -0.00425 -0.00345389 
v -0.000485346 -0.00375 -0.00296048 
v -0.000189486 -0.00425 -0.00349487 
v -0.000162417 -0.00375 -0.0029956 
v -5.51091e-19 -0.00425 -0.0035 
v 2.75546e-19 -0.00375 -0.003 
v 0.000189486 -0.00425 -0.00349487 
v 0.000162417 -0.00375 -0.0029956 
v 0.000566237 -0.00425 -0.00345389 
v 0.000485346 -0.00375 -0.00296048 
v 0.000936349 -0.00425 -0.00337242 
v 0.000802585 -0.00375 -0.00289065 
v 0.00129548 -0.00425 -0.00325142 
v 0.00111041 -0.00375 -0.00278693 
v 0.00163943 -0.00425 -0.00309229 
v 0.00140523 -0.00375 -0.00265054 
v 0.00196415 -0.00425 -0.00289691 
v 0.00168356 -0.00375 -0.00248307 
v 0.00226585 -0.00425 -0.00266757 
v 0.00194216 -0.00375 -0.00228649 
v 0.00254098 -0.00425 -0.00240695 
v 0.00217799 -0.00375 -0.0020631 
v 0.00278633 -0.00425 -0.00211811 
v 0.00238828 -0.00375 -0.00181552 
v 0.002999 -0.00425 -0.00180444 
v 0.00257057 -0.00375 -0.00154666 
v 0.00317651 -0.00425 -0.00146961 
v 0.00272273 -0.00375 -0.00125967 
v 0.00331679 -0.00425 -0.00111756 
v 0.00284296 -0.00375 -0.000957905 
v 0.00341817 -0.00425 -0.000752397 
v 0.00292986 -0.00375 -0.000644911 
v 0.00347948 -0.00425 -0.000378417 
v 0.00298241 -0.00375 -0.000324357 
v 0.0035 -0.00425 2.68e-18 
v 0.003 -0.00375 2.29714e-18 
v 0.00347948 -0.00425 0.000378417 
v 0.00298241 -0.00375 0.000324357 
v 0.00341817 -0.00425 0.000752397 
v 0.00292986 -0.00375 0.000644911 
v 0.00331679 -0.00425 0.00111756 
v 0.00284296 -0.00375 0.000957905 
v 0.00317651 -0.00425 0.00146961 
v 0.00272273 -0.00375 0.00125967 
v 0.002999 -0.00425 0.00180444 
v 0.00257057 -0.00375 0.00154666 
v 0.00278633 -0.00425 0.00211811 
v 0.00238828 -0.00375 0.00181552 
v 0.00254098 -0.00425 0.00240695 
v 0.00217799 -0.00375 0.0020631 
v 0.00226585 -0.00425 0.00266757 
v 0.00194216 -0.00375 0.00228649 
v 0.00196415 -0.00425 0.00289691 
v 0.00168356 -0.00375 0.00248307 
v 0.00163943 -0.00425 0.00309229 
v 0.00140523 -0.00375 0.00265054 
v 0.00129548 -0.00425 0.00325142 
v 0.00111041 -0.00375 0.00278693 
v 0.000936349 -0.00425 0.00337242 
v 0.000802585 -0.00375 0.00289065 
v 0.000566237 -0.00425 0.00345389 
v 0.000485346 -0.00375 0.00296048 
v 0.000189486 -0.00425 0.00349487 
v 0.000162417 -0.00375 0.0029956 
v -0.000189486 -0.00425 0.00349487 
v -0.000162417 -0.00375 0.0029956 
v -0.000566237 -0.00425 0.00345389 
v -0.000485346 -0.00375 0.00296048 
v -0.000936349 -0.00425 0.00337242 
v -0.000802585 -0.00375 0.00289065 
v -0.00129548 -0.00425 0.00325142 
v -0.00111041 -0.00375 0.00278693 
v -0.00163943 -0.00425 0.00309229 
v -0.00140523 -0.00375 0.00265054 
v -0.00196415 -0.00425 0.00289691 
v -0.00168356 -0.00375 0.00248307 
v -0.00226585 -0.00425 0.00266757 
v -0.00194216 -0.00375 0.00228649 
v -0.00254098 -0.00425 0.00240695 
v -0.00217799 -0.00375 0.0020631 
v -0.00278633 -0.00425 0.00211811 
v -0.00238828 -0.00375 0.00181552 
v -0.002999 -0.00425 0.00180444 
v -0.00257057 -0.00375 0.00154666 
v -0.00317651 -0.00425 0.00146961 
v -0.00272273 -0.00375 0.00125967 
v -0.00331679 -0.00425 0.00111756 
v -0.00284296 -0.00375 0.000957905 
v -0.00341817 -0.00425 0.000752397 
v -0.00292986 -0.00375 0.000644911 
v -0.00347948 -0.00425 0.000378417 
v -0.00298241 -0.00375 0.000324357 
v -0.003 -0.00375 7.34788e-19 
vn 0.707107 -0.707107 0 
vn 0.702962 -0.707107 0.0764517 
vn 0.702962 -0.707107 0.0764517 
vn 0.690575 -0.707107 0.152007 
vn 0.690575 -0.707107 0.152007 
vn 0.670092 -0.707107 0.22578 
vn 0.670092 -0.707107 0.22578 
vn 0.641753 -0.707107 0.296906 
vn 0.641753 -0.707107 0.296906 
vn 0.60589 -0.707107 0.364552 
vn 0.60589 -0.707107 0.364552 
vn 0.562923 -0.707107 0.427923 
vn 0.562923 -0.707107 0.427923 
vn 0.513356 -0.707107 0.486277 
vn 0.513356 -0.707107 0.486277 
vn 0.457771 -0.707107 0.53893 
vn 0.457771 -0.707107 0.53893 
vn 0.396819 -0.707107 0.585265 
vn 0.396819 -0.707107 0.585265 
vn 0.331215 -0.707107 0.624737 
vn 0.331215 -0.707107 0.624737 
vn 0.261727 -0.707107 0.656886 
vn 0.261727 -0.707107 0.656886 
vn 0.189171 -0.707107 0.681333 
vn 0.189171 -0.707107 0.681333 
vn 0.114397 -0.707107 0.697792 
vn 0.114397 -0.707107 0.697792 
vn 0.038282 -0.707107 0.70607 
vn 0.038282 -0.707107 0.70607 
vn 2.86903e-16 -0.707107 0.707107 
vn 2.86903e-16 -0.707107 0.707107 
vn -0.038282 -0.707107 0.70607 
vn -0.038282 -0.707107 0.70607 
vn -0.114397 -0.707107 0.697792 
vn -0.114397 -0.707107 0.697792 
vn -0.189171 -0.707107 0.681333 
vn -0.189171 -0.707107 0.681333 
vn -0.261727 -0.707107 0.656886 
vn -0.261727 -0.707107 0.656886 
vn -0.331215 -0.707107 0.624737 
vn -0.331215 -0.707107 0.624737 
vn -0.396819 -0.707107 0.585265 
vn -0.396819 -0.707107 0.585265 
vn -0.457771 -0.707107 0.53893 
vn -0.457771 -0.707107 0.53893 
vn -0.513356 -0.707107 0.486277 
vn -0.513356 -0.707107 0.486277 
vn -0.562923 -0.707107 0.427923 
vn -0.562923 -0.707107 0.427923 
vn -0.60589 -0.707107 0.364552 
vn -0.60589 -0.707107 0.364552 
vn -0.641753 -0.707107 0.296906 
vn -0.641753 -0.707107 0.296906 
vn -0.670092 -0.707107 0.22578 
vn -0.670092 -0.707107 0.22578 
vn -0.690575 -0.707107 0.152007 
vn -0.690575 -0.707107 0.152007 
vn -0.702962 -0.707107 0.0764517 
vn -0.702962 -0.707107 0.0764517 
vn -0.707107 -0.707107 -1.47196e-16 
vn -0.707107 -0.707107 -1.47196e-16 
vn -0.702962 -0.707107 -0.0764517 
vn -0.702962 -0.707107 -0.0764517 
vn -0.690575 -0.707107 -0.152007 
vn -0.690575 -0.707107 -0.152007 
vn -0.670092 -0.707107 -0.22578 
vn -0.670092 -0.707107 -0.22578 
vn -0.641753 -0.707107 -0.296906 
vn -0.641753 -0.707107 -0.296906 
vn -0.60589 -0.707107 -0.364552 
vn -0.60589 -0.707107 -0.364552 
vn -0.562923 -0.707107 -0.427923 
vn -0.562923 -0.707107 -0.427923 
vn -0.513356 -0.707107 -0.486277 
vn -0.513356 -0.707107 -0.486277 
vn -0.457771 -0.707107 -0.53893 
vn -0.457771 -0.707107 -0.53893 
vn -0.396819 -0.707107 -0.585265 
vn -0.396819 -0.707107 -0.585265 
vn -0.331215 -0.707107 -0.624737 
vn -0.331215 -0.707107 -0.624737 
vn -0.261727 -0.707107 -0.656886 
vn -0.261727 -0.707107 -0.656886 
vn -0.189171 -0.707107 -0.681333 
vn -0.189171 -0.707107 -0.681333 
vn -0.114397 -0.707107 -0.697792 
vn -0.114397 -0.707107 -0.697792 
vn -0.038282 -0.707107 -0.70607 
vn -0.038282 -0.707107 -0.70607 
vn 0.038282 -0.707107 -0.70607 
vn 0.038282 -0.707107 -0.70607 
vn 0.114397 -0.707107 -0.697792 
vn 0.114397 -0.707107 -0.697792 
vn 0.189171 -0.707107 -0.681333 
vn 0.189171 -0.707107 -0.681333 
vn 0.261727 -0.707107 -0.656886 
vn 0.261727 -0.707107 -0.656886 
vn 0.331215 -0.707107 -0.624737 
vn 0.331215 -0.707107 -0.624737 
vn 0.396819 -0.707107 -0.585265 
vn 0.396819 -0.707107 -0.585265 
vn 0.457771 -0.707107 -0.53893 
vn 0.457771 -0.707107 -0.53893 
vn 0.513356 -0.707107 -0.486277 
vn 0.513356 -0.707107 -0.486277 
vn 0.562923 -0.707107 -0.427923 
vn 0.562923 -0.707107 -0.427923 
vn 0.60589 -0.707107 -0.364552 
vn 0.60589 -0.707107 -0.364552 
vn 0.641753 -0.707107 -0.296906 
vn 0.641753 -0.707107 -0.296906 
vn 0.670092 -0.707107 -0.22578 
vn 0.670092 -0.707107 -0.22578 
vn 0.690575 -0.707107 -0.152007 
vn 0.690575 -0.707107 -0.152007 
vn 0.702962 -0.707107 -0.0764517 
vn 0.702962 -0.707107 -0.0764517 
vn 0.707107 -0.707107 0 
f 1//1 2//2 3//3 
f 2//2 4//4 5//5 
f 4//4 6//6 7//7 
f 6//6 8//8 9//9 
f 8//8 10//10 11//11 
f 10//10 12//12 13//13 
f 12//12 14//14 15//15 
f 14//14 16//16 17//17 
f 16//16 18//18 19//19 
f 18//18 20//20 21//21 
f 20//20 22//22 23//23 
f 22//22 24//24 25//25 
f 24//24 26//26 27//27 
f 26//26 28//28 29//29 
f 30//30 31//31 29//29 
f 32//32 33//33 31//31 
f 31//31 30//30 32//32 
f 32//32 34//34 35//35 
f 34//34 36//36 37//37 
f 36//36 38//38 39//39 
f 38//38 40//40 41//41 
f 40//40 42//42 43//43 
f 42//42 44//44 45//45 
f 44//44 46//46 47//47 
f 46//46 48//48 49//49 
f 48//48 50//50 51//51 
f 50//50 52//52 53//53 
f 52//52 54//54 55//55 
f 54//54 56//56 57//57 
f 56//56 58//58 59//59 
f 58//58 60//60 61//61 
f 60//60 62//62 63//63 
f 62//62 64//64 65//65 
f 64//64 66//66 67//67 
f 66//66 68//68 69//69 
f 68//68 70//70 71//71 
f 70//70 72//72 73//73 
f 72//72 74//74 75//75 
f 74//74 76//76 77//77 
f 76//76 78//78 79//79 
f 78//78 80//80 81//81 
f 80//80 82//82 83//83 
f 82//82 84//84 85//85 
f 84//84 86//86 87//87 
f 86//86 88//88 89//89 
f 88//88 90//90 91//91 
f 90//90 92//92 93//93 
f 92//92 94//94 95//95 
f 94//94 96//96 97//97 
f 96//96 98//98 99//99 
f 98//98 100//100 101//101 
f 100//100 102//102 103//103 
f 102//102 104//104 105//105 
f 104//104 106//106 107//107 
f 106//106 108//108 109//109 
f 108//108 110//110 111//111 
f 110//110 112//112 113//113 
f 112//112 114//114 115//115 
f 114//114 116//116 117//117 
f 116//116 1//1 118//118 
f 118//118 117//117 116//116 
f 117//117 115//115 114//114 
f 115//115 113//113 112//112 
f 113//113 111//111 110//110 
f 111//111 109//109 108//108 
f 109//109 107//107 106//106 
f 107//107 105//105 104//104 
f 105//105 103//103 102//102 
f 103//103 101//101 100//100 
f 101//101 99//99 98//98 
f 99//99 97//97 96//96 
f 97//97 95//95 94//94 
f 95//95 93//93 92//92 
f 93//93 91//91 90//90 
f 91//91 89//89 88//88 
f 89//89 87//87 86//86 
f 87//87 85//85 84//84 
f 85//85 83//83 82//82 
f 83//83 81//81 80//80 
f 81//81 79//79 78//78 
f 79//79 77//77 76//76 
f 77//77 75//75 74//74 
f 75//75 73//73 72//72 
f 73//73 71//71 70//70 
f 71//71 69//69 68//68 
f 69//69 67//67 66//66 
f 67//67 65//65 64//64 
f 65//65 63//63 62//62 
f 63//63 61//61 60//60 
f 61//61 59//59 58//58 
f 59//59 57//57 56//56 
f 57//57 55//55 54//54 
f 55//55 53//53 52//52 
f 53//53 51//51 50//50 
f 51//51 49//49 48//48 
f 49//49 47//47 46//46 
f 47//47 45//45 44//44 
f 45//45 43//43 42//42 
f 43//43 41//41 40//40 
f 41//41 39//39 38//38 
f 39//39 37//37 36//36 
f 37//37 35//35 34//34 
f 35//35 33//33 32//32 
f 29//29 28//28 30//30 
f 29//29 27//27 26//26 
f 27//27 25//25 24//24 
f 25//25 23//23 22//22 
f 23//23 21//21 20//20 
f 21//21 19//19 18//18 
f 19//19 17//17 16//16 
f 17//17 15//15 14//14 
f 15//15 13//13 12//12 
f 13//13 11//11 10//10 
f 11//11 9//9 8//8 
f 9//9 7//7 6//6 
f 7//7 5//5 4//4 
f 5//5 3//3 2//2 
f 3//3 118//118 1//1 
v -0.00298241 -0.00375 0.000324357 
v -0.003 -0.00375 7.34788e-19 
v -0.003 0.00375 0 
v -0.00292986 -0.00375 0.000644911 
v -0.00298241 0.00375 0.000324357 
v -0.00284296 -0.00375 0.000957905 
v -0.00292986 0.00375 0.000644911 
v -0.00272273 -0.00375 0.00125967 
v -0.00284296 0.00375 0.000957905 
v -0.00257057 -0.00375 0.00154666 
v -0.00272273 0.00375 0.00125967 
v -0.00238828 -0.00375 0.00181552 
v -0.00257057 0.00375 0.00154666 
v -0.00217799 -0.00375 0.0020631 
v -0.00238828 0.00375 0.00181552 
v -0.00194216 -0.00375 0.00228649 
v -0.00217799 0.00375 0.0020631 
v -0.00168356 -0.00375 0.00248307 
v -0.00194216 0.00375 0.00228649 
v -0.00140523 -0.00375 0.00265054 
v -0.00168356 0.00375 0.00248307 
v -0.00111041 -0.00375 0.00278693 
v -0.00140523 0.00375 0.00265054 
v -0.000802585 -0.00375 0.00289065 
v -0.00111041 0.00375 0.00278693 
v -0.000485346 -0.00375 0.00296048 
v -0.000802585 0.00375 0.00289065 
v -0.000162417 -0.00375 0.0029956 
v -0.000485346 0.00375 0.00296048 
v 0.000162417 -0.00375 0.0029956 
v -0.000162417 0.00375 0.0029956 
v 0.000485346 -0.00375 0.00296048 
v 0.000162417 0.00375 0.0029956 
v 0.000802585 -0.00375 0.00289065 
v 0.000485346 0.00375 0.00296048 
v 0.00111041 -0.00375 0.00278693 
v 0.000802585 0.00375 0.00289065 
v 0.00140523 -0.00375 0.00265054 
v 0.00111041 0.00375 0.00278693 
v 0.00168356 -0.00375 0.00248307 
v 0.00140523 0.00375 0.00265054 
v 0.00194216 -0.00375 0.00228649 
v 0.00168356 0.00375 0.00248307 
v 0.00217799 -0.00375 0.0020631 
v 0.00194216 0.00375 0.00228649 
v 0.00238828 -0.00375 0.00181552 
v 0.00217799 0.00375 0.0020631 
v 0.00257057 -0.00375 0.00154666 
v 0.00238828 0.00375 0.00181552 
v 0.00272273 -0.00375 0.00125967 
v 0.00257057 0.00375 0.00154666 
v 0.00284296 -0.00375 0.000957905 
v 0.00272273 0.00375 0.00125967 
v 0.00292986 -0.00375 0.000644911 
v 0.00284296 0.00375 0.000957905 
v 0.00298241 -0.00375 0.000324357 
v 0.00292986 0.00375 0.000644911 
v 0.003 -0.00375 2.29714e-18 
v 0.00298241 0.00375 0.000324357 
v 0.00298241 -0.00375 -0.000324357 
v 0.003 0.00375 -3.67394e-19 
v 0.00292986 -0.00375 -0.000644911 
v 0.00298241 0.00375 -0.000324357 
v 0.00284296 -0.00375 -0.000957905 
v 0.00292986 0.00375 -0.000644911 
v 0.00272273 -0.00375 -0.00125967 
v 0.00284296 0.00375 -0.000957905 
v 0.00257057 -0.00375 -0.00154666 
v 0.00272273 0.00375 -0.00125967 
v 0.00238828 -0.00375 -0.00181552 
v 0.00257057 0.00375 -0.00154666 
v 0.00217799 -0.00375 -0.0020631 
v 0.00238828 0.00375 -0.00181552 
v 0.00194216 -0.00375 -0.00228649 
v 0.00217799 0.00375 -0.0020631 
v 0.00168356 -0.00375 -0.00248307 
v 0.00194216 0.00375 -0.00228649 
v 0.00140523 -0.00375 -0.00265054 
v 0.00168356 0.00375 -0.00248307 
v 0.00111041 -0.00375 -0.00278693 
v 0.00140523 0.00375 -0.00265054 
v 0.000802585 -0.00375 -0.00289065 
v 0.00111041 0.00375 -0.00278693 
v 0.000485346 -0.00375 -0.00296048 
v 0.000802585 0.00375 -0.00289065 
v 0.000162417 -0.00375 -0.0029956 
v 0.000485346 0.00375 -0.00296048 
v -0.000162417 -0.00375 -0.0029956 
v 2.75546e-19 -0.00375 -0.003 
v -6.4294e-19 0.00375 -0.003 
v 0.000162417 0.00375 -0.0029956 
v -0.000485346 -0.00375 -0.00296048 
v -0.000162417 0.00375 -0.0029956 
v -0.000802585 -0.00375 -0.00289065 
v -0.000485346 0.00375 -0.00296048 
v -0.00111041 -0.00375 -0.00278693 
v -0.000802585 0.00375 -0.00289065 
v -0.00140523 -0.00375 -0.00265054 
v -0.00111041 0.00375 -0.00278693 
v -0.00168356 -0.00375 -0.00248307 
v -0.00140523 0.00375 -0.00265054 
v -0.00194216 -0.00375 -0.00228649 
v -0.00168356 0.00375 -0.00248307 
v -0.00217799 -0.00375 -0.0020631 
v -0.00194216 0.00375 -0.00228649 
v -0.00238828 -0.00375 -0.00181552 
v -0.00217799 0.00375 -0.0020631 
v -0.00257057 -0.00375 -0.00154666 
v -0.00238828 0.00375 -0.00181552 
v -0.00272273 -0.00375 -0.00125967 
v -0.00257057 0.00375 -0.00154666 
v -0.00284296 -0.00375 -0.000957905 
v -0.00272273 0.00375 -0.00125967 
v -0.00292986 -0.00375 -0.000644911 
v -0.00284296 0.00375 -0.000957905 
v -0.00298241 -0.00375 -0.000324357 
v -0.00292986 0.00375 -0.000644911 
v -0.00298241 0.00375 -0.000324357 
vn 0.994138 1.21747e-16 -0.108119 
vn 1 1.22465e-16 -2.44929e-16 
vn 1 1.22465e-16 -2.44929e-16 
vn 0.976621 1.19602e-16 -0.21497 
vn 0.994138 1.21747e-16 -0.108119 
vn 0.947653 1.16054e-16 -0.319302 
vn 0.976621 1.19602e-16 -0.21497 
vn 0.907575 1.11146e-16 -0.419889 
vn 0.947653 1.16054e-16 -0.319302 
vn 0.856857 1.04935e-16 -0.515554 
vn 0.907575 1.11146e-16 -0.419889 
vn 0.796093 9.74933e-17 -0.605174 
vn 0.856857 1.04935e-16 -0.515554 
vn 0.725995 8.89088e-17 -0.687699 
vn 0.796093 9.74933e-17 -0.605174 
vn 0.647386 7.9282e-17 -0.762162 
vn 0.725995 8.89088e-17 -0.687699 
vn 0.561187 6.87256e-17 -0.827689 
vn 0.647386 7.9282e-17 -0.762162 
vn 0.468408 5.73635e-17 -0.883512 
vn 0.561187 6.87256e-17 -0.827689 
vn 0.370138 4.53289e-17 -0.928977 
vn 0.468408 5.73635e-17 -0.883512 
vn 0.267528 3.27628e-17 -0.96355 
vn 0.370138 4.53289e-17 -0.928977 
vn 0.161782 1.98126e-17 -0.986827 
vn 0.267528 3.27628e-17 -0.96355 
vn 0.0541389 6.6301e-18 -0.998533 
vn 0.161782 1.98126e-17 -0.986827 
vn -0.0541389 -6.6301e-18 -0.998533 
vn 0.0541389 6.6301e-18 -0.998533 
vn -0.161782 -1.98126e-17 -0.986827 
vn -0.0541389 -6.6301e-18 -0.998533 
vn -0.267528 -3.27628e-17 -0.96355 
vn -0.161782 -1.98126e-17 -0.986827 
vn -0.370138 -4.53289e-17 -0.928977 
vn -0.267528 -3.27628e-17 -0.96355 
vn -0.468408 -5.73635e-17 -0.883512 
vn -0.370138 -4.53289e-17 -0.928977 
vn -0.561187 -6.87256e-17 -0.827689 
vn -0.468408 -5.73635e-17 -0.883512 
vn -0.647386 -7.9282e-17 -0.762162 
vn -0.561187 -6.87256e-17 -0.827689 
vn -0.725995 -8.89088e-17 -0.687699 
vn -0.647386 -7.9282e-17 -0.762162 
vn -0.796093 -9.74933e-17 -0.605174 
vn -0.725995 -8.89088e-17 -0.687699 
vn -0.856857 -1.04935e-16 -0.515554 
vn -0.796093 -9.74933e-17 -0.605174 
vn -0.907575 -1.11146e-16 -0.419889 
vn -0.856857 -1.04935e-16 -0.515554 
vn -0.947653 -1.16054e-16 -0.319302 
vn -0.907575 -1.11146e-16 -0.419889 
vn -0.976621 -1.19602e-16 -0.21497 
vn -0.947653 -1.16054e-16 -0.319302 
vn -0.994138 -1.21747e-16 -0.108119 
vn -0.976621 -1.19602e-16 -0.21497 
vn -1 -1.22465e-16 1.22465e-16 
vn -0.994138 -1.21747e-16 -0.108119 
vn -0.994138 -1.21747e-16 0.108119 
vn -1 -1.22465e-16 1.22465e-16 
vn -0.976621 -1.19602e-16 0.21497 
vn -0.994138 -1.21747e-16 0.108119 
vn -0.947653 -1.16054e-16 0.319302 
vn -0.976621 -1.19602e-16 0.21497 
vn -0.907575 -1.11146e-16 0.419889 
vn -0.947653 -1.16054e-16 0.319302 
vn -0.856857 -1.04935e-16 0.515554 
vn -0.907575 -1.11146e-16 0.419889 
vn -0.796093 -9.74933e-17 0.605174 
vn -0.856857 -1.04935e-16 0.515554 
vn -0.725995 -8.89088e-17 0.687699 
vn -0.796093 -9.74933e-17 0.605174 
vn -0.647386 -7.9282e-17 0.762162 
vn -0.725995 -8.89088e-17 0.687699 
vn -0.561187 -6.87256e-17 0.827689 
vn -0.647386 -7.9282e-17 0.762162 
vn -0.468408 -5.73635e-17 0.883512 
vn -0.561187 -6.87256e-17 0.827689 
vn -0.370138 -4.53289e-17 0.928977 
vn -0.468408 -5.73635e-17 0.883512 
vn -0.267528 -3.27628e-17 0.96355 
vn -0.370138 -4.53289e-17 0.928977 
vn -0.161782 -1.98126e-17 0.986827 
vn -0.267528 -3.27628e-17 0.96355 
vn -0.0541389 -6.6301e-18 0.998533 
vn -0.161782 -1.98126e-17 0.986827 
vn 0.0541389 6.6301e-18 0.998533 
vn 6.12323e-17 0 1 
vn 6.12323e-17 0 1 
vn -0.0541389 -6.6301e-18 0.998533 
vn 0.161782 1.98126e-17 0.986827 
vn 0.0541389 6.6301e-18 0.998533 
vn 0.267528 3.27628e-17 0.96355 
vn 0.161782 1.98126e-17 0.986827 
vn 0.370138 4.53289e-17 0.928977 
vn 0.267528 3.27628e-17 0.96355 
vn 0.468408 5.73635e-17 0.883512 
vn 0.370138 4.53289e-17 0.928977 
vn 0.561187 6.87256e-17 0.827689 
vn 0.468408 5.73635e-17 0.883512 
vn 0.647386 7.9282e-17 0.762162 
vn 0.561187 6.87256e-17 0.827689 
vn 0.725995 8.89088e-17 0.687699 
vn 0.647386 7.9282e-17 0.762162 
vn 0.796093 9.74933e-17 0.605174 
vn 0.725995 8.89088e-17 0.687699 
vn 0.856857 1.04935e-16 0.515554 
vn 0.796093 9.74933e-17 0.605174 
vn 0.907575 1.11146e-16 0.419889 
vn 0.856857 1.04935e-16 0.515554 
vn 0.947653 1.16054e-16 0.319302 
vn 0.907575 1.11146e-16 0.419889 
vn 0.976621 1.19602e-16 0.21497 
vn 0.947653 1.16054e-16 0.319302 
vn 0.994138 1.21747e-16 0.108119 
vn 0.976621 1.19602e-16 0.21497 
vn 0.994138 1.21747e-16 0.108119 
f 119//119 120//120 121//121 
f 122//122 119//119 123//123 
f 124//124 122//122 125//125 
f 126//126 124//124 127//127 
f 128//128 126//126 129//129 
f 130//130 128//128 131//131 
f 132//132 130//130 133//133 
f 134//134 132//132 135//135 
f 136//136 134//134 137//137 
f 138//138 136//136 139//139 
f 140//140 138//138 141//141 
f 142//142 140//140 143//143 
f 144//144 142//142 145//145 
f 146//146 144//144 147//147 
f 148//148 146//146 149//149 
f 150//150 148//148 151//151 
f 152//152 150//150 153//153 
f 154//154 152//152 155//155 
f 156//156 154//154 157//157 
f 158//158 156//156 159//159 
f 160//160 158//158 161//161 
f 162//162 160//160 163//163 
f 164//164 162//162 165//165 
f 166//166 164//164 167//167 
f 168//168 166//166 169//169 
f 170//170 168//168 171//171 
f 172//172 170//170 173//173 
f 174//174 172//172 175//175 
f 176//176 174//174 177//177 
f 178//178 176//176 179//179 
f 180//180 178//178 181//181 
f 182//182 180//180 183//183 
f 184//184 182//182 185//185 
f 186//186 184//184 187//187 
f 188//188 186//186 189//189 
f 190//190 188//188 191//191 
f 192//192 190//190 193//193 
f 194//194 192//192 195//195 
f 196//196 194//194 197//197 
f 198//198 196//196 199//199 
f 200//200 198//198 201//201 
f 202//202 200//200 203//203 
f 204//204 202//202 205//205 
f 206//206 207//207 208//208 
f 209//209 208//208 207//207 
f 207//207 204//204 209//209 
f 210//210 206//206 211//211 
f 212//212 210//210 213//213 
f 214//214 212//212 215//215 
f 216//216 214//214 217//217 
f 218//218 216//216 219//219 
f 220//220 218//218 221//221 
f 222//222 220//220 223//223 
f 224//224 222//222 225//225 
f 226//226 224//224 227//227 
f 228//228 226//226 229//229 
f 230//230 228//228 231//231 
f 232//232 230//230 233//233 
f 234//234 232//232 235//235 
f 120//120 234//234 236//236 
f 236//236 121//121 120//120 
f 235//235 236//236 234//234 
f 233//233 235//235 232//232 
f 231//231 233//233 230//230 
f 229//229 231//231 228//228 
f 227//227 229//229 226//226 
f 225//225 227//227 224//224 
f 223//223 225//225 222//222 
f 221//221 223//223 220//220 
f 219//219 221//221 218//218 
f 217//217 219//219 216//216 
f 215//215 217//217 214//214 
f 213//213 215//215 212//212 
f 211//211 213//213 210//210 
f 208//208 211//211 206//206 
f 205//205 209//209 204//204 
f 203//203 205//205 202//202 
f 201//201 203//203 200//200 
f 199//199 201//201 198//198 
f 197//197 199//199 196//196 
f 195//195 197//197 194//194 
f 193//193 195//195 192//192 
f 191//191 193//193 190//190 
f 189//189 191//191 188//188 
f 187//187 189//189 186//186 
f 185//185 187//187 184//184 
f 183//183 185//185 182//182 
f 181//181 183//183 180//180 
f 179//179 181//181 178//178 
f 177//177 179//179 176//176 
f 175//175 177//177 174//174 
f 173//173 175//175 172//172 
f 171//171 173//173 170//170 
f 169//169 171//171 168//168 
f 167//167 169//169 166//166 
f 165//165 167//167 164//164 
f 163//163 165//165 162//162 
f 161//161 163//163 160//160 
f 159//159 161//161 158//158 
f 157//157 159//159 156//156 
f 155//155 157//157 154//154 
f 153//153 155//155 152//152 
f 151//151 153//153 150//150 
f 149//149 151//151 148//148 
f 147//147 149//149 146//146 
f 145//145 147//147 144//144 
f 143//143 145//145 142//142 
f 141//141 143//143 140//140 
f 139//139 141//141 138//138 
f 137//137 139//139 136//136 
f 135//135 137//137 134//134 
f 133//133 135//135 132//132 
f 131//131 133//133 130//130 
f 129//129 131//131 128//128 
f 127//127 129//129 126//126 
f 125//125 127//127 124//124 
f 123//123 125//125 122//122 
f 121//121 123//123 119//119 
v 0.0123547 0.00375 -0.00936452 
v 0.0117779 0.00375 -0.00964458 
v 0.0116695 0.00375 -0.00965232 
v 0.0121845 0.00375 -0.00949929 
v 0.0120894 0.00375 -0.00955203 
v 0.0119891 0.00375 -0.00959414 
v 0.0118849 0.00375 -0.00962511 
v 0.0122733 0.00375 -0.00943654 
v -0.00383633 0.00375 -0.0148901 
v -0.0152594 0.00375 -0.025319 
v -0.0153309 0.00375 -0.0252671 
v -0.0170676 0.00375 -0.0240467 
v 0.00632074 0.00375 -0.00646656 
v -0.00222957 0.00375 -0.0135485 
v 0.0115608 0.00375 -0.00964824 
v 0.0125459 0.00375 -0.00910184 
v 0.0124919 0.00375 -0.00919617 
v 0.0123506 0.00375 -0.00790952 
v 0.012422 0.00375 -0.00798608 
v 0.0117952 0.00375 -0.00763854 
v 0.0118979 0.00375 -0.00765852 
v -0.00142793 0.00375 0.0086327 
v -0.000485346 0.00375 0.00296048 
v -0.000802585 0.00375 0.00289065 
v -0.000492992 0.00375 0.0087361 
v -0.000162417 0.00375 0.0029956 
v 0.0124279 0.00375 -0.00928408 
v 0.0125389 0.00375 -0.0081594 
v 0.0125831 0.00375 -0.00825427 
v 0.0122717 0.00375 -0.00784084 
v 0.0120944 0.00375 -0.00773004 
v 0.0121859 0.00375 -0.0077808 
v 0.011998 0.00375 -0.00768914 
v -0.00234636 0.00375 0.00842954 
v -0.00111041 0.00375 0.00278693 
v 0.0013831 0.00375 0.00864 
v 0.000485346 0.00375 0.00296048 
v 0.000162417 0.00375 0.0029956 
v 0.00230258 0.00375 0.0084416 
v 0.000802585 0.00375 0.00289065 
v 0.00319544 0.00375 0.00814565 
v 0.00111041 0.00375 0.00278693 
v 0.00405138 0.00375 0.00775557 
v 0.00140523 0.00375 0.00265054 
v 0.0126219 0.00375 -0.0088984 
v 0.0125895 0.00375 -0.00900219 
v 0.0126408 0.00375 -0.00845523 
v 0.0126535 0.00375 -0.00855913 
v 0.0126172 0.00375 -0.00835324 
v 0.012485 0.00375 -0.00806968 
v -0.0150109 0.00375 -0.0255266 
v 0.000447641 0.00375 0.00873854 
v 0.0048605 0.00375 0.00727586 
v 0.00168356 0.00375 0.00248307 
v 0.00561344 0.00375 0.00671206 
v 0.00194216 0.00375 0.00228649 
v 0.00630152 0.00375 0.0060707 
v 0.00217799 0.00375 0.0020631 
v 0.00691677 0.00375 0.00535918 
v 0.00238828 0.00375 0.00181552 
v 0.00852161 0.00375 0.0019861 
v 0.00292986 0.00375 0.000644911 
v 0.00284296 0.00375 0.000957905 
v 0.00868557 0.00375 0.00105986 
v 0.00298241 0.00375 0.000324357 
v 0.00874916 0.00375 0.000121378 
v 0.003 0.00375 -3.67394e-19 
v 0.00871163 0.00375 -0.000818509 
v 0.00298241 0.00375 -0.000324357 
v -0.000491032 0.00375 -0.0123827 
v 0.00634041 0.00375 -0.00653204 
v 0.00136013 0.00375 -0.0114056 
v 0.00790129 0.00375 0.00375927 
v 0.00272273 0.00375 0.00125967 
v 0.00257057 0.00375 0.00154666 
v 0.00825918 0.00375 0.00288938 
v 0.00857343 0.00375 -0.00174894 
v 0.00292986 0.00375 -0.000644911 
v 0.00833615 0.00375 -0.00265915 
v 0.00284296 0.00375 -0.000957905 
v 0.0126429 0.00375 -0.00879171 
v 0.006387 0.00375 -0.00600384 
v -0.000162417 0.00375 -0.0029956 
v -6.4294e-19 0.00375 -0.003 
v -0.0069445 0.00375 0.0053232 
v -0.00633294 0.00375 0.00603791 
v -0.00217799 0.00375 0.0020631 
v -0.00564821 0.00375 0.00668283 
v -0.00194216 0.00375 0.00228649 
v -0.0048982 0.00375 0.00725053 
v -0.00409158 0.00375 0.00773443 
v -0.00140523 0.00375 0.00265054 
v -0.00323768 0.00375 0.00812896 
v 0.00745209 0.00375 0.00458572 
v 0.0126462 0.00375 -0.00876806 
v 0.0126553 0.00375 -0.00866378 
v -0.0147862 0.00375 -0.0257598 
v -0.0052936 0.00375 -0.0163927 
v -0.0142797 0.00375 -0.0265844 
v -0.0144185 0.00375 -0.0262918 
v -0.0141005 0.00375 -0.0272057 
v -0.0141733 0.00375 -0.0268902 
v 0.000162417 0.00375 -0.0029956 
v -0.00792069 0.00375 0.00371821 
v -0.00292986 0.00375 0.000644911 
v -0.00298241 0.00375 0.000324357 
v -0.00747579 0.00375 0.00454698 
v -0.00257057 0.00375 0.00154666 
v -0.00238828 0.00375 0.00181552 
v -0.00168356 0.00375 0.00248307 
v 0.00800253 0.00375 -0.00353864 
v 0.00272273 0.00375 -0.00125967 
v 0.00946922 0.00375 -0.00956573 
v -0.014588 0.00375 -0.0260159 
v -0.00658534 0.00375 -0.0180398 
v -0.0141559 0.00375 -0.0284904 
v -0.01409 0.00375 -0.0281734 
v -0.0146012 0.00375 -0.0294466 
v -0.0145515 0.00375 -0.0293735 
v -0.00140523 0.00375 -0.00265054 
v 0.00630317 0.00375 -0.00633114 
v 0.00630828 0.00375 -0.00639933 
v -0.017345 0.00375 -0.0238736 
v -0.00238828 0.00375 -0.00181552 
v -0.00217799 0.00375 -0.0020631 
v -0.00272273 0.00375 -0.00125967 
v -0.00257057 0.00375 -0.00154666 
v -0.00292986 0.00375 -0.000644911 
v -0.00284296 0.00375 -0.000957905 
v -0.003 0.00375 0 
v -0.00298241 0.00375 -0.000324357 
v -0.000485346 0.00375 -0.00296048 
v -0.00284296 0.00375 0.000957905 
v -0.00272273 0.00375 0.00125967 
v 0.00757643 0.00375 -0.00437723 
v 0.00257057 0.00375 -0.00154666 
v 0.00706278 0.00375 -0.00516524 
v 0.00238828 0.00375 -0.00181552 
v 0.0064675 0.00375 -0.00589355 
v 0.00217799 0.00375 -0.0020631 
v -0.0140586 0.00375 -0.0278511 
v -0.0140621 0.00375 -0.0275273 
v -0.0142557 0.00375 -0.0287985 
v -0.0143881 0.00375 -0.029094 
v -0.00168356 0.00375 -0.00248307 
v -0.000802585 0.00375 -0.00289065 
v 0.00531771 0.00375 -0.0100583 
v 0.00677862 0.00375 -0.00692935 
v 0.00684571 0.00375 -0.00694253 
v -0.00194216 0.00375 -0.00228649 
v 0.000485346 0.00375 -0.00296048 
v 0.00635617 0.00375 -0.00606488 
v -0.00111041 0.00375 -0.00278693 
v 0.00642426 0.00375 -0.00594651 
v 0.00194216 0.00375 -0.00228649 
v -0.0195628 0.00375 -0.0236018 
v -0.0198737 0.00375 -0.0237028 
v -0.0189173 0.00375 -0.0235038 
v -0.0192427 0.00375 -0.0235352 
v 0.00738052 0.00375 -0.00970292 
v 0.00633213 0.00375 -0.00612889 
v 0.00140523 0.00375 -0.00265054 
v 0.00168356 0.00375 -0.00248307 
v 0.000802585 0.00375 -0.00289065 
v 0.00111041 0.00375 -0.00278693 
v 0.00671335 0.00375 -0.00690898 
v 0.00659131 0.00375 -0.00684772 
v 0.00665067 0.00375 -0.00688167 
v 0.00636706 0.00375 -0.00659501 
v 0.00640037 0.00375 -0.00665473 
v -0.0211681 0.00375 -0.0246691 
v -0.0213533 0.00375 -0.0249385 
v -0.0204535 0.00375 -0.024003 
v -0.0207155 0.00375 -0.0241986 
v -0.0201718 0.00375 -0.0238371 
v -0.0182659 0.00375 -0.0235478 
v -0.0185904 0.00375 -0.023508 
v -0.0176395 0.00375 -0.0237317 
v 0.00330351 0.00375 -0.010628 
v 0.00653598 0.00375 -0.00680755 
v 0.00648533 0.00375 -0.00676163 
v 0.00630548 0.00375 -0.00626281 
v 0.00631517 0.00375 -0.00619512 
v -0.0209546 0.00375 -0.0244215 
v -0.0179477 0.00375 -0.0236226 
v 0.00643994 0.00375 -0.00671048 
v -0.0215082 0.00375 -0.0252264 
vn -1.22465e-16 1 0 
vn -1.22465e-16 1 0 
vn -1.22465e-16 1 0 
vn -1.22465e-16 1 0 
vn -1.22465e-16 1 0 
vn -1.22465e-16 1 0 
vn -1.22465e-16 1 0 
vn -1.22465e-16 1 0 
vn -1.22465e-16 1 0 
vn -1.22465e-16 1 0 
vn -1.22465e-16 1 0 
vn -1.22465e-16 1 0 
vn -1.22465e-16 1 0 
vn -1.22465e-16 1 0 
vn -1.22465e-16 1 0 
vn -1.22465e-16 1 0 
vn -1.22465e-16 1 0 
vn -1.22465e-16 1 0 
vn -1.22465e-16 1 0 
vn -1.22465e-16 1 0 
vn -1.22465e-16 1 0 
vn -1.22465e-16 1 0 
vn -1.22465e-16 1 0 
vn -1.22465e-16 1 0 
vn -1.22465e-16 1 0 
vn -1.22465e-16 1 0 
vn -1.22465e-16 1 0 
vn -1.22465e-16 1 0 
vn -1.22465e-16 1 0 
vn -1.22465e-16 1 0 
vn -1.22465e-16 1 0 
vn -1.22465e-16 1 0 
vn -1.22465e-16 1 0 
vn -1.22465e-16 1 0 
vn -1.22465e-16 1 0 
vn -1.22465e-16 1 0 
vn -1.22465e-16 1 0 
vn -1.22465e-16 1 0 
vn -1.22465e-16 1 0 
vn -1.22465e-16 1 0 
vn -1.22465e-16 1 0 
vn -1.22465e-16 1 0 
vn -1.22465e-16 1 0 
vn -1.22465e-16 1 0 
vn -1.22465e-16 1 0 
vn -1.22465e-16 1 0 
vn -1.22465e-16 1 0 
vn -1.22465e-16 1 0 
vn -1.22465e-16 1 0 
vn -1.22465e-16 1 0 
vn -1.22465e-16 1 0 
vn -1.22465e-16 1 0 
vn -1.22465e-16 1 0 
vn -1.22465e-16 1 0 
vn -1.22465e-16 1 0 
vn -1.22465e-16 1 0 
vn -1.22465e-16 1 0 
vn -1.22465e-16 1 0 
vn -1.22465e-16 1 0 
vn -1.22465e-16 1 0 
vn -1.22465e-16 1 0 
vn -1.22465e-16 1 0 
vn -1.22465e-16 1 0 
vn -1.22465e-16 1 0 
vn -1.22465e-16 1 0 
vn -1.22465e-16 1 0 
vn -1.22465e-16 1 0 
vn -1.22465e-16 1 0 
vn -1.22465e-16 1 0 
vn -1.22465e-16 1 0 
vn -1.22465e-16 1 0 
vn -1.22465e-16 1 0 
vn -1.22465e-16 1 0 
vn -1.22465e-16 1 0 
vn -1.22465e-16 1 0 
vn -1.22465e-16 1 0 
vn -1.22465e-16 1 0 
vn -1.22465e-16 1 0 
vn -1.22465e-16 1 0 
vn -1.22465e-16 1 0 
vn -1.22465e-16 1 0 
vn -1.22465e-16 1 0 
vn -1.22465e-16 1 0 
vn -1.22465e-16 1 0 
vn -1.22465e-16 1 0 
vn -1.22465e-16 1 0 
vn -1.22465e-16 1 0 
vn -1.22465e-16 1 0 
vn -1.22465e-16 1 0 
vn -1.22465e-16 1 0 
vn -1.22465e-16 1 0 
vn -1.22465e-16 1 0 
vn -1.22465e-16 1 0 
vn -1.22465e-16 1 0 
vn -1.22465e-16 1 0 
vn -1.22465e-16 1 0 
vn -1.22465e-16 1 0 
vn -1.22465e-16 1 0 
vn -1.22465e-16 1 0 
vn -1.22465e-16 1 0 
vn -1.22465e-16 1 0 
vn -1.22465e-16 1 0 
vn -1.22465e-16 1 0 
vn -1.22465e-16 1 0 
vn -1.22465e-16 1 0 
vn -1.22465e-16 1 0 
vn -1.22465e-16 1 0 
vn -1.22465e-16 1 0 
vn -1.22465e-16 1 0 
vn -1.22465e-16 1 0 
vn -1.22465e-16 1 0 
vn -1.22465e-16 1 0 
vn -1.22465e-16 1 0 
vn -1.22465e-16 1 0 
vn -1.22465e-16 1 0 
vn -1.22465e-16 1 0 
vn -1.22465e-16 1 0 
vn -1.22465e-16 1 0 
vn -1.22465e-16 1 0 
vn -1.22465e-16 1 0 
vn -1.22465e-16 1 0 
vn -1.22465e-16 1 0 
vn -1.22465e-16 1 0 
vn -1.22465e-16 1 0 
vn -1.22465e-16 1 0 
vn -1.22465e-16 1 0 
vn -1.22465e-16 1 0 
vn -1.22465e-16 1 0 
vn -1.22465e-16 1 0 
vn -1.22465e-16 1 0 
vn -1.22465e-16 1 0 
vn -1.22465e-16 1 0 
vn -1.22465e-16 1 0 
vn -1.22465e-16 1 0 
vn -1.22465e-16 1 0 
vn -1.22465e-16 1 0 
vn -1.22465e-16 1 0 
vn -1.22465e-16 1 0 
vn -1.22465e-16 1 0 
vn -1.22465e-16 1 0 
vn -1.22465e-16 1 0 
vn -1.22465e-16 1 0 
vn -1.22465e-16 1 0 
vn -1.22465e-16 1 0 
vn -1.22465e-16 1 0 
vn -1.22465e-16 1 0 
vn -1.22465e-16 1 0 
vn -1.22465e-16 1 0 
vn -1.22465e-16 1 0 
vn -1.22465e-16 1 0 
vn -1.22465e-16 1 0 
vn -1.22465e-16 1 0 
vn -1.22465e-16 1 0 
vn -1.22465e-16 1 0 
vn -1.22465e-16 1 0 
vn -1.22465e-16 1 0 
vn -1.22465e-16 1 0 
vn -1.22465e-16 1 0 
vn -1.22465e-16 1 0 
vn -1.22465e-16 1 0 
vn -1.22465e-16 1 0 
vn -1.22465e-16 1 0 
vn -1.22465e-16 1 0 
vn -1.22465e-16 1 0 
vn -1.22465e-16 1 0 
vn -1.22465e-16 1 0 
vn -1.22465e-16 1 0 
vn -1.22465e-16 1 0 
vn -1.22465e-16 1 0 
vn -1.22465e-16 1 0 
vn -1.22465e-16 1 0 
vn -1.22465e-16 1 0 
vn -1.22465e-16 1 0 
vn -1.22465e-16 1 0 
vn -1.22465e-16 1 0 
vn -1.22465e-16 1 0 
vn -1.22465e-16 1 0 
vn -1.22465e-16 1 0 
vn -1.22465e-16 1 0 
vn -1.22465e-16 1 0 
vn -1.22465e-16 1 0 
vn -1.22465e-16 1 0 
vn -1.22465e-16 1 0 
vn -1.22465e-16 1 0 
vn -1.22465e-16 1 0 
vn -1.22465e-16 1 0 
vn -1.22465e-16 1 0 
f 237//237 238//238 239//239 
f 240//240 241//241 242//242 
f 243//243 237//237 244//244 
f 245//245 246//246 247//247 
f 248//248 249//249 250//250 
f 237//237 243//243 238//238 
f 244//244 240//240 243//243 
f 251//251 252//252 253//253 
f 251//251 254//254 255//255 
f 251//251 256//256 257//257 
f 250//250 245//245 248//248 
f 258//258 259//259 260//260 
f 261//261 262//262 259//259 
f 242//242 243//243 240//240 
f 253//253 263//263 251//251 
f 251//251 264//264 265//265 
f 251//251 266//266 254//254 
f 251//251 267//267 268//268 
f 257//257 269//269 251//251 
f 247//247 248//248 245//245 
f 270//270 260//260 271//271 
f 259//259 258//258 261//261 
f 272//272 273//273 274//274 
f 275//275 276//276 273//273 
f 277//277 278//278 276//276 
f 279//279 280//280 278//278 
f 263//263 237//237 251//251 
f 251//251 281//281 282//282 
f 251//251 283//283 284//284 
f 265//265 285//285 251//251 
f 255//255 286//286 251//251 
f 269//269 267//267 251//251 
f 245//245 287//287 246//246 
f 260//260 270//270 258//258 
f 288//288 274//274 262//262 
f 273//273 272//272 275//275 
f 278//278 277//277 279//279 
f 289//289 290//290 280//280 
f 291//291 292//292 290//290 
f 293//293 294//294 292//292 
f 295//295 296//296 294//294 
f 297//297 298//298 299//299 
f 300//300 301//301 298//298 
f 302//302 303//303 301//301 
f 304//304 305//305 303//303 
f 282//282 252//252 251//251 
f 285//285 283//283 251//251 
f 268//268 266//266 251//251 
f 249//249 306//306 250//250 
f 249//249 307//307 308//308 
f 262//262 261//261 288//288 
f 276//276 275//275 277//277 
f 290//290 289//289 291//291 
f 294//294 293//293 295//295 
f 309//309 310//310 311//311 
f 312//312 299//299 310//310 
f 298//298 297//297 300//300 
f 303//303 302//302 304//304 
f 313//313 314//314 305//305 
f 315//315 316//316 314//314 
f 251//251 317//317 281//281 
f 286//286 264//264 251//251 
f 308//308 306//306 249//249 
f 318//318 319//319 320//320 
f 321//321 322//322 323//323 
f 322//322 324//324 325//325 
f 326//326 327//327 328//328 
f 327//327 329//329 271//271 
f 274//274 288//288 272//272 
f 292//292 291//291 293//293 
f 330//330 311//311 296//296 
f 310//310 309//309 312//312 
f 301//301 300//300 302//302 
f 314//314 313//313 315//315 
f 251//251 331//331 317//317 
f 284//284 332//332 251//251 
f 245//245 333//333 287//287 
f 333//333 245//245 334//334 
f 334//334 335//335 336//336 
f 334//334 337//337 338//338 
f 320//320 339//339 318//318 
f 340//340 341//341 342//342 
f 340//340 343//343 344//344 
f 343//343 321//321 345//345 
f 325//325 323//323 322//322 
f 324//324 326//326 346//346 
f 271//271 328//328 327//327 
f 280//280 279//279 289//289 
f 311//311 330//330 309//309 
f 305//305 304//304 313//313 
f 347//347 348//348 316//316 
f 256//256 251//251 349//349 
f 332//332 331//331 251//251 
f 334//334 350//350 333//333 
f 338//338 335//335 334//334 
f 337//337 334//334 351//351 
f 351//351 352//352 353//353 
f 351//351 354//354 355//355 
f 356//356 357//357 358//358 
f 359//359 360//360 361//361 
f 359//359 362//362 363//363 
f 359//359 364//364 365//365 
f 359//359 366//366 367//367 
f 318//318 368//368 319//319 
f 340//340 369//369 341//341 
f 344//344 370//370 340//340 
f 323//323 345//345 321//321 
f 328//328 346//346 326//326 
f 296//296 295//295 330//330 
f 316//316 315//315 347//347 
f 371//371 372//372 348//348 
f 373//373 374//374 372//372 
f 375//375 376//376 374//374 
f 239//239 251//251 237//237 
f 336//336 350//350 334//334 
f 351//351 377//377 378//378 
f 351//351 379//379 352//352 
f 355//355 380//380 351//351 
f 359//359 381//381 356//356 
f 363//363 360//360 359//359 
f 367//367 364//364 359//359 
f 318//318 382//382 368//368 
f 370//370 369//369 340//340 
f 346//346 325//325 324//324 
f 299//299 312//312 297//297 
f 372//372 371//371 373//373 
f 374//374 373//373 375//375 
f 383//383 384//384 385//385 
f 349//349 385//385 256//256 
f 351//351 378//378 337//337 
f 380//380 379//379 351//351 
f 359//359 386//386 381//381 
f 365//365 362//362 359//359 
f 339//339 387//387 318//318 
f 388//388 389//389 382//382 
f 345//345 344//344 343//343 
f 348//348 347//347 371//371 
f 390//390 391//391 376//376 
f 340//340 392//392 393//393 
f 340//340 394//394 395//395 
f 349//349 396//396 385//385 
f 353//353 377//377 351//351 
f 361//361 386//386 359//359 
f 389//389 388//388 397//397 
f 382//382 318//318 388//388 
f 318//318 398//398 399//399 
f 318//318 400//400 401//401 
f 271//271 329//329 270//270 
f 390//390 399//399 391//391 
f 395//395 392//392 340//340 
f 383//383 402//402 384//384 
f 403//403 404//404 383//383 
f 308//308 405//405 406//406 
f 248//248 359//359 249//249 
f 358//358 359//359 356//356 
f 357//357 356//356 389//389 
f 387//387 400//400 318//318 
f 401//401 398//398 318//318 
f 375//375 390//390 376//376 
f 340//340 407//407 408//408 
f 340//340 409//409 410//410 
f 393//393 411//411 340//340 
f 340//340 412//412 413//413 
f 366//366 359//359 414//414 
f 383//383 404//404 402//402 
f 415//415 416//416 403//403 
f 417//417 416//416 415//415 
f 307//307 405//405 308//308 
f 389//389 418//418 357//357 
f 397//397 419//419 389//389 
f 342//342 366//366 340//340 
f 340//340 420//420 407//407 
f 411//411 409//409 340//340 
f 340//340 421//421 412//412 
f 414//414 340//340 366//366 
f 383//383 415//415 403//403 
f 308//308 422//422 417//417 
f 358//358 249//249 359//359 
f 399//399 390//390 318//318 
f 410//410 420//420 340//340 
f 414//414 421//421 340//340 
f 415//415 308//308 417//417 
f 419//419 418//418 389//389 
f 413//413 394//394 340//340 
f 406//406 422//422 308//308 
f 385//385 396//396 383//383 
f 408//408 423//423 340//340 
v 0.0126429 0.00375 -0.00879171 
v 0.0126429 -0.00425 -0.00879171 
v 0.0126219 -0.00425 -0.0088984 
v 0.0126219 0.00375 -0.0088984 
v 0.0125895 -0.00425 -0.00900219 
v 0.0125895 0.00375 -0.00900219 
v 0.0125459 -0.00425 -0.00910184 
v 0.0125459 0.00375 -0.00910184 
v 0.0124919 -0.00425 -0.00919617 
v 0.0124919 0.00375 -0.00919617 
v 0.0124279 -0.00425 -0.00928408 
v 0.0124279 0.00375 -0.00928408 
v 0.0123547 -0.00425 -0.00936452 
v 0.0123547 0.00375 -0.00936452 
v 0.0122733 -0.00425 -0.00943654 
v 0.0122733 0.00375 -0.00943654 
v 0.0121845 -0.00425 -0.00949929 
v 0.0121845 0.00375 -0.00949929 
v 0.0120894 -0.00425 -0.00955203 
v 0.0120894 0.00375 -0.00955203 
v 0.0119891 -0.00425 -0.00959414 
v 0.0119891 0.00375 -0.00959414 
v 0.0118849 -0.00425 -0.00962511 
v 0.0118849 0.00375 -0.00962511 
v 0.0117779 -0.00425 -0.00964458 
v 0.0117779 0.00375 -0.00964458 
v 0.0116695 -0.00425 -0.00965232 
v 0.0116695 0.00375 -0.00965232 
v 0.0115608 -0.00425 -0.00964824 
v 0.0115608 0.00375 -0.00964824 
vn 0.990257 0 -0.139254 
vn 0.990257 0 -0.139254 
vn 0.969284 1.18703e-16 -0.245946 
vn 0.969284 1.18703e-16 -0.245946 
vn 0.93685 1.14731e-16 -0.34973 
vn 0.93685 1.14731e-16 -0.34973 
vn 0.893341 1.09403e-16 -0.44938 
vn 0.893341 1.09403e-16 -0.44938 
vn 0.839269 1.02781e-16 -0.543716 
vn 0.839269 1.02781e-16 -0.543716 
vn 0.775275 9.49438e-17 -0.631624 
vn 0.775275 9.49438e-17 -0.631624 
vn 0.702115 8.59843e-17 -0.712064 
vn 0.702115 8.59843e-17 -0.712064 
vn 0.620653 7.60081e-17 -0.784085 
vn 0.620653 7.60081e-17 -0.784085 
vn 0.531854 6.51333e-17 -0.846836 
vn 0.531854 6.51333e-17 -0.846836 
vn 0.436766 5.34884e-17 -0.899575 
vn 0.436766 5.34884e-17 -0.899575 
vn 0.336515 4.12111e-17 -0.941678 
vn 0.336515 4.12111e-17 -0.941678 
vn 0.232284 2.84466e-17 -0.972648 
vn 0.232284 2.84466e-17 -0.972648 
vn 0.125308 1.53458e-17 -0.992118 
vn 0.125308 1.53458e-17 -0.992118 
vn 0.0168498 2.06351e-18 -0.999858 
vn 0.0168498 2.06351e-18 -0.999858 
vn -0.0918074 -1.12432e-17 -0.995777 
vn -0.0918074 -1.12432e-17 -0.995777 
f 424//424 425//425 426//426 
f 427//427 426//426 428//428 
f 429//429 428//428 430//430 
f 431//431 430//430 432//432 
f 433//433 432//432 434//434 
f 435//435 434//434 436//436 
f 437//437 436//436 438//438 
f 439//439 438//438 440//440 
f 441//441 440//440 442//442 
f 443//443 442//442 444//444 
f 445//445 444//444 446//446 
f 447//447 446//446 448//448 
f 449//449 448//448 450//450 
f 451//451 450//450 452//452 
f 452//452 453//453 451//451 
f 450//450 451//451 449//449 
f 448//448 449//449 447//447 
f 446//446 447//447 445//445 
f 444//444 445//445 443//443 
f 442//442 443//443 441//441 
f 440//440 441//441 439//439 
f 438//438 439//439 437//437 
f 436//436 437//437 435//435 
f 434//434 435//435 433//433 
f 432//432 433//433 431//431 
f 430//430 431//431 429//429 
f 428//428 429//429 427//427 
f 426//426 427//427 424//424 
v 0.0126462 -0.00425 -0.00876806 
v 0.0126429 -0.00425 -0.00879171 
v 0.0126429 0.00375 -0.00879171 
v 0.0126462 0.00375 -0.00876806 
vn 0.990257 1.21271e-16 -0.139254 
vn 0.990257 1.21271e-16 -0.139254 
vn 0.990257 1.21271e-16 -0.139254 
vn 0.990257 1.21271e-16 -0.139254 
f 454//454 455//455 456//456 
f 456//456 457//457 454//454 
v 0.0117952 0.00375 -0.00763854 
v 0.0117952 -0.00425 -0.00763854 
v 0.0118979 -0.00425 -0.00765852 
v 0.0118979 0.00375 -0.00765852 
v 0.011998 -0.00425 -0.00768914 
v 0.011998 0.00375 -0.00768914 
v 0.0120944 -0.00425 -0.00773004 
v 0.0120944 0.00375 -0.00773004 
v 0.0121859 -0.00425 -0.0077808 
v 0.0121859 0.00375 -0.0077808 
v 0.0122717 -0.00425 -0.00784084 
v 0.0122717 0.00375 -0.00784084 
v 0.0123506 -0.00425 -0.00790952 
v 0.0123506 0.00375 -0.00790952 
v 0.012422 -0.00425 -0.00798608 
v 0.012422 0.00375 -0.00798608 
v 0.012485 -0.00425 -0.00806968 
v 0.012485 0.00375 -0.00806968 
v 0.0125389 -0.00425 -0.0081594 
v 0.0125389 0.00375 -0.0081594 
v 0.0125831 -0.00425 -0.00825427 
v 0.0125831 0.00375 -0.00825427 
v 0.0126172 -0.00425 -0.00835324 
v 0.0126172 0.00375 -0.00835324 
v 0.0126408 -0.00425 -0.00845523 
v 0.0126408 0.00375 -0.00845523 
v 0.0126535 -0.00425 -0.00855913 
v 0.0126535 0.00375 -0.00855913 
v 0.0126553 -0.00425 -0.00866378 
v 0.0126553 0.00375 -0.00866378 
v 0.0126462 -0.00425 -0.00876806 
v 0.0126462 0.00375 -0.00876806 
vn 0.139254 0 0.990257 
vn 0.139254 0 0.990257 
vn 0.242001 2.96366e-17 0.970276 
vn 0.242001 2.96366e-17 0.970276 
vn 0.342097 4.18948e-17 0.939665 
vn 0.342097 4.18948e-17 0.939665 
vn 0.438445 5.3694e-17 0.898758 
vn 0.438445 5.3694e-17 0.898758 
vn 0.529989 6.49049e-17 0.848005 
vn 0.529989 6.49049e-17 0.848005 
vn 0.615726 7.54047e-17 0.78796 
vn 0.615726 7.54047e-17 0.78796 
vn 0.694717 8.50783e-17 0.719283 
vn 0.694717 8.50783e-17 0.719283 
vn 0.766097 9.38198e-17 0.642725 
vn 0.766097 9.38198e-17 0.642725 
vn 0.829083 1.01533e-16 0.559125 
vn 0.829083 1.01533e-16 0.559125 
vn 0.882986 1.08135e-16 0.469399 
vn 0.882986 1.08135e-16 0.469399 
vn 0.927214 1.13551e-16 0.374531 
vn 0.927214 1.13551e-16 0.374531 
vn 0.961284 1.17723e-16 0.275559 
vn 0.961284 1.17723e-16 0.275559 
vn 0.984822 1.20606e-16 0.173568 
vn 0.984822 1.20606e-16 0.173568 
vn 0.99757 1.22167e-16 0.0696749 
vn 0.99757 1.22167e-16 0.0696749 
vn 0.999388 1.2239e-16 -0.0349812 
vn 0.999388 1.2239e-16 -0.0349812 
vn 0.990257 1.21271e-16 -0.139254 
vn 0.990257 1.21271e-16 -0.139254 
f 458//458 459//459 460//460 
f 461//461 460//460 462//462 
f 463//463 462//462 464//464 
f 465//465 464//464 466//466 
f 467//467 466//466 468//468 
f 469//469 468//468 470//470 
f 471//471 470//470 472//472 
f 473//473 472//472 474//474 
f 475//475 474//474 476//476 
f 477//477 476//476 478//478 
f 479//479 478//478 480//480 
f 481//481 480//480 482//482 
f 483//483 482//482 484//484 
f 485//485 484//484 486//486 
f 487//487 486//486 488//488 
f 488//488 489//489 487//487 
f 486//486 487//487 485//485 
f 484//484 485//485 483//483 
f 482//482 483//483 481//481 
f 480//480 481//481 479//479 
f 478//478 479//479 477//477 
f 476//476 477//477 475//475 
f 474//474 475//475 473//473 
f 472//472 473//473 471//471 
f 470//470 471//471 469//469 
f 468//468 469//469 467//467 
f 466//466 467//467 465//465 
f 464//464 465//465 463//463 
f 462//462 463//463 461//461 
f 460//460 461//461 458//458 
v 0.00684571 -0.00425 -0.00694253 
v 0.0117952 -0.00425 -0.00763854 
v 0.0117952 0.00375 -0.00763854 
v 0.00684571 0.00375 -0.00694253 
vn 0.139254 1.70537e-17 0.990257 
vn 0.139254 1.70537e-17 0.990257 
vn 0.139254 1.70537e-17 0.990257 
vn 0.139254 1.70537e-17 0.990257 
f 490//490 491//491 492//492 
f 492//492 493//493 490//490 
v 0.00946922 0.00375 -0.00956573 
v 0.0115608 0.00375 -0.00964824 
v 0.0115608 -0.00425 -0.00964824 
v 0.00738052 0.00375 -0.00970292 
v 0.00946922 -0.00425 -0.00956573 
v 0.00531771 0.00375 -0.0100583 
v 0.00738052 -0.00425 -0.00970292 
v 0.00330351 0.00375 -0.010628 
v 0.00531771 -0.00425 -0.0100583 
v 0.00136013 0.00375 -0.0114056 
v 0.00330351 -0.00425 -0.010628 
v -0.000491032 0.00375 -0.0123827 
v 0.00136013 -0.00425 -0.0114056 
v -0.00222957 0.00375 -0.0135485 
v -0.000491032 -0.00425 -0.0123827 
v -0.00383633 0.00375 -0.0148901 
v -0.00222957 -0.00425 -0.0135485 
v -0.0052936 0.00375 -0.0163927 
v -0.00383633 -0.00425 -0.0148901 
v -0.00658534 0.00375 -0.0180398 
v -0.0052936 -0.00425 -0.0163927 
v -0.00658534 -0.00425 -0.0180398 
vn 0.0130804 1.60189e-18 -0.999914 
vn -0.0918074 0 -0.995777 
vn -0.0918074 0 -0.995777 
vn 0.117824 1.44293e-17 -0.993034 
vn 0.0130804 1.60189e-18 -0.999914 
vn 0.22127 2.70977e-17 -0.975213 
vn 0.117824 1.44293e-17 -0.993034 
vn 0.322277 3.94676e-17 -0.946645 
vn 0.22127 2.70977e-17 -0.975213 
vn 0.419734 5.14025e-17 -0.907647 
vn 0.322277 3.94676e-17 -0.946645 
vn 0.512565 6.27711e-17 -0.858648 
vn 0.419734 5.14025e-17 -0.907647 
vn 0.599749 7.3448e-17 -0.800188 
vn 0.512565 6.27711e-17 -0.858648 
vn 0.680324 8.33157e-17 -0.732911 
vn 0.599749 7.3448e-17 -0.800188 
vn 0.753403 9.22653e-17 -0.657559 
vn 0.680324 8.33157e-17 -0.732911 
vn 0.818181 8.69925e-17 -0.574961 
vn 0.753403 9.22653e-17 -0.657559 
vn 0.818181 8.69925e-17 -0.574961 
f 494//494 495//495 496//496 
f 497//497 494//494 498//498 
f 499//499 497//497 500//500 
f 501//501 499//499 502//502 
f 503//503 501//501 504//504 
f 505//505 503//503 506//506 
f 507//507 505//505 508//508 
f 509//509 507//507 510//510 
f 511//511 509//509 512//512 
f 513//513 511//511 514//514 
f 514//514 515//515 513//513 
f 512//512 514//514 511//511 
f 510//510 512//512 509//509 
f 508//508 510//510 507//507 
f 506//506 508//508 505//505 
f 504//504 506//506 503//503 
f 502//502 504//504 501//501 
f 500//500 502//502 499//499 
f 498//498 500//500 497//497 
f 496//496 498//498 494//494 
v 0.00642426 0.00375 -0.00594651 
v 0.0064675 0.00375 -0.00589355 
v 0.0064675 -0.00425 -0.00589355 
v 0.006387 0.00375 -0.00600384 
v 0.00642426 -0.00425 -0.00594651 
v 0.00635617 0.00375 -0.00606488 
v 0.006387 -0.00425 -0.00600384 
v 0.00633213 0.00375 -0.00612889 
v 0.00635617 -0.00425 -0.00606488 
v 0.00631517 0.00375 -0.00619512 
v 0.00633213 -0.00425 -0.00612889 
v 0.00630548 0.00375 -0.00626281 
v 0.00631517 -0.00425 -0.00619512 
v 0.00630317 0.00375 -0.00633114 
v 0.00630548 -0.00425 -0.00626281 
v 0.00630828 0.00375 -0.00639933 
v 0.00630317 -0.00425 -0.00633114 
v 0.00632074 0.00375 -0.00646656 
v 0.00630828 -0.00425 -0.00639933 
v 0.00634041 0.00375 -0.00653204 
v 0.00632074 -0.00425 -0.00646656 
v 0.00636706 0.00375 -0.00659501 
v 0.00634041 -0.00425 -0.00653204 
v 0.00640037 0.00375 -0.00665473 
v 0.00636706 -0.00425 -0.00659501 
v 0.00643994 0.00375 -0.00671048 
v 0.00640037 -0.00425 -0.00665473 
v 0.00648533 0.00375 -0.00676163 
v 0.00643994 -0.00425 -0.00671048 
v 0.00653598 0.00375 -0.00680755 
v 0.00648533 -0.00425 -0.00676163 
v 0.00659131 0.00375 -0.00684772 
v 0.00653598 -0.00425 -0.00680755 
v 0.00665067 0.00375 -0.00688167 
v 0.00659131 -0.00425 -0.00684772 
v 0.00671335 0.00375 -0.00690898 
v 0.00665067 -0.00425 -0.00688167 
v 0.00677862 0.00375 -0.00692935 
v 0.00671335 -0.00425 -0.00690898 
v 0.00684571 0.00375 -0.00694253 
v 0.00677862 -0.00425 -0.00692935 
v 0.00684571 -0.00425 -0.00694253 
vn 0.807736 9.89191e-17 -0.589544 
vn 0.739143 0 -0.673548 
vn 0.739143 0 -0.673548 
vn 0.866828 1.06156e-16 -0.498606 
vn 0.807736 9.89191e-17 -0.589544 
vn 0.915726 1.12144e-16 -0.401804 
vn 0.866828 1.06156e-16 -0.498606 
vn 0.953852 1.16813e-16 -0.300276 
vn 0.915726 1.12144e-16 -0.401804 
vn 0.98076 1.20109e-16 -0.195216 
vn 0.953852 1.16813e-16 -0.300276 
vn 0.996133 1.21991e-16 -0.0878595 
vn 0.98076 1.20109e-16 -0.195216 
vn 0.999789 1.22439e-16 0.02053 
vn 0.996133 1.21991e-16 -0.0878595 
vn 0.991686 1.21447e-16 0.128678 
vn 0.999789 1.22439e-16 0.02053 
vn 0.97192 1.19026e-16 0.235313 
vn 0.991686 1.21447e-16 0.128678 
vn 0.940722 1.15205e-16 0.339179 
vn 0.97192 1.19026e-16 0.235313 
vn 0.898459 1.1003e-16 0.439057 
vn 0.940722 1.15205e-16 0.339179 
vn 0.845629 1.0356e-16 0.533771 
vn 0.898459 1.1003e-16 0.439057 
vn 0.782853 9.58719e-17 0.622206 
vn 0.845629 1.0356e-16 0.533771 
vn 0.71087 8.70565e-17 0.703323 
vn 0.782853 9.58719e-17 0.622206 
vn 0.630525 7.72171e-17 0.776169 
vn 0.71087 8.70565e-17 0.703323 
vn 0.542765 6.64695e-17 0.839885 
vn 0.630525 7.72171e-17 0.776169 
vn 0.448621 5.49402e-17 0.893722 
vn 0.542765 6.64695e-17 0.839885 
vn 0.3492 4.27646e-17 0.937048 
vn 0.448621 5.49402e-17 0.893722 
vn 0.245672 3.00861e-17 0.969353 
vn 0.3492 4.27646e-17 0.937048 
vn 0.139254 0 0.990257 
vn 0.245672 3.00861e-17 0.969353 
vn 0.139254 0 0.990257 
f 516//516 517//517 518//518 
f 519//519 516//516 520//520 
f 521//521 519//519 522//522 
f 523//523 521//521 524//524 
f 525//525 523//523 526//526 
f 527//527 525//525 528//528 
f 529//529 527//527 530//530 
f 531//531 529//529 532//532 
f 533//533 531//531 534//534 
f 535//535 533//533 536//536 
f 537//537 535//535 538//538 
f 539//539 537//537 540//540 
f 541//541 539//539 542//542 
f 543//543 541//541 544//544 
f 545//545 543//543 546//546 
f 547//547 545//545 548//548 
f 549//549 547//547 550//550 
f 551//551 549//549 552//552 
f 553//553 551//551 554//554 
f 555//555 553//553 556//556 
f 556//556 557//557 555//555 
f 554//554 556//556 553//553 
f 552//552 554//554 551//551 
f 550//550 552//552 549//549 
f 548//548 550//550 547//547 
f 546//546 548//548 545//545 
f 544//544 546//546 543//543 
f 542//542 544//544 541//541 
f 540//540 542//542 539//539 
f 538//538 540//540 537//537 
f 536//536 538//538 535//535 
f 534//534 536//536 533//533 
f 532//532 534//534 531//531 
f 530//530 532//532 529//529 
f 528//528 530//530 527//527 
f 526//526 528//528 525//525 
f 524//524 526//526 523//523 
f 522//522 524//524 521//521 
f 520//520 522//522 519//519 
f 518//518 520//520 516//516 
v 0.0064675 -0.00425 -0.00589355 
v 0.0064675 0.00375 -0.00589355 
v 0.00706278 0.00375 -0.00516524 
v 0.00706278 -0.00425 -0.00516524 
v 0.00757643 0.00375 -0.00437723 
v 0.00757643 -0.00425 -0.00437723 
v 0.00800253 0.00375 -0.00353864 
v 0.00800253 -0.00425 -0.00353864 
v 0.00833615 0.00375 -0.00265915 
v 0.00833615 -0.00425 -0.00265915 
v 0.00857343 0.00375 -0.00174894 
v 0.00857343 -0.00425 -0.00174894 
v 0.00871163 0.00375 -0.000818509 
v 0.00871163 -0.00425 -0.000818509 
v 0.00874916 0.00375 0.000121378 
v 0.00874916 -0.00425 0.000121378 
v 0.00868557 0.00375 0.00105986 
v 0.00868557 -0.00425 0.00105986 
v 0.00852161 0.00375 0.0019861 
v 0.00852161 -0.00425 0.0019861 
v 0.00825918 0.00375 0.00288938 
v 0.00825918 -0.00425 0.00288938 
v 0.00790129 0.00375 0.00375927 
v 0.00790129 -0.00425 0.00375927 
v 0.00745209 0.00375 0.00458572 
v 0.00745209 -0.00425 0.00458572 
v 0.00691677 0.00375 0.00535918 
v 0.00691677 -0.00425 0.00535918 
v 0.00630152 0.00375 0.0060707 
v 0.00630152 -0.00425 0.0060707 
v 0.00561344 0.00375 0.00671206 
v 0.00561344 -0.00425 0.00671206 
v 0.0048605 0.00375 0.00727586 
v 0.0048605 -0.00425 0.00727586 
v 0.00405138 0.00375 0.00775557 
v 0.00405138 -0.00425 0.00775557 
v 0.00319544 0.00375 0.00814565 
v 0.00319544 -0.00425 0.00814565 
v 0.00230258 0.00375 0.0084416 
v 0.00230258 -0.00425 0.0084416 
v 0.0013831 0.00375 0.00864 
v 0.0013831 -0.00425 0.00864 
v 0.000447641 0.00375 0.00873854 
v 0.000447641 -0.00425 0.00873854 
v -0.000492992 0.00375 0.0087361 
v -0.000492992 -0.00425 0.0087361 
v -0.00142793 0.00375 0.0086327 
v -0.00142793 -0.00425 0.0086327 
v -0.00234636 0.00375 0.00842954 
v -0.00234636 -0.00425 0.00842954 
v -0.00323768 0.00375 0.00812896 
v -0.00323768 -0.00425 0.00812896 
v -0.00409158 0.00375 0.00773443 
v -0.00409158 -0.00425 0.00773443 
v -0.0048982 0.00375 0.00725053 
v -0.0048982 -0.00425 0.00725053 
v -0.00564821 0.00375 0.00668283 
v -0.00564821 -0.00425 0.00668283 
v -0.00633294 0.00375 0.00603791 
v -0.00633294 -0.00425 0.00603791 
v -0.0069445 0.00375 0.0053232 
v -0.0069445 -0.00425 0.0053232 
v -0.00747579 0.00375 0.00454698 
v -0.00747579 -0.00425 0.00454698 
v -0.00792069 0.00375 0.00371821 
v -0.00792069 -0.00425 0.00371821 
vn 0.739143 0 -0.673548 
vn 0.739143 0 -0.673548 
vn 0.807175 9.88504e-17 -0.590313 
vn 0.807175 9.88504e-17 -0.590313 
vn 0.865878 1.0604e-16 -0.500255 
vn 0.865878 1.0604e-16 -0.500255 
vn 0.914575 1.12003e-16 -0.404416 
vn 0.914575 1.12003e-16 -0.404416 
vn 0.952703 1.16672e-16 -0.303903 
vn 0.952703 1.16672e-16 -0.303903 
vn 0.979821 1.19993e-16 -0.199878 
vn 0.979821 1.19993e-16 -0.199878 
vn 0.995615 1.21928e-16 -0.0935438 
vn 0.995615 1.21928e-16 -0.0935438 
vn 0.999904 1.22453e-16 0.0138718 
vn 0.999904 1.22453e-16 0.0138718 
vn 0.992637 1.21563e-16 0.121127 
vn 0.992637 1.21563e-16 0.121127 
vn 0.973899 1.19268e-16 0.226983 
vn 0.973899 1.19268e-16 0.226983 
vn 0.943906 1.15595e-16 0.330215 
vn 0.943906 1.15595e-16 0.330215 
vn 0.903004 1.10586e-16 0.429631 
vn 0.903004 1.10586e-16 0.429631 
vn 0.851667 1.04299e-16 0.524083 
vn 0.851667 1.04299e-16 0.524083 
vn 0.790488 9.68069e-17 0.612477 
vn 0.790488 9.68069e-17 0.612477 
vn 0.720174 8.81958e-17 0.693794 
vn 0.720174 8.81958e-17 0.693794 
vn 0.641537 7.85656e-17 0.767093 
vn 0.641537 7.85656e-17 0.767093 
vn 0.555485 6.80273e-17 0.831526 
vn 0.555485 6.80273e-17 0.831526 
vn 0.463015 5.6703e-17 0.886351 
vn 0.463015 5.6703e-17 0.886351 
vn 0.365193 4.47233e-17 0.930932 
vn 0.365193 4.47233e-17 0.930932 
vn 0.263152 3.22268e-17 0.964755 
vn 0.263152 3.22268e-17 0.964755 
vn 0.158069 1.93578e-17 0.987428 
vn 0.158069 1.93578e-17 0.987428 
vn 0.0511589 6.26516e-18 0.998691 
vn 0.0511589 6.26516e-18 0.998691 
vn -0.0563419 -6.89989e-18 0.998412 
vn -0.0563419 -6.89989e-18 0.998412 
vn -0.163192 -1.99852e-17 0.986594 
vn -0.163192 -1.99852e-17 0.986594 
vn -0.268155 -3.28396e-17 0.963376 
vn -0.268155 -3.28396e-17 0.963376 
vn -0.37002 -4.53144e-17 0.929024 
vn -0.37002 -4.53144e-17 0.929024 
vn -0.467609 -5.72656e-17 0.883935 
vn -0.467609 -5.72656e-17 0.883935 
vn -0.559794 -6.8555e-17 0.828632 
vn -0.559794 -6.8555e-17 0.828632 
vn -0.645509 -7.90521e-17 0.763752 
vn -0.645509 -7.90521e-17 0.763752 
vn -0.723765 -8.86357e-17 0.690046 
vn -0.723765 -8.86357e-17 0.690046 
vn -0.793657 -9.71949e-17 0.608366 
vn -0.793657 -9.71949e-17 0.608366 
vn -0.854376 -1.04631e-16 0.519655 
vn -0.854376 -1.04631e-16 0.519655 
vn -0.905222 -1.10858e-16 0.424939 
vn -0.905222 -1.10858e-16 0.424939 
f 558//558 559//559 560//560 
f 561//561 560//560 562//562 
f 563//563 562//562 564//564 
f 565//565 564//564 566//566 
f 567//567 566//566 568//568 
f 569//569 568//568 570//570 
f 571//571 570//570 572//572 
f 573//573 572//572 574//574 
f 575//575 574//574 576//576 
f 577//577 576//576 578//578 
f 579//579 578//578 580//580 
f 581//581 580//580 582//582 
f 583//583 582//582 584//584 
f 585//585 584//584 586//586 
f 587//587 586//586 588//588 
f 589//589 588//588 590//590 
f 591//591 590//590 592//592 
f 593//593 592//592 594//594 
f 595//595 594//594 596//596 
f 597//597 596//596 598//598 
f 599//599 598//598 600//600 
f 601//601 600//600 602//602 
f 603//603 602//602 604//604 
f 605//605 604//604 606//606 
f 607//607 606//606 608//608 
f 609//609 608//608 610//610 
f 611//611 610//610 612//612 
f 613//613 612//612 614//614 
f 615//615 614//614 616//616 
f 617//617 616//616 618//618 
f 619//619 618//618 620//620 
f 621//621 620//620 622//622 
f 622//622 623//623 621//621 
f 620//620 621//621 619//619 
f 618//618 619//619 617//617 
f 616//616 617//617 615//615 
f 614//614 615//615 613//613 
f 612//612 613//613 611//611 
f 610//610 611//611 609//609 
f 608//608 609//609 607//607 
f 606//606 607//607 605//605 
f 604//604 605//605 603//603 
f 602//602 603//603 601//601 
f 600//600 601//601 599//599 
f 598//598 599//599 597//597 
f 596//596 597//597 595//595 
f 594//594 595//595 593//593 
f 592//592 593//593 591//591 
f 590//590 591//591 589//589 
f 588//588 589//589 587//587 
f 586//586 587//587 585//585 
f 584//584 585//585 583//583 
f 582//582 583//583 581//581 
f 580//580 581//581 579//579 
f 578//578 579//579 577//577 
f 576//576 577//577 575//575 
f 574//574 575//575 573//573 
f 572//572 573//573 571//571 
f 570//570 571//571 569//569 
f 568//568 569//569 567//567 
f 566//566 567//567 565//565 
f 564//564 565//565 563//563 
f 562//562 563//563 561//561 
f 560//560 561//561 558//558 
v -0.0143881 0.00375 -0.029094 
v -0.0145515 0.00375 -0.0293735 
v -0.0145607 0.0064827 -0.0293684 
v -0.0142557 0.00375 -0.0287985 
v -0.0144118 0.00733649 -0.0290817 
v -0.0141559 0.00375 -0.0284904 
v -0.014263 0.00819024 -0.028795 
v -0.0142326 0.00836482 -0.0287363 
v -0.0142239 0.0084666 -0.0286958 
v -0.01409 0.00375 -0.0281734 
v -0.0141786 0.00899556 -0.0284852 
v -0.0140586 0.00375 -0.0278511 
v -0.0140873 0.010061 -0.028061 
v -0.0140651 0.0103206 -0.0279577 
v -0.0141106 0.009789 -0.0281693 
v -0.0140621 0.00375 -0.0275273 
v -0.0140666 0.0105509 -0.027851 
v -0.0141005 0.00375 -0.0272057 
v -0.0140715 0.0113135 -0.0274981 
v -0.0140728 0.0115194 -0.0274028 
v -0.0140711 0.0112499 -0.0275275 
v -0.0141733 0.00375 -0.0268902 
v -0.0141381 0.0122021 -0.027044 
v -0.0141517 0.0123445 -0.0269691 
v -0.0141084 0.0118916 -0.0272071 
v -0.0142797 0.00375 -0.0265844 
v -0.0142342 0.0127757 -0.0267136 
v -0.0142596 0.0129085 -0.0266348 
v -0.0141768 0.0124758 -0.0268913 
v -0.0144185 0.00375 -0.0262918 
v -0.0143448 0.0131976 -0.0264425 
v -0.0143721 0.0132902 -0.0263808 
v -0.0142816 0.0129831 -0.0265852 
v -0.014588 0.00375 -0.0260159 
v -0.0144601 0.0135047 -0.0262207 
v -0.014485 0.0135653 -0.0261754 
v -0.0145829 0.0137455 -0.026024 
v -0.0144204 0.013408 -0.0262929 
v -0.0147862 0.00375 -0.0257598 
v -0.0146891 0.0139005 -0.0258783 
v -0.0146928 0.0139056 -0.0258734 
v -0.0145881 0.0137551 -0.026016 
v -0.0145913 0.0137609 -0.026011 
v -0.0150109 0.00375 -0.0255266 
v -0.0148803 0.0140925 -0.025656 
v -0.0149678 0.0141513 -0.0255675 
v -0.0147887 0.0140127 -0.0257569 
v -0.0148801 0.0140924 -0.0256562 
v -0.0147882 0.0140121 -0.0257576 
v -0.0147863 0.01401 -0.0257599 
v -0.0149693 0.014152 -0.0255662 
v -0.0152594 0.00375 -0.025319 
v -0.0151614 0.0142288 -0.0253959 
v -0.0152193 0.0142415 -0.0253495 
v -0.0150662 0.0141986 -0.0254767 
v -0.0151365 0.0142234 -0.025416 
v -0.0150113 0.0141731 -0.025527 
v -0.015053 0.014194 -0.0254881 
v -0.0152565 0.014245 -0.0253217 
v -0.0153309 0.00375 -0.0252671 
v -0.0152596 0.0142453 -0.0253193 
v -0.0153024 0.0142495 -0.0252874 
v -0.0146012 0.00375 -0.0294466 
v -0.0146012 0.00625 -0.0294466 
v -0.0153309 0.01425 -0.0252671 
vn 0.889242 1.08901e-16 -0.457437 
vn 0.834758 1.02228e-16 -0.550617 
vn 0.834615 1.4456e-16 -0.550834 
vn 0.933365 1.14304e-16 -0.358928 
vn 0.889253 1.4456e-16 -0.457417 
vn 0.966614 1.18376e-16 -0.256237 
vn 0.933442 1.0842e-16 -0.358728 
vn 0.941068 1.0842e-16 -0.338217 
vn 0.94562 1.0842e-16 -0.325275 
vn 0.988601 1.21069e-16 -0.15056 
vn 0.966547 1.18302e-16 -0.256491 
vn 0.99907 1.22351e-16 -0.043129 
vn 0.99353 1.4456e-16 -0.113568 
vn 0.996901 1.4456e-16 -0.0786602 
vn 0.988647 1.0842e-16 -0.150257 
vn 0.997898 1.22207e-16 0.0648044 
vn 0.999065 1.4456e-16 -0.0432392 
vn 0.9851 1.2064e-16 0.171983 
vn 0.997205 1.4456e-16 0.0747119 
vn 0.994334 1.4456e-16 0.106301 
vn 0.997891 1.4456e-16 0.064915 
vn 0.960825 1.17667e-16 0.277157 
vn 0.97407 1.4456e-16 0.226245 
vn 0.968028 1.4456e-16 0.250844 
vn 0.985102 1.4456e-16 0.171969 
vn 0.925355 1.13323e-16 0.379103 
vn 0.9417 1.4456e-16 0.336453 
vn 0.932067 0 0.362286 
vn 0.960833 1.4456e-16 0.277129 
vn 0.879103 1.07659e-16 0.476631 
vn 0.904374 0 0.42674 
vn 0.894562 0 0.446944 
vn 0.92536 0 0.379089 
vn 0.82261 1.00741e-16 0.568607 
vn 0.865684 0 0.500592 
vn 0.856935 0 0.515425 
vn 0.824421 0 0.565977 
vn 0.879105 0 0.476628 
vn 0.756532 9.26484e-17 0.653957 
vn 0.788934 0 0.614479 
vn 0.787677 0 0.616088 
vn 0.822609 0 0.568608 
vn 0.8215 0 0.570208 
vn 0.681639 8.34767e-17 0.731688 
vn 0.725174 0 0.688566 
vn 0.695983 0 0.718058 
vn 0.755702 0 0.654915 
vn 0.725231 0 0.688506 
vn 0.755881 0 0.65471 
vn 0.756531 0 0.653958 
vn 0.695512 0 0.718514 
vn 0.598805 7.33325e-17 0.800895 
vn 0.631539 0 0.775344 
vn 0.612164 0 0.790731 
vn 0.663261 0 0.748388 
vn 0.639765 0 0.76857 
vn 0.681639 0 0.731688 
vn 0.667588 0 0.744531 
vn 0.599861 0 0.800104 
vn 0.574961 0 0.818181 
vn 0.598805 0 0.800895 
vn 0.584455 0 0.811426 
vn 0.818181 0 -0.574961 
vn 0.818181 1.4456e-16 -0.574961 
vn 0.574961 0 0.818181 
f 624//624 625//625 626//626 
f 627//627 624//624 628//628 
f 629//629 627//627 630//630 
f 630//630 631//631 629//629 
f 631//631 632//632 629//629 
f 633//633 629//629 634//634 
f 635//635 636//636 637//637 
f 635//635 633//633 638//638 
f 638//638 636//636 635//635 
f 639//639 635//635 640//640 
f 641//641 642//642 643//643 
f 641//641 639//639 644//644 
f 644//644 642//642 641//641 
f 645//645 646//646 647//647 
f 645//645 641//641 648//648 
f 648//648 646//646 645//645 
f 649//649 650//650 651//651 
f 649//649 645//645 652//652 
f 652//652 650//650 649//649 
f 653//653 654//654 655//655 
f 653//653 649//649 656//656 
f 656//656 654//654 653//653 
f 657//657 658//658 659//659 
f 659//659 660//660 657//657 
f 657//657 653//653 661//661 
f 661//661 658//658 657//657 
f 662//662 663//663 664//664 
f 662//662 657//657 665//665 
f 665//665 666//666 662//662 
f 666//666 663//663 662//662 
f 667//667 668//668 669//669 
f 667//667 670//670 671//671 
f 667//667 672//672 670//670 
f 671//671 668//668 667//667 
f 667//667 662//662 673//673 
f 673//673 672//672 667//667 
f 669//669 674//674 667//667 
f 675//675 676//676 677//677 
f 675//675 678//678 679//679 
f 679//679 676//676 675//675 
f 675//675 667//667 680//680 
f 680//680 681//681 675//675 
f 681//681 678//678 675//675 
f 677//677 682//682 675//675 
f 683//683 675//675 684//684 
f 684//684 685//685 683//683 
f 625//625 686//686 687//687 
f 687//687 626//626 625//625 
f 685//685 688//688 683//683 
f 682//682 684//684 675//675 
f 674//674 680//680 667//667 
f 664//664 673//673 662//662 
f 660//660 665//665 657//657 
f 655//655 661//661 653//653 
f 651//651 656//656 649//649 
f 647//647 652//652 645//645 
f 643//643 648//648 641//641 
f 640//640 644//644 639//639 
f 637//637 640//640 635//635 
f 634//634 638//638 633//633 
f 632//632 634//634 629//629 
f 628//628 630//630 627//627 
f 626//626 628//628 624//624 
v -0.0170676 0.00375 -0.0240467 
v -0.0170676 0.01425 -0.0240467 
v -0.017345 0.01425 -0.0238736 
v -0.017345 0.00375 -0.0238736 
v -0.0176395 0.01425 -0.0237317 
v -0.0176395 0.00375 -0.0237317 
v -0.0179477 0.01425 -0.0236226 
v -0.0179477 0.00375 -0.0236226 
v -0.0182659 0.01425 -0.0235478 
v -0.0182659 0.00375 -0.0235478 
v -0.0185904 0.01425 -0.023508 
v -0.0185904 0.00375 -0.023508 
v -0.0189173 0.01425 -0.0235038 
v -0.0189173 0.00375 -0.0235038 
v -0.0192427 0.01425 -0.0235352 
v -0.0192427 0.00375 -0.0235352 
v -0.0195628 0.01425 -0.0236018 
v -0.0195628 0.00375 -0.0236018 
v -0.0198737 0.01425 -0.0237028 
v -0.0198737 0.00375 -0.0237028 
v -0.0201718 0.01425 -0.0238371 
v -0.0201718 0.00375 -0.0238371 
v -0.0204535 0.01425 -0.024003 
v -0.0204535 0.00375 -0.024003 
v -0.0207155 0.01425 -0.0241986 
v -0.0207155 0.00375 -0.0241986 
v -0.0209546 0.01425 -0.0244215 
v -0.0209546 0.00375 -0.0244215 
v -0.0211681 0.01425 -0.0246691 
v -0.0211681 0.00375 -0.0246691 
v -0.0213533 0.01425 -0.0249385 
v -0.0213533 0.00375 -0.0249385 
v -0.0215082 0.01425 -0.0252264 
v -0.0215082 0.00375 -0.0252264 
vn 0.574961 0 0.818181 
vn 0.574961 0 0.818181 
vn 0.482518 5.90914e-17 0.875886 
vn 0.482518 5.90914e-17 0.875886 
vn 0.384345 4.70687e-17 0.923189 
vn 0.384345 4.70687e-17 0.923189 
vn 0.281609 3.44871e-17 0.959529 
vn 0.281609 3.44871e-17 0.959529 
vn 0.175527 2.14959e-17 0.984475 
vn 0.175527 2.14959e-17 0.984475 
vn 0.0673618 8.24944e-18 0.997729 
vn 0.0673618 8.24944e-18 0.997729 
vn -0.0416038 -5.095e-18 0.999134 
vn -0.0416038 -5.095e-18 0.999134 
vn -0.150075 -1.83789e-17 0.988675 
vn -0.150075 -1.83789e-17 0.988675 
vn -0.256765 -3.14446e-17 0.966474 
vn -0.256765 -3.14446e-17 0.966474 
vn -0.360405 -4.41369e-17 0.932796 
vn -0.360405 -4.41369e-17 0.932796 
vn -0.459765 -5.6305e-17 0.888041 
vn -0.459765 -5.6305e-17 0.888041 
vn -0.553665 -6.78044e-17 0.832739 
vn -0.553665 -6.78044e-17 0.832739 
vn -0.64099 -7.84987e-17 0.767549 
vn -0.64099 -7.84987e-17 0.767549 
vn -0.720703 -8.82607e-17 0.693244 
vn -0.720703 -8.82607e-17 0.693244 
vn -0.791858 -9.69746e-17 0.610706 
vn -0.791858 -9.69746e-17 0.610706 
vn -0.853608 -1.04537e-16 0.520915 
vn -0.853608 -1.04537e-16 0.520915 
vn -0.905222 0 0.424939 
vn -0.905222 0 0.424939 
f 689//689 690//690 691//691 
f 692//692 691//691 693//693 
f 694//694 693//693 695//695 
f 696//696 695//695 697//697 
f 698//698 697//697 699//699 
f 700//700 699//699 701//701 
f 702//702 701//701 703//703 
f 704//704 703//703 705//705 
f 706//706 705//705 707//707 
f 708//708 707//707 709//709 
f 710//710 709//709 711//711 
f 712//712 711//711 713//713 
f 714//714 713//713 715//715 
f 716//716 715//715 717//717 
f 718//718 717//717 719//719 
f 720//720 719//719 721//721 
f 721//721 722//722 720//720 
f 719//719 720//720 718//718 
f 717//717 718//718 716//716 
f 715//715 716//716 714//714 
f 713//713 714//714 712//712 
f 711//711 712//712 710//710 
f 709//709 710//710 708//708 
f 707//707 708//708 706//706 
f 705//705 706//706 704//704 
f 703//703 704//704 702//702 
f 701//701 702//702 700//700 
f 699//699 700//700 698//698 
f 697//697 698//698 696//696 
f 695//695 696//696 694//694 
f 693//693 694//694 692//692 
f 691//691 692//692 689//689 
v -0.0170676 0.00375 -0.0240467 
v -0.0153309 0.00375 -0.0252671 
v -0.0153309 0.01425 -0.0252671 
v -0.0170676 0.01425 -0.0240467 
vn 0.574961 7.04124e-17 0.818181 
vn 0.574961 7.04124e-17 0.818181 
vn 0.574961 7.04124e-17 0.818181 
vn 0.574961 7.04124e-17 0.818181 
f 723//723 724//724 725//725 
f 725//725 726//726 723//723 
v -0.0189491 0.01425 -0.0304159 
v -0.0152596 0.0142453 -0.0253193 
v -0.0152565 0.014245 -0.0253217 
v -0.0153309 0.01425 -0.0252671 
v -0.0153024 0.0142495 -0.0252874 
v -0.0188616 0.0142444 -0.0304773 
v -0.0152193 0.0142415 -0.0253495 
v -0.0151614 0.0142288 -0.0253959 
v -0.0187748 0.0142305 -0.0305383 
v -0.0151365 0.0142234 -0.025416 
v -0.0150662 0.0141986 -0.0254767 
v -0.0186729 0.0142005 -0.0306099 
v -0.015053 0.014194 -0.0254881 
v -0.0186606 0.0141952 -0.0306186 
v -0.0150113 0.0141731 -0.025527 
v -0.0149693 0.014152 -0.0255662 
v -0.0185659 0.0141538 -0.0306851 
v -0.0149678 0.0141513 -0.0255675 
v -0.0148803 0.0140925 -0.025656 
v -0.0184641 0.0140943 -0.0307567 
v -0.0148801 0.0140924 -0.0256562 
v -0.0184507 0.0140845 -0.0307661 
v -0.0147887 0.0140127 -0.0257569 
v -0.0147882 0.0140121 -0.0257576 
v -0.0183547 0.0140135 -0.0308336 
v -0.0182318 0.0139013 -0.0309199 
v -0.0147863 0.01401 -0.0257599 
v -0.0146928 0.0139056 -0.0258734 
v -0.0182156 0.0138833 -0.0309313 
v -0.0145881 0.0137551 -0.026016 
v -0.0145829 0.0137455 -0.026024 
v -0.0146891 0.0139005 -0.0258783 
v -0.0145913 0.0137609 -0.026011 
v -0.0180922 0.0137461 -0.031018 
v -0.014485 0.0135653 -0.0261754 
v -0.0144601 0.0135047 -0.0262207 
v -0.0179145 0.0135034 -0.0311429 
v -0.0143721 0.0132902 -0.0263808 
v -0.0143448 0.0131976 -0.0264425 
v -0.0144204 0.013408 -0.0262929 
v -0.0177335 0.0132001 -0.0312701 
v -0.0179163 0.0135063 -0.0311416 
v -0.0142596 0.0129085 -0.0266348 
v -0.0142342 0.0127757 -0.0267136 
v -0.0142816 0.0129831 -0.0265852 
v -0.0175279 0.0127741 -0.0314146 
v -0.0141517 0.0123445 -0.0269691 
v -0.0141381 0.0122021 -0.027044 
v -0.0141768 0.0124758 -0.0268913 
v -0.0173099 0.0122055 -0.0315677 
v -0.01753 0.0127794 -0.0314131 
v -0.0140728 0.0115194 -0.0274028 
v -0.0140715 0.0113135 -0.0274981 
v -0.0141084 0.0118916 -0.0272071 
v -0.0170478 0.011303 -0.0317519 
v -0.0140651 0.0103206 -0.0279577 
v -0.0140873 0.010061 -0.028061 
v -0.0140666 0.0105509 -0.027851 
v -0.0140711 0.0112499 -0.0275275 
v -0.0167913 0.0100642 -0.0319322 
v -0.0141786 0.00899556 -0.0284852 
v -0.0142239 0.0084666 -0.0286958 
v -0.0141106 0.009789 -0.0281693 
v -0.0165894 0.00844358 -0.0320741 
v -0.0145607 0.0064827 -0.0293684 
v -0.0146012 0.00625 -0.0294466 
v -0.0144118 0.00733649 -0.0290817 
v -0.0165904 0.00846768 -0.0320734 
v -0.014263 0.00819024 -0.028795 
v -0.0142326 0.00836482 -0.0287363 
v -0.0164945 0.00625 -0.0321407 
v -0.0170506 0.0113165 -0.03175 
v -0.0188735 0.0142464 -0.030469 
vn -4.86638e-17 1 -6.92497e-17 
vn 0.0618265 0.997141 -0.0434474 
vn 0.0645952 0.996879 -0.045393 
vn -4.86638e-17 1 -6.92497e-17 
vn 0.0243897 0.999556 -0.0171394 
vn 0.0747932 0.995813 -0.0525595 
vn 0.0969939 0.992948 -0.0681605 
vn 0.148581 0.983373 -0.104412 
vn 0.148581 0.983373 -0.104412 
vn 0.170383 0.978077 -0.119733 
vn 0.232663 0.958716 -0.163499 
vn 0.232663 0.958716 -0.163499 
vn 0.243923 0.954526 -0.171412 
vn 0.242667 0.955004 -0.170529 
vn 0.280741 0.939289 -0.197285 
vn 0.315666 0.922577 -0.221828 
vn 0.315666 0.922577 -0.221828 
vn 0.31686 0.921965 -0.222667 
vn 0.387928 0.880452 -0.272609 
vn 0.387928 0.880452 -0.272609 
vn 0.388086 0.880348 -0.27272 
vn 0.397071 0.874342 -0.279034 
vn 0.455719 0.830519 -0.320248 
vn 0.456108 0.8302 -0.320521 
vn 0.456108 0.8302 -0.320521 
vn 0.519613 0.772443 -0.365148 
vn 0.457636 0.828943 -0.321595 
vn 0.517306 0.774753 -0.363527 
vn 0.527379 0.764541 -0.370605 
vn 0.575301 0.711045 -0.404282 
vn 0.578078 0.707673 -0.406233 
vn 0.519613 0.772443 -0.365148 
vn 0.573466 0.713256 -0.402992 
vn 0.578078 0.707673 -0.406233 
vn 0.624196 0.646508 -0.438642 
vn 0.635996 0.629094 -0.446934 
vn 0.636535 0.62828 -0.447312 
vn 0.670932 0.572322 -0.471484 
vn 0.682522 0.551471 -0.479629 
vn 0.65298 0.602541 -0.458869 
vn 0.682522 0.551471 -0.479629 
vn 0.635996 0.629094 -0.446934 
vn 0.712238 0.492145 -0.500511 
vn 0.722667 0.468882 -0.50784 
vn 0.705415 0.506611 -0.495716 
vn 0.723058 0.467981 -0.508115 
vn 0.749284 0.401651 -0.526545 
vn 0.755612 0.383536 -0.530991 
vn 0.742326 0.420511 -0.521655 
vn 0.755612 0.383536 -0.530991 
vn 0.722667 0.468882 -0.50784 
vn 0.77763 0.310914 -0.546464 
vn 0.782255 0.293072 -0.549714 
vn 0.767078 0.347877 -0.539049 
vn 0.782538 0.291941 -0.549913 
vn 0.798477 0.218144 -0.561114 
vn 0.801486 0.200981 -0.563229 
vn 0.79542 0.234231 -0.558966 
vn 0.783592 0.287688 -0.550654 
vn 0.801486 0.200981 -0.563229 
vn 0.81065 0.135365 -0.569669 
vn 0.813505 0.106757 -0.571675 
vn 0.804305 0.183393 -0.565209 
vn 0.813614 0.105517 -0.571751 
vn 0.81813 0.0111445 -0.574925 
vn 0.818181 0 -0.574961 
vn 0.817101 0.0513719 -0.574201 
vn 0.813505 0.106757 -0.571675 
vn 0.814661 0.0926602 -0.572487 
vn 0.813959 0.101463 -0.571993 
vn 0.818181 0 -0.574961 
vn 0.782255 0.293072 -0.549714 
vn 0.0645952 0.996879 -0.045393 
f 727//727 728//728 729//729 
f 727//727 730//730 731//731 
f 731//731 728//728 727//727 
f 732//732 733//733 734//734 
f 732//732 729//729 733//733 
f 734//734 735//735 732//732 
f 735//735 736//736 737//737 
f 735//735 734//734 736//736 
f 738//738 737//737 739//739 
f 740//740 741//741 742//742 
f 740//740 739//739 741//741 
f 742//742 743//743 740//740 
f 743//743 744//744 745//745 
f 743//743 742//742 744//744 
f 746//746 745//745 747//747 
f 748//748 749//749 750//750 
f 748//748 747//747 749//749 
f 750//750 751//751 748//748 
f 752//752 753//753 754//754 
f 751//751 750//750 753//753 
f 753//753 752//752 751//751 
f 755//755 756//756 757//757 
f 755//755 758//758 759//759 
f 759//759 756//756 755//755 
f 757//757 760//760 755//755 
f 760//760 761//761 762//762 
f 760//760 757//757 761//761 
f 763//763 764//764 765//765 
f 763//763 766//766 764//764 
f 765//765 767//767 763//763 
f 768//768 762//762 766//766 
f 767//767 769//769 770//770 
f 767//767 771//771 769//769 
f 767//767 765//765 771//771 
f 772//772 773//773 774//774 
f 772//772 775//775 773//773 
f 774//774 776//776 772//772 
f 777//777 770//770 775//775 
f 776//776 778//778 779//779 
f 776//776 780//780 778//778 
f 776//776 774//774 780//780 
f 781//781 782//782 783//783 
f 781//781 784//784 782//782 
f 781//781 785//785 784//784 
f 781//781 779//779 785//785 
f 783//783 786//786 781//781 
f 786//786 787//787 788//788 
f 786//786 783//783 789//789 
f 789//789 787//787 786//786 
f 790//790 791//791 792//792 
f 793//793 791//791 790//790 
f 794//794 795//795 793//793 
f 790//790 794//794 793//793 
f 794//794 788//788 796//796 
f 796//796 795//795 794//794 
f 792//792 797//797 790//790 
f 788//788 794//794 786//786 
f 781//781 798//798 779//779 
f 779//779 798//798 776//776 
f 772//772 777//777 775//775 
f 770//770 777//777 767//767 
f 763//763 768//768 766//766 
f 762//762 768//768 760//760 
f 755//755 752//752 758//758 
f 754//754 758//758 752//752 
f 747//747 748//748 746//746 
f 745//745 746//746 743//743 
f 739//739 740//740 738//738 
f 737//737 738//738 735//735 
f 732//732 799//799 729//729 
f 729//729 799//799 727//727 
v -0.0215082 0.01425 -0.0252264 
v -0.0264901 -0.00380914 -0.0358392 
v -0.0263812 -0.00391058 -0.0356072 
v -0.0263705 -0.00391806 -0.0355844 
v -0.0265984 -0.00368906 -0.0360698 
v -0.0265209 -0.00378046 -0.0359048 
v -0.0266936 -0.00355824 -0.0362725 
v -0.0266262 -0.00365624 -0.0361291 
v -0.0260963 -0.00408814 -0.0350003 
v -0.0259634 -0.00415231 -0.0347171 
v -0.026238 -0.00401096 -0.0353021 
v -0.0261978 -0.00403915 -0.0352164 
v -0.0257936 -0.00419827 -0.0343554 
v -0.0256784 -0.00422944 -0.03411 
v -0.0259497 -0.00415601 -0.034688 
v -0.0269296 -0.00281271 -0.0367754 
v -0.0269253 -0.00287989 -0.0367662 
v -0.0256361 -0.00423295 -0.03402 
v -0.0267735 -0.00341759 -0.0364429 
v -0.0267652 -0.00343535 -0.0364251 
v -0.0269166 -0.00295549 -0.0367477 
v -0.0269068 -0.00301781 -0.0367268 
v -0.02693 -0.00279417 -0.0367762 
v -0.0267054 -0.003541 -0.0362978 
v -0.0268855 -0.00311436 -0.0366815 
v -0.0268716 -0.00316761 -0.0366518 
v -0.0268917 -0.00309066 -0.0366947 
v -0.0269178 -0.00294792 -0.0367502 
v -0.0254749 -0.00424635 -0.0336765 
v -0.0254309 -0.00425 -0.0335828 
v -0.0268452 -0.00324985 -0.0365955 
v -0.0268377 -0.00326899 -0.0365796 
v -0.0268106 -0.00333867 -0.0365218 
v -0.0269309 0.01425 -0.0367782 
v -0.0269309 -0.00275 -0.0367782 
v -0.00792069 -0.00425 0.00371821 
v -0.00792069 0.00375 0.00371821 
v -0.0215082 0.00375 -0.0252264 
vn -0.905222 -1.10858e-16 0.424939 
vn -0.905222 -1.10858e-16 0.424939 
vn -0.905222 -1.10858e-16 0.424939 
vn -0.905222 -1.10858e-16 0.424939 
vn -0.905222 -1.10858e-16 0.424939 
vn -0.905222 -1.10858e-16 0.424939 
vn -0.905222 -1.10858e-16 0.424939 
vn -0.905222 -1.10858e-16 0.424939 
vn -0.905222 -1.10858e-16 0.424939 
vn -0.905222 -1.10858e-16 0.424939 
vn -0.905222 -1.10858e-16 0.424939 
vn -0.905222 -1.10858e-16 0.424939 
vn -0.905222 -1.10858e-16 0.424939 
vn -0.905222 -1.10858e-16 0.424939 
vn -0.905222 -1.10858e-16 0.424939 
vn -0.905222 -1.10858e-16 0.424939 
vn -0.905222 -1.10858e-16 0.424939 
vn -0.905222 -1.10858e-16 0.424939 
vn -0.905222 -1.10858e-16 0.424939 
vn -0.905222 -1.10858e-16 0.424939 
vn -0.905222 -1.10858e-16 0.424939 
vn -0.905222 -1.10858e-16 0.424939 
vn -0.905222 -1.10858e-16 0.424939 
vn -0.905222 -1.10858e-16 0.424939 
vn -0.905222 -1.10858e-16 0.424939 
vn -0.905222 -1.10858e-16 0.424939 
vn -0.905222 -1.10858e-16 0.424939 
vn -0.905222 -1.10858e-16 0.424939 
vn -0.905222 -1.10858e-16 0.424939 
vn -0.905222 -1.10858e-16 0.424939 
vn -0.905222 -1.10858e-16 0.424939 
vn -0.905222 -1.10858e-16 0.424939 
vn -0.905222 -1.10858e-16 0.424939 
vn -0.905222 -1.10858e-16 0.424939 
vn -0.905222 -1.10858e-16 0.424939 
vn -0.905222 -1.10858e-16 0.424939 
vn -0.905222 -1.10858e-16 0.424939 
vn -0.905222 -1.10858e-16 0.424939 
f 800//800 801//801 802//802 
f 802//802 803//803 800//800 
f 800//800 804//804 805//805 
f 805//805 801//801 800//800 
f 800//800 806//806 807//807 
f 800//800 808//808 809//809 
f 800//800 810//810 811//811 
f 807//807 804//804 800//800 
f 800//800 812//812 813//813 
f 809//809 814//814 800//800 
f 803//803 810//810 800//800 
f 800//800 815//815 816//816 
f 813//813 817//817 800//800 
f 811//811 808//808 800//800 
f 800//800 818//818 819//819 
f 800//800 820//820 821//821 
f 800//800 822//822 815//815 
f 814//814 812//812 800//800 
f 819//819 823//823 800//800 
f 800//800 824//824 825//825 
f 821//821 826//826 800//800 
f 816//816 827//827 800//800 
f 800//800 828//828 829//829 
f 823//823 806//806 800//800 
f 825//825 830//830 800//800 
f 827//827 820//820 800//800 
f 817//817 828//828 800//800 
f 800//800 831//831 832//832 
f 826//826 824//824 800//800 
f 800//800 833//833 834//834 
f 832//832 818//818 800//800 
f 834//834 822//822 800//800 
f 830//830 831//831 800//800 
f 835//835 836//836 837//837 
f 837//837 829//829 835//835 
f 829//829 837//837 800//800 
v -0.0269309 -0.00275 -0.0367782 
v -0.0269309 0.01425 -0.0367782 
v -0.0269309 0.01425 -0.0533154 
v -0.0269309 -0.00275 -0.0533154 
vn -1 -1.22465e-16 -2.07793e-16 
vn -1 -1.22465e-16 -2.07793e-16 
vn -1 -1.22465e-16 -2.07793e-16 
vn -1 -1.22465e-16 -2.07793e-16 
f 838//838 839//839 840//840 
f 840//840 841//841 838//838 
v -0.0254309 -0.00425 -0.0528154 
v -0.0254309 -0.00425 -0.0335828 
v -0.0254749 -0.00424635 -0.0336765 
v -0.0254751 -0.0042493 -0.0528301 
v -0.0254741 -0.00424938 -0.0528298 
v -0.0256361 -0.00423295 -0.03402 
v -0.0256364 -0.00423546 -0.0528839 
v -0.0256288 -0.00423689 -0.0528813 
v -0.0255044 -0.00424693 -0.0528399 
v -0.0257229 -0.00421914 -0.0529127 
v -0.0256506 -0.00423277 -0.0528886 
v -0.0256784 -0.00422944 -0.03411 
v -0.0257953 -0.00420469 -0.0529368 
v -0.0257883 -0.0042068 -0.0529345 
v -0.0258654 -0.00418342 -0.0529602 
v -0.0257936 -0.00419827 -0.0343554 
v -0.0259497 -0.00415601 -0.034688 
v -0.0259499 -0.00415691 -0.0529884 
v -0.0259426 -0.00416003 -0.0529859 
v -0.0259634 -0.00415231 -0.0347171 
v -0.0260985 -0.0040927 -0.0530379 
v -0.0260897 -0.00409757 -0.053035 
v -0.026004 -0.00413398 -0.0530064 
v -0.0261978 -0.00403915 -0.0352164 
v -0.0262014 -0.00403548 -0.0530722 
v -0.0261371 -0.00407123 -0.0530508 
v -0.026238 -0.00401096 -0.0353021 
v -0.0262392 -0.00401279 -0.0530848 
v -0.0262281 -0.00402063 -0.0530811 
v -0.0260963 -0.00408814 -0.0350003 
v -0.0263705 -0.00391806 -0.0355844 
v -0.0263705 -0.00391816 -0.0531286 
v -0.0263563 -0.00393054 -0.0531238 
v -0.0262635 -0.00399576 -0.0530929 
v -0.0263812 -0.00391058 -0.0356072 
v -0.0264908 -0.00380991 -0.0531687 
v -0.0264732 -0.00382875 -0.0531628 
v -0.0263818 -0.00390832 -0.0531324 
v -0.0264901 -0.00380914 -0.0358392 
v -0.0265209 -0.00378046 -0.0359048 
v -0.0265986 -0.00368935 -0.0532046 
v -0.0265898 -0.00370105 -0.0532017 
v -0.0265411 -0.00375603 -0.0531855 
v -0.0265779 -0.00371668 -0.0531977 
v -0.0264909 -0.00380979 -0.0531687 
v -0.0265984 -0.00368906 -0.0360698 
v -0.0266262 -0.00365624 -0.0361291 
v -0.0266929 -0.00355789 -0.0532361 
v -0.0266697 -0.00359578 -0.0532283 
v -0.0266343 -0.0036424 -0.0532165 
v -0.0267652 -0.00343535 -0.0364251 
v -0.0267735 -0.00341759 -0.0364429 
v -0.0267725 -0.00341708 -0.0532626 
v -0.0267482 -0.00346742 -0.0532545 
v -0.0267161 -0.00352003 -0.0532438 
v -0.0266936 -0.00355824 -0.0362725 
v -0.0267054 -0.003541 -0.0362978 
v -0.0268106 -0.00333867 -0.0365218 
v -0.0268377 -0.00326899 -0.0365796 
v -0.0268365 -0.00326855 -0.0532839 
v -0.026813 -0.00333291 -0.0532761 
v -0.0267854 -0.00339017 -0.0532669 
v -0.0268716 -0.00316761 -0.0366518 
v -0.0268855 -0.00311436 -0.0366815 
v -0.0268842 -0.00311402 -0.0532998 
v -0.0268639 -0.00319349 -0.053293 
v -0.0268417 -0.00325426 -0.0532856 
v -0.0268452 -0.00324985 -0.0365955 
v -0.0269068 -0.00301781 -0.0367268 
v -0.0269166 -0.00295549 -0.0367477 
v -0.0269151 -0.00295527 -0.0533101 
v -0.0269129 -0.0029696 -0.0533094 
v -0.0269005 -0.00305035 -0.0533053 
v -0.0268843 -0.00311363 -0.0532999 
v -0.0268917 -0.00309066 -0.0366947 
v -0.0269286 -0.00279409 -0.0533146 
v -0.0269253 -0.00287989 -0.0367662 
v -0.0269296 -0.00281271 -0.0367754 
v -0.0269271 -0.00282345 -0.0533141 
v -0.0269229 -0.0029046 -0.0533127 
v -0.0269178 -0.00294792 -0.0367502 
v -0.02693 -0.00279417 -0.0367762 
v -0.0269309 -0.00275 -0.0367782 
v -0.0269309 -0.00275 -0.0533154 
vn -1.9763e-15 -1 0 
vn -1.9763e-15 -1 0 
vn -0.0293702 -0.999569 0 
vn -0.0294465 -0.999566 0 
vn -0.0287921 -0.999585 0 
vn -0.137089 -0.990559 0 
vn -0.137 -0.990571 0 
vn -0.131903 -0.991263 0 
vn -0.0490246 -0.998798 0 
vn -0.194926 -0.980818 0 
vn -0.14659 -0.989197 0 
vn -0.164986 -0.986296 0 
vn -0.242969 -0.970034 0 
vn -0.238258 -0.971202 0 
vn -0.29009 -0.956999 0 
vn -0.242917 -0.970047 0 
vn -0.346171 -0.938171 0 
vn -0.346105 -0.938196 0 
vn -0.341117 -0.940021 0 
vn -0.354988 -0.934871 0 
vn -0.445208 -0.895427 0 
vn -0.439221 -0.898379 0 
vn -0.382557 -0.923932 0 
vn -0.511248 -0.859433 0 
vn -0.514103 -0.857728 0 
vn -0.471388 -0.881926 0 
vn -0.539088 -0.84225 0 
vn -0.539123 -0.842227 0 
vn -0.53146 -0.847084 0 
vn -0.44525 -0.895406 0 
vn -0.626797 -0.779182 0 
vn -0.626757 -0.779215 0 
vn -0.616919 -0.787027 0 
vn -0.555657 -0.831412 0 
vn -0.633529 -0.773719 0 
vn -0.70709 -0.707124 0 
vn -0.69484 -0.719165 0 
vn -0.634504 -0.77292 0 
vn -0.707134 -0.70708 -2.89121e-16 
vn -0.726682 -0.686974 -2.89121e-16 
vn -0.779186 -0.626793 0 
vn -0.773008 -0.634396 0 
vn -0.741014 -0.67149 0 
vn -0.764643 -0.644455 0 
vn -0.707167 -0.707046 0 
vn -0.779216 -0.626756 -2.89121e-16 
vn -0.796863 -0.60416 -2.89121e-16 
vn -0.842206 -0.539156 0 
vn -0.825873 -0.563856 0 
vn -0.803241 -0.595654 0 
vn -0.88952 -0.456897 -2.89121e-16 
vn -0.895417 -0.445228 -2.89121e-16 
vn -0.895414 -0.445234 0 
vn -0.878208 -0.478279 0 
vn -0.857804 -0.513977 0 
vn -0.842225 -0.539126 -2.89121e-16 
vn -0.849659 -0.527332 -2.89121e-16 
vn -0.919775 -0.392447 -2.89121e-16 
vn -0.938193 -0.346112 -2.89121e-16 
vn -0.93819 -0.346121 0 
vn -0.921404 -0.388607 0 
vn -0.904111 -0.427297 0 
vn -0.960464 -0.278404 -1.4456e-16 
vn -0.970032 -0.242977 -1.4456e-16 
vn -0.970033 -0.242974 0 
vn -0.955293 -0.295659 0 
vn -0.941656 -0.336578 0 
vn -0.942844 -0.333234 -2.89121e-16 
vn -0.983932 -0.178541 -1.4456e-16 
vn -0.99057 -0.13701 -1.4456e-16 
vn -0.990572 -0.136996 0 
vn -0.9892 -0.146572 0 
vn -0.979748 -0.200234 0 
vn -0.970099 -0.242709 0 
vn -0.97387 -0.227108 -1.4456e-16 
vn -0.999567 -0.0294241 0 
vn -0.996244 -0.0865938 -1.4456e-16 
vn -0.999126 -0.0418035 -1.4456e-16 
vn -0.998797 -0.0490347 0 
vn -0.994675 -0.103064 0 
vn -0.991257 -0.131945 -1.4456e-16 
vn -0.999566 -0.0294497 -1.4456e-16 
vn -1 1.54909e-32 -1.4456e-16 
vn -1 1.54909e-32 -1.4456e-16 
f 842//842 843//843 844//844 
f 844//844 845//845 846//846 
f 845//845 844//844 847//847 
f 847//847 848//848 849//849 
f 849//849 850//850 847//847 
f 847//847 851//851 852//852 
f 851//851 847//847 853//853 
f 853//853 854//854 855//855 
f 853//853 855//855 851//851 
f 852//852 848//848 847//847 
f 856//856 857//857 858//858 
f 858//858 859//859 860//860 
f 858//858 860//860 856//856 
f 859//859 858//858 861//861 
f 861//861 862//862 863//863 
f 863//863 864//864 861//861 
f 861//861 864//864 859//859 
f 865//865 866//866 867//867 
f 866//866 865//865 868//868 
f 868//868 869//869 870//870 
f 868//868 870//870 866//866 
f 862//862 871//871 865//865 
f 869//869 868//868 872//872 
f 872//872 873//873 874//874 
f 874//874 875//875 872//872 
f 873//873 872//872 876//876 
f 876//876 877//877 878//878 
f 878//878 879//879 876//876 
f 876//876 879//879 873//873 
f 877//877 880//880 881//881 
f 881//881 882//882 883//883 
f 883//883 884//884 881//881 
f 883//883 885//885 884//884 
f 884//884 886//886 881//881 
f 881//881 886//886 877//877 
f 882//882 887//887 888//888 
f 888//888 889//889 890//890 
f 890//890 891//891 888//888 
f 888//888 891//891 882//882 
f 889//889 892//892 893//893 
f 893//893 894//894 895//895 
f 895//895 896//896 893//893 
f 889//889 897//897 898//898 
f 898//898 892//892 889//889 
f 894//894 899//899 900//900 
f 900//900 901//901 902//902 
f 902//902 903//903 900//900 
f 894//894 893//893 899//899 
f 901//901 904//904 905//905 
f 905//905 906//906 907//907 
f 907//907 908//908 905//905 
f 901//901 900//900 909//909 
f 909//909 904//904 901//901 
f 906//906 910//910 911//911 
f 911//911 912//912 913//913 
f 913//913 914//914 911//911 
f 914//914 915//915 911//911 
f 906//906 905//905 916//916 
f 916//916 910//910 906//906 
f 917//917 918//918 919//919 
f 911//911 920//920 921//921 
f 920//920 911//911 922//922 
f 922//922 917//917 920//920 
f 921//921 912//912 911//911 
f 922//922 918//918 917//917 
f 917//917 923//923 924//924 
f 924//924 925//925 917//917 
f 919//919 923//923 917//917 
f 911//911 915//915 906//906 
f 905//905 908//908 901//901 
f 900//900 903//903 894//894 
f 893//893 896//896 889//889 
f 888//888 897//897 889//889 
f 881//881 887//887 882//882 
f 876//876 880//880 877//877 
f 872//872 875//875 869//869 
f 867//867 862//862 865//865 
f 861//861 871//871 862//862 
f 856//856 854//854 857//857 
f 853//853 857//857 854//854 
f 847//847 850//850 845//845 
f 844//844 846//846 842//842 
v -0.0269305 0.01425 -0.0533448 
v -0.0269253 -0.00275 -0.0534201 
v -0.0269283 -0.00275 -0.0533644 
v -0.0269215 0.01425 -0.0534524 
v -0.0269202 -0.00275 -0.0534522 
v -0.0269093 -0.00275 -0.0535203 
v -0.0269186 -0.00275 -0.053462 
v -0.0269009 0.01425 -0.0535584 
v -0.0268993 -0.00275 -0.0535579 
v -0.0268826 -0.00275 -0.0536209 
v -0.0268993 -0.00275 -0.0535582 
v -0.0268691 0.01425 -0.0536615 
v -0.0268675 -0.00275 -0.0536609 
v -0.0268263 0.01425 -0.0537606 
v -0.0268249 -0.00275 -0.0537599 
v -0.0268453 -0.00275 -0.0537194 
v -0.0267731 0.01425 -0.0538545 
v -0.026772 -0.00275 -0.0538538 
v -0.0267979 -0.00275 -0.0538135 
v -0.0267101 0.01425 -0.0539422 
v -0.0267091 -0.00275 -0.0539413 
v -0.0267418 -0.00275 -0.0539008 
v -0.0266368 -0.00275 -0.0540212 
v -0.0266783 -0.00275 -0.0539795 
v -0.026638 0.01425 -0.0540225 
v -0.0266368 -0.00275 -0.0540213 
v -0.026564 -0.00275 -0.0540864 
v -0.0266073 -0.00275 -0.0540509 
v -0.0265577 0.01425 -0.0540946 
v -0.0265562 -0.00275 -0.0540927 
v -0.026485 -0.00275 -0.0541442 
v -0.0265287 -0.00275 -0.0541152 
v -0.0264701 0.01425 -0.0541576 
v -0.0264684 -0.00275 -0.0541552 
v -0.0263761 0.01425 -0.0542108 
v -0.0263747 -0.00275 -0.054208 
v -0.0264416 -0.00275 -0.054173 
v -0.026277 0.01425 -0.0542536 
v -0.0262759 -0.00275 -0.0542509 
v -0.0263471 -0.00275 -0.0542225 
v -0.0261739 0.01425 -0.0542854 
v -0.0261733 -0.00275 -0.0542832 
v -0.0262473 -0.00275 -0.0542623 
v -0.0260772 -0.00275 -0.0543028 
v -0.0261445 -0.00275 -0.0542913 
v -0.0260679 0.01425 -0.054306 
v -0.0260677 -0.00275 -0.0543044 
v -0.0259604 0.01425 -0.054315 
v -0.0259603 -0.00275 -0.0543144 
v -0.0259799 -0.00275 -0.0543131 
v -0.0260409 -0.00275 -0.054309 
v -0.0259309 0.01425 -0.0543154 
v -0.025931 -0.00275 -0.0543154 
v -0.0259475 -0.00275 -0.0543152 
v -0.0269309 0.01425 -0.0533154 
v -0.0269293 -0.00275 -0.0533448 
v -0.0269309 -0.00275 -0.0533154 
vn -0.999566 -1.22412e-16 -0.0294482 
vn -0.994499 0 -0.104744 
vn -0.998795 0 -0.0490684 
vn -0.990569 -1.2131e-16 -0.137012 
vn -0.990573 0 -0.136985 
vn -0.978755 0 -0.205035 
vn -0.989166 0 -0.146804 
vn -0.970031 -1.18795e-16 -0.24298 
vn -0.970037 0 -0.242957 
vn -0.952144 0 -0.305649 
vn -0.969974 0 -0.243209 
vn -0.938191 -1.14895e-16 -0.346117 
vn -0.938197 0 -0.346103 
vn -0.895421 -1.09657e-16 -0.445221 
vn -0.895424 0 -0.445214 
vn -0.914684 0 -0.40417 
vn -0.842217 -1.03142e-16 -0.539138 
vn -0.842219 0 -0.539136 
vn -0.867105 0 -0.498125 
vn -0.779201 -9.54246e-17 -0.626774 
vn -0.779202 0 -0.626773 
vn -0.810793 0 -0.585332 
vn -0.707167 0 -0.707047 
vn -0.747501 0 -0.664261 
vn -0.707107 -8.65956e-17 -0.707107 
vn -0.707104 0 -0.70711 
vn -0.634597 0 -0.772843 
vn -0.676886 0 -0.736088 
vn -0.626774 -7.67577e-17 -0.779201 
vn -0.626758 0 -0.779214 
vn -0.5558 0 -0.831316 
vn -0.598652 0 -0.801009 
vn -0.539138 -6.60254e-17 -0.842217 
vn -0.5391 0 -0.842242 
vn -0.445221 -5.45239e-17 -0.895421 
vn -0.445161 0 -0.895451 
vn -0.511618 0 -0.859213 
vn -0.346117 -4.23871e-17 -0.938191 
vn -0.346045 0 -0.938218 
vn -0.417061 0 -0.908878 
vn -0.24298 -2.97565e-17 -0.970031 
vn -0.242913 0 -0.970048 
vn -0.316957 0 -0.94844 
vn -0.146583 0 -0.989198 
vn -0.213764 0 -0.976885 
vn -0.137012 -1.67792e-17 -0.990569 
vn -0.136963 0 -0.990576 
vn -0.0294482 -3.60636e-18 -0.999566 
vn -0.0294267 0 -0.999567 
vn -0.0490259 0 -0.998798 
vn -0.110015 0 -0.99393 
vn -7.88825e-09 0 -1 
vn -4.32112e-05 0 -1 
vn -0.0166142 0 -0.999862 
vn -1 0 0 
vn -0.999567 0 -0.02942 
vn -1 0 -1.53974e-11 
f 926//926 927//927 928//928 
f 929//929 930//930 927//927 
f 927//927 926//926 929//929 
f 929//929 931//931 932//932 
f 933//933 934//934 931//931 
f 931//931 929//929 933//933 
f 933//933 935//935 936//936 
f 937//937 938//938 935//935 
f 935//935 933//933 937//937 
f 939//939 940//940 941//941 
f 941//941 937//937 939//939 
f 942//942 943//943 944//944 
f 944//944 939//939 942//942 
f 945//945 946//946 947//947 
f 947//947 942//942 945//945 
f 945//945 948//948 949//949 
f 950//950 951//951 948//948 
f 948//948 945//945 950//950 
f 950//950 952//952 953//953 
f 954//954 955//955 952//952 
f 952//952 950//950 954//954 
f 954//954 956//956 957//957 
f 958//958 959//959 956//956 
f 956//956 954//954 958//958 
f 960//960 961//961 962//962 
f 962//962 958//958 960//960 
f 963//963 964//964 965//965 
f 965//965 960//960 963//963 
f 966//966 967//967 968//968 
f 968//968 963//963 966//966 
f 966//966 969//969 970//970 
f 971//971 972//972 969//969 
f 969//969 966//966 971//971 
f 973//973 974//974 975//975 
f 975//975 971//971 973//973 
f 975//975 976//976 971//971 
f 977//977 978//978 979//979 
f 979//979 973//973 977//977 
f 980//980 926//926 981//981 
f 981//981 982//982 980//980 
f 979//979 974//974 973//973 
f 976//976 972//972 971//971 
f 970//970 967//967 966//966 
f 968//968 964//964 963//963 
f 965//965 961//961 960//960 
f 962//962 959//959 958//958 
f 957//957 955//955 954//954 
f 953//953 951//951 950//950 
f 949//949 946//946 945//945 
f 947//947 943//943 942//942 
f 944//944 940//940 939//939 
f 941//941 938//938 937//937 
f 936//936 934//934 933//933 
f 932//932 930//930 929//929 
f 928//928 981//981 926//926 
v -0.0265577 0.01425 -0.0540946 
v -0.0268263 0.01425 -0.0537606 
v -0.0268691 0.01425 -0.0536615 
v -0.0267731 0.01425 -0.0538545 
v -0.026638 0.01425 -0.0540225 
v -0.0269009 0.01425 -0.0535584 
v -0.0269215 0.01425 -0.0534524 
v -0.0267101 0.01425 -0.0539422 
v -0.0269305 0.01425 -0.0533448 
v -0.026277 0.01425 -0.0542536 
v -0.0263761 0.01425 -0.0542108 
v -0.0189491 0.01425 -0.0304159 
v -0.0207155 0.01425 -0.0241986 
v -0.0204535 0.01425 -0.024003 
v -0.0264701 0.01425 -0.0541576 
v -0.0261739 0.01425 -0.0542854 
v -0.0176395 0.01425 -0.0237317 
v -0.017345 0.01425 -0.0238736 
v -0.0182659 0.01425 -0.0235478 
v -0.0179477 0.01425 -0.0236226 
v -0.0198737 0.01425 -0.0237028 
v -0.0195628 0.01425 -0.0236018 
v -0.0201718 0.01425 -0.0238371 
v -0.0259604 0.01425 -0.054315 
v -0.0260679 0.01425 -0.054306 
v -0.0192427 0.01425 -0.0235352 
v -0.0189173 0.01425 -0.0235038 
v -0.0185904 0.01425 -0.023508 
v -0.0211681 0.01425 -0.0246691 
v -0.0209546 0.01425 -0.0244215 
v -0.0259309 0.01425 -0.0543154 
v -0.0215082 0.01425 -0.0252264 
v -0.0201272 0.01425 -0.0322803 
v -0.0207915 0.01425 -0.0335986 
v -0.0213533 0.01425 -0.0249385 
v -0.0269309 0.01425 -0.0367782 
v -0.0211227 0.01425 -0.0342559 
v -0.0216674 0.01425 -0.0356569 
v -0.0269309 0.01425 -0.0533154 
v -0.0231309 0.01425 -0.04364 
v -0.0231309 0.01425 -0.0543154 
v -0.0219323 0.01425 -0.0363381 
v -0.0223416 0.01425 -0.0377898 
v -0.0225419 0.01425 -0.0385003 
v -0.0228079 0.01425 -0.0399775 
v -0.0197196 0.01425 -0.0316352 
v -0.0170676 0.01425 -0.0240467 
v -0.0231201 0.01425 -0.0429445 
v -0.0229402 0.01425 -0.0407128 
v -0.0230601 0.01425 -0.0422001 
v -0.0153309 0.01425 -0.0252671 
vn -1.22465e-16 1 0 
vn -1.22465e-16 1 0 
vn -1.22465e-16 1 0 
vn -1.22465e-16 1 0 
vn -1.22465e-16 1 0 
vn -1.22465e-16 1 0 
vn -1.22465e-16 1 0 
vn -1.22465e-16 1 0 
vn -1.22465e-16 1 0 
vn -1.22465e-16 1 0 
vn -1.22465e-16 1 0 
vn -1.22465e-16 1 0 
vn -1.22465e-16 1 0 
vn -1.22465e-16 1 0 
vn -1.22465e-16 1 0 
vn -1.22465e-16 1 0 
vn -1.22465e-16 1 0 
vn -1.22465e-16 1 0 
vn -1.22465e-16 1 0 
vn -1.22465e-16 1 0 
vn -1.22465e-16 1 0 
vn -1.22465e-16 1 0 
vn -1.22465e-16 1 0 
vn -1.22465e-16 1 0 
vn -1.22465e-16 1 0 
vn -1.22465e-16 1 0 
vn -1.22465e-16 1 0 
vn -1.22465e-16 1 0 
vn -1.22465e-16 1 0 
vn -1.22465e-16 1 0 
vn -1.22465e-16 1 0 
vn -1.22465e-16 1 0 
vn -1.22465e-16 1 0 
vn -1.22465e-16 1 0 
vn -1.22465e-16 1 0 
vn -1.22465e-16 1 0 
vn -1.22465e-16 1 0 
vn -1.22465e-16 1 0 
vn -1.22465e-16 1 0 
vn -1.22465e-16 1 0 
vn -1.22465e-16 1 0 
vn -1.22465e-16 1 0 
vn -1.22465e-16 1 0 
vn -1.22465e-16 1 0 
vn -1.22465e-16 1 0 
vn -1.22465e-16 1 0 
vn -1.22465e-16 1 0 
vn -1.22465e-16 1 0 
vn -1.22465e-16 1 0 
vn -1.22465e-16 1 0 
vn -1.22465e-16 1 0 
f 983//983 984//984 985//985 
f 983//983 986//986 984//984 
f 986//986 983//983 987//987 
f 983//983 988//988 989//989 
f 987//987 990//990 986//986 
f 985//985 988//988 983//983 
f 991//991 992//992 993//993 
f 994//994 995//995 996//996 
f 991//991 997//997 983//983 
f 991//991 998//998 992//992 
f 994//994 999//999 1000//1000 
f 994//994 1001//1001 1002//1002 
f 994//994 1003//1003 1004//1004 
f 996//996 1005//1005 994//994 
f 993//993 997//997 991//991 
f 991//991 1006//1006 1007//1007 
f 1002//1002 999//999 994//994 
f 994//994 1008//1008 1009//1009 
f 1005//1005 1003//1003 994//994 
f 1007//1007 998//998 991//991 
f 994//994 1010//1010 1001//1001 
f 1004//1004 1008//1008 994//994 
f 994//994 1011//1011 1012//1012 
f 991//991 1013//1013 1006//1006 
f 1014//1014 1015//1015 1016//1016 
f 1009//1009 1010//1010 994//994 
f 994//994 1017//1017 1011//1011 
f 989//989 991//991 983//983 
f 1018//1018 1019//1019 1020//1020 
f 1016//1016 1018//1018 1014//1014 
f 1012//1012 995//995 994//994 
f 1021//1021 1018//1018 1022//1022 
f 1021//1021 1023//1023 1013//1013 
f 1018//1018 1024//1024 1025//1025 
f 1016//1016 1019//1019 1018//1018 
f 994//994 1014//1014 1017//1017 
f 991//991 1021//1021 1013//1013 
f 1018//1018 1026//1026 1027//1027 
f 1020//1020 1024//1024 1018//1018 
f 1014//1014 994//994 1028//1028 
f 1000//1000 1029//1029 994//994 
f 1018//1018 1030//1030 1022//1022 
f 1018//1018 1031//1031 1032//1032 
f 1025//1025 1026//1026 1018//1018 
f 1029//1029 1033//1033 994//994 
f 1032//1032 1030//1030 1018//1018 
f 1028//1028 1015//1015 1014//1014 
f 1027//1027 1031//1031 1018//1018 
f 1022//1022 1023//1023 1021//1021 
v -0.0199834 0.00844363 -0.0404364 
v -0.0198694 0.00625 -0.0404163 
v -0.0200879 0.00625 -0.0423283 
v -0.0202043 0.00844363 -0.0423842 
v -0.0195755 0.00844363 -0.0385191 
v -0.0194709 0.00625 -0.038547 
v -0.0189843 0.00844363 -0.03665 
v -0.018888 0.00625 -0.0366993 
v -0.0194682 0.00625 -0.0385341 
v -0.0182155 0.00844363 -0.0348468 
v -0.0181341 0.00625 -0.0349287 
v -0.0181157 0.00625 -0.034895 
v -0.0172761 0.00844363 -0.0331263 
v -0.0172135 0.00625 -0.0332387 
v -0.0171788 0.00625 -0.0331857 
v -0.020448 0.0100459 -0.0423685 
v -0.0202245 0.0100459 -0.0403972 
v -0.0198117 0.0100459 -0.0384568 
v -0.0192134 0.0100459 -0.0365652 
v -0.0184353 0.0100459 -0.0347403 
v -0.0207638 0.0113032 -0.0423481 
v -0.0205368 0.0113032 -0.0403464 
v -0.0201176 0.0113032 -0.038376 
v -0.0195101 0.0113032 -0.0364553 
v -0.0174846 0.0100459 -0.032999 
v -0.01872 0.0113032 -0.0346023 
v -0.021081 0.0121981 -0.0423276 
v -0.0208506 0.0121981 -0.0402954 
v -0.020425 0.0121981 -0.038295 
v -0.0198082 0.0121981 -0.036345 
v -0.0177547 0.0113032 -0.0328342 
v -0.0190061 0.0121981 -0.0344637 
v -0.0213496 0.0127743 -0.0423102 
v -0.0211162 0.0127743 -0.0402522 
v -0.0206852 0.0127743 -0.0382263 
v -0.0200606 0.0127743 -0.0362515 
v -0.018026 0.0121981 -0.0326686 
v -0.0192483 0.0127743 -0.0343462 
v -0.021598 0.0131964 -0.0422942 
v -0.0213619 0.0131964 -0.0402122 
v -0.0209259 0.0131964 -0.0381628 
v -0.0202941 0.0131964 -0.0361651 
v -0.0182557 0.0127743 -0.0325283 
v -0.0194723 0.0131964 -0.0342377 
v -0.0218212 0.0135037 -0.0422798 
v -0.0215826 0.0135037 -0.0401763 
v -0.0211421 0.0135037 -0.0381058 
v -0.0205038 0.0135037 -0.0360874 
v -0.0184682 0.0131964 -0.0323986 
v -0.0196735 0.0135037 -0.0341401 
v -0.0220146 0.0137226 -0.0422673 
v -0.0217739 0.0137226 -0.0401452 
v -0.0213295 0.0137226 -0.0380563 
v -0.0206855 0.0137226 -0.0360201 
v -0.0186591 0.0135037 -0.0322821 
v -0.0198479 0.0137226 -0.0340556 
v -0.0221877 0.0138844 -0.0422561 
v -0.0219452 0.0138844 -0.0401174 
v -0.0214973 0.0138844 -0.0380121 
v -0.0208482 0.0138844 -0.0359599 
v -0.0188245 0.0137226 -0.0321812 
v -0.020004 0.0138844 -0.0339799 
v -0.0223399 0.0140013 -0.0422462 
v -0.0220957 0.0140013 -0.0400929 
v -0.0216448 0.0140013 -0.0379732 
v -0.0209913 0.0140013 -0.0359069 
v -0.0189726 0.0138844 -0.0320907 
v -0.0201413 0.0140013 -0.0339134 
v -0.0224749 0.0140854 -0.0422375 
v -0.0222293 0.0140854 -0.0400712 
v -0.0217756 0.0140854 -0.0379387 
v -0.0211181 0.0140854 -0.0358599 
v -0.0191028 0.0140013 -0.0320113 
v -0.020263 0.0140854 -0.0338544 
v -0.0225999 0.0141473 -0.0422294 
v -0.0223529 0.0141473 -0.0400511 
v -0.0218967 0.0141473 -0.0379067 
v -0.0212356 0.0141473 -0.0358164 
v -0.0192183 0.0140854 -0.0319408 
v -0.0203757 0.0141473 -0.0337998 
v -0.0227313 0.0141961 -0.042221 
v -0.0224828 0.0141961 -0.0400299 
v -0.022024 0.0141961 -0.0378732 
v -0.021359 0.0141961 -0.0357707 
v -0.0193252 0.0141473 -0.0318755 
v -0.0204942 0.0141961 -0.0337424 
v -0.022856 0.0142278 -0.0422129 
v -0.0226062 0.0142278 -0.0400099 
v -0.0221449 0.0142278 -0.0378413 
v -0.0214763 0.0142278 -0.0357273 
v -0.0194375 0.0141961 -0.031807 
v -0.0206067 0.0142278 -0.0336878 
v -0.0229766 0.0142452 -0.0422051 
v -0.0227255 0.0142452 -0.0399905 
v -0.0222617 0.0142452 -0.0378104 
v -0.0215896 0.0142452 -0.0356854 
v -0.0195442 0.0142278 -0.0317418 
v -0.0207154 0.0142452 -0.0336351 
v -0.0200899 0.00625 -0.0423916 
v -0.0201309 0.00625 -0.04364 
v -0.0202481 0.00846767 -0.04364 
v -0.0202469 0.00844361 -0.04364 
v -0.0204937 0.0100643 -0.04364 
v -0.0208106 0.0113166 -0.04364 
v -0.0208072 0.0113032 -0.04364 
v -0.0211275 0.0122055 -0.04364 
v -0.021394 0.0127744 -0.04364 
v -0.0213965 0.0127795 -0.04364 
v -0.0216452 0.0132002 -0.04364 
v -0.0218666 0.0135037 -0.04364 
v -0.0218686 0.0135064 -0.04364 
v -0.0220836 0.0137462 -0.04364 
v -0.0222542 0.0139014 -0.04364 
v -0.0222347 0.0138837 -0.04364 
v -0.0224043 0.0140135 -0.04364 
v -0.022538 0.0140943 -0.04364 
v -0.0225222 0.0140848 -0.04364 
v -0.0226625 0.0141538 -0.04364 
v -0.0227932 0.0142005 -0.04364 
v -0.022779 0.0141954 -0.04364 
v -0.0229177 0.0142304 -0.04364 
v -0.0230384 0.0142463 -0.04364 
v -0.0231309 0.01425 -0.04364 
v -0.0231201 0.01425 -0.0429445 
v -0.0230601 0.01425 -0.0422001 
v -0.0230247 0.0142445 -0.04364 
v -0.0229402 0.01425 -0.0407128 
v -0.0228079 0.01425 -0.0399775 
v -0.0225419 0.01425 -0.0385003 
v -0.0223416 0.01425 -0.0377898 
v -0.0219323 0.01425 -0.0363381 
v -0.0216674 0.01425 -0.0356569 
v -0.0211227 0.01425 -0.0342559 
v -0.0207915 0.01425 -0.0335986 
v -0.0201272 0.01425 -0.0322803 
v -0.0196474 0.0142452 -0.0316789 
v -0.0188735 0.0142464 -0.030469 
v -0.0188616 0.0142444 -0.0304773 
v -0.0197196 0.01425 -0.0316352 
v -0.0189491 0.01425 -0.0304159 
v -0.0187748 0.0142305 -0.0305383 
v -0.0186729 0.0142005 -0.0306099 
v -0.0186606 0.0141952 -0.0306186 
v -0.0185659 0.0141538 -0.0306851 
v -0.0184641 0.0140943 -0.0307567 
v -0.0184507 0.0140845 -0.0307661 
v -0.0183547 0.0140135 -0.0308336 
v -0.0182318 0.0139013 -0.0309199 
v -0.0182156 0.0138833 -0.0309313 
v -0.0180922 0.0137461 -0.031018 
v -0.0179163 0.0135063 -0.0311416 
v -0.0179145 0.0135034 -0.0311429 
v -0.0177335 0.0132001 -0.0312701 
v -0.01753 0.0127794 -0.0314131 
v -0.0175279 0.0127741 -0.0314146 
v -0.0173099 0.0122055 -0.0315677 
v -0.0170506 0.0113165 -0.03175 
v -0.0170478 0.011303 -0.0317519 
v -0.0167913 0.0100642 -0.0319322 
v -0.0165904 0.00846768 -0.0320734 
v -0.0165894 0.00844358 -0.0320741 
v -0.0164945 0.00625 -0.0321407 
vn 0.981518 0.10547 -0.15968 
vn 0.986718 5.9988e-06 -0.162444 
vn 0.997709 5.9988e-06 -0.0676565 
vn 0.99235 0.10547 -0.0641636 
vn 0.961515 0.10547 -0.253705 
vn 0.966907 5.9988e-06 -0.255128 
vn 0.932526 0.10547 -0.345358 
vn 0.937974 5.9988e-06 -0.346705 
vn 0.966745 5.9988e-06 -0.25574 
vn 0.894822 0.10547 -0.433784 
vn 0.900664 5.9988e-06 -0.434517 
vn 0.899841 5.9988e-06 -0.436218 
vn 0.848757 0.10547 -0.518157 
vn 0.855149 5.9988e-06 -0.518383 
vn 0.853518 5.9988e-06 -0.521064 
vn 0.977816 0.199699 -0.0632231 
vn 0.967142 0.199699 -0.157341 
vn 0.947431 0.199699 -0.249988 
vn 0.918867 0.199699 -0.340299 
vn 0.881716 0.199699 -0.42743 
vn 0.954476 0.291833 -0.0617133 
vn 0.944058 0.291833 -0.153584 
vn 0.924818 0.291833 -0.24402 
vn 0.896935 0.291833 -0.332176 
vn 0.836326 0.199699 -0.510567 
vn 0.860671 0.291833 -0.417227 
vn 0.92203 0.382501 -0.0596146 
vn 0.911966 0.382501 -0.148363 
vn 0.89338 0.382501 -0.235724 
vn 0.866445 0.382501 -0.320883 
vn 0.816364 0.291833 -0.49838 
vn 0.831414 0.382501 -0.403043 
vn 0.881963 0.467857 -0.0570234 
vn 0.872336 0.467857 -0.141915 
vn 0.854557 0.467857 -0.22548 
vn 0.828793 0.467857 -0.306938 
vn 0.788614 0.382501 -0.481437 
vn 0.795285 0.467857 -0.385528 
vn 0.833099 0.550496 -0.0538636 
vn 0.824005 0.550496 -0.134052 
vn 0.807212 0.550496 -0.212987 
vn 0.782875 0.550496 -0.289932 
vn 0.754344 0.467857 -0.460516 
vn 0.751223 0.550496 -0.364168 
vn 0.776444 0.628183 -0.0502002 
vn 0.767969 0.628183 -0.124935 
vn 0.752318 0.628183 -0.198503 
vn 0.729637 0.628183 -0.270215 
vn 0.712551 0.550496 -0.435001 
vn 0.700137 0.628183 -0.339403 
vn 0.713799 0.698828 -0.0461496 
vn 0.706008 0.698828 -0.114855 
vn 0.69162 0.698828 -0.182487 
vn 0.670768 0.698828 -0.248414 
vn 0.664095 0.628183 -0.405419 
vn 0.643649 0.698828 -0.312019 
vn 0.643262 0.764516 -0.0415889 
vn 0.636241 0.764516 -0.103505 
vn 0.623274 0.764516 -0.164453 
vn 0.604483 0.764516 -0.223865 
vn 0.610514 0.698828 -0.372708 
vn 0.580043 0.764516 -0.281185 
vn 0.566553 0.823211 -0.0366292 
vn 0.560369 0.823211 -0.0911616 
vn 0.548949 0.823211 -0.144842 
vn 0.532399 0.823211 -0.197169 
vn 0.550183 0.764516 -0.335877 
vn 0.510874 0.823211 -0.247654 
vn 0.484141 0.87443 -0.0313009 
vn 0.478856 0.87443 -0.0779008 
vn 0.469097 0.87443 -0.123773 
vn 0.454954 0.87443 -0.168488 
vn 0.484575 0.823211 -0.295824 
vn 0.43656 0.87443 -0.211629 
vn 0.39657 0.917647 -0.0256391 
vn 0.392241 0.917647 -0.0638101 
vn 0.384247 0.917647 -0.101385 
vn 0.372663 0.917647 -0.138012 
vn 0.414087 0.87443 -0.252792 
vn 0.357596 0.917647 -0.17335 
vn 0.295535 0.955141 -0.0191069 
vn 0.292309 0.955141 -0.047553 
vn 0.286352 0.955141 -0.0755547 
vn 0.277719 0.955141 -0.10285 
vn 0.339187 0.917647 -0.207067 
vn 0.26649 0.955141 -0.129185 
vn 0.193043 0.981111 -0.0124805 
vn 0.190936 0.981111 -0.0310615 
vn 0.187045 0.981111 -0.0493521 
vn 0.181405 0.981111 -0.0671816 
vn 0.252772 0.955141 -0.154312 
vn 0.174071 0.981111 -0.0843833 
vn 0.0905608 0.995874 -0.00585488 
vn 0.0895724 0.995874 -0.0145716 
vn 0.0877469 0.995874 -0.0231522 
vn 0.0851015 0.995874 -0.0315164 
vn 0.16511 0.981111 -0.100796 
vn 0.0816608 0.995874 -0.0395861 
vn 0.997916 5.9988e-06 -0.0645238 
vn 0.999997 5.9988e-06 -0.0026126 
vn 0.994287 0.106707 -0.00253529 
vn 0.994419 0.10547 -0.0025363 
vn 0.97961 0.200893 -0.00245309 
vn 0.956124 0.292953 -0.00235701 
vn 0.956466 0.291833 -0.00235827 
vn 0.923582 0.383395 -0.00224769 
vn 0.883802 0.467857 -0.00213009 
vn 0.883339 0.468729 -0.00212877 
vn 0.8343 0.551308 -0.00199348 
vn 0.778063 0.628183 -0.00184549 
vn 0.777466 0.628923 -0.00184394 
vn 0.706712 0.7075 -0.00166439 
vn 0.635285 0.772276 -0.0014879 
vn 0.644603 0.764516 -0.00151071 
vn 0.557691 0.830048 -0.00129979 
vn 0.47437 0.880325 -0.00110076 
vn 0.48515 0.87443 -0.00112637 
vn 0.386028 0.922486 -0.00089208 
vn 0.284539 0.958664 -0.000654672 
vn 0.296151 0.955141 -0.000681723 
vn 0.181709 0.983352 -0.000416315 
vn 0.0789913 0.996875 -0.000180227 
vn -2.23425e-17 1 -8.90477e-17 
vn -2.23425e-17 1 -8.90477e-17 
vn -2.23425e-17 1 -8.90477e-17 
vn 0.0907497 0.995874 -0.000207154 
vn -2.23425e-17 1 -8.90477e-17 
vn -2.23425e-17 1 -8.90477e-17 
vn -2.23425e-17 1 -8.90477e-17 
vn -2.23425e-17 1 -8.90477e-17 
vn -2.23425e-17 1 -8.90477e-17 
vn -2.23425e-17 1 -8.90477e-17 
vn -2.23425e-17 1 -8.90477e-17 
vn -2.23425e-17 1 -8.90477e-17 
vn -2.23425e-17 1 -8.90477e-17 
vn 0.077457 0.995874 -0.0472859 
vn 0.0641258 0.996933 -0.0448531 
vn 0.0743643 0.995874 -0.0520143 
vn 2.31833e-19 1 -1.08911e-17 
vn 2.31833e-19 1 -1.08911e-17 
vn 0.148303 0.983487 -0.103728 
vn 0.232623 0.958861 -0.1627 
vn 0.242684 0.955141 -0.169736 
vn 0.315887 0.922716 -0.220929 
vn 0.388377 0.88056 -0.271621 
vn 0.397569 0.87443 -0.278049 
vn 0.456765 0.830255 -0.319442 
vn 0.520445 0.772442 -0.363965 
vn 0.528246 0.764516 -0.36942 
vn 0.579049 0.707622 -0.404936 
vn 0.637088 0.629003 -0.445504 
vn 0.637631 0.628183 -0.445883 
vn 0.6837 0.551359 -0.478077 
vn 0.723915 0.468762 -0.506171 
vn 0.724308 0.467857 -0.506446 
vn 0.756917 0.383417 -0.529215 
vn 0.783611 0.292967 -0.547837 
vn 0.783895 0.291833 -0.548035 
vn 0.802882 0.200899 -0.561266 
vn 0.814929 0.106712 -0.569652 
vn 0.815038 0.10547 -0.569728 
vn 0.819618 5.9988e-06 -0.57291 
f 1034//1034 1035//1035 1036//1036 
f 1036//1036 1037//1037 1034//1034 
f 1038//1038 1039//1039 1035//1035 
f 1040//1040 1041//1041 1042//1042 
f 1042//1042 1038//1038 1040//1040 
f 1040//1040 1043//1043 1044//1044 
f 1043//1043 1045//1045 1044//1044 
f 1043//1043 1046//1046 1047//1047 
f 1046//1046 1048//1048 1047//1047 
f 1034//1034 1037//1037 1049//1049 
f 1038//1038 1034//1034 1050//1050 
f 1040//1040 1038//1038 1051//1051 
f 1043//1043 1040//1040 1052//1052 
f 1046//1046 1043//1043 1053//1053 
f 1050//1050 1049//1049 1054//1054 
f 1051//1051 1050//1050 1055//1055 
f 1052//1052 1051//1051 1056//1056 
f 1053//1053 1052//1052 1057//1057 
f 1058//1058 1053//1053 1059//1059 
f 1055//1055 1054//1054 1060//1060 
f 1056//1056 1055//1055 1061//1061 
f 1057//1057 1056//1056 1062//1062 
f 1059//1059 1057//1057 1063//1063 
f 1064//1064 1059//1059 1065//1065 
f 1061//1061 1060//1060 1066//1066 
f 1062//1062 1061//1061 1067//1067 
f 1063//1063 1062//1062 1068//1068 
f 1065//1065 1063//1063 1069//1069 
f 1070//1070 1065//1065 1071//1071 
f 1067//1067 1066//1066 1072//1072 
f 1068//1068 1067//1067 1073//1073 
f 1069//1069 1068//1068 1074//1074 
f 1071//1071 1069//1069 1075//1075 
f 1076//1076 1071//1071 1077//1077 
f 1073//1073 1072//1072 1078//1078 
f 1074//1074 1073//1073 1079//1079 
f 1075//1075 1074//1074 1080//1080 
f 1077//1077 1075//1075 1081//1081 
f 1082//1082 1077//1077 1083//1083 
f 1079//1079 1078//1078 1084//1084 
f 1080//1080 1079//1079 1085//1085 
f 1081//1081 1080//1080 1086//1086 
f 1083//1083 1081//1081 1087//1087 
f 1088//1088 1083//1083 1089//1089 
f 1085//1085 1084//1084 1090//1090 
f 1086//1086 1085//1085 1091//1091 
f 1087//1087 1086//1086 1092//1092 
f 1089//1089 1087//1087 1093//1093 
f 1094//1094 1089//1089 1095//1095 
f 1091//1091 1090//1090 1096//1096 
f 1092//1092 1091//1091 1097//1097 
f 1093//1093 1092//1092 1098//1098 
f 1095//1095 1093//1093 1099//1099 
f 1100//1100 1095//1095 1101//1101 
f 1097//1097 1096//1096 1102//1102 
f 1098//1098 1097//1097 1103//1103 
f 1099//1099 1098//1098 1104//1104 
f 1101//1101 1099//1099 1105//1105 
f 1106//1106 1101//1101 1107//1107 
f 1103//1103 1102//1102 1108//1108 
f 1104//1104 1103//1103 1109//1109 
f 1105//1105 1104//1104 1110//1110 
f 1107//1107 1105//1105 1111//1111 
f 1112//1112 1107//1107 1113//1113 
f 1109//1109 1108//1108 1114//1114 
f 1110//1110 1109//1109 1115//1115 
f 1111//1111 1110//1110 1116//1116 
f 1113//1113 1111//1111 1117//1117 
f 1118//1118 1113//1113 1119//1119 
f 1115//1115 1114//1114 1120//1120 
f 1116//1116 1115//1115 1121//1121 
f 1117//1117 1116//1116 1122//1122 
f 1119//1119 1117//1117 1123//1123 
f 1124//1124 1119//1119 1125//1125 
f 1121//1121 1120//1120 1126//1126 
f 1122//1122 1121//1121 1127//1127 
f 1123//1123 1122//1122 1128//1128 
f 1125//1125 1123//1123 1129//1129 
f 1130//1130 1125//1125 1131//1131 
f 1037//1037 1132//1132 1133//1133 
f 1049//1049 1037//1037 1134//1134 
f 1037//1037 1135//1135 1134//1134 
f 1054//1054 1049//1049 1136//1136 
f 1060//1060 1054//1054 1137//1137 
f 1054//1054 1138//1138 1137//1137 
f 1066//1066 1060//1060 1139//1139 
f 1066//1066 1140//1140 1141//1141 
f 1141//1141 1072//1072 1066//1066 
f 1078//1078 1072//1072 1142//1142 
f 1078//1078 1143//1143 1144//1144 
f 1144//1144 1084//1084 1078//1078 
f 1090//1090 1084//1084 1145//1145 
f 1096//1096 1090//1090 1146//1146 
f 1090//1090 1147//1147 1146//1146 
f 1102//1102 1096//1096 1148//1148 
f 1108//1108 1102//1102 1149//1149 
f 1102//1102 1150//1150 1149//1149 
f 1114//1114 1108//1108 1151//1151 
f 1120//1120 1114//1114 1152//1152 
f 1114//1114 1153//1153 1152//1152 
f 1126//1126 1120//1120 1154//1154 
f 1155//1155 1156//1156 1157//1157 
f 1158//1158 1126//1126 1159//1159 
f 1159//1159 1155//1155 1158//1158 
f 1126//1126 1158//1158 1160//1160 
f 1160//1160 1127//1127 1126//1126 
f 1127//1127 1161//1161 1162//1162 
f 1162//1162 1128//1128 1127//1127 
f 1128//1128 1163//1163 1164//1164 
f 1164//1164 1129//1129 1128//1128 
f 1129//1129 1165//1165 1166//1166 
f 1166//1166 1131//1131 1129//1129 
f 1131//1131 1167//1167 1168//1168 
f 1168//1168 1169//1169 1131//1131 
f 1170//1170 1171//1171 1169//1169 
f 1172//1172 1173//1173 1170//1170 
f 1169//1169 1171//1171 1174//1174 
f 1130//1130 1174//1174 1175//1175 
f 1175//1175 1124//1124 1130//1130 
f 1124//1124 1176//1176 1177//1177 
f 1118//1118 1177//1177 1178//1178 
f 1178//1178 1112//1112 1118//1118 
f 1112//1112 1179//1179 1180//1180 
f 1106//1106 1180//1180 1181//1181 
f 1181//1181 1100//1100 1106//1106 
f 1100//1100 1182//1182 1183//1183 
f 1094//1094 1183//1183 1184//1184 
f 1184//1184 1088//1088 1094//1094 
f 1088//1088 1185//1185 1186//1186 
f 1082//1082 1186//1186 1187//1187 
f 1187//1187 1076//1076 1082//1082 
f 1076//1076 1188//1188 1189//1189 
f 1070//1070 1189//1189 1190//1190 
f 1190//1190 1064//1064 1070//1070 
f 1064//1064 1191//1191 1192//1192 
f 1058//1058 1192//1192 1193//1193 
f 1193//1193 1046//1046 1058//1058 
f 1046//1046 1194//1194 1195//1195 
f 1195//1195 1048//1048 1046//1046 
f 1193//1193 1194//1194 1046//1046 
f 1192//1192 1058//1058 1064//1064 
f 1190//1190 1191//1191 1064//1064 
f 1189//1189 1070//1070 1076//1076 
f 1187//1187 1188//1188 1076//1076 
f 1186//1186 1082//1082 1088//1088 
f 1184//1184 1185//1185 1088//1088 
f 1183//1183 1094//1094 1100//1100 
f 1181//1181 1182//1182 1100//1100 
f 1180//1180 1106//1106 1112//1112 
f 1178//1178 1179//1179 1112//1112 
f 1177//1177 1118//1118 1124//1124 
f 1175//1175 1176//1176 1124//1124 
f 1174//1174 1130//1130 1169//1169 
f 1169//1169 1172//1172 1170//1170 
f 1168//1168 1172//1172 1169//1169 
f 1166//1166 1167//1167 1131//1131 
f 1164//1164 1165//1165 1129//1129 
f 1162//1162 1163//1163 1128//1128 
f 1160//1160 1161//1161 1127//1127 
f 1157//1157 1158//1158 1155//1155 
f 1154//1154 1159//1159 1126//1126 
f 1152//1152 1154//1154 1120//1120 
f 1151//1151 1153//1153 1114//1114 
f 1149//1149 1151//1151 1108//1108 
f 1148//1148 1150//1150 1102//1102 
f 1146//1146 1148//1148 1096//1096 
f 1145//1145 1147//1147 1090//1090 
f 1144//1144 1145//1145 1084//1084 
f 1142//1142 1143//1143 1078//1078 
f 1141//1141 1142//1142 1072//1072 
f 1139//1139 1140//1140 1066//1066 
f 1137//1137 1139//1139 1060//1060 
f 1136//1136 1138//1138 1054//1054 
f 1134//1134 1136//1136 1049//1049 
f 1133//1133 1135//1135 1037//1037 
f 1131//1131 1169//1169 1130//1130 
f 1129//1129 1131//1131 1125//1125 
f 1128//1128 1129//1129 1123//1123 
f 1127//1127 1128//1128 1122//1122 
f 1126//1126 1127//1127 1121//1121 
f 1125//1125 1130//1130 1124//1124 
f 1123//1123 1125//1125 1119//1119 
f 1122//1122 1123//1123 1117//1117 
f 1121//1121 1122//1122 1116//1116 
f 1120//1120 1121//1121 1115//1115 
f 1119//1119 1124//1124 1118//1118 
f 1117//1117 1119//1119 1113//1113 
f 1116//1116 1117//1117 1111//1111 
f 1115//1115 1116//1116 1110//1110 
f 1114//1114 1115//1115 1109//1109 
f 1113//1113 1118//1118 1112//1112 
f 1111//1111 1113//1113 1107//1107 
f 1110//1110 1111//1111 1105//1105 
f 1109//1109 1110//1110 1104//1104 
f 1108//1108 1109//1109 1103//1103 
f 1107//1107 1112//1112 1106//1106 
f 1105//1105 1107//1107 1101//1101 
f 1104//1104 1105//1105 1099//1099 
f 1103//1103 1104//1104 1098//1098 
f 1102//1102 1103//1103 1097//1097 
f 1101//1101 1106//1106 1100//1100 
f 1099//1099 1101//1101 1095//1095 
f 1098//1098 1099//1099 1093//1093 
f 1097//1097 1098//1098 1092//1092 
f 1096//1096 1097//1097 1091//1091 
f 1095//1095 1100//1100 1094//1094 
f 1093//1093 1095//1095 1089//1089 
f 1092//1092 1093//1093 1087//1087 
f 1091//1091 1092//1092 1086//1086 
f 1090//1090 1091//1091 1085//1085 
f 1089//1089 1094//1094 1088//1088 
f 1087//1087 1089//1089 1083//1083 
f 1086//1086 1087//1087 1081//1081 
f 1085//1085 1086//1086 1080//1080 
f 1084//1084 1085//1085 1079//1079 
f 1083//1083 1088//1088 1082//1082 
f 1081//1081 1083//1083 1077//1077 
f 1080//1080 1081//1081 1075//1075 
f 1079//1079 1080//1080 1074//1074 
f 1078//1078 1079//1079 1073//1073 
f 1077//1077 1082//1082 1076//1076 
f 1075//1075 1077//1077 1071//1071 
f 1074//1074 1075//1075 1069//1069 
f 1073//1073 1074//1074 1068//1068 
f 1072//1072 1073//1073 1067//1067 
f 1071//1071 1076//1076 1070//1070 
f 1069//1069 1071//1071 1065//1065 
f 1068//1068 1069//1069 1063//1063 
f 1067//1067 1068//1068 1062//1062 
f 1066//1066 1067//1067 1061//1061 
f 1065//1065 1070//1070 1064//1064 
f 1063//1063 1065//1065 1059//1059 
f 1062//1062 1063//1063 1057//1057 
f 1061//1061 1062//1062 1056//1056 
f 1060//1060 1061//1061 1055//1055 
f 1059//1059 1064//1064 1058//1058 
f 1057//1057 1059//1059 1053//1053 
f 1056//1056 1057//1057 1052//1052 
f 1055//1055 1056//1056 1051//1051 
f 1054//1054 1055//1055 1050//1050 
f 1053//1053 1058//1058 1046//1046 
f 1052//1052 1053//1053 1043//1043 
f 1051//1051 1052//1052 1040//1040 
f 1050//1050 1051//1051 1038//1038 
f 1049//1049 1050//1050 1034//1034 
f 1047//1047 1045//1045 1043//1043 
f 1044//1044 1041//1041 1040//1040 
f 1042//1042 1039//1039 1038//1038 
f 1035//1035 1034//1034 1038//1038 
f 1036//1036 1132//1132 1037//1037 
v -0.00658534 0.00375 -0.0180398 
v -0.00658534 -0.00425 -0.0180398 
v -0.0119582 -0.00425 -0.0256854 
v -0.0146012 0.00375 -0.0294466 
v -0.014364 -0.00367899 -0.029109 
v -0.0145564 -0.00360478 -0.0293827 
v -0.0139264 -0.00384783 -0.0284863 
v -0.0142421 -0.00372603 -0.0289355 
v -0.0148692 -0.00348406 -0.0298279 
v -0.0151303 -0.00338332 -0.0301994 
v -0.0131571 -0.00407393 -0.0273915 
v -0.0133273 -0.00403116 -0.0276337 
v -0.0124849 -0.00420013 -0.0264349 
v -0.0127578 -0.00417429 -0.0268233 
v -0.0122223 -0.004225 -0.0260612 
v -0.0161674 -0.00290203 -0.0316752 
v -0.0164788 -0.00275747 -0.0321184 
v -0.015532 -0.00319692 -0.030771 
v -0.0158401 -0.00305393 -0.0312094 
v -0.0136163 -0.00395853 -0.0280449 
v -0.0136831 -0.00394174 -0.0281399 
v -0.0130365 -0.00410425 -0.0272198 
v -0.0151837 -0.00335852 -0.0302755 
v -0.0155123 -0.00320606 -0.0307429 
v -0.0164945 0.00625 -0.0321407 
v -0.0146012 0.00625 -0.0294466 
v -0.0164945 -0.00275 -0.0321407 
vn 0.818181 1.00198e-16 -0.574961 
vn 0.818181 1.00198e-16 -0.574961 
vn 0.818181 1.00198e-16 -0.574961 
vn 0.818181 1.00198e-16 -0.574961 
vn 0.818181 1.00198e-16 -0.574961 
vn 0.818181 1.00198e-16 -0.574961 
vn 0.818181 1.00198e-16 -0.574961 
vn 0.818181 1.00198e-16 -0.574961 
vn 0.818181 1.00198e-16 -0.574961 
vn 0.818181 1.00198e-16 -0.574961 
vn 0.818181 1.00198e-16 -0.574961 
vn 0.818181 1.00198e-16 -0.574961 
vn 0.818181 1.00198e-16 -0.574961 
vn 0.818181 1.00198e-16 -0.574961 
vn 0.818181 1.00198e-16 -0.574961 
vn 0.818181 1.00198e-16 -0.574961 
vn 0.818181 1.00198e-16 -0.574961 
vn 0.818181 1.00198e-16 -0.574961 
vn 0.818181 1.00198e-16 -0.574961 
vn 0.818181 1.00198e-16 -0.574961 
vn 0.818181 1.00198e-16 -0.574961 
vn 0.818181 1.00198e-16 -0.574961 
vn 0.818181 1.00198e-16 -0.574961 
vn 0.818181 1.00198e-16 -0.574961 
vn 0.818181 1.00198e-16 -0.574961 
vn 0.818181 1.00198e-16 -0.574961 
vn 0.818181 1.00198e-16 -0.574961 
f 1196//1196 1197//1197 1198//1198 
f 1199//1199 1200//1200 1201//1201 
f 1199//1199 1202//1202 1203//1203 
f 1198//1198 1199//1199 1196//1196 
f 1199//1199 1204//1204 1205//1205 
f 1203//1203 1200//1200 1199//1199 
f 1199//1199 1206//1206 1207//1207 
f 1199//1199 1208//1208 1209//1209 
f 1198//1198 1210//1210 1199//1199 
f 1199//1199 1211//1211 1212//1212 
f 1199//1199 1213//1213 1214//1214 
f 1201//1201 1204//1204 1199//1199 
f 1199//1199 1215//1215 1216//1216 
f 1199//1199 1217//1217 1206//1206 
f 1210//1210 1208//1208 1199//1199 
f 1214//1214 1211//1211 1199//1199 
f 1199//1199 1218//1218 1219//1219 
f 1216//1216 1202//1202 1199//1199 
f 1209//1209 1217//1217 1199//1199 
f 1219//1219 1213//1213 1199//1199 
f 1207//1207 1215//1215 1199//1199 
f 1205//1205 1218//1218 1199//1199 
f 1220//1220 1221//1221 1199//1199 
f 1199//1199 1222//1222 1220//1220 
f 1212//1212 1222//1222 1199//1199 
v -0.0134846 -0.00424178 -0.0269903 
v -0.0135827 -0.00425 -0.026868 
v -0.0151811 -0.00425 -0.028286 
v -0.0150713 -0.00424178 -0.028398 
v -0.0166308 -0.00425 -0.0298557 
v -0.0165104 -0.00424178 -0.0299563 
v -0.0179175 -0.00425 -0.0315616 
v -0.0177878 -0.00424178 -0.0316497 
v -0.0190286 -0.00425 -0.0333867 
v -0.0188908 -0.00424178 -0.0334615 
v -0.019953 -0.00425 -0.0353131 
v -0.0198084 -0.00424178 -0.0353739 
v -0.0206816 -0.00425 -0.0373218 
v -0.0205317 -0.00424178 -0.0373679 
v -0.0212073 -0.00425 -0.0393929 
v -0.0210536 -0.00424178 -0.0394238 
v -0.0215247 -0.00425 -0.0415059 
v -0.0213687 -0.00424178 -0.0415214 
v -0.0216309 -0.00425 -0.04364 
v -0.0133876 -0.00421722 -0.0271113 
v -0.0149628 -0.00421722 -0.0285088 
v -0.0163914 -0.00421722 -0.0300557 
v -0.0176595 -0.00421722 -0.0317368 
v -0.0187544 -0.00421722 -0.0335355 
v -0.0196654 -0.00421722 -0.0354339 
v -0.0203835 -0.00421722 -0.0374134 
v -0.0209015 -0.00421722 -0.0394545 
v -0.0212144 -0.00421722 -0.0415368 
v -0.0214741 -0.00424178 -0.04364 
v -0.0132927 -0.00417658 -0.0272296 
v -0.0148566 -0.00417658 -0.0286171 
v -0.016275 -0.00417658 -0.0301529 
v -0.017534 -0.00417658 -0.031822 
v -0.0186211 -0.00417658 -0.0336078 
v -0.0195256 -0.00417658 -0.0354927 
v -0.0202385 -0.00417658 -0.037458 
v -0.0207529 -0.00417658 -0.0394844 
v -0.0210635 -0.00417658 -0.0415519 
v -0.021319 -0.00421722 -0.04364 
v -0.013201 -0.00412032 -0.0273439 
v -0.014754 -0.00412032 -0.0287217 
v -0.0161626 -0.00412032 -0.0302469 
v -0.0174128 -0.00412032 -0.0319043 
v -0.0184923 -0.00412032 -0.0336777 
v -0.0193905 -0.00412032 -0.0355494 
v -0.0200984 -0.00412032 -0.0375011 
v -0.0206092 -0.00412032 -0.0395134 
v -0.0209176 -0.00412032 -0.0415664 
v -0.0211674 -0.00417658 -0.04364 
v -0.0146561 -0.00404904 -0.0288216 
v -0.0160552 -0.00404904 -0.0303366 
v -0.017297 -0.00404904 -0.0319829 
v -0.0183693 -0.00404904 -0.0337444 
v -0.0192615 -0.00404904 -0.0356036 
v -0.0199647 -0.00404904 -0.0375422 
v -0.020472 -0.00404904 -0.039541 
v -0.0207784 -0.00404904 -0.0415803 
v -0.0210208 -0.00412032 -0.04364 
v -0.0145639 -0.00396353 -0.0289157 
v -0.0159541 -0.00396353 -0.030421 
v -0.0171881 -0.00396353 -0.0320569 
v -0.0182536 -0.00396353 -0.0338072 
v -0.0191401 -0.00396353 -0.0356546 
v -0.0198389 -0.00396353 -0.0375809 
v -0.020343 -0.00396353 -0.039567 
v -0.0206474 -0.00396353 -0.0415934 
v -0.0208809 -0.00404904 -0.04364 
v -0.0144785 -0.00386472 -0.0290028 
v -0.0158605 -0.00386472 -0.0304992 
v -0.0170872 -0.00386472 -0.0321254 
v -0.0181464 -0.00386472 -0.0338654 
v -0.0190276 -0.00386472 -0.0357019 
v -0.0197222 -0.00386472 -0.0376168 
v -0.0202233 -0.00386472 -0.0395911 
v -0.020526 -0.00386472 -0.0416055 
v -0.0207492 -0.00396353 -0.04364 
v -0.0144008 -0.0037537 -0.0290821 
v -0.0157753 -0.0037537 -0.0305704 
v -0.0169953 -0.0037537 -0.0321878 
v -0.0180488 -0.0037537 -0.0339183 
v -0.0189253 -0.0037537 -0.0357449 
v -0.0196161 -0.0037537 -0.0376494 
v -0.0201145 -0.0037537 -0.0396131 
v -0.0204155 -0.0037537 -0.0416165 
v -0.0206272 -0.00386472 -0.04364 
v -0.0156995 -0.00363168 -0.0306338 
v -0.0169136 -0.00363168 -0.0322433 
v -0.0179619 -0.00363168 -0.0339655 
v -0.0188342 -0.00363168 -0.0357831 
v -0.0195217 -0.00363168 -0.0376784 
v -0.0200176 -0.00363168 -0.0396326 
v -0.0203172 -0.00363168 -0.0416263 
v -0.0205162 -0.0037537 -0.04364 
v -0.0156338 -0.0035 -0.0306886 
v -0.0168428 -0.0035 -0.0322914 
v -0.0178868 -0.0035 -0.0340062 
v -0.0187553 -0.0035 -0.0358163 
v -0.0194399 -0.0035 -0.0377035 
v -0.0199338 -0.0035 -0.0396495 
v -0.0202321 -0.0035 -0.0416348 
v -0.0204174 -0.00363168 -0.04364 
v -0.0155791 -0.0033601 -0.0307343 
v -0.0167839 -0.0033601 -0.0323314 
v -0.0178241 -0.0033601 -0.0340402 
v -0.0186896 -0.0033601 -0.0358439 
v -0.0193718 -0.0033601 -0.0377245 
v -0.0198639 -0.0033601 -0.0396636 
v -0.0201612 -0.0033601 -0.0416419 
v -0.0203319 -0.0035 -0.04364 
v -0.015536 -0.00321353 -0.0307704 
v -0.0167373 -0.00321353 -0.032363 
v -0.0177747 -0.00321353 -0.0340671 
v -0.0186377 -0.00321353 -0.0358657 
v -0.019318 -0.00321353 -0.037741 
v -0.0198088 -0.00321353 -0.0396747 
v -0.0201052 -0.00321353 -0.0416475 
v -0.0202606 -0.0033601 -0.04364 
v -0.0167037 -0.00306187 -0.0323858 
v -0.0177389 -0.00306187 -0.0340864 
v -0.0186003 -0.00306187 -0.0358814 
v -0.0192792 -0.00306187 -0.037753 
v -0.0197689 -0.00306187 -0.0396827 
v -0.0200648 -0.00306187 -0.0416515 
v -0.0202043 -0.00321353 -0.04364 
v -0.0166834 -0.00290679 -0.0323996 
v -0.0177173 -0.00290679 -0.0340982 
v -0.0185776 -0.00290679 -0.0358909 
v -0.0192557 -0.00290679 -0.0377602 
v -0.0197449 -0.00290679 -0.0396875 
v -0.0200403 -0.00290679 -0.0416539 
v -0.0201637 -0.00306187 -0.04364 
v -0.0177101 -0.00275 -0.0341021 
v -0.0171924 -0.00275 -0.0332515 
v -0.01857 -0.00275 -0.0358941 
v -0.0181119 -0.00275 -0.0349393 
v -0.0192478 -0.00275 -0.0377626 
v -0.0188651 -0.00275 -0.0367076 
v -0.0197368 -0.00275 -0.0396892 
v -0.0194451 -0.00275 -0.03854 
v -0.0200321 -0.00275 -0.0416548 
v -0.0198466 -0.00275 -0.0404197 
v -0.0201391 -0.00290679 -0.04364 
v -0.0201309 -0.00275 -0.04364 
v -0.0200657 -0.00275 -0.0423294 
v -0.0166766 -0.00275 -0.0324043 
v -0.0164945 -0.00275 -0.0321407 
v -0.0164788 -0.00275747 -0.0321184 
v -0.0161674 -0.00290203 -0.0316752 
v -0.0158401 -0.00305393 -0.0312094 
v -0.0155123 -0.00320606 -0.0307429 
v -0.0151837 -0.00335852 -0.0302755 
v -0.0151303 -0.00338332 -0.0301994 
v -0.0148692 -0.00348406 -0.0298279 
v -0.0145564 -0.00360478 -0.0293827 
v -0.0142421 -0.00372603 -0.0289355 
v -0.0139264 -0.00384783 -0.0284863 
v -0.0136831 -0.00394174 -0.0281399 
v -0.0136163 -0.00395853 -0.0280449 
v -0.0133273 -0.00403116 -0.0276337 
v -0.0130365 -0.00410425 -0.0272198 
v -0.0127578 -0.00417429 -0.0268233 
v -0.0124849 -0.00420013 -0.0264349 
v -0.0122223 -0.004225 -0.0260612 
v -0.0119582 -0.00425 -0.0256854 
v -0.0131571 -0.00407393 -0.0273915 
v -0.014364 -0.00367899 -0.029109 
v -0.015532 -0.00319692 -0.030771 
vn 0.0653998 -0.994522 -0.0815418 
vn -2.90989e-14 -1 3.64338e-14 
vn -2.90989e-14 -1 3.64338e-14 
vn 0.0731707 -0.994522 -0.0746475 
vn -2.90989e-14 -1 3.64338e-14 
vn 0.0802188 -0.994522 -0.067016 
vn -3.85154e-14 -1 2.62379e-14 
vn 0.0864747 -0.994522 -0.0587225 
vn -3.85154e-14 -1 2.62379e-14 
vn 0.0918764 -0.994522 -0.049849 
vn -4.29371e-14 -1 1.80884e-14 
vn 0.0963707 -0.994522 -0.0404832 
vn -4.29371e-14 -1 1.80884e-14 
vn 0.0999131 -0.994522 -0.0307176 
vn -4.56617e-14 -1 9.22598e-15 
vn 0.102469 -0.994522 -0.0206485 
vn -4.56617e-14 -1 9.22598e-15 
vn 0.104012 -0.994522 -0.0103755 
vn -2.31296e-15 -1 5.13581e-31 
vn 0.130083 -0.978148 -0.16219 
vn 0.14554 -0.978148 -0.148477 
vn 0.159559 -0.978148 -0.133298 
vn 0.172002 -0.978148 -0.116802 
vn 0.182746 -0.978148 -0.0991519 
vn 0.191686 -0.978148 -0.0805229 
vn 0.198732 -0.978148 -0.0610986 
vn 0.203815 -0.978148 -0.0410708 
vn 0.206885 -0.978148 -0.0206373 
vn 0.104528 -0.994522 -1.38778e-17 
vn 0.193341 -0.951057 -0.241062 
vn 0.216314 -0.951057 -0.22068 
vn 0.237151 -0.951057 -0.198119 
vn 0.255645 -0.951057 -0.173601 
vn 0.271614 -0.951057 -0.147368 
vn 0.2849 -0.951057 -0.11968 
vn 0.295373 -0.951057 -0.0908102 
vn 0.302928 -0.951057 -0.061043 
vn 0.307491 -0.951057 -0.030673 
vn 0.207912 -0.978148 -2.77556e-17 
vn 0.254481 -0.913545 -0.317292 
vn 0.284719 -0.913545 -0.290465 
vn 0.312144 -0.913545 -0.26077 
vn 0.336486 -0.913545 -0.228498 
vn 0.357505 -0.913545 -0.19397 
vn 0.374993 -0.913545 -0.157527 
vn 0.388778 -0.913545 -0.119527 
vn 0.398722 -0.913545 -0.0803465 
vn 0.404728 -0.913545 -0.0403726 
vn 0.309017 -0.951057 -5.55112e-17 
vn 0.350004 -0.866025 -0.357068 
vn 0.383718 -0.866025 -0.320563 
vn 0.413642 -0.866025 -0.280892 
vn 0.43948 -0.866025 -0.238447 
vn 0.460978 -0.866025 -0.193647 
vn 0.477923 -0.866025 -0.146934 
vn 0.490147 -0.866025 -0.0987697 
vn 0.497531 -0.866025 -0.0496299 
vn 0.406737 -0.913545 0 
vn 0.411454 -0.809017 -0.419759 
vn 0.451087 -0.809017 -0.376845 
vn 0.486265 -0.809017 -0.330209 
vn 0.51664 -0.809017 -0.280312 
vn 0.541912 -0.809017 -0.227646 
vn 0.561832 -0.809017 -0.172731 
vn 0.576203 -0.809017 -0.116111 
vn 0.584882 -0.809017 -0.0583435 
vn 0.5 -0.866025 -2.77556e-17 
vn 0.468396 -0.743145 -0.47785 
vn 0.513514 -0.743145 -0.428997 
vn 0.553561 -0.743145 -0.375907 
vn 0.588139 -0.743145 -0.319105 
vn 0.616909 -0.743145 -0.25915 
vn 0.639586 -0.743145 -0.196636 
vn 0.655945 -0.743145 -0.13218 
vn 0.665826 -0.743145 -0.0664178 
vn 0.587785 -0.809017 -1.11022e-16 
vn 0.520207 -0.669131 -0.530706 
vn 0.570315 -0.669131 -0.47645 
vn 0.614791 -0.669131 -0.417487 
vn 0.653195 -0.669131 -0.354402 
vn 0.685147 -0.669131 -0.287815 
vn 0.710332 -0.669131 -0.218386 
vn 0.728501 -0.669131 -0.1468 
vn 0.739475 -0.669131 -0.0737645 
vn 0.669131 -0.743145 -5.55112e-17 
vn 0.620868 -0.587785 -0.518682 
vn 0.669286 -0.587785 -0.454493 
vn 0.711094 -0.587785 -0.385816 
vn 0.745878 -0.587785 -0.313327 
vn 0.773296 -0.587785 -0.237744 
vn 0.793075 -0.587785 -0.159813 
vn 0.805022 -0.587785 -0.0803029 
vn 0.743145 -0.669131 0 
vn 0.664618 -0.5 -0.555232 
vn 0.716448 -0.5 -0.48652 
vn 0.761202 -0.5 -0.413003 
vn 0.798438 -0.5 -0.335406 
vn 0.827787 -0.5 -0.254497 
vn 0.84896 -0.5 -0.171074 
vn 0.861749 -0.5 -0.0859616 
vn 0.809017 -0.587785 -1.11022e-16 
vn 0.701087 -0.406737 -0.585698 
vn 0.755761 -0.406737 -0.513216 
vn 0.80297 -0.406737 -0.435665 
vn 0.842249 -0.406737 -0.35381 
vn 0.873209 -0.406737 -0.268462 
vn 0.895544 -0.406737 -0.180461 
vn 0.909034 -0.406737 -0.0906784 
vn 0.866025 -0.5 -1.66533e-16 
vn 0.729874 -0.309017 -0.609748 
vn 0.786793 -0.309017 -0.534289 
vn 0.835941 -0.309017 -0.453554 
vn 0.876833 -0.309017 -0.368338 
vn 0.909064 -0.309017 -0.279485 
vn 0.932316 -0.309017 -0.187871 
vn 0.94636 -0.309017 -0.0944018 
vn 0.913545 -0.406737 -5.55112e-17 
vn 0.809205 -0.207912 -0.549508 
vn 0.859753 -0.207912 -0.466473 
vn 0.901809 -0.207912 -0.37883 
vn 0.934959 -0.207912 -0.287446 
vn 0.958873 -0.207912 -0.193223 
vn 0.973317 -0.207912 -0.0970908 
vn 0.951057 -0.309017 -5.55112e-17 
vn 0.822751 -0.104528 -0.558707 
vn 0.874146 -0.104528 -0.474282 
vn 0.916906 -0.104528 -0.385172 
vn 0.95061 -0.104528 -0.292258 
vn 0.974925 -0.104528 -0.196457 
vn 0.98961 -0.104528 -0.0987161 
vn 0.978148 -0.207912 -5.55112e-17 
vn 0.878961 1.31594e-15 -0.476894 
vn 0.854128 -5.24571e-16 -0.520063 
vn 0.921956 1.3213e-15 -0.387294 
vn 0.900155 1.34464e-16 -0.435569 
vn 0.955846 1.32555e-15 -0.293868 
vn 0.93785 2.0063e-16 -0.347042 
vn 0.980295 1.32866e-15 -0.197539 
vn 0.966861 2.51555e-16 -0.255302 
vn 0.995062 1.33059e-15 -0.0992599 
vn 0.986922 -2.35245e-18 -0.161198 
vn 0.994522 -0.104528 -1.11022e-16 
vn 1 1.46621e-15 -3.46945e-16 
vn 0.997846 5.95064e-16 -0.0656015 
vn 0.827283 1.30954e-15 -0.561785 
vn 0.818181 1.43618e-15 -0.574961 
vn 0.817386 -0.00498057 -0.576069 
vn 0.797368 -0.101379 -0.594917 
vn 0.767895 -0.202786 -0.607631 
vn 0.729914 -0.304392 -0.612022 
vn 0.683454 -0.405815 -0.606798 
vn 0.675112 -0.42221 -0.604948 
vn 0.635513 -0.491341 -0.595573 
vn 0.582166 -0.574475 -0.575379 
vn 0.521989 -0.657011 -0.543934 
vn 0.45513 -0.736831 -0.499937 
vn 0.399717 -0.794495 -0.457169 
vn 0.385881 -0.807438 -0.44625 
vn 0.323043 -0.86146 -0.391829 
vn 0.255591 -0.910451 -0.325196 
vn 0.188345 -0.949529 -0.250841 
vn 0.125315 -0.976646 -0.174523 
vn 0.0627298 -0.993855 -0.0911985 
vn -1.04083e-14 -1 1.61908e-14 
vn 0.284005 -0.890978 -0.35426 
vn 0.546114 -0.625223 -0.557544 
vn 0.732434 -0.29829 -0.612016 
f 1223//1223 1224//1224 1225//1225 
f 1226//1226 1225//1225 1227//1227 
f 1228//1228 1227//1227 1229//1229 
f 1230//1230 1229//1229 1231//1231 
f 1232//1232 1231//1231 1233//1233 
f 1234//1234 1233//1233 1235//1235 
f 1236//1236 1235//1235 1237//1237 
f 1238//1238 1237//1237 1239//1239 
f 1240//1240 1239//1239 1241//1241 
f 1242//1242 1223//1223 1226//1226 
f 1243//1243 1226//1226 1228//1228 
f 1244//1244 1228//1228 1230//1230 
f 1245//1245 1230//1230 1232//1232 
f 1246//1246 1232//1232 1234//1234 
f 1247//1247 1234//1234 1236//1236 
f 1248//1248 1236//1236 1238//1238 
f 1249//1249 1238//1238 1240//1240 
f 1250//1250 1240//1240 1251//1251 
f 1252//1252 1242//1242 1243//1243 
f 1253//1253 1243//1243 1244//1244 
f 1254//1254 1244//1244 1245//1245 
f 1255//1255 1245//1245 1246//1246 
f 1256//1256 1246//1246 1247//1247 
f 1257//1257 1247//1247 1248//1248 
f 1258//1258 1248//1248 1249//1249 
f 1259//1259 1249//1249 1250//1250 
f 1260//1260 1250//1250 1261//1261 
f 1262//1262 1252//1252 1253//1253 
f 1263//1263 1253//1253 1254//1254 
f 1264//1264 1254//1254 1255//1255 
f 1265//1265 1255//1255 1256//1256 
f 1266//1266 1256//1256 1257//1257 
f 1267//1267 1257//1257 1258//1258 
f 1268//1268 1258//1258 1259//1259 
f 1269//1269 1259//1259 1260//1260 
f 1270//1270 1260//1260 1271//1271 
f 1272//1272 1263//1263 1264//1264 
f 1273//1273 1264//1264 1265//1265 
f 1274//1274 1265//1265 1266//1266 
f 1275//1275 1266//1266 1267//1267 
f 1276//1276 1267//1267 1268//1268 
f 1277//1277 1268//1268 1269//1269 
f 1278//1278 1269//1269 1270//1270 
f 1279//1279 1270//1270 1280//1280 
f 1281//1281 1272//1272 1273//1273 
f 1282//1282 1273//1273 1274//1274 
f 1283//1283 1274//1274 1275//1275 
f 1284//1284 1275//1275 1276//1276 
f 1285//1285 1276//1276 1277//1277 
f 1286//1286 1277//1277 1278//1278 
f 1287//1287 1278//1278 1279//1279 
f 1288//1288 1279//1279 1289//1289 
f 1290//1290 1281//1281 1282//1282 
f 1291//1291 1282//1282 1283//1283 
f 1292//1292 1283//1283 1284//1284 
f 1293//1293 1284//1284 1285//1285 
f 1294//1294 1285//1285 1286//1286 
f 1295//1295 1286//1286 1287//1287 
f 1296//1296 1287//1287 1288//1288 
f 1297//1297 1288//1288 1298//1298 
f 1299//1299 1290//1290 1291//1291 
f 1300//1300 1291//1291 1292//1292 
f 1301//1301 1292//1292 1293//1293 
f 1302//1302 1293//1293 1294//1294 
f 1303//1303 1294//1294 1295//1295 
f 1304//1304 1295//1295 1296//1296 
f 1305//1305 1296//1296 1297//1297 
f 1306//1306 1297//1297 1307//1307 
f 1308//1308 1300//1300 1301//1301 
f 1309//1309 1301//1301 1302//1302 
f 1310//1310 1302//1302 1303//1303 
f 1311//1311 1303//1303 1304//1304 
f 1312//1312 1304//1304 1305//1305 
f 1313//1313 1305//1305 1306//1306 
f 1314//1314 1306//1306 1315//1315 
f 1316//1316 1308//1308 1309//1309 
f 1317//1317 1309//1309 1310//1310 
f 1318//1318 1310//1310 1311//1311 
f 1319//1319 1311//1311 1312//1312 
f 1320//1320 1312//1312 1313//1313 
f 1321//1321 1313//1313 1314//1314 
f 1322//1322 1314//1314 1323//1323 
f 1324//1324 1316//1316 1317//1317 
f 1325//1325 1317//1317 1318//1318 
f 1326//1326 1318//1318 1319//1319 
f 1327//1327 1319//1319 1320//1320 
f 1328//1328 1320//1320 1321//1321 
f 1329//1329 1321//1321 1322//1322 
f 1330//1330 1322//1322 1331//1331 
f 1332//1332 1324//1324 1325//1325 
f 1333//1333 1325//1325 1326//1326 
f 1334//1334 1326//1326 1327//1327 
f 1335//1335 1327//1327 1328//1328 
f 1336//1336 1328//1328 1329//1329 
f 1337//1337 1329//1329 1330//1330 
f 1338//1338 1330//1330 1339//1339 
f 1340//1340 1333//1333 1334//1334 
f 1341//1341 1334//1334 1335//1335 
f 1342//1342 1335//1335 1336//1336 
f 1343//1343 1336//1336 1337//1337 
f 1344//1344 1337//1337 1338//1338 
f 1345//1345 1338//1338 1346//1346 
f 1347//1347 1340//1340 1341//1341 
f 1348//1348 1341//1341 1342//1342 
f 1349//1349 1342//1342 1343//1343 
f 1350//1350 1343//1343 1344//1344 
f 1351//1351 1344//1344 1345//1345 
f 1352//1352 1345//1345 1353//1353 
f 1348//1348 1354//1354 1355//1355 
f 1355//1355 1347//1347 1348//1348 
f 1349//1349 1356//1356 1357//1357 
f 1357//1357 1348//1348 1349//1349 
f 1350//1350 1358//1358 1359//1359 
f 1359//1359 1349//1349 1350//1350 
f 1351//1351 1360//1360 1361//1361 
f 1361//1361 1350//1350 1351//1351 
f 1352//1352 1362//1362 1363//1363 
f 1363//1363 1351//1351 1352//1352 
f 1364//1364 1365//1365 1366//1366 
f 1366//1366 1352//1352 1364//1364 
f 1347//1347 1367//1367 1368//1368 
f 1368//1368 1369//1369 1347//1347 
f 1340//1340 1347//1347 1370//1370 
f 1332//1332 1333//1333 1371//1371 
f 1333//1333 1340//1340 1371//1371 
f 1324//1324 1332//1332 1372//1372 
f 1316//1316 1324//1324 1373//1373 
f 1373//1373 1374//1374 1316//1316 
f 1308//1308 1316//1316 1375//1375 
f 1300//1300 1308//1308 1376//1376 
f 1376//1376 1299//1299 1300//1300 
f 1290//1290 1299//1299 1377//1377 
f 1281//1281 1290//1290 1378//1378 
f 1378//1378 1379//1379 1281//1281 
f 1272//1272 1281//1281 1380//1380 
f 1263//1263 1272//1272 1381//1381 
f 1381//1381 1262//1262 1263//1263 
f 1252//1252 1262//1262 1382//1382 
f 1242//1242 1252//1252 1383//1383 
f 1223//1223 1242//1242 1384//1384 
f 1224//1224 1223//1223 1385//1385 
f 1385//1385 1386//1386 1224//1224 
f 1384//1384 1385//1385 1223//1223 
f 1383//1383 1384//1384 1242//1242 
f 1382//1382 1383//1383 1252//1252 
f 1382//1382 1262//1262 1387//1387 
f 1381//1381 1387//1387 1262//1262 
f 1380//1380 1381//1381 1272//1272 
f 1379//1379 1380//1380 1281//1281 
f 1377//1377 1378//1378 1290//1290 
f 1377//1377 1299//1299 1388//1388 
f 1376//1376 1388//1388 1299//1299 
f 1375//1375 1376//1376 1308//1308 
f 1374//1374 1375//1375 1316//1316 
f 1372//1372 1373//1373 1324//1324 
f 1372//1372 1332//1332 1389//1389 
f 1371//1371 1389//1389 1332//1332 
f 1370//1370 1371//1371 1340//1340 
f 1369//1369 1370//1370 1347//1347 
f 1366//1366 1362//1362 1352//1352 
f 1363//1363 1360//1360 1351//1351 
f 1361//1361 1358//1358 1350//1350 
f 1359//1359 1356//1356 1349//1349 
f 1357//1357 1354//1354 1348//1348 
f 1355//1355 1367//1367 1347//1347 
f 1353//1353 1364//1364 1352//1352 
f 1345//1345 1352//1352 1351//1351 
f 1344//1344 1351//1351 1350//1350 
f 1343//1343 1350//1350 1349//1349 
f 1342//1342 1349//1349 1348//1348 
f 1341//1341 1348//1348 1347//1347 
f 1346//1346 1353//1353 1345//1345 
f 1338//1338 1345//1345 1344//1344 
f 1337//1337 1344//1344 1343//1343 
f 1336//1336 1343//1343 1342//1342 
f 1335//1335 1342//1342 1341//1341 
f 1334//1334 1341//1341 1340//1340 
f 1339//1339 1346//1346 1338//1338 
f 1330//1330 1338//1338 1337//1337 
f 1329//1329 1337//1337 1336//1336 
f 1328//1328 1336//1336 1335//1335 
f 1327//1327 1335//1335 1334//1334 
f 1326//1326 1334//1334 1333//1333 
f 1325//1325 1333//1333 1332//1332 
f 1331//1331 1339//1339 1330//1330 
f 1322//1322 1330//1330 1329//1329 
f 1321//1321 1329//1329 1328//1328 
f 1320//1320 1328//1328 1327//1327 
f 1319//1319 1327//1327 1326//1326 
f 1318//1318 1326//1326 1325//1325 
f 1317//1317 1325//1325 1324//1324 
f 1323//1323 1331//1331 1322//1322 
f 1314//1314 1322//1322 1321//1321 
f 1313//1313 1321//1321 1320//1320 
f 1312//1312 1320//1320 1319//1319 
f 1311//1311 1319//1319 1318//1318 
f 1310//1310 1318//1318 1317//1317 
f 1309//1309 1317//1317 1316//1316 
f 1315//1315 1323//1323 1314//1314 
f 1306//1306 1314//1314 1313//1313 
f 1305//1305 1313//1313 1312//1312 
f 1304//1304 1312//1312 1311//1311 
f 1303//1303 1311//1311 1310//1310 
f 1302//1302 1310//1310 1309//1309 
f 1301//1301 1309//1309 1308//1308 
f 1307//1307 1315//1315 1306//1306 
f 1297//1297 1306//1306 1305//1305 
f 1296//1296 1305//1305 1304//1304 
f 1295//1295 1304//1304 1303//1303 
f 1294//1294 1303//1303 1302//1302 
f 1293//1293 1302//1302 1301//1301 
f 1292//1292 1301//1301 1300//1300 
f 1291//1291 1300//1300 1299//1299 
f 1298//1298 1307//1307 1297//1297 
f 1288//1288 1297//1297 1296//1296 
f 1287//1287 1296//1296 1295//1295 
f 1286//1286 1295//1295 1294//1294 
f 1285//1285 1294//1294 1293//1293 
f 1284//1284 1293//1293 1292//1292 
f 1283//1283 1292//1292 1291//1291 
f 1282//1282 1291//1291 1290//1290 
f 1289//1289 1298//1298 1288//1288 
f 1279//1279 1288//1288 1287//1287 
f 1278//1278 1287//1287 1286//1286 
f 1277//1277 1286//1286 1285//1285 
f 1276//1276 1285//1285 1284//1284 
f 1275//1275 1284//1284 1283//1283 
f 1274//1274 1283//1283 1282//1282 
f 1273//1273 1282//1282 1281//1281 
f 1280//1280 1289//1289 1279//1279 
f 1270//1270 1279//1279 1278//1278 
f 1269//1269 1278//1278 1277//1277 
f 1268//1268 1277//1277 1276//1276 
f 1267//1267 1276//1276 1275//1275 
f 1266//1266 1275//1275 1274//1274 
f 1265//1265 1274//1274 1273//1273 
f 1264//1264 1273//1273 1272//1272 
f 1271//1271 1280//1280 1270//1270 
f 1260//1260 1270//1270 1269//1269 
f 1259//1259 1269//1269 1268//1268 
f 1258//1258 1268//1268 1267//1267 
f 1257//1257 1267//1267 1266//1266 
f 1256//1256 1266//1266 1265//1265 
f 1255//1255 1265//1265 1264//1264 
f 1254//1254 1264//1264 1263//1263 
f 1253//1253 1263//1263 1262//1262 
f 1261//1261 1271//1271 1260//1260 
f 1250//1250 1260//1260 1259//1259 
f 1249//1249 1259//1259 1258//1258 
f 1248//1248 1258//1258 1257//1257 
f 1247//1247 1257//1257 1256//1256 
f 1246//1246 1256//1256 1255//1255 
f 1245//1245 1255//1255 1254//1254 
f 1244//1244 1254//1254 1253//1253 
f 1243//1243 1253//1253 1252//1252 
f 1251//1251 1261//1261 1250//1250 
f 1240//1240 1250//1250 1249//1249 
f 1238//1238 1249//1249 1248//1248 
f 1236//1236 1248//1248 1247//1247 
f 1234//1234 1247//1247 1246//1246 
f 1232//1232 1246//1246 1245//1245 
f 1230//1230 1245//1245 1244//1244 
f 1228//1228 1244//1244 1243//1243 
f 1226//1226 1243//1243 1242//1242 
f 1241//1241 1251//1251 1240//1240 
f 1239//1239 1240//1240 1238//1238 
f 1237//1237 1238//1238 1236//1236 
f 1235//1235 1236//1236 1234//1234 
f 1233//1233 1234//1234 1232//1232 
f 1231//1231 1232//1232 1230//1230 
f 1229//1229 1230//1230 1228//1228 
f 1227//1227 1228//1228 1226//1226 
f 1225//1225 1226//1226 1223//1223 
v -0.0198694 0.00625 -0.0404163 
v -0.0198466 -0.00275 -0.0404197 
v -0.0200321 -0.00275 -0.0416548 
v -0.0200879 0.00625 -0.0423283 
v -0.0194709 0.00625 -0.038547 
v -0.0194451 -0.00275 -0.03854 
v -0.0197368 -0.00275 -0.0396892 
v -0.018888 0.00625 -0.0366993 
v -0.0188651 -0.00275 -0.0367076 
v -0.0192478 -0.00275 -0.0377626 
v -0.0194682 0.00625 -0.0385341 
v -0.0181341 0.00625 -0.0349287 
v -0.0181119 -0.00275 -0.0349393 
v -0.01857 -0.00275 -0.0358941 
v -0.0181157 0.00625 -0.034895 
v -0.0171924 -0.00275 -0.0332515 
v -0.0177101 -0.00275 -0.0341021 
v -0.0201309 -0.00275 -0.04364 
v -0.0201309 0.00625 -0.04364 
v -0.0200899 0.00625 -0.0423916 
v -0.0200657 -0.00275 -0.0423294 
v -0.0171788 0.00625 -0.0331857 
v -0.0164945 0.00625 -0.0321407 
v -0.0166766 -0.00275 -0.0324043 
v -0.0164945 -0.00275 -0.0321407 
v -0.0172135 0.00625 -0.0332387 
vn 0.986924 1.30104e-16 -0.161184 
vn 0.986922 1.30104e-16 -0.161198 
vn 0.995062 1.30104e-16 -0.0992599 
vn 0.997847 1.30104e-16 -0.0655839 
vn 0.967031 1.0842e-16 -0.254658 
vn 0.966861 1.30104e-16 -0.255302 
vn 0.980295 1.30104e-16 -0.197539 
vn 0.937852 1.0842e-16 -0.347035 
vn 0.93785 1.30104e-16 -0.347042 
vn 0.955846 1.30104e-16 -0.293868 
vn 0.966864 1.0842e-16 -0.255291 
vn 0.900157 1.0842e-16 -0.435565 
vn 0.900155 1.30104e-16 -0.435569 
vn 0.921956 1.30104e-16 -0.387294 
vn 0.899322 1.0842e-16 -0.437288 
vn 0.854128 8.67362e-17 -0.520063 
vn 0.878961 8.67362e-17 -0.476894 
vn 1 1.30104e-16 0 
vn 1 1.30104e-16 3.03125e-09 
vn 0.99805 1.30104e-16 -0.0624245 
vn 0.997846 1.30104e-16 -0.0656015 
vn 0.852477 1.0842e-16 -0.522764 
vn 0.818181 1.0842e-16 -0.574961 
vn 0.827283 8.67362e-17 -0.561785 
vn 0.818181 8.67362e-17 -0.574961 
vn 0.854128 1.0842e-16 -0.520063 
f 1390//1390 1391//1391 1392//1392 
f 1392//1392 1393//1393 1390//1390 
f 1394//1394 1395//1395 1396//1396 
f 1396//1396 1390//1390 1394//1394 
f 1396//1396 1391//1391 1390//1390 
f 1397//1397 1398//1398 1399//1399 
f 1399//1399 1400//1400 1397//1397 
f 1401//1401 1402//1402 1403//1403 
f 1403//1403 1397//1397 1401//1401 
f 1402//1402 1401//1401 1404//1404 
f 1404//1404 1405//1405 1406//1406 
f 1404//1404 1406//1406 1402//1402 
f 1407//1407 1408//1408 1409//1409 
f 1409//1409 1410//1410 1407//1407 
f 1411//1411 1412//1412 1413//1413 
f 1412//1412 1414//1414 1413//1413 
f 1405//1405 1415//1415 1411//1411 
f 1413//1413 1405//1405 1411//1411 
f 1409//1409 1393//1393 1410//1410 
f 1404//1404 1415//1415 1405//1405 
f 1403//1403 1398//1398 1397//1397 
f 1399//1399 1395//1395 1400//1400 
f 1394//1394 1400//1400 1395//1395 
f 1392//1392 1410//1410 1393//1393 
v -0.0201309 -0.00275 -0.04364 
v -0.0201391 -0.00290679 -0.04364 
v -0.0201378 -0.00289366 -0.0513154 
v -0.0201398 -0.0029067 -0.0513154 
v -0.0201637 -0.00306187 -0.04364 
v -0.0201643 -0.00306172 -0.0513154 
v -0.0201612 -0.00304987 -0.0513154 
v -0.0202043 -0.00321353 -0.04364 
v -0.0202048 -0.00321333 -0.0513154 
v -0.0202009 -0.00320276 -0.0513154 
v -0.0202606 -0.0033601 -0.04364 
v -0.0202611 -0.00335988 -0.0513154 
v -0.0202564 -0.00335062 -0.0513154 
v -0.0203319 -0.0035 -0.04364 
v -0.0203323 -0.00349975 -0.0513154 
v -0.0203272 -0.00349182 -0.0513154 
v -0.0204174 -0.00363168 -0.04364 
v -0.0204177 -0.00363141 -0.0513154 
v -0.0204124 -0.0036248 -0.0513154 
v -0.0205162 -0.0037537 -0.04364 
v -0.0205165 -0.00375343 -0.0513154 
v -0.0205112 -0.00374808 -0.0513154 
v -0.0206272 -0.00386472 -0.04364 
v -0.0206274 -0.00386446 -0.0513154 
v -0.0206223 -0.00386029 -0.0513154 
v -0.0207492 -0.00396353 -0.04364 
v -0.0207494 -0.00396329 -0.0513154 
v -0.0207447 -0.00396019 -0.0513154 
v -0.0208809 -0.00404904 -0.04364 
v -0.020881 -0.00404882 -0.0513154 
v -0.0208768 -0.00404668 -0.0513154 
v -0.0210208 -0.00412032 -0.04364 
v -0.0210209 -0.00412014 -0.0513154 
v -0.0210174 -0.00411878 -0.0513154 
v -0.0211674 -0.00417658 -0.04364 
v -0.0211674 -0.00417644 -0.0513154 
v -0.0211647 -0.00417571 -0.0513154 
v -0.021319 -0.00421722 -0.04364 
v -0.0213191 -0.00421712 -0.0513154 
v -0.0213172 -0.00421683 -0.0513154 
v -0.0214741 -0.00424178 -0.04364 
v -0.0214741 -0.00424173 -0.0513154 
v -0.0214732 -0.00424168 -0.0513154 
v -0.0216309 -0.00425 -0.04364 
v -0.0216309 -0.00425 -0.0513154 
v -0.0201309 -0.00275 -0.0513154 
vn 1 2.89121e-16 0 
vn 0.994522 -0.104528 0 
vn 0.995403 -0.0957762 0 
vn 0.994524 -0.10451 0 
vn 0.978148 -0.207912 0 
vn 0.978151 -0.207894 0 
vn 0.979813 -0.199915 0 
vn 0.951057 -0.309017 0 
vn 0.951062 -0.309001 0 
vn 0.953359 -0.301837 0 
vn 0.913545 -0.406737 0 
vn 0.913552 -0.406722 0 
vn 0.916335 -0.400413 0 
vn 0.866025 -0.5 0 
vn 0.866033 -0.499987 0 
vn 0.86915 -0.494549 0 
vn 0.809017 -0.587785 0 
vn 0.809025 -0.587775 0 
vn 0.812328 -0.583201 0 
vn 0.743145 -0.669131 0 
vn 0.743153 -0.669122 0 
vn 0.746499 -0.665387 0 
vn 0.669131 -0.743145 0 
vn 0.669139 -0.743138 0 
vn 0.672393 -0.740195 0 
vn 0.587785 -0.809017 0 
vn 0.587793 -0.809011 0 
vn 0.590831 -0.806795 0 
vn 0.5 -0.866025 0 
vn 0.500007 -0.866021 0 
vn 0.502718 -0.86445 0 
vn 0.406737 -0.913545 0 
vn 0.406743 -0.913543 0 
vn 0.409031 -0.91252 0 
vn 0.309017 -0.951057 0 
vn 0.309022 -0.951055 0 
vn 0.310809 -0.950472 0 
vn 0.207912 -0.978148 0 
vn 0.207915 -0.978147 0 
vn 0.209141 -0.977886 0 
vn 0.104528 -0.994522 0 
vn 0.10453 -0.994522 0 
vn 0.105153 -0.994456 0 
vn 0 -1 0 
vn 7.94665e-11 -1 0 
vn 1 4.16047e-08 0 
f 1416//1416 1417//1417 1418//1418 
f 1417//1417 1419//1419 1418//1418 
f 1420//1420 1421//1421 1422//1422 
f 1422//1422 1417//1417 1420//1420 
f 1423//1423 1424//1424 1425//1425 
f 1425//1425 1420//1420 1423//1423 
f 1426//1426 1427//1427 1428//1428 
f 1428//1428 1423//1423 1426//1426 
f 1429//1429 1430//1430 1431//1431 
f 1431//1431 1426//1426 1429//1429 
f 1432//1432 1433//1433 1434//1434 
f 1434//1434 1429//1429 1432//1432 
f 1435//1435 1436//1436 1437//1437 
f 1437//1437 1432//1432 1435//1435 
f 1438//1438 1439//1439 1440//1440 
f 1440//1440 1435//1435 1438//1438 
f 1441//1441 1442//1442 1443//1443 
f 1443//1443 1438//1438 1441//1441 
f 1444//1444 1445//1445 1446//1446 
f 1446//1446 1441//1441 1444//1444 
f 1447//1447 1448//1448 1449//1449 
f 1449//1449 1444//1444 1447//1447 
f 1450//1450 1451//1451 1452//1452 
f 1452//1452 1447//1447 1450//1450 
f 1453//1453 1454//1454 1455//1455 
f 1455//1455 1450//1450 1453//1453 
f 1456//1456 1457//1457 1458//1458 
f 1458//1458 1453//1453 1456//1456 
f 1457//1457 1456//1456 1459//1459 
f 1459//1459 1460//1460 1457//1457 
f 1458//1458 1454//1454 1453//1453 
f 1455//1455 1451//1451 1450//1450 
f 1452//1452 1448//1448 1447//1447 
f 1449//1449 1445//1445 1444//1444 
f 1446//1446 1442//1442 1441//1441 
f 1443//1443 1439//1439 1438//1438 
f 1440//1440 1436//1436 1435//1435 
f 1437//1437 1433//1433 1432//1432 
f 1434//1434 1430//1430 1429//1429 
f 1431//1431 1427//1427 1426//1426 
f 1428//1428 1424//1424 1423//1423 
f 1425//1425 1421//1421 1420//1420 
f 1422//1422 1419//1419 1417//1417 
f 1418//1418 1461//1461 1416//1416 
v -0.0231309 -0.00425 -0.0528154 
v -0.0220112 -0.00425 -0.0523135 
v -0.0219124 -0.00425 -0.0521902 
v -0.0229732 -0.00425 -0.0528071 
v -0.0222447 -0.00425 -0.0525256 
v -0.0221223 -0.00425 -0.0524257 
v -0.0226647 -0.00425 -0.0527411 
v -0.0225174 -0.00425 -0.0526842 
v -0.0217564 -0.00425 -0.051916 
v -0.0217009 -0.00425 -0.0517681 
v -0.0218272 -0.00425 -0.0520572 
v -0.0223768 -0.00425 -0.0526121 
v -0.0228172 -0.00425 -0.0527822 
v -0.0216612 -0.00425 -0.0516153 
v -0.0216378 -0.00425 -0.0514591 
v -0.0254309 -0.00425 -0.0528154 
v -0.0216309 -0.00425 -0.0513154 
v -0.0216309 -0.00425 -0.04364 
v -0.0254309 -0.00425 -0.0335828 
v -0.00196415 -0.00425 -0.00289691 
v -0.0151811 -0.00425 -0.028286 
v -0.0215247 -0.00425 -0.0415059 
v -0.000492992 -0.00425 0.0087361 
v -0.00142793 -0.00425 0.0086327 
v -0.000566237 -0.00425 0.00345389 
v -0.00234636 -0.00425 0.00842954 
v -0.000936349 -0.00425 0.00337242 
v -0.0166308 -0.00425 -0.0298557 
v -0.0190286 -0.00425 -0.0333867 
v -0.0179175 -0.00425 -0.0315616 
v -0.0206816 -0.00425 -0.0373218 
v -0.019953 -0.00425 -0.0353131 
v -0.0212073 -0.00425 -0.0393929 
v 0.000447641 -0.00425 0.00873854 
v -0.000189486 -0.00425 0.00349487 
v -0.00341817 -0.00425 -0.000752397 
v -0.00347948 -0.00425 -0.000378417 
v 0.0121845 -0.00425 -0.00949929 
v 0.0118849 -0.00425 -0.00962511 
v 0.0119891 -0.00425 -0.00959414 
v 0.0122733 -0.00425 -0.00943654 
v 0.0115608 -0.00425 -0.00964824 
v 0.0116695 -0.00425 -0.00965232 
v 0.00319544 -0.00425 0.00814565 
v 0.00230258 -0.00425 0.0084416 
v 0.000936349 -0.00425 0.00337242 
v 0.0013831 -0.00425 0.00864 
v 0.000566237 -0.00425 0.00345389 
v 0.000189486 -0.00425 0.00349487 
v -0.00331679 -0.00425 -0.00111756 
v 0.011998 -0.00425 -0.00768914 
v 0.0118979 -0.00425 -0.00765852 
v 0.0125831 -0.00425 -0.00825427 
v 0.0125389 -0.00425 -0.0081594 
v 0.0120894 -0.00425 -0.00955203 
v 0.0117779 -0.00425 -0.00964458 
v -0.0048982 -0.00425 0.00725053 
v -0.00196415 -0.00425 0.00289691 
v -0.00163943 -0.00425 0.00309229 
v -0.00564821 -0.00425 0.00668283 
v -0.00226585 -0.00425 0.00266757 
v -0.00317651 -0.00425 -0.00146961 
v -0.00278633 -0.00425 -0.00211811 
v -0.002999 -0.00425 -0.00180444 
v -0.00163943 -0.00425 -0.00309229 
v -0.0135827 -0.00425 -0.026868 
v -0.0119582 -0.00425 -0.0256854 
v -0.00658534 -0.00425 -0.0180398 
v 0.0120944 -0.00425 -0.00773004 
v 0.0122717 -0.00425 -0.00784084 
v 0.0121859 -0.00425 -0.0077808 
v 0.012485 -0.00425 -0.00806968 
v 0.012422 -0.00425 -0.00798608 
v 0.0126172 -0.00425 -0.00835324 
v 0.0125459 -0.00425 -0.00910184 
v 0.0125895 -0.00425 -0.00900219 
v 0.0124279 -0.00425 -0.00928408 
v 0.0124919 -0.00425 -0.00919617 
v 0.0123547 -0.00425 -0.00936452 
v 0.00852161 -0.00425 0.0019861 
v 0.00825918 -0.00425 0.00288938 
v 0.00331679 -0.00425 0.00111756 
v 0.00790129 -0.00425 0.00375927 
v 0.00317651 -0.00425 0.00146961 
v 0.00691677 -0.00425 0.00535918 
v 0.00630152 -0.00425 0.0060707 
v 0.00254098 -0.00425 0.00240695 
v 0.00561344 -0.00425 0.00671206 
v 0.00226585 -0.00425 0.00266757 
v 0.0048605 -0.00425 0.00727586 
v 0.00196415 -0.00425 0.00289691 
v 0.00405138 -0.00425 0.00775557 
v 0.00163943 -0.00425 0.00309229 
v 0.00129548 -0.00425 0.00325142 
v -0.00409158 -0.00425 0.00773443 
v -0.00129548 -0.00425 0.00325142 
v -0.00226585 -0.00425 -0.00266757 
v -0.00222957 -0.00425 -0.0135485 
v 0.00632074 -0.00425 -0.00646656 
v 0.00630828 -0.00425 -0.00639933 
v 0.0123506 -0.00425 -0.00790952 
v 0.0126408 -0.00425 -0.00845523 
v 0.0126553 -0.00425 -0.00866378 
v 0.0126535 -0.00425 -0.00855913 
v 0.0064675 -0.00425 -0.00589355 
v 0.00706278 -0.00425 -0.00516524 
v 0.00278633 -0.00425 -0.00211811 
v 0.00745209 -0.00425 0.00458572 
v 0.002999 -0.00425 0.00180444 
v 0.00278633 -0.00425 0.00211811 
v -0.00323768 -0.00425 0.00812896 
v -0.00792069 -0.00425 0.00371821 
v -0.00341817 -0.00425 0.000752397 
v -0.00331679 -0.00425 0.00111756 
v -0.0035 -0.00425 0 
v -0.00347948 -0.00425 0.000378417 
v -0.00254098 -0.00425 -0.00240695 
v -0.00129548 -0.00425 -0.00325142 
v -0.00383633 -0.00425 -0.0148901 
v 0.00254098 -0.00425 -0.00240695 
v 0.00642426 -0.00425 -0.00594651 
v 0.00874916 -0.00425 0.000121378 
v 0.00868557 -0.00425 0.00105986 
v 0.00347948 -0.00425 0.000378417 
v 0.00341817 -0.00425 0.000752397 
v -0.00633294 -0.00425 0.00603791 
v -0.00254098 -0.00425 0.00240695 
v -0.0069445 -0.00425 0.0053232 
v -0.00278633 -0.00425 0.00211811 
v -0.0052936 -0.00425 -0.0163927 
v 0.0126219 -0.00425 -0.0088984 
v 0.00757643 -0.00425 -0.00437723 
v 0.002999 -0.00425 -0.00180444 
v 0.00800253 -0.00425 -0.00353864 
v 0.00317651 -0.00425 -0.00146961 
v 0.00833615 -0.00425 -0.00265915 
v 0.00857343 -0.00425 -0.00174894 
v 0.00341817 -0.00425 -0.000752397 
v 0.00871163 -0.00425 -0.000818509 
v 0.00347948 -0.00425 -0.000378417 
v 0.00633213 -0.00425 -0.00612889 
v 0.000189486 -0.00425 -0.00349487 
v -5.51091e-19 -0.00425 -0.0035 
v -0.00747579 -0.00425 0.00454698 
v -0.002999 -0.00425 0.00180444 
v -0.00317651 -0.00425 0.00146961 
v 0.0126462 -0.00425 -0.00876806 
v 0.0126429 -0.00425 -0.00879171 
v 0.00226585 -0.00425 -0.00266757 
v 0.00331679 -0.00425 -0.00111756 
v -0.000189486 -0.00425 -0.00349487 
v 0.00635617 -0.00425 -0.00606488 
v 0.000566237 -0.00425 -0.00345389 
v 0.0117952 -0.00425 -0.00763854 
v 0.00684571 -0.00425 -0.00694253 
v 0.00946922 -0.00425 -0.00956573 
v -0.000566237 -0.00425 -0.00345389 
v -0.000936349 -0.00425 -0.00337242 
v 0.0035 -0.00425 2.68e-18 
v 0.006387 -0.00425 -0.00600384 
v 0.00196415 -0.00425 -0.00289691 
v 0.00129548 -0.00425 -0.00325142 
v 0.00738052 -0.00425 -0.00970292 
v 0.00531771 -0.00425 -0.0100583 
v 0.00163943 -0.00425 -0.00309229 
v 0.000936349 -0.00425 -0.00337242 
v 0.00631517 -0.00425 -0.00619512 
v 0.00634041 -0.00425 -0.00653204 
v 0.00677862 -0.00425 -0.00692935 
v 0.00630317 -0.00425 -0.00633114 
v 0.00630548 -0.00425 -0.00626281 
v 0.00643994 -0.00425 -0.00671048 
v -0.000491032 -0.00425 -0.0123827 
v 0.00136013 -0.00425 -0.0114056 
v 0.00659131 -0.00425 -0.00684772 
v 0.00330351 -0.00425 -0.010628 
v 0.00640037 -0.00425 -0.00665473 
v 0.00648533 -0.00425 -0.00676163 
v 0.00665067 -0.00425 -0.00688167 
v 0.00671335 -0.00425 -0.00690898 
v 0.00636706 -0.00425 -0.00659501 
v 0.00653598 -0.00425 -0.00680755 
vn 1.22465e-16 -1 0 
vn 1.22465e-16 -1 0 
vn 1.22465e-16 -1 0 
vn 1.22465e-16 -1 0 
vn 1.22465e-16 -1 0 
vn 1.22465e-16 -1 0 
vn 1.22465e-16 -1 0 
vn 1.22465e-16 -1 0 
vn 1.22465e-16 -1 0 
vn 1.22465e-16 -1 0 
vn 1.22465e-16 -1 0 
vn 1.22465e-16 -1 0 
vn 1.22465e-16 -1 0 
vn 1.22465e-16 -1 0 
vn 1.22465e-16 -1 0 
vn 1.22465e-16 -1 0 
vn 1.22465e-16 -1 0 
vn 1.22465e-16 -1 0 
vn 1.22465e-16 -1 0 
vn 1.22465e-16 -1 0 
vn 1.22465e-16 -1 0 
vn 1.22465e-16 -1 0 
vn 1.22465e-16 -1 0 
vn 1.22465e-16 -1 0 
vn 1.22465e-16 -1 0 
vn 1.22465e-16 -1 0 
vn 1.22465e-16 -1 0 
vn 1.22465e-16 -1 0 
vn 1.22465e-16 -1 0 
vn 1.22465e-16 -1 0 
vn 1.22465e-16 -1 0 
vn 1.22465e-16 -1 0 
vn 1.22465e-16 -1 0 
vn 1.22465e-16 -1 0 
vn 1.22465e-16 -1 0 
vn 1.22465e-16 -1 0 
vn 1.22465e-16 -1 0 
vn 1.22465e-16 -1 0 
vn 1.22465e-16 -1 0 
vn 1.22465e-16 -1 0 
vn 1.22465e-16 -1 0 
vn 1.22465e-16 -1 0 
vn 1.22465e-16 -1 0 
vn 1.22465e-16 -1 0 
vn 1.22465e-16 -1 0 
vn 1.22465e-16 -1 0 
vn 1.22465e-16 -1 0 
vn 1.22465e-16 -1 0 
vn 1.22465e-16 -1 0 
vn 1.22465e-16 -1 0 
vn 1.22465e-16 -1 0 
vn 1.22465e-16 -1 0 
vn 1.22465e-16 -1 0 
vn 1.22465e-16 -1 0 
vn 1.22465e-16 -1 0 
vn 1.22465e-16 -1 0 
vn 1.22465e-16 -1 0 
vn 1.22465e-16 -1 0 
vn 1.22465e-16 -1 0 
vn 1.22465e-16 -1 0 
vn 1.22465e-16 -1 0 
vn 1.22465e-16 -1 0 
vn 1.22465e-16 -1 0 
vn 1.22465e-16 -1 0 
vn 1.22465e-16 -1 0 
vn 1.22465e-16 -1 0 
vn 1.22465e-16 -1 0 
vn 1.22465e-16 -1 0 
vn 1.22465e-16 -1 0 
vn 1.22465e-16 -1 0 
vn 1.22465e-16 -1 0 
vn 1.22465e-16 -1 0 
vn 1.22465e-16 -1 0 
vn 1.22465e-16 -1 0 
vn 1.22465e-16 -1 0 
vn 1.22465e-16 -1 0 
vn 1.22465e-16 -1 0 
vn 1.22465e-16 -1 0 
vn 1.22465e-16 -1 0 
vn 1.22465e-16 -1 0 
vn 1.22465e-16 -1 0 
vn 1.22465e-16 -1 0 
vn 1.22465e-16 -1 0 
vn 1.22465e-16 -1 0 
vn 1.22465e-16 -1 0 
vn 1.22465e-16 -1 0 
vn 1.22465e-16 -1 0 
vn 1.22465e-16 -1 0 
vn 1.22465e-16 -1 0 
vn 1.22465e-16 -1 0 
vn 1.22465e-16 -1 0 
vn 1.22465e-16 -1 0 
vn 1.22465e-16 -1 0 
vn 1.22465e-16 -1 0 
vn 1.22465e-16 -1 0 
vn 1.22465e-16 -1 0 
vn 1.22465e-16 -1 0 
vn 1.22465e-16 -1 0 
vn 1.22465e-16 -1 0 
vn 1.22465e-16 -1 0 
vn 1.22465e-16 -1 0 
vn 1.22465e-16 -1 0 
vn 1.22465e-16 -1 0 
vn 1.22465e-16 -1 0 
vn 1.22465e-16 -1 0 
vn 1.22465e-16 -1 0 
vn 1.22465e-16 -1 0 
vn 1.22465e-16 -1 0 
vn 1.22465e-16 -1 0 
vn 1.22465e-16 -1 0 
vn 1.22465e-16 -1 0 
vn 1.22465e-16 -1 0 
vn 1.22465e-16 -1 0 
vn 1.22465e-16 -1 0 
vn 1.22465e-16 -1 0 
vn 1.22465e-16 -1 0 
vn 1.22465e-16 -1 0 
vn 1.22465e-16 -1 0 
vn 1.22465e-16 -1 0 
vn 1.22465e-16 -1 0 
vn 1.22465e-16 -1 0 
vn 1.22465e-16 -1 0 
vn 1.22465e-16 -1 0 
vn 1.22465e-16 -1 0 
vn 1.22465e-16 -1 0 
vn 1.22465e-16 -1 0 
vn 1.22465e-16 -1 0 
vn 1.22465e-16 -1 0 
vn 1.22465e-16 -1 0 
vn 1.22465e-16 -1 0 
vn 1.22465e-16 -1 0 
vn 1.22465e-16 -1 0 
vn 1.22465e-16 -1 0 
vn 1.22465e-16 -1 0 
vn 1.22465e-16 -1 0 
vn 1.22465e-16 -1 0 
vn 1.22465e-16 -1 0 
vn 1.22465e-16 -1 0 
vn 1.22465e-16 -1 0 
vn 1.22465e-16 -1 0 
vn 1.22465e-16 -1 0 
vn 1.22465e-16 -1 0 
vn 1.22465e-16 -1 0 
vn 1.22465e-16 -1 0 
vn 1.22465e-16 -1 0 
vn 1.22465e-16 -1 0 
vn 1.22465e-16 -1 0 
vn 1.22465e-16 -1 0 
vn 1.22465e-16 -1 0 
vn 1.22465e-16 -1 0 
vn 1.22465e-16 -1 0 
vn 1.22465e-16 -1 0 
vn 1.22465e-16 -1 0 
vn 1.22465e-16 -1 0 
vn 1.22465e-16 -1 0 
vn 1.22465e-16 -1 0 
vn 1.22465e-16 -1 0 
vn 1.22465e-16 -1 0 
vn 1.22465e-16 -1 0 
vn 1.22465e-16 -1 0 
vn 1.22465e-16 -1 0 
vn 1.22465e-16 -1 0 
vn 1.22465e-16 -1 0 
vn 1.22465e-16 -1 0 
vn 1.22465e-16 -1 0 
vn 1.22465e-16 -1 0 
vn 1.22465e-16 -1 0 
vn 1.22465e-16 -1 0 
vn 1.22465e-16 -1 0 
vn 1.22465e-16 -1 0 
vn 1.22465e-16 -1 0 
vn 1.22465e-16 -1 0 
vn 1.22465e-16 -1 0 
vn 1.22465e-16 -1 0 
vn 1.22465e-16 -1 0 
vn 1.22465e-16 -1 0 
vn 1.22465e-16 -1 0 
vn 1.22465e-16 -1 0 
vn 1.22465e-16 -1 0 
vn 1.22465e-16 -1 0 
vn 1.22465e-16 -1 0 
vn 1.22465e-16 -1 0 
f 1462//1462 1463//1463 1464//1464 
f 1465//1465 1466//1466 1467//1467 
f 1465//1465 1468//1468 1469//1469 
f 1462//1462 1470//1470 1471//1471 
f 1464//1464 1472//1472 1462//1462 
f 1465//1465 1473//1473 1466//1466 
f 1465//1465 1474//1474 1468//1468 
f 1472//1472 1470//1470 1462//1462 
f 1469//1469 1473//1473 1465//1465 
f 1471//1471 1475//1475 1462//1462 
f 1463//1463 1462//1462 1465//1465 
f 1467//1467 1463//1463 1465//1465 
f 1475//1475 1476//1476 1462//1462 
f 1477//1477 1478//1478 1479//1479 
f 1478//1478 1477//1477 1462//1462 
f 1476//1476 1478//1478 1462//1462 
f 1479//1479 1480//1480 1477//1477 
f 1481//1481 1480//1480 1482//1482 
f 1479//1479 1483//1483 1480//1480 
f 1484//1484 1485//1485 1486//1486 
f 1485//1485 1487//1487 1488//1488 
f 1480//1480 1489//1489 1482//1482 
f 1480//1480 1490//1490 1491//1491 
f 1480//1480 1492//1492 1493//1493 
f 1483//1483 1494//1494 1480//1480 
f 1495//1495 1484//1484 1496//1496 
f 1488//1488 1486//1486 1485//1485 
f 1480//1480 1497//1497 1498//1498 
f 1491//1491 1489//1489 1480//1480 
f 1494//1494 1492//1492 1480//1480 
f 1499//1499 1500//1500 1501//1501 
f 1502//1502 1503//1503 1504//1504 
f 1505//1505 1506//1506 1507//1507 
f 1506//1506 1508//1508 1509//1509 
f 1508//1508 1495//1495 1510//1510 
f 1486//1486 1496//1496 1484//1484 
f 1480//1480 1511//1511 1497//1497 
f 1493//1493 1490//1490 1480//1480 
f 1503//1503 1512//1512 1513//1513 
f 1503//1503 1514//1514 1515//1515 
f 1501//1501 1516//1516 1499//1499 
f 1504//1504 1517//1517 1502//1502 
f 1509//1509 1507//1507 1506//1506 
f 1496//1496 1510//1510 1495//1495 
f 1518//1518 1519//1519 1520//1520 
f 1521//1521 1522//1522 1519//1519 
f 1480//1480 1523//1523 1511//1511 
f 1480//1480 1524//1524 1525//1525 
f 1482//1482 1526//1526 1481//1481 
f 1527//1527 1528//1528 1529//1529 
f 1503//1503 1530//1530 1512//1512 
f 1503//1503 1531//1531 1532//1532 
f 1503//1503 1533//1533 1534//1534 
f 1503//1503 1535//1535 1514//1514 
f 1503//1503 1536//1536 1537//1537 
f 1503//1503 1538//1538 1539//1539 
f 1503//1503 1502//1502 1540//1540 
f 1517//1517 1500//1500 1502//1502 
f 1541//1541 1542//1542 1543//1543 
f 1542//1542 1544//1544 1545//1545 
f 1546//1546 1547//1547 1548//1548 
f 1547//1547 1549//1549 1550//1550 
f 1549//1549 1551//1551 1552//1552 
f 1551//1551 1553//1553 1554//1554 
f 1553//1553 1505//1505 1555//1555 
f 1510//1510 1509//1509 1508//1508 
f 1556//1556 1520//1520 1557//1557 
f 1519//1519 1518//1518 1521//1521 
f 1525//1525 1523//1523 1480//1480 
f 1481//1481 1558//1558 1480//1480 
f 1559//1559 1560//1560 1561//1561 
f 1529//1529 1526//1526 1527//1527 
f 1532//1532 1530//1530 1503//1503 
f 1534//1534 1562//1562 1503//1503 
f 1503//1503 1563//1563 1535//1535 
f 1503//1503 1564//1564 1565//1565 
f 1539//1539 1536//1536 1503//1503 
f 1499//1499 1502//1502 1500//1500 
f 1566//1566 1567//1567 1568//1568 
f 1545//1545 1543//1543 1542//1542 
f 1544//1544 1569//1569 1570//1570 
f 1569//1569 1546//1546 1571//1571 
f 1550//1550 1548//1548 1547//1547 
f 1554//1554 1552//1552 1551//1551 
f 1507//1507 1555//1555 1505//1505 
f 1487//1487 1572//1572 1557//1557 
f 1520//1520 1556//1556 1518//1518 
f 1573//1573 1574//1574 1575//1575 
f 1573//1573 1576//1576 1577//1577 
f 1498//1498 1573//1573 1480//1480 
f 1558//1558 1578//1578 1480//1480 
f 1579//1579 1580//1580 1559//1559 
f 1526//1526 1482//1482 1527//1527 
f 1562//1562 1531//1531 1503//1503 
f 1565//1565 1563//1563 1503//1503 
f 1540//1540 1538//1538 1503//1503 
f 1581//1581 1582//1582 1566//1566 
f 1583//1583 1584//1584 1585//1585 
f 1584//1584 1541//1541 1586//1586 
f 1570//1570 1545//1545 1544//1544 
f 1548//1548 1571//1571 1546//1546 
f 1555//1555 1554//1554 1553//1553 
f 1557//1557 1572//1572 1556//1556 
f 1587//1587 1588//1588 1522//1522 
f 1589//1589 1590//1590 1588//1588 
f 1577//1577 1574//1574 1573//1573 
f 1578//1578 1524//1524 1480//1480 
f 1561//1561 1579//1579 1559//1559 
f 1529//1529 1591//1591 1526//1526 
f 1515//1515 1533//1533 1503//1503 
f 1537//1537 1592//1592 1503//1503 
f 1568//1568 1581//1581 1566//1566 
f 1567//1567 1593//1593 1594//1594 
f 1593//1593 1595//1595 1596//1596 
f 1597//1597 1598//1598 1599//1599 
f 1598//1598 1600//1600 1601//1601 
f 1602//1602 1603//1603 1604//1604 
f 1586//1586 1585//1585 1584//1584 
f 1571//1571 1570//1570 1569//1569 
f 1557//1557 1488//1488 1487//1487 
f 1588//1588 1587//1587 1589//1589 
f 1605//1605 1606//1606 1590//1590 
f 1573//1573 1607//1607 1606//1606 
f 1498//1498 1576//1576 1573//1573 
f 1591//1591 1580//1580 1526//1526 
f 1503//1503 1608//1608 1564//1564 
f 1592//1592 1609//1609 1503//1503 
f 1581//1581 1610//1610 1582//1582 
f 1596//1596 1594//1594 1593//1593 
f 1595//1595 1597//1597 1611//1611 
f 1601//1601 1599//1599 1598//1598 
f 1604//1604 1612//1612 1602//1602 
f 1602//1602 1613//1613 1614//1614 
f 1543//1543 1586//1586 1541//1541 
f 1522//1522 1521//1521 1587//1587 
f 1606//1606 1605//1605 1573//1573 
f 1579//1579 1526//1526 1580//1580 
f 1609//1609 1608//1608 1503//1503 
f 1615//1615 1616//1616 1617//1617 
f 1594//1594 1568//1568 1567//1567 
f 1599//1599 1611//1611 1597//1597 
f 1602//1602 1618//1618 1619//1619 
f 1614//1614 1603//1603 1602//1602 
f 1552//1552 1550//1550 1549//1549 
f 1575//1575 1607//1607 1573//1573 
f 1617//1617 1503//1503 1615//1615 
f 1611//1611 1596//1596 1595//1595 
f 1600//1600 1583//1583 1620//1620 
f 1621//1621 1582//1582 1622//1622 
f 1613//1613 1621//1621 1623//1623 
f 1612//1612 1618//1618 1602//1602 
f 1590//1590 1589//1589 1605//1605 
f 1616//1616 1624//1624 1617//1617 
f 1625//1625 1624//1624 1616//1616 
f 1620//1620 1601//1601 1600//1600 
f 1622//1622 1626//1626 1621//1621 
f 1623//1623 1627//1627 1613//1613 
f 1579//1579 1628//1628 1602//1602 
f 1559//1559 1629//1629 1560//1560 
f 1616//1616 1630//1630 1625//1625 
f 1626//1626 1623//1623 1621//1621 
f 1619//1619 1579//1579 1602//1602 
f 1579//1579 1631//1631 1632//1632 
f 1585//1585 1620//1620 1583//1583 
f 1633//1633 1634//1634 1635//1635 
f 1636//1636 1637//1637 1625//1625 
f 1513//1513 1615//1615 1503//1503 
f 1627//1627 1614//1614 1613//1613 
f 1561//1561 1631//1631 1579//1579 
f 1559//1559 1633//1633 1638//1638 
f 1633//1633 1559//1559 1634//1634 
f 1639//1639 1635//1635 1637//1637 
f 1625//1625 1640//1640 1636//1636 
f 1630//1630 1641//1641 1625//1625 
f 1632//1632 1628//1628 1579//1579 
f 1638//1638 1642//1642 1559//1559 
f 1637//1637 1643//1643 1639//1639 
f 1641//1641 1640//1640 1625//1625 
f 1642//1642 1629//1629 1559//1559 
f 1636//1636 1643//1643 1637//1637 
f 1635//1635 1639//1639 1633//1633 
f 1610//1610 1622//1622 1582//1582 
v -0.0231309 -0.00423614 -0.0530079 
v -0.0254799 -0.00424157 -0.0529622 
v -0.0254882 -0.00424013 -0.0529871 
v -0.0231309 -0.00424168 -0.0529731 
v -0.0231309 -0.00424841 -0.0528456 
v -0.025441 -0.00424826 -0.0528456 
v -0.0254554 -0.00424578 -0.0528888 
v -0.0231309 -0.00421683 -0.0531291 
v -0.0255041 -0.00423196 -0.053035 
v -0.0255282 -0.00421957 -0.0531074 
v -0.0254951 -0.00423658 -0.053008 
v -0.0231309 -0.00420638 -0.0531679 
v -0.025542 -0.00421254 -0.0531485 
v -0.0255485 -0.00420697 -0.053168 
v -0.0231309 -0.00417571 -0.0532816 
v -0.0255757 -0.00418359 -0.0532498 
v -0.0231309 -0.00415946 -0.0533237 
v -0.0255943 -0.00416768 -0.0533055 
v -0.0256004 -0.00416016 -0.0533239 
v -0.0231309 -0.00409594 -0.0534734 
v -0.0256219 -0.00413396 -0.0533882 
v -0.0256444 -0.00410635 -0.0534559 
v -0.0231309 -0.00411878 -0.0534289 
v -0.0231309 -0.00404668 -0.0535695 
v -0.0256504 -0.0040967 -0.0534738 
v -0.0256662 -0.00407109 -0.0535213 
v -0.0231309 -0.00401658 -0.0536155 
v -0.0256918 -0.00402967 -0.053598 
v -0.0256978 -0.00401733 -0.0536159 
v -0.0231309 -0.00392231 -0.053748 
v -0.0257083 -0.00399556 -0.0536476 
v -0.0257357 -0.00393901 -0.0537299 
v -0.0231309 -0.00396019 -0.0537016 
v -0.0231309 -0.00381423 -0.0538696 
v -0.0257664 -0.00386024 -0.0538218 
v -0.0257759 -0.00383589 -0.0538502 
v -0.0231309 -0.00386029 -0.053824 
v -0.025742 -0.00392299 -0.0537486 
v -0.0257478 -0.00390811 -0.0537659 
v -0.0231309 -0.00369362 -0.0539788 
v -0.0257841 -0.00380959 -0.0538751 
v -0.0258118 -0.00372192 -0.0539579 
v -0.0258171 -0.00370089 -0.053974 
v -0.0231309 -0.00374808 -0.0539351 
v -0.0257825 -0.0038148 -0.0538701 
v -0.0231309 -0.0036248 -0.0540339 
v -0.0258189 -0.00369405 -0.0539792 
v -0.0231309 -0.0035619 -0.0540742 
v -0.0258432 -0.00359874 -0.0540522 
v -0.0258464 -0.00358289 -0.0540619 
v -0.0231309 -0.00349182 -0.0541191 
v -0.0258506 -0.00356219 -0.0540746 
v -0.0258593 -0.00352003 -0.0541005 
v -0.0231309 -0.00342062 -0.0541548 
v -0.0258699 -0.00346796 -0.0541324 
v -0.0258775 -0.00342079 -0.0541551 
v -0.0231309 -0.00335062 -0.0541899 
v -0.0258824 -0.00339018 -0.0541698 
v -0.0231309 -0.00327143 -0.0542196 
v -0.0258919 -0.00333112 -0.0541983 
v -0.0258991 -0.00327153 -0.0542198 
v -0.0231309 -0.0031161 -0.0542679 
v -0.0259011 -0.00325428 -0.0542261 
v -0.025909 -0.00318965 -0.0542495 
v -0.0231309 -0.00320276 -0.0542454 
v -0.0231309 -0.00304987 -0.0542851 
v -0.0259151 -0.00311616 -0.0542681 
v -0.0259154 -0.00311364 -0.0542687 
v -0.0231309 -0.00295645 -0.0542991 
v -0.0259212 -0.00304491 -0.0542861 
v -0.0259249 -0.00296961 -0.0542974 
v -0.0259256 -0.00295648 -0.0542993 
v -0.0231309 -0.00289366 -0.0543085 
v -0.0231309 -0.00279437 -0.0543133 
v -0.0259285 -0.00289817 -0.0543081 
v -0.0259297 -0.00282347 -0.0543118 
v -0.0259302 -0.00279436 -0.0543132 
v -0.0231309 -0.00275 -0.0543154 
v -0.0231309 -0.00425 -0.0528154 
v -0.0254309 -0.00425 -0.0528154 
v -0.025931 -0.00275 -0.0543154 
vn -1.01333e-09 -0.991715 -0.128461 
vn -7.72707e-10 -0.995191 -0.0979563 
vn -9.03239e-10 -0.993423 -0.114504 
vn -8.29479e-10 -0.994456 -0.105153 
vn -1.59146e-10 -0.999796 -0.0201751 
vn -1.59096e-10 -0.999797 -0.0201687 
vn -3.86799e-10 -0.998797 -0.0490347 
vn -1.64976e-09 -0.977886 -0.209141 
vn -1.1562e-09 -0.9892 -0.146572 
vn -1.53734e-09 -0.980825 -0.194889 
vn -1.01335e-09 -0.991714 -0.128462 
vn -1.85558e-09 -0.971939 -0.235232 
vn -1.75179e-09 -0.97503 -0.222075 
vn -1.85559e-09 -0.971939 -0.235234 
vn -2.45175e-09 -0.950472 -0.310809 
vn -2.28769e-09 -0.957023 -0.290011 
vn -2.67595e-09 -0.940703 -0.339231 
vn -2.57729e-09 -0.94512 -0.326724 
vn -2.67595e-09 -0.940703 -0.339232 
vn -3.46477e-09 -0.898374 -0.439231 
vn -3.0168e-09 -0.92398 -0.382441 
vn -3.36861e-09 -0.904233 -0.42704 
vn -3.22655e-09 -0.91252 -0.409031 
vn -3.96558e-09 -0.86445 -0.502718 
vn -3.46476e-09 -0.898375 -0.439229 
vn -3.71742e-09 -0.881995 -0.471259 
vn -4.21275e-09 -0.845452 -0.534051 
vn -4.11548e-09 -0.853116 -0.521721 
vn -4.21271e-09 -0.845455 -0.534047 
vn -4.91105e-09 -0.78256 -0.622575 
vn -4.3823e-09 -0.831486 -0.555546 
vn -4.80907e-09 -0.792673 -0.609647 
vn -4.66064e-09 -0.806795 -0.590831 
vn -5.55144e-09 -0.71044 -0.703758 
vn -5.29785e-09 -0.740905 -0.67161 
vn -5.44194e-09 -0.723927 -0.689877 
vn -5.30402e-09 -0.740195 -0.672393 
vn -4.91099e-09 -0.782566 -0.622568 
vn -5.00458e-09 -0.772979 -0.634432 
vn -6.12637e-09 -0.629942 -0.776642 
vn -5.57809e-09 -0.707078 -0.707136 
vn -6.00841e-09 -0.647944 -0.761688 
vn -6.09762e-09 -0.634409 -0.772997 
vn -5.88859e-09 -0.665387 -0.746499 
vn -5.55136e-09 -0.71045 -0.703748 
vn -6.40787e-09 -0.583201 -0.812328 
vn -6.12628e-09 -0.629956 -0.776631 
vn -6.62906e-09 -0.542016 -0.840368 
vn -6.50407e-09 -0.565829 -0.824523 
vn -6.55887e-09 -0.555568 -0.831471 
vn -6.8561e-09 -0.494549 -0.86915 
vn -6.62898e-09 -0.542032 -0.840358 
vn -6.76651e-09 -0.513995 -0.857793 
vn -7.05358e-09 -0.447698 -0.894185 
vn -6.92601e-09 -0.478638 -0.878012 
vn -7.05351e-09 -0.447715 -0.894176 
vn -7.22831e-09 -0.400413 -0.916335 
vn -7.13178e-09 -0.427324 -0.904098 
vn -7.39492e-09 -0.348101 -0.937457 
vn -7.27226e-09 -0.38741 -0.921907 
vn -7.39488e-09 -0.348115 -0.937452 
vn -7.64907e-09 -0.244399 -0.969675 
vn -7.42796e-09 -0.336607 -0.941645 
vn -7.54185e-09 -0.293097 -0.956083 
vn -7.52037e-09 -0.301837 -0.953359 
vn -7.72904e-09 -0.199915 -0.979813 
vn -7.64905e-09 -0.244407 -0.969673 
vn -7.65237e-09 -0.24273 -0.970094 
vn -7.81301e-09 -0.137815 -0.990458 
vn -7.73432e-09 -0.196608 -0.980482 
vn -7.80307e-09 -0.146584 -0.989198 
vn -7.81301e-09 -0.137817 -0.990458 
vn -7.85202e-09 -0.0957762 -0.995403 
vn -7.88482e-09 -0.0296068 -0.999562 
vn -7.8497e-09 -0.0987772 -0.99511 
vn -7.87879e-09 -0.04904 -0.998797 
vn -7.88482e-09 -0.0296044 -0.999562 
vn -7.88828e-09 4.16073e-08 -1 
vn 0 -1 5.6371e-15 
vn 0 -1 5.6371e-15 
vn -7.88828e-09 1.25008e-15 -1 
f 1644//1644 1645//1645 1646//1646 
f 1647//1647 1648//1648 1649//1649 
f 1649//1649 1650//1650 1647//1647 
f 1645//1645 1644//1644 1647//1647 
f 1650//1650 1645//1645 1647//1647 
f 1651//1651 1652//1652 1653//1653 
f 1651//1651 1644//1644 1654//1654 
f 1654//1654 1652//1652 1651//1651 
f 1655//1655 1651//1651 1656//1656 
f 1656//1656 1657//1657 1655//1655 
f 1658//1658 1655//1655 1657//1657 
f 1657//1657 1659//1659 1658//1658 
f 1660//1660 1658//1658 1661//1661 
f 1661//1661 1662//1662 1660//1660 
f 1663//1663 1664//1664 1665//1665 
f 1666//1666 1660//1660 1662//1662 
f 1664//1664 1663//1663 1666//1666 
f 1662//1662 1664//1664 1666//1666 
f 1667//1667 1663//1663 1668//1668 
f 1668//1668 1669//1669 1667//1667 
f 1670//1670 1667//1667 1671//1671 
f 1671//1671 1672//1672 1670//1670 
f 1673//1673 1674//1674 1675//1675 
f 1676//1676 1670//1670 1672//1672 
f 1674//1674 1673//1673 1676//1676 
f 1672//1672 1674//1674 1676//1676 
f 1677//1677 1678//1678 1679//1679 
f 1680//1680 1673//1673 1681//1681 
f 1681//1681 1682//1682 1680//1680 
f 1678//1678 1677//1677 1680//1680 
f 1682//1682 1678//1678 1680//1680 
f 1683//1683 1684//1684 1685//1685 
f 1685//1685 1686//1686 1683//1683 
f 1687//1687 1677//1677 1688//1688 
f 1684//1684 1683//1683 1687//1687 
f 1688//1688 1684//1684 1687//1687 
f 1689//1689 1683//1683 1690//1690 
f 1691//1691 1689//1689 1692//1692 
f 1692//1692 1693//1693 1691//1691 
f 1690//1690 1692//1692 1689//1689 
f 1694//1694 1691//1691 1695//1695 
f 1695//1695 1696//1696 1694//1694 
f 1697//1697 1694//1694 1698//1698 
f 1698//1698 1699//1699 1697//1697 
f 1700//1700 1697//1697 1699//1699 
f 1699//1699 1701//1701 1700//1700 
f 1702//1702 1700//1700 1703//1703 
f 1703//1703 1704//1704 1702//1702 
f 1705//1705 1706//1706 1707//1707 
f 1708//1708 1702//1702 1704//1704 
f 1706//1706 1705//1705 1708//1708 
f 1704//1704 1706//1706 1708//1708 
f 1709//1709 1705//1705 1710//1710 
f 1710//1710 1711//1711 1709//1709 
f 1712//1712 1709//1709 1713//1713 
f 1713//1713 1714//1714 1712//1712 
f 1714//1714 1715//1715 1712//1712 
f 1716//1716 1712//1712 1715//1715 
f 1717//1717 1716//1716 1718//1718 
f 1718//1718 1719//1719 1717//1717 
f 1719//1719 1720//1720 1717//1717 
f 1721//1721 1717//1717 1720//1720 
f 1648//1648 1722//1722 1723//1723 
f 1723//1723 1649//1649 1648//1648 
f 1720//1720 1724//1724 1721//1721 
f 1715//1715 1718//1718 1716//1716 
f 1711//1711 1713//1713 1709//1709 
f 1707//1707 1710//1710 1705//1705 
f 1701//1701 1703//1703 1700//1700 
f 1696//1696 1698//1698 1694//1694 
f 1693//1693 1695//1695 1691//1691 
f 1686//1686 1690//1690 1683//1683 
f 1679//1679 1688//1688 1677//1677 
f 1675//1675 1681//1681 1673//1673 
f 1669//1669 1671//1671 1667//1667 
f 1665//1665 1668//1668 1663//1663 
f 1659//1659 1661//1661 1658//1658 
f 1653//1653 1656//1656 1651//1651 
f 1646//1646 1654//1654 1644//1644 
v -0.0261486 -0.00396214 -0.053533 
v -0.0261926 -0.00391936 -0.0535771 
v -0.0261692 -0.00391888 -0.0535999 
v -0.026104 -0.00396046 -0.0535758 
v -0.0264774 -0.00382301 -0.0531956 
v -0.0264237 -0.00387251 -0.0531759 
v -0.0264732 -0.00382875 -0.0531628 
v -0.0264908 -0.00380991 -0.0531687 
v -0.0266353 -0.00284358 -0.0540197 
v -0.0266368 -0.00275 -0.0540212 
v -0.0266368 -0.00275 -0.0540213 
v -0.0265997 -0.00284349 -0.0540531 
v -0.0269293 -0.00275 -0.0533448 
v -0.0269277 -0.00282588 -0.0533637 
v -0.0269286 -0.00279409 -0.0533146 
v -0.0269309 -0.00275 -0.0533154 
v -0.0269271 -0.00282345 -0.0533141 
v -0.0257256 -0.00420789 -0.05311 
v -0.0258226 -0.00417359 -0.0532071 
v -0.0257981 -0.00417293 -0.0532311 
v -0.0256886 -0.00420634 -0.0531463 
v -0.0259634 -0.0039362 -0.0536938 
v -0.0259954 -0.00389144 -0.0537454 
v -0.0259695 -0.00388413 -0.053764 
v -0.0259147 -0.00392184 -0.0537292 
v -0.0260122 -0.00407104 -0.0533966 
v -0.025976 -0.00406979 -0.0534318 
v -0.0258879 -0.00412722 -0.0533325 
v -0.0260582 -0.00395555 -0.0536169 
v -0.0260967 -0.00391225 -0.0536654 
v -0.0260718 -0.00390832 -0.0536863 
v -0.0260112 -0.00394745 -0.0536563 
v -0.0261038 -0.00400163 -0.0534882 
v -0.026062 -0.00400009 -0.0535285 
v -0.0261454 -0.00391754 -0.0536222 
v -0.0261212 -0.00391533 -0.0536441 
v -0.0260191 -0.00399558 -0.0535675 
v -0.0259793 -0.00403243 -0.0535172 
v -0.0259752 -0.00398815 -0.053605 
v -0.0259386 -0.00402569 -0.0535526 
v -0.0260466 -0.00390354 -0.0537066 
v -0.0260211 -0.00389791 -0.0537263 
v -0.0259306 -0.00397781 -0.0536408 
v -0.0258973 -0.00401632 -0.0535867 
v -0.0259015 -0.00406012 -0.0534993 
v -0.0258634 -0.00405175 -0.0535314 
v -0.025939 -0.00406615 -0.053466 
v -0.0258258 -0.00411988 -0.0533902 
v -0.0259183 -0.00412816 -0.0533028 
v -0.025857 -0.00412445 -0.0533616 
v -0.0257734 -0.00417101 -0.0532549 
v -0.0257485 -0.00416784 -0.0532782 
v -0.025829 -0.00408413 -0.0534752 
v -0.0257942 -0.00411352 -0.053418 
v -0.0257233 -0.00416341 -0.0533012 
v -0.025825 -0.00404103 -0.0535624 
v -0.0257939 -0.00407471 -0.0535043 
v -0.0258161 -0.00388391 -0.0537935 
v -0.0258656 -0.0039044 -0.0537625 
v -0.0258907 -0.00385725 -0.0538159 
v -0.0258642 -0.00384666 -0.0538319 
v -0.0258854 -0.00396461 -0.053675 
v -0.0258555 -0.00400434 -0.0536194 
v -0.0259434 -0.003876 -0.0537819 
v -0.0259171 -0.00386704 -0.0537993 
v -0.0258398 -0.00394858 -0.0537073 
v -0.0258133 -0.00398978 -0.0536505 
v -0.0257862 -0.00402801 -0.0535922 
v -0.0257939 -0.00392973 -0.0537378 
v -0.0257709 -0.00397267 -0.0536801 
v -0.0257473 -0.0040127 -0.0536206 
v -0.0257231 -0.00404976 -0.0535594 
v -0.0257304 -0.00413305 -0.0533848 
v -0.0257624 -0.00410537 -0.053445 
v -0.0257586 -0.00406324 -0.0535324 
v -0.0257304 -0.00409547 -0.0534713 
v -0.0257017 -0.00412468 -0.053409 
v -0.0256727 -0.00415086 -0.0533457 
v -0.0256983 -0.00408381 -0.0534967 
v -0.025673 -0.00411483 -0.0534326 
v -0.0256473 -0.00414275 -0.0533672 
v -0.0256981 -0.00415775 -0.0533237 
v -0.0256324 -0.00419829 -0.0531992 
v -0.0256276 -0.00423168 -0.0530121 
v -0.025603 -0.00423093 -0.0530365 
v -0.0255169 -0.00424532 -0.052926 
v -0.0256699 -0.00420441 -0.0531641 
v -0.0255781 -0.00422874 -0.0530605 
v -0.0256512 -0.00420173 -0.0531818 
v -0.0254678 -0.00424869 -0.0528768 
v -0.0255293 -0.00424552 -0.0529137 
v -0.0255046 -0.00424473 -0.0529382 
v -0.0255228 -0.00423598 -0.0530174 
v -0.0255657 -0.00422709 -0.0530724 
v -0.0255532 -0.0042251 -0.0530842 
v -0.0256211 -0.00416755 -0.0533008 
v -0.0256433 -0.00417401 -0.0532814 
v -0.0256135 -0.0041941 -0.0532164 
v -0.0255678 -0.00420758 -0.053165 
v -0.0255946 -0.00418917 -0.0532333 
v -0.0263424 -0.00389806 -0.0534062 
v -0.0262392 -0.00398347 -0.0533379 
v -0.0262569 -0.00397792 -0.0533156 
v -0.0259829 -0.00414275 -0.0530319 
v -0.0259164 -0.00416755 -0.0530057 
v -0.0259499 -0.00415691 -0.0529884 
v -0.0259426 -0.00416003 -0.0529859 
v -0.0264153 -0.00386705 -0.053302 
v -0.0263074 -0.00395697 -0.0532475 
v -0.0263233 -0.00394858 -0.0532246 
v -0.0262499 -0.00400418 -0.0531124 
v -0.0262281 -0.00402063 -0.0530811 
v -0.0262392 -0.00401279 -0.0530848 
v -0.0262635 -0.00399576 -0.0530929 
v -0.0261751 -0.00404975 -0.0531077 
v -0.0262014 -0.00403548 -0.0530722 
v -0.0262363 -0.00401269 -0.0531319 
v -0.0264478 -0.00384662 -0.053249 
v -0.0263942 -0.00389451 -0.0532257 
v -0.0264093 -0.00388388 -0.0532008 
v -0.0263678 -0.00391925 -0.0531554 
v -0.0263563 -0.00393054 -0.0531238 
v -0.0263705 -0.00391816 -0.0531286 
v -0.0264629 -0.00383521 -0.0532223 
v -0.0263818 -0.00390832 -0.0531324 
v -0.0263535 -0.00392971 -0.0531785 
v -0.0263386 -0.00393949 -0.0532016 
v -0.0262223 -0.00402064 -0.0531515 
v -0.0264319 -0.00385724 -0.0532756 
v -0.026208 -0.00402802 -0.053171 
v -0.0261124 -0.00408381 -0.0530829 
v -0.0260483 -0.00411483 -0.0530576 
v -0.0260897 -0.00409757 -0.053035 
v -0.0260985 -0.0040927 -0.0530379 
v -0.0261371 -0.00407123 -0.0530508 
v -0.0261482 -0.00406325 -0.0531433 
v -0.0260871 -0.00409548 -0.0531151 
v -0.0260248 -0.00412469 -0.0530864 
v -0.026004 -0.00413398 -0.0530064 
v -0.0259614 -0.00415087 -0.0530573 
v -0.0261934 -0.00403484 -0.0531904 
v -0.0261784 -0.00404108 -0.0532098 
v -0.0263801 -0.00388422 -0.0533545 
v -0.0262742 -0.00397165 -0.053293 
v -0.026291 -0.00396466 -0.0532703 
v -0.026398 -0.00387604 -0.0533284 
v -0.026163 -0.00404674 -0.0532291 
v -0.0263616 -0.00389156 -0.0533805 
v -0.0261474 -0.00405183 -0.0532483 
v -0.0260609 -0.00410541 -0.0531471 
v -0.0260006 -0.00413308 -0.0531151 
v -0.0261202 -0.00407475 -0.0531787 
v -0.0260911 -0.00408421 -0.0532139 
v -0.0260338 -0.00411358 -0.053179 
v -0.0259169 -0.00416346 -0.053108 
v -0.0259394 -0.00415778 -0.0530827 
v -0.0258149 -0.00419831 -0.053017 
v -0.025832 -0.00419411 -0.0529981 
v -0.0258971 -0.00417402 -0.0530279 
v -0.0256506 -0.00423277 -0.0528886 
v -0.0257115 -0.00422274 -0.0529253 
v -0.0256998 -0.0042251 -0.0529378 
v -0.0257229 -0.00421914 -0.0529127 
v -0.0258489 -0.00418917 -0.0529792 
v -0.0257805 -0.00420759 -0.0529523 
v -0.0257953 -0.00420469 -0.0529368 
v -0.0257883 -0.0042068 -0.0529345 
v -0.0258654 -0.00418342 -0.0529602 
v -0.0255044 -0.00424693 -0.0528399 
v -0.0256288 -0.00423689 -0.0528813 
v -0.0255658 -0.00424376 -0.0528767 
v -0.025633 -0.00423598 -0.0529073 
v -0.0256364 -0.00423546 -0.0528839 
v -0.0254984 -0.00424844 -0.0528461 
v -0.0254309 -0.00425 -0.0528154 
v -0.0254741 -0.00424938 -0.0528298 
v -0.0254751 -0.0042493 -0.0528301 
v -0.025688 -0.0042271 -0.0529502 
v -0.0255537 -0.00424473 -0.0528891 
v -0.0256761 -0.00422875 -0.0529627 
v -0.0257974 -0.00420175 -0.0530358 
v -0.025894 -0.00416789 -0.0531331 
v -0.0257798 -0.00420444 -0.0530545 
v -0.02626 -0.0039155 -0.053506 
v -0.026164 -0.00399834 -0.0534254 
v -0.0261834 -0.00399573 -0.0534039 
v -0.0261314 -0.00405633 -0.0532674 
v -0.026006 -0.00411996 -0.0532105 
v -0.0261152 -0.00406023 -0.0532863 
v -0.0263023 -0.00390851 -0.0534567 
v -0.0262024 -0.00399238 -0.0533821 
v -0.026221 -0.00398829 -0.0533601 
v -0.0263227 -0.00390371 -0.0534316 
v -0.0260987 -0.00406354 -0.0533051 
v -0.0262814 -0.00391244 -0.0534816 
v -0.0260819 -0.00406626 -0.0533238 
v -0.0259774 -0.00412453 -0.0532417 
v -0.0258706 -0.00417106 -0.053158 
v -0.0260475 -0.00406987 -0.0533606 
v -0.0259482 -0.00412727 -0.0532725 
v -0.0262156 -0.00391896 -0.0535538 
v -0.0261242 -0.00400129 -0.0534676 
v -0.0261443 -0.00400019 -0.0534466 
v -0.026238 -0.00391767 -0.0535301 
v -0.0258468 -0.00417296 -0.0531827 
v -0.0257619 -0.00420636 -0.0530731 
v -0.025652 -0.00423095 -0.0529875 
v -0.0255415 -0.00424532 -0.0529014 
v -0.0268093 -0.00333764 -0.0533187 
v -0.0267784 -0.00340575 -0.0533071 
v -0.0267854 -0.00339017 -0.0532669 
v -0.0268987 -0.00305085 -0.0533526 
v -0.0268816 -0.00312433 -0.0533461 
v -0.0268843 -0.00311363 -0.0532999 
v -0.0268981 -0.00283385 -0.0535572 
v -0.0269091 -0.00283206 -0.0535094 
v -0.0269093 -0.00275 -0.0535203 
v -0.0268993 -0.00275 -0.0535579 
v -0.0269218 -0.00290144 -0.0533614 
v -0.0269121 -0.00297649 -0.0533577 
v -0.0269151 -0.00295527 -0.0533101 
v -0.0269129 -0.0029696 -0.0533094 
v -0.0269239 -0.00282807 -0.0534125 
v -0.0269253 -0.00275 -0.0534201 
v -0.0269202 -0.00275 -0.0534522 
v -0.0269177 -0.00283013 -0.0534611 
v -0.0269283 -0.00275 -0.0533644 
v -0.0269177 -0.00290574 -0.0534099 
v -0.0269112 -0.00290978 -0.053458 
v -0.0269186 -0.00275 -0.053462 
v -0.0269023 -0.00291356 -0.0535059 
v -0.0269006 -0.00298869 -0.053453 
v -0.0269075 -0.00298278 -0.0534055 
v -0.0269005 -0.00305035 -0.0533053 
v -0.0268934 -0.00305898 -0.0533995 
v -0.0268859 -0.00306663 -0.0534461 
v -0.0268913 -0.00299422 -0.0535002 
v -0.0268762 -0.00307378 -0.0534925 
v -0.0268912 -0.00291707 -0.0535533 
v -0.0268799 -0.00299935 -0.053547 
v -0.0268993 -0.00275 -0.0535582 
v -0.0268826 -0.00275 -0.0536209 
v -0.0268849 -0.00283551 -0.0536044 
v -0.0268778 -0.00292031 -0.0536002 
v -0.0268694 -0.00283701 -0.053651 
v -0.0268622 -0.00292326 -0.0536463 
v -0.0268675 -0.00275 -0.0536609 
v -0.0268453 -0.00275 -0.0537194 
v -0.0268517 -0.00283838 -0.0536967 
v -0.0268444 -0.00292593 -0.0536917 
v -0.0268503 -0.00300841 -0.0536388 
v -0.0268662 -0.00300409 -0.0535932 
v -0.0268643 -0.00308041 -0.0535384 
v -0.0268503 -0.00308653 -0.0535838 
v -0.0268341 -0.00309211 -0.0536286 
v -0.0268323 -0.0030123 -0.0536836 
v -0.0268159 -0.00309715 -0.0536726 
v -0.0268447 -0.00315996 -0.0535276 
v -0.0268571 -0.00315196 -0.0534827 
v -0.026861 -0.00319674 -0.0533383 
v -0.0268368 -0.00326791 -0.0533291 
v -0.0268417 -0.00325426 -0.0532856 
v -0.0268674 -0.00314335 -0.0534374 
v -0.0268756 -0.00313413 -0.0533919 
v -0.0268639 -0.00319349 -0.053293 
v -0.0268842 -0.00311402 -0.0532998 
v -0.0268541 -0.00320802 -0.0533828 
v -0.0268451 -0.00321861 -0.0534271 
v -0.0268341 -0.00322851 -0.0534711 
v -0.0268192 -0.00329217 -0.0534151 
v -0.026829 -0.00328042 -0.0533722 
v -0.026813 -0.00333291 -0.0532761 
v -0.0268365 -0.00326855 -0.0532839 
v -0.0268005 -0.00335112 -0.0533602 
v -0.0267898 -0.00336379 -0.0534015 
v -0.0268075 -0.00330315 -0.0534577 
v -0.0267774 -0.00337562 -0.0534426 
v -0.0268212 -0.0032377 -0.0535147 
v -0.026794 -0.00331334 -0.0535 
v -0.0268138 -0.00317405 -0.0536158 
v -0.0268302 -0.00316733 -0.053572 
v -0.0268063 -0.00324616 -0.0535579 
v -0.0267894 -0.00325389 -0.0536006 
v -0.0267953 -0.00318012 -0.0536588 
v -0.0267708 -0.00326085 -0.0536425 
v -0.0267614 -0.00333128 -0.0535831 
v -0.0267786 -0.00332272 -0.0535418 
v -0.0267633 -0.00338659 -0.0534834 
v -0.0267474 -0.00339669 -0.0535238 
v -0.0267299 -0.0034059 -0.0535636 
v -0.0267425 -0.00333899 -0.0536238 
v -0.0267107 -0.0034142 -0.0536029 
v -0.0267957 -0.00310163 -0.0537158 
v -0.0267749 -0.00318551 -0.0537011 
v -0.0268244 -0.0029283 -0.0537362 
v -0.0268123 -0.00301577 -0.0537275 
v -0.0268319 -0.00283959 -0.0537415 
v -0.0268249 -0.00275 -0.0537599 
v -0.0267979 -0.00275 -0.0538135 
v -0.0268099 -0.00284065 -0.0537853 
v -0.0268024 -0.00293037 -0.0537796 
v -0.0267858 -0.00284155 -0.0538279 
v -0.0267782 -0.00293214 -0.0538219 
v -0.026772 -0.00275 -0.0538538 
v -0.0267596 -0.00284229 -0.0538692 
v -0.0267521 -0.00293359 -0.053863 
v -0.026766 -0.00302138 -0.0538123 
v -0.0267902 -0.0030188 -0.0537705 
v -0.0267735 -0.00310554 -0.053758 
v -0.0267494 -0.00310887 -0.0537992 
v -0.0267399 -0.00302349 -0.0538529 
v -0.0267234 -0.0031116 -0.0538392 
v -0.026724 -0.00293471 -0.0539027 
v -0.0267119 -0.00302514 -0.0538922 
v -0.0267314 -0.00284286 -0.0539092 
v -0.0267091 -0.00275 -0.0539413 
v -0.0267013 -0.00284327 -0.0539476 
v -0.0267418 -0.00275 -0.0539008 
v -0.0266939 -0.00293551 -0.0539409 
v -0.0266692 -0.00284351 -0.0539845 
v -0.026662 -0.00293598 -0.0539776 
v -0.0266282 -0.00293613 -0.0540126 
v -0.0266502 -0.00302699 -0.0539664 
v -0.026682 -0.00302631 -0.05393 
v -0.0266955 -0.00311373 -0.0538779 
v -0.0266657 -0.00311524 -0.0539152 
v -0.0266343 -0.00311612 -0.0539511 
v -0.0266167 -0.0030272 -0.0540011 
v -0.0266011 -0.00311639 -0.0539855 
v -0.0266749 -0.00320007 -0.0538601 
v -0.0267026 -0.00319751 -0.0538221 
v -0.0267502 -0.00326704 -0.0536837 
v -0.0267218 -0.00334585 -0.0536638 
v -0.0267286 -0.00319422 -0.0537828 
v -0.0267527 -0.00319022 -0.0537425 
v -0.0267279 -0.00327244 -0.0537241 
v -0.0267038 -0.00327703 -0.0537635 
v -0.026678 -0.00328081 -0.0538018 
v -0.0266755 -0.00335692 -0.0537413 
v -0.0266995 -0.00335183 -0.053703 
v -0.0266899 -0.00342157 -0.0536416 
v -0.0266676 -0.003428 -0.0536795 
v -0.0266437 -0.00343347 -0.0537166 
v -0.0266499 -0.00336109 -0.0537786 
v -0.0266183 -0.00343796 -0.0537528 
v -0.0266506 -0.00328374 -0.053839 
v -0.0266227 -0.00336434 -0.0538149 
v -0.0266144 -0.00320295 -0.0539321 
v -0.0266455 -0.00320188 -0.0538968 
v -0.0266215 -0.00328582 -0.053875 
v -0.0265908 -0.00328705 -0.0539097 
v -0.0265816 -0.00320327 -0.053966 
v -0.0265586 -0.00328741 -0.053943 
v -0.0265638 -0.003368 -0.0538839 
v -0.026594 -0.00336665 -0.05385 
v -0.0265915 -0.00344145 -0.0537881 
v -0.0265633 -0.00344393 -0.0538222 
v -0.0265336 -0.00344538 -0.0538553 
v -0.0265322 -0.00336841 -0.0539166 
v -0.0265027 -0.00344582 -0.0538871 
v -0.0266548 -0.00349384 -0.0536173 
v -0.0266756 -0.00348611 -0.05358 
v -0.0266667 -0.00359859 -0.0532654 
v -0.0266234 -0.00365849 -0.0532494 
v -0.0266343 -0.0036424 -0.0532165 
v -0.0267292 -0.00345716 -0.0534651 
v -0.026744 -0.00344564 -0.053426 
v -0.0267443 -0.00347205 -0.0532943 
v -0.026707 -0.00353639 -0.0532804 
v -0.0267161 -0.00352003 -0.0532438 
v -0.0267571 -0.00343322 -0.0533866 
v -0.0267686 -0.00341992 -0.0533469 
v -0.0267482 -0.00346742 -0.0532545 
v -0.0267725 -0.00341708 -0.0532626 
v -0.0267335 -0.0034866 -0.0533323 
v -0.0267211 -0.00350024 -0.0533702 
v -0.0267073 -0.00351297 -0.0534079 
v -0.0266821 -0.00356473 -0.0533526 
v -0.0266952 -0.00355102 -0.0533166 
v -0.0266697 -0.00359578 -0.0532283 
v -0.0266929 -0.00355789 -0.0532361 
v -0.0266541 -0.00361306 -0.0532997 
v -0.0266402 -0.00362662 -0.0533339 
v -0.0266676 -0.00357753 -0.0533885 
v -0.0266252 -0.00363925 -0.0533679 
v -0.026692 -0.00352478 -0.0534453 
v -0.0266518 -0.00358938 -0.0534241 
v -0.026695 -0.00347741 -0.0535422 
v -0.0267129 -0.00346775 -0.0535039 
v -0.0266752 -0.00353563 -0.0534824 
v -0.026657 -0.00354552 -0.0535191 
v -0.0266375 -0.00355442 -0.0535553 
v -0.0266163 -0.00361019 -0.0534945 
v -0.0266347 -0.00360027 -0.0534595 
v -0.0265915 -0.00366171 -0.0534352 
v -0.0265534 -0.0036803 -0.0535013 
v -0.0265967 -0.00361912 -0.053529 
v -0.0265461 -0.00371997 -0.0534098 
v -0.0265802 -0.00369812 -0.0533462 
v -0.0265635 -0.00372953 -0.0532628 
v -0.0265144 -0.00378375 -0.053243 
v -0.0265411 -0.00375603 -0.0531855 
v -0.0265779 -0.00371668 -0.0531977 
v -0.0266101 -0.0036726 -0.0532817 
v -0.0265986 -0.00368935 -0.0532046 
v -0.0265898 -0.00370105 -0.0532017 
v -0.0265329 -0.00375409 -0.0533235 
v -0.0264834 -0.00380714 -0.0532999 
v -0.0264909 -0.00380979 -0.0531687 
v -0.0264985 -0.0037751 -0.0533835 
v -0.0264491 -0.00382712 -0.0533563 
v -0.026508 -0.00373805 -0.0534724 
v -0.0264607 -0.00379246 -0.0534425 
v -0.0264119 -0.00384362 -0.0534119 
v -0.0265109 -0.00369491 -0.0535657 
v -0.0264661 -0.00375224 -0.0535335 
v -0.0265573 -0.00351466 -0.0537587 
v -0.0265837 -0.00351101 -0.0537246 
v -0.0265538 -0.00363395 -0.0535966 
v -0.0266166 -0.00356233 -0.053591 
v -0.0266088 -0.0035063 -0.0536896 
v -0.0266325 -0.00350058 -0.0536538 
v -0.0265944 -0.00356922 -0.0536261 
v -0.026571 -0.00357508 -0.0536605 
v -0.0265463 -0.00357988 -0.0536942 
v -0.0265064 -0.00364463 -0.0536619 
v -0.0264644 -0.00370543 -0.0536279 
v -0.0264546 -0.00365103 -0.0537242 
v -0.0265204 -0.00358362 -0.053727 
v -0.0265006 -0.00351878 -0.0538239 
v -0.0265296 -0.00351726 -0.0537918 
v -0.0264933 -0.00358627 -0.053759 
v -0.0264358 -0.00358831 -0.0538202 
v -0.0264705 -0.00351924 -0.0538549 
v -0.0263988 -0.00365307 -0.0537832 
v -0.026414 -0.00371173 -0.0536877 
v -0.02636 -0.00371374 -0.0537445 
v -0.0263717 -0.00376856 -0.0536497 
v -0.0264206 -0.00376245 -0.0535927 
v -0.0264196 -0.00380609 -0.0535003 
v -0.0263718 -0.00385656 -0.0534663 
v -0.0263754 -0.00381587 -0.0535565 
v -0.0263289 -0.00386585 -0.0535194 
v -0.0263282 -0.00382174 -0.0536107 
v -0.0262836 -0.00387142 -0.0535708 
v -0.0263197 -0.00377053 -0.0537042 
v -0.0262783 -0.00382363 -0.0536627 
v -0.0262359 -0.00387321 -0.0536203 
v -0.0262759 -0.00275 -0.0542509 
v -0.0262656 -0.00283702 -0.0542529 
v -0.0263112 -0.00283837 -0.054235 
v -0.0263471 -0.00275 -0.0542225 
v -0.0264706 -0.00344526 -0.0539178 
v -0.0264069 -0.00351703 -0.0539135 
v -0.0264422 -0.0028415 -0.0541688 
v -0.0264836 -0.00284224 -0.0541427 
v -0.0264684 -0.00275 -0.0541552 
v -0.026485 -0.00275 -0.0541442 
v -0.0265664 -0.00311604 -0.0540183 
v -0.0265474 -0.00320285 -0.0539984 
v -0.0265238 -0.00284282 -0.0541147 
v -0.0265625 -0.00284323 -0.0540848 
v -0.0265562 -0.00275 -0.0540927 
v -0.026564 -0.00275 -0.0540864 
v -0.0265928 -0.00293594 -0.0540459 
v -0.0265816 -0.00302693 -0.0540342 
v -0.0265558 -0.00293544 -0.0540775 
v -0.0265449 -0.0030262 -0.0540656 
v -0.0265302 -0.0031151 -0.0540494 
v -0.0265173 -0.00293462 -0.0541073 
v -0.0265068 -0.003025 -0.0540953 
v -0.0264774 -0.00293349 -0.0541353 
v -0.0264926 -0.00311355 -0.0540789 
v -0.0264674 -0.00302335 -0.0541232 
v -0.0264537 -0.00311141 -0.0541066 
v -0.0264748 -0.00319985 -0.0540584 
v -0.026525 -0.00328694 -0.0539748 
v -0.0264993 -0.00336788 -0.0539479 
v -0.0265118 -0.00320171 -0.0540292 
v -0.02649 -0.00328563 -0.0540052 
v -0.0264651 -0.00336643 -0.0539778 
v -0.0264373 -0.0034437 -0.0539471 
v -0.0264538 -0.00328349 -0.0540341 
v -0.0264298 -0.00336407 -0.0540063 
v -0.0264366 -0.00319728 -0.054086 
v -0.0264165 -0.00328054 -0.0540615 
v -0.026403 -0.00344116 -0.0539752 
v -0.0263934 -0.0033608 -0.0540334 
v -0.0263676 -0.00343765 -0.0540019 
v -0.0264136 -0.00310869 -0.0541326 
v -0.0263973 -0.00319401 -0.0541119 
v -0.0263747 -0.00275 -0.054208 
v -0.0263559 -0.00283957 -0.054215 
v -0.0263996 -0.00284061 -0.0541929 
v -0.0264416 -0.00275 -0.054173 
v -0.0264363 -0.00293205 -0.0541613 
v -0.0264267 -0.00302124 -0.0541492 
v -0.026394 -0.0029303 -0.0541855 
v -0.0263848 -0.00301869 -0.0541733 
v -0.0263724 -0.0031054 -0.0541568 
v -0.0263506 -0.00292826 -0.0542076 
v -0.026342 -0.0030157 -0.0541955 
v -0.0263062 -0.00292591 -0.0542277 
v -0.0263303 -0.00310153 -0.054179 
v -0.0262981 -0.00301227 -0.0542157 
v -0.0262872 -0.0030971 -0.0541993 
v -0.0263156 -0.00318538 -0.0541583 
v -0.026378 -0.00327678 -0.0540872 
v -0.026356 -0.00335664 -0.0540589 
v -0.026357 -0.00319004 -0.054136 
v -0.0263386 -0.00327223 -0.0541113 
v -0.0263313 -0.00343317 -0.0540272 
v -0.0263176 -0.00335159 -0.0540829 
v -0.0262942 -0.00342775 -0.0540511 
v -0.0262983 -0.00326688 -0.0541337 
v -0.0262785 -0.00334567 -0.0541053 
v -0.0262735 -0.00318005 -0.0541788 
v -0.0262572 -0.00326076 -0.0541543 
v -0.0262563 -0.00342138 -0.0540735 
v -0.0262386 -0.00333889 -0.0541261 
v -0.0262177 -0.00341407 -0.0540943 
v -0.0263044 -0.003506 -0.0539924 
v -0.0262524 -0.00382309 -0.0536878 
v -0.0263318 -0.00371316 -0.0537717 
v -0.0263736 -0.00351437 -0.0539411 
v -0.0263742 -0.00358605 -0.0538773 
v -0.0263394 -0.00365081 -0.0538387 
v -0.0263029 -0.00371153 -0.0537981 
v -0.0263091 -0.00357957 -0.05393 
v -0.0262768 -0.00364433 -0.0538902 
v -0.0263394 -0.00351069 -0.0539674 
v -0.0262429 -0.00370514 -0.0538482 
v -0.0262732 -0.00370885 -0.0538236 
v -0.026199 -0.00381909 -0.0537361 
v -0.026226 -0.00382158 -0.0537123 
v -0.0261715 -0.00381564 -0.0537593 
v -0.0261783 -0.00375759 -0.0538276 
v -0.026212 -0.00370041 -0.0538719 
v -0.026232 -0.00349363 -0.0540384 
v -0.0262409 -0.00356895 -0.0539781 
v -0.0262115 -0.00363369 -0.0539375 
v -0.0262686 -0.00350031 -0.0540161 
v -0.0261806 -0.00369466 -0.0538947 
v -0.0262058 -0.00356212 -0.0540003 
v -0.0261439 -0.00361897 -0.0539804 
v -0.0261949 -0.00348597 -0.0540593 
v -0.0261702 -0.00355428 -0.0540212 
v -0.0261162 -0.00368015 -0.0539371 
v -0.0261486 -0.00368791 -0.0539164 
v -0.026118 -0.00374544 -0.0538712 
v -0.0261436 -0.00381123 -0.0537817 
v -0.0261484 -0.00375201 -0.0538498 
v -0.0261152 -0.00380587 -0.0538034 
v -0.0260865 -0.00379957 -0.0538244 
v -0.0260873 -0.00373791 -0.0538917 
v -0.0260575 -0.00379233 -0.0538445 
v -0.0261785 -0.00340585 -0.0541136 
v -0.0261571 -0.00347735 -0.0540788 
v -0.0260772 -0.00275 -0.0543028 
v -0.0260764 -0.00283018 -0.0543019 
v -0.0261245 -0.0028321 -0.0542931 
v -0.0262433 -0.00309212 -0.0542177 
v -0.0262305 -0.00317405 -0.0541974 
v -0.0261733 -0.00275 -0.0542832 
v -0.0261721 -0.00283389 -0.054282 
v -0.0262192 -0.00283553 -0.0542685 
v -0.0262473 -0.00275 -0.0542623 
v -0.026261 -0.00292327 -0.0542456 
v -0.0262535 -0.00300842 -0.0542338 
v -0.0262149 -0.00292035 -0.0542614 
v -0.026208 -0.00300414 -0.0542499 
v -0.0261986 -0.00308659 -0.054234 
v -0.0261683 -0.00291713 -0.054275 
v -0.026162 -0.00299944 -0.0542637 
v -0.026121 -0.00291363 -0.0542864 
v -0.0261534 -0.00308051 -0.0542482 
v -0.0261154 -0.00299432 -0.0542754 
v -0.0261076 -0.0030739 -0.0542603 
v -0.0261426 -0.00316006 -0.0542286 
v -0.0262153 -0.00325387 -0.0541731 
v -0.026198 -0.00333124 -0.0541451 
v -0.0261868 -0.00316738 -0.054214 
v -0.0261728 -0.00324621 -0.0541901 
v -0.0261568 -0.00332276 -0.0541624 
v -0.0261387 -0.00339671 -0.0541313 
v -0.0261298 -0.0032378 -0.0542051 
v -0.026115 -0.00331344 -0.054178 
v -0.0260979 -0.0031521 -0.0542412 
v -0.0260863 -0.00322865 -0.0542182 
v -0.0260985 -0.00338668 -0.0541473 
v -0.0260729 -0.00330329 -0.0541917 
v -0.0260578 -0.00337575 -0.0541615 
v -0.0260614 -0.00306676 -0.0542702 
v -0.0260527 -0.0031435 -0.0542516 
v -0.0259799 -0.00275 -0.0543131 
v -0.0259792 -0.00282591 -0.0543121 
v -0.0260279 -0.00282811 -0.0543082 
v -0.0260733 -0.00290986 -0.0542954 
v -0.0260683 -0.0029888 -0.0542848 
v -0.0260677 -0.00275 -0.0543044 
v -0.0260409 -0.00275 -0.054309 
v -0.0260253 -0.00290581 -0.054302 
v -0.0260209 -0.00298288 -0.0542919 
v -0.0260149 -0.0030591 -0.0542778 
v -0.0259769 -0.00290149 -0.0543063 
v -0.0259732 -0.00297656 -0.0542966 
v -0.0259681 -0.00305093 -0.0542832 
v -0.0259616 -0.00312442 -0.0542661 
v -0.0260424 -0.00321877 -0.0542294 
v -0.0260304 -0.00329233 -0.0542035 
v -0.0260073 -0.00313427 -0.05426 
v -0.0259982 -0.00320816 -0.0542384 
v -0.0259876 -0.00328057 -0.0542134 
v -0.0260168 -0.00336395 -0.0541741 
v -0.0259756 -0.00335127 -0.0541848 
v -0.0259537 -0.00319684 -0.0542454 
v -0.0259446 -0.00326801 -0.0542213 
v -0.0259342 -0.00333774 -0.0541937 
v -0.0260019 -0.00343337 -0.0541413 
v -0.0260834 -0.00367141 -0.0539568 
v -0.0260562 -0.0037294 -0.0539113 
v -0.0260802 -0.00345723 -0.0541132 
v -0.026134 -0.00354545 -0.0540409 
v -0.0261094 -0.00361011 -0.0540001 
v -0.0261189 -0.00346776 -0.0540968 
v -0.0260974 -0.00353563 -0.0540591 
v -0.0260745 -0.00360026 -0.0540186 
v -0.0260502 -0.00366169 -0.0539754 
v -0.0260604 -0.00352484 -0.054076 
v -0.0260392 -0.00358943 -0.0540358 
v -0.0260412 -0.00344577 -0.0541281 
v -0.0260231 -0.00351309 -0.0540914 
v -0.0260037 -0.00357762 -0.0540517 
v -0.0260167 -0.00365099 -0.0539929 
v -0.025983 -0.00363933 -0.0540092 
v -0.0259932 -0.00370953 -0.0539476 
v -0.0260281 -0.00378416 -0.0538639 
v -0.0260248 -0.00371994 -0.0539299 
v -0.0259985 -0.00377507 -0.0538824 
v -0.0259713 -0.00382708 -0.053833 
v -0.0259686 -0.00376506 -0.0539001 
v -0.0259433 -0.00381756 -0.0538506 
v -0.0259613 -0.00369818 -0.0539642 
v -0.0259386 -0.00375414 -0.0539169 
v -0.0259151 -0.00380716 -0.0538674 
v -0.0259491 -0.00362672 -0.0540244 
v -0.0259292 -0.0036859 -0.0539798 
v -0.0259226 -0.00340584 -0.0541628 
v -0.0259855 -0.00350038 -0.0541053 
v -0.0259679 -0.00356485 -0.0540663 
v -0.0259623 -0.00342006 -0.0541529 
v -0.0259477 -0.00348673 -0.0541178 
v -0.0259319 -0.00355113 -0.0540795 
v -0.025915 -0.00361316 -0.0540383 
v -0.0259098 -0.00347214 -0.0541287 
v -0.0258959 -0.00353647 -0.0540914 
v -0.0258808 -0.00359866 -0.054051 
v -0.0258648 -0.00365855 -0.0540078 
v -0.0259084 -0.00374231 -0.0539328 
v -0.0258867 -0.00379591 -0.0538834 
v -0.0258971 -0.00367268 -0.0539944 
v -0.0258781 -0.0037296 -0.0539477 
v -0.0258583 -0.0037838 -0.0538986 
v -0.0258376 -0.00383525 -0.0538472 
v -0.0258478 -0.00371599 -0.0539617 
v -0.0258298 -0.00377084 -0.053913 
v -0.025811 -0.00382304 -0.0538618 
v -0.0259603 -0.00275 -0.0543144 
v -0.0259475 -0.00275 -0.0543152 
v -0.0259302 -0.00279436 -0.0543132 
v -0.025931 -0.00275 -0.0543154 
v -0.0259297 -0.00282347 -0.0543118 
v -0.0259285 -0.00289817 -0.0543081 
v -0.0259256 -0.00295648 -0.0542993 
v -0.0259249 -0.00296961 -0.0542974 
v -0.0259212 -0.00304491 -0.0542861 
v -0.0259154 -0.00311364 -0.0542687 
v -0.0259151 -0.00311616 -0.0542681 
v -0.025909 -0.00318965 -0.0542495 
v -0.0259011 -0.00325428 -0.0542261 
v -0.0258991 -0.00327153 -0.0542198 
v -0.0258919 -0.00333112 -0.0541983 
v -0.0258824 -0.00339018 -0.0541698 
v -0.0258775 -0.00342079 -0.0541551 
v -0.0258699 -0.00346796 -0.0541324 
v -0.0258593 -0.00352003 -0.0541005 
v -0.0258506 -0.00356219 -0.0540746 
v -0.0258464 -0.00358289 -0.0540619 
v -0.0258432 -0.00359874 -0.0540522 
v -0.0258189 -0.00369405 -0.0539792 
v -0.0258171 -0.00370089 -0.053974 
v -0.0258118 -0.00372192 -0.0539579 
v -0.0257841 -0.00380959 -0.0538751 
v -0.0257759 -0.00383589 -0.0538502 
v -0.0257664 -0.00386024 -0.0538218 
v -0.0257825 -0.0038148 -0.0538701 
v -0.0257478 -0.00390811 -0.0537659 
v -0.025742 -0.00392299 -0.0537486 
v -0.0257357 -0.00393901 -0.0537299 
v -0.0257083 -0.00399556 -0.0536476 
v -0.0256978 -0.00401733 -0.0536159 
v -0.0256918 -0.00402967 -0.053598 
v -0.0256662 -0.00407109 -0.0535213 
v -0.0256504 -0.0040967 -0.0534738 
v -0.0256444 -0.00410635 -0.0534559 
v -0.0256219 -0.00413396 -0.0533882 
v -0.0256004 -0.00416016 -0.0533239 
v -0.0255943 -0.00416768 -0.0533055 
v -0.0255757 -0.00418359 -0.0532498 
v -0.0255485 -0.00420697 -0.053168 
v -0.0255408 -0.00422274 -0.0530959 
v -0.025542 -0.00421254 -0.0531485 
v -0.0255041 -0.00423196 -0.053035 
v -0.0254922 -0.00424376 -0.0529503 
v -0.0254882 -0.00424013 -0.0529871 
v -0.0254951 -0.00423658 -0.053008 
v -0.0254554 -0.00424578 -0.0528888 
v -0.025441 -0.00424826 -0.0528456 
v -0.0254799 -0.00424157 -0.0529622 
v -0.0255282 -0.00421957 -0.0531074 
v -0.0261445 -0.00275 -0.0542913 
v -0.0265287 -0.00275 -0.0541152 
v -0.0266073 -0.00275 -0.0540509 
v -0.0266783 -0.00275 -0.0539795 
v -0.0269229 -0.0029046 -0.0533127 
vn -0.385522 -0.836747 -0.38888 
vn -0.411272 -0.811588 -0.414947 
vn -0.387728 -0.811068 -0.43799 
vn -0.340375 -0.835049 -0.432247 
vn -0.691176 -0.722285 -0.0240833 
vn -0.656084 -0.754481 -0.0176648 
vn -0.691677 -0.722185 0.00563476 
vn -0.703846 -0.710341 0.00394593 
vn -0.70083 -0.0726806 -0.709616 
vn -0.702666 0 -0.71152 
vn -0.702593 0 -0.711592 
vn -0.664889 -0.0725199 -0.743414 
vn -0.999538 0 -0.0303885 
vn -0.997323 -0.052845 -0.0505482 
vn -0.999543 -0.0302148 -6.82397e-05 
vn -1 0 -3.18188e-11 
vn -0.998736 -0.0502595 -0.00016911 
vn -0.14474 -0.978692 -0.145647 
vn -0.197263 -0.960019 -0.198621 
vn -0.169373 -0.959295 -0.225977 
vn -0.100658 -0.976904 -0.188484 
vn -0.198359 -0.812691 -0.547894 
vn -0.214497 -0.785473 -0.580537 
vn -0.188564 -0.778788 -0.598275 
vn -0.148842 -0.799672 -0.581697 
vn -0.305425 -0.901075 -0.307864 
vn -0.267186 -0.899803 -0.344915 
vn -0.217817 -0.933322 -0.285423 
vn -0.294115 -0.830419 -0.473182 
vn -0.315257 -0.804705 -0.503053 
vn -0.290507 -0.801031 -0.523407 
vn -0.246776 -0.822947 -0.511723 
vn -0.359199 -0.86009 -0.362244 
vn -0.316313 -0.858539 -0.403556 
vn -0.363872 -0.809737 -0.460351 
vn -0.339713 -0.807611 -0.482036 
vn -0.272418 -0.854289 -0.442696 
vn -0.250367 -0.876255 -0.411697 
vn -0.227544 -0.84742 -0.479691 
vn -0.207996 -0.86997 -0.447091 
vn -0.265465 -0.796597 -0.543103 
vn -0.240129 -0.79141 -0.562146 
vn -0.181692 -0.837983 -0.51456 
vn -0.16475 -0.861328 -0.480596 
vn -0.188348 -0.890577 -0.414003 
vn -0.14777 -0.882719 -0.446062 
vn -0.228153 -0.896284 -0.38029 
vn -0.149532 -0.925989 -0.346677 
vn -0.251103 -0.934319 -0.252974 
vn -0.183956 -0.930532 -0.316653 
vn -0.141115 -0.957245 -0.252523 
vn -0.11249 -0.953893 -0.27827 
vn -0.130967 -0.902173 -0.411013 
vn -0.114539 -0.919719 -0.375497 
vn -0.0834875 -0.949255 -0.303224 
vn -0.106404 -0.872734 -0.47646 
vn -0.0924512 -0.893183 -0.440087 
vn -0.0463629 -0.765272 -0.642035 
vn -0.0981891 -0.783879 -0.613101 
vn -0.108912 -0.754212 -0.647536 
vn -0.081726 -0.744494 -0.662608 
vn -0.134844 -0.826003 -0.547298 
vn -0.120612 -0.850351 -0.512207 
vn -0.162325 -0.771352 -0.615359 
vn -0.135777 -0.763162 -0.631782 
vn -0.0869679 -0.811476 -0.577879 
vn -0.0755543 -0.837041 -0.541898 
vn -0.0642248 -0.860624 -0.505174 
vn -0.0380281 -0.794372 -0.60624 
vn -0.0295421 -0.821379 -0.569617 
vn -0.0211997 -0.846378 -0.53216 
vn -0.0132615 -0.869448 -0.493846 
vn -0.0661219 -0.928444 -0.365541 
vn -0.0789623 -0.911739 -0.40311 
vn -0.0532264 -0.882278 -0.467711 
vn -0.0427784 -0.902053 -0.429499 
vn -0.0330734 -0.92 -0.39052 
vn -0.0242793 -0.936156 -0.350746 
vn -0.00595668 -0.890658 -0.454635 
vn 0.000514698 -0.910062 -0.414471 
vn 0.00597881 -0.927695 -0.373292 
vn -0.0540918 -0.943341 -0.327385 
vn -0.0330041 -0.967865 -0.249294 
vn -0.0941377 -0.991048 -0.094665 
vn -0.0633456 -0.990141 -0.124934 
vn -0.0296905 -0.997629 -0.0620878 
vn -0.0783227 -0.97473 -0.209204 
vn -0.0322648 -0.98749 -0.154347 
vn -0.0557768 -0.971716 -0.229472 
vn -0.00611196 -0.999216 -0.0391039 
vn -0.0458323 -0.997887 -0.0460561 
vn -0.0135477 -0.996872 -0.0778622 
vn 0.00165239 -0.990335 -0.138687 
vn -0.0165909 -0.985518 -0.168755 
vn -0.000809975 -0.983117 -0.182974 
vn 0.0102859 -0.943566 -0.331026 
vn -0.0165414 -0.950546 -0.310143 
vn -0.00998394 -0.96318 -0.268671 
vn 0.0149397 -0.969925 -0.242947 
vn 0.0133083 -0.957658 -0.2876 
vn -0.562021 -0.791703 -0.239456 
vn -0.497114 -0.843307 -0.204234 
vn -0.514568 -0.83818 -0.18076 
vn -0.373639 -0.927545 0.00729594 
vn -0.331321 -0.943449 0.0113945 
vn -0.360519 -0.931961 0.0384117 
vn -0.355882 -0.933728 0.0387383 
vn -0.632506 -0.762937 -0.133654 
vn -0.563398 -0.818941 -0.109174 
vn -0.578487 -0.81126 -0.0849095 
vn -0.545506 -0.838103 0.00277724 
vn -0.535169 -0.844291 0.027682 
vn -0.54222 -0.83982 0.0264582 
vn -0.557822 -0.829587 0.0248873 
vn -0.49434 -0.869194 -0.0113662 
vn -0.518908 -0.85432 0.0295274 
vn -0.532697 -0.84609 -0.0191461 
vn -0.663346 -0.744092 -0.0793679 
vn -0.628569 -0.774585 -0.0701315 
vn -0.642673 -0.764875 -0.0440181 
vn -0.620105 -0.784444 -0.0108316 
vn -0.615902 -0.787644 0.016803 
vn -0.625251 -0.780275 0.0152318 
vn -0.677643 -0.73356 -0.0518539 
vn -0.632725 -0.774245 0.0143077 
vn -0.60685 -0.794012 -0.0357441 
vn -0.592974 -0.80295 -0.0604348 
vn -0.519406 -0.853549 -0.0408875 
vn -0.648297 -0.753884 -0.106632 
vn -0.50564 -0.860481 -0.0624518 
vn -0.455082 -0.890439 -0.00424067 
vn -0.41487 -0.909879 0.00203613 
vn -0.448856 -0.892892 0.0356781 
vn -0.454304 -0.890163 0.034891 
vn -0.478928 -0.877218 0.0334171 
vn -0.468113 -0.88216 -0.0516137 
vn -0.429842 -0.901957 -0.0413338 
vn -0.39081 -0.919922 -0.0318018 
vn -0.395389 -0.91772 0.0381786 
vn -0.350988 -0.936093 -0.0231825 
vn -0.491408 -0.866884 -0.0838435 
vn -0.476713 -0.872757 -0.105067 
vn -0.598724 -0.77882 -0.187 
vn -0.531435 -0.832405 -0.157094 
vn -0.547712 -0.82599 -0.133234 
vn -0.61598 -0.77125 -0.160441 
vn -0.461561 -0.878097 -0.126127 
vn -0.580737 -0.785641 -0.213337 
vn -0.445953 -0.882898 -0.147027 
vn -0.403252 -0.911768 -0.0778965 
vn -0.365644 -0.928469 -0.0651888 
vn -0.440279 -0.893212 -0.0912506 
vn -0.410872 -0.902333 -0.130308 
vn -0.375339 -0.919856 -0.113958 
vn -0.303068 -0.949343 -0.0830496 
vn -0.327459 -0.943362 -0.0532885 
vn -0.249332 -0.967874 -0.0324473 
vn -0.26883 -0.963143 -0.00922985 
vn -0.31034 -0.950497 -0.0156181 
vn -0.160808 -0.986638 0.0261915 
vn -0.197148 -0.980249 0.0156069 
vn -0.183066 -0.983101 -0.000369276 
vn -0.211026 -0.976967 0.0316901 
vn -0.287843 -0.957572 0.0142098 
vn -0.243138 -0.969866 0.0156407 
vn -0.259651 -0.965052 0.0354372 
vn -0.255016 -0.966293 0.0352767 
vn -0.306363 -0.95116 0.0378986 
vn -0.0552203 -0.998421 0.0103126 
vn -0.145274 -0.989095 0.0242066 
vn -0.0934602 -0.995619 0.00280666 
vn -0.138751 -0.990325 0.00195499 
vn -0.150664 -0.988272 0.0248909 
vn -0.047199 -0.998883 0.00215766 
vn 0 -1 0 
vn -0.0325877 -0.999449 0.0062368 
vn -0.0333227 -0.999424 0.00637254 
vn -0.168778 -0.98552 -0.0162559 
vn -0.0778405 -0.996875 -0.0134541 
vn -0.154279 -0.987507 -0.0320682 
vn -0.229353 -0.971762 -0.055466 
vn -0.277823 -0.954023 -0.112487 
vn -0.208891 -0.974799 -0.0783059 
vn -0.479778 -0.808082 -0.341784 
vn -0.421406 -0.857125 -0.296233 
vn -0.44122 -0.854699 -0.273521 
vn -0.429893 -0.887156 -0.167768 
vn -0.346119 -0.926196 -0.149541 
vn -0.413381 -0.890864 -0.188354 
vn -0.522384 -0.8015 -0.291054 
vn -0.460441 -0.851579 -0.250615 
vn -0.479072 -0.847777 -0.227519 
vn -0.542571 -0.796994 -0.265362 
vn -0.396418 -0.894015 -0.208784 
vn -0.501455 -0.805203 -0.316529 
vn -0.379003 -0.896598 -0.229058 
vn -0.315601 -0.930751 -0.184656 
vn -0.251726 -0.957381 -0.141617 
vn -0.342827 -0.900025 -0.269119 
vn -0.28379 -0.933474 -0.219295 
vn -0.434489 -0.811277 -0.391215 
vn -0.380244 -0.859822 -0.340765 
vn -0.40101 -0.858837 -0.318732 
vn -0.457364 -0.810113 -0.366789 
vn -0.224776 -0.959388 -0.170439 
vn -0.18794 -0.976976 -0.100982 
vn -0.12462 -0.990169 -0.063521 
vn -0.0619606 -0.997635 -0.0297555 
vn -0.91742 -0.395703 -0.0419463 
vn -0.896609 -0.441015 -0.0399759 
vn -0.904806 -0.425822 0.00098346 
vn -0.977391 -0.205623 -0.0492578 
vn -0.965863 -0.254573 -0.0479786 
vn -0.969696 -0.244314 -0.000606787 
vn -0.967862 -0.0617088 -0.243794 
vn -0.978645 -0.0597149 -0.196693 
vn -0.978388 0 -0.206779 
vn -0.969749 0 -0.244102 
vn -0.993218 -0.104749 -0.0504521 
vn -0.986538 -0.155681 -0.0500629 
vn -0.99027 -0.139158 -0.000731192 
vn -0.988871 -0.148771 -0.000765689 
vn -0.993441 -0.0552827 -0.100091 
vn -0.994263 0 -0.106963 
vn -0.990253 0 -0.139278 
vn -0.98719 -0.0575727 -0.148801 
vn -0.998722 0 -0.0505311 
vn -0.989003 -0.109351 -0.0995777 
vn -0.982452 -0.113673 -0.147876 
vn -0.988825 0 -0.149082 
vn -0.973641 -0.117713 -0.195365 
vn -0.974834 -0.168291 -0.146209 
vn -0.981827 -0.162187 -0.0985429 
vn -0.979338 -0.20223 -0.000816104 
vn -0.972061 -0.213797 -0.0968919 
vn -0.964519 -0.221458 -0.143732 
vn -0.965633 -0.173994 -0.193077 
vn -0.954838 -0.22861 -0.189794 
vn -0.962625 -0.121472 -0.242069 
vn -0.954279 -0.179297 -0.239174 
vn -0.969683 0 -0.244364 
vn -0.952169 0 -0.305571 
vn -0.954873 -0.0635533 -0.290136 
vn -0.949438 -0.124949 -0.28802 
vn -0.93969 -0.0652462 -0.335747 
vn -0.934091 -0.128138 -0.333249 
vn -0.93852 0 -0.345224 
vn -0.915483 0 -0.402356 
vn -0.922302 -0.0667844 -0.380656 
vn -0.916576 -0.131035 -0.377782 
vn -0.925224 -0.188692 -0.329175 
vn -0.940805 -0.184198 -0.28453 
vn -0.94307 -0.235254 -0.235105 
vn -0.929249 -0.241389 -0.279692 
vn -0.913388 -0.24701 -0.323586 
vn -0.907529 -0.192772 -0.373136 
vn -0.895482 -0.252111 -0.366813 
vn -0.929178 -0.289461 -0.229871 
vn -0.941414 -0.281651 -0.185508 
vn -0.952012 -0.302546 -0.0462422 
vn -0.935868 -0.349572 -0.0441573 
vn -0.941628 -0.336654 0.000496806 
vn -0.951643 -0.273236 -0.140419 
vn -0.959816 -0.264212 -0.0945814 
vn -0.955054 -0.296432 -5.37385e-05 
vn -0.969635 -0.244555 -0.000618106 
vn -0.945163 -0.313483 -0.0916298 
vn -0.936288 -0.323711 -0.136291 
vn -0.925453 -0.33324 -0.180241 
vn -0.918478 -0.372993 -0.131431 
vn -0.928127 -0.36168 -0.0881322 
vn -0.921792 -0.387682 0.00104432 
vn -0.938236 -0.345997 0.000599123 
vn -0.908682 -0.408894 -0.084281 
vn -0.898169 -0.421207 -0.126002 
vn -0.90698 -0.383521 -0.174068 
vn -0.885935 -0.432655 -0.167122 
vn -0.912706 -0.342074 -0.223503 
vn -0.893675 -0.393271 -0.216062 
vn -0.898798 -0.303263 -0.316534 
vn -0.914968 -0.296666 -0.273537 
vn -0.898075 -0.350216 -0.266101 
vn -0.881575 -0.357663 -0.308063 
vn -0.880664 -0.309243 -0.358887 
vn -0.863203 -0.364408 -0.34941 
vn -0.86174 -0.410452 -0.298217 
vn -0.878591 -0.402249 -0.257437 
vn -0.872015 -0.443248 -0.207657 
vn -0.856434 -0.452992 -0.247628 
vn -0.839201 -0.461888 -0.287056 
vn -0.843119 -0.417875 -0.338423 
vn -0.820315 -0.469931 -0.325958 
vn -0.875509 -0.256677 -0.409391 
vn -0.860547 -0.314592 -0.400614 
vn -0.896864 -0.133632 -0.421636 
vn -0.887695 -0.196427 -0.41643 
vn -0.90268 -0.0681632 -0.424879 
vn -0.896507 0 -0.443029 
vn -0.86831 0 -0.496022 
vn -0.880777 -0.0693766 -0.468421 
vn -0.874913 -0.135917 -0.464817 
vn -0.856531 -0.070417 -0.511269 
vn -0.85066 -0.137876 -0.507314 
vn -0.843169 0 -0.537649 
vn -0.829867 -0.0712752 -0.55339 
vn -0.824037 -0.139493 -0.549095 
vn -0.84143 -0.202398 -0.501029 
vn -0.865681 -0.199642 -0.459064 
vn -0.853431 -0.260691 -0.451326 
vn -0.829197 -0.264132 -0.492613 
vn -0.814876 -0.204672 -0.542297 
vn -0.802744 -0.266971 -0.533225 
vn -0.794962 -0.140746 -0.590107 
vn -0.785945 -0.206437 -0.582816 
vn -0.800703 -0.0719404 -0.594726 
vn -0.777659 0 -0.628687 
vn -0.769003 -0.0724002 -0.635133 
vn -0.810849 0 -0.585256 
vn -0.763402 -0.141614 -0.630209 
vn -0.735572 -0.0726443 -0.67354 
vn -0.73015 -0.142076 -0.668353 
vn -0.695615 -0.142148 -0.704211 
vn -0.721626 -0.208316 -0.660197 
vn -0.754603 -0.20766 -0.622456 
vn -0.774004 -0.269175 -0.573116 
vn -0.74295 -0.270706 -0.612163 
vn -0.710328 -0.271531 -0.649388 
vn -0.687408 -0.208424 -0.695723 
vn -0.676516 -0.271675 -0.684485 
vn -0.759391 -0.329224 -0.561193 
vn -0.787893 -0.326643 -0.522043 
vn -0.842942 -0.370437 -0.390162 
vn -0.822714 -0.424505 -0.378069 
vn -0.814212 -0.32332 -0.482205 
vn -0.838412 -0.319293 -0.441722 
vn -0.82076 -0.375731 -0.430324 
vn -0.796618 -0.380264 -0.469892 
vn -0.770464 -0.384004 -0.508848 
vn -0.776433 -0.435302 -0.455702 
vn -0.800498 -0.430323 -0.417163 
vn -0.799761 -0.477107 -0.364349 
vn -0.777516 -0.4834 -0.402235 
vn -0.753548 -0.488782 -0.439611 
vn -0.750475 -0.439408 -0.493668 
vn -0.727816 -0.49322 -0.476464 
vn -0.742241 -0.386911 -0.547154 
vn -0.722574 -0.442603 -0.531028 
vn -0.696485 -0.331995 -0.636151 
vn -0.728683 -0.33102 -0.599539 
vn -0.711933 -0.388939 -0.584703 
vn -0.68022 -0.390048 -0.620615 
vn -0.663155 -0.332177 -0.670734 
vn -0.64744 -0.390269 -0.654608 
vn -0.661547 -0.446069 -0.602809 
vn -0.692716 -0.444836 -0.567684 
vn -0.700278 -0.496675 -0.512762 
vn -0.670924 -0.499097 -0.548419 
vn -0.640362 -0.500445 -0.582659 
vn -0.629382 -0.446331 -0.636135 
vn -0.608883 -0.500751 -0.615231 
vn -0.773841 -0.52855 -0.349005 
vn -0.79456 -0.520858 -0.312061 
vn -0.820213 -0.570804 -0.0378561 
vn -0.790338 -0.611564 -0.0368045 
vn -0.80284 -0.596178 -0.0043721 
vn -0.847551 -0.492209 -0.198462 
vn -0.862169 -0.480816 -0.159625 
vn -0.873411 -0.485439 -0.0387572 
vn -0.847932 -0.528723 -0.0382452 
vn -0.858777 -0.512346 -0.00176613 
vn -0.875241 -0.468495 -0.120274 
vn -0.886735 -0.455233 -0.0803944 
vn -0.879236 -0.476386 -0.00027943 
vn -0.896265 -0.443519 0.00065309 
vn -0.862321 -0.50047 -0.0770227 
vn -0.849777 -0.514484 -0.114829 
vn -0.835814 -0.527498 -0.152185 
vn -0.822291 -0.558328 -0.110032 
vn -0.835757 -0.544044 -0.074333 
vn -0.826312 -0.5632 -0.0037982 
vn -0.843014 -0.537884 -0.0029405 
vn -0.807189 -0.585903 -0.0718586 
vn -0.793022 -0.599983 -0.105528 
vn -0.807562 -0.571592 -0.145349 
vn -0.777738 -0.613057 -0.138871 
vn -0.820458 -0.539526 -0.189103 
vn -0.791591 -0.583846 -0.180296 
vn -0.813744 -0.512231 -0.274663 
vn -0.831407 -0.50268 -0.236802 
vn -0.803725 -0.550573 -0.225598 
vn -0.785621 -0.560644 -0.261684 
vn -0.766141 -0.569733 -0.297374 
vn -0.755965 -0.605353 -0.249127 
vn -0.774391 -0.5951 -0.214884 
vn -0.743871 -0.636228 -0.20462 
vn -0.705643 -0.655443 -0.269189 
vn -0.73631 -0.614604 -0.283037 
vn -0.712637 -0.674006 -0.194586 
vn -0.746685 -0.651884 -0.132322 
vn -0.74483 -0.664108 -0.0647206 
vn -0.711719 -0.699992 -0.0588883 
vn -0.738097 -0.674695 -0.000256902 
vn -0.762498 -0.646986 -0.00259679 
vn -0.776796 -0.625968 -0.0689374 
vn -0.777672 -0.628659 -0.0037174 
vn -0.771208 -0.636575 -0.00324867 
vn -0.714767 -0.688088 -0.12507 
vn -0.681977 -0.722045 -0.116439 
vn -0.703928 -0.710261 0.00394943 
vn -0.681133 -0.708569 -0.184357 
vn -0.648974 -0.740888 -0.17297 
vn -0.674698 -0.692347 -0.255807 
vn -0.643969 -0.725551 -0.242653 
vn -0.612751 -0.756508 -0.228543 
vn -0.663009 -0.670645 -0.332647 
vn -0.632836 -0.706848 -0.316045 
vn -0.675106 -0.549496 -0.492225 
vn -0.702236 -0.545798 -0.457132 
vn -0.693269 -0.630047 -0.349883 
vn -0.745276 -0.577832 -0.332679 
vn -0.727711 -0.541048 -0.42155 
vn -0.751568 -0.535288 -0.385503 
vn -0.723005 -0.584921 -0.367602 
vn -0.699306 -0.590978 -0.402141 
vn -0.674149 -0.59597 -0.436284 
vn -0.645129 -0.641271 -0.415428 
vn -0.61586 -0.681681 -0.395003 
vn -0.591725 -0.648007 -0.479529 
vn -0.647503 -0.599859 -0.470009 
vn -0.616436 -0.553557 -0.559983 
vn -0.646317 -0.552097 -0.526748 
vn -0.619368 -0.602599 -0.503247 
vn -0.560452 -0.604542 -0.566059 
vn -0.585732 -0.553909 -0.591696 
vn -0.534711 -0.650002 -0.539983 
vn -0.564068 -0.688303 -0.456143 
vn -0.509144 -0.690277 -0.514092 
vn -0.536993 -0.72367 -0.43352 
vn -0.586965 -0.717365 -0.375313 
vn -0.603256 -0.738969 -0.300012 
vn -0.573301 -0.768842 -0.283208 
vn -0.558933 -0.748691 -0.35645 
vn -0.530583 -0.77777 -0.336979 
vn -0.510932 -0.754515 -0.411892 
vn -0.484552 -0.783114 -0.389796 
vn -0.484286 -0.725555 -0.488913 
vn -0.460481 -0.756257 -0.464792 
vn -0.436304 -0.784715 -0.440297 
vn -0.349824 0 -0.936815 
vn -0.340017 -0.0650578 -0.938166 
vn -0.384175 -0.0665466 -0.920859 
vn -0.418259 0 -0.908328 
vn -0.576552 -0.500057 -0.646166 
vn -0.522064 -0.551451 -0.650654 
vn -0.510492 -0.0700849 -0.857022 
vn -0.550605 -0.0709477 -0.831745 
vn -0.535843 0 -0.844318 
vn -0.552062 0 -0.833803 
vn -0.641608 -0.271172 -0.717499 
vn -0.62878 -0.331603 -0.703332 
vn -0.589726 -0.0716454 -0.804419 
vn -0.627833 -0.0721719 -0.774994 
vn -0.621704 0 -0.783252 
vn -0.629493 0 -0.777006 
vn -0.659905 -0.14185 -0.737837 
vn -0.652049 -0.208011 -0.729083 
vn -0.623102 -0.141199 -0.76929 
vn -0.615629 -0.207104 -0.760334 
vn -0.605677 -0.270051 -0.748484 
vn -0.585265 -0.140213 -0.798627 
vn -0.578202 -0.205724 -0.789532 
vn -0.546431 -0.138903 -0.825905 
vn -0.568772 -0.26834 -0.777491 
vn -0.539802 -0.203889 -0.816727 
vn -0.530926 -0.266061 -0.804568 
vn -0.557139 -0.32832 -0.76276 
vn -0.613671 -0.389642 -0.686722 
vn -0.596292 -0.445665 -0.667697 
vn -0.593426 -0.330307 -0.733991 
vn -0.578974 -0.388204 -0.716999 
vn -0.56233 -0.444108 -0.697533 
vn -0.543417 -0.498401 -0.675496 
vn -0.54339 -0.385985 -0.745482 
vn -0.527536 -0.441694 -0.725681 
vn -0.519947 -0.325665 -0.789682 
vn -0.506944 -0.383013 -0.77221 
vn -0.509511 -0.495816 -0.703253 
vn -0.49193 -0.438449 -0.752175 
vn -0.474856 -0.492328 -0.729469 
vn -0.492152 -0.26323 -0.829756 
vn -0.481863 -0.322363 -0.814795 
vn -0.445268 0 -0.895397 
vn -0.427292 -0.0678816 -0.901562 
vn -0.469391 -0.0690617 -0.880286 
vn -0.509255 0 -0.860616 
vn -0.506619 -0.137283 -0.85117 
vn -0.500446 -0.201615 -0.841965 
vn -0.465832 -0.135359 -0.874459 
vn -0.460136 -0.198914 -0.865279 
vn -0.452452 -0.259862 -0.853088 
vn -0.42406 -0.133139 -0.895794 
vn -0.418861 -0.195792 -0.886691 
vn -0.381284 -0.130626 -0.915183 
vn -0.411814 -0.255966 -0.87458 
vn -0.376601 -0.192254 -0.906206 
vn -0.370218 -0.251547 -0.894239 
vn -0.403005 -0.313867 -0.859694 
vn -0.469648 -0.379307 -0.797218 
vn -0.455525 -0.434392 -0.777046 
vn -0.442886 -0.318427 -0.838127 
vn -0.4315 -0.374883 -0.820531 
vn -0.439461 -0.487956 -0.75417 
vn -0.418318 -0.429539 -0.800317 
vn -0.403325 -0.482715 -0.777377 
vn -0.392492 -0.369748 -0.842162 
vn -0.380301 -0.423897 -0.821999 
vn -0.362203 -0.308687 -0.879501 
vn -0.352604 -0.363907 -0.862115 
vn -0.366442 -0.476612 -0.7991 
vn -0.341458 -0.41747 -0.842096 
vn -0.328798 -0.469649 -0.819342 
vn -0.421378 -0.540333 -0.728341 
vn -0.434665 -0.75564 -0.489973 
vn -0.480929 -0.689574 -0.541475 
vn -0.489174 -0.54871 -0.677957 
vn -0.498845 -0.602007 -0.623491 
vn -0.475387 -0.647457 -0.595657 
vn -0.452248 -0.687788 -0.567819 
vn -0.434803 -0.595261 -0.675729 
vn -0.413969 -0.640623 -0.646708 
vn -0.455609 -0.544998 -0.703845 
vn -0.39356 -0.681073 -0.617455 
vn -0.423121 -0.684947 -0.59314 
vn -0.381943 -0.751557 -0.537849 
vn -0.408482 -0.754066 -0.514322 
vn -0.355059 -0.748131 -0.560566 
vn -0.345336 -0.712112 -0.611261 
vn -0.36357 -0.67618 -0.640778 
vn -0.350913 -0.528191 -0.773223 
vn -0.368429 -0.584474 -0.722945 
vn -0.350548 -0.629662 -0.693283 
vn -0.386481 -0.534728 -0.751464 
vn -0.333153 -0.670282 -0.663122 
vn -0.334368 -0.577592 -0.744705 
vn -0.285118 -0.614643 -0.735474 
vn -0.314664 -0.52072 -0.793623 
vn -0.299714 -0.569718 -0.76524 
vn -0.271026 -0.655482 -0.704903 
vn -0.302307 -0.663382 -0.684496 
vn -0.287109 -0.69989 -0.654006 
vn -0.327832 -0.743801 -0.582482 
vn -0.31641 -0.706479 -0.633066 
vn -0.300264 -0.73858 -0.603607 
vn -0.272354 -0.732472 -0.623946 
vn -0.257428 -0.692344 -0.674085 
vn -0.244097 -0.725479 -0.643503 
vn -0.290377 -0.461821 -0.838095 
vn -0.27772 -0.512311 -0.812656 
vn -0.15276 0 -0.988263 
vn -0.152449 -0.0575537 -0.986634 
vn -0.201019 -0.0596647 -0.977769 
vn -0.327641 -0.246604 -0.912052 
vn -0.320454 -0.302887 -0.897535 
vn -0.249152 0 -0.968464 
vn -0.248462 -0.0616179 -0.96668 
vn -0.294788 -0.0634151 -0.953456 
vn -0.321624 0 -0.946867 
vn -0.337477 -0.127821 -0.932615 
vn -0.333332 -0.188303 -0.923814 
vn -0.292613 -0.124724 -0.948062 
vn -0.289025 -0.183937 -0.939485 
vn -0.284054 -0.241137 -0.92799 
vn -0.246664 -0.121334 -0.961475 
vn -0.243654 -0.179152 -0.953172 
vn -0.19961 -0.117647 -0.972787 
vn -0.239434 -0.235139 -0.942009 
vn -0.197199 -0.173944 -0.964809 
vn -0.19376 -0.228603 -0.954043 
vn -0.234019 -0.289409 -0.928158 
vn -0.311816 -0.357359 -0.880378 
vn -0.301771 -0.410254 -0.860596 
vn -0.277734 -0.296463 -0.913769 
vn -0.270103 -0.350097 -0.896926 
vn -0.261218 -0.402242 -0.877478 
vn -0.251161 -0.453119 -0.855337 
vn -0.227445 -0.342111 -0.911717 
vn -0.219779 -0.393422 -0.892702 
vn -0.18929 -0.281713 -0.940642 
vn -0.183824 -0.333391 -0.924694 
vn -0.211134 -0.443529 -0.871037 
vn -0.177441 -0.383778 -0.906217 
vn -0.170284 -0.433033 -0.885147 
vn -0.147022 -0.221521 -0.964009 
vn -0.143538 -0.273364 -0.951141 
vn -0.0519822 0 -0.998648 
vn -0.051971 -0.0528519 -0.997249 
vn -0.102757 -0.0552832 -0.993169 
vn -0.151442 -0.11366 -0.98191 
vn -0.149651 -0.168306 -0.974309 
vn -0.142951 0 -0.98973 
vn -0.115358 0 -0.993324 
vn -0.102164 -0.109368 -0.988737 
vn -0.101013 -0.162234 -0.981568 
vn -0.099224 -0.213884 -0.971807 
vn -0.0518016 -0.10477 -0.993146 
vn -0.0513099 -0.15572 -0.986468 
vn -0.0503889 -0.205684 -0.97732 
vn -0.0489955 -0.254661 -0.965788 
vn -0.139232 -0.32392 -0.935783 
vn -0.134196 -0.373294 -0.917956 
vn -0.0967664 -0.264351 -0.95956 
vn -0.0936715 -0.313683 -0.944896 
vn -0.0900473 -0.361951 -0.927838 
vn -0.128604 -0.421612 -0.89761 
vn -0.0860993 -0.409245 -0.908353 
vn -0.047162 -0.302666 -0.951929 
vn -0.0450124 -0.34973 -0.935769 
vn -0.0427854 -0.395908 -0.917293 
vn -0.122736 -0.469014 -0.874621 
vn -0.239303 -0.646577 -0.724343 
vn -0.227363 -0.68384 -0.693303 
vn -0.20169 -0.492631 -0.846544 
vn -0.264457 -0.560847 -0.784546 
vn -0.251632 -0.605608 -0.754931 
vn -0.240066 -0.502953 -0.830305 
vn -0.228586 -0.550968 -0.80261 
vn -0.21762 -0.595543 -0.773286 
vn -0.20713 -0.636656 -0.742809 
vn -0.192089 -0.540064 -0.81941 
vn -0.183073 -0.584432 -0.790521 
vn -0.162581 -0.481325 -0.861332 
vn -0.154959 -0.528116 -0.834914 
vn -0.147986 -0.572256 -0.806612 
vn -0.1745 -0.625707 -0.76029 
vn -0.141408 -0.613711 -0.776764 
vn -0.166049 -0.663921 -0.729134 
vn -0.215488 -0.717601 -0.662279 
vn -0.196905 -0.674369 -0.711656 
vn -0.186521 -0.708833 -0.680269 
vn -0.174993 -0.74106 -0.648234 
vn -0.15719 -0.699165 -0.697467 
vn -0.147068 -0.73217 -0.665055 
vn -0.134789 -0.652479 -0.745723 
vn -0.127489 -0.688586 -0.71386 
vn -0.1188 -0.72245 -0.681141 
vn -0.107851 -0.600647 -0.792206 
vn -0.103123 -0.640026 -0.761401 
vn -0.0408648 -0.441278 -0.89644 
vn -0.117194 -0.515101 -0.84908 
vn -0.112355 -0.558993 -0.821525 
vn -0.0821593 -0.455673 -0.886348 
vn -0.0787969 -0.500992 -0.861857 
vn -0.076183 -0.544616 -0.835218 
vn -0.0738299 -0.586492 -0.806583 
vn -0.0397805 -0.485764 -0.873184 
vn -0.0394813 -0.529101 -0.84764 
vn -0.0393539 -0.571221 -0.819852 
vn -0.0385769 -0.612003 -0.789914 
vn -0.0974153 -0.677082 -0.729431 
vn -0.0901844 -0.711888 -0.696478 
vn -0.0710505 -0.626542 -0.776143 
vn -0.0669663 -0.664637 -0.744159 
vn -0.0612187 -0.700473 -0.711049 
vn -0.0542158 -0.733998 -0.676985 
vn -0.0361441 -0.651232 -0.758017 
vn -0.0319018 -0.688189 -0.72483 
vn -0.0263789 -0.722712 -0.690645 
vn -0.0312987 0 -0.99951 
vn -0.0177104 0 -0.999843 
vn -5.9199e-05 -0.0303996 -0.999538 
vn -4.61956e-05 0 -1 
vn -0.000215299 -0.0502628 -0.998736 
vn -0.000508589 -0.100709 -0.994916 
vn -0.000576574 -0.139974 -0.990155 
vn -0.000721866 -0.148781 -0.98887 
vn -0.000722098 -0.19863 -0.980074 
vn -0.000467133 -0.244331 -0.969692 
vn -0.000267243 -0.245944 -0.969284 
vn 6.39762e-05 -0.293912 -0.955833 
vn 0.000643628 -0.336682 -0.941618 
vn 0.000987879 -0.347913 -0.937526 
vn 0.00110186 -0.386515 -0.922282 
vn 0.000937041 -0.425874 -0.904782 
vn 0.000618747 -0.445972 -0.895046 
vn -0.000618011 -0.476806 -0.879008 
vn -0.00238019 -0.51247 -0.858702 
vn -0.00384434 -0.540937 -0.841054 
vn -0.00452651 -0.55485 -0.831938 
vn -0.00496979 -0.565412 -0.824794 
vn -0.0052273 -0.63223 -0.774763 
vn -0.00503352 -0.636887 -0.770941 
vn -0.0042361 -0.650899 -0.759153 
vn 0.0016065 -0.710705 -0.703488 
vn 0.0038932 -0.727285 -0.686325 
vn 0.00641372 -0.743897 -0.668264 
vn 0.00221553 -0.714001 -0.700142 
vn 0.0116728 -0.774784 -0.632118 
vn 0.0135735 -0.783861 -0.620788 
vn 0.0151397 -0.793492 -0.608393 
vn 0.0222506 -0.830148 -0.557099 
vn 0.0249812 -0.843214 -0.536998 
vn 0.026156 -0.850445 -0.525414 
vn 0.0310527 -0.877716 -0.478174 
vn 0.0336189 -0.89326 -0.448281 
vn 0.0342185 -0.898906 -0.436803 
vn 0.0363017 -0.918087 -0.394712 
vn 0.0372694 -0.934653 -0.353603 
vn 0.0371498 -0.939138 -0.341526 
vn 0.0366282 -0.951371 -0.305862 
vn 0.0342628 -0.967197 -0.251706 
vn 0.015094 -0.980286 -0.197007 
vn 0.0332554 -0.970593 -0.238416 
vn 0.0257748 -0.986677 -0.160639 
vn 0.00262567 -0.995623 -0.0934206 
vn 0.0213929 -0.991722 -0.126608 
vn 0.0234164 -0.989658 -0.141521 
vn 0.0102285 -0.998424 -0.0551836 
vn 0.00439088 -0.999729 -0.0228716 
vn 0.0188412 -0.993888 -0.10877 
vn 0.0310183 -0.977048 -0.210751 
vn -0.220256 0 -0.975442 
vn -0.593962 0 -0.804493 
vn -0.671871 0 -0.740668 
vn -0.744339 0 -0.667802 
vn -0.994469 -0.105032 -0.000531285 
f 1725//1725 1726//1726 1727//1727 
f 1727//1727 1728//1728 1725//1725 
f 1729//1729 1730//1730 1731//1731 
f 1731//1731 1732//1732 1729//1729 
f 1733//1733 1734//1734 1735//1735 
f 1735//1735 1736//1736 1733//1733 
f 1737//1737 1738//1738 1739//1739 
f 1739//1739 1740//1740 1737//1737 
f 1738//1738 1741//1741 1739//1739 
f 1742//1742 1743//1743 1744//1744 
f 1744//1744 1745//1745 1742//1742 
f 1746//1746 1747//1747 1748//1748 
f 1748//1748 1749//1749 1746//1746 
f 1750//1750 1751//1751 1752//1752 
f 1753//1753 1754//1754 1755//1755 
f 1755//1755 1756//1756 1753//1753 
f 1757//1757 1758//1758 1751//1751 
f 1728//1728 1759//1759 1760//1760 
f 1760//1760 1753//1753 1728//1728 
f 1725//1725 1728//1728 1758//1758 
f 1728//1728 1753//1753 1761//1761 
f 1751//1751 1758//1758 1762//1762 
f 1758//1758 1761//1761 1762//1762 
f 1761//1761 1763//1763 1764//1764 
f 1756//1756 1765//1765 1766//1766 
f 1766//1766 1746//1746 1756//1756 
f 1753//1753 1756//1756 1763//1763 
f 1756//1756 1746//1746 1767//1767 
f 1763//1763 1767//1767 1768//1768 
f 1762//1762 1764//1764 1769//1769 
f 1764//1764 1768//1768 1770//1770 
f 1771//1771 1769//1769 1772//1772 
f 1773//1773 1752//1752 1744//1744 
f 1751//1751 1771//1771 1774//1774 
f 1752//1752 1774//1774 1775//1775 
f 1774//1774 1772//1772 1776//1776 
f 1772//1772 1769//1769 1777//1777 
f 1769//1769 1770//1770 1777//1777 
f 1772//1772 1778//1778 1779//1779 
f 1770//1770 1780//1780 1781//1781 
f 1782//1782 1783//1783 1784//1784 
f 1784//1784 1785//1785 1782//1782 
f 1767//1767 1786//1786 1787//1787 
f 1783//1783 1749//1749 1788//1788 
f 1788//1788 1789//1789 1783//1783 
f 1746//1746 1749//1749 1786//1786 
f 1749//1749 1783//1783 1790//1790 
f 1786//1786 1790//1790 1791//1791 
f 1768//1768 1787//1787 1780//1780 
f 1787//1787 1791//1791 1792//1792 
f 1790//1790 1793//1793 1794//1794 
f 1783//1783 1782//1782 1793//1793 
f 1791//1791 1794//1794 1795//1795 
f 1792//1792 1795//1795 1796//1796 
f 1779//1779 1778//1778 1797//1797 
f 1778//1778 1798//1798 1797//1797 
f 1780//1780 1792//1792 1799//1799 
f 1777//1777 1781//1781 1798//1798 
f 1781//1781 1799//1799 1800//1800 
f 1798//1798 1800//1800 1801//1801 
f 1797//1797 1801//1801 1802//1802 
f 1800//1800 1803//1803 1804//1804 
f 1799//1799 1796//1796 1803//1803 
f 1801//1801 1804//1804 1805//1805 
f 1779//1779 1806//1806 1807//1807 
f 1808//1808 1809//1809 1810//1810 
f 1775//1775 1776//1776 1811//1811 
f 1742//1742 1745//1745 1809//1809 
f 1812//1812 1809//1809 1745//1745 
f 1745//1745 1811//1811 1812//1812 
f 1776//1776 1779//1779 1813//1813 
f 1814//1814 1815//1815 1810//1810 
f 1810//1810 1816//1816 1814//1814 
f 1809//1809 1812//1812 1816//1816 
f 1816//1816 1812//1812 1817//1817 
f 1817//1817 1812//1812 1818//1818 
f 1818//1818 1819//1819 1817//1817 
f 1802//1802 1805//1805 1820//1820 
f 1813//1813 1807//1807 1818//1818 
f 1807//1807 1806//1806 1821//1821 
f 1806//1806 1802//1802 1821//1821 
f 1807//1807 1822//1822 1819//1819 
f 1819//1819 1822//1822 1823//1823 
f 1822//1822 1824//1824 1823//1823 
f 1821//1821 1820//1820 1824//1824 
f 1825//1825 1826//1826 1827//1827 
f 1828//1828 1829//1829 1830//1830 
f 1829//1829 1831//1831 1830//1830 
f 1832//1832 1833//1833 1834//1834 
f 1835//1835 1836//1836 1837//1837 
f 1837//1837 1838//1838 1835//1835 
f 1839//1839 1840//1840 1836//1836 
f 1836//1836 1841//1841 1839//1839 
f 1842//1842 1843//1843 1844//1844 
f 1845//1845 1846//1846 1847//1847 
f 1835//1835 1838//1838 1846//1846 
f 1846//1846 1845//1845 1835//1835 
f 1848//1848 1844//1844 1730//1730 
f 1849//1849 1731//1731 1730//1730 
f 1844//1844 1850//1850 1845//1845 
f 1850//1850 1841//1841 1835//1835 
f 1851//1851 1852//1852 1841//1841 
f 1834//1834 1851//1851 1843//1843 
f 1843//1843 1853//1853 1834//1834 
f 1843//1843 1851//1851 1850//1850 
f 1834//1834 1854//1854 1852//1852 
f 1855//1855 1856//1856 1857//1857 
f 1857//1857 1858//1858 1855//1855 
f 1839//1839 1852//1852 1854//1854 
f 1839//1839 1841//1841 1852//1852 
f 1839//1839 1855//1855 1859//1859 
f 1860//1860 1861//1861 1855//1855 
f 1861//1861 1862//1862 1856//1856 
f 1863//1863 1857//1857 1856//1856 
f 1862//1862 1864//1864 1828//1828 
f 1860//1860 1865//1865 1866//1866 
f 1860//1860 1854//1854 1865//1865 
f 1867//1867 1868//1868 1869//1869 
f 1833//1833 1865//1865 1854//1854 
f 1870//1870 1869//1869 1833//1833 
f 1869//1869 1866//1866 1865//1865 
f 1868//1868 1871//1871 1866//1866 
f 1872//1872 1827//1827 1868//1868 
f 1827//1827 1873//1873 1871//1871 
f 1874//1874 1875//1875 1862//1862 
f 1876//1876 1871//1871 1873//1873 
f 1876//1876 1866//1866 1871//1871 
f 1876//1876 1874//1874 1861//1861 
f 1877//1877 1878//1878 1874//1874 
f 1879//1879 1880//1880 1875//1875 
f 1875//1875 1878//1878 1879//1879 
f 1875//1875 1880//1880 1864//1864 
f 1881//1881 1882//1882 1883//1883 
f 1883//1883 1880//1880 1881//1881 
f 1884//1884 1885//1885 1886//1886 
f 1884//1884 1887//1887 1885//1885 
f 1888//1888 1889//1889 1890//1890 
f 1889//1889 1891//1891 1890//1890 
f 1864//1864 1883//1883 1829//1829 
f 1892//1892 1831//1831 1829//1829 
f 1883//1883 1882//1882 1888//1888 
f 1886//1886 1885//1885 1889//1889 
f 1889//1889 1882//1882 1886//1886 
f 1889//1889 1885//1885 1887//1887 
f 1893//1893 1894//1894 1895//1895 
f 1896//1896 1895//1895 1894//1894 
f 1894//1894 1897//1897 1896//1896 
f 1898//1898 1899//1899 1900//1900 
f 1900//1900 1901//1901 1898//1898 
f 1896//1896 1886//1886 1902//1902 
f 1903//1903 1895//1895 1896//1896 
f 1896//1896 1904//1904 1903//1903 
f 1881//1881 1902//1902 1886//1886 
f 1879//1879 1905//1905 1881//1881 
f 1905//1905 1904//1904 1902//1902 
f 1903//1903 1899//1899 1898//1898 
f 1906//1906 1907//1907 1905//1905 
f 1908//1908 1909//1909 1910//1910 
f 1877//1877 1873//1873 1911//1911 
f 1912//1912 1878//1878 1877//1877 
f 1877//1877 1913//1913 1912//1912 
f 1914//1914 1915//1915 1916//1916 
f 1826//1826 1911//1911 1873//1873 
f 1917//1917 1916//1916 1826//1826 
f 1916//1916 1913//1913 1911//1911 
f 1915//1915 1918//1918 1913//1913 
f 1919//1919 1910//1910 1915//1915 
f 1910//1910 1920//1920 1918//1918 
f 1912//1912 1906//1906 1879//1879 
f 1912//1912 1918//1918 1920//1920 
f 1912//1912 1913//1913 1918//1918 
f 1921//1921 1922//1922 1906//1906 
f 1923//1923 1924//1924 1921//1921 
f 1925//1925 1926//1926 1927//1927 
f 1923//1923 1920//1920 1909//1909 
f 1920//1920 1910//1910 1909//1909 
f 1928//1928 1927//1927 1909//1909 
f 1750//1750 1923//1923 1926//1926 
f 1923//1923 1927//1927 1926//1926 
f 1926//1926 1925//1925 1725//1725 
f 1925//1925 1726//1726 1725//1725 
f 1924//1924 1929//1929 1922//1922 
f 1750//1750 1773//1773 1924//1924 
f 1773//1773 1743//1743 1929//1929 
f 1742//1742 1930//1930 1929//1929 
f 1930//1930 1922//1922 1929//1929 
f 1931//1931 1932//1932 1903//1903 
f 1904//1904 1907//1907 1930//1930 
f 1904//1904 1905//1905 1907//1907 
f 1922//1922 1930//1930 1907//1907 
f 1808//1808 1815//1815 1932//1932 
f 1742//1742 1808//1808 1931//1931 
f 1933//1933 1934//1934 1935//1935 
f 1936//1936 1937//1937 1938//1938 
f 1939//1939 1940//1940 1941//1941 
f 1941//1941 1942//1942 1939//1939 
f 1943//1943 1944//1944 1945//1945 
f 1944//1944 1946//1946 1945//1945 
f 1947//1947 1948//1948 1949//1949 
f 1949//1949 1950//1950 1947//1947 
f 1741//1741 1738//1738 1943//1943 
f 1951//1951 1948//1948 1947//1947 
f 1947//1947 1952//1952 1943//1943 
f 1950//1950 1953//1953 1952//1952 
f 1954//1954 1941//1941 1940//1940 
f 1940//1940 1955//1955 1953//1953 
f 1953//1953 1956//1956 1957//1957 
f 1958//1958 1946//1946 1944//1944 
f 1952//1952 1957//1957 1944//1944 
f 1957//1957 1959//1959 1936//1936 
f 1956//1956 1960//1960 1959//1959 
f 1955//1955 1961//1961 1956//1956 
f 1961//1961 1962//1962 1960//1960 
f 1963//1963 1964//1964 1961//1961 
f 1939//1939 1963//1963 1955//1955 
f 1965//1965 1966//1966 1967//1967 
f 1967//1967 1968//1968 1963//1963 
f 1969//1969 1970//1970 1968//1968 
f 1971//1971 1972//1972 1973//1973 
f 1969//1969 1966//1966 1971//1971 
f 1973//1973 1974//1974 1970//1970 
f 1970//1970 1975//1975 1976//1976 
f 1964//1964 1977//1977 1962//1962 
f 1968//1968 1976//1976 1964//1964 
f 1976//1976 1978//1978 1977//1977 
f 1975//1975 1979//1979 1978//1978 
f 1974//1974 1980//1980 1975//1975 
f 1980//1980 1981//1981 1979//1979 
f 1977//1977 1982//1982 1983//1983 
f 1984//1984 1985//1985 1986//1986 
f 1960//1960 1987//1987 1988//1988 
f 1989//1989 1990//1990 1937//1937 
f 1937//1937 1984//1984 1989//1989 
f 1959//1959 1988//1988 1937//1937 
f 1988//1988 1991//1991 1984//1984 
f 1987//1987 1992//1992 1991//1991 
f 1962//1962 1983//1983 1987//1987 
f 1983//1983 1993//1993 1992//1992 
f 1992//1992 1994//1994 1995//1995 
f 1933//1933 1996//1996 1997//1997 
f 1997//1997 1985//1985 1933//1933 
f 1991//1991 1995//1995 1985//1985 
f 1995//1995 1998//1998 1933//1933 
f 1994//1994 1999//1999 1998//1998 
f 1993//1993 2000//2000 1994//1994 
f 2000//2000 2001//2001 1999//1999 
f 2002//2002 2003//2003 2000//2000 
f 1979//1979 2004//2004 2005//2005 
f 1982//1982 2002//2002 1993//1993 
f 1978//1978 2005//2005 1982//1982 
f 2005//2005 2006//2006 2002//2002 
f 2004//2004 2007//2007 2006//2006 
f 1981//1981 2008//2008 2004//2004 
f 2008//2008 2009//2009 2007//2007 
f 2007//2007 2010//2010 2011//2011 
f 2003//2003 2012//2012 2001//2001 
f 2006//2006 2011//2011 2003//2003 
f 2011//2011 2013//2013 2012//2012 
f 2010//2010 2014//2014 2013//2013 
f 2009//2009 2015//2015 2010//2010 
f 2015//2015 2016//2016 2014//2014 
f 2017//2017 2018//2018 2008//2008 
f 2019//2019 2020//2020 1980//1980 
f 2021//2021 2019//2019 1974//1974 
f 2022//2022 2023//2023 2024//2024 
f 2021//2021 1972//1972 2022//2022 
f 2024//2024 2025//2025 2019//2019 
f 2026//2026 2027//2027 2025//2025 
f 2028//2028 2029//2029 2026//2026 
f 2026//2026 2023//2023 2028//2028 
f 2029//2029 2030//2030 2027//2027 
f 2027//2027 2031//2031 2032//2032 
f 2020//2020 2017//2017 1981//1981 
f 2025//2025 2032//2032 2020//2020 
f 2032//2032 2033//2033 2017//2017 
f 2031//2031 2034//2034 2033//2033 
f 2030//2030 2035//2035 2031//2031 
f 2035//2035 2036//2036 2034//2034 
f 2037//2037 2038//2038 2035//2035 
f 2039//2039 2037//2037 2030//2030 
f 2040//2040 2041//2041 2039//2039 
f 2039//2039 2042//2042 2040//2040 
f 2041//2041 2043//2043 2037//2037 
f 2044//2044 2045//2045 2043//2043 
f 1734//1734 1733//1733 2044//2044 
f 1733//1733 2046//2046 2045//2045 
f 2045//2045 2047//2047 2048//2048 
f 2038//2038 2049//2049 2036//2036 
f 2043//2043 2048//2048 2038//2038 
f 2048//2048 2050//2050 2049//2049 
f 2047//2047 2051//2051 2050//2050 
f 2046//2046 2052//2052 2047//2047 
f 2052//2052 2053//2053 2051//2051 
f 2049//2049 2054//2054 2055//2055 
f 2056//2056 2057//2057 2015//2015 
f 2034//2034 2058//2058 2059//2059 
f 2018//2018 2056//2056 2009//2009 
f 2033//2033 2059//2059 2018//2018 
f 2059//2059 2060//2060 2056//2056 
f 2058//2058 2061//2061 2060//2060 
f 2036//2036 2055//2055 2058//2058 
f 2055//2055 2062//2062 2061//2061 
f 2061//2061 2063//2063 2064//2064 
f 2057//2057 2065//2065 2016//2016 
f 2060//2060 2064//2064 2057//2057 
f 2064//2064 2066//2066 2065//2065 
f 2063//2063 2067//2067 2066//2066 
f 2062//2062 2068//2068 2063//2063 
f 2068//2068 2069//2069 2067//2067 
f 2070//2070 2071//2071 2068//2068 
f 2051//2051 2072//2072 2073//2073 
f 2054//2054 2070//2070 2062//2062 
f 2050//2050 2073//2073 2054//2054 
f 2073//2073 2074//2074 2070//2070 
f 2072//2072 2075//2075 2074//2074 
f 2053//2053 2076//2076 2072//2072 
f 2076//2076 2077//2077 2075//2075 
f 2075//2075 2078//2078 2079//2079 
f 2071//2071 2080//2080 2069//2069 
f 2074//2074 2079//2079 2071//2071 
f 2079//2079 2081//2081 2080//2080 
f 2078//2078 2082//2082 2081//2081 
f 2077//2077 2083//2083 2078//2078 
f 2083//2083 2084//2084 2082//2082 
f 2065//2065 2085//2085 2086//2086 
f 2087//2087 2088//2088 2089//2089 
f 2012//2012 2090//2090 2091//2091 
f 2092//2092 2093//2093 2094//2094 
f 1999//1999 2095//2095 2096//2096 
f 2092//2092 2097//2097 2098//2098 
f 2098//2098 1934//1934 2092//2092 
f 1998//1998 2096//2096 1934//1934 
f 2096//2096 2099//2099 2092//2092 
f 2095//2095 2100//2100 2099//2099 
f 2001//2001 2091//2091 2095//2095 
f 2091//2091 2101//2101 2100//2100 
f 2100//2100 2102//2102 2103//2103 
f 2087//2087 2104//2104 2105//2105 
f 2105//2105 2093//2093 2087//2087 
f 2099//2099 2103//2103 2093//2093 
f 2103//2103 2106//2106 2087//2087 
f 2102//2102 2107//2107 2106//2106 
f 2101//2101 2108//2108 2102//2102 
f 2108//2108 2109//2109 2107//2107 
f 2110//2110 2111//2111 2108//2108 
f 2014//2014 2112//2112 2113//2113 
f 2090//2090 2110//2110 2101//2101 
f 2013//2013 2113//2113 2090//2090 
f 2113//2113 2114//2114 2110//2110 
f 2112//2112 2115//2115 2114//2114 
f 2016//2016 2086//2086 2112//2112 
f 2086//2086 2116//2116 2115//2115 
f 2115//2115 2117//2117 2118//2118 
f 2119//2119 2109//2109 2111//2111 
f 2109//2109 2108//2108 2111//2111 
f 2114//2114 2118//2118 2111//2111 
f 2120//2120 2119//2119 2117//2117 
f 2119//2119 2118//2118 2117//2117 
f 2116//2116 2121//2121 2117//2117 
f 2119//2119 2122//2122 2123//2123 
f 2124//2124 2125//2125 2126//2126 
f 2126//2126 2127//2127 2124//2124 
f 2123//2123 2128//2128 2107//2107 
f 2128//2128 2106//2106 2107//2107 
f 2129//2129 2089//2089 2088//2088 
f 2124//2124 2130//2130 2129//2129 
f 2129//2129 2128//2128 2124//2124 
f 2106//2106 2128//2128 2088//2088 
f 2123//2123 2131//2131 2124//2124 
f 2131//2131 2132//2132 2125//2125 
f 2125//2125 1729//1729 2133//2133 
f 2125//2125 1848//1848 1729//1729 
f 2132//2132 1842//1842 1848//1848 
f 2132//2132 1853//1853 1842//1842 
f 2134//2134 2135//2135 2132//2132 
f 2120//2120 2136//2136 2122//2122 
f 2122//2122 2134//2134 2131//2131 
f 2136//2136 2137//2137 2134//2134 
f 2137//2137 2138//2138 2135//2135 
f 2135//2135 1832//1832 1853//1853 
f 2135//2135 1870//1870 1832//1832 
f 2135//2135 2138//2138 1867//1867 
f 2138//2138 1872//1872 1867//1867 
f 2139//2139 2140//2140 2136//2136 
f 2080//2080 2141//2141 2142//2142 
f 2143//2143 2121//2121 2144//2144 
f 2121//2121 2116//2116 2144//2144 
f 2067//2067 2145//2145 2146//2146 
f 2085//2085 2144//2144 2116//2116 
f 2066//2066 2146//2146 2085//2085 
f 2146//2146 2147//2147 2144//2144 
f 2145//2145 2148//2148 2147//2147 
f 2069//2069 2142//2142 2145//2145 
f 2142//2142 2149//2149 2148//2148 
f 2150//2150 2143//2143 2148//2148 
f 2143//2143 2147//2147 2148//2148 
f 2143//2143 2139//2139 2120//2120 
f 2150//2150 2151//2151 2139//2139 
f 2152//2152 2150//2150 2153//2153 
f 2150//2150 2149//2149 2153//2153 
f 2082//2082 2154//2154 2155//2155 
f 2141//2141 2153//2153 2149//2149 
f 2081//2081 2155//2155 2141//2141 
f 2155//2155 2156//2156 2153//2153 
f 2157//2157 2156//2156 2154//2154 
f 2156//2156 2155//2155 2154//2154 
f 2084//2084 2158//2158 2154//2154 
f 2157//2157 2159//2159 2152//2152 
f 2152//2152 2160//2160 2151//2151 
f 2159//2159 2161//2161 2160//2160 
f 2160//2160 2162//2162 2163//2163 
f 2164//2164 2165//2165 2138//2138 
f 2151//2151 2163//2163 2140//2140 
f 2140//2140 2164//2164 2137//2137 
f 2163//2163 2166//2166 2164//2164 
f 2166//2166 2167//2167 2165//2165 
f 2138//2138 2165//2165 1825//1825 
f 2165//2165 1917//1917 1825//1825 
f 2165//2165 2167//2167 1914//1914 
f 2167//2167 1919//1919 1914//1914 
f 2168//2168 2169//2169 2167//2167 
f 2161//2161 2170//2170 2162//2162 
f 2162//2162 2168//2168 2166//2166 
f 2170//2170 2171//2171 2168//2168 
f 2171//2171 2172//2172 2169//2169 
f 2167//2167 2169//2169 1908//1908 
f 2169//2169 1928//1928 1908//1908 
f 2169//2169 2172//2172 1925//1925 
f 2172//2172 1726//1726 1925//1925 
f 2173//2173 2174//2174 2175//2175 
f 2175//2175 2176//2176 2173//2173 
f 2158//2158 2084//2084 2177//2177 
f 2177//2177 2178//2178 2158//2158 
f 2179//2179 2180//2180 2181//2181 
f 2180//2180 2182//2182 2181//2181 
f 2053//2053 2183//2183 2184//2184 
f 2185//2185 2186//2186 2187//2187 
f 2186//2186 2188//2188 2187//2187 
f 2046//2046 2189//2189 2190//2190 
f 1733//1733 1736//1736 2189//2189 
f 2188//2188 2186//2186 1736//1736 
f 1736//1736 2186//2186 2191//2191 
f 2052//2052 2190//2190 2183//2183 
f 2189//2189 2191//2191 2192//2192 
f 2190//2190 2192//2192 2193//2193 
f 2191//2191 2194//2194 2195//2195 
f 2186//2186 2185//2185 2194//2194 
f 2182//2182 2180//2180 2185//2185 
f 2185//2185 2180//2180 2196//2196 
f 2192//2192 2195//2195 2197//2197 
f 2194//2194 2196//2196 2198//2198 
f 2195//2195 2198//2198 2199//2199 
f 2193//2193 2197//2197 2200//2200 
f 2077//2077 2201//2201 2202//2202 
f 2076//2076 2184//2184 2201//2201 
f 2183//2183 2193//2193 2203//2203 
f 2184//2184 2203//2203 2204//2204 
f 2083//2083 2202//2202 2177//2177 
f 2201//2201 2204//2204 2205//2205 
f 2202//2202 2205//2205 2206//2206 
f 2204//2204 2207//2207 2208//2208 
f 2203//2203 2200//2200 2207//2207 
f 2197//2197 2199//2199 2209//2209 
f 2200//2200 2209//2209 2210//2210 
f 2205//2205 2208//2208 2211//2211 
f 2207//2207 2210//2210 2212//2212 
f 2208//2208 2212//2212 2213//2213 
f 2199//2199 2214//2214 2215//2215 
f 2216//2216 2217//2217 2218//2218 
f 2218//2218 2219//2219 2216//2216 
f 2196//2196 2220//2220 2221//2221 
f 2180//2180 2179//2179 2220//2220 
f 2179//2179 2218//2218 2222//2222 
f 2198//2198 2221//2221 2214//2214 
f 2220//2220 2222//2222 2223//2223 
f 2221//2221 2223//2223 2224//2224 
f 2222//2222 2225//2225 2226//2226 
f 2218//2218 2217//2217 2225//2225 
f 2217//2217 2175//2175 2227//2227 
f 2223//2223 2226//2226 2228//2228 
f 2225//2225 2227//2227 2229//2229 
f 2226//2226 2229//2229 2230//2230 
f 2224//2224 2228//2228 2231//2231 
f 2210//2210 2232//2232 2233//2233 
f 2209//2209 2215//2215 2232//2232 
f 2214//2214 2224//2224 2234//2234 
f 2215//2215 2234//2234 2235//2235 
f 2212//2212 2233//2233 2236//2236 
f 2232//2232 2235//2235 2237//2237 
f 2233//2233 2237//2237 2238//2238 
f 2235//2235 2239//2239 2240//2240 
f 2234//2234 2231//2231 2239//2239 
f 2228//2228 2230//2230 2241//2241 
f 2231//2231 2241//2241 2242//2242 
f 2237//2237 2240//2240 2243//2243 
f 2239//2239 2242//2242 2244//2244 
f 2240//2240 2244//2244 2245//2245 
f 2213//2213 2236//2236 2246//2246 
f 2247//2247 2171//2171 2170//2170 
f 2170//2170 2248//2248 2247//2247 
f 2206//2206 2211//2211 2249//2249 
f 2157//2157 2250//2250 2251//2251 
f 2158//2158 2178//2178 2250//2250 
f 2251//2251 2252//2252 2248//2248 
f 2248//2248 2159//2159 2251//2251 
f 2250//2250 2253//2253 2254//2254 
f 2250//2250 2178//2178 2249//2249 
f 2249//2249 2253//2253 2250//2250 
f 2211//2211 2213//2213 2255//2255 
f 2254//2254 2256//2256 2257//2257 
f 2257//2257 2251//2251 2254//2254 
f 2252//2252 2257//2257 2258//2258 
f 1727//1727 1726//1726 2172//2172 
f 2172//2172 2247//2247 1727//1727 
f 2248//2248 2252//2252 2259//2259 
f 2247//2247 2259//2259 1759//1759 
f 2259//2259 2258//2258 1760//1760 
f 2257//2257 2256//2256 2260//2260 
f 2258//2258 2260//2260 1754//1754 
f 2260//2260 2256//2256 2261//2261 
f 2256//2256 2262//2262 2261//2261 
f 2238//2238 2243//2243 2263//2263 
f 2253//2253 2264//2264 2265//2265 
f 2253//2253 2255//2255 2246//2246 
f 2246//2246 2264//2264 2253//2253 
f 2236//2236 2238//2238 2266//2266 
f 2265//2265 2267//2267 2262//2262 
f 2262//2262 2254//2254 2265//2265 
f 2265//2265 2264//2264 2268//2268 
f 2268//2268 2269//2269 2265//2265 
f 2266//2266 2263//2263 2268//2268 
f 2243//2243 2245//2245 2270//2270 
f 2263//2263 2270//2270 2271//2271 
f 2269//2269 2272//2272 2273//2273 
f 2273//2273 2265//2265 2269//2269 
f 2267//2267 2273//2273 2274//2274 
f 2260//2260 2275//2275 1755//1755 
f 2262//2262 2267//2267 2276//2276 
f 2261//2261 2276//2276 2277//2277 
f 2275//2275 2277//2277 1765//1765 
f 2277//2277 2278//2278 1766//1766 
f 2273//2273 2272//2272 2279//2279 
f 2276//2276 2274//2274 2278//2278 
f 2274//2274 2279//2279 2280//2280 
f 2278//2278 2280//2280 1747//1747 
f 2245//2245 2281//2281 2282//2282 
f 2283//2283 2284//2284 2285//2285 
f 2230//2230 2286//2286 2287//2287 
f 2288//2288 2289//2289 2290//2290 
f 2290//2290 2291//2291 2288//2288 
f 2227//2227 2292//2292 2293//2293 
f 2175//2175 2174//2174 2292//2292 
f 2174//2174 2290//2290 2294//2294 
f 2229//2229 2293//2293 2286//2286 
f 2292//2292 2294//2294 2295//2295 
f 2293//2293 2295//2295 2296//2296 
f 2294//2294 2297//2297 2298//2298 
f 2290//2290 2289//2289 2297//2297 
f 2289//2289 2285//2285 2299//2299 
f 2295//2295 2298//2298 2300//2300 
f 2297//2297 2299//2299 2301//2301 
f 2298//2298 2301//2301 2302//2302 
f 2296//2296 2300//2300 2303//2303 
f 2242//2242 2304//2304 2305//2305 
f 2241//2241 2287//2287 2304//2304 
f 2286//2286 2296//2296 2306//2306 
f 2287//2287 2306//2306 2307//2307 
f 2244//2244 2305//2305 2281//2281 
f 2304//2304 2307//2307 2308//2308 
f 2305//2305 2308//2308 2309//2309 
f 2307//2307 2310//2310 2311//2311 
f 2306//2306 2303//2303 2310//2310 
f 2300//2300 2302//2302 2312//2312 
f 2303//2303 2312//2312 2313//2313 
f 2308//2308 2311//2311 2314//2314 
f 2310//2310 2313//2313 2315//2315 
f 2311//2311 2315//2315 2316//2316 
f 2302//2302 2317//2317 2318//2318 
f 2319//2319 2320//2320 2321//2321 
f 2299//2299 2322//2322 2323//2323 
f 2285//2285 2284//2284 2322//2322 
f 2284//2284 2324//2324 2325//2325 
f 2284//2284 2283//2283 2324//2324 
f 2284//2284 2321//2321 2326//2326 
f 2301//2301 2323//2323 2317//2317 
f 2322//2322 2326//2326 2327//2327 
f 2323//2323 2327//2327 2328//2328 
f 2326//2326 2329//2329 2330//2330 
f 2321//2321 2320//2320 2329//2329 
f 2327//2327 2330//2330 2331//2331 
f 2328//2328 2331//2331 2332//2332 
f 2313//2313 2333//2333 2334//2334 
f 2312//2312 2318//2318 2333//2333 
f 2317//2317 2328//2328 2335//2335 
f 2318//2318 2335//2335 2336//2336 
f 2333//2333 2336//2336 2337//2337 
f 2315//2315 2334//2334 2338//2338 
f 2334//2334 2337//2337 2339//2339 
f 2336//2336 2340//2340 2341//2341 
f 2335//2335 2332//2332 2340//2340 
f 2337//2337 2341//2341 2342//2342 
f 2316//2316 2338//2338 2343//2343 
f 2272//2272 2344//2344 2345//2345 
f 2309//2309 2314//2314 2346//2346 
f 2271//2271 2347//2347 2348//2348 
f 2270//2270 2282//2282 2347//2347 
f 2281//2281 2309//2309 2349//2349 
f 2282//2282 2349//2349 2350//2350 
f 2347//2347 2350//2350 2351//2351 
f 2269//2269 2348//2348 2344//2344 
f 2348//2348 2351//2351 2352//2352 
f 2350//2350 2353//2353 2354//2354 
f 2349//2349 2346//2346 2353//2353 
f 2314//2314 2316//2316 2355//2355 
f 2346//2346 2355//2355 2356//2356 
f 2353//2353 2356//2356 2357//2357 
f 2351//2351 2354//2354 2358//2358 
f 2354//2354 2357//2357 2359//2359 
f 2352//2352 2358//2358 2360//2360 
f 2280//2280 2361//2361 1748//1748 
f 2344//2344 2352//2352 2362//2362 
f 2279//2279 2345//2345 2361//2361 
f 2345//2345 2362//2362 2363//2363 
f 1748//1748 2361//2361 2364//2364 
f 2361//2361 2363//2363 2364//2364 
f 2363//2363 2365//2365 2366//2366 
f 2358//2358 2359//2359 2367//2367 
f 2362//2362 2360//2360 2365//2365 
f 2360//2360 2367//2367 2368//2368 
f 2365//2365 2368//2368 2369//2369 
f 2364//2364 2366//2366 1789//1789 
f 2366//2366 2369//2369 1784//1784 
f 2359//2359 2370//2370 2371//2371 
f 2339//2339 2342//2342 2372//2372 
f 2356//2356 2373//2373 2374//2374 
f 2338//2338 2339//2339 2375//2375 
f 2355//2355 2343//2343 2373//2373 
f 2343//2343 2375//2375 2376//2376 
f 2373//2373 2376//2376 2377//2377 
f 2357//2357 2374//2374 2370//2370 
f 2374//2374 2377//2377 2378//2378 
f 2376//2376 2379//2379 2380//2380 
f 2375//2375 2372//2372 2379//2379 
f 2377//2377 2380//2380 2381//2381 
f 2378//2378 2381//2381 2382//2382 
f 2368//2368 2383//2383 2384//2384 
f 2370//2370 2378//2378 2385//2385 
f 2367//2367 2371//2371 2383//2383 
f 2371//2371 2385//2385 2386//2386 
f 2383//2383 2386//2386 2387//2387 
f 2369//2369 2384//2384 1785//1785 
f 2384//2384 2387//2387 2388//2388 
f 2386//2386 2389//2389 2390//2390 
f 2385//2385 2382//2382 2389//2389 
f 2387//2387 2390//2390 2391//2391 
f 2320//2320 2392//2392 2393//2393 
f 2393//2393 2394//2394 2320//2320 
f 2320//2320 2319//2319 2392//2392 
f 2393//2393 2395//2395 2394//2394 
f 2320//2320 2396//2396 2397//2397 
f 2329//2329 2397//2397 2398//2398 
f 2398//2398 2330//2330 2329//2329 
f 2330//2330 2399//2399 2400//2400 
f 2331//2331 2400//2400 2401//2401 
f 2332//2332 2402//2402 2403//2403 
f 2332//2332 2401//2401 2402//2402 
f 2340//2340 2403//2403 2404//2404 
f 2342//2342 2341//2341 2405//2405 
f 2341//2341 2404//2404 2405//2405 
f 2342//2342 2406//2406 2407//2407 
f 2379//2379 2372//2372 2408//2408 
f 2372//2372 2407//2407 2408//2408 
f 2379//2379 2409//2409 2410//2410 
f 2381//2381 2380//2380 2411//2411 
f 2380//2380 2410//2410 2411//2411 
f 2381//2381 2412//2412 2413//2413 
f 2414//2414 2389//2389 2382//2382 
f 2382//2382 2413//2413 2414//2414 
f 2389//2389 2415//2415 2416//2416 
f 2417//2417 2391//2391 2390//2390 
f 2388//2388 2418//2418 2419//2419 
f 2418//2418 2388//2388 2391//2391 
f 2391//2391 2417//2417 2420//2420 
f 2391//2391 2420//2420 2418//2418 
f 1782//1782 2419//2419 2421//2421 
f 1793//1793 2422//2422 2423//2423 
f 1793//1793 2421//2421 2422//2422 
f 2424//2424 1795//1795 1794//1794 
f 1795//1795 2425//2425 2426//2426 
f 1795//1795 2424//2424 2425//2425 
f 2427//2427 1803//1803 1796//1796 
f 1804//1804 1803//1803 2428//2428 
f 1803//1803 2427//2427 2428//2428 
f 1804//1804 2429//2429 2430//2430 
f 1805//1805 2430//2430 2431//2431 
f 2431//2431 1820//1820 1805//1805 
f 1820//1820 2432//2432 2433//2433 
f 2434//2434 1823//1823 1824//1824 
f 1824//1824 2433//2433 2434//2434 
f 2435//2435 1823//1823 2436//2436 
f 2437//2437 1817//1817 1819//1819 
f 1819//1819 2435//2435 2437//2437 
f 2438//2438 1817//1817 2439//2439 
f 1817//1817 2437//2437 2440//2440 
f 2440//2440 2439//2439 1817//1817 
f 1816//1816 2438//2438 2441//2441 
f 2441//2441 1814//1814 1816//1816 
f 1814//1814 2441//2441 2442//2442 
f 2442//2442 1899//1899 1814//1814 
f 2438//2438 2443//2443 2441//2441 
f 2439//2439 2443//2443 2438//2438 
f 2435//2435 2444//2444 2437//2437 
f 2436//2436 2444//2444 2435//2435 
f 2434//2434 2436//2436 1823//1823 
f 2433//2433 1824//1824 1820//1820 
f 2431//2431 2432//2432 1820//1820 
f 2430//2430 1805//1805 1804//1804 
f 2428//2428 2429//2429 1804//1804 
f 1796//1796 2426//2426 2427//2427 
f 2426//2426 1796//1796 1795//1795 
f 1794//1794 2423//2423 2424//2424 
f 2423//2423 1794//1794 1793//1793 
f 2421//2421 1793//1793 1782//1782 
f 2419//2419 1782//1782 2388//2388 
f 2390//2390 2416//2416 2417//2417 
f 2416//2416 2390//2390 2389//2389 
f 2414//2414 2415//2415 2389//2389 
f 2413//2413 2382//2382 2381//2381 
f 2411//2411 2412//2412 2381//2381 
f 2410//2410 2380//2380 2379//2379 
f 2408//2408 2409//2409 2379//2379 
f 2407//2407 2372//2372 2342//2342 
f 2405//2405 2406//2406 2342//2342 
f 2404//2404 2341//2341 2340//2340 
f 2403//2403 2340//2340 2332//2332 
f 2401//2401 2332//2332 2331//2331 
f 2400//2400 2331//2331 2330//2330 
f 2398//2398 2399//2399 2330//2330 
f 2397//2397 2329//2329 2320//2320 
f 2394//2394 2396//2396 2320//2320 
f 2391//2391 2388//2388 2387//2387 
f 2389//2389 2386//2386 2385//2385 
f 2390//2390 2387//2387 2386//2386 
f 2388//2388 1785//1785 2384//2384 
f 1785//1785 1784//1784 2369//2369 
f 2387//2387 2384//2384 2383//2383 
f 2386//2386 2383//2383 2371//2371 
f 2383//2383 2368//2368 2367//2367 
f 2385//2385 2371//2371 2370//2370 
f 2384//2384 2369//2369 2368//2368 
f 2382//2382 2385//2385 2378//2378 
f 2381//2381 2378//2378 2377//2377 
f 2379//2379 2376//2376 2375//2375 
f 2380//2380 2377//2377 2376//2376 
f 2378//2378 2370//2370 2374//2374 
f 2370//2370 2359//2359 2357//2357 
f 2377//2377 2374//2374 2373//2373 
f 2376//2376 2373//2373 2343//2343 
f 2373//2373 2356//2356 2355//2355 
f 2375//2375 2343//2343 2338//2338 
f 2374//2374 2357//2357 2356//2356 
f 2372//2372 2375//2375 2339//2339 
f 2371//2371 2367//2367 2359//2359 
f 1784//1784 1789//1789 2366//2366 
f 1789//1789 1788//1788 2364//2364 
f 2369//2369 2366//2366 2365//2365 
f 2368//2368 2365//2365 2360//2360 
f 2365//2365 2363//2363 2362//2362 
f 2367//2367 2360//2360 2358//2358 
f 2366//2366 2364//2364 2363//2363 
f 2364//2364 1788//1788 1748//1748 
f 2363//2363 2361//2361 2345//2345 
f 2361//2361 2280//2280 2279//2279 
f 2362//2362 2345//2345 2344//2344 
f 1748//1748 1747//1747 2280//2280 
f 2360//2360 2362//2362 2352//2352 
f 2359//2359 2358//2358 2354//2354 
f 2358//2358 2352//2352 2351//2351 
f 2357//2357 2354//2354 2353//2353 
f 2356//2356 2353//2353 2346//2346 
f 2355//2355 2346//2346 2314//2314 
f 2353//2353 2350//2350 2349//2349 
f 2354//2354 2351//2351 2350//2350 
f 2352//2352 2344//2344 2348//2348 
f 2344//2344 2272//2272 2269//2269 
f 2351//2351 2348//2348 2347//2347 
f 2350//2350 2347//2347 2282//2282 
f 2349//2349 2282//2282 2281//2281 
f 2347//2347 2271//2271 2270//2270 
f 2348//2348 2269//2269 2271//2271 
f 2346//2346 2349//2349 2309//2309 
f 2345//2345 2279//2279 2272//2272 
f 2343//2343 2355//2355 2316//2316 
f 2342//2342 2339//2339 2337//2337 
f 2340//2340 2336//2336 2335//2335 
f 2341//2341 2337//2337 2336//2336 
f 2339//2339 2338//2338 2334//2334 
f 2338//2338 2316//2316 2315//2315 
f 2337//2337 2334//2334 2333//2333 
f 2336//2336 2333//2333 2318//2318 
f 2335//2335 2318//2318 2317//2317 
f 2333//2333 2313//2313 2312//2312 
f 2334//2334 2315//2315 2313//2313 
f 2332//2332 2335//2335 2328//2328 
f 2331//2331 2328//2328 2327//2327 
f 2329//2329 2326//2326 2321//2321 
f 2330//2330 2327//2327 2326//2326 
f 2328//2328 2317//2317 2323//2323 
f 2327//2327 2323//2323 2322//2322 
f 2317//2317 2302//2302 2301//2301 
f 2326//2326 2322//2322 2284//2284 
f 2325//2325 2321//2321 2284//2284 
f 2322//2322 2299//2299 2285//2285 
f 2323//2323 2301//2301 2299//2299 
f 2321//2321 2325//2325 2319//2319 
f 2318//2318 2312//2312 2302//2302 
f 2316//2316 2314//2314 2311//2311 
f 2315//2315 2311//2311 2310//2310 
f 2314//2314 2309//2309 2308//2308 
f 2313//2313 2310//2310 2303//2303 
f 2312//2312 2303//2303 2300//2300 
f 2310//2310 2307//2307 2306//2306 
f 2311//2311 2308//2308 2307//2307 
f 2309//2309 2281//2281 2305//2305 
f 2308//2308 2305//2305 2304//2304 
f 2281//2281 2245//2245 2244//2244 
f 2307//2307 2304//2304 2287//2287 
f 2306//2306 2287//2287 2286//2286 
f 2304//2304 2242//2242 2241//2241 
f 2305//2305 2244//2244 2242//2242 
f 2303//2303 2306//2306 2296//2296 
f 2302//2302 2300//2300 2298//2298 
f 2301//2301 2298//2298 2297//2297 
f 2300//2300 2296//2296 2295//2295 
f 2299//2299 2297//2297 2289//2289 
f 2445//2445 2285//2285 2289//2289 
f 2297//2297 2294//2294 2290//2290 
f 2298//2298 2295//2295 2294//2294 
f 2296//2296 2286//2286 2293//2293 
f 2295//2295 2293//2293 2292//2292 
f 2286//2286 2230//2230 2229//2229 
f 2294//2294 2292//2292 2174//2174 
f 2291//2291 2290//2290 2174//2174 
f 2292//2292 2227//2227 2175//2175 
f 2293//2293 2229//2229 2227//2227 
f 2288//2288 2445//2445 2289//2289 
f 2287//2287 2241//2241 2230//2230 
f 2285//2285 2445//2445 2283//2283 
f 2282//2282 2270//2270 2245//2245 
f 1747//1747 1766//1766 2278//2278 
f 2280//2280 2278//2278 2274//2274 
f 2278//2278 2277//2277 2276//2276 
f 2279//2279 2274//2274 2273//2273 
f 1766//1766 1765//1765 2277//2277 
f 1765//1765 1755//1755 2275//2275 
f 2277//2277 2275//2275 2261//2261 
f 2276//2276 2261//2261 2262//2262 
f 1755//1755 1754//1754 2260//2260 
f 2274//2274 2276//2276 2267//2267 
f 2273//2273 2267//2267 2265//2265 
f 2271//2271 2268//2268 2263//2263 
f 2270//2270 2263//2263 2243//2243 
f 2268//2268 2264//2264 2266//2266 
f 2268//2268 2271//2271 2269//2269 
f 2262//2262 2256//2256 2254//2254 
f 2266//2266 2246//2246 2236//2236 
f 2246//2246 2266//2266 2264//2264 
f 2265//2265 2254//2254 2253//2253 
f 2263//2263 2266//2266 2238//2238 
f 2261//2261 2275//2275 2260//2260 
f 1754//1754 1760//1760 2258//2258 
f 2260//2260 2258//2258 2257//2257 
f 1760//1760 1759//1759 2259//2259 
f 1759//1759 1727//1727 2247//2247 
f 2259//2259 2247//2247 2248//2248 
f 2172//2172 2171//2171 2247//2247 
f 2258//2258 2259//2259 2252//2252 
f 2257//2257 2252//2252 2251//2251 
f 2255//2255 2249//2249 2211//2211 
f 2249//2249 2255//2255 2253//2253 
f 2254//2254 2251//2251 2250//2250 
f 2248//2248 2161//2161 2159//2159 
f 2250//2250 2157//2157 2158//2158 
f 2251//2251 2159//2159 2157//2157 
f 2249//2249 2178//2178 2206//2206 
f 2170//2170 2161//2161 2248//2248 
f 2246//2246 2255//2255 2213//2213 
f 2245//2245 2243//2243 2240//2240 
f 2244//2244 2240//2240 2239//2239 
f 2243//2243 2238//2238 2237//2237 
f 2242//2242 2239//2239 2231//2231 
f 2241//2241 2231//2231 2228//2228 
f 2239//2239 2235//2235 2234//2234 
f 2240//2240 2237//2237 2235//2235 
f 2238//2238 2236//2236 2233//2233 
f 2237//2237 2233//2233 2232//2232 
f 2236//2236 2213//2213 2212//2212 
f 2235//2235 2232//2232 2215//2215 
f 2234//2234 2215//2215 2214//2214 
f 2232//2232 2210//2210 2209//2209 
f 2233//2233 2212//2212 2210//2210 
f 2231//2231 2234//2234 2224//2224 
f 2230//2230 2228//2228 2226//2226 
f 2229//2229 2226//2226 2225//2225 
f 2228//2228 2224//2224 2223//2223 
f 2227//2227 2225//2225 2217//2217 
f 2176//2176 2175//2175 2217//2217 
f 2225//2225 2222//2222 2218//2218 
f 2226//2226 2223//2223 2222//2222 
f 2224//2224 2214//2214 2221//2221 
f 2223//2223 2221//2221 2220//2220 
f 2214//2214 2199//2199 2198//2198 
f 2222//2222 2220//2220 2179//2179 
f 2219//2219 2218//2218 2179//2179 
f 2220//2220 2196//2196 2180//2180 
f 2221//2221 2198//2198 2196//2196 
f 2216//2216 2176//2176 2217//2217 
f 2215//2215 2209//2209 2199//2199 
f 2213//2213 2211//2211 2208//2208 
f 2212//2212 2208//2208 2207//2207 
f 2211//2211 2206//2206 2205//2205 
f 2210//2210 2207//2207 2200//2200 
f 2209//2209 2200//2200 2197//2197 
f 2207//2207 2204//2204 2203//2203 
f 2208//2208 2205//2205 2204//2204 
f 2206//2206 2177//2177 2202//2202 
f 2205//2205 2202//2202 2201//2201 
f 2177//2177 2084//2084 2083//2083 
f 2204//2204 2201//2201 2184//2184 
f 2203//2203 2184//2184 2183//2183 
f 2201//2201 2077//2077 2076//2076 
f 2202//2202 2083//2083 2077//2077 
f 2200//2200 2203//2203 2193//2193 
f 2199//2199 2197//2197 2195//2195 
f 2198//2198 2195//2195 2194//2194 
f 2197//2197 2193//2193 2192//2192 
f 2196//2196 2194//2194 2185//2185 
f 2185//2185 2446//2446 2182//2182 
f 2194//2194 2191//2191 2186//2186 
f 2195//2195 2192//2192 2191//2191 
f 2193//2193 2183//2183 2190//2190 
f 2192//2192 2190//2190 2189//2189 
f 2183//2183 2053//2053 2052//2052 
f 2191//2191 2189//2189 1736//1736 
f 1736//1736 2447//2447 2188//2188 
f 2189//2189 2046//2046 1733//1733 
f 2190//2190 2052//2052 2046//2046 
f 2187//2187 2446//2446 2185//2185 
f 2184//2184 2076//2076 2053//2053 
f 2181//2181 2219//2219 2179//2179 
f 2177//2177 2206//2206 2178//2178 
f 2173//2173 2291//2291 2174//2174 
f 1925//1925 1928//1928 2169//2169 
f 1908//1908 1919//1919 2167//2167 
f 2169//2169 2168//2168 2171//2171 
f 2168//2168 2162//2162 2170//2170 
f 2166//2166 2163//2163 2162//2162 
f 2162//2162 2160//2160 2161//2161 
f 2167//2167 2166//2166 2168//2168 
f 1914//1914 1917//1917 2165//2165 
f 1825//1825 1872//1872 2138//2138 
f 2165//2165 2164//2164 2166//2166 
f 2164//2164 2140//2140 2163//2163 
f 2137//2137 2136//2136 2140//2140 
f 2140//2140 2139//2139 2151//2151 
f 2138//2138 2137//2137 2164//2164 
f 2163//2163 2151//2151 2160//2160 
f 2160//2160 2152//2152 2159//2159 
f 2151//2151 2150//2150 2152//2152 
f 2152//2152 2156//2156 2157//2157 
f 2154//2154 2082//2082 2084//2084 
f 2154//2154 2158//2158 2157//2157 
f 2153//2153 2141//2141 2155//2155 
f 2141//2141 2080//2080 2081//2081 
f 2149//2149 2142//2142 2141//2141 
f 2155//2155 2081//2081 2082//2082 
f 2153//2153 2156//2156 2152//2152 
f 2139//2139 2143//2143 2150//2150 
f 2120//2120 2121//2121 2143//2143 
f 2148//2148 2149//2149 2150//2150 
f 2148//2148 2145//2145 2142//2142 
f 2145//2145 2067//2067 2069//2069 
f 2147//2147 2146//2146 2145//2145 
f 2144//2144 2085//2085 2146//2146 
f 2085//2085 2065//2065 2066//2066 
f 2116//2116 2086//2086 2085//2085 
f 2146//2146 2066//2066 2067//2067 
f 2144//2144 2147//2147 2143//2143 
f 2142//2142 2069//2069 2080//2080 
f 2136//2136 2120//2120 2139//2139 
f 1867//1867 1870//1870 2135//2135 
f 1853//1853 2132//2132 2135//2135 
f 2135//2135 2134//2134 2137//2137 
f 2134//2134 2122//2122 2136//2136 
f 2131//2131 2123//2123 2122//2122 
f 2122//2122 2119//2119 2120//2120 
f 2132//2132 2131//2131 2134//2134 
f 1848//1848 2125//2125 2132//2132 
f 2133//2133 2126//2126 2125//2125 
f 2125//2125 2124//2124 2131//2131 
f 2124//2124 2128//2128 2123//2123 
f 2088//2088 2087//2087 2106//2106 
f 2088//2088 2128//2128 2129//2129 
f 2107//2107 2109//2109 2123//2123 
f 2127//2127 2130//2130 2124//2124 
f 2123//2123 2109//2109 2119//2119 
f 2117//2117 2115//2115 2116//2116 
f 2117//2117 2121//2121 2120//2120 
f 2111//2111 2110//2110 2114//2114 
f 2111//2111 2118//2118 2119//2119 
f 2118//2118 2114//2114 2115//2115 
f 2115//2115 2112//2112 2086//2086 
f 2112//2112 2014//2014 2016//2016 
f 2114//2114 2113//2113 2112//2112 
f 2110//2110 2090//2090 2113//2113 
f 2090//2090 2012//2012 2013//2013 
f 2101//2101 2091//2091 2090//2090 
f 2113//2113 2013//2013 2014//2014 
f 2108//2108 2101//2101 2110//2110 
f 2107//2107 2102//2102 2108//2108 
f 2102//2102 2100//2100 2101//2101 
f 2106//2106 2103//2103 2102//2102 
f 2087//2087 2093//2093 2103//2103 
f 2093//2093 2092//2092 2099//2099 
f 2105//2105 2094//2094 2093//2093 
f 2103//2103 2099//2099 2100//2100 
f 2100//2100 2095//2095 2091//2091 
f 2095//2095 1999//1999 2001//2001 
f 2099//2099 2096//2096 2095//2095 
f 2092//2092 1934//1934 2096//2096 
f 1934//1934 1933//1933 1998//1998 
f 2098//2098 1935//1935 1934//1934 
f 2096//2096 1998//1998 1999//1999 
f 2094//2094 2097//2097 2092//2092 
f 2091//2091 2001//2001 2012//2012 
f 2089//2089 2104//2104 2087//2087 
f 2086//2086 2016//2016 2065//2065 
f 2082//2082 2078//2078 2083//2083 
f 2078//2078 2075//2075 2077//2077 
f 2081//2081 2079//2079 2078//2078 
f 2080//2080 2071//2071 2079//2079 
f 2071//2071 2070//2070 2074//2074 
f 2069//2069 2068//2068 2071//2071 
f 2079//2079 2074//2074 2075//2075 
f 2075//2075 2072//2072 2076//2076 
f 2072//2072 2051//2051 2053//2053 
f 2074//2074 2073//2073 2072//2072 
f 2070//2070 2054//2054 2073//2073 
f 2054//2054 2049//2049 2050//2050 
f 2062//2062 2055//2055 2054//2054 
f 2073//2073 2050//2050 2051//2051 
f 2068//2068 2062//2062 2070//2070 
f 2067//2067 2063//2063 2068//2068 
f 2063//2063 2061//2061 2062//2062 
f 2066//2066 2064//2064 2063//2063 
f 2065//2065 2057//2057 2064//2064 
f 2057//2057 2056//2056 2060//2060 
f 2016//2016 2015//2015 2057//2057 
f 2064//2064 2060//2060 2061//2061 
f 2061//2061 2058//2058 2055//2055 
f 2058//2058 2034//2034 2036//2036 
f 2060//2060 2059//2059 2058//2058 
f 2056//2056 2018//2018 2059//2059 
f 2018//2018 2017//2017 2033//2033 
f 2009//2009 2008//2008 2018//2018 
f 2059//2059 2033//2033 2034//2034 
f 2015//2015 2009//2009 2056//2056 
f 2055//2055 2036//2036 2049//2049 
f 2051//2051 2047//2047 2052//2052 
f 2047//2047 2045//2045 2046//2046 
f 2050//2050 2048//2048 2047//2047 
f 2049//2049 2038//2038 2048//2048 
f 2038//2038 2037//2037 2043//2043 
f 2036//2036 2035//2035 2038//2038 
f 2048//2048 2043//2043 2045//2045 
f 2045//2045 2044//2044 1733//1733 
f 2044//2044 2448//2448 1734//1734 
f 2043//2043 2041//2041 2044//2044 
f 2037//2037 2039//2039 2041//2041 
f 2040//2040 2448//2448 2041//2041 
f 2030//2030 2029//2029 2039//2039 
f 2044//2044 2041//2041 2448//2448 
f 2035//2035 2030//2030 2037//2037 
f 2034//2034 2031//2031 2035//2035 
f 2031//2031 2027//2027 2030//2030 
f 2033//2033 2032//2032 2031//2031 
f 2017//2017 2020//2020 2032//2032 
f 2020//2020 2019//2019 2025//2025 
f 1981//1981 1980//1980 2020//2020 
f 2032//2032 2025//2025 2027//2027 
f 2027//2027 2026//2026 2029//2029 
f 2028//2028 2042//2042 2029//2029 
f 2025//2025 2024//2024 2026//2026 
f 2019//2019 2021//2021 2024//2024 
f 2024//2024 2021//2021 2022//2022 
f 1974//1974 1973//1973 2021//2021 
f 2026//2026 2024//2024 2023//2023 
f 1980//1980 1974//1974 2019//2019 
f 2039//2039 2029//2029 2042//2042 
f 2008//2008 1981//1981 2017//2017 
f 2014//2014 2010//2010 2015//2015 
f 2010//2010 2007//2007 2009//2009 
f 2013//2013 2011//2011 2010//2010 
f 2012//2012 2003//2003 2011//2011 
f 2003//2003 2002//2002 2006//2006 
f 2001//2001 2000//2000 2003//2003 
f 2011//2011 2006//2006 2007//2007 
f 2007//2007 2004//2004 2008//2008 
f 2004//2004 1979//1979 1981//1981 
f 2006//2006 2005//2005 2004//2004 
f 2002//2002 1982//1982 2005//2005 
f 1982//1982 1977//1977 1978//1978 
f 1993//1993 1983//1983 1982//1982 
f 2005//2005 1978//1978 1979//1979 
f 2000//2000 1993//1993 2002//2002 
f 1999//1999 1994//1994 2000//2000 
f 1994//1994 1992//1992 1993//1993 
f 1998//1998 1995//1995 1994//1994 
f 1933//1933 1985//1985 1995//1995 
f 1985//1985 1984//1984 1991//1991 
f 1997//1997 1986//1986 1985//1985 
f 1995//1995 1991//1991 1992//1992 
f 1992//1992 1987//1987 1983//1983 
f 1987//1987 1960//1960 1962//1962 
f 1991//1991 1988//1988 1987//1987 
f 1984//1984 1937//1937 1988//1988 
f 1937//1937 1936//1936 1959//1959 
f 1990//1990 1938//1938 1937//1937 
f 1988//1988 1959//1959 1960//1960 
f 1986//1986 1989//1989 1984//1984 
f 1983//1983 1962//1962 1977//1977 
f 1979//1979 1975//1975 1980//1980 
f 1975//1975 1970//1970 1974//1974 
f 1978//1978 1976//1976 1975//1975 
f 1977//1977 1964//1964 1976//1976 
f 1964//1964 1963//1963 1968//1968 
f 1962//1962 1961//1961 1964//1964 
f 1976//1976 1968//1968 1970//1970 
f 1970//1970 1969//1969 1973//1973 
f 1973//1973 1969//1969 1971//1971 
f 1968//1968 1967//1967 1969//1969 
f 1963//1963 1939//1939 1967//1967 
f 1967//1967 1939//1939 1965//1965 
f 1955//1955 1940//1940 1939//1939 
f 1969//1969 1967//1967 1966//1966 
f 1961//1961 1955//1955 1963//1963 
f 1960//1960 1956//1956 1961//1961 
f 1956//1956 1953//1953 1955//1955 
f 1959//1959 1957//1957 1956//1956 
f 1936//1936 1944//1944 1957//1957 
f 1944//1944 1943//1943 1952//1952 
f 1944//1944 1936//1936 1958//1958 
f 1957//1957 1952//1952 1953//1953 
f 1953//1953 1950//1950 1940//1940 
f 1940//1940 1950//1950 1954//1954 
f 1952//1952 1947//1947 1950//1950 
f 1943//1943 1738//1738 1947//1947 
f 1947//1947 1738//1738 1951//1951 
f 1943//1943 2449//2449 1741//1741 
f 1949//1949 1954//1954 1950//1950 
f 1945//1945 2449//2449 1943//1943 
f 1942//1942 1965//1965 1939//1939 
f 1938//1938 1958//1958 1936//1936 
f 2021//2021 1973//1973 1972//1972 
f 1935//1935 1996//1996 1933//1933 
f 1815//1815 1899//1899 1932//1932 
f 1931//1931 1930//1930 1742//1742 
f 1932//1932 1931//1931 1808//1808 
f 1932//1932 1899//1899 1903//1903 
f 1907//1907 1906//1906 1922//1922 
f 1930//1930 1931//1931 1904//1904 
f 1903//1903 1904//1904 1931//1931 
f 1929//1929 1743//1743 1742//1742 
f 1929//1929 1924//1924 1773//1773 
f 1924//1924 1923//1923 1750//1750 
f 1922//1922 1921//1921 1924//1924 
f 1725//1725 1757//1757 1926//1926 
f 1926//1926 1757//1757 1750//1750 
f 1909//1909 1908//1908 1928//1928 
f 1909//1909 1927//1927 1923//1923 
f 1927//1927 1928//1928 1925//1925 
f 1921//1921 1920//1920 1923//1923 
f 1906//1906 1912//1912 1921//1921 
f 1920//1920 1921//1921 1912//1912 
f 1879//1879 1878//1878 1912//1912 
f 1918//1918 1915//1915 1910//1910 
f 1915//1915 1914//1914 1919//1919 
f 1913//1913 1916//1916 1915//1915 
f 1911//1911 1826//1826 1916//1916 
f 1826//1826 1825//1825 1917//1917 
f 1873//1873 1827//1827 1826//1826 
f 1916//1916 1917//1917 1914//1914 
f 1911//1911 1913//1913 1877//1877 
f 1910//1910 1919//1919 1908//1908 
f 1905//1905 1879//1879 1906//1906 
f 1898//1898 1895//1895 1903//1903 
f 1902//1902 1881//1881 1905//1905 
f 1881//1881 1880//1880 1879//1879 
f 1886//1886 1882//1882 1881//1881 
f 1902//1902 1904//1904 1896//1896 
f 1901//1901 1893//1893 1898//1898 
f 1897//1897 1884//1884 1896//1896 
f 1895//1895 1898//1898 1893//1893 
f 1887//1887 1891//1891 1889//1889 
f 1889//1889 1888//1888 1882//1882 
f 1888//1888 1829//1829 1883//1883 
f 1829//1829 1888//1888 1892//1892 
f 1829//1829 1828//1828 1864//1864 
f 1890//1890 1892//1892 1888//1888 
f 1886//1886 1896//1896 1884//1884 
f 1883//1883 1864//1864 1880//1880 
f 1864//1864 1862//1862 1875//1875 
f 1875//1875 1874//1874 1878//1878 
f 1874//1874 1876//1876 1877//1877 
f 1861//1861 1860//1860 1876//1876 
f 1873//1873 1877//1877 1876//1876 
f 1862//1862 1861//1861 1874//1874 
f 1871//1871 1868//1868 1827//1827 
f 1868//1868 1867//1867 1872//1872 
f 1866//1866 1869//1869 1868//1868 
f 1865//1865 1833//1833 1869//1869 
f 1833//1833 1832//1832 1870//1870 
f 1854//1854 1834//1834 1833//1833 
f 1869//1869 1870//1870 1867//1867 
f 1866//1866 1876//1876 1860//1860 
f 1828//1828 1856//1856 1862//1862 
f 1856//1856 1828//1828 1863//1863 
f 1856//1856 1855//1855 1861//1861 
f 1855//1855 1839//1839 1860//1860 
f 1859//1859 1840//1840 1839//1839 
f 1854//1854 1860//1860 1839//1839 
f 1858//1858 1859//1859 1855//1855 
f 1852//1852 1851//1851 1834//1834 
f 1850//1850 1844//1844 1843//1843 
f 1843//1843 1842//1842 1853//1853 
f 1841//1841 1850//1850 1851//1851 
f 1835//1835 1845//1845 1850//1850 
f 1845//1845 1730//1730 1844//1844 
f 1730//1730 1845//1845 1849//1849 
f 1730//1730 1729//1729 1848//1848 
f 1847//1847 1849//1849 1845//1845 
f 1844//1844 1848//1848 1842//1842 
f 1835//1835 1841//1841 1836//1836 
f 1834//1834 1853//1853 1832//1832 
f 1830//1830 1863//1863 1828//1828 
f 1827//1827 1872//1872 1825//1825 
f 1824//1824 1822//1822 1821//1821 
f 1823//1823 2435//2435 1819//1819 
f 1819//1819 1818//1818 1807//1807 
f 1821//1821 1822//1822 1807//1807 
f 1818//1818 1812//1812 1813//1813 
f 1820//1820 1821//1821 1802//1802 
f 1817//1817 2438//2438 1816//1816 
f 1816//1816 1810//1810 1809//1809 
f 1814//1814 1899//1899 1815//1815 
f 1813//1813 1811//1811 1776//1776 
f 1811//1811 1813//1813 1812//1812 
f 1809//1809 1808//1808 1742//1742 
f 1811//1811 1745//1745 1775//1775 
f 1810//1810 1815//1815 1808//1808 
f 1807//1807 1813//1813 1779//1779 
f 1805//1805 1802//1802 1801//1801 
f 1803//1803 1800//1800 1799//1799 
f 1804//1804 1801//1801 1800//1800 
f 1802//1802 1806//1806 1797//1797 
f 1801//1801 1797//1797 1798//1798 
f 1800//1800 1798//1798 1781//1781 
f 1798//1798 1778//1778 1777//1777 
f 1799//1799 1781//1781 1780//1780 
f 1797//1797 1806//1806 1779//1779 
f 1796//1796 1799//1799 1792//1792 
f 1795//1795 1792//1792 1791//1791 
f 1793//1793 1790//1790 1783//1783 
f 1794//1794 1791//1791 1790//1790 
f 1792//1792 1780//1780 1787//1787 
f 1780//1780 1770//1770 1768//1768 
f 1791//1791 1787//1787 1786//1786 
f 1790//1790 1786//1786 1749//1749 
f 1786//1786 1767//1767 1746//1746 
f 1789//1789 1784//1784 1783//1783 
f 1787//1787 1768//1768 1767//1767 
f 1785//1785 2388//2388 1782//1782 
f 1781//1781 1777//1777 1770//1770 
f 1779//1779 1776//1776 1772//1772 
f 1777//1777 1778//1778 1772//1772 
f 1776//1776 1775//1775 1774//1774 
f 1775//1775 1744//1744 1752//1752 
f 1774//1774 1752//1752 1751//1751 
f 1744//1744 1743//1743 1773//1773 
f 1772//1772 1774//1774 1771//1771 
f 1770//1770 1769//1769 1764//1764 
f 1769//1769 1771//1771 1762//1762 
f 1768//1768 1764//1764 1763//1763 
f 1767//1767 1763//1763 1756//1756 
f 1763//1763 1761//1761 1753//1753 
f 1766//1766 1747//1747 1746//1746 
f 1764//1764 1762//1762 1761//1761 
f 1762//1762 1771//1771 1751//1751 
f 1761//1761 1758//1758 1728//1728 
f 1758//1758 1757//1757 1725//1725 
f 1760//1760 1754//1754 1753//1753 
f 1751//1751 1750//1750 1757//1757 
f 1755//1755 1765//1765 1756//1756 
f 1752//1752 1773//1773 1750//1750 
f 1748//1748 1788//1788 1749//1749 
f 1744//1744 1775//1775 1745//1745 
f 1737//1737 1951//1951 1738//1738 
f 1735//1735 2447//2447 1736//1736 
f 1732//1732 2133//2133 1729//1729 
f 1727//1727 1759//1759 1728//1728 
v -0.0231309 -0.00275 -0.0543154 
v -0.025931 -0.00275 -0.0543154 
v -0.0259309 0.01425 -0.0543154 
v -0.0231309 0.01425 -0.0543154 
vn -7.88828e-09 -9.66036e-25 -1 
vn -7.88828e-09 -9.66036e-25 -1 
vn -7.88828e-09 -9.66036e-25 -1 
vn -7.88828e-09 -9.66036e-25 -1 
f 2450//2450 2451//2451 2452//2452 
f 2452//2452 2453//2453 2450//2450 
v -0.0214808 -0.00424168 -0.0514742 
v -0.0216378 -0.00425 -0.0514591 
v -0.0216612 -0.00425 -0.0516153 
v -0.0215066 -0.00424168 -0.0516468 
v -0.0217009 -0.00425 -0.0517681 
v -0.0215505 -0.00424168 -0.0518158 
v -0.0217564 -0.00425 -0.051916 
v -0.0216119 -0.00424168 -0.0519792 
v -0.0218272 -0.00425 -0.0520572 
v -0.0216901 -0.00424168 -0.0521352 
v -0.0219124 -0.00425 -0.0521902 
v -0.0217843 -0.00424168 -0.0522822 
v -0.0220112 -0.00425 -0.0523135 
v -0.0218934 -0.00424168 -0.0524184 
v -0.0221223 -0.00425 -0.0524257 
v -0.0220163 -0.00424168 -0.0525424 
v -0.0222447 -0.00425 -0.0525256 
v -0.0221515 -0.00424168 -0.0526528 
v -0.0223768 -0.00425 -0.0526121 
v -0.0222975 -0.00424168 -0.0527484 
v -0.0225174 -0.00425 -0.0526842 
v -0.0224528 -0.00424168 -0.0528281 
v -0.0226647 -0.00425 -0.0527411 
v -0.0226157 -0.00424168 -0.052891 
v -0.0228172 -0.00425 -0.0527822 
v -0.0227842 -0.00424168 -0.0529365 
v -0.0229732 -0.00425 -0.0528071 
v -0.0229566 -0.00424168 -0.0529639 
v -0.0231309 -0.00424841 -0.0528456 
v -0.0231309 -0.00425 -0.0528154 
v -0.0213255 -0.00421683 -0.0514891 
v -0.0213538 -0.00421683 -0.051678 
v -0.0214018 -0.00421683 -0.0518628 
v -0.0214689 -0.00421683 -0.0520416 
v -0.0215545 -0.00421683 -0.0522124 
v -0.0216576 -0.00421683 -0.0523731 
v -0.021777 -0.00421683 -0.0525222 
v -0.0219114 -0.00421683 -0.0526579 
v -0.0220593 -0.00421683 -0.0527787 
v -0.0222191 -0.00421683 -0.0528833 
v -0.022389 -0.00421683 -0.0529704 
v -0.0225672 -0.00421683 -0.0530393 
v -0.0227516 -0.00421683 -0.053089 
v -0.0229402 -0.00421683 -0.053119 
v -0.0231309 -0.00423614 -0.0530079 
v -0.0231309 -0.00424168 -0.0529731 
v -0.0211737 -0.00417571 -0.0515037 
v -0.0212044 -0.00417571 -0.0517085 
v -0.0212564 -0.00417571 -0.0519089 
v -0.0213292 -0.00417571 -0.0521027 
v -0.021422 -0.00417571 -0.0522878 
v -0.0215337 -0.00417571 -0.0524621 
v -0.0216631 -0.00417571 -0.0526237 
v -0.0218088 -0.00417571 -0.0527708 
v -0.0219692 -0.00417571 -0.0529017 
v -0.0221425 -0.00417571 -0.0530151 
v -0.0223267 -0.00417571 -0.0531096 
v -0.0225198 -0.00417571 -0.0531842 
v -0.0227197 -0.00417571 -0.0532381 
v -0.0229242 -0.00417571 -0.0532707 
v -0.0231309 -0.00420638 -0.0531679 
v -0.0231309 -0.00421683 -0.0531291 
v -0.0210271 -0.00411878 -0.0515178 
v -0.02106 -0.00411878 -0.0517379 
v -0.0211159 -0.00411878 -0.0519533 
v -0.0211942 -0.00411878 -0.0521617 
v -0.0212939 -0.00411878 -0.0523606 
v -0.021414 -0.00411878 -0.052548 
v -0.0215532 -0.00411878 -0.0527217 
v -0.0217098 -0.00411878 -0.0528798 
v -0.0218822 -0.00411878 -0.0530206 
v -0.0220684 -0.00411878 -0.0531424 
v -0.0222664 -0.00411878 -0.053244 
v -0.022474 -0.00411878 -0.0533243 
v -0.0226889 -0.00411878 -0.0533822 
v -0.0229087 -0.00411878 -0.0534172 
v -0.0231309 -0.00415946 -0.0533237 
v -0.0231309 -0.00417571 -0.0532816 
v -0.0208872 -0.00404668 -0.0515313 
v -0.0209223 -0.00404668 -0.051766 
v -0.020982 -0.00404668 -0.0519958 
v -0.0210654 -0.00404668 -0.052218 
v -0.0211718 -0.00404668 -0.0524301 
v -0.0212999 -0.00404668 -0.05263 
v -0.0214482 -0.00404668 -0.0528152 
v -0.0216153 -0.00404668 -0.0529838 
v -0.0217991 -0.00404668 -0.053134 
v -0.0219977 -0.00404668 -0.0532639 
v -0.0222089 -0.00404668 -0.0533723 
v -0.0224303 -0.00404668 -0.0534578 
v -0.0226595 -0.00404668 -0.0535196 
v -0.0228939 -0.00404668 -0.053557 
v -0.0231309 -0.00409594 -0.0534734 
v -0.0231309 -0.00411878 -0.0534289 
v -0.0207556 -0.00396019 -0.0515439 
v -0.0207928 -0.00396019 -0.0517924 
v -0.020856 -0.00396019 -0.0520356 
v -0.0209443 -0.00396019 -0.0522709 
v -0.0210569 -0.00396019 -0.0524955 
v -0.0211925 -0.00396019 -0.0527071 
v -0.0213496 -0.00396019 -0.0529032 
v -0.0215264 -0.00396019 -0.0530817 
v -0.021721 -0.00396019 -0.0532406 
v -0.0219313 -0.00396019 -0.0533782 
v -0.0221549 -0.00396019 -0.0534929 
v -0.0223892 -0.00396019 -0.0535835 
v -0.0226319 -0.00396019 -0.0536489 
v -0.02288 -0.00396019 -0.0536884 
v -0.0231309 -0.00401658 -0.0536155 
v -0.0231309 -0.00404668 -0.0535695 
v -0.0206339 -0.00386029 -0.0515557 
v -0.020673 -0.00386029 -0.0518169 
v -0.0207393 -0.00386029 -0.0520726 
v -0.0208322 -0.00386029 -0.0523199 
v -0.0209506 -0.00386029 -0.052556 
v -0.0210931 -0.00386029 -0.0527784 
v -0.0212583 -0.00386029 -0.0529846 
v -0.0214442 -0.00386029 -0.0531722 
v -0.0216488 -0.00386029 -0.0533393 
v -0.0218698 -0.00386029 -0.0534839 
v -0.0221048 -0.00386029 -0.0536045 
v -0.0223512 -0.00386029 -0.0536997 
v -0.0226063 -0.00386029 -0.0537685 
v -0.0228671 -0.00386029 -0.0538101 
v -0.0231309 -0.00392231 -0.053748 
v -0.0231309 -0.00396019 -0.0537016 
v -0.0205232 -0.00374808 -0.0515663 
v -0.020564 -0.00374808 -0.0518391 
v -0.0206334 -0.00374808 -0.0521061 
v -0.0207303 -0.00374808 -0.0523644 
v -0.020854 -0.00374808 -0.052611 
v -0.0210028 -0.00374808 -0.0528432 
v -0.0211753 -0.00374808 -0.0530585 
v -0.0213694 -0.00374808 -0.0532545 
v -0.0215831 -0.00374808 -0.053429 
v -0.0218139 -0.00374808 -0.05358 
v -0.0220594 -0.00374808 -0.053706 
v -0.0223167 -0.00374808 -0.0538054 
v -0.022583 -0.00374808 -0.0538772 
v -0.0228554 -0.00374808 -0.0539206 
v -0.0231309 -0.00381423 -0.0538696 
v -0.0231309 -0.00386029 -0.053824 
v -0.0204249 -0.0036248 -0.0515758 
v -0.0204673 -0.0036248 -0.0518589 
v -0.0205392 -0.0036248 -0.0521359 
v -0.0206399 -0.0036248 -0.0524039 
v -0.0207681 -0.0036248 -0.0526598 
v -0.0209226 -0.0036248 -0.0529008 
v -0.0211016 -0.0036248 -0.0531242 
v -0.021303 -0.0036248 -0.0533276 
v -0.0215247 -0.0036248 -0.0535087 
v -0.0217643 -0.0036248 -0.0536654 
v -0.022019 -0.0036248 -0.0537961 
v -0.022286 -0.0036248 -0.0538992 
v -0.0225624 -0.0036248 -0.0539738 
v -0.0231309 -0.00374808 -0.0539351 
v -0.0231309 -0.00369362 -0.0539788 
v -0.0228451 -0.0036248 -0.0540188 
v -0.0203401 -0.00349182 -0.0515839 
v -0.0203838 -0.00349182 -0.0518759 
v -0.020458 -0.00349182 -0.0521617 
v -0.0205618 -0.00349182 -0.052438 
v -0.0206941 -0.00349182 -0.052702 
v -0.0208534 -0.00349182 -0.0529505 
v -0.0210379 -0.00349182 -0.053181 
v -0.0212457 -0.00349182 -0.0533907 
v -0.0214744 -0.00349182 -0.0535774 
v -0.0217214 -0.00349182 -0.0537391 
v -0.0219841 -0.00349182 -0.0538738 
v -0.0222595 -0.00349182 -0.0539803 
v -0.0225445 -0.00349182 -0.0540571 
v -0.0231309 -0.0036248 -0.0540339 
v -0.0231309 -0.0035619 -0.0540742 
v -0.0228361 -0.00349182 -0.0541036 
v -0.0202696 -0.00335062 -0.0515907 
v -0.0203144 -0.00335062 -0.05189 
v -0.0203905 -0.00335062 -0.052183 
v -0.0204969 -0.00335062 -0.0524664 
v -0.0206325 -0.00335062 -0.052737 
v -0.0207959 -0.00335062 -0.0529918 
v -0.0209851 -0.00335062 -0.053228 
v -0.0211981 -0.00335062 -0.0534431 
v -0.0214326 -0.00335062 -0.0536345 
v -0.0216858 -0.00335062 -0.0538003 
v -0.0219552 -0.00335062 -0.0539384 
v -0.0222375 -0.00335062 -0.0540475 
v -0.0225297 -0.00335062 -0.0541263 
v -0.0231309 -0.00349182 -0.0541191 
v -0.0231309 -0.00342062 -0.0541548 
v -0.0228286 -0.00335062 -0.054174 
v -0.0202143 -0.00320276 -0.051596 
v -0.02026 -0.00320276 -0.0519011 
v -0.0203375 -0.00320276 -0.0521998 
v -0.020446 -0.00320276 -0.0524886 
v -0.0205843 -0.00320276 -0.0527644 
v -0.0207508 -0.00320276 -0.0530242 
v -0.0209436 -0.00320276 -0.053265 
v -0.0211608 -0.00320276 -0.0534842 
v -0.0213998 -0.00320276 -0.0536793 
v -0.0216579 -0.00320276 -0.0538483 
v -0.0219324 -0.00320276 -0.0539891 
v -0.0222202 -0.00320276 -0.0541003 
v -0.0225181 -0.00320276 -0.0541806 
v -0.0231309 -0.00335062 -0.0541899 
v -0.0231309 -0.00327143 -0.0542196 
v -0.0228228 -0.00320276 -0.0542292 
v -0.0201748 -0.00304987 -0.0515998 
v -0.0202211 -0.00304987 -0.0519091 
v -0.0202997 -0.00304987 -0.0522118 
v -0.0204097 -0.00304987 -0.0525045 
v -0.0205498 -0.00304987 -0.0527841 
v -0.0207185 -0.00304987 -0.0530473 
v -0.020914 -0.00304987 -0.0532914 
v -0.0211341 -0.00304987 -0.0535136 
v -0.0213763 -0.00304987 -0.0537113 
v -0.021638 -0.00304987 -0.0538826 
v -0.0219162 -0.00304987 -0.0540253 
v -0.0222079 -0.00304987 -0.054138 
v -0.0225098 -0.00304987 -0.0542194 
v -0.0231309 -0.00320276 -0.0542454 
v -0.0231309 -0.0031161 -0.0542679 
v -0.0228186 -0.00304987 -0.0542686 
v -0.0201516 -0.00289366 -0.0516021 
v -0.0201982 -0.00289366 -0.0519138 
v -0.0202774 -0.00289366 -0.0522188 
v -0.0203882 -0.00289366 -0.0525139 
v -0.0205295 -0.00289366 -0.0527956 
v -0.0206995 -0.00289366 -0.053061 
v -0.0208966 -0.00289366 -0.053307 
v -0.0211184 -0.00289366 -0.0535309 
v -0.0213625 -0.00289366 -0.0537302 
v -0.0216262 -0.00289366 -0.0539028 
v -0.0219066 -0.00289366 -0.0540467 
v -0.0222006 -0.00289366 -0.0541603 
v -0.0225049 -0.00289366 -0.0542423 
v -0.0231309 -0.00304987 -0.0542851 
v -0.0231309 -0.00295645 -0.0542991 
v -0.0228162 -0.00289366 -0.0542919 
v -0.0201398 -0.0029067 -0.0513154 
v -0.0201378 -0.00289366 -0.0513154 
v -0.0201643 -0.00306172 -0.0513154 
v -0.0201612 -0.00304987 -0.0513154 
v -0.0202048 -0.00321333 -0.0513154 
v -0.0202009 -0.00320276 -0.0513154 
v -0.0202611 -0.00335988 -0.0513154 
v -0.0203272 -0.00349182 -0.0513154 
v -0.0202564 -0.00335062 -0.0513154 
v -0.0203323 -0.00349975 -0.0513154 
v -0.0204124 -0.0036248 -0.0513154 
v -0.0204177 -0.00363141 -0.0513154 
v -0.0205112 -0.00374808 -0.0513154 
v -0.0205165 -0.00375343 -0.0513154 
v -0.0206223 -0.00386029 -0.0513154 
v -0.0206274 -0.00386446 -0.0513154 
v -0.0207447 -0.00396019 -0.0513154 
v -0.0207494 -0.00396329 -0.0513154 
v -0.0208768 -0.00404668 -0.0513154 
v -0.020881 -0.00404882 -0.0513154 
v -0.0210174 -0.00411878 -0.0513154 
v -0.0210209 -0.00412014 -0.0513154 
v -0.0211647 -0.00417571 -0.0513154 
v -0.0211674 -0.00417644 -0.0513154 
v -0.0213172 -0.00421683 -0.0513154 
v -0.0213191 -0.00421712 -0.0513154 
v -0.0214732 -0.00424168 -0.0513154 
v -0.0214741 -0.00424173 -0.0513154 
v -0.0216309 -0.00425 -0.0513154 
v -0.0231309 -0.00279437 -0.0543133 
v -0.0231309 -0.00275 -0.0543154 
v -0.023042 -0.00275 -0.0543141 
v -0.0231309 -0.00289366 -0.0543085 
v -0.0228158 -0.00275 -0.054295 
v -0.0227174 -0.00275 -0.0542868 
v -0.0223977 -0.00275 -0.0542244 
v -0.0225042 -0.00275 -0.0542452 
v -0.0220866 -0.00275 -0.0541278 
v -0.0221997 -0.00275 -0.0541629 
v -0.0217878 -0.00275 -0.0539979 
v -0.0219055 -0.00275 -0.0540491 
v -0.0215049 -0.00275 -0.0538365 
v -0.0216249 -0.00275 -0.053905 
v -0.0212411 -0.00275 -0.0536453 
v -0.021361 -0.00275 -0.0537322 
v -0.0211167 -0.00275 -0.0535327 
v -0.0209996 -0.00275 -0.0534267 
v -0.0208947 -0.00275 -0.0533086 
v -0.0207833 -0.00275 -0.0531832 
v -0.0206975 -0.00275 -0.0530625 
v -0.0205946 -0.00275 -0.0529176 
v -0.0205272 -0.00275 -0.0527969 
v -0.0204358 -0.00275 -0.0526331 
v -0.0203858 -0.00275 -0.052515 
v -0.0203088 -0.00275 -0.0523332 
v -0.0202748 -0.00275 -0.0522197 
v -0.0202151 -0.00275 -0.0520212 
v -0.0201953 -0.00275 -0.0519144 
v -0.0201558 -0.00275 -0.0517009 
v -0.0201484 -0.00275 -0.0516024 
v -0.0201315 -0.00275 -0.051376 
v -0.0201309 -0.00275 -0.0513154 
vn 0.10467 -0.994456 -0.0100712 
vn -5.2647e-14 -1 1.50055e-14 
vn -5.2647e-14 -1 1.50055e-14 
vn 0.103031 -0.994456 -0.0210217 
vn -5.2647e-14 -1 1.50055e-14 
vn 0.100249 -0.994456 -0.0317392 
vn -4.9079e-14 -1 2.87523e-14 
vn 0.0963556 -0.994456 -0.0421048 
vn -4.9079e-14 -1 2.87523e-14 
vn 0.091394 -0.994456 -0.0520034 
vn -4.43857e-14 -1 3.70006e-14 
vn 0.085419 -0.994456 -0.0613255 
vn -4.43857e-14 -1 3.70006e-14 
vn 0.0784968 -0.994456 -0.0699676 
vn -3.80711e-14 -1 4.40849e-14 
vn 0.0707043 -0.994456 -0.0778339 
vn -3.80711e-14 -1 4.40849e-14 
vn 0.0621278 -0.994456 -0.0848372 
vn -3.04145e-14 -1 4.9692e-14 
vn 0.0528625 -0.994456 -0.0908998 
vn -3.04145e-14 -1 4.9692e-14 
vn 0.043011 -0.994456 -0.0959545 
vn -2.17546e-14 -1 5.35737e-14 
vn 0.0326826 -0.994456 -0.0999453 
vn -2.17546e-14 -1 5.35737e-14 
vn 0.0219918 -0.994456 -0.102828 
vn -1.24744e-14 -1 5.55585e-14 
vn 0.0110572 -0.994456 -0.10457 
vn -1.59153e-10 -0.999796 -0.0201751 
vn -7.72937e-15 -1 5.58003e-14 
vn 0.208179 -0.977886 -0.0200307 
vn 0.204919 -0.977886 -0.0418104 
vn 0.199386 -0.977886 -0.0631265 
vn 0.191643 -0.977886 -0.0837427 
vn 0.181775 -0.977886 -0.10343 
vn 0.169891 -0.977886 -0.121971 
vn 0.156123 -0.977886 -0.139159 
vn 0.140625 -0.977886 -0.154805 
vn 0.123567 -0.977886 -0.168734 
vn 0.105139 -0.977886 -0.180792 
vn 0.0855451 -0.977886 -0.190845 
vn 0.0650028 -0.977886 -0.198782 
vn 0.0437398 -0.977886 -0.204516 
vn 0.0219918 -0.977886 -0.207981 
vn -1.01333e-09 -0.991715 -0.128461 
vn -8.29487e-10 -0.994456 -0.105153 
vn 0.30938 -0.950472 -0.0297681 
vn 0.304535 -0.950472 -0.0621355 
vn 0.296313 -0.950472 -0.0938138 
vn 0.284805 -0.950472 -0.124452 
vn 0.27014 -0.950472 -0.15371 
vn 0.252479 -0.950472 -0.181264 
vn 0.232019 -0.950472 -0.206808 
vn 0.208986 -0.950472 -0.230059 
vn 0.183636 -0.950472 -0.250759 
vn 0.156249 -0.950472 -0.268679 
vn 0.127131 -0.950472 -0.28362 
vn 0.0966023 -0.950472 -0.295416 
vn 0.0650028 -0.950472 -0.303936 
vn 0.0326826 -0.950472 -0.309086 
vn -1.85558e-09 -0.971939 -0.235232 
vn -1.64977e-09 -0.977886 -0.209141 
vn 0.407151 -0.91252 -0.0391755 
vn 0.400774 -0.91252 -0.0817716 
vn 0.389954 -0.91252 -0.123461 
vn 0.37481 -0.91252 -0.163781 
vn 0.35551 -0.91252 -0.202286 
vn 0.332268 -0.91252 -0.238547 
vn 0.305341 -0.91252 -0.272164 
vn 0.27503 -0.91252 -0.302763 
vn 0.241668 -0.91252 -0.330005 
vn 0.205628 -0.91252 -0.353587 
vn 0.167307 -0.91252 -0.373249 
vn 0.127131 -0.91252 -0.388773 
vn 0.0855451 -0.91252 -0.399986 
vn 0.043011 -0.91252 -0.406764 
vn -2.67595e-09 -0.940703 -0.339231 
vn -2.45176e-09 -0.950472 -0.310809 
vn 0.500407 -0.86445 -0.0481485 
vn 0.49257 -0.86445 -0.100501 
vn 0.479271 -0.86445 -0.151739 
vn 0.460658 -0.86445 -0.201295 
vn 0.436938 -0.86445 -0.248619 
vn 0.408372 -0.86445 -0.293186 
vn 0.375279 -0.86445 -0.334502 
vn 0.338024 -0.86445 -0.372109 
vn 0.297022 -0.86445 -0.405591 
vn 0.252726 -0.86445 -0.434575 
vn 0.205628 -0.86445 -0.458741 
vn 0.156249 -0.86445 -0.47782 
vn 0.105139 -0.86445 -0.491601 
vn 0.0528625 -0.86445 -0.499931 
vn -3.46477e-09 -0.898374 -0.439231 
vn -3.22656e-09 -0.91252 -0.409031 
vn 0.588115 -0.806795 -0.0565876 
vn 0.578904 -0.806795 -0.118116 
vn 0.563274 -0.806795 -0.178335 
vn 0.541399 -0.806795 -0.236576 
vn 0.513521 -0.806795 -0.292195 
vn 0.479949 -0.806795 -0.344573 
vn 0.441055 -0.806795 -0.393131 
vn 0.39727 -0.806795 -0.43733 
vn 0.349081 -0.806795 -0.47668 
vn 0.297022 -0.806795 -0.510744 
vn 0.241668 -0.806795 -0.539145 
vn 0.183636 -0.806795 -0.561569 
vn 0.123567 -0.806795 -0.577765 
vn 0.0621278 -0.806795 -0.587555 
vn -4.21274e-09 -0.845452 -0.534051 
vn -3.96559e-09 -0.86445 -0.502718 
vn 0.669302 -0.740195 -0.0643992 
vn 0.658819 -0.740195 -0.134421 
vn 0.641032 -0.740195 -0.202953 
vn 0.616137 -0.740195 -0.269235 
vn 0.58441 -0.740195 -0.332531 
vn 0.546203 -0.740195 -0.39214 
vn 0.50194 -0.740195 -0.447401 
vn 0.452112 -0.740195 -0.497701 
vn 0.39727 -0.740195 -0.542483 
vn 0.338024 -0.740195 -0.58125 
vn 0.27503 -0.740195 -0.613572 
vn 0.208986 -0.740195 -0.639091 
vn 0.140625 -0.740195 -0.657523 
vn 0.0707043 -0.740195 -0.668665 
vn -4.91104e-09 -0.78256 -0.622575 
vn -4.66065e-09 -0.806795 -0.590831 
vn 0.743067 -0.665387 -0.0714969 
vn 0.731429 -0.665387 -0.149236 
vn 0.711682 -0.665387 -0.225321 
vn 0.684043 -0.665387 -0.298908 
vn 0.648819 -0.665387 -0.36918 
vn 0.606402 -0.665387 -0.435359 
vn 0.557261 -0.665387 -0.49671 
vn 0.50194 -0.665387 -0.552554 
vn 0.441055 -0.665387 -0.602272 
vn 0.375279 -0.665387 -0.645311 
vn 0.305341 -0.665387 -0.681195 
vn 0.232019 -0.665387 -0.709527 
vn 0.156123 -0.665387 -0.72999 
vn 0.0784968 -0.665387 -0.74236 
vn -5.55143e-09 -0.71044 -0.703758 
vn -5.30403e-09 -0.740195 -0.672393 
vn 0.808594 -0.583201 -0.0778017 
vn 0.79593 -0.583201 -0.162397 
vn 0.77444 -0.583201 -0.245191 
vn 0.744364 -0.583201 -0.325267 
vn 0.706035 -0.583201 -0.401736 
vn 0.659877 -0.583201 -0.47375 
vn 0.606402 -0.583201 -0.540512 
vn 0.546203 -0.583201 -0.601281 
vn 0.479949 -0.583201 -0.655382 
vn 0.408372 -0.583201 -0.702217 
vn 0.332268 -0.583201 -0.741266 
vn 0.252479 -0.583201 -0.772095 
vn 0.169891 -0.583201 -0.794364 
vn -5.8886e-09 -0.665387 -0.746499 
vn -6.12636e-09 -0.629942 -0.776642 
vn 0.085419 -0.583201 -0.807824 
vn 0.865154 -0.494549 -0.0832439 
vn 0.851605 -0.494549 -0.173756 
vn 0.828612 -0.494549 -0.262342 
vn 0.796432 -0.494549 -0.348019 
vn 0.755422 -0.494549 -0.429837 
vn 0.706035 -0.494549 -0.506889 
vn 0.648819 -0.494549 -0.578321 
vn 0.58441 -0.494549 -0.64334 
vn 0.513521 -0.494549 -0.701226 
vn 0.436937 -0.494549 -0.751337 
vn 0.35551 -0.494549 -0.793117 
vn 0.27014 -0.494549 -0.826103 
vn 0.181775 -0.494549 -0.849929 
vn -6.40788e-09 -0.583201 -0.812328 
vn -6.62905e-09 -0.542016 -0.840368 
vn 0.091394 -0.494549 -0.864331 
vn 0.912122 -0.400413 -0.0877631 
vn 0.897837 -0.400413 -0.183189 
vn 0.873596 -0.400413 -0.276584 
vn 0.839669 -0.400413 -0.366912 
vn 0.796432 -0.400413 -0.453172 
vn 0.744364 -0.400413 -0.534407 
vn 0.684043 -0.400413 -0.609717 
vn 0.616137 -0.400413 -0.678266 
vn 0.541399 -0.400413 -0.739295 
vn 0.460658 -0.400413 -0.792126 
vn 0.37481 -0.400413 -0.836174 
vn 0.284805 -0.400413 -0.870951 
vn 0.191643 -0.400413 -0.896071 
vn -6.85611e-09 -0.494549 -0.86915 
vn -7.05357e-09 -0.447698 -0.894185 
vn 0.0963556 -0.400413 -0.911255 
vn 0.948977 -0.301837 -0.0913092 
vn 0.934114 -0.301837 -0.190591 
vn 0.908894 -0.301837 -0.28776 
vn 0.873596 -0.301837 -0.381737 
vn 0.828612 -0.301837 -0.471483 
vn 0.77444 -0.301837 -0.556 
vn 0.711682 -0.301837 -0.634353 
vn 0.641032 -0.301837 -0.705672 
vn 0.563274 -0.301837 -0.769166 
vn 0.479271 -0.301837 -0.824132 
vn 0.389954 -0.301837 -0.86996 
vn 0.296313 -0.301837 -0.906142 
vn 0.199386 -0.301837 -0.932276 
vn -7.22831e-09 -0.400413 -0.916335 
vn -7.39491e-09 -0.348101 -0.937457 
vn 0.100249 -0.301837 -0.948074 
vn 0.975309 -0.199915 -0.0938428 
vn 0.960034 -0.199915 -0.19588 
vn 0.934114 -0.199915 -0.295744 
vn 0.897837 -0.199915 -0.39233 
vn 0.851605 -0.199915 -0.484565 
vn 0.79593 -0.199915 -0.571428 
vn 0.731429 -0.199915 -0.651955 
vn 0.658819 -0.199915 -0.725252 
vn 0.578904 -0.199915 -0.790509 
vn 0.49257 -0.199915 -0.847 
vn 0.400774 -0.199915 -0.894099 
vn 0.304535 -0.199915 -0.931285 
vn 0.204919 -0.199915 -0.958145 
vn -7.52037e-09 -0.301837 -0.953359 
vn -7.64906e-09 -0.244399 -0.969675 
vn 0.103031 -0.199915 -0.974381 
vn 0.990827 -0.0957762 -0.0953359 
vn 0.975309 -0.0957762 -0.198996 
vn 0.948977 -0.0957762 -0.30045 
vn 0.912122 -0.0957762 -0.398572 
vn 0.865154 -0.0957762 -0.492275 
vn 0.808594 -0.0957762 -0.58052 
vn 0.743067 -0.0957762 -0.662328 
vn 0.669302 -0.0957762 -0.736792 
vn 0.588115 -0.0957762 -0.803086 
vn 0.500407 -0.0957762 -0.860476 
vn 0.407151 -0.0957762 -0.908325 
vn 0.30938 -0.0957762 -0.946103 
vn 0.208179 -0.0957762 -0.97339 
vn -7.72905e-09 -0.199915 -0.979813 
vn -7.813e-09 -0.137815 -0.990458 
vn 0.10467 -0.0957762 -0.989884 
vn 0.994524 -0.10451 5.59805e-16 
vn 0.995403 -0.0957762 -4.22038e-15 
vn 0.978151 -0.207894 1.1228e-15 
vn 0.979813 -0.199915 -3.49996e-15 
vn 0.951062 -0.309001 1.69203e-15 
vn 0.953359 -0.301837 -6.06879e-16 
vn 0.913552 -0.406722 2.27079e-15 
vn 0.86915 -0.494549 6.75682e-16 
vn 0.916335 -0.400413 2.03331e-17 
vn 0.866033 -0.499987 2.86259e-15 
vn 0.812328 -0.583201 1.36451e-15 
vn 0.809025 -0.587775 3.47124e-15 
vn 0.746499 -0.665387 4.07028e-15 
vn 0.743153 -0.669122 4.10099e-15 
vn 0.672393 -0.740195 4.72854e-15 
vn 0.669139 -0.743138 4.75659e-15 
vn 0.590831 -0.806795 5.41824e-15 
vn 0.587793 -0.809011 5.44352e-15 
vn 0.502718 -0.86445 6.14584e-15 
vn 0.500007 -0.866021 6.16814e-15 
vn 0.409031 -0.91252 6.91896e-15 
vn 0.406743 -0.913543 6.93798e-15 
vn 0.310809 -0.950472 8.8436e-15 
vn 0.309022 -0.951055 7.76207e-15 
vn 0.209141 -0.977886 9.44046e-15 
vn 0.207915 -0.978147 8.65141e-15 
vn 0.105153 -0.994456 1.00537e-14 
vn 0.10453 -0.994522 9.61957e-15 
vn 7.94408e-11 -1 1.06836e-14 
vn -6.52139e-09 -0.0296068 -0.999562 
vn -5.9162e-09 4.16073e-08 -1 
vn 0.0296248 1.09079e-14 -0.999561 
vn -7.85202e-09 -0.0957762 -0.995403 
vn 0.10518 1.14373e-14 -0.994453 
vn 0.137829 1.1647e-14 -0.990456 
vn 0.244408 1.22487e-14 -0.969672 
vn 0.209164 1.2064e-14 -0.977881 
vn 0.348106 1.27061e-14 -0.937455 
vn 0.310828 1.25569e-14 -0.950466 
vn 0.447699 1.30136e-14 -0.894185 
vn 0.409046 1.29106e-14 -0.912514 
vn 0.542013 1.31676e-14 -0.84037 
vn 0.502728 1.31212e-14 -0.864444 
vn 0.629936 1.34555e-14 -0.776647 
vn 0.590837 1.34754e-14 -0.806791 
vn 0.672394 1.33943e-14 -0.740193 
vn 0.710431 1.32991e-14 -0.703767 
vn 0.746497 1.31678e-14 -0.665389 
vn 0.78255 1.29892e-14 -0.622588 
vn 0.812324 1.27986e-14 -0.583207 
vn 0.845441 1.25296e-14 -0.534068 
vn 0.869144 1.22907e-14 -0.494559 
vn 0.898364 1.19257e-14 -0.439251 
vn 0.916328 1.16498e-14 -0.400428 
vn 0.940694 1.11846e-14 -0.339255 
vn 0.953353 1.08829e-14 -0.301857 
vn 0.971933 1.0315e-14 -0.235259 
vn 0.979808 9.99849e-15 -0.199938 
vn 0.991711 9.32715e-15 -0.128488 
vn 0.9954 9.00646e-15 -0.0958028 
vn 0.999796 8.23275e-15 -0.020203 
vn 1 4.16047e-08 2.07739e-08 
f 2454//2454 2455//2455 2456//2456 
f 2457//2457 2456//2456 2458//2458 
f 2459//2459 2458//2458 2460//2460 
f 2461//2461 2460//2460 2462//2462 
f 2463//2463 2462//2462 2464//2464 
f 2465//2465 2464//2464 2466//2466 
f 2467//2467 2466//2466 2468//2468 
f 2469//2469 2468//2468 2470//2470 
f 2471//2471 2470//2470 2472//2472 
f 2473//2473 2472//2472 2474//2474 
f 2475//2475 2474//2474 2476//2476 
f 2477//2477 2476//2476 2478//2478 
f 2479//2479 2478//2478 2480//2480 
f 2481//2481 2480//2480 2482//2482 
f 2480//2480 2483//2483 2482//2482 
f 2484//2484 2454//2454 2457//2457 
f 2485//2485 2457//2457 2459//2459 
f 2486//2486 2459//2459 2461//2461 
f 2487//2487 2461//2461 2463//2463 
f 2488//2488 2463//2463 2465//2465 
f 2489//2489 2465//2465 2467//2467 
f 2490//2490 2467//2467 2469//2469 
f 2491//2491 2469//2469 2471//2471 
f 2492//2492 2471//2471 2473//2473 
f 2493//2493 2473//2473 2475//2475 
f 2494//2494 2475//2475 2477//2477 
f 2495//2495 2477//2477 2479//2479 
f 2496//2496 2479//2479 2481//2481 
f 2497//2497 2481//2481 2498//2498 
f 2481//2481 2499//2499 2498//2498 
f 2500//2500 2484//2484 2485//2485 
f 2501//2501 2485//2485 2486//2486 
f 2502//2502 2486//2486 2487//2487 
f 2503//2503 2487//2487 2488//2488 
f 2504//2504 2488//2488 2489//2489 
f 2505//2505 2489//2489 2490//2490 
f 2506//2506 2490//2490 2491//2491 
f 2507//2507 2491//2491 2492//2492 
f 2508//2508 2492//2492 2493//2493 
f 2509//2509 2493//2493 2494//2494 
f 2510//2510 2494//2494 2495//2495 
f 2511//2511 2495//2495 2496//2496 
f 2512//2512 2496//2496 2497//2497 
f 2513//2513 2497//2497 2514//2514 
f 2497//2497 2515//2515 2514//2514 
f 2516//2516 2500//2500 2501//2501 
f 2517//2517 2501//2501 2502//2502 
f 2518//2518 2502//2502 2503//2503 
f 2519//2519 2503//2503 2504//2504 
f 2520//2520 2504//2504 2505//2505 
f 2521//2521 2505//2505 2506//2506 
f 2522//2522 2506//2506 2507//2507 
f 2523//2523 2507//2507 2508//2508 
f 2524//2524 2508//2508 2509//2509 
f 2525//2525 2509//2509 2510//2510 
f 2526//2526 2510//2510 2511//2511 
f 2527//2527 2511//2511 2512//2512 
f 2528//2528 2512//2512 2513//2513 
f 2529//2529 2513//2513 2530//2530 
f 2513//2513 2531//2531 2530//2530 
f 2532//2532 2516//2516 2517//2517 
f 2533//2533 2517//2517 2518//2518 
f 2534//2534 2518//2518 2519//2519 
f 2535//2535 2519//2519 2520//2520 
f 2536//2536 2520//2520 2521//2521 
f 2537//2537 2521//2521 2522//2522 
f 2538//2538 2522//2522 2523//2523 
f 2539//2539 2523//2523 2524//2524 
f 2540//2540 2524//2524 2525//2525 
f 2541//2541 2525//2525 2526//2526 
f 2542//2542 2526//2526 2527//2527 
f 2543//2543 2527//2527 2528//2528 
f 2544//2544 2528//2528 2529//2529 
f 2545//2545 2529//2529 2546//2546 
f 2529//2529 2547//2547 2546//2546 
f 2548//2548 2532//2532 2533//2533 
f 2549//2549 2533//2533 2534//2534 
f 2550//2550 2534//2534 2535//2535 
f 2551//2551 2535//2535 2536//2536 
f 2552//2552 2536//2536 2537//2537 
f 2553//2553 2537//2537 2538//2538 
f 2554//2554 2538//2538 2539//2539 
f 2555//2555 2539//2539 2540//2540 
f 2556//2556 2540//2540 2541//2541 
f 2557//2557 2541//2541 2542//2542 
f 2558//2558 2542//2542 2543//2543 
f 2559//2559 2543//2543 2544//2544 
f 2560//2560 2544//2544 2545//2545 
f 2561//2561 2545//2545 2562//2562 
f 2545//2545 2563//2563 2562//2562 
f 2564//2564 2548//2548 2549//2549 
f 2565//2565 2549//2549 2550//2550 
f 2566//2566 2550//2550 2551//2551 
f 2567//2567 2551//2551 2552//2552 
f 2568//2568 2552//2552 2553//2553 
f 2569//2569 2553//2553 2554//2554 
f 2570//2570 2554//2554 2555//2555 
f 2571//2571 2555//2555 2556//2556 
f 2572//2572 2556//2556 2557//2557 
f 2573//2573 2557//2557 2558//2558 
f 2574//2574 2558//2558 2559//2559 
f 2575//2575 2559//2559 2560//2560 
f 2576//2576 2560//2560 2561//2561 
f 2577//2577 2561//2561 2578//2578 
f 2561//2561 2579//2579 2578//2578 
f 2580//2580 2564//2564 2565//2565 
f 2581//2581 2565//2565 2566//2566 
f 2582//2582 2566//2566 2567//2567 
f 2583//2583 2567//2567 2568//2568 
f 2584//2584 2568//2568 2569//2569 
f 2585//2585 2569//2569 2570//2570 
f 2586//2586 2570//2570 2571//2571 
f 2587//2587 2571//2571 2572//2572 
f 2588//2588 2572//2572 2573//2573 
f 2589//2589 2573//2573 2574//2574 
f 2590//2590 2574//2574 2575//2575 
f 2591//2591 2575//2575 2576//2576 
f 2592//2592 2576//2576 2577//2577 
f 2593//2593 2577//2577 2594//2594 
f 2577//2577 2595//2595 2594//2594 
f 2596//2596 2580//2580 2581//2581 
f 2597//2597 2581//2581 2582//2582 
f 2598//2598 2582//2582 2583//2583 
f 2599//2599 2583//2583 2584//2584 
f 2600//2600 2584//2584 2585//2585 
f 2601//2601 2585//2585 2586//2586 
f 2602//2602 2586//2586 2587//2587 
f 2603//2603 2587//2587 2588//2588 
f 2604//2604 2588//2588 2589//2589 
f 2605//2605 2589//2589 2590//2590 
f 2606//2606 2590//2590 2591//2591 
f 2607//2607 2591//2591 2592//2592 
f 2608//2608 2592//2592 2593//2593 
f 2593//2593 2609//2609 2610//2610 
f 2610//2610 2611//2611 2593//2593 
f 2612//2612 2596//2596 2597//2597 
f 2613//2613 2597//2597 2598//2598 
f 2614//2614 2598//2598 2599//2599 
f 2615//2615 2599//2599 2600//2600 
f 2616//2616 2600//2600 2601//2601 
f 2617//2617 2601//2601 2602//2602 
f 2618//2618 2602//2602 2603//2603 
f 2619//2619 2603//2603 2604//2604 
f 2620//2620 2604//2604 2605//2605 
f 2621//2621 2605//2605 2606//2606 
f 2622//2622 2606//2606 2607//2607 
f 2623//2623 2607//2607 2608//2608 
f 2624//2624 2608//2608 2611//2611 
f 2611//2611 2625//2625 2626//2626 
f 2626//2626 2627//2627 2611//2611 
f 2628//2628 2612//2612 2613//2613 
f 2629//2629 2613//2613 2614//2614 
f 2630//2630 2614//2614 2615//2615 
f 2631//2631 2615//2615 2616//2616 
f 2632//2632 2616//2616 2617//2617 
f 2633//2633 2617//2617 2618//2618 
f 2634//2634 2618//2618 2619//2619 
f 2635//2635 2619//2619 2620//2620 
f 2636//2636 2620//2620 2621//2621 
f 2637//2637 2621//2621 2622//2622 
f 2638//2638 2622//2622 2623//2623 
f 2639//2639 2623//2623 2624//2624 
f 2640//2640 2624//2624 2627//2627 
f 2627//2627 2641//2641 2642//2642 
f 2642//2642 2643//2643 2627//2627 
f 2644//2644 2628//2628 2629//2629 
f 2645//2645 2629//2629 2630//2630 
f 2646//2646 2630//2630 2631//2631 
f 2647//2647 2631//2631 2632//2632 
f 2648//2648 2632//2632 2633//2633 
f 2649//2649 2633//2633 2634//2634 
f 2650//2650 2634//2634 2635//2635 
f 2651//2651 2635//2635 2636//2636 
f 2652//2652 2636//2636 2637//2637 
f 2653//2653 2637//2637 2638//2638 
f 2654//2654 2638//2638 2639//2639 
f 2655//2655 2639//2639 2640//2640 
f 2656//2656 2640//2640 2643//2643 
f 2643//2643 2657//2657 2658//2658 
f 2658//2658 2659//2659 2643//2643 
f 2660//2660 2644//2644 2645//2645 
f 2661//2661 2645//2645 2646//2646 
f 2662//2662 2646//2646 2647//2647 
f 2663//2663 2647//2647 2648//2648 
f 2664//2664 2648//2648 2649//2649 
f 2665//2665 2649//2649 2650//2650 
f 2666//2666 2650//2650 2651//2651 
f 2667//2667 2651//2651 2652//2652 
f 2668//2668 2652//2652 2653//2653 
f 2669//2669 2653//2653 2654//2654 
f 2670//2670 2654//2654 2655//2655 
f 2671//2671 2655//2655 2656//2656 
f 2672//2672 2656//2656 2659//2659 
f 2659//2659 2673//2673 2674//2674 
f 2674//2674 2675//2675 2659//2659 
f 2676//2676 2660//2660 2661//2661 
f 2677//2677 2661//2661 2662//2662 
f 2678//2678 2662//2662 2663//2663 
f 2679//2679 2663//2663 2664//2664 
f 2680//2680 2664//2664 2665//2665 
f 2681//2681 2665//2665 2666//2666 
f 2682//2682 2666//2666 2667//2667 
f 2683//2683 2667//2667 2668//2668 
f 2684//2684 2668//2668 2669//2669 
f 2685//2685 2669//2669 2670//2670 
f 2686//2686 2670//2670 2671//2671 
f 2687//2687 2671//2671 2672//2672 
f 2688//2688 2672//2672 2675//2675 
f 2675//2675 2689//2689 2690//2690 
f 2690//2690 2691//2691 2675//2675 
f 2660//2660 2676//2676 2692//2692 
f 2676//2676 2693//2693 2692//2692 
f 2644//2644 2660//2660 2694//2694 
f 2660//2660 2695//2695 2694//2694 
f 2628//2628 2644//2644 2696//2696 
f 2644//2644 2697//2697 2696//2696 
f 2698//2698 2699//2699 2612//2612 
f 2628//2628 2700//2700 2698//2698 
f 2701//2701 2702//2702 2596//2596 
f 2612//2612 2699//2699 2701//2701 
f 2703//2703 2704//2704 2580//2580 
f 2596//2596 2702//2702 2703//2703 
f 2705//2705 2706//2706 2564//2564 
f 2580//2580 2704//2704 2705//2705 
f 2707//2707 2708//2708 2548//2548 
f 2564//2564 2706//2706 2707//2707 
f 2709//2709 2710//2710 2532//2532 
f 2548//2548 2708//2708 2709//2709 
f 2711//2711 2712//2712 2516//2516 
f 2532//2532 2710//2710 2711//2711 
f 2713//2713 2714//2714 2500//2500 
f 2516//2516 2712//2712 2713//2713 
f 2715//2715 2716//2716 2484//2484 
f 2500//2500 2714//2714 2715//2715 
f 2717//2717 2718//2718 2454//2454 
f 2484//2484 2716//2716 2717//2717 
f 2719//2719 2720//2720 2455//2455 
f 2454//2454 2718//2718 2719//2719 
f 2721//2721 2722//2722 2723//2723 
f 2691//2691 2724//2724 2721//2721 
f 2721//2721 2725//2725 2691//2691 
f 2688//2688 2691//2691 2726//2726 
f 2691//2691 2725//2725 2726//2726 
f 2687//2687 2688//2688 2727//2727 
f 2688//2688 2728//2728 2727//2727 
f 2686//2686 2687//2687 2729//2729 
f 2687//2687 2730//2730 2729//2729 
f 2685//2685 2686//2686 2731//2731 
f 2686//2686 2732//2732 2731//2731 
f 2684//2684 2685//2685 2733//2733 
f 2685//2685 2734//2734 2733//2733 
f 2683//2683 2684//2684 2735//2735 
f 2684//2684 2736//2736 2735//2735 
f 2683//2683 2737//2737 2738//2738 
f 2738//2738 2682//2682 2683//2683 
f 2682//2682 2739//2739 2740//2740 
f 2740//2740 2681//2681 2682//2682 
f 2681//2681 2741//2741 2742//2742 
f 2742//2742 2680//2680 2681//2681 
f 2680//2680 2743//2743 2744//2744 
f 2744//2744 2679//2679 2680//2680 
f 2679//2679 2745//2745 2746//2746 
f 2746//2746 2678//2678 2679//2679 
f 2678//2678 2747//2747 2748//2748 
f 2748//2748 2677//2677 2678//2678 
f 2677//2677 2749//2749 2750//2750 
f 2750//2750 2676//2676 2677//2677 
f 2676//2676 2751//2751 2752//2752 
f 2752//2752 2693//2693 2676//2676 
f 2752//2752 2753//2753 2693//2693 
f 2750//2750 2751//2751 2676//2676 
f 2748//2748 2749//2749 2677//2677 
f 2746//2746 2747//2747 2678//2678 
f 2744//2744 2745//2745 2679//2679 
f 2742//2742 2743//2743 2680//2680 
f 2740//2740 2741//2741 2681//2681 
f 2738//2738 2739//2739 2682//2682 
f 2735//2735 2737//2737 2683//2683 
f 2733//2733 2736//2736 2684//2684 
f 2731//2731 2734//2734 2685//2685 
f 2729//2729 2732//2732 2686//2686 
f 2727//2727 2730//2730 2687//2687 
f 2726//2726 2728//2728 2688//2688 
f 2723//2723 2725//2725 2721//2721 
f 2455//2455 2454//2454 2719//2719 
f 2454//2454 2484//2484 2717//2717 
f 2484//2484 2500//2500 2715//2715 
f 2500//2500 2516//2516 2713//2713 
f 2516//2516 2532//2532 2711//2711 
f 2532//2532 2548//2548 2709//2709 
f 2548//2548 2564//2564 2707//2707 
f 2564//2564 2580//2580 2705//2705 
f 2580//2580 2596//2596 2703//2703 
f 2596//2596 2612//2612 2701//2701 
f 2612//2612 2628//2628 2698//2698 
f 2696//2696 2700//2700 2628//2628 
f 2694//2694 2697//2697 2644//2644 
f 2692//2692 2695//2695 2660//2660 
f 2690//2690 2724//2724 2691//2691 
f 2675//2675 2691//2691 2688//2688 
f 2672//2672 2688//2688 2687//2687 
f 2671//2671 2687//2687 2686//2686 
f 2670//2670 2686//2686 2685//2685 
f 2669//2669 2685//2685 2684//2684 
f 2668//2668 2684//2684 2683//2683 
f 2667//2667 2683//2683 2682//2682 
f 2666//2666 2682//2682 2681//2681 
f 2665//2665 2681//2681 2680//2680 
f 2664//2664 2680//2680 2679//2679 
f 2663//2663 2679//2679 2678//2678 
f 2662//2662 2678//2678 2677//2677 
f 2661//2661 2677//2677 2676//2676 
f 2674//2674 2689//2689 2675//2675 
f 2659//2659 2675//2675 2672//2672 
f 2656//2656 2672//2672 2671//2671 
f 2655//2655 2671//2671 2670//2670 
f 2654//2654 2670//2670 2669//2669 
f 2653//2653 2669//2669 2668//2668 
f 2652//2652 2668//2668 2667//2667 
f 2651//2651 2667//2667 2666//2666 
f 2650//2650 2666//2666 2665//2665 
f 2649//2649 2665//2665 2664//2664 
f 2648//2648 2664//2664 2663//2663 
f 2647//2647 2663//2663 2662//2662 
f 2646//2646 2662//2662 2661//2661 
f 2645//2645 2661//2661 2660//2660 
f 2658//2658 2673//2673 2659//2659 
f 2643//2643 2659//2659 2656//2656 
f 2640//2640 2656//2656 2655//2655 
f 2639//2639 2655//2655 2654//2654 
f 2638//2638 2654//2654 2653//2653 
f 2637//2637 2653//2653 2652//2652 
f 2636//2636 2652//2652 2651//2651 
f 2635//2635 2651//2651 2650//2650 
f 2634//2634 2650//2650 2649//2649 
f 2633//2633 2649//2649 2648//2648 
f 2632//2632 2648//2648 2647//2647 
f 2631//2631 2647//2647 2646//2646 
f 2630//2630 2646//2646 2645//2645 
f 2629//2629 2645//2645 2644//2644 
f 2642//2642 2657//2657 2643//2643 
f 2627//2627 2643//2643 2640//2640 
f 2624//2624 2640//2640 2639//2639 
f 2623//2623 2639//2639 2638//2638 
f 2622//2622 2638//2638 2637//2637 
f 2621//2621 2637//2637 2636//2636 
f 2620//2620 2636//2636 2635//2635 
f 2619//2619 2635//2635 2634//2634 
f 2618//2618 2634//2634 2633//2633 
f 2617//2617 2633//2633 2632//2632 
f 2616//2616 2632//2632 2631//2631 
f 2615//2615 2631//2631 2630//2630 
f 2614//2614 2630//2630 2629//2629 
f 2613//2613 2629//2629 2628//2628 
f 2626//2626 2641//2641 2627//2627 
f 2611//2611 2627//2627 2624//2624 
f 2608//2608 2624//2624 2623//2623 
f 2607//2607 2623//2623 2622//2622 
f 2606//2606 2622//2622 2621//2621 
f 2605//2605 2621//2621 2620//2620 
f 2604//2604 2620//2620 2619//2619 
f 2603//2603 2619//2619 2618//2618 
f 2602//2602 2618//2618 2617//2617 
f 2601//2601 2617//2617 2616//2616 
f 2600//2600 2616//2616 2615//2615 
f 2599//2599 2615//2615 2614//2614 
f 2598//2598 2614//2614 2613//2613 
f 2597//2597 2613//2613 2612//2612 
f 2610//2610 2625//2625 2611//2611 
f 2593//2593 2611//2611 2608//2608 
f 2592//2592 2608//2608 2607//2607 
f 2591//2591 2607//2607 2606//2606 
f 2590//2590 2606//2606 2605//2605 
f 2589//2589 2605//2605 2604//2604 
f 2588//2588 2604//2604 2603//2603 
f 2587//2587 2603//2603 2602//2602 
f 2586//2586 2602//2602 2601//2601 
f 2585//2585 2601//2601 2600//2600 
f 2584//2584 2600//2600 2599//2599 
f 2583//2583 2599//2599 2598//2598 
f 2582//2582 2598//2598 2597//2597 
f 2581//2581 2597//2597 2596//2596 
f 2594//2594 2609//2609 2593//2593 
f 2577//2577 2593//2593 2592//2592 
f 2576//2576 2592//2592 2591//2591 
f 2575//2575 2591//2591 2590//2590 
f 2574//2574 2590//2590 2589//2589 
f 2573//2573 2589//2589 2588//2588 
f 2572//2572 2588//2588 2587//2587 
f 2571//2571 2587//2587 2586//2586 
f 2570//2570 2586//2586 2585//2585 
f 2569//2569 2585//2585 2584//2584 
f 2568//2568 2584//2584 2583//2583 
f 2567//2567 2583//2583 2582//2582 
f 2566//2566 2582//2582 2581//2581 
f 2565//2565 2581//2581 2580//2580 
f 2578//2578 2595//2595 2577//2577 
f 2561//2561 2577//2577 2576//2576 
f 2560//2560 2576//2576 2575//2575 
f 2559//2559 2575//2575 2574//2574 
f 2558//2558 2574//2574 2573//2573 
f 2557//2557 2573//2573 2572//2572 
f 2556//2556 2572//2572 2571//2571 
f 2555//2555 2571//2571 2570//2570 
f 2554//2554 2570//2570 2569//2569 
f 2553//2553 2569//2569 2568//2568 
f 2552//2552 2568//2568 2567//2567 
f 2551//2551 2567//2567 2566//2566 
f 2550//2550 2566//2566 2565//2565 
f 2549//2549 2565//2565 2564//2564 
f 2562//2562 2579//2579 2561//2561 
f 2545//2545 2561//2561 2560//2560 
f 2544//2544 2560//2560 2559//2559 
f 2543//2543 2559//2559 2558//2558 
f 2542//2542 2558//2558 2557//2557 
f 2541//2541 2557//2557 2556//2556 
f 2540//2540 2556//2556 2555//2555 
f 2539//2539 2555//2555 2554//2554 
f 2538//2538 2554//2554 2553//2553 
f 2537//2537 2553//2553 2552//2552 
f 2536//2536 2552//2552 2551//2551 
f 2535//2535 2551//2551 2550//2550 
f 2534//2534 2550//2550 2549//2549 
f 2533//2533 2549//2549 2548//2548 
f 2546//2546 2563//2563 2545//2545 
f 2529//2529 2545//2545 2544//2544 
f 2528//2528 2544//2544 2543//2543 
f 2527//2527 2543//2543 2542//2542 
f 2526//2526 2542//2542 2541//2541 
f 2525//2525 2541//2541 2540//2540 
f 2524//2524 2540//2540 2539//2539 
f 2523//2523 2539//2539 2538//2538 
f 2522//2522 2538//2538 2537//2537 
f 2521//2521 2537//2537 2536//2536 
f 2520//2520 2536//2536 2535//2535 
f 2519//2519 2535//2535 2534//2534 
f 2518//2518 2534//2534 2533//2533 
f 2517//2517 2533//2533 2532//2532 
f 2530//2530 2547//2547 2529//2529 
f 2513//2513 2529//2529 2528//2528 
f 2512//2512 2528//2528 2527//2527 
f 2511//2511 2527//2527 2526//2526 
f 2510//2510 2526//2526 2525//2525 
f 2509//2509 2525//2525 2524//2524 
f 2508//2508 2524//2524 2523//2523 
f 2507//2507 2523//2523 2522//2522 
f 2506//2506 2522//2522 2521//2521 
f 2505//2505 2521//2521 2520//2520 
f 2504//2504 2520//2520 2519//2519 
f 2503//2503 2519//2519 2518//2518 
f 2502//2502 2518//2518 2517//2517 
f 2501//2501 2517//2517 2516//2516 
f 2514//2514 2531//2531 2513//2513 
f 2497//2497 2513//2513 2512//2512 
f 2496//2496 2512//2512 2511//2511 
f 2495//2495 2511//2511 2510//2510 
f 2494//2494 2510//2510 2509//2509 
f 2493//2493 2509//2509 2508//2508 
f 2492//2492 2508//2508 2507//2507 
f 2491//2491 2507//2507 2506//2506 
f 2490//2490 2506//2506 2505//2505 
f 2489//2489 2505//2505 2504//2504 
f 2488//2488 2504//2504 2503//2503 
f 2487//2487 2503//2503 2502//2502 
f 2486//2486 2502//2502 2501//2501 
f 2485//2485 2501//2501 2500//2500 
f 2498//2498 2515//2515 2497//2497 
f 2481//2481 2497//2497 2496//2496 
f 2479//2479 2496//2496 2495//2495 
f 2477//2477 2495//2495 2494//2494 
f 2475//2475 2494//2494 2493//2493 
f 2473//2473 2493//2493 2492//2492 
f 2471//2471 2492//2492 2491//2491 
f 2469//2469 2491//2491 2490//2490 
f 2467//2467 2490//2490 2489//2489 
f 2465//2465 2489//2489 2488//2488 
f 2463//2463 2488//2488 2487//2487 
f 2461//2461 2487//2487 2486//2486 
f 2459//2459 2486//2486 2485//2485 
f 2457//2457 2485//2485 2484//2484 
f 2482//2482 2499//2499 2481//2481 
f 2480//2480 2481//2481 2479//2479 
f 2478//2478 2479//2479 2477//2477 
f 2476//2476 2477//2477 2475//2475 
f 2474//2474 2475//2475 2473//2473 
f 2472//2472 2473//2473 2471//2471 
f 2470//2470 2471//2471 2469//2469 
f 2468//2468 2469//2469 2467//2467 
f 2466//2466 2467//2467 2465//2465 
f 2464//2464 2465//2465 2463//2463 
f 2462//2462 2463//2463 2461//2461 
f 2460//2460 2461//2461 2459//2459 
f 2458//2458 2459//2459 2457//2457 
f 2456//2456 2457//2457 2454//2454 
v -0.0231309 -0.00275 -0.0543154 
v -0.0231309 0.01425 -0.0543154 
v -0.023042 0.0142455 -0.0543137 
v -0.023042 -0.00275 -0.0543141 
v -0.0229096 0.0142282 -0.0543072 
v -0.0228004 0.0142013 -0.0542971 
v -0.0229178 0.0142294 -0.0543077 
v -0.0228158 -0.00275 -0.054295 
v -0.0227936 0.014199 -0.0542962 
v -0.0227174 -0.00275 -0.0542868 
v -0.0227175 0.0141725 -0.0542863 
v -0.0230384 0.0142453 -0.0543136 
v -0.0230172 0.0142443 -0.0543132 
v -0.0225042 -0.00275 -0.0542452 
v -0.0224056 0.0140108 -0.0542257 
v -0.0223979 0.0140055 -0.0542237 
v -0.0225392 0.0140915 -0.0542559 
v -0.022448 0.01404 -0.0542366 
v -0.0223977 -0.00275 -0.0542244 
v -0.0226634 0.0141512 -0.0542783 
v -0.0226876 0.0141622 -0.0542825 
v -0.0225709 0.0141094 -0.0542627 
v -0.0222557 0.0138987 -0.0541836 
v -0.0221488 0.0138092 -0.0541501 
v -0.0221997 -0.00275 -0.0541629 
v -0.0220871 0.0137459 -0.0541263 
v -0.0220866 -0.00275 -0.0541278 
v -0.0223167 0.0139497 -0.0542028 
v -0.0217878 -0.00275 -0.0539979 
v -0.0220852 0.0137439 -0.0541256 
v -0.0219581 0.0136133 -0.0540766 
v -0.0218713 0.0135037 -0.0540355 
v -0.0219055 -0.00275 -0.0540491 
v -0.0216249 -0.00275 -0.053905 
v -0.0216497 0.0131966 -0.0539204 
v -0.0215055 0.01297 -0.0538354 
v -0.0215049 -0.00275 -0.0538365 
v -0.0217886 0.0133993 -0.0539964 
v -0.0217382 0.0133357 -0.0539725 
v -0.021361 -0.00275 -0.0537322 
v -0.0214031 0.0127751 -0.0537623 
v -0.0212436 0.0124546 -0.0536421 
v -0.0212411 -0.00275 -0.0536453 
v -0.0214808 0.0129312 -0.0538208 
v -0.0211167 -0.00275 -0.0535327 
v -0.0211332 0.0122023 -0.0535475 
v -0.0210066 0.0118617 -0.0534198 
v -0.0209996 -0.00275 -0.0534267 
v -0.0211781 0.0123231 -0.0535928 
v -0.0208947 -0.00275 -0.0533086 
v -0.0208138 0.0113152 -0.0532148 
v -0.0207894 0.0112191 -0.0531788 
v -0.0207833 -0.00275 -0.0531832 
v -0.0208362 0.0114033 -0.0532479 
v -0.0206975 -0.00275 -0.0530625 
v -0.0206066 0.0105012 -0.0529096 
v -0.0205946 -0.00275 -0.0529176 
v -0.0204952 0.0100635 -0.0527454 
v -0.0205272 -0.00275 -0.0527969 
v -0.0204877 0.0100338 -0.0527343 
v -0.0204473 0.00975139 -0.0526284 
v -0.0204358 -0.00275 -0.0526331 
v -0.0203858 -0.00275 -0.052515 
v -0.0203315 0.00894134 -0.0523246 
v -0.0203088 -0.00275 -0.0523332 
v -0.0202748 -0.00275 -0.0522197 
v -0.0202634 0.0084651 -0.0521461 
v -0.0202157 0.0081315 -0.052021 
v -0.0202151 -0.00275 -0.0520212 
v -0.0202139 0.00811899 -0.0520163 
v -0.0201953 -0.00275 -0.0519144 
v -0.0201763 0.00727125 -0.0516984 
v -0.0201558 -0.00275 -0.0517009 
v -0.0201484 -0.00275 -0.0516024 
v -0.020138 0.00641007 -0.0513754 
v -0.0201315 -0.00275 -0.051376 
v -0.0201309 0.00625 -0.0513154 
v -0.0201309 -0.00275 -0.0513154 
vn -5.91622e-09 0 -1 
vn -4.54599e-08 0 -1 
vn 0.0296261 0 -0.999561 
vn 0.0296248 3.62799e-18 -0.999561 
vn 0.0737563 0 -0.997276 
vn 0.110185 0 -0.993911 
vn 0.0710257 0 -0.997474 
vn 0.10518 0 -0.994453 
vn 0.112436 0 -0.993659 
vn 0.137829 1.68792e-17 -0.990456 
vn 0.13783 0 -0.990456 
vn 0.0308404 0 -0.999524 
vn 0.0379076 0 -0.999281 
vn 0.209164 0 -0.977881 
vn 0.241826 0 -0.97032 
vn 0.244407 0 -0.969673 
vn 0.197283 0 -0.980347 
vn 0.227631 0 -0.973747 
vn 0.244408 2.99314e-17 -0.969672 
vn 0.155861 0 -0.987779 
vn 0.14776 0 -0.989023 
vn 0.186672 0 -0.982422 
vn 0.291848 0 -0.956465 
vn 0.327357 0 -0.944901 
vn 0.310828 0 -0.950466 
vn 0.348101 0 -0.937457 
vn 0.348106 4.26307e-17 -0.937455 
vn 0.271411 0 -0.962464 
vn 0.447699 5.48273e-17 -0.894185 
vn 0.348738 0 -0.93722 
vn 0.390942 0 -0.920415 
vn 0.420212 0 -0.907426 
vn 0.409046 0 -0.912514 
vn 0.502728 0 -0.864444 
vn 0.494293 0 -0.869295 
vn 0.542024 0 -0.840363 
vn 0.542013 6.63774e-17 -0.84037 
vn 0.447708 0 -0.89418 
vn 0.46424 0 -0.885709 
vn 0.590837 0 -0.806791 
vn 0.576812 0 -0.816877 
vn 0.629964 0 -0.776624 
vn 0.629936 7.71449e-17 -0.776647 
vn 0.550023 0 -0.835149 
vn 0.672394 0 -0.740193 
vn 0.666895 0 -0.745152 
vn 0.710432 0 -0.703766 
vn 0.710431 8.70027e-17 -0.703767 
vn 0.650935 0 -0.759134 
vn 0.746497 0 -0.665389 
vn 0.773363 0 -0.633964 
vn 0.782464 0 -0.622695 
vn 0.78255 9.58347e-17 -0.622588 
vn 0.764891 0 -0.64416 
vn 0.812324 0 -0.583207 
vn 0.845503 0 -0.533971 
vn 0.845441 1.03537e-16 -0.534068 
vn 0.878957 0 -0.4769 
vn 0.869144 0 -0.494559 
vn 0.881076 0 -0.472975 
vn 0.898246 0 -0.439492 
vn 0.898364 1.10018e-16 -0.439251 
vn 0.916328 0 -0.400428 
vn 0.94073 0 -0.339156 
vn 0.940694 1.15202e-16 -0.339255 
vn 0.953353 0 -0.301857 
vn 0.96051 0 -0.278244 
vn 0.971937 0 -0.23524 
vn 0.971933 1.19027e-16 -0.235259 
vn 0.972327 0 -0.233626 
vn 0.979808 0 -0.199938 
vn 0.991704 1.4456e-16 -0.128542 
vn 0.991711 1.2145e-16 -0.128488 
vn 0.9954 0 -0.0958028 
vn 0.999799 1.4456e-16 -0.0200523 
vn 0.999796 1.2244e-16 -0.020203 
vn 1 1.4456e-16 2.78663e-08 
vn 1 0 2.07739e-08 
f 2754//2754 2755//2755 2756//2756 
f 2757//2757 2758//2758 2759//2759 
f 2757//2757 2760//2760 2758//2758 
f 2761//2761 2759//2759 2762//2762 
f 2762//2762 2763//2763 2761//2761 
f 2762//2762 2764//2764 2763//2763 
f 2757//2757 2756//2756 2765//2765 
f 2765//2765 2760//2760 2757//2757 
f 2765//2765 2766//2766 2760//2760 
f 2767//2767 2768//2768 2769//2769 
f 2767//2767 2770//2770 2771//2771 
f 2771//2771 2768//2768 2767//2767 
f 2769//2769 2772//2772 2767//2767 
f 2763//2763 2764//2764 2773//2773 
f 2764//2764 2774//2774 2773//2773 
f 2773//2773 2775//2775 2763//2763 
f 2775//2775 2770//2770 2763//2763 
f 2772//2772 2776//2776 2777//2777 
f 2778//2778 2777//2777 2779//2779 
f 2779//2779 2780//2780 2778//2778 
f 2772//2772 2769//2769 2781//2781 
f 2781//2781 2776//2776 2772//2772 
f 2782//2782 2783//2783 2784//2784 
f 2784//2784 2785//2785 2782//2782 
f 2780//2780 2779//2779 2783//2783 
f 2783//2783 2782//2782 2786//2786 
f 2783//2783 2786//2786 2780//2780 
f 2787//2787 2788//2788 2789//2789 
f 2789//2789 2790//2790 2787//2787 
f 2782//2782 2791//2791 2792//2792 
f 2792//2792 2788//2788 2782//2782 
f 2793//2793 2794//2794 2795//2795 
f 2795//2795 2796//2796 2793//2793 
f 2790//2790 2789//2789 2797//2797 
f 2797//2797 2794//2794 2790//2790 
f 2798//2798 2799//2799 2800//2800 
f 2800//2800 2801//2801 2798//2798 
f 2796//2796 2795//2795 2802//2802 
f 2802//2802 2799//2799 2796//2796 
f 2803//2803 2804//2804 2805//2805 
f 2805//2805 2806//2806 2803//2803 
f 2801//2801 2800//2800 2807//2807 
f 2807//2807 2804//2804 2801//2801 
f 2808//2808 2805//2805 2809//2809 
f 2809//2809 2810//2810 2808//2808 
f 2810//2810 2809//2809 2811//2811 
f 2812//2812 2813//2813 2814//2814 
f 2812//2812 2811//2811 2813//2813 
f 2814//2814 2815//2815 2812//2812 
f 2816//2816 2814//2814 2817//2817 
f 2817//2817 2818//2818 2816//2816 
f 2819//2819 2820//2820 2821//2821 
f 2821//2821 2822//2822 2819//2819 
f 2818//2818 2817//2817 2820//2820 
f 2822//2822 2821//2821 2823//2823 
f 2824//2824 2823//2823 2825//2825 
f 2825//2825 2826//2826 2824//2824 
f 2827//2827 2825//2825 2828//2828 
f 2828//2828 2829//2829 2827//2827 
f 2829//2829 2828//2828 2830//2830 
f 2830//2830 2831//2831 2829//2829 
f 2827//2827 2826//2826 2825//2825 
f 2823//2823 2824//2824 2822//2822 
f 2819//2819 2818//2818 2820//2820 
f 2816//2816 2815//2815 2814//2814 
f 2811//2811 2812//2812 2810//2810 
f 2808//2808 2806//2806 2805//2805 
f 2803//2803 2801//2801 2804//2804 
f 2798//2798 2796//2796 2799//2799 
f 2793//2793 2790//2790 2794//2794 
f 2787//2787 2782//2782 2788//2788 
f 2785//2785 2791//2791 2782//2782 
f 2777//2777 2778//2778 2772//2772 
f 2767//2767 2763//2763 2770//2770 
f 2759//2759 2761//2761 2757//2757 
f 2756//2756 2757//2757 2754//2754 
v -0.0201309 -0.00275 -0.04364 
v -0.0201309 -0.00275 -0.0513154 
v -0.0201309 0.00625 -0.0513154 
v -0.0201309 0.00625 -0.04364 
vn 1 1.22465e-16 0 
vn 1 1.22465e-16 0 
vn 1 1.22465e-16 0 
vn 1 1.22465e-16 0 
f 2832//2832 2833//2833 2834//2834 
f 2834//2834 2835//2835 2832//2832 
v -0.0202481 0.00846767 -0.04364 
v -0.0201763 0.00727125 -0.0516984 
v -0.0202139 0.00811899 -0.0520163 
v -0.0202157 0.0081315 -0.052021 
v -0.020138 0.00641007 -0.0513754 
v -0.0202469 0.00844361 -0.04364 
v -0.0201309 0.00625 -0.0513154 
v -0.0201309 0.00625 -0.04364 
v -0.0204937 0.0100643 -0.04364 
v -0.0204473 0.00975139 -0.0526284 
v -0.0204877 0.0100338 -0.0527343 
v -0.0203315 0.00894134 -0.0523246 
v -0.0202634 0.0084651 -0.0521461 
v -0.0208106 0.0113166 -0.04364 
v -0.0208072 0.0113032 -0.04364 
v -0.0204952 0.0100635 -0.0527454 
v -0.0206066 0.0105012 -0.0529096 
v -0.0207894 0.0112191 -0.0531788 
v -0.0211275 0.0122055 -0.04364 
v -0.0208138 0.0113152 -0.0532148 
v -0.0208362 0.0114033 -0.0532479 
v -0.0210066 0.0118617 -0.0534198 
v -0.0213965 0.0127795 -0.04364 
v -0.021394 0.0127744 -0.04364 
v -0.0211332 0.0122023 -0.0535475 
v -0.0211781 0.0123231 -0.0535928 
v -0.0212436 0.0124546 -0.0536421 
v -0.0216452 0.0132002 -0.04364 
v -0.0214031 0.0127751 -0.0537623 
v -0.0214808 0.0129312 -0.0538208 
v -0.0215055 0.01297 -0.0538354 
v -0.0218686 0.0135064 -0.04364 
v -0.0218666 0.0135037 -0.04364 
v -0.0216497 0.0131966 -0.0539204 
v -0.0217382 0.0133357 -0.0539725 
v -0.0217886 0.0133993 -0.0539964 
v -0.0220836 0.0137462 -0.04364 
v -0.0218713 0.0135037 -0.0540355 
v -0.0219581 0.0136133 -0.0540766 
v -0.0222542 0.0139014 -0.04364 
v -0.0220871 0.0137459 -0.0541263 
v -0.0221488 0.0138092 -0.0541501 
v -0.0222347 0.0138837 -0.04364 
v -0.0220852 0.0137439 -0.0541256 
v -0.0222557 0.0138987 -0.0541836 
v -0.0224043 0.0140135 -0.04364 
v -0.0223167 0.0139497 -0.0542028 
v -0.0223979 0.0140055 -0.0542237 
v -0.022538 0.0140943 -0.04364 
v -0.0225222 0.0140848 -0.04364 
v -0.0224056 0.0140108 -0.0542257 
v -0.022448 0.01404 -0.0542366 
v -0.0225392 0.0140915 -0.0542559 
v -0.0226625 0.0141538 -0.04364 
v -0.0225709 0.0141094 -0.0542627 
v -0.0227932 0.0142005 -0.04364 
v -0.022779 0.0141954 -0.04364 
v -0.0226634 0.0141512 -0.0542783 
v -0.0226876 0.0141622 -0.0542825 
v -0.0227175 0.0141725 -0.0542863 
v -0.0227936 0.014199 -0.0542962 
v -0.0229177 0.0142304 -0.04364 
v -0.0228004 0.0142013 -0.0542971 
v -0.0229096 0.0142282 -0.0543072 
v -0.0230247 0.0142445 -0.04364 
v -0.0229178 0.0142294 -0.0543077 
v -0.0230384 0.0142463 -0.04364 
v -0.0230172 0.0142443 -0.0543132 
v -0.0230384 0.0142453 -0.0543136 
v -0.0231309 0.01425 -0.04364 
v -0.023042 0.0142455 -0.0543137 
v -0.0231309 0.01425 -0.0543154 
vn 0.994286 0.106752 8.06093e-17 
vn 0.998834 0.0482808 8.1712e-17 
vn 0.996026 0.0890606 8.0973e-17 
vn 0.99597 0.0896865 8.09605e-17 
vn 0.99997 0.00768429 8.2311e-17 
vn 0.994418 0.105515 8.06356e-17 
vn 1 0 8.24091e-17 
vn 1 0 8.24091e-17 
vn 0.979596 0.200976 7.82258e-17 
vn 0.983508 0.180863 7.87986e-17 
vn 0.980001 0.198993 7.82838e-17 
vn 0.991205 0.132333 8.0037e-17 
vn 0.994286 0.106752 8.06093e-17 
vn 0.956092 0.293068 7.51424e-17 
vn 0.956434 0.291948 7.51846e-17 
vn 0.979596 0.200976 7.82258e-17 
vn 0.972991 0.230843 7.73097e-17 
vn 0.958504 0.285078 7.54407e-17 
vn 0.923527 0.383533 7.13327e-17 
vn 0.956092 0.293068 7.51424e-17 
vn 0.953773 0.300528 7.48585e-17 
vn 0.938683 0.344781 7.30641e-17 
vn 0.883263 0.468878 6.69521e-17 
vn 0.883726 0.468005 6.70011e-17 
vn 0.923527 0.383533 7.13327e-17 
vn 0.917059 0.398752 7.06102e-17 
vn 0.908719 0.417408 6.96906e-17 
vn 0.834197 0.551466 6.18805e-17 
vn 0.883263 0.468878 6.69521e-17 
vn 0.868117 0.49636 6.53618e-17 
vn 0.863743 0.503932 6.49071e-17 
vn 0.777334 0.629088 5.62282e-17 
vn 0.777933 0.628348 5.62868e-17 
vn 0.834197 0.551466 6.18805e-17 
vn 0.812191 0.583391 5.96696e-17 
vn 0.79994 0.600081 5.84523e-17 
vn 0.706546 0.707667 4.94165e-17 
vn 0.777334 0.629088 5.62282e-17 
vn 0.749916 0.661533 5.35649e-17 
vn 0.635091 0.772437 4.27217e-17 
vn 0.705945 0.708266 4.93595e-17 
vn 0.680921 0.732357 4.69974e-17 
vn 0.644399 0.764689 4.35852e-17 
vn 0.706546 0.707667 4.94165e-17 
vn 0.635091 0.772437 4.27217e-17 
vn 0.557475 0.830194 3.56064e-17 
vn 0.604742 0.796421 3.99221e-17 
vn 0.562095 0.827073 3.6026e-17 
vn 0.474144 0.880447 2.81136e-17 
vn 0.484908 0.874565 2.90738e-17 
vn 0.557475 0.830194 3.56064e-17 
vn 0.532124 0.846666 3.33122e-17 
vn 0.474144 0.880447 2.81136e-17 
vn 0.385823 0.922573 2.03108e-17 
vn 0.452063 0.891986 2.61503e-17 
vn 0.284395 0.958707 1.15024e-17 
vn 0.295976 0.955196 1.25004e-17 
vn 0.385823 0.922573 2.03108e-17 
vn 0.36728 0.93011 1.86889e-17 
vn 0.344829 0.938666 1.67321e-17 
vn 0.284395 0.958707 1.15024e-17 
vn 0.181655 0.983362 2.72868e-18 
vn 0.278837 0.960338 1.10241e-17 
vn 0.188529 0.982068 3.31134e-18 
vn 0.0907604 0.995873 -4.91755e-18 
vn 0.181655 0.983362 2.72868e-18 
vn 0.079035 0.996872 -5.89627e-18 
vn 0.0971467 0.99527 -4.38376e-18 
vn 0.079035 0.996872 -5.89627e-18 
vn 0 1 -1.24484e-17 
vn 0.0759483 0.997112 -6.15363e-18 
vn 0 1 -1.24484e-17 
f 2836//2836 2837//2837 2838//2838 
f 2838//2838 2839//2839 2836//2836 
f 2840//2840 2836//2836 2841//2841 
f 2841//2841 2842//2842 2840//2840 
f 2841//2841 2843//2843 2842//2842 
f 2840//2840 2837//2837 2836//2836 
f 2844//2844 2845//2845 2846//2846 
f 2844//2844 2847//2847 2845//2845 
f 2844//2844 2836//2836 2848//2848 
f 2848//2848 2847//2847 2844//2844 
f 2849//2849 2850//2850 2851//2851 
f 2851//2851 2852//2852 2849//2849 
f 2852//2852 2853//2853 2849//2849 
f 2850//2850 2844//2844 2851//2851 
f 2854//2854 2849//2849 2855//2855 
f 2855//2855 2856//2856 2854//2854 
f 2856//2856 2857//2857 2854//2854 
f 2858//2858 2859//2859 2860//2860 
f 2860//2860 2861//2861 2858//2858 
f 2861//2861 2862//2862 2858//2858 
f 2859//2859 2854//2854 2860//2860 
f 2863//2863 2858//2858 2864//2864 
f 2864//2864 2865//2865 2863//2863 
f 2865//2865 2866//2866 2863//2863 
f 2867//2867 2868//2868 2869//2869 
f 2869//2869 2870//2870 2867//2867 
f 2870//2870 2871//2871 2867//2867 
f 2868//2868 2863//2863 2869//2869 
f 2872//2872 2867//2867 2873//2873 
f 2873//2873 2874//2874 2872//2872 
f 2875//2875 2876//2876 2877//2877 
f 2875//2875 2878//2878 2879//2879 
f 2879//2879 2876//2876 2875//2875 
f 2877//2877 2880//2880 2875//2875 
f 2881//2881 2875//2875 2880//2880 
f 2880//2880 2882//2882 2881//2881 
f 2882//2882 2883//2883 2881//2881 
f 2884//2884 2885//2885 2886//2886 
f 2886//2886 2887//2887 2884//2884 
f 2887//2887 2888//2888 2884//2884 
f 2889//2889 2884//2884 2888//2888 
f 2888//2888 2890//2890 2889//2889 
f 2891//2891 2892//2892 2893//2893 
f 2893//2893 2894//2894 2891//2891 
f 2894//2894 2895//2895 2891//2891 
f 2895//2895 2896//2896 2891//2891 
f 2897//2897 2898//2898 2899//2899 
f 2897//2897 2891//2891 2896//2896 
f 2896//2896 2898//2898 2897//2897 
f 2900//2900 2897//2897 2901//2901 
f 2902//2902 2900//2900 2903//2903 
f 2903//2903 2904//2904 2902//2902 
f 2905//2905 2902//2902 2904//2904 
f 2904//2904 2906//2906 2905//2905 
f 2906//2906 2907//2907 2905//2905 
f 2901//2901 2903//2903 2900//2900 
f 2899//2899 2901//2901 2897//2897 
f 2892//2892 2889//2889 2893//2893 
f 2890//2890 2893//2893 2889//2889 
f 2885//2885 2881//2881 2886//2886 
f 2883//2883 2886//2886 2881//2881 
f 2878//2878 2872//2872 2879//2879 
f 2874//2874 2879//2879 2872//2872 
f 2871//2871 2873//2873 2867//2867 
f 2866//2866 2869//2869 2863//2863 
f 2862//2862 2864//2864 2858//2858 
f 2857//2857 2860//2860 2854//2854 
f 2853//2853 2855//2855 2849//2849 
f 2846//2846 2851//2851 2844//2844 
f 2839//2839 2848//2848 2836//2836 
