# OBJ generated by ONSHAPE BY PTC INC, 1.221 Units = meters
mtllib camera_mount.mtl
usemtl 0.262745_0.282353_0.301961_0.000000_0.000000
v -0.0072078 0.00982158 0.056081 
v -0.00719904 0.00999998 0.0560769 
v -0.00880499 0.00999998 0.052633 
v -0.007234 0.00964528 0.0560932 
v -0.00881375 0.00982158 0.0526371 
v -0.00727732 0.00947313 0.0561134 
v -0.00883995 0.00964528 0.0526493 
v -0.00733725 0.00930716 0.0561414 
v -0.00888327 0.00947313 0.0526695 
v -0.0074131 0.00914932 0.0561768 
v -0.0089432 0.00930716 0.0526974 
v -0.00750396 0.00900144 0.0562191 
v -0.00901904 0.00914932 0.0527328 
v -0.00760879 0.00886528 0.056268 
v -0.00910991 0.00900144 0.0527752 
v -0.00772634 0.00874241 0.0563228 
v -0.00921474 0.00886528 0.052824 
v -0.00785524 0.00863429 0.0563829 
v -0.00933229 0.00874241 0.0528789 
v -0.00799398 0.00854219 0.0564476 
v -0.00946119 0.00863429 0.052939 
v -0.00814094 0.00846717 0.0565162 
v -0.00959993 0.00854219 0.0530037 
v -0.00829438 0.00841012 0.0565877 
v -0.00974689 0.00846717 0.0530722 
v -0.00845252 0.00837172 0.0566615 
v -0.00990033 0.00841012 0.0531437 
v -0.00861349 0.0083524 0.0567365 
v -0.0100585 0.00837172 0.0532175 
v -0.00877541 0.0083524 0.056812 
v -0.0102194 0.0083524 0.0532925 
v -0.00893638 0.00837172 0.0568871 
v -0.0103814 0.0083524 0.053368 
v -0.00909451 0.00841012 0.0569608 
v -0.0105423 0.00837172 0.0534431 
v -0.00924795 0.00846717 0.0570324 
v -0.0107005 0.00841012 0.0535168 
v -0.00939491 0.00854219 0.0571009 
v -0.0108539 0.00846717 0.0535884 
v -0.00953365 0.00863429 0.0571656 
v -0.0110009 0.00854219 0.0536569 
v -0.00966255 0.00874241 0.0572257 
v -0.0111396 0.00863429 0.0537216 
v -0.00978011 0.00886528 0.0572805 
v -0.0112685 0.00874241 0.0537817 
v -0.00988493 0.00900144 0.0573294 
v -0.0113861 0.00886528 0.0538365 
v -0.0099758 0.00914932 0.0573718 
v -0.0114909 0.00900144 0.0538854 
v -0.0100516 0.00930716 0.0574071 
v -0.0115817 0.00914932 0.0539278 
v -0.0101116 0.00947313 0.0574351 
v -0.0116576 0.00930716 0.0539632 
v -0.0101549 0.00964528 0.0574553 
v -0.0117175 0.00947313 0.0539911 
v -0.0101811 0.00982158 0.0574675 
v -0.0117608 0.00964528 0.0540113 
v -0.0101899 0.00999998 0.0574716 
v -0.011787 0.00982158 0.0540235 
v -0.0101811 0.0101784 0.0574675 
v -0.0117958 0.00999998 0.0540276 
v -0.0101549 0.0103547 0.0574553 
v -0.011787 0.0101784 0.0540235 
v -0.0101116 0.0105268 0.0574351 
v -0.0117608 0.0103547 0.0540113 
v -0.0100516 0.0106928 0.0574071 
v -0.0117175 0.0105268 0.0539911 
v -0.0099758 0.0108506 0.0573718 
v -0.0116576 0.0106928 0.0539632 
v -0.00988493 0.0109985 0.0573294 
v -0.0115817 0.0108506 0.0539278 
v -0.00978011 0.0111347 0.0572805 
v -0.0114909 0.0109985 0.0538854 
v -0.00966255 0.0112575 0.0572257 
v -0.0113861 0.0111347 0.0538365 
v -0.00953365 0.0113657 0.0571656 
v -0.0112685 0.0112575 0.0537817 
v -0.00939491 0.0114578 0.0571009 
v -0.0111396 0.0113657 0.0537216 
v -0.00924795 0.0115328 0.0570324 
v -0.0110009 0.0114578 0.0536569 
v -0.00909451 0.0115898 0.0569608 
v -0.0108539 0.0115328 0.0535884 
v -0.00893638 0.0116282 0.0568871 
v -0.0107005 0.0115898 0.0535168 
v -0.00877541 0.0116476 0.056812 
v -0.0105423 0.0116282 0.0534431 
v -0.00861349 0.0116476 0.0567365 
v -0.0103814 0.0116476 0.053368 
v -0.00845252 0.0116282 0.0566615 
v -0.0102194 0.0116476 0.0532925 
v -0.00829438 0.0115898 0.0565877 
v -0.0100585 0.0116282 0.0532175 
v -0.00814094 0.0115328 0.0565162 
v -0.00990033 0.0115898 0.0531437 
v -0.00799398 0.0114578 0.0564476 
v -0.00974689 0.0115328 0.0530722 
v -0.00785524 0.0113657 0.0563829 
v -0.00959993 0.0114578 0.0530037 
v -0.00772634 0.0112575 0.0563228 
v -0.00946119 0.0113657 0.052939 
v -0.00760879 0.0111347 0.056268 
v -0.00933229 0.0112575 0.0528789 
v -0.00750396 0.0109985 0.0562191 
v -0.00921474 0.0111347 0.052824 
v -0.0074131 0.0108506 0.0561768 
v -0.00910991 0.0109985 0.0527752 
v -0.00733725 0.0106928 0.0561414 
v -0.00901904 0.0108506 0.0527328 
v -0.00727732 0.0105268 0.0561134 
v -0.0089432 0.0106928 0.0526974 
v -0.007234 0.0103547 0.0560932 
v -0.00888327 0.0105268 0.0526695 
v -0.0072078 0.0101784 0.056081 
v -0.00883995 0.0103547 0.0526493 
v -0.00881375 0.0101784 0.0526371 
vn -0.900995 0.108119 0.420141 
vn -0.906308 2.44929e-16 0.422618 
vn -0.906308 2.44929e-16 0.422618 
vn -0.885119 0.21497 0.412738 
vn -0.900995 0.108119 0.420141 
vn -0.858865 0.319302 0.400496 
vn -0.885119 0.21497 0.412738 
vn -0.822543 0.419889 0.383558 
vn -0.858865 0.319302 0.400496 
vn -0.776576 0.515554 0.362123 
vn -0.822543 0.419889 0.383558 
vn -0.721505 0.605174 0.336443 
vn -0.776576 0.515554 0.362123 
vn -0.657975 0.687699 0.306819 
vn -0.721505 0.605174 0.336443 
vn -0.586731 0.762162 0.273597 
vn -0.657975 0.687699 0.306819 
vn -0.508608 0.827689 0.237168 
vn -0.586731 0.762162 0.273597 
vn -0.424522 0.883512 0.197958 
vn -0.508608 0.827689 0.237168 
vn -0.335459 0.928977 0.156427 
vn -0.424522 0.883512 0.197958 
vn -0.242463 0.96355 0.113062 
vn -0.335459 0.928977 0.156427 
vn -0.146624 0.986827 0.068372 
vn -0.242463 0.96355 0.113062 
vn -0.0490665 0.998533 0.0228801 
vn -0.146624 0.986827 0.068372 
vn 0.0490665 0.998533 -0.0228801 
vn -0.0490665 0.998533 0.0228801 
vn 0.146624 0.986827 -0.068372 
vn 0.0490665 0.998533 -0.0228801 
vn 0.242463 0.96355 -0.113062 
vn 0.146624 0.986827 -0.068372 
vn 0.335459 0.928977 -0.156427 
vn 0.242463 0.96355 -0.113062 
vn 0.424522 0.883512 -0.197958 
vn 0.335459 0.928977 -0.156427 
vn 0.508608 0.827689 -0.237168 
vn 0.424522 0.883512 -0.197958 
vn 0.586731 0.762162 -0.273597 
vn 0.508608 0.827689 -0.237168 
vn 0.657975 0.687699 -0.306819 
vn 0.586731 0.762162 -0.273597 
vn 0.721505 0.605174 -0.336443 
vn 0.657975 0.687699 -0.306819 
vn 0.776576 0.515554 -0.362123 
vn 0.721505 0.605174 -0.336443 
vn 0.822543 0.419889 -0.383558 
vn 0.776576 0.515554 -0.362123 
vn 0.858865 0.319302 -0.400496 
vn 0.822543 0.419889 -0.383558 
vn 0.885119 0.21497 -0.412738 
vn 0.858865 0.319302 -0.400496 
vn 0.900995 0.108119 -0.420141 
vn 0.885119 0.21497 -0.412738 
vn 0.906308 -1.22465e-16 -0.422618 
vn 0.900995 0.108119 -0.420141 
vn 0.900995 -0.108119 -0.420141 
vn 0.906308 -1.22465e-16 -0.422618 
vn 0.885119 -0.21497 -0.412738 
vn 0.900995 -0.108119 -0.420141 
vn 0.858865 -0.319302 -0.400496 
vn 0.885119 -0.21497 -0.412738 
vn 0.822543 -0.419889 -0.383558 
vn 0.858865 -0.319302 -0.400496 
vn 0.776576 -0.515554 -0.362123 
vn 0.822543 -0.419889 -0.383558 
vn 0.721505 -0.605174 -0.336443 
vn 0.776576 -0.515554 -0.362123 
vn 0.657975 -0.687699 -0.306819 
vn 0.721505 -0.605174 -0.336443 
vn 0.586731 -0.762162 -0.273597 
vn 0.657975 -0.687699 -0.306819 
vn 0.508608 -0.827689 -0.237168 
vn 0.586731 -0.762162 -0.273597 
vn 0.424522 -0.883512 -0.197958 
vn 0.508608 -0.827689 -0.237168 
vn 0.335459 -0.928977 -0.156427 
vn 0.424522 -0.883512 -0.197958 
vn 0.242463 -0.96355 -0.113062 
vn 0.335459 -0.928977 -0.156427 
vn 0.146624 -0.986827 -0.068372 
vn 0.242463 -0.96355 -0.113062 
vn 0.0490665 -0.998533 -0.0228801 
vn 0.146624 -0.986827 -0.068372 
vn -0.0490665 -0.998533 0.0228801 
vn 0.0490665 -0.998533 -0.0228801 
vn -0.146624 -0.986827 0.068372 
vn -0.0490665 -0.998533 0.0228801 
vn -0.242463 -0.96355 0.113062 
vn -0.146624 -0.986827 0.068372 
vn -0.335459 -0.928977 0.156427 
vn -0.242463 -0.96355 0.113062 
vn -0.424522 -0.883512 0.197958 
vn -0.335459 -0.928977 0.156427 
vn -0.508608 -0.827689 0.237168 
vn -0.424522 -0.883512 0.197958 
vn -0.586731 -0.762162 0.273597 
vn -0.508608 -0.827689 0.237168 
vn -0.657975 -0.687699 0.306819 
vn -0.586731 -0.762162 0.273597 
vn -0.721505 -0.605174 0.336443 
vn -0.657975 -0.687699 0.306819 
vn -0.776576 -0.515554 0.362123 
vn -0.721505 -0.605174 0.336443 
vn -0.822543 -0.419889 0.383558 
vn -0.776576 -0.515554 0.362123 
vn -0.858865 -0.319302 0.400496 
vn -0.822543 -0.419889 0.383558 
vn -0.885119 -0.21497 0.412738 
vn -0.858865 -0.319302 0.400496 
vn -0.900995 -0.108119 0.420141 
vn -0.885119 -0.21497 0.412738 
vn -0.900995 -0.108119 0.420141 
f 1//1 2//2 3//3 
f 4//4 1//1 5//5 
f 6//6 4//4 7//7 
f 8//8 6//6 9//9 
f 10//10 8//8 11//11 
f 12//12 10//10 13//13 
f 14//14 12//12 15//15 
f 16//16 14//14 17//17 
f 18//18 16//16 19//19 
f 20//20 18//18 21//21 
f 22//22 20//20 23//23 
f 24//24 22//22 25//25 
f 26//26 24//24 27//27 
f 28//28 26//26 29//29 
f 30//30 28//28 31//31 
f 32//32 30//30 33//33 
f 34//34 32//32 35//35 
f 36//36 34//34 37//37 
f 38//38 36//36 39//39 
f 40//40 38//38 41//41 
f 42//42 40//40 43//43 
f 44//44 42//42 45//45 
f 46//46 44//44 47//47 
f 48//48 46//46 49//49 
f 50//50 48//48 51//51 
f 52//52 50//50 53//53 
f 54//54 52//52 55//55 
f 56//56 54//54 57//57 
f 58//58 56//56 59//59 
f 60//60 58//58 61//61 
f 62//62 60//60 63//63 
f 64//64 62//62 65//65 
f 66//66 64//64 67//67 
f 68//68 66//66 69//69 
f 70//70 68//68 71//71 
f 72//72 70//70 73//73 
f 74//74 72//72 75//75 
f 76//76 74//74 77//77 
f 78//78 76//76 79//79 
f 80//80 78//78 81//81 
f 82//82 80//80 83//83 
f 84//84 82//82 85//85 
f 86//86 84//84 87//87 
f 88//88 86//86 89//89 
f 90//90 88//88 91//91 
f 92//92 90//90 93//93 
f 94//94 92//92 95//95 
f 96//96 94//94 97//97 
f 98//98 96//96 99//99 
f 100//100 98//98 101//101 
f 102//102 100//100 103//103 
f 104//104 102//102 105//105 
f 106//106 104//104 107//107 
f 108//108 106//106 109//109 
f 110//110 108//108 111//111 
f 112//112 110//110 113//113 
f 114//114 112//112 115//115 
f 2//2 114//114 116//116 
f 116//116 3//3 2//2 
f 115//115 116//116 114//114 
f 113//113 115//115 112//112 
f 111//111 113//113 110//110 
f 109//109 111//111 108//108 
f 107//107 109//109 106//106 
f 105//105 107//107 104//104 
f 103//103 105//105 102//102 
f 101//101 103//103 100//100 
f 99//99 101//101 98//98 
f 97//97 99//99 96//96 
f 95//95 97//97 94//94 
f 93//93 95//95 92//92 
f 91//91 93//93 90//90 
f 89//89 91//91 88//88 
f 87//87 89//89 86//86 
f 85//85 87//87 84//84 
f 83//83 85//85 82//82 
f 81//81 83//83 80//80 
f 79//79 81//81 78//78 
f 77//77 79//79 76//76 
f 75//75 77//77 74//74 
f 73//73 75//75 72//72 
f 71//71 73//73 70//70 
f 69//69 71//71 68//68 
f 67//67 69//69 66//66 
f 65//65 67//67 64//64 
f 63//63 65//65 62//62 
f 61//61 63//63 60//60 
f 59//59 61//61 58//58 
f 57//57 59//59 56//56 
f 55//55 57//57 54//54 
f 53//53 55//55 52//52 
f 51//51 53//53 50//50 
f 49//49 51//51 48//48 
f 47//47 49//49 46//46 
f 45//45 47//47 44//44 
f 43//43 45//45 42//42 
f 41//41 43//43 40//40 
f 39//39 41//41 38//38 
f 37//37 39//39 36//36 
f 35//35 37//37 34//34 
f 33//33 35//35 32//32 
f 31//31 33//33 30//30 
f 29//29 31//31 28//28 
f 27//27 29//29 26//26 
f 25//25 27//27 24//24 
f 23//23 25//25 22//22 
f 21//21 23//23 20//20 
f 19//19 21//21 18//18 
f 17//17 19//19 16//16 
f 15//15 17//17 14//14 
f 13//13 15//15 12//12 
f 11//11 13//13 10//10 
f 9//9 11//11 8//8 
f 7//7 9//9 6//6 
f 5//5 7//7 4//4 
f 3//3 5//5 1//1 
v -0.0120616 0.00999998 0.0539309 
v -0.0120518 0.0102 0.0539263 
v -0.011787 0.0101784 0.0540235 
v -0.0120224 0.0103977 0.0539126 
v -0.0117608 0.0103547 0.0540113 
v -0.0119738 0.0105907 0.05389 
v -0.0117175 0.0105268 0.0539911 
v -0.0119066 0.0107768 0.0538586 
v -0.0116576 0.0106928 0.0539632 
v -0.0118216 0.0109538 0.053819 
v -0.0115817 0.0108506 0.0539278 
v -0.0117197 0.0111196 0.0537715 
v -0.0114909 0.0109985 0.0538854 
v -0.0116022 0.0112722 0.0537166 
v -0.0113861 0.0111347 0.0538365 
v -0.0114704 0.01141 0.0536552 
v -0.0112685 0.0112575 0.0537817 
v -0.0113258 0.0115312 0.0535878 
v -0.0111396 0.0113657 0.0537216 
v -0.0111703 0.0116345 0.0535153 
v -0.0110009 0.0114578 0.0536569 
v -0.0110055 0.0117186 0.0534384 
v -0.0108539 0.0115328 0.0535884 
v -0.0108335 0.0117825 0.0533582 
v -0.0107005 0.0115898 0.0535168 
v -0.0106562 0.0118256 0.0532755 
v -0.0105423 0.0116282 0.0534431 
v -0.0104757 0.0118473 0.0531914 
v -0.0103814 0.0116476 0.053368 
v -0.0102941 0.0118473 0.0531067 
v -0.0102194 0.0116476 0.0532925 
v -0.0101137 0.0118256 0.0530225 
v -0.0100585 0.0116282 0.0532175 
v -0.00993636 0.0117825 0.0529399 
v -0.00990033 0.0115898 0.0531437 
v -0.00976432 0.0117186 0.0528596 
v -0.00974689 0.0115328 0.0530722 
v -0.00959955 0.0116345 0.0527828 
v -0.00959993 0.0114578 0.0530037 
v -0.00944399 0.0115312 0.0527103 
v -0.00946119 0.0113657 0.052939 
v -0.00929947 0.01141 0.0526429 
v -0.00933229 0.0112575 0.0528789 
v -0.00916767 0.0112722 0.0525814 
v -0.00921474 0.0111347 0.052824 
v -0.00905013 0.0111196 0.0525266 
v -0.00910991 0.0109985 0.0527752 
v -0.00894825 0.0109538 0.0524791 
v -0.00901904 0.0108506 0.0527328 
v -0.00886322 0.0107768 0.0524395 
v -0.0089432 0.0106928 0.0526974 
v -0.00879602 0.0105907 0.0524081 
v -0.00888327 0.0105268 0.0526695 
v -0.00874745 0.0103977 0.0523855 
v -0.00883995 0.0103547 0.0526493 
v -0.00871808 0.0102 0.0523718 
v -0.00881375 0.0101784 0.0526371 
v -0.00870825 0.00999998 0.0523672 
v -0.00880499 0.00999998 0.052633 
v -0.00871808 0.00979996 0.0523718 
v -0.00881375 0.00982158 0.0526371 
v -0.00874745 0.00960228 0.0523855 
v -0.00883995 0.00964528 0.0526493 
v -0.00879602 0.00940927 0.0524081 
v -0.00888327 0.00947313 0.0526695 
v -0.00886322 0.00922319 0.0524395 
v -0.0089432 0.00930716 0.0526974 
v -0.00894825 0.00904621 0.0524791 
v -0.00901904 0.00914932 0.0527328 
v -0.00905013 0.00888041 0.0525266 
v -0.00910991 0.00900144 0.0527752 
v -0.00916767 0.00872774 0.0525814 
v -0.00921474 0.00886528 0.052824 
v -0.00929947 0.00858998 0.0526429 
v -0.00933229 0.00874241 0.0528789 
v -0.00944399 0.00846876 0.0527103 
v -0.00946119 0.00863429 0.052939 
v -0.00959955 0.00836548 0.0527828 
v -0.00959993 0.00854219 0.0530037 
v -0.00976432 0.00828137 0.0528596 
v -0.00974689 0.00846717 0.0530722 
v -0.00993636 0.00821741 0.0529399 
v -0.00990033 0.00841012 0.0531437 
v -0.0101137 0.00817435 0.0530225 
v -0.0100585 0.00837172 0.0532175 
v -0.0102941 0.00815269 0.0531067 
v -0.0102194 0.0083524 0.0532925 
v -0.0104757 0.00815269 0.0531914 
v -0.0103814 0.0083524 0.053368 
v -0.0106562 0.00817435 0.0532755 
v -0.0105423 0.00837172 0.0534431 
v -0.0108335 0.00821741 0.0533582 
v -0.0107005 0.00841012 0.0535168 
v -0.0110055 0.00828137 0.0534384 
v -0.0108539 0.00846717 0.0535884 
v -0.0111703 0.00836548 0.0535153 
v -0.0110009 0.00854219 0.0536569 
v -0.0113258 0.00846876 0.0535878 
v -0.0111396 0.00863429 0.0537216 
v -0.0114704 0.00858998 0.0536552 
v -0.0112685 0.00874241 0.0537817 
v -0.0116022 0.00872774 0.0537166 
v -0.0113861 0.00886528 0.0538365 
v -0.0117197 0.00888041 0.0537715 
v -0.0114909 0.00900144 0.0538854 
v -0.0118216 0.00904621 0.053819 
v -0.0115817 0.00914932 0.0539278 
v -0.0119066 0.00922319 0.0538586 
v -0.0116576 0.00930716 0.0539632 
v -0.0119738 0.00940927 0.05389 
v -0.0117175 0.00947313 0.0539911 
v -0.0120224 0.00960228 0.0539126 
v -0.0117608 0.00964528 0.0540113 
v -0.0120518 0.00979996 0.0539263 
v -0.011787 0.00982158 0.0540235 
v -0.0117958 0.00999998 0.0540276 
vn 0.34202 0 -0.939693 
vn 0.338263 -0.0764517 -0.937941 
vn 0.338263 -0.0764517 -0.937941 
vn 0.327037 -0.152007 -0.932706 
vn 0.327037 -0.152007 -0.932706 
vn 0.308473 -0.22578 -0.924049 
vn 0.308473 -0.22578 -0.924049 
vn 0.282789 -0.296906 -0.912073 
vn 0.282789 -0.296906 -0.912073 
vn 0.250286 -0.364552 -0.896916 
vn 0.250286 -0.364552 -0.896916 
vn 0.211345 -0.427923 -0.878758 
vn 0.211345 -0.427923 -0.878758 
vn 0.166423 -0.486277 -0.85781 
vn 0.166423 -0.486277 -0.85781 
vn 0.116045 -0.53893 -0.834319 
vn 0.116045 -0.53893 -0.834319 
vn 0.0608041 -0.585265 -0.808559 
vn 0.0608041 -0.585265 -0.808559 
vn 0.0013463 -0.624737 -0.780834 
vn 0.0013463 -0.624737 -0.780834 
vn -0.0616308 -0.656886 -0.751467 
vn -0.0616308 -0.656886 -0.751467 
vn -0.127389 -0.681333 -0.720804 
vn -0.127389 -0.681333 -0.720804 
vn -0.195157 -0.697792 -0.689203 
vn -0.195157 -0.697792 -0.689203 
vn -0.264141 -0.70607 -0.657035 
vn -0.264141 -0.70607 -0.657035 
vn -0.333532 -0.70607 -0.624678 
vn -0.333532 -0.70607 -0.624678 
vn -0.402515 -0.697792 -0.59251 
vn -0.402515 -0.697792 -0.59251 
vn -0.470283 -0.681333 -0.560909 
vn -0.470283 -0.681333 -0.560909 
vn -0.536042 -0.656886 -0.530246 
vn -0.536042 -0.656886 -0.530246 
vn -0.599019 -0.624737 -0.500879 
vn -0.599019 -0.624737 -0.500879 
vn -0.658477 -0.585265 -0.473153 
vn -0.658477 -0.585265 -0.473153 
vn -0.713718 -0.53893 -0.447394 
vn -0.713718 -0.53893 -0.447394 
vn -0.764095 -0.486277 -0.423903 
vn -0.764095 -0.486277 -0.423903 
vn -0.809018 -0.427923 -0.402955 
vn -0.809018 -0.427923 -0.402955 
vn -0.847959 -0.364552 -0.384796 
vn -0.847959 -0.364552 -0.384796 
vn -0.880462 -0.296906 -0.36964 
vn -0.880462 -0.296906 -0.36964 
vn -0.906146 -0.22578 -0.357663 
vn -0.906146 -0.22578 -0.357663 
vn -0.92471 -0.152007 -0.349007 
vn -0.92471 -0.152007 -0.349007 
vn -0.935936 -0.0764517 -0.343772 
vn -0.935936 -0.0764517 -0.343772 
vn -0.939693 1.47196e-16 -0.34202 
vn -0.939693 1.47196e-16 -0.34202 
vn -0.935936 0.0764517 -0.343772 
vn -0.935936 0.0764517 -0.343772 
vn -0.92471 0.152007 -0.349007 
vn -0.92471 0.152007 -0.349007 
vn -0.906146 0.22578 -0.357663 
vn -0.906146 0.22578 -0.357663 
vn -0.880462 0.296906 -0.36964 
vn -0.880462 0.296906 -0.36964 
vn -0.847959 0.364552 -0.384796 
vn -0.847959 0.364552 -0.384796 
vn -0.809018 0.427923 -0.402955 
vn -0.809018 0.427923 -0.402955 
vn -0.764095 0.486277 -0.423903 
vn -0.764095 0.486277 -0.423903 
vn -0.713718 0.53893 -0.447394 
vn -0.713718 0.53893 -0.447394 
vn -0.658477 0.585265 -0.473153 
vn -0.658477 0.585265 -0.473153 
vn -0.599019 0.624737 -0.500879 
vn -0.599019 0.624737 -0.500879 
vn -0.536042 0.656886 -0.530246 
vn -0.536042 0.656886 -0.530246 
vn -0.470283 0.681333 -0.560909 
vn -0.470283 0.681333 -0.560909 
vn -0.402515 0.697792 -0.59251 
vn -0.402515 0.697792 -0.59251 
vn -0.333532 0.70607 -0.624678 
vn -0.333532 0.70607 -0.624678 
vn -0.264141 0.70607 -0.657035 
vn -0.264141 0.70607 -0.657035 
vn -0.195157 0.697792 -0.689203 
vn -0.195157 0.697792 -0.689203 
vn -0.127389 0.681333 -0.720804 
vn -0.127389 0.681333 -0.720804 
vn -0.0616308 0.656886 -0.751467 
vn -0.0616308 0.656886 -0.751467 
vn 0.0013463 0.624737 -0.780834 
vn 0.0013463 0.624737 -0.780834 
vn 0.0608041 0.585265 -0.808559 
vn 0.0608041 0.585265 -0.808559 
vn 0.116045 0.53893 -0.834319 
vn 0.116045 0.53893 -0.834319 
vn 0.166423 0.486277 -0.85781 
vn 0.166423 0.486277 -0.85781 
vn 0.211345 0.427923 -0.878758 
vn 0.211345 0.427923 -0.878758 
vn 0.250286 0.364552 -0.896916 
vn 0.250286 0.364552 -0.896916 
vn 0.282789 0.296906 -0.912073 
vn 0.282789 0.296906 -0.912073 
vn 0.308473 0.22578 -0.924049 
vn 0.308473 0.22578 -0.924049 
vn 0.327037 0.152007 -0.932706 
vn 0.327037 0.152007 -0.932706 
vn 0.338263 0.0764517 -0.937941 
vn 0.338263 0.0764517 -0.937941 
vn 0.34202 0 -0.939693 
f 117//117 118//118 119//119 
f 118//118 120//120 121//121 
f 120//120 122//122 123//123 
f 122//122 124//124 125//125 
f 124//124 126//126 127//127 
f 126//126 128//128 129//129 
f 128//128 130//130 131//131 
f 130//130 132//132 133//133 
f 132//132 134//134 135//135 
f 134//134 136//136 137//137 
f 136//136 138//138 139//139 
f 138//138 140//140 141//141 
f 140//140 142//142 143//143 
f 142//142 144//144 145//145 
f 144//144 146//146 147//147 
f 146//146 148//148 149//149 
f 148//148 150//150 151//151 
f 150//150 152//152 153//153 
f 152//152 154//154 155//155 
f 154//154 156//156 157//157 
f 156//156 158//158 159//159 
f 158//158 160//160 161//161 
f 160//160 162//162 163//163 
f 162//162 164//164 165//165 
f 164//164 166//166 167//167 
f 166//166 168//168 169//169 
f 168//168 170//170 171//171 
f 170//170 172//172 173//173 
f 172//172 174//174 175//175 
f 174//174 176//176 177//177 
f 176//176 178//178 179//179 
f 178//178 180//180 181//181 
f 180//180 182//182 183//183 
f 182//182 184//184 185//185 
f 184//184 186//186 187//187 
f 186//186 188//188 189//189 
f 188//188 190//190 191//191 
f 190//190 192//192 193//193 
f 192//192 194//194 195//195 
f 194//194 196//196 197//197 
f 196//196 198//198 199//199 
f 198//198 200//200 201//201 
f 200//200 202//202 203//203 
f 202//202 204//204 205//205 
f 204//204 206//206 207//207 
f 206//206 208//208 209//209 
f 208//208 210//210 211//211 
f 210//210 212//212 213//213 
f 212//212 214//214 215//215 
f 214//214 216//216 217//217 
f 216//216 218//218 219//219 
f 218//218 220//220 221//221 
f 220//220 222//222 223//223 
f 222//222 224//224 225//225 
f 224//224 226//226 227//227 
f 226//226 228//228 229//229 
f 228//228 230//230 231//231 
f 230//230 117//117 232//232 
f 232//232 231//231 230//230 
f 231//231 229//229 228//228 
f 229//229 227//227 226//226 
f 227//227 225//225 224//224 
f 225//225 223//223 222//222 
f 223//223 221//221 220//220 
f 221//221 219//219 218//218 
f 219//219 217//217 216//216 
f 217//217 215//215 214//214 
f 215//215 213//213 212//212 
f 213//213 211//211 210//210 
f 211//211 209//209 208//208 
f 209//209 207//207 206//206 
f 207//207 205//205 204//204 
f 205//205 203//203 202//202 
f 203//203 201//201 200//200 
f 201//201 199//199 198//198 
f 199//199 197//197 196//196 
f 197//197 195//195 194//194 
f 195//195 193//193 192//192 
f 193//193 191//191 190//190 
f 191//191 189//189 188//188 
f 189//189 187//187 186//186 
f 187//187 185//185 184//184 
f 185//185 183//183 182//182 
f 183//183 181//181 180//180 
f 181//181 179//179 178//178 
f 179//179 177//177 176//176 
f 177//177 175//175 174//174 
f 175//175 173//173 172//172 
f 173//173 171//171 170//170 
f 171//171 169//169 168//168 
f 169//169 167//167 166//166 
f 167//167 165//165 164//164 
f 165//165 163//163 162//162 
f 163//163 161//161 160//160 
f 161//161 159//159 158//158 
f 159//159 157//157 156//156 
f 157//157 155//155 154//154 
f 155//155 153//153 152//152 
f 153//153 151//151 150//150 
f 151//151 149//149 148//148 
f 149//149 147//147 146//146 
f 147//147 145//145 144//144 
f 145//145 143//143 142//142 
f 143//143 141//141 140//140 
f 141//141 139//139 138//138 
f 139//139 137//137 136//136 
f 137//137 135//135 134//134 
f 135//135 133//133 132//132 
f 133//133 131//131 130//130 
f 131//131 129//129 128//128 
f 129//129 127//127 126//126 
f 127//127 125//125 124//124 
f 125//125 123//123 122//122 
f 123//123 121//121 120//120 
f 121//121 119//119 118//118 
f 119//119 232//232 117//117 
v -0.00966255 -0.0112575 0.0572257 
v -0.0170305 -0.0202013 0.0606614 
v -0.0169071 -0.0203655 0.0606039 
v -0.0171374 -0.0200235 0.0607113 
v -0.0172266 -0.0198342 0.0607529 
v -0.0162789 -0.0208519 0.060311 
v -0.0160971 -0.0209241 0.0602262 
v -0.017297 -0.0196355 0.0607857 
v -0.0164527 -0.0207588 0.060392 
v -0.0173478 -0.0194296 0.0608094 
v -0.0166166 -0.0206458 0.0604684 
v -0.0173786 -0.0192189 0.0608238 
v -0.00978011 -0.0111347 0.0572805 
v -0.0173889 -0.0190058 0.0608286 
v -0.0167686 -0.0205142 0.0605393 
v -0.00924795 -0.0115328 0.0570324 
v -0.00939491 -0.0114578 0.0571009 
v -0.00726167 -0.0235 0.0561062 
v 6.93889e-18 -0.0235 0.05272 
v -0.00814094 -0.0115328 0.0565162 
v -0.00857178 -0.00249633 0.0567171 
v -0.00881711 -0.00249633 0.0568315 
v -0.00877541 -0.0083524 0.056812 
v -0.00845252 -0.00837172 0.0566615 
v -0.0078558 -0.00232244 0.0563832 
v -0.00808829 -0.00240887 0.0564916 
v -0.00742293 -0.00206922 0.0561813 
v -0.00763314 -0.00220878 0.0562794 
v -0.00953309 -0.00232244 0.0571653 
v -0.00953365 -0.00863429 0.0571656 
v -0.00939491 -0.00854219 0.0571009 
v -0.0109072 0.000537426 0.0578061 
v -0.0108416 0.000798254 0.0577755 
v -0.0101549 -0.00964528 0.0574553 
v -0.0101116 -0.00947313 0.0574351 
v -0.00988493 -0.0109985 0.0573294 
v -0.0099758 -0.0108506 0.0573718 
v -0.00953365 -0.0113657 0.0571656 
v -0.00861349 -0.0116476 0.0567365 
v -0.00877541 -0.0116476 0.056812 
v -0.00934508 -0.0231621 0.0570777 
v -0.00829438 -0.0115898 0.0565877 
v -0.00861349 -0.0083524 0.0567365 
v -0.00966255 -0.00874241 0.0572257 
v -0.00988493 -0.00900144 0.0573294 
v -0.00978011 -0.00886528 0.0572805 
v -0.0109469 0.000270298 0.0578246 
v -0.0109469 -0.000270298 0.0578246 
v -0.00909451 -0.0115898 0.0569608 
v -0.00866162 -0.0233493 0.056759 
v -0.00845252 -0.0116282 0.0566615 
v -0.00796496 -0.0234622 0.0564341 
v -0.00799398 -0.0114578 0.0564476 
v -0.00966255 0.0112575 0.0572257 
v -0.0167686 0.0205142 0.0605393 
v -0.0169071 0.0203655 0.0606039 
v -0.00893638 -0.00837172 0.0568871 
v -0.00906101 -0.00246707 0.0569452 
v -0.0093006 -0.00240887 0.0570569 
v -0.00832789 -0.00246707 0.0566033 
v -0.00924795 -0.00846717 0.0570324 
v -0.00909451 -0.00841012 0.0569608 
v -0.00893638 0.00837172 0.0568871 
v -0.0109602 4.59243e-19 0.0578308 
v -0.00893638 -0.0116282 0.0568871 
v -0.00785524 -0.0113657 0.0563829 
v -0.00760879 -0.0111347 0.056268 
v -0.00772634 -0.0112575 0.0563228 
v -0.00733725 -0.0106928 0.0561414 
v -0.0074131 -0.0108506 0.0561768 
v -0.0170305 0.0202013 0.0606614 
v -0.00785524 -0.00863429 0.0563829 
v -0.00772634 -0.00874241 0.0563228 
v -0.00829438 -0.00841012 0.0565877 
v -0.0100516 -0.00930716 0.0574071 
v -0.0099758 -0.00914932 0.0573718 
v -0.00760879 -0.00886528 0.056268 
v -0.00648165 -0.000537426 0.0557424 
v -0.00654728 -0.000798254 0.055773 
v -0.00877541 0.0083524 0.056812 
v -0.00750396 -0.0109985 0.0562191 
v -0.00832789 0.00246707 0.0566033 
v -0.00750396 0.00900144 0.0562191 
v -0.00760879 0.00886528 0.056268 
v -0.00733725 0.00930716 0.0561414 
v -0.0074131 0.00914932 0.0561768 
v -0.0171374 0.0200235 0.0607113 
v -0.00799398 -0.00854219 0.0564476 
v -0.00814094 -0.00846717 0.0565162 
v -0.00704951 -0.00171925 0.0560072 
v -0.00722762 -0.00190541 0.0560903 
v -0.00663809 -0.00104972 0.0558154 
v -0.00675301 -0.00128888 0.055869 
v -0.00644196 -0.000270298 0.0557239 
v -0.00861349 0.0083524 0.0567365 
v -0.0101811 -0.00982158 0.0574675 
v -0.0100516 -0.0106928 0.0574071 
v -0.0101116 -0.0105268 0.0574351 
v -0.00663809 0.00104972 0.0558154 
v -0.00654728 0.000798254 0.055773 
v -0.00808829 0.00240887 0.0564916 
v -0.0172266 0.0198342 0.0607529 
v -0.0173889 0.0190058 0.0608286 
v -0.0101549 0.0103547 0.0574553 
v -0.0101116 0.0105268 0.0574351 
v -0.0107508 -0.00104972 0.0577332 
v -0.0108416 -0.000798254 0.0577755 
v -0.00689068 -0.00151294 0.0559332 
v -0.0101811 -0.0101784 0.0574675 
v -0.0101899 -0.00999998 0.0574716 
v -0.0101549 -0.0103547 0.0574553 
v -0.00648165 0.000537426 0.0557424 
v -0.00675301 0.00128888 0.055869 
v -0.0078558 0.00232244 0.0563832 
v -0.00763314 0.00220878 0.0562794 
v -0.00857178 0.00249633 0.0567171 
v -0.0093006 0.00240887 0.0570569 
v -0.00906101 0.00246707 0.0569452 
v -0.00861349 0.0116476 0.0567365 
v -0.00866162 0.0233493 0.056759 
v -0.00934508 0.0231621 0.0570777 
v -0.00953365 0.0113657 0.0571656 
v -0.0160971 0.0209241 0.0602262 
v -0.017297 0.0196355 0.0607857 
v -0.0100516 0.0106928 0.0574071 
v -0.0099758 0.0108506 0.0573718 
v -0.0101811 0.0101784 0.0574675 
v -0.0100516 0.00930716 0.0574071 
v -0.0101116 0.00947313 0.0574351 
v -0.0109072 -0.000537426 0.0578061 
v -0.0104982 -0.00151294 0.0576154 
v -0.0106359 -0.00128888 0.0576796 
v -0.00642868 -4.59243e-19 0.0557177 
v -0.00750396 -0.00900144 0.0562191 
v -0.0074131 -0.00914932 0.0561768 
v -0.007234 -0.0103547 0.0560932 
v -0.00727732 -0.0105268 0.0561134 
v -0.00953309 0.00232244 0.0571653 
v -0.00996597 0.00206922 0.0573672 
v -0.00975575 0.00220878 0.0572692 
v -0.00845252 0.0116282 0.0566615 
v -0.00726167 0.0235 0.0561062 
v -0.00796496 0.0234622 0.0564341 
v -0.0162789 0.0208519 0.060311 
v -0.0173786 0.0192189 0.0608238 
v -0.0173478 0.0194296 0.0608094 
v -0.0101811 0.00982158 0.0574675 
v -0.0101899 0.00999998 0.0574716 
v -0.0101613 -0.00190541 0.0574583 
v -0.0103394 -0.00171925 0.0575413 
v -0.00975575 -0.00220878 0.0572692 
v -0.007234 -0.00964528 0.0560932 
v -0.00733725 -0.00930716 0.0561414 
v -0.00727732 -0.00947313 0.0561134 
v -0.0072078 -0.0101784 0.056081 
v -0.00689068 0.00151294 0.0559332 
v -0.00742293 0.00206922 0.0561813 
v -0.00877541 0.0116476 0.056812 
v -0.00924795 0.0115328 0.0570324 
v -0.0164527 0.0207588 0.060392 
v -0.0101549 0.00964528 0.0574553 
v -0.00988493 0.00900144 0.0573294 
v -0.0099758 0.00914932 0.0573718 
v -0.00966255 0.00874241 0.0572257 
v -0.00978011 0.00886528 0.0572805 
v -0.00996597 -0.00206922 0.0573672 
v -0.00909451 0.00841012 0.0569608 
v -0.00924795 0.00846717 0.0570324 
v -0.00644196 0.000270298 0.0557239 
v -0.00722762 0.00190541 0.0560903 
v -0.00704951 0.00171925 0.0560072 
v -0.00881711 0.00249633 0.0568315 
v -0.0101613 0.00190541 0.0574583 
v 6.93889e-18 0.0235 0.05272 
v -0.00733725 0.0106928 0.0561414 
v -0.00727732 0.0105268 0.0561134 
v -0.00772634 0.0112575 0.0563228 
v -0.00760879 0.0111347 0.056268 
v -0.00829438 0.0115898 0.0565877 
v -0.00814094 0.0115328 0.0565162 
v -0.00893638 0.0116282 0.0568871 
v -0.00909451 0.0115898 0.0569608 
v -0.0166166 0.0206458 0.0604684 
v -0.00988493 0.0109985 0.0573294 
v -0.00978011 0.0111347 0.0572805 
v -0.00719904 -0.00999998 0.0560769 
v -0.00845252 0.00837172 0.0566615 
v -0.0107508 0.00104972 0.0577332 
v -0.00799398 0.00854219 0.0564476 
v -0.00814094 0.00846717 0.0565162 
v -0.007234 0.0103547 0.0560932 
v -0.00750396 0.0109985 0.0562191 
v -0.0074131 0.0108506 0.0561768 
v -0.00785524 0.0113657 0.0563829 
v -0.00799398 0.0114578 0.0564476 
v -0.0072078 -0.00982158 0.056081 
v -0.00829438 0.00841012 0.0565877 
v -0.0104982 0.00151294 0.0576154 
v -0.0103394 0.00171925 0.0575413 
v -0.007234 0.00964528 0.0560932 
v -0.00727732 0.00947313 0.0561134 
v -0.0072078 0.00982158 0.056081 
v -0.00939491 0.00854219 0.0571009 
v -0.00953365 0.00863429 0.0571656 
v -0.00772634 0.00874241 0.0563228 
v -0.0106359 0.00128888 0.0576796 
v -0.0072078 0.0101784 0.056081 
v -0.00939491 0.0114578 0.0571009 
v -0.00785524 0.00863429 0.0563829 
v -0.00719904 0.00999998 0.0560769 
vn 0.422618 0 0.906308 
vn 0.422618 0 0.906308 
vn 0.422618 0 0.906308 
vn 0.422618 0 0.906308 
vn 0.422618 0 0.906308 
vn 0.422618 0 0.906308 
vn 0.422618 0 0.906308 
vn 0.422618 0 0.906308 
vn 0.422618 0 0.906308 
vn 0.422618 0 0.906308 
vn 0.422618 0 0.906308 
vn 0.422618 0 0.906308 
vn 0.422618 0 0.906308 
vn 0.422618 0 0.906308 
vn 0.422618 0 0.906308 
vn 0.422618 0 0.906308 
vn 0.422618 0 0.906308 
vn 0.422618 0 0.906308 
vn 0.422618 0 0.906308 
vn 0.422618 0 0.906308 
vn 0.422618 0 0.906308 
vn 0.422618 0 0.906308 
vn 0.422618 0 0.906308 
vn 0.422618 0 0.906308 
vn 0.422618 0 0.906308 
vn 0.422618 0 0.906308 
vn 0.422618 0 0.906308 
vn 0.422618 0 0.906308 
vn 0.422618 0 0.906308 
vn 0.422618 0 0.906308 
vn 0.422618 0 0.906308 
vn 0.422618 0 0.906308 
vn 0.422618 0 0.906308 
vn 0.422618 0 0.906308 
vn 0.422618 0 0.906308 
vn 0.422618 0 0.906308 
vn 0.422618 0 0.906308 
vn 0.422618 0 0.906308 
vn 0.422618 0 0.906308 
vn 0.422618 0 0.906308 
vn 0.422618 0 0.906308 
vn 0.422618 0 0.906308 
vn 0.422618 0 0.906308 
vn 0.422618 0 0.906308 
vn 0.422618 0 0.906308 
vn 0.422618 0 0.906308 
vn 0.422618 0 0.906308 
vn 0.422618 0 0.906308 
vn 0.422618 0 0.906308 
vn 0.422618 0 0.906308 
vn 0.422618 0 0.906308 
vn 0.422618 0 0.906308 
vn 0.422618 0 0.906308 
vn 0.422618 0 0.906308 
vn 0.422618 0 0.906308 
vn 0.422618 0 0.906308 
vn 0.422618 0 0.906308 
vn 0.422618 0 0.906308 
vn 0.422618 0 0.906308 
vn 0.422618 0 0.906308 
vn 0.422618 0 0.906308 
vn 0.422618 0 0.906308 
vn 0.422618 0 0.906308 
vn 0.422618 0 0.906308 
vn 0.422618 0 0.906308 
vn 0.422618 0 0.906308 
vn 0.422618 0 0.906308 
vn 0.422618 0 0.906308 
vn 0.422618 0 0.906308 
vn 0.422618 0 0.906308 
vn 0.422618 0 0.906308 
vn 0.422618 0 0.906308 
vn 0.422618 0 0.906308 
vn 0.422618 0 0.906308 
vn 0.422618 0 0.906308 
vn 0.422618 0 0.906308 
vn 0.422618 0 0.906308 
vn 0.422618 0 0.906308 
vn 0.422618 0 0.906308 
vn 0.422618 0 0.906308 
vn 0.422618 0 0.906308 
vn 0.422618 0 0.906308 
vn 0.422618 0 0.906308 
vn 0.422618 0 0.906308 
vn 0.422618 0 0.906308 
vn 0.422618 0 0.906308 
vn 0.422618 0 0.906308 
vn 0.422618 0 0.906308 
vn 0.422618 0 0.906308 
vn 0.422618 0 0.906308 
vn 0.422618 0 0.906308 
vn 0.422618 0 0.906308 
vn 0.422618 0 0.906308 
vn 0.422618 0 0.906308 
vn 0.422618 0 0.906308 
vn 0.422618 0 0.906308 
vn 0.422618 0 0.906308 
vn 0.422618 0 0.906308 
vn 0.422618 0 0.906308 
vn 0.422618 0 0.906308 
vn 0.422618 0 0.906308 
vn 0.422618 0 0.906308 
vn 0.422618 0 0.906308 
vn 0.422618 0 0.906308 
vn 0.422618 0 0.906308 
vn 0.422618 0 0.906308 
vn 0.422618 0 0.906308 
vn 0.422618 0 0.906308 
vn 0.422618 0 0.906308 
vn 0.422618 0 0.906308 
vn 0.422618 0 0.906308 
vn 0.422618 0 0.906308 
vn 0.422618 0 0.906308 
vn 0.422618 0 0.906308 
vn 0.422618 0 0.906308 
vn 0.422618 0 0.906308 
vn 0.422618 0 0.906308 
vn 0.422618 0 0.906308 
vn 0.422618 0 0.906308 
vn 0.422618 0 0.906308 
vn 0.422618 0 0.906308 
vn 0.422618 0 0.906308 
vn 0.422618 0 0.906308 
vn 0.422618 0 0.906308 
vn 0.422618 0 0.906308 
vn 0.422618 0 0.906308 
vn 0.422618 0 0.906308 
vn 0.422618 0 0.906308 
vn 0.422618 0 0.906308 
vn 0.422618 0 0.906308 
vn 0.422618 0 0.906308 
vn 0.422618 0 0.906308 
vn 0.422618 0 0.906308 
vn 0.422618 0 0.906308 
vn 0.422618 0 0.906308 
vn 0.422618 0 0.906308 
vn 0.422618 0 0.906308 
vn 0.422618 0 0.906308 
vn 0.422618 0 0.906308 
vn 0.422618 0 0.906308 
vn 0.422618 0 0.906308 
vn 0.422618 0 0.906308 
vn 0.422618 0 0.906308 
vn 0.422618 0 0.906308 
vn 0.422618 0 0.906308 
vn 0.422618 0 0.906308 
vn 0.422618 0 0.906308 
vn 0.422618 0 0.906308 
vn 0.422618 0 0.906308 
vn 0.422618 0 0.906308 
vn 0.422618 0 0.906308 
vn 0.422618 0 0.906308 
vn 0.422618 0 0.906308 
vn 0.422618 0 0.906308 
vn 0.422618 0 0.906308 
vn 0.422618 0 0.906308 
vn 0.422618 0 0.906308 
vn 0.422618 0 0.906308 
vn 0.422618 0 0.906308 
vn 0.422618 0 0.906308 
vn 0.422618 0 0.906308 
vn 0.422618 0 0.906308 
vn 0.422618 0 0.906308 
vn 0.422618 0 0.906308 
vn 0.422618 0 0.906308 
vn 0.422618 0 0.906308 
vn 0.422618 0 0.906308 
vn 0.422618 0 0.906308 
vn 0.422618 0 0.906308 
vn 0.422618 0 0.906308 
vn 0.422618 0 0.906308 
vn 0.422618 0 0.906308 
vn 0.422618 0 0.906308 
vn 0.422618 0 0.906308 
vn 0.422618 0 0.906308 
vn 0.422618 0 0.906308 
vn 0.422618 0 0.906308 
vn 0.422618 0 0.906308 
vn 0.422618 0 0.906308 
vn 0.422618 0 0.906308 
vn 0.422618 0 0.906308 
vn 0.422618 0 0.906308 
vn 0.422618 0 0.906308 
vn 0.422618 0 0.906308 
vn 0.422618 0 0.906308 
vn 0.422618 0 0.906308 
vn 0.422618 0 0.906308 
vn 0.422618 0 0.906308 
vn 0.422618 0 0.906308 
vn 0.422618 0 0.906308 
vn 0.422618 0 0.906308 
vn 0.422618 0 0.906308 
vn 0.422618 0 0.906308 
vn 0.422618 0 0.906308 
vn 0.422618 0 0.906308 
vn 0.422618 0 0.906308 
vn 0.422618 0 0.906308 
vn 0.422618 0 0.906308 
vn 0.422618 0 0.906308 
vn 0.422618 0 0.906308 
vn 0.422618 0 0.906308 
vn 0.422618 0 0.906308 
vn 0.422618 0 0.906308 
vn 0.422618 0 0.906308 
vn 0.422618 0 0.906308 
vn 0.422618 0 0.906308 
vn 0.422618 0 0.906308 
vn 0.422618 0 0.906308 
vn 0.422618 0 0.906308 
vn 0.422618 0 0.906308 
f 233//233 234//234 235//235 
f 233//233 236//236 234//234 
f 233//233 237//237 236//236 
f 233//233 238//238 239//239 
f 233//233 240//240 237//237 
f 233//233 241//241 238//238 
f 233//233 242//242 240//240 
f 233//233 243//243 241//241 
f 233//233 244//244 242//242 
f 233//233 245//245 246//246 
f 233//233 247//247 243//243 
f 239//239 248//248 249//249 
f 250//250 251//251 252//252 
f 253//253 254//254 255//255 
f 256//256 257//257 258//258 
f 256//256 259//259 260//260 
f 261//261 262//262 263//263 
f 246//246 264//264 265//265 
f 246//246 266//266 267//267 
f 246//246 268//268 269//269 
f 246//246 244//244 233//233 
f 249//249 270//270 239//239 
f 271//271 272//272 273//273 
f 252//252 274//274 250//250 
f 255//255 275//275 253//253 
f 260//260 257//257 256//256 
f 261//261 276//276 262//262 
f 261//261 277//277 278//278 
f 246//246 279//279 264//264 
f 267//267 280//280 246//246 
f 246//246 245//245 268//268 
f 239//239 270//270 233//233 
f 273//273 281//281 248//248 
f 273//273 282//282 271//271 
f 283//283 271//271 284//284 
f 251//251 285//285 252//252 
f 286//286 287//287 288//288 
f 289//289 290//290 291//291 
f 254//254 289//289 255//255 
f 258//258 292//292 256//256 
f 261//261 293//293 294//294 
f 278//278 276//276 261//261 
f 265//265 295//295 246//246 
f 280//280 296//296 246//246 
f 235//235 247//247 233//233 
f 273//273 297//297 281//281 
f 284//284 250//250 283//283 
f 251//251 298//298 285//285 
f 251//251 299//299 300//300 
f 251//251 301//301 302//302 
f 288//288 303//303 286//286 
f 259//259 304//304 305//305 
f 259//259 256//256 306//306 
f 289//289 254//254 290//290 
f 292//292 253//253 256//256 
f 263//263 293//293 261//261 
f 261//261 307//307 308//308 
f 309//309 310//310 311//311 
f 265//265 312//312 295//295 
f 267//267 307//307 280//280 
f 248//248 239//239 273//273 
f 282//282 284//284 271//271 
f 300//300 298//298 251//251 
f 302//302 313//313 251//251 
f 314//314 315//315 316//316 
f 314//314 317//317 318//318 
f 303//303 319//319 286//286 
f 259//259 320//320 304//304 
f 306//306 321//321 259//259 
f 275//275 256//256 253//253 
f 308//308 277//277 261//261 
f 309//309 322//322 323//323 
f 309//309 324//324 325//325 
f 309//309 326//326 310//310 
f 265//265 327//327 312//312 
f 246//246 328//328 266//266 
f 246//246 329//329 330//330 
f 272//272 297//297 273//273 
f 313//313 299//299 251//251 
f 317//317 331//331 332//332 
f 317//317 314//314 333//333 
f 318//318 315//315 314//314 
f 319//319 334//334 286//286 
f 335//335 336//336 337//337 
f 307//307 338//338 339//339 
f 321//321 320//320 259//259 
f 294//294 289//289 261//261 
f 309//309 340//340 322//322 
f 311//311 324//324 309//309 
f 296//296 279//279 246//246 
f 246//246 341//341 342//342 
f 330//330 343//343 246//246 
f 274//274 283//283 250//250 
f 251//251 317//317 344//344 
f 317//317 345//345 331//331 
f 317//317 346//346 347//347 
f 316//316 348//348 314//314 
f 316//316 349//349 350//350 
f 351//351 352//352 353//353 
f 286//286 354//354 355//355 
f 334//334 356//356 286//286 
f 335//335 357//357 358//358 
f 335//335 359//359 336//336 
f 246//246 360//360 361//361 
f 339//339 362//362 307//307 
f 307//307 363//363 364//364 
f 251//251 365//365 326//326 
f 326//326 366//366 367//367 
f 291//291 261//261 289//289 
f 325//325 340//340 309//309 
f 342//342 328//328 246//246 
f 269//269 329//329 246//246 
f 251//251 368//368 369//369 
f 332//332 344//344 317//317 
f 333//333 346//346 317//317 
f 316//316 370//370 349//349 
f 316//316 371//371 372//372 
f 373//373 374//374 375//375 
f 351//351 375//375 352//352 
f 355//355 376//376 286//286 
f 286//286 377//377 335//335 
f 356//356 378//378 286//286 
f 337//337 357//357 335//335 
f 335//335 379//379 380//380 
f 361//361 335//335 246//246 
f 364//364 338//338 307//307 
f 307//307 381//381 382//382 
f 307//307 261//261 383//383 
f 326//326 384//384 251//251 
f 326//326 385//385 386//386 
f 326//326 309//309 366//366 
f 323//323 259//259 309//309 
f 343//343 341//341 246//246 
f 251//251 387//387 368//368 
f 317//317 388//388 345//345 
f 347//347 389//389 317//317 
f 372//372 370//370 316//316 
f 353//353 390//390 351//351 
f 353//353 355//355 391//391 
f 376//376 392//392 286//286 
f 378//378 377//377 286//286 
f 380//380 359//359 335//335 
f 361//361 393//393 335//335 
f 246//246 394//394 395//395 
f 246//246 396//396 397//397 
f 382//382 363//363 307//307 
f 383//383 398//398 307//307 
f 386//386 384//384 326//326 
f 305//305 309//309 259//259 
f 246//246 399//399 400//400 
f 369//369 301//301 251//251 
f 344//344 401//401 251//251 
f 317//317 402//402 403//403 
f 316//316 404//404 348//348 
f 316//316 405//405 371//371 
f 406//406 407//407 408//408 
f 406//406 409//409 410//410 
f 374//374 411//411 412//412 
f 353//353 413//413 390//390 
f 391//391 414//414 353//353 
f 392//392 415//415 286//286 
f 335//335 416//416 417//417 
f 393//393 379//379 335//335 
f 397//397 394//394 246//246 
f 398//398 381//381 307//307 
f 367//367 385//385 326//326 
f 246//246 295//295 399//399 
f 251//251 418//418 387//387 
f 419//419 265//265 420//420 
f 420//420 421//421 422//422 
f 403//403 388//388 317//317 
f 350//350 404//404 316//316 
f 408//408 423//423 406//406 
f 406//406 424//424 425//425 
f 406//406 426//426 409//409 
f 406//406 412//412 427//427 
f 374//374 373//373 411//411 
f 414//414 413//413 353//353 
f 335//335 417//417 286//286 
f 395//395 360//360 246//246 
f 384//384 428//428 251//251 
f 265//265 419//419 327//327 
f 422//422 429//429 420//420 
f 389//389 402//402 317//317 
f 316//316 430//430 431//431 
f 251//251 432//432 433//433 
f 251//251 406//406 434//434 
f 425//425 407//407 406//406 
f 427//427 426//426 406//406 
f 375//375 351//351 373//373 
f 358//358 416//416 335//335 
f 246//246 435//435 436//436 
f 362//362 280//280 307//307 
f 420//420 429//429 419//419 
f 420//420 316//316 437//437 
f 431//431 405//405 316//316 
f 316//316 420//420 438//438 
f 434//434 432//432 251//251 
f 423//423 439//439 406//406 
f 412//412 406//406 374//374 
f 355//355 354//354 440//440 
f 436//436 396//396 246//246 
f 400//400 435//435 246//246 
f 437//437 441//441 420//420 
f 438//438 430//430 316//316 
f 406//406 442//442 434//434 
f 410//410 424//424 406//406 
f 415//415 287//287 286//286 
f 441//441 421//421 420//420 
f 433//433 317//317 251//251 
f 440//440 391//391 355//355 
f 401//401 365//365 251//251 
f 428//428 418//418 251//251 
f 439//439 442//442 406//406 
v -0.0173786 0.0192189 0.0608238 
v -0.0190691 0.0194285 0.0571985 
v -0.0190794 0.0192154 0.0572033 
v -0.0173478 0.0194296 0.0608094 
v -0.0190383 0.0196392 0.0571842 
v -0.017297 0.0196355 0.0607857 
v -0.0172266 0.0198342 0.0607529 
v -0.018917 0.0200438 0.0571276 
v -0.0189874 0.0198451 0.0571605 
v -0.0171374 0.0200235 0.0607113 
v -0.0188279 0.0202331 0.0570861 
v -0.0170305 0.0202013 0.0606614 
v -0.0169071 0.0203655 0.0606039 
v -0.0185976 0.0205751 0.0569787 
v -0.018721 0.0204109 0.0570362 
v -0.0167686 0.0205142 0.0605393 
v -0.0184591 0.0207239 0.0569141 
v -0.0166166 0.0206458 0.0604684 
v -0.0164527 0.0207588 0.060392 
v -0.0181432 0.0209685 0.0567668 
v -0.0183071 0.0208555 0.0568432 
v -0.0162789 0.0208519 0.060311 
v -0.0179694 0.0210616 0.0566857 
v -0.0160971 0.0209241 0.0602262 
v -0.0177876 0.0211337 0.056601 
v -0.0173889 0.0190058 0.0608286 
vn -0.898809 0.106264 0.425266 
vn -0.898809 0.106264 0.425266 
vn -0.906308 -2.00239e-15 0.422618 
vn -0.881103 0.211321 0.423085 
vn -0.881103 0.211321 0.423085 
vn -0.853392 0.313979 0.416099 
vn -0.815991 0.413071 0.404389 
vn -0.815991 0.413071 0.404389 
vn -0.853392 0.313979 0.416099 
vn -0.769324 0.507473 0.388087 
vn -0.769324 0.507473 0.388087 
vn -0.713921 0.596112 0.367378 
vn -0.650412 0.677983 0.342497 
vn -0.650412 0.677983 0.342497 
vn -0.713921 0.596112 0.367378 
vn -0.579516 0.752154 0.313727 
vn -0.579516 0.752154 0.313727 
vn -0.502041 0.817785 0.281394 
vn -0.418864 0.87413 0.245867 
vn -0.418864 0.87413 0.245867 
vn -0.502041 0.817785 0.281394 
vn -0.330931 0.920548 0.207547 
vn -0.330931 0.920548 0.207547 
vn -0.23924 0.956514 0.166871 
vn -0.23924 0.956514 0.166871 
vn -0.906308 -1.86483e-14 0.422618 
f 443//443 444//444 445//445 
f 444//444 443//443 446//446 
f 447//447 446//446 448//448 
f 449//449 450//450 451//451 
f 450//450 449//449 452//452 
f 453//453 452//452 454//454 
f 455//455 456//456 457//457 
f 456//456 455//455 458//458 
f 459//459 458//458 460//460 
f 461//461 462//462 463//463 
f 464//464 465//465 462//462 
f 466//466 467//467 465//465 
f 465//465 464//464 466//466 
f 462//462 461//461 464//464 
f 463//463 460//460 461//461 
f 460//460 463//463 459//459 
f 458//458 459//459 456//456 
f 457//457 454//454 455//455 
f 454//454 457//457 453//453 
f 452//452 453//453 450//450 
f 451//451 448//448 449//449 
f 448//448 451//451 447//447 
f 446//446 447//447 444//444 
f 445//445 468//468 443//443 
v -0.0179694 -0.0210616 0.0566857 
v -0.0177876 -0.0211337 0.056601 
v -0.0160971 -0.0209241 0.0602262 
v -0.0162789 -0.0208519 0.060311 
v -0.0164527 -0.0207588 0.060392 
v -0.0181432 -0.0209685 0.0567668 
v -0.0166166 -0.0206458 0.0604684 
v -0.0183071 -0.0208555 0.0568432 
v -0.0184591 -0.0207239 0.0569141 
v -0.0185976 -0.0205751 0.0569787 
v -0.0167686 -0.0205142 0.0605393 
v -0.0169071 -0.0203655 0.0606039 
v -0.0170305 -0.0202013 0.0606614 
v -0.018721 -0.0204109 0.0570362 
v -0.0188279 -0.0202331 0.0570861 
v -0.018917 -0.0200438 0.0571276 
v -0.0171374 -0.0200235 0.0607113 
v -0.0172266 -0.0198342 0.0607529 
v -0.017297 -0.0196355 0.0607857 
v -0.0189874 -0.0198451 0.0571605 
v -0.0190383 -0.0196392 0.0571842 
v -0.0190691 -0.0194285 0.0571985 
v -0.0173478 -0.0194296 0.0608094 
v -0.0173786 -0.0192189 0.0608238 
v -0.0173889 -0.0190058 0.0608286 
v -0.0190794 -0.0192154 0.0572033 
vn -0.330931 -0.920548 0.207547 
vn -0.23924 -0.956514 0.166871 
vn -0.23924 -0.956514 0.166871 
vn -0.330931 -0.920548 0.207547 
vn -0.418864 -0.87413 0.245867 
vn -0.418864 -0.87413 0.245867 
vn -0.502041 -0.817785 0.281394 
vn -0.502041 -0.817785 0.281394 
vn -0.579516 -0.752154 0.313727 
vn -0.650412 -0.677983 0.342497 
vn -0.579516 -0.752154 0.313727 
vn -0.650412 -0.677983 0.342497 
vn -0.713921 -0.596112 0.367378 
vn -0.713921 -0.596112 0.367378 
vn -0.769324 -0.507473 0.388087 
vn -0.815991 -0.413071 0.404389 
vn -0.769324 -0.507473 0.388087 
vn -0.815991 -0.413071 0.404389 
vn -0.853392 -0.313979 0.416099 
vn -0.853392 -0.313979 0.416099 
vn -0.881103 -0.211321 0.423085 
vn -0.898809 -0.106264 0.425266 
vn -0.881103 -0.211321 0.423085 
vn -0.898809 -0.106264 0.425266 
vn -0.906308 1.86483e-14 0.422618 
vn -0.906308 1.86483e-14 0.422618 
f 469//469 470//470 471//471 
f 472//472 473//473 474//474 
f 473//473 475//475 476//476 
f 477//477 476//476 475//475 
f 478//478 477//477 479//479 
f 480//480 481//481 482//482 
f 483//483 482//482 481//481 
f 484//484 483//483 485//485 
f 486//486 487//487 488//488 
f 489//489 488//488 487//487 
f 490//490 489//489 491//491 
f 492//492 493//493 494//494 
f 494//494 490//490 492//492 
f 491//491 492//492 490//490 
f 487//487 491//491 489//489 
f 488//488 484//484 486//486 
f 485//485 486//486 484//484 
f 481//481 485//485 483//483 
f 482//482 478//478 480//480 
f 479//479 480//480 478//478 
f 475//475 479//479 477//477 
f 476//476 474//474 473//473 
f 474//474 469//469 472//472 
f 471//471 472//472 469//469 
v -0.00934508 0.0231621 0.0570777 
v -0.0110356 0.0233718 0.0534524 
v -0.0177876 0.0211337 0.056601 
v -0.0160971 0.0209241 0.0602262 
vn -0.23924 0.956514 0.166871 
vn -0.23924 0.956514 0.166871 
vn -0.23924 0.956514 0.166871 
vn -0.23924 0.956514 0.166871 
f 495//495 496//496 497//497 
f 497//497 498//498 495//495 
v -0.0110356 0.0233718 0.0534524 
v -0.00934508 0.0231621 0.0570777 
v -0.00866162 0.0233493 0.056759 
v -0.0103521 0.0235589 0.0531337 
v -0.00796496 0.0234622 0.0564341 
v -0.00726167 0.0235 0.0561062 
v -0.00895215 0.0237096 0.0524809 
v -0.00965544 0.0236719 0.0528089 
vn -0.23924 0.956514 0.166871 
vn -0.23924 0.956514 0.166871 
vn -0.153292 0.979838 0.128141 
vn -0.153292 0.979838 0.128141 
vn -0.0658976 0.99392 0.0882026 
vn 0.0221181 0.99863 0.0474325 
vn 0.0221181 0.99863 0.0474325 
vn -0.0658976 0.99392 0.0882026 
f 499//499 500//500 501//501 
f 502//502 501//501 503//503 
f 504//504 505//505 506//506 
f 506//506 503//503 504//504 
f 503//503 506//506 502//502 
f 501//501 502//502 499//499 
v -0.00934508 -0.0231621 0.0570777 
v -0.0160971 -0.0209241 0.0602262 
v -0.0177876 -0.0211337 0.056601 
v -0.0110356 -0.0233718 0.0534524 
vn -0.23924 -0.956514 0.166871 
vn -0.23924 -0.956514 0.166871 
vn -0.23924 -0.956514 0.166871 
vn -0.23924 -0.956514 0.166871 
f 507//507 508//508 509//509 
f 509//509 510//510 507//507 
v -0.00726167 -0.0235 0.0561062 
v -0.00796496 -0.0234622 0.0564341 
v -0.00965544 -0.0236719 0.0528089 
v -0.00866162 -0.0233493 0.056759 
v -0.0103521 -0.0235589 0.0531337 
v -0.00934508 -0.0231621 0.0570777 
v -0.0110356 -0.0233718 0.0534524 
v -0.00895215 -0.0237096 0.0524809 
vn 0.0221181 -0.99863 0.0474325 
vn -0.0658976 -0.99392 0.0882026 
vn -0.0658976 -0.99392 0.0882026 
vn -0.153292 -0.979838 0.128141 
vn -0.153292 -0.979838 0.128141 
vn -0.23924 -0.956514 0.166871 
vn -0.23924 -0.956514 0.166871 
vn 0.0221181 -0.99863 0.0474325 
f 511//511 512//512 513//513 
f 512//512 514//514 515//515 
f 514//514 516//516 517//517 
f 517//517 515//515 514//514 
f 515//515 513//513 512//512 
f 513//513 518//518 511//511 
v -0.0190794 -0.0192154 0.0572033 
v -0.0173889 -0.0190058 0.0608286 
v -0.0173889 0.0190058 0.0608286 
v -0.0190794 0.0192154 0.0572033 
vn -0.906308 0 0.422618 
vn -0.906308 0 0.422618 
vn -0.906308 0 0.422618 
vn -0.906308 0 0.422618 
f 519//519 520//520 521//521 
f 521//521 522//522 519//519 
v -0.00722762 -0.00190541 0.0560903 
v -0.00704951 -0.00171925 0.0560072 
v -0.00873998 -0.00171925 0.052382 
v -0.00742293 -0.00206922 0.0561813 
v -0.00891809 -0.00190541 0.052465 
v -0.00763314 -0.00220878 0.0562794 
v -0.0091134 -0.00206922 0.0525561 
v -0.0078558 -0.00232244 0.0563832 
v -0.00932361 -0.00220878 0.0526541 
v -0.00808829 -0.00240887 0.0564916 
v -0.00954627 -0.00232244 0.052758 
v -0.00832789 -0.00246707 0.0566033 
v -0.00977876 -0.00240887 0.0528664 
v -0.00857178 -0.00249633 0.0567171 
v -0.0100184 -0.00246707 0.0529781 
v -0.00881711 -0.00249633 0.0568315 
v -0.0102623 -0.00249633 0.0530918 
v -0.00906101 -0.00246707 0.0569452 
v -0.0105076 -0.00249633 0.0532062 
v -0.0093006 -0.00240887 0.0570569 
v -0.0107515 -0.00246707 0.05332 
v -0.00953309 -0.00232244 0.0571653 
v -0.0109911 -0.00240887 0.0534317 
v -0.00975575 -0.00220878 0.0572692 
v -0.0112236 -0.00232244 0.0535401 
v -0.00996597 -0.00206922 0.0573672 
v -0.0114462 -0.00220878 0.0536439 
v -0.0101613 -0.00190541 0.0574583 
v -0.0116564 -0.00206922 0.053742 
v -0.0103394 -0.00171925 0.0575413 
v -0.0118517 -0.00190541 0.053833 
v -0.0104982 -0.00151294 0.0576154 
v -0.0120299 -0.00171925 0.0539161 
v -0.0106359 -0.00128888 0.0576796 
v -0.0121887 -0.00151294 0.0539901 
v -0.0107508 -0.00104972 0.0577332 
v -0.0123264 -0.00128888 0.0540543 
v -0.0108416 -0.000798254 0.0577755 
v -0.0124413 -0.00104972 0.0541079 
v -0.0109072 -0.000537426 0.0578061 
v -0.0125321 -0.000798254 0.0541503 
v -0.0109469 -0.000270298 0.0578246 
v -0.0125977 -0.000537426 0.0541809 
v -0.0109602 4.59243e-19 0.0578308 
v -0.0126374 -0.000270298 0.0541994 
v -0.0109469 0.000270298 0.0578246 
v -0.0126507 4.59243e-19 0.0542056 
v -0.0109072 0.000537426 0.0578061 
v -0.0126374 0.000270298 0.0541994 
v -0.0108416 0.000798254 0.0577755 
v -0.0125977 0.000537426 0.0541809 
v -0.0107508 0.00104972 0.0577332 
v -0.0125321 0.000798254 0.0541503 
v -0.0106359 0.00128888 0.0576796 
v -0.0124413 0.00104972 0.0541079 
v -0.0104982 0.00151294 0.0576154 
v -0.0123264 0.00128888 0.0540543 
v -0.0103394 0.00171925 0.0575413 
v -0.0121887 0.00151294 0.0539901 
v -0.0101613 0.00190541 0.0574583 
v -0.0120299 0.00171925 0.0539161 
v -0.00996597 0.00206922 0.0573672 
v -0.0118517 0.00190541 0.053833 
v -0.00975575 0.00220878 0.0572692 
v -0.0116564 0.00206922 0.053742 
v -0.00953309 0.00232244 0.0571653 
v -0.0114462 0.00220878 0.0536439 
v -0.0093006 0.00240887 0.0570569 
v -0.0112236 0.00232244 0.0535401 
v -0.00906101 0.00246707 0.0569452 
v -0.0109911 0.00240887 0.0534317 
v -0.00881711 0.00249633 0.0568315 
v -0.0107515 0.00246707 0.05332 
v -0.00857178 0.00249633 0.0567171 
v -0.0105076 0.00249633 0.0532062 
v -0.00832789 0.00246707 0.0566033 
v -0.0102623 0.00249633 0.0530918 
v -0.00808829 0.00240887 0.0564916 
v -0.0100184 0.00246707 0.0529781 
v -0.0078558 0.00232244 0.0563832 
v -0.00977876 0.00240887 0.0528664 
v -0.00763314 0.00220878 0.0562794 
v -0.00954627 0.00232244 0.052758 
v -0.00742293 0.00206922 0.0561813 
v -0.00932361 0.00220878 0.0526541 
v -0.00722762 0.00190541 0.0560903 
v -0.0091134 0.00206922 0.0525561 
v -0.00704951 0.00171925 0.0560072 
v -0.00891809 0.00190541 0.052465 
v -0.00873998 0.00171925 0.052382 
v -0.00861905 0.00156642 0.0523256 
v -0.00689068 0.00151294 0.0559332 
v -0.00675301 0.00128888 0.055869 
v -0.0085812 0.00151294 0.0523078 
v -0.00663809 0.00104972 0.0558154 
v -0.00844447 0.00128888 0.0522416 
v -0.00654728 0.000798254 0.055773 
v -0.00833128 0.00104972 0.0521843 
v -0.00648165 0.000537426 0.0557424 
v -0.00824243 0.000798254 0.0521378 
v -0.00644196 0.000270298 0.0557239 
v -0.00817855 0.000537426 0.0521034 
v -0.00642868 -4.59243e-19 0.0557177 
v -0.00814006 0.000270298 0.0520823 
v -0.0081272 0 0.0520752 
v -0.00814006 -0.000270298 0.0520823 
v -0.00644196 -0.000270298 0.0557239 
v -0.00817855 -0.000537426 0.0521034 
v -0.00648165 -0.000537426 0.0557424 
v -0.00824243 -0.000798254 0.0521378 
v -0.00654728 -0.000798254 0.055773 
v -0.00833128 -0.00104972 0.0521843 
v -0.00663809 -0.00104972 0.0558154 
v -0.00844447 -0.00128888 0.0522416 
v -0.00675301 -0.00128888 0.055869 
v -0.0085812 -0.00151294 0.0523078 
v -0.00689068 -0.00151294 0.0559332 
v -0.00861905 -0.00156642 0.0523256 
vn -0.586731 0.762162 0.273597 
vn -0.657975 0.687699 0.306819 
vn -0.657975 0.687699 0.306819 
vn -0.508608 0.827689 0.237168 
vn -0.586731 0.762162 0.273597 
vn -0.424522 0.883512 0.197958 
vn -0.508608 0.827689 0.237168 
vn -0.335459 0.928977 0.156427 
vn -0.424522 0.883512 0.197958 
vn -0.242463 0.96355 0.113062 
vn -0.335459 0.928977 0.156427 
vn -0.146624 0.986827 0.068372 
vn -0.242463 0.96355 0.113062 
vn -0.0490665 0.998533 0.0228801 
vn -0.146624 0.986827 0.068372 
vn 0.0490665 0.998533 -0.0228801 
vn -0.0490665 0.998533 0.0228801 
vn 0.146624 0.986827 -0.068372 
vn 0.0490665 0.998533 -0.0228801 
vn 0.242463 0.96355 -0.113062 
vn 0.146624 0.986827 -0.068372 
vn 0.335459 0.928977 -0.156427 
vn 0.242463 0.96355 -0.113062 
vn 0.424522 0.883512 -0.197958 
vn 0.335459 0.928977 -0.156427 
vn 0.508608 0.827689 -0.237168 
vn 0.424522 0.883512 -0.197958 
vn 0.586731 0.762162 -0.273597 
vn 0.508608 0.827689 -0.237168 
vn 0.657975 0.687699 -0.306819 
vn 0.586731 0.762162 -0.273597 
vn 0.721505 0.605174 -0.336443 
vn 0.657975 0.687699 -0.306819 
vn 0.776576 0.515554 -0.362123 
vn 0.721505 0.605174 -0.336443 
vn 0.822543 0.419889 -0.383558 
vn 0.776576 0.515554 -0.362123 
vn 0.858865 0.319302 -0.400496 
vn 0.822543 0.419889 -0.383558 
vn 0.885119 0.21497 -0.412738 
vn 0.858865 0.319302 -0.400496 
vn 0.900995 0.108119 -0.420141 
vn 0.885119 0.21497 -0.412738 
vn 0.906308 -1.22465e-16 -0.422618 
vn 0.900995 0.108119 -0.420141 
vn 0.900995 -0.108119 -0.420141 
vn 0.906308 -1.22465e-16 -0.422618 
vn 0.885119 -0.21497 -0.412738 
vn 0.900995 -0.108119 -0.420141 
vn 0.858865 -0.319302 -0.400496 
vn 0.885119 -0.21497 -0.412738 
vn 0.822543 -0.419889 -0.383558 
vn 0.858865 -0.319302 -0.400496 
vn 0.776576 -0.515554 -0.362123 
vn 0.822543 -0.419889 -0.383558 
vn 0.721505 -0.605174 -0.336443 
vn 0.776576 -0.515554 -0.362123 
vn 0.657975 -0.687699 -0.306819 
vn 0.721505 -0.605174 -0.336443 
vn 0.586731 -0.762162 -0.273597 
vn 0.657975 -0.687699 -0.306819 
vn 0.508608 -0.827689 -0.237168 
vn 0.586731 -0.762162 -0.273597 
vn 0.424522 -0.883512 -0.197958 
vn 0.508608 -0.827689 -0.237168 
vn 0.335459 -0.928977 -0.156427 
vn 0.424522 -0.883512 -0.197958 
vn 0.242463 -0.96355 -0.113062 
vn 0.335459 -0.928977 -0.156427 
vn 0.146624 -0.986827 -0.068372 
vn 0.242463 -0.96355 -0.113062 
vn 0.0490665 -0.998533 -0.0228801 
vn 0.146624 -0.986827 -0.068372 
vn -0.0490665 -0.998533 0.0228801 
vn 0.0490665 -0.998533 -0.0228801 
vn -0.146624 -0.986827 0.068372 
vn -0.0490665 -0.998533 0.0228801 
vn -0.242463 -0.96355 0.113062 
vn -0.146624 -0.986827 0.068372 
vn -0.335459 -0.928977 0.156427 
vn -0.242463 -0.96355 0.113062 
vn -0.424522 -0.883512 0.197958 
vn -0.335459 -0.928977 0.156427 
vn -0.508608 -0.827689 0.237168 
vn -0.424522 -0.883512 0.197958 
vn -0.586731 -0.762162 0.273597 
vn -0.508608 -0.827689 0.237168 
vn -0.657975 -0.687699 0.306819 
vn -0.586731 -0.762162 0.273597 
vn -0.657975 -0.687699 0.306819 
vn -0.706346 -0.626568 0.329375 
vn -0.721505 -0.605174 0.336443 
vn -0.776576 -0.515554 0.362123 
vn -0.721505 -0.605174 0.336443 
vn -0.822543 -0.419889 0.383558 
vn -0.776576 -0.515554 0.362123 
vn -0.858865 -0.319302 0.400496 
vn -0.822543 -0.419889 0.383558 
vn -0.885119 -0.21497 0.412738 
vn -0.858865 -0.319302 0.400496 
vn -0.900995 -0.108119 0.420141 
vn -0.885119 -0.21497 0.412738 
vn -0.906308 2.44929e-16 0.422618 
vn -0.900995 -0.108119 0.420141 
vn -0.906308 2.44929e-16 0.422618 
vn -0.900995 0.108119 0.420141 
vn -0.900995 0.108119 0.420141 
vn -0.885119 0.21497 0.412738 
vn -0.885119 0.21497 0.412738 
vn -0.858865 0.319302 0.400496 
vn -0.858865 0.319302 0.400496 
vn -0.822543 0.419889 0.383558 
vn -0.822543 0.419889 0.383558 
vn -0.776576 0.515554 0.362123 
vn -0.776576 0.515554 0.362123 
vn -0.721505 0.605174 0.336443 
vn -0.721505 0.605174 0.336443 
vn -0.706346 0.626568 0.329375 
f 523//523 524//524 525//525 
f 526//526 523//523 527//527 
f 528//528 526//526 529//529 
f 530//530 528//528 531//531 
f 532//532 530//530 533//533 
f 534//534 532//532 535//535 
f 536//536 534//534 537//537 
f 538//538 536//536 539//539 
f 540//540 538//538 541//541 
f 542//542 540//540 543//543 
f 544//544 542//542 545//545 
f 546//546 544//544 547//547 
f 548//548 546//546 549//549 
f 550//550 548//548 551//551 
f 552//552 550//550 553//553 
f 554//554 552//552 555//555 
f 556//556 554//554 557//557 
f 558//558 556//556 559//559 
f 560//560 558//558 561//561 
f 562//562 560//560 563//563 
f 564//564 562//562 565//565 
f 566//566 564//564 567//567 
f 568//568 566//566 569//569 
f 570//570 568//568 571//571 
f 572//572 570//570 573//573 
f 574//574 572//572 575//575 
f 576//576 574//574 577//577 
f 578//578 576//576 579//579 
f 580//580 578//578 581//581 
f 582//582 580//580 583//583 
f 584//584 582//582 585//585 
f 586//586 584//584 587//587 
f 588//588 586//586 589//589 
f 590//590 588//588 591//591 
f 592//592 590//590 593//593 
f 594//594 592//592 595//595 
f 596//596 594//594 597//597 
f 598//598 596//596 599//599 
f 600//600 598//598 601//601 
f 602//602 600//600 603//603 
f 604//604 602//602 605//605 
f 606//606 604//604 607//607 
f 608//608 606//606 609//609 
f 610//610 608//608 611//611 
f 610//610 612//612 613//613 
f 613//613 614//614 610//610 
f 615//615 614//614 616//616 
f 617//617 615//615 618//618 
f 619//619 617//617 620//620 
f 621//621 619//619 622//622 
f 623//623 621//621 624//624 
f 625//625 623//623 626//626 
f 625//625 627//627 628//628 
f 629//629 628//628 630//630 
f 631//631 630//630 632//632 
f 633//633 632//632 634//634 
f 635//635 634//634 636//636 
f 637//637 636//636 638//638 
f 524//524 639//639 640//640 
f 639//639 638//638 640//640 
f 640//640 525//525 524//524 
f 638//638 639//639 637//637 
f 636//636 637//637 635//635 
f 634//634 635//635 633//633 
f 632//632 633//633 631//631 
f 630//630 631//631 629//629 
f 628//628 629//629 625//625 
f 626//626 627//627 625//625 
f 624//624 626//626 623//623 
f 622//622 624//624 621//621 
f 620//620 622//622 619//619 
f 618//618 620//620 617//617 
f 616//616 618//618 615//615 
f 613//613 616//616 614//614 
f 611//611 612//612 610//610 
f 609//609 611//611 608//608 
f 607//607 609//609 606//606 
f 605//605 607//607 604//604 
f 603//603 605//605 602//602 
f 601//601 603//603 600//600 
f 599//599 601//601 598//598 
f 597//597 599//599 596//596 
f 595//595 597//597 594//594 
f 593//593 595//595 592//592 
f 591//591 593//593 590//590 
f 589//589 591//591 588//588 
f 587//587 589//589 586//586 
f 585//585 587//587 584//584 
f 583//583 585//585 582//582 
f 581//581 583//583 580//580 
f 579//579 581//581 578//578 
f 577//577 579//579 576//576 
f 575//575 577//577 574//574 
f 573//573 575//575 572//572 
f 571//571 573//573 570//570 
f 569//569 571//571 568//568 
f 567//567 569//569 566//566 
f 565//565 567//567 564//564 
f 563//563 565//565 562//562 
f 561//561 563//563 560//560 
f 559//559 561//561 558//558 
f 557//557 559//559 556//556 
f 555//555 557//557 554//554 
f 553//553 555//555 552//552 
f 551//551 553//553 550//550 
f 549//549 551//551 548//548 
f 547//547 549//549 546//546 
f 545//545 547//547 544//544 
f 543//543 545//545 542//542 
f 541//541 543//543 540//540 
f 539//539 541//541 538//538 
f 537//537 539//539 536//536 
f 535//535 537//537 534//534 
f 533//533 535//535 532//532 
f 531//531 533//533 530//530 
f 529//529 531//531 528//528 
f 527//527 529//529 526//526 
f 525//525 527//527 523//523 
v -0.0072078 -0.0101784 0.056081 
v -0.00719904 -0.00999998 0.0560769 
v -0.00880499 -0.00999998 0.052633 
v -0.007234 -0.0103547 0.0560932 
v -0.00881375 -0.0101784 0.0526371 
v -0.00727732 -0.0105268 0.0561134 
v -0.00883995 -0.0103547 0.0526493 
v -0.00733725 -0.0106928 0.0561414 
v -0.00888327 -0.0105268 0.0526695 
v -0.0074131 -0.0108506 0.0561768 
v -0.0089432 -0.0106928 0.0526974 
v -0.00750396 -0.0109985 0.0562191 
v -0.00901904 -0.0108506 0.0527328 
v -0.00760879 -0.0111347 0.056268 
v -0.00910991 -0.0109985 0.0527752 
v -0.00772634 -0.0112575 0.0563228 
v -0.00921474 -0.0111347 0.052824 
v -0.00785524 -0.0113657 0.0563829 
v -0.00933229 -0.0112575 0.0528789 
v -0.00799398 -0.0114578 0.0564476 
v -0.00946119 -0.0113657 0.052939 
v -0.00814094 -0.0115328 0.0565162 
v -0.00959993 -0.0114578 0.0530037 
v -0.00829438 -0.0115898 0.0565877 
v -0.00974689 -0.0115328 0.0530722 
v -0.00845252 -0.0116282 0.0566615 
v -0.00990033 -0.0115898 0.0531437 
v -0.00861349 -0.0116476 0.0567365 
v -0.0100585 -0.0116282 0.0532175 
v -0.00877541 -0.0116476 0.056812 
v -0.0102194 -0.0116476 0.0532925 
v -0.00893638 -0.0116282 0.0568871 
v -0.0103814 -0.0116476 0.053368 
v -0.00909451 -0.0115898 0.0569608 
v -0.0105423 -0.0116282 0.0534431 
v -0.00924795 -0.0115328 0.0570324 
v -0.0107005 -0.0115898 0.0535168 
v -0.00939491 -0.0114578 0.0571009 
v -0.0108539 -0.0115328 0.0535884 
v -0.00953365 -0.0113657 0.0571656 
v -0.0110009 -0.0114578 0.0536569 
v -0.00966255 -0.0112575 0.0572257 
v -0.0111396 -0.0113657 0.0537216 
v -0.00978011 -0.0111347 0.0572805 
v -0.0112685 -0.0112575 0.0537817 
v -0.00988493 -0.0109985 0.0573294 
v -0.0113861 -0.0111347 0.0538365 
v -0.0099758 -0.0108506 0.0573718 
v -0.0114909 -0.0109985 0.0538854 
v -0.0100516 -0.0106928 0.0574071 
v -0.0115817 -0.0108506 0.0539278 
v -0.0101116 -0.0105268 0.0574351 
v -0.0116576 -0.0106928 0.0539632 
v -0.0101549 -0.0103547 0.0574553 
v -0.0117175 -0.0105268 0.0539911 
v -0.0101811 -0.0101784 0.0574675 
v -0.0117608 -0.0103547 0.0540113 
v -0.0101899 -0.00999998 0.0574716 
v -0.011787 -0.0101784 0.0540235 
v -0.0101811 -0.00982158 0.0574675 
v -0.0117958 -0.00999998 0.0540276 
v -0.0101549 -0.00964528 0.0574553 
v -0.011787 -0.00982158 0.0540235 
v -0.0101116 -0.00947313 0.0574351 
v -0.0117608 -0.00964528 0.0540113 
v -0.0100516 -0.00930716 0.0574071 
v -0.0117175 -0.00947313 0.0539911 
v -0.0099758 -0.00914932 0.0573718 
v -0.0116576 -0.00930716 0.0539632 
v -0.00988493 -0.00900144 0.0573294 
v -0.0115817 -0.00914932 0.0539278 
v -0.00978011 -0.00886528 0.0572805 
v -0.0114909 -0.00900144 0.0538854 
v -0.00966255 -0.00874241 0.0572257 
v -0.0113861 -0.00886528 0.0538365 
v -0.00953365 -0.00863429 0.0571656 
v -0.0112685 -0.00874241 0.0537817 
v -0.00939491 -0.00854219 0.0571009 
v -0.0111396 -0.00863429 0.0537216 
v -0.00924795 -0.00846717 0.0570324 
v -0.0110009 -0.00854219 0.0536569 
v -0.00909451 -0.00841012 0.0569608 
v -0.0108539 -0.00846717 0.0535884 
v -0.00893638 -0.00837172 0.0568871 
v -0.0107005 -0.00841012 0.0535168 
v -0.00877541 -0.0083524 0.056812 
v -0.0105423 -0.00837172 0.0534431 
v -0.00861349 -0.0083524 0.0567365 
v -0.0103814 -0.0083524 0.053368 
v -0.00845252 -0.00837172 0.0566615 
v -0.0102194 -0.0083524 0.0532925 
v -0.00829438 -0.00841012 0.0565877 
v -0.0100585 -0.00837172 0.0532175 
v -0.00814094 -0.00846717 0.0565162 
v -0.00990033 -0.00841012 0.0531437 
v -0.00799398 -0.00854219 0.0564476 
v -0.00974689 -0.00846717 0.0530722 
v -0.00785524 -0.00863429 0.0563829 
v -0.00959993 -0.00854219 0.0530037 
v -0.00772634 -0.00874241 0.0563228 
v -0.00946119 -0.00863429 0.052939 
v -0.00760879 -0.00886528 0.056268 
v -0.00933229 -0.00874241 0.0528789 
v -0.00750396 -0.00900144 0.0562191 
v -0.00921474 -0.00886528 0.052824 
v -0.0074131 -0.00914932 0.0561768 
v -0.00910991 -0.00900144 0.0527752 
v -0.00733725 -0.00930716 0.0561414 
v -0.00901904 -0.00914932 0.0527328 
v -0.00727732 -0.00947313 0.0561134 
v -0.0089432 -0.00930716 0.0526974 
v -0.007234 -0.00964528 0.0560932 
v -0.00888327 -0.00947313 0.0526695 
v -0.0072078 -0.00982158 0.056081 
v -0.00883995 -0.00964528 0.0526493 
v -0.00881375 -0.00982158 0.0526371 
vn -0.900995 0.108119 0.420141 
vn -0.906308 2.44929e-16 0.422618 
vn -0.906308 2.44929e-16 0.422618 
vn -0.885119 0.21497 0.412738 
vn -0.900995 0.108119 0.420141 
vn -0.858865 0.319302 0.400496 
vn -0.885119 0.21497 0.412738 
vn -0.822543 0.419889 0.383558 
vn -0.858865 0.319302 0.400496 
vn -0.776576 0.515554 0.362123 
vn -0.822543 0.419889 0.383558 
vn -0.721505 0.605174 0.336443 
vn -0.776576 0.515554 0.362123 
vn -0.657975 0.687699 0.306819 
vn -0.721505 0.605174 0.336443 
vn -0.586731 0.762162 0.273597 
vn -0.657975 0.687699 0.306819 
vn -0.508608 0.827689 0.237168 
vn -0.586731 0.762162 0.273597 
vn -0.424522 0.883512 0.197958 
vn -0.508608 0.827689 0.237168 
vn -0.335459 0.928977 0.156427 
vn -0.424522 0.883512 0.197958 
vn -0.242463 0.96355 0.113062 
vn -0.335459 0.928977 0.156427 
vn -0.146624 0.986827 0.068372 
vn -0.242463 0.96355 0.113062 
vn -0.0490665 0.998533 0.0228801 
vn -0.146624 0.986827 0.068372 
vn 0.0490665 0.998533 -0.0228801 
vn -0.0490665 0.998533 0.0228801 
vn 0.146624 0.986827 -0.068372 
vn 0.0490665 0.998533 -0.0228801 
vn 0.242463 0.96355 -0.113062 
vn 0.146624 0.986827 -0.068372 
vn 0.335459 0.928977 -0.156427 
vn 0.242463 0.96355 -0.113062 
vn 0.424522 0.883512 -0.197958 
vn 0.335459 0.928977 -0.156427 
vn 0.508608 0.827689 -0.237168 
vn 0.424522 0.883512 -0.197958 
vn 0.586731 0.762162 -0.273597 
vn 0.508608 0.827689 -0.237168 
vn 0.657975 0.687699 -0.306819 
vn 0.586731 0.762162 -0.273597 
vn 0.721505 0.605174 -0.336443 
vn 0.657975 0.687699 -0.306819 
vn 0.776576 0.515554 -0.362123 
vn 0.721505 0.605174 -0.336443 
vn 0.822543 0.419889 -0.383558 
vn 0.776576 0.515554 -0.362123 
vn 0.858865 0.319302 -0.400496 
vn 0.822543 0.419889 -0.383558 
vn 0.885119 0.21497 -0.412738 
vn 0.858865 0.319302 -0.400496 
vn 0.900995 0.108119 -0.420141 
vn 0.885119 0.21497 -0.412738 
vn 0.906308 -1.22465e-16 -0.422618 
vn 0.900995 0.108119 -0.420141 
vn 0.900995 -0.108119 -0.420141 
vn 0.906308 -1.22465e-16 -0.422618 
vn 0.885119 -0.21497 -0.412738 
vn 0.900995 -0.108119 -0.420141 
vn 0.858865 -0.319302 -0.400496 
vn 0.885119 -0.21497 -0.412738 
vn 0.822543 -0.419889 -0.383558 
vn 0.858865 -0.319302 -0.400496 
vn 0.776576 -0.515554 -0.362123 
vn 0.822543 -0.419889 -0.383558 
vn 0.721505 -0.605174 -0.336443 
vn 0.776576 -0.515554 -0.362123 
vn 0.657975 -0.687699 -0.306819 
vn 0.721505 -0.605174 -0.336443 
vn 0.586731 -0.762162 -0.273597 
vn 0.657975 -0.687699 -0.306819 
vn 0.508608 -0.827689 -0.237168 
vn 0.586731 -0.762162 -0.273597 
vn 0.424522 -0.883512 -0.197958 
vn 0.508608 -0.827689 -0.237168 
vn 0.335459 -0.928977 -0.156427 
vn 0.424522 -0.883512 -0.197958 
vn 0.242463 -0.96355 -0.113062 
vn 0.335459 -0.928977 -0.156427 
vn 0.146624 -0.986827 -0.068372 
vn 0.242463 -0.96355 -0.113062 
vn 0.0490665 -0.998533 -0.0228801 
vn 0.146624 -0.986827 -0.068372 
vn -0.0490665 -0.998533 0.0228801 
vn 0.0490665 -0.998533 -0.0228801 
vn -0.146624 -0.986827 0.068372 
vn -0.0490665 -0.998533 0.0228801 
vn -0.242463 -0.96355 0.113062 
vn -0.146624 -0.986827 0.068372 
vn -0.335459 -0.928977 0.156427 
vn -0.242463 -0.96355 0.113062 
vn -0.424522 -0.883512 0.197958 
vn -0.335459 -0.928977 0.156427 
vn -0.508608 -0.827689 0.237168 
vn -0.424522 -0.883512 0.197958 
vn -0.586731 -0.762162 0.273597 
vn -0.508608 -0.827689 0.237168 
vn -0.657975 -0.687699 0.306819 
vn -0.586731 -0.762162 0.273597 
vn -0.721505 -0.605174 0.336443 
vn -0.657975 -0.687699 0.306819 
vn -0.776576 -0.515554 0.362123 
vn -0.721505 -0.605174 0.336443 
vn -0.822543 -0.419889 0.383558 
vn -0.776576 -0.515554 0.362123 
vn -0.858865 -0.319302 0.400496 
vn -0.822543 -0.419889 0.383558 
vn -0.885119 -0.21497 0.412738 
vn -0.858865 -0.319302 0.400496 
vn -0.900995 -0.108119 0.420141 
vn -0.885119 -0.21497 0.412738 
vn -0.900995 -0.108119 0.420141 
f 641//641 642//642 643//643 
f 644//644 641//641 645//645 
f 646//646 644//644 647//647 
f 648//648 646//646 649//649 
f 650//650 648//648 651//651 
f 652//652 650//650 653//653 
f 654//654 652//652 655//655 
f 656//656 654//654 657//657 
f 658//658 656//656 659//659 
f 660//660 658//658 661//661 
f 662//662 660//660 663//663 
f 664//664 662//662 665//665 
f 666//666 664//664 667//667 
f 668//668 666//666 669//669 
f 670//670 668//668 671//671 
f 672//672 670//670 673//673 
f 674//674 672//672 675//675 
f 676//676 674//674 677//677 
f 678//678 676//676 679//679 
f 680//680 678//678 681//681 
f 682//682 680//680 683//683 
f 684//684 682//682 685//685 
f 686//686 684//684 687//687 
f 688//688 686//686 689//689 
f 690//690 688//688 691//691 
f 692//692 690//690 693//693 
f 694//694 692//692 695//695 
f 696//696 694//694 697//697 
f 698//698 696//696 699//699 
f 700//700 698//698 701//701 
f 702//702 700//700 703//703 
f 704//704 702//702 705//705 
f 706//706 704//704 707//707 
f 708//708 706//706 709//709 
f 710//710 708//708 711//711 
f 712//712 710//710 713//713 
f 714//714 712//712 715//715 
f 716//716 714//714 717//717 
f 718//718 716//716 719//719 
f 720//720 718//718 721//721 
f 722//722 720//720 723//723 
f 724//724 722//722 725//725 
f 726//726 724//724 727//727 
f 728//728 726//726 729//729 
f 730//730 728//728 731//731 
f 732//732 730//730 733//733 
f 734//734 732//732 735//735 
f 736//736 734//734 737//737 
f 738//738 736//736 739//739 
f 740//740 738//738 741//741 
f 742//742 740//740 743//743 
f 744//744 742//742 745//745 
f 746//746 744//744 747//747 
f 748//748 746//746 749//749 
f 750//750 748//748 751//751 
f 752//752 750//750 753//753 
f 754//754 752//752 755//755 
f 642//642 754//754 756//756 
f 756//756 643//643 642//642 
f 755//755 756//756 754//754 
f 753//753 755//755 752//752 
f 751//751 753//753 750//750 
f 749//749 751//751 748//748 
f 747//747 749//749 746//746 
f 745//745 747//747 744//744 
f 743//743 745//745 742//742 
f 741//741 743//743 740//740 
f 739//739 741//741 738//738 
f 737//737 739//739 736//736 
f 735//735 737//737 734//734 
f 733//733 735//735 732//732 
f 731//731 733//733 730//730 
f 729//729 731//731 728//728 
f 727//727 729//729 726//726 
f 725//725 727//727 724//724 
f 723//723 725//725 722//722 
f 721//721 723//723 720//720 
f 719//719 721//721 718//718 
f 717//717 719//719 716//716 
f 715//715 717//717 714//714 
f 713//713 715//715 712//712 
f 711//711 713//713 710//710 
f 709//709 711//711 708//708 
f 707//707 709//709 706//706 
f 705//705 707//707 704//704 
f 703//703 705//705 702//702 
f 701//701 703//703 700//700 
f 699//699 701//701 698//698 
f 697//697 699//699 696//696 
f 695//695 697//697 694//694 
f 693//693 695//695 692//692 
f 691//691 693//693 690//690 
f 689//689 691//691 688//688 
f 687//687 689//689 686//686 
f 685//685 687//687 684//684 
f 683//683 685//685 682//682 
f 681//681 683//683 680//680 
f 679//679 681//681 678//678 
f 677//677 679//679 676//676 
f 675//675 677//677 674//674 
f 673//673 675//675 672//672 
f 671//671 673//673 670//670 
f 669//669 671//671 668//668 
f 667//667 669//669 666//666 
f 665//665 667//667 664//664 
f 663//663 665//665 662//662 
f 661//661 663//663 660//660 
f 659//659 661//661 658//658 
f 657//657 659//659 656//656 
f 655//655 657//657 654//654 
f 653//653 655//655 652//652 
f 651//651 653//653 650//650 
f 649//649 651//651 648//648 
f 647//647 649//649 646//646 
f 645//645 647//647 644//644 
f 643//643 645//645 641//641 
v -0.0120616 -0.00999998 0.0539309 
v -0.0120518 -0.00979996 0.0539263 
v -0.011787 -0.00982158 0.0540235 
v -0.0120224 -0.00960228 0.0539126 
v -0.0117608 -0.00964528 0.0540113 
v -0.0119738 -0.00940927 0.05389 
v -0.0117175 -0.00947313 0.0539911 
v -0.0119066 -0.00922319 0.0538586 
v -0.0116576 -0.00930716 0.0539632 
v -0.0118216 -0.00904621 0.053819 
v -0.0115817 -0.00914932 0.0539278 
v -0.0117197 -0.00888041 0.0537715 
v -0.0114909 -0.00900144 0.0538854 
v -0.0116022 -0.00872774 0.0537166 
v -0.0113861 -0.00886528 0.0538365 
v -0.0114704 -0.00858998 0.0536552 
v -0.0112685 -0.00874241 0.0537817 
v -0.0113258 -0.00846876 0.0535878 
v -0.0111396 -0.00863429 0.0537216 
v -0.0111703 -0.00836548 0.0535153 
v -0.0110009 -0.00854219 0.0536569 
v -0.0110055 -0.00828137 0.0534384 
v -0.0108539 -0.00846717 0.0535884 
v -0.0108335 -0.00821741 0.0533582 
v -0.0107005 -0.00841012 0.0535168 
v -0.0106562 -0.00817435 0.0532755 
v -0.0105423 -0.00837172 0.0534431 
v -0.0104757 -0.00815269 0.0531914 
v -0.0103814 -0.0083524 0.053368 
v -0.0102941 -0.00815269 0.0531067 
v -0.0102194 -0.0083524 0.0532925 
v -0.0101137 -0.00817435 0.0530225 
v -0.0100585 -0.00837172 0.0532175 
v -0.00993636 -0.00821741 0.0529399 
v -0.00990033 -0.00841012 0.0531437 
v -0.00976432 -0.00828137 0.0528596 
v -0.00974689 -0.00846717 0.0530722 
v -0.00959955 -0.00836548 0.0527828 
v -0.00959993 -0.00854219 0.0530037 
v -0.00944399 -0.00846876 0.0527103 
v -0.00946119 -0.00863429 0.052939 
v -0.00929947 -0.00858998 0.0526429 
v -0.00933229 -0.00874241 0.0528789 
v -0.00916767 -0.00872774 0.0525814 
v -0.00921474 -0.00886528 0.052824 
v -0.00905013 -0.00888041 0.0525266 
v -0.00910991 -0.00900144 0.0527752 
v -0.00894825 -0.00904621 0.0524791 
v -0.00901904 -0.00914932 0.0527328 
v -0.00886322 -0.00922319 0.0524395 
v -0.0089432 -0.00930716 0.0526974 
v -0.00879602 -0.00940927 0.0524081 
v -0.00888327 -0.00947313 0.0526695 
v -0.00874745 -0.00960228 0.0523855 
v -0.00883995 -0.00964528 0.0526493 
v -0.00871808 -0.00979996 0.0523718 
v -0.00881375 -0.00982158 0.0526371 
v -0.00870825 -0.00999998 0.0523672 
v -0.00880499 -0.00999998 0.052633 
v -0.00871808 -0.0102 0.0523718 
v -0.00881375 -0.0101784 0.0526371 
v -0.00874745 -0.0103977 0.0523855 
v -0.00883995 -0.0103547 0.0526493 
v -0.00879602 -0.0105907 0.0524081 
v -0.00888327 -0.0105268 0.0526695 
v -0.00886322 -0.0107768 0.0524395 
v -0.0089432 -0.0106928 0.0526974 
v -0.00894825 -0.0109538 0.0524791 
v -0.00901904 -0.0108506 0.0527328 
v -0.00905013 -0.0111196 0.0525266 
v -0.00910991 -0.0109985 0.0527752 
v -0.00916767 -0.0112722 0.0525814 
v -0.00921474 -0.0111347 0.052824 
v -0.00929947 -0.01141 0.0526429 
v -0.00933229 -0.0112575 0.0528789 
v -0.00944399 -0.0115312 0.0527103 
v -0.00946119 -0.0113657 0.052939 
v -0.00959955 -0.0116345 0.0527828 
v -0.00959993 -0.0114578 0.0530037 
v -0.00976432 -0.0117186 0.0528596 
v -0.00974689 -0.0115328 0.0530722 
v -0.00993636 -0.0117825 0.0529399 
v -0.00990033 -0.0115898 0.0531437 
v -0.0101137 -0.0118256 0.0530225 
v -0.0100585 -0.0116282 0.0532175 
v -0.0102941 -0.0118473 0.0531067 
v -0.0102194 -0.0116476 0.0532925 
v -0.0104757 -0.0118473 0.0531914 
v -0.0103814 -0.0116476 0.053368 
v -0.0106562 -0.0118256 0.0532755 
v -0.0105423 -0.0116282 0.0534431 
v -0.0108335 -0.0117825 0.0533582 
v -0.0107005 -0.0115898 0.0535168 
v -0.0110055 -0.0117186 0.0534384 
v -0.0108539 -0.0115328 0.0535884 
v -0.0111703 -0.0116345 0.0535153 
v -0.0110009 -0.0114578 0.0536569 
v -0.0113258 -0.0115312 0.0535878 
v -0.0111396 -0.0113657 0.0537216 
v -0.0114704 -0.01141 0.0536552 
v -0.0112685 -0.0112575 0.0537817 
v -0.0116022 -0.0112722 0.0537166 
v -0.0113861 -0.0111347 0.0538365 
v -0.0117197 -0.0111196 0.0537715 
v -0.0114909 -0.0109985 0.0538854 
v -0.0118216 -0.0109538 0.053819 
v -0.0115817 -0.0108506 0.0539278 
v -0.0119066 -0.0107768 0.0538586 
v -0.0116576 -0.0106928 0.0539632 
v -0.0119738 -0.0105907 0.05389 
v -0.0117175 -0.0105268 0.0539911 
v -0.0120224 -0.0103977 0.0539126 
v -0.0117608 -0.0103547 0.0540113 
v -0.0120518 -0.0102 0.0539263 
v -0.011787 -0.0101784 0.0540235 
v -0.0117958 -0.00999998 0.0540276 
vn 0.34202 0 -0.939693 
vn 0.338263 -0.0764517 -0.937941 
vn 0.338263 -0.0764517 -0.937941 
vn 0.327037 -0.152007 -0.932706 
vn 0.327037 -0.152007 -0.932706 
vn 0.308473 -0.22578 -0.924049 
vn 0.308473 -0.22578 -0.924049 
vn 0.282789 -0.296906 -0.912073 
vn 0.282789 -0.296906 -0.912073 
vn 0.250286 -0.364552 -0.896916 
vn 0.250286 -0.364552 -0.896916 
vn 0.211345 -0.427923 -0.878758 
vn 0.211345 -0.427923 -0.878758 
vn 0.166423 -0.486277 -0.85781 
vn 0.166423 -0.486277 -0.85781 
vn 0.116045 -0.53893 -0.834319 
vn 0.116045 -0.53893 -0.834319 
vn 0.0608041 -0.585265 -0.808559 
vn 0.0608041 -0.585265 -0.808559 
vn 0.0013463 -0.624737 -0.780834 
vn 0.0013463 -0.624737 -0.780834 
vn -0.0616308 -0.656886 -0.751467 
vn -0.0616308 -0.656886 -0.751467 
vn -0.127389 -0.681333 -0.720804 
vn -0.127389 -0.681333 -0.720804 
vn -0.195157 -0.697792 -0.689203 
vn -0.195157 -0.697792 -0.689203 
vn -0.264141 -0.70607 -0.657035 
vn -0.264141 -0.70607 -0.657035 
vn -0.333532 -0.70607 -0.624678 
vn -0.333532 -0.70607 -0.624678 
vn -0.402515 -0.697792 -0.59251 
vn -0.402515 -0.697792 -0.59251 
vn -0.470283 -0.681333 -0.560909 
vn -0.470283 -0.681333 -0.560909 
vn -0.536042 -0.656886 -0.530246 
vn -0.536042 -0.656886 -0.530246 
vn -0.599019 -0.624737 -0.500879 
vn -0.599019 -0.624737 -0.500879 
vn -0.658477 -0.585265 -0.473153 
vn -0.658477 -0.585265 -0.473153 
vn -0.713718 -0.53893 -0.447394 
vn -0.713718 -0.53893 -0.447394 
vn -0.764095 -0.486277 -0.423903 
vn -0.764095 -0.486277 -0.423903 
vn -0.809018 -0.427923 -0.402955 
vn -0.809018 -0.427923 -0.402955 
vn -0.847959 -0.364552 -0.384796 
vn -0.847959 -0.364552 -0.384796 
vn -0.880462 -0.296906 -0.36964 
vn -0.880462 -0.296906 -0.36964 
vn -0.906146 -0.22578 -0.357663 
vn -0.906146 -0.22578 -0.357663 
vn -0.92471 -0.152007 -0.349007 
vn -0.92471 -0.152007 -0.349007 
vn -0.935936 -0.0764517 -0.343772 
vn -0.935936 -0.0764517 -0.343772 
vn -0.939693 1.47196e-16 -0.34202 
vn -0.939693 1.47196e-16 -0.34202 
vn -0.935936 0.0764517 -0.343772 
vn -0.935936 0.0764517 -0.343772 
vn -0.92471 0.152007 -0.349007 
vn -0.92471 0.152007 -0.349007 
vn -0.906146 0.22578 -0.357663 
vn -0.906146 0.22578 -0.357663 
vn -0.880462 0.296906 -0.36964 
vn -0.880462 0.296906 -0.36964 
vn -0.847959 0.364552 -0.384796 
vn -0.847959 0.364552 -0.384796 
vn -0.809018 0.427923 -0.402955 
vn -0.809018 0.427923 -0.402955 
vn -0.764095 0.486277 -0.423903 
vn -0.764095 0.486277 -0.423903 
vn -0.713718 0.53893 -0.447394 
vn -0.713718 0.53893 -0.447394 
vn -0.658477 0.585265 -0.473153 
vn -0.658477 0.585265 -0.473153 
vn -0.599019 0.624737 -0.500879 
vn -0.599019 0.624737 -0.500879 
vn -0.536042 0.656886 -0.530246 
vn -0.536042 0.656886 -0.530246 
vn -0.470283 0.681333 -0.560909 
vn -0.470283 0.681333 -0.560909 
vn -0.402515 0.697792 -0.59251 
vn -0.402515 0.697792 -0.59251 
vn -0.333532 0.70607 -0.624678 
vn -0.333532 0.70607 -0.624678 
vn -0.264141 0.70607 -0.657035 
vn -0.264141 0.70607 -0.657035 
vn -0.195157 0.697792 -0.689203 
vn -0.195157 0.697792 -0.689203 
vn -0.127389 0.681333 -0.720804 
vn -0.127389 0.681333 -0.720804 
vn -0.0616308 0.656886 -0.751467 
vn -0.0616308 0.656886 -0.751467 
vn 0.0013463 0.624737 -0.780834 
vn 0.0013463 0.624737 -0.780834 
vn 0.0608041 0.585265 -0.808559 
vn 0.0608041 0.585265 -0.808559 
vn 0.116045 0.53893 -0.834319 
vn 0.116045 0.53893 -0.834319 
vn 0.166423 0.486277 -0.85781 
vn 0.166423 0.486277 -0.85781 
vn 0.211345 0.427923 -0.878758 
vn 0.211345 0.427923 -0.878758 
vn 0.250286 0.364552 -0.896916 
vn 0.250286 0.364552 -0.896916 
vn 0.282789 0.296906 -0.912073 
vn 0.282789 0.296906 -0.912073 
vn 0.308473 0.22578 -0.924049 
vn 0.308473 0.22578 -0.924049 
vn 0.327037 0.152007 -0.932706 
vn 0.327037 0.152007 -0.932706 
vn 0.338263 0.0764517 -0.937941 
vn 0.338263 0.0764517 -0.937941 
vn 0.34202 0 -0.939693 
f 757//757 758//758 759//759 
f 758//758 760//760 761//761 
f 760//760 762//762 763//763 
f 762//762 764//764 765//765 
f 764//764 766//766 767//767 
f 766//766 768//768 769//769 
f 768//768 770//770 771//771 
f 770//770 772//772 773//773 
f 772//772 774//774 775//775 
f 774//774 776//776 777//777 
f 776//776 778//778 779//779 
f 778//778 780//780 781//781 
f 780//780 782//782 783//783 
f 782//782 784//784 785//785 
f 784//784 786//786 787//787 
f 786//786 788//788 789//789 
f 788//788 790//790 791//791 
f 790//790 792//792 793//793 
f 792//792 794//794 795//795 
f 794//794 796//796 797//797 
f 796//796 798//798 799//799 
f 798//798 800//800 801//801 
f 800//800 802//802 803//803 
f 802//802 804//804 805//805 
f 804//804 806//806 807//807 
f 806//806 808//808 809//809 
f 808//808 810//810 811//811 
f 810//810 812//812 813//813 
f 812//812 814//814 815//815 
f 814//814 816//816 817//817 
f 816//816 818//818 819//819 
f 818//818 820//820 821//821 
f 820//820 822//822 823//823 
f 822//822 824//824 825//825 
f 824//824 826//826 827//827 
f 826//826 828//828 829//829 
f 828//828 830//830 831//831 
f 830//830 832//832 833//833 
f 832//832 834//834 835//835 
f 834//834 836//836 837//837 
f 836//836 838//838 839//839 
f 838//838 840//840 841//841 
f 840//840 842//842 843//843 
f 842//842 844//844 845//845 
f 844//844 846//846 847//847 
f 846//846 848//848 849//849 
f 848//848 850//850 851//851 
f 850//850 852//852 853//853 
f 852//852 854//854 855//855 
f 854//854 856//856 857//857 
f 856//856 858//858 859//859 
f 858//858 860//860 861//861 
f 860//860 862//862 863//863 
f 862//862 864//864 865//865 
f 864//864 866//866 867//867 
f 866//866 868//868 869//869 
f 868//868 870//870 871//871 
f 870//870 757//757 872//872 
f 872//872 871//871 870//870 
f 871//871 869//869 868//868 
f 869//869 867//867 866//866 
f 867//867 865//865 864//864 
f 865//865 863//863 862//862 
f 863//863 861//861 860//860 
f 861//861 859//859 858//858 
f 859//859 857//857 856//856 
f 857//857 855//855 854//854 
f 855//855 853//853 852//852 
f 853//853 851//851 850//850 
f 851//851 849//849 848//848 
f 849//849 847//847 846//846 
f 847//847 845//845 844//844 
f 845//845 843//843 842//842 
f 843//843 841//841 840//840 
f 841//841 839//839 838//838 
f 839//839 837//837 836//836 
f 837//837 835//835 834//834 
f 835//835 833//833 832//832 
f 833//833 831//831 830//830 
f 831//831 829//829 828//828 
f 829//829 827//827 826//826 
f 827//827 825//825 824//824 
f 825//825 823//823 822//822 
f 823//823 821//821 820//820 
f 821//821 819//819 818//818 
f 819//819 817//817 816//816 
f 817//817 815//815 814//814 
f 815//815 813//813 812//812 
f 813//813 811//811 810//810 
f 811//811 809//809 808//808 
f 809//809 807//807 806//806 
f 807//807 805//805 804//804 
f 805//805 803//803 802//802 
f 803//803 801//801 800//800 
f 801//801 799//799 798//798 
f 799//799 797//797 796//796 
f 797//797 795//795 794//794 
f 795//795 793//793 792//792 
f 793//793 791//791 790//790 
f 791//791 789//789 788//788 
f 789//789 787//787 786//786 
f 787//787 785//785 784//784 
f 785//785 783//783 782//782 
f 783//783 781//781 780//780 
f 781//781 779//779 778//778 
f 779//779 777//777 776//776 
f 777//777 775//775 774//774 
f 775//775 773//773 772//772 
f 773//773 771//771 770//770 
f 771//771 769//769 768//768 
f 769//769 767//767 766//766 
f 767//767 765//765 764//764 
f 765//765 763//763 762//762 
f 763//763 761//761 760//760 
f 761//761 759//759 758//758 
f 759//759 872//872 757//757 
v -0.0190794 -0.0192154 0.0572033 
v -0.0126374 -0.000270298 0.0541994 
v -0.0119738 -0.00940927 0.05389 
v -0.0120224 -0.00960228 0.0539126 
v -0.0102623 0.00249633 0.0530918 
v -0.0105076 0.00249633 0.0532062 
v -0.0104757 0.00815269 0.0531914 
v -0.0120518 -0.00979996 0.0539263 
v -0.0118216 -0.00904621 0.053819 
v -0.0119066 -0.00922319 0.0538586 
v -0.0114704 -0.00858998 0.0536552 
v -0.0116022 -0.00872774 0.0537166 
v -0.0125977 -0.000537426 0.0541809 
v -0.0106562 0.00817435 0.0532755 
v -0.0107515 0.00246707 0.05332 
v -0.0109911 0.00240887 0.0534317 
v -0.0102623 -0.00249633 0.0530918 
v -0.0102941 -0.00815269 0.0531067 
v -0.0104757 -0.00815269 0.0531914 
v -0.0101137 -0.00817435 0.0530225 
v -0.0100184 -0.00246707 0.0529781 
v -0.0117197 -0.00888041 0.0537715 
v -0.0111703 -0.00836548 0.0535153 
v -0.0113258 -0.00846876 0.0535878 
v -0.0112236 0.00232244 0.0535401 
v -0.0102941 0.00815269 0.0531067 
v -0.0108335 0.00821741 0.0533582 
v -0.0116564 0.00206922 0.053742 
v -0.0105076 -0.00249633 0.0532062 
v -0.00977876 -0.00240887 0.0528664 
v -0.00993636 -0.00821741 0.0529399 
v -0.0114704 0.01141 0.0536552 
v -0.0188279 0.0202331 0.0570861 
v -0.018721 0.0204109 0.0570362 
v -0.00784028 -0.0110568 0.0519625 
v -0.00795207 -0.0113395 0.0520146 
v -0.00886322 -0.0107768 0.0524395 
v -0.00808958 -0.011608 0.0520787 
v -0.00894825 -0.0109538 0.0524791 
v -0.0101137 0.00817435 0.0530225 
v -0.00977876 0.00240887 0.0528664 
v -0.0100184 0.00246707 0.0529781 
v -0.00993636 0.00821741 0.0529399 
v -0.00932361 0.00220878 0.0526541 
v -0.00954627 0.00232244 0.052758 
v -0.0110055 -0.00828137 0.0534384 
v -0.0111703 0.00836548 0.0535153 
v -0.0123264 0.00128888 0.0540543 
v -0.0124413 0.00104972 0.0541079 
v -0.0114462 0.00220878 0.0536439 
v -0.0118517 0.00190541 0.053833 
v -0.0110055 0.00828137 0.0534384 
v -0.0108335 -0.00821741 0.0533582 
v -0.0118517 -0.00190541 0.053833 
v -0.0116564 -0.00206922 0.053742 
v -0.0106562 -0.00817435 0.0532755 
v -0.0109911 -0.00240887 0.0534317 
v -0.0107515 -0.00246707 0.05332 
v -0.0114462 -0.00220878 0.0536439 
v -0.00808958 0.011608 0.0520787 
v -0.00894825 0.0109538 0.0524791 
v -0.00905013 0.0111196 0.0525266 
v -0.00795207 0.0113395 0.0520146 
v -0.00886322 0.0107768 0.0524395 
v -0.018917 0.0200438 0.0571276 
v -0.0114704 -0.01141 0.0536552 
v -0.0185976 -0.0205751 0.0569787 
v -0.018721 -0.0204109 0.0570362 
v -0.00775539 -0.00923704 0.0519229 
v -0.00874745 -0.00960228 0.0523855 
v -0.00879602 -0.00940927 0.0524081 
v -0.00769829 -0.00953896 0.0518962 
v -0.00871808 -0.00979996 0.0523718 
v -0.00766959 -0.0101542 0.0518829 
v -0.00769829 -0.010461 0.0518962 
v -0.00871808 -0.0102 0.0523718 
v -0.00775539 -0.0107629 0.0519229 
v -0.00874745 -0.0103977 0.0523855 
v -0.00879602 -0.0105907 0.0524081 
v -0.00825134 -0.0118596 0.0521541 
v -0.00905013 -0.0111196 0.0525266 
v -0.0091134 0.00206922 0.0525561 
v -0.0126374 0.000270298 0.0541994 
v -0.0126507 4.59243e-19 0.0542056 
v -0.0125321 0.000798254 0.0541503 
v -0.0121887 0.00151294 0.0539901 
v -0.0120299 0.00171925 0.0539161 
v -0.0121887 -0.00151294 0.0539901 
v -0.0120299 -0.00171925 0.0539161 
v -0.0112236 -0.00232244 0.0535401 
v -0.00932361 -0.00220878 0.0526541 
v -0.0091134 -0.00206922 0.0525561 
v -0.00954627 -0.00232244 0.052758 
v -0.0119066 0.00922319 0.0538586 
v -0.0118216 0.00904621 0.053819 
v -0.00784028 0.0110568 0.0519625 
v -0.00879602 0.0105907 0.0524081 
v -0.00775539 0.0107629 0.0519229 
v -0.00874745 0.0103977 0.0523855 
v -0.00769829 0.010461 0.0518962 
v -0.00871808 0.0102 0.0523718 
v -0.00766959 0.00984576 0.0518829 
v -0.00769829 0.00953896 0.0518962 
v -0.00871808 0.00979996 0.0523718 
v -0.00784028 0.00894317 0.0519625 
v -0.00795207 0.00866048 0.0520146 
v -0.00886322 0.00922319 0.0524395 
v -0.00808958 0.00839194 0.0520787 
v -0.00894825 0.00904621 0.0524791 
v -0.0189874 0.0198451 0.0571605 
v -0.0113258 0.0115312 0.0535878 
v -0.0181432 0.0209685 0.0567668 
v -0.0179694 0.0210616 0.0566857 
v -0.0113258 -0.0115312 0.0535878 
v -0.0177876 -0.0211337 0.056601 
v -0.0179694 -0.0210616 0.0566857 
v -0.0188279 -0.0202331 0.0570861 
v -0.00808958 -0.00839194 0.0520787 
v -0.00894825 -0.00904621 0.0524791 
v -0.00905013 -0.00888041 0.0525266 
v -0.00795207 -0.00866048 0.0520146 
v -0.00886322 -0.00922319 0.0524395 
v -0.00784028 -0.00894317 0.0519625 
v -0.00766959 -0.00984576 0.0518829 
v -0.00870825 -0.00999998 0.0523672 
v -0.0125977 0.000537426 0.0541809 
v -0.00891809 -0.00190541 0.052465 
v -0.00873998 -0.00171925 0.052382 
v -0.0117197 0.00888041 0.0537715 
v -0.00766959 0.0101542 0.0518829 
v -0.00870825 0.00999998 0.0523672 
v -0.00775539 0.00923704 0.0519229 
v -0.00874745 0.00960228 0.0523855 
v -0.00879602 0.00940927 0.0524081 
v -0.00825134 0.00814041 0.0521541 
v -0.00905013 0.00888041 0.0525266 
v -0.0190383 0.0196392 0.0571842 
v -0.0183071 0.0208555 0.0568432 
v -0.0181432 -0.0209685 0.0567668 
v -0.018917 -0.0200438 0.0571276 
v -0.00891809 0.00190541 0.052465 
v -0.00861905 0.00156642 0.0523256 
v -0.00873998 0.00171925 0.052382 
v -0.0124413 -0.00104972 0.0541079 
v -0.0123264 -0.00128888 0.0540543 
v -0.0125321 -0.000798254 0.0541503 
v -0.0116022 0.00872774 0.0537166 
v -0.0120224 0.00960228 0.0539126 
v -0.0119738 0.00940927 0.05389 
v -0.0190794 0.0192154 0.0572033 
v -0.0120518 0.00979996 0.0539263 
v -0.00843566 0.0120914 0.0522401 
v -0.00916767 0.0112722 0.0525814 
v -0.00929947 0.01141 0.0526429 
v -0.00825134 0.0118596 0.0521541 
v -0.0190691 0.0194285 0.0571985 
v -0.0116022 0.0112722 0.0537166 
v -0.0184591 0.0207239 0.0569141 
v -0.0185976 0.0205751 0.0569787 
v -0.0110356 0.0233718 0.0534524 
v -0.0108335 0.0117825 0.0533582 
v -0.0110055 0.0117186 0.0534384 
v -0.0102941 0.0118473 0.0531067 
v -0.0104757 0.0118473 0.0531914 
v -0.0110356 -0.0233718 0.0534524 
v -0.0110055 -0.0117186 0.0534384 
v -0.0184591 -0.0207239 0.0569141 
v -0.0183071 -0.0208555 0.0568432 
v -0.0189874 -0.0198451 0.0571605 
v -0.00843566 -0.00790852 0.0522401 
v -0.00916767 -0.00872774 0.0525814 
v -0.00929947 -0.00858998 0.0526429 
v -0.00825134 -0.00814041 0.0521541 
v -0.00843566 -0.0120914 0.0522401 
v -0.00916767 -0.0112722 0.0525814 
v -0.00861905 -0.0122811 0.0523256 
v -0.00929947 -0.01141 0.0526429 
v -0.00959955 -0.0116345 0.0527828 
v -0.00944399 -0.0115312 0.0527103 
v -0.00861905 -0.00156642 0.0523256 
v -0.0120616 0.00999998 0.0539309 
v -0.00861905 0.0122811 0.0523256 
v -0.00944399 0.0115312 0.0527103 
v -0.0119738 0.0105907 0.05389 
v -0.0120224 0.0103977 0.0539126 
v -0.0118216 0.0109538 0.053819 
v -0.0119066 0.0107768 0.0538586 
v -0.0177876 0.0211337 0.056601 
v -0.0103521 0.0235589 0.0531337 
v -0.0101137 0.0118256 0.0530225 
v -0.00965544 0.0236719 0.0528089 
v -0.0102941 -0.0118473 0.0531067 
v -0.0103521 -0.0235589 0.0531337 
v -0.0108335 -0.0117825 0.0533582 
v -0.0190691 -0.0194285 0.0571985 
v -0.0190383 -0.0196392 0.0571842 
v -0.0119738 -0.0105907 0.05389 
v -0.0119066 -0.0107768 0.0538586 
v -0.00976432 -0.0117186 0.0528596 
v -0.0120616 -0.00999998 0.0539309 
v -0.0114704 0.00858998 0.0536552 
v -0.0113258 0.00846876 0.0535878 
v -0.0120518 0.0102 0.0539263 
v -0.0117197 0.0111196 0.0537715 
v -0.0111703 0.0116345 0.0535153 
v -0.0106562 0.0118256 0.0532755 
v -0.00895215 0.0237096 0.0524809 
v -0.00965544 -0.0236719 0.0528089 
v -0.0111703 -0.0116345 0.0535153 
v -0.0118216 -0.0109538 0.053819 
v -0.0117197 -0.0111196 0.0537715 
v -0.0120224 -0.0103977 0.0539126 
v -0.0120518 -0.0102 0.0539263 
v -0.00843566 0.00790852 0.0522401 
v -0.00916767 0.00872774 0.0525814 
v -0.00861905 0.00771882 0.0523256 
v -0.00929947 0.00858998 0.0526429 
v -0.00861905 0.0237096 0.0523256 
v -0.00993636 0.0117825 0.0529399 
v -0.0101137 -0.0118256 0.0530225 
v -0.00895215 -0.0237096 0.0524809 
v -0.0106562 -0.0118256 0.0532755 
v -0.0104757 -0.0118473 0.0531914 
v -0.0116022 -0.0112722 0.0537166 
v -0.00861905 -0.00771882 0.0523256 
v -0.00944399 -0.00846876 0.0527103 
v -0.00976432 0.00828137 0.0528596 
v -0.00959955 0.0116345 0.0527828 
v -0.00959955 0.00836548 0.0527828 
v -0.00944399 0.00846876 0.0527103 
v -0.00861905 -0.0237096 0.0523256 
v -0.00976432 -0.00828137 0.0528596 
v -0.00976432 0.0117186 0.0528596 
v -0.00959955 -0.00836548 0.0527828 
v -0.00993636 -0.0117825 0.0529399 
vn -0.422618 0 -0.906308 
vn -0.422618 0 -0.906308 
vn -0.422618 0 -0.906308 
vn -0.422618 0 -0.906308 
vn -0.422618 0 -0.906308 
vn -0.422618 0 -0.906308 
vn -0.422618 0 -0.906308 
vn -0.422618 0 -0.906308 
vn -0.422618 0 -0.906308 
vn -0.422618 0 -0.906308 
vn -0.422618 0 -0.906308 
vn -0.422618 0 -0.906308 
vn -0.422618 0 -0.906308 
vn -0.422618 0 -0.906308 
vn -0.422618 0 -0.906308 
vn -0.422618 0 -0.906308 
vn -0.422618 0 -0.906308 
vn -0.422618 0 -0.906308 
vn -0.422618 0 -0.906308 
vn -0.422618 0 -0.906308 
vn -0.422618 0 -0.906308 
vn -0.422618 0 -0.906308 
vn -0.422618 0 -0.906308 
vn -0.422618 0 -0.906308 
vn -0.422618 0 -0.906308 
vn -0.422618 0 -0.906308 
vn -0.422618 0 -0.906308 
vn -0.422618 0 -0.906308 
vn -0.422618 0 -0.906308 
vn -0.422618 0 -0.906308 
vn -0.422618 0 -0.906308 
vn -0.422618 0 -0.906308 
vn -0.422618 0 -0.906308 
vn -0.422618 0 -0.906308 
vn -0.422618 0 -0.906308 
vn -0.422618 0 -0.906308 
vn -0.422618 0 -0.906308 
vn -0.422618 0 -0.906308 
vn -0.422618 0 -0.906308 
vn -0.422618 0 -0.906308 
vn -0.422618 0 -0.906308 
vn -0.422618 0 -0.906308 
vn -0.422618 0 -0.906308 
vn -0.422618 0 -0.906308 
vn -0.422618 0 -0.906308 
vn -0.422618 0 -0.906308 
vn -0.422618 0 -0.906308 
vn -0.422618 0 -0.906308 
vn -0.422618 0 -0.906308 
vn -0.422618 0 -0.906308 
vn -0.422618 0 -0.906308 
vn -0.422618 0 -0.906308 
vn -0.422618 0 -0.906308 
vn -0.422618 0 -0.906308 
vn -0.422618 0 -0.906308 
vn -0.422618 0 -0.906308 
vn -0.422618 0 -0.906308 
vn -0.422618 0 -0.906308 
vn -0.422618 0 -0.906308 
vn -0.422618 0 -0.906308 
vn -0.422618 0 -0.906308 
vn -0.422618 0 -0.906308 
vn -0.422618 0 -0.906308 
vn -0.422618 0 -0.906308 
vn -0.422618 0 -0.906308 
vn -0.422618 0 -0.906308 
vn -0.422618 0 -0.906308 
vn -0.422618 0 -0.906308 
vn -0.422618 0 -0.906308 
vn -0.422618 0 -0.906308 
vn -0.422618 0 -0.906308 
vn -0.422618 0 -0.906308 
vn -0.422618 0 -0.906308 
vn -0.422618 0 -0.906308 
vn -0.422618 0 -0.906308 
vn -0.422618 0 -0.906308 
vn -0.422618 0 -0.906308 
vn -0.422618 0 -0.906308 
vn -0.422618 0 -0.906308 
vn -0.422618 0 -0.906308 
vn -0.422618 0 -0.906308 
vn -0.422618 0 -0.906308 
vn -0.422618 0 -0.906308 
vn -0.422618 0 -0.906308 
vn -0.422618 0 -0.906308 
vn -0.422618 0 -0.906308 
vn -0.422618 0 -0.906308 
vn -0.422618 0 -0.906308 
vn -0.422618 0 -0.906308 
vn -0.422618 0 -0.906308 
vn -0.422618 0 -0.906308 
vn -0.422618 0 -0.906308 
vn -0.422618 0 -0.906308 
vn -0.422618 0 -0.906308 
vn -0.422618 0 -0.906308 
vn -0.422618 0 -0.906308 
vn -0.422618 0 -0.906308 
vn -0.422618 0 -0.906308 
vn -0.422618 0 -0.906308 
vn -0.422618 0 -0.906308 
vn -0.422618 0 -0.906308 
vn -0.422618 0 -0.906308 
vn -0.422618 0 -0.906308 
vn -0.422618 0 -0.906308 
vn -0.422618 0 -0.906308 
vn -0.422618 0 -0.906308 
vn -0.422618 0 -0.906308 
vn -0.422618 0 -0.906308 
vn -0.422618 0 -0.906308 
vn -0.422618 0 -0.906308 
vn -0.422618 0 -0.906308 
vn -0.422618 0 -0.906308 
vn -0.422618 0 -0.906308 
vn -0.422618 0 -0.906308 
vn -0.422618 0 -0.906308 
vn -0.422618 0 -0.906308 
vn -0.422618 0 -0.906308 
vn -0.422618 0 -0.906308 
vn -0.422618 0 -0.906308 
vn -0.422618 0 -0.906308 
vn -0.422618 0 -0.906308 
vn -0.422618 0 -0.906308 
vn -0.422618 0 -0.906308 
vn -0.422618 0 -0.906308 
vn -0.422618 0 -0.906308 
vn -0.422618 0 -0.906308 
vn -0.422618 0 -0.906308 
vn -0.422618 0 -0.906308 
vn -0.422618 0 -0.906308 
vn -0.422618 0 -0.906308 
vn -0.422618 0 -0.906308 
vn -0.422618 0 -0.906308 
vn -0.422618 0 -0.906308 
vn -0.422618 0 -0.906308 
vn -0.422618 0 -0.906308 
vn -0.422618 0 -0.906308 
vn -0.422618 0 -0.906308 
vn -0.422618 0 -0.906308 
vn -0.422618 0 -0.906308 
vn -0.422618 0 -0.906308 
vn -0.422618 0 -0.906308 
vn -0.422618 0 -0.906308 
vn -0.422618 0 -0.906308 
vn -0.422618 0 -0.906308 
vn -0.422618 0 -0.906308 
vn -0.422618 0 -0.906308 
vn -0.422618 0 -0.906308 
vn -0.422618 0 -0.906308 
vn -0.422618 0 -0.906308 
vn -0.422618 0 -0.906308 
vn -0.422618 0 -0.906308 
vn -0.422618 0 -0.906308 
vn -0.422618 0 -0.906308 
vn -0.422618 0 -0.906308 
vn -0.422618 0 -0.906308 
vn -0.422618 0 -0.906308 
vn -0.422618 0 -0.906308 
vn -0.422618 0 -0.906308 
vn -0.422618 0 -0.906308 
vn -0.422618 0 -0.906308 
vn -0.422618 0 -0.906308 
vn -0.422618 0 -0.906308 
vn -0.422618 0 -0.906308 
vn -0.422618 0 -0.906308 
vn -0.422618 0 -0.906308 
vn -0.422618 0 -0.906308 
vn -0.422618 0 -0.906308 
vn -0.422618 0 -0.906308 
vn -0.422618 0 -0.906308 
vn -0.422618 0 -0.906308 
vn -0.422618 0 -0.906308 
vn -0.422618 0 -0.906308 
vn -0.422618 0 -0.906308 
vn -0.422618 0 -0.906308 
vn -0.422618 0 -0.906308 
vn -0.422618 0 -0.906308 
vn -0.422618 0 -0.906308 
vn -0.422618 0 -0.906308 
vn -0.422618 0 -0.906308 
vn -0.422618 0 -0.906308 
vn -0.422618 0 -0.906308 
vn -0.422618 0 -0.906308 
vn -0.422618 0 -0.906308 
vn -0.422618 0 -0.906308 
vn -0.422618 0 -0.906308 
vn -0.422618 0 -0.906308 
vn -0.422618 0 -0.906308 
vn -0.422618 0 -0.906308 
vn -0.422618 0 -0.906308 
vn -0.422618 0 -0.906308 
vn -0.422618 0 -0.906308 
vn -0.422618 0 -0.906308 
vn -0.422618 0 -0.906308 
vn -0.422618 0 -0.906308 
vn -0.422618 0 -0.906308 
vn -0.422618 0 -0.906308 
vn -0.422618 0 -0.906308 
vn -0.422618 0 -0.906308 
vn -0.422618 0 -0.906308 
vn -0.422618 0 -0.906308 
vn -0.422618 0 -0.906308 
vn -0.422618 0 -0.906308 
vn -0.422618 0 -0.906308 
vn -0.422618 0 -0.906308 
vn -0.422618 0 -0.906308 
vn -0.422618 0 -0.906308 
vn -0.422618 0 -0.906308 
vn -0.422618 0 -0.906308 
vn -0.422618 0 -0.906308 
vn -0.422618 0 -0.906308 
vn -0.422618 0 -0.906308 
vn -0.422618 0 -0.906308 
vn -0.422618 0 -0.906308 
vn -0.422618 0 -0.906308 
vn -0.422618 0 -0.906308 
vn -0.422618 0 -0.906308 
vn -0.422618 0 -0.906308 
vn -0.422618 0 -0.906308 
vn -0.422618 0 -0.906308 
vn -0.422618 0 -0.906308 
vn -0.422618 0 -0.906308 
vn -0.422618 0 -0.906308 
vn -0.422618 0 -0.906308 
vn -0.422618 0 -0.906308 
vn -0.422618 0 -0.906308 
vn -0.422618 0 -0.906308 
vn -0.422618 0 -0.906308 
vn -0.422618 0 -0.906308 
vn -0.422618 0 -0.906308 
vn -0.422618 0 -0.906308 
vn -0.422618 0 -0.906308 
vn -0.422618 0 -0.906308 
vn -0.422618 0 -0.906308 
vn -0.422618 0 -0.906308 
vn -0.422618 0 -0.906308 
f 873//873 874//874 875//875 
f 875//875 876//876 873//873 
f 877//877 878//878 879//879 
f 876//876 880//880 873//873 
f 874//874 881//881 882//882 
f 874//874 883//883 884//884 
f 883//883 874//874 885//885 
f 886//886 887//887 888//888 
f 878//878 886//886 879//879 
f 889//889 890//890 891//891 
f 892//892 890//890 893//893 
f 882//882 875//875 874//874 
f 884//884 894//894 874//874 
f 885//885 895//895 896//896 
f 888//888 897//897 886//886 
f 879//879 898//898 877//877 
f 899//899 886//886 900//900 
f 891//891 901//901 889//889 
f 902//902 903//903 892//892 
f 904//904 905//905 906//906 
f 907//907 908//908 909//909 
f 908//908 910//910 911//911 
f 912//912 913//913 914//914 
f 915//915 916//916 917//917 
f 894//894 881//881 874//874 
f 885//885 918//918 895//895 
f 919//919 920//920 921//921 
f 897//897 922//922 886//886 
f 898//898 914//914 877//877 
f 923//923 924//924 899//899 
f 925//925 926//926 927//927 
f 891//891 928//928 901//901 
f 928//928 929//929 930//930 
f 928//928 927//927 931//931 
f 893//893 902//902 892//892 
f 932//932 933//933 934//934 
f 935//935 936//936 933//933 
f 904//904 937//937 905//905 
f 938//938 939//939 940//940 
f 941//941 942//942 943//943 
f 944//944 945//945 942//942 
f 946//946 947//947 948//948 
f 947//947 949//949 950//950 
f 949//949 907//907 951//951 
f 911//911 909//909 908//908 
f 910//910 952//952 953//953 
f 914//914 898//898 912//912 
f 915//915 954//954 916//916 
f 885//885 896//896 883//883 
f 873//873 955//955 956//956 
f 873//873 919//919 957//957 
f 919//919 958//958 920//920 
f 919//919 923//923 959//959 
f 878//878 887//887 886//886 
f 923//923 919//919 924//924 
f 927//927 928//928 925//925 
f 918//918 960//960 961//961 
f 930//930 901//901 928//928 
f 931//931 962//962 928//928 
f 903//903 963//963 964//964 
f 902//902 965//965 903//903 
f 873//873 966//966 967//967 
f 933//933 932//932 935//935 
f 968//968 969//969 936//936 
f 970//970 971//971 969//969 
f 972//972 973//973 971//971 
f 974//974 975//975 976//976 
f 977//977 978//978 979//979 
f 978//978 980//980 981//981 
f 904//904 982//982 937//937 
f 983//983 984//984 985//985 
f 986//986 987//987 988//988 
f 940//940 989//989 938//938 
f 990//990 991//991 992//992 
f 993//993 994//994 991//991 
f 995//995 943//943 994//994 
f 942//942 941//941 944//944 
f 996//996 997//997 945//945 
f 997//997 996//996 946//946 
f 951//951 950//950 949//949 
f 953//953 911//911 910//910 
f 917//917 913//913 915//915 
f 956//956 874//874 873//873 
f 957//957 998//998 873//873 
f 959//959 958//958 919//919 
f 900//900 923//923 899//899 
f 961//961 926//926 918//918 
f 962//962 929//929 928//928 
f 903//903 999//999 1000//1000 
f 965//965 963//963 903//903 
f 967//967 1001//1001 873//873 
f 936//936 935//935 968//968 
f 971//971 970//970 972//972 
f 1002//1002 1003//1003 973//973 
f 1003//1003 1002//1002 974//974 
f 975//975 1004//1004 1005//1005 
f 1004//1004 977//977 1006//1006 
f 981//981 979//979 978//978 
f 980//980 1007//1007 1008//1008 
f 904//904 1009//1009 982//982 
f 983//983 1010//1010 984//984 
f 988//988 1011//1011 986//986 
f 989//989 1012//1012 938//938 
f 991//991 990//990 993//993 
f 943//943 995//995 941//941 
f 948//948 997//997 946//946 
f 909//909 951//951 907//907 
f 915//915 1013//1013 954//954 
f 915//915 1014//1014 1015//1015 
f 998//998 955//955 873//873 
f 922//922 900//900 886//886 
f 889//889 893//893 890//890 
f 964//964 999//999 903//903 
f 918//918 1016//1016 1017//1017 
f 918//918 885//885 1018//1018 
f 1001//1001 1019//1019 873//873 
f 873//873 1020//1020 1021//1021 
f 1022//1022 1023//1023 1020//1020 
f 1024//1024 1025//1025 1026//1026 
f 1027//1027 934//934 1025//1025 
f 969//969 968//968 970//970 
f 976//976 1003//1003 974//974 
f 1006//1006 1005//1005 1004//1004 
f 1008//1008 981//981 980//980 
f 904//904 1028//1028 1009//1009 
f 904//904 1029//1029 1022//1022 
f 983//983 1030//1030 1010//1010 
f 983//983 904//904 1031//1031 
f 1032//1032 1033//1033 1034//1034 
f 1035//1035 1036//1036 1032//1032 
f 1037//1037 987//987 1038//1038 
f 986//986 1039//1039 939//939 
f 1011//1011 1040//1040 986//986 
f 1012//1012 1041//1041 938//938 
f 1042//1042 1043//1043 1044//1044 
f 1045//1045 992//992 1043//1043 
f 994//994 993//993 995//995 
f 950//950 948//948 947//947 
f 952//952 1046//1046 1047//1047 
f 1046//1046 1048//1048 1049//1049 
f 1048//1048 1050//1050 1051//1051 
f 1015//1015 1013//1013 915//915 
f 921//921 957//957 919//919 
f 1000//1000 1052//1052 903//903 
f 1018//1018 1016//1016 918//918 
f 1021//1021 966//966 873//873 
f 1022//1022 1053//1053 1023//1023 
f 1054//1054 1026//1026 1055//1055 
f 1025//1025 1024//1024 1027//1027 
f 973//973 972//972 1002//1002 
f 979//979 1006//1006 977//977 
f 1022//1022 1056//1056 1057//1057 
f 1022//1022 1058//1058 1059//1059 
f 1022//1022 1028//1028 904//904 
f 1031//1031 1030//1030 983//983 
f 1034//1034 1060//1060 1032//1032 
f 1032//1032 1061//1061 1035//1035 
f 1062//1062 1035//1035 1063//1063 
f 1064//1064 1065//1065 1037//1037 
f 1038//1038 1066//1066 1037//1037 
f 1040//1040 1039//1039 986//986 
f 938//938 1067//1067 873//873 
f 1041//1041 1068//1068 938//938 
f 873//873 1069//1069 1070//1070 
f 1043//1043 1042//1042 1045//1045 
f 945//945 944//944 996//996 
f 1049//1049 1047//1047 1046//1046 
f 1048//1048 1071//1071 1050//1050 
f 880//880 1072//1072 873//873 
f 1017//1017 960//960 918//918 
f 873//873 1073//1073 1074//1074 
f 1020//1020 873//873 1022//1022 
f 1026//1026 1054//1054 1024//1024 
f 1005//1005 976//976 975//975 
f 1057//1057 1075//1075 1022//1022 
f 1022//1022 1076//1076 1058//1058 
f 906//906 1031//1031 904//904 
f 1060//1060 1077//1077 983//983 
f 1032//1032 1078//1078 1033//1033 
f 1061//1061 1063//1063 1035//1035 
f 1063//1063 1079//1079 1062//1062 
f 1064//1064 1080//1080 1065//1065 
f 987//987 1081//1081 1038//1038 
f 939//939 938//938 986//986 
f 1068//1068 1067//1067 938//938 
f 873//873 1082//1082 1083//1083 
f 873//873 1084//1084 1069//1069 
f 873//873 1072//1072 1085//1085 
f 992//992 1045//1045 990//990 
f 1051//1051 1049//1049 1048//1048 
f 925//925 918//918 926//926 
f 1019//1019 1073//1073 873//873 
f 934//934 1027//1027 932//932 
f 1007//1007 1086//1086 1087//1087 
f 1086//1086 1088//1088 1089//1089 
f 1059//1059 1056//1056 1022//1022 
f 985//985 1060//1060 983//983 
f 1036//1036 1078//1078 1032//1032 
f 1090//1090 1091//1091 1062//1062 
f 1092//1092 1093//1093 1080//1080 
f 1037//1037 1094//1094 1095//1095 
f 986//986 1081//1081 987//987 
f 1083//1083 1096//1096 873//873 
f 1085//1085 1084//1084 873//873 
f 1097//1097 1044//1044 1098//1098 
f 1047//1047 953//953 952//952 
f 1014//1014 915//915 1099//1099 
f 1074//1074 919//919 873//873 
f 1055//1055 1100//1100 1054//1054 
f 1089//1089 1087//1087 1086//1086 
f 1088//1088 1101//1101 1102//1102 
f 1029//1029 1076//1076 1022//1022 
f 1079//1079 1090//1090 1062//1062 
f 1092//1092 1103//1103 1093//1093 
f 1066//1066 1094//1094 1037//1037 
f 1070//1070 1082//1082 873//873 
f 1044//1044 1097//1097 1042//1042 
f 912//912 915//915 913//913 
f 1052//1052 1097//1097 1104//1104 
f 1087//1087 1008//1008 1007//1007 
f 1088//1088 1099//1099 1101//1101 
f 1034//1034 1077//1077 1060//1060 
f 1090//1090 1054//1054 1105//1105 
f 1080//1080 1064//1064 1092//1092 
f 873//873 1096//1096 938//938 
f 1098//1098 1106//1106 1097//1097 
f 1104//1104 903//903 1052//1052 
f 1102//1102 1089//1089 1088//1088 
f 1105//1105 1091//1091 1090//1090 
f 1103//1103 1107//1107 1071//1071 
f 1037//1037 1095//1095 1064//1064 
f 1099//1099 1088//1088 1014//1014 
f 1075//1075 1053//1053 1022//1022 
f 1092//1092 1107//1107 1103//1103 
f 1100//1100 1105//1105 1054//1054 
f 1106//1106 1104//1104 1097//1097 
f 1071//1071 1048//1048 1103//1103 
v -0.00825134 0.0118596 0.0521541 
v -0.00843566 0.0120914 0.0522401 
v -0.00843674 0.0120914 0.0522378 
v -0.00808958 0.011608 0.0520787 
v -0.00825569 0.0118596 0.0521448 
v -0.00795207 0.0113395 0.0520146 
v -0.0080986 0.011608 0.0520593 
v -0.00796641 0.0113395 0.0519838 
v -0.00789068 0.0111386 0.0519388 
v -0.00784028 0.0110568 0.0519625 
v -0.00775539 0.0107629 0.0519229 
v -0.00785984 0.0110568 0.0519205 
v -0.00769829 0.010461 0.0518962 
v -0.00777946 0.0107629 0.0518712 
v -0.00766959 0.0101542 0.0518829 
v -0.00772567 0.010461 0.0518375 
v -0.00766959 0.00984576 0.0518829 
v -0.00769871 0.0101542 0.0518204 
v -0.00769871 0.00984576 0.0518204 
v -0.00772567 0.00953896 0.0518375 
v -0.00769829 0.00953896 0.0518962 
v -0.00777946 0.00923704 0.0518712 
v -0.00775539 0.00923704 0.0519229 
v -0.00785984 0.00894317 0.0519205 
v -0.00795207 0.00866048 0.0520146 
v -0.00784028 0.00894317 0.0519625 
v -0.00789068 0.00886136 0.0519388 
v -0.00796641 0.00866048 0.0519838 
v -0.0080986 0.00839194 0.0520593 
v -0.00808958 0.00839194 0.0520787 
v -0.00825569 0.00814041 0.0521448 
v -0.00825134 0.00814041 0.0521541 
v -0.00843674 0.00790852 0.0522378 
v -0.00861905 0.00771882 0.0523256 
v -0.00843566 0.00790852 0.0522401 
v -0.00861905 0.0122811 0.0523256 
vn -0.711192 -0.619858 0.331635 
vn -0.649753 -0.697152 0.302985 
vn -0.649753 -0.697152 0.302985 
vn -0.765114 -0.536012 0.356779 
vn -0.711192 -0.619858 0.331635 
vn -0.810949 -0.4465 0.378152 
vn -0.765114 -0.536012 0.356779 
vn -0.810949 -0.4465 0.378152 
vn -0.83834 -0.379953 0.390924 
vn -0.848212 -0.352269 0.395528 
vn -0.87651 -0.254315 0.408723 
vn -0.848212 -0.352269 0.395528 
vn -0.895543 -0.153672 0.417598 
vn -0.87651 -0.254315 0.408723 
vn -0.90511 -0.0514051 0.42206 
vn -0.895543 -0.153672 0.417598 
vn -0.90511 0.0514051 0.42206 
vn -0.90511 -0.0514051 0.42206 
vn -0.90511 0.0514051 0.42206 
vn -0.895543 0.153672 0.417598 
vn -0.895543 0.153672 0.417598 
vn -0.87651 0.254315 0.408723 
vn -0.87651 0.254315 0.408723 
vn -0.848212 0.352269 0.395528 
vn -0.810949 0.4465 0.378152 
vn -0.848212 0.352269 0.395528 
vn -0.83834 0.379953 0.390924 
vn -0.810949 0.4465 0.378152 
vn -0.765114 0.536012 0.356779 
vn -0.765114 0.536012 0.356779 
vn -0.711192 0.619858 0.331635 
vn -0.711192 0.619858 0.331635 
vn -0.649753 0.697152 0.302985 
vn -0.588622 0.760385 0.274479 
vn -0.649753 0.697152 0.302985 
vn -0.588622 -0.760385 0.274479 
f 1108//1108 1109//1109 1110//1110 
f 1111//1111 1108//1108 1112//1112 
f 1113//1113 1111//1111 1114//1114 
f 1113//1113 1115//1115 1116//1116 
f 1116//1116 1117//1117 1113//1113 
f 1118//1118 1117//1117 1119//1119 
f 1120//1120 1118//1118 1121//1121 
f 1122//1122 1120//1120 1123//1123 
f 1124//1124 1122//1122 1125//1125 
f 1124//1124 1126//1126 1127//1127 
f 1128//1128 1127//1127 1129//1129 
f 1130//1130 1129//1129 1131//1131 
f 1132//1132 1133//1133 1134//1134 
f 1133//1133 1131//1131 1134//1134 
f 1132//1132 1135//1135 1136//1136 
f 1137//1137 1136//1136 1138//1138 
f 1139//1139 1138//1138 1140//1140 
f 1141//1141 1142//1142 1140//1140 
f 1140//1140 1142//1142 1139//1139 
f 1138//1138 1139//1139 1137//1137 
f 1136//1136 1137//1137 1132//1132 
f 1134//1134 1135//1135 1132//1132 
f 1131//1131 1133//1133 1130//1130 
f 1129//1129 1130//1130 1128//1128 
f 1127//1127 1128//1128 1124//1124 
f 1125//1125 1126//1126 1124//1124 
f 1123//1123 1125//1125 1122//1122 
f 1121//1121 1123//1123 1120//1120 
f 1119//1119 1121//1121 1118//1118 
f 1116//1116 1119//1119 1117//1117 
f 1114//1114 1115//1115 1113//1113 
f 1112//1112 1114//1114 1111//1111 
f 1110//1110 1112//1112 1108//1108 
f 1110//1110 1109//1109 1143//1143 
v -0.00825134 -0.00814041 0.0521541 
v -0.00843566 -0.00790852 0.0522401 
v -0.00843674 -0.00790852 0.0522378 
v -0.00808958 -0.00839194 0.0520787 
v -0.00825569 -0.00814041 0.0521448 
v -0.00795207 -0.00866048 0.0520146 
v -0.0080986 -0.00839194 0.0520593 
v -0.00796641 -0.00866048 0.0519838 
v -0.00789068 -0.00886136 0.0519388 
v -0.00784028 -0.00894317 0.0519625 
v -0.00775539 -0.00923704 0.0519229 
v -0.00785984 -0.00894317 0.0519205 
v -0.00769829 -0.00953896 0.0518962 
v -0.00777946 -0.00923704 0.0518712 
v -0.00766959 -0.00984576 0.0518829 
v -0.00772567 -0.00953896 0.0518375 
v -0.00766959 -0.0101542 0.0518829 
v -0.00769871 -0.00984576 0.0518204 
v -0.00769871 -0.0101542 0.0518204 
v -0.00772567 -0.010461 0.0518375 
v -0.00769829 -0.010461 0.0518962 
v -0.00777946 -0.0107629 0.0518712 
v -0.00775539 -0.0107629 0.0519229 
v -0.00785984 -0.0110568 0.0519205 
v -0.00795207 -0.0113395 0.0520146 
v -0.00784028 -0.0110568 0.0519625 
v -0.00789068 -0.0111386 0.0519388 
v -0.00796641 -0.0113395 0.0519838 
v -0.0080986 -0.011608 0.0520593 
v -0.00808958 -0.011608 0.0520787 
v -0.00825569 -0.0118596 0.0521448 
v -0.00825134 -0.0118596 0.0521541 
v -0.00843674 -0.0120914 0.0522378 
v -0.00861905 -0.0122811 0.0523256 
v -0.00843566 -0.0120914 0.0522401 
v -0.00861905 -0.00771882 0.0523256 
vn -0.711192 -0.619858 0.331635 
vn -0.649753 -0.697152 0.302985 
vn -0.649753 -0.697152 0.302985 
vn -0.765114 -0.536012 0.356779 
vn -0.711192 -0.619858 0.331635 
vn -0.810949 -0.4465 0.378152 
vn -0.765114 -0.536012 0.356779 
vn -0.810949 -0.4465 0.378152 
vn -0.83834 -0.379953 0.390924 
vn -0.848212 -0.352269 0.395528 
vn -0.87651 -0.254315 0.408723 
vn -0.848212 -0.352269 0.395528 
vn -0.895543 -0.153672 0.417598 
vn -0.87651 -0.254315 0.408723 
vn -0.90511 -0.0514051 0.42206 
vn -0.895543 -0.153672 0.417598 
vn -0.90511 0.0514051 0.42206 
vn -0.90511 -0.0514051 0.42206 
vn -0.90511 0.0514051 0.42206 
vn -0.895543 0.153672 0.417598 
vn -0.895543 0.153672 0.417598 
vn -0.87651 0.254315 0.408723 
vn -0.87651 0.254315 0.408723 
vn -0.848212 0.352269 0.395528 
vn -0.810949 0.4465 0.378152 
vn -0.848212 0.352269 0.395528 
vn -0.83834 0.379953 0.390924 
vn -0.810949 0.4465 0.378152 
vn -0.765114 0.536012 0.356779 
vn -0.765114 0.536012 0.356779 
vn -0.711192 0.619858 0.331635 
vn -0.711192 0.619858 0.331635 
vn -0.649753 0.697152 0.302985 
vn -0.588622 0.760385 0.274479 
vn -0.649753 0.697152 0.302985 
vn -0.588622 -0.760385 0.274479 
f 1144//1144 1145//1145 1146//1146 
f 1147//1147 1144//1144 1148//1148 
f 1149//1149 1147//1147 1150//1150 
f 1149//1149 1151//1151 1152//1152 
f 1152//1152 1153//1153 1149//1149 
f 1154//1154 1153//1153 1155//1155 
f 1156//1156 1154//1154 1157//1157 
f 1158//1158 1156//1156 1159//1159 
f 1160//1160 1158//1158 1161//1161 
f 1160//1160 1162//1162 1163//1163 
f 1164//1164 1163//1163 1165//1165 
f 1166//1166 1165//1165 1167//1167 
f 1168//1168 1169//1169 1170//1170 
f 1169//1169 1167//1167 1170//1170 
f 1168//1168 1171//1171 1172//1172 
f 1173//1173 1172//1172 1174//1174 
f 1175//1175 1174//1174 1176//1176 
f 1177//1177 1178//1178 1176//1176 
f 1176//1176 1178//1178 1175//1175 
f 1174//1174 1175//1175 1173//1173 
f 1172//1172 1173//1173 1168//1168 
f 1170//1170 1171//1171 1168//1168 
f 1167//1167 1169//1169 1166//1166 
f 1165//1165 1166//1166 1164//1164 
f 1163//1163 1164//1164 1160//1160 
f 1161//1161 1162//1162 1160//1160 
f 1159//1159 1161//1161 1158//1158 
f 1157//1157 1159//1159 1156//1156 
f 1155//1155 1157//1157 1154//1154 
f 1152//1152 1155//1155 1153//1153 
f 1150//1150 1151//1151 1149//1149 
f 1148//1148 1150//1150 1147//1147 
f 1146//1146 1148//1148 1144//1144 
f 1146//1146 1145//1145 1179//1179 
v 4.56477e-17 -0.0216897 0.0186234 
v 6.93889e-18 -0.0219183 0.0184403 
v 6.93889e-18 -0.0218525 0.0184872 
v 1.15517e-16 -0.0220348 0.0183687 
v 6.93889e-18 -0.0215615 0.0187523 
v 0 -0.0215395 0.0187772 
v 6.93889e-18 -0.022451 0.0181819 
v 6.93889e-18 -0.022263 0.0182512 
v -2.16941e-18 0.022633 0.0181367 
v 4.5663e-17 0.0216897 0.0186234 
v 4.43405e-17 0.0217001 0.018613 
v 6.93889e-18 -0.0217001 0.018613 
v 3.93625e-17 -0.0222253 0.0182695 
v 6.93889e-18 -0.0220855 0.0183375 
v 6.93889e-18 -0.0225284 0.0181594 
v 3.9364e-17 0.0222253 0.0182695 
v 7.17606e-18 0.022263 0.0182512 
v -6.34746e-16 0.022451 0.0181819 
v -1.04227e-16 0.0218525 0.0184872 
v -2.16264e-18 -0.022633 0.0181367 
v 6.93889e-18 -0.023197 0.0180962 
v 6.93889e-18 -0.0231163 0.0180918 
v -7.75282e-17 -0.0234853 0.0181415 
v 6.93889e-18 -0.0233916 0.0181204 
v 1.76077e-16 -0.0236919 0.0181997 
v 6.93889e-18 -0.0235839 0.0181637 
v 0 0.0215395 0.0187772 
v -7.75352e-17 0.0234853 0.0181415 
v -4.59431e-17 0.0235839 0.0181637 
v 2.96142e-17 0.0232737 0.0181057 
v -1.07587e-16 0.0233916 0.0181204 
v 2.7379e-16 0.0230595 0.0180928 
v 3.42466e-16 0.0231163 0.0180918 
v -1.89803e-17 0.0225284 0.0181594 
v 1.15521e-16 0.0220348 0.0183687 
v 1.5893e-16 0.0220855 0.0183375 
v 1.56498e-17 0.0219183 0.0184403 
v 6.19789e-17 0.0215615 0.0187523 
v 6.84292e-17 -0.0228451 0.0181033 
v 6.93889e-18 -0.0227202 0.0181178 
v 2.96113e-17 -0.0232737 0.0181057 
v 6.93889e-18 -0.0238487 0.0182578 
v 6.93889e-18 -0.0237738 0.0182269 
v 6.93889e-18 -0.0244101 0.0186261 
v 6.93889e-18 -0.0243495 0.0185719 
v 1.76038e-16 0.0236919 0.0181997 
v 3.44275e-16 0.0237738 0.0182269 
v 1.18862e-16 0.023197 0.0180962 
v 6.84225e-17 0.0228451 0.0181033 
v 1.006e-16 0.0229161 0.0180951 
v 1.18449e-17 0.0227202 0.0181178 
v 2.73743e-16 -0.0230595 0.0180928 
v 6.93889e-18 -0.0229161 0.0180951 
v -2.98408e-17 -0.0238913 0.018279 
v -4.85609e-17 -0.0242579 0.0185011 
v 6.93889e-18 -0.0241912 0.0184495 
v 5.86588e-17 -0.0244225 0.0186388 
v -6.51877e-17 0.0238487 0.0182578 
v 2.32995e-17 -0.0240805 0.0183802 
v 6.93889e-18 -0.0240242 0.018345 
v -1.74088e-17 -0.0246995 0.0189661 
v 6.93889e-18 -0.0246698 0.0189204 
v -4.86184e-18 -0.0249714 0.0195473 
v 6.93889e-18 -0.0249656 0.0195232 
v 6.93889e-18 -0.025038 0.0198948 
v 6.93889e-18 -0.0250126 0.0197177 
v -4.85495e-17 0.0242579 0.0185011 
v 7.08797e-18 0.0243495 0.0185719 
v 6.93889e-18 -0.0245469 0.0187665 
v 8.64669e-17 -0.0248121 0.019149 
v 6.93889e-18 -0.0247786 0.0190883 
v 6.93889e-18 -0.0249004 0.0193372 
v 3.04034e-16 -0.0250417 0.0199703 
v 6.93889e-18 -0.0250453 0.0201851 
v 6.93889e-18 -0.0250476 0.0200916 
v -4.85326e-18 0.0249714 0.0195473 
v -1.29908e-16 0.0250126 0.0197177 
v 7.56773e-17 0.0249004 0.0193372 
v 1.28275e-17 0.0249656 0.0195232 
v 2.99782e-17 0.0245469 0.0187665 
v -4.62277e-17 0.0246698 0.0189204 
v 6.1542e-17 0.0244101 0.0186261 
v 2.32905e-17 0.0240805 0.0183802 
v -8.90401e-17 0.0241912 0.0184495 
v -2.98441e-17 0.0238913 0.018279 
v 8.04478e-17 0.0240242 0.018345 
v 6.93889e-18 -0.0248178 0.0191594 
v 3.04009e-16 0.0250417 0.0199703 
v 5.29558e-16 0.0250476 0.0200916 
v 1.6362e-16 0.025038 0.0198948 
v 9.10594e-17 0.0248178 0.0191594 
v -1.74088e-17 0.0246995 0.0189661 
v 5.95769e-17 0.0247786 0.0190883 
v 5.86822e-17 0.0244225 0.0186388 
v 8.64553e-17 0.0248121 0.019149 
v 0 -0.0196898 0.0207085 
v 6.93889e-18 -0.0235 0.05272 
v 0 -0.0030971 0.0284067 
v 0 3.49943e-18 0.028575 
v 6.93889e-18 0.0250453 0.0201851 
v 6.93889e-18 0.0235 0.05272 
v 0 0.0196898 0.0207085 
v 0 -0.0061577 0.0279036 
v 0 -0.0120261 0.0259211 
v 0 -0.00914576 0.0270719 
v 0 -0.0173293 0.0227206 
v 0 -0.0147647 0.024465 
v 0 0.0173293 0.0227206 
v 0 0.0030971 0.0284067 
v 0 0.0147647 0.024465 
v 0 0.0061577 0.0279036 
v 0 0.00914576 0.0270719 
v 0 0.0120261 0.0259211 
vn 1 0 0 
vn 1 0 0 
vn 1 0 0 
vn 1 0 0 
vn 1 0 0 
vn 1 0 0 
vn 1 0 0 
vn 1 0 0 
vn 1 0 0 
vn 1 0 0 
vn 1 0 0 
vn 1 0 0 
vn 1 0 0 
vn 1 0 0 
vn 1 0 0 
vn 1 0 0 
vn 1 0 0 
vn 1 0 0 
vn 1 0 0 
vn 1 0 0 
vn 1 0 0 
vn 1 0 0 
vn 1 0 0 
vn 1 0 0 
vn 1 0 0 
vn 1 0 0 
vn 1 0 0 
vn 1 0 0 
vn 1 0 0 
vn 1 0 0 
vn 1 0 0 
vn 1 0 0 
vn 1 0 0 
vn 1 0 0 
vn 1 0 0 
vn 1 0 0 
vn 1 0 0 
vn 1 0 0 
vn 1 0 0 
vn 1 0 0 
vn 1 0 0 
vn 1 0 0 
vn 1 0 0 
vn 1 0 0 
vn 1 0 0 
vn 1 0 0 
vn 1 0 0 
vn 1 0 0 
vn 1 0 0 
vn 1 0 0 
vn 1 0 0 
vn 1 0 0 
vn 1 0 0 
vn 1 0 0 
vn 1 0 0 
vn 1 0 0 
vn 1 0 0 
vn 1 0 0 
vn 1 0 0 
vn 1 0 0 
vn 1 0 0 
vn 1 0 0 
vn 1 0 0 
vn 1 0 0 
vn 1 0 0 
vn 1 0 0 
vn 1 0 0 
vn 1 0 0 
vn 1 0 0 
vn 1 0 0 
vn 1 0 0 
vn 1 0 0 
vn 1 0 0 
vn 1 0 0 
vn 1 0 0 
vn 1 0 0 
vn 1 0 0 
vn 1 0 0 
vn 1 0 0 
vn 1 0 0 
vn 1 0 0 
vn 1 0 0 
vn 1 0 0 
vn 1 0 0 
vn 1 0 0 
vn 1 0 0 
vn 1 0 0 
vn 1 0 0 
vn 1 0 0 
vn 1 0 0 
vn 1 0 0 
vn 1 0 0 
vn 1 0 0 
vn 1 0 0 
vn 1 0 0 
vn 1 0 0 
vn 1 0 0 
vn 1 0 0 
vn 1 0 0 
vn 1 0 0 
vn 1 0 0 
vn 1 0 0 
vn 1 0 0 
vn 1 0 0 
vn 1 0 0 
vn 1 0 0 
vn 1 0 0 
vn 1 0 0 
vn 1 0 0 
vn 1 0 0 
vn 1 0 0 
vn 1 0 0 
vn 1 0 0 
f 1180//1180 1181//1181 1182//1182 
f 1183//1183 1180//1180 1184//1184 
f 1180//1180 1183//1183 1181//1181 
f 1185//1185 1186//1186 1187//1187 
f 1188//1188 1189//1189 1190//1190 
f 1182//1182 1191//1191 1180//1180 
f 1185//1185 1192//1192 1193//1193 
f 1185//1185 1194//1194 1186//1186 
f 1195//1195 1196//1196 1197//1197 
f 1190//1190 1198//1198 1188//1188 
f 1193//1193 1183//1183 1185//1185 
f 1185//1185 1199//1199 1194//1194 
f 1185//1185 1200//1200 1201//1201 
f 1185//1185 1202//1202 1203//1203 
f 1185//1185 1204//1204 1205//1205 
f 1206//1206 1207//1207 1208//1208 
f 1206//1206 1209//1209 1210//1210 
f 1206//1206 1211//1211 1212//1212 
f 1197//1197 1213//1213 1195//1195 
f 1188//1188 1214//1214 1215//1215 
f 1198//1198 1216//1216 1188//1188 
f 1188//1188 1206//1206 1217//1217 
f 1187//1187 1192//1192 1185//1185 
f 1185//1185 1218//1218 1219//1219 
f 1185//1185 1220//1220 1200//1200 
f 1205//1205 1202//1202 1185//1185 
f 1185//1185 1221//1221 1222//1222 
f 1185//1185 1223//1223 1224//1224 
f 1206//1206 1225//1225 1226//1226 
f 1210//1210 1207//1207 1206//1206 
f 1212//1212 1227//1227 1206//1206 
f 1206//1206 1228//1228 1229//1229 
f 1206//1206 1188//1188 1230//1230 
f 1215//1215 1195//1195 1188//1188 
f 1217//1217 1189//1189 1188//1188 
f 1219//1219 1199//1199 1185//1185 
f 1185//1185 1231//1231 1232//1232 
f 1203//1203 1220//1220 1185//1185 
f 1185//1185 1233//1233 1221//1221 
f 1185//1185 1234//1234 1235//1235 
f 1185//1185 1236//1236 1223//1223 
f 1226//1226 1237//1237 1206//1206 
f 1227//1227 1209//1209 1206//1206 
f 1230//1230 1228//1228 1206//1206 
f 1216//1216 1214//1214 1188//1188 
f 1232//1232 1218//1218 1185//1185 
f 1222//1222 1204//1204 1185//1185 
f 1185//1185 1238//1238 1239//1239 
f 1224//1224 1234//1234 1185//1185 
f 1185//1185 1240//1240 1241//1241 
f 1185//1185 1242//1242 1243//1243 
f 1185//1185 1244//1244 1245//1245 
f 1206//1206 1246//1246 1247//1247 
f 1208//1208 1225//1225 1206//1206 
f 1213//1213 1188//1188 1195//1195 
f 1201//1201 1231//1231 1185//1185 
f 1235//1235 1238//1238 1185//1185 
f 1241//1241 1248//1248 1185//1185 
f 1185//1185 1249//1249 1250//1250 
f 1243//1243 1251//1251 1185//1185 
f 1185//1185 1252//1252 1244//1244 
f 1185//1185 1253//1253 1254//1254 
f 1206//1206 1255//1255 1256//1256 
f 1206//1206 1257//1257 1258//1258 
f 1206//1206 1259//1259 1260//1260 
f 1247//1247 1261//1261 1206//1206 
f 1206//1206 1262//1262 1263//1263 
f 1206//1206 1264//1264 1265//1265 
f 1229//1229 1211//1211 1206//1206 
f 1239//1239 1233//1233 1185//1185 
f 1250//1250 1240//1240 1185//1185 
f 1251//1251 1266//1266 1185//1185 
f 1254//1254 1252//1252 1185//1185 
f 1206//1206 1267//1267 1268//1268 
f 1256//1256 1269//1269 1206//1206 
f 1206//1206 1270//1270 1257//1257 
f 1206//1206 1271//1271 1272//1272 
f 1206//1206 1273//1273 1259//1259 
f 1263//1263 1246//1246 1206//1206 
f 1237//1237 1264//1264 1206//1206 
f 1248//1248 1236//1236 1185//1185 
f 1245//1245 1242//1242 1185//1185 
f 1269//1269 1267//1267 1206//1206 
f 1206//1206 1274//1274 1270//1270 
f 1260//1260 1271//1271 1206//1206 
f 1265//1265 1262//1262 1206//1206 
f 1253//1253 1185//1185 1275//1275 
f 1266//1266 1249//1249 1185//1185 
f 1258//1258 1255//1255 1206//1206 
f 1261//1261 1273//1273 1206//1206 
f 1276//1276 1277//1277 1278//1278 
f 1184//1184 1185//1185 1183//1183 
f 1272//1272 1274//1274 1206//1206 
f 1279//1279 1280//1280 1281//1281 
f 1276//1276 1282//1282 1277//1277 
f 1276//1276 1283//1283 1284//1284 
f 1276//1276 1285//1285 1286//1286 
f 1275//1275 1276//1276 1253//1253 
f 1281//1281 1206//1206 1279//1279 
f 1284//1284 1282//1282 1276//1276 
f 1275//1275 1285//1285 1276//1276 
f 1280//1280 1287//1287 1281//1281 
f 1280//1280 1278//1278 1288//1288 
f 1286//1286 1283//1283 1276//1276 
f 1280//1280 1289//1289 1287//1287 
f 1280//1280 1290//1290 1291//1291 
f 1278//1278 1280//1280 1276//1276 
f 1280//1280 1292//1292 1289//1289 
f 1288//1288 1290//1290 1280//1280 
f 1291//1291 1292//1292 1280//1280 
f 1268//1268 1279//1279 1206//1206 
v 0 -0.0173293 0.0227206 
v 0 -0.0196898 0.0207085 
v -0.004 -0.0196898 0.0207085 
v 0 -0.0147647 0.024465 
v -0.004 -0.0173293 0.0227206 
v 0 -0.0120261 0.0259211 
v -0.004 -0.0147647 0.024465 
v 0 -0.00914576 0.0270719 
v -0.004 -0.0120261 0.0259211 
v 0 -0.0061577 0.0279036 
v -0.004 -0.00914576 0.0270719 
v 0 -0.0030971 0.0284067 
v -0.004 -0.0061577 0.0279036 
v 0 3.49943e-18 0.028575 
v -0.004 -0.0030971 0.0284067 
v 0 0.0030971 0.0284067 
v -0.004 3.49943e-18 0.028575 
v 0 0.0061577 0.0279036 
v -0.004 0.0030971 0.0284067 
v 0 0.00914576 0.0270719 
v -0.004 0.0061577 0.0279036 
v 0 0.0120261 0.0259211 
v -0.004 0.00914576 0.0270719 
v 0 0.0147647 0.024465 
v -0.004 0.0120261 0.0259211 
v 0 0.0173293 0.0227206 
v -0.004 0.0147647 0.024465 
v 0 0.0196898 0.0207085 
v -0.004 0.0173293 0.0227206 
v -0.004 0.0196898 0.0207085 
v -0.00204022 0.0215841 0.0187258 
v -0.004 0.0216271 0.0186762 
v 0 -0.0215395 0.0187772 
v -0.00204016 -0.0215841 0.0187258 
v -0.004 -0.0216271 0.0186762 
v 0 0.0215395 0.0187772 
vn 0 0.606451 -0.795121 
vn 0 0.689057 -0.724707 
vn 0 0.689057 -0.724707 
vn 0 0.516699 -0.856167 
vn 0 0.606451 -0.795121 
vn 0 0.42086 -0.907126 
vn 0 0.516699 -0.856167 
vn 0 0.320062 -0.947397 
vn 0 0.42086 -0.907126 
vn 0 0.215493 -0.976505 
vn 0 0.320062 -0.947397 
vn 0 0.108385 -0.994109 
vn 0 0.215493 -0.976505 
vn 0 -1.22465e-16 -1 
vn 0 0.108385 -0.994109 
vn 0 -0.108385 -0.994109 
vn 0 -1.22465e-16 -1 
vn 0 -0.215493 -0.976505 
vn 0 -0.108385 -0.994109 
vn 0 -0.320062 -0.947397 
vn 0 -0.215493 -0.976505 
vn 0 -0.42086 -0.907126 
vn 0 -0.320062 -0.947397 
vn 0 -0.516699 -0.856167 
vn 0 -0.42086 -0.907126 
vn 0 -0.606451 -0.795121 
vn 0 -0.516699 -0.856167 
vn 0 -0.689057 -0.724707 
vn 0 -0.606451 -0.795121 
vn 0 -0.689057 -0.724707 
vn 0 -0.75535 -0.655321 
vn 0 -0.756852 -0.653586 
vn 0 0.753787 -0.657119 
vn 0 0.75535 -0.655321 
vn 0 0.756852 -0.653586 
vn 0 -0.753787 -0.657119 
f 1293//1293 1294//1294 1295//1295 
f 1296//1296 1293//1293 1297//1297 
f 1298//1298 1296//1296 1299//1299 
f 1300//1300 1298//1298 1301//1301 
f 1302//1302 1300//1300 1303//1303 
f 1304//1304 1302//1302 1305//1305 
f 1306//1306 1304//1304 1307//1307 
f 1308//1308 1306//1306 1309//1309 
f 1310//1310 1308//1308 1311//1311 
f 1312//1312 1310//1310 1313//1313 
f 1314//1314 1312//1312 1315//1315 
f 1316//1316 1314//1314 1317//1317 
f 1318//1318 1316//1316 1319//1319 
f 1320//1320 1318//1318 1321//1321 
f 1320//1320 1322//1322 1323//1323 
f 1322//1322 1324//1324 1323//1323 
f 1294//1294 1325//1325 1326//1326 
f 1326//1326 1295//1295 1294//1294 
f 1326//1326 1327//1327 1295//1295 
f 1323//1323 1328//1328 1320//1320 
f 1321//1321 1322//1322 1320//1320 
f 1319//1319 1321//1321 1318//1318 
f 1317//1317 1319//1319 1316//1316 
f 1315//1315 1317//1317 1314//1314 
f 1313//1313 1315//1315 1312//1312 
f 1311//1311 1313//1313 1310//1310 
f 1309//1309 1311//1311 1308//1308 
f 1307//1307 1309//1309 1306//1306 
f 1305//1305 1307//1307 1304//1304 
f 1303//1303 1305//1305 1302//1302 
f 1301//1301 1303//1303 1300//1300 
f 1299//1299 1301//1301 1298//1298 
f 1297//1297 1299//1299 1296//1296 
f 1295//1295 1297//1297 1293//1293 
v -0.004 -0.0216271 0.0186762 
v -0.004 -0.0231508 0.0179827 
v -0.004 -0.0233506 0.0179936 
v -0.004 -0.0227198 0.0180294 
v -0.004 -0.0224112 0.0181209 
v -0.004 -0.0224876 0.0180927 
v -0.004 -0.0239814 0.0181682 
v -0.004 -0.0239975 0.0181749 
v -0.004 -0.0237352 0.0180727 
v -0.004 -0.0238126 0.0180984 
v -0.004 -0.0235454 0.0180238 
v -0.004 -0.0223123 0.0181654 
v -0.004 -0.0221216 0.018265 
v -0.004 -0.0222323 0.0182014 
v -0.004 -0.0218981 0.0184162 
v -0.004 -0.0220612 0.0182997 
v -0.004 -0.0241712 0.0182678 
v -0.004 -0.0235741 0.0180311 
v -0.004 -0.0231471 0.0179827 
v -0.004 -0.0217769 0.0185216 
v -0.004 -0.0228738 0.0180007 
v -0.004 -0.0247923 0.0188559 
v -0.004 -0.0248135 0.0188848 
v -0.004 -0.0243341 0.0183768 
v -0.004 -0.0230692 0.017984 
v -0.004 0.0235741 0.0180314 
v -0.004 0.0223117 0.0181642 
v -0.004 0.0222908 0.0181728 
v -0.004 -0.0250637 0.0194384 
v -0.004 -0.0250824 0.0195001 
v -0.004 -0.0249962 0.0192341 
v -0.004 -0.0250245 0.0193084 
v -0.004 -0.0249133 0.0190547 
v -0.004 -0.0246782 0.0187023 
v -0.004 -0.0246954 0.0187232 
v -0.004 -0.0245133 0.0185292 
v -0.004 -0.0245455 0.018558 
v -0.004 -0.02435 0.0183891 
v -0.004 -0.0243984 0.0184266 
v -0.004 -0.0226799 0.0180368 
v -0.004 -0.0217627 0.0185339 
v -0.004 0.0221165 0.0182654 
v -0.004 0.0225534 0.0180712 
v -0.004 0.0224762 0.0180967 
v -0.004 0.0231386 0.0179827 
v -0.004 0.0229386 0.017993 
v -0.004 0.0227436 0.0180227 
v -0.004 0.0227197 0.0180288 
v -0.004 0.0234154 0.0180014 
v -0.004 0.0216271 0.0186762 
v -0.004 0.0238011 0.0180944 
v -0.004 0.0236091 0.0180379 
v -0.004 -0.0251365 0.0198618 
v -0.004 -0.0251391 0.0198888 
v -0.004 -0.0251115 0.0196482 
v -0.004 -0.0251204 0.0196936 
v -0.004 -0.0249956 0.0192326 
v -0.004 0.0219531 0.0183742 
v -0.004 0.0231471 0.0179828 
v -0.004 0.02322 0.0179842 
v -0.004 0.0238773 0.0181227 
v -0.004 0.0243889 0.018419 
v -0.004 0.0242264 0.0183022 
v -0.004 0.0248774 0.0189891 
v -0.004 0.0248359 0.0189197 
v -0.004 0.024994 0.0192349 
v -0.004 0.0249663 0.0191638 
v -0.004 0.0251189 0.0196838 
v -0.004 0.0250919 0.0195401 
v -0.004 -0.0251413 0.0199696 
v -0.004 0.0217776 0.0185224 
v -0.004 0.0217409 0.0185549 
v -0.004 0.0219416 0.018383 
v -0.004 0.0218889 0.0184236 
v -0.004 0.0239807 0.0181696 
v -0.004 0.0241708 0.0182701 
v -0.004 0.0240558 0.0182036 
v -0.004 0.0244513 0.0184709 
v -0.004 0.0247915 0.0188564 
v -0.004 0.0247212 0.0187558 
v -0.004 0.0250634 0.0194385 
v -0.004 0.0250379 0.0193474 
v -0.004 0.0251369 0.0198618 
v -0.004 0.0245128 0.0185297 
v -0.004 -0.0251391 0.0200771 
v -0.004 -0.0239517 0.0450751 
v -0.004 -0.0196898 0.0207085 
v -0.004 0.0246609 0.0186855 
v -0.004 0.0245929 0.0186063 
v -0.004 -0.0173293 0.0227206 
v -0.004 0.0239517 0.0450751 
v -0.004 3.49943e-18 0.028575 
v -0.004 0.0251391 0.0200771 
v -0.004 0.0251387 0.0198791 
v -0.004 -0.0147647 0.024465 
v -0.004 -0.0061577 0.0279036 
v -0.004 -0.00914576 0.0270719 
v -0.004 -0.0030971 0.0284067 
v -0.004 0.0196898 0.0207085 
v -0.004 -0.0120261 0.0259211 
v -0.004 0.0061577 0.0279036 
v -0.004 0.0030971 0.0284067 
v -0.004 0.0120261 0.0259211 
v -0.004 0.00914576 0.0270719 
v -0.004 0.0173293 0.0227206 
v -0.004 0.0147647 0.024465 
vn -1 0 0 
vn -1 0 0 
vn -1 0 0 
vn -1 0 0 
vn -1 0 0 
vn -1 0 0 
vn -1 0 0 
vn -1 0 0 
vn -1 0 0 
vn -1 0 0 
vn -1 0 0 
vn -1 0 0 
vn -1 0 0 
vn -1 0 0 
vn -1 0 0 
vn -1 0 0 
vn -1 0 0 
vn -1 0 0 
vn -1 0 0 
vn -1 0 0 
vn -1 0 0 
vn -1 0 0 
vn -1 0 0 
vn -1 0 0 
vn -1 0 0 
vn -1 0 0 
vn -1 0 0 
vn -1 0 0 
vn -1 0 0 
vn -1 0 0 
vn -1 0 0 
vn -1 0 0 
vn -1 0 0 
vn -1 0 0 
vn -1 0 0 
vn -1 0 0 
vn -1 0 0 
vn -1 0 0 
vn -1 0 0 
vn -1 0 0 
vn -1 0 0 
vn -1 0 0 
vn -1 0 0 
vn -1 0 0 
vn -1 0 0 
vn -1 0 0 
vn -1 0 0 
vn -1 0 0 
vn -1 0 0 
vn -1 0 0 
vn -1 0 0 
vn -1 0 0 
vn -1 0 0 
vn -1 0 0 
vn -1 0 0 
vn -1 0 0 
vn -1 0 0 
vn -1 0 0 
vn -1 0 0 
vn -1 0 0 
vn -1 0 0 
vn -1 0 0 
vn -1 0 0 
vn -1 0 0 
vn -1 0 0 
vn -1 0 0 
vn -1 0 0 
vn -1 0 0 
vn -1 0 0 
vn -1 0 0 
vn -1 0 0 
vn -1 0 0 
vn -1 0 0 
vn -1 0 0 
vn -1 0 0 
vn -1 0 0 
vn -1 0 0 
vn -1 0 0 
vn -1 0 0 
vn -1 0 0 
vn -1 0 0 
vn -1 0 0 
vn -1 0 0 
vn -1 0 0 
vn -1 0 0 
vn -1 0 0 
vn -1 0 0 
vn -1 0 0 
vn -1 0 0 
vn -1 0 0 
vn -1 0 0 
vn -1 0 0 
vn -1 0 0 
vn -1 0 0 
vn -1 0 0 
vn -1 0 0 
vn -1 0 0 
vn -1 0 0 
vn -1 0 0 
vn -1 0 0 
vn -1 0 0 
vn -1 0 0 
vn -1 0 0 
vn -1 0 0 
vn -1 0 0 
vn -1 0 0 
f 1329//1329 1330//1330 1331//1331 
f 1332//1332 1333//1333 1334//1334 
f 1329//1329 1335//1335 1336//1336 
f 1329//1329 1337//1337 1338//1338 
f 1331//1331 1339//1339 1329//1329 
f 1332//1332 1340//1340 1333//1333 
f 1332//1332 1341//1341 1342//1342 
f 1332//1332 1343//1343 1344//1344 
f 1336//1336 1345//1345 1329//1329 
f 1329//1329 1346//1346 1337//1337 
f 1329//1329 1347//1347 1330//1330 
f 1348//1348 1332//1332 1349//1349 
f 1342//1342 1340//1340 1332//1332 
f 1332//1332 1348//1348 1343//1343 
f 1329//1329 1350//1350 1351//1351 
f 1345//1345 1352//1352 1329//1329 
f 1339//1339 1346//1346 1329//1329 
f 1349//1349 1353//1353 1348//1348 
f 1344//1344 1341//1341 1332//1332 
f 1354//1354 1355//1355 1356//1356 
f 1329//1329 1357//1357 1358//1358 
f 1329//1329 1359//1359 1360//1360 
f 1351//1351 1361//1361 1329//1329 
f 1329//1329 1362//1362 1363//1363 
f 1329//1329 1364//1364 1365//1365 
f 1329//1329 1366//1366 1367//1367 
f 1338//1338 1335//1335 1329//1329 
f 1334//1334 1368//1368 1332//1332 
f 1347//1347 1329//1329 1369//1369 
f 1356//1356 1370//1370 1354//1354 
f 1354//1354 1371//1371 1372//1372 
f 1373//1373 1374//1374 1375//1375 
f 1376//1376 1354//1354 1377//1377 
f 1378//1378 1379//1379 1380//1380 
f 1329//1329 1381//1381 1382//1382 
f 1329//1329 1383//1383 1384//1384 
f 1360//1360 1357//1357 1329//1329 
f 1361//1361 1385//1385 1329//1329 
f 1365//1365 1362//1362 1329//1329 
f 1352//1352 1366//1366 1329//1329 
f 1369//1369 1348//1348 1347//1347 
f 1370//1370 1386//1386 1354//1354 
f 1354//1354 1376//1376 1371//1371 
f 1376//1376 1387//1387 1373//1373 
f 1377//1377 1388//1388 1376//1376 
f 1378//1378 1389//1389 1379//1379 
f 1378//1378 1390//1390 1391//1391 
f 1378//1378 1392//1392 1393//1393 
f 1378//1378 1394//1394 1395//1395 
f 1378//1378 1396//1396 1397//1397 
f 1382//1382 1398//1398 1329//1329 
f 1358//1358 1383//1383 1329//1329 
f 1363//1363 1350//1350 1329//1329 
f 1353//1353 1347//1347 1348//1348 
f 1354//1354 1399//1399 1400//1400 
f 1354//1354 1401//1401 1402//1402 
f 1372//1372 1355//1355 1354//1354 
f 1388//1388 1387//1387 1376//1376 
f 1378//1378 1403//1403 1389//1389 
f 1378//1378 1404//1404 1405//1405 
f 1378//1378 1406//1406 1390//1390 
f 1378//1378 1407//1407 1408//1408 
f 1395//1395 1392//1392 1378//1378 
f 1378//1378 1409//1409 1410//1410 
f 1378//1378 1411//1411 1396//1396 
f 1384//1384 1381//1381 1329//1329 
f 1367//1367 1364//1364 1329//1329 
f 1402//1402 1399//1399 1354//1354 
f 1375//1375 1376//1376 1373//1373 
f 1405//1405 1403//1403 1378//1378 
f 1378//1378 1412//1412 1406//1406 
f 1393//1393 1407//1407 1378//1378 
f 1397//1397 1409//1409 1378//1378 
f 1385//1385 1359//1359 1329//1329 
f 1413//1413 1414//1414 1415//1415 
f 1386//1386 1401//1401 1354//1354 
f 1391//1391 1404//1404 1378//1378 
f 1378//1378 1416//1416 1417//1417 
f 1410//1410 1394//1394 1378//1378 
f 1415//1415 1329//1329 1413//1413 
f 1380//1380 1354//1354 1378//1378 
f 1408//1408 1416//1416 1378//1378 
f 1414//1414 1418//1418 1415//1415 
f 1414//1414 1419//1419 1420//1420 
f 1417//1417 1412//1412 1378//1378 
f 1378//1378 1421//1421 1422//1422 
f 1414//1414 1423//1423 1418//1418 
f 1414//1414 1424//1424 1425//1425 
f 1420//1420 1426//1426 1414//1414 
f 1421//1421 1378//1378 1427//1427 
f 1422//1422 1411//1411 1378//1378 
f 1414//1414 1428//1428 1423//1423 
f 1426//1426 1424//1424 1414//1414 
f 1400//1400 1378//1378 1354//1354 
f 1425//1425 1428//1428 1414//1414 
f 1419//1419 1429//1429 1430//1430 
f 1427//1427 1419//1419 1421//1421 
f 1430//1430 1420//1420 1419//1419 
f 1419//1419 1431//1431 1432//1432 
f 1427//1427 1433//1433 1419//1419 
f 1432//1432 1429//1429 1419//1419 
f 1433//1433 1434//1434 1419//1419 
f 1434//1434 1431//1431 1419//1419 
f 1398//1398 1413//1413 1329//1329 
v -0.00203255 0.0217335 0.0185713 
v -0.00204022 0.0215841 0.0187258 
v -0.004 0.0216271 0.0186762 
v -0.004 0.0217409 0.0185549 
v -0.00202497 0.0218986 0.0184337 
v -0.004 0.0217776 0.0185224 
v -0.004 0.0218889 0.0184236 
v -0.00201756 0.0220775 0.0183147 
v -0.004 0.0219531 0.0183742 
v -0.004 0.0219416 0.018383 
v -0.00201041 0.0222682 0.0182155 
v -0.004 0.0221165 0.0182654 
v -0.004 0.0222908 0.0181728 
v -0.00200361 0.0224684 0.0181374 
v -0.004 0.0223117 0.0181642 
v -0.00199723 0.0226759 0.0180813 
v -0.004 0.0225534 0.0180712 
v -0.004 0.0224762 0.0180967 
v -0.00199135 0.0228882 0.0180477 
v -0.004 0.0227436 0.0180227 
v -0.004 0.0227197 0.0180288 
v -0.00198604 0.023103 0.0180372 
v -0.004 0.0229386 0.017993 
v -0.004 0.0231386 0.0179827 
v -0.004 0.0231471 0.0179828 
v -0.004 0.02322 0.0179842 
v -0.00198135 0.0233176 0.0180498 
v -0.00197734 0.0235296 0.0180853 
v -0.004 0.0234154 0.0180014 
v -0.00197406 0.0237366 0.0181434 
v -0.004 0.0236091 0.0180379 
v -0.004 0.0235741 0.0180314 
v -0.004 0.0238011 0.0180944 
v -0.004 0.0238773 0.0181227 
v -0.00197154 0.0239362 0.0182234 
v -0.00196982 0.0241261 0.0183243 
v -0.004 0.0240558 0.0182036 
v -0.004 0.0239807 0.0181696 
v -0.00196891 0.0243041 0.018445 
v -0.004 0.0242264 0.0183022 
v -0.004 0.0241708 0.0182701 
v -0.004 0.0243889 0.018419 
v -0.004 0.0244513 0.0184709 
v -0.00196882 0.024468 0.0185841 
v -0.00196956 0.0246161 0.01874 
v -0.004 0.0245929 0.0186063 
v -0.004 0.0245128 0.0185297 
v -0.00197112 0.0247466 0.0189109 
v -0.004 0.0247212 0.0187558 
v -0.004 0.0246609 0.0186855 
v -0.004 0.0248359 0.0189197 
v -0.004 0.0248774 0.0189891 
v -0.004 0.0247915 0.0188564 
v -0.00197661 0.0249491 0.0192897 
v -0.00197348 0.0248581 0.0190949 
v -0.004 0.0249663 0.0191638 
v -0.00198047 0.0250187 0.0194931 
v -0.004 0.0250379 0.0193474 
v -0.004 0.024994 0.0192349 
v -0.00198502 0.025066 0.0197028 
v -0.004 0.0250919 0.0195401 
v -0.004 0.0250634 0.0194385 
v -0.004 0.0251189 0.0196838 
v -0.004 0.0251369 0.0198618 
v -0.00199022 0.0250906 0.0199164 
v -0.004 0.0251387 0.0198791 
v -0.004 0.0251391 0.0200771 
v -0.00199599 0.0250921 0.0201313 
v 5.29558e-16 0.0250476 0.0200916 
v 3.04009e-16 0.0250417 0.0199703 
v 6.93889e-18 0.0250453 0.0201851 
v 1.6362e-16 0.025038 0.0198948 
v -1.29908e-16 0.0250126 0.0197177 
v -4.85326e-18 0.0249714 0.0195473 
v 1.28275e-17 0.0249656 0.0195232 
v 7.56773e-17 0.0249004 0.0193372 
v 9.10594e-17 0.0248178 0.0191594 
v 5.95769e-17 0.0247786 0.0190883 
v 8.64553e-17 0.0248121 0.019149 
v -4.62277e-17 0.0246698 0.0189204 
v -1.74088e-17 0.0246995 0.0189661 
v 2.99782e-17 0.0245469 0.0187665 
v 7.08797e-18 0.0243495 0.0185719 
v 5.86822e-17 0.0244225 0.0186388 
v 6.1542e-17 0.0244101 0.0186261 
v -8.90401e-17 0.0241912 0.0184495 
v -4.85495e-17 0.0242579 0.0185011 
v 8.04478e-17 0.0240242 0.018345 
v 2.32905e-17 0.0240805 0.0183802 
v -6.51877e-17 0.0238487 0.0182578 
v -2.98441e-17 0.0238913 0.018279 
v 3.44275e-16 0.0237738 0.0182269 
v 1.76038e-16 0.0236919 0.0181997 
v -4.59431e-17 0.0235839 0.0181637 
v -7.75352e-17 0.0234853 0.0181415 
v -1.07587e-16 0.0233916 0.0181204 
v 2.96142e-17 0.0232737 0.0181057 
v 1.18862e-16 0.023197 0.0180962 
v 3.42466e-16 0.0231163 0.0180918 
v 2.7379e-16 0.0230595 0.0180928 
v 1.006e-16 0.0229161 0.0180951 
v 6.84225e-17 0.0228451 0.0181033 
v 1.18449e-17 0.0227202 0.0181178 
v -2.16941e-18 0.022633 0.0181367 
v -1.89803e-17 0.0225284 0.0181594 
v -6.34746e-16 0.022451 0.0181819 
v 7.17606e-18 0.022263 0.0182512 
v 3.9364e-17 0.0222253 0.0182695 
v 1.5893e-16 0.0220855 0.0183375 
v 1.15521e-16 0.0220348 0.0183687 
v 1.56498e-17 0.0219183 0.0184403 
v -1.04227e-16 0.0218525 0.0184872 
v 4.43405e-17 0.0217001 0.018613 
v 4.5663e-17 0.0216897 0.0186234 
v 6.19789e-17 0.0215615 0.0187523 
v 0 0.0215395 0.0187772 
vn 0.00383639 -0.680671 -0.732579 
vn 0 -0.75535 -0.655321 
vn -1.37999e-16 -0.756852 -0.653586 
vn 0.0029765 -0.699993 -0.714144 
vn 0.00762842 -0.598123 -0.801368 
vn 0.00385121 -0.682285 -0.731077 
vn 0.00648851 -0.626098 -0.779717 
vn 0.0113323 -0.508661 -0.860892 
vn 0.00791041 -0.594028 -0.804406 
vn 0.00765792 -0.599815 -0.800102 
vn 0.0149051 -0.413319 -0.910464 
vn 0.0112974 -0.512387 -0.85868 
vn 0.014593 -0.425338 -0.904917 
vn 0.0183056 -0.313198 -0.949511 
vn 0.0149625 -0.415072 -0.909666 
vn 0.0214946 -0.209456 -0.977582 
vn 0.0190442 -0.294116 -0.95558 
vn 0.0177942 -0.332712 -0.94286 
vn 0.024435 -0.103294 -0.994351 
vn 0.0219267 -0.199117 -0.97973 
vn 0.0215763 -0.211153 -0.977215 
vn 0.0270929 0.00406341 -0.999625 
vn 0.0246121 -0.101677 -0.994513 
vn 0.027094 -0.00172256 -0.999631 
vn 0.0271935 0.00252318 -0.999627 
vn 0.0280268 0.038977 -0.998847 
vn 0.0294377 0.111373 -0.993343 
vn 0.0314421 0.217396 -0.975577 
vn 0.0300794 0.136592 -0.990171 
vn 0.0330831 0.320905 -0.946533 
vn 0.0318517 0.23341 -0.971857 
vn 0.0315545 0.216087 -0.975864 
vn 0.0333348 0.329401 -0.943601 
vn 0.0338424 0.367496 -0.929409 
vn 0.0343416 0.420705 -0.906547 
vn 0.0352031 0.515641 -0.856082 
vn 0.0348349 0.456725 -0.888926 
vn 0.0344577 0.419671 -0.907022 
vn 0.0356576 0.604616 -0.795719 
vn 0.0354956 0.542013 -0.83962 
vn 0.0353179 0.514753 -0.856611 
vn 0.0358138 0.623234 -0.781215 
vn 0.0358408 0.654409 -0.755291 
vn 0.0356999 0.686601 -0.726157 
vn 0.0353295 0.760649 -0.648201 
vn 0.0356627 0.725227 -0.687586 
vn 0.0358056 0.685997 -0.726723 
vn 0.0345507 0.825904 -0.562752 
vn 0.0351385 0.789409 -0.612861 
vn 0.0354276 0.760177 -0.648749 
vn 0.0342572 0.846744 -0.530897 
vn 0.0338033 0.867538 -0.496221 
vn 0.0346391 0.825552 -0.563261 
vn 0.0318085 0.927125 -0.373399 
vn 0.0333725 0.88161 -0.470797 
vn 0.0324751 0.911998 -0.408907 
vn 0.0298767 0.961923 -0.271684 
vn 0.0308254 0.94787 -0.317163 
vn 0.0318724 0.92697 -0.373779 
vn 0.0275996 0.985599 -0.166829 
vn 0.028844 0.974881 -0.22085 
vn 0.0299262 0.961837 -0.27198 
vn 0.0272131 0.988455 -0.14905 
vn 0.0250206 0.997876 -0.0601471 
vn 0.0250034 0.997882 -0.0600455 
vn 0.024797 0.998366 -0.0514843 
vn 0.0221181 0.99863 0.0474325 
vn 0.0221181 0.99863 0.0474325 
vn 0.0233988 0.999726 0.000733062 
vn 0.0249865 0.997889 -0.0599451 
vn 0.0221181 0.99863 0.0474325 
vn 0.0259287 0.994886 -0.0976227 
vn 0.0280076 0.982133 -0.186095 
vn 0.0298286 0.962006 -0.271396 
vn 0.0300681 0.958557 -0.28331 
vn 0.031803 0.925963 -0.376273 
vn 0.0332224 0.884629 -0.465111 
vn 0.0337175 0.864997 -0.500642 
vn 0.0332982 0.881848 -0.470357 
vn 0.034699 0.810592 -0.584582 
vn 0.0344656 0.826243 -0.562258 
vn 0.0353263 0.749088 -0.661528 
vn 0.0356276 0.650377 -0.758776 
vn 0.0355985 0.687184 -0.725611 
vn 0.0356101 0.680705 -0.731692 
vn 0.0354198 0.571264 -0.820002 
vn 0.0355508 0.605334 -0.795177 
vn 0.0348688 0.487765 -0.872278 
vn 0.0350928 0.516499 -0.855568 
vn 0.0339849 0.400018 -0.915877 
vn 0.0342298 0.421705 -0.906087 
vn 0.0335237 0.362584 -0.931348 
vn 0.0329719 0.322046 -0.94615 
vn 0.03215 0.267658 -0.962977 
vn 0.0313334 0.218672 -0.975295 
vn 0.0304824 0.171553 -0.984703 
vn 0.0293334 0.112775 -0.993187 
vn 0.02853 0.0743069 -0.996827 
vn 0.0276453 0.0340073 -0.999039 
vn 0.0269948 0.0055778 -0.99962 
vn 0.0252594 -0.0660592 -0.997496 
vn 0.0243448 -0.101683 -0.994519 
vn 0.0226623 -0.163961 -0.986206 
vn 0.0214139 -0.207769 -0.977944 
vn 0.0198605 -0.259762 -0.965468 
vn 0.0186522 -0.298457 -0.954241 
vn 0.0155224 -0.39239 -0.919668 
vn 0.0148477 -0.411551 -0.911266 
vn 0.012288 -0.481051 -0.876607 
vn 0.0112882 -0.506895 -0.861934 
vn 0.00895228 -0.564598 -0.825317 
vn 0.00755369 -0.597423 -0.801891 
vn 0.00408212 -0.673581 -0.739102 
vn 0.00382123 -0.679006 -0.734123 
vn 0.000592147 -0.742768 -0.669548 
vn -3.79126e-16 -0.753787 -0.657119 
f 1435//1435 1436//1436 1437//1437 
f 1437//1437 1438//1438 1435//1435 
f 1439//1439 1435//1435 1440//1440 
f 1440//1440 1441//1441 1439//1439 
f 1442//1442 1439//1439 1443//1443 
f 1439//1439 1444//1444 1443//1443 
f 1445//1445 1442//1442 1446//1446 
f 1446//1446 1447//1447 1445//1445 
f 1448//1448 1445//1445 1449//1449 
f 1450//1450 1448//1448 1451//1451 
f 1448//1448 1452//1452 1451//1451 
f 1453//1453 1450//1450 1454//1454 
f 1450//1450 1455//1455 1454//1454 
f 1456//1456 1453//1453 1457//1457 
f 1457//1457 1458//1458 1456//1456 
f 1456//1456 1459//1459 1460//1460 
f 1460//1460 1461//1461 1456//1456 
f 1462//1462 1461//1461 1463//1463 
f 1464//1464 1462//1462 1465//1465 
f 1462//1462 1466//1466 1465//1465 
f 1464//1464 1467//1467 1468//1468 
f 1468//1468 1469//1469 1464//1464 
f 1470//1470 1469//1469 1471//1471 
f 1469//1469 1472//1472 1471//1471 
f 1473//1473 1470//1470 1474//1474 
f 1470//1470 1475//1475 1474//1474 
f 1473//1473 1476//1476 1477//1477 
f 1477//1477 1478//1478 1473//1473 
f 1479//1479 1478//1478 1480//1480 
f 1478//1478 1481//1481 1480//1480 
f 1482//1482 1479//1479 1483//1483 
f 1479//1479 1484//1484 1483//1483 
f 1482//1482 1485//1485 1486//1486 
f 1482//1482 1487//1487 1485//1485 
f 1488//1488 1489//1489 1490//1490 
f 1489//1489 1486//1486 1490//1490 
f 1491//1491 1488//1488 1492//1492 
f 1488//1488 1493//1493 1492//1492 
f 1494//1494 1491//1491 1495//1495 
f 1491//1491 1496//1496 1495//1495 
f 1494//1494 1497//1497 1498//1498 
f 1499//1499 1500//1500 1501//1501 
f 1499//1499 1498//1498 1500//1500 
f 1502//1502 1503//1503 1504//1504 
f 1502//1502 1505//1505 1503//1503 
f 1506//1506 1507//1507 1494//1494 
f 1499//1499 1504//1504 1506//1506 
f 1494//1494 1507//1507 1508//1508 
f 1491//1491 1509//1509 1510//1510 
f 1491//1491 1508//1508 1509//1509 
f 1488//1488 1510//1510 1511//1511 
f 1511//1511 1489//1489 1488//1488 
f 1482//1482 1489//1489 1512//1512 
f 1489//1489 1513//1513 1512//1512 
f 1479//1479 1482//1482 1514//1514 
f 1482//1482 1515//1515 1514//1514 
f 1478//1478 1479//1479 1516//1516 
f 1473//1473 1478//1478 1517//1517 
f 1478//1478 1518//1518 1519//1519 
f 1519//1519 1517//1517 1478//1478 
f 1470//1470 1473//1473 1520//1520 
f 1473//1473 1521//1521 1520//1520 
f 1469//1469 1470//1470 1522//1522 
f 1470//1470 1523//1523 1522//1522 
f 1464//1464 1469//1469 1524//1524 
f 1469//1469 1525//1525 1524//1524 
f 1524//1524 1526//1526 1464//1464 
f 1464//1464 1527//1527 1528//1528 
f 1528//1528 1462//1462 1464//1464 
f 1462//1462 1529//1529 1530//1530 
f 1530//1530 1461//1461 1462//1462 
f 1461//1461 1531//1531 1532//1532 
f 1532//1532 1456//1456 1461//1461 
f 1532//1532 1533//1533 1456//1456 
f 1453//1453 1456//1456 1534//1534 
f 1534//1534 1535//1535 1453//1453 
f 1450//1450 1453//1453 1536//1536 
f 1536//1536 1537//1537 1450//1450 
f 1450//1450 1538//1538 1539//1539 
f 1539//1539 1448//1448 1450//1450 
f 1445//1445 1448//1448 1540//1540 
f 1540//1540 1541//1541 1445//1445 
f 1442//1442 1445//1445 1542//1542 
f 1542//1542 1543//1543 1442//1442 
f 1439//1439 1442//1442 1544//1544 
f 1544//1544 1545//1545 1439//1439 
f 1435//1435 1439//1439 1546//1546 
f 1546//1546 1547//1547 1435//1435 
f 1436//1436 1435//1435 1548//1548 
f 1548//1548 1549//1549 1436//1436 
f 1549//1549 1550//1550 1436//1436 
f 1547//1547 1548//1548 1435//1435 
f 1545//1545 1546//1546 1439//1439 
f 1543//1543 1544//1544 1442//1442 
f 1541//1541 1542//1542 1445//1445 
f 1539//1539 1540//1540 1448//1448 
f 1537//1537 1538//1538 1450//1450 
f 1535//1535 1536//1536 1453//1453 
f 1533//1533 1534//1534 1456//1456 
f 1530//1530 1531//1531 1461//1461 
f 1528//1528 1529//1529 1462//1462 
f 1526//1526 1527//1527 1464//1464 
f 1522//1522 1525//1525 1469//1469 
f 1520//1520 1523//1523 1470//1470 
f 1517//1517 1521//1521 1473//1473 
f 1516//1516 1518//1518 1478//1478 
f 1514//1514 1516//1516 1479//1479 
f 1512//1512 1515//1515 1482//1482 
f 1511//1511 1513//1513 1489//1489 
f 1510//1510 1488//1488 1491//1491 
f 1508//1508 1491//1491 1494//1494 
f 1494//1494 1499//1499 1506//1506 
f 1504//1504 1499//1499 1502//1502 
f 1501//1501 1502//1502 1499//1499 
f 1498//1498 1499//1499 1494//1494 
f 1495//1495 1497//1497 1494//1494 
f 1492//1492 1496//1496 1491//1491 
f 1490//1490 1493//1493 1488//1488 
f 1486//1486 1489//1489 1482//1482 
f 1483//1483 1487//1487 1482//1482 
f 1480//1480 1484//1484 1479//1479 
f 1477//1477 1481//1481 1478//1478 
f 1474//1474 1476//1476 1473//1473 
f 1471//1471 1475//1475 1470//1470 
f 1468//1468 1472//1472 1469//1469 
f 1465//1465 1467//1467 1464//1464 
f 1463//1463 1466//1466 1462//1462 
f 1460//1460 1463//1463 1461//1461 
f 1458//1458 1459//1459 1456//1456 
f 1454//1454 1457//1457 1453//1453 
f 1451//1451 1455//1455 1450//1450 
f 1449//1449 1452//1452 1448//1448 
f 1447//1447 1449//1449 1445//1445 
f 1443//1443 1446//1446 1442//1442 
f 1441//1441 1444//1444 1439//1439 
f 1438//1438 1440//1440 1435//1435 
v -0.00199015 -0.0250906 0.0199164 
v -0.004 -0.0251413 0.0199696 
v -0.004 -0.0251391 0.0198888 
v -0.00199592 -0.0250921 0.0201313 
v -0.004 -0.0251391 0.0200771 
v -0.00198496 -0.025066 0.0197028 
v -0.004 -0.0251365 0.0198618 
v -0.004 -0.0251204 0.0196936 
v -0.0019804 -0.0250187 0.0194931 
v -0.004 -0.0251115 0.0196482 
v -0.004 -0.0250824 0.0195001 
v -0.004 -0.0250637 0.0194384 
v -0.004 -0.0250245 0.0193084 
v -0.00197654 -0.0249491 0.0192897 
v -0.00197341 -0.0248581 0.0190949 
v -0.004 -0.0249956 0.0192326 
v -0.004 -0.0249962 0.0192341 
v -0.004 -0.0248135 0.0188848 
v -0.00197106 -0.0247466 0.0189109 
v -0.004 -0.0249133 0.0190547 
v -0.004 -0.0247923 0.0188559 
v -0.004 -0.0246954 0.0187232 
v -0.0019695 -0.0246161 0.0187401 
v -0.004 -0.0246782 0.0187023 
v -0.004 -0.0245455 0.018558 
v -0.00196876 -0.024468 0.0185841 
v -0.004 -0.0245133 0.0185292 
v -0.004 -0.0243984 0.0184266 
v -0.00196884 -0.0243041 0.018445 
v -0.00196975 -0.0241261 0.0183243 
v -0.004 -0.0243341 0.0183768 
v -0.004 -0.02435 0.0183891 
v -0.004 -0.0241712 0.0182678 
v -0.004 -0.0239975 0.0181749 
v -0.00197147 -0.0239362 0.0182234 
v -0.004 -0.0239814 0.0181682 
v -0.004 -0.0238126 0.0180984 
v -0.00197399 -0.0237366 0.0181434 
v -0.004 -0.0237352 0.0180727 
v -0.004 -0.0235741 0.0180311 
v -0.00197727 -0.0235296 0.0180853 
v -0.004 -0.0235454 0.0180238 
v -0.004 -0.0233506 0.0179936 
v -0.00198128 -0.0233176 0.0180498 
v -0.004 -0.0231508 0.0179827 
v -0.00198597 -0.023103 0.0180372 
v -0.004 -0.0230692 0.017984 
v -0.004 -0.0228738 0.0180007 
v -0.00199129 -0.0228882 0.0180478 
v -0.004 -0.0231471 0.0179827 
v -0.004 -0.0227198 0.0180294 
v -0.00199717 -0.0226759 0.0180813 
v -0.004 -0.0226799 0.0180368 
v -0.004 -0.0224876 0.0180927 
v -0.00200355 -0.0224684 0.0181374 
v -0.004 -0.0224112 0.0181209 
v -0.004 -0.0223123 0.0181654 
v -0.00201035 -0.0222682 0.0182155 
v -0.004 -0.0222323 0.0182014 
v -0.004 -0.0221216 0.018265 
v -0.004 -0.0220612 0.0182997 
v -0.004 -0.0218981 0.0184162 
v -0.0020249 -0.0218986 0.0184337 
v -0.00201749 -0.0220775 0.0183147 
v -0.004 -0.0217769 0.0185216 
v -0.00203248 -0.0217335 0.0185713 
v -0.004 -0.0217627 0.0185339 
v -0.004 -0.0216271 0.0186762 
v -0.00204016 -0.0215841 0.0187258 
v 6.93889e-18 -0.0215615 0.0187523 
v 4.56477e-17 -0.0216897 0.0186234 
v 0 -0.0215395 0.0187772 
v 6.93889e-18 -0.0217001 0.018613 
v 6.93889e-18 -0.0218525 0.0184872 
v 6.93889e-18 -0.0219183 0.0184403 
v 1.15517e-16 -0.0220348 0.0183687 
v 6.93889e-18 -0.0220855 0.0183375 
v 3.93625e-17 -0.0222253 0.0182695 
v 6.93889e-18 -0.022263 0.0182512 
v 6.93889e-18 -0.022451 0.0181819 
v 6.93889e-18 -0.0225284 0.0181594 
v 6.93889e-18 -0.0227202 0.0181178 
v 6.84292e-17 -0.0228451 0.0181033 
v -2.16264e-18 -0.022633 0.0181367 
v 6.93889e-18 -0.0229161 0.0180951 
v 2.73743e-16 -0.0230595 0.0180928 
v 6.93889e-18 -0.023197 0.0180962 
v 6.93889e-18 -0.0231163 0.0180918 
v 6.93889e-18 -0.0233916 0.0181204 
v 2.96113e-17 -0.0232737 0.0181057 
v 6.93889e-18 -0.0235839 0.0181637 
v -7.75282e-17 -0.0234853 0.0181415 
v 6.93889e-18 -0.0237738 0.0182269 
v 6.93889e-18 -0.0238487 0.0182578 
v 1.76077e-16 -0.0236919 0.0181997 
v -2.98408e-17 -0.0238913 0.018279 
v 6.93889e-18 -0.0240242 0.018345 
v 2.32995e-17 -0.0240805 0.0183802 
v 6.93889e-18 -0.0241912 0.0184495 
v 6.93889e-18 -0.0243495 0.0185719 
v 6.93889e-18 -0.0244101 0.0186261 
v -4.85609e-17 -0.0242579 0.0185011 
v 5.86588e-17 -0.0244225 0.0186388 
v 6.93889e-18 -0.0245469 0.0187665 
v 6.93889e-18 -0.0246698 0.0189204 
v -1.74088e-17 -0.0246995 0.0189661 
v 6.93889e-18 -0.0247786 0.0190883 
v 6.93889e-18 -0.0248178 0.0191594 
v 8.64669e-17 -0.0248121 0.019149 
v 6.93889e-18 -0.0249004 0.0193372 
v 6.93889e-18 -0.0249656 0.0195232 
v -4.86184e-18 -0.0249714 0.0195473 
v 6.93889e-18 -0.025038 0.0198948 
v 6.93889e-18 -0.0250126 0.0197177 
v 3.04034e-16 -0.0250417 0.0199703 
v 6.93889e-18 -0.0250476 0.0200916 
v 6.93889e-18 -0.0250453 0.0201851 
vn 0.0250034 -0.997882 -0.0600455 
vn 0.0236012 -0.999702 -0.00627986 
vn 0.0246706 -0.998608 -0.0466213 
vn 0.0221181 -0.99863 0.0474325 
vn 0.0221181 -0.99863 0.0474325 
vn 0.0275996 -0.985599 -0.166829 
vn 0.0250206 -0.997876 -0.0601471 
vn 0.0270978 -0.989181 -0.144176 
vn 0.0298767 -0.961923 -0.271684 
vn 0.0276334 -0.985564 -0.167031 
vn 0.0292754 -0.970119 -0.240856 
vn 0.0299262 -0.961837 -0.27198 
vn 0.0311956 -0.94112 -0.33663 
vn 0.0318085 -0.927125 -0.373399 
vn 0.0333725 -0.88161 -0.470797 
vn 0.0318854 -0.926673 -0.374513 
vn 0.0318724 -0.92697 -0.373779 
vn 0.0344684 -0.835541 -0.548346 
vn 0.0345507 -0.825904 -0.562752 
vn 0.0333343 -0.885504 -0.463434 
vn 0.0346391 -0.825552 -0.563261 
vn 0.0352775 -0.776507 -0.629121 
vn 0.0353295 -0.760649 -0.648201 
vn 0.0353599 -0.767917 -0.639572 
vn 0.035763 -0.701544 -0.711729 
vn 0.0356999 -0.686601 -0.726157 
vn 0.0358056 -0.685997 -0.726723 
vn 0.0358216 -0.627979 -0.777406 
vn 0.0356576 -0.604616 -0.795719 
vn 0.0352031 -0.515641 -0.856081 
vn 0.0357443 -0.595822 -0.802321 
vn 0.0357689 -0.603872 -0.796278 
vn 0.0353154 -0.514404 -0.856821 
vn 0.0345423 -0.427567 -0.903324 
vn 0.0343416 -0.420705 -0.906547 
vn 0.0344577 -0.419671 -0.907022 
vn 0.0334143 -0.335141 -0.941575 
vn 0.0330831 -0.320905 -0.946533 
vn 0.032858 -0.296467 -0.954478 
vn 0.0315545 -0.216087 -0.975864 
vn 0.0314421 -0.217396 -0.975577 
vn 0.031299 -0.201592 -0.978969 
vn 0.0294284 -0.104251 -0.994116 
vn 0.0294377 -0.111373 -0.993343 
vn 0.0272364 -0.0043654 -0.999619 
vn 0.0270929 -0.00406346 -0.999625 
vn 0.0262642 0.0363854 -0.998993 
vn 0.0237498 0.134037 -0.990692 
vn 0.024435 0.103293 -0.994351 
vn 0.0271935 -0.00252318 -0.999627 
vn 0.0215763 0.211153 -0.977215 
vn 0.0214946 0.209456 -0.977582 
vn 0.0209916 0.23092 -0.972746 
vn 0.0179819 0.327009 -0.94485 
vn 0.0183056 0.313198 -0.949511 
vn 0.0167065 0.365146 -0.9308 
vn 0.0149625 0.415072 -0.909666 
vn 0.0149051 0.413319 -0.910465 
vn 0.0135199 0.454555 -0.890616 
vn 0.011376 0.510399 -0.859862 
vn 0.0101849 0.54004 -0.841578 
vn 0.00669701 0.621475 -0.783406 
vn 0.00762842 0.598123 -0.801368 
vn 0.0113323 0.508661 -0.860892 
vn 0.00385121 0.682285 -0.731077 
vn 0.00383639 0.680671 -0.732579 
vn 0.00351686 0.689107 -0.724651 
vn -5.21555e-16 0.756852 -0.653586 
vn 0 0.75535 -0.655321 
vn 0.000592147 0.742768 -0.669548 
vn 0.00382123 0.679006 -0.734123 
vn 0 0.753787 -0.657119 
vn 0.00408212 0.673581 -0.739102 
vn 0.00755369 0.597423 -0.801891 
vn 0.00895228 0.564598 -0.825317 
vn 0.0112882 0.506895 -0.861934 
vn 0.012288 0.481051 -0.876607 
vn 0.0148477 0.411551 -0.911266 
vn 0.0155224 0.39239 -0.919668 
vn 0.0186522 0.298457 -0.954241 
vn 0.0198605 0.259762 -0.965468 
vn 0.0226623 0.163961 -0.986206 
vn 0.0243448 0.101683 -0.994519 
vn 0.0214139 0.207769 -0.977944 
vn 0.0252594 0.0660592 -0.997496 
vn 0.0269948 -0.0055778 -0.99962 
vn 0.02853 -0.0743069 -0.996827 
vn 0.0276453 -0.0340073 -0.999039 
vn 0.0304824 -0.171553 -0.984703 
vn 0.0293334 -0.112775 -0.993187 
vn 0.03215 -0.267658 -0.962977 
vn 0.0313334 -0.218672 -0.975295 
vn 0.0335237 -0.362584 -0.931348 
vn 0.0339849 -0.400018 -0.915877 
vn 0.0329719 -0.322046 -0.94615 
vn 0.0342298 -0.421705 -0.906087 
vn 0.0348688 -0.487765 -0.872278 
vn 0.0350928 -0.516499 -0.855568 
vn 0.0354198 -0.571264 -0.820002 
vn 0.0356276 -0.650377 -0.758776 
vn 0.0356101 -0.680705 -0.731692 
vn 0.0355508 -0.605334 -0.795177 
vn 0.0355985 -0.687184 -0.725611 
vn 0.0353263 -0.749088 -0.661528 
vn 0.034699 -0.810592 -0.584582 
vn 0.0344656 -0.826243 -0.562258 
vn 0.0337175 -0.864997 -0.500642 
vn 0.0332224 -0.884629 -0.465111 
vn 0.0332982 -0.881848 -0.470357 
vn 0.031803 -0.925963 -0.376273 
vn 0.0300681 -0.958557 -0.28331 
vn 0.0298286 -0.962006 -0.271396 
vn 0.0259287 -0.994886 -0.0976227 
vn 0.0280076 -0.982133 -0.186095 
vn 0.0249865 -0.997889 -0.0599451 
vn 0.0233988 -0.999726 0.000733062 
vn 0.0221181 -0.99863 0.0474325 
f 1551//1551 1552//1552 1553//1553 
f 1551//1551 1554//1554 1555//1555 
f 1555//1555 1552//1552 1551//1551 
f 1556//1556 1551//1551 1557//1557 
f 1557//1557 1558//1558 1556//1556 
f 1559//1559 1556//1556 1560//1560 
f 1560//1560 1561//1561 1559//1559 
f 1559//1559 1562//1562 1563//1563 
f 1563//1563 1564//1564 1559//1559 
f 1565//1565 1564//1564 1566//1566 
f 1564//1564 1567//1567 1566//1566 
f 1568//1568 1569//1569 1565//1565 
f 1565//1565 1570//1570 1568//1568 
f 1569//1569 1571//1571 1572//1572 
f 1572//1572 1573//1573 1569//1569 
f 1573//1573 1574//1574 1575//1575 
f 1575//1575 1576//1576 1573//1573 
f 1576//1576 1577//1577 1578//1578 
f 1578//1578 1579//1579 1576//1576 
f 1580//1580 1579//1579 1581//1581 
f 1579//1579 1582//1582 1581//1581 
f 1580//1580 1583//1583 1584//1584 
f 1584//1584 1585//1585 1580//1580 
f 1585//1585 1586//1586 1587//1587 
f 1588//1588 1589//1589 1590//1590 
f 1588//1588 1587//1587 1589//1589 
f 1591//1591 1592//1592 1593//1593 
f 1591//1591 1590//1590 1592//1592 
f 1594//1594 1593//1593 1595//1595 
f 1595//1595 1596//1596 1594//1594 
f 1597//1597 1598//1598 1599//1599 
f 1596//1596 1600//1600 1597//1597 
f 1599//1599 1598//1598 1601//1601 
f 1602//1602 1603//1603 1604//1604 
f 1602//1602 1601//1601 1603//1603 
f 1605//1605 1606//1606 1607//1607 
f 1605//1605 1604//1604 1606//1606 
f 1608//1608 1609//1609 1610//1610 
f 1608//1608 1607//1607 1609//1609 
f 1611//1611 1612//1612 1613//1613 
f 1614//1614 1610//1610 1611//1611 
f 1613//1613 1612//1612 1615//1615 
f 1616//1616 1617//1617 1618//1618 
f 1616//1616 1615//1615 1617//1617 
f 1619//1619 1620//1620 1621//1621 
f 1619//1619 1622//1622 1620//1620 
f 1616//1616 1623//1623 1624//1624 
f 1616//1616 1621//1621 1623//1623 
f 1613//1613 1625//1625 1626//1626 
f 1613//1613 1624//1624 1625//1625 
f 1614//1614 1627//1627 1628//1628 
f 1614//1614 1626//1626 1627//1627 
f 1608//1608 1629//1629 1630//1630 
f 1608//1608 1628//1628 1629//1629 
f 1602//1602 1605//1605 1631//1631 
f 1605//1605 1630//1630 1631//1631 
f 1602//1602 1632//1632 1633//1633 
f 1602//1602 1634//1634 1632//1632 
f 1599//1599 1635//1635 1636//1636 
f 1599//1599 1633//1633 1635//1635 
f 1594//1594 1596//1596 1637//1637 
f 1596//1596 1638//1638 1637//1637 
f 1596//1596 1636//1636 1638//1638 
f 1591//1591 1594//1594 1639//1639 
f 1594//1594 1640//1640 1639//1639 
f 1588//1588 1591//1591 1641//1641 
f 1591//1591 1642//1642 1641//1641 
f 1588//1588 1643//1643 1644//1644 
f 1644//1644 1585//1585 1588//1588 
f 1588//1588 1645//1645 1643//1643 
f 1585//1585 1646//1646 1647//1647 
f 1647//1647 1580//1580 1585//1585 
f 1580//1580 1648//1648 1649//1649 
f 1649//1649 1579//1579 1580//1580 
f 1576//1576 1650//1650 1651//1651 
f 1579//1579 1652//1652 1650//1650 
f 1650//1650 1576//1576 1579//1579 
f 1576//1576 1653//1653 1654//1654 
f 1573//1573 1654//1654 1655//1655 
f 1655//1655 1569//1569 1573//1573 
f 1569//1569 1656//1656 1657//1657 
f 1657//1657 1565//1565 1569//1569 
f 1564//1564 1565//1565 1658//1658 
f 1565//1565 1659//1659 1658//1658 
f 1559//1559 1564//1564 1660//1660 
f 1660//1660 1661//1661 1559//1559 
f 1556//1556 1559//1559 1662//1662 
f 1663//1663 1551//1551 1556//1556 
f 1556//1556 1664//1664 1663//1663 
f 1554//1554 1551//1551 1665//1665 
f 1665//1665 1666//1666 1554//1554 
f 1666//1666 1667//1667 1554//1554 
f 1663//1663 1665//1665 1551//1551 
f 1662//1662 1664//1664 1556//1556 
f 1661//1661 1662//1662 1559//1559 
f 1658//1658 1660//1660 1564//1564 
f 1657//1657 1659//1659 1565//1565 
f 1655//1655 1656//1656 1569//1569 
f 1654//1654 1573//1573 1576//1576 
f 1651//1651 1653//1653 1576//1576 
f 1649//1649 1652//1652 1579//1579 
f 1647//1647 1648//1648 1580//1580 
f 1644//1644 1646//1646 1585//1585 
f 1641//1641 1645//1645 1588//1588 
f 1639//1639 1642//1642 1591//1591 
f 1637//1637 1640//1640 1594//1594 
f 1636//1636 1596//1596 1599//1599 
f 1633//1633 1599//1599 1602//1602 
f 1631//1631 1634//1634 1602//1602 
f 1630//1630 1605//1605 1608//1608 
f 1628//1628 1608//1608 1614//1614 
f 1626//1626 1614//1614 1613//1613 
f 1624//1624 1613//1613 1616//1616 
f 1621//1621 1616//1616 1619//1619 
f 1618//1618 1619//1619 1616//1616 
f 1615//1615 1616//1616 1613//1613 
f 1613//1613 1614//1614 1611//1611 
f 1610//1610 1614//1614 1608//1608 
f 1607//1607 1608//1608 1605//1605 
f 1604//1604 1605//1605 1602//1602 
f 1601//1601 1602//1602 1599//1599 
f 1599//1599 1596//1596 1597//1597 
f 1595//1595 1600//1600 1596//1596 
f 1593//1593 1594//1594 1591//1591 
f 1590//1590 1591//1591 1588//1588 
f 1587//1587 1588//1588 1585//1585 
f 1584//1584 1586//1586 1585//1585 
f 1581//1581 1583//1583 1580//1580 
f 1578//1578 1582//1582 1579//1579 
f 1575//1575 1577//1577 1576//1576 
f 1572//1572 1574//1574 1573//1573 
f 1568//1568 1571//1571 1569//1569 
f 1566//1566 1570//1570 1565//1565 
f 1563//1563 1567//1567 1564//1564 
f 1561//1561 1562//1562 1559//1559 
f 1558//1558 1560//1560 1556//1556 
f 1553//1553 1557//1557 1551//1551 
v 6.93889e-18 0.0250453 0.0201851 
v -0.00199599 0.0250921 0.0201313 
v -0.004 0.0239517 0.0450751 
v 6.93889e-18 0.0235 0.05272 
v -0.00400073 0.0239466 0.0451835 
v -0.004 0.0251391 0.0200771 
v -0.00400073 0.0239116 0.0459188 
v -0.0042335 0.0238588 0.0471403 
v -0.00433358 0.0238505 0.0473612 
v -0.00401016 0.0238997 0.0461756 
v -0.00437987 0.0238444 0.047511 
v -0.0040384 0.0238883 0.0464272 
v -0.00415104 0.0238678 0.0469122 
v -0.0040854 0.0238777 0.0466729 
v -0.00467113 0.0238142 0.0482826 
v -0.00504028 0.0237874 0.04902 
v -0.00548339 0.0237641 0.0497156 
v -0.00657192 0.0237295 0.0509519 
v -0.00720578 0.0237185 0.0514795 
v -0.00599575 0.0237448 0.0503618 
v -0.00726167 0.0235 0.0561062 
v -0.00789058 0.0237119 0.051939 
v -0.00861905 0.0237096 0.0523256 
v -0.00895215 0.0237096 0.0524809 
vn 0.0221181 0.99863 0.0474325 
vn 0.0221181 0.99863 0.0474325 
vn 0.0221181 0.99863 0.0474325 
vn 0.0221181 0.99863 0.0474325 
vn 0.0221181 0.99863 0.0474325 
vn 0.0221181 0.99863 0.0474325 
vn 0.0221181 0.99863 0.0474325 
vn 0.0221181 0.99863 0.0474325 
vn 0.0221181 0.99863 0.0474325 
vn 0.0221181 0.99863 0.0474325 
vn 0.0221181 0.99863 0.0474325 
vn 0.0221181 0.99863 0.0474325 
vn 0.0221181 0.99863 0.0474325 
vn 0.0221181 0.99863 0.0474325 
vn 0.0221181 0.99863 0.0474325 
vn 0.0221181 0.99863 0.0474325 
vn 0.0221181 0.99863 0.0474325 
vn 0.0221181 0.99863 0.0474325 
vn 0.0221181 0.99863 0.0474325 
vn 0.0221181 0.99863 0.0474325 
vn 0.0221181 0.99863 0.0474325 
vn 0.0221181 0.99863 0.0474325 
vn 0.0221181 0.99863 0.0474325 
vn 0.0221181 0.99863 0.0474325 
f 1668//1668 1669//1669 1670//1670 
f 1671//1671 1670//1670 1672//1672 
f 1670//1670 1671//1671 1668//1668 
f 1669//1669 1673//1673 1670//1670 
f 1672//1672 1674//1674 1671//1671 
f 1671//1671 1675//1675 1676//1676 
f 1674//1674 1677//1677 1671//1671 
f 1676//1676 1678//1678 1671//1671 
f 1677//1677 1679//1679 1671//1671 
f 1671//1671 1680//1680 1675//1675 
f 1679//1679 1681//1681 1671//1671 
f 1681//1681 1680//1680 1671//1671 
f 1678//1678 1682//1682 1671//1671 
f 1682//1682 1683//1683 1671//1671 
f 1683//1683 1684//1684 1671//1671 
f 1671//1671 1685//1685 1686//1686 
f 1684//1684 1687//1687 1671//1671 
f 1687//1687 1685//1685 1671//1671 
f 1688//1688 1689//1689 1690//1690 
f 1686//1686 1688//1688 1671//1671 
f 1686//1686 1689//1689 1688//1688 
f 1690//1690 1691//1691 1688//1688 
v -0.00400073 0.0239116 0.0459188 
v -0.00401361 0.0239191 0.0455416 
v -0.00404251 0.0238787 0.0458987 
v -0.00400073 0.0239466 0.0451835 
v -0.00404262 0.0238785 0.0458998 
vn -0.630084 0.775652 0.0368416 
vn -0.630084 0.775652 0.0368416 
vn -0.630084 0.775652 0.0368416 
vn -0.630084 0.775652 0.0368416 
vn -0.630084 0.775652 0.0368416 
f 1692//1692 1693//1693 1694//1694 
f 1692//1692 1695//1695 1693//1693 
f 1694//1694 1696//1696 1692//1692 
v -0.00420776 0.0238229 0.0468865 
v -0.00433358 0.0238505 0.0473612 
v -0.0042335 0.0238588 0.0471403 
v -0.00415104 0.0238678 0.0469122 
v -0.0040854 0.0238777 0.0466729 
v -0.0041731 0.0238261 0.0467129 
v -0.00410962 0.023832 0.0463949 
v -0.0040384 0.0238883 0.0464272 
v -0.00404262 0.0238785 0.0458998 
v -0.00401016 0.0238997 0.0461756 
v -0.00400073 0.0239116 0.0459188 
vn -0.571053 0.807333 -0.148705 
vn -0.533752 0.811417 -0.238142 
vn -0.553053 0.810328 -0.193651 
vn -0.571053 0.807333 -0.148705 
vn -0.587999 0.80233 -0.10258 
vn -0.583166 0.804004 -0.116168 
vn -0.603511 0.795371 -0.0562056 
vn -0.603511 0.795371 -0.0562056 
vn -0.630084 0.775652 0.0368416 
vn -0.617551 0.786471 -0.00969384 
vn -0.630084 0.775652 0.0368416 
f 1697//1697 1698//1698 1699//1699 
f 1700//1700 1701//1701 1702//1702 
f 1703//1703 1702//1702 1701//1701 
f 1701//1701 1704//1704 1703//1703 
f 1705//1705 1703//1703 1706//1706 
f 1703//1703 1704//1704 1706//1706 
f 1706//1706 1707//1707 1705//1705 
f 1702//1702 1697//1697 1700//1700 
f 1699//1699 1700//1700 1697//1697 
v -0.00789058 0.0237119 0.051939 
v -0.00843674 0.0120914 0.0522378 
v -0.00861905 0.0122811 0.0523256 
v -0.00825569 0.0118596 0.0521448 
v -0.0080986 0.011608 0.0520593 
v -0.00796641 0.0113395 0.0519838 
v -0.00789068 0.0111386 0.0519388 
v -0.00401361 0.0239191 0.0455416 
v -0.00401361 -0.0239191 0.0455416 
v -0.00404253 -0.0238786 0.0458987 
v -0.00400073 -0.0239466 0.0451835 
v -0.00404251 0.0238787 0.0458987 
v -0.00400073 0.0239466 0.0451835 
v -0.004 -0.0239517 0.0450751 
v -0.00410962 0.023832 0.0463949 
v -0.00404262 0.0238785 0.0458998 
v -0.00410962 -0.023832 0.0463949 
v -0.0041731 -0.0238261 0.0467129 
v -0.00404262 -0.0238785 0.0458998 
v -0.0041731 0.0238261 0.0467129 
v -0.00420776 0.0238229 0.0468865 
v -0.00420776 -0.0238229 0.0468865 
v -0.00433358 -0.0238505 0.0473612 
v -0.00437987 -0.0238444 0.047511 
v -0.00437987 0.0238444 0.047511 
v -0.00433358 0.0238505 0.0473612 
v -0.00467113 -0.0238142 0.0482826 
v -0.00467113 0.0238142 0.0482826 
v -0.00504028 -0.0237874 0.04902 
v -0.00548339 -0.0237641 0.0497156 
v -0.00548339 0.0237641 0.0497156 
v -0.00599575 -0.0237448 0.0503618 
v -0.00657192 -0.0237295 0.0509519 
v -0.00657192 0.0237295 0.0509519 
v -0.00720578 -0.0237185 0.0514795 
v -0.00789058 -0.0237119 0.051939 
v -0.00861905 -0.0237096 0.0523256 
v -0.00861905 -0.0122811 0.0523256 
v -0.00843674 -0.0120914 0.0522378 
v -0.00825569 -0.0118596 0.0521448 
v -0.0080986 -0.011608 0.0520593 
v -0.00796641 -0.0113395 0.0519838 
v -0.00772567 0.010461 0.0518375 
v -0.00777946 0.0107629 0.0518712 
v -0.00785984 0.0110568 0.0519205 
v -0.00720578 0.0237185 0.0514795 
v -0.00769871 0.0101542 0.0518204 
v -0.00769871 0.00984576 0.0518204 
v -0.00789068 0.00886136 0.0519388 
v -0.00772567 -0.00953896 0.0518375 
v -0.00777946 -0.00923704 0.0518712 
v -0.00785984 -0.00894317 0.0519205 
v -0.00785984 0.00894317 0.0519205 
v -0.00769871 -0.00984576 0.0518204 
v -0.00777946 0.00923704 0.0518712 
v -0.00772567 0.00953896 0.0518375 
v -0.00769871 -0.0101542 0.0518204 
v -0.00789068 -0.00886136 0.0519388 
v -0.00789068 -0.0111386 0.0519388 
v -0.00785984 -0.0110568 0.0519205 
v -0.00777946 -0.0107629 0.0518712 
v -0.00772567 -0.010461 0.0518375 
v -0.00843674 0.00790852 0.0522378 
v -0.0085812 0.00151294 0.0523078 
v -0.00861905 0.00156642 0.0523256 
v -0.00844447 0.00128888 0.0522416 
v -0.00861905 0.00771882 0.0523256 
v -0.00825569 0.00814041 0.0521448 
v -0.0080986 0.00839194 0.0520593 
v -0.00796641 0.00866048 0.0519838 
v -0.00833128 0.00104972 0.0521843 
v -0.00824243 0.000798254 0.0521378 
v -0.00817855 0.000537426 0.0521034 
v -0.00814006 0.000270298 0.0520823 
v -0.0081272 0 0.0520752 
v -0.00843674 -0.00790852 0.0522378 
v -0.00861905 -0.00771882 0.0523256 
v -0.00861905 -0.00156642 0.0523256 
v -0.0085812 -0.00151294 0.0523078 
v -0.00844447 -0.00128888 0.0522416 
v -0.00825569 -0.00814041 0.0521448 
v -0.0080986 -0.00839194 0.0520593 
v -0.00796641 -0.00866048 0.0519838 
v -0.00833128 -0.00104972 0.0521843 
v -0.00824243 -0.000798254 0.0521378 
v -0.00817855 -0.000537426 0.0521034 
v -0.00814006 -0.000270298 0.0520823 
v -0.00599575 0.0237448 0.0503618 
v -0.00504028 0.0237874 0.04902 
v -0.004 0.0239517 0.0450751 
v -0.00861905 0.0237096 0.0523256 
vn -0.513677 0 -0.857983 
vn -0.445407 0 -0.895328 
vn -0.422618 0 -0.906308 
vn -0.468038 0 -0.883708 
vn -0.487675 0 -0.873025 
vn -0.504199 0 -0.863587 
vn -0.513677 0 -0.857983 
vn -0.998299 0 -0.0583062 
vn -0.998299 0 -0.0583062 
vn -0.994686 0 -0.10295 
vn -0.999908 0 -0.0135451 
vn -0.994686 0 -0.10295 
vn -0.999908 0 -0.0135451 
vn -1 0 0 
vn -0.986298 0 -0.164973 
vn -0.994672 0 -0.103087 
vn -0.986298 0 -0.164973 
vn -0.978802 0 -0.204811 
vn -0.994672 0 -0.103087 
vn -0.978802 0 -0.204811 
vn -0.97403 0 -0.226419 
vn -0.97403 0 -0.226419 
vn -0.958303 0 -0.285755 
vn -0.952517 0 -0.304486 
vn -0.952517 0 -0.304486 
vn -0.958303 0 -0.285755 
vn -0.916108 0 -0.400931 
vn -0.916108 0 -0.400931 
vn -0.869965 0 -0.493114 
vn -0.814576 0 -0.580057 
vn -0.814576 0 -0.580057 
vn -0.750531 0 -0.660836 
vn -0.678509 0 -0.734592 
vn -0.678509 0 -0.734592 
vn -0.599278 0 -0.800541 
vn -0.513677 0 -0.857983 
vn -0.422618 0 -0.906308 
vn -0.422618 0 -0.906308 
vn -0.445407 0 -0.895328 
vn -0.468038 0 -0.883708 
vn -0.487675 0 -0.873025 
vn -0.504199 0 -0.863587 
vn -0.534292 0 -0.8453 
vn -0.527567 0 -0.849513 
vn -0.51752 0 -0.855671 
vn -0.599278 0 -0.800541 
vn -0.537662 0 -0.843161 
vn -0.537662 0 -0.843161 
vn -0.513677 0 -0.857983 
vn -0.534292 0 -0.8453 
vn -0.527567 0 -0.849513 
vn -0.51752 0 -0.855671 
vn -0.51752 0 -0.855671 
vn -0.537662 0 -0.843161 
vn -0.527567 0 -0.849513 
vn -0.534292 0 -0.8453 
vn -0.537662 0 -0.843161 
vn -0.513677 0 -0.857983 
vn -0.513677 0 -0.857983 
vn -0.51752 0 -0.855671 
vn -0.527567 0 -0.849513 
vn -0.534292 0 -0.8453 
vn -0.445407 0 -0.895328 
vn -0.42735 0 -0.904086 
vn -0.422618 0 -0.906308 
vn -0.444441 0 -0.895808 
vn -0.422618 0 -0.906308 
vn -0.468038 0 -0.883708 
vn -0.487675 0 -0.873025 
vn -0.504199 0 -0.863587 
vn -0.45859 0 -0.888648 
vn -0.469696 0 -0.882828 
vn -0.477681 0 -0.878533 
vn -0.482493 0 -0.8759 
vn -0.484101 0 -0.875012 
vn -0.445407 0 -0.895328 
vn -0.422618 0 -0.906308 
vn -0.422618 0 -0.906308 
vn -0.42735 0 -0.904086 
vn -0.444441 0 -0.895808 
vn -0.468038 0 -0.883708 
vn -0.487675 0 -0.873025 
vn -0.504199 0 -0.863587 
vn -0.45859 0 -0.888648 
vn -0.469696 0 -0.882828 
vn -0.477681 0 -0.878533 
vn -0.482493 0 -0.8759 
vn -0.750531 0 -0.660836 
vn -0.869965 0 -0.493114 
vn -1 0 6.12323e-17 
vn -0.422618 0 -0.906308 
f 1708//1708 1709//1709 1710//1710 
f 1708//1708 1711//1711 1709//1709 
f 1708//1708 1712//1712 1711//1711 
f 1708//1708 1713//1713 1712//1712 
f 1708//1708 1714//1714 1713//1713 
f 1715//1715 1716//1716 1717//1717 
f 1715//1715 1718//1718 1716//1716 
f 1717//1717 1719//1719 1715//1715 
f 1720//1720 1721//1721 1718//1718 
f 1715//1715 1720//1720 1718//1718 
f 1717//1717 1722//1722 1723//1723 
f 1722//1722 1724//1724 1725//1725 
f 1722//1722 1717//1717 1726//1726 
f 1726//1726 1724//1724 1722//1722 
f 1725//1725 1727//1727 1722//1722 
f 1728//1728 1729//1729 1730//1730 
f 1725//1725 1729//1729 1728//1728 
f 1728//1728 1727//1727 1725//1725 
f 1731//1731 1732//1732 1733//1733 
f 1733//1733 1728//1728 1731//1731 
f 1732//1732 1731//1731 1734//1734 
f 1735//1735 1734//1734 1736//1736 
f 1736//1736 1737//1737 1738//1738 
f 1738//1738 1737//1737 1739//1739 
f 1739//1739 1740//1740 1741//1741 
f 1741//1741 1740//1740 1742//1742 
f 1743//1743 1744//1744 1745//1745 
f 1745//1745 1746//1746 1743//1743 
f 1746//1746 1747//1747 1743//1743 
f 1747//1747 1748//1748 1743//1743 
f 1748//1748 1749//1749 1743//1743 
f 1708//1708 1750//1750 1751//1751 
f 1751//1751 1752//1752 1708//1708 
f 1753//1753 1754//1754 1750//1750 
f 1750//1750 1708//1708 1753//1753 
f 1753//1753 1742//1742 1755//1755 
f 1756//1756 1757//1757 1758//1758 
f 1758//1758 1759//1759 1756//1756 
f 1760//1760 1761//1761 1757//1757 
f 1757//1757 1756//1756 1760//1760 
f 1760//1760 1762//1762 1761//1761 
f 1762//1762 1763//1763 1761//1761 
f 1763//1763 1755//1755 1761//1761 
f 1742//1742 1764//1764 1761//1761 
f 1761//1761 1755//1755 1742//1742 
f 1759//1759 1765//1765 1756//1756 
f 1742//1742 1743//1743 1766//1766 
f 1766//1766 1767//1767 1742//1742 
f 1767//1767 1768//1768 1742//1742 
f 1768//1768 1769//1769 1742//1742 
f 1769//1769 1764//1764 1742//1742 
f 1755//1755 1754//1754 1753//1753 
f 1770//1770 1771//1771 1772//1772 
f 1770//1770 1773//1773 1771//1771 
f 1772//1772 1774//1774 1770//1770 
f 1770//1770 1775//1775 1773//1773 
f 1775//1775 1776//1776 1773//1773 
f 1776//1776 1777//1777 1773//1773 
f 1756//1756 1778//1778 1773//1773 
f 1756//1756 1779//1779 1778//1778 
f 1756//1756 1780//1780 1779//1779 
f 1756//1756 1781//1781 1780//1780 
f 1756//1756 1765//1765 1782//1782 
f 1782//1782 1781//1781 1756//1756 
f 1783//1783 1784//1784 1785//1785 
f 1785//1785 1786//1786 1783//1783 
f 1787//1787 1788//1788 1783//1783 
f 1787//1787 1789//1789 1788//1788 
f 1787//1787 1790//1790 1789//1789 
f 1787//1787 1765//1765 1790//1790 
f 1786//1786 1787//1787 1783//1783 
f 1787//1787 1791//1791 1765//1765 
f 1791//1791 1792//1792 1765//1765 
f 1792//1792 1793//1793 1765//1765 
f 1793//1793 1794//1794 1765//1765 
f 1794//1794 1782//1782 1765//1765 
f 1777//1777 1756//1756 1773//1773 
f 1752//1752 1714//1714 1708//1708 
f 1749//1749 1766//1766 1743//1743 
f 1742//1742 1753//1753 1741//1741 
f 1741//1741 1795//1795 1739//1739 
f 1739//1739 1795//1795 1738//1738 
f 1738//1738 1796//1796 1736//1736 
f 1736//1736 1796//1796 1735//1735 
f 1734//1734 1735//1735 1732//1732 
f 1730//1730 1731//1731 1728//1728 
f 1723//1723 1719//1719 1717//1717 
f 1720//1720 1797//1797 1721//1721 
f 1710//1710 1798//1798 1708//1708 
v 6.93889e-18 -0.0250453 0.0201851 
v 6.93889e-18 -0.0235 0.05272 
v -0.004 -0.0239517 0.0450751 
v -0.004 -0.0251391 0.0200771 
v -0.00199592 -0.0250921 0.0201313 
v -0.00400073 -0.0239116 0.0459188 
v -0.00400073 -0.0239466 0.0451835 
v -0.00401016 -0.0238997 0.0461756 
v -0.0040384 -0.0238883 0.0464272 
v -0.00437987 -0.0238444 0.047511 
v -0.00433358 -0.0238505 0.0473612 
v -0.0040854 -0.0238777 0.0466729 
v -0.00467113 -0.0238142 0.0482826 
v -0.00415104 -0.0238678 0.0469122 
v -0.0042335 -0.0238588 0.0471403 
v -0.00504028 -0.0237874 0.04902 
v -0.00548339 -0.0237641 0.0497156 
v -0.00599575 -0.0237448 0.0503618 
v -0.00657192 -0.0237295 0.0509519 
v -0.00726167 -0.0235 0.0561062 
v -0.00720578 -0.0237185 0.0514795 
v -0.00789058 -0.0237119 0.051939 
v -0.00895215 -0.0237096 0.0524809 
v -0.00861905 -0.0237096 0.0523256 
vn 0.0221181 -0.99863 0.0474325 
vn 0.0221181 -0.99863 0.0474325 
vn 0.0221181 -0.99863 0.0474325 
vn 0.0221181 -0.99863 0.0474325 
vn 0.0221181 -0.99863 0.0474325 
vn 0.0221181 -0.99863 0.0474325 
vn 0.0221181 -0.99863 0.0474325 
vn 0.0221181 -0.99863 0.0474325 
vn 0.0221181 -0.99863 0.0474325 
vn 0.0221181 -0.99863 0.0474325 
vn 0.0221181 -0.99863 0.0474325 
vn 0.0221181 -0.99863 0.0474325 
vn 0.0221181 -0.99863 0.0474325 
vn 0.0221181 -0.99863 0.0474325 
vn 0.0221181 -0.99863 0.0474325 
vn 0.0221181 -0.99863 0.0474325 
vn 0.0221181 -0.99863 0.0474325 
vn 0.0221181 -0.99863 0.0474325 
vn 0.0221181 -0.99863 0.0474325 
vn 0.0221181 -0.99863 0.0474325 
vn 0.0221181 -0.99863 0.0474325 
vn 0.0221181 -0.99863 0.0474325 
vn 0.0221181 -0.99863 0.0474325 
vn 0.0221181 -0.99863 0.0474325 
f 1799//1799 1800//1800 1801//1801 
f 1801//1801 1802//1802 1803//1803 
f 1800//1800 1804//1804 1805//1805 
f 1805//1805 1801//1801 1800//1800 
f 1800//1800 1806//1806 1804//1804 
f 1800//1800 1807//1807 1806//1806 
f 1800//1800 1808//1808 1809//1809 
f 1800//1800 1810//1810 1807//1807 
f 1800//1800 1811//1811 1808//1808 
f 1800//1800 1812//1812 1810//1810 
f 1809//1809 1813//1813 1800//1800 
f 1813//1813 1812//1812 1800//1800 
f 1800//1800 1814//1814 1811//1811 
f 1800//1800 1815//1815 1814//1814 
f 1800//1800 1816//1816 1815//1815 
f 1800//1800 1817//1817 1816//1816 
f 1800//1800 1818//1818 1819//1819 
f 1819//1819 1817//1817 1800//1800 
f 1818//1818 1820//1820 1819//1819 
f 1818//1818 1821//1821 1822//1822 
f 1822//1822 1820//1820 1818//1818 
f 1801//1801 1803//1803 1799//1799 
v -0.00400073 -0.0239116 0.0459188 
v -0.00404262 -0.0238785 0.0458998 
v -0.00404253 -0.0238786 0.0458987 
v -0.00401361 -0.0239191 0.0455416 
v -0.00400073 -0.0239466 0.0451835 
vn -0.630084 -0.775652 0.0368416 
vn -0.630084 -0.775652 0.0368416 
vn -0.630084 -0.775652 0.0368416 
vn -0.630084 -0.775652 0.0368416 
vn -0.630084 -0.775652 0.0368416 
f 1823//1823 1824//1824 1825//1825 
f 1825//1825 1826//1826 1823//1823 
f 1826//1826 1827//1827 1823//1823 
v -0.00420776 -0.0238229 0.0468865 
v -0.00415104 -0.0238678 0.0469122 
v -0.0042335 -0.0238588 0.0471403 
v -0.00410962 -0.023832 0.0463949 
v -0.0040384 -0.0238883 0.0464272 
v -0.0040854 -0.0238777 0.0466729 
v -0.0041731 -0.0238261 0.0467129 
v -0.00404262 -0.0238785 0.0458998 
v -0.00400073 -0.0239116 0.0459188 
v -0.00401016 -0.0238997 0.0461756 
v -0.00433358 -0.0238505 0.0473612 
vn -0.571053 -0.807333 -0.148705 
vn -0.571053 -0.807333 -0.148705 
vn -0.553053 -0.810328 -0.193651 
vn -0.603511 -0.795371 -0.0562056 
vn -0.603511 -0.795371 -0.0562056 
vn -0.587999 -0.80233 -0.10258 
vn -0.583166 -0.804004 -0.116168 
vn -0.630084 -0.775652 0.0368416 
vn -0.630084 -0.775652 0.0368416 
vn -0.617551 -0.786471 -0.00969384 
vn -0.533752 -0.811417 -0.238142 
f 1828//1828 1829//1829 1830//1830 
f 1831//1831 1832//1832 1833//1833 
f 1829//1829 1828//1828 1834//1834 
f 1834//1834 1833//1833 1829//1829 
f 1835//1835 1836//1836 1837//1837 
f 1837//1837 1831//1831 1835//1835 
f 1837//1837 1832//1832 1831//1831 
f 1833//1833 1834//1834 1831//1831 
f 1830//1830 1838//1838 1828//1828 
