# OBJ generated by ONSHAPE BY PTC INC, 1.221 Units = meters
mtllib link_5.mtl
usemtl 0.262745_0.282353_0.301961_0.000000_0.000000
v -0.004 -2.42861e-17 -0.048 
v -0.004 0.00189208 -0.0653974 
v -0.004 0.00376198 -0.0650909 
v -0.004 0.00558778 -0.0645839 
v -0.004 0.00734806 -0.0638826 
v -0.004 0.00902219 -0.062995 
v -0.004 0.0105905 -0.0619316 
v -0.004 0.0120347 -0.0607049 
v -0.004 0.0133378 -0.0593293 
v -0.004 0.0144846 -0.0578208 
v -0.004 0.0154615 -0.0561971 
v -0.004 0.0162571 -0.0544774 
v -0.004 0.0168621 -0.0526817 
v -0.004 0.0172695 -0.0508312 
v -0.004 0.0174743 -0.0489474 
v -0.004 0.0174743 -0.0470526 
v -0.004 0.0172695 -0.0451688 
v -0.004 0.0168621 -0.0433183 
v -0.004 0.0162571 -0.0415226 
v -0.004 0.0154615 -0.0398029 
v -0.004 0.0144846 -0.0381792 
v -0.004 0.0133378 -0.0366707 
v -0.004 0.0120347 -0.0352951 
v -0.004 0.0105905 -0.0340684 
v -0.004 0.00902219 -0.033005 
v -0.004 0.00734806 -0.0321174 
v -0.004 0.00558778 -0.0314161 
v -0.004 0.00376198 -0.0309091 
v -0.004 0.00189208 -0.0306026 
v -0.004 -2.42861e-17 -0.0305 
v -0.004 -0.00189208 -0.0306026 
v -0.004 -0.00376198 -0.0309091 
v -0.004 -0.00558778 -0.0314161 
v -0.004 -0.00734806 -0.0321174 
v -0.004 -0.00902219 -0.033005 
v -0.004 -0.0105905 -0.0340684 
v -0.004 -0.0120347 -0.0352951 
v -0.004 -0.0133378 -0.0366707 
v -0.004 -0.0144846 -0.0381792 
v -0.004 -0.0154615 -0.0398029 
v -0.004 -0.0162571 -0.0415226 
v -0.004 -0.0168621 -0.0433183 
v -0.004 -0.0172695 -0.0451688 
v -0.004 -0.0174743 -0.0470526 
v -0.004 -0.0174743 -0.0489474 
v -0.004 -0.0172695 -0.0508312 
v -0.004 -0.0168621 -0.0526817 
v -0.004 -0.0162571 -0.0544774 
v -0.004 -0.0154615 -0.0561971 
v -0.004 -0.0144846 -0.0578208 
v -0.004 -0.0133378 -0.0593293 
v -0.004 -0.0120347 -0.0607049 
v -0.004 -0.0105905 -0.0619316 
v -0.004 -0.00902219 -0.062995 
v -0.004 -0.00734806 -0.0638826 
v -0.004 -0.00558778 -0.0645839 
v -0.004 -0.00376198 -0.0650909 
v -0.004 -0.00189208 -0.0653974 
v -0.004 -1.78567e-17 -0.0655 
vn 1 0 1.48691e-16 
vn 1 0 1.48691e-16 
vn 1 0 1.48691e-16 
vn 1 0 1.48691e-16 
vn 1 0 1.48691e-16 
vn 1 0 1.48691e-16 
vn 1 0 1.48691e-16 
vn 1 0 1.48691e-16 
vn 1 0 1.48691e-16 
vn 1 0 1.48691e-16 
vn 1 0 1.48691e-16 
vn 1 0 1.48691e-16 
vn 1 0 1.48691e-16 
vn 1 0 1.48691e-16 
vn 1 0 1.48691e-16 
vn 1 0 1.48691e-16 
vn 1 0 1.48691e-16 
vn 1 0 1.48691e-16 
vn 1 0 1.48691e-16 
vn 1 0 1.48691e-16 
vn 1 0 1.48691e-16 
vn 1 0 1.48691e-16 
vn 1 0 1.48691e-16 
vn 1 0 1.48691e-16 
vn 1 0 1.48691e-16 
vn 1 0 1.48691e-16 
vn 1 0 1.48691e-16 
vn 1 0 1.48691e-16 
vn 1 0 1.48691e-16 
vn 1 0 1.48691e-16 
vn 1 0 1.48691e-16 
vn 1 0 1.48691e-16 
vn 1 0 1.48691e-16 
vn 1 0 1.48691e-16 
vn 1 0 1.48691e-16 
vn 1 0 1.48691e-16 
vn 1 0 1.48691e-16 
vn 1 0 1.48691e-16 
vn 1 0 1.48691e-16 
vn 1 0 1.48691e-16 
vn 1 0 1.48691e-16 
vn 1 0 1.48691e-16 
vn 1 0 1.48691e-16 
vn 1 0 1.48691e-16 
vn 1 0 1.48691e-16 
vn 1 0 1.48691e-16 
vn 1 0 1.48691e-16 
vn 1 0 1.48691e-16 
vn 1 0 1.48691e-16 
vn 1 0 1.48691e-16 
vn 1 0 1.48691e-16 
vn 1 0 1.48691e-16 
vn 1 0 1.48691e-16 
vn 1 0 1.48691e-16 
vn 1 0 1.48691e-16 
vn 1 0 1.48691e-16 
vn 1 0 1.48691e-16 
vn 1 0 1.48691e-16 
vn 1 0 1.48691e-16 
f 1//1 2//2 3//3 
f 3//3 4//4 1//1 
f 4//4 5//5 1//1 
f 5//5 6//6 1//1 
f 6//6 7//7 1//1 
f 7//7 8//8 1//1 
f 8//8 9//9 1//1 
f 9//9 10//10 1//1 
f 10//10 11//11 1//1 
f 11//11 12//12 1//1 
f 12//12 13//13 1//1 
f 13//13 14//14 1//1 
f 14//14 15//15 1//1 
f 15//15 16//16 1//1 
f 16//16 17//17 1//1 
f 17//17 18//18 1//1 
f 18//18 19//19 1//1 
f 19//19 20//20 1//1 
f 20//20 21//21 1//1 
f 21//21 22//22 1//1 
f 22//22 23//23 1//1 
f 23//23 24//24 1//1 
f 24//24 25//25 1//1 
f 25//25 26//26 1//1 
f 26//26 27//27 1//1 
f 27//27 28//28 1//1 
f 28//28 29//29 1//1 
f 29//29 30//30 1//1 
f 30//30 31//31 1//1 
f 31//31 32//32 1//1 
f 32//32 33//33 1//1 
f 33//33 34//34 1//1 
f 34//34 35//35 1//1 
f 35//35 36//36 1//1 
f 36//36 37//37 1//1 
f 37//37 38//38 1//1 
f 38//38 39//39 1//1 
f 39//39 40//40 1//1 
f 40//40 41//41 1//1 
f 41//41 42//42 1//1 
f 42//42 43//43 1//1 
f 43//43 44//44 1//1 
f 44//44 45//45 1//1 
f 45//45 46//46 1//1 
f 46//46 47//47 1//1 
f 47//47 48//48 1//1 
f 48//48 49//49 1//1 
f 49//49 50//50 1//1 
f 50//50 51//51 1//1 
f 51//51 52//52 1//1 
f 52//52 53//53 1//1 
f 53//53 54//54 1//1 
f 54//54 55//55 1//1 
f 55//55 56//56 1//1 
f 56//56 57//57 1//1 
f 57//57 58//58 1//1 
f 58//58 59//59 1//1 
f 59//59 2//2 1//1 
v -0.009 -2.42861e-17 -0.0305 
v -0.004 -2.42861e-17 -0.0305 
v -0.004 0.00189208 -0.0306026 
v -0.009 0.00189208 -0.0306026 
v -0.004 0.00376198 -0.0309091 
v -0.009 0.00376198 -0.0309091 
v -0.004 0.00558778 -0.0314161 
v -0.009 0.00558778 -0.0314161 
v -0.004 0.00734806 -0.0321174 
v -0.009 0.00734806 -0.0321174 
v -0.004 0.00902219 -0.033005 
v -0.009 0.00902219 -0.033005 
v -0.004 0.0105905 -0.0340684 
v -0.009 0.0105905 -0.0340684 
v -0.004 0.0120347 -0.0352951 
v -0.009 0.0120347 -0.0352951 
v -0.004 0.0133378 -0.0366707 
v -0.009 0.0133378 -0.0366707 
v -0.004 0.0144846 -0.0381792 
v -0.009 0.0144846 -0.0381792 
v -0.004 0.0154615 -0.0398029 
v -0.009 0.0154615 -0.0398029 
v -0.004 0.0162571 -0.0415226 
v -0.009 0.0162571 -0.0415226 
v -0.004 0.0168621 -0.0433183 
v -0.009 0.0168621 -0.0433183 
v -0.004 0.0172695 -0.0451688 
v -0.009 0.0172695 -0.0451688 
v -0.004 0.0174743 -0.0470526 
v -0.009 0.0174743 -0.0470526 
v -0.004 0.0174743 -0.0489474 
v -0.009 0.0174743 -0.0489474 
v -0.004 0.0172695 -0.0508312 
v -0.009 0.0172695 -0.0508312 
v -0.004 0.0168621 -0.0526817 
v -0.009 0.0168621 -0.0526817 
v -0.004 0.0162571 -0.0544774 
v -0.009 0.0162571 -0.0544774 
v -0.004 0.0154615 -0.0561971 
v -0.009 0.0154615 -0.0561971 
v -0.004 0.0144846 -0.0578208 
v -0.009 0.0144846 -0.0578208 
v -0.004 0.0133378 -0.0593293 
v -0.009 0.0133378 -0.0593293 
v -0.004 0.0120347 -0.0607049 
v -0.009 0.0120347 -0.0607049 
v -0.004 0.0105905 -0.0619316 
v -0.009 0.0105905 -0.0619316 
v -0.004 0.00902219 -0.062995 
v -0.009 0.00902219 -0.062995 
v -0.004 0.00734806 -0.0638826 
v -0.009 0.00734806 -0.0638826 
v -0.004 0.00558778 -0.0645839 
v -0.009 0.00558778 -0.0645839 
v -0.004 0.00376198 -0.0650909 
v -0.009 0.00376198 -0.0650909 
v -0.004 0.00189208 -0.0653974 
v -0.009 0.00189208 -0.0653974 
v -0.004 -1.78567e-17 -0.0655 
v -0.009 -2.2143e-17 -0.0655 
v -0.004 -0.00189208 -0.0653974 
v -0.009 -0.00189208 -0.0653974 
v -0.004 -0.00376198 -0.0650909 
v -0.009 -0.00376198 -0.0650909 
v -0.004 -0.00558778 -0.0645839 
v -0.009 -0.00558778 -0.0645839 
v -0.004 -0.00734806 -0.0638826 
v -0.009 -0.00734806 -0.0638826 
v -0.004 -0.00902219 -0.062995 
v -0.009 -0.00902219 -0.062995 
v -0.004 -0.0105905 -0.0619316 
v -0.009 -0.0105905 -0.0619316 
v -0.004 -0.0120347 -0.0607049 
v -0.009 -0.0120347 -0.0607049 
v -0.004 -0.0133378 -0.0593293 
v -0.009 -0.0133378 -0.0593293 
v -0.004 -0.0144846 -0.0578208 
v -0.009 -0.0144846 -0.0578208 
v -0.004 -0.0154615 -0.0561971 
v -0.009 -0.0154615 -0.0561971 
v -0.004 -0.0162571 -0.0544774 
v -0.009 -0.0162571 -0.0544774 
v -0.004 -0.0168621 -0.0526817 
v -0.009 -0.0168621 -0.0526817 
v -0.004 -0.0172695 -0.0508312 
v -0.009 -0.0172695 -0.0508312 
v -0.004 -0.0174743 -0.0489474 
v -0.009 -0.0174743 -0.0489474 
v -0.004 -0.0174743 -0.0470526 
v -0.009 -0.0174743 -0.0470526 
v -0.004 -0.0172695 -0.0451688 
v -0.009 -0.0172695 -0.0451688 
v -0.004 -0.0168621 -0.0433183 
v -0.009 -0.0168621 -0.0433183 
v -0.004 -0.0162571 -0.0415226 
v -0.009 -0.0162571 -0.0415226 
v -0.004 -0.0154615 -0.0398029 
v -0.009 -0.0154615 -0.0398029 
v -0.004 -0.0144846 -0.0381792 
v -0.009 -0.0144846 -0.0381792 
v -0.004 -0.0133378 -0.0366707 
v -0.009 -0.0133378 -0.0366707 
v -0.004 -0.0120347 -0.0352951 
v -0.009 -0.0120347 -0.0352951 
v -0.004 -0.0105905 -0.0340684 
v -0.009 -0.0105905 -0.0340684 
v -0.004 -0.00902219 -0.033005 
v -0.009 -0.00902219 -0.033005 
v -0.004 -0.00734806 -0.0321174 
v -0.009 -0.00734806 -0.0321174 
v -0.004 -0.00558778 -0.0314161 
v -0.009 -0.00558778 -0.0314161 
v -0.004 -0.00376198 -0.0309091 
v -0.009 -0.00376198 -0.0309091 
v -0.004 -0.00189208 -0.0306026 
v -0.009 -0.00189208 -0.0306026 
vn -1.48691e-16 0 1 
vn -1.48691e-16 0 1 
vn -1.47819e-16 0.108119 0.994138 
vn -1.47819e-16 0.108119 0.994138 
vn -1.45214e-16 0.21497 0.976621 
vn -1.45214e-16 0.21497 0.976621 
vn -1.40907e-16 0.319302 0.947653 
vn -1.40907e-16 0.319302 0.947653 
vn -1.34948e-16 0.419889 0.907575 
vn -1.34948e-16 0.419889 0.907575 
vn -1.27407e-16 0.515554 0.856857 
vn -1.27407e-16 0.515554 0.856857 
vn -1.18372e-16 0.605174 0.796093 
vn -1.18372e-16 0.605174 0.796093 
vn -1.07949e-16 0.687699 0.725995 
vn -1.07949e-16 0.687699 0.725995 
vn -9.62602e-17 0.762162 0.647386 
vn -9.62602e-17 0.762162 0.647386 
vn -8.34432e-17 0.827689 0.561187 
vn -8.34432e-17 0.827689 0.561187 
vn -6.96479e-17 0.883512 0.468408 
vn -6.96479e-17 0.883512 0.468408 
vn -5.50361e-17 0.928977 0.370138 
vn -5.50361e-17 0.928977 0.370138 
vn -3.97789e-17 0.96355 0.267528 
vn -3.97789e-17 0.96355 0.267528 
vn -2.40555e-17 0.986827 0.161782 
vn -2.40555e-17 0.986827 0.161782 
vn -8.04995e-18 0.998533 0.0541389 
vn -8.04995e-18 0.998533 0.0541389 
vn 8.04995e-18 0.998533 -0.0541389 
vn 8.04995e-18 0.998533 -0.0541389 
vn 2.40555e-17 0.986827 -0.161782 
vn 2.40555e-17 0.986827 -0.161782 
vn 3.97789e-17 0.96355 -0.267528 
vn 3.97789e-17 0.96355 -0.267528 
vn 5.50361e-17 0.928977 -0.370138 
vn 5.50361e-17 0.928977 -0.370138 
vn 6.96479e-17 0.883512 -0.468408 
vn 6.96479e-17 0.883512 -0.468408 
vn 8.34432e-17 0.827689 -0.561187 
vn 8.34432e-17 0.827689 -0.561187 
vn 9.62602e-17 0.762162 -0.647386 
vn 9.62602e-17 0.762162 -0.647386 
vn 1.07949e-16 0.687699 -0.725995 
vn 1.07949e-16 0.687699 -0.725995 
vn 1.18372e-16 0.605174 -0.796093 
vn 1.18372e-16 0.605174 -0.796093 
vn 1.27407e-16 0.515554 -0.856857 
vn 1.27407e-16 0.515554 -0.856857 
vn 1.34948e-16 0.419889 -0.907575 
vn 1.34948e-16 0.419889 -0.907575 
vn 1.40907e-16 0.319302 -0.947653 
vn 1.40907e-16 0.319302 -0.947653 
vn 1.45214e-16 0.21497 -0.976621 
vn 1.45214e-16 0.21497 -0.976621 
vn 1.47819e-16 0.108119 -0.994138 
vn 1.47819e-16 0.108119 -0.994138 
vn 1.48691e-16 1.22465e-16 -1 
vn 1.48691e-16 1.22465e-16 -1 
vn 1.47819e-16 -0.108119 -0.994138 
vn 1.47819e-16 -0.108119 -0.994138 
vn 1.45214e-16 -0.21497 -0.976621 
vn 1.45214e-16 -0.21497 -0.976621 
vn 1.40907e-16 -0.319302 -0.947653 
vn 1.40907e-16 -0.319302 -0.947653 
vn 1.34948e-16 -0.419889 -0.907575 
vn 1.34948e-16 -0.419889 -0.907575 
vn 1.27407e-16 -0.515554 -0.856857 
vn 1.27407e-16 -0.515554 -0.856857 
vn 1.18372e-16 -0.605174 -0.796093 
vn 1.18372e-16 -0.605174 -0.796093 
vn 1.07949e-16 -0.687699 -0.725995 
vn 1.07949e-16 -0.687699 -0.725995 
vn 9.62602e-17 -0.762162 -0.647386 
vn 9.62602e-17 -0.762162 -0.647386 
vn 8.34432e-17 -0.827689 -0.561187 
vn 8.34432e-17 -0.827689 -0.561187 
vn 6.96479e-17 -0.883512 -0.468408 
vn 6.96479e-17 -0.883512 -0.468408 
vn 5.50361e-17 -0.928977 -0.370138 
vn 5.50361e-17 -0.928977 -0.370138 
vn 3.97789e-17 -0.96355 -0.267528 
vn 3.97789e-17 -0.96355 -0.267528 
vn 2.40555e-17 -0.986827 -0.161782 
vn 2.40555e-17 -0.986827 -0.161782 
vn 8.04995e-18 -0.998533 -0.0541389 
vn 8.04995e-18 -0.998533 -0.0541389 
vn -8.04995e-18 -0.998533 0.0541389 
vn -8.04995e-18 -0.998533 0.0541389 
vn -2.40555e-17 -0.986827 0.161782 
vn -2.40555e-17 -0.986827 0.161782 
vn -3.97789e-17 -0.96355 0.267528 
vn -3.97789e-17 -0.96355 0.267528 
vn -5.50361e-17 -0.928977 0.370138 
vn -5.50361e-17 -0.928977 0.370138 
vn -6.96479e-17 -0.883512 0.468408 
vn -6.96479e-17 -0.883512 0.468408 
vn -8.34432e-17 -0.827689 0.561187 
vn -8.34432e-17 -0.827689 0.561187 
vn -9.62602e-17 -0.762162 0.647386 
vn -9.62602e-17 -0.762162 0.647386 
vn -1.07949e-16 -0.687699 0.725995 
vn -1.07949e-16 -0.687699 0.725995 
vn -1.18372e-16 -0.605174 0.796093 
vn -1.18372e-16 -0.605174 0.796093 
vn -1.27407e-16 -0.515554 0.856857 
vn -1.27407e-16 -0.515554 0.856857 
vn -1.34948e-16 -0.419889 0.907575 
vn -1.34948e-16 -0.419889 0.907575 
vn -1.40907e-16 -0.319302 0.947653 
vn -1.40907e-16 -0.319302 0.947653 
vn -1.45214e-16 -0.21497 0.976621 
vn -1.45214e-16 -0.21497 0.976621 
vn -1.47819e-16 -0.108119 0.994138 
vn -1.47819e-16 -0.108119 0.994138 
f 60//60 61//61 62//62 
f 63//63 62//62 64//64 
f 65//65 64//64 66//66 
f 67//67 66//66 68//68 
f 69//69 68//68 70//70 
f 71//71 70//70 72//72 
f 73//73 72//72 74//74 
f 75//75 74//74 76//76 
f 77//77 76//76 78//78 
f 79//79 78//78 80//80 
f 81//81 80//80 82//82 
f 83//83 82//82 84//84 
f 85//85 84//84 86//86 
f 87//87 86//86 88//88 
f 89//89 88//88 90//90 
f 91//91 90//90 92//92 
f 93//93 92//92 94//94 
f 95//95 94//94 96//96 
f 97//97 96//96 98//98 
f 99//99 98//98 100//100 
f 101//101 100//100 102//102 
f 103//103 102//102 104//104 
f 105//105 104//104 106//106 
f 107//107 106//106 108//108 
f 109//109 108//108 110//110 
f 111//111 110//110 112//112 
f 113//113 112//112 114//114 
f 115//115 114//114 116//116 
f 117//117 116//116 118//118 
f 119//119 118//118 120//120 
f 121//121 120//120 122//122 
f 123//123 122//122 124//124 
f 125//125 124//124 126//126 
f 127//127 126//126 128//128 
f 129//129 128//128 130//130 
f 131//131 130//130 132//132 
f 133//133 132//132 134//134 
f 135//135 134//134 136//136 
f 137//137 136//136 138//138 
f 139//139 138//138 140//140 
f 141//141 140//140 142//142 
f 143//143 142//142 144//144 
f 145//145 144//144 146//146 
f 147//147 146//146 148//148 
f 149//149 148//148 150//150 
f 151//151 150//150 152//152 
f 153//153 152//152 154//154 
f 155//155 154//154 156//156 
f 157//157 156//156 158//158 
f 159//159 158//158 160//160 
f 161//161 160//160 162//162 
f 163//163 162//162 164//164 
f 165//165 164//164 166//166 
f 167//167 166//166 168//168 
f 169//169 168//168 170//170 
f 171//171 170//170 172//172 
f 173//173 172//172 174//174 
f 175//175 174//174 61//61 
f 61//61 60//60 175//175 
f 174//174 175//175 173//173 
f 172//172 173//173 171//171 
f 170//170 171//171 169//169 
f 168//168 169//169 167//167 
f 166//166 167//167 165//165 
f 164//164 165//165 163//163 
f 162//162 163//163 161//161 
f 160//160 161//161 159//159 
f 158//158 159//159 157//157 
f 156//156 157//157 155//155 
f 154//154 155//155 153//153 
f 152//152 153//153 151//151 
f 150//150 151//151 149//149 
f 148//148 149//149 147//147 
f 146//146 147//147 145//145 
f 144//144 145//145 143//143 
f 142//142 143//143 141//141 
f 140//140 141//141 139//139 
f 138//138 139//139 137//137 
f 136//136 137//137 135//135 
f 134//134 135//135 133//133 
f 132//132 133//133 131//131 
f 130//130 131//131 129//129 
f 128//128 129//129 127//127 
f 126//126 127//127 125//125 
f 124//124 125//125 123//123 
f 122//122 123//123 121//121 
f 120//120 121//121 119//119 
f 118//118 119//119 117//117 
f 116//116 117//117 115//115 
f 114//114 115//115 113//113 
f 112//112 113//113 111//111 
f 110//110 111//111 109//109 
f 108//108 109//109 107//107 
f 106//106 107//107 105//105 
f 104//104 105//105 103//103 
f 102//102 103//103 101//101 
f 100//100 101//101 99//99 
f 98//98 99//99 97//97 
f 96//96 97//97 95//95 
f 94//94 95//95 93//93 
f 92//92 93//93 91//91 
f 90//90 91//91 89//89 
f 88//88 89//89 87//87 
f 86//86 87//87 85//85 
f 84//84 85//85 83//83 
f 82//82 83//83 81//81 
f 80//80 81//81 79//79 
f 78//78 79//79 77//77 
f 76//76 77//77 75//75 
f 74//74 75//75 73//73 
f 72//72 73//73 71//71 
f 70//70 71//71 69//69 
f 68//68 69//69 67//67 
f 66//66 67//67 65//65 
f 64//64 65//65 63//63 
f 62//62 63//63 60//60 
v -0.009 -0.0162571 -0.0544774 
v -0.009 -0.0157926 -0.0542923 
v -0.009 -0.0150197 -0.0559629 
v -0.009 -0.0168621 -0.0526817 
v -0.009 -0.0163803 -0.052548 
v -0.009 -0.0144846 -0.0578208 
v -0.009 -0.0154615 -0.0561971 
v -0.009 -0.0174743 -0.0489474 
v -0.009 -0.0169751 -0.0489204 
v -0.009 -0.0167761 -0.0507503 
v -0.009 -0.0174743 -0.0470526 
v -0.009 -0.0169751 -0.0470796 
v -0.009 0.0154615 -0.0398029 
v -0.009 0.0162571 -0.0415226 
v -0.009 0.0157926 -0.0417077 
v -0.009 0.0168621 -0.0433183 
v -0.009 0.0163803 -0.043452 
v -0.009 0.0174743 -0.0470526 
v -0.009 0.0169751 -0.0470796 
v -0.009 0.0167761 -0.0452497 
v -0.009 0.0174743 -0.0489474 
v -0.009 0.0169751 -0.0489204 
v -0.009 -0.0172695 -0.0508312 
v -0.009 -0.0172695 -0.0451688 
v -0.009 -0.0167761 -0.0452497 
v -0.009 -0.0168621 -0.0433183 
v -0.009 -0.0163803 -0.043452 
v -0.009 -0.0162571 -0.0415226 
v -0.009 -0.0157926 -0.0417077 
v -0.009 -0.0154615 -0.0398029 
v -0.009 -0.0150197 -0.0400371 
v -0.009 -0.0144846 -0.0381792 
v -0.009 -0.0140707 -0.0384598 
v -0.009 0.0133378 -0.0366707 
v -0.009 0.0144846 -0.0381792 
v -0.009 0.0140707 -0.0384598 
v -0.009 0.0150197 -0.0400371 
v -0.009 0.0172695 -0.0451688 
v -0.009 0.0172695 -0.0508312 
v -0.009 0.0167761 -0.0507503 
v -0.009 0.0162571 -0.0544774 
v -0.009 0.0157926 -0.0542923 
v -0.009 0.0163803 -0.052548 
v -0.009 0.0154615 -0.0561971 
v -0.009 0.0150197 -0.0559629 
v -0.009 -0.00902219 -0.062995 
v -0.009 -0.0105905 -0.0619316 
v -0.009 -0.010288 -0.0615336 
v -0.009 -0.0120347 -0.0607049 
v -0.009 -0.0116909 -0.0603419 
v -0.009 -0.0133378 -0.0593293 
v -0.009 -0.0129568 -0.0590056 
v -0.009 -0.0140707 -0.0575402 
v -0.009 0.00902219 -0.033005 
v -0.009 0.0105905 -0.0340684 
v -0.009 0.010288 -0.0344664 
v -0.009 0.0120347 -0.0352951 
v -0.009 0.0116909 -0.0356581 
v -0.009 0.0129568 -0.0369944 
v -0.009 0.0168621 -0.0526817 
v -0.009 0.0144846 -0.0578208 
v -0.009 0.0140707 -0.0575402 
v -0.009 0.0133378 -0.0593293 
v -0.009 0.0129568 -0.0590056 
v -0.009 0.0120347 -0.0607049 
v -0.009 0.0105905 -0.0619316 
v -0.009 0.010288 -0.0615336 
v -0.009 0.00902219 -0.062995 
v -0.009 0.00876442 -0.0625666 
v -0.009 -0.00189208 -0.0653974 
v -0.009 -0.00183802 -0.0649003 
v -0.009 -1.80404e-17 -0.065 
v -0.009 -0.00376198 -0.0650909 
v -0.009 -0.0036545 -0.0646025 
v -0.009 -0.0133378 -0.0366707 
v -0.009 -0.0129568 -0.0369944 
v -0.009 -0.0120347 -0.0352951 
v -0.009 -0.0116909 -0.0356581 
v -0.009 -0.0105905 -0.0340684 
v -0.009 -0.010288 -0.0344664 
v -0.009 -0.00902219 -0.033005 
v -0.009 -0.00876442 -0.0334334 
v -0.009 -0.00558778 -0.0314161 
v -0.009 -0.00376198 -0.0309091 
v -0.009 -0.0036545 -0.0313975 
v -0.009 -0.00189208 -0.0306026 
v -0.009 -0.00183802 -0.0310997 
v -0.009 0.00376198 -0.0309091 
v -0.009 0.0036545 -0.0313975 
v -0.009 0.00183802 -0.0310997 
v -0.009 0.00558778 -0.0314161 
v -0.009 0.00542813 -0.0318899 
v -0.009 0.0116909 -0.0603419 
v -0.009 0.00734806 -0.0638826 
v -0.009 0.00713811 -0.0634288 
v -0.009 0.00558778 -0.0645839 
v -0.009 0.00542813 -0.0641101 
v -0.009 0.00376198 -0.0650909 
v -0.009 0.0036545 -0.0646025 
v -0.009 0.00189208 -0.0653974 
v -0.009 0.00183802 -0.0649003 
v -0.009 -2.2143e-17 -0.0655 
v -0.009 -0.00558778 -0.0645839 
v -0.009 -0.00542813 -0.0641101 
v -0.009 -0.00734806 -0.0638826 
v -0.009 -0.00713811 -0.0634288 
v -0.009 -0.00876442 -0.0625666 
v -0.009 -0.00734806 -0.0321174 
v -0.009 -0.00713811 -0.0325712 
v -0.009 -0.00542813 -0.0318899 
v -0.009 -2.42861e-17 -0.0305 
v -0.009 -2.42861e-17 -0.031 
v -0.009 0.00189208 -0.0306026 
v -0.009 0.00734806 -0.0321174 
v -0.009 0.00713811 -0.0325712 
v -0.009 0.00876442 -0.0334334 
vn -1 0 -1.48691e-16 
vn -1 0 -1.48691e-16 
vn -1 0 -1.48691e-16 
vn -1 0 -1.48691e-16 
vn -1 0 -1.48691e-16 
vn -1 0 -1.48691e-16 
vn -1 0 -1.48691e-16 
vn -1 0 -1.48691e-16 
vn -1 0 -1.48691e-16 
vn -1 0 -1.48691e-16 
vn -1 0 -1.48691e-16 
vn -1 0 -1.48691e-16 
vn -1 0 -1.48691e-16 
vn -1 0 -1.48691e-16 
vn -1 0 -1.48691e-16 
vn -1 0 -1.48691e-16 
vn -1 0 -1.48691e-16 
vn -1 0 -1.48691e-16 
vn -1 0 -1.48691e-16 
vn -1 0 -1.48691e-16 
vn -1 0 -1.48691e-16 
vn -1 0 -1.48691e-16 
vn -1 0 -1.48691e-16 
vn -1 0 -1.48691e-16 
vn -1 0 -1.48691e-16 
vn -1 0 -1.48691e-16 
vn -1 0 -1.48691e-16 
vn -1 0 -1.48691e-16 
vn -1 0 -1.48691e-16 
vn -1 0 -1.48691e-16 
vn -1 0 -1.48691e-16 
vn -1 0 -1.48691e-16 
vn -1 0 -1.48691e-16 
vn -1 0 -1.48691e-16 
vn -1 0 -1.48691e-16 
vn -1 0 -1.48691e-16 
vn -1 0 -1.48691e-16 
vn -1 0 -1.48691e-16 
vn -1 0 -1.48691e-16 
vn -1 0 -1.48691e-16 
vn -1 0 -1.48691e-16 
vn -1 0 -1.48691e-16 
vn -1 0 -1.48691e-16 
vn -1 0 -1.48691e-16 
vn -1 0 -1.48691e-16 
vn -1 0 -1.48691e-16 
vn -1 0 -1.48691e-16 
vn -1 0 -1.48691e-16 
vn -1 0 -1.48691e-16 
vn -1 0 -1.48691e-16 
vn -1 0 -1.48691e-16 
vn -1 0 -1.48691e-16 
vn -1 0 -1.48691e-16 
vn -1 0 -1.48691e-16 
vn -1 0 -1.48691e-16 
vn -1 0 -1.48691e-16 
vn -1 0 -1.48691e-16 
vn -1 0 -1.48691e-16 
vn -1 0 -1.48691e-16 
vn -1 0 -1.48691e-16 
vn -1 0 -1.48691e-16 
vn -1 0 -1.48691e-16 
vn -1 0 -1.48691e-16 
vn -1 0 -1.48691e-16 
vn -1 0 -1.48691e-16 
vn -1 0 -1.48691e-16 
vn -1 0 -1.48691e-16 
vn -1 0 -1.48691e-16 
vn -1 0 -1.48691e-16 
vn -1 0 -1.48691e-16 
vn -1 0 -1.48691e-16 
vn -1 0 -1.48691e-16 
vn -1 0 -1.48691e-16 
vn -1 0 -1.48691e-16 
vn -1 0 -1.48691e-16 
vn -1 0 -1.48691e-16 
vn -1 0 -1.48691e-16 
vn -1 0 -1.48691e-16 
vn -1 0 -1.48691e-16 
vn -1 0 -1.48691e-16 
vn -1 0 -1.48691e-16 
vn -1 0 -1.48691e-16 
vn -1 0 -1.48691e-16 
vn -1 0 -1.48691e-16 
vn -1 0 -1.48691e-16 
vn -1 0 -1.48691e-16 
vn -1 0 -1.48691e-16 
vn -1 0 -1.48691e-16 
vn -1 0 -1.48691e-16 
vn -1 0 -1.48691e-16 
vn -1 0 -1.48691e-16 
vn -1 0 -1.48691e-16 
vn -1 0 -1.48691e-16 
vn -1 0 -1.48691e-16 
vn -1 0 -1.48691e-16 
vn -1 0 -1.48691e-16 
vn -1 0 -1.48691e-16 
vn -1 0 -1.48691e-16 
vn -1 0 -1.48691e-16 
vn -1 0 -1.48691e-16 
vn -1 0 -1.48691e-16 
vn -1 0 -1.48691e-16 
vn -1 0 -1.48691e-16 
vn -1 0 -1.48691e-16 
vn -1 0 -1.48691e-16 
vn -1 0 -1.48691e-16 
vn -1 0 -1.48691e-16 
vn -1 0 -1.48691e-16 
vn -1 0 -1.48691e-16 
vn -1 0 -1.48691e-16 
vn -1 0 -1.48691e-16 
vn -1 0 -1.48691e-16 
vn -1 0 -1.48691e-16 
vn -1 0 -1.48691e-16 
vn -1 0 -1.48691e-16 
vn -1 0 -1.48691e-16 
f 176//176 177//177 178//178 
f 176//176 179//179 180//180 
f 181//181 182//182 178//178 
f 180//180 177//177 176//176 
f 183//183 184//184 185//185 
f 183//183 186//186 187//187 
f 188//188 189//189 190//190 
f 189//189 191//191 192//192 
f 193//193 194//194 195//195 
f 193//193 196//196 197//197 
f 178//178 182//182 176//176 
f 179//179 198//198 185//185 
f 187//187 184//184 183//183 
f 186//186 199//199 200//200 
f 199//199 201//201 202//202 
f 203//203 204//204 202//202 
f 203//203 205//205 206//206 
f 205//205 207//207 208//208 
f 209//209 210//210 211//211 
f 210//210 188//188 212//212 
f 192//192 190//190 189//189 
f 191//191 213//213 195//195 
f 197//197 194//194 193//193 
f 196//196 214//214 215//215 
f 216//216 217//217 218//218 
f 219//219 220//220 217//217 
f 221//221 222//222 223//223 
f 222//222 224//224 225//225 
f 226//226 227//227 225//225 
f 226//226 181//181 228//228 
f 185//185 180//180 179//179 
f 200//200 187//187 186//186 
f 202//202 201//201 203//203 
f 208//208 206//206 205//205 
f 229//229 230//230 231//231 
f 230//230 232//232 233//233 
f 232//232 209//209 234//234 
f 212//212 211//211 210//210 
f 195//195 192//192 191//191 
f 215//215 197//197 196//196 
f 235//235 218//218 215//215 
f 217//217 216//216 219//219 
f 236//236 237//237 220//220 
f 236//236 238//238 239//239 
f 240//240 241//241 242//242 
f 243//243 244//244 242//242 
f 245//245 246//246 247//247 
f 248//248 249//249 246//246 
f 225//225 223//223 222//222 
f 228//228 227//227 226//226 
f 185//185 198//198 183//183 
f 206//206 204//204 203//203 
f 207//207 250//250 251//251 
f 250//250 252//252 253//253 
f 254//254 255//255 253//253 
f 256//256 257//257 255//255 
f 258//258 259//259 260//260 
f 259//259 261//261 262//262 
f 263//263 264//264 265//265 
f 266//266 267//267 264//264 
f 233//233 231//231 230//230 
f 211//211 234//234 209//209 
f 195//195 213//213 193//193 
f 218//218 235//235 216//216 
f 239//239 237//237 236//236 
f 238//238 240//240 268//268 
f 242//242 241//241 243//243 
f 269//269 270//270 244//244 
f 271//271 272//272 270//270 
f 271//271 273//273 274//274 
f 273//273 275//275 276//276 
f 277//277 247//247 276//276 
f 246//246 245//245 248//248 
f 278//278 279//279 249//249 
f 280//280 281//281 279//279 
f 280//280 221//221 282//282 
f 225//225 224//224 226//226 
f 202//202 200//200 199//199 
f 253//253 251//251 250//250 
f 255//255 254//254 256//256 
f 283//283 284//284 257//257 
f 283//283 258//258 285//285 
f 262//262 260//260 259//259 
f 261//261 286//286 287//287 
f 288//288 265//265 287//287 
f 264//264 263//263 266//266 
f 289//289 290//290 267//267 
f 289//289 229//229 291//291 
f 234//234 233//233 232//232 
f 215//215 214//214 235//235 
f 268//268 239//239 238//238 
f 244//244 243//243 269//269 
f 274//274 272//272 271//271 
f 276//276 275//275 277//277 
f 249//249 248//248 278//278 
f 282//282 281//281 280//280 
f 178//178 228//228 181//181 
f 253//253 252//252 254//254 
f 285//285 284//284 283//283 
f 287//287 262//262 261//261 
f 265//265 288//288 263//263 
f 291//291 290//290 289//289 
f 190//190 212//212 188//188 
f 242//242 268//268 240//240 
f 276//276 274//274 273//273 
f 279//279 278//278 280//280 
f 251//251 208//208 207//207 
f 260//260 285//285 258//258 
f 267//267 266//266 289//289 
f 220//220 219//219 236//236 
f 247//247 277//277 245//245 
f 257//257 256//256 283//283 
f 231//231 291//291 229//229 
f 223//223 282//282 221//221 
f 270//270 269//269 271//271 
f 287//287 286//286 288//288 
v -0.01 -2.42861e-17 -0.031 
v -0.009 -2.42861e-17 -0.031 
v -0.009 0.00183802 -0.0310997 
v -0.01 0.00183802 -0.0310997 
v -0.009 0.0036545 -0.0313975 
v -0.01 0.0036545 -0.0313975 
v -0.009 0.00542813 -0.0318899 
v -0.01 0.00542813 -0.0318899 
v -0.009 0.00713811 -0.0325712 
v -0.01 0.00713811 -0.0325712 
v -0.009 0.00876442 -0.0334334 
v -0.01 0.00876442 -0.0334334 
v -0.009 0.010288 -0.0344664 
v -0.01 0.010288 -0.0344664 
v -0.009 0.0116909 -0.0356581 
v -0.01 0.0116909 -0.0356581 
v -0.009 0.0129568 -0.0369944 
v -0.01 0.0129568 -0.0369944 
v -0.009 0.0140707 -0.0384598 
v -0.01 0.0140707 -0.0384598 
v -0.009 0.0150197 -0.0400371 
v -0.01 0.0150197 -0.0400371 
v -0.009 0.0157926 -0.0417077 
v -0.01 0.0157926 -0.0417077 
v -0.009 0.0163803 -0.043452 
v -0.01 0.0163803 -0.043452 
v -0.009 0.0167761 -0.0452497 
v -0.01 0.0167761 -0.0452497 
v -0.009 0.0169751 -0.0470796 
v -0.009 0.0169751 -0.0489204 
v -0.01 0.0169502 -0.048919 
v -0.01 0.017 -0.048 
v -0.009 0.0167761 -0.0507503 
v -0.01 0.0167514 -0.0507463 
v -0.01 0.0169003 -0.049838 
v -0.009 0.0163803 -0.052548 
v -0.01 0.0166025 -0.0516545 
v -0.01 0.0163563 -0.0525413 
v -0.009 0.0157926 -0.0542923 
v -0.01 0.0161101 -0.0534281 
v -0.01 0.0157694 -0.0542831 
v -0.009 0.0150197 -0.0559629 
v -0.01 0.0154288 -0.0551381 
v -0.01 0.0149977 -0.0559513 
v -0.009 0.0140707 -0.0575402 
v -0.01 0.0145666 -0.0567644 
v -0.01 0.0140501 -0.0575262 
v -0.009 0.0129568 -0.0590056 
v -0.01 0.0135336 -0.058288 
v -0.01 0.0129378 -0.0589894 
v -0.009 0.0116909 -0.0603419 
v -0.01 0.0116737 -0.0603238 
v -0.01 0.0123419 -0.0596909 
v -0.009 0.010288 -0.0615336 
v -0.01 0.0110056 -0.0609568 
v -0.01 0.0102729 -0.0615137 
v -0.009 0.00876442 -0.0625666 
v -0.01 0.00954018 -0.0620707 
v -0.01 0.00875156 -0.0625452 
v -0.009 0.00713811 -0.0634288 
v -0.01 0.00712765 -0.0634062 
v -0.01 0.00796294 -0.0630197 
v -0.009 0.00542813 -0.0641101 
v -0.01 0.00629235 -0.0637926 
v -0.01 0.00542017 -0.0640865 
v -0.009 0.0036545 -0.0646025 
v -0.01 0.00454798 -0.0643803 
v -0.01 0.00364914 -0.0645782 
v -0.009 0.00183802 -0.0649003 
v -0.01 0.00275029 -0.0647761 
v -0.01 0.00183533 -0.0648756 
v -0.009 -1.80404e-17 -0.065 
v -0.01 0.000920361 -0.0649751 
v -0.01 -2.22261e-17 -0.0649751 
v -0.009 -0.00183802 -0.0649003 
v -0.01 -0.000920361 -0.0649751 
v -0.01 -0.00183533 -0.0648756 
v -0.009 -0.0036545 -0.0646025 
v -0.01 -0.00275029 -0.0647761 
v -0.01 -0.00364914 -0.0645782 
v -0.009 -0.00542813 -0.0641101 
v -0.01 -0.00454798 -0.0643803 
v -0.01 -0.00542017 -0.0640865 
v -0.009 -0.00713811 -0.0634288 
v -0.01 -0.00629235 -0.0637926 
v -0.01 -0.00712765 -0.0634062 
v -0.009 -0.00876442 -0.0625666 
v -0.01 -0.00796294 -0.0630197 
v -0.01 -0.00875156 -0.0625452 
v -0.009 -0.010288 -0.0615336 
v -0.01 -0.00954018 -0.0620707 
v -0.01 -0.0102729 -0.0615137 
v -0.009 -0.0116909 -0.0603419 
v -0.01 -0.0110056 -0.0609568 
v -0.01 -0.0116737 -0.0603238 
v -0.009 -0.0129568 -0.0590056 
v -0.01 -0.0123419 -0.0596909 
v -0.01 -0.0129378 -0.0589894 
v -0.009 -0.0140707 -0.0575402 
v -0.01 -0.0135336 -0.058288 
v -0.01 -0.0140501 -0.0575262 
v -0.009 -0.0150197 -0.0559629 
v -0.01 -0.0145666 -0.0567644 
v -0.01 -0.0149977 -0.0559513 
v -0.009 -0.0157926 -0.0542923 
v -0.01 -0.0157694 -0.0542831 
v -0.01 -0.0154288 -0.0551381 
v -0.009 -0.0163803 -0.052548 
v -0.01 -0.0163563 -0.0525413 
v -0.01 -0.0161101 -0.0534281 
v -0.009 -0.0167761 -0.0507503 
v -0.01 -0.0167514 -0.0507463 
v -0.01 -0.0166025 -0.0516545 
v -0.009 -0.0169751 -0.0489204 
v -0.01 -0.0169502 -0.048919 
v -0.01 -0.0169003 -0.049838 
v -0.009 -0.0169751 -0.0470796 
v -0.01 -0.017 -0.048 
v -0.01 -0.0169751 -0.0470796 
v -0.009 -0.0167761 -0.0452497 
v -0.01 -0.0167761 -0.0452497 
v -0.009 -0.0163803 -0.043452 
v -0.01 -0.0163803 -0.043452 
v -0.009 -0.0157926 -0.0417077 
v -0.01 -0.0157926 -0.0417077 
v -0.009 -0.0150197 -0.0400371 
v -0.01 -0.0150197 -0.0400371 
v -0.009 -0.0140707 -0.0384598 
v -0.01 -0.0140707 -0.0384598 
v -0.009 -0.0129568 -0.0369944 
v -0.01 -0.0129568 -0.0369944 
v -0.009 -0.0116909 -0.0356581 
v -0.01 -0.0116909 -0.0356581 
v -0.009 -0.010288 -0.0344664 
v -0.01 -0.010288 -0.0344664 
v -0.009 -0.00876442 -0.0334334 
v -0.01 -0.00876442 -0.0334334 
v -0.009 -0.00713811 -0.0325712 
v -0.01 -0.00713811 -0.0325712 
v -0.009 -0.00542813 -0.0318899 
v -0.01 -0.00542813 -0.0318899 
v -0.009 -0.0036545 -0.0313975 
v -0.01 -0.0036545 -0.0313975 
v -0.009 -0.00183802 -0.0310997 
v -0.01 -0.00183802 -0.0310997 
v -0.01 0.0169751 -0.0470796 
vn -5.59588e-17 0 1 
vn -5.59588e-17 0 1 
vn -5.56308e-17 0.108119 0.994138 
vn -5.56308e-17 0.108119 0.994138 
vn -5.46505e-17 0.21497 0.976621 
vn -5.46505e-17 0.21497 0.976621 
vn -5.30296e-17 0.319302 0.947653 
vn -5.30296e-17 0.319302 0.947653 
vn -5.07869e-17 0.419889 0.907575 
vn -5.07869e-17 0.419889 0.907575 
vn -4.79487e-17 0.515554 0.856857 
vn -4.79487e-17 0.515554 0.856857 
vn -4.45484e-17 0.605174 0.796093 
vn -4.45484e-17 0.605174 0.796093 
vn -4.06259e-17 0.687699 0.725995 
vn -4.06259e-17 0.687699 0.725995 
vn -3.6227e-17 0.762162 0.647386 
vn -3.6227e-17 0.762162 0.647386 
vn -3.14034e-17 0.827689 0.561187 
vn -3.14034e-17 0.827689 0.561187 
vn -2.62116e-17 0.883512 0.468408 
vn -2.62116e-17 0.883512 0.468408 
vn -2.07125e-17 0.928977 0.370138 
vn -2.07125e-17 0.928977 0.370138 
vn -1.49706e-17 0.96355 0.267528 
vn -1.49706e-17 0.96355 0.267528 
vn -9.05313e-18 0.986827 0.161782 
vn -9.05313e-18 0.986827 0.161782 
vn -3.02955e-18 0.998533 0.0541389 
vn 3.02955e-18 0.998533 -0.0541389 
vn 3.02955e-18 0.998533 -0.0541389 
vn -1.71324e-32 1 3.06162e-16 
vn 9.05313e-18 0.986827 -0.161782 
vn 9.05313e-18 0.986827 -0.161782 
vn 0 0.994138 -0.108119 
vn 1.49706e-17 0.96355 -0.267528 
vn 1.27553e-17 0.976621 -0.21497 
vn 1.49706e-17 0.96355 -0.267528 
vn 2.07125e-17 0.928977 -0.370138 
vn 1.27553e-17 0.947653 -0.319302 
vn 2.07125e-17 0.928977 -0.370138 
vn 2.62116e-17 0.883512 -0.468408 
vn 2.55106e-17 0.907575 -0.419889 
vn 2.62116e-17 0.883512 -0.468408 
vn 3.14034e-17 0.827689 -0.561187 
vn 2.55106e-17 0.856857 -0.515554 
vn 3.14034e-17 0.827689 -0.561187 
vn 3.6227e-17 0.762162 -0.647386 
vn 3.8266e-17 0.796093 -0.605174 
vn 3.6227e-17 0.762162 -0.647386 
vn 4.06259e-17 0.687699 -0.725995 
vn 4.06259e-17 0.687699 -0.725995 
vn 3.8266e-17 0.725995 -0.687699 
vn 4.45484e-17 0.605174 -0.796093 
vn 3.8266e-17 0.647386 -0.762162 
vn 4.45484e-17 0.605174 -0.796093 
vn 4.79487e-17 0.515554 -0.856857 
vn 5.10213e-17 0.561187 -0.827689 
vn 4.79487e-17 0.515554 -0.856857 
vn 5.07869e-17 0.419889 -0.907575 
vn 5.07869e-17 0.419889 -0.907575 
vn 5.10213e-17 0.468408 -0.883512 
vn 5.30296e-17 0.319302 -0.947653 
vn 5.10213e-17 0.370138 -0.928977 
vn 5.30296e-17 0.319302 -0.947653 
vn 5.46505e-17 0.21497 -0.976621 
vn 5.10213e-17 0.267528 -0.96355 
vn 5.46505e-17 0.21497 -0.976621 
vn 5.56308e-17 0.108119 -0.994138 
vn 5.10213e-17 0.161782 -0.986827 
vn 5.56308e-17 0.108119 -0.994138 
vn 5.59588e-17 1.22465e-16 -1 
vn 5.10213e-17 0.0541389 -0.998533 
vn 5.59588e-17 1.22465e-16 -1 
vn 5.56308e-17 -0.108119 -0.994138 
vn 5.10213e-17 -0.0541389 -0.998533 
vn 5.56308e-17 -0.108119 -0.994138 
vn 5.46505e-17 -0.21497 -0.976621 
vn 5.10213e-17 -0.161782 -0.986827 
vn 5.46505e-17 -0.21497 -0.976621 
vn 5.30296e-17 -0.319302 -0.947653 
vn 5.10213e-17 -0.267528 -0.96355 
vn 5.30296e-17 -0.319302 -0.947653 
vn 5.07869e-17 -0.419889 -0.907575 
vn 5.10213e-17 -0.370138 -0.928977 
vn 5.07869e-17 -0.419889 -0.907575 
vn 4.79487e-17 -0.515554 -0.856857 
vn 5.10213e-17 -0.468408 -0.883512 
vn 4.79487e-17 -0.515554 -0.856857 
vn 4.45484e-17 -0.605174 -0.796093 
vn 5.10213e-17 -0.561187 -0.827689 
vn 4.45484e-17 -0.605174 -0.796093 
vn 4.06259e-17 -0.687699 -0.725995 
vn 3.8266e-17 -0.647386 -0.762162 
vn 4.06259e-17 -0.687699 -0.725995 
vn 3.6227e-17 -0.762162 -0.647386 
vn 3.8266e-17 -0.725995 -0.687699 
vn 3.6227e-17 -0.762162 -0.647386 
vn 3.14034e-17 -0.827689 -0.561187 
vn 3.8266e-17 -0.796093 -0.605174 
vn 3.14034e-17 -0.827689 -0.561187 
vn 2.62116e-17 -0.883512 -0.468408 
vn 2.55106e-17 -0.856857 -0.515554 
vn 2.62116e-17 -0.883512 -0.468408 
vn 2.07125e-17 -0.928977 -0.370138 
vn 2.07125e-17 -0.928977 -0.370138 
vn 2.55106e-17 -0.907575 -0.419889 
vn 1.49706e-17 -0.96355 -0.267528 
vn 1.49706e-17 -0.96355 -0.267528 
vn 1.27553e-17 -0.947653 -0.319302 
vn 9.05313e-18 -0.986827 -0.161782 
vn 9.05313e-18 -0.986827 -0.161782 
vn 1.27553e-17 -0.976621 -0.21497 
vn 3.02955e-18 -0.998533 -0.0541389 
vn 3.02955e-18 -0.998533 -0.0541389 
vn 0 -0.994138 -0.108119 
vn -3.02955e-18 -0.998533 0.0541389 
vn 1.02795e-32 -1 -1.83697e-16 
vn -3.02955e-18 -0.998533 0.0541389 
vn -9.05313e-18 -0.986827 0.161782 
vn -9.05313e-18 -0.986827 0.161782 
vn -1.49706e-17 -0.96355 0.267528 
vn -1.49706e-17 -0.96355 0.267528 
vn -2.07125e-17 -0.928977 0.370138 
vn -2.07125e-17 -0.928977 0.370138 
vn -2.62116e-17 -0.883512 0.468408 
vn -2.62116e-17 -0.883512 0.468408 
vn -3.14034e-17 -0.827689 0.561187 
vn -3.14034e-17 -0.827689 0.561187 
vn -3.6227e-17 -0.762162 0.647386 
vn -3.6227e-17 -0.762162 0.647386 
vn -4.06259e-17 -0.687699 0.725995 
vn -4.06259e-17 -0.687699 0.725995 
vn -4.45484e-17 -0.605174 0.796093 
vn -4.45484e-17 -0.605174 0.796093 
vn -4.79487e-17 -0.515554 0.856857 
vn -4.79487e-17 -0.515554 0.856857 
vn -5.07869e-17 -0.419889 0.907575 
vn -5.07869e-17 -0.419889 0.907575 
vn -5.30296e-17 -0.319302 0.947653 
vn -5.30296e-17 -0.319302 0.947653 
vn -5.46505e-17 -0.21497 0.976621 
vn -5.46505e-17 -0.21497 0.976621 
vn -5.56308e-17 -0.108119 0.994138 
vn -5.56308e-17 -0.108119 0.994138 
vn -3.02955e-18 0.998533 0.0541389 
f 292//292 293//293 294//294 
f 295//295 294//294 296//296 
f 297//297 296//296 298//298 
f 299//299 298//298 300//300 
f 301//301 300//300 302//302 
f 303//303 302//302 304//304 
f 305//305 304//304 306//306 
f 307//307 306//306 308//308 
f 309//309 308//308 310//310 
f 311//311 310//310 312//312 
f 313//313 312//312 314//314 
f 315//315 314//314 316//316 
f 317//317 316//316 318//318 
f 319//319 318//318 320//320 
f 321//321 322//322 323//323 
f 323//323 320//320 321//321 
f 324//324 325//325 326//326 
f 326//326 321//321 324//324 
f 324//324 327//327 328//328 
f 327//327 329//329 328//328 
f 327//327 330//330 331//331 
f 330//330 332//332 331//331 
f 330//330 333//333 334//334 
f 333//333 335//335 334//334 
f 333//333 336//336 337//337 
f 336//336 338//338 337//337 
f 336//336 339//339 340//340 
f 339//339 341//341 340//340 
f 342//342 343//343 344//344 
f 344//344 339//339 342//342 
f 342//342 345//345 346//346 
f 345//345 347//347 346//346 
f 345//345 348//348 349//349 
f 348//348 350//350 349//349 
f 351//351 352//352 353//353 
f 353//353 348//348 351//351 
f 351//351 354//354 355//355 
f 354//354 356//356 355//355 
f 354//354 357//357 358//358 
f 357//357 359//359 358//358 
f 357//357 360//360 361//361 
f 360//360 362//362 361//361 
f 360//360 363//363 364//364 
f 363//363 365//365 364//364 
f 363//363 366//366 367//367 
f 366//366 368//368 367//367 
f 366//366 369//369 370//370 
f 369//369 371//371 370//370 
f 369//369 372//372 373//373 
f 372//372 374//374 373//373 
f 372//372 375//375 376//376 
f 375//375 377//377 376//376 
f 375//375 378//378 379//379 
f 378//378 380//380 379//379 
f 378//378 381//381 382//382 
f 381//381 383//383 382//382 
f 381//381 384//384 385//385 
f 384//384 386//386 385//385 
f 384//384 387//387 388//388 
f 387//387 389//389 388//388 
f 387//387 390//390 391//391 
f 390//390 392//392 391//391 
f 390//390 393//393 394//394 
f 393//393 395//395 394//394 
f 396//396 397//397 398//398 
f 398//398 393//393 396//396 
f 399//399 400//400 401//401 
f 401//401 396//396 399//399 
f 402//402 403//403 404//404 
f 404//404 399//399 402//402 
f 405//405 406//406 407//407 
f 407//407 402//402 405//405 
f 405//405 408//408 409//409 
f 408//408 410//410 409//409 
f 410//410 408//408 411//411 
f 412//412 411//411 413//413 
f 414//414 413//413 415//415 
f 416//416 415//415 417//417 
f 418//418 417//417 419//419 
f 420//420 419//419 421//421 
f 422//422 421//421 423//423 
f 424//424 423//423 425//425 
f 426//426 425//425 427//427 
f 428//428 427//427 429//429 
f 430//430 429//429 431//431 
f 432//432 431//431 433//433 
f 434//434 433//433 435//435 
f 436//436 435//435 293//293 
f 293//293 292//292 436//436 
f 435//435 436//436 434//434 
f 433//433 434//434 432//432 
f 431//431 432//432 430//430 
f 429//429 430//430 428//428 
f 427//427 428//428 426//426 
f 425//425 426//426 424//424 
f 423//423 424//424 422//422 
f 421//421 422//422 420//420 
f 419//419 420//420 418//418 
f 417//417 418//418 416//416 
f 415//415 416//416 414//414 
f 413//413 414//414 412//412 
f 411//411 412//412 410//410 
f 409//409 406//406 405//405 
f 407//407 403//403 402//402 
f 404//404 400//400 399//399 
f 401//401 397//397 396//396 
f 398//398 395//395 393//393 
f 394//394 392//392 390//390 
f 391//391 389//389 387//387 
f 388//388 386//386 384//384 
f 385//385 383//383 381//381 
f 382//382 380//380 378//378 
f 379//379 377//377 375//375 
f 376//376 374//374 372//372 
f 373//373 371//371 369//369 
f 370//370 368//368 366//366 
f 367//367 365//365 363//363 
f 364//364 362//362 360//360 
f 361//361 359//359 357//357 
f 358//358 356//356 354//354 
f 355//355 352//352 351//351 
f 353//353 350//350 348//348 
f 349//349 347//347 345//345 
f 346//346 343//343 342//342 
f 344//344 341//341 339//339 
f 340//340 338//338 336//336 
f 337//337 335//335 333//333 
f 334//334 332//332 330//330 
f 331//331 329//329 327//327 
f 328//328 325//325 324//324 
f 326//326 322//322 321//321 
f 323//323 437//437 320//320 
f 320//320 437//437 319//319 
f 318//318 319//319 317//317 
f 316//316 317//317 315//315 
f 314//314 315//315 313//313 
f 312//312 313//313 311//311 
f 310//310 311//311 309//309 
f 308//308 309//309 307//307 
f 306//306 307//307 305//305 
f 304//304 305//305 303//303 
f 302//302 303//303 301//301 
f 300//300 301//301 299//299 
f 298//298 299//299 297//297 
f 296//296 297//297 295//295 
f 294//294 295//295 292//292 
v -0.011 0.0178945 -0.0499461 
v -0.011 0.018 -0.048 
v -0.01 0.0169502 -0.048919 
v -0.01 0.017 -0.048 
v -0.01 0.0169003 -0.049838 
v -0.01 0.0167514 -0.0507463 
v -0.011 0.0175792 -0.0518695 
v -0.01 0.0166025 -0.0516545 
v -0.01 0.0163563 -0.0525413 
v -0.011 0.0170578 -0.0537474 
v -0.011 0.0163364 -0.055558 
v -0.01 0.0157694 -0.0542831 
v -0.01 0.0161101 -0.0534281 
v -0.011 0.0154234 -0.05728 
v -0.01 0.0149977 -0.0559513 
v -0.01 0.0154288 -0.0551381 
v -0.01 0.0145666 -0.0567644 
v -0.01 0.0140501 -0.0575262 
v -0.011 0.0143297 -0.0588931 
v -0.01 0.0135336 -0.058288 
v -0.01 0.0129378 -0.0589894 
v -0.011 0.0130679 -0.0603786 
v -0.01 0.0123419 -0.0596909 
v -0.01 0.0116737 -0.0603238 
v -0.011 0.011653 -0.0617189 
v -0.011 0.0101014 -0.0628984 
v -0.01 0.0102729 -0.0615137 
v -0.01 0.0110056 -0.0609568 
v -0.01 0.00954018 -0.0620707 
v -0.01 0.00875156 -0.0625452 
v -0.011 0.00843135 -0.0639032 
v -0.01 0.00796294 -0.0630197 
v -0.01 0.00712765 -0.0634062 
v -0.011 0.00666249 -0.0647216 
v -0.011 0.00481551 -0.0653439 
v -0.01 0.00542017 -0.0640865 
v -0.01 0.00629235 -0.0637926 
v -0.01 0.00454798 -0.0643803 
v -0.01 0.00364914 -0.0645782 
v -0.011 0.00291208 -0.0657629 
v -0.01 0.00275029 -0.0647761 
v -0.01 0.00183533 -0.0648756 
v -0.011 0.0009745 -0.0659736 
v -0.011 -0.0009745 -0.0659736 
v -0.01 -2.22261e-17 -0.0649751 
v -0.01 0.000920361 -0.0649751 
v -0.011 -0.00291208 -0.0657629 
v -0.01 -0.00183533 -0.0648756 
v -0.01 -0.000920361 -0.0649751 
v -0.011 -0.00481551 -0.0653439 
v -0.01 -0.00364914 -0.0645782 
v -0.01 -0.00275029 -0.0647761 
v -0.01 -0.00454798 -0.0643803 
v -0.01 -0.00542017 -0.0640865 
v -0.011 -0.00666249 -0.0647216 
v -0.011 -0.00843135 -0.0639032 
v -0.01 -0.00712765 -0.0634062 
v -0.01 -0.00629235 -0.0637926 
v -0.011 -0.0101014 -0.0628984 
v -0.01 -0.00875156 -0.0625452 
v -0.01 -0.00796294 -0.0630197 
v -0.011 -0.011653 -0.0617189 
v -0.01 -0.0102729 -0.0615137 
v -0.01 -0.00954018 -0.0620707 
v -0.011 -0.0130679 -0.0603786 
v -0.01 -0.0116737 -0.0603238 
v -0.01 -0.0110056 -0.0609568 
v -0.01 -0.0123419 -0.0596909 
v -0.01 -0.0129378 -0.0589894 
v -0.011 -0.0143297 -0.0588931 
v -0.011 -0.0154234 -0.05728 
v -0.01 -0.0140501 -0.0575262 
v -0.01 -0.0135336 -0.058288 
v -0.011 -0.0163364 -0.055558 
v -0.01 -0.0149977 -0.0559513 
v -0.01 -0.0145666 -0.0567644 
v -0.011 -0.0170578 -0.0537474 
v -0.01 -0.0157694 -0.0542831 
v -0.01 -0.0154288 -0.0551381 
v -0.011 -0.0175792 -0.0518695 
v -0.01 -0.0163563 -0.0525413 
v -0.01 -0.0161101 -0.0534281 
v -0.011 -0.0178945 -0.0499461 
v -0.01 -0.0167514 -0.0507463 
v -0.01 -0.0166025 -0.0516545 
v -0.011 -0.018 -0.048 
v -0.01 -0.0169502 -0.048919 
v -0.01 -0.0169003 -0.049838 
v -0.01 -0.017 -0.048 
vn 0.707107 0.702962 -0.0764517 
vn 0.707107 0.707107 4.32978e-17 
vn 0.707107 0.70607 -0.038282 
vn 0.707107 0.707107 4.32978e-17 
vn 0.707107 0.702962 -0.0764517 
vn 0.707107 0.697792 -0.114397 
vn 0.707107 0.690575 -0.152007 
vn 0.707107 0.690575 -0.152007 
vn 0.707107 0.681333 -0.189171 
vn 0.707107 0.670092 -0.22578 
vn 0.707107 0.641753 -0.296906 
vn 0.707107 0.656886 -0.261727 
vn 0.707107 0.670092 -0.22578 
vn 0.707107 0.60589 -0.364552 
vn 0.707107 0.624737 -0.331215 
vn 0.707107 0.641753 -0.296906 
vn 0.707107 0.60589 -0.364552 
vn 0.707107 0.585265 -0.396819 
vn 0.707107 0.562923 -0.427923 
vn 0.707107 0.562923 -0.427923 
vn 0.707107 0.53893 -0.457771 
vn 0.707107 0.513356 -0.486277 
vn 0.707107 0.513356 -0.486277 
vn 0.707107 0.486277 -0.513356 
vn 0.707107 0.457771 -0.53893 
vn 0.707107 0.396819 -0.585265 
vn 0.707107 0.427923 -0.562923 
vn 0.707107 0.457771 -0.53893 
vn 0.707107 0.396819 -0.585265 
vn 0.707107 0.364552 -0.60589 
vn 0.707107 0.331215 -0.624737 
vn 0.707107 0.331215 -0.624737 
vn 0.707107 0.296906 -0.641753 
vn 0.707107 0.261727 -0.656886 
vn 0.707107 0.189171 -0.681333 
vn 0.707107 0.22578 -0.670092 
vn 0.707107 0.261727 -0.656886 
vn 0.707107 0.189171 -0.681333 
vn 0.707107 0.152007 -0.690575 
vn 0.707107 0.114397 -0.697792 
vn 0.707107 0.114397 -0.697792 
vn 0.707107 0.0764517 -0.702962 
vn 0.707107 0.038282 -0.70607 
vn 0.707107 -0.038282 -0.70607 
vn 0.707107 8.65956e-17 -0.707107 
vn 0.707107 0.038282 -0.70607 
vn 0.707107 -0.114397 -0.697792 
vn 0.707107 -0.0764517 -0.702962 
vn 0.707107 -0.038282 -0.70607 
vn 0.707107 -0.189171 -0.681333 
vn 0.707107 -0.152007 -0.690575 
vn 0.707107 -0.114397 -0.697792 
vn 0.707107 -0.189171 -0.681333 
vn 0.707107 -0.22578 -0.670092 
vn 0.707107 -0.261727 -0.656886 
vn 0.707107 -0.331215 -0.624737 
vn 0.707107 -0.296906 -0.641753 
vn 0.707107 -0.261727 -0.656886 
vn 0.707107 -0.396819 -0.585265 
vn 0.707107 -0.364552 -0.60589 
vn 0.707107 -0.331215 -0.624737 
vn 0.707107 -0.457771 -0.53893 
vn 0.707107 -0.427923 -0.562923 
vn 0.707107 -0.396819 -0.585265 
vn 0.707107 -0.513356 -0.486277 
vn 0.707107 -0.486277 -0.513356 
vn 0.707107 -0.457771 -0.53893 
vn 0.707107 -0.513356 -0.486277 
vn 0.707107 -0.53893 -0.457771 
vn 0.707107 -0.562923 -0.427923 
vn 0.707107 -0.60589 -0.364552 
vn 0.707107 -0.585265 -0.396819 
vn 0.707107 -0.562923 -0.427923 
vn 0.707107 -0.641753 -0.296906 
vn 0.707107 -0.624737 -0.331215 
vn 0.707107 -0.60589 -0.364552 
vn 0.707107 -0.670092 -0.22578 
vn 0.707107 -0.656886 -0.261727 
vn 0.707107 -0.641753 -0.296906 
vn 0.707107 -0.690575 -0.152007 
vn 0.707107 -0.681333 -0.189171 
vn 0.707107 -0.670092 -0.22578 
vn 0.707107 -0.702962 -0.0764517 
vn 0.707107 -0.697792 -0.114397 
vn 0.707107 -0.690575 -0.152007 
vn 0.707107 -0.707107 1.47196e-16 
vn 0.707107 -0.70607 -0.038282 
vn 0.707107 -0.702962 -0.0764517 
vn 0.707107 -0.707107 1.47196e-16 
f 438//438 439//439 440//440 
f 439//439 441//441 440//440 
f 438//438 442//442 443//443 
f 443//443 444//444 438//438 
f 444//444 445//445 446//446 
f 446//446 447//447 444//444 
f 448//448 447//447 449//449 
f 447//447 450//450 449//449 
f 451//451 448//448 452//452 
f 448//448 453//453 452//452 
f 451//451 454//454 455//455 
f 455//455 456//456 451//451 
f 456//456 457//457 458//458 
f 458//458 459//459 456//456 
f 459//459 460//460 461//461 
f 461//461 462//462 459//459 
f 463//463 462//462 464//464 
f 462//462 465//465 464//464 
f 463//463 466//466 467//467 
f 467//467 468//468 463//463 
f 468//468 469//469 470//470 
f 470//470 471//471 468//468 
f 472//472 471//471 473//473 
f 471//471 474//474 473//473 
f 472//472 475//475 476//476 
f 476//476 477//477 472//472 
f 477//477 478//478 479//479 
f 479//479 480//480 477//477 
f 481//481 480//480 482//482 
f 480//480 483//483 482//482 
f 484//484 481//481 485//485 
f 481//481 486//486 485//485 
f 487//487 484//484 488//488 
f 484//484 489//489 488//488 
f 487//487 490//490 491//491 
f 491//491 492//492 487//487 
f 493//493 492//492 494//494 
f 492//492 495//495 494//494 
f 496//496 493//493 497//497 
f 493//493 498//498 497//497 
f 499//499 496//496 500//500 
f 496//496 501//501 500//500 
f 502//502 499//499 503//503 
f 499//499 504//504 503//503 
f 502//502 505//505 506//506 
f 506//506 507//507 502//502 
f 508//508 507//507 509//509 
f 507//507 510//510 509//509 
f 511//511 508//508 512//512 
f 508//508 513//513 512//512 
f 514//514 511//511 515//515 
f 511//511 516//516 515//515 
f 517//517 514//514 518//518 
f 514//514 519//519 518//518 
f 520//520 517//517 521//521 
f 517//517 522//522 521//521 
f 523//523 520//520 524//524 
f 520//520 525//525 524//524 
f 524//524 526//526 523//523 
f 521//521 525//525 520//520 
f 518//518 522//522 517//517 
f 515//515 519//519 514//514 
f 512//512 516//516 511//511 
f 509//509 513//513 508//508 
f 506//506 510//510 507//507 
f 503//503 505//505 502//502 
f 500//500 504//504 499//499 
f 497//497 501//501 496//496 
f 494//494 498//498 493//493 
f 491//491 495//495 492//492 
f 488//488 490//490 487//487 
f 485//485 489//489 484//484 
f 482//482 486//486 481//481 
f 479//479 483//483 480//480 
f 476//476 478//478 477//477 
f 473//473 475//475 472//472 
f 470//470 474//474 471//471 
f 467//467 469//469 468//468 
f 464//464 466//466 463//463 
f 461//461 465//465 462//462 
f 458//458 460//460 459//459 
f 455//455 457//457 456//456 
f 452//452 454//454 451//451 
f 449//449 453//453 448//448 
f 446//446 450//450 447//447 
f 443//443 445//445 444//444 
f 440//440 442//442 438//438 
v -0.01 -0.017 -0.0402616 
v -0.011 -0.018 -0.0402616 
v -0.011 -0.018 -0.048 
v -0.01 -0.017 -0.048 
vn 0.707107 -0.707107 1.47196e-16 
vn 0.707107 -0.707107 1.47196e-16 
vn 0.707107 -0.707107 1.47196e-16 
vn 0.707107 -0.707107 1.47196e-16 
f 527//527 528//528 529//529 
f 529//529 530//530 527//527 
v -0.015 0.018 -0.048 
v -0.011 0.018 -0.048 
v -0.011 0.0178945 -0.0499461 
v -0.015 0.0178945 -0.0499461 
v -0.011 0.0175792 -0.0518695 
v -0.015 0.0175792 -0.0518695 
v -0.011 0.0170578 -0.0537474 
v -0.015 0.0170578 -0.0537474 
v -0.011 0.0163364 -0.055558 
v -0.015 0.0163364 -0.055558 
v -0.011 0.0154234 -0.05728 
v -0.015 0.0154234 -0.05728 
v -0.011 0.0143297 -0.0588931 
v -0.015 0.0143297 -0.0588931 
v -0.011 0.0130679 -0.0603786 
v -0.015 0.0130679 -0.0603786 
v -0.011 0.011653 -0.0617189 
v -0.015 0.011653 -0.0617189 
v -0.011 0.0101014 -0.0628984 
v -0.015 0.0101014 -0.0628984 
v -0.011 0.00843135 -0.0639032 
v -0.015 0.00843135 -0.0639032 
v -0.011 0.00666249 -0.0647216 
v -0.015 0.00666249 -0.0647216 
v -0.011 0.00481551 -0.0653439 
v -0.015 0.00481551 -0.0653439 
v -0.011 0.00291208 -0.0657629 
v -0.015 0.00291208 -0.0657629 
v -0.011 0.0009745 -0.0659736 
v -0.015 0.0009745 -0.0659736 
v -0.011 -0.0009745 -0.0659736 
v -0.015 -0.0009745 -0.0659736 
v -0.011 -0.00291208 -0.0657629 
v -0.015 -0.00291208 -0.0657629 
v -0.011 -0.00481551 -0.0653439 
v -0.015 -0.00481551 -0.0653439 
v -0.011 -0.00666249 -0.0647216 
v -0.015 -0.00666249 -0.0647216 
v -0.011 -0.00843135 -0.0639032 
v -0.015 -0.00843135 -0.0639032 
v -0.011 -0.0101014 -0.0628984 
v -0.015 -0.0101014 -0.0628984 
v -0.011 -0.011653 -0.0617189 
v -0.015 -0.011653 -0.0617189 
v -0.011 -0.0130679 -0.0603786 
v -0.015 -0.0130679 -0.0603786 
v -0.011 -0.0143297 -0.0588931 
v -0.015 -0.0143297 -0.0588931 
v -0.011 -0.0154234 -0.05728 
v -0.015 -0.0154234 -0.05728 
v -0.011 -0.0163364 -0.055558 
v -0.015 -0.0163364 -0.055558 
v -0.011 -0.0170578 -0.0537474 
v -0.015 -0.0170578 -0.0537474 
v -0.011 -0.0175792 -0.0518695 
v -0.015 -0.0175792 -0.0518695 
v -0.011 -0.0178945 -0.0499461 
v -0.015 -0.0178945 -0.0499461 
v -0.011 -0.018 -0.048 
v -0.015 -0.018 -0.048 
vn 0 1 6.12323e-17 
vn 0 1 6.12323e-17 
vn 0 0.994138 -0.108119 
vn 0 0.994138 -0.108119 
vn 0 0.976621 -0.21497 
vn 0 0.976621 -0.21497 
vn 0 0.947653 -0.319302 
vn 0 0.947653 -0.319302 
vn 0 0.907575 -0.419889 
vn 0 0.907575 -0.419889 
vn 0 0.856857 -0.515554 
vn 0 0.856857 -0.515554 
vn 0 0.796093 -0.605174 
vn 0 0.796093 -0.605174 
vn 0 0.725995 -0.687699 
vn 0 0.725995 -0.687699 
vn 0 0.647386 -0.762162 
vn 0 0.647386 -0.762162 
vn 0 0.561187 -0.827689 
vn 0 0.561187 -0.827689 
vn 0 0.468408 -0.883512 
vn 0 0.468408 -0.883512 
vn 0 0.370138 -0.928977 
vn 0 0.370138 -0.928977 
vn 0 0.267528 -0.96355 
vn 0 0.267528 -0.96355 
vn 0 0.161782 -0.986827 
vn 0 0.161782 -0.986827 
vn 0 0.0541389 -0.998533 
vn 0 0.0541389 -0.998533 
vn 0 -0.0541389 -0.998533 
vn 0 -0.0541389 -0.998533 
vn 0 -0.161782 -0.986827 
vn 0 -0.161782 -0.986827 
vn 0 -0.267528 -0.96355 
vn 0 -0.267528 -0.96355 
vn 0 -0.370138 -0.928977 
vn 0 -0.370138 -0.928977 
vn 0 -0.468408 -0.883512 
vn 0 -0.468408 -0.883512 
vn 0 -0.561187 -0.827689 
vn 0 -0.561187 -0.827689 
vn 0 -0.647386 -0.762162 
vn 0 -0.647386 -0.762162 
vn 0 -0.725995 -0.687699 
vn 0 -0.725995 -0.687699 
vn 0 -0.796093 -0.605174 
vn 0 -0.796093 -0.605174 
vn 0 -0.856857 -0.515554 
vn 0 -0.856857 -0.515554 
vn 0 -0.907575 -0.419889 
vn 0 -0.907575 -0.419889 
vn 0 -0.947653 -0.319302 
vn 0 -0.947653 -0.319302 
vn 0 -0.976621 -0.21497 
vn 0 -0.976621 -0.21497 
vn 0 -0.994138 -0.108119 
vn 0 -0.994138 -0.108119 
vn 0 -1 -1.83697e-16 
vn 0 -1 -1.83697e-16 
f 531//531 532//532 533//533 
f 534//534 533//533 535//535 
f 536//536 535//535 537//537 
f 538//538 537//537 539//539 
f 540//540 539//539 541//541 
f 542//542 541//541 543//543 
f 544//544 543//543 545//545 
f 546//546 545//545 547//547 
f 548//548 547//547 549//549 
f 550//550 549//549 551//551 
f 552//552 551//551 553//553 
f 554//554 553//553 555//555 
f 556//556 555//555 557//557 
f 558//558 557//557 559//559 
f 560//560 559//559 561//561 
f 562//562 561//561 563//563 
f 564//564 563//563 565//565 
f 566//566 565//565 567//567 
f 568//568 567//567 569//569 
f 570//570 569//569 571//571 
f 572//572 571//571 573//573 
f 574//574 573//573 575//575 
f 576//576 575//575 577//577 
f 578//578 577//577 579//579 
f 580//580 579//579 581//581 
f 582//582 581//581 583//583 
f 584//584 583//583 585//585 
f 586//586 585//585 587//587 
f 588//588 587//587 589//589 
f 589//589 590//590 588//588 
f 587//587 588//588 586//586 
f 585//585 586//586 584//584 
f 583//583 584//584 582//582 
f 581//581 582//582 580//580 
f 579//579 580//580 578//578 
f 577//577 578//578 576//576 
f 575//575 576//576 574//574 
f 573//573 574//574 572//572 
f 571//571 572//572 570//570 
f 569//569 570//570 568//568 
f 567//567 568//568 566//566 
f 565//565 566//566 564//564 
f 563//563 564//564 562//562 
f 561//561 562//562 560//560 
f 559//559 560//560 558//558 
f 557//557 558//558 556//556 
f 555//555 556//556 554//554 
f 553//553 554//554 552//552 
f 551//551 552//552 550//550 
f 549//549 550//550 548//548 
f 547//547 548//548 546//546 
f 545//545 546//546 544//544 
f 543//543 544//544 542//542 
f 541//541 542//542 540//540 
f 539//539 540//540 538//538 
f 537//537 538//538 536//536 
f 535//535 536//536 534//534 
f 533//533 534//534 531//531 
v -0.01 0.017 -0.048 
v -0.011 0.018 -0.048 
v -0.011 0.018 -0.0402616 
v -0.01 0.017 -0.0402616 
vn 0.707107 0.707107 3.95689e-17 
vn 0.707107 0.707107 3.95689e-17 
vn 0.707107 0.707107 3.95689e-17 
vn 0.707107 0.707107 3.95689e-17 
f 591//591 592//592 593//593 
f 593//593 594//594 591//591 
v -0.015 0.018 -0.048 
v -0.015 0.018 -0.0402616 
v -0.011 0.018 -0.0402616 
v -0.011 0.018 -0.048 
vn 0 1 0 
vn 0 1 0 
vn 0 1 0 
vn 0 1 0 
f 595//595 596//596 597//597 
f 597//597 598//598 595//595 
v -0.011 0.0164527 -0.0349183 
v -0.01 0.0156075 -0.0354526 
v -0.01 0.0160251 -0.0361875 
v -0.011 0.0169167 -0.0357349 
v -0.01 0.0163719 -0.0369584 
v -0.011 0.0173021 -0.0365913 
v -0.01 0.0166449 -0.0377584 
v -0.011 0.0176054 -0.0374802 
v -0.01 0.0168416 -0.0385804 
v -0.011 0.017824 -0.0383936 
v -0.01 0.0169603 -0.0394173 
v -0.011 0.0179559 -0.0393235 
v -0.01 0.017 -0.0402616 
v -0.011 0.018 -0.0402616 
vn 0.707107 0.597699 0.377831 
vn 0.707107 0.597699 0.377831 
vn 0.707107 0.630509 0.320091 
vn 0.707107 0.630509 0.320091 
vn 0.707107 0.657758 0.259528 
vn 0.707107 0.657758 0.259528 
vn 0.707107 0.679204 0.196676 
vn 0.707107 0.679204 0.196676 
vn 0.707107 0.69466 0.132089 
vn 0.707107 0.69466 0.132089 
vn 0.707107 0.703988 0.0663372 
vn 0.707107 0.703988 0.0663372 
vn 0.707107 0.707107 -1.11022e-16 
vn 0.707107 0.707107 -1.11022e-16 
f 599//599 600//600 601//601 
f 602//602 601//601 603//603 
f 604//604 603//603 605//605 
f 606//606 605//605 607//607 
f 608//608 607//607 609//609 
f 610//610 609//609 611//611 
f 611//611 612//612 610//610 
f 609//609 610//610 608//608 
f 607//607 608//608 606//606 
f 605//605 606//606 604//604 
f 603//603 604//604 602//602 
f 601//601 602//602 599//599 
v -0.015 0.0164527 -0.0349183 
v -0.011 0.0164527 -0.0349183 
v -0.011 0.0169167 -0.0357349 
v -0.015 0.0169167 -0.0357349 
v -0.011 0.0173021 -0.0365913 
v -0.015 0.0173021 -0.0365913 
v -0.011 0.0176054 -0.0374802 
v -0.015 0.0176054 -0.0374802 
v -0.011 0.017824 -0.0383936 
v -0.015 0.017824 -0.0383936 
v -0.011 0.0179559 -0.0393235 
v -0.015 0.0179559 -0.0393235 
v -0.011 0.018 -0.0402616 
v -0.015 0.018 -0.0402616 
vn 0 0.845274 0.534333 
vn 0 0.845274 0.534333 
vn 0 0.891674 0.452677 
vn 0 0.891674 0.452677 
vn 0 0.93021 0.367029 
vn 0 0.93021 0.367029 
vn 0 0.96054 0.278142 
vn 0 0.96054 0.278142 
vn 0 0.982397 0.186802 
vn 0 0.982397 0.186802 
vn 0 0.99559 0.093815 
vn 0 0.99559 0.093815 
vn 0 1 6.12323e-17 
vn 0 1 6.12323e-17 
f 613//613 614//614 615//615 
f 616//616 615//615 617//617 
f 618//618 617//617 619//619 
f 620//620 619//619 621//621 
f 622//622 621//621 623//623 
f 624//624 623//623 625//625 
f 625//625 626//626 624//624 
f 623//623 624//624 622//622 
f 621//621 622//622 620//620 
f 619//619 620//620 618//618 
f 617//617 618//618 616//616 
f 615//615 616//616 613//613 
v -0.01 0.0163218 -0.0292221 
v -0.01 0.0159704 -0.0296071 
v -0.011 0.0167431 -0.0302418 
v -0.01 0.015661 -0.0300265 
v -0.011 0.0164955 -0.0305774 
v -0.01 0.0153969 -0.0304758 
v -0.011 0.0162843 -0.0309369 
v -0.01 0.015181 -0.0309502 
v -0.011 0.0161116 -0.0313164 
v -0.01 0.0150157 -0.0314445 
v -0.011 0.0159794 -0.0317118 
v -0.01 0.0149028 -0.0319533 
v -0.011 0.015889 -0.0321189 
v -0.01 0.0148434 -0.0324712 
v -0.011 0.0158415 -0.0325331 
v -0.01 0.0148383 -0.0329923 
v -0.011 0.0158374 -0.0329501 
v -0.01 0.0148874 -0.0335112 
v -0.011 0.0158767 -0.0333652 
v -0.01 0.0149903 -0.0340221 
v -0.011 0.015959 -0.0337739 
v -0.01 0.0151459 -0.0345196 
v -0.011 0.0160834 -0.0341719 
v -0.01 0.0153523 -0.0349982 
v -0.011 0.0162486 -0.0345547 
v -0.01 0.0156075 -0.0354526 
v -0.011 0.0164527 -0.0349183 
v -0.011 0.0170242 -0.0299339 
vn 0.707107 0.496684 -0.503295 
vn 0.707107 0.546377 -0.448856 
vn 0.707107 0.546377 -0.448856 
vn 0.707107 0.590134 -0.389541 
vn 0.707107 0.590134 -0.389541 
vn 0.707107 0.627478 -0.325993 
vn 0.707107 0.627478 -0.325993 
vn 0.707107 0.658004 -0.258903 
vn 0.707107 0.658004 -0.258903 
vn 0.707107 0.68138 -0.189 
vn 0.707107 0.68138 -0.189 
vn 0.707107 0.697353 -0.117043 
vn 0.707107 0.697353 -0.117043 
vn 0.707107 0.705748 -0.0438138 
vn 0.707107 0.705748 -0.0438138 
vn 0.707107 0.706475 0.0298911 
vn 0.707107 0.706475 0.0298911 
vn 0.707107 0.699525 0.103271 
vn 0.707107 0.699525 0.103271 
vn 0.707107 0.684974 0.175529 
vn 0.707107 0.684974 0.175529 
vn 0.707107 0.66298 0.24588 
vn 0.707107 0.66298 0.24588 
vn 0.707107 0.633783 0.313559 
vn 0.707107 0.633783 0.313559 
vn 0.707107 0.597699 0.377831 
vn 0.707107 0.597699 0.377831 
vn 0.707107 0.496684 -0.503295 
f 627//627 628//628 629//629 
f 628//628 630//630 631//631 
f 630//630 632//632 633//633 
f 632//632 634//634 635//635 
f 634//634 636//636 637//637 
f 636//636 638//638 639//639 
f 638//638 640//640 641//641 
f 640//640 642//642 643//643 
f 642//642 644//644 645//645 
f 644//644 646//646 647//647 
f 646//646 648//648 649//649 
f 648//648 650//650 651//651 
f 650//650 652//652 653//653 
f 653//653 651//651 650//650 
f 651//651 649//649 648//648 
f 649//649 647//647 646//646 
f 647//647 645//645 644//644 
f 645//645 643//643 642//642 
f 643//643 641//641 640//640 
f 641//641 639//639 638//638 
f 639//639 637//637 636//636 
f 637//637 635//635 634//634 
f 635//635 633//633 632//632 
f 633//633 631//631 630//630 
f 631//631 629//629 628//628 
f 629//629 654//654 627//627 
v -0.016 0.017 -0.048 
v -0.016 0.017 -0.0402616 
v -0.015 0.018 -0.0402616 
v -0.015 0.018 -0.048 
vn -0.707107 0.707107 0 
vn -0.707107 0.707107 0 
vn -0.707107 0.707107 0 
vn -0.707107 0.707107 0 
f 655//655 656//656 657//657 
f 657//657 658//658 655//655 
v -0.015 0.018 -0.0402616 
v -0.016 0.017 -0.0402616 
v -0.016 0.0169603 -0.0394173 
v -0.015 0.0179559 -0.0393235 
v -0.016 0.0168416 -0.0385804 
v -0.015 0.017824 -0.0383936 
v -0.016 0.0166449 -0.0377584 
v -0.015 0.0176054 -0.0374802 
v -0.016 0.0163719 -0.0369584 
v -0.015 0.0173021 -0.0365913 
v -0.016 0.0160251 -0.0361875 
v -0.015 0.0169167 -0.0357349 
v -0.016 0.0156075 -0.0354526 
v -0.015 0.0164527 -0.0349183 
vn -0.707107 0.707107 0 
vn -0.707107 0.707107 0 
vn -0.707107 0.703988 0.0663372 
vn -0.707107 0.703988 0.0663372 
vn -0.707107 0.69466 0.132089 
vn -0.707107 0.69466 0.132089 
vn -0.707107 0.679204 0.196676 
vn -0.707107 0.679204 0.196676 
vn -0.707107 0.657758 0.259528 
vn -0.707107 0.657758 0.259528 
vn -0.707107 0.630509 0.320091 
vn -0.707107 0.630509 0.320091 
vn -0.707107 0.597699 0.377831 
vn -0.707107 0.597699 0.377831 
f 659//659 660//660 661//661 
f 662//662 661//661 663//663 
f 664//664 663//663 665//665 
f 666//666 665//665 667//667 
f 668//668 667//667 669//669 
f 670//670 669//669 671//671 
f 671//671 672//672 670//670 
f 669//669 670//670 668//668 
f 667//667 668//668 666//666 
f 665//665 666//666 664//664 
f 663//663 664//664 662//662 
f 661//661 662//662 659//659 
v -0.015 0.0167431 -0.0302418 
v -0.015 0.0170242 -0.0299339 
v -0.011 0.0170242 -0.0299339 
v -0.015 0.0164955 -0.0305774 
v -0.011 0.0167431 -0.0302418 
v -0.015 0.0162843 -0.0309369 
v -0.011 0.0164955 -0.0305774 
v -0.015 0.0161116 -0.0313164 
v -0.011 0.0162843 -0.0309369 
v -0.015 0.0159794 -0.0317118 
v -0.011 0.0161116 -0.0313164 
v -0.015 0.015889 -0.0321189 
v -0.011 0.0159794 -0.0317118 
v -0.015 0.0158415 -0.0325331 
v -0.011 0.015889 -0.0321189 
v -0.015 0.0158374 -0.0329501 
v -0.011 0.0158415 -0.0325331 
v -0.015 0.0158767 -0.0333652 
v -0.011 0.0158374 -0.0329501 
v -0.015 0.015959 -0.0337739 
v -0.011 0.0158767 -0.0333652 
v -0.015 0.0160834 -0.0341719 
v -0.011 0.015959 -0.0337739 
v -0.015 0.0162486 -0.0345547 
v -0.011 0.0160834 -0.0341719 
v -0.015 0.0164527 -0.0349183 
v -0.011 0.0162486 -0.0345547 
v -0.011 0.0164527 -0.0349183 
vn 0 0.772694 -0.634779 
vn 0 0.702417 -0.711766 
vn 0 0.702417 -0.711766 
vn 0 0.834575 -0.550894 
vn 0 0.772694 -0.634779 
vn 0 0.887388 -0.461024 
vn 0 0.834575 -0.550894 
vn 0 0.930558 -0.366144 
vn 0 0.887388 -0.461024 
vn 0 0.963617 -0.267286 
vn 0 0.930558 -0.366144 
vn 0 0.986206 -0.165523 
vn 0 0.963617 -0.267286 
vn 0 0.998079 -0.061962 
vn 0 0.986206 -0.165523 
vn 0 0.999106 0.0422724 
vn 0 0.998079 -0.061962 
vn 0 0.989278 0.146048 
vn 0 0.999106 0.0422724 
vn 0 0.9687 0.248236 
vn 0 0.989278 0.146048 
vn 0 0.937596 0.347727 
vn 0 0.9687 0.248236 
vn 0 0.896304 0.443439 
vn 0 0.937596 0.347727 
vn 0 0.845274 0.534333 
vn 0 0.896304 0.443439 
vn 0 0.845274 0.534333 
f 673//673 674//674 675//675 
f 676//676 673//673 677//677 
f 678//678 676//676 679//679 
f 680//680 678//678 681//681 
f 682//682 680//680 683//683 
f 684//684 682//682 685//685 
f 686//686 684//684 687//687 
f 688//688 686//686 689//689 
f 690//690 688//688 691//691 
f 692//692 690//690 693//693 
f 694//694 692//692 695//695 
f 696//696 694//694 697//697 
f 698//698 696//696 699//699 
f 699//699 700//700 698//698 
f 697//697 699//699 696//696 
f 695//695 697//697 694//694 
f 693//693 695//695 692//692 
f 691//691 693//693 690//690 
f 689//689 691//691 688//688 
f 687//687 689//689 686//686 
f 685//685 687//687 684//684 
f 683//683 685//685 682//682 
f 681//681 683//683 680//680 
f 679//679 681//681 678//678 
f 677//677 679//679 676//676 
f 675//675 677//677 673//673 
v -0.011 0.02 -0.0228162 
v -0.01 0.019 -0.0228162 
v -0.01 0.0189559 -0.0237058 
v -0.011 0.019951 -0.0238046 
v -0.01 0.0188242 -0.0245866 
v -0.011 0.0198046 -0.0247834 
v -0.01 0.018606 -0.0254501 
v -0.011 0.0195622 -0.0257428 
v -0.01 0.0183035 -0.0262879 
v -0.011 0.0192261 -0.0266736 
v -0.01 0.0179197 -0.0270916 
v -0.011 0.0187997 -0.0275666 
v -0.01 0.0174583 -0.0278534 
v -0.011 0.018287 -0.0284131 
v -0.01 0.016924 -0.0285659 
v -0.011 0.0176933 -0.0292048 
v -0.01 0.0163218 -0.0292221 
v -0.011 0.0170242 -0.0299339 
vn 0.707107 0.707107 -3.88193e-15 
vn 0.707107 0.707107 -3.88193e-15 
vn 0.707107 0.703644 -0.0698901 
vn 0.707107 0.703644 -0.0698901 
vn 0.707107 0.693291 -0.139096 
vn 0.707107 0.693291 -0.139096 
vn 0.707107 0.676148 -0.206939 
vn 0.707107 0.676148 -0.206939 
vn 0.707107 0.652383 -0.272756 
vn 0.707107 0.652383 -0.272756 
vn 0.707107 0.62223 -0.335902 
vn 0.707107 0.62223 -0.335902 
vn 0.707107 0.585983 -0.395758 
vn 0.707107 0.585983 -0.395758 
vn 0.707107 0.543997 -0.451738 
vn 0.707107 0.543997 -0.451738 
vn 0.707107 0.496684 -0.503295 
vn 0.707107 0.496684 -0.503295 
f 701//701 702//702 703//703 
f 704//704 703//703 705//705 
f 706//706 705//705 707//707 
f 708//708 707//707 709//709 
f 710//710 709//709 711//711 
f 712//712 711//711 713//713 
f 714//714 713//713 715//715 
f 716//716 715//715 717//717 
f 717//717 718//718 716//716 
f 715//715 716//716 714//714 
f 713//713 714//714 712//712 
f 711//711 712//712 710//710 
f 709//709 710//710 708//708 
f 707//707 708//708 706//706 
f 705//705 706//706 704//704 
f 703//703 704//704 701//701 
v -0.016 0.0156075 -0.0354526 
v -0.016 0.0153523 -0.0349982 
v -0.015 0.0162486 -0.0345547 
v -0.016 0.0151459 -0.0345196 
v -0.015 0.0160834 -0.0341719 
v -0.016 0.0149903 -0.0340221 
v -0.015 0.015959 -0.0337739 
v -0.016 0.0148874 -0.0335112 
v -0.015 0.0158767 -0.0333652 
v -0.016 0.0148383 -0.0329923 
v -0.015 0.0158374 -0.0329501 
v -0.016 0.0148434 -0.0324712 
v -0.015 0.0158415 -0.0325331 
v -0.016 0.0149028 -0.0319533 
v -0.015 0.015889 -0.0321189 
v -0.016 0.0150157 -0.0314445 
v -0.015 0.0159794 -0.0317118 
v -0.016 0.015181 -0.0309502 
v -0.015 0.0161116 -0.0313164 
v -0.016 0.0153969 -0.0304758 
v -0.015 0.0162843 -0.0309369 
v -0.016 0.015661 -0.0300265 
v -0.015 0.0164955 -0.0305774 
v -0.016 0.0159704 -0.0296071 
v -0.015 0.0167431 -0.0302418 
v -0.016 0.0163218 -0.0292221 
v -0.015 0.0170242 -0.0299339 
v -0.015 0.0164527 -0.0349183 
vn -0.707107 0.597699 0.377831 
vn -0.707107 0.633783 0.313559 
vn -0.707107 0.633783 0.313559 
vn -0.707107 0.66298 0.24588 
vn -0.707107 0.66298 0.24588 
vn -0.707107 0.684974 0.175529 
vn -0.707107 0.684974 0.175529 
vn -0.707107 0.699525 0.103271 
vn -0.707107 0.699525 0.103271 
vn -0.707107 0.706475 0.0298911 
vn -0.707107 0.706475 0.0298911 
vn -0.707107 0.705748 -0.0438138 
vn -0.707107 0.705748 -0.0438138 
vn -0.707107 0.697353 -0.117043 
vn -0.707107 0.697353 -0.117043 
vn -0.707107 0.68138 -0.189 
vn -0.707107 0.68138 -0.189 
vn -0.707107 0.658004 -0.258903 
vn -0.707107 0.658004 -0.258903 
vn -0.707107 0.627478 -0.325993 
vn -0.707107 0.627478 -0.325993 
vn -0.707107 0.590134 -0.389541 
vn -0.707107 0.590134 -0.389541 
vn -0.707107 0.546377 -0.448856 
vn -0.707107 0.546377 -0.448856 
vn -0.707107 0.496684 -0.503295 
vn -0.707107 0.496684 -0.503295 
vn -0.707107 0.597699 0.377831 
f 719//719 720//720 721//721 
f 720//720 722//722 723//723 
f 722//722 724//724 725//725 
f 724//724 726//726 727//727 
f 726//726 728//728 729//729 
f 728//728 730//730 731//731 
f 730//730 732//732 733//733 
f 732//732 734//734 735//735 
f 734//734 736//736 737//737 
f 736//736 738//738 739//739 
f 738//738 740//740 741//741 
f 740//740 742//742 743//743 
f 742//742 744//744 745//745 
f 745//745 743//743 742//742 
f 743//743 741//741 740//740 
f 741//741 739//739 738//738 
f 739//739 737//737 736//736 
f 737//737 735//735 734//734 
f 735//735 733//733 732//732 
f 733//733 731//731 730//730 
f 731//731 729//729 728//728 
f 729//729 727//727 726//726 
f 727//727 725//725 724//724 
f 725//725 723//723 722//722 
f 723//723 721//721 720//720 
f 721//721 746//746 719//719 
v -0.015 0.02 -0.0228162 
v -0.011 0.02 -0.0228162 
v -0.011 0.019951 -0.0238046 
v -0.015 0.019951 -0.0238046 
v -0.011 0.0198046 -0.0247834 
v -0.015 0.0198046 -0.0247834 
v -0.011 0.0195622 -0.0257428 
v -0.015 0.0195622 -0.0257428 
v -0.011 0.0192261 -0.0266736 
v -0.015 0.0192261 -0.0266736 
v -0.011 0.0187997 -0.0275666 
v -0.015 0.0187997 -0.0275666 
v -0.011 0.018287 -0.0284131 
v -0.015 0.018287 -0.0284131 
v -0.011 0.0176933 -0.0292048 
v -0.015 0.0176933 -0.0292048 
v -0.011 0.0170242 -0.0299339 
v -0.015 0.0170242 -0.0299339 
vn 0 1 -5.26784e-15 
vn 0 1 -5.26784e-15 
vn 0 0.995103 -0.0988395 
vn 0 0.995103 -0.0988395 
vn 0 0.980462 -0.196711 
vn 0 0.980462 -0.196711 
vn 0 0.956218 -0.292656 
vn 0 0.956218 -0.292656 
vn 0 0.92261 -0.385735 
vn 0 0.92261 -0.385735 
vn 0 0.879966 -0.475037 
vn 0 0.879966 -0.475037 
vn 0 0.828705 -0.559686 
vn 0 0.828705 -0.559686 
vn 0 0.769328 -0.638854 
vn 0 0.769328 -0.638854 
vn 0 0.702417 -0.711766 
vn 0 0.702417 -0.711766 
f 747//747 748//748 749//749 
f 750//750 749//749 751//751 
f 752//752 751//751 753//753 
f 754//754 753//753 755//755 
f 756//756 755//755 757//757 
f 758//758 757//757 759//759 
f 760//760 759//759 761//761 
f 762//762 761//761 763//763 
f 763//763 764//764 762//762 
f 761//761 762//762 760//760 
f 759//759 760//760 758//758 
f 757//757 758//758 756//756 
f 755//755 756//756 754//754 
f 753//753 754//754 752//752 
f 751//751 752//752 750//750 
f 749//749 750//750 747//747 
v -0.011 0.02 -0.016 
v -0.01 0.019 -0.016 
v -0.01 0.019 -0.0228162 
v -0.011 0.02 -0.0228162 
vn 0.707107 0.707107 3.95689e-17 
vn 0.707107 0.707107 3.95689e-17 
vn 0.707107 0.707107 3.95689e-17 
vn 0.707107 0.707107 3.95689e-17 
f 765//765 766//766 767//767 
f 767//767 768//768 765//765 
v -0.015 0.0170242 -0.0299339 
v -0.016 0.0163218 -0.0292221 
v -0.016 0.016924 -0.0285659 
v -0.015 0.0176933 -0.0292048 
v -0.016 0.0174583 -0.0278534 
v -0.015 0.018287 -0.0284131 
v -0.016 0.0179197 -0.0270916 
v -0.015 0.0187997 -0.0275666 
v -0.016 0.0183035 -0.0262879 
v -0.015 0.0192261 -0.0266736 
v -0.016 0.018606 -0.0254501 
v -0.015 0.0195622 -0.0257428 
v -0.016 0.0188242 -0.0245866 
v -0.015 0.0198046 -0.0247834 
v -0.016 0.0189559 -0.0237058 
v -0.015 0.019951 -0.0238046 
v -0.016 0.019 -0.0228162 
v -0.015 0.02 -0.0228162 
vn -0.707107 0.496684 -0.503295 
vn -0.707107 0.496684 -0.503295 
vn -0.707107 0.543997 -0.451738 
vn -0.707107 0.543997 -0.451738 
vn -0.707107 0.585983 -0.395758 
vn -0.707107 0.585983 -0.395758 
vn -0.707107 0.62223 -0.335902 
vn -0.707107 0.62223 -0.335902 
vn -0.707107 0.652383 -0.272756 
vn -0.707107 0.652383 -0.272756 
vn -0.707107 0.676148 -0.206939 
vn -0.707107 0.676148 -0.206939 
vn -0.707107 0.693291 -0.139096 
vn -0.707107 0.693291 -0.139096 
vn -0.707107 0.703644 -0.0698901 
vn -0.707107 0.703644 -0.0698901 
vn -0.707107 0.707107 -3.77476e-15 
vn -0.707107 0.707107 -3.77476e-15 
f 769//769 770//770 771//771 
f 772//772 771//771 773//773 
f 774//774 773//773 775//775 
f 776//776 775//775 777//777 
f 778//778 777//777 779//779 
f 780//780 779//779 781//781 
f 782//782 781//781 783//783 
f 784//784 783//783 785//785 
f 785//785 786//786 784//784 
f 783//783 784//784 782//782 
f 781//781 782//782 780//780 
f 779//779 780//780 778//778 
f 777//777 778//778 776//776 
f 775//775 776//776 774//774 
f 773//773 774//774 772//772 
f 771//771 772//772 769//769 
v -0.015 0.02 -0.006 
v -0.015 0.02 -0.0228162 
v -0.016 0.019 -0.0228162 
v -0.016 0.019 -0.006 
vn -0.707107 0.707107 -3.77476e-15 
vn -0.707107 0.707107 -3.77476e-15 
vn -0.707107 0.707107 -3.77476e-15 
vn -0.707107 0.707107 -3.77476e-15 
f 787//787 788//788 789//789 
f 789//789 790//790 787//787 
v -0.015 -0.018 -0.048 
v -0.016 -0.017 -0.048 
v -0.016 -0.0169003 -0.049838 
v -0.015 -0.0178945 -0.0499461 
v -0.016 -0.0166025 -0.0516545 
v -0.015 -0.0175792 -0.0518695 
v -0.016 -0.0161101 -0.0534281 
v -0.015 -0.0170578 -0.0537474 
v -0.016 -0.0154288 -0.0551381 
v -0.015 -0.0163364 -0.055558 
v -0.016 -0.0145666 -0.0567644 
v -0.015 -0.0154234 -0.05728 
v -0.016 -0.0135336 -0.058288 
v -0.015 -0.0143297 -0.0588931 
v -0.016 -0.0123419 -0.0596909 
v -0.015 -0.0130679 -0.0603786 
v -0.016 -0.0110056 -0.0609568 
v -0.015 -0.011653 -0.0617189 
v -0.016 -0.00954018 -0.0620707 
v -0.015 -0.0101014 -0.0628984 
v -0.016 -0.00796294 -0.0630197 
v -0.015 -0.00843135 -0.0639032 
v -0.016 -0.00629235 -0.0637926 
v -0.015 -0.00666249 -0.0647216 
v -0.016 -0.00454798 -0.0643803 
v -0.015 -0.00481551 -0.0653439 
v -0.016 -0.00275029 -0.0647761 
v -0.015 -0.00291208 -0.0657629 
v -0.016 -0.000920361 -0.0649751 
v -0.015 -0.0009745 -0.0659736 
v -0.016 0.000920361 -0.0649751 
v -0.015 0.0009745 -0.0659736 
v -0.016 0.00275029 -0.0647761 
v -0.015 0.00291208 -0.0657629 
v -0.016 0.00454798 -0.0643803 
v -0.015 0.00481551 -0.0653439 
v -0.016 0.00629235 -0.0637926 
v -0.015 0.00666249 -0.0647216 
v -0.016 0.00796294 -0.0630197 
v -0.015 0.00843135 -0.0639032 
v -0.016 0.00954018 -0.0620707 
v -0.015 0.0101014 -0.0628984 
v -0.016 0.0110056 -0.0609568 
v -0.015 0.011653 -0.0617189 
v -0.016 0.0123419 -0.0596909 
v -0.015 0.0130679 -0.0603786 
v -0.016 0.0135336 -0.058288 
v -0.015 0.0143297 -0.0588931 
v -0.016 0.0145666 -0.0567644 
v -0.015 0.0154234 -0.05728 
v -0.016 0.0154288 -0.0551381 
v -0.015 0.0163364 -0.055558 
v -0.016 0.0161101 -0.0534281 
v -0.015 0.0170578 -0.0537474 
v -0.016 0.0166025 -0.0516545 
v -0.015 0.0175792 -0.0518695 
v -0.016 0.0169003 -0.049838 
v -0.015 0.0178945 -0.0499461 
v -0.016 0.017 -0.048 
v -0.015 0.018 -0.048 
vn -0.707107 -0.707107 1.29893e-16 
vn -0.707107 -0.707107 1.29893e-16 
vn -0.707107 -0.702962 -0.0764517 
vn -0.707107 -0.702962 -0.0764517 
vn -0.707107 -0.690575 -0.152007 
vn -0.707107 -0.690575 -0.152007 
vn -0.707107 -0.670092 -0.22578 
vn -0.707107 -0.670092 -0.22578 
vn -0.707107 -0.641753 -0.296906 
vn -0.707107 -0.641753 -0.296906 
vn -0.707107 -0.60589 -0.364552 
vn -0.707107 -0.60589 -0.364552 
vn -0.707107 -0.562923 -0.427923 
vn -0.707107 -0.562923 -0.427923 
vn -0.707107 -0.513356 -0.486277 
vn -0.707107 -0.513356 -0.486277 
vn -0.707107 -0.457771 -0.53893 
vn -0.707107 -0.457771 -0.53893 
vn -0.707107 -0.396819 -0.585265 
vn -0.707107 -0.396819 -0.585265 
vn -0.707107 -0.331215 -0.624737 
vn -0.707107 -0.331215 -0.624737 
vn -0.707107 -0.261727 -0.656886 
vn -0.707107 -0.261727 -0.656886 
vn -0.707107 -0.189171 -0.681333 
vn -0.707107 -0.189171 -0.681333 
vn -0.707107 -0.114397 -0.697792 
vn -0.707107 -0.114397 -0.697792 
vn -0.707107 -0.038282 -0.70607 
vn -0.707107 -0.038282 -0.70607 
vn -0.707107 0.038282 -0.70607 
vn -0.707107 0.038282 -0.70607 
vn -0.707107 0.114397 -0.697792 
vn -0.707107 0.114397 -0.697792 
vn -0.707107 0.189171 -0.681333 
vn -0.707107 0.189171 -0.681333 
vn -0.707107 0.261727 -0.656886 
vn -0.707107 0.261727 -0.656886 
vn -0.707107 0.331215 -0.624737 
vn -0.707107 0.331215 -0.624737 
vn -0.707107 0.396819 -0.585265 
vn -0.707107 0.396819 -0.585265 
vn -0.707107 0.457771 -0.53893 
vn -0.707107 0.457771 -0.53893 
vn -0.707107 0.513356 -0.486277 
vn -0.707107 0.513356 -0.486277 
vn -0.707107 0.562923 -0.427923 
vn -0.707107 0.562923 -0.427923 
vn -0.707107 0.60589 -0.364552 
vn -0.707107 0.60589 -0.364552 
vn -0.707107 0.641753 -0.296906 
vn -0.707107 0.641753 -0.296906 
vn -0.707107 0.670092 -0.22578 
vn -0.707107 0.670092 -0.22578 
vn -0.707107 0.690575 -0.152007 
vn -0.707107 0.690575 -0.152007 
vn -0.707107 0.702962 -0.0764517 
vn -0.707107 0.702962 -0.0764517 
vn -0.707107 0.707107 1.47196e-16 
vn -0.707107 0.707107 1.47196e-16 
f 791//791 792//792 793//793 
f 794//794 793//793 795//795 
f 796//796 795//795 797//797 
f 798//798 797//797 799//799 
f 800//800 799//799 801//801 
f 802//802 801//801 803//803 
f 804//804 803//803 805//805 
f 806//806 805//805 807//807 
f 808//808 807//807 809//809 
f 810//810 809//809 811//811 
f 812//812 811//811 813//813 
f 814//814 813//813 815//815 
f 816//816 815//815 817//817 
f 818//818 817//817 819//819 
f 820//820 819//819 821//821 
f 822//822 821//821 823//823 
f 824//824 823//823 825//825 
f 826//826 825//825 827//827 
f 828//828 827//827 829//829 
f 830//830 829//829 831//831 
f 832//832 831//831 833//833 
f 834//834 833//833 835//835 
f 836//836 835//835 837//837 
f 838//838 837//837 839//839 
f 840//840 839//839 841//841 
f 842//842 841//841 843//843 
f 844//844 843//843 845//845 
f 846//846 845//845 847//847 
f 848//848 847//847 849//849 
f 849//849 850//850 848//848 
f 847//847 848//848 846//846 
f 845//845 846//846 844//844 
f 843//843 844//844 842//842 
f 841//841 842//842 840//840 
f 839//839 840//840 838//838 
f 837//837 838//838 836//836 
f 835//835 836//836 834//834 
f 833//833 834//834 832//832 
f 831//831 832//832 830//830 
f 829//829 830//830 828//828 
f 827//827 828//828 826//826 
f 825//825 826//826 824//824 
f 823//823 824//824 822//822 
f 821//821 822//822 820//820 
f 819//819 820//820 818//818 
f 817//817 818//818 816//816 
f 815//815 816//816 814//814 
f 813//813 814//814 812//812 
f 811//811 812//812 810//810 
f 809//809 810//810 808//808 
f 807//807 808//808 806//806 
f 805//805 806//806 804//804 
f 803//803 804//804 802//802 
f 801//801 802//802 800//800 
f 799//799 800//800 798//798 
f 797//797 798//798 796//796 
f 795//795 796//796 794//794 
f 793//793 794//794 791//791 
v -0.015 -0.018 -0.0402616 
v -0.015 -0.018 -0.048 
v -0.011 -0.018 -0.048 
v -0.011 -0.018 -0.0402616 
vn 0 -1 0 
vn 0 -1 0 
vn 0 -1 0 
vn 0 -1 0 
f 851//851 852//852 853//853 
f 853//853 854//854 851//851 
v -0.011 -0.018 -0.0402616 
v -0.01 -0.017 -0.0402616 
v -0.01 -0.0169603 -0.0394173 
v -0.011 -0.0179559 -0.0393235 
v -0.01 -0.0168416 -0.0385804 
v -0.011 -0.017824 -0.0383936 
v -0.01 -0.0166449 -0.0377584 
v -0.011 -0.0176054 -0.0374802 
v -0.01 -0.0163719 -0.0369584 
v -0.011 -0.0173021 -0.0365913 
v -0.01 -0.0160251 -0.0361875 
v -0.011 -0.0169167 -0.0357349 
v -0.01 -0.0156075 -0.0354526 
v -0.011 -0.0164527 -0.0349183 
vn 0.707107 -0.707107 -1.29893e-16 
vn 0.707107 -0.707107 -1.29893e-16 
vn 0.707107 -0.703988 0.0663372 
vn 0.707107 -0.703988 0.0663372 
vn 0.707107 -0.69466 0.132089 
vn 0.707107 -0.69466 0.132089 
vn 0.707107 -0.679204 0.196676 
vn 0.707107 -0.679204 0.196676 
vn 0.707107 -0.657758 0.259528 
vn 0.707107 -0.657758 0.259528 
vn 0.707107 -0.630509 0.320091 
vn 0.707107 -0.630509 0.320091 
vn 0.707107 -0.597699 0.377831 
vn 0.707107 -0.597699 0.377831 
f 855//855 856//856 857//857 
f 858//858 857//857 859//859 
f 860//860 859//859 861//861 
f 862//862 861//861 863//863 
f 864//864 863//863 865//865 
f 866//866 865//865 867//867 
f 867//867 868//868 866//866 
f 865//865 866//866 864//864 
f 863//863 864//864 862//862 
f 861//861 862//862 860//860 
f 859//859 860//860 858//858 
f 857//857 858//858 855//855 
v -0.016 -0.017 -0.048 
v -0.015 -0.018 -0.048 
v -0.015 -0.018 -0.0402616 
v -0.016 -0.017 -0.0402616 
vn -0.707107 -0.707107 0 
vn -0.707107 -0.707107 0 
vn -0.707107 -0.707107 0 
vn -0.707107 -0.707107 0 
f 869//869 870//870 871//871 
f 871//871 872//872 869//869 
v -0.015 -0.018 -0.0402616 
v -0.011 -0.018 -0.0402616 
v -0.011 -0.0179559 -0.0393235 
v -0.015 -0.0179559 -0.0393235 
v -0.011 -0.017824 -0.0383936 
v -0.015 -0.017824 -0.0383936 
v -0.011 -0.0176054 -0.0374802 
v -0.015 -0.0176054 -0.0374802 
v -0.011 -0.0173021 -0.0365913 
v -0.015 -0.0173021 -0.0365913 
v -0.011 -0.0169167 -0.0357349 
v -0.015 -0.0169167 -0.0357349 
v -0.011 -0.0164527 -0.0349183 
v -0.015 -0.0164527 -0.0349183 
vn 0 -1 -1.83697e-16 
vn 0 -1 -1.83697e-16 
vn 0 -0.99559 0.093815 
vn 0 -0.99559 0.093815 
vn 0 -0.982397 0.186802 
vn 0 -0.982397 0.186802 
vn 0 -0.96054 0.278142 
vn 0 -0.96054 0.278142 
vn 0 -0.93021 0.367029 
vn 0 -0.93021 0.367029 
vn 0 -0.891674 0.452677 
vn 0 -0.891674 0.452677 
vn 0 -0.845274 0.534333 
vn 0 -0.845274 0.534333 
f 873//873 874//874 875//875 
f 876//876 875//875 877//877 
f 878//878 877//877 879//879 
f 880//880 879//879 881//881 
f 882//882 881//881 883//883 
f 884//884 883//883 885//885 
f 885//885 886//886 884//884 
f 883//883 884//884 882//882 
f 881//881 882//882 880//880 
f 879//879 880//880 878//878 
f 877//877 878//878 876//876 
f 875//875 876//876 873//873 
v -0.01 -0.0156075 -0.0354526 
v -0.01 -0.0153523 -0.0349982 
v -0.011 -0.0162486 -0.0345547 
v -0.01 -0.0151459 -0.0345196 
v -0.011 -0.0160834 -0.0341719 
v -0.01 -0.0149903 -0.0340221 
v -0.011 -0.015959 -0.0337739 
v -0.01 -0.0148874 -0.0335112 
v -0.011 -0.0158767 -0.0333652 
v -0.01 -0.0148383 -0.0329923 
v -0.011 -0.0158374 -0.0329501 
v -0.01 -0.0148434 -0.0324712 
v -0.011 -0.0158415 -0.0325331 
v -0.01 -0.0149028 -0.0319533 
v -0.011 -0.015889 -0.0321189 
v -0.01 -0.0150157 -0.0314445 
v -0.011 -0.0159794 -0.0317118 
v -0.01 -0.015181 -0.0309502 
v -0.011 -0.0161116 -0.0313164 
v -0.01 -0.0153969 -0.0304758 
v -0.011 -0.0162843 -0.0309369 
v -0.01 -0.015661 -0.0300265 
v -0.011 -0.0164955 -0.0305774 
v -0.01 -0.0159704 -0.0296071 
v -0.011 -0.0167431 -0.0302418 
v -0.01 -0.0163218 -0.0292221 
v -0.011 -0.0170242 -0.0299339 
v -0.011 -0.0164527 -0.0349183 
vn 0.707107 -0.597699 0.377831 
vn 0.707107 -0.633783 0.313559 
vn 0.707107 -0.633783 0.313559 
vn 0.707107 -0.66298 0.24588 
vn 0.707107 -0.66298 0.24588 
vn 0.707107 -0.684974 0.175529 
vn 0.707107 -0.684974 0.175529 
vn 0.707107 -0.699525 0.103271 
vn 0.707107 -0.699525 0.103271 
vn 0.707107 -0.706475 0.0298911 
vn 0.707107 -0.706475 0.0298911 
vn 0.707107 -0.705748 -0.0438138 
vn 0.707107 -0.705748 -0.0438138 
vn 0.707107 -0.697353 -0.117043 
vn 0.707107 -0.697353 -0.117043 
vn 0.707107 -0.68138 -0.189 
vn 0.707107 -0.68138 -0.189 
vn 0.707107 -0.658004 -0.258903 
vn 0.707107 -0.658004 -0.258903 
vn 0.707107 -0.627478 -0.325993 
vn 0.707107 -0.627478 -0.325993 
vn 0.707107 -0.590134 -0.389541 
vn 0.707107 -0.590134 -0.389541 
vn 0.707107 -0.546377 -0.448856 
vn 0.707107 -0.546377 -0.448856 
vn 0.707107 -0.496684 -0.503295 
vn 0.707107 -0.496684 -0.503295 
vn 0.707107 -0.597699 0.377831 
f 887//887 888//888 889//889 
f 888//888 890//890 891//891 
f 890//890 892//892 893//893 
f 892//892 894//894 895//895 
f 894//894 896//896 897//897 
f 896//896 898//898 899//899 
f 898//898 900//900 901//901 
f 900//900 902//902 903//903 
f 902//902 904//904 905//905 
f 904//904 906//906 907//907 
f 906//906 908//908 909//909 
f 908//908 910//910 911//911 
f 910//910 912//912 913//913 
f 913//913 911//911 910//910 
f 911//911 909//909 908//908 
f 909//909 907//907 906//906 
f 907//907 905//905 904//904 
f 905//905 903//903 902//902 
f 903//903 901//901 900//900 
f 901//901 899//899 898//898 
f 899//899 897//897 896//896 
f 897//897 895//895 894//894 
f 895//895 893//893 892//892 
f 893//893 891//891 890//890 
f 891//891 889//889 888//888 
f 889//889 914//914 887//887 
v -0.015 -0.0164527 -0.0349183 
v -0.016 -0.0156075 -0.0354526 
v -0.016 -0.0160251 -0.0361875 
v -0.015 -0.0169167 -0.0357349 
v -0.016 -0.0163719 -0.0369584 
v -0.015 -0.0173021 -0.0365913 
v -0.016 -0.0166449 -0.0377584 
v -0.015 -0.0176054 -0.0374802 
v -0.016 -0.0168416 -0.0385804 
v -0.015 -0.017824 -0.0383936 
v -0.016 -0.0169603 -0.0394173 
v -0.015 -0.0179559 -0.0393235 
v -0.016 -0.017 -0.0402616 
v -0.015 -0.018 -0.0402616 
vn -0.707107 -0.597699 0.377831 
vn -0.707107 -0.597699 0.377831 
vn -0.707107 -0.630509 0.320091 
vn -0.707107 -0.630509 0.320091 
vn -0.707107 -0.657758 0.259528 
vn -0.707107 -0.657758 0.259528 
vn -0.707107 -0.679204 0.196676 
vn -0.707107 -0.679204 0.196676 
vn -0.707107 -0.69466 0.132089 
vn -0.707107 -0.69466 0.132089 
vn -0.707107 -0.703988 0.0663372 
vn -0.707107 -0.703988 0.0663372 
vn -0.707107 -0.707107 2.77556e-16 
vn -0.707107 -0.707107 2.77556e-16 
f 915//915 916//916 917//917 
f 918//918 917//917 919//919 
f 920//920 919//919 921//921 
f 922//922 921//921 923//923 
f 924//924 923//923 925//925 
f 926//926 925//925 927//927 
f 927//927 928//928 926//926 
f 925//925 926//926 924//924 
f 923//923 924//924 922//922 
f 921//921 922//922 920//920 
f 919//919 920//920 918//918 
f 917//917 918//918 915//915 
v -0.015 -0.0162486 -0.0345547 
v -0.015 -0.0164527 -0.0349183 
v -0.011 -0.0164527 -0.0349183 
v -0.015 -0.0160834 -0.0341719 
v -0.011 -0.0162486 -0.0345547 
v -0.015 -0.015959 -0.0337739 
v -0.011 -0.0160834 -0.0341719 
v -0.015 -0.0158767 -0.0333652 
v -0.011 -0.015959 -0.0337739 
v -0.015 -0.0158374 -0.0329501 
v -0.011 -0.0158767 -0.0333652 
v -0.015 -0.0158415 -0.0325331 
v -0.011 -0.0158374 -0.0329501 
v -0.015 -0.015889 -0.0321189 
v -0.011 -0.0158415 -0.0325331 
v -0.015 -0.0159794 -0.0317118 
v -0.011 -0.015889 -0.0321189 
v -0.015 -0.0161116 -0.0313164 
v -0.011 -0.0159794 -0.0317118 
v -0.015 -0.0162843 -0.0309369 
v -0.011 -0.0161116 -0.0313164 
v -0.015 -0.0164955 -0.0305774 
v -0.011 -0.0162843 -0.0309369 
v -0.015 -0.0167431 -0.0302418 
v -0.011 -0.0164955 -0.0305774 
v -0.015 -0.0170242 -0.0299339 
v -0.011 -0.0167431 -0.0302418 
v -0.011 -0.0170242 -0.0299339 
vn 0 -0.896304 0.443439 
vn 0 -0.845274 0.534333 
vn 0 -0.845274 0.534333 
vn 0 -0.937596 0.347727 
vn 0 -0.896304 0.443439 
vn 0 -0.9687 0.248236 
vn 0 -0.937596 0.347727 
vn 0 -0.989278 0.146048 
vn 0 -0.9687 0.248236 
vn 0 -0.999106 0.0422724 
vn 0 -0.989278 0.146048 
vn 0 -0.998079 -0.061962 
vn 0 -0.999106 0.0422724 
vn 0 -0.986206 -0.165523 
vn 0 -0.998079 -0.061962 
vn 0 -0.963617 -0.267286 
vn 0 -0.986206 -0.165523 
vn 0 -0.930558 -0.366144 
vn 0 -0.963617 -0.267286 
vn 0 -0.887388 -0.461024 
vn 0 -0.930558 -0.366144 
vn 0 -0.834575 -0.550894 
vn 0 -0.887388 -0.461024 
vn 0 -0.772694 -0.634779 
vn 0 -0.834575 -0.550894 
vn 0 -0.702417 -0.711766 
vn 0 -0.772694 -0.634779 
vn 0 -0.702417 -0.711766 
f 929//929 930//930 931//931 
f 932//932 929//929 933//933 
f 934//934 932//932 935//935 
f 936//936 934//934 937//937 
f 938//938 936//936 939//939 
f 940//940 938//938 941//941 
f 942//942 940//940 943//943 
f 944//944 942//942 945//945 
f 946//946 944//944 947//947 
f 948//948 946//946 949//949 
f 950//950 948//948 951//951 
f 952//952 950//950 953//953 
f 954//954 952//952 955//955 
f 955//955 956//956 954//954 
f 953//953 955//955 952//952 
f 951//951 953//953 950//950 
f 949//949 951//951 948//948 
f 947//947 949//949 946//946 
f 945//945 947//947 944//944 
f 943//943 945//945 942//942 
f 941//941 943//943 940//940 
f 939//939 941//941 938//938 
f 937//937 939//939 936//936 
f 935//935 937//937 934//934 
f 933//933 935//935 932//932 
f 931//931 933//933 929//929 
v -0.011 -0.0170242 -0.0299339 
v -0.01 -0.0163218 -0.0292221 
v -0.01 -0.016924 -0.0285659 
v -0.011 -0.0176933 -0.0292048 
v -0.01 -0.0174583 -0.0278534 
v -0.011 -0.018287 -0.0284131 
v -0.01 -0.0179197 -0.0270916 
v -0.011 -0.0187997 -0.0275666 
v -0.01 -0.0183035 -0.0262879 
v -0.011 -0.0192261 -0.0266736 
v -0.01 -0.018606 -0.0254501 
v -0.011 -0.0195622 -0.0257428 
v -0.01 -0.0188242 -0.0245866 
v -0.011 -0.0198046 -0.0247834 
v -0.01 -0.0189559 -0.0237058 
v -0.011 -0.019951 -0.0238046 
v -0.01 -0.019 -0.0228162 
v -0.011 -0.02 -0.0228162 
vn 0.707107 -0.496684 -0.503295 
vn 0.707107 -0.496684 -0.503295 
vn 0.707107 -0.543997 -0.451738 
vn 0.707107 -0.543997 -0.451738 
vn 0.707107 -0.585983 -0.395758 
vn 0.707107 -0.585983 -0.395758 
vn 0.707107 -0.62223 -0.335902 
vn 0.707107 -0.62223 -0.335902 
vn 0.707107 -0.652383 -0.272756 
vn 0.707107 -0.652383 -0.272756 
vn 0.707107 -0.676148 -0.206939 
vn 0.707107 -0.676148 -0.206939 
vn 0.707107 -0.693291 -0.139096 
vn 0.707107 -0.693291 -0.139096 
vn 0.707107 -0.703644 -0.0698901 
vn 0.707107 -0.703644 -0.0698901 
vn 0.707107 -0.707107 -2.22045e-16 
vn 0.707107 -0.707107 -2.22045e-16 
f 957//957 958//958 959//959 
f 960//960 959//959 961//961 
f 962//962 961//961 963//963 
f 964//964 963//963 965//965 
f 966//966 965//965 967//967 
f 968//968 967//967 969//969 
f 970//970 969//969 971//971 
f 972//972 971//971 973//973 
f 973//973 974//974 972//972 
f 971//971 972//972 970//970 
f 969//969 970//970 968//968 
f 967//967 968//968 966//966 
f 965//965 966//966 964//964 
f 963//963 964//964 962//962 
f 961//961 962//962 960//960 
f 959//959 960//960 957//957 
v -0.016 -0.0163218 -0.0292221 
v -0.016 -0.0159704 -0.0296071 
v -0.015 -0.0167431 -0.0302418 
v -0.016 -0.015661 -0.0300265 
v -0.015 -0.0164955 -0.0305774 
v -0.016 -0.0153969 -0.0304758 
v -0.015 -0.0162843 -0.0309369 
v -0.016 -0.015181 -0.0309502 
v -0.015 -0.0161116 -0.0313164 
v -0.016 -0.0150157 -0.0314445 
v -0.015 -0.0159794 -0.0317118 
v -0.016 -0.0149028 -0.0319533 
v -0.015 -0.015889 -0.0321189 
v -0.016 -0.0148434 -0.0324712 
v -0.015 -0.0158415 -0.0325331 
v -0.016 -0.0148383 -0.0329923 
v -0.015 -0.0158374 -0.0329501 
v -0.016 -0.0148874 -0.0335112 
v -0.015 -0.0158767 -0.0333652 
v -0.016 -0.0149903 -0.0340221 
v -0.015 -0.015959 -0.0337739 
v -0.016 -0.0151459 -0.0345196 
v -0.015 -0.0160834 -0.0341719 
v -0.016 -0.0153523 -0.0349982 
v -0.015 -0.0162486 -0.0345547 
v -0.016 -0.0156075 -0.0354526 
v -0.015 -0.0164527 -0.0349183 
v -0.015 -0.0170242 -0.0299339 
vn -0.707107 -0.496684 -0.503295 
vn -0.707107 -0.546377 -0.448856 
vn -0.707107 -0.546377 -0.448856 
vn -0.707107 -0.590134 -0.389541 
vn -0.707107 -0.590134 -0.389541 
vn -0.707107 -0.627478 -0.325993 
vn -0.707107 -0.627478 -0.325993 
vn -0.707107 -0.658004 -0.258903 
vn -0.707107 -0.658004 -0.258903 
vn -0.707107 -0.68138 -0.189 
vn -0.707107 -0.68138 -0.189 
vn -0.707107 -0.697353 -0.117043 
vn -0.707107 -0.697353 -0.117043 
vn -0.707107 -0.705748 -0.0438138 
vn -0.707107 -0.705748 -0.0438138 
vn -0.707107 -0.706475 0.0298911 
vn -0.707107 -0.706475 0.0298911 
vn -0.707107 -0.699525 0.103271 
vn -0.707107 -0.699525 0.103271 
vn -0.707107 -0.684974 0.175529 
vn -0.707107 -0.684974 0.175529 
vn -0.707107 -0.66298 0.24588 
vn -0.707107 -0.66298 0.24588 
vn -0.707107 -0.633783 0.313559 
vn -0.707107 -0.633783 0.313559 
vn -0.707107 -0.597699 0.377831 
vn -0.707107 -0.597699 0.377831 
vn -0.707107 -0.496684 -0.503295 
f 975//975 976//976 977//977 
f 976//976 978//978 979//979 
f 978//978 980//980 981//981 
f 980//980 982//982 983//983 
f 982//982 984//984 985//985 
f 984//984 986//986 987//987 
f 986//986 988//988 989//989 
f 988//988 990//990 991//991 
f 990//990 992//992 993//993 
f 992//992 994//994 995//995 
f 994//994 996//996 997//997 
f 996//996 998//998 999//999 
f 998//998 1000//1000 1001//1001 
f 1001//1001 999//999 998//998 
f 999//999 997//997 996//996 
f 997//997 995//995 994//994 
f 995//995 993//993 992//992 
f 993//993 991//991 990//990 
f 991//991 989//989 988//988 
f 989//989 987//987 986//986 
f 987//987 985//985 984//984 
f 985//985 983//983 982//982 
f 983//983 981//981 980//980 
f 981//981 979//979 978//978 
f 979//979 977//977 976//976 
f 977//977 1002//1002 975//975 
v -0.015 -0.0170242 -0.0299339 
v -0.011 -0.0170242 -0.0299339 
v -0.011 -0.0176933 -0.0292048 
v -0.015 -0.0176933 -0.0292048 
v -0.011 -0.018287 -0.0284131 
v -0.015 -0.018287 -0.0284131 
v -0.011 -0.0187997 -0.0275666 
v -0.015 -0.0187997 -0.0275666 
v -0.011 -0.0192261 -0.0266736 
v -0.015 -0.0192261 -0.0266736 
v -0.011 -0.0195622 -0.0257428 
v -0.015 -0.0195622 -0.0257428 
v -0.011 -0.0198046 -0.0247834 
v -0.015 -0.0198046 -0.0247834 
v -0.011 -0.019951 -0.0238046 
v -0.015 -0.019951 -0.0238046 
v -0.011 -0.02 -0.0228162 
v -0.015 -0.02 -0.0228162 
vn 0 -0.702417 -0.711766 
vn 0 -0.702417 -0.711766 
vn 0 -0.769328 -0.638854 
vn 0 -0.769328 -0.638854 
vn 0 -0.828705 -0.559686 
vn 0 -0.828705 -0.559686 
vn 0 -0.879966 -0.475037 
vn 0 -0.879966 -0.475037 
vn 0 -0.92261 -0.385735 
vn 0 -0.92261 -0.385735 
vn 0 -0.956218 -0.292656 
vn 0 -0.956218 -0.292656 
vn 0 -0.980462 -0.196711 
vn 0 -0.980462 -0.196711 
vn 0 -0.995103 -0.0988395 
vn 0 -0.995103 -0.0988395 
vn 0 -1 -1.83697e-16 
vn 0 -1 -1.83697e-16 
f 1003//1003 1004//1004 1005//1005 
f 1006//1006 1005//1005 1007//1007 
f 1008//1008 1007//1007 1009//1009 
f 1010//1010 1009//1009 1011//1011 
f 1012//1012 1011//1011 1013//1013 
f 1014//1014 1013//1013 1015//1015 
f 1016//1016 1015//1015 1017//1017 
f 1018//1018 1017//1017 1019//1019 
f 1019//1019 1020//1020 1018//1018 
f 1017//1017 1018//1018 1016//1016 
f 1015//1015 1016//1016 1014//1014 
f 1013//1013 1014//1014 1012//1012 
f 1011//1011 1012//1012 1010//1010 
f 1009//1009 1010//1010 1008//1008 
f 1007//1007 1008//1008 1006//1006 
f 1005//1005 1006//1006 1003//1003 
v -0.011 -0.02 -0.016 
v -0.011 -0.02 -0.0228162 
v -0.01 -0.019 -0.0228162 
v -0.01 -0.019 -0.016 
vn 0.707107 -0.707107 3.95689e-17 
vn 0.707107 -0.707107 3.95689e-17 
vn 0.707107 -0.707107 3.95689e-17 
vn 0.707107 -0.707107 3.95689e-17 
f 1021//1021 1022//1022 1023//1023 
f 1023//1023 1024//1024 1021//1021 
v -0.015 -0.02 -0.0228162 
v -0.016 -0.019 -0.0228162 
v -0.016 -0.0189559 -0.0237058 
v -0.015 -0.019951 -0.0238046 
v -0.016 -0.0188242 -0.0245866 
v -0.015 -0.0198046 -0.0247834 
v -0.016 -0.018606 -0.0254501 
v -0.015 -0.0195622 -0.0257428 
v -0.016 -0.0183035 -0.0262879 
v -0.015 -0.0192261 -0.0266736 
v -0.016 -0.0179197 -0.0270916 
v -0.015 -0.0187997 -0.0275666 
v -0.016 -0.0174583 -0.0278534 
v -0.015 -0.018287 -0.0284131 
v -0.016 -0.016924 -0.0285659 
v -0.015 -0.0176933 -0.0292048 
v -0.016 -0.0163218 -0.0292221 
v -0.015 -0.0170242 -0.0299339 
vn -0.707107 -0.707107 1.29893e-16 
vn -0.707107 -0.707107 1.29893e-16 
vn -0.707107 -0.703644 -0.0698901 
vn -0.707107 -0.703644 -0.0698901 
vn -0.707107 -0.693291 -0.139096 
vn -0.707107 -0.693291 -0.139096 
vn -0.707107 -0.676148 -0.206939 
vn -0.707107 -0.676148 -0.206939 
vn -0.707107 -0.652383 -0.272756 
vn -0.707107 -0.652383 -0.272756 
vn -0.707107 -0.62223 -0.335902 
vn -0.707107 -0.62223 -0.335902 
vn -0.707107 -0.585983 -0.395758 
vn -0.707107 -0.585983 -0.395758 
vn -0.707107 -0.543997 -0.451738 
vn -0.707107 -0.543997 -0.451738 
vn -0.707107 -0.496684 -0.503295 
vn -0.707107 -0.496684 -0.503295 
f 1025//1025 1026//1026 1027//1027 
f 1028//1028 1027//1027 1029//1029 
f 1030//1030 1029//1029 1031//1031 
f 1032//1032 1031//1031 1033//1033 
f 1034//1034 1033//1033 1035//1035 
f 1036//1036 1035//1035 1037//1037 
f 1038//1038 1037//1037 1039//1039 
f 1040//1040 1039//1039 1041//1041 
f 1041//1041 1042//1042 1040//1040 
f 1039//1039 1040//1040 1038//1038 
f 1037//1037 1038//1038 1036//1036 
f 1035//1035 1036//1036 1034//1034 
f 1033//1033 1034//1034 1032//1032 
f 1031//1031 1032//1032 1030//1030 
f 1029//1029 1030//1030 1028//1028 
f 1027//1027 1028//1028 1025//1025 
v -0.015 -0.02 -0.0228162 
v -0.015 -0.02 -0.006 
v -0.016 -0.019 -0.006 
v -0.016 -0.019 -0.0228162 
vn -0.707107 -0.707107 0 
vn -0.707107 -0.707107 0 
vn -0.707107 -0.707107 0 
vn -0.707107 -0.707107 0 
f 1043//1043 1044//1044 1045//1045 
f 1045//1045 1046//1046 1043//1043 
v -0.015 0.02 -0.006 
v -0.0102219 0.02 -0.0123394 
v -0.0105595 0.02 -0.0132188 
v -0.00928115 0.02 -0.0107099 
v -0.00979423 0.02 -0.0115 
v -0.00566063 0.02 -0.00777809 
v -0.0065 0.02 -0.00820577 
v -0.00729007 0.02 -0.00871885 
v -0.00802218 0.02 -0.0093117 
v -0.00478115 0.02 -0.00744049 
v -0.015 0.02 -0.0228162 
v -0.0109507 0.02 -0.0150592 
v -0.0108033 0.02 -0.0141288 
v 1.04083e-17 0.02 -0.006 
v -0.00294076 0.02 -0.0070493 
v 1.04083e-17 0.02 -0.007 
v -0.002 0.02 -0.007 
v -0.011 0.02 -0.016 
v -0.0086883 0.02 -0.00997782 
v -0.00387121 0.02 -0.00719667 
v -0.011 0.02 -0.0228162 
vn 0 1 0 
vn 0 1 0 
vn 0 1 0 
vn 0 1 0 
vn 0 1 0 
vn 0 1 0 
vn 0 1 0 
vn 0 1 0 
vn 0 1 0 
vn 0 1 0 
vn 0 1 0 
vn 0 1 0 
vn 0 1 0 
vn 0 1 0 
vn 0 1 0 
vn 0 1 0 
vn 0 1 0 
vn 0 1 0 
vn 0 1 0 
vn 0 1 0 
vn 0 1 0 
f 1047//1047 1048//1048 1049//1049 
f 1047//1047 1050//1050 1051//1051 
f 1047//1047 1052//1052 1053//1053 
f 1051//1051 1048//1048 1047//1047 
f 1047//1047 1054//1054 1055//1055 
f 1047//1047 1056//1056 1052//1052 
f 1057//1057 1047//1047 1058//1058 
f 1049//1049 1059//1059 1047//1047 
f 1053//1053 1054//1054 1047//1047 
f 1047//1047 1060//1060 1061//1061 
f 1060//1060 1062//1062 1063//1063 
f 1058//1058 1064//1064 1057//1057 
f 1047//1047 1065//1065 1050//1050 
f 1047//1047 1066//1066 1056//1056 
f 1063//1063 1061//1061 1060//1060 
f 1059//1059 1058//1058 1047//1047 
f 1061//1061 1066//1066 1047//1047 
f 1055//1055 1065//1065 1047//1047 
f 1064//1064 1067//1067 1057//1057 
v 0.00638603 -0.0189531 -0.006 
v 0.00636089 -0.016303 -0.006 
v 0.00454994 -0.0168982 -0.006 
v 0.00839778 -0.0181515 -0.006 
v 0.00809637 -0.0155145 -0.006 
v 0.0199707 -0.00108278 -0.006 
v 0.0175 2.25056e-17 -0.006 
v 0.0173962 -0.0019034 -0.006 
v 0.0103111 -0.0171371 -0.006 
v 0.00973578 -0.0145418 -0.006 
v 0.0121035 -0.0159219 -0.006 
v 0.0112597 -0.0133966 -0.006 
v 0.013754 -0.0145199 -0.006 
v 0.01265 -0.0120925 -0.006 
v 0.0152432 -0.0129477 -0.006 
v 0.0138902 -0.0106449 -0.006 
v 0.0165538 -0.0112237 -0.006 
v 0.0149656 -0.00907093 -0.006 
v 0.019271 -0.00535057 -0.006 
v 0.0170859 -0.00378422 -0.006 
v 0.016573 -0.00562014 -0.006 
v 0.0197365 -0.00323564 -0.006 
v 0.0199707 0.00108278 -0.006 
v 0.0197365 0.00323564 -0.006 
v 0.0173962 0.0019034 -0.006 
v 0.0176702 -0.00936817 -0.006 
v 0.0158634 -0.00738937 -0.006 
v -0.0100084 0.0143555 -0.006 
v -0.015 0.02 -0.006 
v -0.016 0.019 -0.006 
v -0.016 -0.019 -0.006 
v -0.0115105 -0.0131818 -0.006 
v -0.0128759 -0.0118516 -0.006 
v -0.015 -0.02 -0.006 
v 1.04083e-17 -0.02 -0.006 
v -0.00301083 -0.0172391 -0.006 
v 0.0185795 -0.00740276 -0.006 
v 0.0103111 0.0171371 -0.006 
v 0.00839778 0.0181515 -0.006 
v 0.00809637 0.0155145 -0.006 
v 0.00638603 0.0189531 -0.006 
v 0.00636089 0.016303 -0.006 
v 0.00429941 0.0195324 -0.006 
v 0.00454994 0.0168982 -0.006 
v 0.00216238 0.0198828 -0.006 
v 0.002685 0.0172928 -0.006 
v -0.0115105 0.0131818 -0.006 
v -0.0140886 -0.0103809 -0.006 
v -0.0100084 -0.0143555 -0.006 
v -0.00666739 -0.0161801 -0.006 
v -0.00838767 -0.0153589 -0.006 
v -0.00111794 -0.0174643 -0.006 
v 0.00216238 -0.0198828 -0.006 
v 0.002685 -0.0172928 -0.006 
v 0.000788203 -0.0174822 -0.006 
v 0.00429941 -0.0195324 -0.006 
v 1.04083e-17 0.02 -0.006 
v 0.000788203 0.0174822 -0.006 
v -0.0128759 0.0118516 -0.006 
v -0.0151341 -0.00878692 -0.006 
v 0.019271 0.00535057 -0.006 
v 0.0170859 0.00378422 -0.006 
v 0.0185795 0.00740276 -0.006 
v 0.016573 0.00562014 -0.006 
v 0.0152432 0.0129477 -0.006 
v 0.013754 0.0145199 -0.006 
v 0.01265 0.0120925 -0.006 
v 0.0121035 0.0159219 -0.006 
v 0.0112597 0.0133966 -0.006 
v -0.00111794 0.0174643 -0.006 
v -0.00486799 0.0168093 -0.006 
v -0.00301083 0.0172391 -0.006 
v -0.0140886 0.0103809 -0.006 
v -0.00486799 -0.0168093 -0.006 
v 0.0176702 0.00936817 -0.006 
v 0.0165538 0.0112237 -0.006 
v 0.0149656 0.00907093 -0.006 
v 0.0138902 0.0106449 -0.006 
v 0.00973578 0.0145418 -0.006 
v -0.00838767 0.0153589 -0.006 
v -0.00666739 0.0161801 -0.006 
v -0.0151341 0.00878692 -0.006 
v 0.0158634 0.00738937 -0.006 
v -0.016 0.00708872 -0.006 
v -0.016 -0.00708872 -0.006 
vn 0 4.33681e-17 1 
vn 0 4.33681e-17 1 
vn 0 4.33681e-17 1 
vn 0 4.33681e-17 1 
vn 0 4.33681e-17 1 
vn 0 4.33681e-17 1 
vn 0 4.33681e-17 1 
vn 0 4.33681e-17 1 
vn 0 4.33681e-17 1 
vn 0 4.33681e-17 1 
vn 0 4.33681e-17 1 
vn 0 4.33681e-17 1 
vn 0 4.33681e-17 1 
vn 0 4.33681e-17 1 
vn 0 4.33681e-17 1 
vn 0 4.33681e-17 1 
vn 0 4.33681e-17 1 
vn 0 4.33681e-17 1 
vn 0 4.33681e-17 1 
vn 0 4.33681e-17 1 
vn 0 4.33681e-17 1 
vn 0 4.33681e-17 1 
vn 0 4.33681e-17 1 
vn 0 4.33681e-17 1 
vn 0 4.33681e-17 1 
vn 0 4.33681e-17 1 
vn 0 4.33681e-17 1 
vn 0 4.33681e-17 1 
vn 0 4.33681e-17 1 
vn 0 4.33681e-17 1 
vn 0 4.33681e-17 1 
vn 0 4.33681e-17 1 
vn 0 4.33681e-17 1 
vn 0 4.33681e-17 1 
vn 0 4.33681e-17 1 
vn 0 4.33681e-17 1 
vn 0 4.33681e-17 1 
vn 0 4.33681e-17 1 
vn 0 4.33681e-17 1 
vn 0 4.33681e-17 1 
vn 0 4.33681e-17 1 
vn 0 4.33681e-17 1 
vn 0 4.33681e-17 1 
vn 0 4.33681e-17 1 
vn 0 4.33681e-17 1 
vn 0 4.33681e-17 1 
vn 0 4.33681e-17 1 
vn 0 4.33681e-17 1 
vn 0 4.33681e-17 1 
vn 0 4.33681e-17 1 
vn 0 4.33681e-17 1 
vn 0 4.33681e-17 1 
vn 0 4.33681e-17 1 
vn 0 4.33681e-17 1 
vn 0 4.33681e-17 1 
vn 0 4.33681e-17 1 
vn 0 4.33681e-17 1 
vn 0 4.33681e-17 1 
vn 0 4.33681e-17 1 
vn 0 4.33681e-17 1 
vn 0 4.33681e-17 1 
vn 0 4.33681e-17 1 
vn 0 4.33681e-17 1 
vn 0 4.33681e-17 1 
vn 0 4.33681e-17 1 
vn 0 4.33681e-17 1 
vn 0 4.33681e-17 1 
vn 0 4.33681e-17 1 
vn 0 4.33681e-17 1 
vn 0 4.33681e-17 1 
vn 0 4.33681e-17 1 
vn 0 4.33681e-17 1 
vn 0 4.33681e-17 1 
vn 0 4.33681e-17 1 
vn 0 4.33681e-17 1 
vn 0 4.33681e-17 1 
vn 0 4.33681e-17 1 
vn 0 4.33681e-17 1 
vn 0 4.33681e-17 1 
vn 0 4.33681e-17 1 
vn 0 4.33681e-17 1 
vn 0 4.33681e-17 1 
vn 0 4.33681e-17 1 
vn 0 4.33681e-17 1 
vn 0 4.33681e-17 1 
f 1068//1068 1069//1069 1070//1070 
f 1071//1071 1072//1072 1069//1069 
f 1073//1073 1074//1074 1075//1075 
f 1069//1069 1068//1068 1071//1071 
f 1076//1076 1077//1077 1072//1072 
f 1078//1078 1079//1079 1077//1077 
f 1080//1080 1081//1081 1079//1079 
f 1082//1082 1083//1083 1081//1081 
f 1084//1084 1085//1085 1083//1083 
f 1086//1086 1087//1087 1088//1088 
f 1089//1089 1075//1075 1087//1087 
f 1075//1075 1089//1089 1073//1073 
f 1090//1090 1091//1091 1092//1092 
f 1072//1072 1071//1071 1076//1076 
f 1079//1079 1078//1078 1080//1080 
f 1083//1083 1082//1082 1084//1084 
f 1093//1093 1094//1094 1085//1085 
f 1087//1087 1086//1086 1089//1089 
f 1092//1092 1074//1074 1090//1090 
f 1095//1095 1096//1096 1097//1097 
f 1098//1098 1099//1099 1100//1100 
f 1101//1101 1102//1102 1103//1103 
f 1077//1077 1076//1076 1078//1078 
f 1085//1085 1084//1084 1093//1093 
f 1104//1104 1088//1088 1094//1094 
f 1073//1073 1090//1090 1074//1074 
f 1105//1105 1106//1106 1107//1107 
f 1106//1106 1108//1108 1109//1109 
f 1108//1108 1110//1110 1111//1111 
f 1110//1110 1112//1112 1113//1113 
f 1097//1097 1114//1114 1095//1095 
f 1100//1100 1115//1115 1098//1098 
f 1116//1116 1099//1099 1098//1098 
f 1101//1101 1117//1117 1118//1118 
f 1102//1102 1119//1119 1103//1103 
f 1120//1120 1121//1121 1122//1122 
f 1123//1123 1070//1070 1121//1121 
f 1081//1081 1080//1080 1082//1082 
f 1088//1088 1104//1104 1086//1086 
f 1109//1109 1107//1107 1106//1106 
f 1113//1113 1111//1111 1110//1110 
f 1112//1112 1124//1124 1125//1125 
f 1097//1097 1126//1126 1114//1114 
f 1115//1115 1127//1127 1098//1098 
f 1118//1118 1116//1116 1101//1101 
f 1102//1102 1122//1122 1119//1119 
f 1121//1121 1120//1120 1123//1123 
f 1094//1094 1093//1093 1104//1104 
f 1091//1091 1128//1128 1129//1129 
f 1128//1128 1130//1130 1131//1131 
f 1132//1132 1133//1133 1134//1134 
f 1133//1133 1135//1135 1136//1136 
f 1111//1111 1109//1109 1108//1108 
f 1124//1124 1137//1137 1125//1125 
f 1096//1096 1138//1138 1139//1139 
f 1097//1097 1140//1140 1126//1126 
f 1098//1098 1101//1101 1116//1116 
f 1103//1103 1141//1141 1101//1101 
f 1070//1070 1123//1123 1068//1068 
f 1131//1131 1129//1129 1128//1128 
f 1142//1142 1143//1143 1144//1144 
f 1143//1143 1132//1132 1145//1145 
f 1136//1136 1134//1134 1133//1133 
f 1135//1135 1105//1105 1146//1146 
f 1125//1125 1113//1113 1112//1112 
f 1139//1139 1124//1124 1096//1096 
f 1096//1096 1147//1147 1148//1148 
f 1097//1097 1149//1149 1140//1140 
f 1141//1141 1117//1117 1101//1101 
f 1129//1129 1092//1092 1091//1091 
f 1130//1130 1142//1142 1150//1150 
f 1145//1145 1144//1144 1143//1143 
f 1146//1146 1136//1136 1135//1135 
f 1139//1139 1137//1137 1124//1124 
f 1095//1095 1147//1147 1096//1096 
f 1122//1122 1102//1102 1120//1120 
f 1144//1144 1150//1150 1142//1142 
f 1107//1107 1146//1146 1105//1105 
f 1097//1097 1151//1151 1149//1149 
f 1150//1150 1131//1131 1130//1130 
f 1148//1148 1138//1138 1096//1096 
f 1134//1134 1145//1145 1132//1132 
f 1127//1127 1152//1152 1098//1098 
v -0.015 -0.02 -0.006 
v -0.00729007 -0.02 -0.00871885 
v -0.0065 -0.02 -0.00820577 
v -0.00979423 -0.02 -0.0115 
v -0.00928115 -0.02 -0.0107099 
v -0.00566063 -0.02 -0.00777809 
v -0.0086883 -0.02 -0.00997782 
v -0.00802218 -0.02 -0.0093117 
v -0.0102219 -0.02 -0.0123394 
v -0.00387121 -0.02 -0.00719667 
v -0.00294076 -0.02 -0.0070493 
v -0.0105595 -0.02 -0.0132188 
v 1.04083e-17 -0.02 -0.006 
v -0.002 -0.02 -0.007 
v -0.00478115 -0.02 -0.00744049 
v -0.0109507 -0.02 -0.0150592 
v -0.0108033 -0.02 -0.0141288 
v -0.015 -0.02 -0.0228162 
v -0.011 -0.02 -0.016 
v -0.011 -0.02 -0.0228162 
v 1.04083e-17 -0.02 -0.007 
vn 0 -1 0 
vn 0 -1 0 
vn 0 -1 0 
vn 0 -1 0 
vn 0 -1 0 
vn 0 -1 0 
vn 0 -1 0 
vn 0 -1 0 
vn 0 -1 0 
vn 0 -1 0 
vn 0 -1 0 
vn 0 -1 0 
vn 0 -1 0 
vn 0 -1 0 
vn 0 -1 0 
vn 0 -1 0 
vn 0 -1 0 
vn 0 -1 0 
vn 0 -1 0 
vn 0 -1 0 
vn 0 -1 0 
f 1153//1153 1154//1154 1155//1155 
f 1153//1153 1156//1156 1157//1157 
f 1155//1155 1158//1158 1153//1153 
f 1153//1153 1159//1159 1160//1160 
f 1153//1153 1161//1161 1156//1156 
f 1153//1153 1162//1162 1163//1163 
f 1160//1160 1154//1154 1153//1153 
f 1153//1153 1164//1164 1161//1161 
f 1165//1165 1163//1163 1166//1166 
f 1153//1153 1167//1167 1162//1162 
f 1157//1157 1159//1159 1153//1153 
f 1153//1153 1168//1168 1169//1169 
f 1163//1163 1165//1165 1153//1153 
f 1169//1169 1164//1164 1153//1153 
f 1170//1170 1171//1171 1168//1168 
f 1158//1158 1167//1167 1153//1153 
f 1170//1170 1172//1172 1171//1171 
f 1168//1168 1153//1153 1170//1170 
f 1166//1166 1173//1173 1165//1165 
v 1.04083e-17 0.02 -0.007 
v 1.04083e-17 0.02 -0.006 
v 0.00216238 0.0198828 -0.006 
v 0.00216238 0.0198828 -0.007 
v 0.00429941 0.0195324 -0.006 
v 0.00429941 0.0195324 -0.007 
v 0.00638603 0.0189531 -0.006 
v 0.00638603 0.0189531 -0.007 
v 0.00839778 0.0181515 -0.006 
v 0.00839778 0.0181515 -0.007 
v 0.0103111 0.0171371 -0.006 
v 0.0103111 0.0171371 -0.007 
v 0.0121035 0.0159219 -0.006 
v 0.0121035 0.0159219 -0.007 
v 0.013754 0.0145199 -0.006 
v 0.013754 0.0145199 -0.007 
v 0.0152432 0.0129477 -0.006 
v 0.0152432 0.0129477 -0.007 
v 0.0165538 0.0112237 -0.006 
v 0.0165538 0.0112237 -0.007 
v 0.0176702 0.00936817 -0.006 
v 0.0176702 0.00936817 -0.007 
v 0.0185795 0.00740276 -0.006 
v 0.0185795 0.00740276 -0.007 
v 0.019271 0.00535057 -0.006 
v 0.019271 0.00535057 -0.007 
v 0.0197365 0.00323564 -0.006 
v 0.0197365 0.00323564 -0.007 
v 0.0199707 0.00108278 -0.006 
v 0.0199707 0.00108278 -0.007 
v 0.0199707 -0.00108278 -0.006 
v 0.0199707 -0.00108278 -0.007 
v 0.0197365 -0.00323564 -0.006 
v 0.0197365 -0.00323564 -0.007 
v 0.019271 -0.00535057 -0.006 
v 0.019271 -0.00535057 -0.007 
v 0.0185795 -0.00740276 -0.006 
v 0.0185795 -0.00740276 -0.007 
v 0.0176702 -0.00936817 -0.006 
v 0.0176702 -0.00936817 -0.007 
v 0.0165538 -0.0112237 -0.006 
v 0.0165538 -0.0112237 -0.007 
v 0.0152432 -0.0129477 -0.006 
v 0.0152432 -0.0129477 -0.007 
v 0.013754 -0.0145199 -0.006 
v 0.013754 -0.0145199 -0.007 
v 0.0121035 -0.0159219 -0.006 
v 0.0121035 -0.0159219 -0.007 
v 0.0103111 -0.0171371 -0.006 
v 0.0103111 -0.0171371 -0.007 
v 0.00839778 -0.0181515 -0.006 
v 0.00839778 -0.0181515 -0.007 
v 0.00638603 -0.0189531 -0.006 
v 0.00638603 -0.0189531 -0.007 
v 0.00429941 -0.0195324 -0.006 
v 0.00429941 -0.0195324 -0.007 
v 0.00216238 -0.0198828 -0.006 
v 0.00216238 -0.0198828 -0.007 
v 1.04083e-17 -0.02 -0.006 
v 1.04083e-17 -0.02 -0.007 
vn -6.12323e-17 1 0 
vn -6.12323e-17 1 0 
vn 0.108119 0.994138 0 
vn 0.108119 0.994138 0 
vn 0.21497 0.976621 0 
vn 0.21497 0.976621 0 
vn 0.319302 0.947653 0 
vn 0.319302 0.947653 0 
vn 0.419889 0.907575 0 
vn 0.419889 0.907575 0 
vn 0.515554 0.856857 0 
vn 0.515554 0.856857 0 
vn 0.605174 0.796093 0 
vn 0.605174 0.796093 0 
vn 0.687699 0.725995 0 
vn 0.687699 0.725995 0 
vn 0.762162 0.647386 0 
vn 0.762162 0.647386 0 
vn 0.827689 0.561187 0 
vn 0.827689 0.561187 0 
vn 0.883512 0.468408 0 
vn 0.883512 0.468408 0 
vn 0.928977 0.370138 0 
vn 0.928977 0.370138 0 
vn 0.96355 0.267528 0 
vn 0.96355 0.267528 0 
vn 0.986827 0.161782 0 
vn 0.986827 0.161782 0 
vn 0.998533 0.0541389 0 
vn 0.998533 0.0541389 0 
vn 0.998533 -0.0541389 0 
vn 0.998533 -0.0541389 0 
vn 0.986827 -0.161782 0 
vn 0.986827 -0.161782 0 
vn 0.96355 -0.267528 0 
vn 0.96355 -0.267528 0 
vn 0.928977 -0.370138 0 
vn 0.928977 -0.370138 0 
vn 0.883512 -0.468408 0 
vn 0.883512 -0.468408 0 
vn 0.827689 -0.561187 0 
vn 0.827689 -0.561187 0 
vn 0.762162 -0.647386 0 
vn 0.762162 -0.647386 0 
vn 0.687699 -0.725995 0 
vn 0.687699 -0.725995 0 
vn 0.605174 -0.796093 0 
vn 0.605174 -0.796093 0 
vn 0.515554 -0.856857 0 
vn 0.515554 -0.856857 0 
vn 0.419889 -0.907575 0 
vn 0.419889 -0.907575 0 
vn 0.319302 -0.947653 0 
vn 0.319302 -0.947653 0 
vn 0.21497 -0.976621 0 
vn 0.21497 -0.976621 0 
vn 0.108119 -0.994138 0 
vn 0.108119 -0.994138 0 
vn 1.83697e-16 -1 0 
vn 1.83697e-16 -1 0 
f 1174//1174 1175//1175 1176//1176 
f 1177//1177 1176//1176 1178//1178 
f 1179//1179 1178//1178 1180//1180 
f 1181//1181 1180//1180 1182//1182 
f 1183//1183 1182//1182 1184//1184 
f 1185//1185 1184//1184 1186//1186 
f 1187//1187 1186//1186 1188//1188 
f 1189//1189 1188//1188 1190//1190 
f 1191//1191 1190//1190 1192//1192 
f 1193//1193 1192//1192 1194//1194 
f 1195//1195 1194//1194 1196//1196 
f 1197//1197 1196//1196 1198//1198 
f 1199//1199 1198//1198 1200//1200 
f 1201//1201 1200//1200 1202//1202 
f 1203//1203 1202//1202 1204//1204 
f 1205//1205 1204//1204 1206//1206 
f 1207//1207 1206//1206 1208//1208 
f 1209//1209 1208//1208 1210//1210 
f 1211//1211 1210//1210 1212//1212 
f 1213//1213 1212//1212 1214//1214 
f 1215//1215 1214//1214 1216//1216 
f 1217//1217 1216//1216 1218//1218 
f 1219//1219 1218//1218 1220//1220 
f 1221//1221 1220//1220 1222//1222 
f 1223//1223 1222//1222 1224//1224 
f 1225//1225 1224//1224 1226//1226 
f 1227//1227 1226//1226 1228//1228 
f 1229//1229 1228//1228 1230//1230 
f 1231//1231 1230//1230 1232//1232 
f 1232//1232 1233//1233 1231//1231 
f 1230//1230 1231//1231 1229//1229 
f 1228//1228 1229//1229 1227//1227 
f 1226//1226 1227//1227 1225//1225 
f 1224//1224 1225//1225 1223//1223 
f 1222//1222 1223//1223 1221//1221 
f 1220//1220 1221//1221 1219//1219 
f 1218//1218 1219//1219 1217//1217 
f 1216//1216 1217//1217 1215//1215 
f 1214//1214 1215//1215 1213//1213 
f 1212//1212 1213//1213 1211//1211 
f 1210//1210 1211//1211 1209//1209 
f 1208//1208 1209//1209 1207//1207 
f 1206//1206 1207//1207 1205//1205 
f 1204//1204 1205//1205 1203//1203 
f 1202//1202 1203//1203 1201//1201 
f 1200//1200 1201//1201 1199//1199 
f 1198//1198 1199//1199 1197//1197 
f 1196//1196 1197//1197 1195//1195 
f 1194//1194 1195//1195 1193//1193 
f 1192//1192 1193//1193 1191//1191 
f 1190//1190 1191//1191 1189//1189 
f 1188//1188 1189//1189 1187//1187 
f 1186//1186 1187//1187 1185//1185 
f 1184//1184 1185//1185 1183//1183 
f 1182//1182 1183//1183 1181//1181 
f 1180//1180 1181//1181 1179//1179 
f 1178//1178 1179//1179 1177//1177 
f 1176//1176 1177//1177 1174//1174 
v -0.002 -0.02 -0.007 
v -0.00294076 -0.02 -0.0070493 
v -0.00283623 -0.019 -0.00804382 
v -0.00387121 -0.02 -0.00719667 
v -0.00366329 -0.019 -0.00817482 
v -0.00478115 -0.02 -0.00744049 
v -0.00447214 -0.019 -0.00839155 
v -0.00566063 -0.02 -0.00777809 
v -0.00525389 -0.019 -0.00869164 
v -0.0065 -0.02 -0.00820577 
v -0.006 -0.019 -0.0090718 
v -0.00729007 -0.02 -0.00871885 
v -0.00670228 -0.019 -0.00952786 
v -0.00802218 -0.02 -0.0093117 
v -0.00735304 -0.019 -0.0100548 
v -0.0086883 -0.02 -0.00997782 
v -0.00794516 -0.019 -0.010647 
v -0.00928115 -0.02 -0.0107099 
v -0.00847214 -0.019 -0.0112977 
v -0.00979423 -0.02 -0.0115 
v -0.0089282 -0.019 -0.012 
v -0.0102219 -0.02 -0.0123394 
v -0.00930836 -0.019 -0.0127461 
v -0.0105595 -0.02 -0.0132188 
v -0.00960845 -0.019 -0.0135279 
v -0.0108033 -0.02 -0.0141288 
v -0.00982518 -0.019 -0.0143367 
v -0.0109507 -0.02 -0.0150592 
v -0.00995618 -0.019 -0.0151638 
v -0.011 -0.02 -0.016 
v -0.01 -0.019 -0.016 
v -0.002 -0.019 -0.008 
vn -8.65956e-17 -0.707107 -0.707107 
vn 0.0739128 -0.707107 -0.703233 
vn 0.0739128 -0.707107 -0.703233 
vn 0.147016 -0.707107 -0.691655 
vn 0.147016 -0.707107 -0.691655 
vn 0.218508 -0.707107 -0.672499 
vn 0.218508 -0.707107 -0.672499 
vn 0.287606 -0.707107 -0.645974 
vn 0.287606 -0.707107 -0.645974 
vn 0.353553 -0.707107 -0.612372 
vn 0.353553 -0.707107 -0.612372 
vn 0.415627 -0.707107 -0.572061 
vn 0.415627 -0.707107 -0.572061 
vn 0.473147 -0.707107 -0.525483 
vn 0.473147 -0.707107 -0.525483 
vn 0.525483 -0.707107 -0.473147 
vn 0.525483 -0.707107 -0.473147 
vn 0.572061 -0.707107 -0.415627 
vn 0.572061 -0.707107 -0.415627 
vn 0.612372 -0.707107 -0.353553 
vn 0.612372 -0.707107 -0.353553 
vn 0.645974 -0.707107 -0.287606 
vn 0.645974 -0.707107 -0.287606 
vn 0.672499 -0.707107 -0.218508 
vn 0.672499 -0.707107 -0.218508 
vn 0.691655 -0.707107 -0.147016 
vn 0.691655 -0.707107 -0.147016 
vn 0.703233 -0.707107 -0.0739128 
vn 0.703233 -0.707107 -0.0739128 
vn 0.707107 -0.707107 -2.0035e-16 
vn 0.707107 -0.707107 -2.0035e-16 
vn -8.65956e-17 -0.707107 -0.707107 
f 1234//1234 1235//1235 1236//1236 
f 1235//1235 1237//1237 1238//1238 
f 1237//1237 1239//1239 1240//1240 
f 1239//1239 1241//1241 1242//1242 
f 1241//1241 1243//1243 1244//1244 
f 1243//1243 1245//1245 1246//1246 
f 1245//1245 1247//1247 1248//1248 
f 1247//1247 1249//1249 1250//1250 
f 1249//1249 1251//1251 1252//1252 
f 1251//1251 1253//1253 1254//1254 
f 1253//1253 1255//1255 1256//1256 
f 1255//1255 1257//1257 1258//1258 
f 1257//1257 1259//1259 1260//1260 
f 1259//1259 1261//1261 1262//1262 
f 1261//1261 1263//1263 1264//1264 
f 1264//1264 1262//1262 1261//1261 
f 1262//1262 1260//1260 1259//1259 
f 1260//1260 1258//1258 1257//1257 
f 1258//1258 1256//1256 1255//1255 
f 1256//1256 1254//1254 1253//1253 
f 1254//1254 1252//1252 1251//1251 
f 1252//1252 1250//1250 1249//1249 
f 1250//1250 1248//1248 1247//1247 
f 1248//1248 1246//1246 1245//1245 
f 1246//1246 1244//1244 1243//1243 
f 1244//1244 1242//1242 1241//1241 
f 1242//1242 1240//1240 1239//1239 
f 1240//1240 1238//1238 1237//1237 
f 1238//1238 1236//1236 1235//1235 
f 1236//1236 1265//1265 1234//1234 
v 1.04083e-17 -0.02 -0.007 
v -0.002 -0.02 -0.007 
v -0.002 -0.019 -0.008 
v 1.04083e-17 -0.019 -0.008 
vn -8.65956e-17 -0.707107 -0.707107 
vn -8.65956e-17 -0.707107 -0.707107 
vn -8.65956e-17 -0.707107 -0.707107 
vn -8.65956e-17 -0.707107 -0.707107 
f 1266//1266 1267//1267 1268//1268 
f 1268//1268 1269//1269 1266//1266 
v 1.04083e-17 -0.02 -0.007 
v 1.04083e-17 -0.019 -0.008 
v 0.00205426 -0.0188886 -0.008 
v 0.00216238 -0.0198828 -0.007 
v 0.00408444 -0.0185558 -0.008 
v 0.00429941 -0.0195324 -0.007 
v 0.00606673 -0.0180054 -0.008 
v 0.00638603 -0.0189531 -0.007 
v 0.00797789 -0.0172439 -0.008 
v 0.00839778 -0.0181515 -0.007 
v 0.00979552 -0.0162803 -0.008 
v 0.0103111 -0.0171371 -0.007 
v 0.0114983 -0.0151258 -0.008 
v 0.0121035 -0.0159219 -0.007 
v 0.0130663 -0.0137939 -0.008 
v 0.013754 -0.0145199 -0.007 
v 0.0144811 -0.0123003 -0.008 
v 0.0152432 -0.0129477 -0.007 
v 0.0157261 -0.0106626 -0.008 
v 0.0165538 -0.0112237 -0.007 
v 0.0167867 -0.00889976 -0.008 
v 0.0176702 -0.00936817 -0.007 
v 0.0176506 -0.00703262 -0.008 
v 0.0185795 -0.00740276 -0.007 
v 0.0183074 -0.00508304 -0.008 
v 0.019271 -0.00535057 -0.007 
v 0.0187497 -0.00307386 -0.008 
v 0.0197365 -0.00323564 -0.007 
v 0.0189721 -0.00102864 -0.008 
v 0.0199707 -0.00108278 -0.007 
v 0.0189721 0.00102864 -0.008 
v 0.0199707 0.00108278 -0.007 
v 0.0187497 0.00307386 -0.008 
v 0.0197365 0.00323564 -0.007 
v 0.0183074 0.00508304 -0.008 
v 0.019271 0.00535057 -0.007 
v 0.0176506 0.00703262 -0.008 
v 0.0185795 0.00740276 -0.007 
v 0.0167867 0.00889976 -0.008 
v 0.0176702 0.00936817 -0.007 
v 0.0157261 0.0106626 -0.008 
v 0.0165538 0.0112237 -0.007 
v 0.0144811 0.0123003 -0.008 
v 0.0152432 0.0129477 -0.007 
v 0.0130663 0.0137939 -0.008 
v 0.013754 0.0145199 -0.007 
v 0.0114983 0.0151258 -0.008 
v 0.0121035 0.0159219 -0.007 
v 0.00979552 0.0162803 -0.008 
v 0.0103111 0.0171371 -0.007 
v 0.00797789 0.0172439 -0.008 
v 0.00839778 0.0181515 -0.007 
v 0.00606673 0.0180054 -0.008 
v 0.00638603 0.0189531 -0.007 
v 0.00408444 0.0185558 -0.008 
v 0.00429941 0.0195324 -0.007 
v 0.00205426 0.0188886 -0.008 
v 0.00216238 0.0198828 -0.007 
v 1.04083e-17 0.019 -0.008 
v 1.04083e-17 0.02 -0.007 
vn -8.65956e-17 -0.707107 -0.707107 
vn -8.65956e-17 -0.707107 -0.707107 
vn 0.0764517 -0.702962 -0.707107 
vn 0.0764517 -0.702962 -0.707107 
vn 0.152007 -0.690575 -0.707107 
vn 0.152007 -0.690575 -0.707107 
vn 0.22578 -0.670092 -0.707107 
vn 0.22578 -0.670092 -0.707107 
vn 0.296906 -0.641753 -0.707107 
vn 0.296906 -0.641753 -0.707107 
vn 0.364552 -0.60589 -0.707107 
vn 0.364552 -0.60589 -0.707107 
vn 0.427923 -0.562923 -0.707107 
vn 0.427923 -0.562923 -0.707107 
vn 0.486277 -0.513356 -0.707107 
vn 0.486277 -0.513356 -0.707107 
vn 0.53893 -0.457771 -0.707107 
vn 0.53893 -0.457771 -0.707107 
vn 0.585265 -0.396819 -0.707107 
vn 0.585265 -0.396819 -0.707107 
vn 0.624737 -0.331215 -0.707107 
vn 0.624737 -0.331215 -0.707107 
vn 0.656886 -0.261727 -0.707107 
vn 0.656886 -0.261727 -0.707107 
vn 0.681333 -0.189171 -0.707107 
vn 0.681333 -0.189171 -0.707107 
vn 0.697792 -0.114397 -0.707107 
vn 0.697792 -0.114397 -0.707107 
vn 0.70607 -0.038282 -0.707107 
vn 0.70607 -0.038282 -0.707107 
vn 0.70607 0.038282 -0.707107 
vn 0.70607 0.038282 -0.707107 
vn 0.697792 0.114397 -0.707107 
vn 0.697792 0.114397 -0.707107 
vn 0.681333 0.189171 -0.707107 
vn 0.681333 0.189171 -0.707107 
vn 0.656886 0.261727 -0.707107 
vn 0.656886 0.261727 -0.707107 
vn 0.624737 0.331215 -0.707107 
vn 0.624737 0.331215 -0.707107 
vn 0.585265 0.396819 -0.707107 
vn 0.585265 0.396819 -0.707107 
vn 0.53893 0.457771 -0.707107 
vn 0.53893 0.457771 -0.707107 
vn 0.486277 0.513356 -0.707107 
vn 0.486277 0.513356 -0.707107 
vn 0.427923 0.562923 -0.707107 
vn 0.427923 0.562923 -0.707107 
vn 0.364552 0.60589 -0.707107 
vn 0.364552 0.60589 -0.707107 
vn 0.296906 0.641753 -0.707107 
vn 0.296906 0.641753 -0.707107 
vn 0.22578 0.670092 -0.707107 
vn 0.22578 0.670092 -0.707107 
vn 0.152007 0.690575 -0.707107 
vn 0.152007 0.690575 -0.707107 
vn 0.0764517 0.702962 -0.707107 
vn 0.0764517 0.702962 -0.707107 
vn -1.73028e-17 0.707107 -0.707107 
vn -1.73028e-17 0.707107 -0.707107 
f 1270//1270 1271//1271 1272//1272 
f 1273//1273 1272//1272 1274//1274 
f 1275//1275 1274//1274 1276//1276 
f 1277//1277 1276//1276 1278//1278 
f 1279//1279 1278//1278 1280//1280 
f 1281//1281 1280//1280 1282//1282 
f 1283//1283 1282//1282 1284//1284 
f 1285//1285 1284//1284 1286//1286 
f 1287//1287 1286//1286 1288//1288 
f 1289//1289 1288//1288 1290//1290 
f 1291//1291 1290//1290 1292//1292 
f 1293//1293 1292//1292 1294//1294 
f 1295//1295 1294//1294 1296//1296 
f 1297//1297 1296//1296 1298//1298 
f 1299//1299 1298//1298 1300//1300 
f 1301//1301 1300//1300 1302//1302 
f 1303//1303 1302//1302 1304//1304 
f 1305//1305 1304//1304 1306//1306 
f 1307//1307 1306//1306 1308//1308 
f 1309//1309 1308//1308 1310//1310 
f 1311//1311 1310//1310 1312//1312 
f 1313//1313 1312//1312 1314//1314 
f 1315//1315 1314//1314 1316//1316 
f 1317//1317 1316//1316 1318//1318 
f 1319//1319 1318//1318 1320//1320 
f 1321//1321 1320//1320 1322//1322 
f 1323//1323 1322//1322 1324//1324 
f 1325//1325 1324//1324 1326//1326 
f 1327//1327 1326//1326 1328//1328 
f 1328//1328 1329//1329 1327//1327 
f 1326//1326 1327//1327 1325//1325 
f 1324//1324 1325//1325 1323//1323 
f 1322//1322 1323//1323 1321//1321 
f 1320//1320 1321//1321 1319//1319 
f 1318//1318 1319//1319 1317//1317 
f 1316//1316 1317//1317 1315//1315 
f 1314//1314 1315//1315 1313//1313 
f 1312//1312 1313//1313 1311//1311 
f 1310//1310 1311//1311 1309//1309 
f 1308//1308 1309//1309 1307//1307 
f 1306//1306 1307//1307 1305//1305 
f 1304//1304 1305//1305 1303//1303 
f 1302//1302 1303//1303 1301//1301 
f 1300//1300 1301//1301 1299//1299 
f 1298//1298 1299//1299 1297//1297 
f 1296//1296 1297//1297 1295//1295 
f 1294//1294 1295//1295 1293//1293 
f 1292//1292 1293//1293 1291//1291 
f 1290//1290 1291//1291 1289//1289 
f 1288//1288 1289//1289 1287//1287 
f 1286//1286 1287//1287 1285//1285 
f 1284//1284 1285//1285 1283//1283 
f 1282//1282 1283//1283 1281//1281 
f 1280//1280 1281//1281 1279//1279 
f 1278//1278 1279//1279 1277//1277 
f 1276//1276 1277//1277 1275//1275 
f 1274//1274 1275//1275 1273//1273 
f 1272//1272 1273//1273 1270//1270 
v 1.04083e-17 0.019 -0.008 
v -0.002 0.019 -0.008 
v -0.002 0.02 -0.007 
v 1.04083e-17 0.02 -0.007 
vn -1.73028e-17 0.707107 -0.707107 
vn -1.73028e-17 0.707107 -0.707107 
vn -1.73028e-17 0.707107 -0.707107 
vn -1.73028e-17 0.707107 -0.707107 
f 1330//1330 1331//1331 1332//1332 
f 1332//1332 1333//1333 1330//1330 
v -0.011 0.02 -0.016 
v -0.0109507 0.02 -0.0150592 
v -0.00995618 0.019 -0.0151638 
v -0.0108033 0.02 -0.0141288 
v -0.00982518 0.019 -0.0143367 
v -0.0105595 0.02 -0.0132188 
v -0.00960845 0.019 -0.0135279 
v -0.0102219 0.02 -0.0123394 
v -0.00930836 0.019 -0.0127461 
v -0.00979423 0.02 -0.0115 
v -0.0089282 0.019 -0.012 
v -0.00928115 0.02 -0.0107099 
v -0.00847214 0.019 -0.0112977 
v -0.0086883 0.02 -0.00997782 
v -0.00794516 0.019 -0.010647 
v -0.00802218 0.02 -0.0093117 
v -0.00735304 0.019 -0.0100548 
v -0.00729007 0.02 -0.00871885 
v -0.00670228 0.019 -0.00952786 
v -0.0065 0.02 -0.00820577 
v -0.006 0.019 -0.0090718 
v -0.00566063 0.02 -0.00777809 
v -0.00525389 0.019 -0.00869164 
v -0.00478115 0.02 -0.00744049 
v -0.00447214 0.019 -0.00839155 
v -0.00387121 0.02 -0.00719667 
v -0.00366329 0.019 -0.00817482 
v -0.00294076 0.02 -0.0070493 
v -0.00283623 0.019 -0.00804382 
v -0.002 0.02 -0.007 
v -0.002 0.019 -0.008 
v -0.01 0.019 -0.016 
vn 0.707107 0.707107 1.29893e-16 
vn 0.703233 0.707107 -0.0739128 
vn 0.703233 0.707107 -0.0739128 
vn 0.691655 0.707107 -0.147016 
vn 0.691655 0.707107 -0.147016 
vn 0.672499 0.707107 -0.218508 
vn 0.672499 0.707107 -0.218508 
vn 0.645974 0.707107 -0.287606 
vn 0.645974 0.707107 -0.287606 
vn 0.612372 0.707107 -0.353553 
vn 0.612372 0.707107 -0.353553 
vn 0.572061 0.707107 -0.415627 
vn 0.572061 0.707107 -0.415627 
vn 0.525483 0.707107 -0.473147 
vn 0.525483 0.707107 -0.473147 
vn 0.473147 0.707107 -0.525483 
vn 0.473147 0.707107 -0.525483 
vn 0.415627 0.707107 -0.572061 
vn 0.415627 0.707107 -0.572061 
vn 0.353553 0.707107 -0.612372 
vn 0.353553 0.707107 -0.612372 
vn 0.287606 0.707107 -0.645974 
vn 0.287606 0.707107 -0.645974 
vn 0.218508 0.707107 -0.672499 
vn 0.218508 0.707107 -0.672499 
vn 0.147016 0.707107 -0.691655 
vn 0.147016 0.707107 -0.691655 
vn 0.0739128 0.707107 -0.703233 
vn 0.0739128 0.707107 -0.703233 
vn 9.81308e-17 0.707107 -0.707107 
vn 9.81308e-17 0.707107 -0.707107 
vn 0.707107 0.707107 1.29893e-16 
f 1334//1334 1335//1335 1336//1336 
f 1335//1335 1337//1337 1338//1338 
f 1337//1337 1339//1339 1340//1340 
f 1339//1339 1341//1341 1342//1342 
f 1341//1341 1343//1343 1344//1344 
f 1343//1343 1345//1345 1346//1346 
f 1345//1345 1347//1347 1348//1348 
f 1347//1347 1349//1349 1350//1350 
f 1349//1349 1351//1351 1352//1352 
f 1351//1351 1353//1353 1354//1354 
f 1353//1353 1355//1355 1356//1356 
f 1355//1355 1357//1357 1358//1358 
f 1357//1357 1359//1359 1360//1360 
f 1359//1359 1361//1361 1362//1362 
f 1361//1361 1363//1363 1364//1364 
f 1364//1364 1362//1362 1361//1361 
f 1362//1362 1360//1360 1359//1359 
f 1360//1360 1358//1358 1357//1357 
f 1358//1358 1356//1356 1355//1355 
f 1356//1356 1354//1354 1353//1353 
f 1354//1354 1352//1352 1351//1351 
f 1352//1352 1350//1350 1349//1349 
f 1350//1350 1348//1348 1347//1347 
f 1348//1348 1346//1346 1345//1345 
f 1346//1346 1344//1344 1343//1343 
f 1344//1344 1342//1342 1341//1341 
f 1342//1342 1340//1340 1339//1339 
f 1340//1340 1338//1338 1337//1337 
f 1338//1338 1336//1336 1335//1335 
f 1336//1336 1365//1365 1334//1334 
v -0.016 0.00708872 -0.006 
v -0.016 0.00708872 8.47033e-22 
v -0.0151341 0.00878692 -6.87698e-19 
v -0.0151341 0.00878692 -0.006 
v -0.0140886 0.0103809 -7.56824e-19 
v -0.0140886 0.0103809 -0.006 
v -0.0128759 0.0118516 -8.20609e-19 
v -0.0128759 0.0118516 -0.006 
v -0.0115105 0.0131818 -8.78295e-19 
v -0.0115105 0.0131818 -0.006 
v -0.0100084 0.0143555 -9.29198e-19 
v -0.0100084 0.0143555 -0.006 
v -0.00838767 0.0153589 -9.72714e-19 
v -0.00838767 0.0153589 -0.006 
v -0.00666739 0.0161801 -1.00833e-18 
v -0.00666739 0.0161801 -0.006 
v -0.00486799 0.0168093 -1.03561e-18 
v -0.00486799 0.0168093 -0.006 
v -0.00301083 0.0172391 -1.05425e-18 
v -0.00301083 0.0172391 -0.006 
v -0.00111794 0.0174643 -1.06402e-18 
v -0.00111794 0.0174643 -0.006 
v 0.000788203 0.0174822 -1.0648e-18 
v 0.000788203 0.0174822 -0.006 
v 0.002685 0.0172928 -1.05658e-18 
v 0.002685 0.0172928 -0.006 
v 0.00454994 0.0168982 -1.03947e-18 
v 0.00454994 0.0168982 -0.006 
v 0.00636089 0.016303 -1.01366e-18 
v 0.00636089 0.016303 -0.006 
v 0.00809637 0.0155145 -9.79459e-19 
v 0.00809637 0.0155145 -0.006 
v 0.00973578 0.0145418 -9.37277e-19 
v 0.00973578 0.0145418 -0.006 
v 0.0112597 0.0133966 -8.87612e-19 
v 0.0112597 0.0133966 -0.006 
v 0.01265 0.0120925 -8.31054e-19 
v 0.01265 0.0120925 -0.006 
v 0.0138902 0.0106449 -7.68273e-19 
v 0.0138902 0.0106449 -0.006 
v 0.0149656 0.00907093 -7.00015e-19 
v 0.0149656 0.00907093 -0.006 
v 0.0158634 0.00738937 -6.27089e-19 
v 0.0158634 0.00738937 -0.006 
v 0.016573 0.00562014 -5.50361e-19 
v 0.016573 0.00562014 -0.006 
v 0.0170859 0.00378422 -4.7074e-19 
v 0.0170859 0.00378422 -0.006 
v 0.0173962 0.0019034 -3.89173e-19 
v 0.0173962 0.0019034 -0.006 
v 0.0175 2.27658e-17 -3.06626e-19 
v 0.0175 2.25056e-17 -0.006 
v 0.0173962 -0.0019034 -2.24079e-19 
v 0.0173962 -0.0019034 -0.006 
v 0.0170859 -0.00378422 -1.42511e-19 
v 0.0170859 -0.00378422 -0.006 
v 0.016573 -0.00562014 -6.28912e-20 
v 0.016573 -0.00562014 -0.006 
v 0.0158634 -0.00738937 1.38371e-20 
v 0.0158634 -0.00738937 -0.006 
v 0.0149656 -0.00907093 8.6763e-20 
v 0.0149656 -0.00907093 -0.006 
v 0.0138902 -0.0106449 1.55021e-19 
v 0.0138902 -0.0106449 -0.006 
v 0.01265 -0.0120925 2.17802e-19 
v 0.01265 -0.0120925 -0.006 
v 0.0112597 -0.0133966 2.7436e-19 
v 0.0112597 -0.0133966 -0.006 
v 0.00973578 -0.0145418 3.24025e-19 
v 0.00973578 -0.0145418 -0.006 
v 0.00809637 -0.0155145 3.66207e-19 
v 0.00809637 -0.0155145 -0.006 
v 0.00636089 -0.016303 4.00406e-19 
v 0.00636089 -0.016303 -0.006 
v 0.00454994 -0.0168982 4.26215e-19 
v 0.00454994 -0.0168982 -0.006 
v 0.002685 -0.0172928 4.4333e-19 
v 0.002685 -0.0172928 -0.006 
v 0.000788203 -0.0174822 4.51545e-19 
v 0.000788203 -0.0174822 -0.006 
v -0.00111794 -0.0174643 4.50765e-19 
v -0.00111794 -0.0174643 -0.006 
v -0.00301083 -0.0172391 4.40999e-19 
v -0.00301083 -0.0172391 -0.006 
v -0.00486799 -0.0168093 4.22361e-19 
v -0.00486799 -0.0168093 -0.006 
v -0.00666739 -0.0161801 3.95075e-19 
v -0.00666739 -0.0161801 -0.006 
v -0.00838767 -0.0153589 3.59462e-19 
v -0.00838767 -0.0153589 -0.006 
v -0.0100084 -0.0143555 3.15946e-19 
v -0.0100084 -0.0143555 -0.006 
v -0.0115105 -0.0131818 2.65043e-19 
v -0.0115105 -0.0131818 -0.006 
v -0.0128759 -0.0118516 2.07357e-19 
v -0.0128759 -0.0118516 -0.006 
v -0.0140886 -0.0103809 1.43572e-19 
v -0.0140886 -0.0103809 -0.006 
v -0.0151341 -0.00878692 7.44461e-20 
v -0.0151341 -0.00878692 -0.006 
v -0.016 -0.00708872 8.47033e-22 
v -0.016 -0.00708872 -0.006 
vn -0.914286 0.40507 -1.75671e-17 
vn -0.914286 0.40507 -1.75671e-17 
vn -0.864804 0.50211 -2.17755e-17 
vn -0.864804 0.50211 -2.17755e-17 
vn -0.805061 0.593192 -2.57256e-17 
vn -0.805061 0.593192 -2.57256e-17 
vn -0.735766 0.677236 -2.93704e-17 
vn -0.735766 0.677236 -2.93704e-17 
vn -0.65774 0.753245 -3.26668e-17 
vn -0.65774 0.753245 -3.26668e-17 
vn -0.571911 0.820316 -3.55755e-17 
vn -0.571911 0.820316 -3.55755e-17 
vn -0.479296 0.877653 -3.80622e-17 
vn -0.479296 0.877653 -3.80622e-17 
vn -0.380993 0.924578 -4.00972e-17 
vn -0.380993 0.924578 -4.00972e-17 
vn -0.278171 0.960532 -4.16564e-17 
vn -0.278171 0.960532 -4.16564e-17 
vn -0.172047 0.985089 -4.27214e-17 
vn -0.172047 0.985089 -4.27214e-17 
vn -0.0638826 0.997957 -4.32795e-17 
vn -0.0638826 0.997957 -4.32795e-17 
vn 0.0450402 0.998985 -4.33241e-17 
vn 0.0450402 0.998985 -4.33241e-17 
vn 0.153428 0.98816 -4.28546e-17 
vn 0.153428 0.98816 -4.28546e-17 
vn 0.259996 0.96561 -4.18766e-17 
vn 0.259996 0.96561 -4.18766e-17 
vn 0.363479 0.931602 -4.04018e-17 
vn 0.363479 0.931602 -4.04018e-17 
vn 0.462649 0.886541 -3.84476e-17 
vn 0.462649 0.886541 -3.84476e-17 
vn 0.55633 0.830961 -3.60372e-17 
vn 0.55633 0.830961 -3.60372e-17 
vn 0.64341 0.765522 -3.31992e-17 
vn 0.64341 0.765522 -3.31992e-17 
vn 0.722856 0.690999 -2.99673e-17 
vn 0.722856 0.690999 -2.99673e-17 
vn 0.793724 0.608278 -2.63798e-17 
vn 0.793724 0.608278 -2.63798e-17 
vn 0.855175 0.518339 -2.24794e-17 
vn 0.855175 0.518339 -2.24794e-17 
vn 0.906479 0.42225 -1.83122e-17 
vn 0.906479 0.42225 -1.83122e-17 
vn 0.947028 0.321151 -1.39277e-17 
vn 0.947028 0.321151 -1.39277e-17 
vn 0.97634 0.216241 -9.37797e-18 
vn 0.97634 0.216241 -9.37797e-18 
vn 0.994067 0.108766 -4.71697e-18 
vn 0.994067 0.108766 -4.71697e-18 
vn 1 1.19434e-15 -5.17962e-32 
vn 1 1.19434e-15 -5.17962e-32 
vn 0.994067 -0.108766 4.71697e-18 
vn 0.994067 -0.108766 4.71697e-18 
vn 0.97634 -0.216241 9.37797e-18 
vn 0.97634 -0.216241 9.37797e-18 
vn 0.947028 -0.321151 1.39277e-17 
vn 0.947028 -0.321151 1.39277e-17 
vn 0.906479 -0.42225 1.83122e-17 
vn 0.906479 -0.42225 1.83122e-17 
vn 0.855175 -0.518339 2.24794e-17 
vn 0.855175 -0.518339 2.24794e-17 
vn 0.793724 -0.608278 2.63798e-17 
vn 0.793724 -0.608278 2.63798e-17 
vn 0.722856 -0.690999 2.99673e-17 
vn 0.722856 -0.690999 2.99673e-17 
vn 0.64341 -0.765522 3.31992e-17 
vn 0.64341 -0.765522 3.31992e-17 
vn 0.55633 -0.830961 3.60372e-17 
vn 0.55633 -0.830961 3.60372e-17 
vn 0.462649 -0.886541 3.84476e-17 
vn 0.462649 -0.886541 3.84476e-17 
vn 0.363479 -0.931602 4.04018e-17 
vn 0.363479 -0.931602 4.04018e-17 
vn 0.259996 -0.96561 4.18766e-17 
vn 0.259996 -0.96561 4.18766e-17 
vn 0.153428 -0.98816 4.28546e-17 
vn 0.153428 -0.98816 4.28546e-17 
vn 0.0450402 -0.998985 4.33241e-17 
vn 0.0450402 -0.998985 4.33241e-17 
vn -0.0638826 -0.997957 4.32795e-17 
vn -0.0638826 -0.997957 4.32795e-17 
vn -0.172047 -0.985089 4.27214e-17 
vn -0.172047 -0.985089 4.27214e-17 
vn -0.278171 -0.960532 4.16564e-17 
vn -0.278171 -0.960532 4.16564e-17 
vn -0.380993 -0.924578 4.00972e-17 
vn -0.380993 -0.924578 4.00972e-17 
vn -0.479296 -0.877653 3.80622e-17 
vn -0.479296 -0.877653 3.80622e-17 
vn -0.571911 -0.820316 3.55755e-17 
vn -0.571911 -0.820316 3.55755e-17 
vn -0.65774 -0.753245 3.26668e-17 
vn -0.65774 -0.753245 3.26668e-17 
vn -0.735766 -0.677236 2.93704e-17 
vn -0.735766 -0.677236 2.93704e-17 
vn -0.805061 -0.593192 2.57256e-17 
vn -0.805061 -0.593192 2.57256e-17 
vn -0.864804 -0.50211 2.17755e-17 
vn -0.864804 -0.50211 2.17755e-17 
vn -0.914286 -0.40507 1.75671e-17 
vn -0.914286 -0.40507 1.75671e-17 
f 1366//1366 1367//1367 1368//1368 
f 1369//1369 1368//1368 1370//1370 
f 1371//1371 1370//1370 1372//1372 
f 1373//1373 1372//1372 1374//1374 
f 1375//1375 1374//1374 1376//1376 
f 1377//1377 1376//1376 1378//1378 
f 1379//1379 1378//1378 1380//1380 
f 1381//1381 1380//1380 1382//1382 
f 1383//1383 1382//1382 1384//1384 
f 1385//1385 1384//1384 1386//1386 
f 1387//1387 1386//1386 1388//1388 
f 1389//1389 1388//1388 1390//1390 
f 1391//1391 1390//1390 1392//1392 
f 1393//1393 1392//1392 1394//1394 
f 1395//1395 1394//1394 1396//1396 
f 1397//1397 1396//1396 1398//1398 
f 1399//1399 1398//1398 1400//1400 
f 1401//1401 1400//1400 1402//1402 
f 1403//1403 1402//1402 1404//1404 
f 1405//1405 1404//1404 1406//1406 
f 1407//1407 1406//1406 1408//1408 
f 1409//1409 1408//1408 1410//1410 
f 1411//1411 1410//1410 1412//1412 
f 1413//1413 1412//1412 1414//1414 
f 1415//1415 1414//1414 1416//1416 
f 1417//1417 1416//1416 1418//1418 
f 1419//1419 1418//1418 1420//1420 
f 1421//1421 1420//1420 1422//1422 
f 1423//1423 1422//1422 1424//1424 
f 1425//1425 1424//1424 1426//1426 
f 1427//1427 1426//1426 1428//1428 
f 1429//1429 1428//1428 1430//1430 
f 1431//1431 1430//1430 1432//1432 
f 1433//1433 1432//1432 1434//1434 
f 1435//1435 1434//1434 1436//1436 
f 1437//1437 1436//1436 1438//1438 
f 1439//1439 1438//1438 1440//1440 
f 1441//1441 1440//1440 1442//1442 
f 1443//1443 1442//1442 1444//1444 
f 1445//1445 1444//1444 1446//1446 
f 1447//1447 1446//1446 1448//1448 
f 1449//1449 1448//1448 1450//1450 
f 1451//1451 1450//1450 1452//1452 
f 1453//1453 1452//1452 1454//1454 
f 1455//1455 1454//1454 1456//1456 
f 1457//1457 1456//1456 1458//1458 
f 1459//1459 1458//1458 1460//1460 
f 1461//1461 1460//1460 1462//1462 
f 1463//1463 1462//1462 1464//1464 
f 1465//1465 1464//1464 1466//1466 
f 1466//1466 1467//1467 1465//1465 
f 1464//1464 1465//1465 1463//1463 
f 1462//1462 1463//1463 1461//1461 
f 1460//1460 1461//1461 1459//1459 
f 1458//1458 1459//1459 1457//1457 
f 1456//1456 1457//1457 1455//1455 
f 1454//1454 1455//1455 1453//1453 
f 1452//1452 1453//1453 1451//1451 
f 1450//1450 1451//1451 1449//1449 
f 1448//1448 1449//1449 1447//1447 
f 1446//1446 1447//1447 1445//1445 
f 1444//1444 1445//1445 1443//1443 
f 1442//1442 1443//1443 1441//1441 
f 1440//1440 1441//1441 1439//1439 
f 1438//1438 1439//1439 1437//1437 
f 1436//1436 1437//1437 1435//1435 
f 1434//1434 1435//1435 1433//1433 
f 1432//1432 1433//1433 1431//1431 
f 1430//1430 1431//1431 1429//1429 
f 1428//1428 1429//1429 1427//1427 
f 1426//1426 1427//1427 1425//1425 
f 1424//1424 1425//1425 1423//1423 
f 1422//1422 1423//1423 1421//1421 
f 1420//1420 1421//1421 1419//1419 
f 1418//1418 1419//1419 1417//1417 
f 1416//1416 1417//1417 1415//1415 
f 1414//1414 1415//1415 1413//1413 
f 1412//1412 1413//1413 1411//1411 
f 1410//1410 1411//1411 1409//1409 
f 1408//1408 1409//1409 1407//1407 
f 1406//1406 1407//1407 1405//1405 
f 1404//1404 1405//1405 1403//1403 
f 1402//1402 1403//1403 1401//1401 
f 1400//1400 1401//1401 1399//1399 
f 1398//1398 1399//1399 1397//1397 
f 1396//1396 1397//1397 1395//1395 
f 1394//1394 1395//1395 1393//1393 
f 1392//1392 1393//1393 1391//1391 
f 1390//1390 1391//1391 1389//1389 
f 1388//1388 1389//1389 1387//1387 
f 1386//1386 1387//1387 1385//1385 
f 1384//1384 1385//1385 1383//1383 
f 1382//1382 1383//1383 1381//1381 
f 1380//1380 1381//1381 1379//1379 
f 1378//1378 1379//1379 1377//1377 
f 1376//1376 1377//1377 1375//1375 
f 1374//1374 1375//1375 1373//1373 
f 1372//1372 1373//1373 1371//1371 
f 1370//1370 1371//1371 1369//1369 
f 1368//1368 1369//1369 1366//1366 
v -0.0151341 -0.00878692 7.44461e-20 
v -0.0151341 0.00878692 -6.87698e-19 
v -0.016 0.00708872 8.47033e-22 
v -0.016 -0.00708872 8.47033e-22 
v 0.00809637 0.0155145 -9.79459e-19 
v 0.00454994 0.0168982 -1.03947e-18 
v 0.002685 0.0172928 -1.05658e-18 
v -0.00301083 0.0172391 -1.05425e-18 
v 0.0112597 0.0133966 -8.87612e-19 
v 0.00973578 0.0145418 -9.37277e-19 
v -0.0140886 -0.0103809 1.43572e-19 
v -0.0140886 0.0103809 -7.56824e-19 
v 0.000788203 0.0174822 -1.0648e-18 
v -0.00111794 0.0174643 -1.06402e-18 
v 0.00636089 0.016303 -1.01366e-18 
v 0.01265 0.0120925 -8.31054e-19 
v 0.0149656 0.00907093 -7.00015e-19 
v 0.0138902 0.0106449 -7.68273e-19 
v -0.00666739 0.0161801 -1.00833e-18 
v 0.0149656 -0.00907093 8.6763e-20 
v 0.0158634 -0.00738937 1.38371e-20 
v 0.016573 -0.00562014 -6.28912e-20 
v -0.00666739 -0.0161801 3.95075e-19 
v -0.00486799 -0.0168093 4.22361e-19 
v -0.0128759 -0.0118516 2.07357e-19 
v -0.0128759 0.0118516 -8.20609e-19 
v 0.0175 2.27658e-17 -3.06626e-19 
v 0.0173962 0.0019034 -3.89173e-19 
v 0.0170859 -0.00378422 -1.42511e-19 
v 0.0173962 -0.0019034 -2.24079e-19 
v 0.0138902 -0.0106449 1.55021e-19 
v 0.0112597 -0.0133966 2.7436e-19 
v 0.01265 -0.0120925 2.17802e-19 
v -0.00838767 -0.0153589 3.59462e-19 
v -0.0115105 0.0131818 -8.78295e-19 
v 0.0158634 0.00738937 -6.27089e-19 
v 0.0170859 0.00378422 -4.7074e-19 
v 0.016573 0.00562014 -5.50361e-19 
v 0.00636089 -0.016303 4.00406e-19 
v 0.00809637 -0.0155145 3.66207e-19 
v -0.00111794 -0.0174643 4.50765e-19 
v 0.000788203 -0.0174822 4.51545e-19 
v -0.0100084 -0.0143555 3.15946e-19 
v -0.0115105 -0.0131818 2.65043e-19 
v -0.0100084 0.0143555 -9.29198e-19 
v -0.00838767 0.0153589 -9.72714e-19 
v -0.00486799 0.0168093 -1.03561e-18 
v 0.00973578 -0.0145418 3.24025e-19 
v 0.002685 -0.0172928 4.4333e-19 
v 0.00454994 -0.0168982 4.26215e-19 
v -0.00301083 -0.0172391 4.40999e-19 
vn 0 0 1 
vn 0 0 1 
vn 0 0 1 
vn 0 0 1 
vn 0 0 1 
vn 0 0 1 
vn 0 0 1 
vn 0 0 1 
vn 0 0 1 
vn 0 0 1 
vn 0 0 1 
vn 0 0 1 
vn 0 0 1 
vn 0 0 1 
vn 0 0 1 
vn 0 0 1 
vn 0 0 1 
vn 0 0 1 
vn 0 0 1 
vn 0 0 1 
vn 0 0 1 
vn 0 0 1 
vn 0 0 1 
vn 0 0 1 
vn 0 0 1 
vn 0 0 1 
vn 0 0 1 
vn 0 0 1 
vn 0 0 1 
vn 0 0 1 
vn 0 0 1 
vn 0 0 1 
vn 0 0 1 
vn 0 0 1 
vn 0 0 1 
vn 0 0 1 
vn 0 0 1 
vn 0 0 1 
vn 0 0 1 
vn 0 0 1 
vn 0 0 1 
vn 0 0 1 
vn 0 0 1 
vn 0 0 1 
vn 0 0 1 
vn 0 0 1 
vn 0 0 1 
vn 0 0 1 
vn 0 0 1 
vn 0 0 1 
vn 0 0 1 
f 1468//1468 1469//1469 1470//1470 
f 1470//1470 1471//1471 1468//1468 
f 1472//1472 1473//1473 1474//1474 
f 1475//1475 1476//1476 1477//1477 
f 1478//1478 1479//1479 1469//1469 
f 1472//1472 1480//1480 1481//1481 
f 1472//1472 1482//1482 1473//1473 
f 1475//1475 1483//1483 1476//1476 
f 1475//1475 1484//1484 1485//1485 
f 1486//1486 1487//1487 1488//1488 
f 1468//1468 1478//1478 1469//1469 
f 1474//1474 1480//1480 1472//1472 
f 1485//1485 1483//1483 1475//1475 
f 1488//1488 1489//1489 1486//1486 
f 1486//1486 1490//1490 1491//1491 
f 1492//1492 1493//1493 1479//1479 
f 1477//1477 1472//1472 1475//1475 
f 1486//1486 1494//1494 1495//1495 
f 1486//1486 1496//1496 1497//1497 
f 1486//1486 1498//1498 1487//1487 
f 1486//1486 1499//1499 1500//1500 
f 1486//1486 1501//1501 1490//1490 
f 1492//1492 1502//1502 1493//1493 
f 1475//1475 1503//1503 1484//1484 
f 1475//1475 1504//1504 1505//1505 
f 1497//1497 1494//1494 1486//1486 
f 1500//1500 1498//1498 1486//1486 
f 1486//1486 1506//1506 1507//1507 
f 1486//1486 1508//1508 1509//1509 
f 1486//1486 1510//1510 1501//1501 
f 1486//1486 1492//1492 1511//1511 
f 1492//1492 1512//1512 1502//1502 
f 1492//1492 1486//1486 1513//1513 
f 1504//1504 1475//1475 1514//1514 
f 1505//1505 1503//1503 1475//1475 
f 1489//1489 1496//1496 1486//1486 
f 1507//1507 1515//1515 1486//1486 
f 1486//1486 1516//1516 1517//1517 
f 1486//1486 1518//1518 1508//1508 
f 1511//1511 1510//1510 1486//1486 
f 1513//1513 1512//1512 1492//1492 
f 1481//1481 1475//1475 1472//1472 
f 1515//1515 1499//1499 1486//1486 
f 1509//1509 1516//1516 1486//1486 
f 1478//1478 1492//1492 1479//1479 
f 1495//1495 1504//1504 1486//1486 
f 1491//1491 1518//1518 1486//1486 
f 1517//1517 1506//1506 1486//1486 
f 1514//1514 1486//1486 1504//1504 
v -0.002 -0.007375 -0.008 
v 0.0157261 -0.0106626 -0.008 
v 0.0144811 -0.0123003 -0.008 
v -0.002 0.007375 -0.008 
v 1.04083e-17 0.019 -0.008 
v 0.00205426 0.0188886 -0.008 
v 0.0167867 -0.00889976 -0.008 
v 0.0183074 -0.00508304 -0.008 
v 0.0176506 -0.00703262 -0.008 
v 0.0189721 0.00102864 -0.008 
v 0.0189721 -0.00102864 -0.008 
v 0.0114983 0.0151258 -0.008 
v 0.0130663 0.0137939 -0.008 
v 0.00797789 0.0172439 -0.008 
v 0.00979552 0.0162803 -0.008 
v 0.00408444 0.0185558 -0.008 
v 0.0130663 -0.0137939 -0.008 
v 0.0114983 -0.0151258 -0.008 
v 0.0187497 -0.00307386 -0.008 
v 0.00606673 0.0180054 -0.008 
v 0.00979552 -0.0162803 -0.008 
v 0.0183074 0.00508304 -0.008 
v 0.0187497 0.00307386 -0.008 
v 0.00797789 -0.0172439 -0.008 
v 0.0167867 0.00889976 -0.008 
v 0.0176506 0.00703262 -0.008 
v 0.0144811 0.0123003 -0.008 
v 0.00408444 -0.0185558 -0.008 
v 0.00205426 -0.0188886 -0.008 
v 0.0157261 0.0106626 -0.008 
v -0.002 0.019 -0.008 
v 0.00606673 -0.0180054 -0.008 
v -0.016 0.007375 -0.008 
v -0.016 -0.007375 -0.008 
v 1.04083e-17 -0.019 -0.008 
v -0.002 -0.019 -0.008 
vn 0 0 -1 
vn 0 0 -1 
vn 0 0 -1 
vn 0 0 -1 
vn 0 0 -1 
vn 0 0 -1 
vn 0 0 -1 
vn 0 0 -1 
vn 0 0 -1 
vn 0 0 -1 
vn 0 0 -1 
vn 0 0 -1 
vn 0 0 -1 
vn 0 0 -1 
vn 0 0 -1 
vn 0 0 -1 
vn 0 0 -1 
vn 0 0 -1 
vn 0 0 -1 
vn 0 0 -1 
vn 0 0 -1 
vn 0 0 -1 
vn 0 0 -1 
vn 0 0 -1 
vn 0 0 -1 
vn 0 0 -1 
vn 0 0 -1 
vn 0 0 -1 
vn 0 0 -1 
vn 0 0 -1 
vn 0 0 -1 
vn 0 0 -1 
vn 0 0 -1 
vn 0 0 -1 
vn 0 0 -1 
vn 0 0 -1 
f 1519//1519 1520//1520 1521//1521 
f 1522//1522 1523//1523 1524//1524 
f 1519//1519 1525//1525 1520//1520 
f 1519//1519 1526//1526 1527//1527 
f 1519//1519 1528//1528 1529//1529 
f 1522//1522 1530//1530 1531//1531 
f 1522//1522 1532//1532 1533//1533 
f 1524//1524 1534//1534 1522//1522 
f 1519//1519 1535//1535 1536//1536 
f 1527//1527 1525//1525 1519//1519 
f 1529//1529 1537//1537 1519//1519 
f 1533//1533 1530//1530 1522//1522 
f 1534//1534 1538//1538 1522//1522 
f 1536//1536 1539//1539 1519//1519 
f 1537//1537 1526//1526 1519//1519 
f 1519//1519 1540//1540 1541//1541 
f 1538//1538 1532//1532 1522//1522 
f 1539//1539 1542//1542 1519//1519 
f 1541//1541 1528//1528 1519//1519 
f 1519//1519 1543//1543 1544//1544 
f 1531//1531 1545//1545 1522//1522 
f 1519//1519 1546//1546 1547//1547 
f 1521//1521 1535//1535 1519//1519 
f 1519//1519 1548//1548 1543//1543 
f 1522//1522 1549//1549 1523//1523 
f 1519//1519 1550//1550 1546//1546 
f 1544//1544 1540//1540 1519//1519 
f 1548//1548 1519//1519 1522//1522 
f 1551//1551 1522//1522 1519//1519 
f 1542//1542 1550//1550 1519//1519 
f 1519//1519 1552//1552 1551//1551 
f 1547//1547 1553//1553 1519//1519 
f 1553//1553 1554//1554 1519//1519 
f 1545//1545 1548//1548 1522//1522 
v -0.00995618 -0.019 -0.0151638 
v -0.01 -0.019 -0.016 
v -0.01 -0.009 -0.016 
v -0.00982518 -0.019 -0.0143367 
v -0.00995618 -0.009 -0.0151638 
v -0.00960845 -0.019 -0.0135279 
v -0.00982518 -0.009 -0.0143367 
v -0.00930836 -0.019 -0.0127461 
v -0.00960845 -0.009 -0.0135279 
v -0.0089282 -0.019 -0.012 
v -0.00930836 -0.009 -0.0127461 
v -0.00847214 -0.019 -0.0112977 
v -0.0089282 -0.009 -0.012 
v -0.00794516 -0.019 -0.010647 
v -0.00847214 -0.009 -0.0112977 
v -0.00735304 -0.019 -0.0100548 
v -0.00794516 -0.009 -0.010647 
v -0.00735304 -0.009 -0.0100548 
v -0.00683315 -0.009 -0.009625 
v -0.00670228 -0.019 -0.00952786 
v -0.006 -0.019 -0.0090718 
v -0.0063468 -0.00895903 -0.00928843 
v -0.00608572 -0.00891891 -0.00912325 
v -0.00649427 -0.00898169 -0.00938172 
v -0.00605559 -0.00891428 -0.00910419 
v -0.00670077 -0.00899285 -0.00952997 
v -0.00659698 -0.00898724 -0.00945546 
v -0.00525389 -0.019 -0.00869164 
v -0.00556791 -0.00879764 -0.00883969 
v -0.00551078 -0.00878 -0.00881401 
v -0.00599906 -0.00890076 -0.00907353 
v -0.005802 -0.00885363 -0.00896665 
v -0.00447214 -0.019 -0.00839155 
v -0.00488011 -0.00857898 -0.00854133 
v -0.00454437 -0.00845573 -0.00842445 
v -0.00498672 -0.00861812 -0.00857844 
v -0.00525131 -0.00869985 -0.00869738 
v -0.00519921 -0.00868376 -0.00867396 
v -0.00366329 -0.019 -0.00817482 
v -0.0042052 -0.00832852 -0.00831296 
v -0.00384902 -0.00818234 -0.00822648 
v -0.00426767 -0.00835415 -0.00832812 
v -0.00446973 -0.00842833 -0.00839847 
v -0.00283623 -0.019 -0.00804382 
v -0.00337465 -0.00798537 -0.00811899 
v -0.00312293 -0.0078745 -0.00808877 
v -0.00350273 -0.00804024 -0.00814241 
v -0.00349265 -0.00803592 -0.00814056 
v -0.0036618 -0.00810551 -0.00818102 
v -0.002 -0.019 -0.008 
v -0.00252978 -0.00761325 -0.00801756 
v -0.00237704 -0.00754457 -0.00801234 
v -0.00201631 -0.00738235 -0.00800002 
v -0.00283499 -0.00774768 -0.0080542 
v -0.00275093 -0.00771066 -0.00804411 
v -0.002 -0.007375 -0.008 
vn 0.994522 0 -0.104528 
vn 1 0 -1.83697e-16 
vn 1 0 -1.83697e-16 
vn 0.978148 0 -0.207912 
vn 0.994522 0 -0.104528 
vn 0.951057 0 -0.309017 
vn 0.978148 0 -0.207912 
vn 0.913545 0 -0.406737 
vn 0.951057 0 -0.309017 
vn 0.866025 0 -0.5 
vn 0.913545 0 -0.406737 
vn 0.809017 0 -0.587785 
vn 0.866025 0 -0.5 
vn 0.743145 0 -0.669131 
vn 0.809017 0 -0.587785 
vn 0.669131 0 -0.743145 
vn 0.743145 0 -0.669131 
vn 0.669131 0 -0.743145 
vn 0.604144 0 -0.796875 
vn 0.587785 0 -0.809017 
vn 0.5 0 -0.866025 
vn 0.543606 0 -0.83934 
vn 0.510784 0 -0.859709 
vn 0.561783 0 -0.827285 
vn 0.506949 0 -0.861976 
vn 0.587787 0 -0.809016 
vn 0.574787 0 -0.818303 
vn 0.406737 0 -0.913545 
vn 0.445989 0 -0.895038 
vn 0.438971 0 -0.898501 
vn 0.500006 0 -0.866022 
vn 0.475535 0 -0.879697 
vn 0.309017 0 -0.951057 
vn 0.36022 0 -0.932867 
vn 0.318388 0 -0.94796 
vn 0.37334 0 -0.927695 
vn 0.406734 0 -0.913547 
vn 0.400196 0 -0.91643 
vn 0.207912 0 -0.978148 
vn 0.27575 0 -0.961229 
vn 0.231405 0 -0.972858 
vn 0.283458 0 -0.958985 
vn 0.308999 0 -0.951062 
vn 0.104528 0 -0.994522 
vn 0.171831 0 -0.985126 
vn 0.140532 0 -0.990076 
vn 0.187842 0 -0.982199 
vn 0.186583 0 -0.982439 
vn 0.20789 0 -0.978152 
vn -1.22465e-16 0 -1 
vn 0.0662228 0 -0.997805 
vn 0.0471509 0 -0.998888 
vn 0.00203859 0 -0.999998 
vn 0.10451 0 -0.994524 
vn 0.0939685 0 -0.995575 
vn 2.11419e-15 0 -1 
f 1555//1555 1556//1556 1557//1557 
f 1558//1558 1555//1555 1559//1559 
f 1560//1560 1558//1558 1561//1561 
f 1562//1562 1560//1560 1563//1563 
f 1564//1564 1562//1562 1565//1565 
f 1566//1566 1564//1564 1567//1567 
f 1568//1568 1566//1566 1569//1569 
f 1570//1570 1568//1568 1571//1571 
f 1570//1570 1572//1572 1573//1573 
f 1573//1573 1574//1574 1570//1570 
f 1575//1575 1576//1576 1577//1577 
f 1575//1575 1578//1578 1576//1576 
f 1577//1577 1579//1579 1575//1575 
f 1575//1575 1574//1574 1580//1580 
f 1580//1580 1581//1581 1575//1575 
f 1581//1581 1578//1578 1575//1575 
f 1582//1582 1583//1583 1584//1584 
f 1582//1582 1575//1575 1585//1585 
f 1585//1585 1586//1586 1582//1582 
f 1586//1586 1583//1583 1582//1582 
f 1587//1587 1588//1588 1589//1589 
f 1587//1587 1590//1590 1588//1588 
f 1587//1587 1582//1582 1591//1591 
f 1591//1591 1592//1592 1587//1587 
f 1592//1592 1590//1590 1587//1587 
f 1593//1593 1594//1594 1595//1595 
f 1593//1593 1596//1596 1594//1594 
f 1593//1593 1587//1587 1597//1597 
f 1597//1597 1596//1596 1593//1593 
f 1598//1598 1599//1599 1600//1600 
f 1598//1598 1601//1601 1602//1602 
f 1602//1602 1599//1599 1598//1598 
f 1598//1598 1593//1593 1603//1603 
f 1603//1603 1601//1601 1598//1598 
f 1604//1604 1605//1605 1606//1606 
f 1606//1606 1607//1607 1604//1604 
f 1604//1604 1598//1598 1608//1608 
f 1608//1608 1609//1609 1604//1604 
f 1609//1609 1605//1605 1604//1604 
f 1607//1607 1610//1610 1604//1604 
f 1600//1600 1608//1608 1598//1598 
f 1595//1595 1603//1603 1593//1593 
f 1589//1589 1597//1597 1587//1587 
f 1584//1584 1591//1591 1582//1582 
f 1579//1579 1585//1585 1575//1575 
f 1573//1573 1580//1580 1574//1574 
f 1571//1571 1572//1572 1570//1570 
f 1569//1569 1571//1571 1568//1568 
f 1567//1567 1569//1569 1566//1566 
f 1565//1565 1567//1567 1564//1564 
f 1563//1563 1565//1565 1562//1562 
f 1561//1561 1563//1563 1560//1560 
f 1559//1559 1561//1561 1558//1558 
f 1557//1557 1559//1559 1555//1555 
v -0.016 -0.007375 -0.008 
v -0.002 -0.007375 -0.008 
v -0.00201631 -0.00738235 -0.00800002 
v -0.016 -0.00754486 -0.0080089 
v -0.00252978 -0.00761325 -0.00801756 
v -0.00275093 -0.00771066 -0.00804411 
v -0.00237704 -0.00754457 -0.00801234 
v -0.016 -0.00771286 -0.00803551 
v -0.00283499 -0.00774768 -0.0080542 
v -0.016 -0.00787715 -0.00807953 
v -0.00337465 -0.00798537 -0.00811899 
v -0.00349265 -0.00803592 -0.00814056 
v -0.00312293 -0.0078745 -0.00808877 
v -0.016 -0.0081875 -0.00821771 
v -0.00350273 -0.00804024 -0.00814241 
v -0.0036618 -0.00810551 -0.00818102 
v -0.016 -0.00803595 -0.00814049 
v -0.00384902 -0.00818234 -0.00822648 
v -0.0042052 -0.00832852 -0.00831296 
v -0.016 -0.00846234 -0.00841739 
v -0.00426767 -0.00835415 -0.00832812 
v -0.00446973 -0.00842833 -0.00839847 
v -0.016 -0.00833015 -0.00831035 
v -0.00454437 -0.00845573 -0.00842445 
v -0.00488011 -0.00857898 -0.00854133 
v -0.016 -0.00858261 -0.00853766 
v -0.00498672 -0.00861812 -0.00857844 
v -0.016 -0.00868965 -0.00866985 
v -0.00519921 -0.00868376 -0.00867396 
v -0.00525131 -0.00869985 -0.00869738 
v -0.016 -0.00878229 -0.0088125 
v -0.00551078 -0.00878 -0.00881401 
v -0.00556791 -0.00879764 -0.00883969 
v -0.016 -0.00885951 -0.00896405 
v -0.00605559 -0.00891428 -0.00910419 
v -0.00608572 -0.00891891 -0.00912325 
v -0.005802 -0.00885363 -0.00896665 
v -0.00599906 -0.00890076 -0.00907353 
v -0.016 -0.00892047 -0.00912285 
v -0.0063468 -0.00895903 -0.00928843 
v -0.016 -0.00896449 -0.00928714 
v -0.00649427 -0.00898169 -0.00938172 
v -0.00659698 -0.00898724 -0.00945546 
v -0.016 -0.0089911 -0.00945514 
v -0.00670077 -0.00899285 -0.00952997 
v -0.00683315 -0.009 -0.009625 
v -0.016 -0.009 -0.009625 
vn 2.11419e-15 0 -1 
vn 2.11419e-15 0 -1 
vn 0 0.00452321 -0.99999 
vn 0 0.104528 -0.994522 
vn 0 0.146618 -0.989193 
vn 0 0.207691 -0.978194 
vn 0 0.104573 -0.994517 
vn 0 0.207912 -0.978148 
vn 0 0.230848 -0.97299 
vn 0 0.309017 -0.951057 
vn 0 0.375614 -0.926776 
vn 0 0.406737 -0.913545 
vn 0 0.309214 -0.950993 
vn 0 0.5 -0.866025 
vn 0 0.409376 -0.912366 
vn 0 0.451423 -0.89231 
vn 0 0.406737 -0.913545 
vn 0 0.499958 -0.86605 
vn 0 0.58789 -0.808941 
vn 0 0.669131 -0.743145 
vn 0 0.602554 -0.798078 
vn 0 0.65151 -0.75864 
vn 0 0.587785 -0.809017 
vn 0 0.669046 -0.743221 
vn 0 0.743268 -0.668994 
vn 0 0.743145 -0.669131 
vn 0 0.764996 -0.644035 
vn 0 0.809017 -0.587785 
vn 0 0.808966 -0.587855 
vn 0 0.819166 -0.573556 
vn 0 0.866025 -0.5 
vn 0 0.866075 -0.499915 
vn 0 0.875474 -0.483266 
vn 0 0.913545 -0.406737 
vn 0 0.94725 -0.320497 
vn 0 0.951039 -0.309072 
vn 0 0.913541 -0.406746 
vn 0 0.940455 -0.339918 
vn 0 0.951057 -0.309017 
vn 0 0.978164 -0.207837 
vn 0 0.978148 -0.207912 
vn 0 0.98873 -0.149709 
vn 0 0.994516 -0.104583 
vn 0 0.994522 -0.104528 
vn 0 0.998279 -0.0586389 
vn 0 1 0 
vn 0 1 0 
f 1611//1611 1612//1612 1613//1613 
f 1613//1613 1614//1614 1611//1611 
f 1614//1614 1615//1615 1616//1616 
f 1614//1614 1617//1617 1615//1615 
f 1618//1618 1616//1616 1619//1619 
f 1619//1619 1620//1620 1618//1618 
f 1620//1620 1621//1621 1622//1622 
f 1620//1620 1623//1623 1621//1621 
f 1624//1624 1625//1625 1626//1626 
f 1627//1627 1622//1622 1625//1625 
f 1625//1625 1624//1624 1627//1627 
f 1624//1624 1628//1628 1629//1629 
f 1630//1630 1631//1631 1632//1632 
f 1633//1633 1629//1629 1631//1631 
f 1631//1631 1630//1630 1633//1633 
f 1630//1630 1634//1634 1635//1635 
f 1636//1636 1635//1635 1637//1637 
f 1637//1637 1638//1638 1636//1636 
f 1638//1638 1639//1639 1640//1640 
f 1640//1640 1641//1641 1638//1638 
f 1641//1641 1642//1642 1643//1643 
f 1643//1643 1644//1644 1641//1641 
f 1644//1644 1645//1645 1646//1646 
f 1644//1644 1647//1647 1648//1648 
f 1648//1648 1645//1645 1644//1644 
f 1649//1649 1646//1646 1650//1650 
f 1651//1651 1652//1652 1653//1653 
f 1651//1651 1650//1650 1652//1652 
f 1654//1654 1655//1655 1656//1656 
f 1654//1654 1653//1653 1655//1655 
f 1656//1656 1657//1657 1654//1654 
f 1653//1653 1654//1654 1651//1651 
f 1650//1650 1651//1651 1649//1649 
f 1646//1646 1649//1649 1644//1644 
f 1643//1643 1647//1647 1644//1644 
f 1640//1640 1642//1642 1641//1641 
f 1637//1637 1639//1639 1638//1638 
f 1635//1635 1636//1636 1630//1630 
f 1632//1632 1634//1634 1630//1630 
f 1629//1629 1633//1633 1624//1624 
f 1626//1626 1628//1628 1624//1624 
f 1622//1622 1627//1627 1620//1620 
f 1619//1619 1623//1623 1620//1620 
f 1616//1616 1618//1618 1614//1614 
f 1613//1613 1617//1617 1614//1614 
v -0.00283623 0.019 -0.00804382 
v -0.00237613 0.00754357 -0.00801984 
v -0.0027523 0.00771211 -0.00804057 
v -0.00201631 0.00738235 -0.00800002 
v -0.002 0.019 -0.008 
v -0.002 0.007375 -0.008 
v -0.00349078 0.00803385 -0.00814463 
v -0.00366163 0.00810517 -0.00818236 
v -0.00337465 0.00798537 -0.00811899 
v -0.00283615 0.00774968 -0.00804519 
v -0.0028628 0.00776162 -0.00804666 
v -0.00312409 0.00787584 -0.00808358 
v -0.00366329 0.019 -0.00817482 
v -0.00420376 0.00832696 -0.00831436 
v -0.00447011 0.00842901 -0.008398 
v -0.004072 0.00827648 -0.00827298 
v -0.00385057 0.00818405 -0.00822408 
v -0.00447214 0.019 -0.00839155 
v -0.00520129 0.00868602 -0.00867274 
v -0.00525301 0.00870336 -0.00869381 
v -0.00487918 0.00857801 -0.00854154 
v -0.00471761 0.00852383 -0.00847573 
v -0.00454679 0.00845839 -0.00842209 
v -0.00525389 0.019 -0.00869164 
v -0.00599344 0.00890156 -0.00906801 
v -0.00599989 0.00890268 -0.00907198 
v -0.00556791 0.00879764 -0.00883969 
v -0.00580337 0.00885515 -0.00896603 
v -0.00531312 0.00872352 -0.00871829 
v -0.00551199 0.00878138 -0.00881305 
v -0.006 0.019 -0.0090718 
v -0.00659679 0.00898699 -0.00945564 
v -0.00670193 0.00899612 -0.00952837 
v -0.00637692 0.00896789 -0.00930354 
v -0.00608424 0.00891727 -0.00912378 
v -0.00635071 0.00896335 -0.00928744 
v -0.00735304 0.019 -0.0100548 
v -0.00672253 0.00899791 -0.00954262 
v -0.00683315 0.009 -0.009625 
v -0.00670228 0.019 -0.00952786 
v -0.00735304 0.009 -0.0100548 
v -0.00794516 0.009 -0.010647 
v -0.00794516 0.019 -0.010647 
v -0.00847214 0.009 -0.0112977 
v -0.00847214 0.019 -0.0112977 
v -0.0089282 0.009 -0.012 
v -0.0089282 0.019 -0.012 
v -0.00930836 0.009 -0.0127461 
v -0.00930836 0.019 -0.0127461 
v -0.00960845 0.009 -0.0135279 
v -0.00960845 0.019 -0.0135279 
v -0.00982518 0.009 -0.0143367 
v -0.00982518 0.019 -0.0143367 
v -0.00995618 0.009 -0.0151638 
v -0.00995618 0.019 -0.0151638 
v -0.01 0.009 -0.016 
v -0.01 0.019 -0.016 
vn 0.104528 0 -0.994522 
vn 0.0470806 0 -0.998891 
vn 0.0940969 0 -0.995563 
vn 0.00203859 0 -0.999998 
vn -1.22465e-16 0 -1 
vn -1.22465e-16 0 -1 
vn 0.186451 0 -0.982464 
vn 0.207905 0 -0.978149 
vn 0.171831 0 -0.985126 
vn 0.104536 0 -0.994521 
vn 0.10785 0 -0.994167 
vn 0.140584 0 -0.990069 
vn 0.207912 0 -0.978148 
vn 0.275631 0 -0.961264 
vn 0.309025 0 -0.951054 
vn 0.259 0 -0.965877 
vn 0.231521 0 -0.97283 
vn 0.309017 0 -0.951057 
vn 0.400358 0 -0.916359 
vn 0.406745 0 -0.913542 
vn 0.360127 0 -0.932903 
vn 0.339701 0 -0.940534 
vn 0.318571 0 -0.947899 
vn 0.406737 0 -0.913545 
vn 0.49918 0 -0.866498 
vn 0.499999 0 -0.866026 
vn 0.445989 0 -0.895038 
vn 0.475635 0 -0.879643 
vn 0.41414 0 -0.910213 
vn 0.439046 0 -0.898464 
vn 0.5 0 -0.866025 
vn 0.574782 0 -0.818307 
vn 0.587787 0 -0.809016 
vn 0.547115 0 -0.837058 
vn 0.510676 0 -0.859773 
vn 0.543894 0 -0.839154 
vn 0.669131 0 -0.743145 
vn 0.590316 0 -0.807172 
vn 0.604144 0 -0.796875 
vn 0.587785 0 -0.809017 
vn 0.669131 0 -0.743145 
vn 0.743145 0 -0.669131 
vn 0.743145 0 -0.669131 
vn 0.809017 0 -0.587785 
vn 0.809017 0 -0.587785 
vn 0.866025 0 -0.5 
vn 0.866025 0 -0.5 
vn 0.913545 0 -0.406737 
vn 0.913545 0 -0.406737 
vn 0.951057 0 -0.309017 
vn 0.951057 0 -0.309017 
vn 0.978148 0 -0.207912 
vn 0.978148 0 -0.207912 
vn 0.994522 0 -0.104528 
vn 0.994522 0 -0.104528 
vn 1 0 -1.83697e-16 
vn 1 0 -1.83697e-16 
f 1658//1658 1659//1659 1660//1660 
f 1658//1658 1661//1661 1659//1659 
f 1662//1662 1663//1663 1661//1661 
f 1661//1661 1658//1658 1662//1662 
f 1658//1658 1664//1664 1665//1665 
f 1658//1658 1666//1666 1664//1664 
f 1658//1658 1667//1667 1668//1668 
f 1668//1668 1669//1669 1658//1658 
f 1669//1669 1666//1666 1658//1658 
f 1670//1670 1671//1671 1672//1672 
f 1670//1670 1673//1673 1671//1671 
f 1670//1670 1665//1665 1674//1674 
f 1674//1674 1673//1673 1670//1670 
f 1675//1675 1676//1676 1677//1677 
f 1675//1675 1678//1678 1676//1676 
f 1675//1675 1679//1679 1678//1678 
f 1675//1675 1672//1672 1680//1680 
f 1680//1680 1679//1679 1675//1675 
f 1681//1681 1682//1682 1683//1683 
f 1681//1681 1684//1684 1685//1685 
f 1681//1681 1686//1686 1687//1687 
f 1687//1687 1684//1684 1681//1681 
f 1681//1681 1677//1677 1686//1686 
f 1685//1685 1682//1682 1681//1681 
f 1688//1688 1689//1689 1690//1690 
f 1688//1688 1691//1691 1689//1689 
f 1688//1688 1692//1692 1693//1693 
f 1688//1688 1683//1683 1692//1692 
f 1693//1693 1691//1691 1688//1688 
f 1694//1694 1695//1695 1696//1696 
f 1697//1697 1690//1690 1695//1695 
f 1695//1695 1694//1694 1697//1697 
f 1698//1698 1699//1699 1700//1700 
f 1699//1699 1701//1701 1702//1702 
f 1701//1701 1703//1703 1704//1704 
f 1703//1703 1705//1705 1706//1706 
f 1705//1705 1707//1707 1708//1708 
f 1707//1707 1709//1709 1710//1710 
f 1709//1709 1711//1711 1712//1712 
f 1711//1711 1713//1713 1714//1714 
f 1714//1714 1712//1712 1711//1711 
f 1712//1712 1710//1710 1709//1709 
f 1710//1710 1708//1708 1707//1707 
f 1708//1708 1706//1706 1705//1705 
f 1706//1706 1704//1704 1703//1703 
f 1704//1704 1702//1702 1701//1701 
f 1702//1702 1700//1700 1699//1699 
f 1700//1700 1694//1694 1698//1698 
f 1696//1696 1698//1698 1694//1694 
f 1690//1690 1697//1697 1688//1688 
f 1683//1683 1688//1688 1681//1681 
f 1677//1677 1681//1681 1675//1675 
f 1672//1672 1675//1675 1670//1670 
f 1665//1665 1670//1670 1658//1658 
f 1660//1660 1667//1667 1658//1658 
v -0.016 0.0089911 -0.00945514 
v -0.00672253 0.00899791 -0.00954262 
v -0.00670193 0.00899612 -0.00952837 
v -0.016 0.009 -0.009625 
v -0.00683315 0.009 -0.009625 
v -0.016 0.00896449 -0.00928714 
v -0.00659679 0.00898699 -0.00945564 
v -0.00637692 0.00896789 -0.00930354 
v -0.016 0.00892047 -0.00912285 
v -0.00635071 0.00896335 -0.00928744 
v -0.016 0.00885951 -0.00896405 
v -0.00608424 0.00891727 -0.00912378 
v -0.00599989 0.00890268 -0.00907198 
v -0.00599344 0.00890156 -0.00906801 
v -0.016 0.00878229 -0.0088125 
v -0.00580337 0.00885515 -0.00896603 
v -0.00556791 0.00879764 -0.00883969 
v -0.016 0.00868965 -0.00866985 
v -0.00531312 0.00872352 -0.00871829 
v -0.00525301 0.00870336 -0.00869381 
v -0.00551199 0.00878138 -0.00881305 
v -0.016 0.00858261 -0.00853766 
v -0.00520129 0.00868602 -0.00867274 
v -0.016 0.00846234 -0.00841739 
v -0.00487918 0.00857801 -0.00854154 
v -0.00471761 0.00852383 -0.00847573 
v -0.016 0.00833015 -0.00831035 
v -0.00454679 0.00845839 -0.00842209 
v -0.00447011 0.00842901 -0.008398 
v -0.016 0.0081875 -0.00821771 
v -0.00420376 0.00832696 -0.00831436 
v -0.004072 0.00827648 -0.00827298 
v -0.016 0.00803595 -0.00814049 
v -0.00385057 0.00818405 -0.00822408 
v -0.00366163 0.00810517 -0.00818236 
v -0.016 0.00787715 -0.00807953 
v -0.00349078 0.00803385 -0.00814463 
v -0.00337465 0.00798537 -0.00811899 
v -0.016 0.00771286 -0.00803551 
v -0.0028628 0.00776162 -0.00804666 
v -0.00283615 0.00774968 -0.00804519 
v -0.00312409 0.00787584 -0.00808358 
v -0.016 0.00754486 -0.0080089 
v -0.0027523 0.00771211 -0.00804057 
v -0.016 0.007375 -0.008 
v -0.00237613 0.00754357 -0.00801984 
v -0.00201631 0.00738235 -0.00800002 
v -0.002 0.007375 -0.008 
vn 0 -0.994522 -0.104528 
vn 0 -0.998714 -0.0506926 
vn 0 -0.998228 -0.0594994 
vn 0 -1 -6.12323e-17 
vn 0 -1 -6.12323e-17 
vn 0 -0.978148 -0.207912 
vn 0 -0.994526 -0.104489 
vn 0 -0.980238 -0.197822 
vn 0 -0.951057 -0.309017 
vn 0 -0.978155 -0.207877 
vn 0 -0.913545 -0.406737 
vn 0 -0.951037 -0.309076 
vn 0 -0.940286 -0.340387 
vn 0 -0.939423 -0.34276 
vn 0 -0.866025 -0.5 
vn 0 -0.913553 -0.40672 
vn 0 -0.875474 -0.483266 
vn 0 -0.809017 -0.587785 
vn 0 -0.829859 -0.557974 
vn 0 -0.818845 -0.574015 
vn 0 -0.866031 -0.49999 
vn 0 -0.743145 -0.669131 
vn 0 -0.809092 -0.587682 
vn 0 -0.669131 -0.743145 
vn 0 -0.743063 -0.669221 
vn 0 -0.706972 -0.707242 
vn 0 -0.587785 -0.809017 
vn 0 -0.669226 -0.743059 
vn 0 -0.651609 -0.758555 
vn 0 -0.5 -0.866025 
vn 0 -0.587676 -0.809096 
vn 0 -0.554759 -0.832011 
vn 0 -0.406737 -0.913545 
vn 0 -0.500105 -0.865965 
vn 0 -0.451589 -0.892226 
vn 0 -0.309017 -0.951057 
vn 0 -0.406608 -0.913603 
vn 0 -0.375614 -0.926776 
vn 0 -0.207912 -0.978148 
vn 0 -0.23792 -0.971285 
vn 0 -0.230767 -0.973009 
vn 0 -0.30902 -0.951056 
vn 0 -0.104528 -0.994522 
vn 0 -0.208106 -0.978106 
vn 0 0 -1 
vn 0 -0.104442 -0.994531 
vn 0 -0.00452321 -0.99999 
vn 0 0 -1 
f 1715//1715 1716//1716 1717//1717 
f 1715//1715 1718//1718 1719//1719 
f 1719//1719 1716//1716 1715//1715 
f 1720//1720 1715//1715 1721//1721 
f 1721//1721 1722//1722 1720//1720 
f 1723//1723 1720//1720 1724//1724 
f 1725//1725 1723//1723 1726//1726 
f 1726//1726 1727//1727 1725//1725 
f 1727//1727 1728//1728 1725//1725 
f 1729//1729 1725//1725 1730//1730 
f 1730//1730 1731//1731 1729//1729 
f 1732//1732 1733//1733 1734//1734 
f 1732//1732 1729//1729 1735//1735 
f 1735//1735 1733//1733 1732//1732 
f 1736//1736 1732//1732 1737//1737 
f 1738//1738 1736//1736 1739//1739 
f 1739//1739 1740//1740 1738//1738 
f 1741//1741 1738//1738 1742//1742 
f 1742//1742 1743//1743 1741//1741 
f 1744//1744 1741//1741 1745//1745 
f 1745//1745 1746//1746 1744//1744 
f 1747//1747 1744//1744 1748//1748 
f 1748//1748 1749//1749 1747//1747 
f 1750//1750 1747//1747 1751//1751 
f 1751//1751 1752//1752 1750//1750 
f 1753//1753 1754//1754 1755//1755 
f 1753//1753 1750//1750 1756//1756 
f 1756//1756 1754//1754 1753//1753 
f 1757//1757 1753//1753 1758//1758 
f 1759//1759 1757//1757 1760//1760 
f 1760//1760 1761//1761 1759//1759 
f 1761//1761 1762//1762 1759//1759 
f 1758//1758 1760//1760 1757//1757 
f 1755//1755 1758//1758 1753//1753 
f 1752//1752 1756//1756 1750//1750 
f 1749//1749 1751//1751 1747//1747 
f 1746//1746 1748//1748 1744//1744 
f 1743//1743 1745//1745 1741//1741 
f 1740//1740 1742//1742 1738//1738 
f 1737//1737 1739//1739 1736//1736 
f 1734//1734 1737//1737 1732//1732 
f 1731//1731 1735//1735 1729//1729 
f 1728//1728 1730//1730 1725//1725 
f 1724//1724 1726//1726 1723//1723 
f 1722//1722 1724//1724 1720//1720 
f 1717//1717 1721//1721 1715//1715 
v -0.016 -0.009 -0.024375 
v -0.016 -0.009 -0.009625 
v -0.01 -0.009 -0.016 
v -0.00930836 -0.009 -0.0127461 
v -0.00960845 -0.009 -0.0135279 
v -0.00995618 -0.009 -0.0151638 
v -0.00982518 -0.009 -0.0143367 
v -0.00847214 -0.009 -0.0112977 
v -0.0089282 -0.009 -0.012 
v -0.00683315 -0.009 -0.009625 
v -0.00735304 -0.009 -0.0100548 
v -0.00794516 -0.009 -0.010647 
v -0.01 -0.009 -0.024375 
vn 0 1 0 
vn 0 1 0 
vn 0 1 0 
vn 0 1 0 
vn 0 1 0 
vn 0 1 0 
vn 0 1 0 
vn 0 1 0 
vn 0 1 0 
vn 0 1 0 
vn 0 1 0 
vn 0 1 0 
vn 0 1 0 
f 1763//1763 1764//1764 1765//1765 
f 1764//1764 1766//1766 1767//1767 
f 1764//1764 1768//1768 1765//1765 
f 1767//1767 1769//1769 1764//1764 
f 1769//1769 1768//1768 1764//1764 
f 1764//1764 1770//1770 1771//1771 
f 1764//1764 1772//1772 1773//1773 
f 1771//1771 1766//1766 1764//1764 
f 1773//1773 1774//1774 1764//1764 
f 1774//1774 1770//1770 1764//1764 
f 1765//1765 1775//1775 1763//1763 
v -0.016 0.009 -0.009625 
v -0.00982518 0.009 -0.0143367 
v -0.00960845 0.009 -0.0135279 
v -0.00930836 0.009 -0.0127461 
v -0.0089282 0.009 -0.012 
v -0.00995618 0.009 -0.0151638 
v -0.016 0.009 -0.024375 
v -0.01 0.009 -0.024375 
v -0.01 0.009 -0.016 
v -0.00794516 0.009 -0.010647 
v -0.00735304 0.009 -0.0100548 
v -0.00847214 0.009 -0.0112977 
v -0.00683315 0.009 -0.009625 
vn 0 -1 0 
vn 0 -1 0 
vn 0 -1 0 
vn 0 -1 0 
vn 0 -1 0 
vn 0 -1 0 
vn 0 -1 0 
vn 0 -1 0 
vn 0 -1 0 
vn 0 -1 0 
vn 0 -1 0 
vn 0 -1 0 
vn 0 -1 0 
f 1776//1776 1777//1777 1778//1778 
f 1776//1776 1779//1779 1780//1780 
f 1776//1776 1781//1781 1777//1777 
f 1782//1782 1783//1783 1784//1784 
f 1776//1776 1785//1785 1786//1786 
f 1778//1778 1779//1779 1776//1776 
f 1784//1784 1776//1776 1782//1782 
f 1776//1776 1787//1787 1785//1785 
f 1784//1784 1781//1781 1776//1776 
f 1780//1780 1787//1787 1776//1776 
f 1786//1786 1788//1788 1776//1776 
v -0.01 -0.018606 -0.0254501 
v -0.01 -0.0183035 -0.0262879 
v -0.01 -0.0179197 -0.0270916 
v -0.01 -0.0174583 -0.0278534 
v -0.01 -0.0189559 -0.0237058 
v -0.01 -0.0188242 -0.0245866 
v -0.01 0.00713811 -0.0325712 
v -0.01 0.00868965 -0.0253302 
v -0.01 0.00858261 -0.0254623 
v -0.01 0.019 -0.016 
v -0.01 0.00878229 -0.0251875 
v -0.01 -0.019 -0.016 
v -0.01 -0.00892047 -0.0248772 
v -0.01 -0.00896449 -0.0247129 
v -0.01 -0.00713811 -0.0325712 
v -0.01 -0.00868965 -0.0253302 
v -0.01 -0.00878229 -0.0251875 
v -0.01 0.019 -0.0228162 
v -0.01 0.018606 -0.0254501 
v -0.01 0.0188242 -0.0245866 
v -0.01 0.0179197 -0.0270916 
v -0.01 0.0183035 -0.0262879 
v -0.01 0.0163218 -0.0292221 
v -0.01 0.016924 -0.0285659 
v -0.01 0.010288 -0.0344664 
v -0.01 0.015661 -0.0300265 
v -0.01 0.0159704 -0.0296071 
v -0.01 0.0081875 -0.0257823 
v -0.01 0.00803595 -0.0258595 
v -0.01 0.00846234 -0.0255826 
v -0.01 0.00833015 -0.0256897 
v -0.01 0.00892047 -0.0248772 
v -0.01 0.00885951 -0.0250359 
v -0.01 0.0089911 -0.0245449 
v -0.01 0.00896449 -0.0247129 
v -0.01 -0.00885951 -0.0250359 
v -0.01 -0.00846234 -0.0255826 
v -0.01 -0.00858261 -0.0254623 
v -0.01 -0.00542813 -0.0318899 
v -0.01 -0.007375 -0.026 
v -0.01 0.0140707 -0.0384598 
v -0.01 0.0163719 -0.0369584 
v -0.01 0.0160251 -0.0361875 
v -0.01 0.0116909 -0.0356581 
v -0.01 0.0151459 -0.0345196 
v -0.01 0.0149903 -0.0340221 
v -0.01 0.0174583 -0.0278534 
v -0.01 0.0153969 -0.0304758 
v -0.01 0.0150157 -0.0314445 
v -0.01 0.015181 -0.0309502 
v -0.01 0.0148434 -0.0324712 
v -0.01 0.00787715 -0.0259205 
v -0.01 0.009 -0.016 
v -0.01 0.009 -0.024375 
v -0.01 -0.00833015 -0.0256897 
v -0.01 -0.00771286 -0.0259645 
v -0.01 -0.00787715 -0.0259205 
v -0.01 -0.00754486 -0.0259911 
v -0.01 -0.016924 -0.0285659 
v -0.01 -0.019 -0.0228162 
v -0.01 0.0168416 -0.0385804 
v -0.01 0.0166449 -0.0377584 
v -0.01 0.0150197 -0.0400371 
v -0.01 0.0129568 -0.0369944 
v -0.01 0.0148874 -0.0335112 
v -0.01 0.0153523 -0.0349982 
v -0.01 0.0149028 -0.0319533 
v -0.01 0.00754486 -0.0259911 
v -0.01 0.007375 -0.026 
v -0.01 -0.0089911 -0.0245449 
v -0.01 -0.009 -0.024375 
v -0.01 -0.00803595 -0.0258595 
v -0.01 -0.0081875 -0.0257823 
v -0.01 -0.010288 -0.0344664 
v -0.01 -0.0159704 -0.0296071 
v -0.01 -0.0116909 -0.0356581 
v -0.01 -0.0151459 -0.0345196 
v -0.01 -0.0153523 -0.0349982 
v -0.01 -0.0148383 -0.0329923 
v -0.01 -0.0148874 -0.0335112 
v -0.01 -0.0140707 -0.0384598 
v -0.01 -0.0129568 -0.0369944 
v -0.01 -0.0160251 -0.0361875 
v -0.01 0.0157926 -0.0417077 
v -0.01 0.017 -0.0402616 
v -0.01 0.0169603 -0.0394173 
v -0.01 0.0156075 -0.0354526 
v -0.01 0.00771286 -0.0259645 
v -0.01 -0.0153969 -0.0304758 
v -0.01 -0.015181 -0.0309502 
v -0.01 -0.015661 -0.0300265 
v -0.01 -0.0163218 -0.0292221 
v -0.01 -0.0149903 -0.0340221 
v -0.01 -0.0148434 -0.0324712 
v -0.01 -0.0156075 -0.0354526 
v -0.01 0.0148383 -0.0329923 
v -0.01 0.00876442 -0.0334334 
v -0.01 0.00183802 -0.0310997 
v -0.01 0.0036545 -0.0313975 
v -0.01 -2.42861e-17 -0.031 
v -0.01 -0.0036545 -0.0313975 
v -0.01 -0.0150157 -0.0314445 
v -0.01 -0.0168416 -0.0385804 
v -0.01 -0.0169603 -0.0394173 
v -0.01 -0.0150197 -0.0400371 
v -0.01 -0.0163719 -0.0369584 
v -0.01 -0.0166449 -0.0377584 
v -0.01 0.0167761 -0.0452497 
v -0.01 0.0169751 -0.0470796 
v -0.01 0.0163803 -0.043452 
v -0.01 0.00542813 -0.0318899 
v -0.01 -0.00183802 -0.0310997 
v -0.01 -0.00876442 -0.0334334 
v -0.01 -0.0149028 -0.0319533 
v -0.01 -0.017 -0.0402616 
v -0.01 0.0189559 -0.0237058 
v -0.01 -0.009 -0.016 
v -0.01 -0.0163803 -0.043452 
v -0.01 -0.0157926 -0.0417077 
v -0.01 -0.017 -0.048 
v -0.01 -0.0169751 -0.0470796 
v -0.01 -0.0167761 -0.0452497 
v -0.01 0.017 -0.048 
vn 1 0 5.59588e-17 
vn 1 0 5.59588e-17 
vn 1 0 5.59588e-17 
vn 1 0 5.59588e-17 
vn 1 0 5.59588e-17 
vn 1 0 5.59588e-17 
vn 1 0 5.59588e-17 
vn 1 0 5.59588e-17 
vn 1 0 5.59588e-17 
vn 1 0 5.59588e-17 
vn 1 0 5.59588e-17 
vn 1 0 5.59588e-17 
vn 1 0 5.59588e-17 
vn 1 0 5.59588e-17 
vn 1 0 5.59588e-17 
vn 1 0 5.59588e-17 
vn 1 0 5.59588e-17 
vn 1 0 5.59588e-17 
vn 1 0 5.59588e-17 
vn 1 0 5.59588e-17 
vn 1 0 5.59588e-17 
vn 1 0 5.59588e-17 
vn 1 0 5.59588e-17 
vn 1 0 5.59588e-17 
vn 1 0 5.59588e-17 
vn 1 0 5.59588e-17 
vn 1 0 5.59588e-17 
vn 1 0 5.59588e-17 
vn 1 0 5.59588e-17 
vn 1 0 5.59588e-17 
vn 1 0 5.59588e-17 
vn 1 0 5.59588e-17 
vn 1 0 5.59588e-17 
vn 1 0 5.59588e-17 
vn 1 0 5.59588e-17 
vn 1 0 5.59588e-17 
vn 1 0 5.59588e-17 
vn 1 0 5.59588e-17 
vn 1 0 5.59588e-17 
vn 1 0 5.59588e-17 
vn 1 0 5.59588e-17 
vn 1 0 5.59588e-17 
vn 1 0 5.59588e-17 
vn 1 0 5.59588e-17 
vn 1 0 5.59588e-17 
vn 1 0 5.59588e-17 
vn 1 0 5.59588e-17 
vn 1 0 5.59588e-17 
vn 1 0 5.59588e-17 
vn 1 0 5.59588e-17 
vn 1 0 5.59588e-17 
vn 1 0 5.59588e-17 
vn 1 0 5.59588e-17 
vn 1 0 5.59588e-17 
vn 1 0 5.59588e-17 
vn 1 0 5.59588e-17 
vn 1 0 5.59588e-17 
vn 1 0 5.59588e-17 
vn 1 0 5.59588e-17 
vn 1 0 5.59588e-17 
vn 1 0 5.59588e-17 
vn 1 0 5.59588e-17 
vn 1 0 5.59588e-17 
vn 1 0 5.59588e-17 
vn 1 0 5.59588e-17 
vn 1 0 5.59588e-17 
vn 1 0 5.59588e-17 
vn 1 0 5.59588e-17 
vn 1 0 5.59588e-17 
vn 1 0 5.59588e-17 
vn 1 0 5.59588e-17 
vn 1 0 5.59588e-17 
vn 1 0 5.59588e-17 
vn 1 0 5.59588e-17 
vn 1 0 5.59588e-17 
vn 1 0 5.59588e-17 
vn 1 0 5.59588e-17 
vn 1 0 5.59588e-17 
vn 1 0 5.59588e-17 
vn 1 0 5.59588e-17 
vn 1 0 5.59588e-17 
vn 1 0 5.59588e-17 
vn 1 0 5.59588e-17 
vn 1 0 5.59588e-17 
vn 1 0 5.59588e-17 
vn 1 0 5.59588e-17 
vn 1 0 5.59588e-17 
vn 1 0 5.59588e-17 
vn 1 0 5.59588e-17 
vn 1 0 5.59588e-17 
vn 1 0 5.59588e-17 
vn 1 0 5.59588e-17 
vn 1 0 5.59588e-17 
vn 1 0 5.59588e-17 
vn 1 0 5.59588e-17 
vn 1 0 5.59588e-17 
vn 1 0 5.59588e-17 
vn 1 0 5.59588e-17 
vn 1 0 5.59588e-17 
vn 1 0 5.59588e-17 
vn 1 0 5.59588e-17 
vn 1 0 5.59588e-17 
vn 1 0 5.59588e-17 
vn 1 0 5.59588e-17 
vn 1 0 5.59588e-17 
vn 1 0 5.59588e-17 
vn 1 0 5.59588e-17 
vn 1 0 5.59588e-17 
vn 1 0 5.59588e-17 
vn 1 0 5.59588e-17 
vn 1 0 5.59588e-17 
vn 1 0 5.59588e-17 
vn 1 0 5.59588e-17 
vn 1 0 5.59588e-17 
vn 1 0 5.59588e-17 
vn 1 0 5.59588e-17 
vn 1 0 5.59588e-17 
vn 1 0 5.59588e-17 
vn 1 0 5.59588e-17 
vn 1 0 5.59588e-17 
vn 1 0 5.59588e-17 
vn 1 0 5.59588e-17 
vn 1 0 5.59588e-17 
f 1789//1789 1790//1790 1791//1791 
f 1792//1792 1793//1793 1794//1794 
f 1795//1795 1796//1796 1797//1797 
f 1795//1795 1798//1798 1799//1799 
f 1800//1800 1801//1801 1802//1802 
f 1803//1803 1804//1804 1805//1805 
f 1794//1794 1789//1789 1792//1792 
f 1806//1806 1807//1807 1808//1808 
f 1806//1806 1809//1809 1810//1810 
f 1806//1806 1811//1811 1812//1812 
f 1813//1813 1814//1814 1815//1815 
f 1795//1795 1816//1816 1817//1817 
f 1795//1795 1818//1818 1819//1819 
f 1799//1799 1796//1796 1795//1795 
f 1798//1798 1820//1820 1821//1821 
f 1798//1798 1822//1822 1823//1823 
f 1800//1800 1824//1824 1801//1801 
f 1805//1805 1800//1800 1803//1803 
f 1803//1803 1825//1825 1826//1826 
f 1803//1803 1827//1827 1828//1828 
f 1791//1791 1792//1792 1789//1789 
f 1829//1829 1830//1830 1831//1831 
f 1832//1832 1833//1833 1834//1834 
f 1810//1810 1807//1807 1806//1806 
f 1812//1812 1835//1835 1806//1806 
f 1813//1813 1836//1836 1814//1814 
f 1813//1813 1837//1837 1838//1838 
f 1813//1813 1832//1832 1839//1839 
f 1817//1817 1840//1840 1795//1795 
f 1797//1797 1818//1818 1795//1795 
f 1823//1823 1820//1820 1798//1798 
f 1798//1798 1841//1841 1842//1842 
f 1805//1805 1824//1824 1800//1800 
f 1803//1803 1843//1843 1825//1825 
f 1803//1803 1844//1844 1845//1845 
f 1828//1828 1846//1846 1803//1803 
f 1847//1847 1848//1848 1793//1793 
f 1829//1829 1849//1849 1850//1850 
f 1849//1849 1829//1829 1851//1851 
f 1831//1831 1852//1852 1829//1829 
f 1834//1834 1853//1853 1832//1832 
f 1832//1832 1852//1852 1854//1854 
f 1835//1835 1809//1809 1806//1806 
f 1838//1838 1836//1836 1813//1813 
f 1839//1839 1855//1855 1813//1813 
f 1795//1795 1856//1856 1857//1857 
f 1819//1819 1816//1816 1795//1795 
f 1842//1842 1822//1822 1798//1798 
f 1800//1800 1858//1858 1859//1859 
f 1826//1826 1804//1804 1803//1803 
f 1803//1803 1860//1860 1861//1861 
f 1846//1846 1844//1844 1803//1803 
f 1862//1862 1848//1848 1863//1863 
f 1792//1792 1847//1847 1793//1793 
f 1864//1864 1865//1865 1866//1866 
f 1864//1864 1867//1867 1868//1868 
f 1869//1869 1870//1870 1871//1871 
f 1851//1851 1872//1872 1873//1873 
f 1851//1851 1874//1874 1849//1849 
f 1831//1831 1875//1875 1852//1852 
f 1854//1854 1833//1833 1832//1832 
f 1806//1806 1815//1815 1811//1811 
f 1855//1855 1837//1837 1813//1813 
f 1795//1795 1876//1876 1856//1856 
f 1821//1821 1799//1799 1798//1798 
f 1802//1802 1858//1858 1800//1800 
f 1845//1845 1860//1860 1803//1803 
f 1862//1862 1877//1877 1878//1878 
f 1863//1863 1879//1879 1862//1862 
f 1847//1847 1880//1880 1848//1848 
f 1864//1864 1881//1881 1865//1865 
f 1864//1864 1882//1882 1867//1867 
f 1870//1870 1883//1883 1871//1871 
f 1873//1873 1874//1874 1851//1851 
f 1875//1875 1854//1854 1852//1852 
f 1853//1853 1884//1884 1832//1832 
f 1815//1815 1806//1806 1813//1813 
f 1885//1885 1813//1813 1806//1806 
f 1840//1840 1876//1876 1795//1795 
f 1857//1857 1886//1886 1887//1887 
f 1857//1857 1828//1828 1888//1888 
f 1828//1828 1827//1827 1889//1889 
f 1861//1861 1843//1843 1803//1803 
f 1878//1878 1890//1890 1862//1862 
f 1880//1880 1863//1863 1848//1848 
f 1868//1868 1881//1881 1864//1864 
f 1870//1870 1866//1866 1883//1883 
f 1891//1891 1892//1892 1893//1893 
f 1869//1869 1894//1894 1895//1895 
f 1873//1873 1896//1896 1897//1897 
f 1872//1872 1898//1898 1873//1873 
f 1884//1884 1839//1839 1832//1832 
f 1806//1806 1798//1798 1885//1885 
f 1857//1857 1899//1899 1795//1795 
f 1888//1888 1886//1886 1857//1857 
f 1889//1889 1900//1900 1828//1828 
f 1800//1800 1901//1901 1803//1803 
f 1862//1862 1902//1902 1882//1882 
f 1879//1879 1877//1877 1862//1862 
f 1871//1871 1894//1894 1869//1869 
f 1895//1895 1891//1891 1869//1869 
f 1893//1893 1892//1892 1903//1903 
f 1898//1898 1896//1896 1873//1873 
f 1808//1808 1904//1904 1806//1806 
f 1887//1887 1899//1899 1857//1857 
f 1859//1859 1905//1905 1800//1800 
f 1901//1901 1800//1800 1848//1848 
f 1890//1890 1902//1902 1862//1862 
f 1893//1893 1869//1869 1891//1891 
f 1903//1903 1906//1906 1907//1907 
f 1850//1850 1830//1830 1829//1829 
f 1900//1900 1888//1888 1828//1828 
f 1882//1882 1864//1864 1862//1862 
f 1903//1903 1907//1907 1893//1893 
f 1795//1795 1885//1885 1798//1798 
f 1866//1866 1870//1870 1864//1864 
f 1903//1903 1908//1908 1909//1909 
f 1848//1848 1862//1862 1901//1901 
f 1909//1909 1910//1910 1903//1903 
f 1910//1910 1906//1906 1903//1903 
f 1897//1897 1911//1911 1873//1873 
v -0.016 0.00754486 -0.0259911 
v -0.016 0.007375 -0.026 
v -0.01 0.007375 -0.026 
v -0.016 0.00771286 -0.0259645 
v -0.01 0.00754486 -0.0259911 
v -0.016 0.00787715 -0.0259205 
v -0.01 0.00771286 -0.0259645 
v -0.016 0.00803595 -0.0258595 
v -0.01 0.00787715 -0.0259205 
v -0.016 0.0081875 -0.0257823 
v -0.01 0.00803595 -0.0258595 
v -0.016 0.00833015 -0.0256897 
v -0.01 0.0081875 -0.0257823 
v -0.016 0.00846234 -0.0255826 
v -0.01 0.00833015 -0.0256897 
v -0.016 0.00858261 -0.0254623 
v -0.01 0.00846234 -0.0255826 
v -0.016 0.00868965 -0.0253302 
v -0.01 0.00858261 -0.0254623 
v -0.016 0.00878229 -0.0251875 
v -0.01 0.00868965 -0.0253302 
v -0.016 0.00885951 -0.0250359 
v -0.01 0.00878229 -0.0251875 
v -0.016 0.00892047 -0.0248772 
v -0.01 0.00885951 -0.0250359 
v -0.016 0.00896449 -0.0247129 
v -0.01 0.00892047 -0.0248772 
v -0.016 0.0089911 -0.0245449 
v -0.01 0.00896449 -0.0247129 
v -0.016 0.009 -0.024375 
v -0.01 0.0089911 -0.0245449 
v -0.01 0.009 -0.024375 
vn 0 -0.104528 0.994522 
vn 0 -1.22465e-16 1 
vn 0 -1.22465e-16 1 
vn 0 -0.207912 0.978148 
vn 0 -0.104528 0.994522 
vn 0 -0.309017 0.951057 
vn 0 -0.207912 0.978148 
vn 0 -0.406737 0.913545 
vn 0 -0.309017 0.951057 
vn 0 -0.5 0.866025 
vn 0 -0.406737 0.913545 
vn 0 -0.587785 0.809017 
vn 0 -0.5 0.866025 
vn 0 -0.669131 0.743145 
vn 0 -0.587785 0.809017 
vn 0 -0.743145 0.669131 
vn 0 -0.669131 0.743145 
vn 0 -0.809017 0.587785 
vn 0 -0.743145 0.669131 
vn 0 -0.866025 0.5 
vn 0 -0.809017 0.587785 
vn 0 -0.913545 0.406737 
vn 0 -0.866025 0.5 
vn 0 -0.951057 0.309017 
vn 0 -0.913545 0.406737 
vn 0 -0.978148 0.207912 
vn 0 -0.951057 0.309017 
vn 0 -0.994522 0.104528 
vn 0 -0.978148 0.207912 
vn 0 -1 -6.12323e-17 
vn 0 -0.994522 0.104528 
vn 0 -1 -6.12323e-17 
f 1912//1912 1913//1913 1914//1914 
f 1915//1915 1912//1912 1916//1916 
f 1917//1917 1915//1915 1918//1918 
f 1919//1919 1917//1917 1920//1920 
f 1921//1921 1919//1919 1922//1922 
f 1923//1923 1921//1921 1924//1924 
f 1925//1925 1923//1923 1926//1926 
f 1927//1927 1925//1925 1928//1928 
f 1929//1929 1927//1927 1930//1930 
f 1931//1931 1929//1929 1932//1932 
f 1933//1933 1931//1931 1934//1934 
f 1935//1935 1933//1933 1936//1936 
f 1937//1937 1935//1935 1938//1938 
f 1939//1939 1937//1937 1940//1940 
f 1941//1941 1939//1939 1942//1942 
f 1942//1942 1943//1943 1941//1941 
f 1940//1940 1942//1942 1939//1939 
f 1938//1938 1940//1940 1937//1937 
f 1936//1936 1938//1938 1935//1935 
f 1934//1934 1936//1936 1933//1933 
f 1932//1932 1934//1934 1931//1931 
f 1930//1930 1932//1932 1929//1929 
f 1928//1928 1930//1930 1927//1927 
f 1926//1926 1928//1928 1925//1925 
f 1924//1924 1926//1926 1923//1923 
f 1922//1922 1924//1924 1921//1921 
f 1920//1920 1922//1922 1919//1919 
f 1918//1918 1920//1920 1917//1917 
f 1916//1916 1918//1918 1915//1915 
f 1914//1914 1916//1916 1912//1912 
v -0.01 -0.007375 -0.026 
v -0.01 0.007375 -0.026 
v -0.016 0.007375 -0.026 
v -0.016 -0.007375 -0.026 
vn 0 0 1 
vn 0 0 1 
vn 0 0 1 
vn 0 0 1 
f 1944//1944 1945//1945 1946//1946 
f 1946//1946 1947//1947 1944//1944 
v -0.016 -0.0089911 -0.0245449 
v -0.016 -0.009 -0.024375 
v -0.01 -0.009 -0.024375 
v -0.016 -0.00896449 -0.0247129 
v -0.01 -0.0089911 -0.0245449 
v -0.016 -0.00892047 -0.0248772 
v -0.01 -0.00896449 -0.0247129 
v -0.016 -0.00885951 -0.0250359 
v -0.01 -0.00892047 -0.0248772 
v -0.016 -0.00878229 -0.0251875 
v -0.01 -0.00885951 -0.0250359 
v -0.016 -0.00868965 -0.0253302 
v -0.01 -0.00878229 -0.0251875 
v -0.016 -0.00858261 -0.0254623 
v -0.01 -0.00868965 -0.0253302 
v -0.016 -0.00846234 -0.0255826 
v -0.01 -0.00858261 -0.0254623 
v -0.016 -0.00833015 -0.0256897 
v -0.01 -0.00846234 -0.0255826 
v -0.016 -0.0081875 -0.0257823 
v -0.01 -0.00833015 -0.0256897 
v -0.016 -0.00803595 -0.0258595 
v -0.01 -0.0081875 -0.0257823 
v -0.016 -0.00787715 -0.0259205 
v -0.01 -0.00803595 -0.0258595 
v -0.016 -0.00771286 -0.0259645 
v -0.01 -0.00787715 -0.0259205 
v -0.016 -0.00754486 -0.0259911 
v -0.01 -0.00771286 -0.0259645 
v -0.016 -0.007375 -0.026 
v -0.01 -0.00754486 -0.0259911 
v -0.01 -0.007375 -0.026 
vn 0 0.994522 0.104528 
vn 0 1 1.83697e-16 
vn 0 1 1.83697e-16 
vn 0 0.978148 0.207912 
vn 0 0.994522 0.104528 
vn 0 0.951057 0.309017 
vn 0 0.978148 0.207912 
vn 0 0.913545 0.406737 
vn 0 0.951057 0.309017 
vn 0 0.866025 0.5 
vn 0 0.913545 0.406737 
vn 0 0.809017 0.587785 
vn 0 0.866025 0.5 
vn 0 0.743145 0.669131 
vn 0 0.809017 0.587785 
vn 0 0.669131 0.743145 
vn 0 0.743145 0.669131 
vn 0 0.587785 0.809017 
vn 0 0.669131 0.743145 
vn 0 0.5 0.866025 
vn 0 0.587785 0.809017 
vn 0 0.406737 0.913545 
vn 0 0.5 0.866025 
vn 0 0.309017 0.951057 
vn 0 0.406737 0.913545 
vn 0 0.207912 0.978148 
vn 0 0.309017 0.951057 
vn 0 0.104528 0.994522 
vn 0 0.207912 0.978148 
vn 0 -1.22465e-16 1 
vn 0 0.104528 0.994522 
vn 0 -1.22465e-16 1 
f 1948//1948 1949//1949 1950//1950 
f 1951//1951 1948//1948 1952//1952 
f 1953//1953 1951//1951 1954//1954 
f 1955//1955 1953//1953 1956//1956 
f 1957//1957 1955//1955 1958//1958 
f 1959//1959 1957//1957 1960//1960 
f 1961//1961 1959//1959 1962//1962 
f 1963//1963 1961//1961 1964//1964 
f 1965//1965 1963//1963 1966//1966 
f 1967//1967 1965//1965 1968//1968 
f 1969//1969 1967//1967 1970//1970 
f 1971//1971 1969//1969 1972//1972 
f 1973//1973 1971//1971 1974//1974 
f 1975//1975 1973//1973 1976//1976 
f 1977//1977 1975//1975 1978//1978 
f 1978//1978 1979//1979 1977//1977 
f 1976//1976 1978//1978 1975//1975 
f 1974//1974 1976//1976 1973//1973 
f 1972//1972 1974//1974 1971//1971 
f 1970//1970 1972//1972 1969//1969 
f 1968//1968 1970//1970 1967//1967 
f 1966//1966 1968//1968 1965//1965 
f 1964//1964 1966//1966 1963//1963 
f 1962//1962 1964//1964 1961//1961 
f 1960//1960 1962//1962 1959//1959 
f 1958//1958 1960//1960 1957//1957 
f 1956//1956 1958//1958 1955//1955 
f 1954//1954 1956//1956 1953//1953 
f 1952//1952 1954//1954 1951//1951 
f 1950//1950 1952//1952 1948//1948 
v -0.016 0.00398895 -0.039378 
v -0.016 0.00878229 -0.0251875 
v -0.016 0.00885951 -0.0250359 
v -0.016 0.019 -0.006 
v -0.016 0.00885951 -0.00896405 
v -0.016 0.00878229 -0.0088125 
v -0.016 0.0089911 -0.0245449 
v -0.016 0.009 -0.024375 
v -0.016 0.00892047 -0.0248772 
v -0.016 0.00896449 -0.0247129 
v -0.016 0.00846234 -0.0255826 
v -0.016 0.00858261 -0.0254623 
v -0.016 0.00892047 -0.00912285 
v -0.016 0.0089911 -0.00945514 
v -0.016 0.00896449 -0.00928714 
v -0.016 0.009 -0.009625 
v -0.016 0.00868965 -0.0253302 
v -0.016 0.0081875 -0.0257823 
v -0.016 0.00833015 -0.0256897 
v -0.016 0.00787715 -0.0259205 
v -0.016 0.00803595 -0.0258595 
v -0.016 0.019 -0.0228162 
v -0.016 0.018606 -0.0254501 
v -0.016 0.0183035 -0.0262879 
v -0.016 0.0189559 -0.0237058 
v -0.016 -0.0183035 -0.0262879 
v -0.016 -0.018606 -0.0254501 
v -0.016 -0.0188242 -0.0245866 
v -0.016 -0.019 -0.0228162 
v -0.016 -0.016924 -0.0285659 
v -0.016 -0.0174583 -0.0278534 
v -0.016 -0.019 -0.006 
v -0.016 -0.00868965 -0.00866985 
v -0.016 -0.00878229 -0.0088125 
v -0.016 0.00771286 -0.0259645 
v -0.016 0.00574916 -0.0404371 
v -0.016 0.0149028 -0.0319533 
v -0.016 0.0148434 -0.0324712 
v -0.016 0.0179197 -0.0270916 
v -0.016 0.0174583 -0.0278534 
v -0.016 0.0188242 -0.0245866 
v -0.016 -0.0189559 -0.0237058 
v -0.016 -0.0179197 -0.0270916 
v -0.016 -0.00896449 -0.0247129 
v -0.016 -0.00892047 -0.0248772 
v -0.016 -0.009 -0.009625 
v -0.016 -0.009 -0.024375 
v -0.016 -0.00892047 -0.00912285 
v -0.016 -0.00896449 -0.00928714 
v -0.016 -0.00885951 -0.00896405 
v -0.016 0.00708872 -0.006 
v -0.016 0.00803595 -0.00814049 
v -0.016 0.00787715 -0.00807953 
v -0.016 0.0081875 -0.00821771 
v -0.016 0.00858261 -0.00853766 
v -0.016 0.00846234 -0.00841739 
v -0.016 0.0150157 -0.0314445 
v -0.016 0.0153969 -0.0304758 
v -0.016 0.015181 -0.0309502 
v -0.016 0.0159704 -0.0296071 
v -0.016 0.015661 -0.0300265 
v -0.016 0.00653314 -0.041103 
v -0.016 0.0148874 -0.0335112 
v -0.016 0.0149903 -0.0340221 
v -0.016 -0.00653314 -0.041103 
v -0.016 -0.00724054 -0.0418498 
v -0.016 -0.0153523 -0.0349982 
v -0.016 -0.00398895 -0.039378 
v -0.016 -0.00885951 -0.0250359 
v -0.016 -0.0089911 -0.0245449 
v -0.016 -0.0089911 -0.00945514 
v -0.016 0.00771286 -0.00803551 
v -0.016 0.00833015 -0.00831035 
v -0.016 0.00868965 -0.00866985 
v -0.016 0.00303336 -0.0389973 
v -0.016 0.007375 -0.026 
v -0.016 0.016924 -0.0285659 
v -0.016 0.0148383 -0.0329923 
v -0.016 -0.0123419 -0.0596909 
v -0.016 -0.00724054 -0.0541502 
v -0.016 -0.00653314 -0.054897 
v -0.016 -0.0135336 -0.058288 
v -0.016 -0.00786305 -0.0533313 
v -0.016 -0.0166025 -0.0516545 
v -0.016 -0.00937485 -0.0495369 
v -0.016 -0.00915372 -0.0505415 
v -0.016 -0.0169003 -0.049838 
v -0.016 -0.00948607 -0.0485143 
v -0.016 -0.0151459 -0.0345196 
v -0.016 -0.0163218 -0.0292221 
v -0.016 -0.00574916 -0.0404371 
v -0.016 -0.015181 -0.0309502 
v -0.016 -0.0153969 -0.0304758 
v -0.016 -0.0148434 -0.0324712 
v -0.016 -0.00708872 -0.006 
v -0.016 -0.00803595 -0.00814049 
v -0.016 -0.0081875 -0.00821771 
v -0.016 0.00754486 -0.0259911 
v -0.016 0.0163218 -0.0292221 
v -0.016 0.0151459 -0.0345196 
v -0.016 0.0153523 -0.0349982 
v -0.016 0.00724054 -0.0418498 
v -0.016 0.0160251 -0.0361875 
v -0.016 0.0163719 -0.0369584 
v -0.016 0.00786305 -0.0426687 
v -0.016 0.0168416 -0.0385804 
v -0.016 0.0169603 -0.0394173 
v -0.016 0.0166449 -0.0377584 
v -0.016 -0.0145666 -0.0567644 
v -0.016 -0.00839336 -0.0524499 
v -0.016 -0.0154288 -0.0551381 
v -0.016 -0.00882528 -0.0515163 
v -0.016 -0.0161101 -0.0534281 
v -0.016 -0.017 -0.048 
v -0.016 -0.00948607 -0.0474857 
v -0.016 -0.017 -0.0402616 
v -0.016 -0.00915372 -0.0454585 
v -0.016 -0.00937485 -0.0464631 
v -0.016 -0.0149903 -0.0340221 
v -0.016 -0.0159704 -0.0296071 
v -0.016 -0.015661 -0.0300265 
v -0.016 -0.0150157 -0.0314445 
v -0.016 -0.0149028 -0.0319533 
v -0.016 -0.00846234 -0.00841739 
v -0.016 -0.00858261 -0.00853766 
v -0.016 -0.00771286 -0.00803551 
v -0.016 -0.00787715 -0.00807953 
v -0.016 0.00754486 -0.0080089 
v -0.016 0.0156075 -0.0354526 
v -0.016 0.00839336 -0.0435501 
v -0.016 0.017 -0.0402616 
v -0.016 0.017 -0.048 
v -0.016 0.00937485 -0.0464631 
v -0.016 0.0169003 -0.049838 
v -0.016 0.00937485 -0.0495369 
v -0.016 0.00948607 -0.0485143 
v -0.016 0.0154288 -0.0551381 
v -0.016 0.00839336 -0.0524499 
v -0.016 0.00882528 -0.0515163 
v -0.016 0.0145666 -0.0567644 
v -0.016 0.00786305 -0.0533313 
v -0.016 -0.00839336 -0.0435501 
v -0.016 -0.00882528 -0.0444837 
v -0.016 -0.00786305 -0.0426687 
v -0.016 -0.0168416 -0.0385804 
v -0.016 -0.0166449 -0.0377584 
v -0.016 -0.0169603 -0.0394173 
v -0.016 -0.0163719 -0.0369584 
v -0.016 -0.0148874 -0.0335112 
v -0.016 -0.00833015 -0.00831035 
v -0.016 -0.00754486 -0.0080089 
v -0.016 0.00489776 -0.0398599 
v -0.016 0.00882528 -0.0444837 
v -0.016 0.00915372 -0.0454585 
v -0.016 0.0166025 -0.0516545 
v -0.016 0.00915372 -0.0505415 
v -0.016 0.0161101 -0.0534281 
v -0.016 0.00954018 -0.0620707 
v -0.016 0.00489776 -0.0561401 
v -0.016 0.00574916 -0.0555629 
v -0.016 0.00796294 -0.0630197 
v -0.016 0.00398895 -0.056622 
v -0.016 -0.000920361 -0.0649751 
v -0.016 -0.00102713 -0.0574443 
v -0.016 -3.15604e-17 -0.0575 
v -0.016 -0.00275029 -0.0647761 
v -0.016 -0.00204222 -0.0572779 
v -0.016 -0.00454798 -0.0643803 
v -0.016 -0.00303336 -0.0570027 
v -0.016 -0.00629235 -0.0637926 
v -0.016 -0.00398895 -0.056622 
v -0.016 -0.0160251 -0.0361875 
v -0.016 -0.0148383 -0.0329923 
v -0.016 -0.007375 -0.008 
v -0.016 0.00204222 -0.0387221 
v -0.016 0.00948607 -0.0474857 
v -0.016 0.0135336 -0.058288 
v -0.016 0.00724054 -0.0541502 
v -0.016 0.0123419 -0.0596909 
v -0.016 0.00653314 -0.054897 
v -0.016 0.0110056 -0.0609568 
v -0.016 0.00275029 -0.0647761 
v -0.016 0.00102713 -0.0574443 
v -0.016 0.00204222 -0.0572779 
v -0.016 0.000920361 -0.0649751 
v -0.016 -0.00954018 -0.0620707 
v -0.016 -0.00574916 -0.0555629 
v -0.016 -0.00489776 -0.0561401 
v -0.016 -0.0110056 -0.0609568 
v -0.016 -0.0156075 -0.0354526 
v -0.016 -0.00489776 -0.0398599 
v -0.016 0.00102713 -0.0385557 
v -0.016 0.00629235 -0.0637926 
v -0.016 0.00303336 -0.0570027 
v -0.016 0.00454798 -0.0643803 
v -0.016 -0.00796294 -0.0630197 
v -0.016 -0.00204222 -0.0387221 
v -0.016 -0.00303336 -0.0389973 
v -0.016 -0.00754486 -0.0259911 
v -0.016 -0.007375 -0.026 
v -0.016 -0.00846234 -0.0255826 
v -0.016 -0.00833015 -0.0256897 
v -0.016 -0.00868965 -0.0253302 
v -0.016 -0.00858261 -0.0254623 
v -0.016 -0.00878229 -0.0251875 
v -0.016 0.007375 -0.008 
v -0.016 -0.00771286 -0.0259645 
v -0.016 -0.00803595 -0.0258595 
v -0.016 -0.00787715 -0.0259205 
v -0.016 -0.0081875 -0.0257823 
v -0.016 -0.00708872 8.47033e-22 
v -0.016 -2.6613e-17 -0.0385 
v -0.016 -0.00102713 -0.0385557 
v -0.016 0.00708872 8.47033e-22 
vn -1 0 0 
vn -1 0 0 
vn -1 0 0 
vn -1 0 0 
vn -1 0 0 
vn -1 0 0 
vn -1 0 0 
vn -1 0 0 
vn -1 0 0 
vn -1 0 0 
vn -1 0 0 
vn -1 0 0 
vn -1 0 0 
vn -1 0 0 
vn -1 0 0 
vn -1 0 0 
vn -1 0 0 
vn -1 0 0 
vn -1 0 0 
vn -1 0 0 
vn -1 0 0 
vn -1 0 0 
vn -1 0 0 
vn -1 0 0 
vn -1 0 0 
vn -1 0 0 
vn -1 0 0 
vn -1 0 0 
vn -1 0 0 
vn -1 0 0 
vn -1 0 0 
vn -1 0 0 
vn -1 0 0 
vn -1 0 0 
vn -1 0 0 
vn -1 0 0 
vn -1 0 0 
vn -1 0 0 
vn -1 0 0 
vn -1 0 0 
vn -1 0 0 
vn -1 0 0 
vn -1 0 0 
vn -1 0 0 
vn -1 0 0 
vn -1 0 0 
vn -1 0 0 
vn -1 0 0 
vn -1 0 0 
vn -1 0 0 
vn -1 0 0 
vn -1 0 0 
vn -1 0 0 
vn -1 0 0 
vn -1 0 0 
vn -1 0 0 
vn -1 0 0 
vn -1 0 0 
vn -1 0 0 
vn -1 0 0 
vn -1 0 0 
vn -1 0 0 
vn -1 0 0 
vn -1 0 0 
vn -1 0 0 
vn -1 0 0 
vn -1 0 0 
vn -1 0 0 
vn -1 0 0 
vn -1 0 0 
vn -1 0 0 
vn -1 0 0 
vn -1 0 0 
vn -1 0 0 
vn -1 0 0 
vn -1 0 0 
vn -1 0 0 
vn -1 0 0 
vn -1 0 0 
vn -1 0 0 
vn -1 0 0 
vn -1 0 0 
vn -1 0 0 
vn -1 0 0 
vn -1 0 0 
vn -1 0 0 
vn -1 0 0 
vn -1 0 0 
vn -1 0 0 
vn -1 0 0 
vn -1 0 0 
vn -1 0 0 
vn -1 0 0 
vn -1 0 0 
vn -1 0 0 
vn -1 0 0 
vn -1 0 0 
vn -1 0 0 
vn -1 0 0 
vn -1 0 0 
vn -1 0 0 
vn -1 0 0 
vn -1 0 0 
vn -1 0 0 
vn -1 0 0 
vn -1 0 0 
vn -1 0 0 
vn -1 0 0 
vn -1 0 0 
vn -1 0 0 
vn -1 0 0 
vn -1 0 0 
vn -1 0 0 
vn -1 0 0 
vn -1 0 0 
vn -1 0 0 
vn -1 0 0 
vn -1 0 0 
vn -1 0 0 
vn -1 0 0 
vn -1 0 0 
vn -1 0 0 
vn -1 0 0 
vn -1 0 0 
vn -1 0 0 
vn -1 0 0 
vn -1 0 0 
vn -1 0 0 
vn -1 0 0 
vn -1 0 0 
vn -1 0 0 
vn -1 0 0 
vn -1 0 0 
vn -1 0 0 
vn -1 0 0 
vn -1 0 0 
vn -1 0 0 
vn -1 0 0 
vn -1 0 0 
vn -1 0 0 
vn -1 0 0 
vn -1 0 0 
vn -1 0 0 
vn -1 0 0 
vn -1 0 0 
vn -1 0 0 
vn -1 0 0 
vn -1 0 0 
vn -1 0 0 
vn -1 0 0 
vn -1 0 0 
vn -1 0 0 
vn -1 0 0 
vn -1 0 0 
vn -1 0 0 
vn -1 0 0 
vn -1 0 0 
vn -1 0 0 
vn -1 0 0 
vn -1 0 0 
vn -1 0 0 
vn -1 0 0 
vn -1 0 0 
vn -1 0 0 
vn -1 0 0 
vn -1 0 0 
vn -1 0 0 
vn -1 0 0 
vn -1 0 0 
vn -1 0 0 
vn -1 0 0 
vn -1 0 0 
vn -1 0 0 
vn -1 0 0 
vn -1 0 0 
vn -1 0 0 
vn -1 0 0 
vn -1 0 0 
vn -1 0 0 
vn -1 0 0 
vn -1 0 0 
vn -1 0 0 
vn -1 0 0 
vn -1 0 0 
vn -1 0 0 
vn -1 0 0 
vn -1 0 0 
vn -1 0 0 
vn -1 0 0 
vn -1 0 0 
vn -1 0 0 
vn -1 0 0 
vn -1 0 0 
vn -1 0 0 
vn -1 0 0 
vn -1 0 0 
vn -1 0 0 
vn -1 0 0 
vn -1 0 0 
vn -1 0 0 
vn -1 0 0 
vn -1 0 0 
vn -1 0 0 
vn -1 0 0 
vn -1 0 0 
vn -1 0 0 
vn -1 0 0 
vn -1 0 0 
vn -1 0 0 
vn -1 0 0 
vn -1 0 0 
vn -1 0 0 
vn -1 0 0 
vn -1 0 0 
f 1980//1980 1981//1981 1982//1982 
f 1983//1983 1984//1984 1985//1985 
f 1983//1983 1986//1986 1987//1987 
f 1983//1983 1988//1988 1989//1989 
f 1982//1982 1983//1983 1980//1980 
f 1980//1980 1990//1990 1991//1991 
f 1983//1983 1992//1992 1984//1984 
f 1983//1983 1993//1993 1994//1994 
f 1987//1987 1995//1995 1983//1983 
f 1982//1982 1988//1988 1983//1983 
f 1991//1991 1996//1996 1980//1980 
f 1980//1980 1997//1997 1998//1998 
f 1980//1980 1999//1999 2000//2000 
f 2001//2001 2002//2002 2003//2003 
f 2002//2002 2001//2001 2004//2004 
f 2005//2005 2006//2006 2007//2007 
f 2008//2008 2009//2009 2010//2010 
f 2011//2011 2012//2012 2013//2013 
f 1994//1994 1992//1992 1983//1983 
f 1989//1989 1986//1986 1983//1983 
f 1998//1998 1990//1990 1980//1980 
f 1980//1980 2014//2014 1999//1999 
f 2015//2015 2016//2016 2017//2017 
f 2001//2001 2018//2018 2019//2019 
f 2004//2004 2020//2020 2002//2002 
f 2007//2007 2021//2021 2005//2005 
f 2010//2010 2022//2022 2008//2008 
f 2011//2011 2023//2023 2024//2024 
f 2011//2011 2025//2025 2026//2026 
f 2011//2011 2027//2027 2028//2028 
f 2013//2013 2029//2029 2011//2011 
f 2030//2030 2031//2031 2032//2032 
f 2030//2030 1983//1983 2033//2033 
f 1983//1983 2034//2034 2035//2035 
f 1995//1995 1993//1993 1983//1983 
f 2000//2000 1997//1997 1980//1980 
f 2015//2015 2036//2036 2016//2016 
f 2015//2015 2037//2037 2038//2038 
f 2001//2001 2039//2039 2040//2040 
f 2003//2003 2018//2018 2001//2001 
f 2041//2041 2042//2042 2043//2043 
f 2044//2044 2045//2045 2046//2046 
f 2022//2022 2005//2005 2008//2008 
f 2047//2047 2024//2024 2048//2048 
f 2011//2011 2049//2049 2023//2023 
f 2011//2011 2050//2050 2025//2025 
f 2029//2029 2027//2027 2011//2011 
f 2032//2032 2051//2051 2030//2030 
f 1983//1983 2052//2052 2033//2033 
f 1983//1983 2053//2053 2034//2034 
f 1996//1996 1981//1981 1980//1980 
f 1980//1980 2054//2054 2055//2055 
f 2038//2038 2036//2036 2015//2015 
f 2040//2040 2015//2015 2001//2001 
f 2019//2019 2056//2056 2001//2001 
f 2041//2041 2057//2057 2042//2042 
f 2058//2058 2059//2059 2060//2060 
f 2061//2061 2062//2062 2059//2059 
f 2063//2063 2064//2064 2065//2065 
f 2066//2066 2067//2067 2064//2064 
f 2046//2046 2068//2068 2044//2044 
f 2008//2008 2069//2069 2009//2009 
f 2070//2070 2071//2071 2072//2072 
f 2070//2070 2044//2044 2073//2073 
f 2024//2024 2047//2047 2011//2011 
f 2028//2028 2050//2050 2011//2011 
f 2074//2074 2075//2075 2076//2076 
f 2033//2033 2031//2031 2030//2030 
f 1985//1985 2053//2053 1983//1983 
f 2055//2055 2077//2077 1980//1980 
f 2040//2040 2037//2037 2015//2015 
f 2056//2056 2078//2078 2001//2001 
f 2041//2041 2079//2079 2080//2080 
f 2041//2041 2017//2017 2057//2057 
f 2081//2081 2082//2082 2083//2083 
f 2084//2084 2085//2085 2086//2086 
f 2084//2084 2083//2083 2087//2087 
f 2059//2059 2058//2058 2061//2061 
f 2088//2088 2089//2089 2062//2062 
f 2090//2090 2091//2091 2089//2089 
f 2092//2092 2065//2065 2091//2091 
f 2064//2064 2063//2063 2066//2066 
f 2093//2093 2094//2094 2067//2067 
f 2095//2095 2096//2096 2097//2097 
f 2068//2068 2098//2098 2044//2044 
f 2008//2008 2099//2099 2069//2069 
f 2008//2008 2070//2070 2100//2100 
f 2070//2070 2101//2101 2071//2071 
f 2073//2073 2102//2102 2070//2070 
f 2026//2026 2049//2049 2011//2011 
f 2011//2011 2103//2103 2104//2104 
f 2076//2076 2011//2011 2074//2074 
f 2074//2074 2105//2105 2106//2106 
f 2051//2051 2107//2107 2030//2030 
f 2077//2077 2014//2014 1980//1980 
f 2078//2078 2039//2039 2001//2001 
f 2043//2043 2079//2079 2041//2041 
f 2081//2081 2108//2108 2082//2082 
f 2087//2087 2085//2085 2084//2084 
f 2109//2109 2086//2086 2110//2110 
f 2110//2110 2111//2111 2112//2112 
f 2113//2113 2114//2114 2115//2115 
f 2116//2116 2117//2117 2118//2118 
f 2119//2119 2120//2120 2117//2117 
f 2062//2062 2061//2061 2088//2088 
f 2091//2091 2090//2090 2092//2092 
f 2067//2067 2066//2066 2093//2093 
f 2097//2097 2093//2093 2095//2095 
f 2121//2121 2122//2122 2095//2095 
f 2123//2123 2124//2124 2125//2125 
f 2123//2123 2121//2121 2126//2126 
f 2045//2045 2123//2123 2127//2127 
f 2098//2098 2128//2128 2044//2044 
f 2100//2100 2099//2099 2008//2008 
f 2102//2102 2101//2101 2070//2070 
f 2104//2104 2012//2012 2011//2011 
f 2076//2076 2129//2129 2011//2011 
f 2074//2074 2130//2130 2105//2105 
f 2035//2035 2052//2052 1983//1983 
f 2131//2131 1983//1983 2001//2001 
f 2080//2080 2081//2081 2041//2041 
f 2081//2081 2080//2080 2108//2108 
f 2110//2110 2132//2132 2109//2109 
f 2112//2112 2133//2133 2110//2110 
f 2115//2115 2111//2111 2113//2113 
f 2134//2134 2135//2135 2114//2114 
f 2136//2136 2118//2118 2135//2135 
f 2117//2117 2116//2116 2119//2119 
f 2137//2137 2138//2138 2139//2139 
f 2140//2140 2141//2141 2138//2138 
f 2142//2142 2143//2143 2144//2144 
f 2145//2145 2146//2146 2143//2143 
f 2147//2147 2148//2148 2146//2146 
f 2149//2149 2150//2150 2148//2148 
f 2089//2089 2088//2088 2090//2090 
f 2097//2097 2094//2094 2093//2093 
f 2095//2095 2126//2126 2121//2121 
f 2126//2126 2124//2124 2123//2123 
f 2127//2127 2151//2151 2045//2045 
f 2128//2128 2152//2152 2044//2044 
f 2072//2072 2100//2100 2070//2070 
f 2129//2129 2103//2103 2011//2011 
f 2074//2074 2153//2153 2130//2130 
f 2055//2055 2054//2054 2154//2154 
f 1983//1983 2131//2131 1980//1980 
f 2017//2017 2041//2041 2015//2015 
f 2086//2086 2109//2109 2084//2084 
f 2111//2111 2155//2155 2112//2112 
f 2114//2114 2113//2113 2134//2134 
f 2118//2118 2136//2136 2116//2116 
f 2156//2156 2157//2157 2120//2120 
f 2158//2158 2159//2159 2157//2157 
f 2160//2160 2139//2139 2159//2159 
f 2138//2138 2137//2137 2140//2140 
f 2161//2161 2162//2162 2163//2163 
f 2164//2164 2144//2144 2162//2162 
f 2143//2143 2142//2142 2145//2145 
f 2148//2148 2147//2147 2149//2149 
f 2165//2165 2166//2166 2167//2167 
f 2168//2168 2060//2060 2166//2166 
f 2065//2065 2092//2092 2063//2063 
f 2125//2125 2127//2127 2123//2123 
f 2151//2151 2169//2169 2045//2045 
f 2021//2021 2008//2008 2005//2005 
f 2170//2170 2070//2070 2008//2008 
f 2106//2106 2075//2075 2074//2074 
f 2154//2154 2171//2171 2055//2055 
f 2001//2001 2015//2015 2131//2131 
f 2133//2133 2132//2132 2110//2110 
f 2135//2135 2134//2134 2136//2136 
f 2157//2157 2156//2156 2158//2158 
f 2139//2139 2160//2160 2137//2137 
f 2172//2172 2173//2173 2141//2141 
f 2174//2174 2163//2163 2173//2173 
f 2162//2162 2161//2161 2164//2164 
f 2146//2146 2145//2145 2147//2147 
f 2175//2175 2167//2167 2150//2150 
f 2166//2166 2165//2165 2168//2168 
f 2122//2122 2096//2096 2095//2095 
f 2152//2152 2073//2073 2044//2044 
f 2011//2011 2047//2047 2170//2170 
f 2048//2048 2176//2176 2177//2177 
f 2176//2176 2178//2178 2179//2179 
f 2176//2176 2180//2180 2181//2181 
f 2176//2176 2182//2182 2183//2183 
f 2176//2176 2048//2048 2184//2184 
f 2107//2107 2185//2185 2030//2030 
f 2115//2115 2155//2155 2111//2111 
f 2159//2159 2158//2158 2160//2160 
f 2173//2173 2172//2172 2174//2174 
f 2144//2144 2164//2164 2142//2142 
f 2167//2167 2175//2175 2165//2165 
f 2169//2169 2046//2046 2045//2045 
f 2048//2048 2177//2177 2047//2047 
f 2176//2176 2186//2186 2178//2178 
f 2176//2176 2187//2187 2188//2188 
f 2181//2181 2189//2189 2176//2176 
f 2184//2184 2182//2182 2176//2176 
f 2083//2083 2084//2084 2081//2081 
f 2141//2141 2140//2140 2172//2172 
f 2150//2150 2149//2149 2175//2175 
f 2008//2008 2011//2011 2170//2170 
f 2188//2188 2186//2186 2176//2176 
f 2183//2183 2180//2180 2176//2176 
f 2030//2030 2074//2074 2190//2190 
f 2120//2120 2119//2119 2156//2156 
f 2060//2060 2168//2168 2058//2058 
f 2189//2189 2187//2187 2176//2176 
f 2179//2179 2055//2055 2191//2191 
f 2030//2030 2153//2153 2074//2074 
f 2163//2163 2174//2174 2161//2161 
f 2191//2191 2192//2192 2179//2179 
f 2190//2190 2193//2193 2030//2030 
f 2179//2179 2192//2192 2176//2176 
f 2171//2171 2191//2191 2055//2055 
f 2030//2030 2185//2185 2153//2153 
v -0.016 -2.6613e-17 -0.0385 
v -0.016 0.00102713 -0.0385557 
v -0.015 0.000919012 -0.0395498 
v -0.016 0.00204222 -0.0387221 
v -0.015 0.00182725 -0.0396987 
v -0.016 0.00303336 -0.0389973 
v -0.015 0.00271406 -0.0399449 
v -0.016 0.00398895 -0.039378 
v -0.015 0.00356906 -0.0402856 
v -0.016 0.00489776 -0.0398599 
v -0.015 0.00438221 -0.0407167 
v -0.016 0.00574916 -0.0404371 
v -0.015 0.00514398 -0.0412332 
v -0.016 0.00653314 -0.041103 
v -0.015 0.00584545 -0.041829 
v -0.016 0.00724054 -0.0418498 
v -0.015 0.00647838 -0.0424972 
v -0.016 0.00786305 -0.0426687 
v -0.015 0.00703536 -0.0432299 
v -0.016 0.00839336 -0.0435501 
v -0.015 0.00750985 -0.0440185 
v -0.016 0.00882528 -0.0444837 
v -0.015 0.0078963 -0.0448538 
v -0.016 0.00915372 -0.0454585 
v -0.015 0.00819017 -0.045726 
v -0.016 0.00937485 -0.0464631 
v -0.015 0.00838803 -0.0466249 
v -0.016 0.00948607 -0.0474857 
v -0.015 0.00848753 -0.0475398 
v -0.016 0.00948607 -0.0485143 
v -0.015 0.00848753 -0.0484602 
v -0.016 0.00937485 -0.0495369 
v -0.015 0.00838803 -0.0493751 
v -0.016 0.00915372 -0.0505415 
v -0.015 0.00819017 -0.050274 
v -0.016 0.00882528 -0.0515163 
v -0.015 0.0078963 -0.0511462 
v -0.016 0.00839336 -0.0524499 
v -0.015 0.00750985 -0.0519815 
v -0.016 0.00786305 -0.0533313 
v -0.015 0.00703536 -0.0527701 
v -0.016 0.00724054 -0.0541502 
v -0.015 0.00647838 -0.0535028 
v -0.016 0.00653314 -0.054897 
v -0.015 0.00584545 -0.054171 
v -0.016 0.00574916 -0.0555629 
v -0.015 0.00514398 -0.0547668 
v -0.016 0.00489776 -0.0561401 
v -0.015 0.00438221 -0.0552833 
v -0.016 0.00398895 -0.056622 
v -0.015 0.00356906 -0.0557144 
v -0.016 0.00303336 -0.0570027 
v -0.015 0.00271406 -0.0560551 
v -0.016 0.00204222 -0.0572779 
v -0.015 0.00182725 -0.0563013 
v -0.016 0.00102713 -0.0574443 
v -0.015 0.000919012 -0.0564502 
v -0.016 -3.15604e-17 -0.0575 
v -0.015 -3.07947e-17 -0.0565 
v -0.016 -0.00102713 -0.0574443 
v -0.015 -0.000919012 -0.0564502 
v -0.016 -0.00204222 -0.0572779 
v -0.015 -0.00182725 -0.0563013 
v -0.016 -0.00303336 -0.0570027 
v -0.015 -0.00271406 -0.0560551 
v -0.016 -0.00398895 -0.056622 
v -0.015 -0.00356906 -0.0557144 
v -0.016 -0.00489776 -0.0561401 
v -0.015 -0.00438221 -0.0552833 
v -0.016 -0.00574916 -0.0555629 
v -0.015 -0.00514398 -0.0547668 
v -0.016 -0.00653314 -0.054897 
v -0.015 -0.00584545 -0.054171 
v -0.016 -0.00724054 -0.0541502 
v -0.015 -0.00647838 -0.0535028 
v -0.016 -0.00786305 -0.0533313 
v -0.015 -0.00703536 -0.0527701 
v -0.016 -0.00839336 -0.0524499 
v -0.015 -0.00750985 -0.0519815 
v -0.016 -0.00882528 -0.0515163 
v -0.015 -0.0078963 -0.0511462 
v -0.016 -0.00915372 -0.0505415 
v -0.015 -0.00819017 -0.050274 
v -0.016 -0.00937485 -0.0495369 
v -0.015 -0.00838803 -0.0493751 
v -0.016 -0.00948607 -0.0485143 
v -0.015 -0.00848753 -0.0484602 
v -0.016 -0.00948607 -0.0474857 
v -0.015 -0.00848753 -0.0475398 
v -0.016 -0.00937485 -0.0464631 
v -0.015 -0.00838803 -0.0466249 
v -0.016 -0.00915372 -0.0454585 
v -0.015 -0.00819017 -0.045726 
v -0.016 -0.00882528 -0.0444837 
v -0.015 -0.0078963 -0.0448538 
v -0.016 -0.00839336 -0.0435501 
v -0.015 -0.00750985 -0.0440185 
v -0.016 -0.00786305 -0.0426687 
v -0.015 -0.00703536 -0.0432299 
v -0.016 -0.00724054 -0.0418498 
v -0.015 -0.00647838 -0.0424972 
v -0.016 -0.00653314 -0.041103 
v -0.015 -0.00584545 -0.041829 
v -0.016 -0.00574916 -0.0404371 
v -0.015 -0.00514398 -0.0412332 
v -0.016 -0.00489776 -0.0398599 
v -0.015 -0.00438221 -0.0407167 
v -0.016 -0.00398895 -0.039378 
v -0.015 -0.00356906 -0.0402856 
v -0.016 -0.00303336 -0.0389973 
v -0.015 -0.00271406 -0.0399449 
v -0.016 -0.00204222 -0.0387221 
v -0.015 -0.00182725 -0.0396987 
v -0.016 -0.00102713 -0.0385557 
v -0.015 -0.000919012 -0.0395498 
v -0.015 -2.42861e-17 -0.0395 
vn -0.707107 0 -0.707107 
vn -0.707107 -0.0764517 -0.702962 
vn -0.707107 -0.0764517 -0.702962 
vn -0.707107 -0.152007 -0.690575 
vn -0.707107 -0.152007 -0.690575 
vn -0.707107 -0.22578 -0.670092 
vn -0.707107 -0.22578 -0.670092 
vn -0.707107 -0.296906 -0.641753 
vn -0.707107 -0.296906 -0.641753 
vn -0.707107 -0.364552 -0.60589 
vn -0.707107 -0.364552 -0.60589 
vn -0.707107 -0.427923 -0.562923 
vn -0.707107 -0.427923 -0.562923 
vn -0.707107 -0.486277 -0.513356 
vn -0.707107 -0.486277 -0.513356 
vn -0.707107 -0.53893 -0.457771 
vn -0.707107 -0.53893 -0.457771 
vn -0.707107 -0.585265 -0.396819 
vn -0.707107 -0.585265 -0.396819 
vn -0.707107 -0.624737 -0.331215 
vn -0.707107 -0.624737 -0.331215 
vn -0.707107 -0.656886 -0.261727 
vn -0.707107 -0.656886 -0.261727 
vn -0.707107 -0.681333 -0.189171 
vn -0.707107 -0.681333 -0.189171 
vn -0.707107 -0.697792 -0.114397 
vn -0.707107 -0.697792 -0.114397 
vn -0.707107 -0.70607 -0.038282 
vn -0.707107 -0.70607 -0.038282 
vn -0.707107 -0.70607 0.038282 
vn -0.707107 -0.70607 0.038282 
vn -0.707107 -0.697792 0.114397 
vn -0.707107 -0.697792 0.114397 
vn -0.707107 -0.681333 0.189171 
vn -0.707107 -0.681333 0.189171 
vn -0.707107 -0.656886 0.261727 
vn -0.707107 -0.656886 0.261727 
vn -0.707107 -0.624737 0.331215 
vn -0.707107 -0.624737 0.331215 
vn -0.707107 -0.585265 0.396819 
vn -0.707107 -0.585265 0.396819 
vn -0.707107 -0.53893 0.457771 
vn -0.707107 -0.53893 0.457771 
vn -0.707107 -0.486277 0.513356 
vn -0.707107 -0.486277 0.513356 
vn -0.707107 -0.427923 0.562923 
vn -0.707107 -0.427923 0.562923 
vn -0.707107 -0.364552 0.60589 
vn -0.707107 -0.364552 0.60589 
vn -0.707107 -0.296906 0.641753 
vn -0.707107 -0.296906 0.641753 
vn -0.707107 -0.22578 0.670092 
vn -0.707107 -0.22578 0.670092 
vn -0.707107 -0.152007 0.690575 
vn -0.707107 -0.152007 0.690575 
vn -0.707107 -0.0764517 0.702962 
vn -0.707107 -0.0764517 0.702962 
vn -0.707107 1.47196e-16 0.707107 
vn -0.707107 1.47196e-16 0.707107 
vn -0.707107 0.0764517 0.702962 
vn -0.707107 0.0764517 0.702962 
vn -0.707107 0.152007 0.690575 
vn -0.707107 0.152007 0.690575 
vn -0.707107 0.22578 0.670092 
vn -0.707107 0.22578 0.670092 
vn -0.707107 0.296906 0.641753 
vn -0.707107 0.296906 0.641753 
vn -0.707107 0.364552 0.60589 
vn -0.707107 0.364552 0.60589 
vn -0.707107 0.427923 0.562923 
vn -0.707107 0.427923 0.562923 
vn -0.707107 0.486277 0.513356 
vn -0.707107 0.486277 0.513356 
vn -0.707107 0.53893 0.457771 
vn -0.707107 0.53893 0.457771 
vn -0.707107 0.585265 0.396819 
vn -0.707107 0.585265 0.396819 
vn -0.707107 0.624737 0.331215 
vn -0.707107 0.624737 0.331215 
vn -0.707107 0.656886 0.261727 
vn -0.707107 0.656886 0.261727 
vn -0.707107 0.681333 0.189171 
vn -0.707107 0.681333 0.189171 
vn -0.707107 0.697792 0.114397 
vn -0.707107 0.697792 0.114397 
vn -0.707107 0.70607 0.038282 
vn -0.707107 0.70607 0.038282 
vn -0.707107 0.70607 -0.038282 
vn -0.707107 0.70607 -0.038282 
vn -0.707107 0.697792 -0.114397 
vn -0.707107 0.697792 -0.114397 
vn -0.707107 0.681333 -0.189171 
vn -0.707107 0.681333 -0.189171 
vn -0.707107 0.656886 -0.261727 
vn -0.707107 0.656886 -0.261727 
vn -0.707107 0.624737 -0.331215 
vn -0.707107 0.624737 -0.331215 
vn -0.707107 0.585265 -0.396819 
vn -0.707107 0.585265 -0.396819 
vn -0.707107 0.53893 -0.457771 
vn -0.707107 0.53893 -0.457771 
vn -0.707107 0.486277 -0.513356 
vn -0.707107 0.486277 -0.513356 
vn -0.707107 0.427923 -0.562923 
vn -0.707107 0.427923 -0.562923 
vn -0.707107 0.364552 -0.60589 
vn -0.707107 0.364552 -0.60589 
vn -0.707107 0.296906 -0.641753 
vn -0.707107 0.296906 -0.641753 
vn -0.707107 0.22578 -0.670092 
vn -0.707107 0.22578 -0.670092 
vn -0.707107 0.152007 -0.690575 
vn -0.707107 0.152007 -0.690575 
vn -0.707107 0.0764517 -0.702962 
vn -0.707107 0.0764517 -0.702962 
vn -0.707107 0 -0.707107 
f 2194//2194 2195//2195 2196//2196 
f 2195//2195 2197//2197 2198//2198 
f 2197//2197 2199//2199 2200//2200 
f 2199//2199 2201//2201 2202//2202 
f 2201//2201 2203//2203 2204//2204 
f 2203//2203 2205//2205 2206//2206 
f 2205//2205 2207//2207 2208//2208 
f 2207//2207 2209//2209 2210//2210 
f 2209//2209 2211//2211 2212//2212 
f 2211//2211 2213//2213 2214//2214 
f 2213//2213 2215//2215 2216//2216 
f 2215//2215 2217//2217 2218//2218 
f 2217//2217 2219//2219 2220//2220 
f 2219//2219 2221//2221 2222//2222 
f 2221//2221 2223//2223 2224//2224 
f 2223//2223 2225//2225 2226//2226 
f 2225//2225 2227//2227 2228//2228 
f 2227//2227 2229//2229 2230//2230 
f 2229//2229 2231//2231 2232//2232 
f 2231//2231 2233//2233 2234//2234 
f 2233//2233 2235//2235 2236//2236 
f 2235//2235 2237//2237 2238//2238 
f 2237//2237 2239//2239 2240//2240 
f 2239//2239 2241//2241 2242//2242 
f 2241//2241 2243//2243 2244//2244 
f 2243//2243 2245//2245 2246//2246 
f 2245//2245 2247//2247 2248//2248 
f 2247//2247 2249//2249 2250//2250 
f 2249//2249 2251//2251 2252//2252 
f 2251//2251 2253//2253 2254//2254 
f 2253//2253 2255//2255 2256//2256 
f 2255//2255 2257//2257 2258//2258 
f 2257//2257 2259//2259 2260//2260 
f 2259//2259 2261//2261 2262//2262 
f 2261//2261 2263//2263 2264//2264 
f 2263//2263 2265//2265 2266//2266 
f 2265//2265 2267//2267 2268//2268 
f 2267//2267 2269//2269 2270//2270 
f 2269//2269 2271//2271 2272//2272 
f 2271//2271 2273//2273 2274//2274 
f 2273//2273 2275//2275 2276//2276 
f 2275//2275 2277//2277 2278//2278 
f 2277//2277 2279//2279 2280//2280 
f 2279//2279 2281//2281 2282//2282 
f 2281//2281 2283//2283 2284//2284 
f 2283//2283 2285//2285 2286//2286 
f 2285//2285 2287//2287 2288//2288 
f 2287//2287 2289//2289 2290//2290 
f 2289//2289 2291//2291 2292//2292 
f 2291//2291 2293//2293 2294//2294 
f 2293//2293 2295//2295 2296//2296 
f 2295//2295 2297//2297 2298//2298 
f 2297//2297 2299//2299 2300//2300 
f 2299//2299 2301//2301 2302//2302 
f 2301//2301 2303//2303 2304//2304 
f 2303//2303 2305//2305 2306//2306 
f 2305//2305 2307//2307 2308//2308 
f 2307//2307 2194//2194 2309//2309 
f 2309//2309 2308//2308 2307//2307 
f 2308//2308 2306//2306 2305//2305 
f 2306//2306 2304//2304 2303//2303 
f 2304//2304 2302//2302 2301//2301 
f 2302//2302 2300//2300 2299//2299 
f 2300//2300 2298//2298 2297//2297 
f 2298//2298 2296//2296 2295//2295 
f 2296//2296 2294//2294 2293//2293 
f 2294//2294 2292//2292 2291//2291 
f 2292//2292 2290//2290 2289//2289 
f 2290//2290 2288//2288 2287//2287 
f 2288//2288 2286//2286 2285//2285 
f 2286//2286 2284//2284 2283//2283 
f 2284//2284 2282//2282 2281//2281 
f 2282//2282 2280//2280 2279//2279 
f 2280//2280 2278//2278 2277//2277 
f 2278//2278 2276//2276 2275//2275 
f 2276//2276 2274//2274 2273//2273 
f 2274//2274 2272//2272 2271//2271 
f 2272//2272 2270//2270 2269//2269 
f 2270//2270 2268//2268 2267//2267 
f 2268//2268 2266//2266 2265//2265 
f 2266//2266 2264//2264 2263//2263 
f 2264//2264 2262//2262 2261//2261 
f 2262//2262 2260//2260 2259//2259 
f 2260//2260 2258//2258 2257//2257 
f 2258//2258 2256//2256 2255//2255 
f 2256//2256 2254//2254 2253//2253 
f 2254//2254 2252//2252 2251//2251 
f 2252//2252 2250//2250 2249//2249 
f 2250//2250 2248//2248 2247//2247 
f 2248//2248 2246//2246 2245//2245 
f 2246//2246 2244//2244 2243//2243 
f 2244//2244 2242//2242 2241//2241 
f 2242//2242 2240//2240 2239//2239 
f 2240//2240 2238//2238 2237//2237 
f 2238//2238 2236//2236 2235//2235 
f 2236//2236 2234//2234 2233//2233 
f 2234//2234 2232//2232 2231//2231 
f 2232//2232 2230//2230 2229//2229 
f 2230//2230 2228//2228 2227//2227 
f 2228//2228 2226//2226 2225//2225 
f 2226//2226 2224//2224 2223//2223 
f 2224//2224 2222//2222 2221//2221 
f 2222//2222 2220//2220 2219//2219 
f 2220//2220 2218//2218 2217//2217 
f 2218//2218 2216//2216 2215//2215 
f 2216//2216 2214//2214 2213//2213 
f 2214//2214 2212//2212 2211//2211 
f 2212//2212 2210//2210 2209//2209 
f 2210//2210 2208//2208 2207//2207 
f 2208//2208 2206//2206 2205//2205 
f 2206//2206 2204//2204 2203//2203 
f 2204//2204 2202//2202 2201//2201 
f 2202//2202 2200//2200 2199//2199 
f 2200//2200 2198//2198 2197//2197 
f 2198//2198 2196//2196 2195//2195 
f 2196//2196 2309//2309 2194//2194 
v -0.015 -0.000919012 -0.0395498 
v -0.015 -2.42861e-17 -0.0395 
v -0.011 -2.42861e-17 -0.0395 
v -0.015 -0.00182725 -0.0396987 
v -0.011 -0.000919012 -0.0395498 
v -0.015 -0.00271406 -0.0399449 
v -0.011 -0.00182725 -0.0396987 
v -0.015 -0.00356906 -0.0402856 
v -0.011 -0.00271406 -0.0399449 
v -0.015 -0.00438221 -0.0407167 
v -0.011 -0.00356906 -0.0402856 
v -0.015 -0.00514398 -0.0412332 
v -0.011 -0.00438221 -0.0407167 
v -0.015 -0.00584545 -0.041829 
v -0.011 -0.00514398 -0.0412332 
v -0.015 -0.00647838 -0.0424972 
v -0.011 -0.00584545 -0.041829 
v -0.015 -0.00703536 -0.0432299 
v -0.011 -0.00647838 -0.0424972 
v -0.015 -0.00750985 -0.0440185 
v -0.011 -0.00703536 -0.0432299 
v -0.015 -0.0078963 -0.0448538 
v -0.011 -0.00750985 -0.0440185 
v -0.015 -0.00819017 -0.045726 
v -0.011 -0.0078963 -0.0448538 
v -0.015 -0.00838803 -0.0466249 
v -0.011 -0.00819017 -0.045726 
v -0.015 -0.00848753 -0.0475398 
v -0.011 -0.00838803 -0.0466249 
v -0.015 -0.00848753 -0.0484602 
v -0.011 -0.00848753 -0.0475398 
v -0.015 -0.00838803 -0.0493751 
v -0.011 -0.00848753 -0.0484602 
v -0.015 -0.00819017 -0.050274 
v -0.011 -0.00838803 -0.0493751 
v -0.015 -0.0078963 -0.0511462 
v -0.011 -0.00819017 -0.050274 
v -0.015 -0.00750985 -0.0519815 
v -0.011 -0.0078963 -0.0511462 
v -0.015 -0.00703536 -0.0527701 
v -0.011 -0.00750985 -0.0519815 
v -0.015 -0.00647838 -0.0535028 
v -0.011 -0.00703536 -0.0527701 
v -0.015 -0.00584545 -0.054171 
v -0.011 -0.00647838 -0.0535028 
v -0.015 -0.00514398 -0.0547668 
v -0.011 -0.00584545 -0.054171 
v -0.015 -0.00438221 -0.0552833 
v -0.011 -0.00514398 -0.0547668 
v -0.015 -0.00356906 -0.0557144 
v -0.011 -0.00438221 -0.0552833 
v -0.015 -0.00271406 -0.0560551 
v -0.011 -0.00356906 -0.0557144 
v -0.015 -0.00182725 -0.0563013 
v -0.011 -0.00271406 -0.0560551 
v -0.015 -0.000919012 -0.0564502 
v -0.011 -0.00182725 -0.0563013 
v -0.015 -3.07947e-17 -0.0565 
v -0.011 -0.000919012 -0.0564502 
v -0.015 0.000919012 -0.0564502 
v -0.011 -2.32452e-17 -0.0565 
v -0.015 0.00182725 -0.0563013 
v -0.011 0.000919012 -0.0564502 
v -0.015 0.00271406 -0.0560551 
v -0.011 0.00182725 -0.0563013 
v -0.015 0.00356906 -0.0557144 
v -0.011 0.00271406 -0.0560551 
v -0.015 0.00438221 -0.0552833 
v -0.011 0.00356906 -0.0557144 
v -0.015 0.00514398 -0.0547668 
v -0.011 0.00438221 -0.0552833 
v -0.015 0.00584545 -0.054171 
v -0.011 0.00514398 -0.0547668 
v -0.015 0.00647838 -0.0535028 
v -0.011 0.00584545 -0.054171 
v -0.015 0.00703536 -0.0527701 
v -0.011 0.00647838 -0.0535028 
v -0.015 0.00750985 -0.0519815 
v -0.011 0.00703536 -0.0527701 
v -0.015 0.0078963 -0.0511462 
v -0.011 0.00750985 -0.0519815 
v -0.015 0.00819017 -0.050274 
v -0.011 0.0078963 -0.0511462 
v -0.015 0.00838803 -0.0493751 
v -0.011 0.00819017 -0.050274 
v -0.015 0.00848753 -0.0484602 
v -0.011 0.00838803 -0.0493751 
v -0.015 0.00848753 -0.0475398 
v -0.011 0.00848753 -0.0484602 
v -0.015 0.00838803 -0.0466249 
v -0.011 0.00848753 -0.0475398 
v -0.015 0.00819017 -0.045726 
v -0.011 0.00838803 -0.0466249 
v -0.015 0.0078963 -0.0448538 
v -0.011 0.00819017 -0.045726 
v -0.015 0.00750985 -0.0440185 
v -0.011 0.0078963 -0.0448538 
v -0.015 0.00703536 -0.0432299 
v -0.011 0.00750985 -0.0440185 
v -0.015 0.00647838 -0.0424972 
v -0.011 0.00703536 -0.0432299 
v -0.015 0.00584545 -0.041829 
v -0.011 0.00647838 -0.0424972 
v -0.015 0.00514398 -0.0412332 
v -0.011 0.00584545 -0.041829 
v -0.015 0.00438221 -0.0407167 
v -0.011 0.00514398 -0.0412332 
v -0.015 0.00356906 -0.0402856 
v -0.011 0.00438221 -0.0407167 
v -0.015 0.00271406 -0.0399449 
v -0.011 0.00356906 -0.0402856 
v -0.015 0.00182725 -0.0396987 
v -0.011 0.00271406 -0.0399449 
v -0.015 0.000919012 -0.0395498 
v -0.011 0.00182725 -0.0396987 
v -0.011 0.000919012 -0.0395498 
vn 0 0.108119 -0.994138 
vn 0 2.44929e-16 -1 
vn 0 2.44929e-16 -1 
vn 0 0.21497 -0.976621 
vn 0 0.108119 -0.994138 
vn 0 0.319302 -0.947653 
vn 0 0.21497 -0.976621 
vn 0 0.419889 -0.907575 
vn 0 0.319302 -0.947653 
vn 0 0.515554 -0.856857 
vn 0 0.419889 -0.907575 
vn 0 0.605174 -0.796093 
vn 0 0.515554 -0.856857 
vn 0 0.687699 -0.725995 
vn 0 0.605174 -0.796093 
vn 0 0.762162 -0.647386 
vn 0 0.687699 -0.725995 
vn 0 0.827689 -0.561187 
vn 0 0.762162 -0.647386 
vn 0 0.883512 -0.468408 
vn 0 0.827689 -0.561187 
vn 0 0.928977 -0.370138 
vn 0 0.883512 -0.468408 
vn 0 0.96355 -0.267528 
vn 0 0.928977 -0.370138 
vn 0 0.986827 -0.161782 
vn 0 0.96355 -0.267528 
vn 0 0.998533 -0.0541389 
vn 0 0.986827 -0.161782 
vn 0 0.998533 0.0541389 
vn 0 0.998533 -0.0541389 
vn 0 0.986827 0.161782 
vn 0 0.998533 0.0541389 
vn 0 0.96355 0.267528 
vn 0 0.986827 0.161782 
vn 0 0.928977 0.370138 
vn 0 0.96355 0.267528 
vn 0 0.883512 0.468408 
vn 0 0.928977 0.370138 
vn 0 0.827689 0.561187 
vn 0 0.883512 0.468408 
vn 0 0.762162 0.647386 
vn 0 0.827689 0.561187 
vn 0 0.687699 0.725995 
vn 0 0.762162 0.647386 
vn 0 0.605174 0.796093 
vn 0 0.687699 0.725995 
vn 0 0.515554 0.856857 
vn 0 0.605174 0.796093 
vn 0 0.419889 0.907575 
vn 0 0.515554 0.856857 
vn 0 0.319302 0.947653 
vn 0 0.419889 0.907575 
vn 0 0.21497 0.976621 
vn 0 0.319302 0.947653 
vn 0 0.108119 0.994138 
vn 0 0.21497 0.976621 
vn 0 -1.22465e-16 1 
vn 0 0.108119 0.994138 
vn 0 -0.108119 0.994138 
vn 0 -1.22465e-16 1 
vn 0 -0.21497 0.976621 
vn 0 -0.108119 0.994138 
vn 0 -0.319302 0.947653 
vn 0 -0.21497 0.976621 
vn 0 -0.419889 0.907575 
vn 0 -0.319302 0.947653 
vn 0 -0.515554 0.856857 
vn 0 -0.419889 0.907575 
vn 0 -0.605174 0.796093 
vn 0 -0.515554 0.856857 
vn 0 -0.687699 0.725995 
vn 0 -0.605174 0.796093 
vn 0 -0.762162 0.647386 
vn 0 -0.687699 0.725995 
vn 0 -0.827689 0.561187 
vn 0 -0.762162 0.647386 
vn 0 -0.883512 0.468408 
vn 0 -0.827689 0.561187 
vn 0 -0.928977 0.370138 
vn 0 -0.883512 0.468408 
vn 0 -0.96355 0.267528 
vn 0 -0.928977 0.370138 
vn 0 -0.986827 0.161782 
vn 0 -0.96355 0.267528 
vn 0 -0.998533 0.0541389 
vn 0 -0.986827 0.161782 
vn 0 -0.998533 -0.0541389 
vn 0 -0.998533 0.0541389 
vn 0 -0.986827 -0.161782 
vn 0 -0.998533 -0.0541389 
vn 0 -0.96355 -0.267528 
vn 0 -0.986827 -0.161782 
vn 0 -0.928977 -0.370138 
vn 0 -0.96355 -0.267528 
vn 0 -0.883512 -0.468408 
vn 0 -0.928977 -0.370138 
vn 0 -0.827689 -0.561187 
vn 0 -0.883512 -0.468408 
vn 0 -0.762162 -0.647386 
vn 0 -0.827689 -0.561187 
vn 0 -0.687699 -0.725995 
vn 0 -0.762162 -0.647386 
vn 0 -0.605174 -0.796093 
vn 0 -0.687699 -0.725995 
vn 0 -0.515554 -0.856857 
vn 0 -0.605174 -0.796093 
vn 0 -0.419889 -0.907575 
vn 0 -0.515554 -0.856857 
vn 0 -0.319302 -0.947653 
vn 0 -0.419889 -0.907575 
vn 0 -0.21497 -0.976621 
vn 0 -0.319302 -0.947653 
vn 0 -0.108119 -0.994138 
vn 0 -0.21497 -0.976621 
vn 0 -0.108119 -0.994138 
f 2310//2310 2311//2311 2312//2312 
f 2313//2313 2310//2310 2314//2314 
f 2315//2315 2313//2313 2316//2316 
f 2317//2317 2315//2315 2318//2318 
f 2319//2319 2317//2317 2320//2320 
f 2321//2321 2319//2319 2322//2322 
f 2323//2323 2321//2321 2324//2324 
f 2325//2325 2323//2323 2326//2326 
f 2327//2327 2325//2325 2328//2328 
f 2329//2329 2327//2327 2330//2330 
f 2331//2331 2329//2329 2332//2332 
f 2333//2333 2331//2331 2334//2334 
f 2335//2335 2333//2333 2336//2336 
f 2337//2337 2335//2335 2338//2338 
f 2339//2339 2337//2337 2340//2340 
f 2341//2341 2339//2339 2342//2342 
f 2343//2343 2341//2341 2344//2344 
f 2345//2345 2343//2343 2346//2346 
f 2347//2347 2345//2345 2348//2348 
f 2349//2349 2347//2347 2350//2350 
f 2351//2351 2349//2349 2352//2352 
f 2353//2353 2351//2351 2354//2354 
f 2355//2355 2353//2353 2356//2356 
f 2357//2357 2355//2355 2358//2358 
f 2359//2359 2357//2357 2360//2360 
f 2361//2361 2359//2359 2362//2362 
f 2363//2363 2361//2361 2364//2364 
f 2365//2365 2363//2363 2366//2366 
f 2367//2367 2365//2365 2368//2368 
f 2369//2369 2367//2367 2370//2370 
f 2371//2371 2369//2369 2372//2372 
f 2373//2373 2371//2371 2374//2374 
f 2375//2375 2373//2373 2376//2376 
f 2377//2377 2375//2375 2378//2378 
f 2379//2379 2377//2377 2380//2380 
f 2381//2381 2379//2379 2382//2382 
f 2383//2383 2381//2381 2384//2384 
f 2385//2385 2383//2383 2386//2386 
f 2387//2387 2385//2385 2388//2388 
f 2389//2389 2387//2387 2390//2390 
f 2391//2391 2389//2389 2392//2392 
f 2393//2393 2391//2391 2394//2394 
f 2395//2395 2393//2393 2396//2396 
f 2397//2397 2395//2395 2398//2398 
f 2399//2399 2397//2397 2400//2400 
f 2401//2401 2399//2399 2402//2402 
f 2403//2403 2401//2401 2404//2404 
f 2405//2405 2403//2403 2406//2406 
f 2407//2407 2405//2405 2408//2408 
f 2409//2409 2407//2407 2410//2410 
f 2411//2411 2409//2409 2412//2412 
f 2413//2413 2411//2411 2414//2414 
f 2415//2415 2413//2413 2416//2416 
f 2417//2417 2415//2415 2418//2418 
f 2419//2419 2417//2417 2420//2420 
f 2421//2421 2419//2419 2422//2422 
f 2423//2423 2421//2421 2424//2424 
f 2311//2311 2423//2423 2425//2425 
f 2425//2425 2312//2312 2311//2311 
f 2424//2424 2425//2425 2423//2423 
f 2422//2422 2424//2424 2421//2421 
f 2420//2420 2422//2422 2419//2419 
f 2418//2418 2420//2420 2417//2417 
f 2416//2416 2418//2418 2415//2415 
f 2414//2414 2416//2416 2413//2413 
f 2412//2412 2414//2414 2411//2411 
f 2410//2410 2412//2412 2409//2409 
f 2408//2408 2410//2410 2407//2407 
f 2406//2406 2408//2408 2405//2405 
f 2404//2404 2406//2406 2403//2403 
f 2402//2402 2404//2404 2401//2401 
f 2400//2400 2402//2402 2399//2399 
f 2398//2398 2400//2400 2397//2397 
f 2396//2396 2398//2398 2395//2395 
f 2394//2394 2396//2396 2393//2393 
f 2392//2392 2394//2394 2391//2391 
f 2390//2390 2392//2392 2389//2389 
f 2388//2388 2390//2390 2387//2387 
f 2386//2386 2388//2388 2385//2385 
f 2384//2384 2386//2386 2383//2383 
f 2382//2382 2384//2384 2381//2381 
f 2380//2380 2382//2382 2379//2379 
f 2378//2378 2380//2380 2377//2377 
f 2376//2376 2378//2378 2375//2375 
f 2374//2374 2376//2376 2373//2373 
f 2372//2372 2374//2374 2371//2371 
f 2370//2370 2372//2372 2369//2369 
f 2368//2368 2370//2370 2367//2367 
f 2366//2366 2368//2368 2365//2365 
f 2364//2364 2366//2366 2363//2363 
f 2362//2362 2364//2364 2361//2361 
f 2360//2360 2362//2362 2359//2359 
f 2358//2358 2360//2360 2357//2357 
f 2356//2356 2358//2358 2355//2355 
f 2354//2354 2356//2356 2353//2353 
f 2352//2352 2354//2354 2351//2351 
f 2350//2350 2352//2352 2349//2349 
f 2348//2348 2350//2350 2347//2347 
f 2346//2346 2348//2348 2345//2345 
f 2344//2344 2346//2346 2343//2343 
f 2342//2342 2344//2344 2341//2341 
f 2340//2340 2342//2342 2339//2339 
f 2338//2338 2340//2340 2337//2337 
f 2336//2336 2338//2338 2335//2335 
f 2334//2334 2336//2336 2333//2333 
f 2332//2332 2334//2334 2331//2331 
f 2330//2330 2332//2332 2329//2329 
f 2328//2328 2330//2330 2327//2327 
f 2326//2326 2328//2328 2325//2325 
f 2324//2324 2326//2326 2323//2323 
f 2322//2322 2324//2324 2321//2321 
f 2320//2320 2322//2322 2319//2319 
f 2318//2318 2320//2320 2317//2317 
f 2316//2316 2318//2318 2315//2315 
f 2314//2314 2316//2316 2313//2313 
f 2312//2312 2314//2314 2310//2310 
v -0.011 -2.42861e-17 -0.048 
v -0.011 0.000919012 -0.0395498 
v -0.011 0.00182725 -0.0396987 
v -0.011 0.00271406 -0.0399449 
v -0.011 0.00356906 -0.0402856 
v -0.011 0.00438221 -0.0407167 
v -0.011 0.00514398 -0.0412332 
v -0.011 0.00584545 -0.041829 
v -0.011 0.00647838 -0.0424972 
v -0.011 0.00703536 -0.0432299 
v -0.011 0.00750985 -0.0440185 
v -0.011 0.0078963 -0.0448538 
v -0.011 0.00819017 -0.045726 
v -0.011 0.00838803 -0.0466249 
v -0.011 0.00848753 -0.0475398 
v -0.011 0.00848753 -0.0484602 
v -0.011 0.00838803 -0.0493751 
v -0.011 0.00819017 -0.050274 
v -0.011 0.0078963 -0.0511462 
v -0.011 0.00750985 -0.0519815 
v -0.011 0.00703536 -0.0527701 
v -0.011 0.00647838 -0.0535028 
v -0.011 0.00584545 -0.054171 
v -0.011 0.00514398 -0.0547668 
v -0.011 0.00438221 -0.0552833 
v -0.011 0.00356906 -0.0557144 
v -0.011 0.00271406 -0.0560551 
v -0.011 0.00182725 -0.0563013 
v -0.011 0.000919012 -0.0564502 
v -0.011 -2.32452e-17 -0.0565 
v -0.011 -0.000919012 -0.0564502 
v -0.011 -0.00182725 -0.0563013 
v -0.011 -0.00271406 -0.0560551 
v -0.011 -0.00356906 -0.0557144 
v -0.011 -0.00438221 -0.0552833 
v -0.011 -0.00514398 -0.0547668 
v -0.011 -0.00584545 -0.054171 
v -0.011 -0.00647838 -0.0535028 
v -0.011 -0.00703536 -0.0527701 
v -0.011 -0.00750985 -0.0519815 
v -0.011 -0.0078963 -0.0511462 
v -0.011 -0.00819017 -0.050274 
v -0.011 -0.00838803 -0.0493751 
v -0.011 -0.00848753 -0.0484602 
v -0.011 -0.00848753 -0.0475398 
v -0.011 -0.00838803 -0.0466249 
v -0.011 -0.00819017 -0.045726 
v -0.011 -0.0078963 -0.0448538 
v -0.011 -0.00750985 -0.0440185 
v -0.011 -0.00703536 -0.0432299 
v -0.011 -0.00647838 -0.0424972 
v -0.011 -0.00584545 -0.041829 
v -0.011 -0.00514398 -0.0412332 
v -0.011 -0.00438221 -0.0407167 
v -0.011 -0.00356906 -0.0402856 
v -0.011 -0.00271406 -0.0399449 
v -0.011 -0.00182725 -0.0396987 
v -0.011 -0.000919012 -0.0395498 
v -0.011 -2.42861e-17 -0.0395 
vn -1 0 0 
vn -1 0 0 
vn -1 0 0 
vn -1 0 0 
vn -1 0 0 
vn -1 0 0 
vn -1 0 0 
vn -1 0 0 
vn -1 0 0 
vn -1 0 0 
vn -1 0 0 
vn -1 0 0 
vn -1 0 0 
vn -1 0 0 
vn -1 0 0 
vn -1 0 0 
vn -1 0 0 
vn -1 0 0 
vn -1 0 0 
vn -1 0 0 
vn -1 0 0 
vn -1 0 0 
vn -1 0 0 
vn -1 0 0 
vn -1 0 0 
vn -1 0 0 
vn -1 0 0 
vn -1 0 0 
vn -1 0 0 
vn -1 0 0 
vn -1 0 0 
vn -1 0 0 
vn -1 0 0 
vn -1 0 0 
vn -1 0 0 
vn -1 0 0 
vn -1 0 0 
vn -1 0 0 
vn -1 0 0 
vn -1 0 0 
vn -1 0 0 
vn -1 0 0 
vn -1 0 0 
vn -1 0 0 
vn -1 0 0 
vn -1 0 0 
vn -1 0 0 
vn -1 0 0 
vn -1 0 0 
vn -1 0 0 
vn -1 0 0 
vn -1 0 0 
vn -1 0 0 
vn -1 0 0 
vn -1 0 0 
vn -1 0 0 
vn -1 0 0 
vn -1 0 0 
vn -1 0 0 
f 2426//2426 2427//2427 2428//2428 
f 2428//2428 2429//2429 2426//2426 
f 2429//2429 2430//2430 2426//2426 
f 2430//2430 2431//2431 2426//2426 
f 2431//2431 2432//2432 2426//2426 
f 2432//2432 2433//2433 2426//2426 
f 2433//2433 2434//2434 2426//2426 
f 2434//2434 2435//2435 2426//2426 
f 2435//2435 2436//2436 2426//2426 
f 2436//2436 2437//2437 2426//2426 
f 2437//2437 2438//2438 2426//2426 
f 2438//2438 2439//2439 2426//2426 
f 2439//2439 2440//2440 2426//2426 
f 2440//2440 2441//2441 2426//2426 
f 2441//2441 2442//2442 2426//2426 
f 2442//2442 2443//2443 2426//2426 
f 2443//2443 2444//2444 2426//2426 
f 2444//2444 2445//2445 2426//2426 
f 2445//2445 2446//2446 2426//2426 
f 2446//2446 2447//2447 2426//2426 
f 2447//2447 2448//2448 2426//2426 
f 2448//2448 2449//2449 2426//2426 
f 2449//2449 2450//2450 2426//2426 
f 2450//2450 2451//2451 2426//2426 
f 2451//2451 2452//2452 2426//2426 
f 2452//2452 2453//2453 2426//2426 
f 2453//2453 2454//2454 2426//2426 
f 2454//2454 2455//2455 2426//2426 
f 2455//2455 2456//2456 2426//2426 
f 2456//2456 2457//2457 2426//2426 
f 2457//2457 2458//2458 2426//2426 
f 2458//2458 2459//2459 2426//2426 
f 2459//2459 2460//2460 2426//2426 
f 2460//2460 2461//2461 2426//2426 
f 2461//2461 2462//2462 2426//2426 
f 2462//2462 2463//2463 2426//2426 
f 2463//2463 2464//2464 2426//2426 
f 2464//2464 2465//2465 2426//2426 
f 2465//2465 2466//2466 2426//2426 
f 2466//2466 2467//2467 2426//2426 
f 2467//2467 2468//2468 2426//2426 
f 2468//2468 2469//2469 2426//2426 
f 2469//2469 2470//2470 2426//2426 
f 2470//2470 2471//2471 2426//2426 
f 2471//2471 2472//2472 2426//2426 
f 2472//2472 2473//2473 2426//2426 
f 2473//2473 2474//2474 2426//2426 
f 2474//2474 2475//2475 2426//2426 
f 2475//2475 2476//2476 2426//2426 
f 2476//2476 2477//2477 2426//2426 
f 2477//2477 2478//2478 2426//2426 
f 2478//2478 2479//2479 2426//2426 
f 2479//2479 2480//2480 2426//2426 
f 2480//2480 2481//2481 2426//2426 
f 2481//2481 2482//2482 2426//2426 
f 2482//2482 2483//2483 2426//2426 
f 2483//2483 2484//2484 2426//2426 
f 2484//2484 2427//2427 2426//2426 
