# OBJ generated by ONSHAPE BY PTC INC, 1.221 Units = meters
mtllib link_6.mtl
usemtl 0.262745_0.282353_0.301961_0.000000_0.000000
v 0.005 1.23358e-17 -3.5851e-18 
v 0.005 0.00216238 0.0198828 
v 0.005 0.00429941 0.0195324 
v 0.005 0.00638603 0.0189531 
v 0.005 0.00839778 0.0181515 
v 0.005 0.0103111 0.0171371 
v 0.005 0.0121035 0.0159219 
v 0.005 0.013754 0.0145199 
v 0.005 0.0152432 0.0129477 
v 0.005 0.0165538 0.0112237 
v 0.005 0.0176702 0.00936817 
v 0.005 0.0185795 0.00740276 
v 0.005 0.019271 0.00535057 
v 0.005 0.0197365 0.00323564 
v 0.005 0.0199707 0.00108278 
v 0.005 0.0199707 -0.00108278 
v 0.005 0.0197365 -0.00323564 
v 0.005 0.019271 -0.00535057 
v 0.005 0.0185795 -0.00740276 
v 0.005 0.0176702 -0.00936817 
v 0.005 0.0165538 -0.0112237 
v 0.005 0.0152432 -0.0129477 
v 0.005 0.013754 -0.0145199 
v 0.005 0.0121035 -0.0159219 
v 0.005 0.0103111 -0.0171371 
v 0.005 0.00839778 -0.0181515 
v 0.005 0.00638603 -0.0189531 
v 0.005 0.00429941 -0.0195324 
v 0.005 0.00216238 -0.0198828 
v 0.005 1.47851e-17 -0.02 
v 0.005 -0.00216238 -0.0198828 
v 0.005 -0.00429941 -0.0195324 
v 0.005 -0.00638603 -0.0189531 
v 0.005 -0.00839778 -0.0181515 
v 0.005 -0.0103111 -0.0171371 
v 0.005 -0.0121035 -0.0159219 
v 0.005 -0.013754 -0.0145199 
v 0.005 -0.0152432 -0.0129477 
v 0.005 -0.0165538 -0.0112237 
v 0.005 -0.0176702 -0.00936817 
v 0.005 -0.0185795 -0.00740276 
v 0.005 -0.019271 -0.00535057 
v 0.005 -0.0197365 -0.00323564 
v 0.005 -0.0199707 -0.00108278 
v 0.005 -0.0199707 0.00108278 
v 0.005 -0.0197365 0.00323564 
v 0.005 -0.019271 0.00535057 
v 0.005 -0.0185795 0.00740276 
v 0.005 -0.0176702 0.00936817 
v 0.005 -0.0165538 0.0112237 
v 0.005 -0.0152432 0.0129477 
v 0.005 -0.013754 0.0145199 
v 0.005 -0.0121035 0.0159219 
v 0.005 -0.0103111 0.0171371 
v 0.005 -0.00839778 0.0181515 
v 0.005 -0.00638603 0.0189531 
v 0.005 -0.00429941 0.0195324 
v 0.005 -0.00216238 0.0198828 
v 0.005 1.23358e-17 0.02 
vn -1 0 -1.48691e-16 
vn -1 0 -1.48691e-16 
vn -1 0 -1.48691e-16 
vn -1 0 -1.48691e-16 
vn -1 0 -1.48691e-16 
vn -1 0 -1.48691e-16 
vn -1 0 -1.48691e-16 
vn -1 0 -1.48691e-16 
vn -1 0 -1.48691e-16 
vn -1 0 -1.48691e-16 
vn -1 0 -1.48691e-16 
vn -1 0 -1.48691e-16 
vn -1 0 -1.48691e-16 
vn -1 0 -1.48691e-16 
vn -1 0 -1.48691e-16 
vn -1 0 -1.48691e-16 
vn -1 0 -1.48691e-16 
vn -1 0 -1.48691e-16 
vn -1 0 -1.48691e-16 
vn -1 0 -1.48691e-16 
vn -1 0 -1.48691e-16 
vn -1 0 -1.48691e-16 
vn -1 0 -1.48691e-16 
vn -1 0 -1.48691e-16 
vn -1 0 -1.48691e-16 
vn -1 0 -1.48691e-16 
vn -1 0 -1.48691e-16 
vn -1 0 -1.48691e-16 
vn -1 0 -1.48691e-16 
vn -1 0 -1.48691e-16 
vn -1 0 -1.48691e-16 
vn -1 0 -1.48691e-16 
vn -1 0 -1.48691e-16 
vn -1 0 -1.48691e-16 
vn -1 0 -1.48691e-16 
vn -1 0 -1.48691e-16 
vn -1 0 -1.48691e-16 
vn -1 0 -1.48691e-16 
vn -1 0 -1.48691e-16 
vn -1 0 -1.48691e-16 
vn -1 0 -1.48691e-16 
vn -1 0 -1.48691e-16 
vn -1 0 -1.48691e-16 
vn -1 0 -1.48691e-16 
vn -1 0 -1.48691e-16 
vn -1 0 -1.48691e-16 
vn -1 0 -1.48691e-16 
vn -1 0 -1.48691e-16 
vn -1 0 -1.48691e-16 
vn -1 0 -1.48691e-16 
vn -1 0 -1.48691e-16 
vn -1 0 -1.48691e-16 
vn -1 0 -1.48691e-16 
vn -1 0 -1.48691e-16 
vn -1 0 -1.48691e-16 
vn -1 0 -1.48691e-16 
vn -1 0 -1.48691e-16 
vn -1 0 -1.48691e-16 
vn -1 0 -1.48691e-16 
f 1//1 2//2 3//3 
f 3//3 4//4 1//1 
f 4//4 5//5 1//1 
f 5//5 6//6 1//1 
f 6//6 7//7 1//1 
f 7//7 8//8 1//1 
f 8//8 9//9 1//1 
f 9//9 10//10 1//1 
f 10//10 11//11 1//1 
f 11//11 12//12 1//1 
f 12//12 13//13 1//1 
f 13//13 14//14 1//1 
f 14//14 15//15 1//1 
f 15//15 16//16 1//1 
f 16//16 17//17 1//1 
f 17//17 18//18 1//1 
f 18//18 19//19 1//1 
f 19//19 20//20 1//1 
f 20//20 21//21 1//1 
f 21//21 22//22 1//1 
f 22//22 23//23 1//1 
f 23//23 24//24 1//1 
f 24//24 25//25 1//1 
f 25//25 26//26 1//1 
f 26//26 27//27 1//1 
f 27//27 28//28 1//1 
f 28//28 29//29 1//1 
f 29//29 30//30 1//1 
f 30//30 31//31 1//1 
f 31//31 32//32 1//1 
f 32//32 33//33 1//1 
f 33//33 34//34 1//1 
f 34//34 35//35 1//1 
f 35//35 36//36 1//1 
f 36//36 37//37 1//1 
f 37//37 38//38 1//1 
f 38//38 39//39 1//1 
f 39//39 40//40 1//1 
f 40//40 41//41 1//1 
f 41//41 42//42 1//1 
f 42//42 43//43 1//1 
f 43//43 44//44 1//1 
f 44//44 45//45 1//1 
f 45//45 46//46 1//1 
f 46//46 47//47 1//1 
f 47//47 48//48 1//1 
f 48//48 49//49 1//1 
f 49//49 50//50 1//1 
f 50//50 51//51 1//1 
f 51//51 52//52 1//1 
f 52//52 53//53 1//1 
f 53//53 54//54 1//1 
f 54//54 55//55 1//1 
f 55//55 56//56 1//1 
f 56//56 57//57 1//1 
f 57//57 58//58 1//1 
f 58//58 59//59 1//1 
f 59//59 2//2 1//1 
v -2.95638e-18 -0.00216238 0.0198828 
v -2.97381e-18 7.43722e-18 0.02 
v 0.005 1.23358e-17 0.02 
v -2.90429e-18 -0.00429941 0.0195324 
v 0.005 -0.00216238 0.0198828 
v -2.81814e-18 -0.00638603 0.0189531 
v 0.005 -0.00429941 0.0195324 
v -2.69896e-18 -0.00839778 0.0181515 
v 0.005 -0.00638603 0.0189531 
v -2.54813e-18 -0.0103111 0.0171371 
v 0.005 -0.00839778 0.0181515 
v -2.36743e-18 -0.0121035 0.0159219 
v 0.005 -0.0103111 0.0171371 
v -2.15897e-18 -0.013754 0.0145199 
v 0.005 -0.0121035 0.0159219 
v -1.9252e-18 -0.0152432 0.0129477 
v 0.005 -0.013754 0.0145199 
v -1.66886e-18 -0.0165538 0.0112237 
v 0.005 -0.0152432 0.0129477 
v -1.39296e-18 -0.0176702 0.00936817 
v 0.005 -0.0165538 0.0112237 
v -1.10072e-18 -0.0185795 0.00740276 
v 0.005 -0.0176702 0.00936817 
v -7.95579e-19 -0.019271 0.00535057 
v 0.005 -0.0185795 0.00740276 
v -4.81109e-19 -0.0197365 0.00323564 
v 0.005 -0.019271 0.00535057 
v -1.60999e-19 -0.0199707 0.00108278 
v 0.005 -0.0197365 0.00323564 
v 1.60999e-19 -0.0199707 -0.00108278 
v 0.005 -0.0199707 0.00108278 
v 4.81109e-19 -0.0197365 -0.00323564 
v 0.005 -0.0199707 -0.00108278 
v 7.95579e-19 -0.019271 -0.00535057 
v 0.005 -0.0197365 -0.00323564 
v 1.10072e-18 -0.0185795 -0.00740276 
v 0.005 -0.019271 -0.00535057 
v 1.39296e-18 -0.0176702 -0.00936817 
v 0.005 -0.0185795 -0.00740276 
v 1.66886e-18 -0.0165538 -0.0112237 
v 0.005 -0.0176702 -0.00936817 
v 1.9252e-18 -0.0152432 -0.0129477 
v 0.005 -0.0165538 -0.0112237 
v 2.15897e-18 -0.013754 -0.0145199 
v 0.005 -0.0152432 -0.0129477 
v 2.36743e-18 -0.0121035 -0.0159219 
v 0.005 -0.013754 -0.0145199 
v 2.54813e-18 -0.0103111 -0.0171371 
v 0.005 -0.0121035 -0.0159219 
v 2.69896e-18 -0.00839778 -0.0181515 
v 0.005 -0.0103111 -0.0171371 
v 2.81814e-18 -0.00638603 -0.0189531 
v 0.005 -0.00839778 -0.0181515 
v 2.90429e-18 -0.00429941 -0.0195324 
v 0.005 -0.00638603 -0.0189531 
v 2.95638e-18 -0.00216238 -0.0198828 
v 0.005 -0.00429941 -0.0195324 
v 2.97381e-18 1.47851e-17 -0.02 
v 0.005 -0.00216238 -0.0198828 
v 2.95638e-18 0.00216238 -0.0198828 
v 0.005 1.47851e-17 -0.02 
v 2.90429e-18 0.00429941 -0.0195324 
v 0.005 0.00216238 -0.0198828 
v 2.81814e-18 0.00638603 -0.0189531 
v 0.005 0.00429941 -0.0195324 
v 2.69896e-18 0.00839778 -0.0181515 
v 0.005 0.00638603 -0.0189531 
v 2.54813e-18 0.0103111 -0.0171371 
v 0.005 0.00839778 -0.0181515 
v 2.36743e-18 0.0121035 -0.0159219 
v 0.005 0.0103111 -0.0171371 
v 2.15897e-18 0.013754 -0.0145199 
v 0.005 0.0121035 -0.0159219 
v 1.9252e-18 0.0152432 -0.0129477 
v 0.005 0.013754 -0.0145199 
v 1.66886e-18 0.0165538 -0.0112237 
v 0.005 0.0152432 -0.0129477 
v 1.39296e-18 0.0176702 -0.00936817 
v 0.005 0.0165538 -0.0112237 
v 1.10072e-18 0.0185795 -0.00740276 
v 0.005 0.0176702 -0.00936817 
v 7.95579e-19 0.019271 -0.00535057 
v 0.005 0.0185795 -0.00740276 
v 4.81109e-19 0.0197365 -0.00323564 
v 0.005 0.019271 -0.00535057 
v 1.60999e-19 0.0199707 -0.00108278 
v 0.005 0.0197365 -0.00323564 
v -1.60999e-19 0.0199707 0.00108278 
v 0.005 0.0199707 -0.00108278 
v -4.81109e-19 0.0197365 0.00323564 
v 0.005 0.0199707 0.00108278 
v -7.95579e-19 0.019271 0.00535057 
v 0.005 0.0197365 0.00323564 
v -1.10072e-18 0.0185795 0.00740276 
v 0.005 0.019271 0.00535057 
v -1.39296e-18 0.0176702 0.00936817 
v 0.005 0.0185795 0.00740276 
v -1.66886e-18 0.0165538 0.0112237 
v 0.005 0.0176702 0.00936817 
v -1.9252e-18 0.0152432 0.0129477 
v 0.005 0.0165538 0.0112237 
v -2.15897e-18 0.013754 0.0145199 
v 0.005 0.0152432 0.0129477 
v -2.36743e-18 0.0121035 0.0159219 
v 0.005 0.013754 0.0145199 
v -2.54813e-18 0.0103111 0.0171371 
v 0.005 0.0121035 0.0159219 
v -2.69896e-18 0.00839778 0.0181515 
v 0.005 0.0103111 0.0171371 
v -2.81814e-18 0.00638603 0.0189531 
v 0.005 0.00839778 0.0181515 
v -2.90429e-18 0.00429941 0.0195324 
v 0.005 0.00638603 0.0189531 
v -2.95638e-18 0.00216238 0.0198828 
v 0.005 0.00429941 0.0195324 
v 0.005 0.00216238 0.0198828 
vn 1.47819e-16 0.108119 -0.994138 
vn 1.48691e-16 2.44929e-16 -1 
vn 1.48691e-16 2.44929e-16 -1 
vn 1.45214e-16 0.21497 -0.976621 
vn 1.47819e-16 0.108119 -0.994138 
vn 1.40907e-16 0.319302 -0.947653 
vn 1.45214e-16 0.21497 -0.976621 
vn 1.34948e-16 0.419889 -0.907575 
vn 1.40907e-16 0.319302 -0.947653 
vn 1.27407e-16 0.515554 -0.856857 
vn 1.34948e-16 0.419889 -0.907575 
vn 1.18372e-16 0.605174 -0.796093 
vn 1.27407e-16 0.515554 -0.856857 
vn 1.07949e-16 0.687699 -0.725995 
vn 1.18372e-16 0.605174 -0.796093 
vn 9.62602e-17 0.762162 -0.647386 
vn 1.07949e-16 0.687699 -0.725995 
vn 8.34432e-17 0.827689 -0.561187 
vn 9.62602e-17 0.762162 -0.647386 
vn 6.96479e-17 0.883512 -0.468408 
vn 8.34432e-17 0.827689 -0.561187 
vn 5.50361e-17 0.928977 -0.370138 
vn 6.96479e-17 0.883512 -0.468408 
vn 3.97789e-17 0.96355 -0.267528 
vn 5.50361e-17 0.928977 -0.370138 
vn 2.40555e-17 0.986827 -0.161782 
vn 3.97789e-17 0.96355 -0.267528 
vn 8.04995e-18 0.998533 -0.0541389 
vn 2.40555e-17 0.986827 -0.161782 
vn -8.04995e-18 0.998533 0.0541389 
vn 8.04995e-18 0.998533 -0.0541389 
vn -2.40555e-17 0.986827 0.161782 
vn -8.04995e-18 0.998533 0.0541389 
vn -3.97789e-17 0.96355 0.267528 
vn -2.40555e-17 0.986827 0.161782 
vn -5.50361e-17 0.928977 0.370138 
vn -3.97789e-17 0.96355 0.267528 
vn -6.96479e-17 0.883512 0.468408 
vn -5.50361e-17 0.928977 0.370138 
vn -8.34432e-17 0.827689 0.561187 
vn -6.96479e-17 0.883512 0.468408 
vn -9.62602e-17 0.762162 0.647386 
vn -8.34432e-17 0.827689 0.561187 
vn -1.07949e-16 0.687699 0.725995 
vn -9.62602e-17 0.762162 0.647386 
vn -1.18372e-16 0.605174 0.796093 
vn -1.07949e-16 0.687699 0.725995 
vn -1.27407e-16 0.515554 0.856857 
vn -1.18372e-16 0.605174 0.796093 
vn -1.34948e-16 0.419889 0.907575 
vn -1.27407e-16 0.515554 0.856857 
vn -1.40907e-16 0.319302 0.947653 
vn -1.34948e-16 0.419889 0.907575 
vn -1.45214e-16 0.21497 0.976621 
vn -1.40907e-16 0.319302 0.947653 
vn -1.47819e-16 0.108119 0.994138 
vn -1.45214e-16 0.21497 0.976621 
vn -1.48691e-16 -1.22465e-16 1 
vn -1.47819e-16 0.108119 0.994138 
vn -1.47819e-16 -0.108119 0.994138 
vn -1.48691e-16 -1.22465e-16 1 
vn -1.45214e-16 -0.21497 0.976621 
vn -1.47819e-16 -0.108119 0.994138 
vn -1.40907e-16 -0.319302 0.947653 
vn -1.45214e-16 -0.21497 0.976621 
vn -1.34948e-16 -0.419889 0.907575 
vn -1.40907e-16 -0.319302 0.947653 
vn -1.27407e-16 -0.515554 0.856857 
vn -1.34948e-16 -0.419889 0.907575 
vn -1.18372e-16 -0.605174 0.796093 
vn -1.27407e-16 -0.515554 0.856857 
vn -1.07949e-16 -0.687699 0.725995 
vn -1.18372e-16 -0.605174 0.796093 
vn -9.62602e-17 -0.762162 0.647386 
vn -1.07949e-16 -0.687699 0.725995 
vn -8.34432e-17 -0.827689 0.561187 
vn -9.62602e-17 -0.762162 0.647386 
vn -6.96479e-17 -0.883512 0.468408 
vn -8.34432e-17 -0.827689 0.561187 
vn -5.50361e-17 -0.928977 0.370138 
vn -6.96479e-17 -0.883512 0.468408 
vn -3.97789e-17 -0.96355 0.267528 
vn -5.50361e-17 -0.928977 0.370138 
vn -2.40555e-17 -0.986827 0.161782 
vn -3.97789e-17 -0.96355 0.267528 
vn -8.04995e-18 -0.998533 0.0541389 
vn -2.40555e-17 -0.986827 0.161782 
vn 8.04995e-18 -0.998533 -0.0541389 
vn -8.04995e-18 -0.998533 0.0541389 
vn 2.40555e-17 -0.986827 -0.161782 
vn 8.04995e-18 -0.998533 -0.0541389 
vn 3.97789e-17 -0.96355 -0.267528 
vn 2.40555e-17 -0.986827 -0.161782 
vn 5.50361e-17 -0.928977 -0.370138 
vn 3.97789e-17 -0.96355 -0.267528 
vn 6.96479e-17 -0.883512 -0.468408 
vn 5.50361e-17 -0.928977 -0.370138 
vn 8.34432e-17 -0.827689 -0.561187 
vn 6.96479e-17 -0.883512 -0.468408 
vn 9.62602e-17 -0.762162 -0.647386 
vn 8.34432e-17 -0.827689 -0.561187 
vn 1.07949e-16 -0.687699 -0.725995 
vn 9.62602e-17 -0.762162 -0.647386 
vn 1.18372e-16 -0.605174 -0.796093 
vn 1.07949e-16 -0.687699 -0.725995 
vn 1.27407e-16 -0.515554 -0.856857 
vn 1.18372e-16 -0.605174 -0.796093 
vn 1.34948e-16 -0.419889 -0.907575 
vn 1.27407e-16 -0.515554 -0.856857 
vn 1.40907e-16 -0.319302 -0.947653 
vn 1.34948e-16 -0.419889 -0.907575 
vn 1.45214e-16 -0.21497 -0.976621 
vn 1.40907e-16 -0.319302 -0.947653 
vn 1.47819e-16 -0.108119 -0.994138 
vn 1.45214e-16 -0.21497 -0.976621 
vn 1.47819e-16 -0.108119 -0.994138 
f 60//60 61//61 62//62 
f 63//63 60//60 64//64 
f 65//65 63//63 66//66 
f 67//67 65//65 68//68 
f 69//69 67//67 70//70 
f 71//71 69//69 72//72 
f 73//73 71//71 74//74 
f 75//75 73//73 76//76 
f 77//77 75//75 78//78 
f 79//79 77//77 80//80 
f 81//81 79//79 82//82 
f 83//83 81//81 84//84 
f 85//85 83//83 86//86 
f 87//87 85//85 88//88 
f 89//89 87//87 90//90 
f 91//91 89//89 92//92 
f 93//93 91//91 94//94 
f 95//95 93//93 96//96 
f 97//97 95//95 98//98 
f 99//99 97//97 100//100 
f 101//101 99//99 102//102 
f 103//103 101//101 104//104 
f 105//105 103//103 106//106 
f 107//107 105//105 108//108 
f 109//109 107//107 110//110 
f 111//111 109//109 112//112 
f 113//113 111//111 114//114 
f 115//115 113//113 116//116 
f 117//117 115//115 118//118 
f 119//119 117//117 120//120 
f 121//121 119//119 122//122 
f 123//123 121//121 124//124 
f 125//125 123//123 126//126 
f 127//127 125//125 128//128 
f 129//129 127//127 130//130 
f 131//131 129//129 132//132 
f 133//133 131//131 134//134 
f 135//135 133//133 136//136 
f 137//137 135//135 138//138 
f 139//139 137//137 140//140 
f 141//141 139//139 142//142 
f 143//143 141//141 144//144 
f 145//145 143//143 146//146 
f 147//147 145//145 148//148 
f 149//149 147//147 150//150 
f 151//151 149//149 152//152 
f 153//153 151//151 154//154 
f 155//155 153//153 156//156 
f 157//157 155//155 158//158 
f 159//159 157//157 160//160 
f 161//161 159//159 162//162 
f 163//163 161//161 164//164 
f 165//165 163//163 166//166 
f 167//167 165//165 168//168 
f 169//169 167//167 170//170 
f 171//171 169//169 172//172 
f 173//173 171//171 174//174 
f 61//61 173//173 175//175 
f 175//175 62//62 61//61 
f 174//174 175//175 173//173 
f 172//172 174//174 171//171 
f 170//170 172//172 169//169 
f 168//168 170//170 167//167 
f 166//166 168//168 165//165 
f 164//164 166//166 163//163 
f 162//162 164//164 161//161 
f 160//160 162//162 159//159 
f 158//158 160//160 157//157 
f 156//156 158//158 155//155 
f 154//154 156//156 153//153 
f 152//152 154//154 151//151 
f 150//150 152//152 149//149 
f 148//148 150//150 147//147 
f 146//146 148//148 145//145 
f 144//144 146//146 143//143 
f 142//142 144//144 141//141 
f 140//140 142//142 139//139 
f 138//138 140//140 137//137 
f 136//136 138//138 135//135 
f 134//134 136//136 133//133 
f 132//132 134//134 131//131 
f 130//130 132//132 129//129 
f 128//128 130//130 127//127 
f 126//126 128//128 125//125 
f 124//124 126//126 123//123 
f 122//122 124//124 121//121 
f 120//120 122//122 119//119 
f 118//118 120//120 117//117 
f 116//116 118//118 115//115 
f 114//114 116//116 113//113 
f 112//112 114//114 111//111 
f 110//110 112//112 109//109 
f 108//108 110//110 107//107 
f 106//106 108//108 105//105 
f 104//104 106//106 103//103 
f 102//102 104//104 101//101 
f 100//100 102//102 99//99 
f 98//98 100//100 97//97 
f 96//96 98//98 95//95 
f 94//94 96//96 93//93 
f 92//92 94//94 91//91 
f 90//90 92//92 89//89 
f 88//88 90//90 87//87 
f 86//86 88//88 85//85 
f 84//84 86//86 83//83 
f 82//82 84//84 81//81 
f 80//80 82//82 79//79 
f 78//78 80//80 77//77 
f 76//76 78//78 75//75 
f 74//74 76//76 73//73 
f 72//72 74//74 71//71 
f 70//70 72//72 69//69 
f 68//68 70//70 67//67 
f 66//66 68//68 65//65 
f 64//64 66//66 63//63 
f 62//62 64//64 60//60 
v -2.15897e-18 -0.013754 0.0145199 
v -4.46691e-17 -0.017886 0.0202157 
v -4.46691e-17 -0.0177546 0.0203006 
v -2.15897e-18 0.013754 0.0145199 
v 4.79217e-17 0.0176152 0.0203713 
v 4.79217e-17 0.0177546 0.0203006 
v -4.46691e-17 -0.0176152 0.0203713 
v -4.46691e-17 -0.0174691 0.0204272 
v -3.03577e-18 -0.0180078 0.0201176 
v 4.79217e-17 0.0174691 0.0204272 
v 1.22303e-17 -0.012523 -0.0239202 
v 1.20107e-17 -0.0150099 -0.0224433 
v 2.54813e-18 -0.0103111 -0.0171371 
v 1.17528e-17 -0.0173246 -0.0207089 
v 2.36743e-18 -0.0121035 -0.0159219 
v -3.03577e-18 0.0170074 0.0205 
v -2.95638e-18 0.00216238 0.0198828 
v -2.97381e-18 7.43722e-18 0.02 
v 4.79217e-17 0.017886 0.0202157 
v -2.36743e-18 0.0121035 0.0159219 
v 6.68178e-18 0.0234425 0.0133959 
v -1.39296e-18 0.0176702 0.00936817 
v -1.66886e-18 0.0165538 0.0112237 
v 7.06607e-18 0.024741 0.0108113 
v -1.10072e-18 0.0185795 0.00740276 
v 7.88539e-18 0.0264745 0.0053011 
v -4.81109e-19 0.0197365 0.00323564 
v -7.95579e-19 0.019271 0.00535057 
v 8.31101e-18 0.0268896 0.00243866 
v -1.60999e-19 0.0199707 0.00108278 
v 1.22303e-17 0.012523 -0.0239202 
v 2.69896e-18 0.00839778 -0.0181515 
v 2.54813e-18 0.0103111 -0.0171371 
v 1.24091e-17 0.00989234 -0.0251225 
v 2.81814e-18 0.00638603 -0.0189531 
v 1.14596e-17 -0.0194404 -0.0187368 
v 2.15897e-18 -0.013754 -0.0145199 
v -4.46691e-17 -0.0171635 0.0204918 
v -3.03577e-18 -0.0170074 0.0205 
v -4.46691e-17 -0.017318 0.0204675 
v -2.90429e-18 0.00429941 0.0195324 
v -2.54813e-18 0.0103111 0.0171371 
v -2.69896e-18 0.00839778 0.0181515 
v 4.79217e-17 0.017318 0.0204675 
v 4.79217e-17 0.0171635 0.0204918 
v 6.32034e-18 0.021875 0.0158267 
v -1.9252e-18 0.0152432 0.0129477 
v 8.74079e-18 0.0269962 -0.00045176 
v 1.60999e-19 0.0199707 -0.00108278 
v 1.11344e-17 0.0213332 -0.0165497 
v 1.9252e-18 0.0152432 -0.0129477 
v 1.66886e-18 0.0165538 -0.0112237 
v 1.14596e-17 0.0194404 -0.0187368 
v 2.15897e-18 0.013754 -0.0145199 
v 1.20107e-17 0.0150099 -0.0224433 
v 2.36743e-18 0.0121035 -0.0159219 
v 1.26825e-17 0.00144619 -0.0269612 
v 2.97381e-18 1.47851e-17 -0.02 
v 2.95638e-18 0.00216238 -0.0198828 
v 1.26825e-17 -0.00144619 -0.0269612 
v 1.26365e-17 -0.00432199 -0.0266518 
v 2.95638e-18 -0.00216238 -0.0198828 
v 1.2545e-17 -0.00714818 -0.0260366 
v 2.90429e-18 -0.00429941 -0.0195324 
v 1.11344e-17 -0.0213332 -0.0165497 
v 1.9252e-18 -0.0152432 -0.0129477 
v 1.00059e-17 -0.02547 -0.00895992 
v 9.59311e-18 -0.0262823 -0.00618395 
v 7.95579e-19 -0.019271 -0.00535057 
v 9.1698e-18 -0.026793 -0.003337 
v 4.81109e-19 -0.0197365 -0.00323564 
v 8.31101e-18 -0.0268896 0.00243866 
v 7.88539e-18 -0.0264745 0.0053011 
v -4.81109e-19 -0.0197365 0.00323564 
v 7.46882e-18 -0.0257555 0.00810271 
v -7.95579e-19 -0.019271 0.00535057 
v 6.68178e-18 -0.0234425 0.0133959 
v 6.32034e-18 -0.021875 0.0158267 
v -1.66886e-18 -0.0165538 0.0112237 
v 5.9859e-18 -0.0200565 0.0180759 
v -1.9252e-18 -0.0152432 0.0129477 
v -2.81814e-18 0.00638603 0.0189531 
v 5.9859e-18 0.0200565 0.0180759 
v 7.46882e-18 0.0257555 0.00810271 
v 9.1698e-18 0.026793 -0.003337 
v 4.81109e-19 0.0197365 -0.00323564 
v 1.04033e-17 0.0243654 -0.0116331 
v 1.39296e-18 0.0176702 -0.00936817 
v 1.10072e-18 0.0185795 -0.00740276 
v 1.0781e-17 0.0229812 -0.0141727 
v 1.17528e-17 0.0173246 -0.0207089 
v 1.2545e-17 0.00714818 -0.0260366 
v 2.90429e-18 0.00429941 -0.0195324 
v 1.26365e-17 0.00432199 -0.0266518 
v 1.24091e-17 -0.00989234 -0.0251225 
v 2.81814e-18 -0.00638603 -0.0189531 
v 1.0781e-17 -0.0229812 -0.0141727 
v 1.66886e-18 -0.0165538 -0.0112237 
v 1.04033e-17 -0.0243654 -0.0116331 
v 1.39296e-18 -0.0176702 -0.00936817 
v 1.10072e-18 -0.0185795 -0.00740276 
v 8.74079e-18 -0.0269962 -0.00045176 
v 1.60999e-19 -0.0199707 -0.00108278 
v 7.06607e-18 -0.024741 0.0108113 
v -1.10072e-18 -0.0185795 0.00740276 
v -2.36743e-18 -0.0121035 0.0159219 
v -3.03577e-18 0.0180078 0.0201176 
v 2.69896e-18 -0.00839778 -0.0181515 
v -1.60999e-19 -0.0199707 0.00108278 
v -1.39296e-18 -0.0176702 0.00936817 
v -2.81814e-18 -0.00638603 0.0189531 
v -2.69896e-18 -0.00839778 0.0181515 
v 9.59311e-18 0.0262823 -0.00618395 
v 7.95579e-19 0.019271 -0.00535057 
v 1.00059e-17 0.02547 -0.00895992 
v -2.54813e-18 -0.0103111 0.0171371 
v -2.90429e-18 -0.00429941 0.0195324 
v -2.95638e-18 -0.00216238 0.0198828 
vn -1 0 -1.48691e-16 
vn -1 0 -1.48691e-16 
vn -1 0 -1.48691e-16 
vn -1 0 -1.48691e-16 
vn -1 0 -1.48691e-16 
vn -1 0 -1.48691e-16 
vn -1 0 -1.48691e-16 
vn -1 0 -1.48691e-16 
vn -1 0 -1.48691e-16 
vn -1 0 -1.48691e-16 
vn -1 0 -1.48691e-16 
vn -1 0 -1.48691e-16 
vn -1 0 -1.48691e-16 
vn -1 0 -1.48691e-16 
vn -1 0 -1.48691e-16 
vn -1 0 -1.48691e-16 
vn -1 0 -1.48691e-16 
vn -1 0 -1.48691e-16 
vn -1 0 -1.48691e-16 
vn -1 0 -1.48691e-16 
vn -1 0 -1.48691e-16 
vn -1 0 -1.48691e-16 
vn -1 0 -1.48691e-16 
vn -1 0 -1.48691e-16 
vn -1 0 -1.48691e-16 
vn -1 0 -1.48691e-16 
vn -1 0 -1.48691e-16 
vn -1 0 -1.48691e-16 
vn -1 0 -1.48691e-16 
vn -1 0 -1.48691e-16 
vn -1 0 -1.48691e-16 
vn -1 0 -1.48691e-16 
vn -1 0 -1.48691e-16 
vn -1 0 -1.48691e-16 
vn -1 0 -1.48691e-16 
vn -1 0 -1.48691e-16 
vn -1 0 -1.48691e-16 
vn -1 0 -1.48691e-16 
vn -1 0 -1.48691e-16 
vn -1 0 -1.48691e-16 
vn -1 0 -1.48691e-16 
vn -1 0 -1.48691e-16 
vn -1 0 -1.48691e-16 
vn -1 0 -1.48691e-16 
vn -1 0 -1.48691e-16 
vn -1 0 -1.48691e-16 
vn -1 0 -1.48691e-16 
vn -1 0 -1.48691e-16 
vn -1 0 -1.48691e-16 
vn -1 0 -1.48691e-16 
vn -1 0 -1.48691e-16 
vn -1 0 -1.48691e-16 
vn -1 0 -1.48691e-16 
vn -1 0 -1.48691e-16 
vn -1 0 -1.48691e-16 
vn -1 0 -1.48691e-16 
vn -1 0 -1.48691e-16 
vn -1 0 -1.48691e-16 
vn -1 0 -1.48691e-16 
vn -1 0 -1.48691e-16 
vn -1 0 -1.48691e-16 
vn -1 0 -1.48691e-16 
vn -1 0 -1.48691e-16 
vn -1 0 -1.48691e-16 
vn -1 0 -1.48691e-16 
vn -1 0 -1.48691e-16 
vn -1 0 -1.48691e-16 
vn -1 0 -1.48691e-16 
vn -1 0 -1.48691e-16 
vn -1 0 -1.48691e-16 
vn -1 0 -1.48691e-16 
vn -1 0 -1.48691e-16 
vn -1 0 -1.48691e-16 
vn -1 0 -1.48691e-16 
vn -1 0 -1.48691e-16 
vn -1 0 -1.48691e-16 
vn -1 0 -1.48691e-16 
vn -1 0 -1.48691e-16 
vn -1 0 -1.48691e-16 
vn -1 0 -1.48691e-16 
vn -1 0 -1.48691e-16 
vn -1 0 -1.48691e-16 
vn -1 0 -1.48691e-16 
vn -1 0 -1.48691e-16 
vn -1 0 -1.48691e-16 
vn -1 0 -1.48691e-16 
vn -1 0 -1.48691e-16 
vn -1 0 -1.48691e-16 
vn -1 0 -1.48691e-16 
vn -1 0 -1.48691e-16 
vn -1 0 -1.48691e-16 
vn -1 0 -1.48691e-16 
vn -1 0 -1.48691e-16 
vn -1 0 -1.48691e-16 
vn -1 0 -1.48691e-16 
vn -1 0 -1.48691e-16 
vn -1 0 -1.48691e-16 
vn -1 0 -1.48691e-16 
vn -1 0 -1.48691e-16 
vn -1 0 -1.48691e-16 
vn -1 0 -1.48691e-16 
vn -1 0 -1.48691e-16 
vn -1 0 -1.48691e-16 
vn -1 0 -1.48691e-16 
vn -1 0 -1.48691e-16 
vn -1 0 -1.48691e-16 
vn -1 0 -1.48691e-16 
vn -1 0 -1.48691e-16 
vn -1 0 -1.48691e-16 
vn -1 0 -1.48691e-16 
vn -1 0 -1.48691e-16 
vn -1 0 -1.48691e-16 
vn -1 0 -1.48691e-16 
vn -1 0 -1.48691e-16 
vn -1 0 -1.48691e-16 
vn -1 0 -1.48691e-16 
vn -1 0 -1.48691e-16 
vn -1 0 -1.48691e-16 
f 176//176 177//177 178//178 
f 179//179 180//180 181//181 
f 176//176 182//182 183//183 
f 176//176 184//184 177//177 
f 179//179 185//185 180//180 
f 186//186 187//187 188//188 
f 187//187 189//189 190//190 
f 178//178 182//182 176//176 
f 191//191 192//192 193//193 
f 181//181 194//194 179//179 
f 179//179 195//195 191//191 
f 196//196 197//197 198//198 
f 199//199 200//200 197//197 
f 201//201 202//202 203//203 
f 204//204 205//205 202//202 
f 206//206 207//207 208//208 
f 209//209 210//210 207//207 
f 190//190 188//188 187//187 
f 189//189 211//211 212//212 
f 176//176 213//213 214//214 
f 183//183 215//215 176//176 
f 191//191 216//216 192//192 
f 191//191 217//217 218//218 
f 179//179 219//219 185//185 
f 191//191 220//220 179//179 
f 221//221 198//198 222//222 
f 197//197 196//196 199//199 
f 202//202 201//201 204//204 
f 223//223 224//224 205//205 
f 225//225 226//226 227//227 
f 228//228 229//229 226//226 
f 230//230 208//208 231//231 
f 207//207 206//206 209//209 
f 232//232 233//233 234//234 
f 235//235 236//236 237//237 
f 236//236 238//238 239//239 
f 212//212 190//190 189//189 
f 211//211 240//240 241//241 
f 242//242 243//243 244//244 
f 243//243 245//245 246//246 
f 247//247 248//248 249//249 
f 248//248 250//250 251//251 
f 252//252 253//253 254//254 
f 253//253 255//255 256//256 
f 255//255 184//184 176//176 
f 215//215 213//213 176//176 
f 191//191 257//257 216//216 
f 191//191 195//195 217//217 
f 220//220 219//219 179//179 
f 258//258 222//222 179//179 
f 198//198 221//221 196//196 
f 259//259 203//203 200//200 
f 205//205 204//204 223//223 
f 260//260 261//261 224//224 
f 262//262 263//263 264//264 
f 265//265 227//227 263//263 
f 226//226 225//225 228//228 
f 266//266 231//231 229//229 
f 208//208 230//230 206//206 
f 267//267 268//268 210//210 
f 269//269 234//234 268//268 
f 234//234 269//269 232//232 
f 239//239 237//237 236//236 
f 238//238 270//270 271//271 
f 241//241 212//212 211//211 
f 240//240 272//272 273//273 
f 272//272 274//274 275//275 
f 274//274 242//242 276//276 
f 246//246 244//244 243//243 
f 245//245 277//277 278//278 
f 251//251 249//249 248//248 
f 250//250 279//279 280//280 
f 256//256 254//254 253//253 
f 214//214 281//281 176//176 
f 218//218 257//257 191//191 
f 179//179 282//282 258//258 
f 200//200 199//199 259//259 
f 224//224 223//223 260//260 
f 263//263 262//262 265//265 
f 229//229 228//228 266//266 
f 210//210 209//209 267//267 
f 232//232 235//235 233//233 
f 271//271 239//239 238//238 
f 270//270 186//186 283//283 
f 273//273 241//241 240//240 
f 276//276 275//275 274//274 
f 278//278 246//246 245//245 
f 277//277 247//247 284//284 
f 280//280 251//251 250//250 
f 279//279 252//252 285//285 
f 176//176 256//256 255//255 
f 214//214 286//286 287//287 
f 194//194 282//282 179//179 
f 203//203 259//259 201//201 
f 288//288 289//289 261//261 
f 290//290 264//264 289//289 
f 227//227 265//265 225//225 
f 268//268 267//267 269//269 
f 283//283 271//271 270//270 
f 275//275 273//273 272//272 
f 284//284 278//278 277//277 
f 285//285 280//280 279//279 
f 214//214 291//291 281//281 
f 214//214 292//292 286//286 
f 222//222 258//258 221//221 
f 289//289 288//288 290//290 
f 231//231 266//266 230//230 
f 188//188 283//283 186//186 
f 249//249 284//284 247//247 
f 287//287 291//291 214//214 
f 261//261 260//260 288//288 
f 237//237 233//233 235//235 
f 254//254 285//285 252//252 
f 214//214 193//193 293//293 
f 264//264 290//290 262//262 
f 293//293 292//292 214//214 
f 244//244 276//276 242//242 
f 193//193 214//214 191//191 
v -3.03577e-18 0.0170074 0.0205 
v -3.03577e-18 -0.0170074 0.0205 
v 0.0015 -0.0170074 0.022 
v 0.0015 0.0170074 0.022 
vn -0.707107 0 0.707107 
vn -0.707107 0 0.707107 
vn -0.707107 0 0.707107 
vn -0.707107 0 0.707107 
f 294//294 295//295 296//296 
f 296//296 297//297 294//294 
v 0.0015 -0.0190082 0.0212353 
v -3.03577e-18 -0.0180078 0.0201176 
v 5.9859e-18 -0.0200565 0.0180759 
v 0.0015 -0.0211707 0.0190801 
v 6.32034e-18 -0.021875 0.0158267 
v 0.0015 -0.0230903 0.016706 
v 6.68178e-18 -0.0234425 0.0133959 
v 0.0015 -0.0247449 0.0141401 
v 7.06607e-18 -0.024741 0.0108113 
v 0.0015 -0.0261155 0.011412 
v 7.46882e-18 -0.0257555 0.00810271 
v 0.0015 -0.0271864 0.00855286 
v 7.88539e-18 -0.0264745 0.0053011 
v 0.0015 -0.0279453 0.00559561 
v 8.31101e-18 -0.0268896 0.00243866 
v 0.0015 -0.0283835 0.00257415 
v 8.74079e-18 -0.0269962 -0.00045176 
v 0.0015 -0.028496 -0.000476858 
v 9.1698e-18 -0.026793 -0.003337 
v 0.0015 -0.0282815 -0.00352239 
v 9.59311e-18 -0.0262823 -0.00618395 
v 0.0015 -0.0277424 -0.0065275 
v 1.00059e-17 -0.02547 -0.00895992 
v 0.0015 -0.026885 -0.0094577 
v 1.04033e-17 -0.0243654 -0.0116331 
v 0.0015 -0.025719 -0.0122794 
v 1.0781e-17 -0.0229812 -0.0141727 
v 0.0015 -0.0242579 -0.0149601 
v 1.11344e-17 -0.0213332 -0.0165497 
v 0.0015 -0.0225184 -0.0174692 
v 1.14596e-17 -0.0194404 -0.0187368 
v 0.0015 -0.0205205 -0.0197778 
v 1.17528e-17 -0.0173246 -0.0207089 
v 0.0015 -0.0182871 -0.0218594 
v 1.20107e-17 -0.0150099 -0.0224433 
v 0.0015 -0.0158438 -0.0236902 
v 1.22303e-17 -0.012523 -0.0239202 
v 0.0015 -0.0132187 -0.0252491 
v 1.24091e-17 -0.00989234 -0.0251225 
v 0.0015 -0.0104419 -0.0265182 
v 1.2545e-17 -0.00714818 -0.0260366 
v 0.0015 -0.0075453 -0.0274831 
v 1.26365e-17 -0.00432199 -0.0266518 
v 0.0015 -0.0045621 -0.0281325 
v 1.26825e-17 -0.00144619 -0.0269612 
v 0.0015 -0.00152654 -0.0284591 
v 1.26825e-17 0.00144619 -0.0269612 
v 0.0015 0.00152654 -0.0284591 
v 1.26365e-17 0.00432199 -0.0266518 
v 0.0015 0.0045621 -0.0281325 
v 1.2545e-17 0.00714818 -0.0260366 
v 0.0015 0.0075453 -0.0274831 
v 1.24091e-17 0.00989234 -0.0251225 
v 0.0015 0.0104419 -0.0265182 
v 1.22303e-17 0.012523 -0.0239202 
v 0.0015 0.0132187 -0.0252491 
v 1.20107e-17 0.0150099 -0.0224433 
v 0.0015 0.0158438 -0.0236902 
v 1.17528e-17 0.0173246 -0.0207089 
v 0.0015 0.0182871 -0.0218594 
v 1.14596e-17 0.0194404 -0.0187368 
v 0.0015 0.0205205 -0.0197778 
v 1.11344e-17 0.0213332 -0.0165497 
v 0.0015 0.0225184 -0.0174692 
v 1.0781e-17 0.0229812 -0.0141727 
v 0.0015 0.0242579 -0.0149601 
v 1.04033e-17 0.0243654 -0.0116331 
v 0.0015 0.025719 -0.0122794 
v 1.00059e-17 0.02547 -0.00895992 
v 0.0015 0.026885 -0.0094577 
v 9.59311e-18 0.0262823 -0.00618395 
v 0.0015 0.0277424 -0.0065275 
v 9.1698e-18 0.026793 -0.003337 
v 0.0015 0.0282815 -0.00352239 
v 8.74079e-18 0.0269962 -0.00045176 
v 0.0015 0.028496 -0.000476858 
v 8.31101e-18 0.0268896 0.00243866 
v 0.0015 0.0283835 0.00257415 
v 7.88539e-18 0.0264745 0.0053011 
v 0.0015 0.0279453 0.00559561 
v 7.46882e-18 0.0257555 0.00810271 
v 0.0015 0.0271864 0.00855286 
v 7.06607e-18 0.024741 0.0108113 
v 0.0015 0.0261155 0.011412 
v 6.68178e-18 0.0234425 0.0133959 
v 0.0015 0.0247449 0.0141401 
v 6.32034e-18 0.021875 0.0158267 
v 0.0015 0.0230903 0.016706 
v 5.9859e-18 0.0200565 0.0180759 
v 0.0015 0.0211707 0.0190801 
v -3.03577e-18 0.0180078 0.0201176 
v 0.0015 0.0190082 0.0212353 
vn -0.707107 -0.471608 0.526864 
vn -0.707107 -0.471608 0.526864 
vn -0.707107 -0.525262 0.473392 
vn -0.707107 -0.525262 0.473392 
vn -0.707107 -0.572887 0.414488 
vn -0.707107 -0.572887 0.414488 
vn -0.707107 -0.613939 0.350826 
vn -0.707107 -0.613939 0.350826 
vn -0.707107 -0.647945 0.283139 
vn -0.707107 -0.647945 0.283139 
vn -0.707107 -0.674515 0.212203 
vn -0.707107 -0.674515 0.212203 
vn -0.707107 -0.693344 0.138831 
vn -0.707107 -0.693344 0.138831 
vn -0.707107 -0.704217 0.0638665 
vn -0.707107 -0.704217 0.0638665 
vn -0.707107 -0.707008 -0.0118312 
vn -0.707107 -0.707008 -0.0118312 
vn -0.707107 -0.701685 -0.0873932 
vn -0.707107 -0.701685 -0.0873932 
vn -0.707107 -0.688311 -0.161952 
vn -0.707107 -0.688311 -0.161952 
vn -0.707107 -0.667037 -0.234653 
vn -0.707107 -0.667037 -0.234653 
vn -0.707107 -0.638108 -0.30466 
vn -0.707107 -0.638108 -0.30466 
vn -0.707107 -0.601857 -0.371172 
vn -0.707107 -0.601857 -0.371172 
vn -0.707107 -0.558698 -0.433424 
vn -0.707107 -0.558698 -0.433424 
vn -0.707107 -0.509129 -0.490702 
vn -0.707107 -0.509129 -0.490702 
vn -0.707107 -0.453716 -0.542348 
vn -0.707107 -0.453716 -0.542348 
vn -0.707107 -0.393097 -0.587771 
vn -0.707107 -0.393097 -0.587771 
vn -0.707107 -0.327966 -0.626449 
vn -0.707107 -0.327966 -0.626449 
vn -0.707107 -0.259072 -0.657937 
vn -0.707107 -0.259072 -0.657937 
vn -0.707107 -0.187205 -0.681876 
vn -0.707107 -0.187205 -0.681876 
vn -0.707107 -0.113189 -0.697989 
vn -0.707107 -0.113189 -0.697989 
vn -0.707107 -0.0378746 -0.706092 
vn -0.707107 -0.0378746 -0.706092 
vn -0.707107 0.0378746 -0.706092 
vn -0.707107 0.0378746 -0.706092 
vn -0.707107 0.113189 -0.697989 
vn -0.707107 0.113189 -0.697989 
vn -0.707107 0.187205 -0.681876 
vn -0.707107 0.187205 -0.681876 
vn -0.707107 0.259072 -0.657937 
vn -0.707107 0.259072 -0.657937 
vn -0.707107 0.327966 -0.626449 
vn -0.707107 0.327966 -0.626449 
vn -0.707107 0.393097 -0.587771 
vn -0.707107 0.393097 -0.587771 
vn -0.707107 0.453716 -0.542348 
vn -0.707107 0.453716 -0.542348 
vn -0.707107 0.509129 -0.490702 
vn -0.707107 0.509129 -0.490702 
vn -0.707107 0.558698 -0.433424 
vn -0.707107 0.558698 -0.433424 
vn -0.707107 0.601857 -0.371172 
vn -0.707107 0.601857 -0.371172 
vn -0.707107 0.638108 -0.30466 
vn -0.707107 0.638108 -0.30466 
vn -0.707107 0.667037 -0.234653 
vn -0.707107 0.667037 -0.234653 
vn -0.707107 0.688311 -0.161952 
vn -0.707107 0.688311 -0.161952 
vn -0.707107 0.701685 -0.0873932 
vn -0.707107 0.701685 -0.0873932 
vn -0.707107 0.707008 -0.0118312 
vn -0.707107 0.707008 -0.0118312 
vn -0.707107 0.704217 0.0638665 
vn -0.707107 0.704217 0.0638665 
vn -0.707107 0.693344 0.138831 
vn -0.707107 0.693344 0.138831 
vn -0.707107 0.674515 0.212203 
vn -0.707107 0.674515 0.212203 
vn -0.707107 0.647945 0.283139 
vn -0.707107 0.647945 0.283139 
vn -0.707107 0.613939 0.350826 
vn -0.707107 0.613939 0.350826 
vn -0.707107 0.572887 0.414488 
vn -0.707107 0.572887 0.414488 
vn -0.707107 0.525262 0.473392 
vn -0.707107 0.525262 0.473392 
vn -0.707107 0.471608 0.526864 
vn -0.707107 0.471608 0.526864 
f 298//298 299//299 300//300 
f 301//301 300//300 302//302 
f 303//303 302//302 304//304 
f 305//305 304//304 306//306 
f 307//307 306//306 308//308 
f 309//309 308//308 310//310 
f 311//311 310//310 312//312 
f 313//313 312//312 314//314 
f 315//315 314//314 316//316 
f 317//317 316//316 318//318 
f 319//319 318//318 320//320 
f 321//321 320//320 322//322 
f 323//323 322//322 324//324 
f 325//325 324//324 326//326 
f 327//327 326//326 328//328 
f 329//329 328//328 330//330 
f 331//331 330//330 332//332 
f 333//333 332//332 334//334 
f 335//335 334//334 336//336 
f 337//337 336//336 338//338 
f 339//339 338//338 340//340 
f 341//341 340//340 342//342 
f 343//343 342//342 344//344 
f 345//345 344//344 346//346 
f 347//347 346//346 348//348 
f 349//349 348//348 350//350 
f 351//351 350//350 352//352 
f 353//353 352//352 354//354 
f 355//355 354//354 356//356 
f 357//357 356//356 358//358 
f 359//359 358//358 360//360 
f 361//361 360//360 362//362 
f 363//363 362//362 364//364 
f 365//365 364//364 366//366 
f 367//367 366//366 368//368 
f 369//369 368//368 370//370 
f 371//371 370//370 372//372 
f 373//373 372//372 374//374 
f 375//375 374//374 376//376 
f 377//377 376//376 378//378 
f 379//379 378//378 380//380 
f 381//381 380//380 382//382 
f 383//383 382//382 384//384 
f 385//385 384//384 386//386 
f 387//387 386//386 388//388 
f 388//388 389//389 387//387 
f 386//386 387//387 385//385 
f 384//384 385//385 383//383 
f 382//382 383//383 381//381 
f 380//380 381//381 379//379 
f 378//378 379//379 377//377 
f 376//376 377//377 375//375 
f 374//374 375//375 373//373 
f 372//372 373//373 371//371 
f 370//370 371//371 369//369 
f 368//368 369//369 367//367 
f 366//366 367//367 365//365 
f 364//364 365//365 363//363 
f 362//362 363//363 361//361 
f 360//360 361//361 359//359 
f 358//358 359//359 357//357 
f 356//356 357//357 355//355 
f 354//354 355//355 353//353 
f 352//352 353//353 351//351 
f 350//350 351//351 349//349 
f 348//348 349//349 347//347 
f 346//346 347//347 345//345 
f 344//344 345//345 343//343 
f 342//342 343//343 341//341 
f 340//340 341//341 339//339 
f 338//338 339//339 337//337 
f 336//336 337//337 335//335 
f 334//334 335//335 333//333 
f 332//332 333//333 331//331 
f 330//330 331//331 329//329 
f 328//328 329//329 327//327 
f 326//326 327//327 325//325 
f 324//324 325//325 323//323 
f 322//322 323//323 321//321 
f 320//320 321//321 319//319 
f 318//318 319//319 317//317 
f 316//316 317//317 315//315 
f 314//314 315//315 313//313 
f 312//312 313//313 311//311 
f 310//310 311//311 309//309 
f 308//308 309//309 307//307 
f 306//306 307//307 305//305 
f 304//304 305//305 303//303 
f 302//302 303//303 301//301 
f 300//300 301//301 298//298 
v 0.0015 -0.0170074 0.022 
v -3.03577e-18 -0.0170074 0.0205 
v -4.46691e-17 -0.0171635 0.0204918 
v 0.0015 -0.0173197 0.0219837 
v -4.46691e-17 -0.017318 0.0204675 
v 0.0015 -0.0176286 0.021935 
v -4.46691e-17 -0.0174691 0.0204272 
v 0.0015 -0.0179308 0.0218543 
v -4.46691e-17 -0.0176152 0.0203713 
v 0.0015 -0.018223 0.0217427 
v -4.46691e-17 -0.0177546 0.0203006 
v 0.0015 -0.0185019 0.0216012 
v -4.46691e-17 -0.017886 0.0202157 
v 0.0015 -0.0187646 0.0214315 
v -3.03577e-18 -0.0180078 0.0201176 
v 0.0015 -0.0190082 0.0212353 
vn -0.707107 -8.5546e-16 0.707107 
vn -0.707107 -8.5546e-16 0.707107 
vn -0.707107 -0.073619 0.703264 
vn -0.707107 -0.073619 0.703264 
vn -0.707107 -0.146438 0.691777 
vn -0.707107 -0.146438 0.691777 
vn -0.707107 -0.217665 0.672772 
vn -0.707107 -0.217665 0.672772 
vn -0.707107 -0.286527 0.646454 
vn -0.707107 -0.286527 0.646454 
vn -0.707107 -0.352274 0.613109 
vn -0.707107 -0.352274 0.613109 
vn -0.707107 -0.414192 0.573101 
vn -0.707107 -0.414192 0.573101 
vn -0.707107 -0.471608 0.526864 
vn -0.707107 -0.471608 0.526864 
f 390//390 391//391 392//392 
f 393//393 392//392 394//394 
f 395//395 394//394 396//396 
f 397//397 396//396 398//398 
f 399//399 398//398 400//400 
f 401//401 400//400 402//402 
f 403//403 402//402 404//404 
f 404//404 405//405 403//403 
f 402//402 403//403 401//401 
f 400//400 401//401 399//399 
f 398//398 399//399 397//397 
f 396//396 397//397 395//395 
f 394//394 395//395 393//393 
f 392//392 393//393 390//390 
v 0.0015 0.0190082 0.0212353 
v -3.03577e-18 0.0180078 0.0201176 
v 4.79217e-17 0.017886 0.0202157 
v 0.0015 0.0187646 0.0214315 
v 4.79217e-17 0.0177546 0.0203006 
v 0.0015 0.0185019 0.0216012 
v 4.79217e-17 0.0176152 0.0203713 
v 0.0015 0.018223 0.0217427 
v 4.79217e-17 0.0174691 0.0204272 
v 0.0015 0.0179308 0.0218543 
v 4.79217e-17 0.017318 0.0204675 
v 0.0015 0.0176286 0.021935 
v 4.79217e-17 0.0171635 0.0204918 
v 0.0015 0.0173197 0.0219837 
v -3.03577e-18 0.0170074 0.0205 
v 0.0015 0.0170074 0.022 
vn -0.707107 0.471608 0.526864 
vn -0.707107 0.471608 0.526864 
vn -0.707107 0.414192 0.573101 
vn -0.707107 0.414192 0.573101 
vn -0.707107 0.352274 0.613109 
vn -0.707107 0.352274 0.613109 
vn -0.707107 0.286527 0.646454 
vn -0.707107 0.286527 0.646454 
vn -0.707107 0.217665 0.672772 
vn -0.707107 0.217665 0.672772 
vn -0.707107 0.146438 0.691777 
vn -0.707107 0.146438 0.691777 
vn -0.707107 0.073619 0.703264 
vn -0.707107 0.073619 0.703264 
vn -0.707107 1.66533e-15 0.707107 
vn -0.707107 1.66533e-15 0.707107 
f 406//406 407//407 408//408 
f 409//409 408//408 410//410 
f 411//411 410//410 412//412 
f 413//413 412//412 414//414 
f 415//415 414//414 416//416 
f 417//417 416//416 418//418 
f 419//419 418//418 420//420 
f 420//420 421//421 419//419 
f 418//418 419//419 417//417 
f 416//416 417//417 415//415 
f 414//414 415//415 413//413 
f 412//412 413//413 411//411 
f 410//410 411//411 409//409 
f 408//408 409//409 406//406 
v 0.006 -0.0170074 0.022 
v 0.006 0.0170074 0.022 
v 0.0015 0.0170074 0.022 
v 0.0015 -0.0170074 0.022 
vn -1.48691e-16 0 1 
vn -1.48691e-16 0 1 
vn -1.48691e-16 0 1 
vn -1.48691e-16 0 1 
f 422//422 423//423 424//424 
f 424//424 425//425 422//422 
v 0.0015 0.0170074 0.022 
v 0.006 0.0170074 0.022 
v 0.006 0.0173197 0.0219837 
v 0.0015 0.0176286 0.021935 
v 0.0015 0.0173197 0.0219837 
v 0.006 0.0173446 0.021981 
v 0.006 0.0176286 0.021935 
v 0.006 0.0179308 0.0218543 
v 0.0015 0.0179308 0.0218543 
v 0.006 0.018223 0.0217427 
v 0.0015 0.018223 0.0217427 
v 0.006 0.0185019 0.0216012 
v 0.0015 0.0185019 0.0216012 
v 0.006 0.0187646 0.0214315 
v 0.0015 0.0187646 0.0214315 
v 0.006 0.0190082 0.0212353 
v 0.0015 0.0190082 0.0212353 
vn -1.48691e-16 0 1 
vn -1.48691e-16 0 1 
vn -1.47883e-16 0.104113 0.994565 
vn -1.45467e-16 0.207095 0.978321 
vn -1.47883e-16 0.104113 0.994565 
vn -1.47748e-16 0.11243 0.99366 
vn -1.45467e-16 0.207095 0.978321 
vn -1.41471e-16 0.307825 0.951443 
vn -1.41471e-16 0.307825 0.951443 
vn -1.35936e-16 0.40521 0.914224 
vn -1.35936e-16 0.40521 0.914224 
vn -1.28925e-16 0.49819 0.867068 
vn -1.28925e-16 0.49819 0.867068 
vn -1.20512e-16 0.585756 0.810488 
vn -1.20512e-16 0.585756 0.810488 
vn -1.10789e-16 0.666955 0.745098 
vn -1.10789e-16 0.666955 0.745098 
f 426//426 427//427 428//428 
f 429//429 430//430 431//431 
f 430//430 428//428 431//431 
f 429//429 432//432 433//433 
f 434//434 433//433 435//435 
f 436//436 435//435 437//437 
f 438//438 437//437 439//439 
f 440//440 439//439 441//441 
f 441//441 442//442 440//440 
f 439//439 440//440 438//438 
f 437//437 438//438 436//436 
f 435//435 436//436 434//434 
f 433//433 434//434 429//429 
f 431//431 432//432 429//429 
f 428//428 430//430 426//426 
v 0.0015 -0.0190082 0.0212353 
v 0.006 -0.0190082 0.0212353 
v 0.006 -0.0187646 0.0214315 
v 0.0015 -0.0187646 0.0214315 
v 0.006 -0.0185019 0.0216012 
v 0.0015 -0.0185019 0.0216012 
v 0.006 -0.018223 0.0217427 
v 0.0015 -0.018223 0.0217427 
v 0.006 -0.0179308 0.0218543 
v 0.0015 -0.0179308 0.0218543 
v 0.006 -0.0176286 0.021935 
v 0.0015 -0.0176286 0.021935 
v 0.006 -0.0173446 0.021981 
v 0.0015 -0.0173197 0.0219837 
v 0.006 -0.0173197 0.0219837 
v 0.006 -0.0170074 0.022 
v 0.0015 -0.0170074 0.022 
vn -1.10789e-16 -0.666955 0.745098 
vn -1.10789e-16 -0.666955 0.745098 
vn -1.20512e-16 -0.585756 0.810488 
vn -1.20512e-16 -0.585756 0.810488 
vn -1.28925e-16 -0.49819 0.867068 
vn -1.28925e-16 -0.49819 0.867068 
vn -1.35936e-16 -0.40521 0.914224 
vn -1.35936e-16 -0.40521 0.914224 
vn -1.41471e-16 -0.307825 0.951443 
vn -1.41471e-16 -0.307825 0.951443 
vn -1.45467e-16 -0.207095 0.978321 
vn -1.45467e-16 -0.207095 0.978321 
vn -1.47748e-16 -0.11243 0.99366 
vn -1.47883e-16 -0.104113 0.994565 
vn -1.47883e-16 -0.104113 0.994565 
vn -1.48691e-16 -2.44929e-16 1 
vn -1.48691e-16 -2.44929e-16 1 
f 443//443 444//444 445//445 
f 446//446 445//445 447//447 
f 448//448 447//447 449//449 
f 450//450 449//449 451//451 
f 452//452 451//451 453//453 
f 454//454 453//453 455//455 
f 455//455 456//456 454//454 
f 456//456 457//457 458//458 
f 458//458 459//459 456//456 
f 455//455 457//457 456//456 
f 453//453 454//454 452//452 
f 451//451 452//452 450//450 
f 449//449 450//450 448//448 
f 447//447 448//448 446//446 
f 445//445 446//446 443//443 
v 0.0015 0.0190082 0.0212353 
v 0.006 0.0190082 0.0212353 
v 0.006 0.0211707 0.0190801 
v 0.0015 0.0211707 0.0190801 
v 0.006 0.0230903 0.016706 
v 0.0015 0.0230903 0.016706 
v 0.006 0.0247449 0.0141401 
v 0.0015 0.0247449 0.0141401 
v 0.006 0.0261155 0.011412 
v 0.0015 0.0261155 0.011412 
v 0.006 0.0271864 0.00855286 
v 0.0015 0.0271864 0.00855286 
v 0.006 0.0279453 0.00559561 
v 0.0015 0.0279453 0.00559561 
v 0.006 0.0283835 0.00257415 
v 0.0015 0.0283835 0.00257415 
v 0.006 0.028496 -0.000476858 
v 0.0015 0.028496 -0.000476858 
v 0.006 0.0282815 -0.00352239 
v 0.0015 0.0282815 -0.00352239 
v 0.006 0.0277424 -0.0065275 
v 0.0015 0.0277424 -0.0065275 
v 0.006 0.026885 -0.0094577 
v 0.0015 0.026885 -0.0094577 
v 0.006 0.025719 -0.0122794 
v 0.0015 0.025719 -0.0122794 
v 0.006 0.0242579 -0.0149601 
v 0.0015 0.0242579 -0.0149601 
v 0.006 0.0225184 -0.0174692 
v 0.0015 0.0225184 -0.0174692 
v 0.006 0.0205205 -0.0197778 
v 0.0015 0.0205205 -0.0197778 
v 0.006 0.0182871 -0.0218594 
v 0.0015 0.0182871 -0.0218594 
v 0.006 0.0158438 -0.0236902 
v 0.0015 0.0158438 -0.0236902 
v 0.006 0.0132187 -0.0252491 
v 0.0015 0.0132187 -0.0252491 
v 0.006 0.0104419 -0.0265182 
v 0.0015 0.0104419 -0.0265182 
v 0.006 0.0075453 -0.0274831 
v 0.0015 0.0075453 -0.0274831 
v 0.006 0.0045621 -0.0281325 
v 0.0015 0.0045621 -0.0281325 
v 0.006 0.00152654 -0.0284591 
v 0.0015 0.00152654 -0.0284591 
v 0.006 -0.00152654 -0.0284591 
v 0.0015 -0.00152654 -0.0284591 
v 0.006 -0.0045621 -0.0281325 
v 0.0015 -0.0045621 -0.0281325 
v 0.006 -0.0075453 -0.0274831 
v 0.0015 -0.0075453 -0.0274831 
v 0.006 -0.0104419 -0.0265182 
v 0.0015 -0.0104419 -0.0265182 
v 0.006 -0.0132187 -0.0252491 
v 0.0015 -0.0132187 -0.0252491 
v 0.006 -0.0158438 -0.0236902 
v 0.0015 -0.0158438 -0.0236902 
v 0.006 -0.0182871 -0.0218594 
v 0.0015 -0.0182871 -0.0218594 
v 0.006 -0.0205205 -0.0197778 
v 0.0015 -0.0205205 -0.0197778 
v 0.006 -0.0225184 -0.0174692 
v 0.0015 -0.0225184 -0.0174692 
v 0.006 -0.0242579 -0.0149601 
v 0.0015 -0.0242579 -0.0149601 
v 0.006 -0.025719 -0.0122794 
v 0.0015 -0.025719 -0.0122794 
v 0.006 -0.026885 -0.0094577 
v 0.0015 -0.026885 -0.0094577 
v 0.006 -0.0277424 -0.0065275 
v 0.0015 -0.0277424 -0.0065275 
v 0.006 -0.0282815 -0.00352239 
v 0.0015 -0.0282815 -0.00352239 
v 0.006 -0.028496 -0.000476858 
v 0.0015 -0.028496 -0.000476858 
v 0.006 -0.0283835 0.00257415 
v 0.0015 -0.0283835 0.00257415 
v 0.006 -0.0279453 0.00559561 
v 0.0015 -0.0279453 0.00559561 
v 0.006 -0.0271864 0.00855286 
v 0.0015 -0.0271864 0.00855286 
v 0.006 -0.0261155 0.011412 
v 0.0015 -0.0261155 0.011412 
v 0.006 -0.0247449 0.0141401 
v 0.0015 -0.0247449 0.0141401 
v 0.006 -0.0230903 0.016706 
v 0.0015 -0.0230903 0.016706 
v 0.006 -0.0211707 0.0190801 
v 0.0015 -0.0211707 0.0190801 
v 0.006 -0.0190082 0.0212353 
v 0.0015 -0.0190082 0.0212353 
vn -1.10789e-16 0.666955 0.745098 
vn -1.10789e-16 0.666955 0.745098 
vn -9.9545e-17 0.742832 0.669477 
vn -9.9545e-17 0.742832 0.669477 
vn -8.71585e-17 0.810185 0.586174 
vn -8.71585e-17 0.810185 0.586174 
vn -7.37719e-17 0.868241 0.496144 
vn -7.37719e-17 0.868241 0.496144 
vn -5.95386e-17 0.916332 0.400419 
vn -5.95386e-17 0.916332 0.400419 
vn -4.46221e-17 0.953908 0.3001 
vn -4.46221e-17 0.953908 0.3001 
vn -2.91935e-17 0.980536 0.196337 
vn -2.91935e-17 0.980536 0.196337 
vn -1.34299e-17 0.995913 0.0903209 
vn -1.34299e-17 0.995913 0.0903209 
vn 2.48787e-18 0.99986 -0.0167318 
vn 2.48787e-18 0.99986 -0.0167318 
vn 1.83771e-17 0.992333 -0.123593 
vn 1.83771e-17 0.992333 -0.123593 
vn 3.40554e-17 0.973418 -0.229035 
vn 3.40554e-17 0.973418 -0.229035 
vn 4.93428e-17 0.943332 -0.331849 
vn 4.93428e-17 0.943332 -0.331849 
vn 6.40641e-17 0.902421 -0.430855 
vn 6.40641e-17 0.902421 -0.430855 
vn 7.80501e-17 0.851154 -0.524916 
vn 7.80501e-17 0.851154 -0.524916 
vn 9.11404e-17 0.790119 -0.612954 
vn 9.11404e-17 0.790119 -0.612954 
vn 1.03185e-16 0.720016 -0.693957 
vn 1.03185e-16 0.720016 -0.693957 
vn 1.14045e-16 0.641651 -0.766997 
vn 1.14045e-16 0.641651 -0.766997 
vn 1.23597e-16 0.555923 -0.831234 
vn 1.23597e-16 0.555923 -0.831234 
vn 1.3173e-16 0.463814 -0.885933 
vn 1.3173e-16 0.463814 -0.885933 
vn 1.38351e-16 0.366383 -0.930464 
vn 1.38351e-16 0.366383 -0.930464 
vn 1.43385e-16 0.264747 -0.964318 
vn 1.43385e-16 0.264747 -0.964318 
vn 1.46773e-16 0.160074 -0.987105 
vn 1.46773e-16 0.160074 -0.987105 
vn 1.48477e-16 0.0535628 -0.998564 
vn 1.48477e-16 0.0535628 -0.998564 
vn 1.48477e-16 -0.0535628 -0.998564 
vn 1.48477e-16 -0.0535628 -0.998564 
vn 1.46773e-16 -0.160074 -0.987105 
vn 1.46773e-16 -0.160074 -0.987105 
vn 1.43385e-16 -0.264747 -0.964318 
vn 1.43385e-16 -0.264747 -0.964318 
vn 1.38351e-16 -0.366383 -0.930464 
vn 1.38351e-16 -0.366383 -0.930464 
vn 1.3173e-16 -0.463814 -0.885933 
vn 1.3173e-16 -0.463814 -0.885933 
vn 1.23597e-16 -0.555923 -0.831234 
vn 1.23597e-16 -0.555923 -0.831234 
vn 1.14045e-16 -0.641651 -0.766997 
vn 1.14045e-16 -0.641651 -0.766997 
vn 1.03185e-16 -0.720016 -0.693957 
vn 1.03185e-16 -0.720016 -0.693957 
vn 9.11404e-17 -0.790119 -0.612954 
vn 9.11404e-17 -0.790119 -0.612954 
vn 7.80501e-17 -0.851154 -0.524916 
vn 7.80501e-17 -0.851154 -0.524916 
vn 6.40641e-17 -0.902421 -0.430855 
vn 6.40641e-17 -0.902421 -0.430855 
vn 4.93428e-17 -0.943332 -0.331849 
vn 4.93428e-17 -0.943332 -0.331849 
vn 3.40554e-17 -0.973418 -0.229035 
vn 3.40554e-17 -0.973418 -0.229035 
vn 1.83771e-17 -0.992333 -0.123593 
vn 1.83771e-17 -0.992333 -0.123593 
vn 2.48787e-18 -0.99986 -0.0167318 
vn 2.48787e-18 -0.99986 -0.0167318 
vn -1.34299e-17 -0.995913 0.0903209 
vn -1.34299e-17 -0.995913 0.0903209 
vn -2.91935e-17 -0.980536 0.196337 
vn -2.91935e-17 -0.980536 0.196337 
vn -4.46221e-17 -0.953908 0.3001 
vn -4.46221e-17 -0.953908 0.3001 
vn -5.95386e-17 -0.916332 0.400419 
vn -5.95386e-17 -0.916332 0.400419 
vn -7.37719e-17 -0.868241 0.496144 
vn -7.37719e-17 -0.868241 0.496144 
vn -8.71585e-17 -0.810185 0.586174 
vn -8.71585e-17 -0.810185 0.586174 
vn -9.9545e-17 -0.742832 0.669477 
vn -9.9545e-17 -0.742832 0.669477 
vn -1.10789e-16 -0.666955 0.745098 
vn -1.10789e-16 -0.666955 0.745098 
f 460//460 461//461 462//462 
f 463//463 462//462 464//464 
f 465//465 464//464 466//466 
f 467//467 466//466 468//468 
f 469//469 468//468 470//470 
f 471//471 470//470 472//472 
f 473//473 472//472 474//474 
f 475//475 474//474 476//476 
f 477//477 476//476 478//478 
f 479//479 478//478 480//480 
f 481//481 480//480 482//482 
f 483//483 482//482 484//484 
f 485//485 484//484 486//486 
f 487//487 486//486 488//488 
f 489//489 488//488 490//490 
f 491//491 490//490 492//492 
f 493//493 492//492 494//494 
f 495//495 494//494 496//496 
f 497//497 496//496 498//498 
f 499//499 498//498 500//500 
f 501//501 500//500 502//502 
f 503//503 502//502 504//504 
f 505//505 504//504 506//506 
f 507//507 506//506 508//508 
f 509//509 508//508 510//510 
f 511//511 510//510 512//512 
f 513//513 512//512 514//514 
f 515//515 514//514 516//516 
f 517//517 516//516 518//518 
f 519//519 518//518 520//520 
f 521//521 520//520 522//522 
f 523//523 522//522 524//524 
f 525//525 524//524 526//526 
f 527//527 526//526 528//528 
f 529//529 528//528 530//530 
f 531//531 530//530 532//532 
f 533//533 532//532 534//534 
f 535//535 534//534 536//536 
f 537//537 536//536 538//538 
f 539//539 538//538 540//540 
f 541//541 540//540 542//542 
f 543//543 542//542 544//544 
f 545//545 544//544 546//546 
f 547//547 546//546 548//548 
f 549//549 548//548 550//550 
f 550//550 551//551 549//549 
f 548//548 549//549 547//547 
f 546//546 547//547 545//545 
f 544//544 545//545 543//543 
f 542//542 543//543 541//541 
f 540//540 541//541 539//539 
f 538//538 539//539 537//537 
f 536//536 537//537 535//535 
f 534//534 535//535 533//533 
f 532//532 533//533 531//531 
f 530//530 531//531 529//529 
f 528//528 529//529 527//527 
f 526//526 527//527 525//525 
f 524//524 525//525 523//523 
f 522//522 523//523 521//521 
f 520//520 521//521 519//519 
f 518//518 519//519 517//517 
f 516//516 517//517 515//515 
f 514//514 515//515 513//513 
f 512//512 513//513 511//511 
f 510//510 511//511 509//509 
f 508//508 509//509 507//507 
f 506//506 507//507 505//505 
f 504//504 505//505 503//503 
f 502//502 503//503 501//501 
f 500//500 501//501 499//499 
f 498//498 499//499 497//497 
f 496//496 497//497 495//495 
f 494//494 495//495 493//493 
f 492//492 493//493 491//491 
f 490//490 491//491 489//489 
f 488//488 489//489 487//487 
f 486//486 487//487 485//485 
f 484//484 485//485 483//483 
f 482//482 483//483 481//481 
f 480//480 481//481 479//479 
f 478//478 479//479 477//477 
f 476//476 477//477 475//475 
f 474//474 475//475 473//473 
f 472//472 473//473 471//471 
f 470//470 471//471 469//469 
f 468//468 469//469 467//467 
f 466//466 467//467 465//465 
f 464//464 465//465 463//463 
f 462//462 463//463 460//460 
v 0.006 -0.026885 -0.0094577 
v 0.006 -0.0260113 -0.0103639 
v 0.006 -0.0269794 -0.00749079 
v 0.006 -0.025719 -0.0122794 
v 0.006 -0.0247383 -0.0131154 
v 0.006 -0.0192556 0.0203279 
v 0.006 -0.0179308 0.0218543 
v 0.006 -0.018223 0.0217427 
v 0.006 -0.0242579 -0.0149601 
v 0.006 -0.0231753 -0.0157132 
v 0.006 -0.0182871 -0.0218594 
v 0.006 -0.0169449 -0.0222906 
v 0.006 -0.0192556 -0.0203279 
v 0.006 -0.0158438 -0.0236902 
v 0.006 -0.0144355 -0.023992 
v 0.006 0.00152654 -0.0284591 
v 0.006 0.0045621 -0.0281325 
v 0.006 0.00302733 -0.0278359 
v 0.006 -0.0185019 0.0216012 
v 0.006 -0.0187646 0.0214315 
v 0.006 -0.0176286 0.021935 
v 0.006 -0.0282815 -0.00352239 
v 0.006 -0.0276311 -0.0045299 
v 0.006 -0.0279589 -0.00151589 
v 0.006 -0.0277424 -0.0065275 
v 0.006 -0.0225184 -0.0174692 
v 0.006 -0.0213405 -0.0181268 
v 0.006 -0.0205205 -0.0197778 
v 0.006 -0.0104419 -0.0265182 
v 0.006 -0.00894044 -0.0265343 
v 0.006 -0.0117569 -0.0254121 
v 0.006 -0.0075453 -0.0274831 
v 0.006 -0.00601917 -0.0273454 
v 0.006 -0.0045621 -0.0281325 
v 0.006 -0.00302733 -0.0278359 
v 0.006 -0.00152654 -0.0284591 
v 0.006 7.19229e-18 -0.028 
v 0.006 0.0075453 -0.0274831 
v 0.006 0.00601917 -0.0273454 
v 0.006 -0.0132187 -0.0252491 
v 0.006 0.0104419 -0.0265182 
v 0.006 0.00894044 -0.0265343 
v 0.006 -0.0173446 0.021981 
v 0.006 -0.0211707 0.0190801 
v 0.006 -0.0213405 0.0181268 
v 0.006 -0.0230903 0.016706 
v 0.006 -0.0231753 0.0157132 
v 0.006 -0.0247449 0.0141401 
v 0.006 -0.0247383 0.0131154 
v 0.006 0.0192556 0.0203279 
v 0.006 0.0185019 0.0216012 
v 0.006 0.018223 0.0217427 
v 0.006 -0.0190082 0.0212353 
v 0.006 -0.0283835 0.00257415 
v 0.006 -0.0279589 0.00151589 
v 0.006 -0.0276311 0.0045299 
v 0.006 -0.028496 -0.000476858 
v 0.006 0.0132187 -0.0252491 
v 0.006 0.0117569 -0.0254121 
v 0.006 0.0158438 -0.0236902 
v 0.006 0.0144355 -0.023992 
v 0.006 0.0182871 -0.0218594 
v 0.006 0.0169449 -0.0222906 
v 0.006 0.0205205 -0.0197778 
v 0.006 0.0192556 -0.0203279 
v 0.006 0.0179308 0.0218543 
v 0.006 0.0190082 0.0212353 
v 0.006 0.0187646 0.0214315 
v 0.006 -0.0261155 0.011412 
v 0.006 -0.0260113 0.0103639 
v 0.006 -0.0271864 0.00855286 
v 0.006 -0.0269794 0.00749079 
v 0.006 -0.0279453 0.00559561 
v 0.006 0.0242579 -0.0149601 
v 0.006 0.025719 -0.0122794 
v 0.006 0.0247383 -0.0131154 
v 0.006 0.026885 -0.0094577 
v 0.006 0.0260113 -0.0103639 
v 0.006 0.028496 -0.000476858 
v 0.006 0.0283835 0.00257415 
v 0.006 0.0279589 0.00151589 
v 0.006 0.0277424 -0.0065275 
v 0.006 0.0269794 -0.00749079 
v 0.006 0.028 -5.85058e-18 
v 0.006 0.0279453 0.00559561 
v 0.006 0.0276311 0.0045299 
v 0.006 0.0211707 0.0190801 
v 0.006 0.0176286 0.021935 
v 0.006 0.0225184 -0.0174692 
v 0.006 0.0213405 -0.0181268 
v 0.006 0.0231753 -0.0157132 
v 0.006 0.0282815 -0.00352239 
v 0.006 0.0276311 -0.0045299 
v 0.006 0.0279589 -0.00151589 
v 0.006 0.0271864 0.00855286 
v 0.006 0.0261155 0.011412 
v 0.006 0.0260113 0.0103639 
v 0.006 0.0247449 0.0141401 
v 0.006 0.0247383 0.0131154 
v 0.006 0.0230903 0.016706 
v 0.006 0.0213405 0.0181268 
v 0.006 0.0173446 0.021981 
v 0.006 0.0269794 0.00749079 
v 0.006 0.0231753 0.0157132 
vn 1 -2.56791e-31 0 
vn 1 -2.56791e-31 0 
vn 1 -2.56791e-31 0 
vn 1 -2.56791e-31 0 
vn 1 -2.56791e-31 0 
vn 1 -2.56791e-31 0 
vn 1 -2.56791e-31 0 
vn 1 -2.56791e-31 0 
vn 1 -2.56791e-31 0 
vn 1 -2.56791e-31 0 
vn 1 -2.56791e-31 0 
vn 1 -2.56791e-31 0 
vn 1 -2.56791e-31 0 
vn 1 -2.56791e-31 0 
vn 1 -2.56791e-31 0 
vn 1 -2.56791e-31 0 
vn 1 -2.56791e-31 0 
vn 1 -2.56791e-31 0 
vn 1 -2.56791e-31 0 
vn 1 -2.56791e-31 0 
vn 1 -2.56791e-31 0 
vn 1 -2.56791e-31 0 
vn 1 -2.56791e-31 0 
vn 1 -2.56791e-31 0 
vn 1 -2.56791e-31 0 
vn 1 -2.56791e-31 0 
vn 1 -2.56791e-31 0 
vn 1 -2.56791e-31 0 
vn 1 -2.56791e-31 0 
vn 1 -2.56791e-31 0 
vn 1 -2.56791e-31 0 
vn 1 -2.56791e-31 0 
vn 1 -2.56791e-31 0 
vn 1 -2.56791e-31 0 
vn 1 -2.56791e-31 0 
vn 1 -2.56791e-31 0 
vn 1 -2.56791e-31 0 
vn 1 -2.56791e-31 0 
vn 1 -2.56791e-31 0 
vn 1 -2.56791e-31 0 
vn 1 -2.56791e-31 0 
vn 1 -2.56791e-31 0 
vn 1 -2.56791e-31 0 
vn 1 -2.56791e-31 0 
vn 1 -2.56791e-31 0 
vn 1 -2.56791e-31 0 
vn 1 -2.56791e-31 0 
vn 1 -2.56791e-31 0 
vn 1 -2.56791e-31 0 
vn 1 -2.56791e-31 0 
vn 1 -2.56791e-31 0 
vn 1 -2.56791e-31 0 
vn 1 -2.56791e-31 0 
vn 1 -2.56791e-31 0 
vn 1 -2.56791e-31 0 
vn 1 -2.56791e-31 0 
vn 1 -2.56791e-31 0 
vn 1 -2.56791e-31 0 
vn 1 -2.56791e-31 0 
vn 1 -2.56791e-31 0 
vn 1 -2.56791e-31 0 
vn 1 -2.56791e-31 0 
vn 1 -2.56791e-31 0 
vn 1 -2.56791e-31 0 
vn 1 -2.56791e-31 0 
vn 1 -2.56791e-31 0 
vn 1 -2.56791e-31 0 
vn 1 -2.56791e-31 0 
vn 1 -2.56791e-31 0 
vn 1 -2.56791e-31 0 
vn 1 -2.56791e-31 0 
vn 1 -2.56791e-31 0 
vn 1 -2.56791e-31 0 
vn 1 -2.56791e-31 0 
vn 1 -2.56791e-31 0 
vn 1 -2.56791e-31 0 
vn 1 -2.56791e-31 0 
vn 1 -2.56791e-31 0 
vn 1 -2.56791e-31 0 
vn 1 -2.56791e-31 0 
vn 1 -2.56791e-31 0 
vn 1 -2.56791e-31 0 
vn 1 -2.56791e-31 0 
vn 1 -2.56791e-31 0 
vn 1 -2.56791e-31 0 
vn 1 -2.56791e-31 0 
vn 1 -2.56791e-31 0 
vn 1 -2.56791e-31 0 
vn 1 -2.56791e-31 0 
vn 1 -2.56791e-31 0 
vn 1 -2.56791e-31 0 
vn 1 -2.56791e-31 0 
vn 1 -2.56791e-31 0 
vn 1 -2.56791e-31 0 
vn 1 -2.56791e-31 0 
vn 1 -2.56791e-31 0 
vn 1 -2.56791e-31 0 
vn 1 -2.56791e-31 0 
vn 1 -2.56791e-31 0 
vn 1 -2.56791e-31 0 
vn 1 -2.56791e-31 0 
vn 1 -2.56791e-31 0 
vn 1 -2.56791e-31 0 
vn 1 -2.56791e-31 0 
f 552//552 553//553 554//554 
f 555//555 556//556 553//553 
f 557//557 558//558 559//559 
f 553//553 552//552 555//555 
f 560//560 561//561 556//556 
f 562//562 563//563 564//564 
f 565//565 566//566 563//563 
f 567//567 568//568 569//569 
f 557//557 570//570 571//571 
f 557//557 572//572 558//558 
f 573//573 574//574 575//575 
f 576//576 554//554 574//574 
f 556//556 555//555 560//560 
f 577//577 578//578 561//561 
f 579//579 564//564 578//578 
f 563//563 562//562 565//565 
f 580//580 581//581 582//582 
f 583//583 584//584 581//581 
f 585//585 586//586 584//584 
f 587//587 588//588 586//586 
f 588//588 587//587 567//567 
f 568//568 589//589 590//590 
f 559//559 570//570 557//557 
f 574//574 573//573 576//576 
f 561//561 560//560 577//577 
f 564//564 579//579 562//562 
f 591//591 582//582 566//566 
f 581//581 580//580 583//583 
f 586//586 585//585 587//587 
f 590//590 569//569 568//568 
f 589//589 592//592 593//593 
f 557//557 594//594 572//572 
f 595//595 596//596 557//557 
f 597//597 598//598 596//596 
f 599//599 600//600 598//598 
f 554//554 576//576 552//552 
f 566//566 565//565 591//591 
f 584//584 583//583 585//585 
f 593//593 590//590 589//589 
f 601//601 602//602 603//603 
f 557//557 604//604 595//595 
f 598//598 597//597 599//599 
f 605//605 606//606 607//607 
f 608//608 575//575 606//606 
f 578//578 577//577 579//579 
f 569//569 588//588 567//567 
f 592//592 609//609 610//610 
f 609//609 611//611 612//612 
f 611//611 613//613 614//614 
f 613//613 615//615 616//616 
f 603//603 617//617 601//601 
f 601//601 618//618 619//619 
f 596//596 595//595 597//597 
f 620//620 621//621 600//600 
f 622//622 623//623 621//621 
f 624//624 607//607 623//623 
f 606//606 605//605 608//608 
f 582//582 591//591 580//580 
f 612//612 610//610 609//609 
f 616//616 614//614 613//613 
f 625//625 626//626 627//627 
f 626//626 628//628 629//629 
f 630//630 631//631 632//632 
f 619//619 602//602 601//601 
f 600//600 599//599 620//620 
f 623//623 622//622 624//624 
f 575//575 608//608 573//573 
f 614//614 612//612 611//611 
f 629//629 627//627 626//626 
f 628//628 633//633 634//634 
f 632//632 635//635 630//630 
f 631//631 636//636 637//637 
f 638//638 618//618 601//601 
f 617//617 639//639 601//601 
f 621//621 620//620 622//622 
f 610//610 593//593 592//592 
f 615//615 640//640 641//641 
f 640//640 625//625 642//642 
f 634//634 629//629 628//628 
f 633//633 643//643 644//644 
f 643//643 630//630 645//645 
f 637//637 632//632 631//631 
f 646//646 647//647 648//648 
f 647//647 649//649 650//650 
f 651//651 638//638 652//652 
f 639//639 653//653 601//601 
f 607//607 624//624 605//605 
f 642//642 641//641 640//640 
f 644//644 634//634 633//633 
f 635//635 645//645 630//630 
f 636//636 646//646 654//654 
f 650//650 648//648 647//647 
f 649//649 651//651 655//655 
f 601//601 652//652 638//638 
f 641//641 616//616 615//615 
f 645//645 644//644 643//643 
f 648//648 654//654 646//646 
f 652//652 655//655 651//651 
f 627//627 642//642 625//625 
f 655//655 650//650 649//649 
f 654//654 637//637 636//636 
f 571//571 604//604 557//557 
v 0.006 -0.0170074 0.022 
v 0.006 -0.00302733 0.0278359 
v 0.006 1.40503e-17 0.028 
v 0.006 -0.0144355 0.023992 
v 0.006 -0.0117569 0.0254121 
v 0.006 0.00601917 0.0273454 
v 0.006 0.00894044 0.0265343 
v 0.006 0.00302733 0.0278359 
v 0.006 -0.00894044 0.0265343 
v 0.006 -0.0169449 0.0222906 
v 0.006 0.0170074 0.022 
v 0.006 0.0144355 0.023992 
v 0.006 0.0117569 0.0254121 
v 0.006 -0.00601917 0.0273454 
v 0.006 0.0169449 0.0222906 
v 0.006 0.0173197 0.0219837 
v 0.006 0.0173446 0.021981 
v 0.006 -0.0173197 0.0219837 
v 0.006 -0.0173446 0.021981 
vn -1 2.67651e-31 -1.48691e-16 
vn -1 2.67651e-31 -1.48691e-16 
vn -1 2.67651e-31 -1.48691e-16 
vn -1 2.67651e-31 -1.48691e-16 
vn -1 2.67651e-31 -1.48691e-16 
vn -1 2.67651e-31 -1.48691e-16 
vn -1 2.67651e-31 -1.48691e-16 
vn -1 2.67651e-31 -1.48691e-16 
vn -1 2.67651e-31 -1.48691e-16 
vn -1 2.67651e-31 -1.48691e-16 
vn -1 2.67651e-31 -1.48691e-16 
vn -1 2.67651e-31 -1.48691e-16 
vn -1 2.67651e-31 -1.48691e-16 
vn -1 2.67651e-31 -1.48691e-16 
vn -1 2.67651e-31 -1.48691e-16 
vn -1 2.67651e-31 -1.48691e-16 
vn -1 2.67651e-31 -1.48691e-16 
vn -1 2.67651e-31 -1.48691e-16 
vn -1 2.67651e-31 -1.48691e-16 
f 656//656 657//657 658//658 
f 657//657 659//659 660//660 
f 656//656 661//661 662//662 
f 658//658 663//663 656//656 
f 660//660 664//664 657//657 
f 656//656 665//665 659//659 
f 666//666 656//656 667//667 
f 663//663 661//661 656//656 
f 659//659 657//657 656//656 
f 656//656 668//668 667//667 
f 664//664 669//669 657//657 
f 662//662 668//668 656//656 
f 670//670 671//671 666//666 
f 667//667 670//670 666//666 
f 670//670 672//672 671//671 
f 656//656 673//673 665//665 
f 673//673 674//674 665//665 
v 0.0065 0.0285 -5.85058e-18 
v 0.006 0.028 -5.85058e-18 
v 0.006 0.0279589 0.00151589 
v 0.0065 0.0284582 0.00154296 
v 0.006 0.0276311 0.0045299 
v 0.0065 0.0281246 0.00461079 
v 0.006 0.0269794 0.00749079 
v 0.0065 0.0274612 0.00762456 
v 0.006 0.0260113 0.0103639 
v 0.0065 0.0264758 0.0105489 
v 0.006 0.0247383 0.0131154 
v 0.0065 0.0251801 0.0133496 
v 0.006 0.0231753 0.0157132 
v 0.0065 0.0235891 0.0159938 
v 0.006 0.0213405 0.0181268 
v 0.0065 0.0217216 0.0184505 
v 0.006 0.0192556 0.0203279 
v 0.0065 0.0195994 0.0206909 
v 0.006 0.0173446 0.021981 
v 0.0065 0.0172475 0.0226887 
v 0.006 0.0169449 0.0222906 
v 0.006 0.0144355 0.023992 
v 0.0065 0.0146933 0.0244204 
v 0.006 0.0117569 0.0254121 
v 0.0065 0.0119668 0.0258659 
v 0.006 0.00894044 0.0265343 
v 0.0065 0.00910009 0.0270081 
v 0.006 0.00601917 0.0273454 
v 0.0065 0.00612666 0.0278337 
v 0.006 0.00302733 0.0278359 
v 0.0065 0.00308139 0.0283329 
v 0.006 1.40503e-17 0.028 
v 0.0065 1.40809e-17 0.0285 
v 0.006 -0.00302733 0.0278359 
v 0.0065 -0.00308139 0.0283329 
v 0.006 -0.00601917 0.0273454 
v 0.0065 -0.00612666 0.0278337 
v 0.006 -0.00894044 0.0265343 
v 0.0065 -0.00910009 0.0270081 
v 0.006 -0.0117569 0.0254121 
v 0.0065 -0.0119668 0.0258659 
v 0.006 -0.0144355 0.023992 
v 0.0065 -0.0146933 0.0244204 
v 0.006 -0.0169449 0.0222906 
v 0.0065 -0.0195994 0.0206909 
v 0.0065 -0.0172475 0.0226887 
v 0.006 -0.0173446 0.021981 
v 0.006 -0.0192556 0.0203279 
v 0.006 -0.0213405 0.0181268 
v 0.0065 -0.0217216 0.0184505 
v 0.006 -0.0231753 0.0157132 
v 0.0065 -0.0235891 0.0159938 
v 0.006 -0.0247383 0.0131154 
v 0.0065 -0.0251801 0.0133496 
v 0.006 -0.0260113 0.0103639 
v 0.0065 -0.0264758 0.0105489 
v 0.006 -0.0269794 0.00749079 
v 0.0065 -0.0274612 0.00762456 
v 0.006 -0.0276311 0.0045299 
v 0.0065 -0.0281246 0.00461079 
v 0.006 -0.0279589 0.00151589 
v 0.006 -0.0279589 -0.00151589 
v 0.0065 -0.0285 -2.36033e-18 
v 0.0065 -0.0284582 -0.00154296 
v 0.006 -0.0276311 -0.0045299 
v 0.0065 -0.0281246 -0.00461079 
v 0.006 -0.0269794 -0.00749079 
v 0.0065 -0.0274612 -0.00762456 
v 0.006 -0.0260113 -0.0103639 
v 0.0065 -0.0264758 -0.0105489 
v 0.006 -0.0247383 -0.0131154 
v 0.0065 -0.0251801 -0.0133496 
v 0.006 -0.0231753 -0.0157132 
v 0.0065 -0.0235891 -0.0159938 
v 0.006 -0.0213405 -0.0181268 
v 0.0065 -0.0217216 -0.0184505 
v 0.006 -0.0192556 -0.0203279 
v 0.0065 -0.0195994 -0.0206909 
v 0.006 -0.0169449 -0.0222906 
v 0.0065 -0.0172475 -0.0226887 
v 0.006 -0.0144355 -0.023992 
v 0.0065 -0.0146933 -0.0244204 
v 0.006 -0.0117569 -0.0254121 
v 0.0065 -0.0119668 -0.0258659 
v 0.006 -0.00894044 -0.0265343 
v 0.0065 -0.00910009 -0.0270081 
v 0.006 -0.00601917 -0.0273454 
v 0.0065 -0.00612666 -0.0278337 
v 0.006 -0.00302733 -0.0278359 
v 0.0065 -0.00308139 -0.0283329 
v 0.006 7.19229e-18 -0.028 
v 0.0065 7.10045e-18 -0.0285 
v 0.006 0.00302733 -0.0278359 
v 0.0065 0.00308139 -0.0283329 
v 0.006 0.00601917 -0.0273454 
v 0.0065 0.00612666 -0.0278337 
v 0.006 0.00894044 -0.0265343 
v 0.0065 0.00910009 -0.0270081 
v 0.006 0.0117569 -0.0254121 
v 0.0065 0.0119668 -0.0258659 
v 0.006 0.0144355 -0.023992 
v 0.0065 0.0146933 -0.0244204 
v 0.006 0.0169449 -0.0222906 
v 0.0065 0.0172475 -0.0226887 
v 0.006 0.0192556 -0.0203279 
v 0.0065 0.0195994 -0.0206909 
v 0.006 0.0213405 -0.0181268 
v 0.0065 0.0217216 -0.0184505 
v 0.006 0.0231753 -0.0157132 
v 0.0065 0.0235891 -0.0159938 
v 0.006 0.0247383 -0.0131154 
v 0.0065 0.0251801 -0.0133496 
v 0.006 0.0260113 -0.0103639 
v 0.0065 0.0264758 -0.0105489 
v 0.006 0.0269794 -0.00749079 
v 0.0065 0.0274612 -0.00762456 
v 0.006 0.0276311 -0.0045299 
v 0.0065 0.0281246 -0.00461079 
v 0.006 0.0279589 -0.00151589 
v 0.0065 0.0284582 -0.00154296 
v 0.0065 -0.0284582 0.00154296 
vn -0.707107 0.707107 0 
vn -0.707107 0.707107 0 
vn -0.707107 0.70607 0.038282 
vn -0.707107 0.70607 0.038282 
vn -0.707107 0.697792 0.114397 
vn -0.707107 0.697792 0.114397 
vn -0.707107 0.681333 0.189171 
vn -0.707107 0.681333 0.189171 
vn -0.707107 0.656886 0.261727 
vn -0.707107 0.656886 0.261727 
vn -0.707107 0.624737 0.331215 
vn -0.707107 0.624737 0.331215 
vn -0.707107 0.585265 0.396819 
vn -0.707107 0.585265 0.396819 
vn -0.707107 0.53893 0.457771 
vn -0.707107 0.53893 0.457771 
vn -0.707107 0.486277 0.513356 
vn -0.707107 0.486277 0.513356 
vn -0.707107 0.438018 0.555104 
vn -0.707107 0.427923 0.562923 
vn -0.707107 0.427923 0.562923 
vn -0.707107 0.364552 0.60589 
vn -0.707107 0.364552 0.60589 
vn -0.707107 0.296906 0.641753 
vn -0.707107 0.296906 0.641753 
vn -0.707107 0.22578 0.670092 
vn -0.707107 0.22578 0.670092 
vn -0.707107 0.152007 0.690575 
vn -0.707107 0.152007 0.690575 
vn -0.707107 0.0764517 0.702962 
vn -0.707107 0.0764517 0.702962 
vn -0.707107 4.32978e-17 0.707107 
vn -0.707107 4.32978e-17 0.707107 
vn -0.707107 -0.0764517 0.702962 
vn -0.707107 -0.0764517 0.702962 
vn -0.707107 -0.152007 0.690575 
vn -0.707107 -0.152007 0.690575 
vn -0.707107 -0.22578 0.670092 
vn -0.707107 -0.22578 0.670092 
vn -0.707107 -0.296906 0.641753 
vn -0.707107 -0.296906 0.641753 
vn -0.707107 -0.364552 0.60589 
vn -0.707107 -0.364552 0.60589 
vn -0.707107 -0.427923 0.562923 
vn -0.707107 -0.486277 0.513356 
vn -0.707107 -0.427923 0.562923 
vn -0.707107 -0.438018 0.555104 
vn -0.707107 -0.486277 0.513356 
vn -0.707107 -0.53893 0.457771 
vn -0.707107 -0.53893 0.457771 
vn -0.707107 -0.585265 0.396819 
vn -0.707107 -0.585265 0.396819 
vn -0.707107 -0.624737 0.331215 
vn -0.707107 -0.624737 0.331215 
vn -0.707107 -0.656886 0.261727 
vn -0.707107 -0.656886 0.261727 
vn -0.707107 -0.681333 0.189171 
vn -0.707107 -0.681333 0.189171 
vn -0.707107 -0.697792 0.114397 
vn -0.707107 -0.697792 0.114397 
vn -0.707107 -0.70607 0.038282 
vn -0.707107 -0.70607 -0.038282 
vn -0.707107 -0.707107 8.65956e-17 
vn -0.707107 -0.70607 -0.038282 
vn -0.707107 -0.697792 -0.114397 
vn -0.707107 -0.697792 -0.114397 
vn -0.707107 -0.681333 -0.189171 
vn -0.707107 -0.681333 -0.189171 
vn -0.707107 -0.656886 -0.261727 
vn -0.707107 -0.656886 -0.261727 
vn -0.707107 -0.624737 -0.331215 
vn -0.707107 -0.624737 -0.331215 
vn -0.707107 -0.585265 -0.396819 
vn -0.707107 -0.585265 -0.396819 
vn -0.707107 -0.53893 -0.457771 
vn -0.707107 -0.53893 -0.457771 
vn -0.707107 -0.486277 -0.513356 
vn -0.707107 -0.486277 -0.513356 
vn -0.707107 -0.427923 -0.562923 
vn -0.707107 -0.427923 -0.562923 
vn -0.707107 -0.364552 -0.60589 
vn -0.707107 -0.364552 -0.60589 
vn -0.707107 -0.296906 -0.641753 
vn -0.707107 -0.296906 -0.641753 
vn -0.707107 -0.22578 -0.670092 
vn -0.707107 -0.22578 -0.670092 
vn -0.707107 -0.152007 -0.690575 
vn -0.707107 -0.152007 -0.690575 
vn -0.707107 -0.0764517 -0.702962 
vn -0.707107 -0.0764517 -0.702962 
vn -0.707107 -1.29893e-16 -0.707107 
vn -0.707107 -1.29893e-16 -0.707107 
vn -0.707107 0.0764517 -0.702962 
vn -0.707107 0.0764517 -0.702962 
vn -0.707107 0.152007 -0.690575 
vn -0.707107 0.152007 -0.690575 
vn -0.707107 0.22578 -0.670092 
vn -0.707107 0.22578 -0.670092 
vn -0.707107 0.296906 -0.641753 
vn -0.707107 0.296906 -0.641753 
vn -0.707107 0.364552 -0.60589 
vn -0.707107 0.364552 -0.60589 
vn -0.707107 0.427923 -0.562923 
vn -0.707107 0.427923 -0.562923 
vn -0.707107 0.486277 -0.513356 
vn -0.707107 0.486277 -0.513356 
vn -0.707107 0.53893 -0.457771 
vn -0.707107 0.53893 -0.457771 
vn -0.707107 0.585265 -0.396819 
vn -0.707107 0.585265 -0.396819 
vn -0.707107 0.624737 -0.331215 
vn -0.707107 0.624737 -0.331215 
vn -0.707107 0.656886 -0.261727 
vn -0.707107 0.656886 -0.261727 
vn -0.707107 0.681333 -0.189171 
vn -0.707107 0.681333 -0.189171 
vn -0.707107 0.697792 -0.114397 
vn -0.707107 0.697792 -0.114397 
vn -0.707107 0.70607 -0.038282 
vn -0.707107 0.70607 -0.038282 
vn -0.707107 -0.70607 0.038282 
f 675//675 676//676 677//677 
f 678//678 677//677 679//679 
f 680//680 679//679 681//681 
f 682//682 681//681 683//683 
f 684//684 683//683 685//685 
f 686//686 685//685 687//687 
f 688//688 687//687 689//689 
f 690//690 689//689 691//691 
f 692//692 691//691 693//693 
f 693//693 694//694 692//692 
f 694//694 695//695 696//696 
f 697//697 696//696 698//698 
f 699//699 698//698 700//700 
f 701//701 700//700 702//702 
f 703//703 702//702 704//704 
f 705//705 704//704 706//706 
f 707//707 706//706 708//708 
f 709//709 708//708 710//710 
f 711//711 710//710 712//712 
f 713//713 712//712 714//714 
f 715//715 714//714 716//716 
f 717//717 716//716 718//718 
f 719//719 720//720 721//721 
f 720//720 718//718 721//721 
f 719//719 722//722 723//723 
f 724//724 723//723 725//725 
f 726//726 725//725 727//727 
f 728//728 727//727 729//729 
f 730//730 729//729 731//731 
f 732//732 731//731 733//733 
f 734//734 733//733 735//735 
f 735//735 736//736 737//737 
f 736//736 738//738 737//737 
f 738//738 736//736 739//739 
f 740//740 739//739 741//741 
f 742//742 741//741 743//743 
f 744//744 743//743 745//745 
f 746//746 745//745 747//747 
f 748//748 747//747 749//749 
f 750//750 749//749 751//751 
f 752//752 751//751 753//753 
f 754//754 753//753 755//755 
f 756//756 755//755 757//757 
f 758//758 757//757 759//759 
f 760//760 759//759 761//761 
f 762//762 761//761 763//763 
f 764//764 763//763 765//765 
f 766//766 765//765 767//767 
f 768//768 767//767 769//769 
f 770//770 769//769 771//771 
f 772//772 771//771 773//773 
f 774//774 773//773 775//775 
f 776//776 775//775 777//777 
f 778//778 777//777 779//779 
f 780//780 779//779 781//781 
f 782//782 781//781 783//783 
f 784//784 783//783 785//785 
f 786//786 785//785 787//787 
f 788//788 787//787 789//789 
f 790//790 789//789 791//791 
f 792//792 791//791 793//793 
f 794//794 793//793 676//676 
f 676//676 675//675 794//794 
f 793//793 794//794 792//792 
f 791//791 792//792 790//790 
f 789//789 790//790 788//788 
f 787//787 788//788 786//786 
f 785//785 786//786 784//784 
f 783//783 784//784 782//782 
f 781//781 782//782 780//780 
f 779//779 780//780 778//778 
f 777//777 778//778 776//776 
f 775//775 776//776 774//774 
f 773//773 774//774 772//772 
f 771//771 772//772 770//770 
f 769//769 770//770 768//768 
f 767//767 768//768 766//766 
f 765//765 766//766 764//764 
f 763//763 764//764 762//762 
f 761//761 762//762 760//760 
f 759//759 760//760 758//758 
f 757//757 758//758 756//756 
f 755//755 756//756 754//754 
f 753//753 754//754 752//752 
f 751//751 752//752 750//750 
f 749//749 750//750 748//748 
f 747//747 748//748 746//746 
f 745//745 746//746 744//744 
f 743//743 744//744 742//742 
f 741//741 742//742 740//740 
f 739//739 740//740 738//738 
f 737//737 795//795 735//735 
f 735//735 795//795 734//734 
f 733//733 734//734 732//732 
f 731//731 732//732 730//730 
f 729//729 730//730 728//728 
f 727//727 728//728 726//726 
f 725//725 726//726 724//724 
f 723//723 724//724 719//719 
f 721//721 722//722 719//719 
f 718//718 720//720 717//717 
f 716//716 717//717 715//715 
f 714//714 715//715 713//713 
f 712//712 713//713 711//711 
f 710//710 711//711 709//709 
f 708//708 709//709 707//707 
f 706//706 707//707 705//705 
f 704//704 705//705 703//703 
f 702//702 703//703 701//701 
f 700//700 701//701 699//699 
f 698//698 699//699 697//697 
f 696//696 697//697 694//694 
f 693//693 695//695 694//694 
f 691//691 692//692 690//690 
f 689//689 690//690 688//688 
f 687//687 688//688 686//686 
f 685//685 686//686 684//684 
f 683//683 684//684 682//682 
f 681//681 682//682 680//680 
f 679//679 680//680 678//678 
f 677//677 678//678 675//675 
v 0.0065 1.40809e-17 0.0285 
v 0.0505 1.05907e-17 0.0285 
v 0.0505 0.00308139 0.0283329 
v 0.0065 0.00308139 0.0283329 
v 0.0505 0.00612666 0.0278337 
v 0.0065 0.00612666 0.0278337 
v 0.0505 0.00910009 0.0270081 
v 0.0065 0.00910009 0.0270081 
v 0.0505 0.0119668 0.0258659 
v 0.0065 0.0119668 0.0258659 
v 0.0505 0.0146933 0.0244204 
v 0.0065 0.0146933 0.0244204 
v 0.0505 0.0172475 0.0226887 
v 0.0065 0.0172475 0.0226887 
v 0.0505 0.0195994 0.0206909 
v 0.0065 0.0195994 0.0206909 
v 0.0505 0.0217216 0.0184505 
v 0.0065 0.0217216 0.0184505 
v 0.0505 0.0235891 0.0159938 
v 0.0065 0.0235891 0.0159938 
v 0.0505 0.0251801 0.0133496 
v 0.0065 0.0251801 0.0133496 
v 0.0505 0.0264758 0.0105489 
v 0.0065 0.0264758 0.0105489 
v 0.0505 0.0274612 0.00762456 
v 0.0065 0.0274612 0.00762456 
v 0.0505 0.0281246 0.00461079 
v 0.0065 0.0281246 0.00461079 
v 0.0505 0.0284582 0.00154296 
v 0.0505 0.0284582 -0.00154296 
v 0.0065 0.0285 -5.85058e-18 
v 0.0065 0.0284582 -0.00154296 
v 0.0505 0.0281246 -0.00461079 
v 0.0065 0.0281246 -0.00461079 
v 0.0505 0.0274612 -0.00762456 
v 0.0065 0.0274612 -0.00762456 
v 0.0505 0.0264758 -0.0105489 
v 0.0065 0.0264758 -0.0105489 
v 0.0505 0.0251801 -0.0133496 
v 0.0065 0.0251801 -0.0133496 
v 0.0505 0.0235891 -0.0159938 
v 0.0065 0.0235891 -0.0159938 
v 0.0505 0.0217216 -0.0184505 
v 0.0065 0.0217216 -0.0184505 
v 0.0505 0.0195994 -0.0206909 
v 0.0065 0.0195994 -0.0206909 
v 0.0505 0.0172475 -0.0226887 
v 0.0065 0.0172475 -0.0226887 
v 0.0505 0.0146933 -0.0244204 
v 0.0065 0.0146933 -0.0244204 
v 0.0505 0.0119668 -0.0258659 
v 0.0065 0.0119668 -0.0258659 
v 0.0505 0.00910009 -0.0270081 
v 0.0065 0.00910009 -0.0270081 
v 0.0505 0.00612666 -0.0278337 
v 0.0065 0.00612666 -0.0278337 
v 0.0505 0.00308139 -0.0283329 
v 0.0065 0.00308139 -0.0283329 
v 0.0505 1.75712e-17 -0.0285 
v 0.0065 7.10045e-18 -0.0285 
v 0.0505 -0.00308139 -0.0283329 
v 0.0065 -0.00308139 -0.0283329 
v 0.0505 -0.00612666 -0.0278337 
v 0.0065 -0.00612666 -0.0278337 
v 0.0505 -0.00910009 -0.0270081 
v 0.0065 -0.00910009 -0.0270081 
v 0.0505 -0.0119668 -0.0258659 
v 0.0065 -0.0119668 -0.0258659 
v 0.0505 -0.0146933 -0.0244204 
v 0.0065 -0.0146933 -0.0244204 
v 0.0505 -0.0172475 -0.0226887 
v 0.0065 -0.0172475 -0.0226887 
v 0.0505 -0.0195994 -0.0206909 
v 0.0065 -0.0195994 -0.0206909 
v 0.0505 -0.0217216 -0.0184505 
v 0.0065 -0.0217216 -0.0184505 
v 0.0505 -0.0235891 -0.0159938 
v 0.0065 -0.0235891 -0.0159938 
v 0.0505 -0.0251801 -0.0133496 
v 0.0065 -0.0251801 -0.0133496 
v 0.0505 -0.0264758 -0.0105489 
v 0.0065 -0.0264758 -0.0105489 
v 0.0505 -0.0274612 -0.00762456 
v 0.0065 -0.0274612 -0.00762456 
v 0.0505 -0.0281246 -0.00461079 
v 0.0065 -0.0281246 -0.00461079 
v 0.0505 -0.0284582 -0.00154296 
v 0.0065 -0.0284582 0.00154296 
v 0.0065 -0.0285 -2.36033e-18 
v 0.0505 -0.0285 -5.85058e-18 
v 0.0065 -0.0284582 -0.00154296 
v 0.0505 -0.0284582 0.00154296 
v 0.0505 -0.0281246 0.00461079 
v 0.0065 -0.0281246 0.00461079 
v 0.0505 -0.0274612 0.00762456 
v 0.0065 -0.0274612 0.00762456 
v 0.0505 -0.0264758 0.0105489 
v 0.0065 -0.0264758 0.0105489 
v 0.0505 -0.0251801 0.0133496 
v 0.0065 -0.0251801 0.0133496 
v 0.0505 -0.0235891 0.0159938 
v 0.0065 -0.0235891 0.0159938 
v 0.0505 -0.0217216 0.0184505 
v 0.0065 -0.0217216 0.0184505 
v 0.0505 -0.0195994 0.0206909 
v 0.0065 -0.0195994 0.0206909 
v 0.0505 -0.0172475 0.0226887 
v 0.0065 -0.0172475 0.0226887 
v 0.0505 -0.0146933 0.0244204 
v 0.0065 -0.0146933 0.0244204 
v 0.0505 -0.0119668 0.0258659 
v 0.0065 -0.0119668 0.0258659 
v 0.0505 -0.00910009 0.0270081 
v 0.0065 -0.00910009 0.0270081 
v 0.0505 -0.00612666 0.0278337 
v 0.0065 -0.00612666 0.0278337 
v 0.0505 -0.00308139 0.0283329 
v 0.0065 -0.00308139 0.0283329 
v 0.0065 0.0284582 0.00154296 
vn -1.48691e-16 5.33085e-63 1 
vn -1.48691e-16 5.33085e-63 1 
vn -1.47819e-16 0.108119 0.994138 
vn -1.47819e-16 0.108119 0.994138 
vn -1.45214e-16 0.21497 0.976621 
vn -1.45214e-16 0.21497 0.976621 
vn -1.40907e-16 0.319302 0.947653 
vn -1.40907e-16 0.319302 0.947653 
vn -1.34948e-16 0.419889 0.907575 
vn -1.34948e-16 0.419889 0.907575 
vn -1.27407e-16 0.515554 0.856857 
vn -1.27407e-16 0.515554 0.856857 
vn -1.18372e-16 0.605174 0.796093 
vn -1.18372e-16 0.605174 0.796093 
vn -1.07949e-16 0.687699 0.725995 
vn -1.07949e-16 0.687699 0.725995 
vn -9.62602e-17 0.762162 0.647386 
vn -9.62602e-17 0.762162 0.647386 
vn -8.34432e-17 0.827689 0.561187 
vn -8.34432e-17 0.827689 0.561187 
vn -6.96479e-17 0.883512 0.468408 
vn -6.96479e-17 0.883512 0.468408 
vn -5.50361e-17 0.928977 0.370138 
vn -5.50361e-17 0.928977 0.370138 
vn -3.97789e-17 0.96355 0.267528 
vn -3.97789e-17 0.96355 0.267528 
vn -2.40555e-17 0.986827 0.161782 
vn -2.40555e-17 0.986827 0.161782 
vn -8.04995e-18 0.998533 0.0541389 
vn 8.04995e-18 0.998533 -0.0541389 
vn 0 1 6.12323e-17 
vn 8.04995e-18 0.998533 -0.0541389 
vn 2.40555e-17 0.986827 -0.161782 
vn 2.40555e-17 0.986827 -0.161782 
vn 3.97789e-17 0.96355 -0.267528 
vn 3.97789e-17 0.96355 -0.267528 
vn 5.50361e-17 0.928977 -0.370138 
vn 5.50361e-17 0.928977 -0.370138 
vn 6.96479e-17 0.883512 -0.468408 
vn 6.96479e-17 0.883512 -0.468408 
vn 8.34432e-17 0.827689 -0.561187 
vn 8.34432e-17 0.827689 -0.561187 
vn 9.62602e-17 0.762162 -0.647386 
vn 9.62602e-17 0.762162 -0.647386 
vn 1.07949e-16 0.687699 -0.725995 
vn 1.07949e-16 0.687699 -0.725995 
vn 1.18372e-16 0.605174 -0.796093 
vn 1.18372e-16 0.605174 -0.796093 
vn 1.27407e-16 0.515554 -0.856857 
vn 1.27407e-16 0.515554 -0.856857 
vn 1.34948e-16 0.419889 -0.907575 
vn 1.34948e-16 0.419889 -0.907575 
vn 1.40907e-16 0.319302 -0.947653 
vn 1.40907e-16 0.319302 -0.947653 
vn 1.45214e-16 0.21497 -0.976621 
vn 1.45214e-16 0.21497 -0.976621 
vn 1.47819e-16 0.108119 -0.994138 
vn 1.47819e-16 0.108119 -0.994138 
vn 1.48691e-16 1.22465e-16 -1 
vn 1.48691e-16 1.22465e-16 -1 
vn 1.47819e-16 -0.108119 -0.994138 
vn 1.47819e-16 -0.108119 -0.994138 
vn 1.45214e-16 -0.21497 -0.976621 
vn 1.45214e-16 -0.21497 -0.976621 
vn 1.40907e-16 -0.319302 -0.947653 
vn 1.40907e-16 -0.319302 -0.947653 
vn 1.34948e-16 -0.419889 -0.907575 
vn 1.34948e-16 -0.419889 -0.907575 
vn 1.27407e-16 -0.515554 -0.856857 
vn 1.27407e-16 -0.515554 -0.856857 
vn 1.18372e-16 -0.605174 -0.796093 
vn 1.18372e-16 -0.605174 -0.796093 
vn 1.07949e-16 -0.687699 -0.725995 
vn 1.07949e-16 -0.687699 -0.725995 
vn 9.62602e-17 -0.762162 -0.647386 
vn 9.62602e-17 -0.762162 -0.647386 
vn 8.34432e-17 -0.827689 -0.561187 
vn 8.34432e-17 -0.827689 -0.561187 
vn 6.96479e-17 -0.883512 -0.468408 
vn 6.96479e-17 -0.883512 -0.468408 
vn 5.50361e-17 -0.928977 -0.370138 
vn 5.50361e-17 -0.928977 -0.370138 
vn 3.97789e-17 -0.96355 -0.267528 
vn 3.97789e-17 -0.96355 -0.267528 
vn 2.40555e-17 -0.986827 -0.161782 
vn 2.40555e-17 -0.986827 -0.161782 
vn 8.04995e-18 -0.998533 -0.0541389 
vn -8.04995e-18 -0.998533 0.0541389 
vn 0 -1 -1.83697e-16 
vn 0 -1 -1.83697e-16 
vn 8.04995e-18 -0.998533 -0.0541389 
vn -8.04995e-18 -0.998533 0.0541389 
vn -2.40555e-17 -0.986827 0.161782 
vn -2.40555e-17 -0.986827 0.161782 
vn -3.97789e-17 -0.96355 0.267528 
vn -3.97789e-17 -0.96355 0.267528 
vn -5.50361e-17 -0.928977 0.370138 
vn -5.50361e-17 -0.928977 0.370138 
vn -6.96479e-17 -0.883512 0.468408 
vn -6.96479e-17 -0.883512 0.468408 
vn -8.34432e-17 -0.827689 0.561187 
vn -8.34432e-17 -0.827689 0.561187 
vn -9.62602e-17 -0.762162 0.647386 
vn -9.62602e-17 -0.762162 0.647386 
vn -1.07949e-16 -0.687699 0.725995 
vn -1.07949e-16 -0.687699 0.725995 
vn -1.18372e-16 -0.605174 0.796093 
vn -1.18372e-16 -0.605174 0.796093 
vn -1.27407e-16 -0.515554 0.856857 
vn -1.27407e-16 -0.515554 0.856857 
vn -1.34948e-16 -0.419889 0.907575 
vn -1.34948e-16 -0.419889 0.907575 
vn -1.40907e-16 -0.319302 0.947653 
vn -1.40907e-16 -0.319302 0.947653 
vn -1.45214e-16 -0.21497 0.976621 
vn -1.45214e-16 -0.21497 0.976621 
vn -1.47819e-16 -0.108119 0.994138 
vn -1.47819e-16 -0.108119 0.994138 
vn -8.04995e-18 0.998533 0.0541389 
f 796//796 797//797 798//798 
f 799//799 798//798 800//800 
f 801//801 800//800 802//802 
f 803//803 802//802 804//804 
f 805//805 804//804 806//806 
f 807//807 806//806 808//808 
f 809//809 808//808 810//810 
f 811//811 810//810 812//812 
f 813//813 812//812 814//814 
f 815//815 814//814 816//816 
f 817//817 816//816 818//818 
f 819//819 818//818 820//820 
f 821//821 820//820 822//822 
f 823//823 822//822 824//824 
f 824//824 825//825 826//826 
f 825//825 827//827 826//826 
f 827//827 825//825 828//828 
f 829//829 828//828 830//830 
f 831//831 830//830 832//832 
f 833//833 832//832 834//834 
f 835//835 834//834 836//836 
f 837//837 836//836 838//838 
f 839//839 838//838 840//840 
f 841//841 840//840 842//842 
f 843//843 842//842 844//844 
f 845//845 844//844 846//846 
f 847//847 846//846 848//848 
f 849//849 848//848 850//850 
f 851//851 850//850 852//852 
f 853//853 852//852 854//854 
f 855//855 854//854 856//856 
f 857//857 856//856 858//858 
f 859//859 858//858 860//860 
f 861//861 860//860 862//862 
f 863//863 862//862 864//864 
f 865//865 864//864 866//866 
f 867//867 866//866 868//868 
f 869//869 868//868 870//870 
f 871//871 870//870 872//872 
f 873//873 872//872 874//874 
f 875//875 874//874 876//876 
f 877//877 876//876 878//878 
f 879//879 878//878 880//880 
f 881//881 880//880 882//882 
f 883//883 884//884 885//885 
f 886//886 882//882 885//885 
f 885//885 884//884 886//886 
f 883//883 887//887 888//888 
f 889//889 888//888 890//890 
f 891//891 890//890 892//892 
f 893//893 892//892 894//894 
f 895//895 894//894 896//896 
f 897//897 896//896 898//898 
f 899//899 898//898 900//900 
f 901//901 900//900 902//902 
f 903//903 902//902 904//904 
f 905//905 904//904 906//906 
f 907//907 906//906 908//908 
f 909//909 908//908 910//910 
f 911//911 910//910 912//912 
f 913//913 912//912 797//797 
f 797//797 796//796 913//913 
f 912//912 913//913 911//911 
f 910//910 911//911 909//909 
f 908//908 909//909 907//907 
f 906//906 907//907 905//905 
f 904//904 905//905 903//903 
f 902//902 903//903 901//901 
f 900//900 901//901 899//899 
f 898//898 899//899 897//897 
f 896//896 897//897 895//895 
f 894//894 895//895 893//893 
f 892//892 893//893 891//891 
f 890//890 891//891 889//889 
f 888//888 889//889 883//883 
f 885//885 887//887 883//883 
f 882//882 886//886 881//881 
f 880//880 881//881 879//879 
f 878//878 879//879 877//877 
f 876//876 877//877 875//875 
f 874//874 875//875 873//873 
f 872//872 873//873 871//871 
f 870//870 871//871 869//869 
f 868//868 869//869 867//867 
f 866//866 867//867 865//865 
f 864//864 865//865 863//863 
f 862//862 863//863 861//861 
f 860//860 861//861 859//859 
f 858//858 859//859 857//857 
f 856//856 857//857 855//855 
f 854//854 855//855 853//853 
f 852//852 853//853 851//851 
f 850//850 851//851 849//849 
f 848//848 849//849 847//847 
f 846//846 847//847 845//845 
f 844//844 845//845 843//843 
f 842//842 843//843 841//841 
f 840//840 841//841 839//839 
f 838//838 839//839 837//837 
f 836//836 837//837 835//835 
f 834//834 835//835 833//833 
f 832//832 833//833 831//831 
f 830//830 831//831 829//829 
f 828//828 829//829 827//827 
f 826//826 914//914 824//824 
f 824//824 914//914 823//823 
f 822//822 823//823 821//821 
f 820//820 821//821 819//819 
f 818//818 819//819 817//817 
f 816//816 817//817 815//815 
f 814//814 815//815 813//813 
f 812//812 813//813 811//811 
f 810//810 811//811 809//809 
f 808//808 809//809 807//807 
f 806//806 807//807 805//805 
f 804//804 805//805 803//803 
f 802//802 803//803 801//801 
f 800//800 801//801 799//799 
f 798//798 799//799 796//796 
v 0.0505 -0.0285 -5.85058e-18 
v 0.051 -0.028 -1.27086e-17 
v 0.051 -0.0279589 0.00151589 
v 0.0505 -0.0284582 0.00154296 
v 0.051 -0.0276311 0.0045299 
v 0.0505 -0.0281246 0.00461079 
v 0.051 -0.0269794 0.00749079 
v 0.0505 -0.0274612 0.00762456 
v 0.051 -0.0260113 0.0103639 
v 0.0505 -0.0264758 0.0105489 
v 0.051 -0.0247383 0.0131154 
v 0.0505 -0.0235891 0.0159938 
v 0.0505 -0.0251801 0.0133496 
v 0.051 -0.0245 0.0135554 
v 0.051 -0.0231753 0.0157132 
v 0.051 -0.0213405 0.0181268 
v 0.0505 -0.0217216 0.0184505 
v 0.051 -0.0192556 0.0203279 
v 0.0505 -0.0195994 0.0206909 
v 0.051 -0.0169449 0.0222906 
v 0.0505 -0.0172475 0.0226887 
v 0.051 -0.0144355 0.023992 
v 0.0505 -0.0119668 0.0258659 
v 0.0505 -0.0146933 0.0244204 
v 0.051 -0.0135554 0.0245 
v 0.051 -0.0117569 0.0254121 
v 0.051 -0.00894044 0.0265343 
v 0.0505 -0.00910009 0.0270081 
v 0.051 -0.00601917 0.0273454 
v 0.0505 -0.00612666 0.0278337 
v 0.051 -0.00302733 0.0278359 
v 0.0505 -0.00308139 0.0283329 
v 0.051 1.06213e-17 0.028 
v 0.0505 1.05907e-17 0.0285 
v 0.051 0.00302733 0.0278359 
v 0.0505 0.00308139 0.0283329 
v 0.051 0.00601917 0.0273454 
v 0.0505 0.00612666 0.0278337 
v 0.051 0.00894044 0.0265343 
v 0.0505 0.00910009 0.0270081 
v 0.051 0.0117569 0.0254121 
v 0.0505 0.0119668 0.0258659 
v 0.051 0.0135554 0.0245 
v 0.0505 0.0146933 0.0244204 
v 0.051 0.0144355 0.023992 
v 0.051 0.0169449 0.0222906 
v 0.0505 0.0172475 0.0226887 
v 0.051 0.0192556 0.0203279 
v 0.0505 0.0195994 0.0206909 
v 0.051 0.0213405 0.0181268 
v 0.0505 0.0217216 0.0184505 
v 0.051 0.0231753 0.0157132 
v 0.0505 0.0235891 0.0159938 
v 0.051 0.0245 0.0135554 
v 0.0505 0.0251801 0.0133496 
v 0.051 0.0247383 0.0131154 
v 0.051 0.0260113 0.0103639 
v 0.0505 0.0264758 0.0105489 
v 0.051 0.0269794 0.00749079 
v 0.0505 0.0274612 0.00762456 
v 0.051 0.0276311 0.0045299 
v 0.0505 0.0281246 0.00461079 
v 0.051 0.0279589 0.00151589 
v 0.0505 0.0284582 0.00154296 
v 0.051 0.0279589 -0.00151589 
v 0.0505 0.0284582 -0.00154296 
v 0.051 0.0276311 -0.0045299 
v 0.0505 0.0281246 -0.00461079 
v 0.051 0.0269794 -0.00749079 
v 0.0505 0.0274612 -0.00762456 
v 0.051 0.0260113 -0.0103639 
v 0.0505 0.0264758 -0.0105489 
v 0.051 0.0247383 -0.0131154 
v 0.0505 0.0235891 -0.0159938 
v 0.0505 0.0251801 -0.0133496 
v 0.051 0.0245 -0.0135554 
v 0.051 0.0231753 -0.0157132 
v 0.051 0.0213405 -0.0181268 
v 0.0505 0.0217216 -0.0184505 
v 0.051 0.0192556 -0.0203279 
v 0.0505 0.0195994 -0.0206909 
v 0.051 0.0169449 -0.0222906 
v 0.0505 0.0172475 -0.0226887 
v 0.051 0.0144355 -0.023992 
v 0.0505 0.0119668 -0.0258659 
v 0.0505 0.0146933 -0.0244204 
v 0.051 0.0135554 -0.0245 
v 0.051 0.0117569 -0.0254121 
v 0.051 0.00894044 -0.0265343 
v 0.0505 0.00910009 -0.0270081 
v 0.051 0.00601917 -0.0273454 
v 0.0505 0.00612666 -0.0278337 
v 0.051 0.00302733 -0.0278359 
v 0.0505 0.00308139 -0.0283329 
v 0.051 1.74793e-17 -0.028 
v 0.0505 1.75712e-17 -0.0285 
v 0.051 -0.00302733 -0.0278359 
v 0.0505 -0.00308139 -0.0283329 
v 0.051 -0.00601917 -0.0273454 
v 0.0505 -0.00612666 -0.0278337 
v 0.051 -0.00894044 -0.0265343 
v 0.0505 -0.00910009 -0.0270081 
v 0.051 -0.0117569 -0.0254121 
v 0.0505 -0.0119668 -0.0258659 
v 0.051 -0.0135554 -0.0245 
v 0.0505 -0.0146933 -0.0244204 
v 0.051 -0.0144355 -0.023992 
v 0.051 -0.0169449 -0.0222906 
v 0.0505 -0.0172475 -0.0226887 
v 0.051 -0.0192556 -0.0203279 
v 0.0505 -0.0195994 -0.0206909 
v 0.051 -0.0213405 -0.0181268 
v 0.0505 -0.0217216 -0.0184505 
v 0.051 -0.0231753 -0.0157132 
v 0.0505 -0.0235891 -0.0159938 
v 0.051 -0.0245 -0.0135554 
v 0.0505 -0.0251801 -0.0133496 
v 0.051 -0.0247383 -0.0131154 
v 0.051 -0.0260113 -0.0103639 
v 0.0505 -0.0264758 -0.0105489 
v 0.051 -0.0269794 -0.00749079 
v 0.0505 -0.0274612 -0.00762456 
v 0.051 -0.0276311 -0.0045299 
v 0.0505 -0.0281246 -0.00461079 
v 0.051 -0.0279589 -0.00151589 
v 0.0505 -0.0284582 -0.00154296 
vn 0.707107 -0.707107 0 
vn 0.707107 -0.707107 0 
vn 0.707107 -0.70607 0.038282 
vn 0.707107 -0.70607 0.038282 
vn 0.707107 -0.697792 0.114397 
vn 0.707107 -0.697792 0.114397 
vn 0.707107 -0.681333 0.189171 
vn 0.707107 -0.681333 0.189171 
vn 0.707107 -0.656886 0.261727 
vn 0.707107 -0.656886 0.261727 
vn 0.707107 -0.624737 0.331215 
vn 0.707107 -0.585265 0.396819 
vn 0.707107 -0.624737 0.331215 
vn 0.707107 -0.618718 0.342327 
vn 0.707107 -0.585265 0.396819 
vn 0.707107 -0.53893 0.457771 
vn 0.707107 -0.53893 0.457771 
vn 0.707107 -0.486277 0.513356 
vn 0.707107 -0.486277 0.513356 
vn 0.707107 -0.427923 0.562923 
vn 0.707107 -0.427923 0.562923 
vn 0.707107 -0.364552 0.60589 
vn 0.707107 -0.296906 0.641753 
vn 0.707107 -0.364552 0.60589 
vn 0.707107 -0.342327 0.618718 
vn 0.707107 -0.296906 0.641753 
vn 0.707107 -0.22578 0.670092 
vn 0.707107 -0.22578 0.670092 
vn 0.707107 -0.152007 0.690575 
vn 0.707107 -0.152007 0.690575 
vn 0.707107 -0.0764517 0.702962 
vn 0.707107 -0.0764517 0.702962 
vn 0.707107 -4.32978e-17 0.707107 
vn 0.707107 -4.32978e-17 0.707107 
vn 0.707107 0.0764517 0.702962 
vn 0.707107 0.0764517 0.702962 
vn 0.707107 0.152007 0.690575 
vn 0.707107 0.152007 0.690575 
vn 0.707107 0.22578 0.670092 
vn 0.707107 0.22578 0.670092 
vn 0.707107 0.296906 0.641753 
vn 0.707107 0.296906 0.641753 
vn 0.707107 0.342327 0.618718 
vn 0.707107 0.364552 0.60589 
vn 0.707107 0.364552 0.60589 
vn 0.707107 0.427923 0.562923 
vn 0.707107 0.427923 0.562923 
vn 0.707107 0.486277 0.513356 
vn 0.707107 0.486277 0.513356 
vn 0.707107 0.53893 0.457771 
vn 0.707107 0.53893 0.457771 
vn 0.707107 0.585265 0.396819 
vn 0.707107 0.585265 0.396819 
vn 0.707107 0.618718 0.342327 
vn 0.707107 0.624737 0.331215 
vn 0.707107 0.624737 0.331215 
vn 0.707107 0.656886 0.261727 
vn 0.707107 0.656886 0.261727 
vn 0.707107 0.681333 0.189171 
vn 0.707107 0.681333 0.189171 
vn 0.707107 0.697792 0.114397 
vn 0.707107 0.697792 0.114397 
vn 0.707107 0.70607 0.038282 
vn 0.707107 0.70607 0.038282 
vn 0.707107 0.70607 -0.038282 
vn 0.707107 0.70607 -0.038282 
vn 0.707107 0.697792 -0.114397 
vn 0.707107 0.697792 -0.114397 
vn 0.707107 0.681333 -0.189171 
vn 0.707107 0.681333 -0.189171 
vn 0.707107 0.656886 -0.261727 
vn 0.707107 0.656886 -0.261727 
vn 0.707107 0.624737 -0.331215 
vn 0.707107 0.585265 -0.396819 
vn 0.707107 0.624737 -0.331215 
vn 0.707107 0.618718 -0.342327 
vn 0.707107 0.585265 -0.396819 
vn 0.707107 0.53893 -0.457771 
vn 0.707107 0.53893 -0.457771 
vn 0.707107 0.486277 -0.513356 
vn 0.707107 0.486277 -0.513356 
vn 0.707107 0.427923 -0.562923 
vn 0.707107 0.427923 -0.562923 
vn 0.707107 0.364552 -0.60589 
vn 0.707107 0.296906 -0.641753 
vn 0.707107 0.364552 -0.60589 
vn 0.707107 0.342327 -0.618718 
vn 0.707107 0.296906 -0.641753 
vn 0.707107 0.22578 -0.670092 
vn 0.707107 0.22578 -0.670092 
vn 0.707107 0.152007 -0.690575 
vn 0.707107 0.152007 -0.690575 
vn 0.707107 0.0764517 -0.702962 
vn 0.707107 0.0764517 -0.702962 
vn 0.707107 1.29893e-16 -0.707107 
vn 0.707107 1.29893e-16 -0.707107 
vn 0.707107 -0.0764517 -0.702962 
vn 0.707107 -0.0764517 -0.702962 
vn 0.707107 -0.152007 -0.690575 
vn 0.707107 -0.152007 -0.690575 
vn 0.707107 -0.22578 -0.670092 
vn 0.707107 -0.22578 -0.670092 
vn 0.707107 -0.296906 -0.641753 
vn 0.707107 -0.296906 -0.641753 
vn 0.707107 -0.342327 -0.618718 
vn 0.707107 -0.364552 -0.60589 
vn 0.707107 -0.364552 -0.60589 
vn 0.707107 -0.427923 -0.562923 
vn 0.707107 -0.427923 -0.562923 
vn 0.707107 -0.486277 -0.513356 
vn 0.707107 -0.486277 -0.513356 
vn 0.707107 -0.53893 -0.457771 
vn 0.707107 -0.53893 -0.457771 
vn 0.707107 -0.585265 -0.396819 
vn 0.707107 -0.585265 -0.396819 
vn 0.707107 -0.618718 -0.342327 
vn 0.707107 -0.624737 -0.331215 
vn 0.707107 -0.624737 -0.331215 
vn 0.707107 -0.656886 -0.261727 
vn 0.707107 -0.656886 -0.261727 
vn 0.707107 -0.681333 -0.189171 
vn 0.707107 -0.681333 -0.189171 
vn 0.707107 -0.697792 -0.114397 
vn 0.707107 -0.697792 -0.114397 
vn 0.707107 -0.70607 -0.038282 
vn 0.707107 -0.70607 -0.038282 
f 915//915 916//916 917//917 
f 918//918 917//917 919//919 
f 920//920 919//919 921//921 
f 922//922 921//921 923//923 
f 924//924 923//923 925//925 
f 926//926 927//927 928//928 
f 927//927 925//925 928//928 
f 926//926 929//929 930//930 
f 931//931 930//930 932//932 
f 933//933 932//932 934//934 
f 935//935 934//934 936//936 
f 937//937 938//938 939//939 
f 938//938 936//936 939//939 
f 937//937 940//940 941//941 
f 942//942 941//941 943//943 
f 944//944 943//943 945//945 
f 946//946 945//945 947//947 
f 948//948 947//947 949//949 
f 950//950 949//949 951//951 
f 952//952 951//951 953//953 
f 954//954 953//953 955//955 
f 956//956 955//955 957//957 
f 957//957 958//958 956//956 
f 958//958 959//959 960//960 
f 961//961 960//960 962//962 
f 963//963 962//962 964//964 
f 965//965 964//964 966//966 
f 967//967 966//966 968//968 
f 968//968 969//969 967//967 
f 969//969 970//970 971//971 
f 972//972 971//971 973//973 
f 974//974 973//973 975//975 
f 976//976 975//975 977//977 
f 978//978 977//977 979//979 
f 980//980 979//979 981//981 
f 982//982 981//981 983//983 
f 984//984 983//983 985//985 
f 986//986 985//985 987//987 
f 988//988 989//989 990//990 
f 989//989 987//987 990//990 
f 988//988 991//991 992//992 
f 993//993 992//992 994//994 
f 995//995 994//994 996//996 
f 997//997 996//996 998//998 
f 999//999 1000//1000 1001//1001 
f 1000//1000 998//998 1001//1001 
f 999//999 1002//1002 1003//1003 
f 1004//1004 1003//1003 1005//1005 
f 1006//1006 1005//1005 1007//1007 
f 1008//1008 1007//1007 1009//1009 
f 1010//1010 1009//1009 1011//1011 
f 1012//1012 1011//1011 1013//1013 
f 1014//1014 1013//1013 1015//1015 
f 1016//1016 1015//1015 1017//1017 
f 1018//1018 1017//1017 1019//1019 
f 1019//1019 1020//1020 1018//1018 
f 1020//1020 1021//1021 1022//1022 
f 1023//1023 1022//1022 1024//1024 
f 1025//1025 1024//1024 1026//1026 
f 1027//1027 1026//1026 1028//1028 
f 1029//1029 1028//1028 1030//1030 
f 1030//1030 1031//1031 1029//1029 
f 1031//1031 1032//1032 1033//1033 
f 1034//1034 1033//1033 1035//1035 
f 1036//1036 1035//1035 1037//1037 
f 1038//1038 1037//1037 1039//1039 
f 1040//1040 1039//1039 916//916 
f 916//916 915//915 1040//1040 
f 1039//1039 1040//1040 1038//1038 
f 1037//1037 1038//1038 1036//1036 
f 1035//1035 1036//1036 1034//1034 
f 1033//1033 1034//1034 1031//1031 
f 1030//1030 1032//1032 1031//1031 
f 1028//1028 1029//1029 1027//1027 
f 1026//1026 1027//1027 1025//1025 
f 1024//1024 1025//1025 1023//1023 
f 1022//1022 1023//1023 1020//1020 
f 1019//1019 1021//1021 1020//1020 
f 1017//1017 1018//1018 1016//1016 
f 1015//1015 1016//1016 1014//1014 
f 1013//1013 1014//1014 1012//1012 
f 1011//1011 1012//1012 1010//1010 
f 1009//1009 1010//1010 1008//1008 
f 1007//1007 1008//1008 1006//1006 
f 1005//1005 1006//1006 1004//1004 
f 1003//1003 1004//1004 999//999 
f 1001//1001 1002//1002 999//999 
f 998//998 1000//1000 997//997 
f 996//996 997//997 995//995 
f 994//994 995//995 993//993 
f 992//992 993//993 988//988 
f 990//990 991//991 988//988 
f 987//987 989//989 986//986 
f 985//985 986//986 984//984 
f 983//983 984//984 982//982 
f 981//981 982//982 980//980 
f 979//979 980//980 978//978 
f 977//977 978//978 976//976 
f 975//975 976//976 974//974 
f 973//973 974//974 972//972 
f 971//971 972//972 969//969 
f 968//968 970//970 969//969 
f 966//966 967//967 965//965 
f 964//964 965//965 963//963 
f 962//962 963//963 961//961 
f 960//960 961//961 958//958 
f 957//957 959//959 958//958 
f 955//955 956//956 954//954 
f 953//953 954//954 952//952 
f 951//951 952//952 950//950 
f 949//949 950//950 948//948 
f 947//947 948//948 946//946 
f 945//945 946//946 944//944 
f 943//943 944//944 942//942 
f 941//941 942//942 937//937 
f 939//939 940//940 937//937 
f 936//936 938//938 935//935 
f 934//934 935//935 933//933 
f 932//932 933//933 931//931 
f 930//930 931//931 926//926 
f 928//928 929//929 926//926 
f 925//925 927//927 924//924 
f 923//923 924//924 922//922 
f 921//921 922//922 920//920 
f 919//919 920//920 918//918 
f 917//917 918//918 915//915 
v 0.051 -0.0245 0.0135554 
v 0.051 -0.0269794 -0.00749079 
v 0.051 -0.0260113 -0.0103639 
v 0.051 -0.0276311 -0.0045299 
v 0.051 -0.0279589 0.00151589 
v 0.051 -0.0260113 0.0103639 
v 0.051 -0.0269794 0.00749079 
v 0.051 -0.0279589 -0.00151589 
v 0.051 -0.0247383 0.0131154 
v 0.051 -0.028 -1.27086e-17 
v 0.051 -0.0276311 0.0045299 
v 0.051 -0.0247383 -0.0131154 
v 0.051 -0.0245 -0.0135554 
vn 1 0 0 
vn 1 0 0 
vn 1 0 0 
vn 1 0 0 
vn 1 0 0 
vn 1 0 0 
vn 1 0 0 
vn 1 0 0 
vn 1 0 0 
vn 1 0 0 
vn 1 0 0 
vn 1 0 0 
vn 1 0 0 
f 1041//1041 1042//1042 1043//1043 
f 1041//1041 1044//1044 1042//1042 
f 1045//1045 1046//1046 1047//1047 
f 1041//1041 1048//1048 1044//1044 
f 1045//1045 1049//1049 1046//1046 
f 1041//1041 1050//1050 1048//1048 
f 1047//1047 1051//1051 1045//1045 
f 1043//1043 1052//1052 1041//1041 
f 1050//1050 1041//1041 1049//1049 
f 1045//1045 1050//1050 1049//1049 
f 1052//1052 1053//1053 1041//1041 
v 0.051 -0.00601917 -0.0273454 
v 0.051 0.00302733 -0.0278359 
v 0.051 0.00601917 -0.0273454 
v 0.051 0.00894044 -0.0265343 
v 0.051 -0.00302733 -0.0278359 
v 0.051 1.74793e-17 -0.028 
v 0.051 0.0117569 -0.0254121 
v 0.051 -0.0117569 -0.0254121 
v 0.051 -0.00894044 -0.0265343 
v 0.051 0.0135554 -0.0245 
v 0.051 -0.0135554 -0.0245 
vn 1 0 0 
vn 1 0 0 
vn 1 0 0 
vn 1 0 0 
vn 1 0 0 
vn 1 0 0 
vn 1 0 0 
vn 1 0 0 
vn 1 0 0 
vn 1 0 0 
vn 1 0 0 
f 1054//1054 1055//1055 1056//1056 
f 1056//1056 1057//1057 1054//1054 
f 1054//1054 1058//1058 1059//1059 
f 1059//1059 1055//1055 1054//1054 
f 1060//1060 1061//1061 1062//1062 
f 1062//1062 1054//1054 1060//1060 
f 1057//1057 1060//1060 1054//1054 
f 1063//1063 1064//1064 1061//1061 
f 1060//1060 1063//1063 1061//1061 
v 0.051 -0.0144355 -0.023992 
v 0.051 -0.0145602 -0.0245 
v 0.051 -0.0169259 -0.0229295 
v 0.051 -0.0229295 -0.0169259 
v 0.051 -0.0231753 -0.0157132 
v 0.051 -0.0213405 -0.0181268 
v 0.051 -0.0245 -0.0145602 
v 0.051 -0.0245 -0.0135554 
v 0.051 -0.0169449 -0.0222906 
v 0.051 -0.0191236 -0.0211314 
v 0.051 -0.0192556 -0.0203279 
v 0.051 -0.0211314 -0.0191236 
v 0.051 -0.0135554 -0.0245 
vn -1 2.56791e-31 0 
vn -1 2.56791e-31 0 
vn -1 2.56791e-31 0 
vn -1 2.56791e-31 0 
vn -1 2.56791e-31 0 
vn -1 2.56791e-31 0 
vn -1 2.56791e-31 0 
vn -1 2.56791e-31 0 
vn -1 2.56791e-31 0 
vn -1 2.56791e-31 0 
vn -1 2.56791e-31 0 
vn -1 2.56791e-31 0 
vn -1 2.56791e-31 0 
f 1065//1065 1066//1066 1067//1067 
f 1068//1068 1069//1069 1070//1070 
f 1071//1071 1072//1072 1069//1069 
f 1067//1067 1073//1073 1065//1065 
f 1073//1073 1067//1067 1074//1074 
f 1075//1075 1074//1074 1076//1076 
f 1069//1069 1068//1068 1071//1071 
f 1074//1074 1075//1075 1073//1073 
f 1070//1070 1076//1076 1068//1068 
f 1076//1076 1070//1070 1075//1075 
f 1065//1065 1077//1077 1066//1066 
v 0.051 -0.0145602 -0.0245 
v 0.057 -0.0145602 -0.0245 
v 0.057 -0.0169259 -0.0229295 
v 0.051 -0.0169259 -0.0229295 
v 0.057 -0.0191236 -0.0211314 
v 0.051 -0.0191236 -0.0211314 
v 0.057 -0.0211314 -0.0191236 
v 0.051 -0.0211314 -0.0191236 
v 0.057 -0.0229295 -0.0169259 
v 0.051 -0.0229295 -0.0169259 
v 0.057 -0.0245 -0.0145602 
v 0.051 -0.0245 -0.0145602 
vn 1.27822e-16 -0.510885 -0.859649 
vn 1.27822e-16 -0.510885 -0.859649 
vn 1.19628e-16 -0.593892 -0.804545 
vn 1.19628e-16 -0.593892 -0.804545 
vn 1.10247e-16 -0.671003 -0.741454 
vn 1.10247e-16 -0.671003 -0.741454 
vn 9.97719e-17 -0.741454 -0.671003 
vn 9.97719e-17 -0.741454 -0.671003 
vn 8.83061e-17 -0.804545 -0.593892 
vn 8.83061e-17 -0.804545 -0.593892 
vn 7.59638e-17 -0.859649 -0.510885 
vn 7.59638e-17 -0.859649 -0.510885 
f 1078//1078 1079//1079 1080//1080 
f 1081//1081 1080//1080 1082//1082 
f 1083//1083 1082//1082 1084//1084 
f 1085//1085 1084//1084 1086//1086 
f 1087//1087 1086//1086 1088//1088 
f 1088//1088 1089//1089 1087//1087 
f 1086//1086 1087//1087 1085//1085 
f 1084//1084 1085//1085 1083//1083 
f 1082//1082 1083//1083 1081//1081 
f 1080//1080 1081//1081 1078//1078 
v 0.057 -0.0245 -0.0145602 
v 0.057 -0.0229295 -0.0169259 
v 0.057 -0.0231753 -0.0157132 
v 0.057 -0.0211314 -0.0191236 
v 0.057 -0.0213405 -0.0181268 
v 0.057 -0.0192556 -0.0203279 
v 0.057 -0.0191236 -0.0211314 
v 0.057 -0.0169449 -0.0222906 
v 0.057 -0.0144355 -0.023992 
v 0.057 -0.0169259 -0.0229295 
v 0.057 -0.0145602 -0.0245 
v 0.057 -0.0135554 -0.0245 
v 0.057 -0.0245 -0.0135554 
vn 1 -2.56791e-31 0 
vn 1 -2.56791e-31 0 
vn 1 -2.56791e-31 0 
vn 1 -2.56791e-31 0 
vn 1 -2.56791e-31 0 
vn 1 -2.56791e-31 0 
vn 1 -2.56791e-31 0 
vn 1 -2.56791e-31 0 
vn 1 -2.56791e-31 0 
vn 1 -2.56791e-31 0 
vn 1 -2.56791e-31 0 
vn 1 -2.56791e-31 0 
vn 1 -2.56791e-31 0 
f 1090//1090 1091//1091 1092//1092 
f 1091//1091 1093//1093 1094//1094 
f 1094//1094 1092//1092 1091//1091 
f 1095//1095 1094//1094 1093//1093 
f 1093//1093 1096//1096 1095//1095 
f 1097//1097 1095//1095 1096//1096 
f 1098//1098 1097//1097 1099//1099 
f 1096//1096 1099//1099 1097//1097 
f 1100//1100 1101//1101 1098//1098 
f 1099//1099 1100//1100 1098//1098 
f 1092//1092 1102//1102 1090//1090 
v 0.051 0.0247383 0.0131154 
v 0.051 0.0279589 0.00151589 
v 0.051 0.0276311 0.0045299 
v 0.051 0.0269794 0.00749079 
v 0.051 0.0276311 -0.0045299 
v 0.051 0.0279589 -0.00151589 
v 0.051 0.0247383 -0.0131154 
v 0.051 0.0260113 -0.0103639 
v 0.051 0.0269794 -0.00749079 
v 0.051 0.0245 -0.0135554 
v 0.051 0.0260113 0.0103639 
v 0.051 0.0245 0.0135554 
vn 1 -2.56791e-31 0 
vn 1 -2.56791e-31 0 
vn 1 -2.56791e-31 0 
vn 1 -2.56791e-31 0 
vn 1 -2.56791e-31 0 
vn 1 -2.56791e-31 0 
vn 1 -2.56791e-31 0 
vn 1 -2.56791e-31 0 
vn 1 -2.56791e-31 0 
vn 1 -2.56791e-31 0 
vn 1 -2.56791e-31 0 
vn 1 -2.56791e-31 0 
f 1103//1103 1104//1104 1105//1105 
f 1105//1105 1106//1106 1103//1103 
f 1103//1103 1107//1107 1108//1108 
f 1103//1103 1109//1109 1110//1110 
f 1108//1108 1104//1104 1103//1103 
f 1110//1110 1111//1111 1103//1103 
f 1111//1111 1107//1107 1103//1103 
f 1103//1103 1112//1112 1109//1109 
f 1106//1106 1113//1113 1103//1103 
f 1103//1103 1114//1114 1112//1112 
v 0.051 0.0245 -0.0145602 
v 0.051 0.0229295 -0.0169259 
v 0.051 0.0231753 -0.0157132 
v 0.051 0.0211314 -0.0191236 
v 0.051 0.0213405 -0.0181268 
v 0.051 0.0144355 -0.023992 
v 0.051 0.0169449 -0.0222906 
v 0.051 0.0169259 -0.0229295 
v 0.051 0.0192556 -0.0203279 
v 0.051 0.0191236 -0.0211314 
v 0.051 0.0145602 -0.0245 
v 0.051 0.0135554 -0.0245 
v 0.051 0.0245 -0.0135554 
vn -1 2.56791e-31 0 
vn -1 2.56791e-31 0 
vn -1 2.56791e-31 0 
vn -1 2.56791e-31 0 
vn -1 2.56791e-31 0 
vn -1 2.56791e-31 0 
vn -1 2.56791e-31 0 
vn -1 2.56791e-31 0 
vn -1 2.56791e-31 0 
vn -1 2.56791e-31 0 
vn -1 2.56791e-31 0 
vn -1 2.56791e-31 0 
vn -1 2.56791e-31 0 
f 1115//1115 1116//1116 1117//1117 
f 1116//1116 1118//1118 1119//1119 
f 1120//1120 1121//1121 1122//1122 
f 1119//1119 1117//1117 1116//1116 
f 1123//1123 1119//1119 1118//1118 
f 1121//1121 1123//1123 1124//1124 
f 1125//1125 1126//1126 1120//1120 
f 1118//1118 1124//1124 1123//1123 
f 1122//1122 1125//1125 1120//1120 
f 1124//1124 1122//1122 1121//1121 
f 1117//1117 1127//1127 1115//1115 
v 0.051 0.0245 -0.0145602 
v 0.057 0.0245 -0.0145602 
v 0.057 0.0229295 -0.0169259 
v 0.051 0.0229295 -0.0169259 
v 0.057 0.0211314 -0.0191236 
v 0.051 0.0211314 -0.0191236 
v 0.057 0.0191236 -0.0211314 
v 0.051 0.0191236 -0.0211314 
v 0.057 0.0169259 -0.0229295 
v 0.051 0.0169259 -0.0229295 
v 0.057 0.0145602 -0.0245 
v 0.051 0.0145602 -0.0245 
vn 7.59638e-17 0.859649 -0.510885 
vn 7.59638e-17 0.859649 -0.510885 
vn 8.83061e-17 0.804545 -0.593892 
vn 8.83061e-17 0.804545 -0.593892 
vn 9.97719e-17 0.741454 -0.671003 
vn 9.97719e-17 0.741454 -0.671003 
vn 1.10247e-16 0.671003 -0.741454 
vn 1.10247e-16 0.671003 -0.741454 
vn 1.19628e-16 0.593892 -0.804545 
vn 1.19628e-16 0.593892 -0.804545 
vn 1.27822e-16 0.510885 -0.859649 
vn 1.27822e-16 0.510885 -0.859649 
f 1128//1128 1129//1129 1130//1130 
f 1131//1131 1130//1130 1132//1132 
f 1133//1133 1132//1132 1134//1134 
f 1135//1135 1134//1134 1136//1136 
f 1137//1137 1136//1136 1138//1138 
f 1138//1138 1139//1139 1137//1137 
f 1136//1136 1137//1137 1135//1135 
f 1134//1134 1135//1135 1133//1133 
f 1132//1132 1133//1133 1131//1131 
f 1130//1130 1131//1131 1128//1128 
v 0.057 0.0144355 -0.023992 
v 0.057 0.0145602 -0.0245 
v 0.057 0.0169259 -0.0229295 
v 0.057 0.0229295 -0.0169259 
v 0.057 0.0231753 -0.0157132 
v 0.057 0.0213405 -0.0181268 
v 0.057 0.0245 -0.0145602 
v 0.057 0.0245 -0.0135554 
v 0.057 0.0169449 -0.0222906 
v 0.057 0.0191236 -0.0211314 
v 0.057 0.0192556 -0.0203279 
v 0.057 0.0211314 -0.0191236 
v 0.057 0.0135554 -0.0245 
vn 1 -2.56791e-31 0 
vn 1 -2.56791e-31 0 
vn 1 -2.56791e-31 0 
vn 1 -2.56791e-31 0 
vn 1 -2.56791e-31 0 
vn 1 -2.56791e-31 0 
vn 1 -2.56791e-31 0 
vn 1 -2.56791e-31 0 
vn 1 -2.56791e-31 0 
vn 1 -2.56791e-31 0 
vn 1 -2.56791e-31 0 
vn 1 -2.56791e-31 0 
vn 1 -2.56791e-31 0 
f 1140//1140 1141//1141 1142//1142 
f 1143//1143 1144//1144 1145//1145 
f 1146//1146 1147//1147 1144//1144 
f 1142//1142 1148//1148 1140//1140 
f 1148//1148 1142//1142 1149//1149 
f 1150//1150 1149//1149 1151//1151 
f 1144//1144 1143//1143 1146//1146 
f 1149//1149 1150//1150 1148//1148 
f 1145//1145 1151//1151 1143//1143 
f 1151//1151 1145//1145 1150//1150 
f 1140//1140 1152//1152 1141//1141 
v 0.051 -0.0135554 -0.0245 
v 0.057 -0.0135554 -0.0245 
v 0.057 -0.0145602 -0.0245 
v 0.057 0.0135554 -0.0245 
v 0.051 0.0135554 -0.0245 
v 0.051 0.0145602 -0.0245 
v 0.057 0.0145602 -0.0245 
v 0.051 -0.0145602 -0.0245 
vn 0 0 -1 
vn 0 0 -1 
vn 0 0 -1 
vn 0 0 -1 
vn 0 0 -1 
vn 0 0 -1 
vn 0 0 -1 
vn 0 0 -1 
f 1153//1153 1154//1154 1155//1155 
f 1156//1156 1154//1154 1153//1153 
f 1153//1153 1157//1157 1156//1156 
f 1156//1156 1157//1157 1158//1158 
f 1158//1158 1159//1159 1156//1156 
f 1155//1155 1160//1160 1153//1153 
v 0.057 -0.00302733 -0.0278359 
v 0.057 0.00601917 -0.0273454 
v 0.057 0.00302733 -0.0278359 
v 0.057 0.0117569 -0.0254121 
v 0.057 -0.00601917 -0.0273454 
v 0.057 0.00894044 -0.0265343 
v 0.057 -0.00894044 -0.0265343 
v 0.057 7.19229e-18 -0.028 
v 0.057 -0.0117569 -0.0254121 
v 0.057 0.0135554 -0.0245 
v 0.057 -0.0135554 -0.0245 
vn -1 0 0 
vn -1 0 0 
vn -1 0 0 
vn -1 0 0 
vn -1 0 0 
vn -1 0 0 
vn -1 0 0 
vn -1 0 0 
vn -1 0 0 
vn -1 0 0 
vn -1 0 0 
f 1161//1161 1162//1162 1163//1163 
f 1164//1164 1161//1161 1165//1165 
f 1161//1161 1166//1166 1162//1162 
f 1165//1165 1167//1167 1164//1164 
f 1161//1161 1164//1164 1166//1166 
f 1163//1163 1168//1168 1161//1161 
f 1169//1169 1170//1170 1164//1164 
f 1167//1167 1169//1169 1164//1164 
f 1169//1169 1171//1171 1170//1170 
v 0.051 0.0117569 0.0254121 
v 0.051 -0.00601917 0.0273454 
v 0.051 -0.00894044 0.0265343 
v 0.051 0.00302733 0.0278359 
v 0.051 1.06213e-17 0.028 
v 0.051 0.00894044 0.0265343 
v 0.051 -0.00302733 0.0278359 
v 0.051 0.00601917 0.0273454 
v 0.051 -0.0117569 0.0254121 
v 0.051 0.0135554 0.0245 
v 0.051 -0.0135554 0.0245 
vn 1 0 0 
vn 1 0 0 
vn 1 0 0 
vn 1 0 0 
vn 1 0 0 
vn 1 0 0 
vn 1 0 0 
vn 1 0 0 
vn 1 0 0 
vn 1 0 0 
vn 1 0 0 
f 1172//1172 1173//1173 1174//1174 
f 1172//1172 1175//1175 1176//1176 
f 1175//1175 1172//1172 1177//1177 
f 1172//1172 1178//1178 1173//1173 
f 1177//1177 1179//1179 1175//1175 
f 1176//1176 1178//1178 1172//1172 
f 1180//1180 1181//1181 1172//1172 
f 1174//1174 1180//1180 1172//1172 
f 1180//1180 1182//1182 1181//1181 
v 0.051 0.0169449 0.0222906 
v 0.051 0.0169259 0.0229295 
v 0.051 0.0191236 0.0211314 
v 0.051 0.0192556 0.0203279 
v 0.051 0.0211314 0.0191236 
v 0.051 0.0229295 0.0169259 
v 0.051 0.0231753 0.0157132 
v 0.051 0.0213405 0.0181268 
v 0.051 0.0245 0.0145602 
v 0.051 0.0245 0.0135554 
v 0.051 0.0144355 0.023992 
v 0.051 0.0145602 0.0245 
v 0.051 0.0135554 0.0245 
vn -1 0 0 
vn -1 0 0 
vn -1 0 0 
vn -1 0 0 
vn -1 0 0 
vn -1 0 0 
vn -1 0 0 
vn -1 0 0 
vn -1 0 0 
vn -1 0 0 
vn -1 0 0 
vn -1 0 0 
vn -1 0 0 
f 1183//1183 1184//1184 1185//1185 
f 1186//1186 1185//1185 1187//1187 
f 1188//1188 1189//1189 1190//1190 
f 1191//1191 1192//1192 1189//1189 
f 1193//1193 1194//1194 1184//1184 
f 1187//1187 1190//1190 1186//1186 
f 1189//1189 1188//1188 1191//1191 
f 1184//1184 1183//1183 1193//1193 
f 1190//1190 1187//1187 1188//1188 
f 1185//1185 1186//1186 1183//1183 
f 1193//1193 1195//1195 1194//1194 
v 0.051 0.0145602 0.0245 
v 0.057 0.0145602 0.0245 
v 0.057 0.0169259 0.0229295 
v 0.051 0.0169259 0.0229295 
v 0.057 0.0191236 0.0211314 
v 0.051 0.0191236 0.0211314 
v 0.057 0.0211314 0.0191236 
v 0.051 0.0211314 0.0191236 
v 0.057 0.0229295 0.0169259 
v 0.051 0.0229295 0.0169259 
v 0.057 0.0245 0.0145602 
v 0.051 0.0245 0.0145602 
vn -1.27822e-16 0.510885 0.859649 
vn -1.27822e-16 0.510885 0.859649 
vn -1.19628e-16 0.593892 0.804545 
vn -1.19628e-16 0.593892 0.804545 
vn -1.10247e-16 0.671003 0.741454 
vn -1.10247e-16 0.671003 0.741454 
vn -9.97719e-17 0.741454 0.671003 
vn -9.97719e-17 0.741454 0.671003 
vn -8.83061e-17 0.804545 0.593892 
vn -8.83061e-17 0.804545 0.593892 
vn -7.59638e-17 0.859649 0.510885 
vn -7.59638e-17 0.859649 0.510885 
f 1196//1196 1197//1197 1198//1198 
f 1199//1199 1198//1198 1200//1200 
f 1201//1201 1200//1200 1202//1202 
f 1203//1203 1202//1202 1204//1204 
f 1205//1205 1204//1204 1206//1206 
f 1206//1206 1207//1207 1205//1205 
f 1204//1204 1205//1205 1203//1203 
f 1202//1202 1203//1203 1201//1201 
f 1200//1200 1201//1201 1199//1199 
f 1198//1198 1199//1199 1196//1196 
v 0.057 0.0245 0.0145602 
v 0.057 0.0229295 0.0169259 
v 0.057 0.0231753 0.0157132 
v 0.057 0.0211314 0.0191236 
v 0.057 0.0213405 0.0181268 
v 0.057 0.0144355 0.023992 
v 0.057 0.0169449 0.0222906 
v 0.057 0.0169259 0.0229295 
v 0.057 0.0192556 0.0203279 
v 0.057 0.0191236 0.0211314 
v 0.057 0.0145602 0.0245 
v 0.057 0.0135554 0.0245 
v 0.057 0.0245 0.0135554 
vn 1 -2.56791e-31 0 
vn 1 -2.56791e-31 0 
vn 1 -2.56791e-31 0 
vn 1 -2.56791e-31 0 
vn 1 -2.56791e-31 0 
vn 1 -2.56791e-31 0 
vn 1 -2.56791e-31 0 
vn 1 -2.56791e-31 0 
vn 1 -2.56791e-31 0 
vn 1 -2.56791e-31 0 
vn 1 -2.56791e-31 0 
vn 1 -2.56791e-31 0 
vn 1 -2.56791e-31 0 
f 1208//1208 1209//1209 1210//1210 
f 1209//1209 1211//1211 1212//1212 
f 1213//1213 1214//1214 1215//1215 
f 1212//1212 1210//1210 1209//1209 
f 1216//1216 1212//1212 1211//1211 
f 1214//1214 1216//1216 1217//1217 
f 1218//1218 1219//1219 1213//1213 
f 1211//1211 1217//1217 1216//1216 
f 1215//1215 1218//1218 1213//1213 
f 1217//1217 1215//1215 1214//1214 
f 1210//1210 1220//1220 1208//1208 
v 0.051 0.0245 -0.0135554 
v 0.057 0.0245 -0.0135554 
v 0.057 0.0245 -0.0145602 
v 0.057 0.0245 0.0135554 
v 0.051 0.0245 0.0135554 
v 0.051 0.0245 0.0145602 
v 0.057 0.0245 0.0145602 
v 0.051 0.0245 -0.0145602 
vn 0 1 0 
vn 0 1 0 
vn 0 1 0 
vn 0 1 0 
vn 0 1 0 
vn 0 1 0 
vn 0 1 0 
vn 0 1 0 
f 1221//1221 1222//1222 1223//1223 
f 1224//1224 1222//1222 1221//1221 
f 1221//1221 1225//1225 1224//1224 
f 1225//1225 1226//1226 1227//1227 
f 1227//1227 1224//1224 1225//1225 
f 1223//1223 1228//1228 1221//1221 
v 0.057 0.0245 -0.0135554 
v 0.057 0.0269794 0.00749079 
v 0.057 0.0276311 0.0045299 
v 0.057 0.0276311 -0.0045299 
v 0.057 0.0269794 -0.00749079 
v 0.057 0.0260113 -0.0103639 
v 0.057 0.0260113 0.0103639 
v 0.057 0.0247383 -0.0131154 
v 0.057 0.0279589 -0.00151589 
v 0.057 0.0247383 0.0131154 
v 0.057 0.028 -5.85058e-18 
v 0.057 0.0279589 0.00151589 
v 0.057 0.0245 0.0135554 
vn -1 0 0 
vn -1 0 0 
vn -1 0 0 
vn -1 0 0 
vn -1 0 0 
vn -1 0 0 
vn -1 0 0 
vn -1 0 0 
vn -1 0 0 
vn -1 0 0 
vn -1 0 0 
vn -1 0 0 
vn -1 0 0 
f 1229//1229 1230//1230 1231//1231 
f 1232//1232 1233//1233 1234//1234 
f 1229//1229 1235//1235 1230//1230 
f 1236//1236 1237//1237 1232//1232 
f 1229//1229 1238//1238 1235//1235 
f 1236//1236 1239//1239 1237//1237 
f 1231//1231 1240//1240 1229//1229 
f 1234//1234 1236//1236 1232//1232 
f 1229//1229 1241//1241 1238//1238 
f 1240//1240 1239//1239 1229//1229 
f 1236//1236 1229//1229 1239//1239 
v 0.051 -0.0245 0.0145602 
v 0.051 -0.0229295 0.0169259 
v 0.051 -0.0231753 0.0157132 
v 0.051 -0.0211314 0.0191236 
v 0.051 -0.0213405 0.0181268 
v 0.051 -0.0144355 0.023992 
v 0.051 -0.0169449 0.0222906 
v 0.051 -0.0169259 0.0229295 
v 0.051 -0.0192556 0.0203279 
v 0.051 -0.0191236 0.0211314 
v 0.051 -0.0145602 0.0245 
v 0.051 -0.0135554 0.0245 
v 0.051 -0.0245 0.0135554 
vn -1 0 0 
vn -1 0 0 
vn -1 0 0 
vn -1 0 0 
vn -1 0 0 
vn -1 0 0 
vn -1 0 0 
vn -1 0 0 
vn -1 0 0 
vn -1 0 0 
vn -1 0 0 
vn -1 0 0 
vn -1 0 0 
f 1242//1242 1243//1243 1244//1244 
f 1243//1243 1245//1245 1246//1246 
f 1247//1247 1248//1248 1249//1249 
f 1246//1246 1244//1244 1243//1243 
f 1250//1250 1246//1246 1245//1245 
f 1248//1248 1250//1250 1251//1251 
f 1252//1252 1253//1253 1247//1247 
f 1245//1245 1251//1251 1250//1250 
f 1249//1249 1252//1252 1247//1247 
f 1251//1251 1249//1249 1248//1248 
f 1244//1244 1254//1254 1242//1242 
v 0.051 -0.0245 0.0145602 
v 0.057 -0.0245 0.0145602 
v 0.057 -0.0229295 0.0169259 
v 0.051 -0.0229295 0.0169259 
v 0.057 -0.0211314 0.0191236 
v 0.051 -0.0211314 0.0191236 
v 0.057 -0.0191236 0.0211314 
v 0.051 -0.0191236 0.0211314 
v 0.057 -0.0169259 0.0229295 
v 0.051 -0.0169259 0.0229295 
v 0.057 -0.0145602 0.0245 
v 0.051 -0.0145602 0.0245 
vn -7.59638e-17 -0.859649 0.510885 
vn -7.59638e-17 -0.859649 0.510885 
vn -8.83061e-17 -0.804545 0.593892 
vn -8.83061e-17 -0.804545 0.593892 
vn -9.97719e-17 -0.741454 0.671003 
vn -9.97719e-17 -0.741454 0.671003 
vn -1.10247e-16 -0.671003 0.741454 
vn -1.10247e-16 -0.671003 0.741454 
vn -1.19628e-16 -0.593892 0.804545 
vn -1.19628e-16 -0.593892 0.804545 
vn -1.27822e-16 -0.510885 0.859649 
vn -1.27822e-16 -0.510885 0.859649 
f 1255//1255 1256//1256 1257//1257 
f 1258//1258 1257//1257 1259//1259 
f 1260//1260 1259//1259 1261//1261 
f 1262//1262 1261//1261 1263//1263 
f 1264//1264 1263//1263 1265//1265 
f 1265//1265 1266//1266 1264//1264 
f 1263//1263 1264//1264 1262//1262 
f 1261//1261 1262//1262 1260//1260 
f 1259//1259 1260//1260 1258//1258 
f 1257//1257 1258//1258 1255//1255 
v 0.057 -0.0144355 0.023992 
v 0.057 -0.0145602 0.0245 
v 0.057 -0.0169259 0.0229295 
v 0.057 -0.0169449 0.0222906 
v 0.057 -0.0191236 0.0211314 
v 0.057 -0.0192556 0.0203279 
v 0.057 -0.0211314 0.0191236 
v 0.057 -0.0229295 0.0169259 
v 0.057 -0.0231753 0.0157132 
v 0.057 -0.0213405 0.0181268 
v 0.057 -0.0245 0.0145602 
v 0.057 -0.0245 0.0135554 
v 0.057 -0.0135554 0.0245 
vn 1 -2.56791e-31 0 
vn 1 -2.56791e-31 0 
vn 1 -2.56791e-31 0 
vn 1 -2.56791e-31 0 
vn 1 -2.56791e-31 0 
vn 1 -2.56791e-31 0 
vn 1 -2.56791e-31 0 
vn 1 -2.56791e-31 0 
vn 1 -2.56791e-31 0 
vn 1 -2.56791e-31 0 
vn 1 -2.56791e-31 0 
vn 1 -2.56791e-31 0 
vn 1 -2.56791e-31 0 
f 1267//1267 1268//1268 1269//1269 
f 1269//1269 1270//1270 1267//1267 
f 1270//1270 1269//1269 1271//1271 
f 1271//1271 1272//1272 1270//1270 
f 1272//1272 1271//1271 1273//1273 
f 1274//1274 1275//1275 1276//1276 
f 1277//1277 1278//1278 1275//1275 
f 1273//1273 1276//1276 1272//1272 
f 1275//1275 1274//1274 1277//1277 
f 1276//1276 1273//1273 1274//1274 
f 1267//1267 1279//1279 1268//1268 
v 0.057 -0.0245 0.0135554 
v 0.057 -0.0245 0.0145602 
v 0.051 -0.0245 0.0145602 
v 0.051 -0.0245 0.0135554 
v 0.051 -0.0245 -0.0135554 
v 0.057 -0.0245 -0.0135554 
v 0.057 -0.0245 -0.0145602 
v 0.051 -0.0245 -0.0145602 
vn 0 -1 0 
vn 0 -1 0 
vn 0 -1 0 
vn 0 -1 0 
vn 0 -1 0 
vn 0 -1 0 
vn 0 -1 0 
vn 0 -1 0 
f 1280//1280 1281//1281 1282//1282 
f 1283//1283 1284//1284 1285//1285 
f 1285//1285 1280//1280 1283//1283 
f 1286//1286 1285//1285 1284//1284 
f 1284//1284 1287//1287 1286//1286 
f 1282//1282 1283//1283 1280//1280 
v 0.057 -0.0279589 0.00151589 
v 0.057 -0.0276311 0.0045299 
v 0.057 -0.0269794 0.00749079 
v 0.057 -0.0260113 0.0103639 
v 0.057 -0.0276311 -0.0045299 
v 0.057 -0.0279589 -0.00151589 
v 0.057 -0.0247383 0.0131154 
v 0.057 -0.0260113 -0.0103639 
v 0.057 -0.0269794 -0.00749079 
v 0.057 -0.0247383 -0.0131154 
v 0.057 -0.0245 0.0135554 
v 0.057 -0.0245 -0.0135554 
vn -1 0 0 
vn -1 0 0 
vn -1 0 0 
vn -1 0 0 
vn -1 0 0 
vn -1 0 0 
vn -1 0 0 
vn -1 0 0 
vn -1 0 0 
vn -1 0 0 
vn -1 0 0 
vn -1 0 0 
f 1288//1288 1289//1289 1290//1290 
f 1291//1291 1292//1292 1293//1293 
f 1293//1293 1288//1288 1291//1291 
f 1294//1294 1295//1295 1296//1296 
f 1290//1290 1291//1291 1288//1288 
f 1294//1294 1297//1297 1295//1295 
f 1296//1296 1292//1292 1294//1294 
f 1291//1291 1294//1294 1292//1292 
f 1298//1298 1299//1299 1297//1297 
f 1294//1294 1298//1298 1297//1297 
v 0.057 0.0135554 0.0245 
v 0.057 0.0145602 0.0245 
v 0.051 0.0145602 0.0245 
v 0.057 -0.0135554 0.0245 
v 0.051 0.0135554 0.0245 
v 0.051 -0.0135554 0.0245 
v 0.057 -0.0145602 0.0245 
v 0.051 -0.0145602 0.0245 
vn 0 0 1 
vn 0 0 1 
vn 0 0 1 
vn 0 0 1 
vn 0 0 1 
vn 0 0 1 
vn 0 0 1 
vn 0 0 1 
f 1300//1300 1301//1301 1302//1302 
f 1303//1303 1300//1300 1304//1304 
f 1304//1304 1305//1305 1303//1303 
f 1306//1306 1303//1303 1305//1305 
f 1305//1305 1307//1307 1306//1306 
f 1302//1302 1304//1304 1300//1300 
v 0.057 0.0117569 0.0254121 
v 0.057 0.00302733 0.0278359 
v 0.057 0.00601917 0.0273454 
v 0.057 -0.00302733 0.0278359 
v 0.057 1.40503e-17 0.028 
v 0.057 -0.00894044 0.0265343 
v 0.057 -0.00601917 0.0273454 
v 0.057 -0.0117569 0.0254121 
v 0.057 0.00894044 0.0265343 
v 0.057 0.0135554 0.0245 
v 0.057 -0.0135554 0.0245 
vn -1 0 0 
vn -1 0 0 
vn -1 0 0 
vn -1 0 0 
vn -1 0 0 
vn -1 0 0 
vn -1 0 0 
vn -1 0 0 
vn -1 0 0 
vn -1 0 0 
vn -1 0 0 
f 1308//1308 1309//1309 1310//1310 
f 1308//1308 1311//1311 1312//1312 
f 1308//1308 1313//1313 1314//1314 
f 1312//1312 1309//1309 1308//1308 
f 1308//1308 1315//1315 1313//1313 
f 1314//1314 1311//1311 1308//1308 
f 1310//1310 1316//1316 1308//1308 
f 1317//1317 1318//1318 1315//1315 
f 1308//1308 1317//1317 1315//1315 
v 0.0575 0.0285 -5.85058e-18 
v 0.057 0.028 -5.85058e-18 
v 0.057 0.0279589 0.00151589 
v 0.0575 0.0284582 0.00154296 
v 0.057 0.0276311 0.0045299 
v 0.0575 0.0281246 0.00461079 
v 0.057 0.0269794 0.00749079 
v 0.0575 0.0274612 0.00762456 
v 0.057 0.0260113 0.0103639 
v 0.0575 0.0264758 0.0105489 
v 0.057 0.0247383 0.0131154 
v 0.0575 0.0235891 0.0159938 
v 0.0575 0.0251801 0.0133496 
v 0.057 0.0245 0.0135554 
v 0.057 0.0231753 0.0157132 
v 0.057 0.0213405 0.0181268 
v 0.0575 0.0217216 0.0184505 
v 0.057 0.0192556 0.0203279 
v 0.0575 0.0195994 0.0206909 
v 0.057 0.0169449 0.0222906 
v 0.0575 0.0172475 0.0226887 
v 0.057 0.0144355 0.023992 
v 0.0575 0.0119668 0.0258659 
v 0.0575 0.0146933 0.0244204 
v 0.057 0.0135554 0.0245 
v 0.057 0.0117569 0.0254121 
v 0.057 0.00894044 0.0265343 
v 0.0575 0.00910009 0.0270081 
v 0.057 0.00601917 0.0273454 
v 0.0575 0.00612666 0.0278337 
v 0.057 0.00302733 0.0278359 
v 0.0575 0.00308139 0.0283329 
v 0.057 1.40503e-17 0.028 
v 0.0575 1.40809e-17 0.0285 
v 0.057 -0.00302733 0.0278359 
v 0.0575 -0.00308139 0.0283329 
v 0.057 -0.00601917 0.0273454 
v 0.0575 -0.00612666 0.0278337 
v 0.057 -0.00894044 0.0265343 
v 0.0575 -0.00910009 0.0270081 
v 0.057 -0.0117569 0.0254121 
v 0.0575 -0.0119668 0.0258659 
v 0.057 -0.0135554 0.0245 
v 0.0575 -0.0146933 0.0244204 
v 0.057 -0.0144355 0.023992 
v 0.057 -0.0169449 0.0222906 
v 0.0575 -0.0172475 0.0226887 
v 0.057 -0.0192556 0.0203279 
v 0.0575 -0.0195994 0.0206909 
v 0.057 -0.0213405 0.0181268 
v 0.0575 -0.0217216 0.0184505 
v 0.057 -0.0231753 0.0157132 
v 0.0575 -0.0235891 0.0159938 
v 0.057 -0.0245 0.0135554 
v 0.0575 -0.0251801 0.0133496 
v 0.057 -0.0247383 0.0131154 
v 0.057 -0.0260113 0.0103639 
v 0.0575 -0.0264758 0.0105489 
v 0.057 -0.0269794 0.00749079 
v 0.0575 -0.0274612 0.00762456 
v 0.057 -0.0276311 0.0045299 
v 0.0575 -0.0281246 0.00461079 
v 0.057 -0.0279589 0.00151589 
v 0.057 -0.0279589 -0.00151589 
v 0.0575 -0.0285 -2.36033e-18 
v 0.0575 -0.0284582 -0.00154296 
v 0.057 -0.0276311 -0.0045299 
v 0.0575 -0.0281246 -0.00461079 
v 0.057 -0.0269794 -0.00749079 
v 0.0575 -0.0274612 -0.00762456 
v 0.057 -0.0260113 -0.0103639 
v 0.0575 -0.0264758 -0.0105489 
v 0.057 -0.0247383 -0.0131154 
v 0.0575 -0.0235891 -0.0159938 
v 0.0575 -0.0251801 -0.0133496 
v 0.057 -0.0245 -0.0135554 
v 0.057 -0.0231753 -0.0157132 
v 0.057 -0.0213405 -0.0181268 
v 0.0575 -0.0217216 -0.0184505 
v 0.057 -0.0192556 -0.0203279 
v 0.0575 -0.0195994 -0.0206909 
v 0.057 -0.0169449 -0.0222906 
v 0.0575 -0.0172475 -0.0226887 
v 0.057 -0.0144355 -0.023992 
v 0.0575 -0.0119668 -0.0258659 
v 0.0575 -0.0146933 -0.0244204 
v 0.057 -0.0135554 -0.0245 
v 0.057 -0.0117569 -0.0254121 
v 0.057 -0.00894044 -0.0265343 
v 0.0575 -0.00910009 -0.0270081 
v 0.057 -0.00601917 -0.0273454 
v 0.0575 -0.00612666 -0.0278337 
v 0.057 -0.00302733 -0.0278359 
v 0.0575 -0.00308139 -0.0283329 
v 0.057 7.19229e-18 -0.028 
v 0.0575 7.10045e-18 -0.0285 
v 0.057 0.00302733 -0.0278359 
v 0.0575 0.00308139 -0.0283329 
v 0.057 0.00601917 -0.0273454 
v 0.0575 0.00612666 -0.0278337 
v 0.057 0.00894044 -0.0265343 
v 0.0575 0.00910009 -0.0270081 
v 0.057 0.0117569 -0.0254121 
v 0.0575 0.0119668 -0.0258659 
v 0.057 0.0135554 -0.0245 
v 0.0575 0.0146933 -0.0244204 
v 0.057 0.0144355 -0.023992 
v 0.057 0.0169449 -0.0222906 
v 0.0575 0.0172475 -0.0226887 
v 0.057 0.0192556 -0.0203279 
v 0.0575 0.0195994 -0.0206909 
v 0.057 0.0213405 -0.0181268 
v 0.0575 0.0217216 -0.0184505 
v 0.057 0.0231753 -0.0157132 
v 0.0575 0.0235891 -0.0159938 
v 0.057 0.0245 -0.0135554 
v 0.0575 0.0251801 -0.0133496 
v 0.057 0.0247383 -0.0131154 
v 0.057 0.0260113 -0.0103639 
v 0.0575 0.0264758 -0.0105489 
v 0.057 0.0269794 -0.00749079 
v 0.0575 0.0274612 -0.00762456 
v 0.057 0.0276311 -0.0045299 
v 0.0575 0.0281246 -0.00461079 
v 0.057 0.0279589 -0.00151589 
v 0.0575 0.0284582 -0.00154296 
v 0.0575 -0.0284582 0.00154296 
vn -0.707107 0.707107 0 
vn -0.707107 0.707107 0 
vn -0.707107 0.70607 0.038282 
vn -0.707107 0.70607 0.038282 
vn -0.707107 0.697792 0.114397 
vn -0.707107 0.697792 0.114397 
vn -0.707107 0.681333 0.189171 
vn -0.707107 0.681333 0.189171 
vn -0.707107 0.656886 0.261727 
vn -0.707107 0.656886 0.261727 
vn -0.707107 0.624737 0.331215 
vn -0.707107 0.585265 0.396819 
vn -0.707107 0.624737 0.331215 
vn -0.707107 0.618718 0.342327 
vn -0.707107 0.585265 0.396819 
vn -0.707107 0.53893 0.457771 
vn -0.707107 0.53893 0.457771 
vn -0.707107 0.486277 0.513356 
vn -0.707107 0.486277 0.513356 
vn -0.707107 0.427923 0.562923 
vn -0.707107 0.427923 0.562923 
vn -0.707107 0.364552 0.60589 
vn -0.707107 0.296906 0.641753 
vn -0.707107 0.364552 0.60589 
vn -0.707107 0.342327 0.618718 
vn -0.707107 0.296906 0.641753 
vn -0.707107 0.22578 0.670092 
vn -0.707107 0.22578 0.670092 
vn -0.707107 0.152007 0.690575 
vn -0.707107 0.152007 0.690575 
vn -0.707107 0.0764517 0.702962 
vn -0.707107 0.0764517 0.702962 
vn -0.707107 4.32978e-17 0.707107 
vn -0.707107 4.32978e-17 0.707107 
vn -0.707107 -0.0764517 0.702962 
vn -0.707107 -0.0764517 0.702962 
vn -0.707107 -0.152007 0.690575 
vn -0.707107 -0.152007 0.690575 
vn -0.707107 -0.22578 0.670092 
vn -0.707107 -0.22578 0.670092 
vn -0.707107 -0.296906 0.641753 
vn -0.707107 -0.296906 0.641753 
vn -0.707107 -0.342327 0.618718 
vn -0.707107 -0.364552 0.60589 
vn -0.707107 -0.364552 0.60589 
vn -0.707107 -0.427923 0.562923 
vn -0.707107 -0.427923 0.562923 
vn -0.707107 -0.486277 0.513356 
vn -0.707107 -0.486277 0.513356 
vn -0.707107 -0.53893 0.457771 
vn -0.707107 -0.53893 0.457771 
vn -0.707107 -0.585265 0.396819 
vn -0.707107 -0.585265 0.396819 
vn -0.707107 -0.618718 0.342327 
vn -0.707107 -0.624737 0.331215 
vn -0.707107 -0.624737 0.331215 
vn -0.707107 -0.656886 0.261727 
vn -0.707107 -0.656886 0.261727 
vn -0.707107 -0.681333 0.189171 
vn -0.707107 -0.681333 0.189171 
vn -0.707107 -0.697792 0.114397 
vn -0.707107 -0.697792 0.114397 
vn -0.707107 -0.70607 0.038282 
vn -0.707107 -0.70607 -0.038282 
vn -0.707107 -0.707107 8.65956e-17 
vn -0.707107 -0.70607 -0.038282 
vn -0.707107 -0.697792 -0.114397 
vn -0.707107 -0.697792 -0.114397 
vn -0.707107 -0.681333 -0.189171 
vn -0.707107 -0.681333 -0.189171 
vn -0.707107 -0.656886 -0.261727 
vn -0.707107 -0.656886 -0.261727 
vn -0.707107 -0.624737 -0.331215 
vn -0.707107 -0.585265 -0.396819 
vn -0.707107 -0.624737 -0.331215 
vn -0.707107 -0.618718 -0.342327 
vn -0.707107 -0.585265 -0.396819 
vn -0.707107 -0.53893 -0.457771 
vn -0.707107 -0.53893 -0.457771 
vn -0.707107 -0.486277 -0.513356 
vn -0.707107 -0.486277 -0.513356 
vn -0.707107 -0.427923 -0.562923 
vn -0.707107 -0.427923 -0.562923 
vn -0.707107 -0.364552 -0.60589 
vn -0.707107 -0.296906 -0.641753 
vn -0.707107 -0.364552 -0.60589 
vn -0.707107 -0.342327 -0.618718 
vn -0.707107 -0.296906 -0.641753 
vn -0.707107 -0.22578 -0.670092 
vn -0.707107 -0.22578 -0.670092 
vn -0.707107 -0.152007 -0.690575 
vn -0.707107 -0.152007 -0.690575 
vn -0.707107 -0.0764517 -0.702962 
vn -0.707107 -0.0764517 -0.702962 
vn -0.707107 -1.29893e-16 -0.707107 
vn -0.707107 -1.29893e-16 -0.707107 
vn -0.707107 0.0764517 -0.702962 
vn -0.707107 0.0764517 -0.702962 
vn -0.707107 0.152007 -0.690575 
vn -0.707107 0.152007 -0.690575 
vn -0.707107 0.22578 -0.670092 
vn -0.707107 0.22578 -0.670092 
vn -0.707107 0.296906 -0.641753 
vn -0.707107 0.296906 -0.641753 
vn -0.707107 0.342327 -0.618718 
vn -0.707107 0.364552 -0.60589 
vn -0.707107 0.364552 -0.60589 
vn -0.707107 0.427923 -0.562923 
vn -0.707107 0.427923 -0.562923 
vn -0.707107 0.486277 -0.513356 
vn -0.707107 0.486277 -0.513356 
vn -0.707107 0.53893 -0.457771 
vn -0.707107 0.53893 -0.457771 
vn -0.707107 0.585265 -0.396819 
vn -0.707107 0.585265 -0.396819 
vn -0.707107 0.618718 -0.342327 
vn -0.707107 0.624737 -0.331215 
vn -0.707107 0.624737 -0.331215 
vn -0.707107 0.656886 -0.261727 
vn -0.707107 0.656886 -0.261727 
vn -0.707107 0.681333 -0.189171 
vn -0.707107 0.681333 -0.189171 
vn -0.707107 0.697792 -0.114397 
vn -0.707107 0.697792 -0.114397 
vn -0.707107 0.70607 -0.038282 
vn -0.707107 0.70607 -0.038282 
vn -0.707107 -0.70607 0.038282 
f 1319//1319 1320//1320 1321//1321 
f 1322//1322 1321//1321 1323//1323 
f 1324//1324 1323//1323 1325//1325 
f 1326//1326 1325//1325 1327//1327 
f 1328//1328 1327//1327 1329//1329 
f 1330//1330 1331//1331 1332//1332 
f 1331//1331 1329//1329 1332//1332 
f 1330//1330 1333//1333 1334//1334 
f 1335//1335 1334//1334 1336//1336 
f 1337//1337 1336//1336 1338//1338 
f 1339//1339 1338//1338 1340//1340 
f 1341//1341 1342//1342 1343//1343 
f 1342//1342 1340//1340 1343//1343 
f 1341//1341 1344//1344 1345//1345 
f 1346//1346 1345//1345 1347//1347 
f 1348//1348 1347//1347 1349//1349 
f 1350//1350 1349//1349 1351//1351 
f 1352//1352 1351//1351 1353//1353 
f 1354//1354 1353//1353 1355//1355 
f 1356//1356 1355//1355 1357//1357 
f 1358//1358 1357//1357 1359//1359 
f 1360//1360 1359//1359 1361//1361 
f 1361//1361 1362//1362 1360//1360 
f 1362//1362 1363//1363 1364//1364 
f 1365//1365 1364//1364 1366//1366 
f 1367//1367 1366//1366 1368//1368 
f 1369//1369 1368//1368 1370//1370 
f 1371//1371 1370//1370 1372//1372 
f 1372//1372 1373//1373 1371//1371 
f 1373//1373 1374//1374 1375//1375 
f 1376//1376 1375//1375 1377//1377 
f 1378//1378 1377//1377 1379//1379 
f 1380//1380 1379//1379 1381//1381 
f 1381//1381 1382//1382 1383//1383 
f 1382//1382 1384//1384 1383//1383 
f 1384//1384 1382//1382 1385//1385 
f 1386//1386 1385//1385 1387//1387 
f 1388//1388 1387//1387 1389//1389 
f 1390//1390 1389//1389 1391//1391 
f 1392//1392 1393//1393 1394//1394 
f 1393//1393 1391//1391 1394//1394 
f 1392//1392 1395//1395 1396//1396 
f 1397//1397 1396//1396 1398//1398 
f 1399//1399 1398//1398 1400//1400 
f 1401//1401 1400//1400 1402//1402 
f 1403//1403 1404//1404 1405//1405 
f 1404//1404 1402//1402 1405//1405 
f 1403//1403 1406//1406 1407//1407 
f 1408//1408 1407//1407 1409//1409 
f 1410//1410 1409//1409 1411//1411 
f 1412//1412 1411//1411 1413//1413 
f 1414//1414 1413//1413 1415//1415 
f 1416//1416 1415//1415 1417//1417 
f 1418//1418 1417//1417 1419//1419 
f 1420//1420 1419//1419 1421//1421 
f 1422//1422 1421//1421 1423//1423 
f 1423//1423 1424//1424 1422//1422 
f 1424//1424 1425//1425 1426//1426 
f 1427//1427 1426//1426 1428//1428 
f 1429//1429 1428//1428 1430//1430 
f 1431//1431 1430//1430 1432//1432 
f 1433//1433 1432//1432 1434//1434 
f 1434//1434 1435//1435 1433//1433 
f 1435//1435 1436//1436 1437//1437 
f 1438//1438 1437//1437 1439//1439 
f 1440//1440 1439//1439 1441//1441 
f 1442//1442 1441//1441 1443//1443 
f 1444//1444 1443//1443 1320//1320 
f 1320//1320 1319//1319 1444//1444 
f 1443//1443 1444//1444 1442//1442 
f 1441//1441 1442//1442 1440//1440 
f 1439//1439 1440//1440 1438//1438 
f 1437//1437 1438//1438 1435//1435 
f 1434//1434 1436//1436 1435//1435 
f 1432//1432 1433//1433 1431//1431 
f 1430//1430 1431//1431 1429//1429 
f 1428//1428 1429//1429 1427//1427 
f 1426//1426 1427//1427 1424//1424 
f 1423//1423 1425//1425 1424//1424 
f 1421//1421 1422//1422 1420//1420 
f 1419//1419 1420//1420 1418//1418 
f 1417//1417 1418//1418 1416//1416 
f 1415//1415 1416//1416 1414//1414 
f 1413//1413 1414//1414 1412//1412 
f 1411//1411 1412//1412 1410//1410 
f 1409//1409 1410//1410 1408//1408 
f 1407//1407 1408//1408 1403//1403 
f 1405//1405 1406//1406 1403//1403 
f 1402//1402 1404//1404 1401//1401 
f 1400//1400 1401//1401 1399//1399 
f 1398//1398 1399//1399 1397//1397 
f 1396//1396 1397//1397 1392//1392 
f 1394//1394 1395//1395 1392//1392 
f 1391//1391 1393//1393 1390//1390 
f 1389//1389 1390//1390 1388//1388 
f 1387//1387 1388//1388 1386//1386 
f 1385//1385 1386//1386 1384//1384 
f 1383//1383 1445//1445 1381//1381 
f 1381//1381 1445//1445 1380//1380 
f 1379//1379 1380//1380 1378//1378 
f 1377//1377 1378//1378 1376//1376 
f 1375//1375 1376//1376 1373//1373 
f 1372//1372 1374//1374 1373//1373 
f 1370//1370 1371//1371 1369//1369 
f 1368//1368 1369//1369 1367//1367 
f 1366//1366 1367//1367 1365//1365 
f 1364//1364 1365//1365 1362//1362 
f 1361//1361 1363//1363 1362//1362 
f 1359//1359 1360//1360 1358//1358 
f 1357//1357 1358//1358 1356//1356 
f 1355//1355 1356//1356 1354//1354 
f 1353//1353 1354//1354 1352//1352 
f 1351//1351 1352//1352 1350//1350 
f 1349//1349 1350//1350 1348//1348 
f 1347//1347 1348//1348 1346//1346 
f 1345//1345 1346//1346 1341//1341 
f 1343//1343 1344//1344 1341//1341 
f 1340//1340 1342//1342 1339//1339 
f 1338//1338 1339//1339 1337//1337 
f 1336//1336 1337//1337 1335//1335 
f 1334//1334 1335//1335 1330//1330 
f 1332//1332 1333//1333 1330//1330 
f 1329//1329 1331//1331 1328//1328 
f 1327//1327 1328//1328 1326//1326 
f 1325//1325 1326//1326 1324//1324 
f 1323//1323 1324//1324 1322//1322 
f 1321//1321 1322//1322 1319//1319 
v 0.0575 1.40809e-17 0.0285 
v 0.102 5.11068e-18 0.0285 
v 0.102 0.00308139 0.0283329 
v 0.0575 0.00308139 0.0283329 
v 0.102 0.00612666 0.0278337 
v 0.0575 0.00612666 0.0278337 
v 0.102 0.00910009 0.0270081 
v 0.0575 0.00910009 0.0270081 
v 0.102 0.0119668 0.0258659 
v 0.0575 0.0119668 0.0258659 
v 0.102 0.0146933 0.0244204 
v 0.0575 0.0146933 0.0244204 
v 0.102 0.0172475 0.0226887 
v 0.0575 0.0172475 0.0226887 
v 0.102 0.0195994 0.0206909 
v 0.0575 0.0195994 0.0206909 
v 0.102 0.0217216 0.0184505 
v 0.0575 0.0217216 0.0184505 
v 0.102 0.0235891 0.0159938 
v 0.0575 0.0235891 0.0159938 
v 0.102 0.0251801 0.0133496 
v 0.0575 0.0251801 0.0133496 
v 0.102 0.0264758 0.0105489 
v 0.0575 0.0264758 0.0105489 
v 0.102 0.0274612 0.00762456 
v 0.0575 0.0274612 0.00762456 
v 0.102 0.0281246 0.00461079 
v 0.0575 0.0281246 0.00461079 
v 0.102 0.0284582 0.00154296 
v 0.102 0.0284582 -0.00154296 
v 0.0575 0.0285 -5.85058e-18 
v 0.0575 0.0284582 -0.00154296 
v 0.102 0.0281246 -0.00461079 
v 0.0575 0.0281246 -0.00461079 
v 0.102 0.0274612 -0.00762456 
v 0.0575 0.0274612 -0.00762456 
v 0.102 0.0264758 -0.0105489 
v 0.0575 0.0264758 -0.0105489 
v 0.102 0.0251801 -0.0133496 
v 0.0575 0.0251801 -0.0133496 
v 0.102 0.0235891 -0.0159938 
v 0.0575 0.0235891 -0.0159938 
v 0.102 0.0217216 -0.0184505 
v 0.0575 0.0217216 -0.0184505 
v 0.102 0.0195994 -0.0206909 
v 0.0575 0.0195994 -0.0206909 
v 0.102 0.0172475 -0.0226887 
v 0.0575 0.0172475 -0.0226887 
v 0.102 0.0146933 -0.0244204 
v 0.0575 0.0146933 -0.0244204 
v 0.102 0.0119668 -0.0258659 
v 0.0575 0.0119668 -0.0258659 
v 0.102 0.00910009 -0.0270081 
v 0.0575 0.00910009 -0.0270081 
v 0.102 0.00612666 -0.0278337 
v 0.0575 0.00612666 -0.0278337 
v 0.102 0.00308139 -0.0283329 
v 0.0575 0.00308139 -0.0283329 
v 0.102 2.25619e-17 -0.0285 
v 0.0575 7.10045e-18 -0.0285 
v 0.102 -0.00308139 -0.0283329 
v 0.0575 -0.00308139 -0.0283329 
v 0.102 -0.00612666 -0.0278337 
v 0.0575 -0.00612666 -0.0278337 
v 0.102 -0.00910009 -0.0270081 
v 0.0575 -0.00910009 -0.0270081 
v 0.102 -0.0119668 -0.0258659 
v 0.0575 -0.0119668 -0.0258659 
v 0.102 -0.0146933 -0.0244204 
v 0.0575 -0.0146933 -0.0244204 
v 0.102 -0.0172475 -0.0226887 
v 0.0575 -0.0172475 -0.0226887 
v 0.102 -0.0195994 -0.0206909 
v 0.0575 -0.0195994 -0.0206909 
v 0.102 -0.0217216 -0.0184505 
v 0.0575 -0.0217216 -0.0184505 
v 0.102 -0.0235891 -0.0159938 
v 0.0575 -0.0235891 -0.0159938 
v 0.102 -0.0251801 -0.0133496 
v 0.0575 -0.0251801 -0.0133496 
v 0.102 -0.0264758 -0.0105489 
v 0.0575 -0.0264758 -0.0105489 
v 0.102 -0.0274612 -0.00762456 
v 0.0575 -0.0274612 -0.00762456 
v 0.102 -0.0281246 -0.00461079 
v 0.0575 -0.0281246 -0.00461079 
v 0.102 -0.0284582 -0.00154296 
v 0.102 -0.0284582 0.00154296 
v 0.0575 -0.0284582 0.00154296 
v 0.0575 -0.0285 -2.36033e-18 
v 0.102 -0.0281246 0.00461079 
v 0.0575 -0.0281246 0.00461079 
v 0.102 -0.0274612 0.00762456 
v 0.0575 -0.0274612 0.00762456 
v 0.102 -0.0264758 0.0105489 
v 0.0575 -0.0264758 0.0105489 
v 0.102 -0.0251801 0.0133496 
v 0.0575 -0.0251801 0.0133496 
v 0.102 -0.0235891 0.0159938 
v 0.0575 -0.0235891 0.0159938 
v 0.102 -0.0217216 0.0184505 
v 0.0575 -0.0217216 0.0184505 
v 0.102 -0.0195994 0.0206909 
v 0.0575 -0.0195994 0.0206909 
v 0.102 -0.0172475 0.0226887 
v 0.0575 -0.0172475 0.0226887 
v 0.102 -0.0146933 0.0244204 
v 0.0575 -0.0146933 0.0244204 
v 0.102 -0.0119668 0.0258659 
v 0.0575 -0.0119668 0.0258659 
v 0.102 -0.00910009 0.0270081 
v 0.0575 -0.00910009 0.0270081 
v 0.102 -0.00612666 0.0278337 
v 0.0575 -0.00612666 0.0278337 
v 0.102 -0.00308139 0.0283329 
v 0.0575 -0.00308139 0.0283329 
v 0.0575 -0.0284582 -0.00154296 
v 0.0575 0.0284582 0.00154296 
vn -1.48691e-16 5.33085e-63 1 
vn -1.48691e-16 5.33085e-63 1 
vn -1.47819e-16 0.108119 0.994138 
vn -1.47819e-16 0.108119 0.994138 
vn -1.45214e-16 0.21497 0.976621 
vn -1.45214e-16 0.21497 0.976621 
vn -1.40907e-16 0.319302 0.947653 
vn -1.40907e-16 0.319302 0.947653 
vn -1.34948e-16 0.419889 0.907575 
vn -1.34948e-16 0.419889 0.907575 
vn -1.27407e-16 0.515554 0.856857 
vn -1.27407e-16 0.515554 0.856857 
vn -1.18372e-16 0.605174 0.796093 
vn -1.18372e-16 0.605174 0.796093 
vn -1.07949e-16 0.687699 0.725995 
vn -1.07949e-16 0.687699 0.725995 
vn -9.62602e-17 0.762162 0.647386 
vn -9.62602e-17 0.762162 0.647386 
vn -8.34432e-17 0.827689 0.561187 
vn -8.34432e-17 0.827689 0.561187 
vn -6.96479e-17 0.883512 0.468408 
vn -6.96479e-17 0.883512 0.468408 
vn -5.50361e-17 0.928977 0.370138 
vn -5.50361e-17 0.928977 0.370138 
vn -3.97789e-17 0.96355 0.267528 
vn -3.97789e-17 0.96355 0.267528 
vn -2.40555e-17 0.986827 0.161782 
vn -2.40555e-17 0.986827 0.161782 
vn -8.04995e-18 0.998533 0.0541389 
vn 8.04995e-18 0.998533 -0.0541389 
vn 0 1 -1.60812e-16 
vn 8.04995e-18 0.998533 -0.0541389 
vn 2.40555e-17 0.986827 -0.161782 
vn 2.40555e-17 0.986827 -0.161782 
vn 3.97789e-17 0.96355 -0.267528 
vn 3.97789e-17 0.96355 -0.267528 
vn 5.50361e-17 0.928977 -0.370138 
vn 5.50361e-17 0.928977 -0.370138 
vn 6.96479e-17 0.883512 -0.468408 
vn 6.96479e-17 0.883512 -0.468408 
vn 8.34432e-17 0.827689 -0.561187 
vn 8.34432e-17 0.827689 -0.561187 
vn 9.62602e-17 0.762162 -0.647386 
vn 9.62602e-17 0.762162 -0.647386 
vn 1.07949e-16 0.687699 -0.725995 
vn 1.07949e-16 0.687699 -0.725995 
vn 1.18372e-16 0.605174 -0.796093 
vn 1.18372e-16 0.605174 -0.796093 
vn 1.27407e-16 0.515554 -0.856857 
vn 1.27407e-16 0.515554 -0.856857 
vn 1.34948e-16 0.419889 -0.907575 
vn 1.34948e-16 0.419889 -0.907575 
vn 1.40907e-16 0.319302 -0.947653 
vn 1.40907e-16 0.319302 -0.947653 
vn 1.45214e-16 0.21497 -0.976621 
vn 1.45214e-16 0.21497 -0.976621 
vn 1.47819e-16 0.108119 -0.994138 
vn 1.47819e-16 0.108119 -0.994138 
vn 1.48691e-16 1.22465e-16 -1 
vn 1.48691e-16 1.22465e-16 -1 
vn 1.47819e-16 -0.108119 -0.994138 
vn 1.47819e-16 -0.108119 -0.994138 
vn 1.45214e-16 -0.21497 -0.976621 
vn 1.45214e-16 -0.21497 -0.976621 
vn 1.40907e-16 -0.319302 -0.947653 
vn 1.40907e-16 -0.319302 -0.947653 
vn 1.34948e-16 -0.419889 -0.907575 
vn 1.34948e-16 -0.419889 -0.907575 
vn 1.27407e-16 -0.515554 -0.856857 
vn 1.27407e-16 -0.515554 -0.856857 
vn 1.18372e-16 -0.605174 -0.796093 
vn 1.18372e-16 -0.605174 -0.796093 
vn 1.07949e-16 -0.687699 -0.725995 
vn 1.07949e-16 -0.687699 -0.725995 
vn 9.62602e-17 -0.762162 -0.647386 
vn 9.62602e-17 -0.762162 -0.647386 
vn 8.34432e-17 -0.827689 -0.561187 
vn 8.34432e-17 -0.827689 -0.561187 
vn 6.96479e-17 -0.883512 -0.468408 
vn 6.96479e-17 -0.883512 -0.468408 
vn 5.50361e-17 -0.928977 -0.370138 
vn 5.50361e-17 -0.928977 -0.370138 
vn 3.97789e-17 -0.96355 -0.267528 
vn 3.97789e-17 -0.96355 -0.267528 
vn 2.40555e-17 -0.986827 -0.161782 
vn 2.40555e-17 -0.986827 -0.161782 
vn 8.04995e-18 -0.998533 -0.0541389 
vn -8.04995e-18 -0.998533 0.0541389 
vn -8.04995e-18 -0.998533 0.0541389 
vn 0 -1 -1.83697e-16 
vn -2.40555e-17 -0.986827 0.161782 
vn -2.40555e-17 -0.986827 0.161782 
vn -3.97789e-17 -0.96355 0.267528 
vn -3.97789e-17 -0.96355 0.267528 
vn -5.50361e-17 -0.928977 0.370138 
vn -5.50361e-17 -0.928977 0.370138 
vn -6.96479e-17 -0.883512 0.468408 
vn -6.96479e-17 -0.883512 0.468408 
vn -8.34432e-17 -0.827689 0.561187 
vn -8.34432e-17 -0.827689 0.561187 
vn -9.62602e-17 -0.762162 0.647386 
vn -9.62602e-17 -0.762162 0.647386 
vn -1.07949e-16 -0.687699 0.725995 
vn -1.07949e-16 -0.687699 0.725995 
vn -1.18372e-16 -0.605174 0.796093 
vn -1.18372e-16 -0.605174 0.796093 
vn -1.27407e-16 -0.515554 0.856857 
vn -1.27407e-16 -0.515554 0.856857 
vn -1.34948e-16 -0.419889 0.907575 
vn -1.34948e-16 -0.419889 0.907575 
vn -1.40907e-16 -0.319302 0.947653 
vn -1.40907e-16 -0.319302 0.947653 
vn -1.45214e-16 -0.21497 0.976621 
vn -1.45214e-16 -0.21497 0.976621 
vn -1.47819e-16 -0.108119 0.994138 
vn -1.47819e-16 -0.108119 0.994138 
vn 8.04995e-18 -0.998533 -0.0541389 
vn -8.04995e-18 0.998533 0.0541389 
f 1446//1446 1447//1447 1448//1448 
f 1449//1449 1448//1448 1450//1450 
f 1451//1451 1450//1450 1452//1452 
f 1453//1453 1452//1452 1454//1454 
f 1455//1455 1454//1454 1456//1456 
f 1457//1457 1456//1456 1458//1458 
f 1459//1459 1458//1458 1460//1460 
f 1461//1461 1460//1460 1462//1462 
f 1463//1463 1462//1462 1464//1464 
f 1465//1465 1464//1464 1466//1466 
f 1467//1467 1466//1466 1468//1468 
f 1469//1469 1468//1468 1470//1470 
f 1471//1471 1470//1470 1472//1472 
f 1473//1473 1472//1472 1474//1474 
f 1474//1474 1475//1475 1476//1476 
f 1475//1475 1477//1477 1476//1476 
f 1477//1477 1475//1475 1478//1478 
f 1479//1479 1478//1478 1480//1480 
f 1481//1481 1480//1480 1482//1482 
f 1483//1483 1482//1482 1484//1484 
f 1485//1485 1484//1484 1486//1486 
f 1487//1487 1486//1486 1488//1488 
f 1489//1489 1488//1488 1490//1490 
f 1491//1491 1490//1490 1492//1492 
f 1493//1493 1492//1492 1494//1494 
f 1495//1495 1494//1494 1496//1496 
f 1497//1497 1496//1496 1498//1498 
f 1499//1499 1498//1498 1500//1500 
f 1501//1501 1500//1500 1502//1502 
f 1503//1503 1502//1502 1504//1504 
f 1505//1505 1504//1504 1506//1506 
f 1507//1507 1506//1506 1508//1508 
f 1509//1509 1508//1508 1510//1510 
f 1511//1511 1510//1510 1512//1512 
f 1513//1513 1512//1512 1514//1514 
f 1515//1515 1514//1514 1516//1516 
f 1517//1517 1516//1516 1518//1518 
f 1519//1519 1518//1518 1520//1520 
f 1521//1521 1520//1520 1522//1522 
f 1523//1523 1522//1522 1524//1524 
f 1525//1525 1524//1524 1526//1526 
f 1527//1527 1526//1526 1528//1528 
f 1529//1529 1528//1528 1530//1530 
f 1531//1531 1530//1530 1532//1532 
f 1533//1533 1534//1534 1535//1535 
f 1535//1535 1532//1532 1533//1533 
f 1534//1534 1533//1533 1536//1536 
f 1537//1537 1536//1536 1538//1538 
f 1539//1539 1538//1538 1540//1540 
f 1541//1541 1540//1540 1542//1542 
f 1543//1543 1542//1542 1544//1544 
f 1545//1545 1544//1544 1546//1546 
f 1547//1547 1546//1546 1548//1548 
f 1549//1549 1548//1548 1550//1550 
f 1551//1551 1550//1550 1552//1552 
f 1553//1553 1552//1552 1554//1554 
f 1555//1555 1554//1554 1556//1556 
f 1557//1557 1556//1556 1558//1558 
f 1559//1559 1558//1558 1560//1560 
f 1561//1561 1560//1560 1447//1447 
f 1447//1447 1446//1446 1561//1561 
f 1560//1560 1561//1561 1559//1559 
f 1558//1558 1559//1559 1557//1557 
f 1556//1556 1557//1557 1555//1555 
f 1554//1554 1555//1555 1553//1553 
f 1552//1552 1553//1553 1551//1551 
f 1550//1550 1551//1551 1549//1549 
f 1548//1548 1549//1549 1547//1547 
f 1546//1546 1547//1547 1545//1545 
f 1544//1544 1545//1545 1543//1543 
f 1542//1542 1543//1543 1541//1541 
f 1540//1540 1541//1541 1539//1539 
f 1538//1538 1539//1539 1537//1537 
f 1536//1536 1537//1537 1534//1534 
f 1535//1535 1562//1562 1532//1532 
f 1532//1532 1562//1562 1531//1531 
f 1530//1530 1531//1531 1529//1529 
f 1528//1528 1529//1529 1527//1527 
f 1526//1526 1527//1527 1525//1525 
f 1524//1524 1525//1525 1523//1523 
f 1522//1522 1523//1523 1521//1521 
f 1520//1520 1521//1521 1519//1519 
f 1518//1518 1519//1519 1517//1517 
f 1516//1516 1517//1517 1515//1515 
f 1514//1514 1515//1515 1513//1513 
f 1512//1512 1513//1513 1511//1511 
f 1510//1510 1511//1511 1509//1509 
f 1508//1508 1509//1509 1507//1507 
f 1506//1506 1507//1507 1505//1505 
f 1504//1504 1505//1505 1503//1503 
f 1502//1502 1503//1503 1501//1501 
f 1500//1500 1501//1501 1499//1499 
f 1498//1498 1499//1499 1497//1497 
f 1496//1496 1497//1497 1495//1495 
f 1494//1494 1495//1495 1493//1493 
f 1492//1492 1493//1493 1491//1491 
f 1490//1490 1491//1491 1489//1489 
f 1488//1488 1489//1489 1487//1487 
f 1486//1486 1487//1487 1485//1485 
f 1484//1484 1485//1485 1483//1483 
f 1482//1482 1483//1483 1481//1481 
f 1480//1480 1481//1481 1479//1479 
f 1478//1478 1479//1479 1477//1477 
f 1476//1476 1563//1563 1474//1474 
f 1474//1474 1563//1563 1473//1473 
f 1472//1472 1473//1473 1471//1471 
f 1470//1470 1471//1471 1469//1469 
f 1468//1468 1469//1469 1467//1467 
f 1466//1466 1467//1467 1465//1465 
f 1464//1464 1465//1465 1463//1463 
f 1462//1462 1463//1463 1461//1461 
f 1460//1460 1461//1461 1459//1459 
f 1458//1458 1459//1459 1457//1457 
f 1456//1456 1457//1457 1455//1455 
f 1454//1454 1455//1455 1453//1453 
f 1452//1452 1453//1453 1451//1451 
f 1450//1450 1451//1451 1449//1449 
f 1448//1448 1449//1449 1446//1446 
v 0.102 0.0195994 0.0206909 
v 0.102 0.0270495 0.0317303 
v 0.102 0.0276899 0.031457 
v 0.102 0.0268911 0.0317979 
v 0.102 0.0261598 0.0321742 
v 0.102 0.0262609 0.0321222 
v 0.102 0.0217216 0.0184505 
v 0.102 0.0340283 0.0309749 
v 0.102 0.0345239 0.0308998 
v 0.102 0.0172475 0.0226887 
v 0.102 0.0251706 0.0327799 
v 0.102 0.0350094 0.0307754 
v 0.102 0.0354801 0.0306031 
v 0.102 0.0335278 0.031 
v 0.102 0.0277328 0.0314388 
v 0.102 0.0282361 0.0312768 
v 0.102 0.0216788 0.0347375 
v 0.102 0.0222157 0.034534 
v 0.102 0.0146933 0.0244204 
v 0.102 0.0211237 0.034884 
v 0.102 0.0284349 0.0312128 
v 0.102 0.0287269 0.0311487 
v 0.102 0.0299635 0.031 
v 0.102 0.0235891 0.0159938 
v 0.102 0.0377428 0.0286896 
v 0.102 0.0379909 0.0282541 
v 0.102 0.0217216 -0.0184505 
v 0.102 0.0377428 -0.0286896 
v 0.102 0.0374523 -0.029098 
v 0.102 -0.0195994 -0.0206909 
v 0.102 -0.0288693 -0.0311111 
v 0.102 -0.0291452 -0.0310694 
v 0.102 -0.0282733 -0.0312583 
v 0.102 -0.0287114 -0.0311501 
v 0.102 -0.0277249 -0.0314516 
v 0.102 -0.0282399 -0.03127 
v 0.102 -0.0217216 -0.0184505 
v 0.102 -0.0350094 -0.0307754 
v 0.102 -0.0354801 -0.0306031 
v 0.102 -0.0340283 -0.0309749 
v 0.102 -0.0345239 -0.0308998 
v 0.102 -0.0195994 0.0206909 
v 0.102 -0.0277355 0.0314369 
v 0.102 -0.0276947 0.0314543 
v 0.102 0.0119668 0.0258659 
v 0.102 0.02 0.035 
v 0.102 0.0290461 0.0310787 
v 0.102 0.0291718 0.0310637 
v 0.102 0.0295962 0.0310129 
v 0.102 0.0295825 0.0310145 
v 0.102 0.0374523 0.029098 
v 0.102 0.0367564 0.0298178 
v 0.102 0.0371224 0.0294754 
v 0.102 0.0359311 0.0303845 
v 0.102 0.0274612 0.00762456 
v 0.102 0.0436991 0.0132114 
v 0.102 0.0437747 0.0126657 
v 0.102 0.0371224 -0.0294754 
v 0.102 0.0345239 -0.0308998 
v 0.102 0.0340283 -0.0309749 
v 0.102 0.0172475 -0.0226887 
v 0.102 0.0216853 -0.0347354 
v 0.102 0.0211337 -0.0348819 
v 0.102 0.0227284 -0.0342756 
v 0.102 0.0222188 -0.0345326 
v 0.102 -0.0274679 -0.0315421 
v 0.102 -0.0217216 0.0184505 
v 0.102 -0.0354801 0.0306031 
v 0.102 -0.0350094 0.0307754 
v 0.102 -0.0269006 0.0317931 
v 0.102 -0.026269 0.0321177 
v 0.102 -0.0270594 0.0317253 
v 0.102 0.0205563 0.0349718 
v 0.102 0.0227284 0.0342756 
v 0.102 0.036358 0.0301219 
v 0.102 0.0435737 0.0137479 
v 0.102 0.0264758 0.0105489 
v 0.102 0.0433996 0.0142705 
v 0.102 0.0438 0.0121154 
v 0.102 0.0438 -0.0121154 
v 0.102 0.0284582 -0.00154296 
v 0.102 0.0367564 -0.0298178 
v 0.102 0.0350094 -0.0307754 
v 0.102 0.0359311 -0.0303845 
v 0.102 0.0354801 -0.0306031 
v 0.102 0.0195994 -0.0206909 
v 0.102 0.028269 -0.0312587 
v 0.102 0.0282312 -0.031272 
v 0.102 0.0288642 -0.0311115 
v 0.102 0.0287004 -0.031152 
v 0.102 0.0294123 -0.0310286 
v 0.102 0.0291341 -0.0310707 
v 0.102 -0.0264028 -0.0320434 
v 0.102 -0.0270151 -0.0317553 
v 0.102 -0.026065 -0.0322469 
v 0.102 -0.0172475 -0.0226887 
v 0.102 -0.0335278 -0.031 
v 0.102 -0.0294147 -0.0310286 
v 0.102 -0.0235891 -0.0159938 
v 0.102 -0.0377428 -0.0286896 
v 0.102 -0.0379909 -0.0282541 
v 0.102 -0.0359311 -0.0303845 
v 0.102 -0.0264758 -0.0105489 
v 0.102 -0.0437747 -0.0126657 
v 0.102 -0.0438 -0.0121154 
v 0.102 -0.0274612 0.00762456 
v 0.102 -0.0437747 0.0126657 
v 0.102 -0.0436991 0.0132114 
v 0.102 -0.0345239 0.0308998 
v 0.102 -0.0340283 0.0309749 
v 0.102 -0.0359311 0.0303845 
v 0.102 -0.0261687 0.0321693 
v 0.102 -0.0251732 0.0327788 
v 0.102 0.0251801 0.0133496 
v 0.102 0.0281246 -0.00461079 
v 0.102 0.0264758 -0.0105489 
v 0.102 0.0274612 -0.00762456 
v 0.102 0.0379909 -0.0282541 
v 0.102 0.0295421 -0.0310219 
v 0.102 0.0277182 -0.0314531 
v 0.102 0.0240142 -0.033485 
v 0.102 0.0146933 -0.0244204 
v 0.102 0.0205699 -0.0349704 
v 0.102 0.02 -0.035 
v 0.102 -0.0146933 -0.0244204 
v 0.102 -0.0211237 -0.034884 
v 0.102 -0.0242132 -0.0333622 
v 0.102 -0.0299635 -0.031 
v 0.102 -0.0295493 -0.0310216 
v 0.102 -0.0374523 -0.029098 
v 0.102 -0.036358 -0.0301219 
v 0.102 -0.0436991 -0.0132114 
v 0.102 -0.0433996 -0.0142705 
v 0.102 -0.0435737 -0.0137479 
v 0.102 -0.0435737 0.0137479 
v 0.102 -0.0433996 0.0142705 
v 0.102 -0.0438 0.0121154 
v 0.102 -0.0284333 0.0312124 
v 0.102 -0.0282377 0.0312753 
v 0.102 0.00910009 0.0270081 
v 0.102 0.00612666 0.0278337 
v 0.102 0.0381941 0.0277959 
v 0.102 0.0284582 0.00154296 
v 0.102 0.0436991 -0.0132114 
v 0.102 0.0435737 -0.0137479 
v 0.102 0.0437747 -0.0126657 
v 0.102 0.036358 -0.0301219 
v 0.102 0.0235891 -0.0159938 
v 0.102 0.0381941 -0.0277959 
v 0.102 0.0299635 -0.031 
v 0.102 0.0335278 -0.031 
v 0.102 0.0260489 -0.0322566 
v 0.102 0.0241976 -0.0333722 
v 0.102 0.0274681 -0.0315413 
v 0.102 0.027009 -0.0317577 
v 0.102 -0.02 -0.035 
v 0.102 2.25619e-17 -0.0285 
v 0.102 -0.00910009 -0.0270081 
v 0.102 -0.00612666 -0.0278337 
v 0.102 -0.0216788 -0.0347375 
v 0.102 -0.0371224 -0.0294754 
v 0.102 -0.0367564 -0.0298178 
v 0.102 -0.0251801 -0.0133496 
v 0.102 -0.0284582 0.00154296 
v 0.102 -0.0284582 -0.00154296 
v 0.102 -0.0381941 0.0277959 
v 0.102 -0.0251801 0.0133496 
v 0.102 -0.0235891 0.0159938 
v 0.102 -0.0379909 0.0282541 
v 0.102 -0.0377428 0.0286896 
v 0.102 -0.0335278 0.031 
v 0.102 -0.0290428 0.0310787 
v 0.102 -0.0287253 0.0311483 
v 0.102 -0.0172475 0.0226887 
v 0.102 -0.0216788 0.0347375 
v 0.102 -0.0211237 0.034884 
v 0.102 0.00308139 0.0283329 
v 0.102 0.0281246 0.00461079 
v 0.102 0.0433996 -0.0142705 
v 0.102 0.0251801 -0.0133496 
v 0.102 0.0264031 -0.0320433 
v 0.102 0.0119668 -0.0258659 
v 0.102 0.00612666 -0.0278337 
v 0.102 0.00910009 -0.0270081 
v 0.102 0.00308139 -0.0283329 
v 0.102 -0.00308139 -0.0283329 
v 0.102 -0.0222157 -0.034534 
v 0.102 -0.0381941 -0.0277959 
v 0.102 -0.0281246 -0.00461079 
v 0.102 -0.0274612 -0.00762456 
v 0.102 -0.0264758 0.0105489 
v 0.102 -0.036358 0.0301219 
v 0.102 -0.0374523 0.029098 
v 0.102 -0.0371224 0.0294754 
v 0.102 -0.0295944 0.0310129 
v 0.102 -0.0295795 0.0310147 
v 0.102 -0.0299635 0.031 
v 0.102 -0.029168 0.0310638 
v 0.102 -0.0222157 0.034534 
v 0.102 -0.0119668 -0.0258659 
v 0.102 -0.0227284 -0.0342756 
v 0.102 -0.0281246 0.00461079 
v 0.102 -0.0367564 0.0298178 
v 0.102 -0.0227284 0.0342756 
v 0.102 -0.0146933 0.0244204 
v 0.102 -0.0205563 0.0349718 
v 0.102 -0.02 0.035 
v 0.102 5.11068e-18 0.0285 
v 0.102 -0.0205563 -0.0349718 
v 0.102 -0.0241104 -0.0334254 
v 0.102 -0.00612666 0.0278337 
v 0.102 -0.00910009 0.0270081 
v 0.102 -0.00308139 0.0283329 
v 0.102 -0.0119668 0.0258659 
vn -1 5.55112e-17 2.22045e-16 
vn -1 5.55112e-17 2.22045e-16 
vn -1 5.55112e-17 2.22045e-16 
vn -1 5.55112e-17 2.22045e-16 
vn -1 5.55112e-17 2.22045e-16 
vn -1 5.55112e-17 2.22045e-16 
vn -1 5.55112e-17 2.22045e-16 
vn -1 5.55112e-17 2.22045e-16 
vn -1 5.55112e-17 2.22045e-16 
vn -1 5.55112e-17 2.22045e-16 
vn -1 5.55112e-17 2.22045e-16 
vn -1 5.55112e-17 2.22045e-16 
vn -1 5.55112e-17 2.22045e-16 
vn -1 5.55112e-17 2.22045e-16 
vn -1 5.55112e-17 2.22045e-16 
vn -1 5.55112e-17 2.22045e-16 
vn -1 5.55112e-17 2.22045e-16 
vn -1 5.55112e-17 2.22045e-16 
vn -1 5.55112e-17 2.22045e-16 
vn -1 5.55112e-17 2.22045e-16 
vn -1 5.55112e-17 2.22045e-16 
vn -1 5.55112e-17 2.22045e-16 
vn -1 5.55112e-17 2.22045e-16 
vn -1 5.55112e-17 2.22045e-16 
vn -1 5.55112e-17 2.22045e-16 
vn -1 5.55112e-17 2.22045e-16 
vn -1 5.55112e-17 2.22045e-16 
vn -1 5.55112e-17 2.22045e-16 
vn -1 5.55112e-17 2.22045e-16 
vn -1 5.55112e-17 2.22045e-16 
vn -1 5.55112e-17 2.22045e-16 
vn -1 5.55112e-17 2.22045e-16 
vn -1 5.55112e-17 2.22045e-16 
vn -1 5.55112e-17 2.22045e-16 
vn -1 5.55112e-17 2.22045e-16 
vn -1 5.55112e-17 2.22045e-16 
vn -1 5.55112e-17 2.22045e-16 
vn -1 5.55112e-17 2.22045e-16 
vn -1 5.55112e-17 2.22045e-16 
vn -1 5.55112e-17 2.22045e-16 
vn -1 5.55112e-17 2.22045e-16 
vn -1 5.55112e-17 2.22045e-16 
vn -1 5.55112e-17 2.22045e-16 
vn -1 5.55112e-17 2.22045e-16 
vn -1 5.55112e-17 2.22045e-16 
vn -1 5.55112e-17 2.22045e-16 
vn -1 5.55112e-17 2.22045e-16 
vn -1 5.55112e-17 2.22045e-16 
vn -1 5.55112e-17 2.22045e-16 
vn -1 5.55112e-17 2.22045e-16 
vn -1 5.55112e-17 2.22045e-16 
vn -1 5.55112e-17 2.22045e-16 
vn -1 5.55112e-17 2.22045e-16 
vn -1 5.55112e-17 2.22045e-16 
vn -1 5.55112e-17 2.22045e-16 
vn -1 5.55112e-17 2.22045e-16 
vn -1 5.55112e-17 2.22045e-16 
vn -1 5.55112e-17 2.22045e-16 
vn -1 5.55112e-17 2.22045e-16 
vn -1 5.55112e-17 2.22045e-16 
vn -1 5.55112e-17 2.22045e-16 
vn -1 5.55112e-17 2.22045e-16 
vn -1 5.55112e-17 2.22045e-16 
vn -1 5.55112e-17 2.22045e-16 
vn -1 5.55112e-17 2.22045e-16 
vn -1 5.55112e-17 2.22045e-16 
vn -1 5.55112e-17 2.22045e-16 
vn -1 5.55112e-17 2.22045e-16 
vn -1 5.55112e-17 2.22045e-16 
vn -1 5.55112e-17 2.22045e-16 
vn -1 5.55112e-17 2.22045e-16 
vn -1 5.55112e-17 2.22045e-16 
vn -1 5.55112e-17 2.22045e-16 
vn -1 5.55112e-17 2.22045e-16 
vn -1 5.55112e-17 2.22045e-16 
vn -1 5.55112e-17 2.22045e-16 
vn -1 5.55112e-17 2.22045e-16 
vn -1 5.55112e-17 2.22045e-16 
vn -1 5.55112e-17 2.22045e-16 
vn -1 5.55112e-17 2.22045e-16 
vn -1 5.55112e-17 2.22045e-16 
vn -1 5.55112e-17 2.22045e-16 
vn -1 5.55112e-17 2.22045e-16 
vn -1 5.55112e-17 2.22045e-16 
vn -1 5.55112e-17 2.22045e-16 
vn -1 5.55112e-17 2.22045e-16 
vn -1 5.55112e-17 2.22045e-16 
vn -1 5.55112e-17 2.22045e-16 
vn -1 5.55112e-17 2.22045e-16 
vn -1 5.55112e-17 2.22045e-16 
vn -1 5.55112e-17 2.22045e-16 
vn -1 5.55112e-17 2.22045e-16 
vn -1 5.55112e-17 2.22045e-16 
vn -1 5.55112e-17 2.22045e-16 
vn -1 5.55112e-17 2.22045e-16 
vn -1 5.55112e-17 2.22045e-16 
vn -1 5.55112e-17 2.22045e-16 
vn -1 5.55112e-17 2.22045e-16 
vn -1 5.55112e-17 2.22045e-16 
vn -1 5.55112e-17 2.22045e-16 
vn -1 5.55112e-17 2.22045e-16 
vn -1 5.55112e-17 2.22045e-16 
vn -1 5.55112e-17 2.22045e-16 
vn -1 5.55112e-17 2.22045e-16 
vn -1 5.55112e-17 2.22045e-16 
vn -1 5.55112e-17 2.22045e-16 
vn -1 5.55112e-17 2.22045e-16 
vn -1 5.55112e-17 2.22045e-16 
vn -1 5.55112e-17 2.22045e-16 
vn -1 5.55112e-17 2.22045e-16 
vn -1 5.55112e-17 2.22045e-16 
vn -1 5.55112e-17 2.22045e-16 
vn -1 5.55112e-17 2.22045e-16 
vn -1 5.55112e-17 2.22045e-16 
vn -1 5.55112e-17 2.22045e-16 
vn -1 5.55112e-17 2.22045e-16 
vn -1 5.55112e-17 2.22045e-16 
vn -1 5.55112e-17 2.22045e-16 
vn -1 5.55112e-17 2.22045e-16 
vn -1 5.55112e-17 2.22045e-16 
vn -1 5.55112e-17 2.22045e-16 
vn -1 5.55112e-17 2.22045e-16 
vn -1 5.55112e-17 2.22045e-16 
vn -1 5.55112e-17 2.22045e-16 
vn -1 5.55112e-17 2.22045e-16 
vn -1 5.55112e-17 2.22045e-16 
vn -1 5.55112e-17 2.22045e-16 
vn -1 5.55112e-17 2.22045e-16 
vn -1 5.55112e-17 2.22045e-16 
vn -1 5.55112e-17 2.22045e-16 
vn -1 5.55112e-17 2.22045e-16 
vn -1 5.55112e-17 2.22045e-16 
vn -1 5.55112e-17 2.22045e-16 
vn -1 5.55112e-17 2.22045e-16 
vn -1 5.55112e-17 2.22045e-16 
vn -1 5.55112e-17 2.22045e-16 
vn -1 5.55112e-17 2.22045e-16 
vn -1 5.55112e-17 2.22045e-16 
vn -1 5.55112e-17 2.22045e-16 
vn -1 5.55112e-17 2.22045e-16 
vn -1 5.55112e-17 2.22045e-16 
vn -1 5.55112e-17 2.22045e-16 
vn -1 5.55112e-17 2.22045e-16 
vn -1 5.55112e-17 2.22045e-16 
vn -1 5.55112e-17 2.22045e-16 
vn -1 5.55112e-17 2.22045e-16 
vn -1 5.55112e-17 2.22045e-16 
vn -1 5.55112e-17 2.22045e-16 
vn -1 5.55112e-17 2.22045e-16 
vn -1 5.55112e-17 2.22045e-16 
vn -1 5.55112e-17 2.22045e-16 
vn -1 5.55112e-17 2.22045e-16 
vn -1 5.55112e-17 2.22045e-16 
vn -1 5.55112e-17 2.22045e-16 
vn -1 5.55112e-17 2.22045e-16 
vn -1 5.55112e-17 2.22045e-16 
vn -1 5.55112e-17 2.22045e-16 
vn -1 5.55112e-17 2.22045e-16 
vn -1 5.55112e-17 2.22045e-16 
vn -1 5.55112e-17 2.22045e-16 
vn -1 5.55112e-17 2.22045e-16 
vn -1 5.55112e-17 2.22045e-16 
vn -1 5.55112e-17 2.22045e-16 
vn -1 5.55112e-17 2.22045e-16 
vn -1 5.55112e-17 2.22045e-16 
vn -1 5.55112e-17 2.22045e-16 
vn -1 5.55112e-17 2.22045e-16 
vn -1 5.55112e-17 2.22045e-16 
vn -1 5.55112e-17 2.22045e-16 
vn -1 5.55112e-17 2.22045e-16 
vn -1 5.55112e-17 2.22045e-16 
vn -1 5.55112e-17 2.22045e-16 
vn -1 5.55112e-17 2.22045e-16 
vn -1 5.55112e-17 2.22045e-16 
vn -1 5.55112e-17 2.22045e-16 
vn -1 5.55112e-17 2.22045e-16 
vn -1 5.55112e-17 2.22045e-16 
vn -1 5.55112e-17 2.22045e-16 
vn -1 5.55112e-17 2.22045e-16 
vn -1 5.55112e-17 2.22045e-16 
vn -1 5.55112e-17 2.22045e-16 
vn -1 5.55112e-17 2.22045e-16 
vn -1 5.55112e-17 2.22045e-16 
vn -1 5.55112e-17 2.22045e-16 
vn -1 5.55112e-17 2.22045e-16 
vn -1 5.55112e-17 2.22045e-16 
vn -1 5.55112e-17 2.22045e-16 
vn -1 5.55112e-17 2.22045e-16 
vn -1 5.55112e-17 2.22045e-16 
vn -1 5.55112e-17 2.22045e-16 
vn -1 5.55112e-17 2.22045e-16 
vn -1 5.55112e-17 2.22045e-16 
vn -1 5.55112e-17 2.22045e-16 
vn -1 5.55112e-17 2.22045e-16 
vn -1 5.55112e-17 2.22045e-16 
vn -1 5.55112e-17 2.22045e-16 
vn -1 5.55112e-17 2.22045e-16 
vn -1 5.55112e-17 2.22045e-16 
vn -1 5.55112e-17 2.22045e-16 
vn -1 5.55112e-17 2.22045e-16 
vn -1 5.55112e-17 2.22045e-16 
vn -1 5.55112e-17 2.22045e-16 
vn -1 5.55112e-17 2.22045e-16 
vn -1 5.55112e-17 2.22045e-16 
vn -1 5.55112e-17 2.22045e-16 
vn -1 5.55112e-17 2.22045e-16 
vn -1 5.55112e-17 2.22045e-16 
vn -1 5.55112e-17 2.22045e-16 
vn -1 5.55112e-17 2.22045e-16 
vn -1 5.55112e-17 2.22045e-16 
vn -1 5.55112e-17 2.22045e-16 
vn -1 5.55112e-17 2.22045e-16 
vn -1 5.55112e-17 2.22045e-16 
vn -1 5.55112e-17 2.22045e-16 
f 1564//1564 1565//1565 1566//1566 
f 1564//1564 1567//1567 1565//1565 
f 1564//1564 1568//1568 1569//1569 
f 1570//1570 1571//1571 1572//1572 
f 1569//1569 1567//1567 1564//1564 
f 1564//1564 1573//1573 1574//1574 
f 1570//1570 1575//1575 1576//1576 
f 1570//1570 1577//1577 1571//1571 
f 1564//1564 1578//1578 1579//1579 
f 1574//1574 1568//1568 1564//1564 
f 1572//1572 1575//1575 1570//1570 
f 1573//1573 1580//1580 1581//1581 
f 1573//1573 1582//1582 1583//1583 
f 1564//1564 1584//1584 1585//1585 
f 1566//1566 1578//1578 1564//1564 
f 1570//1570 1586//1586 1577//1577 
f 1587//1587 1588//1588 1589//1589 
f 1590//1590 1591//1591 1592//1592 
f 1593//1593 1594//1594 1595//1595 
f 1593//1593 1596//1596 1597//1597 
f 1593//1593 1598//1598 1599//1599 
f 1600//1600 1601//1601 1602//1602 
f 1600//1600 1603//1603 1604//1604 
f 1605//1605 1606//1606 1607//1607 
f 1582//1582 1608//1608 1609//1609 
f 1583//1583 1580//1580 1573//1573 
f 1564//1564 1610//1610 1611//1611 
f 1579//1579 1584//1584 1564//1564 
f 1570//1570 1612//1612 1586//1586 
f 1570//1570 1564//1564 1613//1613 
f 1587//1587 1614//1614 1588//1588 
f 1587//1587 1615//1615 1616//1616 
f 1587//1587 1570//1570 1617//1617 
f 1618//1618 1619//1619 1620//1620 
f 1592//1592 1621//1621 1590//1590 
f 1590//1590 1622//1622 1623//1623 
f 1624//1624 1625//1625 1626//1626 
f 1624//1624 1627//1627 1628//1628 
f 1597//1597 1594//1594 1593//1593 
f 1593//1593 1629//1629 1598//1598 
f 1604//1604 1601//1601 1600//1600 
f 1630//1630 1631//1631 1632//1632 
f 1605//1605 1633//1633 1634//1634 
f 1607//1607 1635//1635 1605//1605 
f 1609//1609 1636//1636 1582//1582 
f 1581//1581 1637//1637 1573//1573 
f 1585//1585 1610//1610 1564//1564 
f 1613//1613 1612//1612 1570//1570 
f 1616//1616 1614//1614 1587//1587 
f 1617//1617 1638//1638 1587//1587 
f 1618//1618 1639//1639 1619//1619 
f 1618//1618 1640//1640 1641//1641 
f 1642//1642 1643//1643 1644//1644 
f 1621//1621 1645//1645 1590//1590 
f 1590//1590 1646//1646 1622//1622 
f 1590//1590 1647//1647 1648//1648 
f 1649//1649 1650//1650 1651//1651 
f 1649//1649 1652//1652 1653//1653 
f 1649//1649 1654//1654 1655//1655 
f 1628//1628 1625//1625 1624//1624 
f 1599//1599 1596//1596 1593//1593 
f 1593//1593 1656//1656 1657//1657 
f 1658//1658 1593//1593 1659//1659 
f 1600//1600 1660//1660 1603//1603 
f 1600//1600 1593//1593 1661//1661 
f 1662//1662 1663//1663 1664//1664 
f 1662//1662 1600//1600 1665//1665 
f 1666//1666 1667//1667 1668//1668 
f 1669//1669 1670//1670 1671//1671 
f 1630//1630 1672//1672 1673//1673 
f 1630//1630 1674//1674 1631//1631 
f 1605//1605 1675//1675 1676//1676 
f 1635//1635 1633//1633 1605//1605 
f 1637//1637 1574//1574 1573//1573 
f 1576//1576 1617//1617 1570//1570 
f 1638//1638 1615//1615 1587//1587 
f 1641//1641 1640//1640 1677//1677 
f 1641//1641 1639//1639 1618//1618 
f 1643//1643 1678//1678 1644//1644 
f 1679//1679 1680//1680 1643//1643 
f 1590//1590 1681//1681 1591//1591 
f 1590//1590 1682//1682 1654//1654 
f 1648//1648 1646//1646 1590//1590 
f 1651//1651 1683//1683 1649//1649 
f 1655//1655 1652//1652 1649//1649 
f 1624//1624 1684//1684 1627//1627 
f 1685//1685 1686//1686 1687//1687 
f 1659//1659 1688//1688 1689//1689 
f 1657//1657 1629//1629 1593//1593 
f 1659//1659 1690//1690 1658//1658 
f 1600//1600 1691//1691 1660//1660 
f 1661//1661 1692//1692 1600//1600 
f 1662//1662 1693//1693 1663//1663 
f 1665//1665 1694//1694 1662//1662 
f 1666//1666 1695//1695 1667//1667 
f 1666//1666 1696//1696 1697//1697 
f 1669//1669 1698//1698 1699//1699 
f 1669//1669 1700//1700 1670//1670 
f 1632//1632 1672//1672 1630//1630 
f 1634//1634 1675//1675 1605//1605 
f 1605//1605 1701//1701 1702//1702 
f 1609//1609 1703//1703 1704//1704 
f 1636//1636 1583//1583 1582//1582 
f 1589//1589 1705//1705 1587//1587 
f 1620//1620 1642//1642 1618//1618 
f 1644//1644 1706//1706 1642//1642 
f 1679//1679 1707//1707 1708//1708 
f 1643//1643 1709//1709 1679//1679 
f 1645//1645 1710//1710 1590//1590 
f 1590//1590 1711//1711 1712//1712 
f 1590//1590 1713//1713 1682//1682 
f 1623//1623 1714//1714 1590//1590 
f 1715//1715 1716//1716 1624//1624 
f 1649//1649 1717//1717 1718//1718 
f 1653//1653 1650//1650 1649//1649 
f 1624//1624 1716//1716 1684//1684 
f 1685//1685 1626//1626 1686//1686 
f 1687//1687 1719//1719 1720//1720 
f 1719//1719 1721//1721 1722//1722 
f 1689//1689 1723//1723 1659//1659 
f 1658//1658 1656//1656 1593//1593 
f 1692//1692 1691//1691 1600//1600 
f 1662//1662 1724//1724 1693//1693 
f 1694//1694 1725//1725 1662//1662 
f 1696//1696 1666//1666 1726//1726 
f 1697//1697 1695//1695 1666//1666 
f 1700//1700 1727//1727 1728//1728 
f 1671//1671 1698//1698 1669//1669 
f 1699//1699 1729//1729 1730//1730 
f 1731//1731 1732//1732 1733//1733 
f 1673//1673 1734//1734 1630//1630 
f 1702//1702 1606//1606 1605//1605 
f 1605//1605 1735//1735 1736//1736 
f 1737//1737 1738//1738 1739//1739 
f 1704//1704 1740//1740 1609//1609 
f 1611//1611 1613//1613 1564//1564 
f 1677//1677 1705//1705 1641//1641 
f 1706//1706 1741//1741 1642//1642 
f 1709//1709 1707//1707 1679//1679 
f 1742//1742 1712//1712 1743//1743 
f 1712//1712 1681//1681 1590//1590 
f 1714//1714 1713//1713 1590//1590 
f 1649//1649 1744//1744 1715//1715 
f 1683//1683 1717//1717 1649//1649 
f 1687//1687 1745//1745 1685//1685 
f 1687//1687 1746//1746 1747//1747 
f 1720//1720 1748//1748 1687//1687 
f 1722//1722 1749//1749 1719//1719 
f 1723//1723 1750//1750 1659//1659 
f 1602//1602 1665//1665 1600//1600 
f 1725//1725 1724//1724 1662//1662 
f 1726//1726 1751//1751 1696//1696 
f 1668//1668 1752//1752 1753//1753 
f 1728//1728 1668//1668 1700//1700 
f 1699//1699 1754//1754 1669//1669 
f 1729//1729 1731//1731 1730//1730 
f 1731//1731 1755//1755 1674//1674 
f 1731//1731 1756//1756 1757//1757 
f 1731//1731 1729//1729 1732//1732 
f 1630//1630 1758//1758 1759//1759 
f 1734//1734 1760//1760 1630//1630 
f 1736//1736 1701//1701 1605//1605 
f 1605//1605 1759//1759 1761//1761 
f 1737//1737 1762//1762 1738//1738 
f 1608//1608 1703//1703 1609//1609 
f 1741//1741 1618//1618 1642//1642 
f 1708//1708 1742//1742 1679//1679 
f 1712//1712 1711//1711 1743//1743 
f 1654//1654 1649//1649 1590//1590 
f 1718//1718 1744//1744 1649//1649 
f 1747//1747 1745//1745 1687//1687 
f 1749//1749 1720//1720 1719//1719 
f 1688//1688 1763//1763 1719//1719 
f 1750//1750 1764//1764 1659//1659 
f 1664//1664 1751//1751 1662//1662 
f 1668//1668 1753//1753 1666//1666 
f 1700//1700 1765//1765 1727//1727 
f 1730//1730 1754//1754 1699//1699 
f 1731//1731 1766//1766 1755//1755 
f 1733//1733 1756//1756 1731//1731 
f 1760//1760 1758//1758 1630//1630 
f 1761//1761 1735//1735 1605//1605 
f 1737//1737 1767//1767 1762//1762 
f 1768//1768 1769//1769 1770//1770 
f 1770//1770 1609//1609 1771//1771 
f 1677//1677 1587//1587 1705//1705 
f 1743//1743 1679//1679 1742//1742 
f 1624//1624 1649//1649 1715//1715 
f 1748//1748 1746//1746 1687//1687 
f 1719//1719 1772//1772 1688//1688 
f 1764//1764 1773//1773 1659//1659 
f 1726//1726 1662//1662 1751//1751 
f 1669//1669 1765//1765 1700//1700 
f 1757//1757 1766//1766 1731//1731 
f 1676//1676 1737//1737 1605//1605 
f 1737//1737 1676//1676 1767//1767 
f 1768//1768 1739//1739 1769//1769 
f 1770//1770 1774//1774 1775//1775 
f 1771//1771 1776//1776 1770//1770 
f 1680//1680 1678//1678 1643//1643 
f 1626//1626 1685//1685 1624//1624 
f 1773//1773 1690//1690 1659//1659 
f 1728//1728 1752//1752 1668//1668 
f 1759//1759 1605//1605 1630//1630 
f 1770//1770 1777//1777 1768//1768 
f 1776//1776 1774//1774 1770//1770 
f 1710//1710 1647//1647 1590//1590 
f 1772//1772 1689//1689 1688//1688 
f 1674//1674 1630//1630 1731//1731 
f 1775//1775 1777//1777 1770//1770 
f 1763//1763 1721//1721 1719//1719 
f 1739//1739 1768//1768 1737//1737 
f 1595//1595 1661//1661 1593//1593 
f 1740//1740 1771//1771 1609//1609 
v 0.102 -0.0299635 0.031 
v 0.106 -0.0299635 0.035 
v 0.105996 -0.0298683 0.035 
v 0.102 -0.0295795 0.0310147 
v 0.102 -0.0295944 0.0310129 
v 0.105996 -0.0298595 0.035 
v 0.105981 -0.0297439 0.035 
v 0.102 -0.0290428 0.0310787 
v 0.105976 -0.0297045 0.035 
v 0.105951 -0.0295789 0.035 
v 0.102 -0.0287253 0.0311483 
v 0.102 -0.029168 0.0310638 
v 0.102 -0.0284333 0.0312124 
v 0.105939 -0.0295194 0.035 
v 0.105894 -0.0293523 0.035 
v 0.102 -0.0282377 0.0312753 
v 0.105879 -0.0292977 0.035 
v 0.105792 -0.0290346 0.035 
v 0.102 -0.0276947 0.0314543 
v 0.102 -0.0277355 0.0314369 
v 0.10567 -0.0287134 0.035 
v 0.105596 -0.0285493 0.035 
v 0.105792 -0.0290333 0.035 
v 0.102 -0.0269006 0.0317931 
v 0.105263 -0.02781 0.035 
v 0.102 -0.026269 0.0321177 
v 0.102 -0.0261687 0.0321693 
v 0.105149 -0.0275571 0.035 
v 0.104599 -0.0265119 0.035 
v 0.102 -0.0251732 0.0327788 
v 0.103975 -0.0253241 0.035 
v 0.102834 -0.0231422 0.035 
v 0.102 -0.0227284 0.0342756 
v 0.102 -0.0270594 0.0317253 
vn -0.707107 -8.55097e-09 0.707107 
vn -0.707107 2.15828e-08 0.707107 
vn -0.707115 -0.0514462 0.705224 
vn -0.707115 -0.0509721 0.705259 
vn -0.707115 -0.0490261 0.705397 
vn -0.707116 -0.0555979 0.704908 
vn -0.707124 -0.102702 0.699591 
vn -0.707125 -0.117212 0.697306 
vn -0.707125 -0.116333 0.697454 
vn -0.707121 -0.153077 0.690324 
vn -0.707121 -0.153234 0.690289 
vn -0.707124 -0.102423 0.699632 
vn -0.707114 -0.183615 0.682843 
vn -0.707118 -0.168027 0.686842 
vn -0.707109 -0.202687 0.677432 
vn -0.707109 -0.202941 0.677356 
vn -0.707108 -0.212525 0.674412 
vn -0.707135 -0.251986 0.660653 
vn -0.707137 -0.250108 0.661365 
vn -0.707131 -0.246781 0.66262 
vn -0.707195 -0.283562 0.647664 
vn -0.7072 -0.295157 0.642456 
vn -0.707136 -0.252142 0.660593 
vn -0.707193 -0.304322 0.638175 
vn -0.707111 -0.335248 0.622578 
vn -0.707111 -0.335645 0.622364 
vn -0.707107 -0.33963 0.620203 
vn -0.70712 -0.347239 0.61596 
vn -0.707483 -0.374305 0.599469 
vn -0.707487 -0.372275 0.600727 
vn -0.707692 -0.380508 0.595303 
vn -0.707107 -0.350771 0.61397 
vn -0.707107 -0.350771 0.61397 
vn -0.7072 -0.29498 0.642537 
f 1778//1778 1779//1779 1780//1780 
f 1780//1780 1781//1781 1782//1782 
f 1781//1781 1783//1783 1784//1784 
f 1781//1781 1780//1780 1783//1783 
f 1785//1785 1786//1786 1787//1787 
f 1787//1787 1788//1788 1785//1785 
f 1789//1789 1784//1784 1786//1786 
f 1790//1790 1791//1791 1792//1792 
f 1792//1792 1793//1793 1790//1790 
f 1788//1788 1787//1787 1791//1791 
f 1793//1793 1794//1794 1795//1795 
f 1795//1795 1796//1796 1797//1797 
f 1793//1793 1792//1792 1794//1794 
f 1796//1796 1798//1798 1799//1799 
f 1796//1796 1800//1800 1798//1798 
f 1796//1796 1795//1795 1800//1800 
f 1801//1801 1799//1799 1802//1802 
f 1802//1802 1803//1803 1801//1801 
f 1804//1804 1805//1805 1806//1806 
f 1806//1806 1807//1807 1804//1804 
f 1803//1803 1802//1802 1805//1805 
f 1807//1807 1808//1808 1809//1809 
f 1807//1807 1806//1806 1808//1808 
f 1809//1809 1810//1810 1807//1807 
f 1804//1804 1803//1803 1805//1805 
f 1801//1801 1811//1811 1799//1799 
f 1799//1799 1811//1811 1796//1796 
f 1795//1795 1797//1797 1793//1793 
f 1790//1790 1788//1788 1791//1791 
f 1785//1785 1789//1789 1786//1786 
f 1784//1784 1789//1789 1781//1781 
f 1780//1780 1782//1782 1778//1778 
v 0.102 -0.0299635 0.031 
v 0.102 -0.0335278 0.031 
v 0.106 -0.0335278 0.035 
v 0.106 -0.0299635 0.035 
vn -0.707107 -8.35251e-16 0.707107 
vn -0.707107 -8.35251e-16 0.707107 
vn -0.707107 -8.35251e-16 0.707107 
vn -0.707107 -8.35251e-16 0.707107 
f 1812//1812 1813//1813 1814//1814 
f 1814//1814 1815//1815 1812//1812 
v 0.106 -0.0299635 -0.035 
v 0.106 -0.0335278 -0.035 
v 0.102 -0.0335278 -0.031 
v 0.102 -0.0299635 -0.031 
vn -0.707107 7.48656e-16 -0.707107 
vn -0.707107 7.48656e-16 -0.707107 
vn -0.707107 7.48656e-16 -0.707107 
vn -0.707107 7.48656e-16 -0.707107 
f 1816//1816 1817//1817 1818//1818 
f 1818//1818 1819//1819 1816//1816 
v 0.102 -0.0241104 -0.0334254 
v 0.102 -0.0227284 -0.0342756 
v 0.102834 -0.0231422 -0.035 
v 0.102 -0.026065 -0.0322469 
v 0.102 -0.0242132 -0.0333622 
v 0.103869 -0.0251145 -0.035 
v 0.104155 -0.0256582 -0.035 
v 0.102 -0.0264028 -0.0320434 
v 0.10516 -0.0275899 -0.035 
v 0.105232 -0.0277279 -0.035 
v 0.102 -0.0270151 -0.0317553 
v 0.102 -0.0274679 -0.0315421 
v 0.105583 -0.0285113 -0.035 
v 0.105636 -0.0286313 -0.035 
v 0.102 -0.0277249 -0.0314516 
v 0.102 -0.0282399 -0.03127 
v 0.105788 -0.029044 -0.035 
v 0.105864 -0.029253 -0.035 
v 0.102 -0.0282733 -0.0312583 
v 0.105894 -0.029355 -0.035 
v 0.105907 -0.029397 -0.035 
v 0.102 -0.0287114 -0.0311501 
v 0.102 -0.0288693 -0.0311111 
v 0.10595 -0.0295754 -0.035 
v 0.105957 -0.029604 -0.035 
v 0.102 -0.0291452 -0.0310694 
v 0.102 -0.0294147 -0.0310286 
v 0.10598 -0.0297389 -0.035 
v 0.105986 -0.0297754 -0.035 
v 0.102 -0.0295493 -0.0310216 
v 0.102 -0.0299635 -0.031 
v 0.105994 -0.0298622 -0.035 
v 0.105999 -0.0299161 -0.035 
v 0.106 -0.0299635 -0.035 
vn -0.707664 -0.380399 -0.595405 
vn -0.707107 -0.350771 -0.61397 
vn -0.707107 -0.350771 -0.61397 
vn -0.707114 -0.344487 -0.61751 
vn -0.707684 -0.380761 -0.595151 
vn -0.707664 -0.379795 -0.595791 
vn -0.707693 -0.380731 -0.595159 
vn -0.707125 -0.329664 -0.625536 
vn -0.707113 -0.345309 -0.617051 
vn -0.707107 -0.339226 -0.620423 
vn -0.707196 -0.297541 -0.641361 
vn -0.707168 -0.266994 -0.654697 
vn -0.707196 -0.297533 -0.641365 
vn -0.707196 -0.289372 -0.645088 
vn -0.707131 -0.247665 -0.66229 
vn -0.707113 -0.202653 -0.677439 
vn -0.707129 -0.249367 -0.661652 
vn -0.707107 -0.21971 -0.672106 
vn -0.707114 -0.199433 -0.678392 
vn -0.707113 -0.20206 -0.677616 
vn -0.707116 -0.194192 -0.679909 
vn -0.707136 -0.155076 -0.689863 
vn -0.707141 -0.13757 -0.693561 
vn -0.707136 -0.154563 -0.689978 
vn -0.707138 -0.147219 -0.691579 
vn -0.707141 -0.105706 -0.699126 
vn -0.707131 -0.07247 -0.703359 
vn -0.707141 -0.106232 -0.699047 
vn -0.707138 -0.0931876 -0.700908 
vn -0.707124 -0.0553096 -0.704923 
vn -0.707107 -8.85018e-09 -0.707107 
vn -0.707124 -0.0566172 -0.70482 
vn -0.707112 -0.0290476 -0.706505 
vn -0.707107 2.83463e-08 -0.707107 
f 1820//1820 1821//1821 1822//1822 
f 1823//1823 1824//1824 1825//1825 
f 1825//1825 1826//1826 1823//1823 
f 1824//1824 1820//1820 1825//1825 
f 1827//1827 1823//1823 1828//1828 
f 1829//1829 1830//1830 1827//1827 
f 1828//1828 1829//1829 1827//1827 
f 1831//1831 1830//1830 1832//1832 
f 1833//1833 1834//1834 1831//1831 
f 1832//1832 1833//1833 1831//1831 
f 1835//1835 1834//1834 1836//1836 
f 1836//1836 1837//1837 1835//1835 
f 1838//1838 1835//1835 1839//1839 
f 1840//1840 1841//1841 1838//1838 
f 1839//1839 1840//1840 1838//1838 
f 1842//1842 1841//1841 1843//1843 
f 1844//1844 1845//1845 1842//1842 
f 1843//1843 1844//1844 1842//1842 
f 1846//1846 1845//1845 1847//1847 
f 1848//1848 1849//1849 1846//1846 
f 1847//1847 1848//1848 1846//1846 
f 1850//1850 1849//1849 1851//1851 
f 1851//1851 1852//1852 1850//1850 
f 1852//1852 1853//1853 1850//1850 
f 1848//1848 1851//1851 1849//1849 
f 1844//1844 1847//1847 1845//1845 
f 1840//1840 1843//1843 1841//1841 
f 1837//1837 1839//1839 1835//1835 
f 1833//1833 1836//1836 1834//1834 
f 1829//1829 1832//1832 1830//1830 
f 1826//1826 1828//1828 1823//1823 
f 1822//1822 1825//1825 1820//1820 
v 0.102 0.0251706 0.0327799 
v 0.102 0.0227284 0.0342756 
v 0.102834 0.0231422 0.035 
v 0.104472 0.026249 0.035 
v 0.102 0.0261598 0.0321742 
v 0.104609 0.0265243 0.035 
v 0.105235 0.0277803 0.035 
v 0.102 0.0262609 0.0321222 
v 0.102 0.0268911 0.0317979 
v 0.102 0.0270495 0.0317303 
v 0.105503 0.0283165 0.035 
v 0.105588 0.0285373 0.035 
v 0.102 0.0276899 0.031457 
v 0.102 0.0282361 0.0312768 
v 0.102 0.0277328 0.0314388 
v 0.105776 0.0290188 0.035 
v 0.105854 0.029219 0.035 
v 0.105889 0.0293494 0.035 
v 0.102 0.0287269 0.0311487 
v 0.102 0.0284349 0.0312128 
v 0.105951 0.0295815 0.035 
v 0.102 0.0290461 0.0310787 
v 0.105957 0.0296024 0.035 
v 0.10598 0.0297475 0.035 
v 0.102 0.0291718 0.0310637 
v 0.102 0.0295825 0.0310145 
v 0.105993 0.0298291 0.035 
v 0.102 0.0299635 0.031 
v 0.102 0.0295962 0.0310129 
v 0.105995 0.0298713 0.035 
v 0.106 0.0299635 0.035 
vn -0.707487 0.372312 0.600704 
vn -0.707107 0.350771 0.61397 
vn -0.707107 0.350771 0.61397 
vn -0.707584 0.377769 0.597173 
vn -0.707107 0.340003 0.619998 
vn -0.707483 0.374346 0.599443 
vn -0.707111 0.335542 0.62242 
vn -0.70711 0.335928 0.622211 
vn -0.707189 0.30451 0.638089 
vn -0.707197 0.295212 0.642435 
vn -0.707178 0.310105 0.6354 
vn -0.707196 0.295336 0.642378 
vn -0.707135 0.250253 0.661312 
vn -0.707113 0.203167 0.677285 
vn -0.707129 0.246788 0.662619 
vn -0.707134 0.251998 0.66065 
vn -0.707107 0.22515 0.670304 
vn -0.707112 0.202584 0.67746 
vn -0.707136 0.153431 0.69023 
vn -0.707122 0.183651 0.682825 
vn -0.707136 0.152944 0.690338 
vn -0.707142 0.117311 0.697272 
vn -0.707138 0.147648 0.691488 
vn -0.70714 0.103068 0.699521 
vn -0.70714 0.10247 0.699609 
vn -0.707122 0.050977 0.705252 
vn -0.70713 0.0716209 0.703447 
vn -0.707107 8.84038e-09 0.707107 
vn -0.707121 0.0491881 0.705379 
vn -0.707122 0.0522925 0.705156 
vn -0.707107 -2.84009e-08 0.707107 
f 1854//1854 1855//1855 1856//1856 
f 1856//1856 1857//1857 1854//1854 
f 1858//1858 1854//1854 1859//1859 
f 1860//1860 1861//1861 1858//1858 
f 1862//1862 1861//1861 1860//1860 
f 1863//1863 1862//1862 1864//1864 
f 1864//1864 1865//1865 1863//1863 
f 1866//1866 1863//1863 1865//1865 
f 1867//1867 1868//1868 1869//1869 
f 1869//1869 1870//1870 1867//1867 
f 1870//1870 1871//1871 1867//1867 
f 1872//1872 1873//1873 1871//1871 
f 1871//1871 1874//1874 1872//1872 
f 1875//1875 1872//1872 1874//1874 
f 1874//1874 1876//1876 1875//1875 
f 1877//1877 1878//1878 1875//1875 
f 1879//1879 1878//1878 1877//1877 
f 1877//1877 1880//1880 1879//1879 
f 1881//1881 1882//1882 1883//1883 
f 1883//1883 1884//1884 1881//1881 
f 1882//1882 1879//1879 1883//1883 
f 1880//1880 1883//1883 1879//1879 
f 1876//1876 1877//1877 1875//1875 
f 1873//1873 1867//1867 1871//1871 
f 1868//1868 1866//1866 1869//1869 
f 1865//1865 1869//1869 1866//1866 
f 1860//1860 1864//1864 1862//1862 
f 1859//1859 1860//1860 1858//1858 
f 1857//1857 1859//1859 1854//1854 
v 0.106 0.0299635 0.035 
v 0.106 0.0335278 0.035 
v 0.102 0.0335278 0.031 
v 0.102 0.0299635 0.031 
vn -0.707107 -8.35251e-16 0.707107 
vn -0.707107 -8.35251e-16 0.707107 
vn -0.707107 -8.35251e-16 0.707107 
vn -0.707107 -8.35251e-16 0.707107 
f 1885//1885 1886//1886 1887//1887 
f 1887//1887 1888//1888 1885//1885 
v 0.106 0.0299635 -0.035 
v 0.102 0.0299635 -0.031 
v 0.102 0.0335278 -0.031 
v 0.106 0.0335278 -0.035 
vn -0.707107 7.48656e-16 -0.707107 
vn -0.707107 7.48656e-16 -0.707107 
vn -0.707107 7.48656e-16 -0.707107 
vn -0.707107 7.48656e-16 -0.707107 
f 1889//1889 1890//1890 1891//1891 
f 1891//1891 1892//1892 1889//1889 
v 0.102 0.0299635 -0.031 
v 0.106 0.0299635 -0.035 
v 0.105994 0.0298579 -0.035 
v 0.102 0.0295421 -0.0310219 
v 0.105993 0.0298244 -0.035 
v 0.102 0.0294123 -0.0310286 
v 0.105978 0.0297318 -0.035 
v 0.102 0.0291341 -0.0310707 
v 0.105957 0.0295983 -0.035 
v 0.102 0.0288642 -0.0311115 
v 0.105948 0.0295683 -0.035 
v 0.102 0.0287004 -0.031152 
v 0.105889 0.0293475 -0.035 
v 0.102 0.0282312 -0.031272 
v 0.102 0.028269 -0.0312587 
v 0.105832 0.0291495 -0.035 
v 0.105788 0.0290411 -0.035 
v 0.105854 0.029219 -0.035 
v 0.102 0.0274681 -0.0315413 
v 0.105567 0.0284956 -0.035 
v 0.102 0.027009 -0.0317577 
v 0.102 0.0264031 -0.0320433 
v 0.105415 0.0281206 -0.035 
v 0.105125 0.0275489 -0.035 
v 0.102 0.0260489 -0.0322566 
v 0.104369 0.0260563 -0.035 
v 0.103799 0.0249746 -0.035 
v 0.102 0.0240142 -0.033485 
v 0.102 0.0241976 -0.0333722 
v 0.102834 0.0231422 -0.035 
v 0.102 0.0227284 -0.0342756 
v 0.102 0.0277182 -0.0314531 
vn -0.707107 8.59012e-09 -0.707107 
vn -0.707107 -2.14459e-08 -0.707107 
vn -0.707116 0.0562926 -0.704853 
vn -0.707116 0.055814 -0.704891 
vn -0.707119 0.0712743 -0.703493 
vn -0.70712 0.0722917 -0.703389 
vn -0.707124 0.106775 -0.698981 
vn -0.707124 0.106528 -0.699018 
vn -0.707122 0.148069 -0.691415 
vn -0.707123 0.137705 -0.693552 
vn -0.707121 0.155735 -0.68973 
vn -0.707121 0.155911 -0.68969 
vn -0.707109 0.203158 -0.677291 
vn -0.707109 0.203408 -0.677216 
vn -0.70711 0.199746 -0.678304 
vn -0.707113 0.236533 -0.666366 
vn -0.707132 0.250248 -0.661317 
vn -0.707107 0.225417 -0.670214 
vn -0.707172 0.267295 -0.654569 
vn -0.707199 0.298263 -0.641022 
vn -0.707199 0.298282 -0.641013 
vn -0.707125 0.32981 -0.62546 
vn -0.70715 0.321157 -0.629919 
vn -0.707117 0.346175 -0.616562 
vn -0.707117 0.345199 -0.617108 
vn -0.707636 0.379254 -0.596169 
vn -0.707642 0.379062 -0.596285 
vn -0.707642 0.379812 -0.595807 
vn -0.707684 0.380698 -0.595191 
vn -0.707107 0.350771 -0.61397 
vn -0.707107 0.350771 -0.61397 
vn -0.707134 0.248413 -0.662007 
f 1893//1893 1894//1894 1895//1895 
f 1896//1896 1895//1895 1897//1897 
f 1898//1898 1897//1897 1899//1899 
f 1899//1899 1900//1900 1898//1898 
f 1900//1900 1899//1899 1901//1901 
f 1902//1902 1901//1901 1903//1903 
f 1903//1903 1904//1904 1902//1902 
f 1904//1904 1903//1903 1905//1905 
f 1905//1905 1906//1906 1907//1907 
f 1906//1906 1908//1908 1909//1909 
f 1906//1906 1910//1910 1908//1908 
f 1906//1906 1905//1905 1910//1910 
f 1911//1911 1909//1909 1912//1912 
f 1912//1912 1913//1913 1911//1911 
f 1914//1914 1915//1915 1916//1916 
f 1916//1916 1917//1917 1914//1914 
f 1913//1913 1912//1912 1915//1915 
f 1917//1917 1918//1918 1919//1919 
f 1917//1917 1916//1916 1918//1918 
f 1919//1919 1920//1920 1921//1921 
f 1920//1920 1919//1919 1922//1922 
f 1922//1922 1923//1923 1920//1920 
f 1919//1919 1921//1921 1917//1917 
f 1914//1914 1913//1913 1915//1915 
f 1911//1911 1924//1924 1909//1909 
f 1909//1909 1924//1924 1906//1906 
f 1905//1905 1907//1907 1904//1904 
f 1901//1901 1902//1902 1900//1900 
f 1897//1897 1898//1898 1896//1896 
f 1895//1895 1896//1896 1893//1893 
v 0.102 -0.0227284 0.0342756 
v 0.102834 -0.0231422 0.035 
v 0.102509 -0.0224208 0.035 
v 0.102 -0.0222157 0.034534 
v 0.102276 -0.021763 0.035 
v 0.102 -0.0216788 0.0347375 
v 0.102119 -0.0211479 0.035 
v 0.102 -0.0211237 0.034884 
v 0.102028 -0.0205592 0.035 
v 0.102 -0.02 0.035 
v 0.102 -0.0205563 0.0349718 
vn -0.707107 -0.350771 0.61397 
vn -0.707107 -0.350771 0.61397 
vn -0.707107 -0.284856 0.647192 
vn -0.707107 -0.284856 0.647192 
vn -0.707107 -0.215838 0.67336 
vn -0.707107 -0.215838 0.67336 
vn -0.707107 -0.144467 0.692192 
vn -0.707107 -0.144467 0.692192 
vn -0.707107 -0.071522 0.70348 
vn -0.707107 -3.52379e-14 0.707107 
vn -0.707107 -0.071522 0.70348 
f 1925//1925 1926//1926 1927//1927 
f 1928//1928 1927//1927 1929//1929 
f 1930//1930 1929//1929 1931//1931 
f 1932//1932 1931//1931 1933//1933 
f 1934//1934 1935//1935 1933//1933 
f 1933//1933 1935//1935 1932//1932 
f 1931//1931 1932//1932 1930//1930 
f 1929//1929 1930//1930 1928//1928 
f 1927//1927 1928//1928 1925//1925 
v 0.102 -0.0211237 -0.034884 
v 0.102 -0.0205563 -0.0349718 
v 0.102028 -0.0205592 -0.035 
v 0.102 -0.0216788 -0.0347375 
v 0.102119 -0.0211479 -0.035 
v 0.102 -0.0222157 -0.034534 
v 0.102276 -0.021763 -0.035 
v 0.102 -0.0227284 -0.0342756 
v 0.102509 -0.0224208 -0.035 
v 0.102834 -0.0231422 -0.035 
v 0.102 -0.02 -0.035 
vn -0.707107 -0.144467 -0.692192 
vn -0.707107 -0.071522 -0.70348 
vn -0.707107 -0.071522 -0.70348 
vn -0.707107 -0.215838 -0.67336 
vn -0.707107 -0.144467 -0.692192 
vn -0.707107 -0.284856 -0.647192 
vn -0.707107 -0.215838 -0.67336 
vn -0.707107 -0.350771 -0.61397 
vn -0.707107 -0.284856 -0.647192 
vn -0.707107 -0.350771 -0.61397 
vn -0.707107 -1.73191e-16 -0.707107 
f 1936//1936 1937//1937 1938//1938 
f 1939//1939 1936//1936 1940//1940 
f 1941//1941 1939//1939 1942//1942 
f 1943//1943 1941//1941 1944//1944 
f 1944//1944 1945//1945 1943//1943 
f 1942//1942 1944//1944 1941//1941 
f 1940//1940 1942//1942 1939//1939 
f 1938//1938 1940//1940 1936//1936 
f 1938//1938 1937//1937 1946//1946 
v 0.102 0.0211237 0.034884 
v 0.102 0.0205563 0.0349718 
v 0.102028 0.0205592 0.035 
v 0.102 0.0216788 0.0347375 
v 0.102119 0.0211479 0.035 
v 0.102 0.0222157 0.034534 
v 0.102276 0.021763 0.035 
v 0.102 0.0227284 0.0342756 
v 0.102509 0.0224208 0.035 
v 0.102834 0.0231422 0.035 
v 0.102 0.02 0.035 
vn -0.707107 0.144467 0.692192 
vn -0.707107 0.071522 0.70348 
vn -0.707107 0.071522 0.70348 
vn -0.707107 0.215838 0.67336 
vn -0.707107 0.144467 0.692192 
vn -0.707107 0.284856 0.647192 
vn -0.707107 0.215838 0.67336 
vn -0.707107 0.350771 0.61397 
vn -0.707107 0.284856 0.647192 
vn -0.707107 0.350771 0.61397 
vn -0.707107 -4.53368e-32 0.707107 
f 1947//1947 1948//1948 1949//1949 
f 1950//1950 1947//1947 1951//1951 
f 1952//1952 1950//1950 1953//1953 
f 1954//1954 1952//1952 1955//1955 
f 1955//1955 1956//1956 1954//1954 
f 1953//1953 1955//1955 1952//1952 
f 1951//1951 1953//1953 1950//1950 
f 1949//1949 1951//1951 1947//1947 
f 1949//1949 1948//1948 1957//1957 
v 0.102 0.0227284 -0.0342756 
v 0.102834 0.0231422 -0.035 
v 0.102511 0.0224249 -0.035 
v 0.102 0.0222188 -0.0345326 
v 0.102278 0.0217705 -0.035 
v 0.102 0.0216853 -0.0347354 
v 0.102121 0.0211586 -0.035 
v 0.102 0.0211337 -0.0348819 
v 0.10203 0.020573 -0.035 
v 0.102 0.02 -0.035 
v 0.102 0.0205699 -0.0349704 
vn -0.707107 0.350771 -0.61397 
vn -0.707107 0.350771 -0.61397 
vn -0.707107 0.285259 -0.647014 
vn -0.707107 0.285259 -0.647014 
vn -0.707107 0.216676 -0.673091 
vn -0.707107 0.216676 -0.673091 
vn -0.707107 0.14576 -0.691921 
vn -0.707107 0.14576 -0.691921 
vn -0.707107 0.0732745 -0.7033 
vn -0.707107 -1.66235e-31 -0.707107 
vn -0.707107 0.0732745 -0.7033 
f 1958//1958 1959//1959 1960//1960 
f 1961//1961 1960//1960 1962//1962 
f 1963//1963 1962//1962 1964//1964 
f 1965//1965 1964//1964 1966//1966 
f 1967//1967 1968//1968 1966//1966 
f 1966//1966 1968//1968 1965//1965 
f 1964//1964 1965//1965 1963//1963 
f 1962//1962 1963//1963 1961//1961 
f 1960//1960 1961//1961 1958//1958 
v 0.106 -0.0335278 0.035 
v 0.102 -0.0335278 0.031 
v 0.102 -0.0340283 0.0309749 
v 0.106 -0.0344288 0.0349548 
v 0.102 -0.0345239 0.0308998 
v 0.106 -0.0353208 0.0348196 
v 0.102 -0.0350094 0.0307754 
v 0.106 -0.0361948 0.0345958 
v 0.102 -0.0354801 0.0306031 
v 0.106 -0.0370419 0.0342856 
v 0.102 -0.0359311 0.0303845 
v 0.106 -0.0378538 0.0338921 
v 0.102 -0.036358 0.0301219 
v 0.106 -0.0386222 0.0334194 
v 0.102 -0.0367564 0.0298178 
v 0.106 -0.0393394 0.0328721 
v 0.102 -0.0371224 0.0294754 
v 0.106 -0.0399982 0.0322557 
v 0.102 -0.0374523 0.029098 
v 0.106 -0.040592 0.0315765 
v 0.102 -0.0377428 0.0286896 
v 0.106 -0.0411148 0.0308412 
v 0.102 -0.0379909 0.0282541 
v 0.106 -0.0415613 0.0300573 
v 0.102 -0.0381941 0.0277959 
v 0.106 -0.0419272 0.0292327 
vn -0.707107 8.65956e-17 0.707107 
vn -0.707107 8.65956e-17 0.707107 
vn -0.707107 -0.0707923 0.703554 
vn -0.707107 -0.0707923 0.703554 
vn -0.707107 -0.140873 0.692932 
vn -0.707107 -0.140873 0.692932 
vn -0.707107 -0.209539 0.675347 
vn -0.707107 -0.209539 0.675347 
vn -0.707107 -0.276099 0.650976 
vn -0.707107 -0.276099 0.650976 
vn -0.707107 -0.339884 0.620063 
vn -0.707107 -0.339884 0.620063 
vn -0.707107 -0.400255 0.58292 
vn -0.707107 -0.400255 0.58292 
vn -0.707107 -0.456603 0.53992 
vn -0.707107 -0.456603 0.53992 
vn -0.707107 -0.508363 0.491494 
vn -0.707107 -0.508363 0.491494 
vn -0.707107 -0.555015 0.43813 
vn -0.707107 -0.555015 0.43813 
vn -0.707107 -0.59609 0.380363 
vn -0.707107 -0.59609 0.380363 
vn -0.707107 -0.631176 0.318774 
vn -0.707107 -0.631176 0.318774 
vn -0.707107 -0.659919 0.253982 
vn -0.707107 -0.659919 0.253982 
f 1969//1969 1970//1970 1971//1971 
f 1972//1972 1971//1971 1973//1973 
f 1974//1974 1973//1973 1975//1975 
f 1976//1976 1975//1975 1977//1977 
f 1978//1978 1977//1977 1979//1979 
f 1980//1980 1979//1979 1981//1981 
f 1982//1982 1981//1981 1983//1983 
f 1984//1984 1983//1983 1985//1985 
f 1986//1986 1985//1985 1987//1987 
f 1988//1988 1987//1987 1989//1989 
f 1990//1990 1989//1989 1991//1991 
f 1992//1992 1991//1991 1993//1993 
f 1993//1993 1994//1994 1992//1992 
f 1991//1991 1992//1992 1990//1990 
f 1989//1989 1990//1990 1988//1988 
f 1987//1987 1988//1988 1986//1986 
f 1985//1985 1986//1986 1984//1984 
f 1983//1983 1984//1984 1982//1982 
f 1981//1981 1982//1982 1980//1980 
f 1979//1979 1980//1980 1978//1978 
f 1977//1977 1978//1978 1976//1976 
f 1975//1975 1976//1976 1974//1974 
f 1973//1973 1974//1974 1972//1972 
f 1971//1971 1972//1972 1969//1969 
v 0.102 -0.0433996 0.0142705 
v 0.106 -0.0471327 0.0157073 
v 0.106 -0.0419272 0.0292327 
v 0.102 -0.0381941 0.0277959 
vn -0.707107 -0.659919 0.253982 
vn -0.707107 -0.659919 0.253982 
vn -0.707107 -0.659919 0.253982 
vn -0.707107 -0.659919 0.253982 
f 1995//1995 1996//1996 1997//1997 
f 1997//1997 1998//1998 1995//1995 
v 0.106 -0.0471327 0.0157073 
v 0.102 -0.0433996 0.0142705 
v 0.102 -0.0435737 0.0137479 
v 0.106 -0.0474228 0.0148361 
v 0.102 -0.0436991 0.0132114 
v 0.106 -0.0476318 0.0139421 
v 0.102 -0.0437747 0.0126657 
v 0.106 -0.0477578 0.0130326 
v 0.102 -0.0438 0.0121154 
v 0.106 -0.0478 0.0121154 
vn -0.707107 -0.659919 0.253982 
vn -0.707107 -0.659919 0.253982 
vn -0.707107 -0.680432 0.192384 
vn -0.707107 -0.680432 0.192384 
vn -0.707107 -0.69521 0.129164 
vn -0.707107 -0.69521 0.129164 
vn -0.707107 -0.704126 0.0648555 
vn -0.707107 -0.704126 0.0648555 
vn -0.707107 -0.707107 -8.14436e-16 
vn -0.707107 -0.707107 -8.14436e-16 
f 1999//1999 2000//2000 2001//2001 
f 2002//2002 2001//2001 2003//2003 
f 2004//2004 2003//2003 2005//2005 
f 2006//2006 2005//2005 2007//2007 
f 2007//2007 2008//2008 2006//2006 
f 2005//2005 2006//2006 2004//2004 
f 2003//2003 2004//2004 2002//2002 
f 2001//2001 2002//2002 1999//1999 
v 0.106 -0.0478 0.0121154 
v 0.102 -0.0438 0.0121154 
v 0.102 -0.0438 -0.0121154 
v 0.106 -0.0478 -0.0121154 
vn -0.707107 -0.707107 -8.14436e-16 
vn -0.707107 -0.707107 -8.14436e-16 
vn -0.707107 -0.707107 -8.14436e-16 
vn -0.707107 -0.707107 -8.14436e-16 
f 2009//2009 2010//2010 2011//2011 
f 2011//2011 2012//2012 2009//2009 
v 0.106 -0.0478 0.0121154 
v 0.119 -0.0478 0.0121154 
v 0.119 -0.0477578 0.0130326 
v 0.106 -0.0477578 0.0130326 
v 0.119 -0.0476318 0.0139421 
v 0.106 -0.0476318 0.0139421 
v 0.119 -0.0474228 0.0148361 
v 0.106 -0.0474228 0.0148361 
v 0.119 -0.0471327 0.0157073 
v 0.106 -0.0471327 0.0157073 
vn -5.55112e-17 -1 3.17907e-14 
vn -5.55112e-17 -1 3.17907e-14 
vn -3.49113e-17 -0.995785 0.0917196 
vn -3.49113e-17 -0.995785 0.0917196 
vn -1.40172e-17 -0.983175 0.182666 
vn -1.40172e-17 -0.983175 0.182666 
vn 6.9951e-18 -0.962277 0.272072 
vn 6.9951e-18 -0.962277 0.272072 
vn 2.79484e-17 -0.933266 0.359185 
vn 2.79484e-17 -0.933266 0.359185 
f 2013//2013 2014//2014 2015//2015 
f 2016//2016 2015//2015 2017//2017 
f 2018//2018 2017//2017 2019//2019 
f 2020//2020 2019//2019 2021//2021 
f 2021//2021 2022//2022 2020//2020 
f 2019//2019 2020//2020 2018//2018 
f 2017//2017 2018//2018 2016//2016 
f 2015//2015 2016//2016 2013//2013 
v 0.119 -0.0478 -0.0121154 
v 0.119 -0.0478 0.0121154 
v 0.106 -0.0478 0.0121154 
v 0.106 -0.0478 -0.0121154 
vn -5.55112e-17 -1 -1.14546e-15 
vn -5.55112e-17 -1 -1.14546e-15 
vn -5.55112e-17 -1 -1.14546e-15 
vn -5.55112e-17 -1 -1.14546e-15 
f 2023//2023 2024//2024 2025//2025 
f 2025//2025 2026//2026 2023//2023 
v 0.106 -0.0478 -0.0121154 
v 0.102 -0.0438 -0.0121154 
v 0.102 -0.0437747 -0.0126657 
v 0.106 -0.0477578 -0.0130326 
v 0.102 -0.0436991 -0.0132114 
v 0.106 -0.0476318 -0.0139421 
v 0.102 -0.0435737 -0.0137479 
v 0.106 -0.0474228 -0.0148361 
v 0.102 -0.0433996 -0.0142705 
v 0.106 -0.0471327 -0.0157073 
vn -0.707107 -0.707107 -9.69171e-16 
vn -0.707107 -0.707107 -9.69171e-16 
vn -0.707107 -0.704126 -0.0648555 
vn -0.707107 -0.704126 -0.0648555 
vn -0.707107 -0.69521 -0.129164 
vn -0.707107 -0.69521 -0.129164 
vn -0.707107 -0.680432 -0.192384 
vn -0.707107 -0.680432 -0.192384 
vn -0.707107 -0.659919 -0.253982 
vn -0.707107 -0.659919 -0.253982 
f 2027//2027 2028//2028 2029//2029 
f 2030//2030 2029//2029 2031//2031 
f 2032//2032 2031//2031 2033//2033 
f 2034//2034 2033//2033 2035//2035 
f 2035//2035 2036//2036 2034//2034 
f 2033//2033 2034//2034 2032//2032 
f 2031//2031 2032//2032 2030//2030 
f 2029//2029 2030//2030 2027//2027 
v 0.106 -0.0471327 -0.0157073 
v 0.119 -0.0471327 -0.0157073 
v 0.119 -0.0474228 -0.0148361 
v 0.106 -0.0474228 -0.0148361 
v 0.119 -0.0476318 -0.0139421 
v 0.106 -0.0476318 -0.0139421 
v 0.119 -0.0477578 -0.0130326 
v 0.106 -0.0477578 -0.0130326 
v 0.119 -0.0478 -0.0121154 
v 0.106 -0.0478 -0.0121154 
vn -1.31562e-16 -0.933266 -0.359185 
vn -1.31562e-16 -0.933266 -0.359185 
vn -1.13829e-16 -0.962277 -0.272072 
vn -1.13829e-16 -0.962277 -0.272072 
vn -9.51372e-17 -0.983175 -0.182666 
vn -9.51372e-17 -0.983175 -0.182666 
vn -7.5643e-17 -0.995785 -0.0917196 
vn -7.5643e-17 -0.995785 -0.0917196 
vn -5.55112e-17 -1 -1.83697e-16 
vn -5.55112e-17 -1 -1.83697e-16 
f 2037//2037 2038//2038 2039//2039 
f 2040//2040 2039//2039 2041//2041 
f 2042//2042 2041//2041 2043//2043 
f 2044//2044 2043//2043 2045//2045 
f 2045//2045 2046//2046 2044//2044 
f 2043//2043 2044//2044 2042//2042 
f 2041//2041 2042//2042 2040//2040 
f 2039//2039 2040//2040 2037//2037 
v 0.102 -0.0381941 -0.0277959 
v 0.106 -0.0419272 -0.0292327 
v 0.106 -0.0471327 -0.0157073 
v 0.102 -0.0433996 -0.0142705 
vn -0.707107 -0.659919 -0.253982 
vn -0.707107 -0.659919 -0.253982 
vn -0.707107 -0.659919 -0.253982 
vn -0.707107 -0.659919 -0.253982 
f 2047//2047 2048//2048 2049//2049 
f 2049//2049 2050//2050 2047//2047 
v 0.106 -0.0419272 -0.0292327 
v 0.102 -0.0381941 -0.0277959 
v 0.102 -0.0379909 -0.0282541 
v 0.106 -0.0415613 -0.0300573 
v 0.102 -0.0377428 -0.0286896 
v 0.106 -0.0411148 -0.0308412 
v 0.102 -0.0374523 -0.029098 
v 0.106 -0.040592 -0.0315765 
v 0.102 -0.0371224 -0.0294754 
v 0.106 -0.0399982 -0.0322557 
v 0.102 -0.0367564 -0.0298178 
v 0.106 -0.0393394 -0.0328721 
v 0.102 -0.036358 -0.0301219 
v 0.106 -0.0386222 -0.0334194 
v 0.102 -0.0359311 -0.0303845 
v 0.106 -0.0378538 -0.0338921 
v 0.102 -0.0354801 -0.0306031 
v 0.106 -0.0370419 -0.0342856 
v 0.102 -0.0350094 -0.0307754 
v 0.106 -0.0361948 -0.0345958 
v 0.102 -0.0345239 -0.0308998 
v 0.106 -0.0353208 -0.0348196 
v 0.102 -0.0340283 -0.0309749 
v 0.106 -0.0344288 -0.0349548 
v 0.102 -0.0335278 -0.031 
v 0.106 -0.0335278 -0.035 
vn -0.707107 -0.659919 -0.253982 
vn -0.707107 -0.659919 -0.253982 
vn -0.707107 -0.631176 -0.318774 
vn -0.707107 -0.631176 -0.318774 
vn -0.707107 -0.59609 -0.380363 
vn -0.707107 -0.59609 -0.380363 
vn -0.707107 -0.555015 -0.43813 
vn -0.707107 -0.555015 -0.43813 
vn -0.707107 -0.508363 -0.491494 
vn -0.707107 -0.508363 -0.491494 
vn -0.707107 -0.456603 -0.53992 
vn -0.707107 -0.456603 -0.53992 
vn -0.707107 -0.400255 -0.58292 
vn -0.707107 -0.400255 -0.58292 
vn -0.707107 -0.339884 -0.620063 
vn -0.707107 -0.339884 -0.620063 
vn -0.707107 -0.276099 -0.650976 
vn -0.707107 -0.276099 -0.650976 
vn -0.707107 -0.209539 -0.675347 
vn -0.707107 -0.209539 -0.675347 
vn -0.707107 -0.140873 -0.692932 
vn -0.707107 -0.140873 -0.692932 
vn -0.707107 -0.0707923 -0.703554 
vn -0.707107 -0.0707923 -0.703554 
vn -0.707107 -2.77556e-17 -0.707107 
vn -0.707107 -2.77556e-17 -0.707107 
f 2051//2051 2052//2052 2053//2053 
f 2054//2054 2053//2053 2055//2055 
f 2056//2056 2055//2055 2057//2057 
f 2058//2058 2057//2057 2059//2059 
f 2060//2060 2059//2059 2061//2061 
f 2062//2062 2061//2061 2063//2063 
f 2064//2064 2063//2063 2065//2065 
f 2066//2066 2065//2065 2067//2067 
f 2068//2068 2067//2067 2069//2069 
f 2070//2070 2069//2069 2071//2071 
f 2072//2072 2071//2071 2073//2073 
f 2074//2074 2073//2073 2075//2075 
f 2075//2075 2076//2076 2074//2074 
f 2073//2073 2074//2074 2072//2072 
f 2071//2071 2072//2072 2070//2070 
f 2069//2069 2070//2070 2068//2068 
f 2067//2067 2068//2068 2066//2066 
f 2065//2065 2066//2066 2064//2064 
f 2063//2063 2064//2064 2062//2062 
f 2061//2061 2062//2062 2060//2060 
f 2059//2059 2060//2060 2058//2058 
f 2057//2057 2058//2058 2056//2056 
f 2055//2055 2056//2056 2054//2054 
f 2053//2053 2054//2054 2051//2051 
v 0.106 0.0419272 0.0292327 
v 0.102 0.0381941 0.0277959 
v 0.102 0.0379909 0.0282541 
v 0.106 0.0415613 0.0300573 
v 0.102 0.0377428 0.0286896 
v 0.106 0.0411148 0.0308412 
v 0.102 0.0374523 0.029098 
v 0.106 0.040592 0.0315765 
v 0.102 0.0371224 0.0294754 
v 0.106 0.0399982 0.0322557 
v 0.102 0.0367564 0.0298178 
v 0.106 0.0393394 0.0328721 
v 0.102 0.036358 0.0301219 
v 0.106 0.0386222 0.0334194 
v 0.102 0.0359311 0.0303845 
v 0.106 0.0378538 0.0338921 
v 0.102 0.0354801 0.0306031 
v 0.106 0.0370419 0.0342856 
v 0.102 0.0350094 0.0307754 
v 0.106 0.0361948 0.0345958 
v 0.102 0.0345239 0.0308998 
v 0.106 0.0353208 0.0348196 
v 0.102 0.0340283 0.0309749 
v 0.106 0.0344288 0.0349548 
v 0.102 0.0335278 0.031 
v 0.106 0.0335278 0.035 
vn -0.707107 0.659919 0.253982 
vn -0.707107 0.659919 0.253982 
vn -0.707107 0.631176 0.318774 
vn -0.707107 0.631176 0.318774 
vn -0.707107 0.59609 0.380363 
vn -0.707107 0.59609 0.380363 
vn -0.707107 0.555015 0.43813 
vn -0.707107 0.555015 0.43813 
vn -0.707107 0.508363 0.491494 
vn -0.707107 0.508363 0.491494 
vn -0.707107 0.456603 0.53992 
vn -0.707107 0.456603 0.53992 
vn -0.707107 0.400255 0.58292 
vn -0.707107 0.400255 0.58292 
vn -0.707107 0.339884 0.620063 
vn -0.707107 0.339884 0.620063 
vn -0.707107 0.276099 0.650976 
vn -0.707107 0.276099 0.650976 
vn -0.707107 0.209539 0.675347 
vn -0.707107 0.209539 0.675347 
vn -0.707107 0.140873 0.692932 
vn -0.707107 0.140873 0.692932 
vn -0.707107 0.0707923 0.703554 
vn -0.707107 0.0707923 0.703554 
vn -0.707107 3.60822e-16 0.707107 
vn -0.707107 3.60822e-16 0.707107 
f 2077//2077 2078//2078 2079//2079 
f 2080//2080 2079//2079 2081//2081 
f 2082//2082 2081//2081 2083//2083 
f 2084//2084 2083//2083 2085//2085 
f 2086//2086 2085//2085 2087//2087 
f 2088//2088 2087//2087 2089//2089 
f 2090//2090 2089//2089 2091//2091 
f 2092//2092 2091//2091 2093//2093 
f 2094//2094 2093//2093 2095//2095 
f 2096//2096 2095//2095 2097//2097 
f 2098//2098 2097//2097 2099//2099 
f 2100//2100 2099//2099 2101//2101 
f 2101//2101 2102//2102 2100//2100 
f 2099//2099 2100//2100 2098//2098 
f 2097//2097 2098//2098 2096//2096 
f 2095//2095 2096//2096 2094//2094 
f 2093//2093 2094//2094 2092//2092 
f 2091//2091 2092//2092 2090//2090 
f 2089//2089 2090//2090 2088//2088 
f 2087//2087 2088//2088 2086//2086 
f 2085//2085 2086//2086 2084//2084 
f 2083//2083 2084//2084 2082//2082 
f 2081//2081 2082//2082 2080//2080 
f 2079//2079 2080//2080 2077//2077 
v 0.1215 -0.0335278 0.035 
v 0.102119 0.0211479 0.035 
v 0.102028 0.0205592 0.035 
v 0.102 -0.02 0.035 
v 0.102028 -0.0205592 0.035 
v 0.102276 0.021763 0.035 
v 0.102119 -0.0211479 0.035 
v 0.102509 0.0224208 0.035 
v 0.102276 -0.021763 0.035 
v 0.102834 0.0231422 0.035 
v 0.102509 -0.0224208 0.035 
v 0.104472 0.026249 0.035 
v 0.102834 -0.0231422 0.035 
v 0.102 0.02 0.035 
v 0.105792 -0.0290333 0.035 
v 0.105792 -0.0290346 0.035 
v 0.1215 0.0335278 0.035 
v 0.105235 0.0277803 0.035 
v 0.104609 0.0265243 0.035 
v 0.105879 -0.0292977 0.035 
v 0.105894 -0.0293523 0.035 
v 0.10567 -0.0287134 0.035 
v 0.105149 -0.0275571 0.035 
v 0.105263 -0.02781 0.035 
v 0.103975 -0.0253241 0.035 
v 0.105503 0.0283165 0.035 
v 0.105596 -0.0285493 0.035 
v 0.104599 -0.0265119 0.035 
v 0.105939 -0.0295194 0.035 
v 0.105951 -0.0295789 0.035 
v 0.105996 -0.0298595 0.035 
v 0.105996 -0.0298683 0.035 
v 0.105976 -0.0297045 0.035 
v 0.105981 -0.0297439 0.035 
v 0.106 0.0299635 0.035 
v 0.105995 0.0298713 0.035 
v 0.106 -0.0299635 0.035 
v 0.105776 0.0290188 0.035 
v 0.105588 0.0285373 0.035 
v 0.105957 0.0296024 0.035 
v 0.105951 0.0295815 0.035 
v 0.105993 0.0298291 0.035 
v 0.10598 0.0297475 0.035 
v 0.106 0.0335278 0.035 
v 0.105854 0.029219 0.035 
v 0.105889 0.0293494 0.035 
v 0.106 -0.0335278 0.035 
vn 2.22045e-16 2.51525e-48 1 
vn 2.22045e-16 2.51525e-48 1 
vn 2.22045e-16 2.51525e-48 1 
vn 2.22045e-16 2.51525e-48 1 
vn 2.22045e-16 2.51525e-48 1 
vn 2.22045e-16 2.51525e-48 1 
vn 2.22045e-16 2.51525e-48 1 
vn 2.22045e-16 2.51525e-48 1 
vn 2.22045e-16 2.51525e-48 1 
vn 2.22045e-16 2.51525e-48 1 
vn 2.22045e-16 2.51525e-48 1 
vn 2.22045e-16 2.51525e-48 1 
vn 2.22045e-16 2.51525e-48 1 
vn 2.22045e-16 2.51525e-48 1 
vn 2.22045e-16 2.51525e-48 1 
vn 2.22045e-16 2.51525e-48 1 
vn 2.22045e-16 2.51525e-48 1 
vn 2.22045e-16 2.51525e-48 1 
vn 2.22045e-16 2.51525e-48 1 
vn 2.22045e-16 2.51525e-48 1 
vn 2.22045e-16 2.51525e-48 1 
vn 2.22045e-16 2.51525e-48 1 
vn 2.22045e-16 2.51525e-48 1 
vn 2.22045e-16 2.51525e-48 1 
vn 2.22045e-16 2.51525e-48 1 
vn 2.22045e-16 2.51525e-48 1 
vn 2.22045e-16 2.51525e-48 1 
vn 2.22045e-16 2.51525e-48 1 
vn 2.22045e-16 2.51525e-48 1 
vn 2.22045e-16 2.51525e-48 1 
vn 2.22045e-16 2.51525e-48 1 
vn 2.22045e-16 2.51525e-48 1 
vn 2.22045e-16 2.51525e-48 1 
vn 2.22045e-16 2.51525e-48 1 
vn 2.22045e-16 2.51525e-48 1 
vn 2.22045e-16 2.51525e-48 1 
vn 2.22045e-16 2.51525e-48 1 
vn 2.22045e-16 2.51525e-48 1 
vn 2.22045e-16 2.51525e-48 1 
vn 2.22045e-16 2.51525e-48 1 
vn 2.22045e-16 2.51525e-48 1 
vn 2.22045e-16 2.51525e-48 1 
vn 2.22045e-16 2.51525e-48 1 
vn 2.22045e-16 2.51525e-48 1 
vn 2.22045e-16 2.51525e-48 1 
vn 2.22045e-16 2.51525e-48 1 
vn 2.22045e-16 2.51525e-48 1 
f 2103//2103 2104//2104 2105//2105 
f 2103//2103 2106//2106 2107//2107 
f 2103//2103 2108//2108 2104//2104 
f 2107//2107 2109//2109 2103//2103 
f 2103//2103 2110//2110 2108//2108 
f 2109//2109 2111//2111 2103//2103 
f 2103//2103 2112//2112 2110//2110 
f 2111//2111 2113//2113 2103//2103 
f 2103//2103 2114//2114 2112//2112 
f 2113//2113 2115//2115 2103//2103 
f 2105//2105 2116//2116 2103//2103 
f 2103//2103 2117//2117 2118//2118 
f 2116//2116 2106//2106 2103//2103 
f 2119//2119 2120//2120 2121//2121 
f 2103//2103 2122//2122 2123//2123 
f 2103//2103 2124//2124 2117//2117 
f 2103//2103 2125//2125 2126//2126 
f 2115//2115 2127//2127 2103//2103 
f 2119//2119 2128//2128 2120//2120 
f 2118//2118 2122//2122 2103//2103 
f 2126//2126 2129//2129 2103//2103 
f 2127//2127 2130//2130 2103//2103 
f 2121//2121 2103//2103 2119//2119 
f 2129//2129 2124//2124 2103//2103 
f 2121//2121 2114//2114 2103//2103 
f 2103//2103 2131//2131 2132//2132 
f 2130//2130 2125//2125 2103//2103 
f 2103//2103 2133//2133 2134//2134 
f 2103//2103 2135//2135 2136//2136 
f 2123//2123 2131//2131 2103//2103 
f 2119//2119 2137//2137 2138//2138 
f 2134//2134 2139//2139 2103//2103 
f 2132//2132 2135//2135 2103//2103 
f 2119//2119 2140//2140 2141//2141 
f 2119//2119 2142//2142 2143//2143 
f 2119//2119 2144//2144 2145//2145 
f 2119//2119 2146//2146 2137//2137 
f 2136//2136 2133//2133 2103//2103 
f 2119//2119 2147//2147 2140//2140 
f 2143//2143 2148//2148 2119//2119 
f 2138//2138 2144//2144 2119//2119 
f 2141//2141 2128//2128 2119//2119 
f 2145//2145 2142//2142 2119//2119 
f 2148//2148 2147//2147 2119//2119 
f 2139//2139 2149//2149 2103//2103 
v 0.106 0.0471327 0.0157073 
v 0.102 0.0433996 0.0142705 
v 0.102 0.0381941 0.0277959 
v 0.106 0.0419272 0.0292327 
vn -0.707107 0.659919 0.253982 
vn -0.707107 0.659919 0.253982 
vn -0.707107 0.659919 0.253982 
vn -0.707107 0.659919 0.253982 
f 2150//2150 2151//2151 2152//2152 
f 2152//2152 2153//2153 2150//2150 
v 0.106 0.0344288 0.0349548 
v 0.106 0.0335278 0.035 
v 0.1215 0.0335278 0.035 
v 0.121511 0.0339789 0.0349887 
v 0.106 0.0353208 0.0348196 
v 0.121545 0.0344288 0.0349548 
v 0.121602 0.0348765 0.0348984 
v 0.106 0.0361948 0.0345958 
v 0.12168 0.0353208 0.0348196 
v 0.121781 0.0357606 0.0347186 
v 0.106 0.0370419 0.0342856 
v 0.122041 0.0366018 0.0344587 
v 0.122198 0.0370018 0.0343025 
v 0.121904 0.0361948 0.0345958 
v 0.106 0.0378538 0.0338921 
v 0.122213 0.0370411 0.0342837 
v 0.122508 0.0377937 0.0339247 
v 0.106 0.0386222 0.0334194 
v 0.12253 0.0378538 0.0338921 
v 0.122771 0.0385615 0.0334606 
v 0.106 0.0393394 0.0328721 
v 0.12279 0.0386222 0.0334194 
v 0.122987 0.0392938 0.0329104 
v 0.106 0.0399982 0.0322557 
v 0.123 0.0393394 0.0328721 
v 0.12316 0.0399787 0.0322739 
v 0.106 0.040592 0.0315765 
v 0.123165 0.0399982 0.0322557 
v 0.106 0.0411148 0.0308412 
v 0.123291 0.040592 0.0315765 
v 0.123294 0.040607 0.0315553 
v 0.106 0.0415613 0.0300573 
v 0.123384 0.0411148 0.0308412 
v 0.123391 0.0411651 0.0307528 
v 0.106 0.0419272 0.0292327 
v 0.123448 0.0415613 0.0300573 
v 0.123458 0.0416442 0.0298704 
v 0.123493 0.0419272 0.0292327 
vn 2.26487e-16 0.100115 0.994976 
vn 2.22045e-16 -2.37579e-48 1 
vn 2.22045e-16 -2.37579e-48 1 
vn 2.40934e-16 0.0501207 0.998743 
vn 2.28653e-16 0.199225 0.979954 
vn 2.40934e-16 0.100115 0.994976 
vn 2.40934e-16 0.149859 0.988707 
vn 2.28521e-16 0.296333 0.955085 
vn 2.40934e-16 0.199225 0.979954 
vn 1.92747e-16 0.248091 0.968737 
vn 2.26093e-16 0.390462 0.920619 
vn 1.92747e-16 0.341558 0.939861 
vn 1.92747e-16 0.386007 0.922496 
vn 1.92747e-16 0.296333 0.955085 
vn 2.21394e-16 0.480669 0.876902 
vn 1.92747e-16 0.390454 0.920623 
vn 2.40934e-16 0.473998 0.880526 
vn 2.1447e-16 0.566045 0.824374 
vn 2.40934e-16 0.480669 0.876902 
vn 2.40934e-16 0.559306 0.828961 
vn 2.0539e-16 0.645734 0.763562 
vn 2.40934e-16 0.566045 0.824374 
vn 1.92747e-16 0.640665 0.76782 
vn 1.94247e-16 0.718934 0.695078 
vn 1.92747e-16 0.645734 0.763562 
vn 1.92747e-16 0.716877 0.697199 
vn 1.81152e-16 0.78491 0.619609 
vn 1.92747e-16 0.718934 0.695078 
vn 1.66237e-16 0.842999 0.537915 
vn 9.63735e-17 0.78491 0.619609 
vn 9.63735e-17 0.786693 0.617345 
vn 1.49651e-16 0.892617 0.450815 
vn 9.63735e-17 0.842999 0.537915 
vn 9.63735e-17 0.849022 0.528357 
vn 1.31562e-16 0.933266 0.359185 
vn 1.92747e-16 0.892617 0.450815 
vn 1.92747e-16 0.902626 0.430426 
vn 1.31562e-16 0.933266 0.359185 
f 2154//2154 2155//2155 2156//2156 
f 2156//2156 2157//2157 2154//2154 
f 2158//2158 2154//2154 2159//2159 
f 2159//2159 2160//2160 2158//2158 
f 2161//2161 2158//2158 2162//2162 
f 2162//2162 2163//2163 2161//2161 
f 2164//2164 2165//2165 2166//2166 
f 2164//2164 2161//2161 2167//2167 
f 2167//2167 2165//2165 2164//2164 
f 2168//2168 2164//2164 2169//2169 
f 2169//2169 2170//2170 2168//2168 
f 2171//2171 2168//2168 2172//2172 
f 2172//2172 2173//2173 2171//2171 
f 2174//2174 2171//2171 2175//2175 
f 2175//2175 2176//2176 2174//2174 
f 2177//2177 2174//2174 2178//2178 
f 2178//2178 2179//2179 2177//2177 
f 2180//2180 2177//2177 2181//2181 
f 2182//2182 2180//2180 2183//2183 
f 2183//2183 2184//2184 2182//2182 
f 2185//2185 2182//2182 2186//2186 
f 2186//2186 2187//2187 2185//2185 
f 2188//2188 2185//2185 2189//2189 
f 2189//2189 2190//2190 2188//2188 
f 2190//2190 2191//2191 2188//2188 
f 2187//2187 2189//2189 2185//2185 
f 2184//2184 2186//2186 2182//2182 
f 2181//2181 2183//2183 2180//2180 
f 2179//2179 2181//2181 2177//2177 
f 2176//2176 2178//2178 2174//2174 
f 2173//2173 2175//2175 2171//2171 
f 2170//2170 2172//2172 2168//2168 
f 2166//2166 2169//2169 2164//2164 
f 2163//2163 2167//2167 2161//2161 
f 2160//2160 2162//2162 2158//2158 
f 2157//2157 2159//2159 2154//2154 
v 0.106 0.0478 0.0121154 
v 0.102 0.0438 0.0121154 
v 0.102 0.0437747 0.0126657 
v 0.106 0.0477578 0.0130326 
v 0.102 0.0436991 0.0132114 
v 0.106 0.0476318 0.0139421 
v 0.102 0.0435737 0.0137479 
v 0.106 0.0474228 0.0148361 
v 0.102 0.0433996 0.0142705 
v 0.106 0.0471327 0.0157073 
vn -0.707107 0.707107 -4.32978e-17 
vn -0.707107 0.707107 -4.32978e-17 
vn -0.707107 0.704126 0.0648555 
vn -0.707107 0.704126 0.0648555 
vn -0.707107 0.69521 0.129164 
vn -0.707107 0.69521 0.129164 
vn -0.707107 0.680432 0.192384 
vn -0.707107 0.680432 0.192384 
vn -0.707107 0.659919 0.253982 
vn -0.707107 0.659919 0.253982 
f 2192//2192 2193//2193 2194//2194 
f 2195//2195 2194//2194 2196//2196 
f 2197//2197 2196//2196 2198//2198 
f 2199//2199 2198//2198 2200//2200 
f 2200//2200 2201//2201 2199//2199 
f 2198//2198 2199//2199 2197//2197 
f 2196//2196 2197//2197 2195//2195 
f 2194//2194 2195//2195 2192//2192 
v 0.102 0.0438 0.0121154 
v 0.106 0.0478 0.0121154 
v 0.106 0.0478 -0.0121154 
v 0.102 0.0438 -0.0121154 
vn -0.707107 0.707107 1.57097e-15 
vn -0.707107 0.707107 1.57097e-15 
vn -0.707107 0.707107 1.57097e-15 
vn -0.707107 0.707107 1.57097e-15 
f 2202//2202 2203//2203 2204//2204 
f 2204//2204 2205//2205 2202//2202 
v 0.106 0.0471327 0.0157073 
v 0.119 0.0471327 0.0157073 
v 0.119 0.0474228 0.0148361 
v 0.106 0.0474228 0.0148361 
v 0.119 0.0476318 0.0139421 
v 0.106 0.0476318 0.0139421 
v 0.119 0.0477578 0.0130326 
v 0.106 0.0477578 0.0130326 
v 0.119 0.0478 0.0121154 
v 0.106 0.0478 0.0121154 
vn 1.31562e-16 0.933266 0.359185 
vn 1.31562e-16 0.933266 0.359185 
vn 1.13829e-16 0.962277 0.272072 
vn 1.13829e-16 0.962277 0.272072 
vn 9.51372e-17 0.983175 0.182666 
vn 9.51372e-17 0.983175 0.182666 
vn 7.5643e-17 0.995785 0.0917196 
vn 7.5643e-17 0.995785 0.0917196 
vn 5.55112e-17 1 6.12323e-17 
vn 5.55112e-17 1 6.12323e-17 
f 2206//2206 2207//2207 2208//2208 
f 2209//2209 2208//2208 2210//2210 
f 2211//2211 2210//2210 2212//2212 
f 2213//2213 2212//2212 2214//2214 
f 2214//2214 2215//2215 2213//2213 
f 2212//2212 2213//2213 2211//2211 
f 2210//2210 2211//2211 2209//2209 
f 2208//2208 2209//2209 2206//2206 
v 0.106 0.0478 -0.0121154 
v 0.106 0.0478 0.0121154 
v 0.119 0.0478 0.0121154 
v 0.119 0.0478 -0.0121154 
vn 5.55112e-17 1 6.12323e-17 
vn 5.55112e-17 1 6.12323e-17 
vn 5.55112e-17 1 6.12323e-17 
vn 5.55112e-17 1 6.12323e-17 
f 2216//2216 2217//2217 2218//2218 
f 2218//2218 2219//2219 2216//2216 
v 0.106 0.0471327 -0.0157073 
v 0.102 0.0433996 -0.0142705 
v 0.102 0.0435737 -0.0137479 
v 0.106 0.0474228 -0.0148361 
v 0.102 0.0436991 -0.0132114 
v 0.106 0.0476318 -0.0139421 
v 0.102 0.0437747 -0.0126657 
v 0.106 0.0477578 -0.0130326 
v 0.102 0.0438 -0.0121154 
v 0.106 0.0478 -0.0121154 
vn -0.707107 0.659919 -0.253982 
vn -0.707107 0.659919 -0.253982 
vn -0.707107 0.680432 -0.192384 
vn -0.707107 0.680432 -0.192384 
vn -0.707107 0.69521 -0.129164 
vn -0.707107 0.69521 -0.129164 
vn -0.707107 0.704126 -0.0648555 
vn -0.707107 0.704126 -0.0648555 
vn -0.707107 0.707107 1.65581e-15 
vn -0.707107 0.707107 1.65581e-15 
f 2220//2220 2221//2221 2222//2222 
f 2223//2223 2222//2222 2224//2224 
f 2225//2225 2224//2224 2226//2226 
f 2227//2227 2226//2226 2228//2228 
f 2228//2228 2229//2229 2227//2227 
f 2226//2226 2227//2227 2225//2225 
f 2224//2224 2225//2225 2223//2223 
f 2222//2222 2223//2223 2220//2220 
v 0.106 0.0478 -0.0121154 
v 0.119 0.0478 -0.0121154 
v 0.119 0.0477578 -0.0130326 
v 0.106 0.0477578 -0.0130326 
v 0.119 0.0476318 -0.0139421 
v 0.106 0.0476318 -0.0139421 
v 0.119 0.0474228 -0.0148361 
v 0.106 0.0474228 -0.0148361 
v 0.119 0.0471327 -0.0157073 
v 0.106 0.0471327 -0.0157073 
vn 5.55112e-17 1 6.12323e-17 
vn 5.55112e-17 1 6.12323e-17 
vn 3.49113e-17 0.995785 -0.0917196 
vn 3.49113e-17 0.995785 -0.0917196 
vn 1.40172e-17 0.983175 -0.182666 
vn 1.40172e-17 0.983175 -0.182666 
vn -6.9951e-18 0.962277 -0.272072 
vn -6.9951e-18 0.962277 -0.272072 
vn -2.79484e-17 0.933266 -0.359185 
vn -2.79484e-17 0.933266 -0.359185 
f 2230//2230 2231//2231 2232//2232 
f 2233//2233 2232//2232 2234//2234 
f 2235//2235 2234//2234 2236//2236 
f 2237//2237 2236//2236 2238//2238 
f 2238//2238 2239//2239 2237//2237 
f 2236//2236 2237//2237 2235//2235 
f 2234//2234 2235//2235 2233//2233 
f 2232//2232 2233//2233 2230//2230 
v 0.102 0.0381941 -0.0277959 
v 0.102 0.0433996 -0.0142705 
v 0.106 0.0471327 -0.0157073 
v 0.106 0.0419272 -0.0292327 
vn -0.707107 0.659919 -0.253982 
vn -0.707107 0.659919 -0.253982 
vn -0.707107 0.659919 -0.253982 
vn -0.707107 0.659919 -0.253982 
f 2240//2240 2241//2241 2242//2242 
f 2242//2242 2243//2243 2240//2240 
v 0.106 0.0335278 -0.035 
v 0.102 0.0335278 -0.031 
v 0.102 0.0340283 -0.0309749 
v 0.106 0.0344288 -0.0349548 
v 0.102 0.0345239 -0.0308998 
v 0.106 0.0353208 -0.0348196 
v 0.102 0.0350094 -0.0307754 
v 0.106 0.0361948 -0.0345958 
v 0.102 0.0354801 -0.0306031 
v 0.106 0.0370419 -0.0342856 
v 0.102 0.0359311 -0.0303845 
v 0.106 0.0378538 -0.0338921 
v 0.102 0.036358 -0.0301219 
v 0.106 0.0386222 -0.0334194 
v 0.102 0.0367564 -0.0298178 
v 0.106 0.0393394 -0.0328721 
v 0.102 0.0371224 -0.0294754 
v 0.106 0.0399982 -0.0322557 
v 0.102 0.0374523 -0.029098 
v 0.106 0.040592 -0.0315765 
v 0.102 0.0377428 -0.0286896 
v 0.106 0.0411148 -0.0308412 
v 0.102 0.0379909 -0.0282541 
v 0.106 0.0415613 -0.0300573 
v 0.102 0.0381941 -0.0277959 
v 0.106 0.0419272 -0.0292327 
vn -0.707107 7.00934e-16 -0.707107 
vn -0.707107 7.00934e-16 -0.707107 
vn -0.707107 0.0707923 -0.703554 
vn -0.707107 0.0707923 -0.703554 
vn -0.707107 0.140873 -0.692932 
vn -0.707107 0.140873 -0.692932 
vn -0.707107 0.209539 -0.675347 
vn -0.707107 0.209539 -0.675347 
vn -0.707107 0.276099 -0.650976 
vn -0.707107 0.276099 -0.650976 
vn -0.707107 0.339884 -0.620063 
vn -0.707107 0.339884 -0.620063 
vn -0.707107 0.400255 -0.58292 
vn -0.707107 0.400255 -0.58292 
vn -0.707107 0.456603 -0.53992 
vn -0.707107 0.456603 -0.53992 
vn -0.707107 0.508363 -0.491494 
vn -0.707107 0.508363 -0.491494 
vn -0.707107 0.555015 -0.43813 
vn -0.707107 0.555015 -0.43813 
vn -0.707107 0.59609 -0.380363 
vn -0.707107 0.59609 -0.380363 
vn -0.707107 0.631176 -0.318774 
vn -0.707107 0.631176 -0.318774 
vn -0.707107 0.659919 -0.253982 
vn -0.707107 0.659919 -0.253982 
f 2244//2244 2245//2245 2246//2246 
f 2247//2247 2246//2246 2248//2248 
f 2249//2249 2248//2248 2250//2250 
f 2251//2251 2250//2250 2252//2252 
f 2253//2253 2252//2252 2254//2254 
f 2255//2255 2254//2254 2256//2256 
f 2257//2257 2256//2256 2258//2258 
f 2259//2259 2258//2258 2260//2260 
f 2261//2261 2260//2260 2262//2262 
f 2263//2263 2262//2262 2264//2264 
f 2265//2265 2264//2264 2266//2266 
f 2267//2267 2266//2266 2268//2268 
f 2268//2268 2269//2269 2267//2267 
f 2266//2266 2267//2267 2265//2265 
f 2264//2264 2265//2265 2263//2263 
f 2262//2262 2263//2263 2261//2261 
f 2260//2260 2261//2261 2259//2259 
f 2258//2258 2259//2259 2257//2257 
f 2256//2256 2257//2257 2255//2255 
f 2254//2254 2255//2255 2253//2253 
f 2252//2252 2253//2253 2251//2251 
f 2250//2250 2251//2251 2249//2249 
f 2248//2248 2249//2249 2247//2247 
f 2246//2246 2247//2247 2244//2244 
v 0.1215 -0.0335278 -0.035 
v 0.102 0.02 -0.035 
v 0.10203 0.020573 -0.035 
v 0.102121 0.0211586 -0.035 
v 0.102119 -0.0211479 -0.035 
v 0.102028 -0.0205592 -0.035 
v 0.102278 0.0217705 -0.035 
v 0.102276 -0.021763 -0.035 
v 0.102511 0.0224249 -0.035 
v 0.102509 -0.0224208 -0.035 
v 0.102834 0.0231422 -0.035 
v 0.102834 -0.0231422 -0.035 
v 0.102 -0.02 -0.035 
v 0.103869 -0.0251145 -0.035 
v 0.103799 0.0249746 -0.035 
v 0.1215 0.0335278 -0.035 
v 0.104369 0.0260563 -0.035 
v 0.104155 -0.0256582 -0.035 
v 0.105232 -0.0277279 -0.035 
v 0.10516 -0.0275899 -0.035 
v 0.105907 -0.029397 -0.035 
v 0.105894 -0.029355 -0.035 
v 0.105957 -0.029604 -0.035 
v 0.10595 -0.0295754 -0.035 
v 0.105125 0.0275489 -0.035 
v 0.105864 -0.029253 -0.035 
v 0.105788 -0.029044 -0.035 
v 0.105636 -0.0286313 -0.035 
v 0.105583 -0.0285113 -0.035 
v 0.105986 -0.0297754 -0.035 
v 0.10598 -0.0297389 -0.035 
v 0.105889 0.0293475 -0.035 
v 0.105948 0.0295683 -0.035 
v 0.105832 0.0291495 -0.035 
v 0.105854 0.029219 -0.035 
v 0.105415 0.0281206 -0.035 
v 0.105567 0.0284956 -0.035 
v 0.105999 -0.0299161 -0.035 
v 0.105994 -0.0298622 -0.035 
v 0.106 -0.0335278 -0.035 
v 0.106 -0.0299635 -0.035 
v 0.105993 0.0298244 -0.035 
v 0.105994 0.0298579 -0.035 
v 0.105788 0.0290411 -0.035 
v 0.106 0.0299635 -0.035 
v 0.105957 0.0295983 -0.035 
v 0.105978 0.0297318 -0.035 
v 0.106 0.0335278 -0.035 
vn -2.22045e-16 1.05876e-15 -1 
vn -2.22045e-16 1.05876e-15 -1 
vn -2.22045e-16 1.05876e-15 -1 
vn -2.22045e-16 1.05876e-15 -1 
vn -2.22045e-16 1.05876e-15 -1 
vn -2.22045e-16 1.05876e-15 -1 
vn -2.22045e-16 1.05876e-15 -1 
vn -2.22045e-16 1.05876e-15 -1 
vn -2.22045e-16 1.05876e-15 -1 
vn -2.22045e-16 1.05876e-15 -1 
vn -2.22045e-16 1.05876e-15 -1 
vn -2.22045e-16 1.05876e-15 -1 
vn -2.22045e-16 1.05876e-15 -1 
vn -2.22045e-16 1.05876e-15 -1 
vn -2.22045e-16 1.05876e-15 -1 
vn -2.22045e-16 1.05876e-15 -1 
vn -2.22045e-16 1.05876e-15 -1 
vn -2.22045e-16 1.05876e-15 -1 
vn -2.22045e-16 1.05876e-15 -1 
vn -2.22045e-16 1.05876e-15 -1 
vn -2.22045e-16 1.05876e-15 -1 
vn -2.22045e-16 1.05876e-15 -1 
vn -2.22045e-16 1.05876e-15 -1 
vn -2.22045e-16 1.05876e-15 -1 
vn -2.22045e-16 1.05876e-15 -1 
vn -2.22045e-16 1.05876e-15 -1 
vn -2.22045e-16 1.05876e-15 -1 
vn -2.22045e-16 1.05876e-15 -1 
vn -2.22045e-16 1.05876e-15 -1 
vn -2.22045e-16 1.05876e-15 -1 
vn -2.22045e-16 1.05876e-15 -1 
vn -2.22045e-16 1.05876e-15 -1 
vn -2.22045e-16 1.05876e-15 -1 
vn -2.22045e-16 1.05876e-15 -1 
vn -2.22045e-16 1.05876e-15 -1 
vn -2.22045e-16 1.05876e-15 -1 
vn -2.22045e-16 1.05876e-15 -1 
vn -2.22045e-16 1.05876e-15 -1 
vn -2.22045e-16 1.05876e-15 -1 
vn -2.22045e-16 1.05876e-15 -1 
vn -2.22045e-16 1.05876e-15 -1 
vn -2.22045e-16 1.05876e-15 -1 
vn -2.22045e-16 1.05876e-15 -1 
vn -2.22045e-16 1.05876e-15 -1 
vn -2.22045e-16 1.05876e-15 -1 
vn -2.22045e-16 1.05876e-15 -1 
vn -2.22045e-16 1.05876e-15 -1 
vn -2.22045e-16 1.05876e-15 -1 
f 2270//2270 2271//2271 2272//2272 
f 2272//2272 2273//2273 2270//2270 
f 2270//2270 2274//2274 2275//2275 
f 2273//2273 2276//2276 2270//2270 
f 2270//2270 2277//2277 2274//2274 
f 2276//2276 2278//2278 2270//2270 
f 2270//2270 2279//2279 2277//2277 
f 2278//2278 2280//2280 2270//2270 
f 2270//2270 2281//2281 2279//2279 
f 2270//2270 2282//2282 2271//2271 
f 2270//2270 2283//2283 2281//2281 
f 2275//2275 2282//2282 2270//2270 
f 2280//2280 2284//2284 2270//2270 
f 2285//2285 2270//2270 2286//2286 
f 2270//2270 2287//2287 2283//2283 
f 2270//2270 2288//2288 2289//2289 
f 2270//2270 2290//2290 2291//2291 
f 2270//2270 2292//2292 2293//2293 
f 2286//2286 2294//2294 2285//2285 
f 2289//2289 2287//2287 2270//2270 
f 2270//2270 2295//2295 2296//2296 
f 2293//2293 2290//2290 2270//2270 
f 2284//2284 2286//2286 2270//2270 
f 2270//2270 2297//2297 2298//2298 
f 2291//2291 2295//2295 2270//2270 
f 2270//2270 2299//2299 2300//2300 
f 2285//2285 2301//2301 2302//2302 
f 2285//2285 2303//2303 2304//2304 
f 2285//2285 2305//2305 2306//2306 
f 2298//2298 2288//2288 2270//2270 
f 2300//2300 2292//2292 2270//2270 
f 2270//2270 2307//2307 2308//2308 
f 2270//2270 2309//2309 2310//2310 
f 2285//2285 2311//2311 2312//2312 
f 2304//2304 2301//2301 2285//2285 
f 2306//2306 2313//2313 2285//2285 
f 2296//2296 2297//2297 2270//2270 
f 2310//2310 2307//2307 2270//2270 
f 2312//2312 2314//2314 2285//2285 
f 2285//2285 2315//2315 2316//2316 
f 2313//2313 2303//2303 2285//2285 
f 2308//2308 2299//2299 2270//2270 
f 2316//2316 2311//2311 2285//2285 
f 2294//2294 2305//2305 2285//2285 
f 2302//2302 2315//2315 2285//2285 
f 2314//2314 2317//2317 2285//2285 
v 0.106 -0.0344288 -0.0349548 
v 0.106 -0.0335278 -0.035 
v 0.1215 -0.0335278 -0.035 
v 0.121511 -0.0339789 -0.0349887 
v 0.106 -0.0353208 -0.0348196 
v 0.121545 -0.0344288 -0.0349548 
v 0.121602 -0.0348765 -0.0348984 
v 0.106 -0.0361948 -0.0345958 
v 0.12168 -0.0353208 -0.0348196 
v 0.121781 -0.0357606 -0.0347186 
v 0.106 -0.0370419 -0.0342856 
v 0.122041 -0.0366018 -0.0344587 
v 0.122198 -0.0370018 -0.0343025 
v 0.121904 -0.0361948 -0.0345958 
v 0.106 -0.0378538 -0.0338921 
v 0.122213 -0.0370411 -0.0342837 
v 0.122508 -0.0377937 -0.0339247 
v 0.106 -0.0386222 -0.0334194 
v 0.12253 -0.0378538 -0.0338921 
v 0.122771 -0.0385615 -0.0334606 
v 0.106 -0.0393394 -0.0328721 
v 0.12279 -0.0386222 -0.0334194 
v 0.122987 -0.0392938 -0.0329104 
v 0.106 -0.0399982 -0.0322557 
v 0.123 -0.0393394 -0.0328721 
v 0.12316 -0.0399787 -0.0322739 
v 0.106 -0.040592 -0.0315765 
v 0.123165 -0.0399982 -0.0322557 
v 0.106 -0.0411148 -0.0308412 
v 0.123291 -0.040592 -0.0315765 
v 0.123294 -0.040607 -0.0315553 
v 0.106 -0.0415613 -0.0300573 
v 0.123384 -0.0411148 -0.0308412 
v 0.123391 -0.0411651 -0.0307528 
v 0.106 -0.0419272 -0.0292327 
v 0.123448 -0.0415613 -0.0300573 
v 0.123458 -0.0416442 -0.0298704 
v 0.123493 -0.0419272 -0.0292327 
vn -2.26487e-16 -0.100115 -0.994976 
vn -2.22045e-16 1.05876e-15 -1 
vn -2.22045e-16 1.05876e-15 -1 
vn -2.40934e-16 -0.0501207 -0.998743 
vn -2.28653e-16 -0.199225 -0.979954 
vn -2.40934e-16 -0.100115 -0.994976 
vn -2.40934e-16 -0.149859 -0.988707 
vn -2.28521e-16 -0.296333 -0.955085 
vn -2.40934e-16 -0.199225 -0.979954 
vn -1.92747e-16 -0.248091 -0.968737 
vn -2.26093e-16 -0.390462 -0.920619 
vn -1.92747e-16 -0.341558 -0.939861 
vn -1.92747e-16 -0.386007 -0.922496 
vn -1.92747e-16 -0.296333 -0.955085 
vn -2.21394e-16 -0.480669 -0.876902 
vn -1.92747e-16 -0.390454 -0.920623 
vn -2.40934e-16 -0.473998 -0.880526 
vn -2.1447e-16 -0.566045 -0.824374 
vn -2.40934e-16 -0.480669 -0.876902 
vn -2.40934e-16 -0.559306 -0.828961 
vn -2.0539e-16 -0.645734 -0.763562 
vn -2.40934e-16 -0.566045 -0.824374 
vn -1.92747e-16 -0.640665 -0.76782 
vn -1.94247e-16 -0.718934 -0.695078 
vn -1.92747e-16 -0.645734 -0.763562 
vn -1.92747e-16 -0.716877 -0.697199 
vn -1.81152e-16 -0.78491 -0.619609 
vn -1.92747e-16 -0.718934 -0.695078 
vn -1.66237e-16 -0.842999 -0.537915 
vn -9.63735e-17 -0.78491 -0.619609 
vn -9.63735e-17 -0.786693 -0.617345 
vn -1.49651e-16 -0.892617 -0.450815 
vn -9.63735e-17 -0.842999 -0.537915 
vn -9.63735e-17 -0.849022 -0.528357 
vn -1.31562e-16 -0.933266 -0.359185 
vn -1.92747e-16 -0.892617 -0.450815 
vn -1.92747e-16 -0.902626 -0.430426 
vn -1.92747e-16 -0.933266 -0.359185 
f 2318//2318 2319//2319 2320//2320 
f 2320//2320 2321//2321 2318//2318 
f 2322//2322 2318//2318 2323//2323 
f 2323//2323 2324//2324 2322//2322 
f 2325//2325 2322//2322 2326//2326 
f 2326//2326 2327//2327 2325//2325 
f 2328//2328 2329//2329 2330//2330 
f 2328//2328 2325//2325 2331//2331 
f 2331//2331 2329//2329 2328//2328 
f 2332//2332 2328//2328 2333//2333 
f 2333//2333 2334//2334 2332//2332 
f 2335//2335 2332//2332 2336//2336 
f 2336//2336 2337//2337 2335//2335 
f 2338//2338 2335//2335 2339//2339 
f 2339//2339 2340//2340 2338//2338 
f 2341//2341 2338//2338 2342//2342 
f 2342//2342 2343//2343 2341//2341 
f 2344//2344 2341//2341 2345//2345 
f 2346//2346 2344//2344 2347//2347 
f 2347//2347 2348//2348 2346//2346 
f 2349//2349 2346//2346 2350//2350 
f 2350//2350 2351//2351 2349//2349 
f 2352//2352 2349//2349 2353//2353 
f 2353//2353 2354//2354 2352//2352 
f 2354//2354 2355//2355 2352//2352 
f 2351//2351 2353//2353 2349//2349 
f 2348//2348 2350//2350 2346//2346 
f 2345//2345 2347//2347 2344//2344 
f 2343//2343 2345//2345 2341//2341 
f 2340//2340 2342//2342 2338//2338 
f 2337//2337 2339//2339 2335//2335 
f 2334//2334 2336//2336 2332//2332 
f 2330//2330 2333//2333 2328//2328 
f 2327//2327 2331//2331 2325//2325 
f 2324//2324 2326//2326 2322//2322 
f 2321//2321 2323//2323 2318//2318 
v 0.1235 0.0419272 -0.0292327 
v 0.106 0.0419272 -0.0292327 
v 0.119 0.0420709 -0.0288592 
v 0.106 0.0471327 -0.0157073 
v 0.119 0.0471327 -0.0157073 
v 0.123491 0.0420709 -0.0288592 
vn -2.79484e-17 0.933266 -0.359185 
vn -2.79484e-17 0.933266 -0.359185 
vn -2.79484e-17 0.933266 -0.359185 
vn -2.79484e-17 0.933266 -0.359185 
vn -2.79484e-17 0.933266 -0.359185 
vn -2.79484e-17 0.933266 -0.359185 
f 2356//2356 2357//2357 2358//2358 
f 2359//2359 2360//2360 2358//2358 
f 2358//2358 2357//2357 2359//2359 
f 2358//2358 2361//2361 2356//2356 
v 0.106 0.0419272 -0.0292327 
v 0.1235 0.0419272 -0.0292327 
v 0.1235 0.0415613 -0.0300573 
v 0.106 0.0415613 -0.0300573 
v 0.1235 0.0411148 -0.0308412 
v 0.106 0.0411148 -0.0308412 
v 0.1235 0.040592 -0.0315765 
v 0.106 0.040592 -0.0315765 
v 0.123477 0.0401198 -0.0321274 
v 0.123456 0.0399956 -0.0322531 
v 0.123485 0.0402368 -0.0319934 
v 0.1235 0.0404878 -0.031706 
v 0.106 0.0393394 -0.0328721 
v 0.123454 0.0399806 -0.0322683 
v 0.123411 0.0397329 -0.032519 
v 0.123335 0.03945 -0.0327723 
v 0.106 0.0399982 -0.0322557 
v 0.123026 0.038635 -0.0334072 
v 0.123019 0.0386205 -0.0334169 
v 0.123144 0.0389067 -0.0332109 
v 0.123077 0.0387367 -0.0333394 
v 0.123302 0.039328 -0.0328816 
v 0.123249 0.03917 -0.0330118 
v 0.123305 0.0393391 -0.0328717 
v 0.106 0.0386222 -0.0334194 
v 0.122746 0.0380966 -0.0337541 
v 0.122608 0.0378538 -0.0338921 
v 0.122893 0.0383642 -0.0335878 
v 0.122861 0.0382996 -0.0336308 
v 0.106 0.0378538 -0.0338921 
v 0.122401 0.0374528 -0.034099 
v 0.122214 0.0370419 -0.0342856 
v 0.106 0.0370419 -0.0342856 
v 0.122049 0.0366222 -0.0344513 
v 0.121904 0.0361948 -0.0345958 
v 0.106 0.0361948 -0.0345958 
v 0.121781 0.0357606 -0.0347186 
v 0.12168 0.0353208 -0.0348196 
v 0.106 0.0353208 -0.0348196 
v 0.121602 0.0348765 -0.0348984 
v 0.121545 0.0344288 -0.0349548 
v 0.106 0.0344288 -0.0349548 
v 0.121511 0.0339789 -0.0349887 
v 0.1215 0.0335278 -0.035 
v 0.106 0.0335278 -0.035 
vn -2.79484e-17 0.933266 -0.359185 
vn -2.79484e-17 0.933266 -0.359185 
vn -5.05508e-17 0.892617 -0.450815 
vn -5.05508e-17 0.892617 -0.450815 
vn -7.26452e-17 0.842999 -0.537915 
vn -7.26452e-17 0.842999 -0.537915 
vn -9.40097e-17 0.78491 -0.619609 
vn -9.40097e-17 0.78491 -0.619609 
vn -1.92747e-16 0.732454 -0.680817 
vn -1.92747e-16 0.718937 -0.695075 
vn -1.92747e-16 0.745758 -0.666217 
vn -9.63735e-17 0.773334 -0.633999 
vn -1.33699e-16 0.645734 -0.763562 
vn -1.92747e-16 0.717292 -0.696773 
vn -1.92747e-16 0.689455 -0.724328 
vn -1.92747e-16 0.658281 -0.752772 
vn -1.14429e-16 0.718934 -0.695078 
vn -1.92747e-16 0.56764 -0.823277 
vn -1.92747e-16 0.566049 -0.824372 
vn -1.92747e-16 0.597919 -0.801556 
vn -1.92747e-16 0.578767 -0.815493 
vn -1.92747e-16 0.644473 -0.764627 
vn -1.92747e-16 0.626913 -0.779089 
vn -1.92747e-16 0.645733 -0.763563 
vn -1.51626e-16 0.566045 -0.824374 
vn -1.4456e-16 0.507648 -0.861565 
vn -1.4456e-16 0.480669 -0.876902 
vn -1.4456e-16 0.537497 -0.843266 
vn -1.4456e-16 0.530206 -0.847869 
vn -1.68029e-16 0.480669 -0.876902 
vn -1.4456e-16 0.436114 -0.899892 
vn -1.92747e-16 0.390462 -0.920619 
vn -1.92747e-16 0.390462 -0.920619 
vn -1.92747e-16 0.34383 -0.939032 
vn -1.92747e-16 0.296333 -0.955085 
vn -1.92747e-16 0.296333 -0.955085 
vn -1.92747e-16 0.248091 -0.968737 
vn -2.40934e-16 0.199225 -0.979954 
vn -2.40934e-16 0.199225 -0.979954 
vn -2.40934e-16 0.149859 -0.988707 
vn -2.40934e-16 0.100115 -0.994976 
vn -2.40934e-16 0.100115 -0.994976 
vn -2.40934e-16 0.0501207 -0.998743 
vn -2.22045e-16 1.22465e-16 -1 
vn -2.22045e-16 1.22465e-16 -1 
f 2362//2362 2363//2363 2364//2364 
f 2365//2365 2364//2364 2366//2366 
f 2367//2367 2366//2366 2368//2368 
f 2369//2369 2370//2370 2371//2371 
f 2369//2369 2372//2372 2370//2370 
f 2369//2369 2368//2368 2373//2373 
f 2373//2373 2372//2372 2369//2369 
f 2374//2374 2375//2375 2376//2376 
f 2376//2376 2377//2377 2374//2374 
f 2378//2378 2371//2371 2375//2375 
f 2375//2375 2374//2374 2378//2378 
f 2374//2374 2379//2379 2380//2380 
f 2374//2374 2381//2381 2382//2382 
f 2374//2374 2383//2383 2384//2384 
f 2374//2374 2385//2385 2383//2383 
f 2384//2384 2381//2381 2374//2374 
f 2382//2382 2379//2379 2374//2374 
f 2386//2386 2387//2387 2388//2388 
f 2386//2386 2389//2389 2390//2390 
f 2390//2390 2387//2387 2386//2386 
f 2386//2386 2380//2380 2389//2389 
f 2391//2391 2392//2392 2393//2393 
f 2391//2391 2388//2388 2392//2392 
f 2394//2394 2395//2395 2396//2396 
f 2394//2394 2393//2393 2395//2395 
f 2397//2397 2398//2398 2399//2399 
f 2397//2397 2396//2396 2398//2398 
f 2400//2400 2401//2401 2402//2402 
f 2400//2400 2399//2399 2401//2401 
f 2403//2403 2404//2404 2405//2405 
f 2403//2403 2402//2402 2404//2404 
f 2405//2405 2406//2406 2403//2403 
f 2402//2402 2403//2403 2400//2400 
f 2399//2399 2400//2400 2397//2397 
f 2396//2396 2397//2397 2394//2394 
f 2393//2393 2394//2394 2391//2391 
f 2388//2388 2391//2391 2386//2386 
f 2380//2380 2386//2386 2374//2374 
f 2377//2377 2385//2385 2374//2374 
f 2371//2371 2378//2378 2369//2369 
f 2368//2368 2369//2369 2367//2367 
f 2366//2366 2367//2367 2365//2365 
f 2364//2364 2365//2365 2362//2362 
v 0.124439 0.0372832 -0.0320614 
v 0.1215 0.0335278 -0.035 
v 0.121511 0.0339789 -0.0349887 
v 0.121545 0.0344288 -0.0349548 
v 0.121602 0.0348765 -0.0348984 
v 0.12168 0.0353208 -0.0348196 
v 0.121781 0.0357606 -0.0347186 
v 0.121904 0.0361948 -0.0345958 
v 0.122049 0.0366222 -0.0344513 
v 0.1265 -0.0340476 -0.03 
v 0.121545 -0.0344288 -0.0349548 
v 0.121511 -0.0339789 -0.0349887 
v 0.122214 0.0370419 -0.0342856 
v 0.121602 -0.0348765 -0.0348984 
v 0.122401 0.0374528 -0.034099 
v 0.12168 -0.0353208 -0.0348196 
v 0.124652 0.037168 -0.0318483 
v 0.125702 0.0365361 -0.030798 
v 0.122608 0.0378538 -0.0338921 
v 0.121781 -0.0357606 -0.0347186 
v 0.126114 0.0362483 -0.0303859 
v 0.122746 0.0380966 -0.0337541 
v 0.121904 -0.0361948 -0.0345958 
v 0.1215 -0.0335278 -0.035 
v 0.122041 -0.0366018 -0.0344587 
v 0.1265 0.0359481 -0.03 
v 0.122198 -0.0370018 -0.0343025 
vn 0.707107 7.09403e-16 -0.707107 
vn 0.707107 7.09403e-16 -0.707107 
vn 0.707107 7.09403e-16 -0.707107 
vn 0.707107 7.09403e-16 -0.707107 
vn 0.707107 7.09403e-16 -0.707107 
vn 0.707107 7.09403e-16 -0.707107 
vn 0.707107 7.09403e-16 -0.707107 
vn 0.707107 7.09403e-16 -0.707107 
vn 0.707107 7.09403e-16 -0.707107 
vn 0.707107 7.09403e-16 -0.707107 
vn 0.707107 7.09403e-16 -0.707107 
vn 0.707107 7.09403e-16 -0.707107 
vn 0.707107 7.09403e-16 -0.707107 
vn 0.707107 7.09403e-16 -0.707107 
vn 0.707107 7.09403e-16 -0.707107 
vn 0.707107 7.09403e-16 -0.707107 
vn 0.707107 7.09403e-16 -0.707107 
vn 0.707107 7.09403e-16 -0.707107 
vn 0.707107 7.09403e-16 -0.707107 
vn 0.707107 7.09403e-16 -0.707107 
vn 0.707107 7.09403e-16 -0.707107 
vn 0.707107 7.09403e-16 -0.707107 
vn 0.707107 7.09403e-16 -0.707107 
vn 0.707107 7.09403e-16 -0.707107 
vn 0.707107 7.09403e-16 -0.707107 
vn 0.707107 7.09403e-16 -0.707107 
vn 0.707107 7.09403e-16 -0.707107 
f 2407//2407 2408//2408 2409//2409 
f 2409//2409 2410//2410 2407//2407 
f 2410//2410 2411//2411 2407//2407 
f 2411//2411 2412//2412 2407//2407 
f 2412//2412 2413//2413 2407//2407 
f 2413//2413 2414//2414 2407//2407 
f 2414//2414 2415//2415 2407//2407 
f 2416//2416 2417//2417 2418//2418 
f 2415//2415 2419//2419 2407//2407 
f 2416//2416 2420//2420 2417//2417 
f 2419//2419 2421//2421 2407//2407 
f 2416//2416 2422//2422 2420//2420 
f 2408//2408 2423//2423 2424//2424 
f 2421//2421 2425//2425 2407//2407 
f 2416//2416 2426//2426 2422//2422 
f 2424//2424 2427//2427 2408//2408 
f 2425//2425 2428//2428 2407//2407 
f 2416//2416 2429//2429 2426//2426 
f 2407//2407 2423//2423 2408//2408 
f 2416//2416 2430//2430 2408//2408 
f 2416//2416 2431//2431 2429//2429 
f 2408//2408 2432//2432 2416//2416 
f 2416//2416 2433//2433 2431//2431 
f 2418//2418 2430//2430 2416//2416 
f 2427//2427 2432//2432 2408//2408 
v 0.124439 -0.0372832 0.0320614 
v 0.1215 -0.0335278 0.035 
v 0.121511 -0.0339789 0.0349887 
v 0.121545 -0.0344288 0.0349548 
v 0.121602 -0.0348765 0.0348984 
v 0.12168 -0.0353208 0.0348196 
v 0.121781 -0.0357606 0.0347186 
v 0.1265 0.0340476 0.03 
v 0.121545 0.0344288 0.0349548 
v 0.121511 0.0339789 0.0349887 
v 0.121904 -0.0361948 0.0345958 
v 0.121602 0.0348765 0.0348984 
v 0.122049 -0.0366222 0.0344513 
v 0.12168 0.0353208 0.0348196 
v 0.122214 -0.0370419 0.0342856 
v 0.121781 0.0357606 0.0347186 
v 0.122401 -0.0374528 0.034099 
v 0.121904 0.0361948 0.0345958 
v 0.124652 -0.037168 0.0318483 
v 0.125702 -0.0365361 0.030798 
v 0.122608 -0.0378538 0.0338921 
v 0.122041 0.0366018 0.0344587 
v 0.126114 -0.0362483 0.0303859 
v 0.122746 -0.0380966 0.0337541 
v 0.1215 0.0335278 0.035 
v 0.122198 0.0370018 0.0343025 
v 0.1265 -0.0359481 0.03 
vn 0.707107 -3.92523e-17 0.707107 
vn 0.707107 -3.92523e-17 0.707107 
vn 0.707107 -3.92523e-17 0.707107 
vn 0.707107 -3.92523e-17 0.707107 
vn 0.707107 -3.92523e-17 0.707107 
vn 0.707107 -3.92523e-17 0.707107 
vn 0.707107 -3.92523e-17 0.707107 
vn 0.707107 -3.92523e-17 0.707107 
vn 0.707107 -3.92523e-17 0.707107 
vn 0.707107 -3.92523e-17 0.707107 
vn 0.707107 -3.92523e-17 0.707107 
vn 0.707107 -3.92523e-17 0.707107 
vn 0.707107 -3.92523e-17 0.707107 
vn 0.707107 -3.92523e-17 0.707107 
vn 0.707107 -3.92523e-17 0.707107 
vn 0.707107 -3.92523e-17 0.707107 
vn 0.707107 -3.92523e-17 0.707107 
vn 0.707107 -3.92523e-17 0.707107 
vn 0.707107 -3.92523e-17 0.707107 
vn 0.707107 -3.92523e-17 0.707107 
vn 0.707107 -3.92523e-17 0.707107 
vn 0.707107 -3.92523e-17 0.707107 
vn 0.707107 -3.92523e-17 0.707107 
vn 0.707107 -3.92523e-17 0.707107 
vn 0.707107 -3.92523e-17 0.707107 
vn 0.707107 -3.92523e-17 0.707107 
vn 0.707107 -3.92523e-17 0.707107 
f 2434//2434 2435//2435 2436//2436 
f 2436//2436 2437//2437 2434//2434 
f 2437//2437 2438//2438 2434//2434 
f 2438//2438 2439//2439 2434//2434 
f 2439//2439 2440//2440 2434//2434 
f 2441//2441 2442//2442 2443//2443 
f 2440//2440 2444//2444 2434//2434 
f 2441//2441 2445//2445 2442//2442 
f 2444//2444 2446//2446 2434//2434 
f 2441//2441 2447//2447 2445//2445 
f 2446//2446 2448//2448 2434//2434 
f 2441//2441 2449//2449 2447//2447 
f 2448//2448 2450//2450 2434//2434 
f 2441//2441 2451//2451 2449//2449 
f 2435//2435 2452//2452 2453//2453 
f 2450//2450 2454//2454 2434//2434 
f 2441//2441 2455//2455 2451//2451 
f 2453//2453 2456//2456 2435//2435 
f 2454//2454 2457//2457 2434//2434 
f 2441//2441 2458//2458 2435//2435 
f 2441//2441 2459//2459 2455//2455 
f 2434//2434 2452//2452 2435//2435 
f 2443//2443 2458//2458 2441//2441 
f 2435//2435 2460//2460 2441//2441 
f 2456//2456 2460//2460 2435//2435 
v 0.106 -0.0419272 0.0292327 
v 0.1235 -0.0419272 0.0292327 
v 0.1235 -0.0415613 0.0300573 
v 0.106 -0.0415613 0.0300573 
v 0.1235 -0.0411148 0.0308412 
v 0.106 -0.0411148 0.0308412 
v 0.1235 -0.040592 0.0315765 
v 0.106 -0.040592 0.0315765 
v 0.123477 -0.0401198 0.0321274 
v 0.123456 -0.0399956 0.0322531 
v 0.123485 -0.0402368 0.0319934 
v 0.1235 -0.0404878 0.031706 
v 0.106 -0.0393394 0.0328721 
v 0.123454 -0.0399806 0.0322683 
v 0.123411 -0.0397329 0.032519 
v 0.123335 -0.03945 0.0327723 
v 0.106 -0.0399982 0.0322557 
v 0.123026 -0.038635 0.0334072 
v 0.123019 -0.0386205 0.0334169 
v 0.123144 -0.0389067 0.0332109 
v 0.123077 -0.0387367 0.0333394 
v 0.123302 -0.039328 0.0328816 
v 0.123249 -0.03917 0.0330118 
v 0.123305 -0.0393391 0.0328717 
v 0.106 -0.0386222 0.0334194 
v 0.122746 -0.0380966 0.0337541 
v 0.122608 -0.0378538 0.0338921 
v 0.122893 -0.0383642 0.0335878 
v 0.122861 -0.0382996 0.0336308 
v 0.106 -0.0378538 0.0338921 
v 0.122401 -0.0374528 0.034099 
v 0.122214 -0.0370419 0.0342856 
v 0.106 -0.0370419 0.0342856 
v 0.122049 -0.0366222 0.0344513 
v 0.121904 -0.0361948 0.0345958 
v 0.106 -0.0361948 0.0345958 
v 0.121781 -0.0357606 0.0347186 
v 0.12168 -0.0353208 0.0348196 
v 0.106 -0.0353208 0.0348196 
v 0.121602 -0.0348765 0.0348984 
v 0.121545 -0.0344288 0.0349548 
v 0.106 -0.0344288 0.0349548 
v 0.121511 -0.0339789 0.0349887 
v 0.1215 -0.0335278 0.035 
v 0.106 -0.0335278 0.035 
vn 2.79484e-17 -0.933266 0.359185 
vn 2.79484e-17 -0.933266 0.359185 
vn 5.05508e-17 -0.892617 0.450815 
vn 5.05508e-17 -0.892617 0.450815 
vn 7.26452e-17 -0.842999 0.537915 
vn 7.26452e-17 -0.842999 0.537915 
vn 9.40097e-17 -0.78491 0.619609 
vn 9.40097e-17 -0.78491 0.619609 
vn 1.92747e-16 -0.732454 0.680817 
vn 1.92747e-16 -0.718937 0.695075 
vn 1.92747e-16 -0.745758 0.666217 
vn 9.63735e-17 -0.773334 0.633999 
vn 1.33699e-16 -0.645734 0.763562 
vn 1.92747e-16 -0.717292 0.696773 
vn 1.92747e-16 -0.689455 0.724328 
vn 1.92747e-16 -0.658281 0.752772 
vn 1.14429e-16 -0.718934 0.695078 
vn 1.92747e-16 -0.56764 0.823277 
vn 1.92747e-16 -0.566049 0.824372 
vn 1.92747e-16 -0.597919 0.801556 
vn 1.92747e-16 -0.578767 0.815493 
vn 1.92747e-16 -0.644473 0.764627 
vn 1.92747e-16 -0.626913 0.779089 
vn 1.92747e-16 -0.645733 0.763563 
vn 1.51626e-16 -0.566045 0.824374 
vn 1.4456e-16 -0.507648 0.861565 
vn 1.4456e-16 -0.480669 0.876902 
vn 1.4456e-16 -0.537497 0.843266 
vn 1.4456e-16 -0.530206 0.847869 
vn 1.68029e-16 -0.480669 0.876902 
vn 1.4456e-16 -0.436114 0.899892 
vn 1.92747e-16 -0.390462 0.920619 
vn 1.92747e-16 -0.390462 0.920619 
vn 1.92747e-16 -0.34383 0.939032 
vn 1.92747e-16 -0.296333 0.955085 
vn 1.92747e-16 -0.296333 0.955085 
vn 1.92747e-16 -0.248091 0.968737 
vn 2.40934e-16 -0.199225 0.979954 
vn 2.40934e-16 -0.199225 0.979954 
vn 2.40934e-16 -0.149859 0.988707 
vn 2.40934e-16 -0.100115 0.994976 
vn 2.40934e-16 -0.100115 0.994976 
vn 2.40934e-16 -0.0501207 0.998743 
vn 2.40934e-16 1.54074e-17 1 
vn 2.40934e-16 1.54074e-17 1 
f 2461//2461 2462//2462 2463//2463 
f 2464//2464 2463//2463 2465//2465 
f 2466//2466 2465//2465 2467//2467 
f 2468//2468 2469//2469 2470//2470 
f 2468//2468 2471//2471 2469//2469 
f 2468//2468 2467//2467 2472//2472 
f 2472//2472 2471//2471 2468//2468 
f 2473//2473 2474//2474 2475//2475 
f 2475//2475 2476//2476 2473//2473 
f 2477//2477 2470//2470 2474//2474 
f 2474//2474 2473//2473 2477//2477 
f 2473//2473 2478//2478 2479//2479 
f 2473//2473 2480//2480 2481//2481 
f 2473//2473 2482//2482 2483//2483 
f 2473//2473 2484//2484 2482//2482 
f 2483//2483 2480//2480 2473//2473 
f 2481//2481 2478//2478 2473//2473 
f 2485//2485 2486//2486 2487//2487 
f 2485//2485 2488//2488 2489//2489 
f 2489//2489 2486//2486 2485//2485 
f 2485//2485 2479//2479 2488//2488 
f 2490//2490 2491//2491 2492//2492 
f 2490//2490 2487//2487 2491//2491 
f 2493//2493 2494//2494 2495//2495 
f 2493//2493 2492//2492 2494//2494 
f 2496//2496 2497//2497 2498//2498 
f 2496//2496 2495//2495 2497//2497 
f 2499//2499 2500//2500 2501//2501 
f 2499//2499 2498//2498 2500//2500 
f 2502//2502 2503//2503 2504//2504 
f 2502//2502 2501//2501 2503//2503 
f 2504//2504 2505//2505 2502//2502 
f 2501//2501 2502//2502 2499//2499 
f 2498//2498 2499//2499 2496//2496 
f 2495//2495 2496//2496 2493//2493 
f 2492//2492 2493//2493 2490//2490 
f 2487//2487 2490//2490 2485//2485 
f 2479//2479 2485//2485 2473//2473 
f 2476//2476 2484//2484 2473//2473 
f 2470//2470 2477//2477 2468//2468 
f 2467//2467 2468//2468 2466//2466 
f 2465//2465 2466//2466 2464//2464 
f 2463//2463 2464//2464 2461//2461 
v 0.1235 -0.0419272 0.0292327 
v 0.106 -0.0419272 0.0292327 
v 0.119 -0.0420938 0.0287997 
v 0.106 -0.0471327 0.0157073 
v 0.119 -0.0471327 0.0157073 
v 0.123488 -0.0420938 0.0287997 
vn 2.79484e-17 -0.933266 0.359185 
vn 2.79484e-17 -0.933266 0.359185 
vn 2.79484e-17 -0.933266 0.359185 
vn 2.79484e-17 -0.933266 0.359185 
vn 2.79484e-17 -0.933266 0.359185 
vn 2.79484e-17 -0.933266 0.359185 
f 2506//2506 2507//2507 2508//2508 
f 2509//2509 2510//2510 2508//2508 
f 2508//2508 2507//2507 2509//2509 
f 2508//2508 2511//2511 2506//2506 
v 0.1265 0.039563 0.0268356 
v 0.1265 0.0397883 0.0263908 
v 0.1235 0.0420468 0.0289219 
v 0.123493 0.0419272 0.0292327 
v 0.123458 0.0416442 0.0298704 
v 0.1265 0.0390344 0.0276481 
v 0.1265 0.0393115 0.0272551 
v 0.123448 0.0415613 0.0300573 
v 0.123391 0.0411651 0.0307528 
v 0.1265 0.0384068 0.0283507 
v 0.1265 0.0387326 0.0280136 
v 0.123384 0.0411148 0.0308412 
v 0.123294 0.040607 0.0315553 
v 0.1265 0.0380579 0.0286584 
v 0.1265 0.0376867 0.028936 
v 0.123291 0.040592 0.0315765 
v 0.123165 0.0399982 0.0322557 
v 0.12316 0.0399787 0.0322739 
v 0.1265 0.0372944 0.0291827 
v 0.1265 0.0368819 0.0293978 
v 0.123 0.0393394 0.0328721 
v 0.122987 0.0392938 0.0329104 
v 0.1265 0.0364503 0.0295808 
v 0.12279 0.0386222 0.0334194 
v 0.122771 0.0385615 0.0334606 
v 0.1265 0.0360007 0.0297312 
v 0.12253 0.0378538 0.0338921 
v 0.1265 0.0355344 0.0298485 
v 0.122508 0.0377937 0.0339247 
v 0.1265 0.0350526 0.0299326 
v 0.122213 0.0370411 0.0342837 
v 0.1265 0.0345566 0.0299831 
v 0.122198 0.0370018 0.0343025 
v 0.1265 0.0340476 0.03 
v 0.1265 0.0399869 0.0259219 
vn 0.735102 0.593599 0.327515 
vn 0.722061 0.62759 0.291134 
vn 0.707107 0.659919 0.253982 
vn 0.716927 0.639356 0.277922 
vn 0.735105 0.593588 0.327526 
vn 0.755312 0.520993 0.397579 
vn 0.746195 0.558035 0.363028 
vn 0.739753 0.579625 0.341761 
vn 0.755315 0.520983 0.397589 
vn 0.767525 0.442871 0.463434 
vn 0.762429 0.482571 0.431077 
vn 0.756925 0.513274 0.404492 
vn 0.767525 0.442867 0.463437 
vn 0.770588 0.401997 0.494562 
vn 0.77161 0.360059 0.524381 
vn 0.76774 0.440722 0.465124 
vn 0.771607 0.362474 0.522719 
vn 0.77161 0.360064 0.524377 
vn 0.770588 0.317167 0.55281 
vn 0.767525 0.273434 0.579775 
vn 0.768033 0.279103 0.576391 
vn 0.767525 0.273434 0.579775 
vn 0.762429 0.228977 0.605204 
vn 0.756599 0.191235 0.62529 
vn 0.755312 0.183914 0.62903 
vn 0.755312 0.183914 0.62903 
vn 0.736935 0.0995263 0.668597 
vn 0.746195 0.138364 0.65119 
vn 0.735102 0.0924465 0.671624 
vn 0.735102 0.0924465 0.671624 
vn 0.708671 0.00458175 0.705525 
vn 0.722061 0.0462846 0.69028 
vn 0.707107 5.05961e-16 0.707107 
vn 0.707107 5.05961e-16 0.707107 
vn 0.707107 0.659919 0.253982 
f 2512//2512 2513//2513 2514//2514 
f 2514//2514 2515//2515 2512//2512 
f 2515//2515 2516//2516 2512//2512 
f 2517//2517 2518//2518 2516//2516 
f 2516//2516 2519//2519 2517//2517 
f 2519//2519 2520//2520 2517//2517 
f 2521//2521 2522//2522 2520//2520 
f 2520//2520 2523//2523 2521//2521 
f 2523//2523 2524//2524 2521//2521 
f 2525//2525 2521//2521 2524//2524 
f 2526//2526 2525//2525 2527//2527 
f 2527//2527 2528//2528 2526//2526 
f 2528//2528 2529//2529 2526//2526 
f 2530//2530 2526//2526 2529//2529 
f 2531//2531 2530//2530 2532//2532 
f 2532//2532 2533//2533 2531//2531 
f 2534//2534 2531//2531 2533//2533 
f 2533//2533 2535//2535 2534//2534 
f 2536//2536 2537//2537 2534//2534 
f 2538//2538 2539//2539 2537//2537 
f 2537//2537 2536//2536 2538//2538 
f 2540//2540 2541//2541 2539//2539 
f 2542//2542 2543//2543 2541//2541 
f 2541//2541 2540//2540 2542//2542 
f 2544//2544 2545//2545 2543//2543 
f 2542//2542 2544//2544 2543//2543 
f 2538//2538 2540//2540 2539//2539 
f 2535//2535 2536//2536 2534//2534 
f 2529//2529 2532//2532 2530//2530 
f 2524//2524 2527//2527 2525//2525 
f 2522//2522 2517//2517 2520//2520 
f 2518//2518 2512//2512 2516//2516 
f 2513//2513 2546//2546 2514//2514 
v 0.1265 -0.039563 -0.0268356 
v 0.1265 -0.0397883 -0.0263908 
v 0.1235 -0.0420468 -0.0289219 
v 0.123493 -0.0419272 -0.0292327 
v 0.123458 -0.0416442 -0.0298704 
v 0.1265 -0.0390344 -0.0276481 
v 0.1265 -0.0393115 -0.0272551 
v 0.123448 -0.0415613 -0.0300573 
v 0.123391 -0.0411651 -0.0307528 
v 0.1265 -0.0384068 -0.0283507 
v 0.1265 -0.0387326 -0.0280136 
v 0.123384 -0.0411148 -0.0308412 
v 0.123294 -0.040607 -0.0315553 
v 0.1265 -0.0380579 -0.0286584 
v 0.1265 -0.0376867 -0.028936 
v 0.123291 -0.040592 -0.0315765 
v 0.123165 -0.0399982 -0.0322557 
v 0.12316 -0.0399787 -0.0322739 
v 0.1265 -0.0372944 -0.0291827 
v 0.1265 -0.0368819 -0.0293978 
v 0.123 -0.0393394 -0.0328721 
v 0.122987 -0.0392938 -0.0329104 
v 0.1265 -0.0364503 -0.0295808 
v 0.12279 -0.0386222 -0.0334194 
v 0.122771 -0.0385615 -0.0334606 
v 0.1265 -0.0360007 -0.0297312 
v 0.12253 -0.0378538 -0.0338921 
v 0.1265 -0.0355344 -0.0298485 
v 0.122508 -0.0377937 -0.0339247 
v 0.1265 -0.0350526 -0.0299326 
v 0.122213 -0.0370411 -0.0342837 
v 0.1265 -0.0345566 -0.0299831 
v 0.122198 -0.0370018 -0.0343025 
v 0.1265 -0.0340476 -0.03 
v 0.1265 -0.0399869 -0.0259219 
vn 0.735102 -0.593599 -0.327515 
vn 0.722061 -0.62759 -0.291134 
vn 0.707107 -0.659919 -0.253982 
vn 0.716927 -0.639356 -0.277922 
vn 0.735105 -0.593588 -0.327526 
vn 0.755312 -0.520993 -0.397579 
vn 0.746195 -0.558035 -0.363028 
vn 0.739753 -0.579625 -0.341761 
vn 0.755315 -0.520983 -0.397589 
vn 0.767525 -0.442871 -0.463434 
vn 0.762429 -0.482571 -0.431077 
vn 0.756925 -0.513274 -0.404492 
vn 0.767525 -0.442867 -0.463437 
vn 0.770588 -0.401997 -0.494562 
vn 0.77161 -0.360059 -0.524381 
vn 0.76774 -0.440722 -0.465124 
vn 0.771607 -0.362474 -0.522719 
vn 0.77161 -0.360064 -0.524377 
vn 0.770588 -0.317167 -0.55281 
vn 0.767525 -0.273434 -0.579775 
vn 0.768033 -0.279103 -0.576391 
vn 0.767525 -0.273434 -0.579775 
vn 0.762429 -0.228977 -0.605204 
vn 0.756599 -0.191235 -0.62529 
vn 0.755312 -0.183914 -0.62903 
vn 0.755312 -0.183914 -0.62903 
vn 0.736935 -0.0995263 -0.668597 
vn 0.746195 -0.138364 -0.65119 
vn 0.735102 -0.0924465 -0.671624 
vn 0.735102 -0.0924465 -0.671624 
vn 0.708671 -0.00458175 -0.705525 
vn 0.722061 -0.0462846 -0.69028 
vn 0.707107 -8.91455e-16 -0.707107 
vn 0.707107 -8.91455e-16 -0.707107 
vn 0.707107 -0.659919 -0.253982 
f 2547//2547 2548//2548 2549//2549 
f 2549//2549 2550//2550 2547//2547 
f 2550//2550 2551//2551 2547//2547 
f 2552//2552 2553//2553 2551//2551 
f 2551//2551 2554//2554 2552//2552 
f 2554//2554 2555//2555 2552//2552 
f 2556//2556 2557//2557 2555//2555 
f 2555//2555 2558//2558 2556//2556 
f 2558//2558 2559//2559 2556//2556 
f 2560//2560 2556//2556 2559//2559 
f 2561//2561 2560//2560 2562//2562 
f 2562//2562 2563//2563 2561//2561 
f 2563//2563 2564//2564 2561//2561 
f 2565//2565 2561//2561 2564//2564 
f 2566//2566 2565//2565 2567//2567 
f 2567//2567 2568//2568 2566//2566 
f 2569//2569 2566//2566 2568//2568 
f 2568//2568 2570//2570 2569//2569 
f 2571//2571 2572//2572 2569//2569 
f 2573//2573 2574//2574 2572//2572 
f 2572//2572 2571//2571 2573//2573 
f 2575//2575 2576//2576 2574//2574 
f 2577//2577 2578//2578 2576//2576 
f 2576//2576 2575//2575 2577//2577 
f 2579//2579 2580//2580 2578//2578 
f 2577//2577 2579//2579 2578//2578 
f 2573//2573 2575//2575 2574//2574 
f 2570//2570 2571//2571 2569//2569 
f 2564//2564 2567//2567 2565//2565 
f 2559//2559 2562//2562 2560//2560 
f 2557//2557 2552//2552 2555//2555 
f 2553//2553 2547//2547 2551//2551 
f 2548//2548 2581//2581 2549//2549 
v 0.12474 -0.0398671 0.0304536 
v 0.124522 -0.0399344 0.0307331 
v 0.124439 -0.0402169 0.030499 
v 0.124636 -0.040157 0.0302305 
v 0.124586 -0.0396368 0.0309548 
v 0.124628 -0.0393259 0.0311627 
v 0.124807 -0.039566 0.0306856 
v 0.124649 -0.0390035 0.0313557 
v 0.124851 -0.0392506 0.0309036 
v 0.124649 -0.0386713 0.0315326 
v 0.124874 -0.0389228 0.031106 
v 0.124628 -0.0383312 0.0316925 
v 0.124874 -0.0385846 0.0312919 
v 0.124586 -0.0379852 0.0318344 
v 0.124851 -0.0382379 0.03146 
v 0.124522 -0.0376352 0.0319576 
v 0.124807 -0.0378848 0.0316093 
v 0.124652 -0.037168 0.0318483 
v 0.124439 -0.0372832 0.0320614 
v 0.124652 -0.0401521 0.0302088 
v 0.125272 -0.039942 0.0292773 
v 0.125822 -0.039503 0.0289457 
v 0.125913 -0.0391862 0.0292473 
v 0.125974 -0.0388482 0.0295331 
v 0.126005 -0.0384918 0.0298007 
v 0.126005 -0.0381197 0.030048 
v 0.125974 -0.037735 0.0302731 
v 0.12474 -0.0375275 0.031739 
v 0.125913 -0.0373407 0.0304742 
v 0.125822 -0.03694 0.0306497 
v 0.125702 -0.0365361 0.030798 
v 0.125702 -0.0397962 0.0286307 
v 0.125834 -0.0397406 0.0283979 
v 0.126254 -0.0393312 0.0282597 
v 0.12636 -0.0390111 0.0286012 
v 0.126432 -0.0386655 0.0289266 
v 0.126468 -0.0382976 0.0292328 
v 0.126468 -0.0379109 0.0295171 
v 0.126432 -0.0375089 0.0297769 
v 0.12636 -0.0370952 0.0300096 
v 0.126114 -0.0362483 0.0303859 
v 0.126114 -0.0396229 0.0279052 
v 0.1265 -0.0392394 0.0277831 
v 0.1265 -0.039218 0.0278332 
v 0.126214 -0.0395694 0.0277343 
v 0.126161 -0.0396004 0.0278153 
v 0.126202 -0.0395811 0.0277382 
v 0.1265 -0.0392894 0.0276393 
v 0.1265 -0.0390921 0.0281279 
v 0.1265 -0.0389498 0.0283853 
v 0.1265 -0.0388563 0.0285394 
v 0.1265 -0.0386602 0.0288043 
v 0.1265 -0.0389143 0.0284495 
v 0.1265 -0.0384414 0.0290452 
v 0.1265 -0.0381988 0.0292628 
v 0.1265 -0.0379851 0.0294209 
v 0.1265 -0.0382816 0.0291885 
v 0.1265 -0.0378942 0.0294761 
v 0.1265 -0.0377214 0.029581 
v 0.1265 -0.0374384 0.029717 
v 0.1265 -0.0371336 0.0298286 
v 0.1265 -0.037473 0.0297004 
v 0.1265 -0.0367105 0.0299329 
v 0.126254 -0.0366737 0.0302133 
v 0.1265 -0.0370551 0.0298521 
v 0.1265 -0.0365087 0.0299603 
v 0.1265 -0.0363429 0.0299828 
v 0.122861 -0.0382996 0.0336308 
v 0.122893 -0.0383642 0.0335878 
v 0.122746 -0.0380966 0.0337541 
v 0.123019 -0.0386205 0.0334169 
v 0.123026 -0.038635 0.0334072 
v 0.123077 -0.0387367 0.0333394 
v 0.123144 -0.0389067 0.0332109 
v 0.123249 -0.03917 0.0330118 
v 0.123305 -0.0393391 0.0328717 
v 0.123335 -0.03945 0.0327723 
v 0.123302 -0.039328 0.0328816 
v 0.123411 -0.0397329 0.032519 
v 0.123454 -0.0399806 0.0322683 
v 0.123477 -0.0401198 0.0321274 
v 0.123485 -0.0402368 0.0319934 
v 0.123456 -0.0399956 0.0322531 
v 0.123685 -0.0404343 0.0314677 
v 0.1235 -0.0404878 0.031706 
v 0.1265 -0.0359481 0.03 
vn 0.724751 -0.53983 0.428158 
vn 0.723849 -0.530237 0.441465 
vn 0.707107 -0.586743 0.39463 
vn 0.707103 -0.596083 0.380383 
vn 0.736489 -0.470727 0.485798 
vn 0.744956 -0.40855 0.527378 
vn 0.738077 -0.479609 0.474571 
vn 0.749201 -0.344057 0.56597 
vn 0.747005 -0.416531 0.518155 
vn 0.749201 -0.277615 0.601354 
vn 0.751483 -0.350971 0.558653 
vn 0.744956 -0.209599 0.633331 
vn 0.751483 -0.283319 0.595822 
vn 0.736489 -0.140396 0.661719 
vn 0.747005 -0.21398 0.629441 
vn 0.723849 -0.0703976 0.686358 
vn 0.738077 -0.143366 0.659309 
vn 0.707107 0 0.707107 
vn 0.707107 0 0.707107 
vn 0.707107 -0.596834 0.379195 
vn 0.706539 -0.630613 0.321139 
vn 0.731138 -0.593389 0.33664 
vn 0.749331 -0.530024 0.39696 
vn 0.761541 -0.462427 0.45411 
vn 0.767671 -0.391137 0.507634 
vn 0.767671 -0.316725 0.557106 
vn 0.761541 -0.239783 0.602128 
vn 0.724751 -0.071897 0.685249 
vn 0.749331 -0.160927 0.642343 
vn 0.731138 -0.0807861 0.67743 
vn 0.707107 0 0.707107 
vn 0.707107 -0.652016 0.273632 
vn 0.706989 -0.659846 0.2545 
vn 0.735121 -0.616566 0.281859 
vn 0.75636 -0.552544 0.350163 
vn 0.77063 -0.48343 0.415241 
vn 0.777798 -0.409861 0.476492 
vn 0.777798 -0.332516 0.533352 
vn 0.77063 -0.252106 0.585297 
vn 0.75636 -0.169372 0.631848 
vn 0.707107 0 0.707107 
vn 0.707107 -0.674905 0.210957 
vn 0.735826 -0.635083 0.23501 
vn 0.738012 -0.62946 0.243144 
vn 0.708047 -0.678451 0.195892 
vn 0.7071 -0.677492 0.202519 
vn 0.707107 -0.679642 0.19516 
vn 0.729748 -0.649913 0.212324 
vn 0.749595 -0.594884 0.290208 
vn 0.759039 -0.559644 0.332653 
vn 0.763981 -0.53674 0.358109 
vn 0.771522 -0.491832 0.403554 
vn 0.761078 -0.550531 0.343039 
vn 0.776638 -0.444264 0.446612 
vn 0.779173 -0.393863 0.487607 
vn 0.779169 -0.351138 0.519228 
vn 0.778666 -0.411276 0.473847 
vn 0.778664 -0.333714 0.531335 
vn 0.776708 -0.300222 0.553707 
vn 0.771425 -0.247551 0.586193 
vn 0.763011 -0.192923 0.616924 
vn 0.772243 -0.254036 0.582329 
vn 0.747099 -0.120498 0.653699 
vn 0.735121 -0.0850782 0.672576 
vn 0.760419 -0.179191 0.624222 
vn 0.738039 -0.0877217 0.669032 
vn 0.729574 -0.0607436 0.681199 
vn 0.716523 -0.0465581 0.696008 
vn 0.719197 -0.0613968 0.692089 
vn 0.707107 0 0.707107 
vn 0.728207 -0.12008 0.674756 
vn 0.728635 -0.12335 0.673703 
vn 0.731439 -0.146503 0.665983 
vn 0.735254 -0.185584 0.651889 
vn 0.738808 -0.245398 0.627648 
vn 0.739571 -0.284025 0.610216 
vn 0.739384 -0.309696 0.597829 
vn 0.739559 -0.281456 0.61142 
vn 0.736364 -0.373887 0.563894 
vn 0.730355 -0.431103 0.529841 
vn 0.725628 -0.462414 0.509547 
vn 0.720565 -0.489871 0.490727 
vn 0.729891 -0.434514 0.52769 
vn 0.706999 -0.554653 0.438763 
vn 0.707107 -0.54683 0.448305 
vn 0.707107 3.15902e-15 0.707107 
f 2582//2582 2583//2583 2584//2584 
f 2584//2584 2585//2585 2582//2582 
f 2586//2586 2583//2583 2582//2582 
f 2587//2587 2586//2586 2588//2588 
f 2589//2589 2587//2587 2590//2590 
f 2591//2591 2589//2589 2592//2592 
f 2593//2593 2591//2591 2594//2594 
f 2595//2595 2593//2593 2596//2596 
f 2597//2597 2595//2595 2598//2598 
f 2599//2599 2600//2600 2597//2597 
f 2582//2582 2601//2601 2602//2602 
f 2602//2602 2603//2603 2582//2582 
f 2588//2588 2582//2582 2603//2603 
f 2590//2590 2588//2588 2604//2604 
f 2592//2592 2590//2590 2605//2605 
f 2594//2594 2592//2592 2606//2606 
f 2596//2596 2594//2594 2607//2607 
f 2598//2598 2596//2596 2608//2608 
f 2609//2609 2598//2598 2610//2610 
f 2609//2609 2611//2611 2612//2612 
f 2603//2603 2613//2613 2614//2614 
f 2614//2614 2615//2615 2603//2603 
f 2604//2604 2603//2603 2615//2615 
f 2605//2605 2604//2604 2616//2616 
f 2606//2606 2605//2605 2617//2617 
f 2607//2607 2606//2606 2618//2618 
f 2608//2608 2607//2607 2619//2619 
f 2610//2610 2608//2608 2620//2620 
f 2611//2611 2610//2610 2621//2621 
f 2622//2622 2612//2612 2611//2611 
f 2623//2623 2624//2624 2625//2625 
f 2624//2624 2623//2623 2626//2626 
f 2626//2626 2623//2623 2627//2627 
f 2627//2627 2628//2628 2626//2626 
f 2626//2626 2629//2629 2624//2624 
f 2615//2615 2630//2630 2631//2631 
f 2615//2615 2625//2625 2630//2630 
f 2616//2616 2632//2632 2633//2633 
f 2616//2616 2634//2634 2632//2632 
f 2616//2616 2631//2631 2634//2634 
f 2618//2618 2617//2617 2635//2635 
f 2617//2617 2633//2633 2635//2635 
f 2618//2618 2636//2636 2637//2637 
f 2637//2637 2619//2619 2618//2618 
f 2618//2618 2638//2638 2636//2636 
f 2619//2619 2639//2639 2640//2640 
f 2640//2640 2620//2620 2619//2619 
f 2620//2620 2641//2641 2642//2642 
f 2642//2642 2621//2621 2620//2620 
f 2620//2620 2643//2643 2641//2641 
f 2644//2644 2645//2645 2621//2621 
f 2621//2621 2646//2646 2644//2644 
f 2622//2622 2645//2645 2647//2647 
f 2647//2647 2648//2648 2622//2622 
f 2600//2600 2649//2649 2650//2650 
f 2600//2600 2651//2651 2649//2649 
f 2597//2597 2652//2652 2653//2653 
f 2597//2597 2650//2650 2652//2652 
f 2595//2595 2654//2654 2655//2655 
f 2595//2595 2653//2653 2654//2654 
f 2593//2593 2655//2655 2656//2656 
f 2591//2591 2657//2657 2658//2658 
f 2591//2591 2659//2659 2657//2657 
f 2591//2591 2656//2656 2659//2659 
f 2589//2589 2658//2658 2660//2660 
f 2587//2587 2660//2660 2661//2661 
f 2586//2586 2662//2662 2663//2663 
f 2586//2586 2661//2661 2664//2664 
f 2664//2664 2662//2662 2586//2586 
f 2583//2583 2663//2663 2665//2665 
f 2663//2663 2666//2666 2665//2665 
f 2665//2665 2584//2584 2583//2583 
f 2663//2663 2583//2583 2586//2586 
f 2661//2661 2586//2586 2587//2587 
f 2660//2660 2587//2587 2589//2589 
f 2658//2658 2589//2589 2591//2591 
f 2656//2656 2591//2591 2593//2593 
f 2655//2655 2593//2593 2595//2595 
f 2653//2653 2595//2595 2597//2597 
f 2650//2650 2597//2597 2600//2600 
f 2648//2648 2667//2667 2622//2622 
f 2644//2644 2647//2647 2645//2645 
f 2642//2642 2646//2646 2621//2621 
f 2640//2640 2643//2643 2620//2620 
f 2637//2637 2639//2639 2619//2619 
f 2635//2635 2638//2638 2618//2618 
f 2633//2633 2617//2617 2616//2616 
f 2631//2631 2616//2616 2615//2615 
f 2625//2625 2615//2615 2623//2623 
f 2611//2611 2645//2645 2622//2622 
f 2621//2621 2645//2645 2611//2611 
f 2620//2620 2621//2621 2610//2610 
f 2619//2619 2620//2620 2608//2608 
f 2618//2618 2619//2619 2607//2607 
f 2617//2617 2618//2618 2606//2606 
f 2616//2616 2617//2617 2605//2605 
f 2615//2615 2616//2616 2604//2604 
f 2614//2614 2623//2623 2615//2615 
f 2612//2612 2599//2599 2609//2609 
f 2610//2610 2611//2611 2609//2609 
f 2608//2608 2610//2610 2598//2598 
f 2607//2607 2608//2608 2596//2596 
f 2606//2606 2607//2607 2594//2594 
f 2605//2605 2606//2606 2592//2592 
f 2604//2604 2605//2605 2590//2590 
f 2603//2603 2604//2604 2588//2588 
f 2602//2602 2613//2613 2603//2603 
f 2597//2597 2609//2609 2599//2599 
f 2598//2598 2609//2609 2597//2597 
f 2596//2596 2598//2598 2595//2595 
f 2594//2594 2596//2596 2593//2593 
f 2592//2592 2594//2594 2591//2591 
f 2590//2590 2592//2592 2589//2589 
f 2588//2588 2590//2590 2587//2587 
f 2582//2582 2588//2588 2586//2586 
f 2585//2585 2601//2601 2582//2582 
v 0.12474 0.0398671 -0.0304536 
v 0.124522 0.0399344 -0.0307331 
v 0.124439 0.0402169 -0.030499 
v 0.124636 0.040157 -0.0302305 
v 0.124586 0.0396368 -0.0309548 
v 0.124628 0.0393259 -0.0311627 
v 0.124807 0.039566 -0.0306856 
v 0.124649 0.0390035 -0.0313557 
v 0.124851 0.0392506 -0.0309036 
v 0.124649 0.0386713 -0.0315326 
v 0.124874 0.0389228 -0.031106 
v 0.124628 0.0383312 -0.0316925 
v 0.124874 0.0385846 -0.0312919 
v 0.124586 0.0379852 -0.0318344 
v 0.124851 0.0382379 -0.03146 
v 0.124522 0.0376352 -0.0319576 
v 0.124807 0.0378848 -0.0316093 
v 0.124652 0.037168 -0.0318483 
v 0.124439 0.0372832 -0.0320614 
v 0.124652 0.0401521 -0.0302088 
v 0.125272 0.039942 -0.0292773 
v 0.125822 0.039503 -0.0289457 
v 0.125913 0.0391862 -0.0292473 
v 0.125974 0.0388482 -0.0295331 
v 0.126005 0.0384918 -0.0298007 
v 0.126005 0.0381197 -0.030048 
v 0.125974 0.037735 -0.0302731 
v 0.12474 0.0375275 -0.031739 
v 0.125913 0.0373407 -0.0304742 
v 0.125822 0.03694 -0.0306497 
v 0.125702 0.0365361 -0.030798 
v 0.125702 0.0397962 -0.0286307 
v 0.125834 0.0397406 -0.0283979 
v 0.126254 0.0393312 -0.0282597 
v 0.12636 0.0390111 -0.0286012 
v 0.126432 0.0386655 -0.0289266 
v 0.126468 0.0382976 -0.0292328 
v 0.126468 0.0379109 -0.0295171 
v 0.126432 0.0375089 -0.0297769 
v 0.12636 0.0370952 -0.0300096 
v 0.126114 0.0362483 -0.0303859 
v 0.126114 0.0396229 -0.0279052 
v 0.1265 0.0392394 -0.0277831 
v 0.1265 0.039218 -0.0278332 
v 0.126214 0.0395694 -0.0277343 
v 0.126161 0.0396004 -0.0278153 
v 0.126202 0.0395811 -0.0277382 
v 0.1265 0.0392894 -0.0276393 
v 0.1265 0.0390921 -0.0281279 
v 0.1265 0.0389498 -0.0283853 
v 0.1265 0.0388563 -0.0285394 
v 0.1265 0.0386602 -0.0288043 
v 0.1265 0.0389143 -0.0284495 
v 0.1265 0.0384414 -0.0290452 
v 0.1265 0.0381988 -0.0292628 
v 0.1265 0.0379851 -0.0294209 
v 0.1265 0.0382816 -0.0291885 
v 0.1265 0.0378942 -0.0294761 
v 0.1265 0.0377214 -0.029581 
v 0.1265 0.0374384 -0.029717 
v 0.1265 0.0371336 -0.0298286 
v 0.1265 0.037473 -0.0297004 
v 0.1265 0.0367105 -0.0299329 
v 0.126254 0.0366737 -0.0302133 
v 0.1265 0.0370551 -0.0298521 
v 0.1265 0.0365087 -0.0299603 
v 0.1265 0.0363429 -0.0299828 
v 0.122861 0.0382996 -0.0336308 
v 0.122893 0.0383642 -0.0335878 
v 0.122746 0.0380966 -0.0337541 
v 0.123019 0.0386205 -0.0334169 
v 0.123026 0.038635 -0.0334072 
v 0.123077 0.0387367 -0.0333394 
v 0.123144 0.0389067 -0.0332109 
v 0.123249 0.03917 -0.0330118 
v 0.123305 0.0393391 -0.0328717 
v 0.123335 0.03945 -0.0327723 
v 0.123302 0.039328 -0.0328816 
v 0.123411 0.0397329 -0.032519 
v 0.123454 0.0399806 -0.0322683 
v 0.123477 0.0401198 -0.0321274 
v 0.123485 0.0402368 -0.0319934 
v 0.123456 0.0399956 -0.0322531 
v 0.123685 0.0404343 -0.0314677 
v 0.1235 0.0404878 -0.031706 
v 0.1265 0.0359481 -0.03 
vn 0.724751 0.53983 -0.428158 
vn 0.723849 0.530237 -0.441465 
vn 0.707107 0.586743 -0.39463 
vn 0.707103 0.596083 -0.380383 
vn 0.736489 0.470727 -0.485798 
vn 0.744956 0.40855 -0.527378 
vn 0.738077 0.479609 -0.474571 
vn 0.749201 0.344057 -0.56597 
vn 0.747005 0.416531 -0.518155 
vn 0.749201 0.277615 -0.601354 
vn 0.751483 0.350971 -0.558653 
vn 0.744956 0.209599 -0.633331 
vn 0.751483 0.283319 -0.595822 
vn 0.736489 0.140396 -0.661719 
vn 0.747005 0.21398 -0.629441 
vn 0.723849 0.0703976 -0.686358 
vn 0.738077 0.143366 -0.659309 
vn 0.707107 1.38778e-15 -0.707107 
vn 0.707107 1.38778e-15 -0.707107 
vn 0.707107 0.596834 -0.379195 
vn 0.706539 0.630613 -0.321139 
vn 0.731138 0.593389 -0.33664 
vn 0.749331 0.530024 -0.39696 
vn 0.761541 0.462427 -0.45411 
vn 0.767671 0.391137 -0.507634 
vn 0.767671 0.316725 -0.557106 
vn 0.761541 0.239783 -0.602128 
vn 0.724751 0.071897 -0.685249 
vn 0.749331 0.160927 -0.642343 
vn 0.731138 0.0807861 -0.67743 
vn 0.707107 1.38778e-15 -0.707107 
vn 0.707107 0.652016 -0.273632 
vn 0.706989 0.659846 -0.2545 
vn 0.735121 0.616566 -0.281859 
vn 0.75636 0.552544 -0.350163 
vn 0.77063 0.48343 -0.415241 
vn 0.777798 0.409861 -0.476492 
vn 0.777798 0.332516 -0.533352 
vn 0.77063 0.252106 -0.585297 
vn 0.75636 0.169372 -0.631848 
vn 0.707107 1.38778e-15 -0.707107 
vn 0.707107 0.674905 -0.210957 
vn 0.735826 0.635083 -0.23501 
vn 0.738012 0.62946 -0.243144 
vn 0.708047 0.678451 -0.195892 
vn 0.7071 0.677492 -0.202519 
vn 0.707107 0.679642 -0.19516 
vn 0.729748 0.649913 -0.212324 
vn 0.749595 0.594884 -0.290208 
vn 0.759039 0.559644 -0.332653 
vn 0.763981 0.53674 -0.358109 
vn 0.771522 0.491832 -0.403554 
vn 0.761078 0.550531 -0.343039 
vn 0.776638 0.444264 -0.446612 
vn 0.779173 0.393863 -0.487607 
vn 0.779169 0.351138 -0.519228 
vn 0.778666 0.411276 -0.473847 
vn 0.778664 0.333714 -0.531335 
vn 0.776708 0.300222 -0.553707 
vn 0.771425 0.247551 -0.586193 
vn 0.763011 0.192923 -0.616924 
vn 0.772243 0.254036 -0.582329 
vn 0.747099 0.120498 -0.653699 
vn 0.735121 0.0850782 -0.672576 
vn 0.760419 0.179191 -0.624222 
vn 0.738039 0.0877217 -0.669032 
vn 0.729574 0.0607436 -0.681199 
vn 0.716523 0.0465581 -0.696008 
vn 0.719197 0.0613968 -0.692089 
vn 0.707107 1.38778e-15 -0.707107 
vn 0.728207 0.12008 -0.674756 
vn 0.728635 0.12335 -0.673703 
vn 0.731439 0.146503 -0.665983 
vn 0.735254 0.185584 -0.651889 
vn 0.738808 0.245398 -0.627648 
vn 0.739571 0.284025 -0.610216 
vn 0.739384 0.309696 -0.597829 
vn 0.739559 0.281456 -0.61142 
vn 0.736364 0.373887 -0.563894 
vn 0.730355 0.431103 -0.529841 
vn 0.725628 0.462414 -0.509547 
vn 0.720565 0.489871 -0.490727 
vn 0.729891 0.434514 -0.52769 
vn 0.706999 0.554653 -0.438763 
vn 0.707107 0.54683 -0.448305 
vn 0.707107 2.74697e-15 -0.707107 
f 2668//2668 2669//2669 2670//2670 
f 2670//2670 2671//2671 2668//2668 
f 2672//2672 2669//2669 2668//2668 
f 2673//2673 2672//2672 2674//2674 
f 2675//2675 2673//2673 2676//2676 
f 2677//2677 2675//2675 2678//2678 
f 2679//2679 2677//2677 2680//2680 
f 2681//2681 2679//2679 2682//2682 
f 2683//2683 2681//2681 2684//2684 
f 2685//2685 2686//2686 2683//2683 
f 2668//2668 2687//2687 2688//2688 
f 2688//2688 2689//2689 2668//2668 
f 2674//2674 2668//2668 2689//2689 
f 2676//2676 2674//2674 2690//2690 
f 2678//2678 2676//2676 2691//2691 
f 2680//2680 2678//2678 2692//2692 
f 2682//2682 2680//2680 2693//2693 
f 2684//2684 2682//2682 2694//2694 
f 2695//2695 2684//2684 2696//2696 
f 2695//2695 2697//2697 2698//2698 
f 2689//2689 2699//2699 2700//2700 
f 2700//2700 2701//2701 2689//2689 
f 2690//2690 2689//2689 2701//2701 
f 2691//2691 2690//2690 2702//2702 
f 2692//2692 2691//2691 2703//2703 
f 2693//2693 2692//2692 2704//2704 
f 2694//2694 2693//2693 2705//2705 
f 2696//2696 2694//2694 2706//2706 
f 2697//2697 2696//2696 2707//2707 
f 2708//2708 2698//2698 2697//2697 
f 2709//2709 2710//2710 2711//2711 
f 2710//2710 2709//2709 2712//2712 
f 2712//2712 2709//2709 2713//2713 
f 2713//2713 2714//2714 2712//2712 
f 2712//2712 2715//2715 2710//2710 
f 2701//2701 2716//2716 2717//2717 
f 2701//2701 2711//2711 2716//2716 
f 2702//2702 2718//2718 2719//2719 
f 2702//2702 2720//2720 2718//2718 
f 2702//2702 2717//2717 2720//2720 
f 2704//2704 2703//2703 2721//2721 
f 2703//2703 2719//2719 2721//2721 
f 2704//2704 2722//2722 2723//2723 
f 2723//2723 2705//2705 2704//2704 
f 2704//2704 2724//2724 2722//2722 
f 2705//2705 2725//2725 2726//2726 
f 2726//2726 2706//2706 2705//2705 
f 2706//2706 2727//2727 2728//2728 
f 2728//2728 2707//2707 2706//2706 
f 2706//2706 2729//2729 2727//2727 
f 2730//2730 2731//2731 2707//2707 
f 2707//2707 2732//2732 2730//2730 
f 2708//2708 2731//2731 2733//2733 
f 2733//2733 2734//2734 2708//2708 
f 2686//2686 2735//2735 2736//2736 
f 2686//2686 2737//2737 2735//2735 
f 2683//2683 2738//2738 2739//2739 
f 2683//2683 2736//2736 2738//2738 
f 2681//2681 2740//2740 2741//2741 
f 2681//2681 2739//2739 2740//2740 
f 2679//2679 2741//2741 2742//2742 
f 2677//2677 2743//2743 2744//2744 
f 2677//2677 2745//2745 2743//2743 
f 2677//2677 2742//2742 2745//2745 
f 2675//2675 2744//2744 2746//2746 
f 2673//2673 2746//2746 2747//2747 
f 2672//2672 2748//2748 2749//2749 
f 2672//2672 2747//2747 2750//2750 
f 2750//2750 2748//2748 2672//2672 
f 2669//2669 2749//2749 2751//2751 
f 2749//2749 2752//2752 2751//2751 
f 2751//2751 2670//2670 2669//2669 
f 2749//2749 2669//2669 2672//2672 
f 2747//2747 2672//2672 2673//2673 
f 2746//2746 2673//2673 2675//2675 
f 2744//2744 2675//2675 2677//2677 
f 2742//2742 2677//2677 2679//2679 
f 2741//2741 2679//2679 2681//2681 
f 2739//2739 2681//2681 2683//2683 
f 2736//2736 2683//2683 2686//2686 
f 2734//2734 2753//2753 2708//2708 
f 2730//2730 2733//2733 2731//2731 
f 2728//2728 2732//2732 2707//2707 
f 2726//2726 2729//2729 2706//2706 
f 2723//2723 2725//2725 2705//2705 
f 2721//2721 2724//2724 2704//2704 
f 2719//2719 2703//2703 2702//2702 
f 2717//2717 2702//2702 2701//2701 
f 2711//2711 2701//2701 2709//2709 
f 2697//2697 2731//2731 2708//2708 
f 2707//2707 2731//2731 2697//2697 
f 2706//2706 2707//2707 2696//2696 
f 2705//2705 2706//2706 2694//2694 
f 2704//2704 2705//2705 2693//2693 
f 2703//2703 2704//2704 2692//2692 
f 2702//2702 2703//2703 2691//2691 
f 2701//2701 2702//2702 2690//2690 
f 2700//2700 2709//2709 2701//2701 
f 2698//2698 2685//2685 2695//2695 
f 2696//2696 2697//2697 2695//2695 
f 2694//2694 2696//2696 2684//2684 
f 2693//2693 2694//2694 2682//2682 
f 2692//2692 2693//2693 2680//2680 
f 2691//2691 2692//2692 2678//2678 
f 2690//2690 2691//2691 2676//2676 
f 2689//2689 2690//2690 2674//2674 
f 2688//2688 2699//2699 2689//2689 
f 2683//2683 2695//2695 2685//2685 
f 2684//2684 2695//2695 2683//2683 
f 2682//2682 2684//2684 2681//2681 
f 2680//2680 2682//2682 2679//2679 
f 2678//2678 2680//2680 2677//2677 
f 2676//2676 2678//2678 2675//2675 
f 2674//2674 2676//2676 2673//2673 
f 2668//2668 2674//2674 2672//2672 
f 2671//2671 2687//2687 2668//2668 
v 0.119 -0.0418792 0.027 
v 0.123974 -0.0419745 0.0271603 
v 0.12396 -0.041986 0.0271795 
v 0.124089 -0.0418792 0.027 
v 0.119 -0.041986 0.0271795 
v 0.123845 -0.0420735 0.0273692 
v 0.119 -0.0420735 0.0273692 
v 0.123794 -0.0421095 0.0274666 
v 0.123746 -0.0421407 0.027567 
v 0.119 -0.0421407 0.027567 
v 0.123702 -0.0421663 0.0276674 
v 0.123662 -0.0421869 0.0277707 
v 0.119 -0.0421869 0.0277707 
v 0.123624 -0.0422027 0.0278804 
v 0.123594 -0.0422117 0.0279782 
v 0.119 -0.0422117 0.0279782 
v 0.123566 -0.0422159 0.0280822 
v 0.123542 -0.0422146 0.028187 
v 0.119 -0.0422146 0.028187 
v 0.123523 -0.042208 0.0282907 
v 0.123507 -0.0421958 0.0283951 
v 0.119 -0.0421958 0.0283951 
v 0.123491 -0.0421598 0.0285799 
v 0.123489 -0.0421554 0.0286 
v 0.123497 -0.0421803 0.0284879 
v 0.119 -0.0420938 0.0287997 
v 0.119 -0.0421554 0.0286 
v 0.123486 -0.0421273 0.0287005 
v 0.123488 -0.0420938 0.0287997 
vn -1.69486e-16 -0.831583 -0.5554 
vn 0 -0.879697 -0.475535 
vn 0 -0.88497 -0.465648 
vn -2.16799e-16 -0.831583 -0.5554 
vn 0 -0.88497 -0.465648 
vn 0 -0.928706 -0.370817 
vn 0 -0.928706 -0.370817 
vn 0 -0.946695 -0.32213 
vn 0 -0.962313 -0.271943 
vn 0 -0.962313 -0.271943 
vn 0 -0.975096 -0.221785 
vn 0 -0.985426 -0.170103 
vn 0 -0.985426 -0.170103 
vn 0 -0.993331 -0.115301 
vn 0 -0.997793 -0.0664081 
vn 0 -0.997793 -0.0664081 
vn 0 -0.999896 -0.0144062 
vn 0 -0.999277 0.0380112 
vn 0 -0.999277 0.0380112 
vn 0 -0.995959 0.0898049 
vn 0 -0.989864 0.142016 
vn 0 -0.989864 0.142016 
vn 0 -0.972123 0.234471 
vn 0 -0.969656 0.244472 
vn 0 -0.982091 0.18841 
vn 2.43235e-17 -0.938874 0.344262 
vn 4.56923e-19 -0.969656 0.244472 
vn 0 -0.955594 0.294688 
vn 2.43235e-17 -0.938874 0.344262 
f 2754//2754 2755//2755 2756//2756 
f 2754//2754 2757//2757 2755//2755 
f 2758//2758 2756//2756 2759//2759 
f 2760//2760 2761//2761 2762//2762 
f 2760//2760 2759//2759 2761//2761 
f 2763//2763 2764//2764 2765//2765 
f 2763//2763 2762//2762 2764//2764 
f 2766//2766 2767//2767 2768//2768 
f 2766//2766 2765//2765 2767//2767 
f 2769//2769 2770//2770 2771//2771 
f 2769//2769 2768//2768 2770//2770 
f 2772//2772 2773//2773 2774//2774 
f 2772//2772 2771//2771 2773//2773 
f 2775//2775 2776//2776 2777//2777 
f 2775//2775 2778//2778 2776//2776 
f 2775//2775 2774//2774 2778//2778 
f 2779//2779 2780//2780 2781//2781 
f 2780//2780 2777//2777 2781//2781 
f 2781//2781 2782//2782 2779//2779 
f 2777//2777 2780//2780 2775//2775 
f 2774//2774 2775//2775 2772//2772 
f 2771//2771 2772//2772 2769//2769 
f 2768//2768 2769//2769 2766//2766 
f 2765//2765 2766//2766 2763//2763 
f 2762//2762 2763//2763 2760//2760 
f 2759//2759 2760//2760 2758//2758 
f 2756//2756 2758//2758 2754//2754 
v 0.119 0.0418707 -0.027 
v 0.123985 0.0419636 -0.0271588 
v 0.123965 0.0419796 -0.0271862 
v 0.124097 0.0418707 -0.027 
v 0.119 0.0419796 -0.0271862 
v 0.123848 0.0420683 -0.0273828 
v 0.119 0.0420683 -0.0273828 
v 0.123796 0.0421045 -0.0274837 
v 0.123747 0.0421357 -0.0275876 
v 0.119 0.0421357 -0.0275876 
v 0.123703 0.0421611 -0.0276915 
v 0.123663 0.0421792 -0.0277988 
v 0.119 0.0421813 -0.0277985 
v 0.123634 0.0421925 -0.0278782 
v 0.123593 0.0422044 -0.0280129 
v 0.119 0.0422044 -0.0280129 
v 0.123565 0.0422074 -0.0281204 
v 0.123541 0.0422048 -0.0282286 
v 0.119 0.0422048 -0.0282286 
v 0.123522 0.0421965 -0.0283355 
v 0.123507 0.0421824 -0.0284431 
v 0.119 0.0421824 -0.0284431 
v 0.123494 0.0421563 -0.0285789 
v 0.12349 0.0421377 -0.0286541 
v 0.119 0.0421377 -0.0286541 
v 0.123489 0.042107 -0.0287574 
v 0.119 0.0420709 -0.0288592 
v 0.123491 0.0420709 -0.0288592 
vn 1.68421e-16 0.835393 0.549653 
vn 0 0.881416 0.472341 
vn 0 0.888621 0.458642 
vn 2.11999e-16 0.835393 0.549653 
vn 0 0.888621 0.458642 
vn 0 0.931971 0.362533 
vn 0 0.931971 0.362533 
vn 0 0.949688 0.313199 
vn 0 0.964961 0.262393 
vn 0 0.964961 0.262393 
vn 0 0.977354 0.211611 
vn 0 0.987225 0.15933 
vn 9.01818e-17 0.987224 0.159337 
vn 0 0.992728 0.12038 
vn 0 0.998513 0.054509 
vn 0 0.998513 0.054509 
vn 0 0.999998 0.00197093 
vn 0 0.998702 -0.0509246 
vn 0 0.998702 -0.0509246 
vn 0 0.994663 -0.103179 
vn 0 0.98779 -0.155792 
vn 0 0.98779 -0.155792 
vn 0 0.975012 -0.222151 
vn 0 0.965897 -0.258928 
vn 0 0.965897 -0.258928 
vn 0 0.950927 -0.309414 
vn -2.79484e-17 0.933266 -0.359185 
vn -2.79484e-17 0.933266 -0.359185 
f 2783//2783 2784//2784 2785//2785 
f 2783//2783 2786//2786 2784//2784 
f 2787//2787 2785//2785 2788//2788 
f 2789//2789 2790//2790 2791//2791 
f 2789//2789 2788//2788 2790//2790 
f 2792//2792 2793//2793 2794//2794 
f 2792//2792 2791//2791 2793//2793 
f 2795//2795 2796//2796 2797//2797 
f 2795//2795 2794//2794 2796//2796 
f 2798//2798 2799//2799 2800//2800 
f 2798//2798 2797//2797 2799//2799 
f 2801//2801 2802//2802 2803//2803 
f 2801//2801 2800//2800 2802//2802 
f 2804//2804 2805//2805 2806//2806 
f 2804//2804 2803//2803 2805//2805 
f 2807//2807 2806//2806 2808//2808 
f 2808//2808 2809//2809 2807//2807 
f 2808//2808 2810//2810 2809//2809 
f 2806//2806 2807//2807 2804//2804 
f 2803//2803 2804//2804 2801//2801 
f 2800//2800 2801//2801 2798//2798 
f 2797//2797 2798//2798 2795//2795 
f 2794//2794 2795//2795 2792//2792 
f 2791//2791 2792//2792 2789//2789 
f 2788//2788 2789//2789 2787//2787 
f 2785//2785 2787//2787 2783//2783 
v 0.1235 0.0420468 0.0289219 
v 0.1265 0.0399869 0.0259219 
v 0.1265 0.0422297 0.0200944 
v 0.1235 0.0465988 0.0170944 
vn 0.707107 0.659919 0.253982 
vn 0.707107 0.659919 0.253982 
vn 0.707107 0.659919 0.253982 
vn 0.707107 0.659919 0.253982 
f 2811//2811 2812//2812 2813//2813 
f 2813//2813 2814//2814 2811//2811 
v 0.1235 0.0420468 0.0289219 
v 0.1235 0.0465988 0.0170944 
v 0.119 0.0466893 0.0168592 
v 0.106 0.0419272 0.0292327 
v 0.106 0.0471327 0.0157073 
v 0.123493 0.0419272 0.0292327 
v 0.123495 0.0466893 0.0168592 
v 0.119 0.0471327 0.0157073 
vn 1.31562e-16 0.933266 0.359185 
vn 1.31562e-16 0.933266 0.359185 
vn 1.31562e-16 0.933266 0.359185 
vn 1.31562e-16 0.933266 0.359185 
vn 1.31562e-16 0.933266 0.359185 
vn 1.31562e-16 0.933266 0.359185 
vn 1.31562e-16 0.933266 0.359185 
vn 1.31562e-16 0.933266 0.359185 
f 2815//2815 2816//2816 2817//2817 
f 2817//2817 2818//2818 2815//2815 
f 2819//2819 2818//2818 2817//2817 
f 2818//2818 2820//2820 2815//2815 
f 2816//2816 2821//2821 2817//2817 
f 2817//2817 2822//2822 2819//2819 
v 0.119 0.0467225 0.0167568 
v 0.119 0.0466893 0.0168592 
v 0.123494 0.0467074 0.0168082 
v 0.123495 0.0466893 0.0168592 
v 0.119 0.0467445 0.0166515 
v 0.123495 0.0467225 0.0167568 
v 0.123498 0.046735 0.0167044 
v 0.119 0.0467551 0.0165443 
v 0.123503 0.0467445 0.0166515 
v 0.123515 0.046754 0.0165644 
v 0.119 0.0467541 0.0164367 
v 0.123519 0.0467551 0.0165443 
v 0.123529 0.046756 0.0164903 
v 0.119 0.0467415 0.0163298 
v 0.123541 0.0467541 0.0164367 
v 0.123554 0.0467492 0.016383 
v 0.119 0.0467175 0.0162249 
v 0.123569 0.0467415 0.0163298 
v 0.123585 0.0467308 0.0162768 
v 0.119 0.0466824 0.0161232 
v 0.123602 0.0467175 0.0162249 
v 0.123627 0.0466938 0.0161563 
v 0.119 0.0466365 0.0160258 
v 0.123639 0.0466824 0.0161232 
v 0.119 0.0465804 0.015934 
v 0.123679 0.0466365 0.0160258 
v 0.119 0.0465148 0.0158486 
v 0.123723 0.0465804 0.015934 
v 0.119 0.0464404 0.0157709 
v 0.123769 0.0465148 0.0158486 
v 0.123784 0.046492 0.0158247 
v 0.119 0.0463581 0.0157015 
v 0.123817 0.0464404 0.0157709 
v 0.119 0.0462688 0.0156415 
v 0.123867 0.0463581 0.0157015 
v 0.119 0.0461736 0.0155913 
v 0.123919 0.0462688 0.0156415 
v 0.119 0.0460735 0.0155517 
v 0.123973 0.0461736 0.0155913 
v 0.12399 0.046142 0.0155788 
v 0.119 0.0459698 0.0155231 
v 0.124028 0.0460735 0.0155517 
v 0.119 0.0458635 0.0155058 
v 0.124085 0.0459698 0.0155231 
v 0.119 0.0457561 0.0155 
v 0.124143 0.0458635 0.0155058 
v 0.124202 0.0457561 0.0155 
vn 1.10672e-16 0.966463 0.256807 
vn 1.31562e-16 0.933266 0.359185 
vn 0 0.951307 0.308246 
vn 0 0.933266 0.359185 
vn 8.85005e-17 0.988464 0.151455 
vn 0 0.966463 0.256807 
vn 0 0.978891 0.204385 
vn 6.53038e-17 0.999016 0.0443482 
vn 0 0.988464 0.151455 
vn 0 0.997922 0.0644282 
vn 4.13507e-17 0.997996 -0.0632722 
vn 0 0.999016 0.0443482 
vn 0 0.999953 -0.00973258 
vn 1.69185e-17 0.985416 -0.17016 
vn 0 0.997996 -0.0632722 
vn 0 0.993136 -0.116968 
vn -7.70954e-18 0.961422 -0.275076 
vn 0 0.985416 -0.17016 
vn 0 0.974782 -0.223161 
vn -3.22483e-17 0.926292 -0.376807 
vn 0 0.961422 -0.275076 
vn 0 0.938934 -0.344096 
vn -5.64136e-17 0.880432 -0.474172 
vn 0 0.926292 -0.376807 
vn -7.99254e-17 0.824374 -0.566045 
vn 0 0.880432 -0.474172 
vn -1.02511e-16 0.758767 -0.651362 
vn 0 0.824374 -0.566045 
vn -1.2391e-16 0.684371 -0.729134 
vn 0 0.758767 -0.651362 
vn 0 0.736807 -0.676103 
vn -1.43873e-16 0.602048 -0.79846 
vn 0 0.684371 -0.729134 
vn -1.6217e-16 0.512751 -0.858537 
vn 0 0.602048 -0.79846 
vn -1.78589e-16 0.417515 -0.90867 
vn 0 0.512751 -0.858537 
vn -1.92938e-16 0.317443 -0.948277 
vn 0 0.417515 -0.90867 
vn 0 0.386456 -0.922308 
vn -2.05053e-16 0.213694 -0.976901 
vn 0 0.317443 -0.948277 
vn -2.14793e-16 0.107469 -0.994208 
vn -4.33681e-16 0.213694 -0.976901 
vn -2.22045e-16 -9.71331e-14 -1 
vn -4.33681e-16 0.107469 -0.994208 
vn -2.22045e-16 -9.71331e-14 -1 
f 2823//2823 2824//2824 2825//2825 
f 2824//2824 2826//2826 2825//2825 
f 2827//2827 2823//2823 2828//2828 
f 2828//2828 2829//2829 2827//2827 
f 2830//2830 2827//2827 2831//2831 
f 2831//2831 2832//2832 2830//2830 
f 2833//2833 2830//2830 2834//2834 
f 2834//2834 2835//2835 2833//2833 
f 2836//2836 2833//2833 2837//2837 
f 2837//2837 2838//2838 2836//2836 
f 2839//2839 2836//2836 2840//2840 
f 2840//2840 2841//2841 2839//2839 
f 2842//2842 2839//2839 2843//2843 
f 2843//2843 2844//2844 2842//2842 
f 2845//2845 2842//2842 2846//2846 
f 2847//2847 2845//2845 2848//2848 
f 2849//2849 2847//2847 2850//2850 
f 2851//2851 2849//2849 2852//2852 
f 2852//2852 2853//2853 2851//2851 
f 2854//2854 2851//2851 2855//2855 
f 2856//2856 2854//2854 2857//2857 
f 2858//2858 2856//2856 2859//2859 
f 2860//2860 2858//2858 2861//2861 
f 2861//2861 2862//2862 2860//2860 
f 2863//2863 2860//2860 2864//2864 
f 2865//2865 2863//2863 2866//2866 
f 2867//2867 2865//2865 2868//2868 
f 2868//2868 2869//2869 2867//2867 
f 2866//2866 2868//2868 2865//2865 
f 2864//2864 2866//2866 2863//2863 
f 2862//2862 2864//2864 2860//2860 
f 2859//2859 2861//2861 2858//2858 
f 2857//2857 2859//2859 2856//2856 
f 2855//2855 2857//2857 2854//2854 
f 2853//2853 2855//2855 2851//2851 
f 2850//2850 2852//2852 2849//2849 
f 2848//2848 2850//2850 2847//2847 
f 2846//2846 2848//2848 2845//2845 
f 2844//2844 2846//2846 2842//2842 
f 2841//2841 2843//2843 2839//2839 
f 2838//2838 2840//2840 2836//2836 
f 2835//2835 2837//2837 2833//2833 
f 2832//2832 2834//2834 2830//2830 
f 2829//2829 2831//2831 2827//2827 
f 2825//2825 2828//2828 2823//2823 
v 0.12575 0.0406823 0.0155 
v 0.12572 0.0412989 0.0155 
v 0.1265 0.0401624 0.0162804 
v 0.1265 0.0398821 0.0162576 
v 0.1265 0.0406843 0.0163713 
v 0.1265 0.04043 0.0163183 
v 0.125629 0.0419532 0.0155 
v 0.1265 0.0411501 0.0165216 
v 0.1265 0.0409245 0.0164391 
v 0.125478 0.042638 0.0155 
v 0.1265 0.041555 0.0167299 
v 0.1265 0.0413605 0.0166187 
v 0.12527 0.0433462 0.0155 
v 0.1265 0.0418944 0.0169938 
v 0.1265 0.0417331 0.0168551 
v 0.125006 0.0440699 0.0155 
v 0.1265 0.0421648 0.0173105 
v 0.1265 0.0420384 0.0171457 
v 0.12469 0.0448015 0.0155 
v 0.1265 0.0422732 0.0174876 
v 0.124316 0.0455323 0.0155 
v 0.1265 0.0423632 0.0176766 
v 0.1265 0.0424348 0.017877 
v 0.124143 0.0458635 0.0155058 
v 0.124085 0.0459698 0.0155231 
v 0.124028 0.0460735 0.0155517 
v 0.124202 0.0457561 0.0155 
v 0.12399 0.046142 0.0155788 
v 0.1265 0.0424876 0.0180882 
v 0.1265 0.0425216 0.0183096 
v 0.123867 0.0463581 0.0157015 
v 0.123817 0.0464404 0.0157709 
v 0.123973 0.0461736 0.0155913 
v 0.123919 0.0462688 0.0156415 
v 0.123784 0.046492 0.0158247 
v 0.1265 0.0425365 0.0185408 
v 0.1265 0.0425325 0.018781 
v 0.123679 0.0466365 0.0160258 
v 0.123639 0.0466824 0.0161232 
v 0.123723 0.0465804 0.015934 
v 0.123769 0.0465148 0.0158486 
v 0.123627 0.0466938 0.0161563 
v 0.1265 0.0425095 0.0190296 
v 0.123515 0.046754 0.0165644 
v 0.1265 0.0424676 0.0192859 
v 0.123541 0.0467541 0.0164367 
v 0.123529 0.046756 0.0164903 
v 0.123554 0.0467492 0.016383 
v 0.123569 0.0467415 0.0163298 
v 0.123585 0.0467308 0.0162768 
v 0.123602 0.0467175 0.0162249 
v 0.123519 0.0467551 0.0165443 
v 0.1265 0.0424069 0.0195493 
v 0.123495 0.0466893 0.0168592 
v 0.1235 0.0465988 0.0170944 
v 0.123495 0.0467225 0.0167568 
v 0.123494 0.0467074 0.0168082 
v 0.123498 0.046735 0.0167044 
v 0.123503 0.0467445 0.0166515 
v 0.1265 0.0422297 0.0200944 
v 0.1265 0.0423275 0.019819 
v 0.1265 0.03959 0.01625 
vn 0.707107 -2.60209e-14 -0.707107 
vn 0.755828 0.0721265 -0.650785 
vn 0.755828 0.0721265 -0.650785 
vn 0.732452 0.0361118 -0.67986 
vn 0.796426 0.143478 -0.587469 
vn 0.777172 0.107947 -0.61996 
vn 0.796426 0.143478 -0.587469 
vn 0.828464 0.213287 -0.517838 
vn 0.813539 0.178622 -0.553398 
vn 0.828464 0.213287 -0.517838 
vn 0.851597 0.280804 -0.442642 
vn 0.841161 0.247378 -0.480887 
vn 0.851597 0.280804 -0.442642 
vn 0.865577 0.345302 -0.362688 
vn 0.859743 0.313474 -0.403207 
vn 0.865577 0.345302 -0.362688 
vn 0.870254 0.406089 -0.278836 
vn 0.869084 0.376202 -0.321194 
vn 0.870254 0.406089 -0.278836 
vn 0.869084 0.434885 -0.235728 
vn 0.865573 0.462535 -0.191949 
vn 0.865577 0.462512 -0.191987 
vn 0.859743 0.488895 -0.147729 
vn 0.860212 0.487146 -0.150745 
vn 0.857575 0.496443 -0.134568 
vn 0.854291 0.50656 -0.116549 
vn 0.862278 0.478826 -0.164929 
vn 0.851597 0.513963 -0.103074 
vn 0.851597 0.513963 -0.103074 
vn 0.841161 0.53765 -0.0581421 
vn 0.8399 0.54012 -0.0532831 
vn 0.833449 0.551791 -0.029834 
vn 0.850287 0.517329 -0.0968631 
vn 0.845505 0.528574 -0.0757032 
vn 0.828464 0.559891 -0.0130533 
vn 0.828464 0.55989 -0.0130537 
vn 0.813539 0.580626 0.0320698 
vn 0.809172 0.585911 0.0441339 
vn 0.799639 0.596495 0.0690807 
vn 0.818041 0.574842 0.0191436 
vn 0.826153 0.563419 -0.00560416 
vn 0.796426 0.5998 0.0771067 
vn 0.796426 0.5998 0.0771071 
vn 0.755828 0.633263 0.166439 
vn 0.777172 0.617361 0.121937 
vn 0.768442 0.624257 0.14071 
vn 0.763129 0.62818 0.151737 
vn 0.773793 0.620101 0.129306 
vn 0.779102 0.615755 0.117667 
vn 0.784392 0.611188 0.105727 
vn 0.789563 0.606475 0.093691 
vn 0.757796 0.631926 0.162525 
vn 0.755828 0.633263 0.166439 
vn 0.728369 0.649656 0.217773 
vn 0.707107 0.659919 0.253982 
vn 0.737505 0.644635 0.201325 
vn 0.732844 0.647247 0.20979 
vn 0.742378 0.641789 0.192307 
vn 0.7474 0.638725 0.182822 
vn 0.707107 0.659919 0.253982 
vn 0.732452 0.647461 0.210494 
vn 0.707107 3.90313e-15 -0.707107 
f 2870//2870 2871//2871 2872//2872 
f 2872//2872 2873//2873 2870//2870 
f 2874//2874 2875//2875 2871//2871 
f 2871//2871 2876//2876 2874//2874 
f 2877//2877 2878//2878 2876//2876 
f 2876//2876 2879//2879 2877//2877 
f 2880//2880 2881//2881 2879//2879 
f 2879//2879 2882//2882 2880//2880 
f 2883//2883 2884//2884 2882//2882 
f 2882//2882 2885//2885 2883//2883 
f 2886//2886 2887//2887 2885//2885 
f 2885//2885 2888//2888 2886//2886 
f 2889//2889 2886//2886 2888//2888 
f 2890//2890 2891//2891 2889//2889 
f 2892//2892 2893//2893 2894//2894 
f 2894//2894 2895//2895 2892//2892 
f 2892//2892 2896//2896 2893//2893 
f 2892//2892 2891//2891 2890//2890 
f 2890//2890 2896//2896 2892//2892 
f 2897//2897 2898//2898 2892//2892 
f 2899//2899 2900//2900 2901//2901 
f 2899//2899 2898//2898 2897//2897 
f 2897//2897 2902//2902 2899//2899 
f 2902//2902 2903//2903 2899//2899 
f 2903//2903 2900//2900 2899//2899 
f 2904//2904 2905//2905 2899//2899 
f 2906//2906 2907//2907 2908//2908 
f 2906//2906 2909//2909 2907//2907 
f 2906//2906 2910//2910 2909//2909 
f 2910//2910 2906//2906 2905//2905 
f 2905//2905 2904//2904 2910//2910 
f 2911//2911 2912//2912 2906//2906 
f 2913//2913 2914//2914 2912//2912 
f 2912//2912 2915//2915 2916//2916 
f 2912//2912 2917//2917 2915//2915 
f 2912//2912 2918//2918 2917//2917 
f 2912//2912 2919//2919 2918//2918 
f 2912//2912 2911//2911 2920//2920 
f 2920//2920 2919//2919 2912//2912 
f 2916//2916 2921//2921 2912//2912 
f 2913//2913 2922//2922 2914//2914 
f 2922//2922 2923//2923 2924//2924 
f 2922//2922 2925//2925 2926//2926 
f 2922//2922 2927//2927 2925//2925 
f 2922//2922 2913//2913 2928//2928 
f 2928//2928 2927//2927 2922//2922 
f 2926//2926 2923//2923 2922//2922 
f 2924//2924 2929//2929 2930//2930 
f 2924//2924 2930//2930 2922//2922 
f 2912//2912 2921//2921 2913//2913 
f 2908//2908 2911//2911 2906//2906 
f 2901//2901 2904//2904 2899//2899 
f 2895//2895 2897//2897 2892//2892 
f 2888//2888 2890//2890 2889//2889 
f 2887//2887 2883//2883 2885//2885 
f 2884//2884 2880//2880 2882//2882 
f 2881//2881 2877//2877 2879//2879 
f 2878//2878 2874//2874 2876//2876 
f 2875//2875 2872//2872 2871//2871 
f 2873//2873 2931//2931 2870//2870 
v 0.119 0.0457561 0.0155 
v 0.125629 0.0419532 0.0155 
v 0.12572 0.0412989 0.0155 
v 0.125478 0.042638 0.0155 
v 0.12527 0.0433462 0.0155 
v 0.125006 0.0440699 0.0155 
v 0.124316 0.0455323 0.0155 
v 0.12469 0.0448015 0.0155 
v 0.119 0.016 0.0155 
v 0.12575 0.0406823 0.0155 
v 0.124202 0.0457561 0.0155 
v 0.12575 0.016 0.0155 
vn -2.22045e-16 0 -1 
vn -2.22045e-16 0 -1 
vn -2.22045e-16 0 -1 
vn -2.22045e-16 0 -1 
vn -2.22045e-16 0 -1 
vn -2.22045e-16 0 -1 
vn -2.22045e-16 0 -1 
vn -2.22045e-16 0 -1 
vn -2.22045e-16 0 -1 
vn -2.22045e-16 0 -1 
vn -2.22045e-16 0 -1 
vn -2.22045e-16 0 -1 
f 2932//2932 2933//2933 2934//2934 
f 2932//2932 2935//2935 2933//2933 
f 2932//2932 2936//2936 2935//2935 
f 2932//2932 2937//2937 2936//2936 
f 2932//2932 2938//2938 2939//2939 
f 2940//2940 2932//2932 2941//2941 
f 2939//2939 2937//2937 2932//2932 
f 2934//2934 2941//2941 2932//2932 
f 2932//2932 2942//2942 2938//2938 
f 2941//2941 2943//2943 2940//2940 
v 0.1235 -0.0420468 -0.0289219 
v 0.1265 -0.0399869 -0.0259219 
v 0.1265 -0.0422297 -0.0200944 
v 0.1235 -0.0465988 -0.0170944 
vn 0.707107 -0.659919 -0.253982 
vn 0.707107 -0.659919 -0.253982 
vn 0.707107 -0.659919 -0.253982 
vn 0.707107 -0.659919 -0.253982 
f 2944//2944 2945//2945 2946//2946 
f 2946//2946 2947//2947 2944//2944 
v 0.1235 -0.0420468 -0.0289219 
v 0.1235 -0.0465988 -0.0170944 
v 0.119 -0.0466893 -0.0168592 
v 0.106 -0.0419272 -0.0292327 
v 0.106 -0.0471327 -0.0157073 
v 0.123493 -0.0419272 -0.0292327 
v 0.123495 -0.0466893 -0.0168592 
v 0.119 -0.0471327 -0.0157073 
vn -1.31562e-16 -0.933266 -0.359185 
vn -1.31562e-16 -0.933266 -0.359185 
vn -1.31562e-16 -0.933266 -0.359185 
vn -1.31562e-16 -0.933266 -0.359185 
vn -1.31562e-16 -0.933266 -0.359185 
vn -1.31562e-16 -0.933266 -0.359185 
vn -1.31562e-16 -0.933266 -0.359185 
vn -1.31562e-16 -0.933266 -0.359185 
f 2948//2948 2949//2949 2950//2950 
f 2950//2950 2951//2951 2948//2948 
f 2952//2952 2951//2951 2950//2950 
f 2951//2951 2953//2953 2948//2948 
f 2949//2949 2954//2954 2950//2950 
f 2950//2950 2955//2955 2952//2952 
v 0.119 -0.0467225 -0.0167568 
v 0.119 -0.0466893 -0.0168592 
v 0.123494 -0.0467074 -0.0168082 
v 0.123495 -0.0466893 -0.0168592 
v 0.119 -0.0467445 -0.0166515 
v 0.123495 -0.0467225 -0.0167568 
v 0.123498 -0.046735 -0.0167044 
v 0.119 -0.0467551 -0.0165443 
v 0.123503 -0.0467445 -0.0166515 
v 0.123515 -0.046754 -0.0165644 
v 0.119 -0.0467541 -0.0164367 
v 0.123519 -0.0467551 -0.0165443 
v 0.123529 -0.046756 -0.0164903 
v 0.119 -0.0467415 -0.0163298 
v 0.123541 -0.0467541 -0.0164367 
v 0.123554 -0.0467492 -0.016383 
v 0.119 -0.0467175 -0.0162249 
v 0.123569 -0.0467415 -0.0163298 
v 0.123585 -0.0467308 -0.0162768 
v 0.119 -0.0466824 -0.0161232 
v 0.123602 -0.0467175 -0.0162249 
v 0.123627 -0.0466938 -0.0161563 
v 0.119 -0.0466365 -0.0160258 
v 0.123639 -0.0466824 -0.0161232 
v 0.119 -0.0465804 -0.015934 
v 0.123679 -0.0466365 -0.0160258 
v 0.119 -0.0465148 -0.0158486 
v 0.123723 -0.0465804 -0.015934 
v 0.119 -0.0464404 -0.0157709 
v 0.123769 -0.0465148 -0.0158486 
v 0.123784 -0.046492 -0.0158247 
v 0.119 -0.0463581 -0.0157015 
v 0.123817 -0.0464404 -0.0157709 
v 0.119 -0.0462688 -0.0156415 
v 0.123867 -0.0463581 -0.0157015 
v 0.119 -0.0461736 -0.0155913 
v 0.123919 -0.0462688 -0.0156415 
v 0.119 -0.0460735 -0.0155517 
v 0.123973 -0.0461736 -0.0155913 
v 0.12399 -0.046142 -0.0155788 
v 0.119 -0.0459698 -0.0155231 
v 0.124028 -0.0460735 -0.0155517 
v 0.119 -0.0458635 -0.0155058 
v 0.124085 -0.0459698 -0.0155231 
v 0.119 -0.0457561 -0.0155 
v 0.124143 -0.0458635 -0.0155058 
v 0.124202 -0.0457561 -0.0155 
vn -1.10672e-16 -0.966463 -0.256807 
vn -1.31562e-16 -0.933266 -0.359185 
vn 0 -0.951307 -0.308246 
vn 0 -0.933266 -0.359185 
vn -8.85005e-17 -0.988464 -0.151455 
vn 0 -0.966463 -0.256807 
vn 0 -0.978891 -0.204385 
vn -6.53038e-17 -0.999016 -0.0443482 
vn 0 -0.988464 -0.151455 
vn 0 -0.997922 -0.0644282 
vn -4.13507e-17 -0.997996 0.0632722 
vn 0 -0.999016 -0.0443482 
vn 0 -0.999953 0.00973258 
vn -1.69185e-17 -0.985416 0.17016 
vn 0 -0.997996 0.0632722 
vn 0 -0.993136 0.116968 
vn 7.70954e-18 -0.961422 0.275076 
vn 0 -0.985416 0.17016 
vn 0 -0.974782 0.223161 
vn 3.22483e-17 -0.926292 0.376807 
vn 0 -0.961422 0.275076 
vn 0 -0.938934 0.344096 
vn 5.64136e-17 -0.880432 0.474172 
vn 0 -0.926292 0.376807 
vn 7.99254e-17 -0.824374 0.566045 
vn 0 -0.880432 0.474172 
vn 1.02511e-16 -0.758767 0.651362 
vn 0 -0.824374 0.566045 
vn 1.2391e-16 -0.684371 0.729134 
vn 0 -0.758767 0.651362 
vn 0 -0.736807 0.676103 
vn 1.43873e-16 -0.602048 0.79846 
vn 0 -0.684371 0.729134 
vn 1.6217e-16 -0.512751 0.858537 
vn 0 -0.602048 0.79846 
vn 1.78589e-16 -0.417515 0.90867 
vn 0 -0.512751 0.858537 
vn 1.92938e-16 -0.317443 0.948277 
vn 0 -0.417515 0.90867 
vn 0 -0.386456 0.922308 
vn 2.05053e-16 -0.213694 0.976901 
vn 0 -0.317443 0.948277 
vn 2.14793e-16 -0.107469 0.994208 
vn 4.33681e-16 -0.213694 0.976901 
vn 2.22045e-16 4.14995e-14 1 
vn 4.33681e-16 -0.107469 0.994208 
vn 2.22045e-16 4.14995e-14 1 
f 2956//2956 2957//2957 2958//2958 
f 2957//2957 2959//2959 2958//2958 
f 2960//2960 2956//2956 2961//2961 
f 2961//2961 2962//2962 2960//2960 
f 2963//2963 2960//2960 2964//2964 
f 2964//2964 2965//2965 2963//2963 
f 2966//2966 2963//2963 2967//2967 
f 2967//2967 2968//2968 2966//2966 
f 2969//2969 2966//2966 2970//2970 
f 2970//2970 2971//2971 2969//2969 
f 2972//2972 2969//2969 2973//2973 
f 2973//2973 2974//2974 2972//2972 
f 2975//2975 2972//2972 2976//2976 
f 2976//2976 2977//2977 2975//2975 
f 2978//2978 2975//2975 2979//2979 
f 2980//2980 2978//2978 2981//2981 
f 2982//2982 2980//2980 2983//2983 
f 2984//2984 2982//2982 2985//2985 
f 2985//2985 2986//2986 2984//2984 
f 2987//2987 2984//2984 2988//2988 
f 2989//2989 2987//2987 2990//2990 
f 2991//2991 2989//2989 2992//2992 
f 2993//2993 2991//2991 2994//2994 
f 2994//2994 2995//2995 2993//2993 
f 2996//2996 2993//2993 2997//2997 
f 2998//2998 2996//2996 2999//2999 
f 3000//3000 2998//2998 3001//3001 
f 3001//3001 3002//3002 3000//3000 
f 2999//2999 3001//3001 2998//2998 
f 2997//2997 2999//2999 2996//2996 
f 2995//2995 2997//2997 2993//2993 
f 2992//2992 2994//2994 2991//2991 
f 2990//2990 2992//2992 2989//2989 
f 2988//2988 2990//2990 2987//2987 
f 2986//2986 2988//2988 2984//2984 
f 2983//2983 2985//2985 2982//2982 
f 2981//2981 2983//2983 2980//2980 
f 2979//2979 2981//2981 2978//2978 
f 2977//2977 2979//2979 2975//2975 
f 2974//2974 2976//2976 2972//2972 
f 2971//2971 2973//2973 2969//2969 
f 2968//2968 2970//2970 2966//2966 
f 2965//2965 2967//2967 2963//2963 
f 2962//2962 2964//2964 2960//2960 
f 2958//2958 2961//2961 2956//2956 
v 0.12575 -0.0406823 -0.0155 
v 0.12572 -0.0412989 -0.0155 
v 0.1265 -0.0401624 -0.0162804 
v 0.1265 -0.0398821 -0.0162576 
v 0.1265 -0.0406843 -0.0163713 
v 0.1265 -0.04043 -0.0163183 
v 0.125629 -0.0419532 -0.0155 
v 0.1265 -0.0411501 -0.0165216 
v 0.1265 -0.0409245 -0.0164391 
v 0.125478 -0.042638 -0.0155 
v 0.1265 -0.041555 -0.0167299 
v 0.1265 -0.0413605 -0.0166187 
v 0.12527 -0.0433462 -0.0155 
v 0.1265 -0.0418944 -0.0169938 
v 0.1265 -0.0417331 -0.0168551 
v 0.125006 -0.0440699 -0.0155 
v 0.1265 -0.0421648 -0.0173105 
v 0.1265 -0.0420384 -0.0171457 
v 0.12469 -0.0448015 -0.0155 
v 0.1265 -0.0422732 -0.0174876 
v 0.124316 -0.0455323 -0.0155 
v 0.1265 -0.0423632 -0.0176766 
v 0.1265 -0.0424348 -0.017877 
v 0.124143 -0.0458635 -0.0155058 
v 0.124085 -0.0459698 -0.0155231 
v 0.124028 -0.0460735 -0.0155517 
v 0.124202 -0.0457561 -0.0155 
v 0.12399 -0.046142 -0.0155788 
v 0.1265 -0.0424876 -0.0180882 
v 0.1265 -0.0425216 -0.0183096 
v 0.123867 -0.0463581 -0.0157015 
v 0.123817 -0.0464404 -0.0157709 
v 0.123973 -0.0461736 -0.0155913 
v 0.123919 -0.0462688 -0.0156415 
v 0.123784 -0.046492 -0.0158247 
v 0.1265 -0.0425365 -0.0185408 
v 0.1265 -0.0425325 -0.018781 
v 0.123679 -0.0466365 -0.0160258 
v 0.123639 -0.0466824 -0.0161232 
v 0.123723 -0.0465804 -0.015934 
v 0.123769 -0.0465148 -0.0158486 
v 0.123627 -0.0466938 -0.0161563 
v 0.1265 -0.0425095 -0.0190296 
v 0.123515 -0.046754 -0.0165644 
v 0.1265 -0.0424676 -0.0192859 
v 0.123541 -0.0467541 -0.0164367 
v 0.123529 -0.046756 -0.0164903 
v 0.123554 -0.0467492 -0.016383 
v 0.123569 -0.0467415 -0.0163298 
v 0.123585 -0.0467308 -0.0162768 
v 0.123602 -0.0467175 -0.0162249 
v 0.123519 -0.0467551 -0.0165443 
v 0.1265 -0.0424069 -0.0195493 
v 0.123495 -0.0466893 -0.0168592 
v 0.1235 -0.0465988 -0.0170944 
v 0.123495 -0.0467225 -0.0167568 
v 0.123494 -0.0467074 -0.0168082 
v 0.123498 -0.046735 -0.0167044 
v 0.123503 -0.0467445 -0.0166515 
v 0.1265 -0.0422297 -0.0200944 
v 0.1265 -0.0423275 -0.019819 
v 0.1265 -0.03959 -0.01625 
vn 0.707107 3.42608e-14 0.707107 
vn 0.755828 -0.0721265 0.650785 
vn 0.755828 -0.0721265 0.650785 
vn 0.732452 -0.0361118 0.67986 
vn 0.796426 -0.143478 0.587469 
vn 0.777172 -0.107947 0.61996 
vn 0.796426 -0.143478 0.587469 
vn 0.828464 -0.213287 0.517838 
vn 0.813539 -0.178622 0.553398 
vn 0.828464 -0.213287 0.517838 
vn 0.851597 -0.280804 0.442642 
vn 0.841161 -0.247378 0.480887 
vn 0.851597 -0.280804 0.442642 
vn 0.865577 -0.345302 0.362688 
vn 0.859743 -0.313474 0.403207 
vn 0.865577 -0.345302 0.362688 
vn 0.870254 -0.406089 0.278836 
vn 0.869084 -0.376202 0.321194 
vn 0.870254 -0.406089 0.278836 
vn 0.869084 -0.434885 0.235728 
vn 0.865573 -0.462535 0.191949 
vn 0.865577 -0.462512 0.191987 
vn 0.859743 -0.488895 0.147729 
vn 0.860212 -0.487146 0.150745 
vn 0.857575 -0.496443 0.134568 
vn 0.854291 -0.50656 0.116549 
vn 0.862278 -0.478826 0.164929 
vn 0.851597 -0.513963 0.103074 
vn 0.851597 -0.513963 0.103074 
vn 0.841161 -0.53765 0.0581421 
vn 0.8399 -0.54012 0.0532831 
vn 0.833449 -0.551791 0.029834 
vn 0.850287 -0.517329 0.0968631 
vn 0.845505 -0.528574 0.0757032 
vn 0.828464 -0.559891 0.0130533 
vn 0.828464 -0.55989 0.0130537 
vn 0.813539 -0.580626 -0.0320698 
vn 0.809172 -0.585911 -0.0441339 
vn 0.799639 -0.596495 -0.0690807 
vn 0.818041 -0.574842 -0.0191436 
vn 0.826153 -0.563419 0.00560416 
vn 0.796426 -0.5998 -0.0771067 
vn 0.796426 -0.5998 -0.0771071 
vn 0.755828 -0.633263 -0.166439 
vn 0.777172 -0.617361 -0.121937 
vn 0.768442 -0.624257 -0.14071 
vn 0.763129 -0.62818 -0.151737 
vn 0.773793 -0.620101 -0.129306 
vn 0.779102 -0.615755 -0.117667 
vn 0.784392 -0.611188 -0.105727 
vn 0.789563 -0.606475 -0.093691 
vn 0.757796 -0.631926 -0.162525 
vn 0.755828 -0.633263 -0.166439 
vn 0.728369 -0.649656 -0.217773 
vn 0.707107 -0.659919 -0.253982 
vn 0.737505 -0.644635 -0.201325 
vn 0.732844 -0.647247 -0.20979 
vn 0.742378 -0.641789 -0.192307 
vn 0.7474 -0.638725 -0.182822 
vn 0.707107 -0.659919 -0.253982 
vn 0.732452 -0.647461 -0.210494 
vn 0.707107 6.23416e-15 0.707107 
f 3003//3003 3004//3004 3005//3005 
f 3005//3005 3006//3006 3003//3003 
f 3007//3007 3008//3008 3004//3004 
f 3004//3004 3009//3009 3007//3007 
f 3010//3010 3011//3011 3009//3009 
f 3009//3009 3012//3012 3010//3010 
f 3013//3013 3014//3014 3012//3012 
f 3012//3012 3015//3015 3013//3013 
f 3016//3016 3017//3017 3015//3015 
f 3015//3015 3018//3018 3016//3016 
f 3019//3019 3020//3020 3018//3018 
f 3018//3018 3021//3021 3019//3019 
f 3022//3022 3019//3019 3021//3021 
f 3023//3023 3024//3024 3022//3022 
f 3025//3025 3026//3026 3027//3027 
f 3027//3027 3028//3028 3025//3025 
f 3025//3025 3029//3029 3026//3026 
f 3025//3025 3024//3024 3023//3023 
f 3023//3023 3029//3029 3025//3025 
f 3030//3030 3031//3031 3025//3025 
f 3032//3032 3033//3033 3034//3034 
f 3032//3032 3031//3031 3030//3030 
f 3030//3030 3035//3035 3032//3032 
f 3035//3035 3036//3036 3032//3032 
f 3036//3036 3033//3033 3032//3032 
f 3037//3037 3038//3038 3032//3032 
f 3039//3039 3040//3040 3041//3041 
f 3039//3039 3042//3042 3040//3040 
f 3039//3039 3043//3043 3042//3042 
f 3043//3043 3039//3039 3038//3038 
f 3038//3038 3037//3037 3043//3043 
f 3044//3044 3045//3045 3039//3039 
f 3046//3046 3047//3047 3045//3045 
f 3045//3045 3048//3048 3049//3049 
f 3045//3045 3050//3050 3048//3048 
f 3045//3045 3051//3051 3050//3050 
f 3045//3045 3052//3052 3051//3051 
f 3045//3045 3044//3044 3053//3053 
f 3053//3053 3052//3052 3045//3045 
f 3049//3049 3054//3054 3045//3045 
f 3046//3046 3055//3055 3047//3047 
f 3055//3055 3056//3056 3057//3057 
f 3055//3055 3058//3058 3059//3059 
f 3055//3055 3060//3060 3058//3058 
f 3055//3055 3046//3046 3061//3061 
f 3061//3061 3060//3060 3055//3055 
f 3059//3059 3056//3056 3055//3055 
f 3057//3057 3062//3062 3063//3063 
f 3057//3057 3063//3063 3055//3055 
f 3045//3045 3054//3054 3046//3046 
f 3041//3041 3044//3044 3039//3039 
f 3034//3034 3037//3037 3032//3032 
f 3028//3028 3030//3030 3025//3025 
f 3021//3021 3023//3023 3022//3022 
f 3020//3020 3016//3016 3018//3018 
f 3017//3017 3013//3013 3015//3015 
f 3014//3014 3010//3010 3012//3012 
f 3011//3011 3007//3007 3009//3009 
f 3008//3008 3005//3005 3004//3004 
f 3006//3006 3064//3064 3003//3003 
v 0.119 -0.0457561 -0.0155 
v 0.125629 -0.0419532 -0.0155 
v 0.12572 -0.0412989 -0.0155 
v 0.125478 -0.042638 -0.0155 
v 0.12527 -0.0433462 -0.0155 
v 0.125006 -0.0440699 -0.0155 
v 0.124316 -0.0455323 -0.0155 
v 0.12469 -0.0448015 -0.0155 
v 0.119 -0.016 -0.0155 
v 0.12575 -0.0406823 -0.0155 
v 0.124202 -0.0457561 -0.0155 
v 0.12575 -0.016 -0.0155 
vn 2.22045e-16 -2.10846e-16 1 
vn 2.22045e-16 -2.10846e-16 1 
vn 2.22045e-16 -2.10846e-16 1 
vn 2.22045e-16 -2.10846e-16 1 
vn 2.22045e-16 -2.10846e-16 1 
vn 2.22045e-16 -2.10846e-16 1 
vn 2.22045e-16 -2.10846e-16 1 
vn 2.22045e-16 -2.10846e-16 1 
vn 2.22045e-16 -2.10846e-16 1 
vn 2.22045e-16 -2.10846e-16 1 
vn 2.22045e-16 -2.10846e-16 1 
vn 2.22045e-16 -2.10846e-16 1 
f 3065//3065 3066//3066 3067//3067 
f 3065//3065 3068//3068 3066//3066 
f 3065//3065 3069//3069 3068//3068 
f 3065//3065 3070//3070 3069//3069 
f 3065//3065 3071//3071 3072//3072 
f 3073//3073 3065//3065 3074//3074 
f 3072//3072 3070//3070 3065//3065 
f 3067//3067 3074//3074 3065//3065 
f 3065//3065 3075//3075 3071//3071 
f 3074//3074 3076//3076 3073//3073 
v 0.12575 -0.016 -0.0155 
v 0.12575 -0.0406823 -0.0155 
v 0.1265 -0.03959 -0.01625 
v 0.1265 -0.016 -0.01625 
vn 0.707107 6.23416e-15 0.707107 
vn 0.707107 6.23416e-15 0.707107 
vn 0.707107 6.23416e-15 0.707107 
vn 0.707107 6.23416e-15 0.707107 
f 3077//3077 3078//3078 3079//3079 
f 3079//3079 3080//3080 3077//3077 
v 0.119 -0.0156342 -0.0154808 
v 0.119 -0.016 -0.0155 
v 0.12575 -0.016 -0.0155 
v 0.119 -0.0152723 -0.0154235 
v 0.12575 -0.0156342 -0.0154808 
v 0.119 -0.0149184 -0.0153287 
v 0.12575 -0.0152723 -0.0154235 
v 0.119 -0.0145764 -0.0151974 
v 0.12575 -0.0149184 -0.0153287 
v 0.119 -0.01425 -0.0150311 
v 0.12575 -0.0145764 -0.0151974 
v 0.119 -0.0139428 -0.0148316 
v 0.12575 -0.01425 -0.0150311 
v 0.119 -0.013658 -0.014601 
v 0.12575 -0.0139428 -0.0148316 
v 0.119 -0.013399 -0.014342 
v 0.12575 -0.013658 -0.014601 
v 0.119 -0.0131684 -0.0140572 
v 0.12575 -0.013399 -0.014342 
v 0.119 -0.0129689 -0.01375 
v 0.12575 -0.0131684 -0.0140572 
v 0.119 -0.0128026 -0.0134236 
v 0.12575 -0.0129689 -0.01375 
v 0.119 -0.0126713 -0.0130816 
v 0.12575 -0.0128026 -0.0134236 
v 0.119 -0.0125765 -0.0127277 
v 0.12575 -0.0126713 -0.0130816 
v 0.119 -0.0125192 -0.0123658 
v 0.12575 -0.0125765 -0.0127277 
v 0.119 -0.0125 -0.012 
v 0.12575 -0.0125192 -0.0123658 
v 0.12575 -0.0125 -0.012 
vn 2.15026e-16 -0.104528 0.994522 
vn 2.22045e-16 -2.10846e-16 1 
vn 2.22045e-16 -2.10846e-16 1 
vn 2.05651e-16 -0.207912 0.978148 
vn 2.15026e-16 -0.104528 0.994522 
vn 1.94023e-16 -0.309017 0.951057 
vn 2.05651e-16 -0.207912 0.978148 
vn 1.80269e-16 -0.406737 0.913545 
vn 1.94023e-16 -0.309017 0.951057 
vn 1.64541e-16 -0.5 0.866025 
vn 1.80269e-16 -0.406737 0.913545 
vn 1.47009e-16 -0.587785 0.809017 
vn 1.64541e-16 -0.5 0.866025 
vn 1.27867e-16 -0.669131 0.743145 
vn 1.47009e-16 -0.587785 0.809017 
vn 1.07324e-16 -0.743145 0.669131 
vn 1.27867e-16 -0.669131 0.743145 
vn 8.56051e-17 -0.809017 0.587785 
vn 1.07324e-16 -0.743145 0.669131 
vn 6.29482e-17 -0.866025 0.5 
vn 8.56051e-17 -0.809017 0.587785 
vn 3.96017e-17 -0.913545 0.406737 
vn 6.29482e-17 -0.866025 0.5 
vn 1.58213e-17 -0.951057 0.309017 
vn 3.96017e-17 -0.913545 0.406737 
vn -8.13243e-18 -0.978148 0.207912 
vn 1.58213e-17 -0.951057 0.309017 
vn -3.19971e-17 -0.994522 0.104528 
vn -8.13243e-18 -0.978148 0.207912 
vn -5.55112e-17 -1 -2.83277e-16 
vn -3.19971e-17 -0.994522 0.104528 
vn -5.55112e-17 -1 -2.83277e-16 
f 3081//3081 3082//3082 3083//3083 
f 3084//3084 3081//3081 3085//3085 
f 3086//3086 3084//3084 3087//3087 
f 3088//3088 3086//3086 3089//3089 
f 3090//3090 3088//3088 3091//3091 
f 3092//3092 3090//3090 3093//3093 
f 3094//3094 3092//3092 3095//3095 
f 3096//3096 3094//3094 3097//3097 
f 3098//3098 3096//3096 3099//3099 
f 3100//3100 3098//3098 3101//3101 
f 3102//3102 3100//3100 3103//3103 
f 3104//3104 3102//3102 3105//3105 
f 3106//3106 3104//3104 3107//3107 
f 3108//3108 3106//3106 3109//3109 
f 3110//3110 3108//3108 3111//3111 
f 3111//3111 3112//3112 3110//3110 
f 3109//3109 3111//3111 3108//3108 
f 3107//3107 3109//3109 3106//3106 
f 3105//3105 3107//3107 3104//3104 
f 3103//3103 3105//3105 3102//3102 
f 3101//3101 3103//3103 3100//3100 
f 3099//3099 3101//3101 3098//3098 
f 3097//3097 3099//3099 3096//3096 
f 3095//3095 3097//3097 3094//3094 
f 3093//3093 3095//3095 3092//3092 
f 3091//3091 3093//3093 3090//3090 
f 3089//3089 3091//3091 3088//3088 
f 3087//3087 3089//3089 3086//3086 
f 3085//3085 3087//3087 3084//3084 
f 3083//3083 3085//3085 3081//3081 
v 0.1265 -0.016 -0.01625 
v 0.1265 -0.0155558 -0.0162267 
v 0.12575 -0.0156342 -0.0154808 
v 0.1265 -0.0151164 -0.0161571 
v 0.12575 -0.0152723 -0.0154235 
v 0.1265 -0.0146867 -0.016042 
v 0.12575 -0.0149184 -0.0153287 
v 0.1265 -0.0142714 -0.0158826 
v 0.12575 -0.0145764 -0.0151974 
v 0.1265 -0.013875 -0.0156806 
v 0.12575 -0.01425 -0.0150311 
v 0.1265 -0.0135019 -0.0154383 
v 0.12575 -0.0139428 -0.0148316 
v 0.1265 -0.0131562 -0.0151584 
v 0.12575 -0.013658 -0.014601 
v 0.1265 -0.0128416 -0.0148438 
v 0.12575 -0.013399 -0.014342 
v 0.1265 -0.0125617 -0.0144981 
v 0.12575 -0.0131684 -0.0140572 
v 0.1265 -0.0123194 -0.014125 
v 0.12575 -0.0129689 -0.01375 
v 0.1265 -0.0121174 -0.0137286 
v 0.12575 -0.0128026 -0.0134236 
v 0.1265 -0.011958 -0.0133133 
v 0.12575 -0.0126713 -0.0130816 
v 0.1265 -0.0118429 -0.0128836 
v 0.12575 -0.0125765 -0.0127277 
v 0.1265 -0.0117733 -0.0124442 
v 0.12575 -0.0125192 -0.0123658 
v 0.1265 -0.01175 -0.012 
v 0.12575 -0.0125 -0.012 
v 0.12575 -0.016 -0.0155 
vn 0.707107 0 0.707107 
vn 0.707107 -0.0739128 0.703233 
vn 0.707107 -0.0739128 0.703233 
vn 0.707107 -0.147016 0.691655 
vn 0.707107 -0.147016 0.691655 
vn 0.707107 -0.218508 0.672499 
vn 0.707107 -0.218508 0.672499 
vn 0.707107 -0.287606 0.645974 
vn 0.707107 -0.287606 0.645974 
vn 0.707107 -0.353553 0.612372 
vn 0.707107 -0.353553 0.612372 
vn 0.707107 -0.415627 0.572061 
vn 0.707107 -0.415627 0.572061 
vn 0.707107 -0.473147 0.525483 
vn 0.707107 -0.473147 0.525483 
vn 0.707107 -0.525483 0.473147 
vn 0.707107 -0.525483 0.473147 
vn 0.707107 -0.572061 0.415627 
vn 0.707107 -0.572061 0.415627 
vn 0.707107 -0.612372 0.353553 
vn 0.707107 -0.612372 0.353553 
vn 0.707107 -0.645974 0.287606 
vn 0.707107 -0.645974 0.287606 
vn 0.707107 -0.672499 0.218508 
vn 0.707107 -0.672499 0.218508 
vn 0.707107 -0.691655 0.147016 
vn 0.707107 -0.691655 0.147016 
vn 0.707107 -0.703233 0.0739128 
vn 0.707107 -0.703233 0.0739128 
vn 0.707107 -0.707107 9.81308e-17 
vn 0.707107 -0.707107 9.81308e-17 
vn 0.707107 0 0.707107 
f 3113//3113 3114//3114 3115//3115 
f 3114//3114 3116//3116 3117//3117 
f 3116//3116 3118//3118 3119//3119 
f 3118//3118 3120//3120 3121//3121 
f 3120//3120 3122//3122 3123//3123 
f 3122//3122 3124//3124 3125//3125 
f 3124//3124 3126//3126 3127//3127 
f 3126//3126 3128//3128 3129//3129 
f 3128//3128 3130//3130 3131//3131 
f 3130//3130 3132//3132 3133//3133 
f 3132//3132 3134//3134 3135//3135 
f 3134//3134 3136//3136 3137//3137 
f 3136//3136 3138//3138 3139//3139 
f 3138//3138 3140//3140 3141//3141 
f 3140//3140 3142//3142 3143//3143 
f 3143//3143 3141//3141 3140//3140 
f 3141//3141 3139//3139 3138//3138 
f 3139//3139 3137//3137 3136//3136 
f 3137//3137 3135//3135 3134//3134 
f 3135//3135 3133//3133 3132//3132 
f 3133//3133 3131//3131 3130//3130 
f 3131//3131 3129//3129 3128//3128 
f 3129//3129 3127//3127 3126//3126 
f 3127//3127 3125//3125 3124//3124 
f 3125//3125 3123//3123 3122//3122 
f 3123//3123 3121//3121 3120//3120 
f 3121//3121 3119//3119 3118//3118 
f 3119//3119 3117//3117 3116//3116 
f 3117//3117 3115//3115 3114//3114 
f 3115//3115 3144//3144 3113//3113 
v 0.119 -0.0125 -0.012 
v 0.12575 -0.0125 -0.012 
v 0.12575 -0.0125 0.012 
v 0.119 -0.0125 0.012 
vn -5.55112e-17 -1 -3.74631e-16 
vn -5.55112e-17 -1 -3.74631e-16 
vn -5.55112e-17 -1 -3.74631e-16 
vn -5.55112e-17 -1 -3.74631e-16 
f 3145//3145 3146//3146 3147//3147 
f 3147//3147 3148//3148 3145//3145 
v 0.12575 -0.0125 -0.012 
v 0.1265 -0.01175 -0.012 
v 0.1265 -0.01175 0.012 
v 0.12575 -0.0125 0.012 
vn 0.707107 -0.707107 -4.21914e-16 
vn 0.707107 -0.707107 -4.21914e-16 
vn 0.707107 -0.707107 -4.21914e-16 
vn 0.707107 -0.707107 -4.21914e-16 
f 3149//3149 3150//3150 3151//3151 
f 3151//3151 3152//3152 3149//3149 
v 0.119 -0.0125192 0.0123658 
v 0.119 -0.0125 0.012 
v 0.12575 -0.0125 0.012 
v 0.119 -0.0125765 0.0127277 
v 0.12575 -0.0125192 0.0123658 
v 0.119 -0.0126713 0.0130816 
v 0.12575 -0.0125765 0.0127277 
v 0.119 -0.0128026 0.0134236 
v 0.12575 -0.0126713 0.0130816 
v 0.119 -0.0129689 0.01375 
v 0.12575 -0.0128026 0.0134236 
v 0.119 -0.0131684 0.0140572 
v 0.12575 -0.0129689 0.01375 
v 0.119 -0.013399 0.014342 
v 0.12575 -0.0131684 0.0140572 
v 0.119 -0.013658 0.014601 
v 0.12575 -0.013399 0.014342 
v 0.119 -0.0139428 0.0148316 
v 0.12575 -0.013658 0.014601 
v 0.119 -0.01425 0.0150311 
v 0.12575 -0.0139428 0.0148316 
v 0.119 -0.0145764 0.0151974 
v 0.12575 -0.01425 0.0150311 
v 0.119 -0.0149184 0.0153287 
v 0.12575 -0.0145764 0.0151974 
v 0.119 -0.0152723 0.0154235 
v 0.12575 -0.0149184 0.0153287 
v 0.119 -0.0156342 0.0154808 
v 0.12575 -0.0152723 0.0154235 
v 0.119 -0.016 0.0155 
v 0.12575 -0.0156342 0.0154808 
v 0.12575 -0.016 0.0155 
vn -7.8417e-17 -0.994522 -0.104528 
vn -5.55112e-17 -1 -2.83277e-16 
vn -5.55112e-17 -1 -2.83277e-16 
vn -1.00464e-16 -0.978148 -0.207912 
vn -7.8417e-17 -0.994522 -0.104528 
vn -1.2141e-16 -0.951057 -0.309017 
vn -1.00464e-16 -0.978148 -0.207912 
vn -1.41026e-16 -0.913545 -0.406737 
vn -1.2141e-16 -0.951057 -0.309017 
vn -1.59096e-16 -0.866025 -0.5 
vn -1.41026e-16 -0.913545 -0.406737 
vn -1.75424e-16 -0.809017 -0.587785 
vn -1.59096e-16 -0.866025 -0.5 
vn -1.8983e-16 -0.743145 -0.669131 
vn -1.75424e-16 -0.809017 -0.587785 
vn -2.02156e-16 -0.669131 -0.743145 
vn -1.8983e-16 -0.743145 -0.669131 
vn -2.12266e-16 -0.587785 -0.809017 
vn -2.02156e-16 -0.669131 -0.743145 
vn -2.20052e-16 -0.5 -0.866025 
vn -2.12266e-16 -0.587785 -0.809017 
vn -2.25426e-16 -0.406737 -0.913545 
vn -2.20052e-16 -0.5 -0.866025 
vn -2.28331e-16 -0.309017 -0.951057 
vn -2.25426e-16 -0.406737 -0.913545 
vn -2.28734e-16 -0.207912 -0.978148 
vn -2.28331e-16 -0.309017 -0.951057 
vn -2.26631e-16 -0.104528 -0.994522 
vn -2.28734e-16 -0.207912 -0.978148 
vn -2.22045e-16 0 -1 
vn -2.26631e-16 -0.104528 -0.994522 
vn -2.22045e-16 0 -1 
f 3153//3153 3154//3154 3155//3155 
f 3156//3156 3153//3153 3157//3157 
f 3158//3158 3156//3156 3159//3159 
f 3160//3160 3158//3158 3161//3161 
f 3162//3162 3160//3160 3163//3163 
f 3164//3164 3162//3162 3165//3165 
f 3166//3166 3164//3164 3167//3167 
f 3168//3168 3166//3166 3169//3169 
f 3170//3170 3168//3168 3171//3171 
f 3172//3172 3170//3170 3173//3173 
f 3174//3174 3172//3172 3175//3175 
f 3176//3176 3174//3174 3177//3177 
f 3178//3178 3176//3176 3179//3179 
f 3180//3180 3178//3178 3181//3181 
f 3182//3182 3180//3180 3183//3183 
f 3183//3183 3184//3184 3182//3182 
f 3181//3181 3183//3183 3180//3180 
f 3179//3179 3181//3181 3178//3178 
f 3177//3177 3179//3179 3176//3176 
f 3175//3175 3177//3177 3174//3174 
f 3173//3173 3175//3175 3172//3172 
f 3171//3171 3173//3173 3170//3170 
f 3169//3169 3171//3171 3168//3168 
f 3167//3167 3169//3169 3166//3166 
f 3165//3165 3167//3167 3164//3164 
f 3163//3163 3165//3165 3162//3162 
f 3161//3161 3163//3163 3160//3160 
f 3159//3159 3161//3161 3158//3158 
f 3157//3157 3159//3159 3156//3156 
f 3155//3155 3157//3157 3153//3153 
v 0.1265 -0.01175 0.012 
v 0.1265 -0.0117733 0.0124442 
v 0.12575 -0.0125192 0.0123658 
v 0.1265 -0.0118429 0.0128836 
v 0.12575 -0.0125765 0.0127277 
v 0.1265 -0.011958 0.0133133 
v 0.12575 -0.0126713 0.0130816 
v 0.1265 -0.0121174 0.0137286 
v 0.12575 -0.0128026 0.0134236 
v 0.1265 -0.0123194 0.014125 
v 0.12575 -0.0129689 0.01375 
v 0.1265 -0.0125617 0.0144981 
v 0.12575 -0.0131684 0.0140572 
v 0.1265 -0.0128416 0.0148438 
v 0.12575 -0.013399 0.014342 
v 0.1265 -0.0131562 0.0151584 
v 0.12575 -0.013658 0.014601 
v 0.1265 -0.0135019 0.0154383 
v 0.12575 -0.0139428 0.0148316 
v 0.1265 -0.013875 0.0156806 
v 0.12575 -0.01425 0.0150311 
v 0.1265 -0.0142714 0.0158826 
v 0.12575 -0.0145764 0.0151974 
v 0.1265 -0.0146867 0.016042 
v 0.12575 -0.0149184 0.0153287 
v 0.1265 -0.0151164 0.0161571 
v 0.12575 -0.0152723 0.0154235 
v 0.1265 -0.0155558 0.0162267 
v 0.12575 -0.0156342 0.0154808 
v 0.1265 -0.016 0.01625 
v 0.12575 -0.016 0.0155 
v 0.12575 -0.0125 0.012 
vn 0.707107 -0.707107 4.32978e-17 
vn 0.707107 -0.703233 -0.0739128 
vn 0.707107 -0.703233 -0.0739128 
vn 0.707107 -0.691655 -0.147016 
vn 0.707107 -0.691655 -0.147016 
vn 0.707107 -0.672499 -0.218508 
vn 0.707107 -0.672499 -0.218508 
vn 0.707107 -0.645974 -0.287606 
vn 0.707107 -0.645974 -0.287606 
vn 0.707107 -0.612372 -0.353553 
vn 0.707107 -0.612372 -0.353553 
vn 0.707107 -0.572061 -0.415627 
vn 0.707107 -0.572061 -0.415627 
vn 0.707107 -0.525483 -0.473147 
vn 0.707107 -0.525483 -0.473147 
vn 0.707107 -0.473147 -0.525483 
vn 0.707107 -0.473147 -0.525483 
vn 0.707107 -0.415627 -0.572061 
vn 0.707107 -0.415627 -0.572061 
vn 0.707107 -0.353553 -0.612372 
vn 0.707107 -0.353553 -0.612372 
vn 0.707107 -0.287606 -0.645974 
vn 0.707107 -0.287606 -0.645974 
vn 0.707107 -0.218508 -0.672499 
vn 0.707107 -0.218508 -0.672499 
vn 0.707107 -0.147016 -0.691655 
vn 0.707107 -0.147016 -0.691655 
vn 0.707107 -0.0739128 -0.703233 
vn 0.707107 -0.0739128 -0.703233 
vn 0.707107 -9.81308e-17 -0.707107 
vn 0.707107 -9.81308e-17 -0.707107 
vn 0.707107 -0.707107 4.32978e-17 
f 3185//3185 3186//3186 3187//3187 
f 3186//3186 3188//3188 3189//3189 
f 3188//3188 3190//3190 3191//3191 
f 3190//3190 3192//3192 3193//3193 
f 3192//3192 3194//3194 3195//3195 
f 3194//3194 3196//3196 3197//3197 
f 3196//3196 3198//3198 3199//3199 
f 3198//3198 3200//3200 3201//3201 
f 3200//3200 3202//3202 3203//3203 
f 3202//3202 3204//3204 3205//3205 
f 3204//3204 3206//3206 3207//3207 
f 3206//3206 3208//3208 3209//3209 
f 3208//3208 3210//3210 3211//3211 
f 3210//3210 3212//3212 3213//3213 
f 3212//3212 3214//3214 3215//3215 
f 3215//3215 3213//3213 3212//3212 
f 3213//3213 3211//3211 3210//3210 
f 3211//3211 3209//3209 3208//3208 
f 3209//3209 3207//3207 3206//3206 
f 3207//3207 3205//3205 3204//3204 
f 3205//3205 3203//3203 3202//3202 
f 3203//3203 3201//3201 3200//3200 
f 3201//3201 3199//3199 3198//3198 
f 3199//3199 3197//3197 3196//3196 
f 3197//3197 3195//3195 3194//3194 
f 3195//3195 3193//3193 3192//3192 
f 3193//3193 3191//3191 3190//3190 
f 3191//3191 3189//3189 3188//3188 
f 3189//3189 3187//3187 3186//3186 
f 3187//3187 3216//3216 3185//3185 
v 0.119 -0.0272693 0.0155 
v 0.119 -0.016 0.0155 
v 0.12575 -0.016 0.0155 
v 0.12575 -0.0272693 0.0155 
vn -2.22045e-16 4.61799e-16 -1 
vn -2.22045e-16 4.61799e-16 -1 
vn -2.22045e-16 4.61799e-16 -1 
vn -2.22045e-16 4.61799e-16 -1 
f 3217//3217 3218//3218 3219//3219 
f 3219//3219 3220//3220 3217//3217 
v 0.12575 -0.016 0.0155 
v 0.1265 -0.016 0.01625 
v 0.1265 -0.0272693 0.01625 
v 0.12575 -0.0272693 0.0155 
vn 0.707107 2.87289e-16 -0.707107 
vn 0.707107 2.87289e-16 -0.707107 
vn 0.707107 2.87289e-16 -0.707107 
vn 0.707107 2.87289e-16 -0.707107 
f 3221//3221 3222//3222 3223//3223 
f 3223//3223 3224//3224 3221//3221 
v 0.119 -0.0272693 0.0155 
v 0.12575 -0.0272693 0.0155 
v 0.12575 -0.0275691 0.015515 
v 0.119 -0.0275691 0.015515 
v 0.12575 -0.0278659 0.0155599 
v 0.119 -0.0278659 0.0155599 
v 0.12575 -0.0281567 0.0156342 
v 0.119 -0.0281567 0.0156342 
v 0.12575 -0.0284386 0.0157372 
v 0.119 -0.0284386 0.0157372 
v 0.12575 -0.0287088 0.0158679 
v 0.119 -0.0287088 0.0158679 
v 0.12575 -0.0289646 0.0160249 
v 0.119 -0.0289646 0.0160249 
v 0.12575 -0.0292035 0.0162067 
v 0.119 -0.0292035 0.0162067 
vn -2.22045e-16 4.61799e-16 -1 
vn -2.22045e-16 4.61799e-16 -1 
vn -2.2648e-16 -0.099924 -0.994995 
vn -2.2648e-16 -0.099924 -0.994995 
vn -2.28649e-16 -0.198848 -0.98003 
vn -2.28649e-16 -0.198848 -0.98003 
vn -2.28529e-16 -0.295781 -0.955256 
vn -2.28529e-16 -0.295781 -0.955256 
vn -2.26121e-16 -0.389754 -0.920919 
vn -2.26121e-16 -0.389754 -0.920919 
vn -2.2145e-16 -0.479825 -0.877364 
vn -2.2145e-16 -0.479825 -0.877364 
vn -2.14562e-16 -0.565093 -0.825027 
vn -2.14562e-16 -0.565093 -0.825027 
vn -2.05526e-16 -0.644705 -0.764432 
vn -2.05526e-16 -0.644705 -0.764432 
f 3225//3225 3226//3226 3227//3227 
f 3228//3228 3227//3227 3229//3229 
f 3230//3230 3229//3229 3231//3231 
f 3232//3232 3231//3231 3233//3233 
f 3234//3234 3233//3233 3235//3235 
f 3236//3236 3235//3235 3237//3237 
f 3238//3238 3237//3237 3239//3239 
f 3239//3239 3240//3240 3238//3238 
f 3237//3237 3238//3238 3236//3236 
f 3235//3235 3236//3236 3234//3234 
f 3233//3233 3234//3234 3232//3232 
f 3231//3231 3232//3232 3230//3230 
f 3229//3229 3230//3230 3228//3228 
f 3227//3227 3228//3228 3225//3225 
v 0.125882 -0.0400477 0.0270397 
v 0.125792 -0.0400886 0.0273982 
v 0.125204 -0.0407413 0.0269532 
v 0.12483 -0.0411694 0.0262985 
v 0.12497 -0.0410223 0.0261744 
v 0.125045 -0.0409219 0.0260898 
v 0.125947 -0.0399832 0.0266792 
v 0.125257 -0.0406426 0.0258542 
v 0.125986 -0.0398956 0.0263198 
v 0.125409 -0.0403853 0.0256372 
v 0.126 -0.0397858 0.0259646 
v 0.12546 -0.0402977 0.0255633 
v 0.125552 -0.0400993 0.025396 
v 0.125986 -0.0396547 0.0256168 
v 0.12556 -0.0400825 0.0253819 
v 0.12567 -0.0397652 0.0251142 
v 0.125947 -0.0395035 0.0252792 
v 0.125724 -0.0394989 0.0248897 
v 0.125882 -0.0393333 0.0249549 
v 0.125733 -0.0394544 0.0248521 
v 0.12575 -0.0391919 0.0246307 
v 0.125792 -0.0391458 0.0246466 
v 0.1265 -0.0386006 0.0251376 
v 0.1265 -0.0386567 0.0252025 
v 0.1265 -0.0383416 0.0248947 
v 0.1265 -0.0387985 0.0253664 
v 0.1265 -0.0389124 0.0255287 
v 0.1265 -0.0389629 0.0256007 
v 0.1265 -0.0391001 0.0258471 
v 0.1265 -0.0391631 0.0259861 
v 0.1265 -0.0391127 0.0258748 
v 0.1265 -0.0392494 0.0262245 
v 0.1265 -0.039312 0.0264715 
v 0.1265 -0.0393505 0.0267284 
v 0.1265 -0.0393582 0.0268236 
v 0.1265 -0.0393372 0.0266395 
v 0.1265 -0.0393619 0.0270888 
v 0.1265 -0.0393395 0.0273603 
v 0.126214 -0.0395694 0.0277343 
v 0.126202 -0.0395811 0.0277382 
v 0.1265 -0.0393122 0.0275122 
v 0.1265 -0.0392894 0.0276393 
v 0.125813 -0.040063 0.0274154 
v 0.124605 -0.0414072 0.0264991 
vn 0.729687 -0.681338 0.0577569 
vn 0.707107 -0.691576 0.147387 
vn 0.706753 -0.70126 0.0934589 
vn 0.72458 -0.688824 -0.0224907 
vn 0.733412 -0.676704 -0.0646481 
vn 0.738243 -0.668223 -0.0920638 
vn 0.745957 -0.665207 -0.032373 
vn 0.748027 -0.641808 -0.168933 
vn 0.755775 -0.643324 -0.122223 
vn 0.751883 -0.615 -0.237587 
vn 0.759057 -0.615877 -0.211016 
vn 0.752129 -0.605147 -0.260958 
vn 0.750623 -0.581993 -0.312807 
vn 0.755775 -0.583103 -0.297984 
vn 0.750368 -0.57996 -0.317165 
vn 0.741707 -0.539535 -0.398463 
vn 0.745957 -0.545287 -0.382375 
vn 0.728745 -0.502462 -0.465255 
vn 0.729687 -0.502755 -0.463459 
vn 0.726072 -0.49599 -0.47625 
vn 0.707107 -0.455875 -0.540535 
vn 0.707107 -0.455875 -0.540535 
vn 0.729587 -0.494383 -0.472534 
vn 0.734358 -0.503614 -0.455073 
vn 0.707107 -0.455875 -0.540535 
vn 0.744867 -0.526149 -0.410294 
vn 0.752854 -0.546139 -0.367345 
vn 0.755791 -0.55465 -0.348056 
vn 0.76302 -0.580646 -0.283992 
vn 0.765431 -0.593629 -0.248436 
vn 0.763591 -0.583299 -0.27693 
vn 0.767108 -0.613276 -0.188249 
vn 0.765915 -0.630289 -0.126927 
vn 0.761855 -0.644571 -0.0640741 
vn 0.759678 -0.649006 -0.0410009 
vn 0.763609 -0.639943 -0.0858714 
vn 0.751838 -0.658959 0.0226352 
vn 0.741266 -0.665552 0.0869804 
vn 0.707987 -0.679224 0.193414 
vn 0.707107 -0.679642 0.19516 
vn 0.734355 -0.6676 0.122608 
vn 0.727898 -0.668551 0.152325 
vn 0.707093 -0.691092 0.149705 
vn 0.707107 -0.705693 0.0446991 
f 3241//3241 3242//3242 3243//3243 
f 3243//3243 3244//3244 3241//3241 
f 3241//3241 3245//3245 3246//3246 
f 3241//3241 3244//3244 3245//3245 
f 3247//3247 3246//3246 3248//3248 
f 3249//3249 3248//3248 3250//3250 
f 3251//3251 3252//3252 3253//3253 
f 3251//3251 3250//3250 3252//3252 
f 3254//3254 3255//3255 3256//3256 
f 3254//3254 3253//3253 3255//3255 
f 3257//3257 3256//3256 3258//3258 
f 3259//3259 3260//3260 3261//3261 
f 3259//3259 3258//3258 3260//3260 
f 3262//3262 3263//3263 3264//3264 
f 3262//3262 3265//3265 3263//3263 
f 3259//3259 3266//3266 3267//3267 
f 3259//3259 3264//3264 3266//3266 
f 3257//3257 3268//3268 3269//3269 
f 3269//3269 3254//3254 3257//3257 
f 3257//3257 3267//3267 3268//3268 
f 3251//3251 3254//3254 3270//3270 
f 3254//3254 3271//3271 3270//3270 
f 3249//3249 3251//3251 3272//3272 
f 3272//3272 3273//3273 3249//3249 
f 3247//3247 3274//3274 3275//3275 
f 3247//3247 3249//3249 3276//3276 
f 3276//3276 3274//3274 3247//3247 
f 3241//3241 3247//3247 3277//3277 
f 3277//3277 3278//3278 3241//3241 
f 3241//3241 3279//3279 3280//3280 
f 3279//3279 3241//3241 3281//3281 
f 3281//3281 3282//3282 3279//3279 
f 3280//3280 3283//3283 3241//3241 
f 3283//3283 3242//3242 3241//3241 
f 3278//3278 3281//3281 3241//3241 
f 3275//3275 3277//3277 3247//3247 
f 3273//3273 3276//3276 3249//3249 
f 3270//3270 3272//3272 3251//3251 
f 3269//3269 3271//3271 3254//3254 
f 3267//3267 3257//3257 3259//3259 
f 3264//3264 3259//3259 3262//3262 
f 3261//3261 3262//3262 3259//3259 
f 3258//3258 3259//3259 3257//3257 
f 3256//3256 3257//3257 3254//3254 
f 3253//3253 3254//3254 3251//3251 
f 3250//3250 3251//3251 3249//3249 
f 3248//3248 3249//3249 3247//3247 
f 3246//3246 3247//3247 3241//3241 
f 3243//3243 3284//3284 3244//3244 
v 0.12575 -0.0272693 0.0155 
v 0.1265 -0.0272693 0.01625 
v 0.1265 -0.0274942 0.0162613 
v 0.12575 -0.0275691 0.015515 
v 0.1265 -0.0277168 0.0162949 
v 0.12575 -0.0278659 0.0155599 
v 0.1265 -0.0279349 0.0163507 
v 0.12575 -0.0281567 0.0156342 
v 0.1265 -0.0281463 0.0164279 
v 0.12575 -0.0284386 0.0157372 
v 0.1265 -0.028349 0.0165259 
v 0.12575 -0.0287088 0.0158679 
v 0.1265 -0.0285408 0.0166437 
v 0.12575 -0.0289646 0.0160249 
v 0.1265 -0.0287199 0.01678 
v 0.12575 -0.0292035 0.0162067 
vn 0.707107 8.65956e-17 -0.707107 
vn 0.707107 8.65956e-17 -0.707107 
vn 0.707107 -0.0706569 -0.703568 
vn 0.707107 -0.0706569 -0.703568 
vn 0.707107 -0.140607 -0.692986 
vn 0.707107 -0.140607 -0.692986 
vn 0.707107 -0.209149 -0.675468 
vn 0.707107 -0.209149 -0.675468 
vn 0.707107 -0.275597 -0.651188 
vn 0.707107 -0.275597 -0.651188 
vn 0.707107 -0.339287 -0.62039 
vn 0.707107 -0.339287 -0.62039 
vn 0.707107 -0.399581 -0.583382 
vn 0.707107 -0.399581 -0.583382 
vn 0.707107 -0.455875 -0.540535 
vn 0.707107 -0.455875 -0.540535 
f 3285//3285 3286//3286 3287//3287 
f 3288//3288 3287//3287 3289//3289 
f 3290//3290 3289//3289 3291//3291 
f 3292//3292 3291//3291 3293//3293 
f 3294//3294 3293//3293 3295//3295 
f 3296//3296 3295//3295 3297//3297 
f 3298//3298 3297//3297 3299//3299 
f 3299//3299 3300//3300 3298//3298 
f 3297//3297 3298//3298 3296//3296 
f 3295//3295 3296//3296 3294//3294 
f 3293//3293 3294//3294 3292//3292 
f 3291//3291 3292//3292 3290//3290 
f 3289//3289 3290//3290 3288//3288 
f 3287//3287 3288//3288 3285//3285 
v 0.12575 -0.0292035 0.0162067 
v 0.1265 -0.0287199 0.01678 
v 0.1265 -0.0383416 0.0248947 
v 0.125792 -0.0391458 0.0246466 
v 0.12575 -0.0391919 0.0246307 
vn 0.707107 -0.455875 -0.540535 
vn 0.707107 -0.455875 -0.540535 
vn 0.707107 -0.455875 -0.540535 
vn 0.707107 -0.455875 -0.540535 
vn 0.707107 -0.455875 -0.540535 
f 3301//3301 3302//3302 3303//3303 
f 3303//3303 3304//3304 3301//3301 
f 3304//3304 3305//3305 3301//3301 
v 0.12575 0.016 0.0155 
v 0.12575 0.0406823 0.0155 
v 0.1265 0.03959 0.01625 
v 0.1265 0.016 0.01625 
vn 0.707107 -3.92523e-17 -0.707107 
vn 0.707107 -3.92523e-17 -0.707107 
vn 0.707107 -3.92523e-17 -0.707107 
vn 0.707107 -3.92523e-17 -0.707107 
f 3306//3306 3307//3307 3308//3308 
f 3308//3308 3309//3309 3306//3306 
v 0.119 0.0156342 0.0154808 
v 0.119 0.016 0.0155 
v 0.12575 0.016 0.0155 
v 0.119 0.0152723 0.0154235 
v 0.12575 0.0156342 0.0154808 
v 0.119 0.0149184 0.0153287 
v 0.12575 0.0152723 0.0154235 
v 0.119 0.0145764 0.0151974 
v 0.12575 0.0149184 0.0153287 
v 0.119 0.01425 0.0150311 
v 0.12575 0.0145764 0.0151974 
v 0.119 0.0139428 0.0148316 
v 0.12575 0.01425 0.0150311 
v 0.119 0.013658 0.014601 
v 0.12575 0.0139428 0.0148316 
v 0.119 0.013399 0.014342 
v 0.12575 0.013658 0.014601 
v 0.119 0.0131684 0.0140572 
v 0.12575 0.013399 0.014342 
v 0.119 0.0129689 0.01375 
v 0.12575 0.0131684 0.0140572 
v 0.119 0.0128026 0.0134236 
v 0.12575 0.0129689 0.01375 
v 0.119 0.0126713 0.0130816 
v 0.12575 0.0128026 0.0134236 
v 0.119 0.0125765 0.0127277 
v 0.12575 0.0126713 0.0130816 
v 0.119 0.0125192 0.0123658 
v 0.12575 0.0125765 0.0127277 
v 0.119 0.0125 0.012 
v 0.12575 0.0125192 0.0123658 
v 0.12575 0.0125 0.012 
vn -2.15026e-16 0.104528 -0.994522 
vn -2.22045e-16 2.44929e-16 -1 
vn -2.22045e-16 2.44929e-16 -1 
vn -2.05651e-16 0.207912 -0.978148 
vn -2.15026e-16 0.104528 -0.994522 
vn -1.94023e-16 0.309017 -0.951057 
vn -2.05651e-16 0.207912 -0.978148 
vn -1.80269e-16 0.406737 -0.913545 
vn -1.94023e-16 0.309017 -0.951057 
vn -1.64541e-16 0.5 -0.866025 
vn -1.80269e-16 0.406737 -0.913545 
vn -1.47009e-16 0.587785 -0.809017 
vn -1.64541e-16 0.5 -0.866025 
vn -1.27867e-16 0.669131 -0.743145 
vn -1.47009e-16 0.587785 -0.809017 
vn -1.07324e-16 0.743145 -0.669131 
vn -1.27867e-16 0.669131 -0.743145 
vn -8.56051e-17 0.809017 -0.587785 
vn -1.07324e-16 0.743145 -0.669131 
vn -6.29482e-17 0.866025 -0.5 
vn -8.56051e-17 0.809017 -0.587785 
vn -3.96017e-17 0.913545 -0.406737 
vn -6.29482e-17 0.866025 -0.5 
vn -1.58213e-17 0.951057 -0.309017 
vn -3.96017e-17 0.913545 -0.406737 
vn 8.13243e-18 0.978148 -0.207912 
vn -1.58213e-17 0.951057 -0.309017 
vn 3.19971e-17 0.994522 -0.104528 
vn 8.13243e-18 0.978148 -0.207912 
vn 5.55112e-17 1 1.83697e-16 
vn 3.19971e-17 0.994522 -0.104528 
vn 5.55112e-17 1 1.83697e-16 
f 3310//3310 3311//3311 3312//3312 
f 3313//3313 3310//3310 3314//3314 
f 3315//3315 3313//3313 3316//3316 
f 3317//3317 3315//3315 3318//3318 
f 3319//3319 3317//3317 3320//3320 
f 3321//3321 3319//3319 3322//3322 
f 3323//3323 3321//3321 3324//3324 
f 3325//3325 3323//3323 3326//3326 
f 3327//3327 3325//3325 3328//3328 
f 3329//3329 3327//3327 3330//3330 
f 3331//3331 3329//3329 3332//3332 
f 3333//3333 3331//3331 3334//3334 
f 3335//3335 3333//3333 3336//3336 
f 3337//3337 3335//3335 3338//3338 
f 3339//3339 3337//3337 3340//3340 
f 3340//3340 3341//3341 3339//3339 
f 3338//3338 3340//3340 3337//3337 
f 3336//3336 3338//3338 3335//3335 
f 3334//3334 3336//3336 3333//3333 
f 3332//3332 3334//3334 3331//3331 
f 3330//3330 3332//3332 3329//3329 
f 3328//3328 3330//3330 3327//3327 
f 3326//3326 3328//3328 3325//3325 
f 3324//3324 3326//3326 3323//3323 
f 3322//3322 3324//3324 3321//3321 
f 3320//3320 3322//3322 3319//3319 
f 3318//3318 3320//3320 3317//3317 
f 3316//3316 3318//3318 3315//3315 
f 3314//3314 3316//3316 3313//3313 
f 3312//3312 3314//3314 3310//3310 
v 0.1265 0.016 0.01625 
v 0.1265 0.0155558 0.0162267 
v 0.12575 0.0156342 0.0154808 
v 0.1265 0.0151164 0.0161571 
v 0.12575 0.0152723 0.0154235 
v 0.1265 0.0146867 0.016042 
v 0.12575 0.0149184 0.0153287 
v 0.1265 0.0142714 0.0158826 
v 0.12575 0.0145764 0.0151974 
v 0.1265 0.013875 0.0156806 
v 0.12575 0.01425 0.0150311 
v 0.1265 0.0135019 0.0154383 
v 0.12575 0.0139428 0.0148316 
v 0.1265 0.0131562 0.0151584 
v 0.12575 0.013658 0.014601 
v 0.1265 0.0128416 0.0148438 
v 0.12575 0.013399 0.014342 
v 0.1265 0.0125617 0.0144981 
v 0.12575 0.0131684 0.0140572 
v 0.1265 0.0123194 0.014125 
v 0.12575 0.0129689 0.01375 
v 0.1265 0.0121174 0.0137286 
v 0.12575 0.0128026 0.0134236 
v 0.1265 0.011958 0.0133133 
v 0.12575 0.0126713 0.0130816 
v 0.1265 0.0118429 0.0128836 
v 0.12575 0.0125765 0.0127277 
v 0.1265 0.0117733 0.0124442 
v 0.12575 0.0125192 0.0123658 
v 0.1265 0.01175 0.012 
v 0.12575 0.0125 0.012 
v 0.12575 0.016 0.0155 
vn 0.707107 -8.65956e-17 -0.707107 
vn 0.707107 0.0739128 -0.703233 
vn 0.707107 0.0739128 -0.703233 
vn 0.707107 0.147016 -0.691655 
vn 0.707107 0.147016 -0.691655 
vn 0.707107 0.218508 -0.672499 
vn 0.707107 0.218508 -0.672499 
vn 0.707107 0.287606 -0.645974 
vn 0.707107 0.287606 -0.645974 
vn 0.707107 0.353553 -0.612372 
vn 0.707107 0.353553 -0.612372 
vn 0.707107 0.415627 -0.572061 
vn 0.707107 0.415627 -0.572061 
vn 0.707107 0.473147 -0.525483 
vn 0.707107 0.473147 -0.525483 
vn 0.707107 0.525483 -0.473147 
vn 0.707107 0.525483 -0.473147 
vn 0.707107 0.572061 -0.415627 
vn 0.707107 0.572061 -0.415627 
vn 0.707107 0.612372 -0.353553 
vn 0.707107 0.612372 -0.353553 
vn 0.707107 0.645974 -0.287606 
vn 0.707107 0.645974 -0.287606 
vn 0.707107 0.672499 -0.218508 
vn 0.707107 0.672499 -0.218508 
vn 0.707107 0.691655 -0.147016 
vn 0.707107 0.691655 -0.147016 
vn 0.707107 0.703233 -0.0739128 
vn 0.707107 0.703233 -0.0739128 
vn 0.707107 0.707107 -9.81308e-17 
vn 0.707107 0.707107 -9.81308e-17 
vn 0.707107 -8.65956e-17 -0.707107 
f 3342//3342 3343//3343 3344//3344 
f 3343//3343 3345//3345 3346//3346 
f 3345//3345 3347//3347 3348//3348 
f 3347//3347 3349//3349 3350//3350 
f 3349//3349 3351//3351 3352//3352 
f 3351//3351 3353//3353 3354//3354 
f 3353//3353 3355//3355 3356//3356 
f 3355//3355 3357//3357 3358//3358 
f 3357//3357 3359//3359 3360//3360 
f 3359//3359 3361//3361 3362//3362 
f 3361//3361 3363//3363 3364//3364 
f 3363//3363 3365//3365 3366//3366 
f 3365//3365 3367//3367 3368//3368 
f 3367//3367 3369//3369 3370//3370 
f 3369//3369 3371//3371 3372//3372 
f 3372//3372 3370//3370 3369//3369 
f 3370//3370 3368//3368 3367//3367 
f 3368//3368 3366//3366 3365//3365 
f 3366//3366 3364//3364 3363//3363 
f 3364//3364 3362//3362 3361//3361 
f 3362//3362 3360//3360 3359//3359 
f 3360//3360 3358//3358 3357//3357 
f 3358//3358 3356//3356 3355//3355 
f 3356//3356 3354//3354 3353//3353 
f 3354//3354 3352//3352 3351//3351 
f 3352//3352 3350//3350 3349//3349 
f 3350//3350 3348//3348 3347//3347 
f 3348//3348 3346//3346 3345//3345 
f 3346//3346 3344//3344 3343//3343 
f 3344//3344 3373//3373 3342//3342 
v 0.119 0.0125 -0.012 
v 0.119 0.0125 0.012 
v 0.12575 0.0125 0.012 
v 0.12575 0.0125 -0.012 
vn 5.55112e-17 1 3.74631e-16 
vn 5.55112e-17 1 3.74631e-16 
vn 5.55112e-17 1 3.74631e-16 
vn 5.55112e-17 1 3.74631e-16 
f 3374//3374 3375//3375 3376//3376 
f 3376//3376 3377//3377 3374//3374 
v 0.12575 0.0125 0.012 
v 0.1265 0.01175 0.012 
v 0.1265 0.01175 -0.012 
v 0.12575 0.0125 -0.012 
vn 0.707107 0.707107 1.07895e-16 
vn 0.707107 0.707107 1.07895e-16 
vn 0.707107 0.707107 1.07895e-16 
vn 0.707107 0.707107 1.07895e-16 
f 3378//3378 3379//3379 3380//3380 
f 3380//3380 3381//3381 3378//3378 
v 0.119 0.0125192 -0.0123658 
v 0.119 0.0125 -0.012 
v 0.12575 0.0125 -0.012 
v 0.119 0.0125765 -0.0127277 
v 0.12575 0.0125192 -0.0123658 
v 0.119 0.0126713 -0.0130816 
v 0.12575 0.0125765 -0.0127277 
v 0.119 0.0128026 -0.0134236 
v 0.12575 0.0126713 -0.0130816 
v 0.119 0.0129689 -0.01375 
v 0.12575 0.0128026 -0.0134236 
v 0.119 0.0131684 -0.0140572 
v 0.12575 0.0129689 -0.01375 
v 0.119 0.013399 -0.014342 
v 0.12575 0.0131684 -0.0140572 
v 0.119 0.013658 -0.014601 
v 0.12575 0.013399 -0.014342 
v 0.119 0.0139428 -0.0148316 
v 0.12575 0.013658 -0.014601 
v 0.119 0.01425 -0.0150311 
v 0.12575 0.0139428 -0.0148316 
v 0.119 0.0145764 -0.0151974 
v 0.12575 0.01425 -0.0150311 
v 0.119 0.0149184 -0.0153287 
v 0.12575 0.0145764 -0.0151974 
v 0.119 0.0152723 -0.0154235 
v 0.12575 0.0149184 -0.0153287 
v 0.119 0.0156342 -0.0154808 
v 0.12575 0.0152723 -0.0154235 
v 0.119 0.016 -0.0155 
v 0.12575 0.0156342 -0.0154808 
v 0.12575 0.016 -0.0155 
vn 7.8417e-17 0.994522 0.104528 
vn 5.55112e-17 1 1.83697e-16 
vn 5.55112e-17 1 1.83697e-16 
vn 1.00464e-16 0.978148 0.207912 
vn 7.8417e-17 0.994522 0.104528 
vn 1.2141e-16 0.951057 0.309017 
vn 1.00464e-16 0.978148 0.207912 
vn 1.41026e-16 0.913545 0.406737 
vn 1.2141e-16 0.951057 0.309017 
vn 1.59096e-16 0.866025 0.5 
vn 1.41026e-16 0.913545 0.406737 
vn 1.75424e-16 0.809017 0.587785 
vn 1.59096e-16 0.866025 0.5 
vn 1.8983e-16 0.743145 0.669131 
vn 1.75424e-16 0.809017 0.587785 
vn 2.02156e-16 0.669131 0.743145 
vn 1.8983e-16 0.743145 0.669131 
vn 2.12266e-16 0.587785 0.809017 
vn 2.02156e-16 0.669131 0.743145 
vn 2.20052e-16 0.5 0.866025 
vn 2.12266e-16 0.587785 0.809017 
vn 2.25426e-16 0.406737 0.913545 
vn 2.20052e-16 0.5 0.866025 
vn 2.28331e-16 0.309017 0.951057 
vn 2.25426e-16 0.406737 0.913545 
vn 2.28734e-16 0.207912 0.978148 
vn 2.28331e-16 0.309017 0.951057 
vn 2.26631e-16 0.104528 0.994522 
vn 2.28734e-16 0.207912 0.978148 
vn 2.22045e-16 -1.22465e-16 1 
vn 2.26631e-16 0.104528 0.994522 
vn 2.22045e-16 -1.22465e-16 1 
f 3382//3382 3383//3383 3384//3384 
f 3385//3385 3382//3382 3386//3386 
f 3387//3387 3385//3385 3388//3388 
f 3389//3389 3387//3387 3390//3390 
f 3391//3391 3389//3389 3392//3392 
f 3393//3393 3391//3391 3394//3394 
f 3395//3395 3393//3393 3396//3396 
f 3397//3397 3395//3395 3398//3398 
f 3399//3399 3397//3397 3400//3400 
f 3401//3401 3399//3399 3402//3402 
f 3403//3403 3401//3401 3404//3404 
f 3405//3405 3403//3403 3406//3406 
f 3407//3407 3405//3405 3408//3408 
f 3409//3409 3407//3407 3410//3410 
f 3411//3411 3409//3409 3412//3412 
f 3412//3412 3413//3413 3411//3411 
f 3410//3410 3412//3412 3409//3409 
f 3408//3408 3410//3410 3407//3407 
f 3406//3406 3408//3408 3405//3405 
f 3404//3404 3406//3406 3403//3403 
f 3402//3402 3404//3404 3401//3401 
f 3400//3400 3402//3402 3399//3399 
f 3398//3398 3400//3400 3397//3397 
f 3396//3396 3398//3398 3395//3395 
f 3394//3394 3396//3396 3393//3393 
f 3392//3392 3394//3394 3391//3391 
f 3390//3390 3392//3392 3389//3389 
f 3388//3388 3390//3390 3387//3387 
f 3386//3386 3388//3388 3385//3385 
f 3384//3384 3386//3386 3382//3382 
v 0.1265 0.01175 -0.012 
v 0.1265 0.0117733 -0.0124442 
v 0.12575 0.0125192 -0.0123658 
v 0.1265 0.0118429 -0.0128836 
v 0.12575 0.0125765 -0.0127277 
v 0.1265 0.011958 -0.0133133 
v 0.12575 0.0126713 -0.0130816 
v 0.1265 0.0121174 -0.0137286 
v 0.12575 0.0128026 -0.0134236 
v 0.1265 0.0123194 -0.014125 
v 0.12575 0.0129689 -0.01375 
v 0.1265 0.0125617 -0.0144981 
v 0.12575 0.0131684 -0.0140572 
v 0.1265 0.0128416 -0.0148438 
v 0.12575 0.013399 -0.014342 
v 0.1265 0.0131562 -0.0151584 
v 0.12575 0.013658 -0.014601 
v 0.1265 0.0135019 -0.0154383 
v 0.12575 0.0139428 -0.0148316 
v 0.1265 0.013875 -0.0156806 
v 0.12575 0.01425 -0.0150311 
v 0.1265 0.0142714 -0.0158826 
v 0.12575 0.0145764 -0.0151974 
v 0.1265 0.0146867 -0.016042 
v 0.12575 0.0149184 -0.0153287 
v 0.1265 0.0151164 -0.0161571 
v 0.12575 0.0152723 -0.0154235 
v 0.1265 0.0155558 -0.0162267 
v 0.12575 0.0156342 -0.0154808 
v 0.1265 0.016 -0.01625 
v 0.12575 0.016 -0.0155 
v 0.12575 0.0125 -0.012 
vn 0.707107 0.707107 -1.29893e-16 
vn 0.707107 0.703233 0.0739128 
vn 0.707107 0.703233 0.0739128 
vn 0.707107 0.691655 0.147016 
vn 0.707107 0.691655 0.147016 
vn 0.707107 0.672499 0.218508 
vn 0.707107 0.672499 0.218508 
vn 0.707107 0.645974 0.287606 
vn 0.707107 0.645974 0.287606 
vn 0.707107 0.612372 0.353553 
vn 0.707107 0.612372 0.353553 
vn 0.707107 0.572061 0.415627 
vn 0.707107 0.572061 0.415627 
vn 0.707107 0.525483 0.473147 
vn 0.707107 0.525483 0.473147 
vn 0.707107 0.473147 0.525483 
vn 0.707107 0.473147 0.525483 
vn 0.707107 0.415627 0.572061 
vn 0.707107 0.415627 0.572061 
vn 0.707107 0.353553 0.612372 
vn 0.707107 0.353553 0.612372 
vn 0.707107 0.287606 0.645974 
vn 0.707107 0.287606 0.645974 
vn 0.707107 0.218508 0.672499 
vn 0.707107 0.218508 0.672499 
vn 0.707107 0.147016 0.691655 
vn 0.707107 0.147016 0.691655 
vn 0.707107 0.0739128 0.703233 
vn 0.707107 0.0739128 0.703233 
vn 0.707107 9.81308e-17 0.707107 
vn 0.707107 9.81308e-17 0.707107 
vn 0.707107 0.707107 -1.29893e-16 
f 3414//3414 3415//3415 3416//3416 
f 3415//3415 3417//3417 3418//3418 
f 3417//3417 3419//3419 3420//3420 
f 3419//3419 3421//3421 3422//3422 
f 3421//3421 3423//3423 3424//3424 
f 3423//3423 3425//3425 3426//3426 
f 3425//3425 3427//3427 3428//3428 
f 3427//3427 3429//3429 3430//3430 
f 3429//3429 3431//3431 3432//3432 
f 3431//3431 3433//3433 3434//3434 
f 3433//3433 3435//3435 3436//3436 
f 3435//3435 3437//3437 3438//3438 
f 3437//3437 3439//3439 3440//3440 
f 3439//3439 3441//3441 3442//3442 
f 3441//3441 3443//3443 3444//3444 
f 3444//3444 3442//3442 3441//3441 
f 3442//3442 3440//3440 3439//3439 
f 3440//3440 3438//3438 3437//3437 
f 3438//3438 3436//3436 3435//3435 
f 3436//3436 3434//3434 3433//3433 
f 3434//3434 3432//3432 3431//3431 
f 3432//3432 3430//3430 3429//3429 
f 3430//3430 3428//3428 3427//3427 
f 3428//3428 3426//3426 3425//3425 
f 3426//3426 3424//3424 3423//3423 
f 3424//3424 3422//3422 3421//3421 
f 3422//3422 3420//3420 3419//3419 
f 3420//3420 3418//3418 3417//3417 
f 3418//3418 3416//3416 3415//3415 
f 3416//3416 3445//3445 3414//3414 
v 0.119 0.0272693 -0.0155 
v 0.119 0.016 -0.0155 
v 0.12575 0.016 -0.0155 
v 0.12575 0.0272693 -0.0155 
vn 2.22045e-16 -3.07866e-16 1 
vn 2.22045e-16 -3.07866e-16 1 
vn 2.22045e-16 -3.07866e-16 1 
vn 2.22045e-16 -3.07866e-16 1 
f 3446//3446 3447//3447 3448//3448 
f 3448//3448 3449//3449 3446//3446 
v 0.1265 0.016 -0.01625 
v 0.1265 0.0272693 -0.01625 
v 0.12575 0.0272693 -0.0155 
v 0.12575 0.016 -0.0155 
vn 0.707107 -2.56946e-16 0.707107 
vn 0.707107 -2.56946e-16 0.707107 
vn 0.707107 -2.56946e-16 0.707107 
vn 0.707107 -2.56946e-16 0.707107 
f 3450//3450 3451//3451 3452//3452 
f 3452//3452 3453//3453 3450//3450 
v 0.1265 0.0422732 0.0174876 
v 0.1265 0.0418944 0.0169938 
v 0.1265 0.0420384 0.0171457 
v 0.1265 0.0421648 0.0173105 
v 0.1265 -0.0422732 -0.0174876 
v 0.1265 -0.0418944 -0.0169938 
v 0.1265 -0.0420384 -0.0171457 
v 0.1265 0.0423632 0.0176766 
v 0.1265 -0.0421648 -0.0173105 
v 0.1265 0.0424348 0.017877 
v 0.1265 0.0417331 0.0168551 
v 0.1265 -0.0423632 -0.0176766 
v 0.1265 0.041555 0.0167299 
v 0.1265 -0.0424348 -0.017877 
v 0.1265 -0.0417331 -0.0168551 
v 0.1265 -0.041555 -0.0167299 
v 0.1265 0.0424876 0.0180882 
v 0.1265 0.0425216 0.0183096 
v 0.1265 0.0413605 0.0166187 
v 0.1265 -0.0424876 -0.0180882 
v 0.1265 0.0411501 0.0165216 
v 0.1265 -0.0425216 -0.0183096 
v 0.1265 -0.0413605 -0.0166187 
v 0.1265 -0.0411501 -0.0165216 
v 0.1265 0.0425365 0.0185408 
v 0.1265 0.03959 0.01625 
v 0.1265 0.0380579 0.0286584 
v 0.1265 0.0376867 0.028936 
v 0.1265 0.0425325 0.018781 
v 0.1265 0.0409245 0.0164391 
v 0.1265 0.0384068 0.0283507 
v 0.1265 -0.0425365 -0.0185408 
v 0.1265 -0.03959 -0.01625 
v 0.1265 -0.0380579 -0.0286584 
v 0.1265 -0.0376867 -0.028936 
v 0.1265 0.0406843 0.0163713 
v 0.1265 0.0372944 0.0291827 
v 0.1265 0.01175 -0.012 
v 0.1265 0.01175 0.012 
v 0.1265 -0.01175 0.012 
v 0.1265 -0.0425325 -0.018781 
v 0.1265 -0.0409245 -0.0164391 
v 0.1265 -0.0372944 -0.0291827 
v 0.1265 0.0387326 0.0280136 
v 0.1265 -0.0117733 0.0124442 
v 0.1265 -0.0384068 -0.0283507 
v 0.1265 0.0425095 0.0190296 
v 0.1265 0.0368819 0.0293978 
v 0.1265 -0.01175 -0.012 
v 0.1265 0.0117733 -0.0124442 
v 0.1265 -0.0425095 -0.0190296 
v 0.1265 -0.0406843 -0.0163713 
v 0.1265 -0.0387326 -0.0280136 
v 0.1265 0.0424676 0.0192859 
v 0.1265 0.04043 0.0163183 
v 0.1265 0.0364503 0.0295808 
v 0.1265 -0.04043 -0.0163183 
v 0.1265 -0.0368819 -0.0293978 
v 0.1265 0.0390344 0.0276481 
v 0.1265 0.0117733 0.0124442 
v 0.1265 0.0287199 -0.01678 
v 0.1265 0.0279349 -0.0163507 
v 0.1265 0.0277168 -0.0162949 
v 0.1265 0.0285408 -0.0166437 
v 0.1265 -0.0364503 -0.0295808 
v 0.1265 0.0424069 0.0195493 
v 0.1265 0.0401624 0.0162804 
v 0.1265 0.0360007 0.0297312 
v 0.1265 -0.0117733 -0.0124442 
v 0.1265 0.0274942 -0.0162613 
v 0.1265 0.028349 -0.0165259 
v 0.1265 0.0393122 -0.0275122 
v 0.1265 0.0393372 -0.0266395 
v 0.1265 0.039312 -0.0264715 
v 0.1265 0.0391127 -0.0258748 
v 0.1265 0.0382816 -0.0291885 
v 0.1265 0.0384414 -0.0290452 
v 0.1265 -0.0424676 -0.0192859 
v 0.1265 -0.0390344 -0.0276481 
v 0.1265 0.0393115 0.0272551 
v 0.1265 -0.0118429 -0.0128836 
v 0.1265 -0.011958 -0.0133133 
v 0.1265 0.0146867 -0.016042 
v 0.1265 0.0142714 -0.0158826 
v 0.1265 0.0281463 -0.0164279 
v 0.1265 0.0378942 -0.0294761 
v 0.1265 0.0383416 -0.0248947 
v 0.1265 0.0386567 -0.0252025 
v 0.1265 0.0386006 -0.0251376 
v 0.1265 0.0392494 -0.0262245 
v 0.1265 0.0393582 -0.0268236 
v 0.1265 0.0393505 -0.0267284 
v 0.1265 0.0393395 -0.0273603 
v 0.1265 0.0388563 -0.0285394 
v 0.1265 0.0389143 -0.0284495 
v 0.1265 0.0386602 -0.0288043 
v 0.1265 0.0379851 -0.0294209 
v 0.1265 0.0381988 -0.0292628 
v 0.1265 -0.0424069 -0.0195493 
v 0.1265 -0.0401624 -0.0162804 
v 0.1265 -0.0393115 -0.0272551 
v 0.1265 0.0423275 0.019819 
v 0.1265 0.0398821 0.0162576 
v 0.1265 0.039563 0.0268356 
v 0.1265 0.011958 -0.0133133 
v 0.1265 0.0118429 -0.0128836 
v 0.1265 0.0125617 -0.0144981 
v 0.1265 0.0123194 -0.014125 
v 0.1265 0.013875 -0.0156806 
v 0.1265 0.0151164 -0.0161571 
v 0.1265 0.0272693 -0.01625 
v 0.1265 0.0391631 -0.0259861 
v 0.1265 0.0393619 -0.0270888 
v 0.1265 0.0392394 -0.0277831 
v 0.1265 0.0392894 -0.0276393 
v 0.1265 -0.0360007 -0.0297312 
v 0.1265 0.0399869 0.0259219 
v 0.1265 0.0397883 0.0263908 
v 0.1265 0.0355344 0.0298485 
v 0.1265 0.0121174 -0.0137286 
v 0.1265 0.0131562 -0.0151584 
v 0.1265 0.0128416 -0.0148438 
v 0.1265 0.016 -0.01625 
v 0.1265 0.0389124 -0.0255287 
v 0.1265 0.0387985 -0.0253664 
v 0.1265 0.0391001 -0.0258471 
v 0.1265 0.0389629 -0.0256007 
v 0.1265 0.039218 -0.0278332 
v 0.1265 0.0389498 -0.0283853 
v 0.1265 0.0390921 -0.0281279 
v 0.1265 -0.0359481 0.03 
v 0.1265 -0.028349 0.0165259 
v 0.1265 -0.0281463 0.0164279 
v 0.1265 -0.0423275 -0.019819 
v 0.1265 -0.0398821 -0.0162576 
v 0.1265 -0.0355344 -0.0298485 
v 0.1265 0.0422297 0.0200944 
v 0.1265 0.0345566 0.0299831 
v 0.1265 0.0340476 0.03 
v 0.1265 0.0350526 0.0299326 
v 0.1265 0.0365087 -0.0299603 
v 0.1265 0.0367105 -0.0299329 
v 0.1265 -0.0118429 0.0128836 
v 0.1265 0.0118429 0.0128836 
v 0.1265 0.011958 0.0133133 
v 0.1265 0.0135019 -0.0154383 
v 0.1265 -0.0279349 0.0163507 
v 0.1265 -0.0277168 0.0162949 
v 0.1265 -0.0285408 0.0166437 
v 0.1265 -0.039218 0.0278332 
v 0.1265 -0.0365087 0.0299603 
v 0.1265 -0.0367105 0.0299329 
v 0.1265 -0.0399869 -0.0259219 
v 0.1265 -0.0397883 -0.0263908 
v 0.1265 -0.039563 -0.0268356 
v 0.1265 0.0371336 -0.0298286 
v 0.1265 0.0374384 -0.029717 
v 0.1265 0.0370551 -0.0298521 
v 0.1265 0.0125617 0.0144981 
v 0.1265 0.0128416 0.0148438 
v 0.1265 0.0121174 0.0137286 
v 0.1265 0.0123194 0.014125 
v 0.1265 0.0131562 0.0151584 
v 0.1265 -0.0121174 0.0137286 
v 0.1265 -0.011958 0.0133133 
v 0.1265 -0.0131562 0.0151584 
v 0.1265 -0.0128416 0.0148438 
v 0.1265 -0.0274942 0.0162613 
v 0.1265 -0.0287199 0.01678 
v 0.1265 -0.0386567 0.0252025 
v 0.1265 -0.0386006 0.0251376 
v 0.1265 -0.0393372 0.0266395 
v 0.1265 -0.039312 0.0264715 
v 0.1265 -0.0393395 0.0273603 
v 0.1265 -0.0393619 0.0270888 
v 0.1265 -0.0382816 0.0291885 
v 0.1265 -0.0388563 0.0285394 
v 0.1265 -0.0389143 0.0284495 
v 0.1265 -0.0384414 0.0290452 
v 0.1265 -0.0386602 0.0288043 
v 0.1265 -0.0389498 0.0283853 
v 0.1265 -0.0379851 0.0294209 
v 0.1265 -0.0381988 0.0292628 
v 0.1265 -0.0371336 0.0298286 
v 0.1265 -0.0374384 0.029717 
v 0.1265 -0.0370551 0.0298521 
v 0.1265 -0.0422297 -0.0200944 
v 0.1265 -0.0345566 -0.0299831 
v 0.1265 -0.0340476 -0.03 
v 0.1265 -0.0350526 -0.0299326 
v 0.1265 0.0359481 -0.03 
v 0.1265 -0.0131562 -0.0151584 
v 0.1265 -0.0135019 -0.0154383 
v 0.1265 0.016 0.01625 
v 0.1265 0.037473 -0.0297004 
v 0.1265 0.0377214 -0.029581 
v 0.1265 -0.0121174 -0.0137286 
v 0.1265 -0.0123194 0.014125 
v 0.1265 -0.0125617 0.0144981 
v 0.1265 -0.0383416 0.0248947 
v 0.1265 -0.0392494 0.0262245 
v 0.1265 -0.0393582 0.0268236 
v 0.1265 -0.0393505 0.0267284 
v 0.1265 -0.0393122 0.0275122 
v 0.1265 -0.0378942 0.0294761 
v 0.1265 -0.037473 0.0297004 
v 0.1265 -0.0377214 0.029581 
v 0.1265 -0.013875 -0.0156806 
v 0.1265 0.0155558 0.0162267 
v 0.1265 0.0142714 0.0158826 
v 0.1265 0.0146867 0.016042 
v 0.1265 0.0363429 -0.0299828 
v 0.1265 -0.0391631 0.0259861 
v 0.1265 -0.0392394 0.0277831 
v 0.1265 -0.0392894 0.0276393 
v 0.1265 -0.0390921 0.0281279 
v 0.1265 -0.0363429 0.0299828 
v 0.1265 -0.016 -0.01625 
v 0.1265 -0.0128416 -0.0148438 
v 0.1265 -0.0123194 -0.014125 
v 0.1265 -0.0125617 -0.0144981 
v 0.1265 0.0151164 0.0161571 
v 0.1265 0.013875 0.0156806 
v 0.1265 0.0135019 0.0154383 
v 0.1265 0.0155558 -0.0162267 
v 0.1265 -0.0272693 0.01625 
v 0.1265 -0.0389124 0.0255287 
v 0.1265 -0.0387985 0.0253664 
v 0.1265 -0.0391001 0.0258471 
v 0.1265 -0.0389629 0.0256007 
v 0.1265 -0.0155558 -0.0162267 
v 0.1265 -0.0151164 -0.0161571 
v 0.1265 -0.0142714 -0.0158826 
v 0.1265 -0.0146867 -0.016042 
v 0.1265 -0.0391127 0.0258748 
v 0.1265 -0.0151164 0.0161571 
v 0.1265 -0.0146867 0.016042 
v 0.1265 -0.013875 0.0156806 
v 0.1265 -0.0135019 0.0154383 
v 0.1265 -0.0142714 0.0158826 
v 0.1265 -0.0155558 0.0162267 
v 0.1265 -0.016 0.01625 
vn 1 -5.55112e-17 -2.22045e-16 
vn 1 -5.55112e-17 -2.22045e-16 
vn 1 -5.55112e-17 -2.22045e-16 
vn 1 -5.55112e-17 -2.22045e-16 
vn 1 -5.55112e-17 -2.22045e-16 
vn 1 -5.55112e-17 -2.22045e-16 
vn 1 -5.55112e-17 -2.22045e-16 
vn 1 -5.55112e-17 -2.22045e-16 
vn 1 -5.55112e-17 -2.22045e-16 
vn 1 -5.55112e-17 -2.22045e-16 
vn 1 -5.55112e-17 -2.22045e-16 
vn 1 -5.55112e-17 -2.22045e-16 
vn 1 -5.55112e-17 -2.22045e-16 
vn 1 -5.55112e-17 -2.22045e-16 
vn 1 -5.55112e-17 -2.22045e-16 
vn 1 -5.55112e-17 -2.22045e-16 
vn 1 -5.55112e-17 -2.22045e-16 
vn 1 -5.55112e-17 -2.22045e-16 
vn 1 -5.55112e-17 -2.22045e-16 
vn 1 -5.55112e-17 -2.22045e-16 
vn 1 -5.55112e-17 -2.22045e-16 
vn 1 -5.55112e-17 -2.22045e-16 
vn 1 -5.55112e-17 -2.22045e-16 
vn 1 -5.55112e-17 -2.22045e-16 
vn 1 -5.55112e-17 -2.22045e-16 
vn 1 -5.55112e-17 -2.22045e-16 
vn 1 -5.55112e-17 -2.22045e-16 
vn 1 -5.55112e-17 -2.22045e-16 
vn 1 -5.55112e-17 -2.22045e-16 
vn 1 -5.55112e-17 -2.22045e-16 
vn 1 -5.55112e-17 -2.22045e-16 
vn 1 -5.55112e-17 -2.22045e-16 
vn 1 -5.55112e-17 -2.22045e-16 
vn 1 -5.55112e-17 -2.22045e-16 
vn 1 -5.55112e-17 -2.22045e-16 
vn 1 -5.55112e-17 -2.22045e-16 
vn 1 -5.55112e-17 -2.22045e-16 
vn 1 -5.55112e-17 -2.22045e-16 
vn 1 -5.55112e-17 -2.22045e-16 
vn 1 -5.55112e-17 -2.22045e-16 
vn 1 -5.55112e-17 -2.22045e-16 
vn 1 -5.55112e-17 -2.22045e-16 
vn 1 -5.55112e-17 -2.22045e-16 
vn 1 -5.55112e-17 -2.22045e-16 
vn 1 -5.55112e-17 -2.22045e-16 
vn 1 -5.55112e-17 -2.22045e-16 
vn 1 -5.55112e-17 -2.22045e-16 
vn 1 -5.55112e-17 -2.22045e-16 
vn 1 -5.55112e-17 -2.22045e-16 
vn 1 -5.55112e-17 -2.22045e-16 
vn 1 -5.55112e-17 -2.22045e-16 
vn 1 -5.55112e-17 -2.22045e-16 
vn 1 -5.55112e-17 -2.22045e-16 
vn 1 -5.55112e-17 -2.22045e-16 
vn 1 -5.55112e-17 -2.22045e-16 
vn 1 -5.55112e-17 -2.22045e-16 
vn 1 -5.55112e-17 -2.22045e-16 
vn 1 -5.55112e-17 -2.22045e-16 
vn 1 -5.55112e-17 -2.22045e-16 
vn 1 -5.55112e-17 -2.22045e-16 
vn 1 -5.55112e-17 -2.22045e-16 
vn 1 -5.55112e-17 -2.22045e-16 
vn 1 -5.55112e-17 -2.22045e-16 
vn 1 -5.55112e-17 -2.22045e-16 
vn 1 -5.55112e-17 -2.22045e-16 
vn 1 -5.55112e-17 -2.22045e-16 
vn 1 -5.55112e-17 -2.22045e-16 
vn 1 -5.55112e-17 -2.22045e-16 
vn 1 -5.55112e-17 -2.22045e-16 
vn 1 -5.55112e-17 -2.22045e-16 
vn 1 -5.55112e-17 -2.22045e-16 
vn 1 -5.55112e-17 -2.22045e-16 
vn 1 -5.55112e-17 -2.22045e-16 
vn 1 -5.55112e-17 -2.22045e-16 
vn 1 -5.55112e-17 -2.22045e-16 
vn 1 -5.55112e-17 -2.22045e-16 
vn 1 -5.55112e-17 -2.22045e-16 
vn 1 -5.55112e-17 -2.22045e-16 
vn 1 -5.55112e-17 -2.22045e-16 
vn 1 -5.55112e-17 -2.22045e-16 
vn 1 -5.55112e-17 -2.22045e-16 
vn 1 -5.55112e-17 -2.22045e-16 
vn 1 -5.55112e-17 -2.22045e-16 
vn 1 -5.55112e-17 -2.22045e-16 
vn 1 -5.55112e-17 -2.22045e-16 
vn 1 -5.55112e-17 -2.22045e-16 
vn 1 -5.55112e-17 -2.22045e-16 
vn 1 -5.55112e-17 -2.22045e-16 
vn 1 -5.55112e-17 -2.22045e-16 
vn 1 -5.55112e-17 -2.22045e-16 
vn 1 -5.55112e-17 -2.22045e-16 
vn 1 -5.55112e-17 -2.22045e-16 
vn 1 -5.55112e-17 -2.22045e-16 
vn 1 -5.55112e-17 -2.22045e-16 
vn 1 -5.55112e-17 -2.22045e-16 
vn 1 -5.55112e-17 -2.22045e-16 
vn 1 -5.55112e-17 -2.22045e-16 
vn 1 -5.55112e-17 -2.22045e-16 
vn 1 -5.55112e-17 -2.22045e-16 
vn 1 -5.55112e-17 -2.22045e-16 
vn 1 -5.55112e-17 -2.22045e-16 
vn 1 -5.55112e-17 -2.22045e-16 
vn 1 -5.55112e-17 -2.22045e-16 
vn 1 -5.55112e-17 -2.22045e-16 
vn 1 -5.55112e-17 -2.22045e-16 
vn 1 -5.55112e-17 -2.22045e-16 
vn 1 -5.55112e-17 -2.22045e-16 
vn 1 -5.55112e-17 -2.22045e-16 
vn 1 -5.55112e-17 -2.22045e-16 
vn 1 -5.55112e-17 -2.22045e-16 
vn 1 -5.55112e-17 -2.22045e-16 
vn 1 -5.55112e-17 -2.22045e-16 
vn 1 -5.55112e-17 -2.22045e-16 
vn 1 -5.55112e-17 -2.22045e-16 
vn 1 -5.55112e-17 -2.22045e-16 
vn 1 -5.55112e-17 -2.22045e-16 
vn 1 -5.55112e-17 -2.22045e-16 
vn 1 -5.55112e-17 -2.22045e-16 
vn 1 -5.55112e-17 -2.22045e-16 
vn 1 -5.55112e-17 -2.22045e-16 
vn 1 -5.55112e-17 -2.22045e-16 
vn 1 -5.55112e-17 -2.22045e-16 
vn 1 -5.55112e-17 -2.22045e-16 
vn 1 -5.55112e-17 -2.22045e-16 
vn 1 -5.55112e-17 -2.22045e-16 
vn 1 -5.55112e-17 -2.22045e-16 
vn 1 -5.55112e-17 -2.22045e-16 
vn 1 -5.55112e-17 -2.22045e-16 
vn 1 -5.55112e-17 -2.22045e-16 
vn 1 -5.55112e-17 -2.22045e-16 
vn 1 -5.55112e-17 -2.22045e-16 
vn 1 -5.55112e-17 -2.22045e-16 
vn 1 -5.55112e-17 -2.22045e-16 
vn 1 -5.55112e-17 -2.22045e-16 
vn 1 -5.55112e-17 -2.22045e-16 
vn 1 -5.55112e-17 -2.22045e-16 
vn 1 -5.55112e-17 -2.22045e-16 
vn 1 -5.55112e-17 -2.22045e-16 
vn 1 -5.55112e-17 -2.22045e-16 
vn 1 -5.55112e-17 -2.22045e-16 
vn 1 -5.55112e-17 -2.22045e-16 
vn 1 -5.55112e-17 -2.22045e-16 
vn 1 -5.55112e-17 -2.22045e-16 
vn 1 -5.55112e-17 -2.22045e-16 
vn 1 -5.55112e-17 -2.22045e-16 
vn 1 -5.55112e-17 -2.22045e-16 
vn 1 -5.55112e-17 -2.22045e-16 
vn 1 -5.55112e-17 -2.22045e-16 
vn 1 -5.55112e-17 -2.22045e-16 
vn 1 -5.55112e-17 -2.22045e-16 
vn 1 -5.55112e-17 -2.22045e-16 
vn 1 -5.55112e-17 -2.22045e-16 
vn 1 -5.55112e-17 -2.22045e-16 
vn 1 -5.55112e-17 -2.22045e-16 
vn 1 -5.55112e-17 -2.22045e-16 
vn 1 -5.55112e-17 -2.22045e-16 
vn 1 -5.55112e-17 -2.22045e-16 
vn 1 -5.55112e-17 -2.22045e-16 
vn 1 -5.55112e-17 -2.22045e-16 
vn 1 -5.55112e-17 -2.22045e-16 
vn 1 -5.55112e-17 -2.22045e-16 
vn 1 -5.55112e-17 -2.22045e-16 
vn 1 -5.55112e-17 -2.22045e-16 
vn 1 -5.55112e-17 -2.22045e-16 
vn 1 -5.55112e-17 -2.22045e-16 
vn 1 -5.55112e-17 -2.22045e-16 
vn 1 -5.55112e-17 -2.22045e-16 
vn 1 -5.55112e-17 -2.22045e-16 
vn 1 -5.55112e-17 -2.22045e-16 
vn 1 -5.55112e-17 -2.22045e-16 
vn 1 -5.55112e-17 -2.22045e-16 
vn 1 -5.55112e-17 -2.22045e-16 
vn 1 -5.55112e-17 -2.22045e-16 
vn 1 -5.55112e-17 -2.22045e-16 
vn 1 -5.55112e-17 -2.22045e-16 
vn 1 -5.55112e-17 -2.22045e-16 
vn 1 -5.55112e-17 -2.22045e-16 
vn 1 -5.55112e-17 -2.22045e-16 
vn 1 -5.55112e-17 -2.22045e-16 
vn 1 -5.55112e-17 -2.22045e-16 
vn 1 -5.55112e-17 -2.22045e-16 
vn 1 -5.55112e-17 -2.22045e-16 
vn 1 -5.55112e-17 -2.22045e-16 
vn 1 -5.55112e-17 -2.22045e-16 
vn 1 -5.55112e-17 -2.22045e-16 
vn 1 -5.55112e-17 -2.22045e-16 
vn 1 -5.55112e-17 -2.22045e-16 
vn 1 -5.55112e-17 -2.22045e-16 
vn 1 -5.55112e-17 -2.22045e-16 
vn 1 -5.55112e-17 -2.22045e-16 
vn 1 -5.55112e-17 -2.22045e-16 
vn 1 -5.55112e-17 -2.22045e-16 
vn 1 -5.55112e-17 -2.22045e-16 
vn 1 -5.55112e-17 -2.22045e-16 
vn 1 -5.55112e-17 -2.22045e-16 
vn 1 -5.55112e-17 -2.22045e-16 
vn 1 -5.55112e-17 -2.22045e-16 
vn 1 -5.55112e-17 -2.22045e-16 
vn 1 -5.55112e-17 -2.22045e-16 
vn 1 -5.55112e-17 -2.22045e-16 
vn 1 -5.55112e-17 -2.22045e-16 
vn 1 -5.55112e-17 -2.22045e-16 
vn 1 -5.55112e-17 -2.22045e-16 
vn 1 -5.55112e-17 -2.22045e-16 
vn 1 -5.55112e-17 -2.22045e-16 
vn 1 -5.55112e-17 -2.22045e-16 
vn 1 -5.55112e-17 -2.22045e-16 
vn 1 -5.55112e-17 -2.22045e-16 
vn 1 -5.55112e-17 -2.22045e-16 
vn 1 -5.55112e-17 -2.22045e-16 
vn 1 -5.55112e-17 -2.22045e-16 
vn 1 -5.55112e-17 -2.22045e-16 
vn 1 -5.55112e-17 -2.22045e-16 
vn 1 -5.55112e-17 -2.22045e-16 
vn 1 -5.55112e-17 -2.22045e-16 
vn 1 -5.55112e-17 -2.22045e-16 
vn 1 -5.55112e-17 -2.22045e-16 
vn 1 -5.55112e-17 -2.22045e-16 
vn 1 -5.55112e-17 -2.22045e-16 
vn 1 -5.55112e-17 -2.22045e-16 
vn 1 -5.55112e-17 -2.22045e-16 
vn 1 -5.55112e-17 -2.22045e-16 
vn 1 -5.55112e-17 -2.22045e-16 
vn 1 -5.55112e-17 -2.22045e-16 
vn 1 -5.55112e-17 -2.22045e-16 
vn 1 -5.55112e-17 -2.22045e-16 
vn 1 -5.55112e-17 -2.22045e-16 
vn 1 -5.55112e-17 -2.22045e-16 
vn 1 -5.55112e-17 -2.22045e-16 
vn 1 -5.55112e-17 -2.22045e-16 
vn 1 -5.55112e-17 -2.22045e-16 
vn 1 -5.55112e-17 -2.22045e-16 
vn 1 -5.55112e-17 -2.22045e-16 
vn 1 -5.55112e-17 -2.22045e-16 
vn 1 -5.55112e-17 -2.22045e-16 
vn 1 -5.55112e-17 -2.22045e-16 
vn 1 -5.55112e-17 -2.22045e-16 
vn 1 -5.55112e-17 -2.22045e-16 
vn 1 -5.55112e-17 -2.22045e-16 
vn 1 -5.55112e-17 -2.22045e-16 
vn 1 -5.55112e-17 -2.22045e-16 
vn 1 -5.55112e-17 -2.22045e-16 
f 3454//3454 3455//3455 3456//3456 
f 3456//3456 3457//3457 3454//3454 
f 3458//3458 3459//3459 3460//3460 
f 3454//3454 3461//3461 3455//3455 
f 3460//3460 3462//3462 3458//3458 
f 3463//3463 3464//3464 3455//3455 
f 3458//3458 3465//3465 3459//3459 
f 3463//3463 3466//3466 3464//3464 
f 3467//3467 3468//3468 3459//3459 
f 3461//3461 3463//3463 3455//3455 
f 3467//3467 3469//3469 3468//3468 
f 3463//3463 3470//3470 3466//3466 
f 3465//3465 3467//3467 3459//3459 
f 3471//3471 3472//3472 3466//3466 
f 3467//3467 3473//3473 3469//3469 
f 3471//3471 3474//3474 3472//3472 
f 3475//3475 3476//3476 3469//3469 
f 3470//3470 3471//3471 3466//3466 
f 3475//3475 3477//3477 3476//3476 
f 3471//3471 3478//3478 3474//3474 
f 3479//3479 3480//3480 3481//3481 
f 3473//3473 3475//3475 3469//3469 
f 3482//3482 3483//3483 3474//3474 
f 3479//3479 3484//3484 3480//3480 
f 3475//3475 3485//3485 3477//3477 
f 3486//3486 3487//3487 3488//3488 
f 3482//3482 3489//3489 3483//3483 
f 3481//3481 3490//3490 3479//3479 
f 3491//3491 3492//3492 3493//3493 
f 3494//3494 3495//3495 3477//3477 
f 3488//3488 3496//3496 3486//3486 
f 3478//3478 3482//3482 3474//3474 
f 3479//3479 3497//3497 3484//3484 
f 3492//3492 3498//3498 3493//3493 
f 3485//3485 3494//3494 3477//3477 
f 3486//3486 3499//3499 3487//3487 
f 3482//3482 3500//3500 3489//3489 
f 3490//3490 3501//3501 3479//3479 
f 3502//3502 3503//3503 3491//3491 
f 3504//3504 3505//3505 3495//3495 
f 3486//3486 3506//3506 3499//3499 
f 3507//3507 3508//3508 3489//3489 
f 3501//3501 3509//3509 3479//3479 
f 3493//3493 3502//3502 3491//3491 
f 3504//3504 3510//3510 3505//3505 
f 3496//3496 3511//3511 3486//3486 
f 3500//3500 3507//3507 3489//3489 
f 3479//3479 3512//3512 3497//3497 
f 3492//3492 3513//3513 3498//3498 
f 3514//3514 3515//3515 3516//3516 
f 3515//3515 3514//3514 3517//3517 
f 3494//3494 3504//3504 3495//3495 
f 3511//3511 3518//3518 3486//3486 
f 3519//3519 3520//3520 3508//3508 
f 3509//3509 3521//3521 3479//3479 
f 3502//3502 3522//3522 3503//3503 
f 3516//3516 3523//3523 3514//3514 
f 3517//3517 3524//3524 3515//3515 
f 3525//3525 3526//3526 3527//3527 
f 3528//3528 3529//3529 3530//3530 
f 3504//3504 3531//3531 3510//3510 
f 3486//3486 3532//3532 3506//3506 
f 3507//3507 3519//3519 3508//3508 
f 3479//3479 3533//3533 3512//3512 
f 3522//3522 3534//3534 3503//3503 
f 3535//3535 3536//3536 3537//3537 
f 3524//3524 3538//3538 3515//3515 
f 3539//3539 3540//3540 3514//3514 
f 3539//3539 3541//3541 3542//3542 
f 3527//3527 3543//3543 3525//3525 
f 3525//3525 3544//3544 3545//3545 
f 3544//3544 3525//3525 3546//3546 
f 3528//3528 3547//3547 3548//3548 
f 3530//3530 3549//3549 3528//3528 
f 3528//3528 3550//3550 3551//3551 
f 3552//3552 3553//3553 3510//3510 
f 3486//3486 3554//3554 3532//3532 
f 3555//3555 3556//3556 3520//3520 
f 3479//3479 3557//3557 3533//3533 
f 3534//3534 3535//3535 3503//3503 
f 3535//3535 3558//3558 3559//3559 
f 3535//3535 3560//3560 3561//3561 
f 3537//3537 3562//3562 3535//3535 
f 3539//3539 3563//3563 3536//3536 
f 3523//3523 3564//3564 3514//3514 
f 3542//3542 3540//3540 3539//3539 
f 3543//3543 3565//3565 3525//3525 
f 3546//3546 3566//3566 3544//3544 
f 3528//3528 3567//3567 3568//3568 
f 3549//3549 3547//3547 3528//3528 
f 3528//3528 3539//3539 3550//3550 
f 3531//3531 3552//3552 3510//3510 
f 3518//3518 3569//3569 3486//3486 
f 3479//3479 3570//3570 3571//3571 
f 3555//3555 3479//3479 3556//3556 
f 3521//3521 3572//3572 3479//3479 
f 3559//3559 3503//3503 3535//3535 
f 3561//3561 3573//3573 3535//3535 
f 3535//3535 3574//3574 3575//3575 
f 3536//3536 3535//3535 3539//3539 
f 3514//3514 3576//3576 3539//3539 
f 3539//3539 3577//3577 3578//3578 
f 3539//3539 3579//3579 3580//3580 
f 3545//3545 3526//3526 3525//3525 
f 3528//3528 3581//3581 3567//3567 
f 3528//3528 3582//3582 3583//3583 
f 3551//3551 3529//3529 3528//3528 
f 3584//3584 3585//3585 3586//3586 
f 3587//3587 3588//3588 3553//3553 
f 3569//3569 3589//3589 3486//3486 
f 3479//3479 3590//3590 3570//3570 
f 3519//3519 3555//3555 3520//3520 
f 3479//3479 3591//3591 3592//3592 
f 3572//3572 3593//3593 3479//3479 
f 3535//3535 3594//3594 3595//3595 
f 3596//3596 3597//3597 3598//3598 
f 3597//3597 3596//3596 3498//3498 
f 3575//3575 3560//3560 3535//3535 
f 3562//3562 3599//3599 3535//3535 
f 3578//3578 3541//3541 3539//3539 
f 3539//3539 3528//3528 3579//3579 
f 3568//3568 3525//3525 3528//3528 
f 3548//3548 3582//3582 3528//3528 
f 3584//3584 3600//3600 3601//3601 
f 3584//3584 3602//3602 3585//3585 
f 3603//3603 3604//3604 3605//3605 
f 3486//3486 3606//3606 3607//3607 
f 3587//3587 3486//3486 3588//3588 
f 3486//3486 3608//3608 3554//3554 
f 3555//3555 3590//3590 3479//3479 
f 3593//3593 3591//3591 3479//3479 
f 3535//3535 3609//3609 3610//3610 
f 3595//3595 3611//3611 3535//3535 
f 3596//3596 3612//3612 3613//3613 
f 3596//3596 3614//3614 3615//3615 
f 3513//3513 3597//3597 3498//3498 
f 3599//3599 3574//3574 3535//3535 
f 3616//3616 3617//3617 3618//3618 
f 3616//3616 3619//3619 3620//3620 
f 3580//3580 3577//3577 3539//3539 
f 3583//3583 3581//3581 3528//3528 
f 3601//3601 3621//3621 3584//3584 
f 3584//3584 3622//3622 3602//3602 
f 3584//3584 3623//3623 3624//3624 
f 3584//3584 3625//3625 3626//3626 
f 3584//3584 3627//3627 3628//3628 
f 3629//3629 3630//3630 3631//3631 
f 3629//3629 3632//3632 3633//3633 
f 3634//3634 3635//3635 3636//3636 
f 3603//3603 3637//3637 3638//3638 
f 3605//3605 3639//3639 3603//3603 
f 3486//3486 3640//3640 3606//3606 
f 3552//3552 3587//3587 3553//3553 
f 3486//3486 3641//3641 3642//3642 
f 3589//3589 3643//3643 3486//3486 
f 3644//3644 3645//3645 3646//3646 
f 3592//3592 3647//3647 3479//3479 
f 3535//3535 3648//3648 3649//3649 
f 3611//3611 3609//3609 3535//3535 
f 3535//3535 3650//3650 3644//3644 
f 3615//3615 3612//3612 3596//3596 
f 3573//3573 3558//3558 3535//3535 
f 3616//3616 3651//3651 3617//3617 
f 3620//3620 3652//3652 3616//3616 
f 3565//3565 3528//3528 3525//3525 
f 3586//3586 3600//3600 3584//3584 
f 3624//3624 3653//3653 3584//3584 
f 3626//3626 3654//3654 3584//3584 
f 3584//3584 3655//3655 3656//3656 
f 3584//3584 3657//3657 3627//3627 
f 3633//3633 3630//3630 3629//3629 
f 3634//3634 3658//3658 3635//3635 
f 3603//3603 3659//3659 3660//3660 
f 3639//3639 3637//3637 3603//3603 
f 3587//3587 3640//3640 3486//3486 
f 3643//3643 3641//3641 3486//3486 
f 3646//3646 3661//3661 3644//3644 
f 3592//3592 3662//3662 3647//3647 
f 3619//3619 3663//3663 3664//3664 
f 3610//3610 3648//3648 3535//3535 
f 3644//3644 3665//3665 3535//3535 
f 3598//3598 3614//3614 3596//3596 
f 3652//3652 3651//3651 3616//3616 
f 3564//3564 3576//3576 3514//3514 
f 3653//3653 3622//3622 3584//3584 
f 3654//3654 3666//3666 3584//3584 
f 3628//3628 3655//3655 3584//3584 
f 3584//3584 3667//3667 3668//3668 
f 3658//3658 3634//3634 3669//3669 
f 3636//3636 3629//3629 3634//3634 
f 3638//3638 3659//3659 3603//3603 
f 3603//3603 3584//3584 3670//3670 
f 3642//3642 3671//3671 3486//3486 
f 3644//3644 3672//3672 3645//3645 
f 3644//3644 3673//3673 3674//3674 
f 3592//3592 3675//3675 3662//3662 
f 3619//3619 3676//3676 3663//3663 
f 3619//3619 3616//3616 3677//3677 
f 3665//3665 3594//3594 3535//3535 
f 3618//3618 3596//3596 3616//3616 
f 3576//3576 3678//3678 3539//3539 
f 3621//3621 3679//3679 3584//3584 
f 3584//3584 3680//3680 3681//3681 
f 3584//3584 3682//3682 3683//3683 
f 3656//3656 3625//3625 3584//3584 
f 3584//3584 3603//3603 3667//3667 
f 3631//3631 3634//3634 3629//3629 
f 3670//3670 3604//3604 3603//3603 
f 3642//3642 3684//3684 3671//3671 
f 3642//3642 3644//3644 3685//3685 
f 3644//3644 3686//3686 3687//3687 
f 3674//3674 3672//3672 3644//3644 
f 3592//3592 3664//3664 3675//3675 
f 3677//3677 3676//3676 3619//3619 
f 3649//3649 3539//3539 3535//3535 
f 3678//3678 3563//3563 3539//3539 
f 3681//3681 3623//3623 3584//3584 
f 3584//3584 3688//3688 3682//3682 
f 3668//3668 3657//3657 3584//3584 
f 3660//3660 3658//3658 3603//3603 
f 3685//3685 3684//3684 3642//3642 
f 3661//3661 3686//3686 3644//3644 
f 3664//3664 3592//3592 3619//3619 
f 3613//3613 3616//3616 3596//3596 
f 3592//3592 3689//3689 3690//3690 
f 3683//3683 3680//3680 3584//3584 
f 3669//3669 3603//3603 3658//3658 
f 3687//3687 3685//3685 3644//3644 
f 3650//3650 3673//3673 3644//3644 
f 3592//3592 3691//3691 3692//3692 
f 3690//3690 3693//3693 3592//3592 
f 3666//3666 3688//3688 3584//3584 
f 3571//3571 3557//3557 3479//3479 
f 3693//3693 3691//3691 3592//3592 
f 3584//3584 3694//3694 3689//3689 
f 3679//3679 3695//3695 3584//3584 
f 3692//3692 3619//3619 3592//3592 
f 3695//3695 3694//3694 3584//3584 
f 3689//3689 3592//3592 3584//3584 
f 3607//3607 3608//3608 3486//3486 
v 0.12575 0.0272693 -0.0155 
v 0.1265 0.0272693 -0.01625 
v 0.1265 0.0274942 -0.0162613 
v 0.12575 0.0275691 -0.015515 
v 0.1265 0.0277168 -0.0162949 
v 0.12575 0.0278659 -0.0155599 
v 0.1265 0.0279349 -0.0163507 
v 0.12575 0.0281567 -0.0156342 
v 0.1265 0.0281463 -0.0164279 
v 0.12575 0.0284386 -0.0157372 
v 0.1265 0.028349 -0.0165259 
v 0.12575 0.0287088 -0.0158679 
v 0.1265 0.0285408 -0.0166437 
v 0.12575 0.0289646 -0.0160249 
v 0.1265 0.0287199 -0.01678 
v 0.12575 0.0292035 -0.0162067 
vn 0.707107 -2.56946e-16 0.707107 
vn 0.707107 -2.56946e-16 0.707107 
vn 0.707107 0.0706569 0.703568 
vn 0.707107 0.0706569 0.703568 
vn 0.707107 0.140607 0.692986 
vn 0.707107 0.140607 0.692986 
vn 0.707107 0.209149 0.675468 
vn 0.707107 0.209149 0.675468 
vn 0.707107 0.275597 0.651188 
vn 0.707107 0.275597 0.651188 
vn 0.707107 0.339287 0.62039 
vn 0.707107 0.339287 0.62039 
vn 0.707107 0.399581 0.583382 
vn 0.707107 0.399581 0.583382 
vn 0.707107 0.455875 0.540535 
vn 0.707107 0.455875 0.540535 
f 3696//3696 3697//3697 3698//3698 
f 3699//3699 3698//3698 3700//3700 
f 3701//3701 3700//3700 3702//3702 
f 3703//3703 3702//3702 3704//3704 
f 3705//3705 3704//3704 3706//3706 
f 3707//3707 3706//3706 3708//3708 
f 3709//3709 3708//3708 3710//3710 
f 3710//3710 3711//3711 3709//3709 
f 3708//3708 3709//3709 3707//3707 
f 3706//3706 3707//3707 3705//3705 
f 3704//3704 3705//3705 3703//3703 
f 3702//3702 3703//3703 3701//3701 
f 3700//3700 3701//3701 3699//3699 
f 3698//3698 3699//3699 3696//3696 
v 0.12483 0.0411695 -0.0262986 
v 0.125882 0.0400477 -0.0270397 
v 0.125204 0.0407413 -0.0269532 
v 0.125792 0.0400886 -0.0273982 
v 0.124605 0.0414072 -0.0264991 
v 0.124658 0.0413562 -0.0264561 
v 0.125002 0.0409833 -0.0261415 
v 0.125047 0.0409225 -0.0260903 
v 0.125947 0.0399832 -0.0266792 
v 0.125241 0.0406603 -0.0258692 
v 0.125986 0.0398956 -0.0263198 
v 0.125283 0.040603 -0.0258208 
v 0.125408 0.0403851 -0.0256371 
v 0.126 0.0397858 -0.0259646 
v 0.125479 0.0402601 -0.0255316 
v 0.125552 0.0400993 -0.025396 
v 0.125986 0.0396547 -0.0256168 
v 0.125562 0.0400784 -0.0253784 
v 0.12567 0.0397629 -0.0251123 
v 0.125947 0.0395035 -0.0252792 
v 0.125724 0.0394989 -0.0248897 
v 0.125882 0.0393333 -0.0249549 
v 0.125733 0.0394542 -0.024852 
v 0.12575 0.0391919 -0.0246307 
v 0.125792 0.0391458 -0.0246466 
v 0.1265 0.0386006 -0.0251376 
v 0.1265 0.0386567 -0.0252025 
v 0.1265 0.0383416 -0.0248947 
v 0.1265 0.0387985 -0.0253664 
v 0.1265 0.0389124 -0.0255287 
v 0.1265 0.0389629 -0.0256007 
v 0.1265 0.0391001 -0.0258471 
v 0.1265 0.0391631 -0.0259861 
v 0.1265 0.0391127 -0.0258748 
v 0.1265 0.0392494 -0.0262245 
v 0.1265 0.039312 -0.0264715 
v 0.1265 0.0393505 -0.0267284 
v 0.1265 0.0393582 -0.0268236 
v 0.1265 0.0393372 -0.0266395 
v 0.1265 0.0393619 -0.0270888 
v 0.1265 0.0393395 -0.0273603 
v 0.126214 0.0395694 -0.0277343 
v 0.126202 0.0395811 -0.0277382 
v 0.1265 0.0393122 -0.0275122 
v 0.1265 0.0392894 -0.0276393 
v 0.125813 0.040063 -0.0274154 
vn 0.724579 0.688824 0.0224922 
vn 0.729687 0.681338 -0.0577569 
vn 0.706753 0.70126 -0.0934589 
vn 0.707107 0.691576 -0.147387 
vn 0.707107 0.705693 -0.0446991 
vn 0.711296 0.702253 -0.0299804 
vn 0.735416 0.673395 0.075516 
vn 0.738244 0.668223 0.092052 
vn 0.745957 0.665207 0.032373 
vn 0.747548 0.643683 0.163844 
vn 0.755775 0.643324 0.122223 
vn 0.748935 0.637834 0.179625 
vn 0.75188 0.615 0.237595 
vn 0.759057 0.615877 0.211016 
vn 0.75206 0.600878 0.270836 
vn 0.750623 0.581993 0.312807 
vn 0.755775 0.583103 0.297984 
vn 0.750302 0.579457 0.31824 
vn 0.74162 0.539234 0.399031 
vn 0.745957 0.545287 0.382375 
vn 0.728745 0.502462 0.465255 
vn 0.729687 0.502755 0.463459 
vn 0.726063 0.49597 0.476283 
vn 0.707107 0.455875 0.540535 
vn 0.707107 0.455875 0.540535 
vn 0.729587 0.494383 0.472534 
vn 0.734358 0.503614 0.455073 
vn 0.707107 0.455875 0.540535 
vn 0.744867 0.526149 0.410294 
vn 0.752854 0.546139 0.367345 
vn 0.755791 0.55465 0.348056 
vn 0.76302 0.580646 0.283992 
vn 0.765431 0.593629 0.248436 
vn 0.763591 0.583299 0.27693 
vn 0.767108 0.613276 0.188249 
vn 0.765915 0.630289 0.126927 
vn 0.761855 0.644571 0.0640741 
vn 0.759678 0.649006 0.0410009 
vn 0.763609 0.639943 0.0858714 
vn 0.751838 0.658959 -0.0226352 
vn 0.741266 0.665552 -0.0869804 
vn 0.707987 0.679224 -0.193414 
vn 0.707107 0.679642 -0.19516 
vn 0.734355 0.6676 -0.122608 
vn 0.727898 0.668551 -0.152325 
vn 0.707093 0.691092 -0.149705 
f 3712//3712 3713//3713 3714//3714 
f 3713//3713 3715//3715 3714//3714 
f 3714//3714 3716//3716 3717//3717 
f 3713//3713 3718//3718 3719//3719 
f 3713//3713 3712//3712 3718//3718 
f 3720//3720 3719//3719 3721//3721 
f 3722//3722 3723//3723 3724//3724 
f 3722//3722 3721//3721 3723//3723 
f 3725//3725 3726//3726 3727//3727 
f 3725//3725 3724//3724 3726//3726 
f 3728//3728 3729//3729 3730//3730 
f 3728//3728 3727//3727 3729//3729 
f 3731//3731 3730//3730 3732//3732 
f 3733//3733 3734//3734 3735//3735 
f 3733//3733 3732//3732 3734//3734 
f 3736//3736 3737//3737 3738//3738 
f 3736//3736 3739//3739 3737//3737 
f 3733//3733 3740//3740 3741//3741 
f 3733//3733 3738//3738 3740//3740 
f 3731//3731 3742//3742 3743//3743 
f 3743//3743 3728//3728 3731//3731 
f 3731//3731 3741//3741 3742//3742 
f 3725//3725 3728//3728 3744//3744 
f 3728//3728 3745//3745 3744//3744 
f 3722//3722 3725//3725 3746//3746 
f 3746//3746 3747//3747 3722//3722 
f 3720//3720 3748//3748 3749//3749 
f 3720//3720 3722//3722 3750//3750 
f 3750//3750 3748//3748 3720//3720 
f 3713//3713 3720//3720 3751//3751 
f 3751//3751 3752//3752 3713//3713 
f 3713//3713 3753//3753 3754//3754 
f 3753//3753 3713//3713 3755//3755 
f 3755//3755 3756//3756 3753//3753 
f 3754//3754 3757//3757 3713//3713 
f 3757//3757 3715//3715 3713//3713 
f 3752//3752 3755//3755 3713//3713 
f 3749//3749 3751//3751 3720//3720 
f 3747//3747 3750//3750 3722//3722 
f 3744//3744 3746//3746 3725//3725 
f 3743//3743 3745//3745 3728//3728 
f 3741//3741 3731//3731 3733//3733 
f 3738//3738 3733//3733 3736//3736 
f 3735//3735 3736//3736 3733//3733 
f 3732//3732 3733//3733 3731//3731 
f 3730//3730 3731//3731 3728//3728 
f 3727//3727 3728//3728 3725//3725 
f 3724//3724 3725//3725 3722//3722 
f 3721//3721 3722//3722 3720//3720 
f 3719//3719 3720//3720 3713//3713 
f 3714//3714 3717//3717 3712//3712 
v 0.119 0.0272693 -0.0155 
v 0.12575 0.0272693 -0.0155 
v 0.12575 0.0275691 -0.015515 
v 0.119 0.0275691 -0.015515 
v 0.12575 0.0278659 -0.0155599 
v 0.119 0.0278659 -0.0155599 
v 0.12575 0.0281567 -0.0156342 
v 0.119 0.0281567 -0.0156342 
v 0.12575 0.0284386 -0.0157372 
v 0.119 0.0284386 -0.0157372 
v 0.12575 0.0287088 -0.0158679 
v 0.119 0.0287088 -0.0158679 
v 0.12575 0.0289646 -0.0160249 
v 0.119 0.0289646 -0.0160249 
v 0.12575 0.0292035 -0.0162067 
v 0.119 0.0292035 -0.0162067 
vn 2.22045e-16 -1.78184e-48 1 
vn 2.22045e-16 -1.78184e-48 1 
vn 2.2648e-16 0.099924 0.994995 
vn 2.2648e-16 0.099924 0.994995 
vn 2.28649e-16 0.198848 0.98003 
vn 2.28649e-16 0.198848 0.98003 
vn 2.28529e-16 0.295781 0.955256 
vn 2.28529e-16 0.295781 0.955256 
vn 2.26121e-16 0.389754 0.920919 
vn 2.26121e-16 0.389754 0.920919 
vn 2.2145e-16 0.479825 0.877364 
vn 2.2145e-16 0.479825 0.877364 
vn 2.14562e-16 0.565093 0.825027 
vn 2.14562e-16 0.565093 0.825027 
vn 2.05526e-16 0.644705 0.764432 
vn 2.05526e-16 0.644705 0.764432 
f 3758//3758 3759//3759 3760//3760 
f 3761//3761 3760//3760 3762//3762 
f 3763//3763 3762//3762 3764//3764 
f 3765//3765 3764//3764 3766//3766 
f 3767//3767 3766//3766 3768//3768 
f 3769//3769 3768//3768 3770//3770 
f 3771//3771 3770//3770 3772//3772 
f 3772//3772 3773//3773 3771//3771 
f 3770//3770 3771//3771 3769//3769 
f 3768//3768 3769//3769 3767//3767 
f 3766//3766 3767//3767 3765//3765 
f 3764//3764 3765//3765 3763//3763 
f 3762//3762 3763//3763 3761//3761 
f 3760//3760 3761//3761 3758//3758 
v 0.12575 0.0292035 -0.0162067 
v 0.1265 0.0287199 -0.01678 
v 0.1265 0.0383416 -0.0248947 
v 0.125792 0.0391458 -0.0246466 
v 0.12575 0.0391919 -0.0246307 
vn 0.707107 0.455875 0.540535 
vn 0.707107 0.455875 0.540535 
vn 0.707107 0.455875 0.540535 
vn 0.707107 0.455875 0.540535 
vn 0.707107 0.455875 0.540535 
f 3774//3774 3775//3775 3776//3776 
f 3776//3776 3777//3777 3774//3774 
f 3777//3777 3778//3778 3774//3774 
v 0.119 -0.0125 0.012 
v 0.119 -0.0131684 0.0140572 
v 0.119 -0.013399 0.014342 
v 0.119 -0.0125192 0.0123658 
v 0.119 -0.0128026 0.0134236 
v 0.119 -0.0129689 0.01375 
v 0.119 -0.0125765 0.0127277 
v 0.119 -0.0139428 0.0148316 
v 0.119 -0.01425 0.0150311 
v 0.119 -0.013658 0.014601 
v 0.119 -0.0126713 0.0130816 
v 0.119 -0.0145764 0.0151974 
v 0.119 -0.0149184 0.0153287 
v 0.119 -0.0131684 -0.0140572 
v 0.119 -0.0156342 -0.0154808 
v 0.119 -0.0152723 -0.0154235 
v 0.119 -0.0152723 0.0154235 
v 0.119 -0.0156342 0.0154808 
v 0.119 -0.016 -0.0155 
v 0.119 -0.0125765 -0.0127277 
v 0.119 -0.0125192 -0.0123658 
v 0.119 -0.0129689 -0.01375 
v 0.119 -0.0128026 -0.0134236 
v 0.119 -0.0139428 -0.0148316 
v 0.119 -0.013658 -0.014601 
v 0.119 -0.0145764 -0.0151974 
v 0.119 -0.01425 -0.0150311 
v 0.119 -0.0126713 -0.0130816 
v 0.119 -0.0149184 -0.0153287 
v 0.119 -0.016 0.0155 
v 0.119 -0.0272693 0.0155 
v 0.119 -0.0125 -0.012 
v 0.119 -0.013399 -0.014342 
v 0.119 -0.0275691 0.015515 
v 0.119 -0.0301441 0.017 
v 0.119 -0.0477578 0.0130326 
v 0.119 -0.0478 0.0121154 
v 0.119 -0.0418792 0.027 
v 0.119 -0.0471327 0.0157073 
v 0.119 -0.0457561 -0.0155 
v 0.119 -0.0278659 0.0155599 
v 0.119 -0.0476318 0.0139421 
v 0.119 -0.0474228 0.0148361 
v 0.119 -0.0287088 0.0158679 
v 0.119 -0.0458635 -0.0155058 
v 0.119 -0.0281567 0.0156342 
v 0.119 -0.0459698 -0.0155231 
v 0.119 -0.0478 -0.0121154 
v 0.119 -0.0292035 0.0162067 
v 0.119 -0.0284386 0.0157372 
v 0.119 -0.0460735 -0.0155517 
v 0.119 -0.0289646 0.0160249 
v 0.119 -0.0461736 -0.0155913 
v 0.119 -0.0477578 -0.0130326 
v 0.119 -0.0462688 -0.0156415 
v 0.119 -0.0463581 -0.0157015 
v 0.119 -0.0476318 -0.0139421 
v 0.119 -0.0474228 -0.0148361 
v 0.119 -0.0465148 -0.0158486 
v 0.119 -0.0464404 -0.0157709 
v 0.119 -0.0471327 -0.0157073 
v 0.119 -0.0465804 -0.015934 
v 0.119 -0.0421407 0.027567 
v 0.119 -0.0421869 0.0277707 
v 0.119 -0.0466824 -0.0161232 
v 0.119 -0.0466365 -0.0160258 
v 0.119 -0.0422117 0.0279782 
v 0.119 -0.0421958 0.0283951 
v 0.119 -0.0421554 0.0286 
v 0.119 -0.0422146 0.028187 
v 0.119 -0.041986 0.0271795 
v 0.119 -0.0420735 0.0273692 
v 0.119 -0.0467175 -0.0162249 
v 0.119 -0.0467541 -0.0164367 
v 0.119 -0.0467415 -0.0163298 
v 0.119 -0.0467445 -0.0166515 
v 0.119 -0.0467551 -0.0165443 
v 0.119 -0.0466893 -0.0168592 
v 0.119 -0.0467225 -0.0167568 
v 0.119 0.0222 0.027 
v 0.119 -0.0420938 0.0287997 
v 0.119 0.0222 0.017 
vn 1 -5.55112e-17 -2.22045e-16 
vn 1 -5.55112e-17 -2.22045e-16 
vn 1 -5.55112e-17 -2.22045e-16 
vn 1 -5.55112e-17 -2.22045e-16 
vn 1 -5.55112e-17 -2.22045e-16 
vn 1 -5.55112e-17 -2.22045e-16 
vn 1 -5.55112e-17 -2.22045e-16 
vn 1 -5.55112e-17 -2.22045e-16 
vn 1 -5.55112e-17 -2.22045e-16 
vn 1 -5.55112e-17 -2.22045e-16 
vn 1 -5.55112e-17 -2.22045e-16 
vn 1 -5.55112e-17 -2.22045e-16 
vn 1 -5.55112e-17 -2.22045e-16 
vn 1 -5.55112e-17 -2.22045e-16 
vn 1 -5.55112e-17 -2.22045e-16 
vn 1 -5.55112e-17 -2.22045e-16 
vn 1 -5.55112e-17 -2.22045e-16 
vn 1 -5.55112e-17 -2.22045e-16 
vn 1 -5.55112e-17 -2.22045e-16 
vn 1 -5.55112e-17 -2.22045e-16 
vn 1 -5.55112e-17 -2.22045e-16 
vn 1 -5.55112e-17 -2.22045e-16 
vn 1 -5.55112e-17 -2.22045e-16 
vn 1 -5.55112e-17 -2.22045e-16 
vn 1 -5.55112e-17 -2.22045e-16 
vn 1 -5.55112e-17 -2.22045e-16 
vn 1 -5.55112e-17 -2.22045e-16 
vn 1 -5.55112e-17 -2.22045e-16 
vn 1 -5.55112e-17 -2.22045e-16 
vn 1 -5.55112e-17 -2.22045e-16 
vn 1 -5.55112e-17 -2.22045e-16 
vn 1 -5.55112e-17 -2.22045e-16 
vn 1 -5.55112e-17 -2.22045e-16 
vn 1 -5.55112e-17 -2.22045e-16 
vn 1 -5.55112e-17 -2.22045e-16 
vn 1 -5.55112e-17 -2.22045e-16 
vn 1 -5.55112e-17 -2.22045e-16 
vn 1 -5.55112e-17 -2.22045e-16 
vn 1 -5.55112e-17 -2.22045e-16 
vn 1 -5.55112e-17 -2.22045e-16 
vn 1 -5.55112e-17 -2.22045e-16 
vn 1 -5.55112e-17 -2.22045e-16 
vn 1 -5.55112e-17 -2.22045e-16 
vn 1 -5.55112e-17 -2.22045e-16 
vn 1 -5.55112e-17 -2.22045e-16 
vn 1 -5.55112e-17 -2.22045e-16 
vn 1 -5.55112e-17 -2.22045e-16 
vn 1 -5.55112e-17 -2.22045e-16 
vn 1 -5.55112e-17 -2.22045e-16 
vn 1 -5.55112e-17 -2.22045e-16 
vn 1 -5.55112e-17 -2.22045e-16 
vn 1 -5.55112e-17 -2.22045e-16 
vn 1 -5.55112e-17 -2.22045e-16 
vn 1 -5.55112e-17 -2.22045e-16 
vn 1 -5.55112e-17 -2.22045e-16 
vn 1 -5.55112e-17 -2.22045e-16 
vn 1 -5.55112e-17 -2.22045e-16 
vn 1 -5.55112e-17 -2.22045e-16 
vn 1 -5.55112e-17 -2.22045e-16 
vn 1 -5.55112e-17 -2.22045e-16 
vn 1 -5.55112e-17 -2.22045e-16 
vn 1 -5.55112e-17 -2.22045e-16 
vn 1 -5.55112e-17 -2.22045e-16 
vn 1 -5.55112e-17 -2.22045e-16 
vn 1 -5.55112e-17 -2.22045e-16 
vn 1 -5.55112e-17 -2.22045e-16 
vn 1 -5.55112e-17 -2.22045e-16 
vn 1 -5.55112e-17 -2.22045e-16 
vn 1 -5.55112e-17 -2.22045e-16 
vn 1 -5.55112e-17 -2.22045e-16 
vn 1 -5.55112e-17 -2.22045e-16 
vn 1 -5.55112e-17 -2.22045e-16 
vn 1 -5.55112e-17 -2.22045e-16 
vn 1 -5.55112e-17 -2.22045e-16 
vn 1 -5.55112e-17 -2.22045e-16 
vn 1 -5.55112e-17 -2.22045e-16 
vn 1 -5.55112e-17 -2.22045e-16 
vn 1 -5.55112e-17 -2.22045e-16 
vn 1 -5.55112e-17 -2.22045e-16 
vn 1 -5.55112e-17 -2.22045e-16 
vn 1 -5.55112e-17 -2.22045e-16 
vn 1 -5.55112e-17 -2.22045e-16 
f 3779//3779 3780//3780 3781//3781 
f 3782//3782 3783//3783 3784//3784 
f 3783//3783 3782//3782 3785//3785 
f 3779//3779 3786//3786 3787//3787 
f 3781//3781 3788//3788 3779//3779 
f 3785//3785 3789//3789 3783//3783 
f 3788//3788 3786//3786 3779//3779 
f 3780//3780 3779//3779 3782//3782 
f 3779//3779 3790//3790 3791//3791 
f 3784//3784 3780//3780 3782//3782 
f 3792//3792 3793//3793 3794//3794 
f 3779//3779 3795//3795 3796//3796 
f 3787//3787 3790//3790 3779//3779 
f 3797//3797 3798//3798 3799//3799 
f 3797//3797 3800//3800 3801//3801 
f 3792//3792 3802//3802 3803//3803 
f 3792//3792 3804//3804 3805//3805 
f 3792//3792 3797//3797 3793//3793 
f 3791//3791 3795//3795 3779//3779 
f 3797//3797 3806//3806 3798//3798 
f 3797//3797 3792//3792 3800//3800 
f 3805//3805 3802//3802 3792//3792 
f 3794//3794 3807//3807 3792//3792 
f 3796//3796 3808//3808 3779//3779 
f 3809//3809 3797//3797 3810//3810 
f 3801//3801 3806//3806 3797//3797 
f 3807//3807 3804//3804 3792//3792 
f 3810//3810 3779//3779 3809//3809 
f 3803//3803 3811//3811 3792//3792 
f 3797//3797 3809//3809 3812//3812 
f 3799//3799 3810//3810 3797//3797 
f 3813//3813 3814//3814 3815//3815 
f 3813//3813 3816//3816 3817//3817 
f 3818//3818 3812//3812 3819//3819 
f 3808//3808 3809//3809 3779//3779 
f 3813//3813 3820//3820 3814//3814 
f 3817//3817 3821//3821 3813//3813 
f 3812//3812 3818//3818 3797//3797 
f 3821//3821 3820//3820 3813//3813 
f 3822//3822 3823//3823 3818//3818 
f 3819//3819 3824//3824 3818//3818 
f 3825//3825 3815//3815 3826//3826 
f 3823//3823 3827//3827 3813//3813 
f 3824//3824 3828//3828 3818//3818 
f 3826//3826 3829//3829 3825//3825 
f 3823//3823 3830//3830 3827//3827 
f 3818//3818 3828//3828 3822//3822 
f 3826//3826 3831//3831 3829//3829 
f 3831//3831 3826//3826 3832//3832 
f 3822//3822 3830//3830 3823//3823 
f 3832//3832 3833//3833 3831//3831 
f 3834//3834 3835//3835 3836//3836 
f 3825//3825 3823//3823 3815//3815 
f 3833//3833 3832//3832 3835//3835 
f 3836//3836 3837//3837 3838//3838 
f 3837//3837 3836//3836 3839//3839 
f 3835//3835 3834//3834 3833//3833 
f 3839//3839 3840//3840 3837//3837 
f 3817//3817 3841//3841 3842//3842 
f 3836//3836 3838//3838 3834//3834 
f 3839//3839 3843//3843 3844//3844 
f 3842//3842 3845//3845 3817//3817 
f 3844//3844 3840//3840 3839//3839 
f 3817//3817 3846//3846 3847//3847 
f 3845//3845 3848//3848 3817//3817 
f 3817//3817 3849//3849 3850//3850 
f 3839//3839 3851//3851 3843//3843 
f 3839//3839 3852//3852 3853//3853 
f 3839//3839 3854//3854 3855//3855 
f 3839//3839 3856//3856 3857//3857 
f 3848//3848 3846//3846 3817//3817 
f 3817//3817 3816//3816 3849//3849 
f 3853//3853 3851//3851 3839//3839 
f 3857//3857 3854//3854 3839//3839 
f 3850//3850 3841//3841 3817//3817 
f 3855//3855 3852//3852 3839//3839 
f 3858//3858 3816//3816 3813//3813 
f 3815//3815 3823//3823 3813//3813 
f 3847//3847 3859//3859 3817//3817 
f 3813//3813 3860//3860 3858//3858 
v 0.119 0.0222 0.027 
v 0.1245 0.0222 0.027 
v 0.1245 -0.041465 0.027 
v 0.119 -0.0418792 0.027 
v 0.124089 -0.0418792 0.027 
vn 9.77468e-48 1.14546e-15 -1 
vn 9.77468e-48 1.14546e-15 -1 
vn 9.77468e-48 1.14546e-15 -1 
vn 9.77468e-48 1.14546e-15 -1 
vn 9.77468e-48 1.14546e-15 -1 
f 3861//3861 3862//3862 3863//3863 
f 3863//3863 3864//3864 3861//3861 
f 3863//3863 3865//3865 3864//3864 
v 0.119 0.0222 0.017 
v 0.119 -0.0301441 0.017 
v 0.1245 -0.0301441 0.017 
v 0.1245 0.0222 0.017 
vn -9.77468e-48 -1.14546e-15 1 
vn -9.77468e-48 -1.14546e-15 1 
vn -9.77468e-48 -1.14546e-15 1 
vn -9.77468e-48 -1.14546e-15 1 
f 3866//3866 3867//3867 3868//3868 
f 3868//3868 3869//3869 3866//3866 
v 0.1245 0.0222 0.027 
v 0.119 0.0222 0.027 
v 0.119 0.0222 0.017 
v 0.1245 0.0222 0.017 
vn -5.55112e-17 -1 -1.14546e-15 
vn -5.55112e-17 -1 -1.14546e-15 
vn -5.55112e-17 -1 -1.14546e-15 
vn -5.55112e-17 -1 -1.14546e-15 
f 3870//3870 3871//3871 3872//3872 
f 3872//3872 3873//3873 3870//3870 
v 0.1235 -0.0411148 0.0308412 
v 0.124439 -0.0402169 0.030499 
v 0.123685 -0.0404343 0.0314677 
v 0.124636 -0.040157 0.0302305 
v 0.1235 -0.0415613 0.0300573 
v 0.124652 -0.0401521 0.0302088 
v 0.125272 -0.039942 0.0292773 
v 0.1235 -0.0419272 0.0292327 
v 0.125702 -0.0397962 0.0286307 
v 0.125834 -0.0397406 0.0283979 
v 0.126114 -0.0396229 0.0279052 
v 0.123486 -0.0421273 0.0287005 
v 0.123489 -0.0421554 0.0286 
v 0.123488 -0.0420938 0.0287997 
v 0.123491 -0.0421598 0.0285799 
v 0.126161 -0.0396004 0.0278153 
v 0.123594 -0.0422117 0.0279782 
v 0.123624 -0.0422027 0.0278804 
v 0.125813 -0.040063 0.0274154 
v 0.123507 -0.0421958 0.0283951 
v 0.123523 -0.042208 0.0282907 
v 0.123542 -0.0422146 0.028187 
v 0.123566 -0.0422159 0.0280822 
v 0.123497 -0.0421803 0.0284879 
v 0.12396 -0.041986 0.0271795 
v 0.123974 -0.0419745 0.0271603 
v 0.125204 -0.0407413 0.0269532 
v 0.125792 -0.0400886 0.0273982 
v 0.123845 -0.0420735 0.0273692 
v 0.123794 -0.0421095 0.0274666 
v 0.123662 -0.0421869 0.0277707 
v 0.123702 -0.0421663 0.0276674 
v 0.123746 -0.0421407 0.027567 
v 0.1245 -0.041465 0.027 
v 0.1245 -0.0415065 0.0265828 
v 0.124501 -0.0415054 0.0265819 
v 0.124089 -0.0418792 0.027 
v 0.124605 -0.0414072 0.0264991 
v 0.126202 -0.0395811 0.0277382 
v 0.1235 -0.040592 0.0315765 
v 0.1235 -0.0404878 0.031706 
vn 0.707107 -0.59609 0.380363 
vn 0.707107 -0.586743 0.39463 
vn 0.707107 -0.554402 0.438906 
vn 0.707107 -0.596075 0.380387 
vn 0.707107 -0.631176 0.318774 
vn 0.707107 -0.596834 0.379195 
vn 0.707107 -0.629677 0.321724 
vn 0.707107 -0.659919 0.253982 
vn 0.707107 -0.652016 0.273632 
vn 0.707107 -0.659678 0.254609 
vn 0.707107 -0.674905 0.210957 
vn 0.707107 -0.674625 0.211852 
vn 0.707107 -0.677031 0.204032 
vn 0.707107 -0.67212 0.219671 
vn 0.707107 -0.677495 0.202487 
vn 0.707107 -0.677483 0.202525 
vn 0.707107 -0.689445 0.157053 
vn 0.707107 -0.691059 0.149792 
vn 0.707107 -0.691084 0.149675 
vn 0.707107 -0.681567 0.188326 
vn 0.707107 -0.683701 0.180424 
vn 0.707107 -0.685709 0.172637 
vn 0.707107 -0.687635 0.164798 
vn 0.707107 -0.679572 0.195401 
vn 0.707107 -0.70033 0.0976643 
vn 0.707107 -0.700529 0.0962257 
vn 0.707107 -0.701014 0.0926277 
vn 0.707107 -0.691576 0.147387 
vn 0.707107 -0.698201 0.111869 
vn 0.707107 -0.697001 0.119119 
vn 0.707107 -0.69277 0.141667 
vn 0.707107 -0.694292 0.134008 
vn 0.707107 -0.695686 0.126572 
vn 0.707107 -0.701561 0.0883883 
vn 0.707107 -0.705228 0.0515148 
vn 0.707107 -0.705233 0.0514372 
vn 0.707107 -0.702092 0.0840685 
vn 0.707107 -0.705693 0.0446991 
vn 0.707107 -0.679642 0.19516 
vn 0.707107 -0.555015 0.43813 
vn 0.707107 -0.54683 0.448305 
f 3874//3874 3875//3875 3876//3876 
f 3874//3874 3877//3877 3875//3875 
f 3878//3878 3879//3879 3877//3877 
f 3878//3878 3880//3880 3879//3879 
f 3881//3881 3882//3882 3880//3880 
f 3881//3881 3883//3883 3882//3882 
f 3884//3884 3885//3885 3886//3886 
f 3884//3884 3887//3887 3885//3885 
f 3887//3887 3884//3884 3883//3883 
f 3883//3883 3881//3881 3887//3887 
f 3888//3888 3889//3889 3884//3884 
f 3890//3890 3891//3891 3892//3892 
f 3892//3892 3889//3889 3890//3890 
f 3889//3889 3893//3893 3894//3894 
f 3894//3894 3895//3895 3889//3889 
f 3895//3895 3896//3896 3889//3889 
f 3889//3889 3888//3888 3897//3897 
f 3897//3897 3893//3893 3889//3889 
f 3896//3896 3890//3890 3889//3889 
f 3898//3898 3899//3899 3900//3900 
f 3901//3901 3902//3902 3898//3898 
f 3901//3901 3903//3903 3902//3902 
f 3901//3901 3891//3891 3904//3904 
f 3904//3904 3905//3905 3901//3901 
f 3905//3905 3906//3906 3901//3901 
f 3906//3906 3903//3903 3901//3901 
f 3900//3900 3901//3901 3898//3898 
f 3907//3907 3908//3908 3909//3909 
f 3909//3909 3900//3900 3907//3907 
f 3899//3899 3910//3910 3907//3907 
f 3907//3907 3900//3900 3899//3899 
f 3909//3909 3911//3911 3900//3900 
f 3901//3901 3892//3892 3891//3891 
f 3892//3892 3912//3912 3889//3889 
f 3886//3886 3888//3888 3884//3884 
f 3880//3880 3878//3878 3881//3881 
f 3877//3877 3874//3874 3878//3878 
f 3876//3876 3913//3913 3874//3874 
f 3913//3913 3876//3876 3914//3914 
v 0.1245 -0.0415054 0.0265819 
v 0.1245 -0.0301441 0.017 
v 0.124605 -0.0414072 0.0264991 
v 0.12483 -0.0411694 0.0262985 
v 0.125045 -0.0409219 0.0260898 
v 0.12497 -0.0410223 0.0261744 
v 0.125409 -0.0403853 0.0256372 
v 0.125257 -0.0406426 0.0258542 
v 0.125552 -0.0400993 0.025396 
v 0.12546 -0.0402977 0.0255633 
v 0.125724 -0.0394989 0.0248897 
v 0.12567 -0.0397652 0.0251142 
v 0.12575 -0.0391919 0.0246307 
v 0.125733 -0.0394544 0.0248521 
v 0.12556 -0.0400825 0.0253819 
v 0.12575 -0.0292035 0.0162067 
v 0.119 -0.0292035 0.0162067 
v 0.124501 -0.0415054 0.0265819 
v 0.119 -0.0301441 0.017 
vn -2.05526e-16 -0.644705 -0.764432 
vn -2.05526e-16 -0.644705 -0.764432 
vn -2.05526e-16 -0.644705 -0.764432 
vn -2.05526e-16 -0.644705 -0.764432 
vn -2.05526e-16 -0.644705 -0.764432 
vn -2.05526e-16 -0.644705 -0.764432 
vn -2.05526e-16 -0.644705 -0.764432 
vn -2.05526e-16 -0.644705 -0.764432 
vn -2.05526e-16 -0.644705 -0.764432 
vn -2.05526e-16 -0.644705 -0.764432 
vn -2.05526e-16 -0.644705 -0.764432 
vn -2.05526e-16 -0.644705 -0.764432 
vn -2.05526e-16 -0.644705 -0.764432 
vn -2.05526e-16 -0.644705 -0.764432 
vn -2.05526e-16 -0.644705 -0.764432 
vn -2.05526e-16 -0.644705 -0.764432 
vn -2.05526e-16 -0.644705 -0.764432 
vn -2.05526e-16 -0.644705 -0.764432 
vn -2.05526e-16 -0.644705 -0.764432 
f 3915//3915 3916//3916 3917//3917 
f 3916//3916 3918//3918 3917//3917 
f 3916//3916 3919//3919 3920//3920 
f 3916//3916 3921//3921 3922//3922 
f 3916//3916 3923//3923 3924//3924 
f 3916//3916 3925//3925 3926//3926 
f 3916//3916 3927//3927 3928//3928 
f 3920//3920 3918//3918 3916//3916 
f 3924//3924 3921//3921 3916//3916 
f 3926//3926 3929//3929 3916//3916 
f 3916//3916 3930//3930 3927//3927 
f 3922//3922 3919//3919 3916//3916 
f 3928//3928 3925//3925 3916//3916 
f 3931//3931 3930//3930 3916//3916 
f 3929//3929 3923//3923 3916//3916 
f 3917//3917 3932//3932 3915//3915 
f 3916//3916 3933//3933 3931//3931 
v 0.1245 -0.041465 0.027 
v 0.1245 0.0222 0.027 
v 0.1245 -0.0301441 0.017 
v 0.1245 0.0222 0.017 
v 0.1245 -0.0415054 0.0265819 
v 0.1245 -0.0415065 0.0265828 
vn -1 5.55112e-17 7.70372e-32 
vn -1 5.55112e-17 7.70372e-32 
vn -1 5.55112e-17 7.70372e-32 
vn -1 5.55112e-17 7.70372e-32 
vn -1 5.55112e-17 7.70372e-32 
vn -1 5.55112e-17 7.70372e-32 
f 3934//3934 3935//3935 3936//3936 
f 3935//3935 3937//3937 3936//3936 
f 3936//3936 3938//3938 3934//3934 
f 3938//3938 3939//3939 3934//3934 
v 0.1245 -0.0415065 0.0265828 
v 0.1245 -0.0415054 0.0265819 
v 0.124501 -0.0415054 0.0265819 
vn -2.0545e-16 -0.64528 -0.763946 
vn -2.05526e-16 -0.644705 -0.764432 
vn -2.05526e-16 -0.644705 -0.764432 
f 3940//3940 3941//3941 3942//3942 
v 0.119 0.0139428 -0.0148316 
v 0.119 0.0149184 -0.0153287 
v 0.119 0.0152723 -0.0154235 
v 0.119 0.01425 -0.0150311 
v 0.119 0.0145764 -0.0151974 
v 0.119 0.0156342 -0.0154808 
v 0.119 0.0131684 -0.0140572 
v 0.119 0.013399 -0.014342 
v 0.119 0.0128026 -0.0134236 
v 0.119 0.0129689 -0.01375 
v 0.119 0.0125765 -0.0127277 
v 0.119 0.0126713 -0.0130816 
v 0.119 0.0301441 -0.017 
v 0.119 0.0418707 -0.027 
v 0.119 0.0471327 -0.0157073 
v 0.119 0.013658 -0.014601 
v 0.119 0.0125 -0.012 
v 0.119 0.0125192 -0.0123658 
v 0.119 0.0128026 0.0134236 
v 0.119 0.0458635 0.0155058 
v 0.119 0.0457561 0.0155 
v 0.119 0.0474228 -0.0148361 
v 0.119 0.0129689 0.01375 
v 0.119 0.0477578 -0.0130326 
v 0.119 0.0478 -0.0121154 
v 0.119 0.0476318 -0.0139421 
v 0.119 0.0131684 0.0140572 
v 0.119 0.013399 0.014342 
v 0.119 0.0459698 0.0155231 
v 0.119 0.0292035 -0.0162067 
v 0.119 0.0275691 -0.015515 
v 0.119 0.0278659 -0.0155599 
v 0.119 0.016 -0.0155 
v 0.119 0.0272693 -0.0155 
v 0.119 0.0125765 0.0127277 
v 0.119 0.0125192 0.0123658 
v 0.119 0.0126713 0.0130816 
v 0.119 0.013658 0.014601 
v 0.119 0.0289646 -0.0160249 
v 0.119 0.0281567 -0.0156342 
v 0.119 0.0125 0.012 
v 0.119 0.0149184 0.0153287 
v 0.119 0.016 0.0155 
v 0.119 0.0156342 0.0154808 
v 0.119 0.0145764 0.0151974 
v 0.119 0.0139428 0.0148316 
v 0.119 0.0287088 -0.0158679 
v 0.119 0.0284386 -0.0157372 
v 0.119 0.01425 0.0150311 
v 0.119 0.0462688 0.0156415 
v 0.119 0.0477578 0.0130326 
v 0.119 0.0476318 0.0139421 
v 0.119 0.0463581 0.0157015 
v 0.119 0.0474228 0.0148361 
v 0.119 0.0465148 0.0158486 
v 0.119 0.0471327 0.0157073 
v 0.119 0.0467415 0.0163298 
v 0.119 0.0467175 0.0162249 
v 0.119 0.0478 0.0121154 
v 0.119 0.0464404 0.0157709 
v 0.119 0.0465804 0.015934 
v 0.119 0.0467541 0.0164367 
v 0.119 0.0466893 0.0168592 
v 0.119 0.0467225 0.0167568 
v 0.119 0.0422044 -0.0280129 
v 0.119 0.0422048 -0.0282286 
v 0.119 0.0420683 -0.0273828 
v 0.119 0.0421357 -0.0275876 
v 0.119 0.0419796 -0.0271862 
v 0.119 0.0461736 0.0155913 
v 0.119 0.0460735 0.0155517 
v 0.119 0.0466824 0.0161232 
v 0.119 0.0466365 0.0160258 
v 0.119 0.0467551 0.0165443 
v 0.119 0.0467445 0.0166515 
v 0.119 0.0421813 -0.0277985 
v 0.119 0.0421824 -0.0284431 
v 0.119 0.0421377 -0.0286541 
v 0.119 -0.0222 -0.027 
v 0.119 0.0152723 0.0154235 
v 0.119 0.0420709 -0.0288592 
v 0.119 -0.0222 -0.017 
vn 1 -5.55112e-17 -2.22045e-16 
vn 1 -5.55112e-17 -2.22045e-16 
vn 1 -5.55112e-17 -2.22045e-16 
vn 1 -5.55112e-17 -2.22045e-16 
vn 1 -5.55112e-17 -2.22045e-16 
vn 1 -5.55112e-17 -2.22045e-16 
vn 1 -5.55112e-17 -2.22045e-16 
vn 1 -5.55112e-17 -2.22045e-16 
vn 1 -5.55112e-17 -2.22045e-16 
vn 1 -5.55112e-17 -2.22045e-16 
vn 1 -5.55112e-17 -2.22045e-16 
vn 1 -5.55112e-17 -2.22045e-16 
vn 1 -5.55112e-17 -2.22045e-16 
vn 1 -5.55112e-17 -2.22045e-16 
vn 1 -5.55112e-17 -2.22045e-16 
vn 1 -5.55112e-17 -2.22045e-16 
vn 1 -5.55112e-17 -2.22045e-16 
vn 1 -5.55112e-17 -2.22045e-16 
vn 1 -5.55112e-17 -2.22045e-16 
vn 1 -5.55112e-17 -2.22045e-16 
vn 1 -5.55112e-17 -2.22045e-16 
vn 1 -5.55112e-17 -2.22045e-16 
vn 1 -5.55112e-17 -2.22045e-16 
vn 1 -5.55112e-17 -2.22045e-16 
vn 1 -5.55112e-17 -2.22045e-16 
vn 1 -5.55112e-17 -2.22045e-16 
vn 1 -5.55112e-17 -2.22045e-16 
vn 1 -5.55112e-17 -2.22045e-16 
vn 1 -5.55112e-17 -2.22045e-16 
vn 1 -5.55112e-17 -2.22045e-16 
vn 1 -5.55112e-17 -2.22045e-16 
vn 1 -5.55112e-17 -2.22045e-16 
vn 1 -5.55112e-17 -2.22045e-16 
vn 1 -5.55112e-17 -2.22045e-16 
vn 1 -5.55112e-17 -2.22045e-16 
vn 1 -5.55112e-17 -2.22045e-16 
vn 1 -5.55112e-17 -2.22045e-16 
vn 1 -5.55112e-17 -2.22045e-16 
vn 1 -5.55112e-17 -2.22045e-16 
vn 1 -5.55112e-17 -2.22045e-16 
vn 1 -5.55112e-17 -2.22045e-16 
vn 1 -5.55112e-17 -2.22045e-16 
vn 1 -5.55112e-17 -2.22045e-16 
vn 1 -5.55112e-17 -2.22045e-16 
vn 1 -5.55112e-17 -2.22045e-16 
vn 1 -5.55112e-17 -2.22045e-16 
vn 1 -5.55112e-17 -2.22045e-16 
vn 1 -5.55112e-17 -2.22045e-16 
vn 1 -5.55112e-17 -2.22045e-16 
vn 1 -5.55112e-17 -2.22045e-16 
vn 1 -5.55112e-17 -2.22045e-16 
vn 1 -5.55112e-17 -2.22045e-16 
vn 1 -5.55112e-17 -2.22045e-16 
vn 1 -5.55112e-17 -2.22045e-16 
vn 1 -5.55112e-17 -2.22045e-16 
vn 1 -5.55112e-17 -2.22045e-16 
vn 1 -5.55112e-17 -2.22045e-16 
vn 1 -5.55112e-17 -2.22045e-16 
vn 1 -5.55112e-17 -2.22045e-16 
vn 1 -5.55112e-17 -2.22045e-16 
vn 1 -5.55112e-17 -2.22045e-16 
vn 1 -5.55112e-17 -2.22045e-16 
vn 1 -5.55112e-17 -2.22045e-16 
vn 1 -5.55112e-17 -2.22045e-16 
vn 1 -5.55112e-17 -2.22045e-16 
vn 1 -5.55112e-17 -2.22045e-16 
vn 1 -5.55112e-17 -2.22045e-16 
vn 1 -5.55112e-17 -2.22045e-16 
vn 1 -5.55112e-17 -2.22045e-16 
vn 1 -5.55112e-17 -2.22045e-16 
vn 1 -5.55112e-17 -2.22045e-16 
vn 1 -5.55112e-17 -2.22045e-16 
vn 1 -5.55112e-17 -2.22045e-16 
vn 1 -5.55112e-17 -2.22045e-16 
vn 1 -5.55112e-17 -2.22045e-16 
vn 1 -5.55112e-17 -2.22045e-16 
vn 1 -5.55112e-17 -2.22045e-16 
vn 1 -5.55112e-17 -2.22045e-16 
vn 1 -5.55112e-17 -2.22045e-16 
vn 1 -5.55112e-17 -2.22045e-16 
vn 1 -5.55112e-17 -2.22045e-16 
vn 1 -5.55112e-17 -2.22045e-16 
f 3943//3943 3944//3944 3945//3945 
f 3943//3943 3946//3946 3947//3947 
f 3948//3948 3949//3949 3950//3950 
f 3948//3948 3951//3951 3952//3952 
f 3948//3948 3953//3953 3954//3954 
f 3955//3955 3956//3956 3957//3957 
f 3947//3947 3944//3944 3943//3943 
f 3950//3950 3958//3958 3948//3948 
f 3954//3954 3951//3951 3948//3948 
f 3948//3948 3959//3959 3960//3960 
f 3961//3961 3962//3962 3963//3963 
f 3957//3957 3964//3964 3955//3955 
f 3958//3958 3943//3943 3948//3948 
f 3960//3960 3953//3953 3948//3948 
f 3963//3963 3965//3965 3961//3961 
f 3955//3955 3966//3966 3967//3967 
f 3964//3964 3968//3968 3955//3955 
f 3952//3952 3949//3949 3948//3948 
f 3963//3963 3969//3969 3965//3965 
f 3968//3968 3966//3966 3955//3955 
f 3945//3945 3948//3948 3943//3943 
f 3963//3963 3970//3970 3969//3969 
f 3971//3971 3972//3972 3955//3955 
f 3962//3962 3973//3973 3974//3974 
f 3948//3948 3975//3975 3959//3959 
f 3976//3976 3977//3977 3978//3978 
f 3976//3976 3961//3961 3979//3979 
f 3963//3963 3980//3980 3970//3970 
f 3971//3971 3981//3981 3972//3972 
f 3981//3981 3971//3971 3962//3962 
f 3974//3974 3982//3982 3962//3962 
f 3976//3976 3983//3983 3959//3959 
f 3979//3979 3977//3977 3976//3976 
f 3984//3984 3985//3985 3986//3986 
f 3963//3963 3984//3984 3987//3987 
f 3963//3963 3988//3988 3980//3980 
f 3962//3962 3989//3989 3981//3981 
f 3982//3982 3990//3990 3962//3962 
f 3962//3962 3961//3961 3976//3976 
f 3978//3978 3983//3983 3976//3976 
f 3984//3984 3963//3963 3985//3985 
f 3963//3963 3991//3991 3988//3988 
f 3990//3990 3989//3989 3962//3962 
f 3975//3975 3976//3976 3959//3959 
f 3992//3992 3993//3993 3994//3994 
f 3995//3995 3994//3994 3996//3996 
f 3997//3997 3996//3996 3998//3998 
f 3998//3998 3999//3999 4000//4000 
f 3987//3987 3991//3991 3963//3963 
f 3976//3976 3973//3973 3962//3962 
f 3971//3971 3967//3967 4001//4001 
f 3996//3996 4002//4002 3995//3995 
f 3998//3998 4003//4003 3997//3997 
f 3998//3998 4004//4004 3999//3999 
f 3998//3998 4005//4005 4006//4006 
f 3957//3957 4007//4007 4008//4008 
f 3957//3957 4009//4009 4010//4010 
f 3957//3957 3956//3956 4011//4011 
f 3967//3967 3971//3971 3955//3955 
f 4001//4001 4012//4012 4013//4013 
f 3997//3997 4002//4002 3996//3996 
f 3998//3998 4014//4014 4015//4015 
f 3998//3998 4016//4016 4004//4004 
f 4006//4006 4017//4017 3998//3998 
f 3957//3957 4018//4018 4007//4007 
f 4011//4011 4009//4009 3957//3957 
f 4001//4001 4013//4013 3971//3971 
f 4012//4012 4001//4001 3993//3993 
f 4015//4015 4003//4003 3998//3998 
f 4017//4017 4016//4016 3998//3998 
f 3957//3957 4019//4019 4020//4020 
f 4010//4010 4018//4018 3957//3957 
f 3993//3993 3992//3992 4012//4012 
f 4000//4000 4014//4014 3998//3998 
f 4008//4008 4019//4019 3957//3957 
f 3994//3994 3995//3995 3992//3992 
f 4021//4021 3956//3956 3955//3955 
f 3986//3986 4022//4022 3984//3984 
f 4020//4020 4023//4023 3957//3957 
f 3955//3955 4024//4024 4021//4021 
v 0.119 -0.0222 -0.027 
v 0.1245 -0.0222 -0.027 
v 0.1245 0.041465 -0.027 
v 0.119 0.0418707 -0.027 
v 0.124097 0.0418707 -0.027 
vn 0 -2.51525e-48 1 
vn 0 -2.51525e-48 1 
vn 0 -2.51525e-48 1 
vn 0 -2.51525e-48 1 
vn 0 -2.51525e-48 1 
f 4025//4025 4026//4026 4027//4027 
f 4027//4027 4028//4028 4025//4025 
f 4027//4027 4029//4029 4028//4028 
v 0.119 -0.0222 -0.017 
v 0.119 0.0301441 -0.017 
v 0.1245 0.0301441 -0.017 
v 0.1245 -0.0222 -0.017 
vn 0 2.51525e-48 -1 
vn 0 2.51525e-48 -1 
vn 0 2.51525e-48 -1 
vn 0 2.51525e-48 -1 
f 4030//4030 4031//4031 4032//4032 
f 4032//4032 4033//4033 4030//4030 
v 0.1245 -0.0222 -0.017 
v 0.1245 -0.0222 -0.027 
v 0.119 -0.0222 -0.027 
v 0.119 -0.0222 -0.017 
vn 5.55112e-17 1 2.51525e-48 
vn 5.55112e-17 1 2.51525e-48 
vn 5.55112e-17 1 2.51525e-48 
vn 5.55112e-17 1 2.51525e-48 
f 4034//4034 4035//4035 4036//4036 
f 4036//4036 4037//4037 4034//4034 
v 0.1235 0.0411148 -0.0308412 
v 0.124439 0.0402169 -0.030499 
v 0.123685 0.0404343 -0.0314677 
v 0.124636 0.040157 -0.0302305 
v 0.1235 0.0415613 -0.0300573 
v 0.124652 0.0401521 -0.0302088 
v 0.125272 0.039942 -0.0292773 
v 0.1235 0.0419272 -0.0292327 
v 0.125702 0.0397962 -0.0286307 
v 0.125834 0.0397406 -0.0283979 
v 0.126114 0.0396229 -0.0279052 
v 0.123491 0.0420709 -0.0288592 
v 0.123489 0.042107 -0.0287574 
v 0.12349 0.0421377 -0.0286541 
v 0.123494 0.0421563 -0.0285789 
v 0.126161 0.0396004 -0.0278153 
v 0.123593 0.0422044 -0.0280129 
v 0.123634 0.0421925 -0.0278782 
v 0.125813 0.040063 -0.0274154 
v 0.123565 0.0422074 -0.0281204 
v 0.123507 0.0421824 -0.0284431 
v 0.123522 0.0421965 -0.0283355 
v 0.123541 0.0422048 -0.0282286 
v 0.123965 0.0419796 -0.0271862 
v 0.123985 0.0419636 -0.0271588 
v 0.125204 0.0407413 -0.0269532 
v 0.125792 0.0400886 -0.0273982 
v 0.123848 0.0420683 -0.0273828 
v 0.123796 0.0421045 -0.0274837 
v 0.123663 0.0421792 -0.0277988 
v 0.123703 0.0421611 -0.0276915 
v 0.123747 0.0421357 -0.0275876 
v 0.1245 0.041465 -0.027 
v 0.124501 0.0415054 -0.0265819 
v 0.124605 0.0414072 -0.0264991 
v 0.1245 0.0415065 -0.0265829 
v 0.124097 0.0418707 -0.027 
v 0.126202 0.0395811 -0.0277382 
v 0.1235 0.040592 -0.0315765 
v 0.1235 0.0404878 -0.031706 
vn 0.707107 0.59609 -0.380363 
vn 0.707107 0.586743 -0.39463 
vn 0.707107 0.554402 -0.438906 
vn 0.707107 0.596075 -0.380387 
vn 0.707107 0.631176 -0.318774 
vn 0.707107 0.596834 -0.379195 
vn 0.707107 0.629677 -0.321724 
vn 0.707107 0.659919 -0.253982 
vn 0.707107 0.652016 -0.273632 
vn 0.707107 0.659678 -0.254609 
vn 0.707107 0.674905 -0.210957 
vn 0.707107 0.67055 -0.224417 
vn 0.707107 0.673192 -0.216363 
vn 0.707107 0.67573 -0.208301 
vn 0.707107 0.677495 -0.202487 
vn 0.707107 0.677483 -0.202525 
vn 0.707107 0.688814 -0.159799 
vn 0.707107 0.691059 -0.149792 
vn 0.707107 0.691084 -0.149675 
vn 0.707107 0.686907 -0.167807 
vn 0.707107 0.680513 -0.1921 
vn 0.707107 0.682762 -0.183946 
vn 0.707107 0.684878 -0.175903 
vn 0.707107 0.700244 -0.0982766 
vn 0.707107 0.700528 -0.0962316 
vn 0.707107 0.701014 -0.0926277 
vn 0.707107 0.691576 -0.147387 
vn 0.707107 0.698017 -0.113016 
vn 0.707107 0.696758 -0.120534 
vn 0.707107 0.692301 -0.143944 
vn 0.707107 0.693913 -0.135958 
vn 0.707107 0.695378 -0.128254 
vn 0.707107 0.701561 -0.0883883 
vn 0.707107 0.705233 -0.0514372 
vn 0.707107 0.705693 -0.0446991 
vn 0.707107 0.705228 -0.0515174 
vn 0.707107 0.702081 -0.0841529 
vn 0.707107 0.679642 -0.19516 
vn 0.707107 0.555015 -0.43813 
vn 0.707107 0.54683 -0.448305 
f 4038//4038 4039//4039 4040//4040 
f 4038//4038 4041//4041 4039//4039 
f 4042//4042 4043//4043 4041//4041 
f 4042//4042 4044//4044 4043//4043 
f 4045//4045 4046//4046 4044//4044 
f 4045//4045 4047//4047 4046//4046 
f 4048//4048 4049//4049 4050//4050 
f 4050//4050 4051//4051 4048//4048 
f 4049//4049 4048//4048 4047//4047 
f 4047//4047 4045//4045 4049//4049 
f 4052//4052 4053//4053 4048//4048 
f 4054//4054 4055//4055 4056//4056 
f 4056//4056 4053//4053 4054//4054 
f 4053//4053 4057//4057 4054//4054 
f 4053//4053 4052//4052 4058//4058 
f 4058//4058 4059//4059 4053//4053 
f 4059//4059 4060//4060 4053//4053 
f 4060//4060 4057//4057 4053//4053 
f 4061//4061 4062//4062 4063//4063 
f 4064//4064 4065//4065 4061//4061 
f 4064//4064 4066//4066 4065//4065 
f 4064//4064 4067//4067 4068//4068 
f 4068//4068 4069//4069 4064//4064 
f 4069//4069 4066//4066 4064//4064 
f 4063//4063 4064//4064 4061//4061 
f 4056//4056 4055//4055 4067//4067 
f 4070//4070 4071//4071 4072//4072 
f 4070//4070 4073//4073 4071//4071 
f 4062//4062 4074//4074 4070//4070 
f 4070//4070 4063//4063 4062//4062 
f 4072//4072 4063//4063 4070//4070 
f 4064//4064 4056//4056 4067//4067 
f 4056//4056 4075//4075 4053//4053 
f 4051//4051 4052//4052 4048//4048 
f 4044//4044 4042//4042 4045//4045 
f 4041//4041 4038//4038 4042//4042 
f 4040//4040 4076//4076 4038//4038 
f 4076//4076 4040//4040 4077//4077 
v 0.1245 0.0301441 -0.017 
v 0.125408 0.0403851 -0.0256371 
v 0.125283 0.040603 -0.0258208 
v 0.125241 0.0406603 -0.0258692 
v 0.125552 0.0400993 -0.025396 
v 0.125479 0.0402601 -0.0255316 
v 0.1245 0.0415054 -0.0265819 
v 0.124605 0.0414072 -0.0264991 
v 0.12483 0.0411695 -0.0262986 
v 0.124658 0.0413562 -0.0264561 
v 0.125047 0.0409225 -0.0260903 
v 0.125002 0.0409833 -0.0261415 
v 0.125724 0.0394989 -0.0248897 
v 0.12567 0.0397629 -0.0251123 
v 0.12575 0.0391919 -0.0246307 
v 0.125733 0.0394542 -0.024852 
v 0.125562 0.0400784 -0.0253784 
v 0.12575 0.0292035 -0.0162067 
v 0.119 0.0292035 -0.0162067 
v 0.124501 0.0415054 -0.0265819 
v 0.119 0.0301441 -0.017 
vn 2.05526e-16 0.644705 0.764432 
vn 2.05526e-16 0.644705 0.764432 
vn 2.05526e-16 0.644705 0.764432 
vn 2.05526e-16 0.644705 0.764432 
vn 2.05526e-16 0.644705 0.764432 
vn 2.05526e-16 0.644705 0.764432 
vn 2.05526e-16 0.644705 0.764432 
vn 2.05526e-16 0.644705 0.764432 
vn 2.05526e-16 0.644705 0.764432 
vn 2.05526e-16 0.644705 0.764432 
vn 2.05526e-16 0.644705 0.764432 
vn 2.05526e-16 0.644705 0.764432 
vn 2.05526e-16 0.644705 0.764432 
vn 2.05526e-16 0.644705 0.764432 
vn 2.05526e-16 0.644705 0.764432 
vn 2.05526e-16 0.644705 0.764432 
vn 2.05526e-16 0.644705 0.764432 
vn 2.05526e-16 0.644705 0.764432 
vn 2.05526e-16 0.644705 0.764432 
vn 2.05526e-16 0.644705 0.764432 
vn 2.05526e-16 0.644705 0.764432 
f 4078//4078 4079//4079 4080//4080 
f 4080//4080 4081//4081 4078//4078 
f 4078//4078 4082//4082 4083//4083 
f 4084//4084 4078//4078 4085//4085 
f 4078//4078 4086//4086 4087//4087 
f 4078//4078 4088//4088 4089//4089 
f 4083//4083 4079//4079 4078//4078 
f 4078//4078 4090//4090 4091//4091 
f 4078//4078 4092//4092 4093//4093 
f 4087//4087 4085//4085 4078//4078 
f 4081//4081 4088//4088 4078//4078 
f 4091//4091 4094//4094 4078//4078 
f 4078//4078 4095//4095 4092//4092 
f 4089//4089 4086//4086 4078//4078 
f 4093//4093 4090//4090 4078//4078 
f 4096//4096 4095//4095 4078//4078 
f 4094//4094 4082//4082 4078//4078 
f 4085//4085 4097//4097 4084//4084 
f 4078//4078 4098//4098 4096//4096 
v 0.1245 0.041465 -0.027 
v 0.1245 -0.0222 -0.027 
v 0.1245 0.0301441 -0.017 
v 0.1245 -0.0222 -0.017 
v 0.1245 0.0415054 -0.0265819 
v 0.1245 0.0415065 -0.0265829 
vn -1 5.55112e-17 0 
vn -1 5.55112e-17 0 
vn -1 5.55112e-17 0 
vn -1 5.55112e-17 0 
vn -1 5.55112e-17 0 
vn -1 5.55112e-17 0 
f 4099//4099 4100//4100 4101//4101 
f 4100//4100 4102//4102 4101//4101 
f 4101//4101 4103//4103 4099//4099 
f 4103//4103 4104//4104 4099//4099 
v 0.1245 0.0415065 -0.0265829 
v 0.1245 0.0415054 -0.0265819 
v 0.124501 0.0415054 -0.0265819 
vn 2.03817e-16 0.657371 0.753567 
vn 2.03894e-16 0.656809 0.754057 
vn 2.03894e-16 0.656809 0.754057 
f 4105//4105 4106//4106 4107//4107 
