# OBJ generated by ONSHAPE BY PTC INC, 1.221 Units = meters
mtllib link_1.mtl
usemtl 0.262745_0.282353_0.301961_0.000000_0.000000
v 1.8415e-17 -1.12757e-17 0 
v -0.00134473 -0.0123646 0 
v -0.00267369 -0.0121467 0 
v -0.00397131 -0.0117864 0 
v -0.00522237 -0.011288 0 
v -0.0064122 -0.0106572 0 
v -0.00752685 -0.00990141 0 
v -0.00855326 -0.00902957 0 
v -0.00947939 -0.00805187 0 
v -0.0102944 -0.00697976 0 
v -0.0109887 -0.00582583 0 
v -0.0115541 -0.00460359 0 
v -0.0119842 -0.00332738 0 
v -0.0122737 -0.00201216 0 
v -0.0124193 -0.000673353 0 
v -0.0124193 0.000673353 0 
v -0.0122737 0.00201216 0 
v -0.0119842 0.00332738 0 
v -0.0115541 0.00460359 0 
v -0.0109887 0.00582583 0 
v -0.0102944 0.00697976 0 
v -0.00947939 0.00805187 0 
v -0.00855326 0.00902957 0 
v -0.00752685 0.00990141 0 
v -0.0064122 0.0106572 0 
v -0.00522237 0.011288 0 
v -0.00397131 0.0117864 0 
v -0.00267369 0.0121467 0 
v -0.00134473 0.0123646 0 
v 1.46071e-17 0.0124375 0 
v 0.00134473 0.0123646 0 
v 0.00267369 0.0121467 0 
v 0.00397131 0.0117864 0 
v 0.00522237 0.011288 0 
v 0.0064122 0.0106572 0 
v 0.00752685 0.00990141 0 
v 0.00855326 0.00902957 0 
v 0.00947939 0.00805187 0 
v 0.0102944 0.00697976 0 
v 0.0109887 0.00582583 0 
v 0.0115541 0.00460359 0 
v 0.0119842 0.00332738 0 
v 0.0122737 0.00201216 0 
v 0.0124193 0.000673353 0 
v 0.0124193 -0.000673353 0 
v 0.0122737 -0.00201216 0 
v 0.0119842 -0.00332738 0 
v 0.0115541 -0.00460359 0 
v 0.0109887 -0.00582583 0 
v 0.0102944 -0.00697976 0 
v 0.00947939 -0.00805187 0 
v 0.00855326 -0.00902957 0 
v 0.00752685 -0.00990141 0 
v 0.0064122 -0.0106572 0 
v 0.00522237 -0.011288 0 
v 0.00397131 -0.0117864 0 
v 0.00267369 -0.0121467 0 
v 0.00134473 -0.0123646 0 
v 2.06997e-17 -0.0124375 0 
vn 0 0 -1 
vn 0 0 -1 
vn 0 0 -1 
vn 0 0 -1 
vn 0 0 -1 
vn 0 0 -1 
vn 0 0 -1 
vn 0 0 -1 
vn 0 0 -1 
vn 0 0 -1 
vn 0 0 -1 
vn 0 0 -1 
vn 0 0 -1 
vn 0 0 -1 
vn 0 0 -1 
vn 0 0 -1 
vn 0 0 -1 
vn 0 0 -1 
vn 0 0 -1 
vn 0 0 -1 
vn 0 0 -1 
vn 0 0 -1 
vn 0 0 -1 
vn 0 0 -1 
vn 0 0 -1 
vn 0 0 -1 
vn 0 0 -1 
vn 0 0 -1 
vn 0 0 -1 
vn 0 0 -1 
vn 0 0 -1 
vn 0 0 -1 
vn 0 0 -1 
vn 0 0 -1 
vn 0 0 -1 
vn 0 0 -1 
vn 0 0 -1 
vn 0 0 -1 
vn 0 0 -1 
vn 0 0 -1 
vn 0 0 -1 
vn 0 0 -1 
vn 0 0 -1 
vn 0 0 -1 
vn 0 0 -1 
vn 0 0 -1 
vn 0 0 -1 
vn 0 0 -1 
vn 0 0 -1 
vn 0 0 -1 
vn 0 0 -1 
vn 0 0 -1 
vn 0 0 -1 
vn 0 0 -1 
vn 0 0 -1 
vn 0 0 -1 
vn 0 0 -1 
vn 0 0 -1 
vn 0 0 -1 
f 1//1 2//2 3//3 
f 3//3 4//4 1//1 
f 4//4 5//5 1//1 
f 5//5 6//6 1//1 
f 6//6 7//7 1//1 
f 7//7 8//8 1//1 
f 8//8 9//9 1//1 
f 9//9 10//10 1//1 
f 10//10 11//11 1//1 
f 11//11 12//12 1//1 
f 12//12 13//13 1//1 
f 13//13 14//14 1//1 
f 14//14 15//15 1//1 
f 15//15 16//16 1//1 
f 16//16 17//17 1//1 
f 17//17 18//18 1//1 
f 18//18 19//19 1//1 
f 19//19 20//20 1//1 
f 20//20 21//21 1//1 
f 21//21 22//22 1//1 
f 22//22 23//23 1//1 
f 23//23 24//24 1//1 
f 24//24 25//25 1//1 
f 25//25 26//26 1//1 
f 26//26 27//27 1//1 
f 27//27 28//28 1//1 
f 28//28 29//29 1//1 
f 29//29 30//30 1//1 
f 30//30 31//31 1//1 
f 31//31 32//32 1//1 
f 32//32 33//33 1//1 
f 33//33 34//34 1//1 
f 34//34 35//35 1//1 
f 35//35 36//36 1//1 
f 36//36 37//37 1//1 
f 37//37 38//38 1//1 
f 38//38 39//39 1//1 
f 39//39 40//40 1//1 
f 40//40 41//41 1//1 
f 41//41 42//42 1//1 
f 42//42 43//43 1//1 
f 43//43 44//44 1//1 
f 44//44 45//45 1//1 
f 45//45 46//46 1//1 
f 46//46 47//47 1//1 
f 47//47 48//48 1//1 
f 48//48 49//49 1//1 
f 49//49 50//50 1//1 
f 50//50 51//51 1//1 
f 51//51 52//52 1//1 
f 52//52 53//53 1//1 
f 53//53 54//54 1//1 
f 54//54 55//55 1//1 
f 55//55 56//56 1//1 
f 56//56 57//57 1//1 
f 57//57 58//58 1//1 
f 58//58 59//59 1//1 
f 59//59 2//2 1//1 
v -0.00134473 0.0123646 -0.0025 
v 1.46071e-17 0.0124375 -0.0025 
v 1.46071e-17 0.0124375 0 
v -0.00267369 0.0121467 -0.0025 
v -0.00134473 0.0123646 0 
v -0.00397131 0.0117864 -0.0025 
v -0.00267369 0.0121467 0 
v -0.00522237 0.011288 -0.0025 
v -0.00397131 0.0117864 0 
v -0.0064122 0.0106572 -0.0025 
v -0.00522237 0.011288 0 
v -0.00752685 0.00990141 -0.0025 
v -0.0064122 0.0106572 0 
v -0.00855326 0.00902957 -0.0025 
v -0.00752685 0.00990141 0 
v -0.00947939 0.00805187 -0.0025 
v -0.00855326 0.00902957 0 
v -0.0102944 0.00697976 -0.0025 
v -0.00947939 0.00805187 0 
v -0.0109887 0.00582583 -0.0025 
v -0.0102944 0.00697976 0 
v -0.0115541 0.00460359 -0.0025 
v -0.0109887 0.00582583 0 
v -0.0119842 0.00332738 -0.0025 
v -0.0115541 0.00460359 0 
v -0.0122737 0.00201216 -0.0025 
v -0.0119842 0.00332738 0 
v -0.0124193 0.000673353 -0.0025 
v -0.0122737 0.00201216 0 
v -0.0124193 -0.000673353 -0.0025 
v -0.0124193 0.000673353 0 
v -0.0122737 -0.00201216 -0.0025 
v -0.0124193 -0.000673353 0 
v -0.0119842 -0.00332738 -0.0025 
v -0.0122737 -0.00201216 0 
v -0.0115541 -0.00460359 -0.0025 
v -0.0119842 -0.00332738 0 
v -0.0109887 -0.00582583 -0.0025 
v -0.0115541 -0.00460359 0 
v -0.0102944 -0.00697976 -0.0025 
v -0.0109887 -0.00582583 0 
v -0.00947939 -0.00805187 -0.0025 
v -0.0102944 -0.00697976 0 
v -0.00855326 -0.00902957 -0.0025 
v -0.00947939 -0.00805187 0 
v -0.00752685 -0.00990141 -0.0025 
v -0.00855326 -0.00902957 0 
v -0.0064122 -0.0106572 -0.0025 
v -0.00752685 -0.00990141 0 
v -0.00522237 -0.011288 -0.0025 
v -0.0064122 -0.0106572 0 
v -0.00397131 -0.0117864 -0.0025 
v -0.00522237 -0.011288 0 
v -0.00267369 -0.0121467 -0.0025 
v -0.00397131 -0.0117864 0 
v -0.00134473 -0.0123646 -0.0025 
v -0.00267369 -0.0121467 0 
v 2.06997e-17 -0.0124375 -0.0025 
v -0.00134473 -0.0123646 0 
v 0.00134473 -0.0123646 -0.0025 
v 2.06997e-17 -0.0124375 0 
v 0.00267369 -0.0121467 -0.0025 
v 0.00134473 -0.0123646 0 
v 0.00397131 -0.0117864 -0.0025 
v 0.00267369 -0.0121467 0 
v 0.00522237 -0.011288 -0.0025 
v 0.00397131 -0.0117864 0 
v 0.0064122 -0.0106572 -0.0025 
v 0.00522237 -0.011288 0 
v 0.00752685 -0.00990141 -0.0025 
v 0.0064122 -0.0106572 0 
v 0.00855326 -0.00902957 -0.0025 
v 0.00752685 -0.00990141 0 
v 0.00947939 -0.00805187 -0.0025 
v 0.00855326 -0.00902957 0 
v 0.0102944 -0.00697976 -0.0025 
v 0.00947939 -0.00805187 0 
v 0.0109887 -0.00582583 -0.0025 
v 0.0102944 -0.00697976 0 
v 0.0115541 -0.00460359 -0.0025 
v 0.0109887 -0.00582583 0 
v 0.0119842 -0.00332738 -0.0025 
v 0.0115541 -0.00460359 0 
v 0.0122737 -0.00201216 -0.0025 
v 0.0119842 -0.00332738 0 
v 0.0124193 -0.000673353 -0.0025 
v 0.0122737 -0.00201216 0 
v 0.0124193 0.000673353 -0.0025 
v 0.0124193 -0.000673353 0 
v 0.0122737 0.00201216 -0.0025 
v 0.0124193 0.000673353 0 
v 0.0119842 0.00332738 -0.0025 
v 0.0122737 0.00201216 0 
v 0.0115541 0.00460359 -0.0025 
v 0.0119842 0.00332738 0 
v 0.0109887 0.00582583 -0.0025 
v 0.0115541 0.00460359 0 
v 0.0102944 0.00697976 -0.0025 
v 0.0109887 0.00582583 0 
v 0.00947939 0.00805187 -0.0025 
v 0.0102944 0.00697976 0 
v 0.00855326 0.00902957 -0.0025 
v 0.00947939 0.00805187 0 
v 0.00752685 0.00990141 -0.0025 
v 0.00855326 0.00902957 0 
v 0.0064122 0.0106572 -0.0025 
v 0.00752685 0.00990141 0 
v 0.00522237 0.011288 -0.0025 
v 0.0064122 0.0106572 0 
v 0.00397131 0.0117864 -0.0025 
v 0.00522237 0.011288 0 
v 0.00267369 0.0121467 -0.0025 
v 0.00397131 0.0117864 0 
v 0.00134473 0.0123646 -0.0025 
v 0.00267369 0.0121467 0 
v 0.00134473 0.0123646 0 
vn 0.108119 -0.994138 0 
vn 6.12323e-17 -1 0 
vn 6.12323e-17 -1 0 
vn 0.21497 -0.976621 0 
vn 0.108119 -0.994138 0 
vn 0.319302 -0.947653 0 
vn 0.21497 -0.976621 0 
vn 0.419889 -0.907575 0 
vn 0.319302 -0.947653 0 
vn 0.515554 -0.856857 0 
vn 0.419889 -0.907575 0 
vn 0.605174 -0.796093 0 
vn 0.515554 -0.856857 0 
vn 0.687699 -0.725995 0 
vn 0.605174 -0.796093 0 
vn 0.762162 -0.647386 0 
vn 0.687699 -0.725995 0 
vn 0.827689 -0.561187 0 
vn 0.762162 -0.647386 0 
vn 0.883512 -0.468408 0 
vn 0.827689 -0.561187 0 
vn 0.928977 -0.370138 0 
vn 0.883512 -0.468408 0 
vn 0.96355 -0.267528 0 
vn 0.928977 -0.370138 0 
vn 0.986827 -0.161782 0 
vn 0.96355 -0.267528 0 
vn 0.998533 -0.0541389 0 
vn 0.986827 -0.161782 0 
vn 0.998533 0.0541389 0 
vn 0.998533 -0.0541389 0 
vn 0.986827 0.161782 0 
vn 0.998533 0.0541389 0 
vn 0.96355 0.267528 0 
vn 0.986827 0.161782 0 
vn 0.928977 0.370138 0 
vn 0.96355 0.267528 0 
vn 0.883512 0.468408 0 
vn 0.928977 0.370138 0 
vn 0.827689 0.561187 0 
vn 0.883512 0.468408 0 
vn 0.762162 0.647386 0 
vn 0.827689 0.561187 0 
vn 0.687699 0.725995 0 
vn 0.762162 0.647386 0 
vn 0.605174 0.796093 0 
vn 0.687699 0.725995 0 
vn 0.515554 0.856857 0 
vn 0.605174 0.796093 0 
vn 0.419889 0.907575 0 
vn 0.515554 0.856857 0 
vn 0.319302 0.947653 0 
vn 0.419889 0.907575 0 
vn 0.21497 0.976621 0 
vn 0.319302 0.947653 0 
vn 0.108119 0.994138 0 
vn 0.21497 0.976621 0 
vn -1.83697e-16 1 0 
vn 0.108119 0.994138 0 
vn -0.108119 0.994138 0 
vn -1.83697e-16 1 0 
vn -0.21497 0.976621 0 
vn -0.108119 0.994138 0 
vn -0.319302 0.947653 0 
vn -0.21497 0.976621 0 
vn -0.419889 0.907575 0 
vn -0.319302 0.947653 0 
vn -0.515554 0.856857 0 
vn -0.419889 0.907575 0 
vn -0.605174 0.796093 0 
vn -0.515554 0.856857 0 
vn -0.687699 0.725995 0 
vn -0.605174 0.796093 0 
vn -0.762162 0.647386 0 
vn -0.687699 0.725995 0 
vn -0.827689 0.561187 0 
vn -0.762162 0.647386 0 
vn -0.883512 0.468408 0 
vn -0.827689 0.561187 0 
vn -0.928977 0.370138 0 
vn -0.883512 0.468408 0 
vn -0.96355 0.267528 0 
vn -0.928977 0.370138 0 
vn -0.986827 0.161782 0 
vn -0.96355 0.267528 0 
vn -0.998533 0.0541389 0 
vn -0.986827 0.161782 0 
vn -0.998533 -0.0541389 0 
vn -0.998533 0.0541389 0 
vn -0.986827 -0.161782 0 
vn -0.998533 -0.0541389 0 
vn -0.96355 -0.267528 0 
vn -0.986827 -0.161782 0 
vn -0.928977 -0.370138 0 
vn -0.96355 -0.267528 0 
vn -0.883512 -0.468408 0 
vn -0.928977 -0.370138 0 
vn -0.827689 -0.561187 0 
vn -0.883512 -0.468408 0 
vn -0.762162 -0.647386 0 
vn -0.827689 -0.561187 0 
vn -0.687699 -0.725995 0 
vn -0.762162 -0.647386 0 
vn -0.605174 -0.796093 0 
vn -0.687699 -0.725995 0 
vn -0.515554 -0.856857 0 
vn -0.605174 -0.796093 0 
vn -0.419889 -0.907575 0 
vn -0.515554 -0.856857 0 
vn -0.319302 -0.947653 0 
vn -0.419889 -0.907575 0 
vn -0.21497 -0.976621 0 
vn -0.319302 -0.947653 0 
vn -0.108119 -0.994138 0 
vn -0.21497 -0.976621 0 
vn -0.108119 -0.994138 0 
f 60//60 61//61 62//62 
f 63//63 60//60 64//64 
f 65//65 63//63 66//66 
f 67//67 65//65 68//68 
f 69//69 67//67 70//70 
f 71//71 69//69 72//72 
f 73//73 71//71 74//74 
f 75//75 73//73 76//76 
f 77//77 75//75 78//78 
f 79//79 77//77 80//80 
f 81//81 79//79 82//82 
f 83//83 81//81 84//84 
f 85//85 83//83 86//86 
f 87//87 85//85 88//88 
f 89//89 87//87 90//90 
f 91//91 89//89 92//92 
f 93//93 91//91 94//94 
f 95//95 93//93 96//96 
f 97//97 95//95 98//98 
f 99//99 97//97 100//100 
f 101//101 99//99 102//102 
f 103//103 101//101 104//104 
f 105//105 103//103 106//106 
f 107//107 105//105 108//108 
f 109//109 107//107 110//110 
f 111//111 109//109 112//112 
f 113//113 111//111 114//114 
f 115//115 113//113 116//116 
f 117//117 115//115 118//118 
f 119//119 117//117 120//120 
f 121//121 119//119 122//122 
f 123//123 121//121 124//124 
f 125//125 123//123 126//126 
f 127//127 125//125 128//128 
f 129//129 127//127 130//130 
f 131//131 129//129 132//132 
f 133//133 131//131 134//134 
f 135//135 133//133 136//136 
f 137//137 135//135 138//138 
f 139//139 137//137 140//140 
f 141//141 139//139 142//142 
f 143//143 141//141 144//144 
f 145//145 143//143 146//146 
f 147//147 145//145 148//148 
f 149//149 147//147 150//150 
f 151//151 149//149 152//152 
f 153//153 151//151 154//154 
f 155//155 153//153 156//156 
f 157//157 155//155 158//158 
f 159//159 157//157 160//160 
f 161//161 159//159 162//162 
f 163//163 161//161 164//164 
f 165//165 163//163 166//166 
f 167//167 165//165 168//168 
f 169//169 167//167 170//170 
f 171//171 169//169 172//172 
f 173//173 171//171 174//174 
f 61//61 173//173 175//175 
f 175//175 62//62 61//61 
f 174//174 175//175 173//173 
f 172//172 174//174 171//171 
f 170//170 172//172 169//169 
f 168//168 170//170 167//167 
f 166//166 168//168 165//165 
f 164//164 166//166 163//163 
f 162//162 164//164 161//161 
f 160//160 162//162 159//159 
f 158//158 160//160 157//157 
f 156//156 158//158 155//155 
f 154//154 156//156 153//153 
f 152//152 154//154 151//151 
f 150//150 152//152 149//149 
f 148//148 150//150 147//147 
f 146//146 148//148 145//145 
f 144//144 146//146 143//143 
f 142//142 144//144 141//141 
f 140//140 142//142 139//139 
f 138//138 140//140 137//137 
f 136//136 138//138 135//135 
f 134//134 136//136 133//133 
f 132//132 134//134 131//131 
f 130//130 132//132 129//129 
f 128//128 130//130 127//127 
f 126//126 128//128 125//125 
f 124//124 126//126 123//123 
f 122//122 124//124 121//121 
f 120//120 122//122 119//119 
f 118//118 120//120 117//117 
f 116//116 118//118 115//115 
f 114//114 116//116 113//113 
f 112//112 114//114 111//111 
f 110//110 112//112 109//109 
f 108//108 110//110 107//107 
f 106//106 108//108 105//105 
f 104//104 106//106 103//103 
f 102//102 104//104 101//101 
f 100//100 102//102 99//99 
f 98//98 100//100 97//97 
f 96//96 98//98 95//95 
f 94//94 96//96 93//93 
f 92//92 94//94 91//91 
f 90//90 92//92 89//89 
f 88//88 90//90 87//87 
f 86//86 88//88 85//85 
f 84//84 86//86 83//83 
f 82//82 84//84 81//81 
f 80//80 82//82 79//79 
f 78//78 80//80 77//77 
f 76//76 78//78 75//75 
f 74//74 76//76 73//73 
f 72//72 74//74 71//71 
f 70//70 72//72 69//69 
f 68//68 70//70 67//67 
f 66//66 68//68 65//65 
f 64//64 66//66 63//63 
f 62//62 64//64 60//60 
v 0.00732182 0.0158258 -0.0025 
v 0.00522237 0.011288 -0.0025 
v 0.00397131 0.0117864 -0.0025 
v 0.00898997 0.0149414 -0.0025 
v 0.0064122 0.0106572 -0.0025 
v -0.00188533 0.0173353 -0.0025 
v -0.00134473 0.0123646 -0.0025 
v -0.00267369 0.0121467 -0.0025 
v 5.33869e-18 0.0174375 -0.0025 
v 1.46071e-17 0.0124375 -0.0025 
v 0.00188533 0.0173353 -0.0025 
v 0.00134473 0.0123646 -0.0025 
v 0.00374855 0.0170298 -0.0025 
v 0.00267369 0.0121467 -0.0025 
v 0.00556782 0.0165247 -0.0025 
v 0.0132902 0.0112888 -0.0025 
v 0.00947939 0.00805187 -0.0025 
v 0.00855326 0.00902957 -0.0025 
v 0.0144328 0.0097857 -0.0025 
v 0.0102944 0.00697976 -0.0025 
v 0.0105527 0.0138819 -0.0025 
v 0.00752685 0.00990141 -0.0025 
v 0.0119918 0.0126595 -0.0025 
v -0.0105527 -0.0138819 -0.0025 
v -0.0119918 -0.0126595 -0.0025 
v -0.00855326 -0.00902957 -0.0025 
v -0.0132902 -0.0112888 -0.0025 
v -0.00947939 -0.00805187 -0.0025 
v -0.0144328 -0.0097857 -0.0025 
v -0.0102944 -0.00697976 -0.0025 
v -0.0154062 -0.00816787 -0.0025 
v -0.0109887 -0.00582583 -0.0025 
v 0.0154062 0.00816787 -0.0025 
v 0.0109887 0.00582583 -0.0025 
v 0.016199 0.00645428 -0.0025 
v 0.0115541 0.00460359 -0.0025 
v 0.0168019 0.00466503 -0.0025 
v 0.0119842 0.00332738 -0.0025 
v 0.0174119 0.000944047 -0.0025 
v 0.0124193 0.000673353 -0.0025 
v 0.0122737 0.00201216 -0.0025 
v 0.0174119 -0.000944047 -0.0025 
v 0.0124193 -0.000673353 -0.0025 
v 0.0154062 -0.00816787 -0.0025 
v 0.0109887 -0.00582583 -0.0025 
v 0.0115541 -0.00460359 -0.0025 
v 0.0144328 -0.0097857 -0.0025 
v 0.0102944 -0.00697976 -0.0025 
v 0.0132902 -0.0112888 -0.0025 
v 0.00947939 -0.00805187 -0.0025 
v 0.0119918 -0.0126595 -0.0025 
v 0.00855326 -0.00902957 -0.0025 
v -0.0174119 0.000944047 -0.0025 
v -0.0172078 0.00282107 -0.0025 
v -0.0122737 0.00201216 -0.0025 
v -0.0168019 0.00466503 -0.0025 
v -0.0119842 0.00332738 -0.0025 
v -0.016199 0.00645428 -0.0025 
v -0.0154062 0.00816787 -0.0025 
v -0.0109887 0.00582583 -0.0025 
v -0.0144328 0.0097857 -0.0025 
v -0.0102944 0.00697976 -0.0025 
v -0.0119918 0.0126595 -0.0025 
v -0.00855326 0.00902957 -0.0025 
v -0.00947939 0.00805187 -0.0025 
v -0.0105527 0.0138819 -0.0025 
v -0.00752685 0.00990141 -0.0025 
v -0.00898997 0.0149414 -0.0025 
v -0.0064122 0.0106572 -0.0025 
v -0.00732182 0.0158258 -0.0025 
v -0.00522237 0.011288 -0.0025 
v 0.0172078 0.00282107 -0.0025 
v 0.0172078 -0.00282107 -0.0025 
v 0.0122737 -0.00201216 -0.0025 
v 0.0168019 -0.00466503 -0.0025 
v 0.0119842 -0.00332738 -0.0025 
v 0.016199 -0.00645428 -0.0025 
v -0.00374855 -0.0170298 -0.0025 
v -0.00556782 -0.0165247 -0.0025 
v -0.00397131 -0.0117864 -0.0025 
v -0.00732182 -0.0158258 -0.0025 
v -0.00522237 -0.011288 -0.0025 
v -0.016199 -0.00645428 -0.0025 
v -0.0115541 -0.00460359 -0.0025 
v -0.0168019 -0.00466503 -0.0025 
v -0.0119842 -0.00332738 -0.0025 
v -0.0172078 -0.00282107 -0.0025 
v -0.0122737 -0.00201216 -0.0025 
v -0.0115541 0.00460359 -0.0025 
v -0.0132902 0.0112888 -0.0025 
v -0.00556782 0.0165247 -0.0025 
v -0.00397131 0.0117864 -0.0025 
v -0.00374855 0.0170298 -0.0025 
v 0.0105527 -0.0138819 -0.0025 
v 0.00752685 -0.00990141 -0.0025 
v 0.00898997 -0.0149414 -0.0025 
v 0.0064122 -0.0106572 -0.0025 
v 0.00732182 -0.0158258 -0.0025 
v 0.00522237 -0.011288 -0.0025 
v 0.00374855 -0.0170298 -0.0025 
v 0.00188533 -0.0173353 -0.0025 
v 0.00134473 -0.0123646 -0.0025 
v 1.06774e-18 -0.0174375 -0.0025 
v 2.06997e-17 -0.0124375 -0.0025 
v -0.00188533 -0.0173353 -0.0025 
v -0.00134473 -0.0123646 -0.0025 
v -0.00267369 -0.0121467 -0.0025 
v -0.00898997 -0.0149414 -0.0025 
v -0.0064122 -0.0106572 -0.0025 
v -0.0174119 -0.000944047 -0.0025 
v -0.0124193 -0.000673353 -0.0025 
v -0.0124193 0.000673353 -0.0025 
v 0.00556782 -0.0165247 -0.0025 
v 0.00397131 -0.0117864 -0.0025 
v 0.00267369 -0.0121467 -0.0025 
v -0.00752685 -0.00990141 -0.0025 
vn 0 0 -1 
vn 0 0 -1 
vn 0 0 -1 
vn 0 0 -1 
vn 0 0 -1 
vn 0 0 -1 
vn 0 0 -1 
vn 0 0 -1 
vn 0 0 -1 
vn 0 0 -1 
vn 0 0 -1 
vn 0 0 -1 
vn 0 0 -1 
vn 0 0 -1 
vn 0 0 -1 
vn 0 0 -1 
vn 0 0 -1 
vn 0 0 -1 
vn 0 0 -1 
vn 0 0 -1 
vn 0 0 -1 
vn 0 0 -1 
vn 0 0 -1 
vn 0 0 -1 
vn 0 0 -1 
vn 0 0 -1 
vn 0 0 -1 
vn 0 0 -1 
vn 0 0 -1 
vn 0 0 -1 
vn 0 0 -1 
vn 0 0 -1 
vn 0 0 -1 
vn 0 0 -1 
vn 0 0 -1 
vn 0 0 -1 
vn 0 0 -1 
vn 0 0 -1 
vn 0 0 -1 
vn 0 0 -1 
vn 0 0 -1 
vn 0 0 -1 
vn 0 0 -1 
vn 0 0 -1 
vn 0 0 -1 
vn 0 0 -1 
vn 0 0 -1 
vn 0 0 -1 
vn 0 0 -1 
vn 0 0 -1 
vn 0 0 -1 
vn 0 0 -1 
vn 0 0 -1 
vn 0 0 -1 
vn 0 0 -1 
vn 0 0 -1 
vn 0 0 -1 
vn 0 0 -1 
vn 0 0 -1 
vn 0 0 -1 
vn 0 0 -1 
vn 0 0 -1 
vn 0 0 -1 
vn 0 0 -1 
vn 0 0 -1 
vn 0 0 -1 
vn 0 0 -1 
vn 0 0 -1 
vn 0 0 -1 
vn 0 0 -1 
vn 0 0 -1 
vn 0 0 -1 
vn 0 0 -1 
vn 0 0 -1 
vn 0 0 -1 
vn 0 0 -1 
vn 0 0 -1 
vn 0 0 -1 
vn 0 0 -1 
vn 0 0 -1 
vn 0 0 -1 
vn 0 0 -1 
vn 0 0 -1 
vn 0 0 -1 
vn 0 0 -1 
vn 0 0 -1 
vn 0 0 -1 
vn 0 0 -1 
vn 0 0 -1 
vn 0 0 -1 
vn 0 0 -1 
vn 0 0 -1 
vn 0 0 -1 
vn 0 0 -1 
vn 0 0 -1 
vn 0 0 -1 
vn 0 0 -1 
vn 0 0 -1 
vn 0 0 -1 
vn 0 0 -1 
vn 0 0 -1 
vn 0 0 -1 
vn 0 0 -1 
vn 0 0 -1 
vn 0 0 -1 
vn 0 0 -1 
vn 0 0 -1 
vn 0 0 -1 
vn 0 0 -1 
vn 0 0 -1 
vn 0 0 -1 
vn 0 0 -1 
vn 0 0 -1 
vn 0 0 -1 
vn 0 0 -1 
vn 0 0 -1 
f 176//176 177//177 178//178 
f 179//179 180//180 177//177 
f 181//181 182//182 183//183 
f 184//184 185//185 182//182 
f 186//186 187//187 185//185 
f 188//188 189//189 187//187 
f 190//190 178//178 189//189 
f 177//177 176//176 179//179 
f 191//191 192//192 193//193 
f 194//194 195//195 192//192 
f 182//182 181//181 184//184 
f 187//187 186//186 188//188 
f 178//178 190//190 176//176 
f 196//196 197//197 180//180 
f 198//198 193//193 197//197 
f 192//192 191//191 194//194 
f 199//199 200//200 201//201 
f 200//200 202//202 203//203 
f 202//202 204//204 205//205 
f 204//204 206//206 207//207 
f 185//185 184//184 186//186 
f 180//180 179//179 196//196 
f 193//193 198//198 191//191 
f 208//208 209//209 195//195 
f 210//210 211//211 209//209 
f 212//212 213//213 211//211 
f 214//214 215//215 216//216 
f 217//217 218//218 215//215 
f 219//219 220//220 221//221 
f 222//222 223//223 220//220 
f 222//222 224//224 225//225 
f 224//224 226//226 227//227 
f 203//203 201//201 200//200 
f 207//207 205//205 204//204 
f 228//228 229//229 230//230 
f 229//229 231//231 232//232 
f 233//233 234//234 235//235 
f 234//234 236//236 237//237 
f 238//238 239//239 240//240 
f 241//241 242//242 239//239 
f 243//243 244//244 242//242 
f 245//245 246//246 244//244 
f 189//189 188//188 190//190 
f 195//195 194//194 208//208 
f 211//211 210//210 212//212 
f 247//247 216//216 213//213 
f 215//215 214//214 217//217 
f 248//248 249//249 218//218 
f 250//250 251//251 249//249 
f 250//250 252//252 221//221 
f 220//220 219//219 222//222 
f 227//227 225//225 224//224 
f 253//253 254//254 255//255 
f 254//254 256//256 257//257 
f 205//205 203//203 202//202 
f 206//206 258//258 259//259 
f 258//258 260//260 261//261 
f 260//260 262//262 263//263 
f 232//232 230//230 229//229 
f 231//231 233//233 264//264 
f 237//237 235//235 234//234 
f 236//236 265//265 240//240 
f 239//239 238//238 241//241 
f 244//244 243//243 245//245 
f 266//266 267//267 246//246 
f 268//268 183//183 267//267 
f 197//197 196//196 198//198 
f 213//213 212//212 247//247 
f 218//218 217//217 248//248 
f 221//221 251//251 250//250 
f 225//225 223//223 222//222 
f 226//226 269//269 270//270 
f 269//269 271//271 272//272 
f 271//271 273//273 274//274 
f 275//275 276//276 277//277 
f 276//276 278//278 279//279 
f 278//278 280//280 281//281 
f 280//280 253//253 282//282 
f 257//257 255//255 254//254 
f 256//256 283//283 284//284 
f 259//259 207//207 206//206 
f 263//263 261//261 260//260 
f 262//262 285//285 286//286 
f 285//285 228//228 287//287 
f 264//264 232//232 231//231 
f 240//240 237//237 236//236 
f 242//242 241//241 243//243 
f 267//267 266//266 268//268 
f 209//209 208//208 210//210 
f 249//249 248//248 250//250 
f 270//270 227//227 226//226 
f 274//274 272//272 271//271 
f 273//273 288//288 289//289 
f 288//288 275//275 290//290 
f 279//279 277//277 276//276 
f 282//282 281//281 280//280 
f 284//284 257//257 256//256 
f 283//283 199//199 291//291 
f 261//261 259//259 258//258 
f 287//287 286//286 285//285 
f 235//235 264//264 233//233 
f 246//246 245//245 266//266 
f 216//216 247//247 214//214 
f 272//272 270//270 269//269 
f 290//290 289//289 288//288 
f 281//281 279//279 278//278 
f 291//291 284//284 283//283 
f 286//286 263//263 262//262 
f 240//240 265//265 238//238 
f 221//221 252//252 219//219 
f 277//277 290//290 275//275 
f 201//201 291//291 199//199 
f 183//183 268//268 181//181 
f 255//255 282//282 253//253 
f 289//289 274//274 273//273 
f 230//230 287//287 228//228 
v 1.06774e-18 -0.0174375 0 
v 1.06774e-18 -0.0174375 -0.0025 
v 0.00188533 -0.0173353 -0.0025 
v 0.00188533 -0.0173353 0 
v 0.00374855 -0.0170298 -0.0025 
v 0.00374855 -0.0170298 0 
v 0.00556782 -0.0165247 -0.0025 
v 0.00556782 -0.0165247 0 
v 0.00732182 -0.0158258 -0.0025 
v 0.00732182 -0.0158258 0 
v 0.00898997 -0.0149414 -0.0025 
v 0.00898997 -0.0149414 0 
v 0.0105527 -0.0138819 -0.0025 
v 0.0105527 -0.0138819 0 
v 0.0119918 -0.0126595 -0.0025 
v 0.0119918 -0.0126595 0 
v 0.0132902 -0.0112888 -0.0025 
v 0.0132902 -0.0112888 0 
v 0.0144328 -0.0097857 -0.0025 
v 0.0144328 -0.0097857 0 
v 0.0154062 -0.00816787 -0.0025 
v 0.0154062 -0.00816787 0 
v 0.016199 -0.00645428 -0.0025 
v 0.016199 -0.00645428 0 
v 0.0168019 -0.00466503 -0.0025 
v 0.0168019 -0.00466503 0 
v 0.0172078 -0.00282107 -0.0025 
v 0.0172078 -0.00282107 0 
v 0.0174119 -0.000944047 -0.0025 
v 0.0174119 -0.000944047 0 
v 0.0174119 0.000944047 -0.0025 
v 0.0174119 0.000944047 0 
v 0.0172078 0.00282107 -0.0025 
v 0.0172078 0.00282107 0 
v 0.0168019 0.00466503 -0.0025 
v 0.0168019 0.00466503 0 
v 0.016199 0.00645428 -0.0025 
v 0.016199 0.00645428 0 
v 0.0154062 0.00816787 -0.0025 
v 0.0154062 0.00816787 0 
v 0.0144328 0.0097857 -0.0025 
v 0.0144328 0.0097857 0 
v 0.0132902 0.0112888 -0.0025 
v 0.0132902 0.0112888 0 
v 0.0119918 0.0126595 -0.0025 
v 0.0119918 0.0126595 0 
v 0.0105527 0.0138819 -0.0025 
v 0.0105527 0.0138819 0 
v 0.00898997 0.0149414 -0.0025 
v 0.00898997 0.0149414 0 
v 0.00732182 0.0158258 -0.0025 
v 0.00732182 0.0158258 0 
v 0.00556782 0.0165247 -0.0025 
v 0.00556782 0.0165247 0 
v 0.00374855 0.0170298 -0.0025 
v 0.00374855 0.0170298 0 
v 0.00188533 0.0173353 -0.0025 
v 0.00188533 0.0173353 0 
v 5.33869e-18 0.0174375 -0.0025 
v 1.06774e-18 0.0174375 0 
v -0.00188533 0.0173353 -0.0025 
v -0.00188533 0.0173353 0 
v -0.00374855 0.0170298 -0.0025 
v -0.00374855 0.0170298 0 
v -0.00556782 0.0165247 -0.0025 
v -0.00556782 0.0165247 0 
v -0.00732182 0.0158258 -0.0025 
v -0.00732182 0.0158258 0 
v -0.00898997 0.0149414 -0.0025 
v -0.00898997 0.0149414 0 
v -0.0105527 0.0138819 -0.0025 
v -0.0105527 0.0138819 0 
v -0.0119918 0.0126595 -0.0025 
v -0.0119918 0.0126595 0 
v -0.0132902 0.0112888 -0.0025 
v -0.0132902 0.0112888 0 
v -0.0144328 0.0097857 -0.0025 
v -0.0144328 0.0097857 0 
v -0.0154062 0.00816787 -0.0025 
v -0.0154062 0.00816787 0 
v -0.016199 0.00645428 -0.0025 
v -0.016199 0.00645428 0 
v -0.0168019 0.00466503 -0.0025 
v -0.0168019 0.00466503 0 
v -0.0172078 0.00282107 -0.0025 
v -0.0172078 0.00282107 0 
v -0.0174119 0.000944047 -0.0025 
v -0.0174119 0.000944047 0 
v -0.0174119 -0.000944047 -0.0025 
v -0.0174119 -0.000944047 0 
v -0.0172078 -0.00282107 -0.0025 
v -0.0172078 -0.00282107 0 
v -0.0168019 -0.00466503 -0.0025 
v -0.0168019 -0.00466503 0 
v -0.016199 -0.00645428 -0.0025 
v -0.016199 -0.00645428 0 
v -0.0154062 -0.00816787 -0.0025 
v -0.0154062 -0.00816787 0 
v -0.0144328 -0.0097857 -0.0025 
v -0.0144328 -0.0097857 0 
v -0.0132902 -0.0112888 -0.0025 
v -0.0132902 -0.0112888 0 
v -0.0119918 -0.0126595 -0.0025 
v -0.0119918 -0.0126595 0 
v -0.0105527 -0.0138819 -0.0025 
v -0.0105527 -0.0138819 0 
v -0.00898997 -0.0149414 -0.0025 
v -0.00898997 -0.0149414 0 
v -0.00732182 -0.0158258 -0.0025 
v -0.00732182 -0.0158258 0 
v -0.00556782 -0.0165247 -0.0025 
v -0.00556782 -0.0165247 0 
v -0.00374855 -0.0170298 -0.0025 
v -0.00374855 -0.0170298 0 
v -0.00188533 -0.0173353 -0.0025 
v -0.00188533 -0.0173353 0 
vn 6.12323e-17 -1 0 
vn 6.12323e-17 -1 0 
vn 0.108119 -0.994138 0 
vn 0.108119 -0.994138 0 
vn 0.21497 -0.976621 0 
vn 0.21497 -0.976621 0 
vn 0.319302 -0.947653 0 
vn 0.319302 -0.947653 0 
vn 0.419889 -0.907575 0 
vn 0.419889 -0.907575 0 
vn 0.515554 -0.856857 0 
vn 0.515554 -0.856857 0 
vn 0.605174 -0.796093 0 
vn 0.605174 -0.796093 0 
vn 0.687699 -0.725995 0 
vn 0.687699 -0.725995 0 
vn 0.762162 -0.647386 0 
vn 0.762162 -0.647386 0 
vn 0.827689 -0.561187 0 
vn 0.827689 -0.561187 0 
vn 0.883512 -0.468408 0 
vn 0.883512 -0.468408 0 
vn 0.928977 -0.370138 0 
vn 0.928977 -0.370138 0 
vn 0.96355 -0.267528 0 
vn 0.96355 -0.267528 0 
vn 0.986827 -0.161782 0 
vn 0.986827 -0.161782 0 
vn 0.998533 -0.0541389 0 
vn 0.998533 -0.0541389 0 
vn 0.998533 0.0541389 0 
vn 0.998533 0.0541389 0 
vn 0.986827 0.161782 0 
vn 0.986827 0.161782 0 
vn 0.96355 0.267528 0 
vn 0.96355 0.267528 0 
vn 0.928977 0.370138 0 
vn 0.928977 0.370138 0 
vn 0.883512 0.468408 0 
vn 0.883512 0.468408 0 
vn 0.827689 0.561187 0 
vn 0.827689 0.561187 0 
vn 0.762162 0.647386 0 
vn 0.762162 0.647386 0 
vn 0.687699 0.725995 0 
vn 0.687699 0.725995 0 
vn 0.605174 0.796093 0 
vn 0.605174 0.796093 0 
vn 0.515554 0.856857 0 
vn 0.515554 0.856857 0 
vn 0.419889 0.907575 0 
vn 0.419889 0.907575 0 
vn 0.319302 0.947653 0 
vn 0.319302 0.947653 0 
vn 0.21497 0.976621 0 
vn 0.21497 0.976621 0 
vn 0.108119 0.994138 0 
vn 0.108119 0.994138 0 
vn 5.05322e-16 1 0 
vn 5.05322e-16 1 0 
vn -0.108119 0.994138 0 
vn -0.108119 0.994138 0 
vn -0.21497 0.976621 0 
vn -0.21497 0.976621 0 
vn -0.319302 0.947653 0 
vn -0.319302 0.947653 0 
vn -0.419889 0.907575 0 
vn -0.419889 0.907575 0 
vn -0.515554 0.856857 0 
vn -0.515554 0.856857 0 
vn -0.605174 0.796093 0 
vn -0.605174 0.796093 0 
vn -0.687699 0.725995 0 
vn -0.687699 0.725995 0 
vn -0.762162 0.647386 0 
vn -0.762162 0.647386 0 
vn -0.827689 0.561187 0 
vn -0.827689 0.561187 0 
vn -0.883512 0.468408 0 
vn -0.883512 0.468408 0 
vn -0.928977 0.370138 0 
vn -0.928977 0.370138 0 
vn -0.96355 0.267528 0 
vn -0.96355 0.267528 0 
vn -0.986827 0.161782 0 
vn -0.986827 0.161782 0 
vn -0.998533 0.0541389 0 
vn -0.998533 0.0541389 0 
vn -0.998533 -0.0541389 0 
vn -0.998533 -0.0541389 0 
vn -0.986827 -0.161782 0 
vn -0.986827 -0.161782 0 
vn -0.96355 -0.267528 0 
vn -0.96355 -0.267528 0 
vn -0.928977 -0.370138 0 
vn -0.928977 -0.370138 0 
vn -0.883512 -0.468408 0 
vn -0.883512 -0.468408 0 
vn -0.827689 -0.561187 0 
vn -0.827689 -0.561187 0 
vn -0.762162 -0.647386 0 
vn -0.762162 -0.647386 0 
vn -0.687699 -0.725995 0 
vn -0.687699 -0.725995 0 
vn -0.605174 -0.796093 0 
vn -0.605174 -0.796093 0 
vn -0.515554 -0.856857 0 
vn -0.515554 -0.856857 0 
vn -0.419889 -0.907575 0 
vn -0.419889 -0.907575 0 
vn -0.319302 -0.947653 0 
vn -0.319302 -0.947653 0 
vn -0.21497 -0.976621 0 
vn -0.21497 -0.976621 0 
vn -0.108119 -0.994138 0 
vn -0.108119 -0.994138 0 
f 292//292 293//293 294//294 
f 295//295 294//294 296//296 
f 297//297 296//296 298//298 
f 299//299 298//298 300//300 
f 301//301 300//300 302//302 
f 303//303 302//302 304//304 
f 305//305 304//304 306//306 
f 307//307 306//306 308//308 
f 309//309 308//308 310//310 
f 311//311 310//310 312//312 
f 313//313 312//312 314//314 
f 315//315 314//314 316//316 
f 317//317 316//316 318//318 
f 319//319 318//318 320//320 
f 321//321 320//320 322//322 
f 323//323 322//322 324//324 
f 325//325 324//324 326//326 
f 327//327 326//326 328//328 
f 329//329 328//328 330//330 
f 331//331 330//330 332//332 
f 333//333 332//332 334//334 
f 335//335 334//334 336//336 
f 337//337 336//336 338//338 
f 339//339 338//338 340//340 
f 341//341 340//340 342//342 
f 343//343 342//342 344//344 
f 345//345 344//344 346//346 
f 347//347 346//346 348//348 
f 349//349 348//348 350//350 
f 351//351 350//350 352//352 
f 353//353 352//352 354//354 
f 355//355 354//354 356//356 
f 357//357 356//356 358//358 
f 359//359 358//358 360//360 
f 361//361 360//360 362//362 
f 363//363 362//362 364//364 
f 365//365 364//364 366//366 
f 367//367 366//366 368//368 
f 369//369 368//368 370//370 
f 371//371 370//370 372//372 
f 373//373 372//372 374//374 
f 375//375 374//374 376//376 
f 377//377 376//376 378//378 
f 379//379 378//378 380//380 
f 381//381 380//380 382//382 
f 383//383 382//382 384//384 
f 385//385 384//384 386//386 
f 387//387 386//386 388//388 
f 389//389 388//388 390//390 
f 391//391 390//390 392//392 
f 393//393 392//392 394//394 
f 395//395 394//394 396//396 
f 397//397 396//396 398//398 
f 399//399 398//398 400//400 
f 401//401 400//400 402//402 
f 403//403 402//402 404//404 
f 405//405 404//404 406//406 
f 407//407 406//406 293//293 
f 293//293 292//292 407//407 
f 406//406 407//407 405//405 
f 404//404 405//405 403//403 
f 402//402 403//403 401//401 
f 400//400 401//401 399//399 
f 398//398 399//399 397//397 
f 396//396 397//397 395//395 
f 394//394 395//395 393//393 
f 392//392 393//393 391//391 
f 390//390 391//391 389//389 
f 388//388 389//389 387//387 
f 386//386 387//387 385//385 
f 384//384 385//385 383//383 
f 382//382 383//383 381//381 
f 380//380 381//381 379//379 
f 378//378 379//379 377//377 
f 376//376 377//377 375//375 
f 374//374 375//375 373//373 
f 372//372 373//373 371//371 
f 370//370 371//371 369//369 
f 368//368 369//369 367//367 
f 366//366 367//367 365//365 
f 364//364 365//365 363//363 
f 362//362 363//363 361//361 
f 360//360 361//361 359//359 
f 358//358 359//359 357//357 
f 356//356 357//357 355//355 
f 354//354 355//355 353//353 
f 352//352 353//353 351//351 
f 350//350 351//351 349//349 
f 348//348 349//349 347//347 
f 346//346 347//347 345//345 
f 344//344 345//345 343//343 
f 342//342 343//343 341//341 
f 340//340 341//341 339//339 
f 338//338 339//339 337//337 
f 336//336 337//337 335//335 
f 334//334 335//335 333//333 
f 332//332 333//333 331//331 
f 330//330 331//331 329//329 
f 328//328 329//329 327//327 
f 326//326 327//327 325//325 
f 324//324 325//325 323//323 
f 322//322 323//323 321//321 
f 320//320 321//321 319//319 
f 318//318 319//319 317//317 
f 316//316 317//317 315//315 
f 314//314 315//315 313//313 
f 312//312 313//313 311//311 
f 310//310 311//311 309//309 
f 308//308 309//309 307//307 
f 306//306 307//307 305//305 
f 304//304 305//305 303//303 
f 302//302 303//303 301//301 
f 300//300 301//301 299//299 
f 298//298 299//299 297//297 
f 296//296 297//297 295//295 
f 294//294 295//295 292//292 
v 0.0119918 -0.0126595 0 
v 0.0132902 -0.0112888 0 
v 0.0475 -0.04175 0 
v 0.0475 0.04175 0 
v 0.0172078 0.00282107 0 
v 0.0168019 0.00466503 0 
v 0.0144328 -0.0097857 0 
v 0.0154062 -0.00816787 0 
v 0.0475 -0.04975 0 
v 0.00732182 -0.0158258 0 
v 0.00898997 -0.0149414 0 
v -0.0295 -0.04975 0 
v 1.06774e-18 -0.0174375 0 
v 0.00188533 -0.0173353 0 
v 0.0174119 0.000944047 0 
v 0.0174119 -0.000944047 0 
v 0.016199 -0.00645428 0 
v 0.0168019 -0.00466503 0 
v 0.0105527 -0.0138819 0 
v 0.00374855 -0.0170298 0 
v 0.00556782 -0.0165247 0 
v -0.0394503 0.0264561 0 
v -0.0144328 0.0097857 0 
v -0.0154062 0.00816787 0 
v 0.0172078 -0.00282107 0 
v -0.00732182 -0.0158258 0 
v -0.00556782 -0.0165247 0 
v -0.00898997 -0.0149414 0 
v -0.0295 -0.04175 0 
v -0.0468849 0.00761961 -8.2833e-17 
v -0.0172078 0.00282107 0 
v -0.0174119 0.000944047 0 
v -0.0457979 0.0126017 -8.2833e-17 
v -0.0168019 0.00466503 0 
v -0.0441831 0.0174386 -8.2833e-17 
v -0.016199 0.00645428 0 
v -0.0420591 0.0220745 -8.2833e-17 
v -0.0132902 0.0112888 0 
v -0.0310044 0.0390503 0 
v -0.0119918 0.0126595 0 
v 0.0154062 0.00816787 0 
v 0.0144328 0.0097857 0 
v -0.0119918 -0.0126595 0 
v -0.0105527 -0.0138819 0 
v -0.0144328 -0.0097857 0 
v -0.0132902 -0.0112888 0 
v -0.016199 -0.00645428 0 
v -0.0154062 -0.00816787 0 
v 0.00374855 0.0170298 0 
v 0.00188533 0.0173353 0 
v -0.0468849 -0.00761961 -8.2833e-17 
v -0.0474315 -0.00254966 -8.2833e-17 
v 0.0475 0.04975 0 
v 0.0105527 0.0138819 0 
v -0.0295 0.04175 0 
v 0.0119918 0.0126595 0 
v 0.016199 0.00645428 0 
v -0.00374855 -0.0170298 0 
v -0.00188533 -0.0173353 0 
v -0.0105527 0.0138819 0 
v -0.00556782 0.0165247 0 
v -0.00732182 0.0158258 0 
v 1.06774e-18 0.0174375 0 
v -0.00188533 0.0173353 0 
v 0.00556782 0.0165247 0 
v 0.00898997 0.0149414 0 
v 0.00732182 0.0158258 0 
v -0.0457979 -0.0126017 -8.2833e-17 
v -0.0420591 -0.0220745 -8.2833e-17 
v -0.0441831 -0.0174386 -8.2833e-17 
v 0.0132902 0.0112888 0 
v -0.00898997 0.0149414 0 
v -0.00374855 0.0170298 0 
v -0.0172078 -0.00282107 0 
v -0.0168019 -0.00466503 0 
v -0.0174119 -0.000944047 0 
v -0.031 0.04175 0 
v -0.0394503 -0.0264561 0 
v -0.031 -0.0396616 0 
v -0.0310044 -0.0390503 0 
v -0.031 0.0396616 0 
v -0.031 -0.04175 0 
v -0.0474315 0.00254966 -8.2833e-17 
v -0.0295 0.04975 0 
vn 0 0 -1 
vn 0 0 -1 
vn 0 0 -1 
vn 0 0 -1 
vn 0 0 -1 
vn 0 0 -1 
vn 0 0 -1 
vn 0 0 -1 
vn 0 0 -1 
vn 0 0 -1 
vn 0 0 -1 
vn 0 0 -1 
vn 0 0 -1 
vn 0 0 -1 
vn 0 0 -1 
vn 0 0 -1 
vn 0 0 -1 
vn 0 0 -1 
vn 0 0 -1 
vn 0 0 -1 
vn 0 0 -1 
vn 0 0 -1 
vn 0 0 -1 
vn 0 0 -1 
vn 0 0 -1 
vn 0 0 -1 
vn 0 0 -1 
vn 0 0 -1 
vn 0 0 -1 
vn 0 0 -1 
vn 0 0 -1 
vn 0 0 -1 
vn 0 0 -1 
vn 0 0 -1 
vn 0 0 -1 
vn 0 0 -1 
vn 0 0 -1 
vn 0 0 -1 
vn 0 0 -1 
vn 0 0 -1 
vn 0 0 -1 
vn 0 0 -1 
vn 0 0 -1 
vn 0 0 -1 
vn 0 0 -1 
vn 0 0 -1 
vn 0 0 -1 
vn 0 0 -1 
vn 0 0 -1 
vn 0 0 -1 
vn 0 0 -1 
vn 0 0 -1 
vn 0 0 -1 
vn 0 0 -1 
vn 0 0 -1 
vn 0 0 -1 
vn 0 0 -1 
vn 0 0 -1 
vn 0 0 -1 
vn 0 0 -1 
vn 0 0 -1 
vn 0 0 -1 
vn 0 0 -1 
vn 0 0 -1 
vn 0 0 -1 
vn 0 0 -1 
vn 0 0 -1 
vn 0 0 -1 
vn 0 0 -1 
vn 0 0 -1 
vn 0 0 -1 
vn 0 0 -1 
vn 0 0 -1 
vn 0 0 -1 
vn 0 0 -1 
vn 0 0 -1 
vn 0 0 -1 
vn 0 0 -1 
vn 0 0 -1 
vn 0 0 -1 
vn 0 0 -1 
vn 0 0 -1 
vn 0 0 -1 
vn 0 0 -1 
f 408//408 409//409 410//410 
f 411//411 412//412 413//413 
f 410//410 414//414 415//415 
f 410//410 416//416 408//408 
f 416//416 417//417 418//418 
f 419//419 420//420 421//421 
f 411//411 422//422 412//412 
f 411//411 410//410 423//423 
f 410//410 424//424 425//425 
f 409//409 414//414 410//410 
f 418//418 426//426 416//416 
f 416//416 427//427 428//428 
f 421//421 416//416 419//419 
f 429//429 430//430 431//431 
f 423//423 422//422 411//411 
f 425//425 432//432 410//410 
f 426//426 408//408 416//416 
f 421//421 427//427 416//416 
f 419//419 433//433 434//434 
f 435//435 419//419 436//436 
f 437//437 438//438 439//439 
f 440//440 441//441 438//438 
f 442//442 443//443 441//441 
f 444//444 431//431 443//443 
f 429//429 445//445 430//430 
f 446//446 447//447 445//445 
f 411//411 448//448 449//449 
f 432//432 423//423 410//410 
f 428//428 417//417 416//416 
f 419//419 435//435 433//433 
f 436//436 450//450 451//451 
f 436//436 452//452 453//453 
f 436//436 454//454 455//455 
f 438//438 437//437 440//440 
f 443//443 442//442 444//444 
f 445//445 429//429 446//446 
f 446//446 456//456 457//457 
f 439//439 458//458 459//459 
f 460//460 461//461 462//462 
f 463//463 460//460 411//411 
f 411//411 464//464 448//448 
f 415//415 424//424 410//410 
f 419//419 465//465 466//466 
f 436//436 451//451 435//435 
f 455//455 452//452 436//436 
f 441//441 440//440 442//442 
f 446//446 467//467 447//447 
f 446//446 468//468 469//469 
f 446//446 470//470 471//471 
f 446//446 472//472 456//456 
f 446//446 473//473 474//474 
f 439//439 475//475 458//458 
f 439//439 476//476 477//477 
f 460//460 463//463 461//461 
f 449//449 478//478 411//411 
f 466//466 420//420 419//419 
f 453//453 450//450 436//436 
f 462//462 461//461 473//473 
f 431//431 444//444 429//429 
f 469//469 479//479 446//446 
f 471//471 480//480 446//446 
f 474//474 472//472 446//446 
f 477//477 475//475 439//439 
f 411//411 478//478 463//463 
f 434//434 465//465 419//419 
f 436//436 481//481 482//482 
f 436//436 439//439 483//483 
f 473//473 484//484 462//462 
f 479//479 467//467 446//446 
f 457//457 470//470 446//446 
f 439//439 485//485 476//476 
f 436//436 486//486 487//487 
f 413//413 464//464 411//411 
f 483//483 481//481 436//436 
f 473//473 488//488 484//484 
f 480//480 468//468 446//446 
f 439//439 487//487 485//485 
f 436//436 489//489 486//486 
f 482//482 454//454 436//436 
f 439//439 490//490 437//437 
f 487//487 439//439 436//436 
f 473//473 446//446 488//488 
f 462//462 491//491 460//460 
f 459//459 490//490 439//439 
v -0.031 -0.04175 0 
v -0.031 -0.04175 0.0015 
v -0.031 -0.0396616 0.000336807 
v -0.031 -0.0396616 0 
vn -1 -3.37475e-17 0 
vn -1 -3.37475e-17 0 
vn -1 -3.37475e-17 0 
vn -1 -3.37475e-17 0 
f 492//492 493//493 494//494 
f 494//494 495//495 492//492 
v -0.031 0.04175 0 
v -0.031 0.0396616 0 
v -0.031 0.0396616 0.000336807 
v -0.031 0.04175 0.0015 
vn -1 -3.37475e-17 0 
vn -1 -3.37475e-17 0 
vn -1 -3.37475e-17 0 
vn -1 -3.37475e-17 0 
f 496//496 497//497 498//498 
f 498//498 499//499 496//496 
v -0.031 0.04175 0.0015 
v -0.0295 0.04175 0 
v -0.031 0.04175 0 
vn -6.12323e-17 1 0 
vn -6.12323e-17 1 0 
vn -6.12323e-17 1 0 
f 500//500 501//501 502//502 
v -0.031 -0.04175 0.0015 
v -0.031 -0.04175 0 
v -0.0295 -0.04175 0 
vn 3.37475e-17 -1 0 
vn 3.37475e-17 -1 0 
vn 3.37475e-17 -1 0 
f 503//503 504//504 505//505 
v -0.0310044 -0.0390503 0 
v -0.031 -0.0396616 0 
v -0.031 -0.0396616 0.000336807 
vn -0.999895 -0.0144777 0 
vn -1 2.8326e-06 0 
vn -1 2.8326e-06 0 
f 506//506 507//507 508//508 
v -0.031 0.0396616 0.000336807 
v -0.031 0.0396616 0 
v -0.0310044 0.0390503 0 
vn -1 -2.8326e-06 0 
vn -1 -2.8326e-06 0 
vn -0.999895 0.0144777 0 
f 509//509 510//510 511//511 
v -0.0406961 0.0272915 0.0015 
v -0.031 0.0396616 0.000336807 
v -0.0310044 0.0390503 0 
v -0.031 0.04175 0.0015 
v -0.0394503 0.0264561 0 
vn -0.587275 0.393837 -0.707107 
vn -0.587275 0.393837 -0.707107 
vn -0.587275 0.393837 -0.707107 
vn -0.587275 0.393837 -0.707107 
vn -0.587275 0.393837 -0.707107 
f 512//512 513//513 514//514 
f 512//512 515//515 513//513 
f 514//514 516//516 512//512 
v -0.0406961 -0.0272915 0.0015 
v -0.0394503 -0.0264561 0 
v -0.0310044 -0.0390503 0 
v -0.031 -0.0396616 0.000336807 
v -0.031 -0.04175 0.0015 
vn -0.587275 -0.393837 -0.707107 
vn -0.587275 -0.393837 -0.707107 
vn -0.587275 -0.393837 -0.707107 
vn -0.587275 -0.393837 -0.707107 
vn -0.587275 -0.393837 -0.707107 
f 517//517 518//518 519//519 
f 519//519 520//520 517//517 
f 520//520 521//521 517//517 
v -0.0406961 0.0272915 0.0015 
v -0.0394503 0.0264561 0 
v -0.0420591 0.0220745 -8.2833e-17 
v -0.0433872 0.0227716 0.0015 
v -0.0441831 0.0174386 -8.2833e-17 
v -0.0455783 0.0179893 0.0015 
v -0.0457979 0.0126017 -8.2833e-17 
v -0.0472441 0.0129997 0.0015 
v -0.0468849 0.00761961 -8.2833e-17 
v -0.0483655 0.00786023 0.0015 
v -0.0474315 0.00254966 -8.2833e-17 
v -0.0489294 0.00263018 0.0015 
v -0.0474315 -0.00254966 -8.2833e-17 
v -0.0489294 -0.00263018 0.0015 
v -0.0468849 -0.00761961 -8.2833e-17 
v -0.0483655 -0.00786023 0.0015 
v -0.0457979 -0.0126017 -8.2833e-17 
v -0.0472441 -0.0129997 0.0015 
v -0.0441831 -0.0174386 -8.2833e-17 
v -0.0455783 -0.0179893 0.0015 
v -0.0420591 -0.0220745 -8.2833e-17 
v -0.0433872 -0.0227716 0.0015 
v -0.0394503 -0.0264561 0 
v -0.0406961 -0.0272915 0.0015 
vn -0.587275 0.393837 -0.707107 
vn -0.587275 0.393837 -0.707107 
vn -0.62611 0.328612 -0.707107 
vn -0.62611 0.328612 -0.707107 
vn -0.65773 0.259599 -0.707107 
vn -0.65773 0.259599 -0.707107 
vn -0.681768 0.187595 -0.707107 
vn -0.681768 0.187595 -0.707107 
vn -0.69795 0.113429 -0.707107 
vn -0.69795 0.113429 -0.707107 
vn -0.706087 0.0379555 -0.707107 
vn -0.706087 0.0379555 -0.707107 
vn -0.706087 -0.0379555 -0.707107 
vn -0.706087 -0.0379555 -0.707107 
vn -0.69795 -0.113429 -0.707107 
vn -0.69795 -0.113429 -0.707107 
vn -0.681768 -0.187595 -0.707107 
vn -0.681768 -0.187595 -0.707107 
vn -0.65773 -0.259599 -0.707107 
vn -0.65773 -0.259599 -0.707107 
vn -0.62611 -0.328612 -0.707107 
vn -0.62611 -0.328612 -0.707107 
vn -0.587275 -0.393837 -0.707107 
vn -0.587275 -0.393837 -0.707107 
f 522//522 523//523 524//524 
f 525//525 524//524 526//526 
f 527//527 526//526 528//528 
f 529//529 528//528 530//530 
f 531//531 530//530 532//532 
f 533//533 532//532 534//534 
f 535//535 534//534 536//536 
f 537//537 536//536 538//538 
f 539//539 538//538 540//540 
f 541//541 540//540 542//542 
f 543//543 542//542 544//544 
f 544//544 545//545 543//543 
f 542//542 543//543 541//541 
f 540//540 541//541 539//539 
f 538//538 539//539 537//537 
f 536//536 537//537 535//535 
f 534//534 535//535 533//533 
f 532//532 533//533 531//531 
f 530//530 531//531 529//529 
f 528//528 529//529 527//527 
f 526//526 527//527 525//525 
f 524//524 525//525 522//522 
v -0.0406961 0.0272915 0.003 
v -0.0406961 0.0272915 0.0015 
v -0.0433872 0.0227716 0.0015 
v -0.0433872 0.0227716 0.003 
v -0.0455783 0.0179893 0.0015 
v -0.0455783 0.0179893 0.003 
v -0.0472441 0.0129997 0.0015 
v -0.0472441 0.0129997 0.003 
v -0.0483655 0.00786023 0.0015 
v -0.0483655 0.00786023 0.003 
v -0.0489294 0.00263018 0.0015 
v -0.0489294 0.00263018 0.003 
v -0.0489294 -0.00263018 0.0015 
v -0.0489294 -0.00263018 0.003 
v -0.0483655 -0.00786023 0.0015 
v -0.0483655 -0.00786023 0.003 
v -0.0472441 -0.0129997 0.0015 
v -0.0472441 -0.0129997 0.003 
v -0.0455783 -0.0179893 0.0015 
v -0.0455783 -0.0179893 0.003 
v -0.0433872 -0.0227716 0.0015 
v -0.0433872 -0.0227716 0.003 
v -0.0406961 -0.0272915 0.0015 
v -0.0406961 -0.0272915 0.003 
vn -0.830533 0.55697 0 
vn -0.830533 0.55697 0 
vn -0.885454 0.464727 0 
vn -0.885454 0.464727 0 
vn -0.93017 0.367129 0 
vn -0.93017 0.367129 0 
vn -0.964166 0.2653 0 
vn -0.964166 0.2653 0 
vn -0.98705 0.160413 0 
vn -0.98705 0.160413 0 
vn -0.998558 0.0536772 0 
vn -0.998558 0.0536772 0 
vn -0.998558 -0.0536772 0 
vn -0.998558 -0.0536772 0 
vn -0.98705 -0.160413 0 
vn -0.98705 -0.160413 0 
vn -0.964166 -0.2653 0 
vn -0.964166 -0.2653 0 
vn -0.93017 -0.367129 0 
vn -0.93017 -0.367129 0 
vn -0.885454 -0.464727 0 
vn -0.885454 -0.464727 0 
vn -0.830533 -0.55697 0 
vn -0.830533 -0.55697 0 
f 546//546 547//547 548//548 
f 549//549 548//548 550//550 
f 551//551 550//550 552//552 
f 553//553 552//552 554//554 
f 555//555 554//554 556//556 
f 557//557 556//556 558//558 
f 559//559 558//558 560//560 
f 561//561 560//560 562//562 
f 563//563 562//562 564//564 
f 565//565 564//564 566//566 
f 567//567 566//566 568//568 
f 568//568 569//569 567//567 
f 566//566 567//567 565//565 
f 564//564 565//565 563//563 
f 562//562 563//563 561//561 
f 560//560 561//561 559//559 
f 558//558 559//559 557//557 
f 556//556 557//557 555//555 
f 554//554 555//555 553//553 
f 552//552 553//553 551//551 
f 550//550 551//551 549//549 
f 548//548 549//549 546//546 
v -0.0295 0.04175 0 
v -0.031 0.04175 0.0015 
v -0.031 0.04975 0.0015 
v -0.0295 0.04975 0 
vn -0.707107 -4.32978e-17 -0.707107 
vn -0.707107 -4.32978e-17 -0.707107 
vn -0.707107 -4.32978e-17 -0.707107 
vn -0.707107 -4.32978e-17 -0.707107 
f 570//570 571//571 572//572 
f 572//572 573//573 570//570 
v -0.0295 -0.04975 0 
v -0.031 -0.04975 0.0015 
v -0.031 -0.04175 0.0015 
v -0.0295 -0.04175 0 
vn -0.707107 -4.32978e-17 -0.707107 
vn -0.707107 -4.32978e-17 -0.707107 
vn -0.707107 -4.32978e-17 -0.707107 
vn -0.707107 -4.32978e-17 -0.707107 
f 574//574 575//575 576//576 
f 576//576 577//577 574//574 
v -0.0406961 0.0272915 0.0015 
v -0.0406961 0.0272915 0.003 
v -0.0351272 0.0355956 0.003 
v -0.031 0.04175 0.0015 
v -0.0346789 0.0362642 0.00302264 
v -0.0342856 0.0368506 0.0030831 
v -0.0339104 0.0374101 0.00318137 
v -0.0335543 0.0379411 0.00331721 
v -0.0332182 0.0384423 0.00349023 
v -0.0329031 0.0389122 0.00369997 
v -0.0310588 0.0416624 0.00764659 
v -0.031016 0.0417261 0.00820273 
v -0.0326097 0.0393497 0.00394588 
v -0.0311283 0.0415588 0.00711598 
v -0.0323389 0.0397535 0.00422728 
v -0.0312243 0.0414155 0.00661235 
v -0.0320914 0.0401226 0.00454342 
v -0.0313466 0.0412331 0.00613704 
v -0.0318678 0.0404559 0.00489346 
v -0.031495 0.0410119 0.00569134 
v -0.0316688 0.0407527 0.00527644 
v -0.031 0.04175 0.00883681 
vn -0.830533 0.55697 0 
vn -0.830533 0.55697 0 
vn -0.830533 0.55697 0 
vn -0.830533 0.55697 0 
vn -0.830533 0.55697 0 
vn -0.830533 0.55697 0 
vn -0.830533 0.55697 0 
vn -0.830533 0.55697 0 
vn -0.830533 0.55697 0 
vn -0.830533 0.55697 0 
vn -0.830533 0.55697 0 
vn -0.830533 0.55697 0 
vn -0.830533 0.55697 0 
vn -0.830533 0.55697 0 
vn -0.830533 0.55697 0 
vn -0.830533 0.55697 0 
vn -0.830533 0.55697 0 
vn -0.830533 0.55697 0 
vn -0.830533 0.55697 0 
vn -0.830533 0.55697 0 
vn -0.830533 0.55697 0 
vn -0.830533 0.55697 0 
f 578//578 579//579 580//580 
f 580//580 581//581 578//578 
f 580//580 582//582 581//581 
f 582//582 583//583 581//581 
f 583//583 584//584 581//581 
f 584//584 585//585 581//581 
f 585//585 586//586 581//581 
f 586//586 587//587 581//581 
f 581//581 588//588 589//589 
f 587//587 590//590 581//581 
f 581//581 591//591 588//588 
f 590//590 592//592 581//581 
f 581//581 593//593 591//591 
f 592//592 594//594 581//581 
f 581//581 595//595 593//593 
f 594//594 596//596 581//581 
f 581//581 597//597 595//595 
f 596//596 598//598 581//581 
f 598//598 597//597 581//581 
f 589//589 599//599 581//581 
v -0.0351272 0.0235569 0.00970517 
v -0.0351272 0.0355956 0.003 
v -0.0406961 0.0272915 0.003 
vn -0.587275 0.393837 0.707107 
vn -0.587275 0.393837 0.707107 
vn -0.587275 0.393837 0.707107 
f 600//600 601//601 602//602 
v -0.0406961 -0.0272915 0.0015 
v -0.031 -0.04175 0.0015 
v -0.0351272 -0.0355956 0.003 
v -0.0346789 -0.0362642 0.00302264 
v -0.0342856 -0.0368506 0.0030831 
v -0.0339104 -0.0374101 0.00318137 
v -0.0335543 -0.0379411 0.00331721 
v -0.0332182 -0.0384423 0.00349023 
v -0.0329031 -0.0389122 0.00369997 
v -0.0326097 -0.0393497 0.00394588 
v -0.0323389 -0.0397535 0.00422728 
v -0.031 -0.04175 0.00883681 
v -0.031016 -0.0417261 0.00820273 
v -0.0320914 -0.0401226 0.00454342 
v -0.0310588 -0.0416624 0.00764659 
v -0.0318678 -0.0404559 0.00489346 
v -0.0311283 -0.0415588 0.00711598 
v -0.0316688 -0.0407527 0.00527644 
v -0.0312243 -0.0414155 0.00661235 
v -0.031495 -0.0410119 0.00569134 
v -0.0313466 -0.0412331 0.00613704 
v -0.0406961 -0.0272915 0.003 
vn -0.830533 -0.55697 0 
vn -0.830533 -0.55697 0 
vn -0.830533 -0.55697 0 
vn -0.830533 -0.55697 0 
vn -0.830533 -0.55697 0 
vn -0.830533 -0.55697 0 
vn -0.830533 -0.55697 0 
vn -0.830533 -0.55697 0 
vn -0.830533 -0.55697 0 
vn -0.830533 -0.55697 0 
vn -0.830533 -0.55697 0 
vn -0.830533 -0.55697 0 
vn -0.830533 -0.55697 0 
vn -0.830533 -0.55697 0 
vn -0.830533 -0.55697 0 
vn -0.830533 -0.55697 0 
vn -0.830533 -0.55697 0 
vn -0.830533 -0.55697 0 
vn -0.830533 -0.55697 0 
vn -0.830533 -0.55697 0 
vn -0.830533 -0.55697 0 
vn -0.830533 -0.55697 0 
f 603//603 604//604 605//605 
f 604//604 606//606 605//605 
f 604//604 607//607 606//606 
f 604//604 608//608 607//607 
f 604//604 609//609 608//608 
f 604//604 610//610 609//609 
f 604//604 611//611 610//610 
f 604//604 612//612 611//611 
f 604//604 613//613 612//612 
f 604//604 614//614 615//615 
f 604//604 616//616 613//613 
f 615//615 617//617 604//604 
f 604//604 618//618 616//616 
f 617//617 619//619 604//604 
f 604//604 620//620 618//618 
f 619//619 621//621 604//604 
f 604//604 622//622 620//620 
f 621//621 623//623 604//604 
f 623//623 622//622 604//604 
f 605//605 624//624 603//603 
v -0.0406961 -0.0272915 0.003 
v -0.0351272 -0.0355956 0.003 
v -0.0351272 -0.0235569 0.00970517 
vn -0.587275 -0.393837 0.707107 
vn -0.587275 -0.393837 0.707107 
vn -0.587275 -0.393837 0.707107 
f 625//625 626//626 627//627 
v 0.0497319 0.04175 0.00130935 
v 0.0475 0.04175 0 
v 0.0475 0.04975 0 
v 0.0497319 0.04975 0.00130935 
vn 0.506012 3.09843e-17 -0.862526 
vn 0.506012 3.09843e-17 -0.862526 
vn 0.506012 3.09843e-17 -0.862526 
vn 0.506012 3.09843e-17 -0.862526 
f 628//628 629//629 630//630 
f 630//630 631//631 628//628 
v 0.0497319 0.04175 0.00130935 
v 0.0497319 0.04975 0.00130935 
v 0.0657459 0.04975 0.0299597 
v 0.0657459 0.04175 0.0299597 
vn 0.872898 5.34496e-17 -0.487903 
vn 0.872898 5.34496e-17 -0.487903 
vn 0.872898 5.34496e-17 -0.487903 
vn 0.872898 5.34496e-17 -0.487903 
f 632//632 633//633 634//634 
f 634//634 635//635 632//632 
v 0.0475 -0.04175 0 
v 0.0475 0.04175 0 
v 0.049 0.04175 0.0015 
v 0.049 -0.04175 0.0015 
vn 0.707107 4.32978e-17 -0.707107 
vn 0.707107 4.32978e-17 -0.707107 
vn 0.707107 4.32978e-17 -0.707107 
vn 0.707107 4.32978e-17 -0.707107 
f 636//636 637//637 638//638 
f 638//638 639//639 636//636 
v 0.049 0.04175 0.0015 
v 0.049 0.04175 0.0085 
v 0.049 -0.04175 0.0085 
v 0.049 -0.04175 0.0015 
vn 1 6.12323e-17 0 
vn 1 6.12323e-17 0 
vn 1 6.12323e-17 0 
vn 1 6.12323e-17 0 
f 640//640 641//641 642//642 
f 642//642 643//643 640//640 
v 0.0497319 -0.04975 0.00130935 
v 0.0475 -0.04975 0 
v 0.0475 -0.04175 0 
v 0.0497319 -0.04175 0.00130935 
vn 0.506012 3.09843e-17 -0.862526 
vn 0.506012 3.09843e-17 -0.862526 
vn 0.506012 3.09843e-17 -0.862526 
vn 0.506012 3.09843e-17 -0.862526 
f 644//644 645//645 646//646 
f 646//646 647//647 644//644 
v 0.0497319 -0.04175 0.00130935 
v 0.0657459 -0.04175 0.0299597 
v 0.0657459 -0.04975 0.0299597 
v 0.0497319 -0.04975 0.00130935 
vn 0.872898 5.34496e-17 -0.487903 
vn 0.872898 5.34496e-17 -0.487903 
vn 0.872898 5.34496e-17 -0.487903 
vn 0.872898 5.34496e-17 -0.487903 
f 648//648 649//649 650//650 
f 650//650 651//651 648//648 
v 0.049 -0.04175 0.0085 
v 0.0475 -0.04175 0.01 
v 0.0500493 -0.04175 0.0147558 
v 0.0423631 -0.04175 0.011782 
v 0.0462871 -0.04175 0.0130599 
v 0.0384671 -0.04175 0.01 
v 0.0383237 -0.04175 0.0109372 
v 0.0569137 -0.04175 0.0193167 
v 0.0599348 -0.04175 0.022128 
v 0.0536055 -0.04175 0.0168496 
v 0.0497319 -0.04175 0.00130935 
v 0.0626333 -0.04175 0.0252504 
v 0.0649772 -0.04175 0.0286469 
v 0.049 -0.04175 0.0015 
v 0.0657459 -0.04175 0.0299597 
v 0.0475 -0.04175 0 
vn -6.12323e-17 1 0 
vn -6.12323e-17 1 0 
vn -6.12323e-17 1 0 
vn -6.12323e-17 1 0 
vn -6.12323e-17 1 0 
vn -6.12323e-17 1 0 
vn -6.12323e-17 1 0 
vn -6.12323e-17 1 0 
vn -6.12323e-17 1 0 
vn -6.12323e-17 1 0 
vn -6.12323e-17 1 0 
vn -6.12323e-17 1 0 
vn -6.12323e-17 1 0 
vn -6.12323e-17 1 0 
vn -6.12323e-17 1 0 
vn -6.12323e-17 1 0 
f 652//652 653//653 654//654 
f 653//653 655//655 656//656 
f 657//657 658//658 655//655 
f 652//652 659//659 660//660 
f 654//654 661//661 652//652 
f 655//655 653//653 657//657 
f 661//661 659//659 652//652 
f 662//662 663//663 664//664 
f 662//662 665//665 652//652 
f 660//660 663//663 652//652 
f 652//652 663//663 662//662 
f 664//664 666//666 662//662 
f 662//662 667//667 665//665 
f 656//656 654//654 653//653 
v 0.0475 -0.010925 0.01 
v 0.0384671 -0.010925 0.01 
v 0.0384671 -0.04175 0.01 
v 0.0475 -0.04175 0.01 
vn 0 0 1 
vn 0 0 1 
vn 0 0 1 
vn 0 0 1 
f 668//668 669//669 670//670 
f 670//670 671//671 668//668 
v 0.0383237 -0.04175 0.0109372 
v 0.0384671 -0.04175 0.01 
v 0.0384671 -0.010925 0.01 
v 0.0383237 -0.010925 0.0109372 
vn 0.988494 6.05278e-17 0.151261 
vn 0.988494 6.05278e-17 0.151261 
vn 0.988494 6.05278e-17 0.151261 
vn 0.988494 6.05278e-17 0.151261 
f 672//672 673//673 674//674 
f 674//674 675//675 672//672 
v 0.0475 -0.010925 0.01 
v 0.0536055 -0.010925 0.0168496 
v 0.0500493 -0.010925 0.0147558 
v 0.0590777 -0.010925 0.0212668 
v 0.0569137 -0.010925 0.0193167 
v 0.0384671 -0.010925 0.01 
v 0.0423631 -0.010925 0.011782 
v 0.0462871 -0.010925 0.0130599 
v 0.0383237 -0.010925 0.0109372 
vn 6.12323e-17 -1 0 
vn 6.12323e-17 -1 0 
vn 6.12323e-17 -1 0 
vn 6.12323e-17 -1 0 
vn 6.12323e-17 -1 0 
vn 6.12323e-17 -1 0 
vn 6.12323e-17 -1 0 
vn 6.12323e-17 -1 0 
vn 6.12323e-17 -1 0 
f 676//676 677//677 678//678 
f 676//676 679//679 680//680 
f 680//680 677//677 676//676 
f 681//681 676//676 682//682 
f 678//678 683//683 676//676 
f 683//683 682//682 676//676 
f 682//682 684//684 681//681 
v 0.049 -0.04175 0.0085 
v 0.049 0.04175 0.0085 
v 0.0475 0.010925 0.01 
v 0.0475 -0.010925 0.01 
v 0.0475 0.04175 0.01 
v 0.0475 -0.04175 0.01 
vn 0.707107 4.32978e-17 0.707107 
vn 0.707107 4.32978e-17 0.707107 
vn 0.707107 4.32978e-17 0.707107 
vn 0.707107 4.32978e-17 0.707107 
vn 0.707107 4.32978e-17 0.707107 
vn 0.707107 4.32978e-17 0.707107 
f 685//685 686//686 687//687 
f 687//687 688//688 685//685 
f 686//686 689//689 687//687 
f 688//688 690//690 685//685 
v 0.049 0.04175 0.0085 
v 0.0536055 0.04175 0.0168496 
v 0.0500493 0.04175 0.0147558 
v 0.0569137 0.04175 0.0193167 
v 0.0626333 0.04175 0.0252504 
v 0.0599348 0.04175 0.022128 
v 0.0384671 0.04175 0.01 
v 0.0475 0.04175 0.01 
v 0.0423631 0.04175 0.011782 
v 0.0462871 0.04175 0.0130599 
v 0.0497319 0.04175 0.00130935 
v 0.0657459 0.04175 0.0299597 
v 0.0649772 0.04175 0.0286469 
v 0.0383237 0.04175 0.0109372 
v 0.049 0.04175 0.0015 
v 0.0475 0.04175 0 
vn 6.12323e-17 -1 0 
vn 6.12323e-17 -1 0 
vn 6.12323e-17 -1 0 
vn 6.12323e-17 -1 0 
vn 6.12323e-17 -1 0 
vn 6.12323e-17 -1 0 
vn 6.12323e-17 -1 0 
vn 6.12323e-17 -1 0 
vn 6.12323e-17 -1 0 
vn 6.12323e-17 -1 0 
vn 6.12323e-17 -1 0 
vn 6.12323e-17 -1 0 
vn 6.12323e-17 -1 0 
vn 6.12323e-17 -1 0 
vn 6.12323e-17 -1 0 
vn 6.12323e-17 -1 0 
f 691//691 692//692 693//693 
f 691//691 694//694 692//692 
f 691//691 695//695 696//696 
f 697//697 698//698 699//699 
f 698//698 693//693 700//700 
f 701//701 695//695 691//691 
f 701//701 702//702 703//703 
f 696//696 694//694 691//691 
f 700//700 699//699 698//698 
f 703//703 695//695 701//701 
f 699//699 704//704 697//697 
f 693//693 698//698 691//691 
f 691//691 705//705 701//701 
f 705//705 706//706 701//701 
v 0.0475 0.04175 0.01 
v 0.0384671 0.04175 0.01 
v 0.0384671 0.010925 0.01 
v 0.0475 0.010925 0.01 
vn 0 0 1 
vn 0 0 1 
vn 0 0 1 
vn 0 0 1 
f 707//707 708//708 709//709 
f 709//709 710//710 707//707 
v 0.0475 0.010925 0.01 
v 0.0536055 0.010925 0.0168496 
v 0.0569137 0.010925 0.0193167 
v 0.0462871 0.010925 0.0130599 
v 0.0500493 0.010925 0.0147558 
v 0.0423631 0.010925 0.011782 
v 0.0384671 0.010925 0.01 
v 0.0383237 0.010925 0.0109372 
v 0.0590777 0.010925 0.0212668 
vn -6.12323e-17 1 0 
vn -6.12323e-17 1 0 
vn -6.12323e-17 1 0 
vn -6.12323e-17 1 0 
vn -6.12323e-17 1 0 
vn -6.12323e-17 1 0 
vn -6.12323e-17 1 0 
vn -6.12323e-17 1 0 
vn -6.12323e-17 1 0 
f 711//711 712//712 713//713 
f 711//711 714//714 715//715 
f 715//715 712//712 711//711 
f 711//711 716//716 714//714 
f 717//717 718//718 716//716 
f 716//716 711//711 717//717 
f 713//713 719//719 711//711 
v 0.0475 -0.010925 0.01 
v 0.0475 0.010925 0.01 
v 0.0590777 0.010925 0.0212668 
v 0.0590777 -0.010925 0.0212668 
vn 0.697419 4.27046e-17 -0.716664 
vn 0.697419 4.27046e-17 -0.716664 
vn 0.697419 4.27046e-17 -0.716664 
vn 0.697419 4.27046e-17 -0.716664 
f 720//720 721//721 722//722 
f 722//722 723//723 720//720 
v 0.0384671 0.04175 0.01 
v 0.0383237 0.04175 0.0109372 
v 0.0383237 0.010925 0.0109372 
v 0.0384671 0.010925 0.01 
vn 0.988494 6.05278e-17 0.151261 
vn 0.988494 6.05278e-17 0.151261 
vn 0.988494 6.05278e-17 0.151261 
vn 0.988494 6.05278e-17 0.151261 
f 724//724 725//725 726//726 
f 726//726 727//727 724//724 
v -0.0455783 -0.0179893 0.003 
v -0.0433872 -0.0227716 0.003 
v -0.0380916 -0.0175486 0.01 
v -0.0371891 -0.0195185 0.01 
v -0.0472441 -0.0129997 0.003 
v -0.0397603 -0.0133433 0.01 
v -0.0390671 -0.0154194 0.01 
v -0.0483655 -0.00786023 0.003 
v -0.0409662 -0.00898273 0.01 
v -0.040495 -0.0111426 0.01 
v -0.0489294 -0.00263018 0.003 
v -0.0416954 -0.00451765 0.01 
v -0.0414561 -0.00673734 0.01 
v -0.0489294 0.00263018 0.003 
v -0.0419395 1.04083e-17 0.01 
v -0.0419395 -0.00225444 0.01 
v -0.0419395 0.00225444 0.01 
v -0.0416954 0.00451765 0.01 
v -0.0483655 0.00786023 0.003 
v -0.0414561 0.00673734 0.01 
v -0.0409662 0.00898273 0.01 
v -0.0472441 0.0129997 0.003 
v -0.040495 0.0111426 0.01 
v -0.0397603 0.0133433 0.01 
v -0.0455783 0.0179893 0.003 
v -0.0390671 0.0154194 0.01 
v -0.0380916 0.0175486 0.01 
v -0.0433872 0.0227716 0.003 
v -0.0359888 0.0215553 0.01 
v -0.035092 0.0230772 0.01 
v -0.0351095 0.0233156 0.00985388 
v -0.0406961 0.0272915 0.003 
v -0.0371891 0.0195185 0.01 
v -0.0406961 -0.0272915 0.003 
v -0.0359888 -0.0215553 0.01 
v -0.0351095 -0.0233156 0.00985388 
v -0.0351272 -0.0235569 0.00970517 
v -0.035092 -0.0230772 0.01 
v -0.0351272 0.0235569 0.00970517 
vn -0.65773 -0.259599 0.707107 
vn -0.62611 -0.328612 0.707107 
vn -0.64223 -0.295872 0.707107 
vn -0.62611 -0.328612 0.707107 
vn -0.681768 -0.187595 0.707107 
vn -0.670364 -0.22497 0.707107 
vn -0.65773 -0.259599 0.707107 
vn -0.69795 -0.113429 0.707107 
vn -0.690697 -0.15145 0.707107 
vn -0.681768 -0.187595 0.707107 
vn -0.706087 -0.0379555 0.707107 
vn -0.702992 -0.0761684 0.707107 
vn -0.69795 -0.113429 0.707107 
vn -0.706087 0.0379555 0.707107 
vn -0.707107 -8.01228e-16 0.707107 
vn -0.706087 -0.0379555 0.707107 
vn -0.706087 0.0379555 0.707107 
vn -0.702992 0.0761684 0.707107 
vn -0.69795 0.113429 0.707107 
vn -0.69795 0.113429 0.707107 
vn -0.690697 0.15145 0.707107 
vn -0.681768 0.187595 0.707107 
vn -0.681768 0.187595 0.707107 
vn -0.670364 0.22497 0.707107 
vn -0.65773 0.259599 0.707107 
vn -0.65773 0.259599 0.707107 
vn -0.64223 0.295872 0.707107 
vn -0.62611 0.328612 0.707107 
vn -0.606621 0.363333 0.707107 
vn -0.590804 0.388524 0.707107 
vn -0.58905 0.391178 0.707107 
vn -0.587275 0.393837 0.707107 
vn -0.62611 0.328612 0.707107 
vn -0.587275 -0.393837 0.707107 
vn -0.606621 -0.363333 0.707107 
vn -0.58905 -0.391178 0.707107 
vn -0.587275 -0.393837 0.707107 
vn -0.590804 -0.388524 0.707107 
vn -0.587275 0.393837 0.707107 
f 728//728 729//729 730//730 
f 729//729 731//731 730//730 
f 732//732 728//728 733//733 
f 728//728 734//734 733//733 
f 735//735 732//732 736//736 
f 732//732 737//737 736//736 
f 738//738 735//735 739//739 
f 735//735 740//740 739//739 
f 741//741 738//738 742//742 
f 738//738 743//743 742//742 
f 741//741 744//744 745//745 
f 745//745 746//746 741//741 
f 746//746 747//747 748//748 
f 748//748 749//749 746//746 
f 749//749 750//750 751//751 
f 751//751 752//752 749//749 
f 752//752 753//753 754//754 
f 754//754 755//755 752//752 
f 756//756 757//757 758//758 
f 758//758 759//759 756//756 
f 755//755 760//760 756//756 
f 756//756 759//759 755//755 
f 729//729 761//761 762//762 
f 762//762 761//761 763//763 
f 761//761 764//764 763//763 
f 763//763 765//765 762//762 
f 762//762 731//731 729//729 
f 758//758 766//766 759//759 
f 754//754 760//760 755//755 
f 751//751 753//753 752//752 
f 748//748 750//750 749//749 
f 745//745 747//747 746//746 
f 742//742 744//744 741//741 
f 739//739 743//743 738//738 
f 736//736 740//740 735//735 
f 733//733 737//737 732//732 
f 730//730 734//734 728//728 
v -0.0351272 0.0235569 0.00970517 
v -0.0351095 0.0233156 0.00985388 
v -0.0348917 0.0233967 0.01 
v -0.0346879 0.0237218 0.01 
v -0.035092 0.0230772 0.01 
vn -0.587275 0.393837 0.707107 
vn -0.58905 0.391178 0.707107 
vn -0.611035 0.383194 0.692675 
vn -0.631215 0.3774 0.677596 
vn -0.590804 0.388524 0.707107 
f 767//767 768//768 769//769 
f 769//769 770//770 767//767 
f 769//769 768//768 771//771 
v -0.0351272 -0.0235569 0.00970517 
v -0.0346875 -0.0237224 0.01 
v -0.0348916 -0.0233969 0.01 
v -0.035092 -0.0230772 0.01 
v -0.0351095 -0.0233156 0.00985388 
vn -0.587275 -0.393837 0.707107 
vn -0.631257 -0.377384 0.677566 
vn -0.611056 -0.383186 0.692661 
vn -0.590804 -0.388524 0.707107 
vn -0.58905 -0.391178 0.707107 
f 772//772 773//773 774//774 
f 775//775 776//776 774//774 
f 774//774 776//776 772//772 
v -0.0371891 -0.0195185 0.01 
v -0.0353304 -0.0176862 0.0145274 
v -0.0360458 -0.0166004 0.0141556 
v -0.0359888 -0.0215553 0.01 
v -0.033419 -0.0200137 0.0155197 
v -0.0390671 -0.0154194 0.01 
v -0.0370715 -0.0150436 0.0136225 
v -0.0382272 -0.0128258 0.0130215 
v -0.0397603 -0.0133433 0.01 
v -0.0380916 -0.0175486 0.01 
v -0.0409662 -0.00898273 0.01 
v -0.040495 -0.0111426 0.01 
v -0.0395791 -0.0095932 0.0123181 
v -0.0384813 -0.0123381 0.0128893 
v -0.0414561 -0.00673734 0.01 
v -0.0403824 -0.00682523 0.0118998 
v -0.0408342 -0.0044234 0.0116646 
v -0.039829 -0.00873179 0.0121879 
v -0.0419395 1.04083e-17 0.01 
v -0.0419395 -0.00225444 0.01 
v -0.041158 -0.00125815 0.0114959 
v -0.0409054 -0.00404468 0.0116275 
v -0.0416954 -0.00451765 0.01 
v -0.0408664 0.00431619 0.0116478 
v -0.0416954 0.00451765 0.01 
v -0.0419395 0.00225444 0.01 
v -0.0411522 -1.0828e-07 0.0114989 
v -0.0411451 0.00153003 0.0115026 
v -0.0409662 0.00898273 0.01 
v -0.0414561 0.00673734 0.01 
v -0.0403166 0.00709586 0.0119341 
v -0.0408449 0.00442514 0.011659 
v -0.0383579 0.012604 0.0129535 
v -0.0397603 0.0133433 0.01 
v -0.040495 0.0111426 0.01 
v -0.0398253 0.00873052 0.0121899 
v -0.0394852 0.00986211 0.0123669 
v -0.0390671 0.0154194 0.01 
v -0.038237 0.0128304 0.0130164 
v -0.0369166 0.0153046 0.013703 
v -0.0380916 0.0175486 0.01 
v -0.0371891 0.0195185 0.01 
v -0.0360446 0.0165993 0.0141562 
v -0.0351421 0.0179394 0.0146252 
v -0.0359888 0.0215553 0.01 
v -0.035092 0.0230772 0.01 
v -0.0334092 0.0200055 0.0155248 
v -0.0330158 0.0204745 0.015729 
v -0.035092 -0.0230772 0.01 
v -0.0332391 -0.0202328 0.0156131 
v -0.0322851 -0.0212313 0.0161081 
v -0.0322851 0.0212313 0.0161081 
vn -0.775849 -0.407201 0.481919 
vn -0.783525 -0.392229 0.481919 
vn -0.795871 -0.366529 0.481919 
vn -0.751698 -0.450226 0.481919 
vn -0.751723 -0.450185 0.481919 
vn -0.81503 -0.321684 0.481919 
vn -0.811912 -0.329474 0.481919 
vn -0.830706 -0.278713 0.481919 
vn -0.830686 -0.278773 0.481919 
vn -0.795824 -0.366631 0.481919 
vn -0.855882 -0.187671 0.481919 
vn -0.844818 -0.23246 0.481919 
vn -0.851559 -0.206401 0.481919 
vn -0.834378 -0.267522 0.481919 
vn -0.864869 -0.140556 0.481919 
vn -0.863963 -0.146023 0.481919 
vn -0.87112 -0.0943648 0.481919 
vn -0.855889 -0.187638 0.481919 
vn -0.876216 -9.92847e-16 0.481919 
vn -0.874953 -0.0470328 0.481919 
vn -0.875807 -0.0267723 0.481919 
vn -0.871964 -0.0862188 0.481919 
vn -0.871118 -0.0943846 0.481919 
vn -0.871369 0.0920315 0.481919 
vn -0.871118 0.0943846 0.481919 
vn -0.874953 0.0470328 0.481919 
vn -0.876216 -2.3055e-06 0.481919 
vn -0.875611 0.0325606 0.481919 
vn -0.855882 0.187671 0.481919 
vn -0.864869 0.140556 0.481919 
vn -0.862952 0.151883 0.481919 
vn -0.871118 0.0943771 0.481919 
vn -0.832429 0.273527 0.481919 
vn -0.830686 0.278773 0.481919 
vn -0.844818 0.23246 0.481919 
vn -0.855891 0.187629 0.481919 
vn -0.850101 0.212327 0.481919 
vn -0.81503 0.321684 0.481919 
vn -0.830698 0.278739 0.481919 
vn -0.809416 0.33556 0.481919 
vn -0.795824 0.366631 0.481919 
vn -0.775849 0.407201 0.481919 
vn -0.795876 0.366518 0.481919 
vn -0.780412 0.398386 0.481919 
vn -0.751698 0.450226 0.481919 
vn -0.732098 0.481442 0.481919 
vn -0.751746 0.450147 0.481919 
vn -0.744651 0.461789 0.481919 
vn -0.732098 -0.481442 0.481919 
vn -0.74846 -0.45559 0.481919 
vn -0.732099 -0.481442 0.481919 
vn -0.732099 0.481442 0.481919 
f 777//777 778//778 779//779 
f 780//780 781//781 778//778 
f 778//778 777//777 780//780 
f 782//782 783//783 784//784 
f 784//784 785//785 782//782 
f 786//786 779//779 783//783 
f 787//787 788//788 789//789 
f 790//790 789//789 788//788 
f 788//788 785//785 790//790 
f 785//785 784//784 790//790 
f 791//791 792//792 793//793 
f 787//787 794//794 792//792 
f 792//792 791//791 787//787 
f 795//795 796//796 797//797 
f 798//798 797//797 796//796 
f 796//796 799//799 798//798 
f 799//799 793//793 798//798 
f 800//800 801//801 802//802 
f 795//795 803//803 804//804 
f 804//804 802//802 795//795 
f 802//802 804//804 800//800 
f 805//805 806//806 807//807 
f 808//808 807//807 806//806 
f 806//806 801//801 808//808 
f 809//809 810//810 811//811 
f 805//805 812//812 813//813 
f 813//813 811//811 805//805 
f 811//811 813//813 809//809 
f 814//814 810//810 815//815 
f 816//816 817//817 814//814 
f 815//815 816//816 814//814 
f 818//818 817//817 819//819 
f 820//820 821//821 818//818 
f 819//819 820//820 818//818 
f 822//822 821//821 823//823 
f 823//823 824//824 822//822 
f 825//825 826//826 781//781 
f 825//825 827//827 826//826 
f 781//781 780//780 825//825 
f 824//824 828//828 822//822 
f 820//820 823//823 821//821 
f 816//816 819//819 817//817 
f 809//809 815//815 810//810 
f 807//807 812//812 805//805 
f 800//800 808//808 801//801 
f 797//797 803//803 795//795 
f 793//793 799//799 791//791 
f 789//789 794//794 787//787 
f 782//782 786//786 783//783 
f 779//779 786//786 777//777 
v -0.0346875 -0.0237224 0.01 
v -0.0316282 -0.0218914 0.0164825 
v -0.0319447 -0.021564 0.0163023 
v -0.0348916 -0.0233969 0.01 
v -0.0322851 -0.0212313 0.0161081 
v -0.035092 -0.0230772 0.01 
vn -0.751002 -0.451369 0.481936 
vn -0.752673 -0.448608 0.481907 
vn -0.742608 -0.46498 0.482003 
vn -0.742299 -0.465472 0.482003 
vn -0.731866 -0.481799 0.481915 
vn -0.733554 -0.479198 0.481941 
f 829//829 830//830 831//831 
f 832//832 831//831 833//833 
f 833//833 834//834 832//832 
f 831//831 832//832 829//829 
v -0.031016 -0.0417261 0.00820273 
v -0.031 -0.04175 0.00883681 
v -0.031 -0.0396616 0.01 
v -0.0310588 -0.0416624 0.00764659 
v -0.031038 -0.0385028 0.00999966 
v -0.0310904 -0.036906 0.00999919 
v -0.0311283 -0.0415588 0.00711598 
v -0.0312243 -0.0414155 0.00661235 
v -0.0311283 -0.0363813 0.00999966 
v -0.0311302 -0.0363548 0.00999968 
v -0.0313466 -0.0412331 0.00613704 
v -0.0316688 -0.0407527 0.00527644 
v -0.0314383 -0.0336441 0.00999979 
v -0.0316459 -0.0323948 0.00999988 
v -0.031495 -0.0410119 0.00569134 
v -0.0313631 -0.034306 0.00999977 
v -0.0320914 -0.0401226 0.00454342 
v -0.0318678 -0.0404559 0.00489346 
v -0.0316729 -0.0322758 0.00999988 
v -0.0319037 -0.0312572 0.00999988 
v -0.0326097 -0.0393497 0.00394588 
v -0.0323389 -0.0397535 0.00422728 
v -0.0321105 -0.0303447 0.00999989 
v -0.0322734 -0.0296258 0.00999989 
v -0.0325354 -0.0288068 0.00999993 
v -0.0332182 -0.0384423 0.00349023 
v -0.0329031 -0.0389122 0.00369997 
v -0.0326308 -0.0285085 0.00999994 
v -0.0330564 -0.0271777 0.00999999 
v -0.0339104 -0.0374101 0.00318137 
v -0.0332343 -0.0267575 0.00999997 
v -0.033883 -0.0252247 0.0099999 
v -0.0335543 -0.0379411 0.00331721 
v -0.0332282 -0.0267719 0.00999997 
v -0.0346789 -0.0362642 0.00302264 
v -0.033923 -0.0251501 0.0099999 
v -0.0345807 -0.0239219 0.00999999 
v -0.0342856 -0.0368506 0.0030831 
v -0.0339118 -0.0251709 0.0099999 
v -0.0346793 -0.0237377 0.01 
v -0.0351272 -0.0235569 0.00970517 
v -0.0351272 -0.0355956 0.003 
v -0.0346875 -0.0237224 0.01 
vn -0.998399 -0.0275195 0.0494094 
vn -1 -1.30104e-15 1.38778e-15 
vn -1 1.06183e-08 -1.90644e-08 
vn -0.994124 -0.0526705 0.0945662 
vn -0.9984 -0.027511 0.049394 
vn -0.990961 -0.0652767 0.1172 
vn -0.987175 -0.0776798 0.139469 
vn -0.97757 -0.10248 0.183996 
vn -0.987175 -0.0776799 0.139469 
vn -0.986966 -0.0783063 0.140594 
vn -0.965336 -0.127005 0.228028 
vn -0.933116 -0.174964 0.314136 
vn -0.956168 -0.142481 0.255815 
vn -0.935398 -0.172056 0.308914 
vn -0.950504 -0.151188 0.271447 
vn -0.965324 -0.127025 0.228065 
vn -0.890863 -0.221042 0.396866 
vn -0.913218 -0.19827 0.35598 
vn -0.933125 -0.174954 0.314117 
vn -0.912063 -0.199524 0.358232 
vn -0.839031 -0.264744 0.475328 
vn -0.866112 -0.24322 0.436685 
vn -0.890837 -0.221067 0.396911 
vn -0.872655 -0.237618 0.426627 
vn -0.848384 -0.25759 0.462485 
vn -0.778177 -0.305598 0.54868 
vn -0.809693 -0.285555 0.512694 
vn -0.839038 -0.264739 0.47532 
vn -0.794357 -0.295577 0.530689 
vn -0.708956 -0.343167 0.616132 
vn -0.777617 -0.305936 0.549286 
vn -0.711697 -0.341821 0.613715 
vn -0.744568 -0.324819 0.58319 
vn -0.778201 -0.305584 0.548654 
vn -0.632111 -0.377045 0.676958 
vn -0.707899 -0.343683 0.617059 
vn -0.642369 -0.372918 0.669548 
vn -0.671437 -0.360591 0.647416 
vn -0.708962 -0.343164 0.616126 
vn -0.632109 -0.377046 0.676959 
vn -0.587275 -0.393837 0.707107 
vn -0.587275 -0.393837 0.707107 
vn -0.631251 -0.377386 0.677571 
f 835//835 836//836 837//837 
f 838//838 835//835 839//839 
f 840//840 841//841 838//838 
f 839//839 840//840 838//838 
f 842//842 841//841 843//843 
f 844//844 845//845 842//842 
f 843//843 844//844 842//842 
f 846//846 847//847 848//848 
f 849//849 845//845 850//850 
f 847//847 846//846 849//849 
f 850//850 847//847 849//849 
f 851//851 852//852 853//853 
f 853//853 854//854 851//851 
f 852//852 846//846 853//853 
f 855//855 856//856 857//857 
f 857//857 858//858 855//855 
f 856//856 851//851 857//857 
f 858//858 859//859 855//855 
f 860//860 861//861 862//862 
f 862//862 863//863 860//860 
f 861//861 855//855 862//862 
f 864//864 865//865 866//866 
f 864//864 867//867 868//868 
f 868//868 865//865 864//864 
f 867//867 860//860 868//868 
f 869//869 870//870 871//871 
f 869//869 872//872 873//873 
f 873//873 870//870 869//869 
f 872//872 864//864 873//873 
f 874//874 875//875 876//876 
f 876//876 869//869 874//874 
f 874//874 877//877 875//875 
f 871//871 874//874 869//869 
f 866//866 873//873 864//864 
f 863//863 868//868 860//860 
f 859//859 862//862 855//855 
f 854//854 857//857 851//851 
f 848//848 853//853 846//846 
f 844//844 850//850 845//845 
f 840//840 843//843 841//841 
f 837//837 839//839 835//835 
v -0.031038 -0.0385028 0.00999966 
v -0.031044 -0.0378054 0.0101675 
v -0.0310475 -0.0376618 0.0101609 
v -0.0311302 -0.0363548 0.00999968 
v -0.0311283 -0.0363813 0.00999966 
v -0.0310904 -0.036906 0.00999919 
v -0.031 -0.0396616 0.0102528 
v -0.031 -0.0396616 0.01 
vn -0.999622 -0.0274979 0 
vn -0.999029 -0.0440579 0 
vn -0.998873 -0.0474672 0 
vn -0.996912 -0.0785226 0 
vn -0.996962 -0.0778919 0 
vn -0.997858 -0.0654245 0 
vn -1 4.97565e-05 0 
vn -1 4.97566e-05 0 
f 878//878 879//879 880//880 
f 880//880 881//881 882//882 
f 882//882 883//883 880//880 
f 884//884 879//879 878//878 
f 878//878 885//885 884//884 
f 880//880 883//883 878//878 
v -0.0313631 -0.034306 0.00999977 
v -0.0313325 -0.033986 0.01 
v -0.0313413 -0.0339157 0.01 
v -0.0312981 -0.0343573 0.00999996 
v -0.0313229 -0.0340626 0.01 
v -0.0311627 -0.0359682 0.00999974 
v -0.0312136 -0.0353624 0.00999982 
v -0.0314383 -0.0336441 0.00999979 
v -0.031553 -0.0328076 0.00999992 
v -0.0315812 -0.0326821 0.00999991 
v -0.0315384 -0.0328723 0.00999993 
v -0.0314858 -0.0331056 0.00999995 
v -0.0315115 -0.0329918 0.00999994 
v -0.0314063 -0.0334588 0.00999999 
v -0.0314219 -0.0333894 0.00999998 
v -0.031379 -0.0336144 0.01 
v -0.0313887 -0.033537 0.01 
v -0.0313501 -0.0338453 0.01 
v -0.0311302 -0.0363548 0.00999968 
v -0.0314614 -0.033214 0.00999997 
v -0.0314641 -0.0332022 0.00999996 
v -0.0313598 -0.0337674 0.01 
v -0.0313695 -0.0336905 0.01 
v -0.0314381 -0.0333176 0.00999998 
v -0.0316459 -0.0323948 0.00999988 
vn 0 0 1 
vn 0 0 1 
vn 0 0 1 
vn 0 0 1 
vn 0 0 1 
vn 0 0 1 
vn 0 0 1 
vn 0 0 1 
vn 0 0 1 
vn 0 0 1 
vn 0 0 1 
vn 0 0 1 
vn 0 0 1 
vn 0 0 1 
vn 0 0 1 
vn 0 0 1 
vn 0 0 1 
vn 0 0 1 
vn 0 0 1 
vn 0 0 1 
vn 0 0 1 
vn 0 0 1 
vn 0 0 1 
vn 0 0 1 
vn 0 0 1 
f 886//886 887//887 888//888 
f 886//886 889//889 890//890 
f 890//890 887//887 886//886 
f 886//886 891//891 892//892 
f 893//893 894//894 895//895 
f 892//892 889//889 886//886 
f 893//893 896//896 894//894 
f 893//893 897//897 898//898 
f 893//893 899//899 900//900 
f 893//893 901//901 902//902 
f 893//893 888//888 903//903 
f 886//886 904//904 891//891 
f 898//898 896//896 893//893 
f 893//893 905//905 906//906 
f 902//902 899//899 893//893 
f 893//893 907//907 908//908 
f 888//888 893//893 886//886 
f 906//906 897//897 893//893 
f 900//900 909//909 893//893 
f 903//903 907//907 893//893 
f 909//909 905//905 893//893 
f 895//895 910//910 893//893 
f 908//908 901//901 893//893 
v -0.0312081 -0.0339585 0.0103553 
v -0.0311398 -0.0339134 0.0104996 
v -0.0311508 -0.0338629 0.0104807 
v -0.0312776 -0.0339386 0.0101864 
v -0.0312644 -0.0340033 0.0102059 
v -0.031224 -0.033969 0.0103217 
v -0.0312204 -0.0339011 0.0103363 
v -0.031322 -0.0339753 0.010032 
v -0.0313097 -0.0340476 0.0100527 
v -0.0312889 -0.0340241 0.0101357 
v -0.0311602 -0.0338161 0.0104672 
v -0.0312299 -0.0338478 0.0103223 
v -0.0312874 -0.0338786 0.0101718 
v -0.0312389 -0.0337939 0.0103121 
v -0.0311653 -0.0337882 0.0104615 
v -0.0313349 -0.0339103 0.0100198 
v -0.0312969 -0.0338179 0.0101613 
v -0.0311688 -0.0337688 0.0104576 
v -0.0311775 -0.0337157 0.0104514 
v -0.0312484 -0.0337337 0.0103056 
v -0.0313462 -0.0338429 0.0100104 
v -0.0313072 -0.0337501 0.0101544 
v -0.0312572 -0.0336735 0.010304 
v -0.0313171 -0.0336825 0.0101526 
v -0.0313695 -0.0336905 0.01 
v -0.0313574 -0.0337665 0.0100058 
v -0.0312653 -0.0336134 0.0103073 
v -0.0313265 -0.0336151 0.0101557 
v -0.0313778 -0.0336145 0.0100034 
v -0.0312728 -0.0335532 0.0103154 
v -0.0313357 -0.0335476 0.0101639 
v -0.031386 -0.0335379 0.0100086 
v -0.0313445 -0.03348 0.010177 
v -0.0313967 -0.0334644 0.0100211 
v -0.0313515 -0.0334239 0.0101916 
v -0.0314054 -0.0334021 0.0100359 
v -0.0313582 -0.033368 0.0102097 
v -0.0311895 -0.033655 0.0104445 
v -0.0312176 -0.0336091 0.0104062 
v -0.0311852 -0.0336627 0.01045 
v -0.0311855 -0.0336611 0.01045 
v -0.0312512 -0.0335543 0.0103605 
v -0.0312527 -0.0335518 0.0103585 
v -0.0312856 -0.0334898 0.0103164 
v -0.0312773 -0.0335054 0.010327 
v -0.0313187 -0.0334273 0.010274 
v -0.031344 -0.0333721 0.0102441 
v -0.0314139 -0.03334 0.0100542 
v -0.0313819 -0.0332894 0.0101993 
v -0.0313856 -0.0332799 0.0101952 
v -0.0313614 -0.0333342 0.0102235 
v -0.0314256 -0.0332542 0.0100852 
v -0.0314269 -0.0331759 0.0101511 
v -0.0314858 -0.0331056 0.00999995 
v -0.0314424 -0.033137 0.0101345 
v -0.0314685 -0.0330621 0.0101097 
v -0.031437 -0.0331688 0.0101229 
v -0.0314405 -0.0331416 0.0101365 
v -0.0314993 -0.0330182 0.0100275 
v -0.0314878 -0.033007 0.0100915 
v -0.0315092 -0.0329365 0.0100743 
v -0.0315812 -0.0326821 0.00999991 
v -0.0315838 -0.0326695 0.0100232 
v -0.0315982 -0.0326138 0.0100148 
v -0.031553 -0.0328076 0.00999992 
v -0.0315455 -0.0328176 0.0100454 
v -0.0315688 -0.0327273 0.0100319 
v -0.0315384 -0.0328723 0.00999993 
v -0.0315132 -0.0329327 0.0100619 
v -0.031514 -0.0329208 0.0100705 
v -0.0315115 -0.0329918 0.00999994 
v -0.0314641 -0.0332022 0.00999996 
v -0.0314614 -0.033214 0.00999997 
v -0.0314381 -0.0333176 0.00999998 
v -0.0314219 -0.0333894 0.00999998 
v -0.0314063 -0.0334588 0.00999999 
v -0.0313887 -0.033537 0.01 
v -0.031379 -0.0336144 0.01 
v -0.0313598 -0.0337674 0.01 
v -0.0313501 -0.0338453 0.01 
v -0.0313413 -0.0339157 0.01 
v -0.0313325 -0.033986 0.01 
v -0.0313229 -0.0340626 0.01 
v -0.0316459 -0.0323948 0.00999988 
vn -0.914727 -0.0226 0.403441 
vn -0.879847 2.08167e-14 0.475257 
vn -0.878383 -0.0260063 0.47725 
vn -0.94178 -0.0638545 0.330111 
vn -0.943309 -0.0450444 0.328846 
vn -0.921948 -0.0278425 0.386311 
vn -0.91318 -0.0450834 0.405055 
vn -0.963988 -0.0821922 0.252926 
vn -0.965396 -0.0671787 0.251988 
vn -0.954406 -0.0553939 0.293325 
vn -0.876501 -0.049972 0.478799 
vn -0.91136 -0.0658026 0.406316 
vn -0.940095 -0.081191 0.331103 
vn -0.90915 -0.0866085 0.407363 
vn -0.875041 -0.0641212 0.479782 
vn -0.962513 -0.0960339 0.253665 
vn -0.938135 -0.0986043 0.331933 
vn -0.874097 -0.0740346 0.480076 
vn -0.870819 -0.100764 0.481166 
vn -0.906243 -0.109727 0.408269 
vn -0.96086 -0.109942 0.254287 
vn -0.935641 -0.117961 0.332657 
vn -0.902888 -0.132651 0.408896 
vn -0.932836 -0.137164 0.33317 
vn -0.95935 -0.141186 0.244363 
vn -0.958818 -0.12541 0.254834 
vn -0.899086 -0.155428 0.409251 
vn -0.92972 -0.156256 0.333475 
vn -0.954142 -0.156041 0.25547 
vn -0.894832 -0.178103 0.409336 
vn -0.926286 -0.175278 0.333574 
vn -0.9515 -0.171273 0.255564 
vn -0.922529 -0.19427 0.333466 
vn -0.948649 -0.186495 0.255508 
vn -0.919171 -0.209973 0.333221 
vn -0.946129 -0.199092 0.255348 
vn -0.9156 -0.225607 0.332834 
vn -0.867849 -0.131519 0.479104 
vn -0.875586 -0.154312 0.457752 
vn -0.866934 -0.127256 0.481903 
vn -0.866803 -0.128085 0.481921 
vn -0.884075 -0.178723 0.431821 
vn -0.884438 -0.179743 0.430654 
vn -0.893492 -0.20016 0.402006 
vn -0.891283 -0.195332 0.409219 
vn -0.901885 -0.21738 0.373295 
vn -0.90886 -0.228366 0.349031 
vn -0.943471 -0.211646 0.255085 
vn -0.918609 -0.240925 0.31323 
vn -0.919656 -0.241969 0.309327 
vn -0.913419 -0.234694 0.332543 
vn -0.939558 -0.228986 0.254551 
vn -0.930596 -0.250217 0.267173 
vn -0.964188 -0.215637 0.154411 
vn -0.934447 -0.251886 0.251719 
vn -0.941284 -0.253017 0.223532 
vn -0.935379 -0.246256 0.25382 
vn -0.933996 -0.251726 0.253546 
vn -0.956279 -0.234964 0.174135 
vn -0.946035 -0.252414 0.203237 
vn -0.951572 -0.250162 0.17869 
vn -0.974615 -0.212965 0.0690791 
vn -0.96898 -0.229077 0.0927389 
vn -0.971948 -0.222555 0.07607 
vn -0.971578 -0.217499 0.093434 
vn -0.960121 -0.242821 0.138584 
vn -0.965689 -0.235084 0.110366 
vn -0.969989 -0.218684 0.106298 
vn -0.953142 -0.247899 0.173396 
vn -0.952758 -0.249439 0.173299 
vn -0.967029 -0.218633 0.130595 
vn -0.961755 -0.210583 0.175161 
vn -0.961456 -0.209794 0.177731 
vn -0.958806 -0.201176 0.200546 
vn -0.956899 -0.193291 0.216754 
vn -0.954942 -0.184032 0.232848 
vn -0.952552 -0.171462 0.251489 
vn -0.956137 -0.155966 0.247945 
vn -0.962313 -0.126662 0.240644 
vn -0.965042 -0.112364 0.236788 
vn -0.967291 -0.099794 0.233216 
vn -0.96935 -0.0875586 0.229551 
vn -0.971392 -0.0745995 0.225459 
vn -0.981216 -0.192275 0.0156916 
f 911//911 912//912 913//913 
f 914//914 915//915 916//916 
f 916//916 917//917 914//914 
f 918//918 919//919 920//920 
f 920//920 914//914 918//918 
f 917//917 913//913 921//921 
f 914//914 917//917 922//922 
f 918//918 914//914 923//923 
f 924//924 922//922 925//925 
f 922//922 921//921 925//925 
f 923//923 922//922 924//924 
f 926//926 923//923 927//927 
f 924//924 928//928 929//929 
f 927//927 924//924 930//930 
f 931//931 927//927 932//932 
f 933//933 930//930 929//929 
f 932//932 930//930 933//933 
f 934//934 935//935 936//936 
f 934//934 933//933 937//937 
f 938//938 939//939 935//935 
f 938//938 937//937 940//940 
f 939//939 938//938 941//941 
f 942//942 941//941 943//943 
f 944//944 943//943 945//945 
f 946//946 945//945 947//947 
f 933//933 948//948 949//949 
f 933//933 950//950 951//951 
f 951//951 948//948 933//933 
f 937//937 949//949 952//952 
f 940//940 952//952 953//953 
f 941//941 940//940 954//954 
f 940//940 955//955 954//954 
f 943//943 954//954 956//956 
f 945//945 956//956 957//957 
f 958//958 959//959 960//960 
f 958//958 947//947 961//961 
f 961//961 959//959 958//958 
f 962//962 960//960 963//963 
f 964//964 965//965 966//966 
f 964//964 967//967 968//968 
f 968//968 965//965 964//964 
f 969//969 970//970 971//971 
f 969//969 966//966 970//970 
f 972//972 973//973 974//974 
f 975//975 976//976 977//977 
f 978//978 979//979 980//980 
f 976//976 975//975 978//978 
f 980//980 976//976 978//978 
f 979//979 978//978 981//981 
f 967//967 982//982 983//983 
f 967//967 964//964 982//982 
f 962//962 983//983 984//984 
f 958//958 984//984 985//985 
f 946//946 985//985 986//986 
f 944//944 986//986 987//987 
f 988//988 939//939 942//942 
f 989//989 990//990 931//931 
f 926//926 931//931 990//990 
f 918//918 926//926 991//991 
f 919//919 918//918 992//992 
f 992//992 993//993 919//919 
f 991//991 992//992 918//918 
f 990//990 991//991 926//926 
f 931//931 936//936 989//989 
f 989//989 936//936 935//935 
f 935//935 939//939 988//988 
f 942//942 987//987 988//988 
f 987//987 942//942 944//944 
f 986//986 944//944 946//946 
f 985//985 946//946 958//958 
f 984//984 958//958 962//962 
f 983//983 962//962 967//967 
f 964//964 969//969 981//981 
f 981//981 969//969 979//979 
f 977//977 972//972 975//975 
f 974//974 994//994 972//972 
f 973//973 972//972 977//977 
f 980//980 979//979 971//971 
f 971//971 979//979 969//969 
f 966//966 969//969 964//964 
f 968//968 967//967 963//963 
f 963//963 967//967 962//962 
f 960//960 962//962 958//958 
f 961//961 947//947 957//957 
f 957//957 947//947 945//945 
f 956//956 945//945 943//943 
f 954//954 943//943 941//941 
f 953//953 955//955 940//940 
f 952//952 940//940 937//937 
f 949//949 937//937 933//933 
f 947//947 958//958 946//946 
f 945//945 946//946 944//944 
f 943//943 944//944 942//942 
f 941//941 942//942 939//939 
f 940//940 941//941 938//938 
f 935//935 934//934 938//938 
f 937//937 938//938 934//934 
f 936//936 932//932 934//934 
f 933//933 934//934 932//932 
f 929//929 950//950 933//933 
f 932//932 936//936 931//931 
f 930//930 932//932 927//927 
f 929//929 930//930 924//924 
f 927//927 931//931 926//926 
f 924//924 927//927 923//923 
f 925//925 928//928 924//924 
f 923//923 926//926 918//918 
f 922//922 923//923 914//914 
f 921//921 922//922 917//917 
f 920//920 915//915 914//914 
f 916//916 911//911 917//917 
f 913//913 917//917 911//911 
v -0.0269987 -0.0301873 0.0190811 
v -0.0300491 -0.0334346 0.0125545 
v -0.028186 -0.0330634 0.0160047 
v -0.0311895 -0.033655 0.0104445 
v -0.0311855 -0.0336611 0.01045 
v -0.0312176 -0.0336091 0.0104062 
v -0.0313187 -0.0334273 0.010274 
v -0.0312856 -0.0334898 0.0103164 
v -0.0313147 -0.0334309 0.0102802 
v -0.0312773 -0.0335054 0.010327 
v -0.0312527 -0.0335518 0.0103585 
v -0.0312512 -0.0335543 0.0103605 
v -0.0313614 -0.0333342 0.0102235 
v -0.031344 -0.0333721 0.0102441 
v -0.0313856 -0.0332799 0.0101952 
v -0.0313819 -0.0332894 0.0101993 
v -0.0314878 -0.033007 0.0100915 
v -0.0314685 -0.0330621 0.0101097 
v -0.0314888 -0.0329993 0.010092 
v -0.0314424 -0.033137 0.0101345 
v -0.031514 -0.0329208 0.0100705 
v -0.0315092 -0.0329365 0.0100743 
v -0.0314405 -0.0331416 0.0101365 
v -0.0315688 -0.0327273 0.0100319 
v -0.0315455 -0.0328176 0.0100454 
v -0.0315838 -0.0326695 0.0100232 
v -0.0316459 -0.0323948 0.00999988 
v -0.0315982 -0.0326138 0.0100148 
v -0.0316729 -0.0322758 0.00999988 
v -0.0319037 -0.0312572 0.00999988 
v -0.0314269 -0.0331759 0.0101511 
v -0.0270276 -0.0300802 0.0190652 
v -0.0274842 -0.0287737 0.0188119 
v -0.0322734 -0.0296258 0.00999989 
v -0.0321105 -0.0303447 0.00999989 
v -0.028009 -0.027495 0.0185201 
v -0.0280339 -0.0274438 0.0185062 
v -0.0325354 -0.0288068 0.00999993 
v -0.0326308 -0.0285085 0.00999994 
v -0.0287712 -0.0259319 0.0180949 
v -0.0330564 -0.0271777 0.00999999 
v -0.0332282 -0.0267719 0.00999997 
v -0.0292126 -0.0251796 0.0178475 
v -0.0332343 -0.0267575 0.00999997 
v -0.0296334 -0.0244624 0.0176118 
v -0.0303659 -0.0234257 0.0171988 
v -0.033923 -0.0251501 0.0099999 
v -0.0339118 -0.0251709 0.0099999 
v -0.033883 -0.0252247 0.0099999 
v -0.0305994 -0.0230952 0.0170671 
v -0.0314442 -0.0221067 0.0165871 
v -0.0346793 -0.0237377 0.01 
v -0.0316282 -0.0218914 0.0164825 
v -0.0346875 -0.0237224 0.01 
v -0.0345807 -0.0239219 0.00999999 
v -0.0263229 -0.0326921 0.0194549 
vn -0.85609 -0.186552 0.481983 
vn -0.866615 -0.129353 0.48192 
vn -0.866326 -0.131272 0.48192 
vn -0.866781 -0.128231 0.48192 
vn -0.866803 -0.128085 0.481921 
vn -0.866618 -0.129331 0.48192 
vn -0.865959 -0.133673 0.481919 
vn -0.866188 -0.132184 0.481919 
vn -0.865974 -0.133581 0.481919 
vn -0.866244 -0.131811 0.481919 
vn -0.866412 -0.130707 0.48192 
vn -0.866421 -0.130648 0.48192 
vn -0.865616 -0.135877 0.481919 
vn -0.865757 -0.134979 0.481919 
vn -0.865414 -0.137161 0.481919 
vn -0.865449 -0.136938 0.481919 
vn -0.864334 -0.143803 0.481921 
vn -0.864556 -0.142462 0.48192 
vn -0.864303 -0.143985 0.481921 
vn -0.864855 -0.140643 0.481919 
vn -0.863983 -0.145892 0.481922 
vn -0.864047 -0.145511 0.481922 
vn -0.864873 -0.14053 0.481919 
vn -0.863174 -0.150588 0.481927 
vn -0.863554 -0.148401 0.481924 
vn -0.862927 -0.151992 0.481928 
vn -0.861722 -0.158656 0.481937 
vn -0.862687 -0.153344 0.48193 
vn -0.86118 -0.161562 0.481941 
vn -0.855998 -0.186974 0.481983 
vn -0.865009 -0.139693 0.481919 
vn -0.855558 -0.188968 0.481987 
vn -0.848097 -0.219981 0.482017 
vn -0.845393 -0.230151 0.482018 
vn -0.850455 -0.210691 0.482012 
vn -0.838908 -0.252793 0.482005 
vn -0.838488 -0.254186 0.482004 
vn -0.838567 -0.253925 0.482004 
vn -0.835802 -0.262901 0.481994 
vn -0.824333 -0.296992 0.481945 
vn -0.821242 -0.305452 0.481934 
vn -0.815764 -0.319815 0.481921 
vn -0.815496 -0.320496 0.481921 
vn -0.815554 -0.320349 0.481921 
vn -0.805837 -0.344065 0.481919 
vn -0.788277 -0.382588 0.481919 
vn -0.788283 -0.382576 0.481919 
vn -0.788723 -0.381667 0.481919 
vn -0.789843 -0.379345 0.481919 
vn -0.781863 -0.395531 0.481919 
vn -0.758008 -0.439524 0.481915 
vn -0.752843 -0.448312 0.481917 
vn -0.752336 -0.449162 0.481917 
vn -0.752375 -0.449097 0.481917 
vn -0.75801 -0.439522 0.481915 
vn -0.866061 -0.133015 0.481919 
f 995//995 996//996 997//997 
f 998//998 999//999 996//996 
f 995//995 1000//1000 998//998 
f 1001//1001 1002//1002 1003//1003 
f 995//995 1004//1004 1005//1005 
f 1005//1005 1006//1006 995//995 
f 995//995 1003//1003 1002//1002 
f 1002//1002 1004//1004 995//995 
f 995//995 1007//1007 1008//1008 
f 1008//1008 1003//1003 995//995 
f 1006//1006 1000//1000 995//995 
f 1003//1003 1008//1008 1001//1001 
f 996//996 995//995 998//998 
f 995//995 1009//1009 1010//1010 
f 1010//1010 1007//1007 995//995 
f 1011//1011 1012//1012 1013//1013 
f 995//995 1012//1012 1014//1014 
f 995//995 1013//1013 1012//1012 
f 995//995 1015//1015 1016//1016 
f 1016//1016 1013//1013 995//995 
f 1014//1014 1017//1017 995//995 
f 1013//1013 1016//1016 1011//1011 
f 995//995 1018//1018 1019//1019 
f 1019//1019 1015//1015 995//995 
f 995//995 1020//1020 1018//1018 
f 995//995 1021//1021 1022//1022 
f 995//995 1023//1023 1021//1021 
f 1022//1022 1020//1020 995//995 
f 995//995 1024//1024 1023//1023 
f 1017//1017 1025//1025 995//995 
f 1025//1025 1009//1009 995//995 
f 1024//1024 1026//1026 1027//1027 
f 1024//1024 995//995 1026//1026 
f 1027//1027 1028//1028 1029//1029 
f 1028//1028 1030//1030 1031//1031 
f 1028//1028 1027//1027 1030//1030 
f 1031//1031 1032//1032 1028//1028 
f 1033//1033 1031//1031 1034//1034 
f 1034//1034 1035//1035 1033//1033 
f 1036//1036 1034//1034 1037//1037 
f 1037//1037 1038//1038 1036//1036 
f 1036//1036 1035//1035 1034//1034 
f 1038//1038 1039//1039 1040//1040 
f 1038//1038 1037//1037 1039//1039 
f 1040//1040 1041//1041 1042//1042 
f 1042//1042 1043//1043 1040//1040 
f 1041//1041 1044//1044 1045//1045 
f 1041//1041 1040//1040 1044//1044 
f 1046//1046 1045//1045 1047//1047 
f 1047//1047 1048//1048 1046//1046 
f 1046//1046 1049//1049 1045//1045 
f 1045//1045 1049//1049 1041//1041 
f 1040//1040 1043//1043 1038//1038 
f 1033//1033 1032//1032 1031//1031 
f 1027//1027 1029//1029 1024//1024 
f 997//997 1050//1050 995//995 
v -0.0322498 -0.0211118 0.0162609 
v -0.0322851 -0.0212313 0.0161081 
v -0.0319447 -0.021564 0.0163023 
v -0.0322006 -0.0209841 0.0164029 
v -0.0319059 -0.0214482 0.0164542 
v -0.0321379 -0.0208495 0.0165326 
v -0.0318532 -0.0213246 0.0165955 
v -0.0320625 -0.0207093 0.0166489 
v -0.0317874 -0.0211946 0.0167249 
v -0.031975 -0.0205647 0.0167505 
v -0.0317089 -0.0210592 0.0168411 
v -0.0318763 -0.0204173 0.0168365 
v -0.0316186 -0.0209197 0.016943 
v -0.0317674 -0.0202684 0.0169061 
v -0.0315172 -0.0207776 0.0170297 
v -0.0315844 -0.0217781 0.0166319 
v -0.0315843 -0.0217779 0.0166322 
v -0.0315559 -0.021711 0.0167159 
v -0.0315289 -0.0216586 0.0167725 
v -0.0315288 -0.0216585 0.0167727 
v -0.0314875 -0.0215783 0.0168594 
v -0.0314604 -0.021533 0.0169015 
v -0.0314603 -0.0215328 0.0169016 
v -0.0314044 -0.0214393 0.0169886 
v -0.0313795 -0.0214022 0.0170178 
v -0.0313077 -0.0212955 0.017102 
v -0.0313795 -0.0214023 0.0170178 
v -0.0311982 -0.0211484 0.0171984 
v -0.0311837 -0.0211306 0.0172077 
v -0.0314059 -0.020634 0.0171003 
v -0.0311837 -0.0211306 0.0172078 
v -0.0316282 -0.0218914 0.0164825 
v -0.031609 -0.021836 0.0165595 
v -0.0310708 -0.0209921 0.0172803 
vn -0.714437 -0.421712 0.558336 
vn -0.732096 -0.481445 0.481919 
vn -0.742677 -0.464957 0.481919 
vn -0.689834 -0.35788 0.629326 
vn -0.723241 -0.407063 0.557873 
vn -0.658525 -0.290569 0.6942 
vn -0.696936 -0.345302 0.628528 
vn -0.620817 -0.220435 0.752327 
vn -0.66401 -0.280262 0.693213 
vn -0.577074 -0.148158 0.803141 
vn -0.624777 -0.212559 0.751313 
vn -0.527722 -0.0744406 0.846149 
vn -0.57961 -0.142838 0.802277 
vn -0.473241 0 0.880933 
vn -0.528938 -0.0717598 0.845621 
vn -0.731015 -0.393509 0.557465 
vn -0.730977 -0.393419 0.557578 
vn -0.715806 -0.359451 0.598679 
vn -0.703202 -0.333681 0.627825 
vn -0.703168 -0.333614 0.627898 
vn -0.681601 -0.293099 0.670457 
vn -0.668847 -0.270748 0.692344 
vn -0.668822 -0.270707 0.692383 
vn -0.640086 -0.223604 0.735045 
vn -0.628258 -0.20528 0.750435 
vn -0.591706 -0.151711 0.79175 
vn -0.628268 -0.205296 0.750421 
vn -0.536969 -0.0781758 0.839972 
vn -0.530032 -0.0693192 0.84514 
vn -0.473241 0 0.880933 
vn -0.530009 -0.0692896 0.845157 
vn -0.75201 -0.449622 0.481997 
vn -0.742334 -0.421947 0.520481 
vn -0.473256 -1.69555e-05 0.880925 
f 1051//1051 1052//1052 1053//1053 
f 1054//1054 1051//1051 1055//1055 
f 1056//1056 1054//1054 1057//1057 
f 1058//1058 1056//1056 1059//1059 
f 1060//1060 1058//1058 1061//1061 
f 1062//1062 1060//1060 1063//1063 
f 1064//1064 1062//1062 1065//1065 
f 1055//1055 1066//1066 1067//1067 
f 1067//1067 1057//1057 1055//1055 
f 1067//1067 1068//1068 1057//1057 
f 1057//1057 1069//1069 1070//1070 
f 1070//1070 1059//1059 1057//1057 
f 1070//1070 1071//1071 1059//1059 
f 1059//1059 1072//1072 1073//1073 
f 1073//1073 1061//1061 1059//1059 
f 1073//1073 1074//1074 1061//1061 
f 1061//1061 1075//1075 1076//1076 
f 1061//1061 1077//1077 1075//1075 
f 1065//1065 1078//1078 1079//1079 
f 1078//1078 1065//1065 1063//1063 
f 1063//1063 1076//1076 1078//1078 
f 1080//1080 1065//1065 1081//1081 
f 1053//1053 1082//1082 1083//1083 
f 1083//1083 1055//1055 1053//1053 
f 1083//1083 1066//1066 1055//1055 
f 1081//1081 1084//1084 1080//1080 
f 1079//1079 1081//1081 1065//1065 
f 1076//1076 1063//1063 1061//1061 
f 1074//1074 1077//1077 1061//1061 
f 1071//1071 1072//1072 1059//1059 
f 1068//1068 1069//1069 1057//1057 
f 1065//1065 1080//1080 1064//1064 
f 1063//1063 1065//1065 1062//1062 
f 1061//1061 1063//1063 1060//1060 
f 1059//1059 1061//1061 1058//1058 
f 1057//1057 1059//1059 1056//1056 
f 1055//1055 1057//1057 1054//1054 
f 1053//1053 1055//1055 1051//1051 
v -0.0350904 0.0178389 0.0147738 
v -0.0329763 0.0203594 0.0158807 
v -0.0334092 0.0200055 0.0155248 
v -0.0330158 0.0204745 0.015729 
v -0.0329231 0.0202367 0.0160219 
v -0.0328566 0.0201075 0.0161512 
v -0.0350256 0.0177324 0.0149128 
v -0.0327776 0.019973 0.0162674 
v -0.0349482 0.0176207 0.0150408 
v -0.0326867 0.0198345 0.0163694 
v -0.0348589 0.0175049 0.0151568 
v -0.0325849 0.0196934 0.0164562 
v -0.0347584 0.0173859 0.0152598 
v -0.0346477 0.0172648 0.0153488 
v -0.0345278 0.0171426 0.0154232 
v -0.036855 0.0152192 0.0138492 
v -0.0360446 0.0165993 0.0141562 
v -0.0351421 0.0179394 0.0146252 
v -0.0367807 0.015129 0.0139863 
v -0.0366944 0.0150348 0.0141134 
v -0.0365968 0.0149373 0.0142292 
v -0.0364886 0.0148374 0.014333 
v -0.0363708 0.0147359 0.0144239 
v -0.0362443 0.0146335 0.0145011 
v -0.0369166 0.0153046 0.013703 
v -0.038237 0.0128304 0.0130164 
v -0.0382882 0.0125338 0.0130977 
v -0.0382064 0.01246 0.0132335 
v -0.0381131 0.0123832 0.0133597 
v -0.0380089 0.0123038 0.0134755 
v -0.0378946 0.0122226 0.0135799 
v -0.0377712 0.0121401 0.0136722 
v -0.0376395 0.0120569 0.0137516 
v -0.0394852 0.00986211 0.0123669 
v -0.0394094 0.00980736 0.0125096 
v -0.0393218 0.00974991 0.0126443 
v -0.039223 0.00969019 0.0127699 
v -0.0391138 0.00962864 0.0128856 
v -0.0389948 0.00956569 0.0129905 
v -0.0388671 0.00950181 0.0130838 
v -0.0387315 0.00943746 0.0131649 
v -0.0402362 0.00705653 0.0120757 
v -0.0398253 0.00873052 0.0121899 
v -0.0401444 0.00701535 0.0122096 
v -0.0400417 0.00697261 0.0123348 
v -0.0399287 0.0069286 0.0124504 
v -0.0398064 0.00688363 0.0125557 
v -0.0396756 0.00683802 0.0126498 
v -0.0395371 0.00679209 0.0127321 
v -0.0403166 0.00709586 0.0119341 
v -0.0408449 0.00442514 0.011659 
v -0.0407832 0.0042923 0.0117887 
v -0.0406885 0.00426732 0.0119221 
v -0.0405832 0.00424141 0.012047 
v -0.0404679 0.00421475 0.0121626 
v -0.0403433 0.00418753 0.012268 
v -0.0402105 0.00415992 0.0123626 
v -0.0400702 0.00413213 0.0124458 
v -0.0411451 0.00153003 0.0115026 
v -0.0410604 0.00152156 0.0116432 
v -0.0409643 0.00151272 0.0117763 
v -0.0408577 0.00150355 0.0119011 
v -0.0407412 0.00149412 0.0120166 
v -0.0406155 0.00148449 0.0121222 
v -0.0404816 0.00147473 0.0122171 
v -0.0403404 0.00146491 0.0123006 
v -0.0411522 -1.0828e-07 0.0114989 
v -0.0410732 -0.00125119 0.0116364 
v -0.0409771 -0.00124391 0.0117695 
v -0.0408704 -0.00123638 0.0118943 
v -0.0407538 -0.00122862 0.0120099 
v -0.0406281 -0.00122071 0.0121154 
v -0.0404942 -0.00121268 0.0122103 
v -0.0403529 -0.0012046 0.0122939 
v -0.041158 -0.00125815 0.0114959 
v -0.0409054 -0.00404468 0.0116275 
v -0.0408219 -0.0040223 0.0117683 
v -0.0407271 -0.00399889 0.0119017 
v -0.0406216 -0.00397461 0.0120266 
v -0.0405061 -0.00394964 0.0121421 
v -0.0403814 -0.00392414 0.0122476 
v -0.0402484 -0.00389828 0.0123423 
v -0.040108 -0.00387224 0.0124255 
v -0.0403017 -0.00678741 0.0120414 
v -0.0408342 -0.0044234 0.0116646 
v -0.0402095 -0.00674782 0.0121752 
v -0.0401065 -0.00670672 0.0123004 
v -0.0399932 -0.00666441 0.012416 
v -0.0398707 -0.00662118 0.0125213 
v -0.0397396 -0.00657734 0.0126154 
v -0.0396009 -0.00653319 0.0126979 
v -0.0403824 -0.00682523 0.0118998 
v -0.039829 -0.00873179 0.0121879 
v -0.0395028 -0.00953995 0.0124606 
v -0.0394147 -0.00948409 0.0125952 
v -0.0393154 -0.00942604 0.0127208 
v -0.0392057 -0.0093662 0.0128365 
v -0.0390864 -0.00930502 0.0129414 
v -0.0389584 -0.00924293 0.0130348 
v -0.0388224 -0.00918039 0.0131161 
v -0.0395791 -0.0095932 0.0123181 
v -0.0384813 -0.0123381 0.0128893 
v -0.038411 -0.0122694 0.0130333 
v -0.0383286 -0.0121972 0.013169 
v -0.0382346 -0.012122 0.0132951 
v -0.0381299 -0.0120444 0.0134109 
v -0.0380151 -0.011965 0.0135154 
v -0.0378912 -0.0118843 0.0136077 
v -0.037759 -0.011803 0.0136873 
v -0.037009 -0.0149597 0.0137685 
v -0.0382272 -0.0128258 0.0130215 
v -0.036934 -0.0148711 0.0139054 
v -0.0368469 -0.0147786 0.0140324 
v -0.0367486 -0.014683 0.0141483 
v -0.0366397 -0.0145849 0.0142521 
v -0.0365213 -0.0144852 0.0143431 
v -0.0363942 -0.0143847 0.0144205 
v -0.0370715 -0.0150436 0.0136225 
v -0.0360458 -0.0166004 0.0141556 
v -0.0352776 -0.0175872 0.0146758 
v -0.0352118 -0.0174822 0.0148145 
v -0.0351334 -0.0173723 0.0149424 
v -0.0350432 -0.0172583 0.0150584 
v -0.034942 -0.0171411 0.0151615 
v -0.0348305 -0.017022 0.0152508 
v -0.0347098 -0.0169017 0.0153254 
v -0.0353304 -0.0176862 0.0145274 
v -0.033419 -0.0200137 0.0155197 
v -0.0331983 -0.0201191 0.0157645 
v -0.0331438 -0.019998 0.0159055 
v -0.0330762 -0.0198705 0.0160346 
v -0.0329961 -0.0197378 0.0161508 
v -0.0329042 -0.0196013 0.0162529 
v -0.0328014 -0.0194621 0.01634 
v -0.0326887 -0.0193216 0.0164112 
v -0.0318763 0.0204173 0.0168365 
v -0.032473 0.0195509 0.016527 
v -0.031975 0.0205647 0.0167505 
v -0.0320625 0.0207092 0.0166489 
v -0.0321379 0.0208495 0.0165326 
v -0.0322006 0.0209841 0.0164029 
v -0.0322498 0.0211118 0.0162609 
v -0.0332391 -0.0202328 0.0156131 
v -0.0322851 -0.0212313 0.0161081 
v -0.0322498 -0.0211118 0.0162609 
v -0.0322006 -0.0209841 0.0164029 
v -0.0321379 -0.0208495 0.0165326 
v -0.0320625 -0.0207093 0.0166489 
v -0.031975 -0.0205647 0.0167505 
v -0.0318763 -0.0204173 0.0168365 
v -0.0317674 -0.0202684 0.0169061 
v -0.0322851 0.0212313 0.0161081 
v -0.0317674 0.0202684 0.0169061 
v -0.0408664 0.00431619 0.0116478 
v -0.0383579 0.012604 0.0129535 
vn -0.754579 0.348155 0.556236 
vn -0.724883 0.404251 0.557787 
vn -0.749611 0.444104 0.490769 
vn -0.744651 0.461789 0.481919 
vn -0.698259 0.34289 0.628379 
vn -0.665032 0.278286 0.693029 
vn -0.722171 0.29489 0.625707 
vn -0.625515 0.211051 0.751125 
vn -0.68347 0.239056 0.689725 
vn -0.580083 0.141819 0.802117 
vn -0.638813 0.181139 0.747734 
vn -0.529164 0.0712465 0.845523 
vn -0.588591 0.121643 0.799227 
vn -0.533239 0.0610878 0.843756 
vn -0.473241 0 0.880933 
vn -0.778601 0.29285 0.554994 
vn -0.790723 0.357898 0.496655 
vn -0.780412 0.398386 0.481919 
vn -0.741469 0.247764 0.623567 
vn -0.698322 0.200668 0.68708 
vn -0.649508 0.151943 0.745019 
vn -0.595424 0.101985 0.796912 
vn -0.536509 0.0512004 0.84234 
vn -0.473241 0 0.880933 
vn -0.809416 0.33556 0.481919 
vn -0.828762 0.276685 0.486414 
vn -0.797623 0.238456 0.554019 
vn -0.756723 0.201563 0.621887 
vn -0.710042 0.16313 0.685003 
vn -0.657936 0.12345 0.742886 
vn -0.600804 0.082828 0.795094 
vn -0.539082 0.0415728 0.841227 
vn -0.473241 0 0.880933 
vn -0.850101 0.212327 0.481919 
vn -0.812206 0.184951 0.553276 
vn -0.768401 0.156229 0.620606 
vn -0.719004 0.126369 0.68342 
vn -0.664375 0.0955907 0.741261 
vn -0.604911 0.0641162 0.793708 
vn -0.541045 0.0321752 0.840378 
vn -0.473241 0 0.880933 
vn -0.822799 0.132221 0.552738 
vn -0.849094 0.183339 0.495405 
vn -0.776875 0.111632 0.619681 
vn -0.725501 0.09026 0.682276 
vn -0.669039 0.0682548 0.740087 
vn -0.607884 0.0457709 0.792706 
vn -0.542465 0.022966 0.839764 
vn -0.473241 0 0.880933 
vn -0.862952 0.151883 0.481919 
vn -0.869998 0.0940411 0.484005 
vn -0.829731 0.0800867 0.552388 
vn -0.782416 0.0675939 0.619077 
vn -0.729747 0.0546386 0.68153 
vn -0.672086 0.0413095 0.73932 
vn -0.609825 0.0276977 0.792052 
vn -0.543392 0.0138964 0.839364 
vn -0.473241 0 0.880933 
vn -0.875611 0.0325606 0.481919 
vn -0.833223 0.028329 0.552211 
vn -0.785206 0.023906 0.618773 
vn -0.731884 0.0193215 0.681155 
vn -0.673618 0.0146065 0.738935 
vn -0.610802 0.00979286 0.791723 
vn -0.543858 0.00491302 0.839163 
vn -0.473241 0 0.880933 
vn -0.868625 -2.25142e-06 0.49547 
vn -0.833384 -0.0232927 0.552203 
vn -0.785335 -0.0196559 0.618759 
vn -0.731983 -0.0158864 0.681138 
vn -0.673689 -0.0120096 0.738917 
vn -0.610847 -0.00805173 0.791708 
vn -0.54388 -0.0040395 0.839153 
vn -0.473241 0 0.880933 
vn -0.875807 -0.0267723 0.481919 
vn -0.871964 -0.0862188 0.481919 
vn -0.830221 -0.0750263 0.552363 
vn -0.782807 -0.0633215 0.619034 
vn -0.730047 -0.0511841 0.681478 
vn -0.6723 -0.0386971 0.739266 
vn -0.609962 -0.0259459 0.792006 
vn -0.543458 -0.0130174 0.839336 
vn -0.473241 0 0.880933 
vn -0.823632 -0.127114 0.552696 
vn -0.867598 -0.0933123 0.488432 
vn -0.777541 -0.107316 0.619608 
vn -0.726012 -0.0867674 0.682187 
vn -0.669405 -0.0656122 0.739994 
vn -0.608117 -0.0439981 0.792627 
vn -0.542577 -0.0220762 0.839716 
vn -0.473241 0 0.880933 
vn -0.863963 -0.146023 0.481919 
vn -0.849904 -0.183857 0.493823 
vn -0.813409 -0.179777 0.553214 
vn -0.769364 -0.15185 0.620501 
vn -0.719742 -0.122822 0.68329 
vn -0.664905 -0.0929038 0.741128 
vn -0.605249 -0.0623124 0.793594 
vn -0.541206 -0.0312695 0.840308 
vn -0.473241 0 0.880933 
vn -0.851559 -0.206401 0.481919 
vn -0.834378 -0.267522 0.481919 
vn -0.799232 -0.2332 0.553937 
vn -0.758012 -0.197105 0.621745 
vn -0.711032 -0.159512 0.684828 
vn -0.658648 -0.120707 0.742706 
vn -0.601258 -0.0809847 0.79494 
vn -0.539299 -0.0406468 0.841133 
vn -0.473241 0 0.880933 
vn -0.780666 -0.287505 0.554888 
vn -0.826971 -0.274762 0.490535 
vn -0.743127 -0.243218 0.623384 
vn -0.699596 -0.19697 0.686854 
vn -0.650425 -0.149134 0.744786 
vn -0.596009 -0.100096 0.796714 
vn -0.536789 -0.0502505 0.842219 
vn -0.473241 0 0.880933 
vn -0.811912 -0.329474 0.481919 
vn -0.790921 -0.358242 0.496091 
vn -0.75716 -0.342723 0.556102 
vn -0.724246 -0.290254 0.625476 
vn -0.685068 -0.235274 0.68944 
vn -0.639965 -0.17826 0.747441 
vn -0.589327 -0.119703 0.798977 
vn -0.533592 -0.0601117 0.843603 
vn -0.473241 0 0.880933 
vn -0.783525 -0.392229 0.481919 
vn -0.750634 -0.447077 0.486489 
vn -0.728049 -0.398752 0.55762 
vn -0.700812 -0.338175 0.628093 
vn -0.667002 -0.274426 0.692675 
vn -0.626937 -0.208103 0.750761 
vn -0.580993 -0.139829 0.801807 
vn -0.5296 -0.0702441 0.845334 
vn -0.473241 0 0.880933 
vn -0.527722 0.0744401 0.846149 
vn -0.473241 0 0.880933 
vn -0.577074 0.148157 0.803141 
vn -0.620817 0.220433 0.752326 
vn -0.658526 0.290567 0.6942 
vn -0.689835 0.357877 0.629326 
vn -0.714439 0.421709 0.558336 
vn -0.74846 -0.45559 0.481919 
vn -0.732099 -0.481442 0.481919 
vn -0.714439 -0.42171 0.558335 
vn -0.689835 -0.357878 0.629325 
vn -0.658527 -0.290568 0.694199 
vn -0.620818 -0.220434 0.752326 
vn -0.577074 -0.148157 0.80314 
vn -0.527722 -0.0744403 0.846149 
vn -0.473241 0 0.880933 
vn -0.732099 0.481442 0.481919 
vn -0.473241 0 0.880933 
vn -0.871369 0.0920315 0.481919 
vn -0.832429 0.273527 0.481919 
f 1085//1085 1086//1086 1087//1087 
f 1086//1086 1088//1088 1087//1087 
f 1089//1089 1086//1086 1085//1085 
f 1090//1090 1089//1089 1091//1091 
f 1092//1092 1090//1090 1093//1093 
f 1094//1094 1092//1092 1095//1095 
f 1096//1096 1094//1094 1097//1097 
f 1096//1096 1098//1098 1099//1099 
f 1100//1100 1085//1085 1101//1101 
f 1085//1085 1102//1102 1101//1101 
f 1091//1091 1085//1085 1100//1100 
f 1093//1093 1091//1091 1103//1103 
f 1095//1095 1093//1093 1104//1104 
f 1097//1097 1095//1095 1105//1105 
f 1098//1098 1097//1097 1106//1106 
f 1098//1098 1107//1107 1108//1108 
f 1100//1100 1109//1109 1110//1110 
f 1110//1110 1111//1111 1100//1100 
f 1103//1103 1100//1100 1111//1111 
f 1104//1104 1103//1103 1112//1112 
f 1105//1105 1104//1104 1113//1113 
f 1106//1106 1105//1105 1114//1114 
f 1107//1107 1106//1106 1115//1115 
f 1107//1107 1116//1116 1117//1117 
f 1118//1118 1119//1119 1111//1111 
f 1112//1112 1111//1111 1119//1119 
f 1113//1113 1112//1112 1120//1120 
f 1114//1114 1113//1113 1121//1121 
f 1115//1115 1114//1114 1122//1122 
f 1116//1116 1115//1115 1123//1123 
f 1116//1116 1124//1124 1125//1125 
f 1126//1126 1119//1119 1127//1127 
f 1119//1119 1118//1118 1127//1127 
f 1120//1120 1119//1119 1126//1126 
f 1121//1121 1120//1120 1128//1128 
f 1122//1122 1121//1121 1129//1129 
f 1123//1123 1122//1122 1130//1130 
f 1124//1124 1123//1123 1131//1131 
f 1124//1124 1132//1132 1133//1133 
f 1126//1126 1134//1134 1135//1135 
f 1135//1135 1136//1136 1126//1126 
f 1128//1128 1126//1126 1136//1136 
f 1129//1129 1128//1128 1137//1137 
f 1130//1130 1129//1129 1138//1138 
f 1131//1131 1130//1130 1139//1139 
f 1132//1132 1131//1131 1140//1140 
f 1132//1132 1141//1141 1142//1142 
f 1143//1143 1144//1144 1136//1136 
f 1137//1137 1136//1136 1144//1144 
f 1138//1138 1137//1137 1145//1145 
f 1139//1139 1138//1138 1146//1146 
f 1140//1140 1139//1139 1147//1147 
f 1141//1141 1140//1140 1148//1148 
f 1141//1141 1149//1149 1150//1150 
f 1144//1144 1143//1143 1151//1151 
f 1151//1151 1152//1152 1144//1144 
f 1145//1145 1144//1144 1152//1152 
f 1146//1146 1145//1145 1153//1153 
f 1147//1147 1146//1146 1154//1154 
f 1148//1148 1147//1147 1155//1155 
f 1149//1149 1148//1148 1156//1156 
f 1149//1149 1157//1157 1158//1158 
f 1159//1159 1160//1160 1161//1161 
f 1153//1153 1152//1152 1161//1161 
f 1154//1154 1153//1153 1162//1162 
f 1155//1155 1154//1154 1163//1163 
f 1156//1156 1155//1155 1164//1164 
f 1157//1157 1156//1156 1165//1165 
f 1166//1166 1167//1167 1158//1158 
f 1168//1168 1161//1161 1169//1169 
f 1161//1161 1160//1160 1169//1169 
f 1162//1162 1161//1161 1168//1168 
f 1163//1163 1162//1162 1170//1170 
f 1164//1164 1163//1163 1171//1171 
f 1165//1165 1164//1164 1172//1172 
f 1166//1166 1165//1165 1173//1173 
f 1174//1174 1175//1175 1167//1167 
f 1168//1168 1176//1176 1177//1177 
f 1177//1177 1178//1178 1168//1168 
f 1170//1170 1168//1168 1178//1178 
f 1171//1171 1170//1170 1179//1179 
f 1172//1172 1171//1171 1180//1180 
f 1173//1173 1172//1172 1181//1181 
f 1174//1174 1173//1173 1182//1182 
f 1183//1183 1184//1184 1175//1175 
f 1185//1185 1186//1186 1187//1187 
f 1179//1179 1178//1178 1187//1187 
f 1180//1180 1179//1179 1188//1188 
f 1181//1181 1180//1180 1189//1189 
f 1182//1182 1181//1181 1190//1190 
f 1183//1183 1182//1182 1191//1191 
f 1192//1192 1193//1193 1184//1184 
f 1194//1194 1187//1187 1195//1195 
f 1187//1187 1186//1186 1195//1195 
f 1188//1188 1187//1187 1194//1194 
f 1189//1189 1188//1188 1196//1196 
f 1190//1190 1189//1189 1197//1197 
f 1191//1191 1190//1190 1198//1198 
f 1192//1192 1191//1191 1199//1199 
f 1200//1200 1201//1201 1193//1193 
f 1194//1194 1202//1202 1203//1203 
f 1203//1203 1204//1204 1194//1194 
f 1196//1196 1194//1194 1204//1204 
f 1197//1197 1196//1196 1205//1205 
f 1198//1198 1197//1197 1206//1206 
f 1199//1199 1198//1198 1207//1207 
f 1200//1200 1199//1199 1208//1208 
f 1209//1209 1210//1210 1201//1201 
f 1204//1204 1211//1211 1212//1212 
f 1212//1212 1213//1213 1204//1204 
f 1205//1205 1204//1204 1213//1213 
f 1206//1206 1205//1205 1214//1214 
f 1207//1207 1206//1206 1215//1215 
f 1208//1208 1207//1207 1216//1216 
f 1209//1209 1208//1208 1217//1217 
f 1218//1218 1219//1219 1210//1210 
f 1220//1220 1096//1096 1221//1221 
f 1094//1094 1096//1096 1220//1220 
f 1092//1092 1094//1094 1222//1222 
f 1090//1090 1092//1092 1223//1223 
f 1089//1089 1090//1090 1224//1224 
f 1086//1086 1089//1089 1225//1225 
f 1088//1088 1086//1086 1226//1226 
f 1227//1227 1228//1228 1229//1229 
f 1213//1213 1229//1229 1230//1230 
f 1214//1214 1230//1230 1231//1231 
f 1215//1215 1231//1231 1232//1232 
f 1216//1216 1232//1232 1233//1233 
f 1217//1217 1233//1233 1234//1234 
f 1234//1234 1235//1235 1219//1219 
f 1219//1219 1218//1218 1234//1234 
f 1234//1234 1218//1218 1217//1217 
f 1233//1233 1217//1217 1216//1216 
f 1232//1232 1216//1216 1215//1215 
f 1231//1231 1215//1215 1214//1214 
f 1230//1230 1214//1214 1213//1213 
f 1229//1229 1213//1213 1227//1227 
f 1226//1226 1236//1236 1088//1088 
f 1225//1225 1226//1226 1086//1086 
f 1224//1224 1225//1225 1089//1089 
f 1223//1223 1224//1224 1090//1090 
f 1222//1222 1223//1223 1092//1092 
f 1220//1220 1222//1222 1094//1094 
f 1221//1221 1237//1237 1220//1220 
f 1210//1210 1209//1209 1218//1218 
f 1217//1217 1218//1218 1209//1209 
f 1216//1216 1217//1217 1208//1208 
f 1215//1215 1216//1216 1207//1207 
f 1214//1214 1215//1215 1206//1206 
f 1213//1213 1214//1214 1205//1205 
f 1212//1212 1227//1227 1213//1213 
f 1201//1201 1200//1200 1209//1209 
f 1208//1208 1209//1209 1200//1200 
f 1207//1207 1208//1208 1199//1199 
f 1206//1206 1207//1207 1198//1198 
f 1205//1205 1206//1206 1197//1197 
f 1204//1204 1205//1205 1196//1196 
f 1203//1203 1211//1211 1204//1204 
f 1193//1193 1192//1192 1200//1200 
f 1199//1199 1200//1200 1192//1192 
f 1198//1198 1199//1199 1191//1191 
f 1197//1197 1198//1198 1190//1190 
f 1196//1196 1197//1197 1189//1189 
f 1194//1194 1196//1196 1188//1188 
f 1195//1195 1202//1202 1194//1194 
f 1184//1184 1183//1183 1192//1192 
f 1191//1191 1192//1192 1183//1183 
f 1190//1190 1191//1191 1182//1182 
f 1189//1189 1190//1190 1181//1181 
f 1188//1188 1189//1189 1180//1180 
f 1187//1187 1188//1188 1179//1179 
f 1187//1187 1178//1178 1185//1185 
f 1175//1175 1174//1174 1183//1183 
f 1182//1182 1183//1183 1174//1174 
f 1181//1181 1182//1182 1173//1173 
f 1180//1180 1181//1181 1172//1172 
f 1179//1179 1180//1180 1171//1171 
f 1178//1178 1179//1179 1170//1170 
f 1177//1177 1185//1185 1178//1178 
f 1167//1167 1166//1166 1174//1174 
f 1173//1173 1174//1174 1166//1166 
f 1172//1172 1173//1173 1165//1165 
f 1171//1171 1172//1172 1164//1164 
f 1170//1170 1171//1171 1163//1163 
f 1168//1168 1170//1170 1162//1162 
f 1169//1169 1176//1176 1168//1168 
f 1158//1158 1157//1157 1166//1166 
f 1165//1165 1166//1166 1157//1157 
f 1164//1164 1165//1165 1156//1156 
f 1163//1163 1164//1164 1155//1155 
f 1162//1162 1163//1163 1154//1154 
f 1161//1161 1162//1162 1153//1153 
f 1161//1161 1152//1152 1159//1159 
f 1158//1158 1150//1150 1149//1149 
f 1156//1156 1157//1157 1149//1149 
f 1155//1155 1156//1156 1148//1148 
f 1154//1154 1155//1155 1147//1147 
f 1153//1153 1154//1154 1146//1146 
f 1152//1152 1153//1153 1145//1145 
f 1151//1151 1159//1159 1152//1152 
f 1150//1150 1142//1142 1141//1141 
f 1148//1148 1149//1149 1141//1141 
f 1147//1147 1148//1148 1140//1140 
f 1146//1146 1147//1147 1139//1139 
f 1145//1145 1146//1146 1138//1138 
f 1144//1144 1145//1145 1137//1137 
f 1136//1136 1238//1238 1143//1143 
f 1142//1142 1133//1133 1132//1132 
f 1140//1140 1141//1141 1132//1132 
f 1139//1139 1140//1140 1131//1131 
f 1138//1138 1139//1139 1130//1130 
f 1137//1137 1138//1138 1129//1129 
f 1136//1136 1137//1137 1128//1128 
f 1135//1135 1238//1238 1136//1136 
f 1133//1133 1125//1125 1124//1124 
f 1131//1131 1132//1132 1124//1124 
f 1130//1130 1131//1131 1123//1123 
f 1129//1129 1130//1130 1122//1122 
f 1128//1128 1129//1129 1121//1121 
f 1126//1126 1128//1128 1120//1120 
f 1127//1127 1134//1134 1126//1126 
f 1125//1125 1117//1117 1116//1116 
f 1123//1123 1124//1124 1116//1116 
f 1122//1122 1123//1123 1115//1115 
f 1121//1121 1122//1122 1114//1114 
f 1120//1120 1121//1121 1113//1113 
f 1119//1119 1120//1120 1112//1112 
f 1111//1111 1239//1239 1118//1118 
f 1117//1117 1108//1108 1107//1107 
f 1115//1115 1116//1116 1107//1107 
f 1114//1114 1115//1115 1106//1106 
f 1113//1113 1114//1114 1105//1105 
f 1112//1112 1113//1113 1104//1104 
f 1111//1111 1112//1112 1103//1103 
f 1110//1110 1239//1239 1111//1111 
f 1108//1108 1099//1099 1098//1098 
f 1106//1106 1107//1107 1098//1098 
f 1105//1105 1106//1106 1097//1097 
f 1104//1104 1105//1105 1095//1095 
f 1103//1103 1104//1104 1093//1093 
f 1100//1100 1103//1103 1091//1091 
f 1101//1101 1109//1109 1100//1100 
f 1099//1099 1221//1221 1096//1096 
f 1097//1097 1098//1098 1096//1096 
f 1095//1095 1097//1097 1094//1094 
f 1093//1093 1095//1095 1092//1092 
f 1091//1091 1093//1093 1090//1090 
f 1085//1085 1091//1091 1089//1089 
f 1087//1087 1102//1102 1085//1085 
v -0.0348917 0.0233967 0.01 
v -0.035092 0.0230772 0.01 
v -0.0322851 0.0212313 0.0161081 
v -0.0319487 0.0215693 0.0162998 
v -0.0346879 0.0237218 0.01 
v -0.0316282 0.0218914 0.0164825 
vn -0.742295 0.465479 0.482003 
vn -0.733554 0.479198 0.481941 
vn -0.731866 0.481799 0.481915 
vn -0.742663 0.464891 0.482003 
vn -0.750985 0.451396 0.481936 
vn -0.752673 0.448608 0.481907 
f 1240//1240 1241//1241 1242//1242 
f 1243//1243 1244//1244 1240//1240 
f 1242//1242 1243//1243 1240//1240 
f 1243//1243 1245//1245 1244//1244 
v -0.0317674 0.0202684 0.0169061 
v -0.0314059 0.020634 0.0171003 
v -0.0315172 0.0207776 0.0170297 
v -0.0318763 0.0204173 0.0168365 
v -0.0316186 0.0209197 0.016943 
v -0.031975 0.0205647 0.0167505 
v -0.0317089 0.0210592 0.0168411 
v -0.0320625 0.0207092 0.0166489 
v -0.0317874 0.0211946 0.0167249 
v -0.0321379 0.0208495 0.0165326 
v -0.0318532 0.0213246 0.0165955 
v -0.0322006 0.0209841 0.0164029 
v -0.0319059 0.0214482 0.0164542 
v -0.0311843 0.0211307 0.0172088 
v -0.0311843 0.0211307 0.0172088 
v -0.0312879 0.0212679 0.0171215 
v -0.0313807 0.0214026 0.0170194 
v -0.0313808 0.0214027 0.0170193 
v -0.0314619 0.0215336 0.0169032 
v -0.0315306 0.0216593 0.0167743 
v -0.0315306 0.0216594 0.0167741 
v -0.0315862 0.0217789 0.0166336 
v -0.0315863 0.0217791 0.0166334 
v -0.0316282 0.0218914 0.0164825 
v -0.0322498 0.0211118 0.0162609 
v -0.0319487 0.0215693 0.0162998 
v -0.0310708 0.0209921 0.0172803 
v -0.0322851 0.0212313 0.0161081 
vn -0.473241 0 0.880933 
vn -0.473241 0 0.880933 
vn -0.528938 0.0717598 0.845621 
vn -0.527722 0.0744406 0.846149 
vn -0.57961 0.142838 0.802277 
vn -0.577074 0.148158 0.803141 
vn -0.624777 0.212559 0.751313 
vn -0.620817 0.220435 0.752327 
vn -0.66401 0.280262 0.693213 
vn -0.658525 0.290569 0.6942 
vn -0.696936 0.345302 0.628528 
vn -0.689834 0.35788 0.629326 
vn -0.723241 0.407063 0.557873 
vn -0.530009 0.0692896 0.845157 
vn -0.530018 0.069301 0.84515 
vn -0.581845 0.137934 0.801518 
vn -0.628247 0.205263 0.750449 
vn -0.628268 0.205296 0.750421 
vn -0.668847 0.270748 0.692344 
vn -0.703164 0.333606 0.627907 
vn -0.703202 0.333681 0.627825 
vn -0.730977 0.393417 0.557581 
vn -0.731015 0.393509 0.557465 
vn -0.75201 0.449622 0.481997 
vn -0.714437 0.421712 0.558336 
vn -0.742669 0.464928 0.481959 
vn -0.473256 1.69555e-05 0.880925 
vn -0.732096 0.481445 0.481919 
f 1246//1246 1247//1247 1248//1248 
f 1249//1249 1248//1248 1250//1250 
f 1251//1251 1250//1250 1252//1252 
f 1253//1253 1252//1252 1254//1254 
f 1255//1255 1254//1254 1256//1256 
f 1257//1257 1256//1256 1258//1258 
f 1248//1248 1259//1259 1260//1260 
f 1260//1260 1250//1250 1248//1248 
f 1250//1250 1261//1261 1262//1262 
f 1262//1262 1252//1252 1250//1250 
f 1252//1252 1263//1263 1264//1264 
f 1254//1254 1264//1264 1265//1265 
f 1265//1265 1256//1256 1254//1254 
f 1256//1256 1266//1266 1267//1267 
f 1267//1267 1258//1258 1256//1256 
f 1258//1258 1268//1268 1269//1269 
f 1270//1270 1258//1258 1271//1271 
f 1247//1247 1272//1272 1259//1259 
f 1259//1259 1248//1248 1247//1247 
f 1271//1271 1273//1273 1270//1270 
f 1269//1269 1271//1271 1258//1258 
f 1267//1267 1268//1268 1258//1258 
f 1265//1265 1266//1266 1256//1256 
f 1264//1264 1254//1254 1252//1252 
f 1262//1262 1263//1263 1252//1252 
f 1260//1260 1261//1261 1250//1250 
f 1258//1258 1270//1270 1257//1257 
f 1256//1256 1257//1257 1255//1255 
f 1254//1254 1255//1255 1253//1253 
f 1252//1252 1253//1253 1251//1251 
f 1250//1250 1251//1251 1249//1249 
f 1248//1248 1249//1249 1246//1246 
v -0.040108 -0.00387224 0.0124255 
v -0.0400702 0.00413213 0.0124458 
v -0.0403404 0.00146491 0.0123006 
v -0.0403529 -0.0012046 0.0122939 
v -0.0396009 -0.00653319 0.0126979 
v -0.0395371 0.00679209 0.0127321 
v -0.0388224 -0.00918039 0.0131161 
v -0.0387315 0.00943746 0.0131649 
v -0.037759 -0.011803 0.0136873 
v -0.0376395 0.0120569 0.0137516 
v -0.0363942 -0.0143847 0.0144205 
v -0.0362443 0.0146335 0.0145011 
v -0.0347098 -0.0169017 0.0153254 
v -0.0345278 0.0171426 0.0154232 
v -0.0326887 -0.0193216 0.0164112 
v -0.032473 0.0195509 0.016527 
v -0.0317674 -0.0202684 0.0169061 
v -0.0317674 0.0202684 0.0169061 
v -0.0314059 -0.020634 0.0171003 
v -0.0314059 0.020634 0.0171003 
v -0.0310708 -0.0209921 0.0172803 
v -0.0310708 0.0209921 0.0172803 
v -0.0299822 0.0223041 0.0178651 
v -0.0289683 -0.0237743 0.0184098 
v -0.028069 -0.0253379 0.0188929 
v -0.0299822 -0.0223041 0.0178651 
v -0.027423 -0.0266619 0.0192399 
v -0.027423 0.0266619 0.0192399 
v -0.028069 0.0253379 0.0188929 
v -0.0289683 0.0237743 0.0184098 
vn -0.473241 -2.89777e-17 0.880933 
vn -0.473241 -2.89777e-17 0.880933 
vn -0.473241 -2.89777e-17 0.880933 
vn -0.473241 -2.89777e-17 0.880933 
vn -0.473241 -2.89777e-17 0.880933 
vn -0.473241 -2.89777e-17 0.880933 
vn -0.473241 -2.89777e-17 0.880933 
vn -0.473241 -2.89777e-17 0.880933 
vn -0.473241 -2.89777e-17 0.880933 
vn -0.473241 -2.89777e-17 0.880933 
vn -0.473241 -2.89777e-17 0.880933 
vn -0.473241 -2.89777e-17 0.880933 
vn -0.473241 -2.89777e-17 0.880933 
vn -0.473241 -2.89777e-17 0.880933 
vn -0.473241 -2.89777e-17 0.880933 
vn -0.473241 -2.89777e-17 0.880933 
vn -0.473241 -2.89777e-17 0.880933 
vn -0.473241 -2.89777e-17 0.880933 
vn -0.473241 -2.89777e-17 0.880933 
vn -0.473241 -2.89777e-17 0.880933 
vn -0.473241 -2.89777e-17 0.880933 
vn -0.473241 -2.89777e-17 0.880933 
vn -0.473241 -2.89777e-17 0.880933 
vn -0.473241 -2.89777e-17 0.880933 
vn -0.473241 -2.89777e-17 0.880933 
vn -0.473241 -2.89777e-17 0.880933 
vn -0.473241 -2.89777e-17 0.880933 
vn -0.473241 -2.89777e-17 0.880933 
vn -0.473241 -2.89777e-17 0.880933 
vn -0.473241 -2.89777e-17 0.880933 
f 1274//1274 1275//1275 1276//1276 
f 1276//1276 1277//1277 1274//1274 
f 1278//1278 1279//1279 1275//1275 
f 1274//1274 1278//1278 1275//1275 
f 1280//1280 1281//1281 1279//1279 
f 1278//1278 1280//1280 1279//1279 
f 1282//1282 1283//1283 1281//1281 
f 1280//1280 1282//1282 1281//1281 
f 1284//1284 1285//1285 1283//1283 
f 1282//1282 1284//1284 1283//1283 
f 1286//1286 1287//1287 1285//1285 
f 1284//1284 1286//1286 1285//1285 
f 1288//1288 1289//1289 1287//1287 
f 1286//1286 1288//1288 1287//1287 
f 1290//1290 1291//1291 1289//1289 
f 1288//1288 1290//1290 1289//1289 
f 1292//1292 1293//1293 1291//1291 
f 1290//1290 1292//1292 1291//1291 
f 1294//1294 1295//1295 1293//1293 
f 1296//1296 1297//1297 1298//1298 
f 1294//1294 1296//1296 1295//1295 
f 1296//1296 1299//1299 1297//1297 
f 1292//1292 1294//1294 1293//1293 
f 1300//1300 1301//1301 1302//1302 
f 1294//1294 1299//1299 1296//1296 
f 1302//1302 1303//1303 1300//1300 
f 1303//1303 1296//1296 1300//1300 
f 1298//1298 1300//1300 1296//1296 
v -0.0346792 0.0237375 0.01 
v -0.0346789 0.0362642 0.00302264 
v -0.0351272 0.0355956 0.003 
v -0.0351272 0.0235569 0.00970517 
v -0.0346879 0.0237218 0.01 
v -0.0339358 0.0251557 0.01 
v -0.0339209 0.0251883 0.01 
v -0.0339104 0.0374101 0.00318137 
v -0.0342856 0.0368506 0.0030831 
v -0.0345777 0.0239204 0.01 
v -0.0341375 0.0247132 0.01 
v -0.0332282 0.0267543 0.01 
v -0.0332248 0.0267643 0.01 
v -0.0332182 0.0384423 0.00349023 
v -0.0335543 0.0379411 0.00331721 
v -0.0332953 0.0265607 0.01 
v -0.032624 0.0285004 0.01 
v -0.0326097 0.0393497 0.00394588 
v -0.0329031 0.0389122 0.00369997 
v -0.0324528 0.0289951 0.01 
v -0.0321281 0.030363 0.00999995 
v -0.0320914 0.0401226 0.00454342 
v -0.0323389 0.0397535 0.00422728 
v -0.0325196 0.028802 0.01 
v -0.0319152 0.0312603 0.00999992 
v -0.0316739 0.0322769 0.00999988 
v -0.0316688 0.0407527 0.00527644 
v -0.0318678 0.0404559 0.00489346 
v -0.031495 0.0410119 0.00569134 
v -0.0314701 0.033433 0.01 
v -0.0313682 0.0343089 0.0099999 
v -0.0313466 0.0412331 0.00613704 
v -0.031646 0.0323948 0.00999988 
v -0.0312243 0.0414155 0.00661235 
v -0.0311302 0.0363548 0.00999968 
v -0.0311282 0.0363813 0.00999966 
v -0.0311283 0.0415588 0.00711598 
v -0.0310588 0.0416624 0.00764659 
v -0.0311081 0.0366447 0.00999943 
v -0.0310415 0.0385034 0.00999978 
v -0.031016 0.0417261 0.00820273 
v -0.031 0.0396616 0.01 
v -0.031 0.04175 0.00883681 
vn -0.632111 0.377045 0.676959 
vn -0.632111 0.377045 0.676958 
vn -0.587275 0.393837 0.707107 
vn -0.587275 0.393837 0.707107 
vn -0.631212 0.377402 0.677598 
vn -0.707399 0.343926 0.617496 
vn -0.708937 0.343176 0.616149 
vn -0.708956 0.343167 0.616132 
vn -0.671437 0.360591 0.647416 
vn -0.642511 0.37286 0.669444 
vn -0.686246 0.353928 0.635454 
vn -0.777779 0.305838 0.549111 
vn -0.778154 0.305612 0.548705 
vn -0.778177 0.305598 0.54868 
vn -0.744568 0.324819 0.58319 
vn -0.770474 0.310185 0.556916 
vn -0.839063 0.26472 0.475287 
vn -0.839031 0.264744 0.475328 
vn -0.809693 0.285555 0.512694 
vn -0.854753 0.252556 0.453446 
vn -0.890839 0.221066 0.396908 
vn -0.890863 0.221042 0.396866 
vn -0.866112 0.24322 0.436685 
vn -0.848723 0.257325 0.462009 
vn -0.911926 0.199673 0.358499 
vn -0.93313 0.174947 0.314106 
vn -0.933116 0.174964 0.314136 
vn -0.913218 0.19827 0.35598 
vn -0.950504 0.151188 0.271447 
vn -0.952969 0.147469 0.26477 
vn -0.965327 0.12702 0.228055 
vn -0.965336 0.127005 0.228028 
vn -0.935397 0.172056 0.308915 
vn -0.97757 0.10248 0.183996 
vn -0.986966 0.0783063 0.140594 
vn -0.987175 0.077679 0.139467 
vn -0.987175 0.0776798 0.139469 
vn -0.994124 0.0526705 0.0945662 
vn -0.98916 0.0714514 0.128286 
vn -0.998402 0.0275006 0.0493754 
vn -0.998399 0.0275195 0.0494094 
vn -1 -1.06183e-08 -1.90644e-08 
vn -1 1.12757e-15 1.12757e-15 
f 1304//1304 1305//1305 1306//1306 
f 1307//1307 1308//1308 1304//1304 
f 1305//1305 1309//1309 1310//1310 
f 1310//1310 1311//1311 1312//1312 
f 1305//1305 1313//1313 1314//1314 
f 1305//1305 1304//1304 1313//1313 
f 1314//1314 1309//1309 1305//1305 
f 1311//1311 1315//1315 1316//1316 
f 1316//1316 1317//1317 1318//1318 
f 1311//1311 1310//1310 1319//1319 
f 1319//1319 1315//1315 1311//1311 
f 1317//1317 1316//1316 1320//1320 
f 1320//1320 1321//1321 1322//1322 
f 1321//1321 1323//1323 1324//1324 
f 1324//1324 1325//1325 1326//1326 
f 1321//1321 1327//1327 1323//1323 
f 1321//1321 1320//1320 1327//1327 
f 1325//1325 1328//1328 1329//1329 
f 1329//1329 1330//1330 1331//1331 
f 1325//1325 1324//1324 1328//1328 
f 1332//1332 1333//1333 1334//1334 
f 1334//1334 1335//1335 1332//1332 
f 1330//1330 1329//1329 1336//1336 
f 1336//1336 1333//1333 1330//1330 
f 1337//1337 1338//1338 1339//1339 
f 1339//1339 1340//1340 1337//1337 
f 1335//1335 1334//1334 1338//1338 
f 1341//1341 1342//1342 1343//1343 
f 1343//1343 1344//1344 1341//1341 
f 1340//1340 1339//1339 1342//1342 
f 1344//1344 1343//1343 1345//1345 
f 1345//1345 1346//1346 1344//1344 
f 1341//1341 1340//1340 1342//1342 
f 1337//1337 1335//1335 1338//1338 
f 1332//1332 1330//1330 1333//1333 
f 1329//1329 1331//1331 1325//1325 
f 1324//1324 1326//1326 1321//1321 
f 1320//1320 1322//1322 1317//1317 
f 1316//1316 1318//1318 1311//1311 
f 1310//1310 1312//1312 1305//1305 
f 1306//1306 1307//1307 1304//1304 
v -0.0310409 0.037805 0.0101735 
v -0.0310415 0.0385034 0.00999978 
v -0.0311081 0.0366447 0.00999943 
v -0.031 0.0396616 0.0102528 
v -0.031 0.0396616 0.01 
v -0.0311282 0.0363813 0.00999966 
v -0.0311302 0.0363548 0.00999968 
vn -0.999029 0.044063 0 
vn -0.999622 0.0274852 0 
vn -0.997431 0.0716327 0 
vn -1 -4.97566e-05 0 
vn -1 -4.97566e-05 0 
vn -0.996962 0.0778916 0 
vn -0.996912 0.0785226 0 
f 1347//1347 1348//1348 1349//1349 
f 1350//1350 1351//1351 1348//1348 
f 1348//1348 1347//1347 1350//1350 
f 1349//1349 1352//1352 1347//1347 
f 1352//1352 1353//1353 1347//1347 
v -0.0314701 0.033433 0.01 
v -0.031553 0.0328076 0.00999992 
v -0.0315384 0.0328724 0.00999993 
v -0.0314858 0.0331056 0.00999995 
v -0.0314641 0.0332022 0.00999996 
v -0.0315115 0.0329918 0.00999994 
v -0.0313598 0.0337674 0.01 
v -0.0313501 0.0338453 0.01 
v -0.031379 0.0336144 0.01 
v -0.0313695 0.0336905 0.01 
v -0.0313682 0.0343089 0.0099999 
v -0.0312981 0.0343573 0.00999996 
v -0.0312136 0.0353624 0.00999982 
v -0.0314063 0.0334588 0.00999999 
v -0.0313887 0.033537 0.01 
v -0.0314614 0.033214 0.00999997 
v -0.031646 0.0323948 0.00999988 
v -0.0315812 0.0326821 0.00999991 
v -0.0311627 0.0359682 0.00999974 
v -0.0313325 0.033986 0.01 
v -0.0313229 0.0340626 0.01 
v -0.0313413 0.0339157 0.01 
v -0.0314381 0.0333176 0.00999998 
v -0.0314219 0.0333894 0.00999998 
v -0.0311302 0.0363548 0.00999968 
vn 0 0 1 
vn 0 0 1 
vn 0 0 1 
vn 0 0 1 
vn 0 0 1 
vn 0 0 1 
vn 0 0 1 
vn 0 0 1 
vn 0 0 1 
vn 0 0 1 
vn 0 0 1 
vn 0 0 1 
vn 0 0 1 
vn 0 0 1 
vn 0 0 1 
vn 0 0 1 
vn 0 0 1 
vn 0 0 1 
vn 0 0 1 
vn 0 0 1 
vn 0 0 1 
vn 0 0 1 
vn 0 0 1 
vn 0 0 1 
vn 0 0 1 
f 1354//1354 1355//1355 1356//1356 
f 1354//1354 1357//1357 1358//1358 
f 1356//1356 1359//1359 1354//1354 
f 1354//1354 1360//1360 1361//1361 
f 1354//1354 1362//1362 1363//1363 
f 1359//1359 1357//1357 1354//1354 
f 1364//1364 1365//1365 1366//1366 
f 1363//1363 1360//1360 1354//1354 
f 1354//1354 1367//1367 1368//1368 
f 1358//1358 1369//1369 1354//1354 
f 1354//1354 1370//1370 1371//1371 
f 1366//1366 1372//1372 1364//1364 
f 1364//1364 1373//1373 1374//1374 
f 1364//1364 1361//1361 1375//1375 
f 1368//1368 1362//1362 1354//1354 
f 1354//1354 1376//1376 1377//1377 
f 1371//1371 1355//1355 1354//1354 
f 1374//1374 1365//1365 1364//1364 
f 1361//1361 1364//1364 1354//1354 
f 1369//1369 1376//1376 1354//1354 
f 1375//1375 1373//1373 1364//1364 
f 1372//1372 1378//1378 1364//1364 
f 1377//1377 1367//1367 1354//1354 
v -0.0345777 0.0239204 0.01 
v -0.0346792 0.0237375 0.01 
v -0.0316282 0.0218914 0.0164825 
v -0.031445 0.0221073 0.0165866 
v -0.0341375 0.0247132 0.01 
v -0.0339358 0.0251557 0.01 
v -0.030603 0.0230993 0.0170649 
v -0.0305286 0.0231869 0.0171071 
v -0.0303635 0.023424 0.0172002 
v -0.0332953 0.0265607 0.01 
v -0.0296375 0.0244662 0.0176093 
v -0.0295593 0.0245786 0.0176534 
v -0.0339209 0.0251883 0.01 
v -0.0292149 0.0251806 0.0178463 
v -0.0332282 0.0267543 0.01 
v -0.032624 0.0285004 0.01 
v -0.0287809 0.0259392 0.0180893 
v -0.0286128 0.0262332 0.0181835 
v -0.0332248 0.0267643 0.01 
v -0.0280513 0.0274511 0.0184963 
v -0.0325196 0.028802 0.01 
v -0.0324528 0.0289951 0.01 
v -0.0321281 0.030363 0.00999995 
v -0.0280262 0.0275055 0.0185103 
v -0.0277368 0.0281333 0.0186716 
v -0.0319152 0.0312603 0.00999992 
v -0.0270313 0.0300819 0.0190631 
v -0.0269959 0.0301796 0.0190827 
v -0.0275019 0.0287821 0.0188019 
v -0.0269941 0.0301861 0.0190837 
v -0.0300491 0.0334335 0.0125545 
v -0.0315838 0.0326694 0.0100232 
v -0.0315978 0.0326156 0.010015 
v -0.031646 0.0323948 0.00999988 
v -0.0316739 0.0322769 0.00999988 
v -0.031514 0.0329208 0.0100706 
v -0.0315444 0.0328214 0.0100462 
v -0.0315092 0.0329365 0.0100744 
v -0.0315688 0.0327273 0.0100319 
v -0.0314689 0.0330625 0.0101089 
v -0.0314858 0.0330128 0.0100932 
v -0.0314399 0.0331409 0.010138 
v -0.0314633 0.0330788 0.010114 
v -0.0314268 0.0331758 0.0101514 
v -0.0313853 0.0332791 0.0101961 
v -0.0314037 0.0332368 0.010175 
v -0.0313147 0.0334331 0.0102798 
v -0.0313413 0.0333803 0.0102466 
v -0.0313443 0.0333734 0.0102431 
v -0.0312856 0.0334908 0.010316 
v -0.0313614 0.0333341 0.0102235 
v -0.0312781 0.0335058 0.0103254 
v -0.0312512 0.0335541 0.0103606 
v -0.0312758 0.0335104 0.0103283 
v -0.0312176 0.0336096 0.0104061 
v -0.0312437 0.0335675 0.0103705 
v -0.0311855 0.0336611 0.01045 
v -0.0311895 0.033655 0.0104445 
v -0.0281861 0.033062 0.0160046 
v -0.0264032 0.0323396 0.0194105 
v -0.0263229 0.0326921 0.0194549 
v -0.0346879 0.0237218 0.01 
vn -0.75801 0.439522 0.481915 
vn -0.752839 0.448318 0.481917 
vn -0.752336 0.449162 0.481917 
vn -0.758008 0.439524 0.481915 
vn -0.778745 0.401635 0.481919 
vn -0.788283 0.382576 0.481919 
vn -0.781897 0.395464 0.481919 
vn -0.783743 0.391793 0.481919 
vn -0.788277 0.382588 0.481919 
vn -0.812822 0.327222 0.481919 
vn -0.805861 0.344009 0.481919 
vn -0.807534 0.340063 0.481919 
vn -0.788939 0.381221 0.481919 
vn -0.815496 0.320496 0.481921 
vn -0.815554 0.320349 0.481921 
vn -0.83575 0.263066 0.481994 
vn -0.824368 0.296893 0.481945 
vn -0.827486 0.288068 0.481958 
vn -0.815687 0.32001 0.481921 
vn -0.838488 0.254186 0.482004 
vn -0.838567 0.253925 0.482004 
vn -0.840288 0.24816 0.482009 
vn -0.850543 0.210338 0.482011 
vn -0.838946 0.252668 0.482006 
vn -0.843757 0.236082 0.482017 
vn -0.855998 0.186974 0.481983 
vn -0.855563 0.188948 0.481987 
vn -0.856058 0.186699 0.481983 
vn -0.848119 0.219896 0.482017 
vn -0.85609 0.186552 0.481983 
vn -0.866611 0.129376 0.48192 
vn -0.862927 0.151992 0.481928 
vn -0.862695 0.153301 0.48193 
vn -0.861722 0.158656 0.481937 
vn -0.861184 0.161541 0.481941 
vn -0.863983 0.145893 0.481922 
vn -0.86357 0.14831 0.481924 
vn -0.864047 0.145511 0.481922 
vn -0.863174 0.150588 0.481927 
vn -0.864558 0.142454 0.48192 
vn -0.864357 0.143662 0.481921 
vn -0.864871 0.140543 0.481919 
vn -0.864623 0.142057 0.48192 
vn -0.865008 0.139695 0.481919 
vn -0.865411 0.137179 0.481919 
vn -0.865247 0.138211 0.481919 
vn -0.865981 0.133531 0.481919 
vn -0.865787 0.134788 0.481919 
vn -0.865761 0.134952 0.481919 
vn -0.866191 0.13216 0.481919 
vn -0.865616 0.135878 0.481919 
vn -0.866245 0.131805 0.481919 
vn -0.86642 0.130652 0.48192 
vn -0.866262 0.131697 0.481919 
vn -0.86662 0.129319 0.48192 
vn -0.866468 0.130332 0.48192 
vn -0.866803 0.128085 0.481921 
vn -0.866781 0.128231 0.48192 
vn -0.866322 0.131299 0.48192 
vn -0.864939 0.140126 0.481919 
vn -0.866061 0.133015 0.481919 
vn -0.752355 0.44913 0.481917 
f 1379//1379 1380//1380 1381//1381 
f 1381//1381 1382//1382 1379//1379 
f 1383//1383 1379//1379 1382//1382 
f 1384//1384 1383//1383 1385//1385 
f 1385//1385 1386//1386 1384//1384 
f 1386//1386 1387//1387 1384//1384 
f 1388//1388 1389//1389 1390//1390 
f 1388//1388 1391//1391 1387//1387 
f 1387//1387 1389//1389 1388//1388 
f 1390//1390 1392//1392 1388//1388 
f 1392//1392 1393//1393 1388//1388 
f 1394//1394 1395//1395 1396//1396 
f 1394//1394 1397//1397 1392//1392 
f 1392//1392 1395//1395 1394//1394 
f 1397//1397 1393//1393 1392//1392 
f 1398//1398 1399//1399 1394//1394 
f 1400//1400 1399//1399 1398//1398 
f 1401//1401 1400//1400 1402//1402 
f 1402//1402 1403//1403 1401//1401 
f 1404//1404 1405//1405 1406//1406 
f 1404//1404 1401//1401 1407//1407 
f 1407//1407 1405//1405 1404//1404 
f 1406//1406 1408//1408 1404//1404 
f 1403//1403 1407//1407 1401//1401 
f 1409//1409 1410//1410 1411//1411 
f 1411//1411 1412//1412 1409//1409 
f 1412//1412 1413//1413 1409//1409 
f 1409//1409 1414//1414 1415//1415 
f 1409//1409 1416//1416 1414//1414 
f 1415//1415 1417//1417 1409//1409 
f 1409//1409 1418//1418 1419//1419 
f 1409//1409 1420//1420 1421//1421 
f 1421//1421 1418//1418 1409//1409 
f 1409//1409 1422//1422 1420//1420 
f 1419//1419 1416//1416 1409//1409 
f 1409//1409 1423//1423 1424//1424 
f 1409//1409 1425//1425 1426//1426 
f 1426//1426 1427//1427 1409//1409 
f 1409//1409 1428//1428 1425//1425 
f 1427//1427 1429//1429 1409//1409 
f 1429//1429 1423//1423 1409//1409 
f 1424//1424 1422//1422 1409//1409 
f 1417//1417 1410//1410 1409//1409 
f 1409//1409 1430//1430 1428//1428 
f 1409//1409 1431//1431 1432//1432 
f 1409//1409 1433//1433 1434//1434 
f 1434//1434 1431//1431 1409//1409 
f 1409//1409 1435//1435 1436//1436 
f 1436//1436 1433//1433 1409//1409 
f 1432//1432 1430//1430 1409//1409 
f 1404//1404 1408//1408 1437//1437 
f 1437//1437 1409//1409 1404//1404 
f 1437//1437 1408//1408 1438//1438 
f 1438//1438 1439//1439 1437//1437 
f 1413//1413 1404//1404 1409//1409 
f 1398//1398 1402//1402 1400//1400 
f 1396//1396 1398//1398 1394//1394 
f 1391//1391 1384//1384 1387//1387 
f 1382//1382 1385//1385 1383//1383 
f 1380//1380 1440//1440 1381//1381 
v -0.031322 0.0339753 0.010032 
v -0.0312776 0.0339386 0.0101864 
v -0.0312873 0.0340241 0.0101352 
v -0.0312667 0.0340035 0.0102068 
v -0.0312204 0.0339011 0.0103363 
v -0.0312229 0.033969 0.0103213 
v -0.0312096 0.0339586 0.010356 
v -0.0311508 0.0338629 0.0104807 
v -0.0313342 0.0339103 0.0100191 
v -0.0312874 0.0338786 0.0101718 
v -0.0312299 0.0338478 0.0103223 
v -0.0311602 0.0338161 0.0104672 
v -0.0313461 0.0338429 0.0100099 
v -0.0312969 0.0338179 0.0101613 
v -0.0312389 0.0337939 0.0103121 
v -0.0311688 0.0337688 0.0104576 
v -0.0311653 0.0337882 0.0104615 
v -0.0313577 0.0337665 0.010006 
v -0.0313072 0.0337501 0.0101544 
v -0.0312484 0.0337337 0.0103056 
v -0.0311775 0.0337157 0.0104514 
v -0.0313695 0.0336905 0.01 
v -0.0313171 0.0336825 0.0101525 
v -0.0312572 0.0336735 0.010304 
v -0.0311852 0.0336627 0.01045 
v -0.0313778 0.0336145 0.0100034 
v -0.0313265 0.0336151 0.0101557 
v -0.0313862 0.033538 0.0100089 
v -0.0312653 0.0336134 0.0103073 
v -0.0313357 0.0335476 0.0101639 
v -0.0313967 0.0334644 0.0100211 
v -0.0313445 0.03348 0.010177 
v -0.0314054 0.0334021 0.0100359 
v -0.0313515 0.0334239 0.0101916 
v -0.0314139 0.03334 0.0100542 
v -0.0313109 0.0340477 0.0100531 
v -0.0313229 0.0340626 0.01 
v -0.0313325 0.033986 0.01 
v -0.0313413 0.0339157 0.01 
v -0.0313501 0.0338453 0.01 
v -0.0313598 0.0337674 0.01 
v -0.031379 0.0336144 0.01 
v -0.0313887 0.033537 0.01 
v -0.0314063 0.0334588 0.00999999 
v -0.0314219 0.0333894 0.00999998 
v -0.0314256 0.0332542 0.0100852 
v -0.0314381 0.0333176 0.00999998 
v -0.031437 0.0331688 0.0101229 
v -0.0314614 0.033214 0.00999997 
v -0.0314641 0.0332022 0.00999996 
v -0.0315132 0.0329327 0.0100619 
v -0.0314994 0.0330183 0.0100275 
v -0.0315115 0.0329918 0.00999994 
v -0.0315812 0.0326821 0.00999991 
v -0.031646 0.0323948 0.00999988 
v -0.0315978 0.0326156 0.010015 
v -0.0315384 0.0328724 0.00999993 
v -0.0315444 0.0328214 0.0100462 
v -0.031514 0.0329208 0.0100706 
v -0.031553 0.0328076 0.00999992 
v -0.0315688 0.0327273 0.0100319 
v -0.0315092 0.0329365 0.0100744 
v -0.0314858 0.0330128 0.0100932 
v -0.0314858 0.0331056 0.00999995 
v -0.0314633 0.0330788 0.010114 
v -0.0314399 0.0331409 0.010138 
v -0.0314689 0.0330625 0.0101089 
v -0.0314268 0.0331758 0.0101514 
v -0.0314037 0.0332368 0.010175 
v -0.0313853 0.0332791 0.0101961 
v -0.0313614 0.0333341 0.0102235 
v -0.0313582 0.033368 0.0102097 
v -0.0313443 0.0333734 0.0102431 
v -0.0313413 0.0333803 0.0102466 
v -0.0313147 0.0334331 0.0102798 
v -0.0312856 0.0334908 0.010316 
v -0.0312781 0.0335058 0.0103254 
v -0.0312728 0.0335532 0.0103154 
v -0.0312758 0.0335104 0.0103283 
v -0.0312512 0.0335541 0.0103606 
v -0.0312437 0.0335675 0.0103705 
v -0.0311895 0.033655 0.0104445 
v -0.0311855 0.0336611 0.01045 
v -0.0312176 0.0336096 0.0104061 
v -0.0315838 0.0326694 0.0100232 
v -0.0311398 0.0339134 0.0104996 
vn -0.963989 0.0821929 0.252923 
vn -0.941781 0.0638549 0.330109 
vn -0.954406 0.0553932 0.293328 
vn -0.943309 0.0450449 0.328845 
vn -0.913181 0.0450836 0.405054 
vn -0.921943 0.0278388 0.386324 
vn -0.914727 0.0226003 0.40344 
vn -0.878383 0.0260063 0.47725 
vn -0.962514 0.0960344 0.253663 
vn -0.940096 0.0811914 0.331101 
vn -0.911361 0.0658028 0.406315 
vn -0.876501 0.049972 0.478799 
vn -0.96086 0.109942 0.254284 
vn -0.938136 0.0986046 0.331931 
vn -0.909151 0.0866086 0.407363 
vn -0.874097 0.0740346 0.480076 
vn -0.875041 0.0641212 0.479782 
vn -0.958819 0.12541 0.254831 
vn -0.935642 0.117961 0.332656 
vn -0.906243 0.109727 0.408268 
vn -0.870819 0.100764 0.481166 
vn -0.95935 0.141186 0.244363 
vn -0.932837 0.137164 0.333168 
vn -0.902889 0.132651 0.408896 
vn -0.866934 0.127256 0.481903 
vn -0.954142 0.156041 0.255468 
vn -0.92972 0.156256 0.333473 
vn -0.951501 0.171273 0.255561 
vn -0.899086 0.155428 0.40925 
vn -0.926287 0.175278 0.333572 
vn -0.94865 0.186494 0.255505 
vn -0.92253 0.194269 0.333465 
vn -0.94613 0.199092 0.255345 
vn -0.919172 0.209973 0.333219 
vn -0.943472 0.211645 0.255082 
vn -0.965396 0.0671794 0.251985 
vn -0.971392 0.0745995 0.225459 
vn -0.96935 0.0875586 0.229551 
vn -0.967291 0.099794 0.233216 
vn -0.965042 0.112364 0.236788 
vn -0.962313 0.126662 0.240644 
vn -0.956137 0.155966 0.247945 
vn -0.952551 0.171462 0.251488 
vn -0.954942 0.184032 0.232848 
vn -0.956899 0.193291 0.216754 
vn -0.939559 0.228985 0.254548 
vn -0.958806 0.201176 0.200546 
vn -0.93538 0.246255 0.253817 
vn -0.961456 0.209794 0.177731 
vn -0.961756 0.210584 0.175158 
vn -0.953143 0.247897 0.173392 
vn -0.95628 0.234963 0.174131 
vn -0.967029 0.218633 0.130595 
vn -0.974615 0.212964 0.0690785 
vn -0.981216 0.192274 0.0156894 
vn -0.971859 0.222767 0.0765851 
vn -0.969989 0.218684 0.106297 
vn -0.959873 0.243107 0.139796 
vn -0.952759 0.249439 0.173295 
vn -0.971579 0.217498 0.0934293 
vn -0.965688 0.235087 0.11037 
vn -0.951571 0.250163 0.178693 
vn -0.945551 0.252531 0.205334 
vn -0.964188 0.215637 0.154411 
vn -0.939837 0.252972 0.229591 
vn -0.934004 0.251699 0.253545 
vn -0.941282 0.25302 0.22354 
vn -0.930594 0.250219 0.267181 
vn -0.924366 0.246207 0.291427 
vn -0.919721 0.241931 0.309164 
vn -0.913409 0.234737 0.33254 
vn -0.9156 0.225607 0.332832 
vn -0.908716 0.228423 0.349368 
vn -0.907865 0.227197 0.352368 
vn -0.901152 0.215475 0.376159 
vn -0.893313 0.20019 0.402388 
vn -0.891185 0.19579 0.409213 
vn -0.894832 0.178103 0.409335 
vn -0.890527 0.19441 0.411299 
vn -0.884106 0.178722 0.431758 
vn -0.882058 0.173563 0.438008 
vn -0.867849 0.131519 0.479104 
vn -0.866803 0.128085 0.481921 
vn -0.875483 0.154307 0.457951 
vn -0.968981 0.229075 0.0927343 
vn -0.879847 -8.67362e-14 0.475257 
f 1441//1441 1442//1442 1443//1443 
f 1442//1442 1444//1444 1443//1443 
f 1442//1442 1445//1445 1446//1446 
f 1445//1445 1447//1447 1446//1446 
f 1447//1447 1445//1445 1448//1448 
f 1442//1442 1441//1441 1449//1449 
f 1445//1445 1442//1442 1450//1450 
f 1445//1445 1451//1451 1452//1452 
f 1450//1450 1449//1449 1453//1453 
f 1451//1451 1450//1450 1454//1454 
f 1455//1455 1456//1456 1457//1457 
f 1457//1457 1451//1451 1455//1455 
f 1454//1454 1453//1453 1458//1458 
f 1455//1455 1454//1454 1459//1459 
f 1455//1455 1460//1460 1461//1461 
f 1462//1462 1463//1463 1459//1459 
f 1460//1460 1459//1459 1463//1463 
f 1464//1464 1465//1465 1461//1461 
f 1466//1466 1467//1467 1463//1463 
f 1464//1464 1463//1463 1467//1467 
f 1467//1467 1466//1466 1468//1468 
f 1469//1469 1467//1467 1470//1470 
f 1470//1470 1468//1468 1471//1471 
f 1472//1472 1471//1471 1473//1473 
f 1474//1474 1473//1473 1475//1475 
f 1476//1476 1477//1477 1478//1478 
f 1441//1441 1478//1478 1479//1479 
f 1449//1449 1479//1479 1480//1480 
f 1481//1481 1458//1458 1453//1453 
f 1482//1482 1483//1483 1468//1468 
f 1471//1471 1468//1468 1483//1483 
f 1473//1473 1471//1471 1484//1484 
f 1475//1475 1473//1473 1485//1485 
f 1486//1486 1475//1475 1487//1487 
f 1488//1488 1486//1486 1489//1489 
f 1489//1489 1490//1490 1488//1488 
f 1491//1491 1492//1492 1493//1493 
f 1494//1494 1495//1495 1496//1496 
f 1497//1497 1498//1498 1499//1499 
f 1499//1499 1491//1491 1497//1497 
f 1500//1500 1494//1494 1501//1501 
f 1501//1501 1498//1498 1500//1500 
f 1492//1492 1491//1491 1502//1502 
f 1502//1502 1503//1503 1492//1492 
f 1504//1504 1505//1505 1506//1506 
f 1504//1504 1492//1492 1507//1507 
f 1507//1507 1505//1505 1504//1504 
f 1486//1486 1488//1488 1508//1508 
f 1508//1508 1509//1509 1486//1486 
f 1475//1475 1510//1510 1511//1511 
f 1475//1475 1486//1486 1510//1510 
f 1474//1474 1512//1512 1513//1513 
f 1513//1513 1514//1514 1474//1474 
f 1472//1472 1474//1474 1515//1515 
f 1470//1470 1472//1472 1516//1516 
f 1516//1516 1517//1517 1470//1470 
f 1518//1518 1517//1517 1519//1519 
f 1469//1469 1518//1518 1520//1520 
f 1520//1520 1521//1521 1469//1469 
f 1464//1464 1522//1522 1523//1523 
f 1464//1464 1469//1469 1524//1524 
f 1524//1524 1522//1522 1464//1464 
f 1523//1523 1465//1465 1464//1464 
f 1521//1521 1524//1524 1469//1469 
f 1519//1519 1520//1520 1518//1518 
f 1517//1517 1518//1518 1470//1470 
f 1515//1515 1516//1516 1472//1472 
f 1514//1514 1515//1515 1474//1474 
f 1513//1513 1512//1512 1511//1511 
f 1511//1511 1512//1512 1475//1475 
f 1509//1509 1510//1510 1486//1486 
f 1508//1508 1488//1488 1506//1506 
f 1506//1506 1488//1488 1504//1504 
f 1503//1503 1507//1507 1492//1492 
f 1502//1502 1491//1491 1499//1499 
f 1497//1497 1500//1500 1498//1498 
f 1501//1501 1494//1494 1525//1525 
f 1496//1496 1525//1525 1494//1494 
f 1493//1493 1497//1497 1491//1491 
f 1493//1493 1492//1492 1504//1504 
f 1490//1490 1504//1504 1488//1488 
f 1487//1487 1489//1489 1486//1486 
f 1485//1485 1487//1487 1475//1475 
f 1484//1484 1485//1485 1473//1473 
f 1483//1483 1484//1484 1471//1471 
f 1468//1468 1466//1466 1482//1482 
f 1482//1482 1466//1466 1462//1462 
f 1462//1462 1458//1458 1481//1481 
f 1453//1453 1480//1480 1481//1481 
f 1480//1480 1453//1453 1449//1449 
f 1479//1479 1449//1449 1441//1441 
f 1478//1478 1441//1441 1476//1476 
f 1475//1475 1512//1512 1474//1474 
f 1473//1473 1474//1474 1472//1472 
f 1471//1471 1472//1472 1470//1470 
f 1470//1470 1518//1518 1469//1469 
f 1468//1468 1470//1470 1467//1467 
f 1467//1467 1469//1469 1464//1464 
f 1463//1463 1462//1462 1466//1466 
f 1461//1461 1460//1460 1464//1464 
f 1463//1463 1464//1464 1460//1460 
f 1459//1459 1458//1458 1462//1462 
f 1461//1461 1456//1456 1455//1455 
f 1459//1459 1460//1460 1455//1455 
f 1458//1458 1459//1459 1454//1454 
f 1457//1457 1452//1452 1451//1451 
f 1454//1454 1455//1455 1451//1451 
f 1453//1453 1454//1454 1450//1450 
f 1452//1452 1448//1448 1445//1445 
f 1450//1450 1451//1451 1445//1445 
f 1449//1449 1450//1450 1442//1442 
f 1448//1448 1526//1526 1447//1447 
f 1446//1446 1444//1444 1442//1442 
f 1443//1443 1476//1476 1441//1441 
v -0.0312644 -0.0340033 0.0102059 
v -0.0312889 -0.0340241 0.0101357 
v -0.0310803 -0.0358775 0.0105251 
v -0.031014 -0.0358411 0.0107112 
v -0.031224 -0.033969 0.0103217 
v -0.0312081 -0.0339585 0.0103553 
v -0.0309292 -0.0358044 0.0108896 
v -0.0311398 -0.0339134 0.0104996 
v -0.0311273 -0.0359132 0.0103331 
v -0.0311545 -0.0359477 0.010137 
v -0.0310317 -0.0377885 0.0103714 
v -0.0310029 -0.0377712 0.0105672 
v -0.0309548 -0.0377534 0.0107592 
v -0.0308878 -0.0377352 0.0109454 
v -0.031044 -0.0378054 0.0101675 
v -0.031 -0.0396616 0.0102528 
v -0.0309902 -0.0396616 0.0104506 
v -0.0309609 -0.0396616 0.0106464 
v -0.0309123 -0.0396616 0.0108384 
v -0.0308025 -0.0377168 0.011124 
v -0.0308451 -0.0396616 0.0110247 
v -0.0313097 -0.0340476 0.0100527 
v -0.0312981 -0.0343573 0.00999996 
v -0.0313229 -0.0340626 0.01 
v -0.0312136 -0.0353624 0.00999982 
v -0.0311302 -0.0363548 0.00999968 
v -0.0311627 -0.0359682 0.00999974 
v -0.0310475 -0.0376618 0.0101609 
v -0.0307597 -0.0396616 0.0112033 
vn -0.943313 -0.0450486 0.328832 
vn -0.954406 -0.0553939 0.293325 
vn -0.955404 -0.0365761 0.293029 
vn -0.922278 -0.0183808 0.38609 
vn -0.921948 -0.0278425 0.386311 
vn -0.914736 -0.0226069 0.403418 
vn -0.879847 0 0.475257 
vn -0.879847 0 0.475257 
vn -0.978891 -0.0544025 0.19701 
vn -0.992502 -0.07168 0.0990046 
vn -0.994451 -0.0358096 0.0989181 
vn -0.980055 -0.0271712 0.196859 
vn -0.955982 -0.0182646 0.292857 
vn -0.922469 -0.00917761 0.385963 
vn -0.999027 -0.0440943 0 
vn -1 0 0 
vn -0.995098 0 0.0988894 
vn -0.980442 0 0.196809 
vn -0.956174 0 0.2928 
vn -0.879847 0 0.475257 
vn -0.922532 0 0.38592 
vn -0.965397 -0.06718 0.251983 
vn -0.977249 -0.0780194 0.197224 
vn -0.971392 -0.0745995 0.225459 
vn -0.991586 -0.0833485 0.0990454 
vn -0.996868 -0.0790802 0 
vn -0.99589 -0.0818591 0.0387624 
vn -0.99887 -0.0475208 0 
vn -0.879847 0 0.475257 
f 1527//1527 1528//1528 1529//1529 
f 1530//1530 1531//1531 1527//1527 
f 1532//1532 1531//1531 1530//1530 
f 1533//1533 1534//1534 1532//1532 
f 1535//1535 1536//1536 1537//1537 
f 1529//1529 1535//1535 1538//1538 
f 1530//1530 1529//1529 1539//1539 
f 1533//1533 1530//1530 1540//1540 
f 1537//1537 1541//1541 1542//1542 
f 1538//1538 1537//1537 1543//1543 
f 1539//1539 1538//1538 1544//1544 
f 1540//1540 1539//1539 1545//1545 
f 1546//1546 1540//1540 1547//1547 
f 1529//1529 1548//1548 1549//1549 
f 1548//1548 1550//1550 1549//1549 
f 1529//1529 1528//1528 1548//1548 
f 1535//1535 1549//1549 1551//1551 
f 1537//1537 1536//1536 1552//1552 
f 1536//1536 1553//1553 1552//1552 
f 1552//1552 1554//1554 1537//1537 
f 1554//1554 1541//1541 1537//1537 
f 1553//1553 1536//1536 1551//1551 
f 1551//1551 1536//1536 1535//1535 
f 1549//1549 1535//1535 1529//1529 
f 1547//1547 1555//1555 1546//1546 
f 1545//1545 1547//1547 1540//1540 
f 1544//1544 1545//1545 1539//1539 
f 1543//1543 1544//1544 1538//1538 
f 1542//1542 1543//1543 1537//1537 
f 1540//1540 1546//1546 1533//1533 
f 1539//1539 1540//1540 1530//1530 
f 1538//1538 1539//1539 1529//1529 
f 1537//1537 1538//1538 1535//1535 
f 1530//1530 1533//1533 1532//1532 
f 1529//1529 1530//1530 1527//1527 
v -0.028159 -0.0333246 0.016018 
v -0.0281687 -0.033193 0.0160092 
v -0.0300322 -0.0335626 0.0125591 
v -0.028186 -0.0330634 0.0160047 
v -0.0300491 -0.0334346 0.0125545 
v -0.0262953 -0.0329581 0.0194682 
v -0.0263052 -0.0328248 0.0194594 
v -0.0263229 -0.0326921 0.0194549 
v -0.0311688 -0.0337688 0.0104576 
v -0.0311653 -0.0337882 0.0104615 
v -0.0311852 -0.0336627 0.01045 
v -0.0311775 -0.0337157 0.0104514 
v -0.0311855 -0.0336611 0.01045 
v -0.0311508 -0.0338629 0.0104807 
v -0.0311398 -0.0339134 0.0104996 
v -0.0311602 -0.0338161 0.0104672 
v -0.0300227 -0.0336923 0.0125678 
vn -0.879847 0 0.475257 
vn -0.874997 -0.0657936 0.479637 
vn -0.875086 -0.0648257 0.479606 
vn -0.866322 -0.1313 0.48192 
vn -0.866611 -0.129376 0.48192 
vn -0.879847 0 0.475257 
vn -0.874917 -0.0666571 0.479664 
vn -0.866061 -0.133015 0.481919 
vn -0.874097 -0.0740346 0.480076 
vn -0.875145 -0.0641782 0.479586 
vn -0.866934 -0.127256 0.481903 
vn -0.870819 -0.100764 0.481166 
vn -0.866803 -0.128085 0.481921 
vn -0.878383 -0.0260063 0.47725 
vn -0.879847 -1.13257e-13 0.475257 
vn -0.876501 -0.049972 0.478799 
vn -0.879847 -1.13257e-13 0.475257 
f 1556//1556 1557//1557 1558//1558 
f 1557//1557 1559//1559 1560//1560 
f 1561//1561 1562//1562 1557//1557 
f 1562//1562 1563//1563 1559//1559 
f 1560//1560 1564//1564 1565//1565 
f 1560//1560 1566//1566 1567//1567 
f 1567//1567 1564//1564 1560//1560 
f 1560//1560 1568//1568 1566//1566 
f 1558//1558 1569//1569 1570//1570 
f 1558//1558 1571//1571 1569//1569 
f 1558//1558 1565//1565 1571//1571 
f 1570//1570 1572//1572 1558//1558 
f 1565//1565 1558//1558 1560//1560 
f 1559//1559 1557//1557 1562//1562 
f 1557//1557 1556//1556 1561//1561 
f 1560//1560 1558//1558 1557//1557 
f 1558//1558 1572//1572 1556//1556 
v -0.029573 -0.0243749 0.0177582 
v -0.0305472 -0.0229954 0.0172156 
v -0.0303659 -0.0234257 0.0171988 
v -0.0305994 -0.0230952 0.0170671 
v -0.030482 -0.0228896 0.0173544 
v -0.0304041 -0.0227787 0.0174824 
v -0.0295 -0.0242825 0.0178956 
v -0.0303144 -0.0226638 0.0175984 
v -0.0294148 -0.024186 0.0180227 
v -0.0302136 -0.0225456 0.0177015 
v -0.0293182 -0.024086 0.0181386 
v -0.0301025 -0.0224254 0.0177906 
v -0.0292109 -0.0239835 0.0182423 
v -0.0299822 -0.0223041 0.0178651 
v -0.029094 -0.0238793 0.018333 
v -0.0287044 -0.0258559 0.0182398 
v -0.0292126 -0.0251796 0.0178475 
v -0.0296334 -0.0244624 0.0176118 
v -0.0286253 -0.0257759 0.018376 
v -0.0285344 -0.0256925 0.0185025 
v -0.0284325 -0.0256063 0.0186183 
v -0.0283204 -0.025518 0.0187225 
v -0.0289683 -0.0237743 0.0184098 
v -0.0281989 -0.0254283 0.0188142 
v -0.0287712 -0.0259319 0.0180949 
v -0.0280339 -0.0274438 0.0185062 
v -0.0279371 -0.02743 0.0186638 
v -0.0278531 -0.0273617 0.0187991 
v -0.0277578 -0.0272907 0.0189251 
v -0.0276517 -0.0272173 0.0190408 
v -0.0275357 -0.0271423 0.0191453 
v -0.028009 -0.027495 0.0185201 
v -0.0274842 -0.0287737 0.0188119 
v -0.0274091 -0.028717 0.0189548 
v -0.0273222 -0.0286575 0.0190895 
v -0.027224 -0.0285957 0.0192152 
v -0.0271153 -0.0285319 0.0193308 
v -0.0270276 -0.0300802 0.0190652 
v -0.0269499 -0.0300314 0.0192074 
v -0.0268605 -0.0299802 0.0193417 
v -0.0269987 -0.0301873 0.0190811 
v -0.0263433 -0.032248 0.0195327 
v -0.0263506 -0.0321836 0.0195361 
v -0.0263144 -0.0325542 0.0195056 
v -0.0263099 -0.03269 0.0194785 
v -0.0263036 -0.0326868 0.0194902 
v -0.0263165 -0.0326917 0.0194665 
v -0.0263229 -0.0326921 0.0194549 
v -0.0264054 -0.031702 0.0195613 
v -0.0264467 -0.0313988 0.0195664 
v -0.0265335 -0.030787 0.0195716 
v -0.0265795 -0.0305233 0.0195628 
v -0.0264973 -0.0310269 0.0195726 
v -0.02676 -0.029927 0.0194671 
v -0.0267415 -0.0295934 0.0195317 
v -0.0266897 -0.0298908 0.0195416 
v -0.0267618 -0.0294773 0.0195278 
v -0.0269436 -0.0286275 0.0194605 
v -0.0270617 -0.0280754 0.0194168 
v -0.0271706 -0.0276494 0.0193635 
v -0.0269969 -0.0284667 0.0194357 
v -0.0269801 -0.0284566 0.019447 
v -0.0274107 -0.0270661 0.019238 
v -0.027423 -0.0266619 0.0192399 
v -0.0273317 -0.0270192 0.0192846 
v -0.0310708 -0.0209921 0.0172803 
v -0.0311837 -0.0211306 0.0172078 
v -0.0311982 -0.0211484 0.0171984 
v -0.0313077 -0.0212955 0.017102 
v -0.0311837 -0.0211306 0.0172077 
v -0.0313795 -0.0214022 0.0170178 
v -0.0314044 -0.0214393 0.0169886 
v -0.0314603 -0.0215328 0.0169016 
v -0.0313795 -0.0214023 0.0170178 
v -0.0314875 -0.0215783 0.0168594 
v -0.0315288 -0.0216585 0.0167727 
v -0.0314604 -0.021533 0.0169015 
v -0.0315559 -0.021711 0.0167159 
v -0.0315843 -0.0217779 0.0166322 
v -0.0315289 -0.0216586 0.0167725 
v -0.031609 -0.021836 0.0165595 
v -0.0314442 -0.0221067 0.0165871 
v -0.0316282 -0.0218914 0.0164825 
v -0.0315844 -0.0217781 0.0166319 
v -0.028069 -0.0253379 0.0188929 
vn -0.77564 -0.300323 0.555148 
vn -0.755782 -0.345636 0.556174 
vn -0.789816 -0.385778 0.47683 
vn -0.781863 -0.395531 0.481919 
vn -0.723138 -0.29274 0.625599 
vn -0.684215 -0.237302 0.689592 
vn -0.739093 -0.254122 0.62383 
vn -0.63935 -0.179804 0.747597 
vn -0.696494 -0.20584 0.687405 
vn -0.588934 -0.120744 0.799111 
vn -0.648192 -0.155873 0.745352 
vn -0.533403 -0.060635 0.843685 
vn -0.594584 -0.10463 0.797197 
vn -0.473241 0 0.880933 
vn -0.536107 -0.05253 0.842514 
vn -0.790933 -0.259008 0.554382 
vn -0.817936 -0.324 0.4754 
vn -0.805837 -0.344065 0.481919 
vn -0.75136 -0.219004 0.622492 
vn -0.705921 -0.17729 0.685743 
vn -0.654973 -0.134193 0.743642 
vn -0.598912 -0.090048 0.795736 
vn -0.473241 0 0.880933 
vn -0.538177 -0.0452004 0.841619 
vn -0.824333 -0.29699 0.481945 
vn -0.838843 -0.254537 0.4812 
vn -0.802964 -0.220312 0.553815 
vn -0.760996 -0.186178 0.621468 
vn -0.713317 -0.150647 0.684459 
vn -0.660286 -0.113986 0.742313 
vn -0.602301 -0.076469 0.794598 
vn -0.838908 -0.252793 0.482005 
vn -0.848097 -0.219982 0.482017 
vn -0.810545 -0.191635 0.553437 
vn -0.767065 -0.161886 0.62081 
vn -0.717973 -0.130953 0.683641 
vn -0.663631 -0.0990621 0.741472 
vn -0.855558 -0.188968 0.481987 
vn -0.8167 -0.164561 0.553101 
vn -0.771992 -0.138975 0.620254 
vn -0.85709 -0.187223 0.479941 
vn -0.827958 -0.124612 0.546771 
vn -0.824106 -0.124104 0.552673 
vn -0.84778 -0.127518 0.514789 
vn -0.859937 -0.130243 0.493503 
vn -0.856728 -0.128853 0.499414 
vn -0.863093 -0.131652 0.487583 
vn -0.866061 -0.133015 0.481919 
vn -0.794134 -0.119272 0.595924 
vn -0.776139 -0.116155 0.619771 
vn -0.738759 -0.108189 0.66523 
vn -0.723182 -0.10452 0.682703 
vn -0.753259 -0.111429 0.648217 
vn -0.721754 -0.112394 0.682963 
vn -0.665831 -0.0878483 0.740913 
vn -0.684559 -0.0938187 0.722895 
vn -0.658425 -0.0853519 0.747792 
vn -0.604659 -0.0652969 0.793804 
vn -0.568649 -0.0496561 0.82108 
vn -0.540268 -0.0361357 0.840717 
vn -0.604433 -0.0664467 0.79388 
vn -0.593595 -0.0606763 0.802473 
vn -0.539796 -0.0383785 0.84092 
vn -0.473241 0 0.880933 
vn -0.497689 -0.013861 0.867245 
vn -0.473241 0 0.880933 
vn -0.530047 -0.0692187 0.845139 
vn -0.536999 -0.07808 0.839962 
vn -0.591794 -0.151556 0.791714 
vn -0.530042 -0.0692124 0.845142 
vn -0.628378 -0.205064 0.750393 
vn -0.640232 -0.223391 0.734982 
vn -0.669 -0.270441 0.692316 
vn -0.628411 -0.205116 0.750351 
vn -0.681805 -0.29283 0.670368 
vn -0.703402 -0.333302 0.627802 
vn -0.66904 -0.27051 0.69225 
vn -0.716067 -0.359126 0.598563 
vn -0.731266 -0.393063 0.557451 
vn -0.703445 -0.333386 0.627709 
vn -0.742649 -0.42157 0.520337 
vn -0.758916 -0.442188 0.478034 
vn -0.752334 -0.449165 0.481917 
vn -0.731307 -0.393159 0.55733 
vn -0.473241 0 0.880933 
f 1573//1573 1574//1574 1575//1575 
f 1574//1574 1576//1576 1575//1575 
f 1577//1577 1574//1574 1573//1573 
f 1578//1578 1577//1577 1579//1579 
f 1580//1580 1578//1578 1581//1581 
f 1582//1582 1580//1580 1583//1583 
f 1584//1584 1582//1582 1585//1585 
f 1586//1586 1584//1584 1587//1587 
f 1588//1588 1573//1573 1589//1589 
f 1573//1573 1590//1590 1589//1589 
f 1579//1579 1573//1573 1588//1588 
f 1581//1581 1579//1579 1591//1591 
f 1583//1583 1581//1581 1592//1592 
f 1585//1585 1583//1583 1593//1593 
f 1587//1587 1585//1585 1594//1594 
f 1595//1595 1587//1587 1596//1596 
f 1588//1588 1597//1597 1598//1598 
f 1598//1598 1599//1599 1588//1588 
f 1591//1591 1588//1588 1599//1599 
f 1592//1592 1591//1591 1600//1600 
f 1593//1593 1592//1592 1601//1601 
f 1594//1594 1593//1593 1602//1602 
f 1596//1596 1594//1594 1603//1603 
f 1599//1599 1604//1604 1605//1605 
f 1600//1600 1599//1599 1606//1606 
f 1601//1601 1600//1600 1607//1607 
f 1602//1602 1601//1601 1608//1608 
f 1603//1603 1602//1602 1609//1609 
f 1606//1606 1605//1605 1610//1610 
f 1607//1607 1606//1606 1611//1611 
f 1608//1608 1607//1607 1612//1612 
f 1613//1613 1614//1614 1615//1615 
f 1613//1613 1616//1616 1614//1614 
f 1617//1617 1618//1618 1616//1616 
f 1613//1613 1619//1619 1617//1617 
f 1613//1613 1620//1620 1619//1619 
f 1616//1616 1613//1613 1617//1617 
f 1611//1611 1610//1610 1613//1613 
f 1611//1611 1621//1621 1622//1622 
f 1611//1611 1615//1615 1621//1621 
f 1612//1612 1623//1623 1624//1624 
f 1612//1612 1625//1625 1623//1623 
f 1612//1612 1622//1622 1625//1625 
f 1608//1608 1626//1626 1627//1627 
f 1626//1626 1628//1628 1627//1627 
f 1609//1609 1629//1629 1630//1630 
f 1609//1609 1627//1627 1629//1629 
f 1603//1603 1631//1631 1632//1632 
f 1633//1633 1634//1634 1631//1631 
f 1631//1631 1603//1603 1633//1633 
f 1596//1596 1635//1635 1636//1636 
f 1635//1635 1637//1637 1636//1636 
f 1638//1638 1639//1639 1584//1584 
f 1584//1584 1586//1586 1638//1638 
f 1640//1640 1641//1641 1582//1582 
f 1584//1584 1642//1642 1640//1640 
f 1641//1641 1643//1643 1580//1580 
f 1644//1644 1645//1645 1578//1578 
f 1580//1580 1643//1643 1646//1646 
f 1646//1646 1644//1644 1580//1580 
f 1647//1647 1648//1648 1577//1577 
f 1578//1578 1645//1645 1649//1649 
f 1649//1649 1647//1647 1578//1578 
f 1650//1650 1651//1651 1574//1574 
f 1577//1577 1648//1648 1652//1652 
f 1652//1652 1650//1650 1577//1577 
f 1574//1574 1653//1653 1654//1654 
f 1653//1653 1655//1655 1654//1654 
f 1574//1574 1651//1651 1656//1656 
f 1656//1656 1653//1653 1574//1574 
f 1654//1654 1576//1576 1574//1574 
f 1574//1574 1577//1577 1650//1650 
f 1577//1577 1578//1578 1647//1647 
f 1578//1578 1580//1580 1644//1644 
f 1580//1580 1582//1582 1641//1641 
f 1582//1582 1584//1584 1640//1640 
f 1639//1639 1642//1642 1584//1584 
f 1636//1636 1657//1657 1596//1596 
f 1637//1637 1635//1635 1632//1632 
f 1632//1632 1635//1635 1603//1603 
f 1634//1634 1633//1633 1630//1630 
f 1630//1630 1633//1633 1609//1609 
f 1627//1627 1609//1609 1608//1608 
f 1628//1628 1626//1626 1624//1624 
f 1624//1624 1626//1626 1612//1612 
f 1622//1622 1612//1612 1611//1611 
f 1615//1615 1611//1611 1613//1613 
f 1612//1612 1626//1626 1608//1608 
f 1611//1611 1612//1612 1607//1607 
f 1610//1610 1611//1611 1606//1606 
f 1609//1609 1633//1633 1603//1603 
f 1608//1608 1609//1609 1602//1602 
f 1607//1607 1608//1608 1601//1601 
f 1606//1606 1607//1607 1600//1600 
f 1605//1605 1606//1606 1599//1599 
f 1603//1603 1635//1635 1596//1596 
f 1602//1602 1603//1603 1594//1594 
f 1601//1601 1602//1602 1593//1593 
f 1600//1600 1601//1601 1592//1592 
f 1599//1599 1600//1600 1591//1591 
f 1598//1598 1604//1604 1599//1599 
f 1596//1596 1657//1657 1595//1595 
f 1594//1594 1596//1596 1587//1587 
f 1593//1593 1594//1594 1585//1585 
f 1592//1592 1593//1593 1583//1583 
f 1591//1591 1592//1592 1581//1581 
f 1588//1588 1591//1591 1579//1579 
f 1589//1589 1597//1597 1588//1588 
f 1587//1587 1595//1595 1586//1586 
f 1585//1585 1587//1587 1584//1584 
f 1583//1583 1585//1585 1582//1582 
f 1581//1581 1583//1583 1580//1580 
f 1579//1579 1581//1581 1578//1578 
f 1573//1573 1579//1579 1577//1577 
f 1575//1575 1590//1590 1573//1573 
v -0.031 -0.0396616 0.0102528 
v -0.031 -0.0427 0.0102528 
v -0.0309902 -0.0427 0.0104506 
v -0.0309902 -0.0396616 0.0104506 
v -0.0309609 -0.0427 0.0106464 
v -0.0309609 -0.0396616 0.0106464 
v -0.0309123 -0.0427 0.0108384 
v -0.0309123 -0.0396616 0.0108384 
v -0.0308451 -0.0427 0.0110247 
v -0.0308451 -0.0396616 0.0110247 
v -0.0307597 -0.0427 0.0112033 
v -0.0307597 -0.0396616 0.0112033 
vn -1 0 -1.24999e-07 
vn -1 0 0 
vn -0.995098 -6.09322e-17 0.0988894 
vn -0.995098 -6.09322e-17 0.0988894 
vn -0.980442 -6.00347e-17 0.196809 
vn -0.980442 -6.00347e-17 0.196809 
vn -0.956174 -5.85488e-17 0.2928 
vn -0.956174 -5.85488e-17 0.2928 
vn -0.922532 -5.64888e-17 0.38592 
vn -0.922532 -5.64888e-17 0.38592 
vn -0.879847 0 0.475257 
vn -0.879847 0 0.475257 
f 1658//1658 1659//1659 1660//1660 
f 1661//1661 1660//1660 1662//1662 
f 1663//1663 1662//1662 1664//1664 
f 1665//1665 1664//1664 1666//1666 
f 1667//1667 1666//1666 1668//1668 
f 1668//1668 1669//1669 1667//1667 
f 1666//1666 1667//1667 1665//1665 
f 1664//1664 1665//1665 1663//1663 
f 1662//1662 1663//1663 1661//1661 
f 1660//1660 1661//1661 1658//1658 
v -0.031 -0.0427 0.01 
v -0.031 -0.0396616 0.0102528 
v -0.031 -0.0396616 0.01 
v -0.031 -0.04975 0.0015 
v -0.031 -0.04975 0.01 
v -0.031 -0.04175 0.00883681 
v -0.031 -0.04175 0.0015 
v -0.031 -0.0427 0.0102528 
vn -1 -3.37475e-17 0 
vn -1 -3.37475e-17 0 
vn -1 -3.37475e-17 0 
vn -1 -3.37475e-17 0 
vn -1 -3.37475e-17 0 
vn -1 -3.37475e-17 0 
vn -1 -3.37475e-17 0 
vn -1 -3.37475e-17 0 
f 1670//1670 1671//1671 1672//1672 
f 1673//1673 1674//1674 1670//1670 
f 1672//1672 1675//1675 1670//1670 
f 1670//1670 1675//1675 1673//1673 
f 1675//1675 1676//1676 1673//1673 
f 1670//1670 1677//1677 1671//1671 
v -0.031 -0.0427 0.01 
v -0.031 -0.04975 0.01 
v -0.0309853 -0.04975 0.0102967 
v -0.0309853 -0.0427 0.0102967 
v -0.0309413 -0.04975 0.0105904 
v -0.0309413 -0.0427 0.0105904 
v -0.0308685 -0.04975 0.0108784 
v -0.0308685 -0.0427 0.0108784 
v -0.0307676 -0.04975 0.0111578 
v -0.0307676 -0.0427 0.0111578 
v -0.0306395 -0.04975 0.0114258 
v -0.0306395 -0.0427 0.0114258 
vn -1 -3.37475e-17 0 
vn -1 -3.37475e-17 0 
vn -0.995098 -6.09322e-17 0.0988894 
vn -0.995098 -6.09322e-17 0.0988894 
vn -0.980442 -6.00347e-17 0.196809 
vn -0.980442 -6.00347e-17 0.196809 
vn -0.956174 -5.85488e-17 0.2928 
vn -0.956174 -5.85488e-17 0.2928 
vn -0.922532 -5.64888e-17 0.38592 
vn -0.922532 -5.64888e-17 0.38592 
vn -0.879847 -5.38751e-17 0.475257 
vn -0.879847 -5.38751e-17 0.475257 
f 1678//1678 1679//1679 1680//1680 
f 1681//1681 1680//1680 1682//1682 
f 1683//1683 1682//1682 1684//1684 
f 1685//1685 1684//1684 1686//1686 
f 1687//1687 1686//1686 1688//1688 
f 1688//1688 1689//1689 1687//1687 
f 1686//1686 1687//1687 1685//1685 
f 1684//1684 1685//1685 1683//1683 
f 1682//1682 1683//1683 1681//1681 
f 1680//1680 1681//1681 1678//1678 
v -0.0309902 -0.0427 0.0104506 
v -0.031 -0.0427 0.0102528 
v -0.0309853 -0.0427 0.0102967 
v -0.0308451 -0.0427 0.0110247 
v -0.0308685 -0.0427 0.0108784 
v -0.0307676 -0.0427 0.0111578 
v -0.0309413 -0.0427 0.0105904 
v -0.0309609 -0.0427 0.0106464 
v -0.0307597 -0.0427 0.0112033 
v -0.0309123 -0.0427 0.0108384 
v -0.031 -0.0427 0.01 
v -0.0306395 -0.0427 0.0114258 
vn 6.12323e-17 -1 0 
vn 6.12323e-17 -1 0 
vn 6.12323e-17 -1 0 
vn 6.12323e-17 -1 0 
vn 6.12323e-17 -1 0 
vn 6.12323e-17 -1 0 
vn 6.12323e-17 -1 0 
vn 6.12323e-17 -1 0 
vn 6.12323e-17 -1 0 
vn 6.12323e-17 -1 0 
vn 6.12323e-17 -1 0 
vn 6.12323e-17 -1 0 
f 1690//1690 1691//1691 1692//1692 
f 1693//1693 1694//1694 1695//1695 
f 1696//1696 1697//1697 1690//1690 
f 1695//1695 1698//1698 1693//1693 
f 1694//1694 1699//1699 1697//1697 
f 1691//1691 1700//1700 1692//1692 
f 1693//1693 1699//1699 1694//1694 
f 1692//1692 1696//1696 1690//1690 
f 1697//1697 1696//1696 1694//1694 
f 1695//1695 1701//1701 1698//1698 
v -0.0262766 -0.0328153 0.0195122 
v -0.0263036 -0.0326868 0.0194902 
v -0.0263099 -0.03269 0.0194785 
v -0.0262573 -0.0329445 0.0195386 
v -0.0262861 -0.0328199 0.0194946 
v -0.0262958 -0.0328231 0.0194767 
v -0.0262829 -0.032955 0.0194912 
v -0.0262701 -0.0329505 0.019515 
v -0.0263052 -0.0328248 0.0194594 
v -0.0263165 -0.0326917 0.0194665 
v -0.0262953 -0.0329581 0.0194682 
v -0.0263229 -0.0326921 0.0194549 
vn -0.870217 -0.0645699 0.488419 
vn -0.856728 -0.128853 0.499414 
vn -0.859937 -0.130243 0.493503 
vn -0.879847 0 0.475257 
vn -0.871822 -0.0652662 0.485455 
vn -0.873412 -0.0659725 0.482493 
vn -0.879847 0 0.475257 
vn -0.879847 0 0.475257 
vn -0.874917 -0.0666571 0.479664 
vn -0.863093 -0.131652 0.487583 
vn -0.879847 0 0.475257 
vn -0.866061 -0.133015 0.481919 
f 1702//1702 1703//1703 1704//1704 
f 1705//1705 1702//1702 1706//1706 
f 1707//1707 1706//1706 1704//1704 
f 1708//1708 1709//1709 1706//1706 
f 1710//1710 1707//1707 1711//1711 
f 1712//1712 1708//1708 1707//1707 
f 1707//1707 1710//1710 1712//1712 
f 1711//1711 1713//1713 1710//1710 
f 1706//1706 1707//1707 1708//1708 
f 1704//1704 1711//1711 1707//1707 
f 1706//1706 1709//1709 1705//1705 
f 1704//1704 1706//1706 1702//1702 
v -0.0262573 -0.0329445 0.0195386 
v -0.0262451 -0.0329387 0.0195612 
v -0.0262603 -0.0328155 0.0195413 
v -0.0262766 -0.0328153 0.0195122 
v -0.0262824 -0.0326929 0.0195253 
v -0.0262235 -0.0329319 0.0196013 
v -0.0262311 -0.0328194 0.0195938 
v -0.0262444 -0.0327074 0.0195894 
v -0.0262457 -0.0327068 0.0195871 
v -0.0262207 -0.0329314 0.0196064 
v -0.0262273 -0.0328203 0.0196006 
v -0.0262394 -0.0327096 0.0195979 
v -0.026206 -0.0329306 0.0196335 
v -0.0262071 -0.0328269 0.0196372 
v -0.0262129 -0.0327235 0.0196434 
v -0.0261941 -0.0329325 0.0196556 
v -0.0261904 -0.032835 0.0196676 
v -0.0261909 -0.0327376 0.0196818 
v -0.0261839 -0.0329363 0.0196746 
v -0.0261758 -0.0328442 0.0196942 
v -0.0261717 -0.0327523 0.0197159 
v -0.0261799 -0.0329384 0.0196819 
v -0.0261701 -0.0328484 0.0197046 
v -0.0261642 -0.0327586 0.0197294 
v -0.0261712 -0.0329444 0.019698 
v -0.0261475 -0.0327742 0.0197595 
v -0.0261575 -0.0328592 0.0197278 
v -0.0261631 -0.032952 0.0197131 
v -0.0261319 -0.0327907 0.019788 
v -0.0261454 -0.0328715 0.01975 
v -0.0261315 -0.0327912 0.0197888 
v -0.0261338 -0.0328855 0.0197716 
v -0.0261288 -0.0328922 0.0197808 
v -0.0261553 -0.0329614 0.0197274 
v -0.0261159 -0.0328098 0.0198175 
v -0.0261184 -0.0329079 0.0198003 
v -0.026152 -0.0329661 0.0197335 
v -0.0261093 -0.0328186 0.01983 
v -0.0261082 -0.0329253 0.0198194 
v -0.0261453 -0.0329773 0.0197461 
v -0.0260953 -0.0328386 0.0198565 
v -0.0261327 -0.0330053 0.0197694 
v -0.0260983 -0.0329448 0.0198381 
v -0.0260816 -0.0328604 0.0198827 
v -0.0261307 -0.0330106 0.019773 
v -0.0260951 -0.0329515 0.0198441 
v -0.0260639 -0.0328926 0.0199173 
v -0.0260682 -0.0328843 0.0199088 
v -0.0261242 -0.033031 0.019785 
v -0.0260843 -0.0329772 0.0198647 
v -0.0261182 -0.0330544 0.0197962 
v -0.0260738 -0.033006 0.0198848 
v -0.0260355 -0.0329562 0.0199748 
v -0.0260492 -0.0329235 0.0199468 
v -0.0260348 -0.0329577 0.0199761 
v -0.0261126 -0.0330812 0.0198065 
v -0.0260636 -0.0330385 0.0199045 
v -0.0260209 -0.0329959 0.0200055 
v -0.0261085 -0.0331057 0.0198141 
v -0.0260557 -0.0330679 0.01992 
v -0.0260098 -0.0330301 0.0200292 
v -0.0261028 -0.0331507 0.0198247 
v -0.0260437 -0.0331211 0.0199439 
v -0.025999 -0.0330696 0.0200534 
v -0.025993 -0.0330916 0.020067 
v -0.0260983 -0.0332028 0.0198329 
v -0.0260328 -0.0331821 0.019966 
v -0.0259775 -0.0331615 0.0201037 
v -0.0260954 -0.0332628 0.0198383 
v -0.0260234 -0.0332519 0.019986 
v -0.0259714 -0.0331967 0.0201194 
v -0.0259637 -0.0332411 0.0201392 
v -0.0260944 -0.0333316 0.0198402 
v -0.0260157 -0.0333316 0.0200032 
v -0.025952 -0.0333316 0.0201727 
v -0.0261388 -0.0329904 0.019758 
v -0.0263036 -0.0326868 0.0194902 
vn -0.879847 0 0.475257 
vn -0.879847 0 0.475257 
vn -0.872234 -0.0615652 0.485199 
vn -0.870217 -0.0645699 0.488419 
vn -0.861178 -0.122887 0.493226 
vn -0.879847 0 0.475257 
vn -0.876021 -0.0562266 0.478984 
vn -0.869401 -0.112274 0.481182 
vn -0.869111 -0.112607 0.481628 
vn -0.879847 0 0.475257 
vn -0.876528 -0.0555378 0.478136 
vn -0.870489 -0.110903 0.47953 
vn -0.879847 0 0.475257 
vn -0.87931 -0.0518481 0.473418 
vn -0.876407 -0.103557 0.470305 
vn -0.879847 0 0.475257 
vn -0.881706 -0.0487757 0.46927 
vn -0.881434 -0.0974335 0.462149 
vn -0.879847 0 0.475257 
vn -0.883876 -0.0460618 0.465448 
vn -0.88593 -0.0920206 0.4546 
vn -0.879847 0 0.475257 
vn -0.884743 -0.0449913 0.463902 
vn -0.887713 -0.0898846 0.451537 
vn -0.879847 0 0.475257 
vn -0.891728 -0.0850915 0.444501 
vn -0.886711 -0.0425901 0.460358 
vn -0.879847 0 0.475257 
vn -0.895546 -0.0805254 0.437622 
vn -0.888656 -0.0402453 0.456805 
vn -0.895654 -0.0804085 0.437422 
vn -0.8906 -0.0379222 0.453203 
vn -0.891454 -0.0369063 0.451605 
vn -0.879847 0 0.475257 
vn -0.899537 -0.075767 0.430224 
vn -0.893295 -0.0347221 0.448128 
vn -0.879847 0 0.475257 
vn -0.901229 -0.0737368 0.427025 
vn -0.895148 -0.0325232 0.44458 
vn -0.879847 0 0.475257 
vn -0.904846 -0.0693704 0.420049 
vn -0.879847 0 0.475257 
vn -0.897031 -0.0302835 0.440929 
vn -0.908451 -0.0649737 0.412911 
vn -0.879847 0 0.475257 
vn -0.897649 -0.029546 0.43972 
vn -0.913249 -0.0590196 0.403104 
vn -0.912071 -0.0604946 0.405546 
vn -0.879847 0 0.475257 
vn -0.899836 -0.0269186 0.435397 
vn -0.879847 0 0.475257 
vn -0.902067 -0.0242015 0.430917 
vn -0.921345 -0.0485623 0.385702 
vn -0.917384 -0.0537642 0.394356 
vn -0.92154 -0.0483293 0.385264 
vn -0.879847 0 0.475257 
vn -0.904357 -0.0213579 0.426242 
vn -0.925739 -0.042642 0.375752 
vn -0.879847 0 0.475257 
vn -0.906264 -0.0189342 0.422287 
vn -0.929182 -0.0377953 0.367686 
vn -0.879847 0 0.475257 
vn -0.909403 -0.0148029 0.415652 
vn -0.932698 -0.0323874 0.359202 
vn -0.934735 -0.029537 0.354116 
vn -0.879847 0 0.475257 
vn -0.91261 -0.0103416 0.4087 
vn -0.940254 -0.0206251 0.33985 
vn -0.879847 0 0.475257 
vn -0.915886 -0.00544809 0.401402 
vn -0.942622 -0.0162377 0.333466 
vn -0.945712 -0.0108592 0.324824 
vn -0.879847 0 0.475257 
vn -0.919218 -6.93889e-15 0.39375 
vn -0.951057 -1.38778e-14 0.309017 
vn -0.879847 0 0.475257 
vn -0.856728 -0.128853 0.499414 
f 1714//1714 1715//1715 1716//1716 
f 1717//1717 1716//1716 1718//1718 
f 1715//1715 1719//1719 1720//1720 
f 1716//1716 1720//1720 1721//1721 
f 1721//1721 1722//1722 1716//1716 
f 1719//1719 1723//1723 1724//1724 
f 1720//1720 1724//1724 1725//1725 
f 1723//1723 1726//1726 1727//1727 
f 1724//1724 1727//1727 1728//1728 
f 1726//1726 1729//1729 1730//1730 
f 1731//1731 1728//1728 1727//1727 
f 1729//1729 1732//1732 1733//1733 
f 1734//1734 1731//1731 1730//1730 
f 1732//1732 1735//1735 1736//1736 
f 1733//1733 1736//1736 1737//1737 
f 1736//1736 1735//1735 1738//1738 
f 1739//1739 1737//1737 1736//1736 
f 1740//1740 1738//1738 1741//1741 
f 1742//1742 1739//1739 1740//1740 
f 1743//1743 1744//1744 1742//1742 
f 1745//1745 1743//1743 1741//1741 
f 1744//1744 1743//1743 1745//1745 
f 1746//1746 1745//1745 1747//1747 
f 1748//1748 1745//1745 1746//1746 
f 1749//1749 1746//1746 1750//1750 
f 1751//1751 1746//1746 1749//1749 
f 1752//1752 1749//1749 1753//1753 
f 1754//1754 1749//1749 1752//1752 
f 1755//1755 1756//1756 1752//1752 
f 1757//1757 1752//1752 1756//1756 
f 1758//1758 1759//1759 1756//1756 
f 1759//1759 1760//1760 1761//1761 
f 1762//1762 1763//1763 1759//1759 
f 1760//1760 1759//1759 1763//1763 
f 1764//1764 1765//1765 1763//1763 
f 1765//1765 1766//1766 1767//1767 
f 1765//1765 1768//1768 1766//1766 
f 1769//1769 1770//1770 1765//1765 
f 1770//1770 1771//1771 1768//1768 
f 1772//1772 1773//1773 1770//1770 
f 1773//1773 1774//1774 1771//1771 
f 1775//1775 1776//1776 1773//1773 
f 1776//1776 1777//1777 1774//1774 
f 1776//1776 1778//1778 1777//1777 
f 1779//1779 1780//1780 1776//1776 
f 1780//1780 1781//1781 1778//1778 
f 1782//1782 1783//1783 1780//1780 
f 1783//1783 1784//1784 1781//1781 
f 1783//1783 1785//1785 1784//1784 
f 1786//1786 1787//1787 1783//1783 
f 1787//1787 1788//1788 1785//1785 
f 1785//1785 1783//1783 1787//1787 
f 1783//1783 1782//1782 1786//1786 
f 1781//1781 1780//1780 1783//1783 
f 1780//1780 1779//1779 1782//1782 
f 1778//1778 1776//1776 1780//1780 
f 1776//1776 1775//1775 1779//1779 
f 1774//1774 1773//1773 1776//1776 
f 1773//1773 1772//1772 1775//1775 
f 1771//1771 1770//1770 1773//1773 
f 1770//1770 1769//1769 1772//1772 
f 1768//1768 1765//1765 1770//1770 
f 1765//1765 1764//1764 1769//1769 
f 1767//1767 1763//1763 1765//1765 
f 1763//1763 1762//1762 1764//1764 
f 1763//1763 1767//1767 1760//1760 
f 1759//1759 1758//1758 1762//1762 
f 1761//1761 1756//1756 1759//1759 
f 1756//1756 1755//1755 1758//1758 
f 1756//1756 1761//1761 1757//1757 
f 1752//1752 1789//1789 1755//1755 
f 1752//1752 1757//1757 1754//1754 
f 1753//1753 1789//1789 1752//1752 
f 1749//1749 1754//1754 1751//1751 
f 1750//1750 1753//1753 1749//1749 
f 1746//1746 1751//1751 1748//1748 
f 1747//1747 1750//1750 1746//1746 
f 1745//1745 1748//1748 1744//1744 
f 1741//1741 1747//1747 1745//1745 
f 1740//1740 1743//1743 1742//1742 
f 1741//1741 1743//1743 1740//1740 
f 1736//1736 1740//1740 1739//1739 
f 1738//1738 1740//1740 1736//1736 
f 1737//1737 1734//1734 1733//1733 
f 1736//1736 1733//1733 1732//1732 
f 1730//1730 1733//1733 1734//1734 
f 1733//1733 1730//1730 1729//1729 
f 1727//1727 1730//1730 1731//1731 
f 1730//1730 1727//1727 1726//1726 
f 1728//1728 1725//1725 1724//1724 
f 1727//1727 1724//1724 1723//1723 
f 1725//1725 1721//1721 1720//1720 
f 1724//1724 1720//1720 1719//1719 
f 1722//1722 1718//1718 1716//1716 
f 1720//1720 1716//1716 1715//1715 
f 1718//1718 1790//1790 1717//1717 
f 1716//1716 1717//1717 1714//1714 
v -0.0258509 -0.0327464 0.0204837 
v -0.0258949 -0.0326832 0.0203571 
v -0.025939 -0.0329998 0.0202198 
v -0.0259441 -0.0326201 0.0202324 
v -0.0259807 -0.0329354 0.0201125 
v -0.0259984 -0.0325572 0.0201097 
v -0.0260265 -0.0328711 0.0200067 
v -0.0260577 -0.0324945 0.0199892 
v -0.0260763 -0.032807 0.0199027 
v -0.0261219 -0.0324321 0.0198711 
v -0.0261301 -0.0327432 0.0198004 
v -0.026191 -0.0323702 0.0197556 
v -0.0261877 -0.0326798 0.0197001 
v -0.0262648 -0.0323088 0.0196427 
v -0.0262492 -0.0326167 0.0196017 
v -0.0263433 -0.032248 0.0195327 
v -0.0263144 -0.0325542 0.0195056 
v -0.0257778 -0.0321791 0.0207089 
v -0.0258321 -0.0321182 0.0205542 
v -0.0258935 -0.0320575 0.0204021 
v -0.0259621 -0.031997 0.020253 
v -0.0260375 -0.0319368 0.0201071 
v -0.0261197 -0.0318771 0.0199647 
v -0.0262086 -0.031818 0.0198261 
v -0.0263039 -0.0317596 0.0196915 
v -0.0264054 -0.031702 0.0195613 
v -0.0263506 -0.0321836 0.0195361 
v -0.0257061 -0.0314726 0.0209294 
v -0.0257721 -0.0314153 0.0207434 
v -0.0258479 -0.0313582 0.0205612 
v -0.0259335 -0.0313013 0.0203832 
v -0.0260284 -0.031245 0.0202099 
v -0.0261326 -0.0311892 0.0200417 
v -0.0262456 -0.0311341 0.0198792 
v -0.0263673 -0.03108 0.0197227 
v -0.0264467 -0.0313988 0.0195664 
v -0.0264973 -0.0310269 0.0195726 
v -0.0256843 -0.0312197 0.0209965 
v -0.0257543 -0.0311639 0.0208 
v -0.0258352 -0.0311083 0.0206076 
v -0.0259267 -0.031053 0.02042 
v -0.0260286 -0.0309982 0.0202377 
v -0.0261405 -0.030944 0.0200612 
v -0.0262622 -0.0308907 0.019891 
v -0.0263934 -0.0308383 0.0197277 
v -0.0265335 -0.030787 0.0195716 
v -0.0255913 -0.0298187 0.0212829 
v -0.0256823 -0.0297739 0.0210323 
v -0.0257903 -0.0297293 0.0207885 
v -0.0259148 -0.0296852 0.0205526 
v -0.0260551 -0.0296416 0.0203256 
v -0.0262108 -0.0295988 0.0201087 
v -0.0263809 -0.0295571 0.0199028 
v -0.0265649 -0.0295165 0.0197089 
v -0.0266897 -0.0298908 0.0195416 
v -0.0265795 -0.0305233 0.0195628 
v -0.0267415 -0.0295934 0.0195317 
v -0.0267618 -0.0294773 0.0195278 
v -0.0255321 -0.028274 0.0214651 
v -0.0256451 -0.0282474 0.0211602 
v -0.0257827 -0.0282209 0.0208657 
v -0.0259439 -0.0281948 0.0205833 
v -0.0261276 -0.0281692 0.020315 
v -0.0263327 -0.0281443 0.0200626 
v -0.0265578 -0.0281203 0.0198278 
v -0.0268013 -0.0280973 0.019612 
v -0.0269436 -0.0286275 0.0194605 
v -0.0270617 -0.0280754 0.0194168 
v -0.0269801 -0.0284566 0.019447 
v -0.0255118 -0.0266619 0.0215276 
v -0.0256469 -0.0266619 0.0211706 
v -0.0258154 -0.0266619 0.0208281 
v -0.0260159 -0.0266619 0.0205033 
v -0.0262463 -0.0266619 0.020199 
v -0.0265047 -0.0266619 0.0199181 
v -0.0267888 -0.0266619 0.0196631 
v -0.0270958 -0.0266619 0.0194364 
v -0.0273317 -0.0270192 0.0192846 
v -0.0271706 -0.0276494 0.0193635 
v -0.027423 -0.0266619 0.0192399 
v -0.0262824 -0.0326929 0.0195253 
v -0.0263036 -0.0326868 0.0194902 
v -0.0262394 -0.0327096 0.0195979 
v -0.0262129 -0.0327235 0.0196434 
v -0.0262444 -0.0327074 0.0195894 
v -0.0262457 -0.0327068 0.0195871 
v -0.0261642 -0.0327586 0.0197294 
v -0.0261717 -0.0327523 0.0197159 
v -0.0261909 -0.0327376 0.0196818 
v -0.0261475 -0.0327742 0.0197595 
v -0.0261159 -0.0328098 0.0198175 
v -0.0261093 -0.0328186 0.01983 
v -0.0261315 -0.0327912 0.0197888 
v -0.0260953 -0.0328386 0.0198565 
v -0.0261319 -0.0327907 0.019788 
v -0.0260816 -0.0328604 0.0198827 
v -0.0260682 -0.0328843 0.0199088 
v -0.0260639 -0.0328926 0.0199173 
v -0.0260492 -0.0329235 0.0199468 
v -0.0260348 -0.0329577 0.0199761 
v -0.0260209 -0.0329959 0.0200055 
v -0.0260355 -0.0329562 0.0199748 
v -0.0260098 -0.0330301 0.0200292 
v -0.025993 -0.0330916 0.020067 
v -0.0259775 -0.0331615 0.0201037 
v -0.025999 -0.0330696 0.0200534 
v -0.0259013 -0.0330643 0.0203287 
v -0.0259714 -0.0331967 0.0201194 
v -0.0259637 -0.0332411 0.0201392 
v -0.025952 -0.0333316 0.0201727 
vn -0.951057 0 0.309017 
vn -0.940052 -0.0158033 0.340666 
vn -0.941645 -0.0161235 0.33622 
vn -0.927757 -0.0315848 0.371847 
vn -0.931209 -0.0322294 0.363057 
vn -0.914188 -0.047323 0.402518 
vn -0.91976 -0.0483002 0.389499 
vn -0.899365 -0.0629963 0.432636 
vn -0.907309 -0.0643184 0.415516 
vn -0.883308 -0.0785831 0.46216 
vn -0.89387 -0.0802666 0.441082 
vn -0.866038 -0.094062 0.491051 
vn -0.879459 -0.0961275 0.466167 
vn -0.847579 -0.109412 0.519267 
vn -0.86409 -0.111884 0.490745 
vn -0.827958 -0.124612 0.546771 
vn -0.84778 -0.127518 0.514789 
vn -0.951057 0 0.309017 
vn -0.937481 -0.0152128 0.347703 
vn -0.922113 -0.0303965 0.385725 
vn -0.904982 -0.045522 0.423008 
vn -0.886119 -0.0605605 0.459483 
vn -0.865563 -0.0754832 0.495079 
vn -0.843351 -0.0902616 0.529729 
vn -0.819526 -0.104867 0.563365 
vn -0.794134 -0.119272 0.595924 
vn -0.823732 -0.124157 0.553218 
vn -0.951057 0 0.309017 
vn -0.93456 -0.0143224 0.355516 
vn -0.915597 -0.0286071 0.401078 
vn -0.894218 -0.0428162 0.44558 
vn -0.870478 -0.0569123 0.488906 
vn -0.84444 -0.0708582 0.530942 
vn -0.816174 -0.084617 0.571577 
vn -0.785753 -0.0981525 0.610703 
vn -0.775232 -0.116238 0.620889 
vn -0.753259 -0.111429 0.648217 
vn -0.951057 0 0.309017 
vn -0.933562 -0.0139466 0.358144 
vn -0.913347 -0.0278525 0.406228 
vn -0.890471 -0.0416773 0.453128 
vn -0.864999 -0.0553806 0.498707 
vn -0.837007 -0.0689226 0.542834 
vn -0.806576 -0.0822637 0.585378 
vn -0.773795 -0.095365 0.626216 
vn -0.738759 -0.108189 0.66523 
vn -0.951057 0 0.309017 
vn -0.928298 -0.0111989 0.371669 
vn -0.901298 -0.0223466 0.432622 
vn -0.870181 -0.0333922 0.4916 
vn -0.835088 -0.0442853 0.548331 
vn -0.79618 -0.054976 0.602557 
vn -0.753635 -0.0654156 0.65403 
vn -0.707646 -0.0755563 0.702516 
vn -0.68257 -0.0939726 0.724753 
vn -0.721693 -0.104702 0.684248 
vn -0.665089 -0.0878924 0.741574 
vn -0.658425 -0.0853519 0.747792 
vn -0.951057 0 0.309017 
vn -0.922801 -0.00666303 0.385219 
vn -0.888409 -0.0132817 0.45886 
vn -0.84811 -0.0198121 0.529449 
vn -0.802172 -0.0262108 0.596518 
vn -0.750899 -0.0324352 0.65962 
vn -0.694633 -0.0384439 0.718336 
vn -0.633748 -0.0441969 0.772276 
vn -0.602567 -0.0654976 0.795376 
vn -0.568649 -0.0496561 0.82108 
vn -0.591857 -0.0608278 0.803745 
vn -0.951057 0 0.309017 
vn -0.917273 0 0.398259 
vn -0.875137 8.67362e-16 0.483875 
vn -0.825033 8.67362e-16 0.565085 
vn -0.767416 8.67362e-16 0.641149 
vn -0.702812 8.67362e-16 0.711375 
vn -0.631808 1.73472e-15 0.775125 
vn -0.555052 1.73472e-15 0.831816 
vn -0.496077 -0.0139788 0.868166 
vn -0.538518 -0.0363333 0.84183 
vn -0.473241 1.73472e-15 0.880933 
vn -0.861178 -0.122887 0.493226 
vn -0.856728 -0.128853 0.499414 
vn -0.870489 -0.110903 0.47953 
vn -0.876407 -0.103557 0.470305 
vn -0.869401 -0.112274 0.481182 
vn -0.869112 -0.112647 0.481617 
vn -0.887713 -0.0898846 0.451537 
vn -0.88593 -0.0920206 0.4546 
vn -0.881434 -0.0974335 0.462149 
vn -0.891728 -0.0850915 0.444501 
vn -0.899537 -0.075767 0.430224 
vn -0.901229 -0.0737368 0.427025 
vn -0.895654 -0.0804085 0.437422 
vn -0.904846 -0.0693704 0.420049 
vn -0.895548 -0.0805366 0.437616 
vn -0.908451 -0.0649737 0.412911 
vn -0.912071 -0.0604946 0.405546 
vn -0.913249 -0.0590196 0.403104 
vn -0.917384 -0.0537642 0.394356 
vn -0.92154 -0.0483293 0.385264 
vn -0.925739 -0.042642 0.375752 
vn -0.921352 -0.0485803 0.385682 
vn -0.929182 -0.0377953 0.367686 
vn -0.934735 -0.029537 0.354116 
vn -0.940254 -0.0206251 0.33985 
vn -0.932781 -0.0325221 0.358974 
vn -0.951057 0 0.309017 
vn -0.942728 -0.016339 0.333162 
vn -0.945712 -0.0108592 0.324824 
vn -0.951057 1.40295e-15 0.309017 
f 1791//1791 1792//1792 1793//1793 
f 1794//1794 1795//1795 1793//1793 
f 1796//1796 1797//1797 1795//1795 
f 1798//1798 1799//1799 1797//1797 
f 1800//1800 1801//1801 1799//1799 
f 1802//1802 1803//1803 1801//1801 
f 1804//1804 1805//1805 1803//1803 
f 1804//1804 1806//1806 1807//1807 
f 1808//1808 1809//1809 1792//1792 
f 1810//1810 1794//1794 1792//1792 
f 1811//1811 1796//1796 1794//1794 
f 1812//1812 1798//1798 1796//1796 
f 1813//1813 1800//1800 1798//1798 
f 1814//1814 1802//1802 1800//1800 
f 1815//1815 1804//1804 1802//1802 
f 1815//1815 1816//1816 1817//1817 
f 1817//1817 1804//1804 1815//1815 
f 1818//1818 1819//1819 1809//1809 
f 1820//1820 1810//1810 1809//1809 
f 1821//1821 1811//1811 1810//1810 
f 1822//1822 1812//1812 1811//1811 
f 1823//1823 1813//1813 1812//1812 
f 1824//1824 1814//1814 1813//1813 
f 1825//1825 1815//1815 1814//1814 
f 1815//1815 1825//1825 1826//1826 
f 1825//1825 1827//1827 1826//1826 
f 1828//1828 1829//1829 1819//1819 
f 1830//1830 1820//1820 1819//1819 
f 1831//1831 1821//1821 1820//1820 
f 1832//1832 1822//1822 1821//1821 
f 1833//1833 1823//1823 1822//1822 
f 1834//1834 1824//1824 1823//1823 
f 1835//1835 1825//1825 1824//1824 
f 1835//1835 1836//1836 1827//1827 
f 1837//1837 1838//1838 1829//1829 
f 1839//1839 1830//1830 1829//1829 
f 1840//1840 1831//1831 1830//1830 
f 1841//1841 1832//1832 1831//1831 
f 1842//1842 1833//1833 1832//1832 
f 1843//1843 1834//1834 1833//1833 
f 1844//1844 1835//1835 1834//1834 
f 1844//1844 1845//1845 1846//1846 
f 1844//1844 1847//1847 1845//1845 
f 1844//1844 1848//1848 1847//1847 
f 1846//1846 1835//1835 1844//1844 
f 1849//1849 1850//1850 1838//1838 
f 1851//1851 1839//1839 1838//1838 
f 1852//1852 1840//1840 1839//1839 
f 1853//1853 1841//1841 1840//1840 
f 1854//1854 1842//1842 1841//1841 
f 1855//1855 1843//1843 1842//1842 
f 1856//1856 1844//1844 1843//1843 
f 1844//1844 1856//1856 1857//1857 
f 1856//1856 1858//1858 1859//1859 
f 1859//1859 1857//1857 1856//1856 
f 1860//1860 1861//1861 1850//1850 
f 1861//1861 1862//1862 1851//1851 
f 1862//1862 1863//1863 1852//1852 
f 1863//1863 1864//1864 1853//1853 
f 1864//1864 1865//1865 1854//1854 
f 1865//1865 1866//1866 1855//1855 
f 1866//1866 1867//1867 1856//1856 
f 1867//1867 1868//1868 1869//1869 
f 1869//1869 1856//1856 1867//1867 
f 1867//1867 1870//1870 1868//1868 
f 1805//1805 1807//1807 1871//1871 
f 1807//1807 1872//1872 1871//1871 
f 1805//1805 1873//1873 1874//1874 
f 1805//1805 1875//1875 1873//1873 
f 1805//1805 1876//1876 1875//1875 
f 1874//1874 1803//1803 1805//1805 
f 1801//1801 1803//1803 1877//1877 
f 1803//1803 1878//1878 1877//1877 
f 1803//1803 1879//1879 1878//1878 
f 1877//1877 1880//1880 1801//1801 
f 1801//1801 1881//1881 1882//1882 
f 1882//1882 1799//1799 1801//1801 
f 1801//1801 1883//1883 1881//1881 
f 1882//1882 1884//1884 1799//1799 
f 1801//1801 1885//1885 1883//1883 
f 1799//1799 1886//1886 1887//1887 
f 1887//1887 1797//1797 1799//1799 
f 1887//1887 1888//1888 1797//1797 
f 1888//1888 1889//1889 1797//1797 
f 1795//1795 1797//1797 1890//1890 
f 1890//1890 1891//1891 1795//1795 
f 1797//1797 1892//1892 1890//1890 
f 1891//1891 1893//1893 1795//1795 
f 1793//1793 1894//1894 1895//1895 
f 1793//1793 1795//1795 1896//1896 
f 1896//1896 1894//1894 1793//1793 
f 1897//1897 1793//1793 1898//1898 
f 1898//1898 1899//1899 1897//1897 
f 1899//1899 1900//1900 1897//1897 
f 1895//1895 1898//1898 1793//1793 
f 1893//1893 1896//1896 1795//1795 
f 1889//1889 1892//1892 1797//1797 
f 1884//1884 1886//1886 1799//1799 
f 1880//1880 1885//1885 1801//1801 
f 1874//1874 1879//1879 1803//1803 
f 1871//1871 1876//1876 1805//1805 
f 1869//1869 1858//1858 1856//1856 
f 1856//1856 1855//1855 1866//1866 
f 1855//1855 1854//1854 1865//1865 
f 1854//1854 1853//1853 1864//1864 
f 1853//1853 1852//1852 1863//1863 
f 1852//1852 1851//1851 1862//1862 
f 1851//1851 1850//1850 1861//1861 
f 1850//1850 1849//1849 1860//1860 
f 1857//1857 1848//1848 1844//1844 
f 1843//1843 1855//1855 1856//1856 
f 1842//1842 1854//1854 1855//1855 
f 1841//1841 1853//1853 1854//1854 
f 1840//1840 1852//1852 1853//1853 
f 1839//1839 1851//1851 1852//1852 
f 1838//1838 1850//1850 1851//1851 
f 1838//1838 1837//1837 1849//1849 
f 1846//1846 1836//1836 1835//1835 
f 1834//1834 1843//1843 1844//1844 
f 1833//1833 1842//1842 1843//1843 
f 1832//1832 1841//1841 1842//1842 
f 1831//1831 1840//1840 1841//1841 
f 1830//1830 1839//1839 1840//1840 
f 1829//1829 1838//1838 1839//1839 
f 1829//1829 1828//1828 1837//1837 
f 1827//1827 1825//1825 1835//1835 
f 1824//1824 1834//1834 1835//1835 
f 1823//1823 1833//1833 1834//1834 
f 1822//1822 1832//1832 1833//1833 
f 1821//1821 1831//1831 1832//1832 
f 1820//1820 1830//1830 1831//1831 
f 1819//1819 1829//1829 1830//1830 
f 1819//1819 1818//1818 1828//1828 
f 1826//1826 1816//1816 1815//1815 
f 1814//1814 1824//1824 1825//1825 
f 1813//1813 1823//1823 1824//1824 
f 1812//1812 1822//1822 1823//1823 
f 1811//1811 1821//1821 1822//1822 
f 1810//1810 1820//1820 1821//1821 
f 1809//1809 1819//1819 1820//1820 
f 1809//1809 1808//1808 1818//1818 
f 1817//1817 1806//1806 1804//1804 
f 1802//1802 1814//1814 1815//1815 
f 1800//1800 1813//1813 1814//1814 
f 1798//1798 1812//1812 1813//1813 
f 1796//1796 1811//1811 1812//1812 
f 1794//1794 1810//1810 1811//1811 
f 1792//1792 1809//1809 1810//1810 
f 1792//1792 1791//1791 1808//1808 
f 1807//1807 1805//1805 1804//1804 
f 1803//1803 1802//1802 1804//1804 
f 1801//1801 1800//1800 1802//1802 
f 1799//1799 1798//1798 1800//1800 
f 1797//1797 1796//1796 1798//1798 
f 1795//1795 1794//1794 1796//1796 
f 1793//1793 1792//1792 1794//1794 
f 1793//1793 1897//1897 1791//1791 
v -0.0260157 -0.0333316 0.0200032 
v -0.0260944 -0.0333316 0.0198402 
v -0.0260944 -0.0397277 0.0198402 
v -0.025952 -0.0333316 0.0201727 
v -0.0260157 -0.0397277 0.0200032 
v -0.025952 -0.0397277 0.0201727 
vn -0.919218 -5.62858e-17 0.39375 
vn -0.879847 0 0.475257 
vn -0.879847 0 0.475257 
vn -0.951057 0 0.309017 
vn -0.919218 -5.62858e-17 0.39375 
vn -0.951057 0 0.309017 
f 1901//1901 1902//1902 1903//1903 
f 1904//1904 1901//1901 1905//1905 
f 1905//1905 1906//1906 1904//1904 
f 1903//1903 1905//1905 1901//1901 
v -0.0270958 0.0266619 0.0194364 
v -0.027423 0.0266619 0.0192399 
v -0.027423 -0.0266619 0.0192399 
v -0.0267888 0.0266619 0.0196631 
v -0.0270958 -0.0266619 0.0194364 
v -0.0265047 0.0266619 0.0199181 
v -0.0267888 -0.0266619 0.0196631 
v -0.0262463 0.0266619 0.020199 
v -0.0265047 -0.0266619 0.0199181 
v -0.0260159 0.0266619 0.0205033 
v -0.0262463 -0.0266619 0.020199 
v -0.0258154 0.0266619 0.0208281 
v -0.0260159 -0.0266619 0.0205033 
v -0.0256469 0.0266619 0.0211706 
v -0.0258154 -0.0266619 0.0208281 
v -0.0255118 0.0266619 0.0215276 
v -0.0256469 -0.0266619 0.0211706 
v -0.0255118 -0.0266619 0.0215276 
vn -0.555052 -3.39871e-17 0.831816 
vn -0.473241 0 0.880933 
vn -0.473241 0 0.880933 
vn -0.631808 -3.86871e-17 0.775125 
vn -0.555052 -3.39871e-17 0.831816 
vn -0.702812 -4.30348e-17 0.711375 
vn -0.631808 -3.86871e-17 0.775125 
vn -0.767416 -4.69907e-17 0.641149 
vn -0.702812 -4.30348e-17 0.711375 
vn -0.825033 -5.05187e-17 0.565085 
vn -0.767416 -4.69907e-17 0.641149 
vn -0.875137 -5.35867e-17 0.483875 
vn -0.825033 -5.05187e-17 0.565085 
vn -0.917273 -5.61668e-17 0.398259 
vn -0.875137 -5.35867e-17 0.483875 
vn -0.951057 0 0.309017 
vn -0.917273 -5.61668e-17 0.398259 
vn -0.951057 0 0.309017 
f 1907//1907 1908//1908 1909//1909 
f 1910//1910 1907//1907 1911//1911 
f 1912//1912 1910//1910 1913//1913 
f 1914//1914 1912//1912 1915//1915 
f 1916//1916 1914//1914 1917//1917 
f 1918//1918 1916//1916 1919//1919 
f 1920//1920 1918//1918 1921//1921 
f 1922//1922 1920//1920 1923//1923 
f 1923//1923 1924//1924 1922//1922 
f 1921//1921 1923//1923 1920//1920 
f 1919//1919 1921//1921 1918//1918 
f 1917//1917 1919//1919 1916//1916 
f 1915//1915 1917//1917 1914//1914 
f 1913//1913 1915//1915 1912//1912 
f 1911//1911 1913//1913 1910//1910 
f 1909//1909 1911//1911 1907//1907 
v -0.0299822 0.0223041 0.0178651 
v -0.0289683 0.0237743 0.0184098 
v -0.029094 0.0238793 0.018333 
v -0.0302136 0.0225456 0.0177015 
v -0.0301025 0.0224254 0.0177906 
v -0.0303144 0.0226638 0.0175984 
v -0.0292109 0.0239835 0.0182423 
v -0.0304041 0.0227787 0.0174824 
v -0.0293182 0.024086 0.0181386 
v -0.030482 0.0228896 0.0173544 
v -0.0294148 0.024186 0.0180227 
v -0.0305472 0.0229954 0.0172156 
v -0.0295 0.0242825 0.0178956 
v -0.029573 0.0243749 0.0177582 
v -0.0296375 0.0244662 0.0176093 
v -0.0303635 0.023424 0.0172002 
v -0.0305286 0.0231869 0.0171071 
v -0.028069 0.0253379 0.0188929 
v -0.0281989 0.0254283 0.0188142 
v -0.0283204 0.025518 0.0187225 
v -0.0284325 0.0256063 0.0186183 
v -0.0285344 0.0256925 0.0185025 
v -0.0286253 0.0257759 0.018376 
v -0.0287044 0.0258559 0.0182398 
v -0.0292149 0.0251806 0.0178463 
v -0.0287809 0.0259392 0.0180893 
v -0.0295593 0.0245786 0.0176534 
v -0.0274107 0.0270661 0.019238 
v -0.0275357 0.0271423 0.0191453 
v -0.0276517 0.0272173 0.0190408 
v -0.0277578 0.0272907 0.0189251 
v -0.0278531 0.0273617 0.0187991 
v -0.0279371 0.02743 0.0186638 
v -0.0280513 0.0274511 0.0184963 
v -0.0286128 0.0262332 0.0181835 
v -0.0280262 0.0275055 0.0185103 
v -0.0269969 0.0284667 0.0194357 
v -0.0271153 0.0285319 0.0193308 
v -0.027224 0.0285957 0.0192152 
v -0.0273222 0.0286575 0.0190895 
v -0.0274091 0.028717 0.0189548 
v -0.0275019 0.0287821 0.0188019 
v -0.0277368 0.0281333 0.0186716 
v -0.02676 0.029927 0.0194671 
v -0.0268605 0.0299802 0.0193417 
v -0.0269499 0.0300314 0.0192074 
v -0.0270313 0.0300819 0.0190631 
v -0.030603 0.0230993 0.0170649 
v -0.031445 0.0221073 0.0165866 
v -0.0315863 0.0217791 0.0166334 
v -0.0316282 0.0218914 0.0164825 
v -0.0315306 0.0216594 0.0167741 
v -0.0315862 0.0217789 0.0166336 
v -0.0314619 0.0215336 0.0169032 
v -0.0313808 0.0214027 0.0170193 
v -0.0312879 0.0212679 0.0171215 
v -0.0311843 0.0211307 0.0172088 
v -0.0311843 0.0211307 0.0172088 
v -0.027423 0.0266619 0.0192399 
v -0.0270617 0.0280754 0.0194168 
v -0.0271706 0.0276494 0.0193635 
v -0.0269436 0.0286275 0.0194605 
v -0.0267618 0.0294773 0.0195278 
v -0.0267415 0.0295934 0.0195317 
v -0.0265795 0.0305233 0.0195628 
v -0.0265335 0.030787 0.0195716 
v -0.0264973 0.0310269 0.0195726 
v -0.0264467 0.0313988 0.0195664 
v -0.0264054 0.031702 0.0195613 
v -0.0263506 0.0321836 0.0195361 
v -0.0264032 0.0323396 0.0194105 
v -0.0269941 0.0301861 0.0190837 
v -0.0263433 0.032248 0.0195327 
v -0.0263099 0.03269 0.0194785 
v -0.0263144 0.0325542 0.0195056 
v -0.0263036 0.0326868 0.0194902 
v -0.0263165 0.0326917 0.0194665 
v -0.0263229 0.0326921 0.0194549 
v -0.0269959 0.0301796 0.0190827 
v -0.0266897 0.0298908 0.0195416 
v -0.0269801 0.0284566 0.019447 
v -0.0273317 0.0270192 0.0192846 
v -0.0310708 0.0209921 0.0172803 
v -0.0313807 0.0214026 0.0170194 
v -0.0315306 0.0216593 0.0167743 
vn -0.473241 0 0.880933 
vn -0.473241 0 0.880933 
vn -0.536107 0.05253 0.842514 
vn -0.588934 0.120744 0.799111 
vn -0.533403 0.060635 0.843685 
vn -0.63935 0.179804 0.747597 
vn -0.594584 0.10463 0.797197 
vn -0.684215 0.237302 0.689592 
vn -0.648192 0.155873 0.745352 
vn -0.723138 0.29274 0.625599 
vn -0.696494 0.20584 0.687405 
vn -0.755782 0.345636 0.556174 
vn -0.739093 0.254122 0.62383 
vn -0.77564 0.300323 0.555148 
vn -0.805837 0.344065 0.481919 
vn -0.789488 0.385099 0.477919 
vn -0.783743 0.391793 0.481919 
vn -0.473241 0 0.880933 
vn -0.538177 0.0452004 0.841619 
vn -0.598912 0.090048 0.795736 
vn -0.654973 0.134193 0.743642 
vn -0.705921 0.17729 0.685743 
vn -0.75136 0.219004 0.622492 
vn -0.790933 0.259008 0.554382 
vn -0.818275 0.324499 0.474475 
vn -0.824333 0.29699 0.481945 
vn -0.807534 0.340062 0.481919 
vn -0.539796 0.0383785 0.84092 
vn -0.602301 0.076469 0.794598 
vn -0.660286 0.113986 0.742313 
vn -0.713317 0.150647 0.684459 
vn -0.760996 0.186178 0.621468 
vn -0.802964 0.220312 0.553815 
vn -0.842095 0.257787 0.473732 
vn -0.827486 0.288067 0.481958 
vn -0.838908 0.252793 0.482005 
vn -0.604433 0.0664467 0.79388 
vn -0.663631 0.0990621 0.741472 
vn -0.717973 0.130953 0.683641 
vn -0.767065 0.161886 0.62081 
vn -0.810545 0.191635 0.553437 
vn -0.848097 0.219982 0.482017 
vn -0.843757 0.236082 0.482017 
vn -0.721754 0.112394 0.682963 
vn -0.771992 0.138975 0.620254 
vn -0.8167 0.164561 0.553101 
vn -0.855558 0.188968 0.481987 
vn -0.781863 0.395531 0.481919 
vn -0.758992 0.442426 0.477694 
vn -0.731306 0.393156 0.557334 
vn -0.752334 0.449165 0.481917 
vn -0.703441 0.333377 0.627719 
vn -0.731266 0.393063 0.557451 
vn -0.669032 0.270496 0.692263 
vn -0.6284 0.205098 0.750365 
vn -0.581923 0.137791 0.801486 
vn -0.530042 0.0692124 0.845142 
vn -0.530032 0.0692008 0.845149 
vn -0.473241 0 0.880933 
vn -0.568649 0.0496561 0.82108 
vn -0.540268 0.0361357 0.840717 
vn -0.604659 0.0652969 0.793804 
vn -0.658425 0.0853519 0.747792 
vn -0.665831 0.0878483 0.740913 
vn -0.723182 0.10452 0.682703 
vn -0.738759 0.108189 0.66523 
vn -0.753259 0.111429 0.648217 
vn -0.776139 0.116155 0.619771 
vn -0.794134 0.119272 0.595924 
vn -0.824106 0.124104 0.552673 
vn -0.864939 0.140126 0.481919 
vn -0.856145 0.186589 0.481871 
vn -0.827958 0.124612 0.546771 
vn -0.859937 0.130243 0.493503 
vn -0.84778 0.127518 0.514789 
vn -0.856728 0.128853 0.499414 
vn -0.863093 0.131652 0.487583 
vn -0.866061 0.133015 0.481919 
vn -0.856058 0.186699 0.481983 
vn -0.684559 0.0938187 0.722895 
vn -0.593595 0.0606763 0.802473 
vn -0.497689 0.013861 0.867245 
vn -0.473241 0 0.880933 
vn -0.628378 0.205064 0.750393 
vn -0.703402 0.333302 0.627802 
f 1925//1925 1926//1926 1927//1927 
f 1928//1928 1929//1929 1927//1927 
f 1930//1930 1928//1928 1931//1931 
f 1932//1932 1930//1930 1933//1933 
f 1934//1934 1932//1932 1935//1935 
f 1936//1936 1934//1934 1937//1937 
f 1938//1938 1939//1939 1940//1940 
f 1940//1940 1936//1936 1938//1938 
f 1940//1940 1941//1941 1936//1936 
f 1926//1926 1942//1942 1943//1943 
f 1931//1931 1927//1927 1943//1943 
f 1933//1933 1931//1931 1944//1944 
f 1935//1935 1933//1933 1945//1945 
f 1937//1937 1935//1935 1946//1946 
f 1938//1938 1937//1937 1947//1947 
f 1938//1938 1948//1948 1949//1949 
f 1948//1948 1950//1950 1949//1949 
f 1949//1949 1951//1951 1938//1938 
f 1944//1944 1943//1943 1952//1952 
f 1945//1945 1944//1944 1953//1953 
f 1946//1946 1945//1945 1954//1954 
f 1947//1947 1946//1946 1955//1955 
f 1948//1948 1947//1947 1956//1956 
f 1957//1957 1958//1958 1959//1959 
f 1957//1957 1960//1960 1958//1958 
f 1959//1959 1948//1948 1957//1957 
f 1954//1954 1953//1953 1961//1961 
f 1955//1955 1954//1954 1962//1962 
f 1956//1956 1955//1955 1963//1963 
f 1957//1957 1956//1956 1964//1964 
f 1965//1965 1966//1966 1967//1967 
f 1967//1967 1957//1957 1965//1965 
f 1964//1964 1963//1963 1968//1968 
f 1965//1965 1964//1964 1969//1969 
f 1965//1965 1970//1970 1971//1971 
f 1936//1936 1972//1972 1973//1973 
f 1973//1973 1974//1974 1936//1936 
f 1973//1973 1975//1975 1974//1974 
f 1976//1976 1934//1934 1936//1936 
f 1936//1936 1977//1977 1976//1976 
f 1978//1978 1932//1932 1934//1934 
f 1979//1979 1930//1930 1932//1932 
f 1932//1932 1978//1978 1979//1979 
f 1980//1980 1928//1928 1930//1930 
f 1981//1981 1929//1929 1928//1928 
f 1929//1929 1981//1981 1982//1982 
f 1982//1982 1925//1925 1929//1929 
f 1943//1943 1942//1942 1983//1983 
f 1983//1983 1952//1952 1943//1943 
f 1961//1961 1953//1953 1984//1984 
f 1953//1953 1952//1952 1985//1985 
f 1985//1985 1984//1984 1953//1953 
f 1962//1962 1961//1961 1986//1986 
f 1986//1986 1987//1987 1962//1962 
f 1963//1963 1962//1962 1988//1988 
f 1988//1988 1968//1968 1963//1963 
f 1969//1969 1968//1968 1989//1989 
f 1989//1989 1990//1990 1969//1969 
f 1990//1990 1991//1991 1969//1969 
f 1970//1970 1969//1969 1992//1992 
f 1992//1992 1993//1993 1970//1970 
f 1994//1994 1995//1995 1996//1996 
f 1996//1996 1970//1970 1994//1994 
f 1994//1994 1997//1997 1995//1995 
f 1998//1998 1995//1995 1999//1999 
f 1999//1999 2000//2000 1998//1998 
f 1998//1998 2001//2001 1995//1995 
f 1995//1995 1997//1997 1999//1999 
f 2001//2001 2002//2002 1995//1995 
f 1996//1996 2003//2003 1970//1970 
f 2003//2003 1971//1971 1970//1970 
f 1993//1993 1994//1994 1970//1970 
f 1991//1991 1992//1992 1969//1969 
f 1989//1989 1968//1968 2004//2004 
f 1988//1988 2004//2004 1968//1968 
f 1987//1987 1988//1988 1962//1962 
f 1986//1986 1961//1961 2005//2005 
f 1984//1984 2005//2005 1961//1961 
f 1985//1985 1952//1952 2006//2006 
f 1983//1983 2006//2006 1952//1952 
f 1982//1982 2007//2007 1925//1925 
f 1928//1928 1980//1980 1981//1981 
f 1930//1930 2008//2008 1980//1980 
f 1979//1979 2008//2008 1930//1930 
f 1934//1934 2009//2009 1978//1978 
f 1976//1976 2009//2009 1934//1934 
f 1974//1974 1977//1977 1936//1936 
f 1971//1971 1966//1966 1965//1965 
f 1969//1969 1970//1970 1965//1965 
f 1968//1968 1969//1969 1964//1964 
f 1967//1967 1960//1960 1957//1957 
f 1964//1964 1965//1965 1957//1957 
f 1963//1963 1964//1964 1956//1956 
f 1962//1962 1963//1963 1955//1955 
f 1961//1961 1962//1962 1954//1954 
f 1959//1959 1950//1950 1948//1948 
f 1956//1956 1957//1957 1948//1948 
f 1955//1955 1956//1956 1947//1947 
f 1954//1954 1955//1955 1946//1946 
f 1953//1953 1954//1954 1945//1945 
f 1952//1952 1953//1953 1944//1944 
f 1951//1951 1939//1939 1938//1938 
f 1947//1947 1948//1948 1938//1938 
f 1946//1946 1947//1947 1937//1937 
f 1945//1945 1946//1946 1935//1935 
f 1944//1944 1945//1945 1933//1933 
f 1943//1943 1944//1944 1931//1931 
f 1943//1943 1927//1927 1926//1926 
f 1941//1941 1972//1972 1936//1936 
f 1937//1937 1938//1938 1936//1936 
f 1935//1935 1937//1937 1934//1934 
f 1933//1933 1935//1935 1932//1932 
f 1931//1931 1933//1933 1930//1930 
f 1927//1927 1931//1931 1928//1928 
f 1927//1927 1929//1929 1925//1925 
v -0.0281687 0.033193 0.0160092 
v -0.0300322 0.0335626 0.0125591 
v -0.0300491 0.0334335 0.0125545 
v -0.028159 0.0333246 0.016018 
v -0.0300227 0.0336923 0.0125678 
v -0.0263052 0.0328248 0.0194594 
v -0.0281861 0.033062 0.0160046 
v -0.0262953 0.0329581 0.0194682 
v -0.0311398 0.0339134 0.0104996 
v -0.0311508 0.0338629 0.0104807 
v -0.0311602 0.0338161 0.0104672 
v -0.0311688 0.0337688 0.0104576 
v -0.0311775 0.0337157 0.0104514 
v -0.0311653 0.0337882 0.0104615 
v -0.0311852 0.0336627 0.01045 
v -0.0311855 0.0336611 0.01045 
v -0.0263229 0.0326921 0.0194549 
vn -0.874997 0.0657936 0.479637 
vn -0.875086 0.0648257 0.479606 
vn -0.866611 0.129376 0.48192 
vn -0.879847 0 0.475257 
vn -0.879847 0 0.475257 
vn -0.874917 0.0666571 0.479664 
vn -0.866322 0.1313 0.48192 
vn -0.879847 0 0.475257 
vn -0.879847 0 0.475257 
vn -0.878383 0.0260063 0.47725 
vn -0.876501 0.049972 0.478799 
vn -0.874097 0.0740346 0.480076 
vn -0.870819 0.100764 0.481166 
vn -0.875145 0.0641782 0.479586 
vn -0.866934 0.127256 0.481903 
vn -0.866803 0.128085 0.481921 
vn -0.866061 0.133015 0.481919 
f 2010//2010 2011//2011 2012//2012 
f 2013//2013 2014//2014 2011//2011 
f 2015//2015 2010//2010 2016//2016 
f 2017//2017 2013//2013 2010//2010 
f 2011//2011 2014//2014 2018//2018 
f 2018//2018 2019//2019 2011//2011 
f 2019//2019 2020//2020 2011//2011 
f 2012//2012 2021//2021 2022//2022 
f 2012//2012 2011//2011 2023//2023 
f 2023//2023 2021//2021 2012//2012 
f 2022//2022 2024//2024 2012//2012 
f 2024//2024 2025//2025 2012//2012 
f 2020//2020 2023//2023 2011//2011 
f 2010//2010 2015//2015 2017//2017 
f 2016//2016 2026//2026 2015//2015 
f 2011//2011 2010//2010 2013//2013 
f 2012//2012 2016//2016 2010//2010 
v -0.0312096 0.0339586 0.010356 
v -0.0309292 0.0358044 0.0108896 
v -0.031014 0.0358411 0.0107112 
v -0.0312229 0.033969 0.0103213 
v -0.0312667 0.0340035 0.0102068 
v -0.0310803 0.0358775 0.0105251 
v -0.0312873 0.0340241 0.0101352 
v -0.0308025 0.0377168 0.011124 
v -0.0308878 0.0377352 0.0109454 
v -0.0311273 0.0359132 0.0103331 
v -0.0309548 0.0377534 0.0107592 
v -0.0311545 0.0359477 0.010137 
v -0.0310029 0.0377712 0.0105672 
v -0.0307597 0.0396616 0.0112033 
v -0.0308451 0.0396616 0.0110247 
v -0.0309123 0.0396616 0.0108384 
v -0.0309609 0.0396616 0.0106464 
v -0.0309902 0.0396616 0.0104506 
v -0.0310317 0.0377885 0.0103714 
v -0.031 0.0396616 0.0102528 
v -0.0310409 0.037805 0.0101735 
v -0.0311302 0.0363548 0.00999968 
v -0.0312136 0.0353624 0.00999982 
v -0.0312981 0.0343573 0.00999996 
v -0.0313109 0.0340477 0.0100531 
v -0.0313229 0.0340626 0.01 
v -0.0311627 0.0359682 0.00999974 
v -0.0311398 0.0339134 0.0104996 
vn -0.914727 0.0226003 0.40344 
vn -0.879847 0 0.475257 
vn -0.922278 0.0183808 0.38609 
vn -0.921948 0.0278425 0.386311 
vn -0.943309 0.0450449 0.328845 
vn -0.955404 0.0365761 0.293029 
vn -0.954406 0.0553939 0.293325 
vn -0.879847 0 0.475257 
vn -0.922469 0.00917761 0.385963 
vn -0.978891 0.0544025 0.19701 
vn -0.955982 0.0182646 0.292857 
vn -0.992502 0.07168 0.0990046 
vn -0.980055 0.0271712 0.196859 
vn -0.879847 0 0.475257 
vn -0.922532 0 0.38592 
vn -0.956174 0 0.2928 
vn -0.980442 0 0.196809 
vn -0.995098 0 0.0988894 
vn -0.994451 0.0358096 0.0989181 
vn -1 0 0 
vn -0.999027 0.0440943 0 
vn -0.996868 0.0790802 0 
vn -0.991586 0.0833485 0.0990454 
vn -0.977249 0.0780194 0.197224 
vn -0.965396 0.0671794 0.251985 
vn -0.971392 0.0745995 0.225459 
vn -0.99589 0.0818591 0.0387624 
vn -0.879847 0 0.475257 
f 2027//2027 2028//2028 2029//2029 
f 2029//2029 2030//2030 2027//2027 
f 2031//2031 2029//2029 2032//2032 
f 2032//2032 2033//2033 2031//2031 
f 2028//2028 2034//2034 2035//2035 
f 2032//2032 2029//2029 2035//2035 
f 2036//2036 2032//2032 2037//2037 
f 2038//2038 2036//2036 2039//2039 
f 2034//2034 2040//2040 2041//2041 
f 2035//2035 2041//2041 2042//2042 
f 2037//2037 2042//2042 2043//2043 
f 2039//2039 2043//2043 2044//2044 
f 2045//2045 2044//2044 2046//2046 
f 2045//2045 2047//2047 2048//2048 
f 2048//2048 2038//2038 2045//2045 
f 2036//2036 2038//2038 2049//2049 
f 2032//2032 2036//2036 2050//2050 
f 2050//2050 2051//2051 2032//2032 
f 2050//2050 2052//2052 2051//2051 
f 2051//2051 2033//2033 2032//2032 
f 2049//2049 2050//2050 2036//2036 
f 2049//2049 2038//2038 2053//2053 
f 2048//2048 2053//2053 2038//2038 
f 2046//2046 2047//2047 2045//2045 
f 2044//2044 2045//2045 2039//2039 
f 2043//2043 2039//2039 2037//2037 
f 2042//2042 2037//2037 2035//2035 
f 2041//2041 2035//2035 2034//2034 
f 2039//2039 2045//2045 2038//2038 
f 2037//2037 2039//2039 2036//2036 
f 2035//2035 2037//2037 2032//2032 
f 2035//2035 2029//2029 2028//2028 
f 2031//2031 2030//2030 2029//2029 
f 2027//2027 2054//2054 2028//2028 
v -0.0307597 0.0396616 0.0112033 
v -0.0307597 0.0427 0.0112033 
v -0.0308451 0.0427 0.0110247 
v -0.0308451 0.0396616 0.0110247 
v -0.0309123 0.0427 0.0108384 
v -0.0309123 0.0396616 0.0108384 
v -0.0309609 0.0427 0.0106464 
v -0.0309609 0.0396616 0.0106464 
v -0.0309902 0.0427 0.0104506 
v -0.0309902 0.0396616 0.0104506 
v -0.031 0.0427 0.0102528 
v -0.031 0.0396616 0.0102528 
vn -0.879847 0 0.475257 
vn -0.879847 0 0.475257 
vn -0.922532 -5.64888e-17 0.38592 
vn -0.922532 -5.64888e-17 0.38592 
vn -0.956174 -5.85488e-17 0.2928 
vn -0.956174 -5.85488e-17 0.2928 
vn -0.980442 -6.00347e-17 0.196809 
vn -0.980442 -6.00347e-17 0.196809 
vn -0.995098 -6.09322e-17 0.0988894 
vn -0.995098 -6.09322e-17 0.0988894 
vn -1 0 0 
vn -1 0 -1.25e-07 
f 2055//2055 2056//2056 2057//2057 
f 2058//2058 2057//2057 2059//2059 
f 2060//2060 2059//2059 2061//2061 
f 2062//2062 2061//2061 2063//2063 
f 2064//2064 2063//2063 2065//2065 
f 2065//2065 2066//2066 2064//2064 
f 2063//2063 2064//2064 2062//2062 
f 2061//2061 2062//2062 2060//2060 
f 2059//2059 2060//2060 2058//2058 
f 2057//2057 2058//2058 2055//2055 
v -0.031 0.04975 0.0015 
v -0.031 0.04175 0.00883681 
v -0.031 0.0427 0.01 
v -0.031 0.0396616 0.01 
v -0.031 0.04175 0.0015 
v -0.031 0.0396616 0.0102528 
v -0.031 0.0427 0.0102528 
v -0.031 0.04975 0.01 
vn -1 0 0 
vn -1 0 0 
vn -1 0 0 
vn -1 0 0 
vn -1 0 0 
vn -1 0 0 
vn -1 0 0 
vn -1 0 0 
f 2067//2067 2068//2068 2069//2069 
f 2069//2069 2068//2068 2070//2070 
f 2067//2067 2071//2071 2068//2068 
f 2072//2072 2073//2073 2069//2069 
f 2070//2070 2072//2072 2069//2069 
f 2069//2069 2074//2074 2067//2067 
v -0.0306395 0.0427 0.0114258 
v -0.0306395 0.04975 0.0114258 
v -0.0307676 0.04975 0.0111578 
v -0.0307676 0.0427 0.0111578 
v -0.0308685 0.04975 0.0108784 
v -0.0308685 0.0427 0.0108784 
v -0.0309413 0.04975 0.0105904 
v -0.0309413 0.0427 0.0105904 
v -0.0309853 0.04975 0.0102967 
v -0.0309853 0.0427 0.0102967 
v -0.031 0.04975 0.01 
v -0.031 0.0427 0.01 
vn -0.879847 0 0.475257 
vn -0.879847 0 0.475257 
vn -0.922532 -5.64888e-17 0.38592 
vn -0.922532 -5.64888e-17 0.38592 
vn -0.956174 -5.85488e-17 0.2928 
vn -0.956174 -5.85488e-17 0.2928 
vn -0.980442 -6.00347e-17 0.196809 
vn -0.980442 -6.00347e-17 0.196809 
vn -0.995098 -6.09322e-17 0.0988894 
vn -0.995098 -6.09322e-17 0.0988894 
vn -1 -6.12323e-17 0 
vn -1 -6.12323e-17 0 
f 2075//2075 2076//2076 2077//2077 
f 2078//2078 2077//2077 2079//2079 
f 2080//2080 2079//2079 2081//2081 
f 2082//2082 2081//2081 2083//2083 
f 2084//2084 2083//2083 2085//2085 
f 2085//2085 2086//2086 2084//2084 
f 2083//2083 2084//2084 2082//2082 
f 2081//2081 2082//2082 2080//2080 
f 2079//2079 2080//2080 2078//2078 
f 2077//2077 2078//2078 2075//2075 
v -0.0309902 0.0427 0.0104506 
v -0.0309413 0.0427 0.0105904 
v -0.0309853 0.0427 0.0102967 
v -0.031 0.0427 0.0102528 
v -0.0308451 0.0427 0.0110247 
v -0.0307597 0.0427 0.0112033 
v -0.0307676 0.0427 0.0111578 
v -0.0309609 0.0427 0.0106464 
v -0.0308685 0.0427 0.0108784 
v -0.0309123 0.0427 0.0108384 
v -0.0306395 0.0427 0.0114258 
v -0.031 0.0427 0.01 
vn -6.12323e-17 1 0 
vn -6.12323e-17 1 0 
vn -6.12323e-17 1 0 
vn -6.12323e-17 1 0 
vn -6.12323e-17 1 0 
vn -6.12323e-17 1 0 
vn -6.12323e-17 1 0 
vn -6.12323e-17 1 0 
vn -6.12323e-17 1 0 
vn -6.12323e-17 1 0 
vn -6.12323e-17 1 0 
vn -6.12323e-17 1 0 
f 2087//2087 2088//2088 2089//2089 
f 2089//2089 2090//2090 2087//2087 
f 2091//2091 2092//2092 2093//2093 
f 2087//2087 2094//2094 2088//2088 
f 2095//2095 2088//2088 2094//2094 
f 2095//2095 2096//2096 2091//2091 
f 2094//2094 2096//2096 2095//2095 
f 2092//2092 2097//2097 2093//2093 
f 2093//2093 2095//2095 2091//2091 
f 2089//2089 2098//2098 2090//2090 
v -0.0262573 0.0329445 0.0195386 
v -0.0262701 0.0329505 0.019515 
v -0.0262861 0.0328199 0.0194946 
v -0.0262766 0.0328153 0.0195122 
v -0.0263099 0.03269 0.0194785 
v -0.0262829 0.032955 0.0194912 
v -0.0262958 0.0328231 0.0194767 
v -0.0263165 0.0326917 0.0194665 
v -0.0262953 0.0329581 0.0194682 
v -0.0263052 0.0328248 0.0194594 
v -0.0263229 0.0326921 0.0194549 
v -0.0263036 0.0326868 0.0194902 
vn -0.879847 0 0.475257 
vn -0.879847 0 0.475257 
vn -0.871822 0.0652662 0.485455 
vn -0.870217 0.0645699 0.488419 
vn -0.859937 0.130243 0.493503 
vn -0.879847 0 0.475257 
vn -0.873412 0.0659725 0.482493 
vn -0.863093 0.131652 0.487583 
vn -0.879847 0 0.475257 
vn -0.874917 0.0666571 0.479664 
vn -0.866061 0.133015 0.481919 
vn -0.856728 0.128853 0.499414 
f 2099//2099 2100//2100 2101//2101 
f 2102//2102 2101//2101 2103//2103 
f 2104//2104 2105//2105 2101//2101 
f 2105//2105 2106//2106 2103//2103 
f 2107//2107 2108//2108 2105//2105 
f 2108//2108 2109//2109 2106//2106 
f 2106//2106 2105//2105 2108//2108 
f 2105//2105 2104//2104 2107//2107 
f 2103//2103 2101//2101 2105//2105 
f 2101//2101 2100//2100 2104//2104 
f 2103//2103 2110//2110 2102//2102 
f 2101//2101 2102//2102 2099//2099 
v -0.0262648 0.0323088 0.0196427 
v -0.0262492 0.0326167 0.0196017 
v -0.0263144 0.0325542 0.0195056 
v -0.026191 0.0323702 0.0197556 
v -0.0261877 0.0326798 0.0197001 
v -0.0261219 0.0324321 0.0198711 
v -0.0261301 0.0327432 0.0198004 
v -0.0260577 0.0324945 0.0199892 
v -0.0260763 0.032807 0.0199027 
v -0.0259984 0.0325572 0.0201097 
v -0.0260265 0.0328711 0.0200067 
v -0.0259441 0.0326201 0.0202324 
v -0.0259807 0.0329354 0.0201125 
v -0.0258949 0.0326832 0.0203571 
v -0.025939 0.0329998 0.0202198 
v -0.0258509 0.0327464 0.0204837 
v -0.0259013 0.0330643 0.0203287 
v -0.0263039 0.0317596 0.0196915 
v -0.0263506 0.0321836 0.0195361 
v -0.0263433 0.032248 0.0195327 
v -0.0262086 0.031818 0.0198261 
v -0.0261197 0.0318771 0.0199647 
v -0.0260375 0.0319368 0.0201071 
v -0.0259621 0.031997 0.020253 
v -0.0258935 0.0320575 0.0204021 
v -0.0258321 0.0321182 0.0205542 
v -0.0257778 0.0321791 0.0207089 
v -0.0264054 0.031702 0.0195613 
v -0.0264467 0.0313988 0.0195664 
v -0.0263673 0.03108 0.0197227 
v -0.0262456 0.0311341 0.0198792 
v -0.0261326 0.0311892 0.0200417 
v -0.0260284 0.031245 0.0202099 
v -0.0259335 0.0313013 0.0203832 
v -0.0258479 0.0313582 0.0205612 
v -0.0257721 0.0314153 0.0207434 
v -0.0257061 0.0314726 0.0209294 
v -0.0263934 0.0308383 0.0197277 
v -0.0264973 0.0310269 0.0195726 
v -0.0262622 0.0308907 0.019891 
v -0.0261405 0.030944 0.0200612 
v -0.0260286 0.0309982 0.0202377 
v -0.0259267 0.031053 0.02042 
v -0.0258352 0.0311083 0.0206076 
v -0.0257543 0.0311639 0.0208 
v -0.0256843 0.0312197 0.0209965 
v -0.0265649 0.0295165 0.0197089 
v -0.0265795 0.0305233 0.0195628 
v -0.0265335 0.030787 0.0195716 
v -0.0266897 0.0298908 0.0195416 
v -0.0267415 0.0295934 0.0195317 
v -0.0263809 0.0295571 0.0199028 
v -0.0262108 0.0295988 0.0201087 
v -0.0260551 0.0296416 0.0203256 
v -0.0259148 0.0296852 0.0205526 
v -0.0257903 0.0297293 0.0207885 
v -0.0256823 0.0297739 0.0210323 
v -0.0255913 0.0298187 0.0212829 
v -0.0268013 0.0280973 0.019612 
v -0.0269436 0.0286275 0.0194605 
v -0.0269801 0.0284566 0.019447 
v -0.0267618 0.0294773 0.0195278 
v -0.0265578 0.0281203 0.0198278 
v -0.0263327 0.0281443 0.0200626 
v -0.0261276 0.0281692 0.020315 
v -0.0259439 0.0281948 0.0205833 
v -0.0257827 0.0282209 0.0208657 
v -0.0256451 0.0282474 0.0211602 
v -0.0255321 0.028274 0.0214651 
v -0.0270958 0.0266619 0.0194364 
v -0.0271706 0.0276494 0.0193635 
v -0.0270617 0.0280754 0.0194168 
v -0.0273317 0.0270192 0.0192846 
v -0.0267888 0.0266619 0.0196631 
v -0.0265047 0.0266619 0.0199181 
v -0.0262463 0.0266619 0.020199 
v -0.0260159 0.0266619 0.0205033 
v -0.0258154 0.0266619 0.0208281 
v -0.0256469 0.0266619 0.0211706 
v -0.0255118 0.0266619 0.0215276 
v -0.0259637 0.0332411 0.0201392 
v -0.0259714 0.0331967 0.0201194 
v -0.025952 0.0333316 0.0201727 
v -0.025993 0.0330916 0.020067 
v -0.025999 0.0330696 0.0200534 
v -0.0259775 0.0331615 0.0201037 
v -0.0260209 0.0329959 0.0200055 
v -0.0260348 0.0329577 0.0199761 
v -0.0260098 0.0330301 0.0200292 
v -0.0260682 0.0328843 0.0199088 
v -0.0260639 0.0328926 0.0199173 
v -0.0260492 0.0329235 0.0199468 
v -0.0260355 0.0329562 0.0199748 
v -0.0261093 0.0328186 0.01983 
v -0.0260953 0.0328386 0.0198565 
v -0.0261159 0.0328098 0.0198175 
v -0.0260816 0.0328604 0.0198827 
v -0.0261315 0.0327912 0.0197888 
v -0.0261475 0.0327742 0.0197595 
v -0.0261642 0.0327586 0.0197294 
v -0.0261717 0.0327523 0.0197159 
v -0.0261319 0.0327907 0.019788 
v -0.0262129 0.0327235 0.0196434 
v -0.0262394 0.0327096 0.0195979 
v -0.0262444 0.0327074 0.0195894 
v -0.0261909 0.0327376 0.0196818 
v -0.0262457 0.0327068 0.0195871 
v -0.0262824 0.0326929 0.0195253 
v -0.0263036 0.0326868 0.0194902 
v -0.027423 0.0266619 0.0192399 
vn -0.847579 0.109412 0.519267 
vn -0.86409 0.111884 0.490745 
vn -0.84778 0.127518 0.514789 
vn -0.866038 0.094062 0.491051 
vn -0.879459 0.0961275 0.466167 
vn -0.883308 0.0785831 0.46216 
vn -0.89387 0.0802666 0.441082 
vn -0.899365 0.0629963 0.432636 
vn -0.907309 0.0643184 0.415516 
vn -0.914188 0.047323 0.402518 
vn -0.91976 0.0483002 0.389499 
vn -0.927757 0.0315848 0.371847 
vn -0.931209 0.0322294 0.363057 
vn -0.940052 0.0158033 0.340666 
vn -0.941645 0.0161235 0.33622 
vn -0.951057 0 0.309017 
vn -0.951057 0 0.309017 
vn -0.819526 0.104867 0.563365 
vn -0.823732 0.124157 0.553218 
vn -0.827958 0.124612 0.546771 
vn -0.843351 0.0902616 0.529729 
vn -0.865563 0.0754832 0.495079 
vn -0.886119 0.0605605 0.459483 
vn -0.904982 0.045522 0.423008 
vn -0.922113 0.0303965 0.385725 
vn -0.937481 0.0152128 0.347703 
vn -0.951057 0 0.309017 
vn -0.794134 0.119272 0.595924 
vn -0.775232 0.116238 0.620889 
vn -0.785753 0.0981525 0.610703 
vn -0.816174 0.084617 0.571577 
vn -0.84444 0.0708582 0.530942 
vn -0.870478 0.0569123 0.488906 
vn -0.894218 0.0428162 0.44558 
vn -0.915597 0.0286071 0.401078 
vn -0.93456 0.0143224 0.355516 
vn -0.951057 0 0.309017 
vn -0.773795 0.095365 0.626216 
vn -0.753259 0.111429 0.648217 
vn -0.806576 0.0822637 0.585378 
vn -0.837007 0.0689226 0.542834 
vn -0.864999 0.0553806 0.498707 
vn -0.890471 0.0416773 0.453128 
vn -0.913347 0.0278525 0.406228 
vn -0.933562 0.0139466 0.358144 
vn -0.951057 0 0.309017 
vn -0.707646 0.0755563 0.702516 
vn -0.721693 0.104702 0.684248 
vn -0.738759 0.108189 0.66523 
vn -0.68257 0.0939726 0.724753 
vn -0.665089 0.0878924 0.741574 
vn -0.753635 0.0654156 0.65403 
vn -0.79618 0.054976 0.602557 
vn -0.835088 0.0442853 0.548331 
vn -0.870181 0.0333922 0.4916 
vn -0.901298 0.0223466 0.432622 
vn -0.928298 0.0111989 0.371669 
vn -0.951057 0 0.309017 
vn -0.633748 0.0441969 0.772276 
vn -0.602567 0.0654976 0.795376 
vn -0.591857 0.0608278 0.803745 
vn -0.658425 0.0853519 0.747792 
vn -0.694633 0.0384439 0.718336 
vn -0.750899 0.0324352 0.65962 
vn -0.802172 0.0262108 0.596518 
vn -0.84811 0.0198121 0.529449 
vn -0.888409 0.0132817 0.45886 
vn -0.922801 0.00666303 0.385219 
vn -0.951057 0 0.309017 
vn -0.555052 -8.67362e-16 0.831816 
vn -0.538518 0.0363333 0.84183 
vn -0.568649 0.0496561 0.82108 
vn -0.496077 0.0139788 0.868166 
vn -0.631808 -8.67362e-16 0.775125 
vn -0.702812 -8.67362e-16 0.711375 
vn -0.767416 -8.67362e-16 0.641149 
vn -0.825033 -8.67362e-16 0.565085 
vn -0.875137 0 0.483875 
vn -0.917273 0 0.398259 
vn -0.951057 0 0.309017 
vn -0.945712 0.0108592 0.324824 
vn -0.942728 0.016339 0.333162 
vn -0.951057 0 0.309017 
vn -0.934735 0.029537 0.354116 
vn -0.932781 0.0325221 0.358974 
vn -0.940254 0.0206251 0.33985 
vn -0.925739 0.042642 0.375752 
vn -0.92154 0.0483293 0.385264 
vn -0.929182 0.0377953 0.367686 
vn -0.912071 0.0604946 0.405546 
vn -0.913249 0.0590196 0.403104 
vn -0.917384 0.0537642 0.394356 
vn -0.921352 0.0485803 0.385682 
vn -0.901229 0.0737368 0.427025 
vn -0.904846 0.0693704 0.420049 
vn -0.899537 0.075767 0.430224 
vn -0.908451 0.0649737 0.412911 
vn -0.895654 0.0804085 0.437422 
vn -0.891728 0.0850915 0.444501 
vn -0.887713 0.0898846 0.451537 
vn -0.88593 0.0920206 0.4546 
vn -0.895548 0.0805366 0.437616 
vn -0.876407 0.103557 0.470305 
vn -0.870489 0.110903 0.47953 
vn -0.869401 0.112274 0.481182 
vn -0.881434 0.0974335 0.462149 
vn -0.869112 0.112647 0.481617 
vn -0.861178 0.122887 0.493226 
vn -0.856728 0.128853 0.499414 
vn -0.473241 -8.67362e-16 0.880933 
f 2111//2111 2112//2112 2113//2113 
f 2114//2114 2115//2115 2112//2112 
f 2116//2116 2117//2117 2115//2115 
f 2118//2118 2119//2119 2117//2117 
f 2120//2120 2121//2121 2119//2119 
f 2122//2122 2123//2123 2121//2121 
f 2124//2124 2125//2125 2123//2123 
f 2126//2126 2127//2127 2125//2125 
f 2128//2128 2111//2111 2129//2129 
f 2111//2111 2130//2130 2129//2129 
f 2131//2131 2114//2114 2111//2111 
f 2132//2132 2116//2116 2114//2114 
f 2133//2133 2118//2118 2116//2116 
f 2134//2134 2120//2120 2118//2118 
f 2135//2135 2122//2122 2120//2120 
f 2136//2136 2124//2124 2122//2122 
f 2137//2137 2126//2126 2124//2124 
f 2128//2128 2138//2138 2139//2139 
f 2139//2139 2140//2140 2128//2128 
f 2141//2141 2131//2131 2128//2128 
f 2142//2142 2132//2132 2131//2131 
f 2143//2143 2133//2133 2132//2132 
f 2144//2144 2134//2134 2133//2133 
f 2145//2145 2135//2135 2134//2134 
f 2146//2146 2136//2136 2135//2135 
f 2147//2147 2137//2137 2136//2136 
f 2148//2148 2140//2140 2149//2149 
f 2150//2150 2141//2141 2140//2140 
f 2151//2151 2142//2142 2141//2141 
f 2152//2152 2143//2143 2142//2142 
f 2153//2153 2144//2144 2143//2143 
f 2154//2154 2145//2145 2144//2144 
f 2155//2155 2146//2146 2145//2145 
f 2156//2156 2147//2147 2146//2146 
f 2157//2157 2148//2148 2158//2158 
f 2148//2148 2159//2159 2158//2158 
f 2158//2158 2160//2160 2157//2157 
f 2160//2160 2161//2161 2157//2157 
f 2162//2162 2150//2150 2148//2148 
f 2163//2163 2151//2151 2150//2150 
f 2164//2164 2152//2152 2151//2151 
f 2165//2165 2153//2153 2152//2152 
f 2166//2166 2154//2154 2153//2153 
f 2167//2167 2155//2155 2154//2154 
f 2168//2168 2156//2156 2155//2155 
f 2169//2169 2170//2170 2171//2171 
f 2157//2157 2172//2172 2170//2170 
f 2170//2170 2169//2169 2157//2157 
f 2173//2173 2162//2162 2157//2157 
f 2174//2174 2163//2163 2162//2162 
f 2175//2175 2164//2164 2163//2163 
f 2176//2176 2165//2165 2164//2164 
f 2177//2177 2166//2166 2165//2165 
f 2178//2178 2167//2167 2166//2166 
f 2179//2179 2168//2168 2167//2167 
f 2180//2180 2169//2169 2181//2181 
f 2169//2169 2182//2182 2181//2181 
f 2181//2181 2183//2183 2180//2180 
f 2184//2184 2173//2173 2169//2169 
f 2185//2185 2174//2174 2173//2173 
f 2186//2186 2175//2175 2174//2174 
f 2187//2187 2176//2176 2175//2175 
f 2188//2188 2177//2177 2176//2176 
f 2189//2189 2178//2178 2177//2177 
f 2190//2190 2179//2179 2178//2178 
f 2127//2127 2191//2191 2192//2192 
f 2127//2127 2193//2193 2191//2191 
f 2125//2125 2194//2194 2195//2195 
f 2125//2125 2192//2192 2196//2196 
f 2196//2196 2194//2194 2125//2125 
f 2123//2123 2197//2197 2198//2198 
f 2123//2123 2199//2199 2197//2197 
f 2198//2198 2121//2121 2123//2123 
f 2123//2123 2195//2195 2199//2199 
f 2119//2119 2121//2121 2200//2200 
f 2121//2121 2201//2201 2200//2200 
f 2121//2121 2202//2202 2201//2201 
f 2121//2121 2203//2203 2202//2202 
f 2117//2117 2119//2119 2204//2204 
f 2119//2119 2205//2205 2204//2204 
f 2204//2204 2206//2206 2117//2117 
f 2119//2119 2207//2207 2205//2205 
f 2206//2206 2208//2208 2117//2117 
f 2117//2117 2209//2209 2210//2210 
f 2210//2210 2115//2115 2117//2117 
f 2210//2210 2211//2211 2115//2115 
f 2117//2117 2212//2212 2209//2209 
f 2112//2112 2115//2115 2213//2213 
f 2213//2213 2214//2214 2112//2112 
f 2214//2214 2215//2215 2112//2112 
f 2115//2115 2216//2216 2213//2213 
f 2112//2112 2217//2217 2218//2218 
f 2218//2218 2113//2113 2112//2112 
f 2218//2218 2219//2219 2113//2113 
f 2215//2215 2217//2217 2112//2112 
f 2211//2211 2216//2216 2115//2115 
f 2208//2208 2212//2212 2117//2117 
f 2200//2200 2207//2207 2119//2119 
f 2198//2198 2203//2203 2121//2121 
f 2195//2195 2123//2123 2125//2125 
f 2192//2192 2125//2125 2127//2127 
f 2178//2178 2189//2189 2190//2190 
f 2177//2177 2188//2188 2189//2189 
f 2176//2176 2187//2187 2188//2188 
f 2175//2175 2186//2186 2187//2187 
f 2174//2174 2185//2185 2186//2186 
f 2173//2173 2184//2184 2185//2185 
f 2169//2169 2180//2180 2184//2184 
f 2183//2183 2220//2220 2180//2180 
f 2167//2167 2178//2178 2179//2179 
f 2166//2166 2177//2177 2178//2178 
f 2165//2165 2176//2176 2177//2177 
f 2164//2164 2175//2175 2176//2176 
f 2163//2163 2174//2174 2175//2175 
f 2162//2162 2173//2173 2174//2174 
f 2157//2157 2169//2169 2173//2173 
f 2171//2171 2182//2182 2169//2169 
f 2155//2155 2167//2167 2168//2168 
f 2154//2154 2166//2166 2167//2167 
f 2153//2153 2165//2165 2166//2166 
f 2152//2152 2164//2164 2165//2165 
f 2151//2151 2163//2163 2164//2164 
f 2150//2150 2162//2162 2163//2163 
f 2148//2148 2157//2157 2162//2162 
f 2161//2161 2172//2172 2157//2157 
f 2146//2146 2155//2155 2156//2156 
f 2145//2145 2154//2154 2155//2155 
f 2144//2144 2153//2153 2154//2154 
f 2143//2143 2152//2152 2153//2153 
f 2142//2142 2151//2151 2152//2152 
f 2141//2141 2150//2150 2151//2151 
f 2140//2140 2148//2148 2150//2150 
f 2149//2149 2159//2159 2148//2148 
f 2136//2136 2146//2146 2147//2147 
f 2135//2135 2145//2145 2146//2146 
f 2134//2134 2144//2144 2145//2145 
f 2133//2133 2143//2143 2144//2144 
f 2132//2132 2142//2142 2143//2143 
f 2131//2131 2141//2141 2142//2142 
f 2128//2128 2140//2140 2141//2141 
f 2139//2139 2149//2149 2140//2140 
f 2124//2124 2136//2136 2137//2137 
f 2122//2122 2135//2135 2136//2136 
f 2120//2120 2134//2134 2135//2135 
f 2118//2118 2133//2133 2134//2134 
f 2116//2116 2132//2132 2133//2133 
f 2114//2114 2131//2131 2132//2132 
f 2111//2111 2128//2128 2131//2131 
f 2129//2129 2138//2138 2128//2128 
f 2125//2125 2124//2124 2126//2126 
f 2123//2123 2122//2122 2124//2124 
f 2121//2121 2120//2120 2122//2122 
f 2119//2119 2118//2118 2120//2120 
f 2117//2117 2116//2116 2118//2118 
f 2115//2115 2114//2114 2116//2116 
f 2112//2112 2111//2111 2114//2114 
f 2113//2113 2130//2130 2111//2111 
v -0.0262766 0.0328153 0.0195122 
v -0.0263036 0.0326868 0.0194902 
v -0.0262824 0.0326929 0.0195253 
v -0.0262573 0.0329445 0.0195386 
v -0.0262603 0.0328155 0.0195413 
v -0.0262457 0.0327068 0.0195871 
v -0.0262444 0.0327074 0.0195894 
v -0.0262451 0.0329387 0.0195612 
v -0.0262311 0.0328194 0.0195938 
v -0.0262394 0.0327096 0.0195979 
v -0.0262235 0.0329319 0.0196013 
v -0.0262273 0.0328203 0.0196006 
v -0.0262129 0.0327235 0.0196434 
v -0.0262207 0.0329314 0.0196064 
v -0.0262071 0.0328269 0.0196372 
v -0.0261909 0.0327376 0.0196818 
v -0.0261904 0.032835 0.0196676 
v -0.026206 0.0329306 0.0196335 
v -0.0261717 0.0327523 0.0197159 
v -0.0261758 0.0328442 0.0196942 
v -0.0261941 0.0329325 0.0196556 
v -0.0261642 0.0327586 0.0197294 
v -0.0261839 0.0329363 0.0196746 
v -0.0261701 0.0328484 0.0197046 
v -0.0261475 0.0327742 0.0197595 
v -0.0261575 0.0328592 0.0197278 
v -0.0261712 0.0329444 0.019698 
v -0.0261319 0.0327907 0.019788 
v -0.0261454 0.0328715 0.01975 
v -0.0261631 0.032952 0.0197131 
v -0.0261315 0.0327912 0.0197888 
v -0.0261159 0.0328098 0.0198175 
v -0.0261338 0.0328855 0.0197716 
v -0.0261553 0.0329614 0.0197274 
v -0.0261093 0.0328186 0.01983 
v -0.0261288 0.0328922 0.0197808 
v -0.026152 0.0329661 0.0197335 
v -0.0260953 0.0328386 0.0198565 
v -0.0261184 0.0329079 0.0198003 
v -0.0261453 0.0329773 0.0197461 
v -0.0260816 0.0328604 0.0198827 
v -0.0261082 0.0329253 0.0198194 
v -0.0261388 0.0329904 0.019758 
v -0.0260682 0.0328843 0.0199088 
v -0.0260983 0.0329448 0.0198381 
v -0.0261327 0.0330053 0.0197694 
v -0.0260951 0.0329515 0.0198441 
v -0.0261307 0.0330106 0.019773 
v -0.0260639 0.0328926 0.0199173 
v -0.0260492 0.0329235 0.0199468 
v -0.0260843 0.0329772 0.0198647 
v -0.0261242 0.033031 0.019785 
v -0.0260738 0.033006 0.0198848 
v -0.0260355 0.0329562 0.0199748 
v -0.0261182 0.0330544 0.0197962 
v -0.0260636 0.0330385 0.0199045 
v -0.0260348 0.0329577 0.0199761 
v -0.0261126 0.0330812 0.0198065 
v -0.0260557 0.0330679 0.01992 
v -0.0260209 0.0329959 0.0200055 
v -0.0261085 0.0331057 0.0198141 
v -0.0260437 0.0331211 0.0199439 
v -0.0260098 0.0330301 0.0200292 
v -0.025999 0.0330696 0.0200534 
v -0.0261028 0.0331507 0.0198247 
v -0.0260328 0.0331821 0.019966 
v -0.025993 0.0330916 0.020067 
v -0.0260983 0.0332028 0.0198329 
v -0.0260234 0.0332519 0.019986 
v -0.0259775 0.0331615 0.0201037 
v -0.0259714 0.0331967 0.0201194 
v -0.0260954 0.0332628 0.0198383 
v -0.0260157 0.0333316 0.0200032 
v -0.0259637 0.0332411 0.0201392 
v -0.0260944 0.0333316 0.0198402 
v -0.025952 0.0333316 0.0201727 
v -0.0261799 0.0329384 0.0196819 
vn -0.870217 0.0645699 0.488419 
vn -0.856728 0.128853 0.499414 
vn -0.861178 0.122887 0.493226 
vn -0.879847 0 0.475257 
vn -0.872234 0.0615652 0.485199 
vn -0.869111 0.112607 0.481628 
vn -0.869401 0.112274 0.481182 
vn -0.879847 0 0.475257 
vn -0.876021 0.0562266 0.478984 
vn -0.870489 0.110903 0.47953 
vn -0.879847 0 0.475257 
vn -0.876528 0.0555378 0.478136 
vn -0.876407 0.103557 0.470305 
vn -0.879847 0 0.475257 
vn -0.87931 0.0518481 0.473418 
vn -0.881434 0.0974335 0.462149 
vn -0.881706 0.0487757 0.46927 
vn -0.879847 0 0.475257 
vn -0.88593 0.0920206 0.4546 
vn -0.883876 0.0460618 0.465448 
vn -0.879847 0 0.475257 
vn -0.887713 0.0898846 0.451537 
vn -0.879847 0 0.475257 
vn -0.884743 0.0449913 0.463902 
vn -0.891728 0.0850915 0.444501 
vn -0.886711 0.0425901 0.460358 
vn -0.879847 0 0.475257 
vn -0.895546 0.0805254 0.437622 
vn -0.888656 0.0402453 0.456805 
vn -0.879847 0 0.475257 
vn -0.895654 0.0804085 0.437422 
vn -0.899537 0.075767 0.430224 
vn -0.8906 0.0379222 0.453203 
vn -0.879847 0 0.475257 
vn -0.901229 0.0737368 0.427025 
vn -0.891454 0.0369063 0.451605 
vn -0.879847 0 0.475257 
vn -0.904846 0.0693704 0.420049 
vn -0.893295 0.0347221 0.448128 
vn -0.879847 0 0.475257 
vn -0.908451 0.0649737 0.412911 
vn -0.895148 0.0325232 0.44458 
vn -0.879847 0 0.475257 
vn -0.912071 0.0604946 0.405546 
vn -0.897031 0.0302835 0.440929 
vn -0.879847 0 0.475257 
vn -0.897649 0.029546 0.43972 
vn -0.879847 0 0.475257 
vn -0.913249 0.0590196 0.403104 
vn -0.917384 0.0537642 0.394356 
vn -0.899836 0.0269186 0.435397 
vn -0.879847 0 0.475257 
vn -0.902067 0.0242015 0.430917 
vn -0.921345 0.0485623 0.385702 
vn -0.879847 0 0.475257 
vn -0.904357 0.0213579 0.426242 
vn -0.92154 0.0483293 0.385264 
vn -0.879847 0 0.475257 
vn -0.906264 0.0189342 0.422287 
vn -0.925739 0.042642 0.375752 
vn -0.879847 0 0.475257 
vn -0.909403 0.0148029 0.415652 
vn -0.929182 0.0377953 0.367686 
vn -0.932698 0.0323874 0.359202 
vn -0.879847 0 0.475257 
vn -0.91261 0.0103416 0.4087 
vn -0.934735 0.029537 0.354116 
vn -0.879847 0 0.475257 
vn -0.915886 0.00544809 0.401402 
vn -0.940254 0.0206251 0.33985 
vn -0.942622 0.0162377 0.333466 
vn -0.879847 0 0.475257 
vn -0.919218 -1.04083e-14 0.39375 
vn -0.945712 0.0108592 0.324824 
vn -0.879847 0 0.475257 
vn -0.951057 -1.73472e-14 0.309017 
vn -0.879847 0 0.475257 
f 2221//2221 2222//2222 2223//2223 
f 2224//2224 2221//2221 2225//2225 
f 2225//2225 2226//2226 2227//2227 
f 2225//2225 2223//2223 2226//2226 
f 2228//2228 2225//2225 2229//2229 
f 2229//2229 2227//2227 2230//2230 
f 2231//2231 2229//2229 2232//2232 
f 2232//2232 2230//2230 2233//2233 
f 2234//2234 2232//2232 2235//2235 
f 2236//2236 2237//2237 2235//2235 
f 2238//2238 2235//2235 2237//2237 
f 2239//2239 2240//2240 2237//2237 
f 2241//2241 2237//2237 2240//2240 
f 2240//2240 2239//2239 2242//2242 
f 2243//2243 2240//2240 2244//2244 
f 2245//2245 2246//2246 2244//2244 
f 2244//2244 2246//2246 2247//2247 
f 2248//2248 2249//2249 2246//2246 
f 2246//2246 2245//2245 2248//2248 
f 2246//2246 2249//2249 2250//2250 
f 2251//2251 2252//2252 2253//2253 
f 2253//2253 2254//2254 2250//2250 
f 2252//2252 2255//2255 2256//2256 
f 2256//2256 2257//2257 2254//2254 
f 2255//2255 2258//2258 2259//2259 
f 2259//2259 2260//2260 2257//2257 
f 2258//2258 2261//2261 2262//2262 
f 2262//2262 2263//2263 2260//2260 
f 2261//2261 2264//2264 2265//2265 
f 2266//2266 2263//2263 2262//2262 
f 2267//2267 2265//2265 2264//2264 
f 2268//2268 2266//2266 2265//2265 
f 2269//2269 2270//2270 2271//2271 
f 2272//2272 2268//2268 2267//2267 
f 2273//2273 2271//2271 2270//2270 
f 2270//2270 2274//2274 2273//2273 
f 2275//2275 2272//2272 2271//2271 
f 2276//2276 2273//2273 2277//2277 
f 2278//2278 2275//2275 2273//2273 
f 2279//2279 2276//2276 2280//2280 
f 2281//2281 2278//2278 2276//2276 
f 2282//2282 2279//2279 2283//2283 
f 2283//2283 2284//2284 2282//2282 
f 2285//2285 2281//2281 2279//2279 
f 2286//2286 2282//2282 2287//2287 
f 2288//2288 2285//2285 2282//2282 
f 2289//2289 2286//2286 2290//2290 
f 2290//2290 2291//2291 2289//2289 
f 2292//2292 2288//2288 2286//2286 
f 2293//2293 2289//2289 2294//2294 
f 2295//2295 2292//2292 2289//2289 
f 2289//2289 2293//2293 2295//2295 
f 2294//2294 2296//2296 2293//2293 
f 2286//2286 2289//2289 2292//2292 
f 2291//2291 2294//2294 2289//2289 
f 2282//2282 2286//2286 2288//2288 
f 2287//2287 2290//2290 2286//2286 
f 2279//2279 2282//2282 2285//2285 
f 2284//2284 2287//2287 2282//2282 
f 2276//2276 2279//2279 2281//2281 
f 2280//2280 2283//2283 2279//2279 
f 2273//2273 2276//2276 2278//2278 
f 2277//2277 2280//2280 2276//2276 
f 2271//2271 2273//2273 2275//2275 
f 2274//2274 2277//2277 2273//2273 
f 2267//2267 2271//2271 2272//2272 
f 2271//2271 2267//2267 2269//2269 
f 2265//2265 2267//2267 2268//2268 
f 2264//2264 2269//2269 2267//2267 
f 2262//2262 2265//2265 2266//2266 
f 2265//2265 2262//2262 2261//2261 
f 2260//2260 2259//2259 2262//2262 
f 2262//2262 2259//2259 2258//2258 
f 2257//2257 2256//2256 2259//2259 
f 2259//2259 2256//2256 2255//2255 
f 2254//2254 2253//2253 2256//2256 
f 2256//2256 2253//2253 2252//2252 
f 2250//2250 2249//2249 2253//2253 
f 2253//2253 2249//2249 2251//2251 
f 2250//2250 2247//2247 2246//2246 
f 2248//2248 2251//2251 2249//2249 
f 2247//2247 2297//2297 2244//2244 
f 2244//2244 2242//2242 2245//2245 
f 2244//2244 2297//2297 2243//2243 
f 2242//2242 2244//2244 2240//2240 
f 2240//2240 2243//2243 2241//2241 
f 2237//2237 2236//2236 2239//2239 
f 2237//2237 2241//2241 2238//2238 
f 2235//2235 2233//2233 2236//2236 
f 2235//2235 2238//2238 2234//2234 
f 2233//2233 2235//2235 2232//2232 
f 2232//2232 2234//2234 2231//2231 
f 2230//2230 2232//2232 2229//2229 
f 2229//2229 2231//2231 2228//2228 
f 2227//2227 2229//2229 2225//2225 
f 2225//2225 2228//2228 2224//2224 
f 2223//2223 2225//2225 2221//2221 
v -0.0260157 0.0333316 0.0200032 
v -0.025952 0.0333316 0.0201727 
v -0.025952 0.0397277 0.0201727 
v -0.0260944 0.0333316 0.0198402 
v -0.0260157 0.0397277 0.0200032 
v -0.0260944 0.0397277 0.0198402 
vn -0.919218 -5.62858e-17 0.39375 
vn -0.951057 -1.73472e-14 0.309017 
vn -0.951057 -1.73472e-14 0.309017 
vn -0.879847 0 0.475257 
vn -0.919218 -5.62858e-17 0.39375 
vn -0.879847 0 0.475257 
f 2298//2298 2299//2299 2300//2300 
f 2301//2301 2298//2298 2302//2302 
f 2302//2302 2303//2303 2301//2301 
f 2300//2300 2302//2302 2298//2298 
v -0.0306395 0.0427 0.0114258 
v -0.0260009 0.0408035 0.0200133 
v -0.0259809 0.0408925 0.0200503 
v -0.0306395 0.04975 0.0114258 
v -0.0262207 0.0329314 0.0196064 
v -0.0261307 0.0330106 0.019773 
v -0.0261242 0.033031 0.019785 
v -0.0261799 0.0329384 0.0196819 
v -0.026152 0.0329661 0.0197335 
v -0.0261453 0.0329773 0.0197461 
v -0.0261553 0.0329614 0.0197274 
v -0.0261712 0.0329444 0.019698 
v -0.0261327 0.0330053 0.0197694 
v -0.026206 0.0329306 0.0196335 
v -0.025569 0.0416869 0.0208129 
v -0.0255538 0.0417 0.0208411 
v -0.0259597 0.0409755 0.0200896 
v -0.0261126 0.0330812 0.0198065 
v -0.0261085 0.0331057 0.0198141 
v -0.0261182 0.0330544 0.0197962 
v -0.0261388 0.0329904 0.019758 
v -0.0261631 0.032952 0.0197131 
v -0.0261941 0.0329325 0.0196556 
v -0.0256108 0.0416474 0.0207356 
v -0.0258056 0.041377 0.0203749 
v -0.025777 0.0414282 0.0204278 
v -0.0259371 0.0410532 0.0201314 
v -0.0261839 0.0329363 0.0196746 
v -0.0261028 0.0331507 0.0198247 
v -0.0309292 0.0358044 0.0108896 
v -0.028159 0.0333246 0.016018 
v -0.0256495 0.041606 0.0206638 
v -0.0258327 0.0413234 0.0203247 
v -0.0259133 0.0411263 0.0201756 
v -0.0262573 0.0329445 0.0195386 
v -0.0262451 0.0329387 0.0195612 
v -0.0300227 0.0336923 0.0125678 
v -0.0256857 0.0415626 0.0205968 
v -0.0258612 0.041261 0.020272 
v -0.025888 0.0411954 0.0202224 
v -0.0260983 0.0332028 0.0198329 
v -0.0262235 0.0329319 0.0196013 
v -0.0311398 0.0339134 0.0104996 
v -0.024998 0.04975 0.0218699 
v -0.0253494 0.0417001 0.0212229 
v -0.0252055 0.0417002 0.0214916 
v -0.0257467 0.0414772 0.0204839 
v -0.0260631 0.0403939 0.0198981 
v -0.0260489 0.0405163 0.0199245 
v -0.0260954 0.0332628 0.0198383 
v -0.0262953 0.0329581 0.0194682 
v -0.0254684 0.0417001 0.0210005 
v -0.0260329 0.0406278 0.0199541 
v -0.0260944 0.0333316 0.0198402 
v -0.0262701 0.0329505 0.019515 
v -0.0262829 0.032955 0.0194912 
v -0.0251 0.0417003 0.0216886 
v -0.0250102 0.0417 0.0218474 
v -0.0250041 0.04175 0.0218587 
v -0.0260944 0.0397277 0.0198402 
v -0.0307597 0.0396616 0.0112033 
v -0.0250041 0.0427 0.0218587 
v -0.0251112 0.0417003 0.0216677 
v -0.0260845 0.0401176 0.0198586 
v -0.0260942 0.0397779 0.0198405 
v -0.0308025 0.0377168 0.011124 
v -0.0307597 0.0427 0.0112033 
vn -0.879847 0 0.475257 
vn -0.879847 0 0.475257 
vn -0.879847 0 0.475257 
vn -0.879847 0 0.475257 
vn -0.879847 0 0.475257 
vn -0.879847 0 0.475257 
vn -0.879847 0 0.475257 
vn -0.879847 0 0.475257 
vn -0.879847 0 0.475257 
vn -0.879847 0 0.475257 
vn -0.879847 0 0.475257 
vn -0.879847 0 0.475257 
vn -0.879847 0 0.475257 
vn -0.879847 0 0.475257 
vn -0.879847 0 0.475257 
vn -0.879847 0 0.475257 
vn -0.879847 0 0.475257 
vn -0.879847 0 0.475257 
vn -0.879847 0 0.475257 
vn -0.879847 0 0.475257 
vn -0.879847 0 0.475257 
vn -0.879847 0 0.475257 
vn -0.879847 0 0.475257 
vn -0.879847 0 0.475257 
vn -0.879847 0 0.475257 
vn -0.879847 0 0.475257 
vn -0.879847 0 0.475257 
vn -0.879847 0 0.475257 
vn -0.879847 0 0.475257 
vn -0.879847 0 0.475257 
vn -0.879847 0 0.475257 
vn -0.879847 0 0.475257 
vn -0.879847 0 0.475257 
vn -0.879847 0 0.475257 
vn -0.879847 0 0.475257 
vn -0.879847 0 0.475257 
vn -0.879847 0 0.475257 
vn -0.879847 0 0.475257 
vn -0.879847 0 0.475257 
vn -0.879847 0 0.475257 
vn -0.879847 0 0.475257 
vn -0.879847 0 0.475257 
vn -0.879847 0 0.475257 
vn -0.879847 0 0.475257 
vn -0.879847 0 0.475257 
vn -0.879847 0 0.475257 
vn -0.879847 0 0.475257 
vn -0.879847 0 0.475257 
vn -0.879847 0 0.475257 
vn -0.879847 0 0.475257 
vn -0.879847 0 0.475257 
vn -0.879847 0 0.475257 
vn -0.879847 0 0.475257 
vn -0.879847 0 0.475257 
vn -0.879847 0 0.475257 
vn -0.879847 0 0.475257 
vn -0.879847 0 0.475257 
vn -0.879847 0 0.475257 
vn -0.879847 0 0.475257 
vn -0.879847 0 0.475257 
vn -0.879847 0 0.475257 
vn -0.879847 0 0.475257 
vn -0.879847 0 0.475257 
vn -0.879847 0 0.475257 
vn -0.879847 0 0.475257 
vn -0.879847 0 0.475257 
vn -0.879847 0 0.475257 
f 2304//2304 2305//2305 2306//2306 
f 2306//2306 2307//2307 2304//2304 
f 2308//2308 2309//2309 2310//2310 
f 2311//2311 2312//2312 2313//2313 
f 2314//2314 2311//2311 2315//2315 
f 2316//2316 2308//2308 2317//2317 
f 2307//2307 2318//2318 2319//2319 
f 2306//2306 2320//2320 2307//2307 
f 2308//2308 2321//2321 2322//2322 
f 2310//2310 2323//2323 2308//2308 
f 2313//2313 2324//2324 2311//2311 
f 2315//2315 2325//2325 2314//2314 
f 2317//2317 2326//2326 2316//2316 
f 2307//2307 2327//2327 2318//2318 
f 2307//2307 2328//2328 2329//2329 
f 2320//2320 2330//2330 2307//2307 
f 2323//2323 2321//2321 2308//2308 
f 2314//2314 2312//2312 2311//2311 
f 2326//2326 2331//2331 2316//2316 
f 2332//2332 2333//2333 2334//2334 
f 2307//2307 2335//2335 2327//2327 
f 2307//2307 2336//2336 2328//2328 
f 2330//2330 2337//2337 2307//2307 
f 2308//2308 2316//2316 2309//2309 
f 2331//2331 2311//2311 2316//2316 
f 2332//2332 2338//2338 2339//2339 
f 2333//2333 2340//2340 2334//2334 
f 2307//2307 2341//2341 2335//2335 
f 2307//2307 2342//2342 2336//2336 
f 2337//2337 2343//2343 2307//2307 
f 2304//2304 2332//2332 2344//2344 
f 2324//2324 2316//2316 2311//2311 
f 2339//2339 2345//2345 2332//2332 
f 2333//2333 2346//2346 2340//2340 
f 2347//2347 2348//2348 2349//2349 
f 2307//2307 2350//2350 2341//2341 
f 2343//2343 2342//2342 2307//2307 
f 2304//2304 2351//2351 2352//2352 
f 2344//2344 2353//2353 2304//2304 
f 2345//2345 2308//2308 2332//2332 
f 2334//2334 2354//2354 2332//2332 
f 2347//2347 2355//2355 2348//2348 
f 2329//2329 2350//2350 2307//2307 
f 2352//2352 2356//2356 2304//2304 
f 2353//2353 2357//2357 2304//2304 
f 2332//2332 2358//2358 2338//2338 
f 2354//2354 2359//2359 2332//2332 
f 2360//2360 2361//2361 2362//2362 
f 2347//2347 2319//2319 2355//2355 
f 2356//2356 2305//2305 2304//2304 
f 2357//2357 2363//2363 2304//2304 
f 2359//2359 2358//2358 2332//2332 
f 2364//2364 2332//2332 2304//2304 
f 2362//2362 2365//2365 2360//2360 
f 2349//2349 2366//2366 2347//2347 
f 2304//2304 2367//2367 2351//2351 
f 2363//2363 2368//2368 2304//2304 
f 2332//2332 2369//2369 2333//2333 
f 2304//2304 2370//2370 2364//2364 
f 2366//2366 2360//2360 2347//2347 
f 2368//2368 2367//2367 2304//2304 
f 2364//2364 2369//2369 2332//2332 
f 2319//2319 2347//2347 2307//2307 
f 2365//2365 2347//2347 2360//2360 
f 2322//2322 2332//2332 2308//2308 
v -0.0250462 0.041548 0.0218435 
v -0.0250102 0.0417 0.0218474 
v -0.0251 0.0417003 0.0216886 
vn -0.863587 0.19136 0.466474 
vn -0.863587 0.19136 0.466474 
vn -0.863587 0.19136 0.466474 
f 2371//2371 2372//2372 2373//2373 
v -0.0260157 0.0397277 0.0200032 
v -0.025952 0.0397277 0.0201727 
v -0.0259531 0.0397734 0.020169 
v -0.0260944 0.0397277 0.0198402 
v -0.0260163 0.0397756 0.0200016 
v -0.0259532 0.0400808 0.020159 
v -0.0260942 0.0397779 0.0198405 
v -0.0260126 0.0400991 0.020006 
v -0.0259412 0.0403286 0.0201739 
v -0.0260845 0.0401176 0.0198586 
v -0.0259967 0.0403611 0.0200336 
v -0.0259317 0.0404376 0.0201887 
v -0.0260631 0.0403939 0.0198981 
v -0.0259852 0.0404768 0.0200543 
v -0.0259203 0.0405363 0.0202074 
v -0.0260489 0.0405163 0.0199245 
v -0.0259717 0.040582 0.0200785 
v -0.0258963 0.0406907 0.0202485 
v -0.0260329 0.0406278 0.0199541 
v -0.0259441 0.040747 0.0201289 
v -0.0258808 0.0407683 0.0202758 
v -0.0260009 0.0408035 0.0200133 
v -0.0259265 0.0408303 0.020161 
v -0.0259076 0.0409077 0.0201957 
v -0.0258749 0.0407937 0.0202864 
v -0.0259809 0.0408925 0.0200503 
v -0.025864 0.0408401 0.0203058 
v -0.0258459 0.040907 0.0203384 
v -0.0259597 0.0409755 0.0200896 
v -0.0258874 0.0409799 0.020233 
v -0.0258265 0.0409694 0.0203737 
v -0.0259371 0.0410532 0.0201314 
v -0.0258659 0.0410477 0.0202727 
v -0.0258058 0.0410279 0.0204117 
v -0.0259133 0.0411263 0.0201756 
v -0.0258429 0.0411115 0.0203152 
v -0.0257836 0.041083 0.0204527 
v -0.025888 0.0411954 0.0202224 
v -0.0258184 0.0411718 0.0203604 
v -0.0257923 0.0412289 0.0204088 
v -0.0258327 0.0413234 0.0203247 
v -0.0258612 0.041261 0.020272 
v -0.0257673 0.0412778 0.0204551 
v -0.0257598 0.0411349 0.0204967 
v -0.0258056 0.041377 0.0203749 
v -0.0257409 0.0413242 0.0205041 
v -0.025737 0.041179 0.0205391 
v -0.025777 0.0414282 0.0204278 
v -0.0257129 0.0413684 0.0205561 
v -0.0257129 0.0412207 0.0205842 
v -0.0257467 0.0414772 0.0204839 
v -0.0256561 0.0414447 0.0206616 
v -0.0256872 0.0412601 0.0206324 
v -0.0256857 0.0415626 0.0205968 
v -0.0256224 0.041483 0.0207244 
v -0.025635 0.0413273 0.0207306 
v -0.0256495 0.041606 0.0206638 
v -0.0255861 0.0415192 0.0207919 
v -0.0256039 0.0413606 0.0207894 
v -0.0255717 0.0413905 0.0208504 
v -0.0256108 0.0416474 0.0207356 
v -0.0255469 0.0415532 0.0208649 
v -0.0255704 0.0413916 0.0208528 
v -0.025569 0.0416869 0.0208129 
v -0.025456 0.0416154 0.0210342 
v -0.0255342 0.0414203 0.0209215 
v -0.0253458 0.0416653 0.0212399 
v -0.02545 0.0414709 0.0210819 
v -0.0252059 0.0416935 0.021493 
v -0.0253476 0.0415081 0.0212778 
v -0.0252193 0.0415261 0.0215241 
v -0.0250556 0.0415144 0.0218394 
v -0.0251112 0.0417003 0.0216677 
v -0.0250462 0.041548 0.0218435 
v -0.0251 0.0417003 0.0216886 
v -0.0252055 0.0417002 0.0214916 
v -0.0253494 0.0417001 0.0212229 
v -0.0254684 0.0417001 0.0210005 
v -0.0255538 0.0417 0.0208411 
vn -0.919218 0 0.39375 
vn -0.951057 3.46945e-15 0.309017 
vn -0.950404 0.00226951 0.311009 
vn -0.879847 0 0.475257 
vn -0.918804 0.00113932 0.394713 
vn -0.945512 0.0183801 0.325069 
vn -0.879847 0 0.475257 
vn -0.915799 0.00922144 0.401531 
vn -0.940799 0.0326404 0.337389 
vn -0.879847 0 0.475257 
vn -0.913042 0.0163689 0.407537 
vn -0.938451 0.039369 0.343162 
vn -0.879847 0 0.475257 
vn -0.911709 0.01974 0.410362 
vn -0.936147 0.0457571 0.348619 
vn -0.879847 0 0.475257 
vn -0.910424 0.0229397 0.413039 
vn -0.932145 0.056409 0.357665 
vn -0.879847 0 0.475257 
vn -0.90824 0.0282744 0.417493 
vn -0.929913 0.0621264 0.362494 
vn -0.879847 0 0.475257 
vn -0.907046 0.0311376 0.419878 
vn -0.905871 0.0339201 0.422193 
vn -0.92922 0.0642113 0.363904 
vn -0.879847 0 0.475257 
vn -0.927689 0.0676827 0.367168 
vn -0.925461 0.073114 0.37172 
vn -0.879847 0 0.475257 
vn -0.904709 0.0366402 0.424452 
vn -0.92322 0.0784541 0.376179 
vn -0.879847 0 0.475257 
vn -0.903552 0.0393149 0.426671 
vn -0.920953 0.0837348 0.380571 
vn -0.879847 0 0.475257 
vn -0.902395 0.0419601 0.428862 
vn -0.918648 0.0889866 0.384924 
vn -0.879847 0 0.475257 
vn -0.901231 0.0445914 0.431039 
vn -0.900053 0.047224 0.433214 
vn -0.879847 0 0.475257 
vn -0.879847 0 0.475257 
vn -0.898979 0.0496003 0.435174 
vn -0.916294 0.09424 0.389262 
vn -0.879847 0 0.475257 
vn -0.897889 0.051988 0.437142 
vn -0.914126 0.0989807 0.393162 
vn -0.879847 0 0.475257 
vn -0.896777 0.0543984 0.439125 
vn -0.911907 0.103743 0.397067 
vn -0.879847 0 0.475257 
vn -0.894646 0.0589565 0.442869 
vn -0.909626 0.108549 0.400995 
vn -0.879847 0 0.475257 
vn -0.893441 0.0614966 0.444952 
vn -0.9052 0.117633 0.40838 
vn -0.879847 0 0.475257 
vn -0.892189 0.0641073 0.447089 
vn -0.90267 0.122693 0.412473 
vn -0.900124 0.127731 0.416488 
vn -0.879847 0 0.475257 
vn -0.890883 0.0668034 0.449293 
vn -0.900021 0.127891 0.416661 
vn -0.879847 0 0.475257 
vn -0.888002 0.0726514 0.454063 
vn -0.897235 0.133256 0.420967 
vn -0.884732 0.0791345 0.459333 
vn -0.891013 0.144882 0.430238 
vn -0.880909 0.0865156 0.465311 
vn -0.883831 0.157751 0.440406 
vn -0.87529 0.172375 0.451835 
vn -0.864946 0.189214 0.46483 
vn -0.878472 0.0911183 0.469026 
vn -0.867405 0.17248 0.466754 
vn -0.87806 0.0937527 0.469278 
vn -0.881229 0.0694826 0.467555 
vn -0.882946 0.0385481 0.467889 
vn -0.881978 0.015221 0.471045 
vn -0.879847 0 0.475257 
f 2374//2374 2375//2375 2376//2376 
f 2377//2377 2374//2374 2378//2378 
f 2378//2378 2376//2376 2379//2379 
f 2380//2380 2378//2378 2381//2381 
f 2381//2381 2379//2379 2382//2382 
f 2383//2383 2381//2381 2384//2384 
f 2384//2384 2382//2382 2385//2385 
f 2386//2386 2384//2384 2387//2387 
f 2387//2387 2385//2385 2388//2388 
f 2389//2389 2387//2387 2390//2390 
f 2390//2390 2388//2388 2391//2391 
f 2392//2392 2390//2390 2393//2393 
f 2393//2393 2391//2391 2394//2394 
f 2395//2395 2393//2393 2396//2396 
f 2397//2397 2396//2396 2398//2398 
f 2396//2396 2394//2394 2398//2398 
f 2399//2399 2396//2396 2397//2397 
f 2397//2397 2400//2400 2401//2401 
f 2402//2402 2397//2397 2403//2403 
f 2403//2403 2401//2401 2404//2404 
f 2405//2405 2403//2403 2406//2406 
f 2406//2406 2404//2404 2407//2407 
f 2408//2408 2406//2406 2409//2409 
f 2409//2409 2407//2407 2410//2410 
f 2411//2411 2409//2409 2412//2412 
f 2413//2413 2412//2412 2410//2410 
f 2414//2414 2415//2415 2412//2412 
f 2416//2416 2413//2413 2417//2417 
f 2418//2418 2414//2414 2413//2413 
f 2419//2419 2416//2416 2420//2420 
f 2421//2421 2418//2418 2416//2416 
f 2422//2422 2419//2419 2423//2423 
f 2424//2424 2421//2421 2419//2419 
f 2425//2425 2422//2422 2426//2426 
f 2427//2427 2424//2424 2422//2422 
f 2428//2428 2425//2425 2429//2429 
f 2430//2430 2427//2427 2425//2425 
f 2431//2431 2428//2428 2432//2432 
f 2432//2432 2433//2433 2431//2431 
f 2434//2434 2430//2430 2428//2428 
f 2435//2435 2431//2431 2436//2436 
f 2437//2437 2434//2434 2431//2431 
f 2438//2438 2435//2435 2439//2439 
f 2440//2440 2438//2438 2441//2441 
f 2442//2442 2440//2440 2443//2443 
f 2444//2444 2445//2445 2446//2446 
f 2445//2445 2447//2447 2448//2448 
f 2448//2448 2446//2446 2445//2445 
f 2449//2449 2450//2450 2440//2440 
f 2438//2438 2440//2440 2450//2450 
f 2435//2435 2438//2438 2451//2451 
f 2451//2451 2452//2452 2435//2435 
f 2452//2452 2437//2437 2435//2435 
f 2450//2450 2451//2451 2438//2438 
f 2440//2440 2442//2442 2449//2449 
f 2449//2449 2442//2442 2446//2446 
f 2446//2446 2442//2442 2444//2444 
f 2443//2443 2444//2444 2442//2442 
f 2441//2441 2443//2443 2440//2440 
f 2439//2439 2441//2441 2438//2438 
f 2431//2431 2435//2435 2437//2437 
f 2436//2436 2439//2439 2435//2435 
f 2428//2428 2431//2431 2434//2434 
f 2433//2433 2436//2436 2431//2431 
f 2425//2425 2428//2428 2430//2430 
f 2429//2429 2432//2432 2428//2428 
f 2422//2422 2425//2425 2427//2427 
f 2426//2426 2429//2429 2425//2425 
f 2419//2419 2422//2422 2424//2424 
f 2423//2423 2426//2426 2422//2422 
f 2416//2416 2419//2419 2421//2421 
f 2420//2420 2423//2423 2419//2419 
f 2413//2413 2416//2416 2418//2418 
f 2417//2417 2420//2420 2416//2416 
f 2412//2412 2413//2413 2414//2414 
f 2410//2410 2417//2417 2413//2413 
f 2412//2412 2415//2415 2411//2411 
f 2410//2410 2412//2412 2409//2409 
f 2409//2409 2411//2411 2408//2408 
f 2407//2407 2409//2409 2406//2406 
f 2406//2406 2408//2408 2405//2405 
f 2404//2404 2406//2406 2403//2403 
f 2403//2403 2405//2405 2402//2402 
f 2401//2401 2403//2403 2397//2397 
f 2397//2397 2402//2402 2399//2399 
f 2398//2398 2400//2400 2397//2397 
f 2396//2396 2399//2399 2395//2395 
f 2394//2394 2396//2396 2393//2393 
f 2393//2393 2395//2395 2392//2392 
f 2391//2391 2393//2393 2390//2390 
f 2390//2390 2392//2392 2389//2389 
f 2388//2388 2390//2390 2387//2387 
f 2387//2387 2389//2389 2386//2386 
f 2385//2385 2387//2387 2384//2384 
f 2384//2384 2386//2386 2383//2383 
f 2382//2382 2384//2384 2381//2381 
f 2381//2381 2383//2383 2380//2380 
f 2379//2379 2381//2381 2378//2378 
f 2378//2378 2380//2380 2377//2377 
f 2376//2376 2378//2378 2374//2374 
v -0.0235397 0.0411652 0.0228983 
v -0.0235422 0.0417 0.022894 
v -0.0236331 0.0417 0.022873 
v -0.0237478 0.0412152 0.0228623 
v -0.0237274 0.0412103 0.0228678 
v -0.0234136 0.0417 0.0229123 
v -0.0239112 0.0412549 0.0228186 
v -0.0237664 0.0417 0.0228423 
v -0.0238478 0.0417 0.0228139 
v -0.0239508 0.0412646 0.0228037 
v -0.0240894 0.0412987 0.0227513 
v -0.0239829 0.0417 0.0227667 
v -0.0240548 0.0417 0.0227325 
v -0.0241463 0.0413128 0.0227229 
v -0.0242602 0.0413411 0.0226663 
v -0.024189 0.0417 0.0226685 
v -0.0242516 0.0417 0.0226297 
v -0.0243322 0.0413593 0.0226211 
v -0.0244221 0.041382 0.0225646 
v -0.0243818 0.0417 0.0225492 
v -0.024436 0.0417 0.0225069 
v -0.0245734 0.0414207 0.022447 
v -0.0245592 0.0417 0.0224107 
v -0.0246058 0.0417 0.0223654 
v -0.0245061 0.0414035 0.0224993 
v -0.0248107 0.0414831 0.0222016 
v -0.0247127 0.041457 0.0223148 
v -0.0247191 0.0417 0.022255 
v -0.0246662 0.0414449 0.0223589 
v -0.0249378 0.0415175 0.0220291 
v -0.0248387 0.0414905 0.0221692 
v -0.0248599 0.0417 0.0220844 
v -0.0247589 0.0417 0.0222068 
v -0.0249501 0.0415209 0.0220116 
v -0.0248935 0.0417 0.0220332 
v -0.0249802 0.0417 0.021901 
v -0.0250462 0.041548 0.0218435 
v -0.0250102 0.0417 0.0218474 
vn -0.110402 3.46945e-15 0.993887 
vn -0.171278 0.0145801 0.985115 
vn -0.21458 0.0250164 0.976386 
vn -0.214578 0.0250159 0.976386 
vn -0.204269 0.0225265 0.978655 
vn -0.110402 3.46945e-15 0.993887 
vn -0.296186 0.0448378 0.954077 
vn -0.277311 0.0402348 0.959937 
vn -0.31624 0.0497406 0.947374 
vn -0.316238 0.0497401 0.947375 
vn -0.385274 0.0667209 0.920387 
vn -0.379663 0.0653346 0.922815 
vn -0.414173 0.0738787 0.907195 
vn -0.414178 0.07388 0.907192 
vn -0.470683 0.0879668 0.877906 
vn -0.47697 0.0895421 0.874347 
vn -0.507225 0.0971461 0.856321 
vn -0.507241 0.0971502 0.856311 
vn -0.551596 0.108373 0.827041 
vn -0.567987 0.112544 0.815307 
vn -0.594298 0.119268 0.795352 
vn -0.627241 0.127743 0.768278 
vn -0.651613 0.134056 0.746612 
vn -0.674365 0.139985 0.725007 
vn -0.594324 0.119275 0.795332 
vn -0.746516 0.15906 0.646076 
vn -0.696895 0.145894 0.702176 
vn -0.726906 0.15383 0.669287 
vn -0.674397 0.139993 0.724976 
vn -0.809827 0.17625 0.559567 
vn -0.759894 0.162651 0.629369 
vn -0.793082 0.171651 0.584429 
vn -0.746484 0.159052 0.646115 
vn -0.815636 0.177855 0.550551 
vn -0.809803 0.176243 0.559605 
vn -0.849516 0.187344 0.493177 
vn -0.863587 0.19136 0.466474 
vn -0.863587 0.19136 0.466474 
f 2453//2453 2454//2454 2455//2455 
f 2455//2455 2456//2456 2457//2457 
f 2453//2453 2458//2458 2454//2454 
f 2459//2459 2460//2460 2461//2461 
f 2461//2461 2462//2462 2459//2459 
f 2456//2456 2455//2455 2460//2460 
f 2463//2463 2464//2464 2465//2465 
f 2465//2465 2466//2466 2463//2463 
f 2462//2462 2461//2461 2464//2464 
f 2467//2467 2468//2468 2469//2469 
f 2469//2469 2470//2470 2467//2467 
f 2466//2466 2465//2465 2468//2468 
f 2471//2471 2472//2472 2473//2473 
f 2469//2469 2472//2472 2471//2471 
f 2471//2471 2470//2470 2469//2469 
f 2474//2474 2475//2475 2476//2476 
f 2473//2473 2475//2475 2474//2474 
f 2474//2474 2477//2477 2473//2473 
f 2478//2478 2479//2479 2480//2480 
f 2476//2476 2480//2480 2479//2479 
f 2479//2479 2481//2481 2476//2476 
f 2482//2482 2483//2483 2484//2484 
f 2485//2485 2484//2484 2483//2483 
f 2483//2483 2478//2478 2485//2485 
f 2486//2486 2487//2487 2488//2488 
f 2488//2488 2489//2489 2486//2486 
f 2486//2486 2482//2482 2487//2487 
f 2488//2488 2490//2490 2489//2489 
f 2484//2484 2487//2487 2482//2482 
f 2480//2480 2485//2485 2478//2478 
f 2476//2476 2481//2481 2474//2474 
f 2473//2473 2477//2477 2471//2471 
f 2467//2467 2466//2466 2468//2468 
f 2463//2463 2462//2462 2464//2464 
f 2459//2459 2456//2456 2460//2460 
f 2455//2455 2457//2457 2453//2453 
v -0.0251186 0.0412832 0.0218116 
v -0.0251854 0.0410149 0.0217799 
v -0.0250996 0.0409953 0.0219402 
v -0.025023 0.0412589 0.0219836 
v -0.0250896 0.0409931 0.0219553 
v -0.0249997 0.0409733 0.0220918 
v -0.0249111 0.0412314 0.022145 
v -0.0248866 0.0409491 0.0222334 
v -0.0247841 0.041201 0.0222942 
v -0.024849 0.0409411 0.0222726 
v -0.0247613 0.0409227 0.0223639 
v -0.0246432 0.0411679 0.0224298 
v -0.0244898 0.0411326 0.0225503 
v -0.0246246 0.0408944 0.0224822 
v -0.0247066 0.0409114 0.0224112 
v -0.0243254 0.0410953 0.0226547 
v -0.0244779 0.0408646 0.0225872 
v -0.0245513 0.0408795 0.0225347 
v -0.0241516 0.0410565 0.0227419 
v -0.0243223 0.0408334 0.0226781 
v -0.0243846 0.0408458 0.0226418 
v -0.0239701 0.0410164 0.022811 
v -0.0241592 0.040801 0.0227542 
v -0.0237828 0.0409755 0.0228614 
v -0.0239898 0.0407678 0.0228147 
v -0.0240237 0.0407744 0.0228026 
v -0.0235913 0.0409343 0.0228925 
v -0.0238157 0.040734 0.0228592 
v -0.0238331 0.0407374 0.0228547 
v -0.0235397 0.0411652 0.0228983 
v -0.0237478 0.0412152 0.0228623 
v -0.0237274 0.0412103 0.0228678 
v -0.0239508 0.0412646 0.0228037 
v -0.0239112 0.0412549 0.0228186 
v -0.0241463 0.0413128 0.0227229 
v -0.0240894 0.0412987 0.0227513 
v -0.0243322 0.0413593 0.0226211 
v -0.0242602 0.0413411 0.0226663 
v -0.0245061 0.0414035 0.0224993 
v -0.0244221 0.041382 0.0225646 
v -0.0245734 0.0414207 0.022447 
v -0.0246662 0.0414449 0.0223589 
v -0.0247127 0.041457 0.0223148 
v -0.0248107 0.0414831 0.0222016 
v -0.0248387 0.0414905 0.0221692 
v -0.0249378 0.0415175 0.0220291 
v -0.0249501 0.0415209 0.0220116 
v -0.0250556 0.0415144 0.0218394 
v -0.0250462 0.041548 0.0218435 
v -0.0236382 0.0407 0.0228873 
vn -0.874045 0.174449 0.453446 
vn -0.884009 0.15744 0.440161 
vn -0.841106 0.147673 0.52032 
vn -0.826233 0.1623 0.539442 
vn -0.836423 0.146627 0.528108 
vn -0.79117 0.136671 0.596129 
vn -0.7703 0.148555 0.620136 
vn -0.734619 0.124527 0.666954 
vn -0.706796 0.133351 0.694735 
vn -0.716433 0.120676 0.687139 
vn -0.671926 0.111341 0.732201 
vn -0.636345 0.116835 0.762505 
vn -0.559639 0.0991712 0.822781 
vn -0.603614 0.0972245 0.791327 
vn -0.645244 0.1058 0.756615 
vn -0.477433 0.0805326 0.87497 
vn -0.530255 0.0822949 0.843835 
vn -0.567528 0.0898537 0.818437 
vn -0.390534 0.0611024 0.918559 
vn -0.452462 0.0666772 0.889288 
vn -0.48407 0.0729986 0.871979 
vn -0.299796 0.0410717 0.953119 
vn -0.370885 0.0505019 0.927304 
vn -0.206112 0.0206373 0.978311 
vn -0.286208 0.0339044 0.957567 
vn -0.303358 0.0372511 0.952148 
vn -0.110402 0 0.993887 
vn -0.199137 0.0170234 0.979824 
vn -0.207932 0.0187202 0.977964 
vn -0.110402 2.34913e-16 0.993887 
vn -0.214578 0.0250159 0.976386 
vn -0.204269 0.0225265 0.978655 
vn -0.316238 0.0497401 0.947375 
vn -0.296186 0.0448378 0.954077 
vn -0.414178 0.07388 0.907192 
vn -0.385274 0.0667209 0.920387 
vn -0.507241 0.0971502 0.856311 
vn -0.470683 0.0879668 0.877906 
vn -0.594324 0.119275 0.795332 
vn -0.551596 0.108373 0.827041 
vn -0.627241 0.127743 0.768278 
vn -0.674397 0.139993 0.724976 
vn -0.696895 0.145894 0.702176 
vn -0.746516 0.15906 0.646076 
vn -0.759894 0.162651 0.629369 
vn -0.809827 0.17625 0.559567 
vn -0.815636 0.177855 0.550551 
vn -0.864946 0.189214 0.46483 
vn -0.863587 0.19136 0.466474 
vn -0.110402 -7.29394e-17 0.993887 
f 2491//2491 2492//2492 2493//2493 
f 2493//2493 2494//2494 2491//2491 
f 2494//2494 2495//2495 2496//2496 
f 2497//2497 2496//2496 2498//2498 
f 2498//2498 2499//2499 2497//2497 
f 2499//2499 2500//2500 2501//2501 
f 2501//2501 2502//2502 2499//2499 
f 2503//2503 2502//2502 2504//2504 
f 2502//2502 2505//2505 2504//2504 
f 2506//2506 2503//2503 2507//2507 
f 2503//2503 2508//2508 2507//2507 
f 2509//2509 2506//2506 2510//2510 
f 2506//2506 2511//2511 2510//2510 
f 2512//2512 2509//2509 2513//2513 
f 2514//2514 2512//2512 2515//2515 
f 2512//2512 2516//2516 2515//2515 
f 2517//2517 2514//2514 2518//2518 
f 2514//2514 2519//2519 2518//2518 
f 2514//2514 2517//2517 2520//2520 
f 2512//2512 2514//2514 2521//2521 
f 2514//2514 2522//2522 2521//2521 
f 2509//2509 2512//2512 2523//2523 
f 2512//2512 2524//2524 2523//2523 
f 2506//2506 2509//2509 2525//2525 
f 2509//2509 2526//2526 2525//2525 
f 2503//2503 2506//2506 2527//2527 
f 2506//2506 2528//2528 2527//2527 
f 2502//2502 2503//2503 2529//2529 
f 2503//2503 2530//2530 2529//2529 
f 2502//2502 2531//2531 2532//2532 
f 2532//2532 2499//2499 2502//2502 
f 2499//2499 2533//2533 2534//2534 
f 2534//2534 2497//2497 2499//2499 
f 2497//2497 2535//2535 2536//2536 
f 2536//2536 2494//2494 2497//2497 
f 2494//2494 2537//2537 2538//2538 
f 2537//2537 2539//2539 2538//2538 
f 2538//2538 2491//2491 2494//2494 
f 2536//2536 2537//2537 2494//2494 
f 2534//2534 2535//2535 2497//2497 
f 2532//2532 2533//2533 2499//2499 
f 2529//2529 2531//2531 2502//2502 
f 2527//2527 2530//2530 2503//2503 
f 2525//2525 2528//2528 2506//2506 
f 2523//2523 2526//2526 2509//2509 
f 2521//2521 2524//2524 2512//2512 
f 2520//2520 2522//2522 2514//2514 
f 2518//2518 2540//2540 2517//2517 
f 2515//2515 2519//2519 2514//2514 
f 2513//2513 2516//2516 2512//2512 
f 2510//2510 2513//2513 2509//2509 
f 2507//2507 2511//2511 2506//2506 
f 2504//2504 2508//2508 2503//2503 
f 2501//2501 2505//2505 2502//2502 
f 2498//2498 2500//2500 2499//2499 
f 2496//2496 2497//2497 2494//2494 
f 2493//2493 2495//2495 2494//2494 
v -0.0251186 0.0412832 0.0218116 
v -0.0252193 0.0415261 0.0215241 
v -0.0253476 0.0415081 0.0212778 
v -0.0250556 0.0415144 0.0218394 
v -0.0251854 0.0410149 0.0217799 
v -0.02545 0.0414709 0.0210819 
v -0.0255342 0.0414203 0.0209215 
v -0.0255704 0.0413916 0.0208528 
v -0.0255717 0.0413905 0.0208504 
v -0.0252762 0.0405373 0.0217224 
v -0.0254006 0.0398831 0.0216438 
v -0.0257598 0.0411349 0.0204967 
v -0.0257836 0.041083 0.0204527 
v -0.0258058 0.0410279 0.0204117 
v -0.0258265 0.0409694 0.0203737 
v -0.0258459 0.040907 0.0203384 
v -0.025864 0.0408401 0.0203058 
v -0.025737 0.041179 0.0205391 
v -0.0257129 0.0412207 0.0205842 
v -0.025635 0.0413273 0.0207306 
v -0.0256872 0.0412601 0.0206324 
v -0.0256039 0.0413606 0.0207894 
v -0.0258749 0.0407937 0.0202864 
v -0.0254349 0.0395152 0.0215974 
v -0.0259531 0.0397734 0.020169 
v -0.025952 0.0397277 0.0201727 
v -0.0259412 0.0403286 0.0201739 
v -0.0259532 0.0400808 0.020159 
v -0.0259317 0.0404376 0.0201887 
v -0.0258808 0.0407683 0.0202758 
v -0.0258963 0.0406907 0.0202485 
v -0.0259203 0.0405363 0.0202074 
v -0.0255319 0.0384718 0.0214657 
vn -0.874045 0.174449 0.453446 
vn -0.87529 0.172375 0.451835 
vn -0.883831 0.157751 0.440406 
vn -0.864946 0.189214 0.46483 
vn -0.884009 0.15744 0.440161 
vn -0.891013 0.144882 0.430238 
vn -0.897235 0.133256 0.420967 
vn -0.900021 0.127891 0.416661 
vn -0.900122 0.127694 0.416503 
vn -0.900119 0.1277 0.416508 
vn -0.919698 0.0866088 0.382955 
vn -0.916294 0.09424 0.389262 
vn -0.918648 0.0889866 0.384924 
vn -0.920953 0.0837348 0.380571 
vn -0.92322 0.0784541 0.376179 
vn -0.925461 0.073114 0.37172 
vn -0.927689 0.0676827 0.367168 
vn -0.914126 0.0989807 0.393162 
vn -0.911907 0.103743 0.397067 
vn -0.9052 0.117633 0.40838 
vn -0.909626 0.108549 0.400995 
vn -0.90267 0.122693 0.412473 
vn -0.929133 0.0640916 0.364149 
vn -0.929123 0.0641166 0.36417 
vn -0.950404 0.00226951 0.311009 
vn -0.951057 -3.46945e-16 0.309017 
vn -0.940799 0.0326404 0.337389 
vn -0.945512 0.0183801 0.325069 
vn -0.938451 0.039369 0.343162 
vn -0.929913 0.0621264 0.362494 
vn -0.932145 0.056409 0.357665 
vn -0.936147 0.0457571 0.348619 
vn -0.951057 3.46945e-16 0.309017 
f 2541//2541 2542//2542 2543//2543 
f 2541//2541 2544//2544 2542//2542 
f 2545//2545 2541//2541 2546//2546 
f 2546//2546 2547//2547 2545//2545 
f 2547//2547 2548//2548 2545//2545 
f 2548//2548 2549//2549 2545//2545 
f 2549//2549 2550//2550 2545//2545 
f 2551//2551 2552//2552 2553//2553 
f 2553//2553 2554//2554 2551//2551 
f 2554//2554 2555//2555 2551//2551 
f 2555//2555 2556//2556 2551//2551 
f 2556//2556 2557//2557 2551//2551 
f 2551//2551 2558//2558 2552//2552 
f 2551//2551 2559//2559 2558//2558 
f 2551//2551 2560//2560 2561//2561 
f 2551//2551 2562//2562 2560//2560 
f 2561//2561 2559//2559 2551//2551 
f 2562//2562 2551//2551 2550//2550 
f 2550//2550 2549//2549 2562//2562 
f 2563//2563 2564//2564 2551//2551 
f 2564//2564 2565//2565 2566//2566 
f 2564//2564 2567//2567 2568//2568 
f 2564//2564 2569//2569 2567//2567 
f 2564//2564 2570//2570 2571//2571 
f 2571//2571 2572//2572 2564//2564 
f 2564//2564 2563//2563 2570//2570 
f 2572//2572 2569//2569 2564//2564 
f 2568//2568 2565//2565 2564//2564 
f 2566//2566 2573//2573 2564//2564 
f 2557//2557 2563//2563 2551//2551 
f 2543//2543 2546//2546 2541//2541 
v -0.0249401 0.04975 0.0219702 
v -0.0249401 0.04175 0.0219702 
v -0.0248192 0.04175 0.0221445 
v -0.0248192 0.04975 0.0221445 
v -0.0246805 0.04175 0.0223051 
v -0.0246805 0.04975 0.0223051 
v -0.0245256 0.04175 0.0224501 
v -0.0245256 0.04975 0.0224501 
v -0.0243562 0.04175 0.0225779 
v -0.0243562 0.04975 0.0225779 
v -0.0241742 0.04175 0.022687 
v -0.0241742 0.04975 0.022687 
v -0.0239817 0.04175 0.0227762 
v -0.0239817 0.04975 0.0227762 
v -0.0237808 0.04175 0.0228445 
v -0.0237808 0.04975 0.0228445 
v -0.0235738 0.04175 0.0228911 
v -0.024998 0.04975 0.0218699 
v -0.0250041 0.0427 0.0218587 
v -0.0235738 0.04975 0.0228911 
v -0.0234591 0.0427 0.0229072 
v -0.0234591 0.04175 0.022907 
v -0.0234591 0.04975 0.0229072 
v -0.0250041 0.04175 0.0218587 
vn -0.850873 -5.2101e-17 0.525371 
vn -0.850873 -5.2101e-17 0.525371 
vn -0.790426 -4.83997e-17 0.612557 
vn -0.790426 -4.83997e-17 0.612557 
vn -0.721083 -4.41536e-17 0.692848 
vn -0.721083 -4.41536e-17 0.692848 
vn -0.643624 -3.94106e-17 0.765342 
vn -0.643624 -3.94106e-17 0.765342 
vn -0.558921 -3.4224e-17 0.829221 
vn -0.558921 -3.4224e-17 0.829221 
vn -0.467927 -2.86522e-17 0.883767 
vn -0.467927 -2.86522e-17 0.883767 
vn -0.371666 -2.2758e-17 0.928367 
vn -0.371666 -2.2758e-17 0.928367 
vn -0.271222 -1.66076e-17 0.962517 
vn -0.271222 -1.66076e-17 0.962517 
vn -0.167725 -1.02702e-17 0.985834 
vn -0.879847 -5.38751e-17 0.475257 
vn -0.882871 0 0.469615 
vn -0.167725 -1.02702e-17 0.985834 
vn -0.110402 0 0.993887 
vn -0.110399 0 0.993887 
vn -0.110402 0 0.993887 
vn -0.882871 0 0.469615 
f 2574//2574 2575//2575 2576//2576 
f 2577//2577 2576//2576 2578//2578 
f 2579//2579 2578//2578 2580//2580 
f 2581//2581 2580//2580 2582//2582 
f 2583//2583 2582//2582 2584//2584 
f 2585//2585 2584//2584 2586//2586 
f 2587//2587 2586//2586 2588//2588 
f 2589//2589 2588//2588 2590//2590 
f 2574//2574 2591//2591 2592//2592 
f 2592//2592 2575//2575 2574//2574 
f 2593//2593 2590//2590 2594//2594 
f 2590//2590 2595//2595 2594//2594 
f 2594//2594 2596//2596 2593//2593 
f 2592//2592 2597//2597 2575//2575 
f 2590//2590 2593//2593 2589//2589 
f 2588//2588 2589//2589 2587//2587 
f 2586//2586 2587//2587 2585//2585 
f 2584//2584 2585//2585 2583//2583 
f 2582//2582 2583//2583 2581//2581 
f 2580//2580 2581//2581 2579//2579 
f 2578//2578 2579//2579 2577//2577 
f 2576//2576 2577//2577 2574//2574 
v -0.0237664 0.04175 0.0228423 
v -0.0237664 0.0417 0.0228423 
v -0.0236331 0.0417 0.022873 
v -0.0235422 0.04175 0.022894 
v -0.0239829 0.04175 0.0227667 
v -0.0239829 0.0417 0.0227667 
v -0.0238478 0.0417 0.0228139 
v -0.024189 0.04175 0.0226685 
v -0.024189 0.0417 0.0226685 
v -0.0240548 0.0417 0.0227325 
v -0.0243818 0.04175 0.0225492 
v -0.0243818 0.0417 0.0225492 
v -0.0242516 0.0417 0.0226297 
v -0.0245592 0.04175 0.0224107 
v -0.0245592 0.0417 0.0224107 
v -0.024436 0.0417 0.0225069 
v -0.0247191 0.04175 0.022255 
v -0.0247191 0.0417 0.022255 
v -0.0246058 0.0417 0.0223654 
v -0.0248599 0.04175 0.0220844 
v -0.0248599 0.0417 0.0220844 
v -0.0247589 0.0417 0.0222068 
v -0.0249779 0.04175 0.0218996 
v -0.0249802 0.0417 0.021901 
v -0.0248935 0.0417 0.0220332 
v -0.0250041 0.04175 0.0218587 
v -0.0235422 0.0417 0.022894 
v -0.0234136 0.0417 0.0229123 
v -0.0234591 0.04175 0.022907 
v -0.0234136 0.04175 0.0229123 
v -0.0250102 0.0417 0.0218474 
vn -0.277536 -1.69941e-17 0.960715 
vn -0.277536 -1.69941e-17 0.960715 
vn -0.214639 -1.31428e-17 0.976693 
vn -0.171296 -1.04888e-17 0.98522 
vn -0.380476 -2.32974e-17 0.924791 
vn -0.380476 -2.32974e-17 0.924791 
vn -0.316617 -1.93872e-17 0.948554 
vn -0.478894 -2.93238e-17 0.877873 
vn -0.478894 -2.93238e-17 0.877873 
vn -0.415288 -2.5429e-17 0.90969 
vn -0.571619 -3.50015e-17 0.820519 
vn -0.571619 -3.50015e-17 0.820519 
vn -0.509612 -3.12047e-17 0.860405 
vn -0.657548 -4.02632e-17 0.753412 
vn -0.657548 -4.02632e-17 0.753412 
vn -0.598546 -3.66504e-17 0.801089 
vn -0.735662 -4.50463e-17 0.677349 
vn -0.735662 -4.50463e-17 0.677349 
vn -0.681048 -4.17022e-17 0.732239 
vn -0.80503 -4.92939e-17 0.593234 
vn -0.80503 -4.92939e-17 0.593234 
vn -0.756087 -4.6297e-17 0.654471 
vn -0.864829 -5.29555e-17 0.502067 
vn -0.864829 -5.29555e-17 0.502067 
vn -0.822662 -5.03735e-17 0.568531 
vn -0.876784 -5.36875e-17 0.480885 
vn -0.171296 -1.04888e-17 0.98522 
vn -0.110402 -6.76016e-18 0.993887 
vn -0.131924 -8.078e-18 0.99126 
vn -0.110402 -6.76016e-18 0.993887 
vn -0.879847 -5.38751e-17 0.475257 
f 2598//2598 2599//2599 2600//2600 
f 2600//2600 2601//2601 2598//2598 
f 2602//2602 2603//2603 2604//2604 
f 2604//2604 2598//2598 2602//2602 
f 2605//2605 2606//2606 2607//2607 
f 2607//2607 2602//2602 2605//2605 
f 2608//2608 2609//2609 2610//2610 
f 2610//2610 2605//2605 2608//2608 
f 2611//2611 2612//2612 2613//2613 
f 2613//2613 2608//2608 2611//2611 
f 2614//2614 2615//2615 2616//2616 
f 2616//2616 2611//2611 2614//2614 
f 2617//2617 2618//2618 2619//2619 
f 2619//2619 2614//2614 2617//2617 
f 2620//2620 2621//2621 2622//2622 
f 2622//2622 2617//2617 2620//2620 
f 2621//2621 2620//2620 2623//2623 
f 2624//2624 2625//2625 2626//2626 
f 2625//2625 2627//2627 2626//2626 
f 2626//2626 2601//2601 2624//2624 
f 2623//2623 2628//2628 2621//2621 
f 2622//2622 2618//2618 2617//2617 
f 2619//2619 2615//2615 2614//2614 
f 2616//2616 2612//2612 2611//2611 
f 2613//2613 2609//2609 2608//2608 
f 2610//2610 2606//2606 2605//2605 
f 2607//2607 2603//2603 2602//2602 
f 2604//2604 2599//2599 2598//2598 
f 2600//2600 2624//2624 2601//2601 
v -0.0237664 0.04175 0.0228423 
v -0.0235422 0.04175 0.022894 
v -0.0235738 0.04175 0.0228911 
v -0.0237808 0.04175 0.0228445 
v -0.0239829 0.04175 0.0227667 
v -0.0239817 0.04175 0.0227762 
v -0.0241742 0.04175 0.022687 
v -0.024189 0.04175 0.0226685 
v -0.0243562 0.04175 0.0225779 
v -0.0243818 0.04175 0.0225492 
v -0.0245256 0.04175 0.0224501 
v -0.0245592 0.04175 0.0224107 
v -0.0246805 0.04175 0.0223051 
v -0.0247191 0.04175 0.022255 
v -0.0248192 0.04175 0.0221445 
v -0.0248599 0.04175 0.0220844 
v -0.0249401 0.04175 0.0219702 
v -0.0250041 0.04175 0.0218587 
v -0.0249779 0.04175 0.0218996 
v -0.0234591 0.04175 0.022907 
vn 6.12323e-17 -1 0 
vn 6.12323e-17 -1 0 
vn 6.12323e-17 -1 0 
vn 6.12323e-17 -1 0 
vn 6.12323e-17 -1 0 
vn 6.12323e-17 -1 0 
vn 6.12323e-17 -1 0 
vn 6.12323e-17 -1 0 
vn 6.12323e-17 -1 0 
vn 6.12323e-17 -1 0 
vn 6.12323e-17 -1 0 
vn 6.12323e-17 -1 0 
vn 6.12323e-17 -1 0 
vn 6.12323e-17 -1 0 
vn 6.12323e-17 -1 0 
vn 6.12323e-17 -1 0 
vn 6.12323e-17 -1 0 
vn 6.12323e-17 -1 0 
vn 6.12323e-17 -1 0 
vn 6.12323e-17 -1 0 
f 2629//2629 2630//2630 2631//2631 
f 2631//2631 2632//2632 2629//2629 
f 2633//2633 2629//2629 2632//2632 
f 2632//2632 2634//2634 2633//2633 
f 2633//2633 2634//2634 2635//2635 
f 2635//2635 2636//2636 2633//2633 
f 2636//2636 2635//2635 2637//2637 
f 2637//2637 2638//2638 2636//2636 
f 2639//2639 2640//2640 2638//2638 
f 2638//2638 2637//2637 2639//2639 
f 2641//2641 2642//2642 2640//2640 
f 2640//2640 2639//2639 2641//2641 
f 2643//2643 2644//2644 2642//2642 
f 2645//2645 2646//2646 2647//2647 
f 2642//2642 2641//2641 2643//2643 
f 2647//2647 2644//2644 2645//2645 
f 2644//2644 2643//2643 2645//2645 
f 2630//2630 2648//2648 2631//2631 
v -0.0239718 0.0397076 0.0228353 
v -0.024051 0.0384246 0.0228023 
v -0.0238142 0.0390276 0.0228499 
v -0.0238449 0.038422 0.0228355 
v -0.0241588 0.0397281 0.0227865 
v -0.0242525 0.0384277 0.0227477 
v -0.0243401 0.0397485 0.0227196 
v -0.0244473 0.0384313 0.0226725 
v -0.0245141 0.0397684 0.0226353 
v -0.0246331 0.0384353 0.0225774 
v -0.0246791 0.0397879 0.0225345 
v -0.024808 0.0384398 0.0224634 
v -0.0248336 0.0398065 0.0224179 
v -0.0249701 0.0384445 0.0223318 
v -0.024976 0.0398243 0.0222869 
v -0.0251176 0.0384496 0.0221841 
v -0.0251051 0.039841 0.0221425 
v -0.0252488 0.0384549 0.0220217 
v -0.0252196 0.0398565 0.0219862 
v -0.0253624 0.0384604 0.0218466 
v -0.0253184 0.0398705 0.0218195 
v -0.0254571 0.0384661 0.0216606 
v -0.0254349 0.0395152 0.0215974 
v -0.0254006 0.0398831 0.0216438 
v -0.0238157 0.040734 0.0228592 
v -0.0237544 0.0398752 0.0228697 
v -0.0237809 0.0396871 0.0228657 
v -0.0238331 0.0407374 0.0228547 
v -0.0240237 0.0407744 0.0228026 
v -0.0239898 0.0407678 0.0228147 
v -0.0243223 0.0408334 0.0226781 
v -0.0243846 0.0408458 0.0226418 
v -0.0245513 0.0408795 0.0225347 
v -0.0244779 0.0408646 0.0225872 
v -0.0247066 0.0409114 0.0224112 
v -0.0246246 0.0408944 0.0224822 
v -0.024849 0.0409411 0.0222726 
v -0.0247613 0.0409227 0.0223639 
v -0.0249997 0.0409733 0.0220918 
v -0.0250896 0.0409931 0.0219553 
v -0.0250996 0.0409953 0.0219402 
v -0.0252762 0.0405373 0.0217224 
v -0.0251854 0.0410149 0.0217799 
v -0.0248866 0.0409491 0.0222334 
v -0.0241592 0.040801 0.0227542 
v -0.0236382 0.0407 0.0228873 
v -0.0255319 0.0384718 0.0214657 
vn -0.205256 -0.00112661 0.978708 
vn -0.210627 -0.0235883 0.977282 
vn -0.101424 -0.018922 0.994663 
vn -0.10756 -0.0248885 0.993887 
vn -0.298759 0.00912954 0.954285 
vn -0.311399 -0.022031 0.950024 
vn -0.38944 0.0192995 0.92085 
vn -0.408776 -0.0202336 0.91241 
vn -0.476443 0.0292871 0.878717 
vn -0.501698 -0.0182157 0.864851 
vn -0.558947 0.0389982 0.828286 
vn -0.589151 -0.0159991 0.807865 
vn -0.636171 0.0483409 0.770032 
vn -0.670181 -0.0136082 0.742072 
vn -0.707387 0.0572271 0.704506 
vn -0.743907 -0.011069 0.668191 
vn -0.771923 0.0655728 0.632326 
vn -0.809524 -0.00840905 0.587027 
vn -0.829168 0.0732992 0.554173 
vn -0.866317 -0.00565748 0.499463 
vn -0.878582 0.0803333 0.470788 
vn -0.913666 -0.00284424 0.406455 
vn -0.928446 0.063817 0.365946 
vn -0.919698 0.0866088 0.382955 
vn -0.199137 0.0170234 0.979824 
vn -0.106883 -0.00966689 0.994225 
vn -0.109814 -0.0113721 0.993887 
vn -0.207918 0.0187177 0.977967 
vn -0.303341 0.0372477 0.952154 
vn -0.286208 0.0339044 0.957567 
vn -0.452462 0.0666772 0.889288 
vn -0.484062 0.072997 0.871983 
vn -0.567528 0.0898537 0.818437 
vn -0.530255 0.0822949 0.843835 
vn -0.645251 0.105801 0.756609 
vn -0.603614 0.0972245 0.791327 
vn -0.716444 0.120678 0.687128 
vn -0.671926 0.111341 0.732201 
vn -0.79117 0.136671 0.596129 
vn -0.83643 0.146628 0.528096 
vn -0.841106 0.147673 0.52032 
vn -0.899329 0.127328 0.418323 
vn -0.884009 0.15744 0.440161 
vn -0.734619 0.124527 0.666954 
vn -0.370885 0.0505019 0.927304 
vn -0.110402 0 0.993887 
vn -0.951057 0 0.309017 
f 2649//2649 2650//2650 2651//2651 
f 2650//2650 2652//2652 2651//2651 
f 2653//2653 2654//2654 2650//2650 
f 2655//2655 2656//2656 2654//2654 
f 2657//2657 2658//2658 2656//2656 
f 2659//2659 2660//2660 2658//2658 
f 2661//2661 2662//2662 2660//2660 
f 2663//2663 2664//2664 2662//2662 
f 2665//2665 2666//2666 2664//2664 
f 2667//2667 2668//2668 2666//2666 
f 2669//2669 2670//2670 2668//2668 
f 2670//2670 2669//2669 2671//2671 
f 2669//2669 2672//2672 2671//2671 
f 2673//2673 2649//2649 2674//2674 
f 2649//2649 2675//2675 2674//2674 
f 2653//2653 2649//2649 2676//2676 
f 2649//2649 2673//2673 2676//2676 
f 2655//2655 2653//2653 2677//2677 
f 2653//2653 2678//2678 2677//2677 
f 2679//2679 2657//2657 2655//2655 
f 2659//2659 2657//2657 2680//2680 
f 2657//2657 2679//2679 2680//2680 
f 2661//2661 2659//2659 2681//2681 
f 2659//2659 2682//2682 2681//2681 
f 2663//2663 2661//2661 2683//2683 
f 2661//2661 2684//2684 2683//2683 
f 2665//2665 2663//2663 2685//2685 
f 2663//2663 2686//2686 2685//2685 
f 2687//2687 2667//2667 2665//2665 
f 2669//2669 2667//2667 2688//2688 
f 2667//2667 2687//2687 2688//2688 
f 2669//2669 2689//2689 2690//2690 
f 2689//2689 2691//2691 2690//2690 
f 2690//2690 2672//2672 2669//2669 
f 2688//2688 2689//2689 2669//2669 
f 2665//2665 2692//2692 2687//2687 
f 2685//2685 2692//2692 2665//2665 
f 2683//2683 2686//2686 2663//2663 
f 2681//2681 2684//2684 2661//2661 
f 2680//2680 2682//2682 2659//2659 
f 2655//2655 2693//2693 2679//2679 
f 2677//2677 2693//2693 2655//2655 
f 2676//2676 2678//2678 2653//2653 
f 2674//2674 2694//2694 2673//2673 
f 2671//2671 2695//2695 2670//2670 
f 2668//2668 2667//2667 2669//2669 
f 2666//2666 2665//2665 2667//2667 
f 2664//2664 2663//2663 2665//2665 
f 2662//2662 2661//2661 2663//2663 
f 2660//2660 2659//2659 2661//2661 
f 2658//2658 2657//2657 2659//2659 
f 2656//2656 2655//2655 2657//2657 
f 2654//2654 2653//2653 2655//2655 
f 2650//2650 2649//2649 2653//2653 
f 2651//2651 2675//2675 2649//2649 
v -0.0212431 0.0387616 0.0231251 
v -0.0238459 0.0381585 0.022828 
v -0.0238471 0.0378479 0.0228192 
v -0.02385 0.0372746 0.0227995 
v -0.0236382 0.0407 0.0228873 
v -0.0237544 0.0398752 0.0228697 
v -0.018856 0.0400974 0.0234097 
v -0.0237809 0.0396871 0.0228657 
v -0.0199769 0.0394701 0.0232761 
v -0.0238142 0.0390276 0.0228499 
v -0.0238449 0.038422 0.0228355 
v -0.0211205 0.0388301 0.0231397 
v -0.0177792 0.0407 0.0235381 
vn -0.106648 -0.0285421 0.993887 
vn -0.106898 -0.0275933 0.993887 
vn -0.106043 -0.030714 0.993887 
vn -0.104276 -0.0362625 0.993887 
vn -0.110402 1.01203e-32 0.993887 
vn -0.110009 -0.00930218 0.993887 
vn -0.109561 -0.0135958 0.993887 
vn -0.109814 -0.0113721 0.993887 
vn -0.108136 -0.0222513 0.993887 
vn -0.108833 -0.0185462 0.993887 
vn -0.10756 -0.0248885 0.993887 
vn -0.106781 -0.0280409 0.993887 
vn -0.110402 1.00609e-32 0.993887 
f 2696//2696 2697//2697 2698//2698 
f 2698//2698 2699//2699 2696//2696 
f 2700//2700 2701//2701 2702//2702 
f 2701//2701 2703//2703 2704//2704 
f 2704//2704 2702//2702 2701//2701 
f 2705//2705 2706//2706 2707//2707 
f 2707//2707 2704//2704 2705//2705 
f 2706//2706 2697//2697 2707//2707 
f 2703//2703 2705//2705 2704//2704 
f 2702//2702 2708//2708 2700//2700 
f 2696//2696 2707//2707 2697//2697 
v -0.0254623 0.0379023 0.0216445 
v -0.0254571 0.0384661 0.0216606 
v -0.0255319 0.0384718 0.0214657 
v -0.0253624 0.0384604 0.0218466 
v -0.0252488 0.0384549 0.0220217 
v -0.0253674 0.0378954 0.0218307 
v -0.0251176 0.0384496 0.0221841 
v -0.0252536 0.0378886 0.022006 
v -0.0249701 0.0384445 0.0223318 
v -0.0251221 0.037882 0.0221685 
v -0.024808 0.0384398 0.0224634 
v -0.0249744 0.0378757 0.0223163 
v -0.0246331 0.0384353 0.0225774 
v -0.024812 0.0378698 0.0224479 
v -0.0244473 0.0384313 0.0226725 
v -0.0246368 0.0378644 0.0225618 
v -0.0242525 0.0384277 0.0227477 
v -0.0244506 0.0378594 0.0226569 
v -0.024051 0.0384246 0.0228023 
v -0.0242555 0.037855 0.0227319 
v -0.0240536 0.0378511 0.0227862 
v -0.0238471 0.0378479 0.0228192 
v -0.0238459 0.0381585 0.022828 
v -0.0254685 0.0373389 0.0216251 
v -0.0255372 0.0379093 0.0214494 
v -0.0253735 0.0373307 0.0218116 
v -0.0252595 0.0373226 0.0219871 
v -0.0251277 0.0373149 0.0221497 
v -0.0249796 0.0373075 0.0222976 
v -0.0248169 0.0373005 0.0224292 
v -0.0246412 0.037294 0.0225431 
v -0.0244546 0.0372882 0.022638 
v -0.0242591 0.0372829 0.0227129 
v -0.0240568 0.0372784 0.0227669 
v -0.02385 0.0372746 0.0227995 
v -0.0255435 0.0373472 0.0214298 
v -0.0238449 0.038422 0.0228355 
vn -0.913614 -0.00351231 0.406567 
vn -0.913666 -0.00284424 0.406455 
vn -0.951057 0 0.309017 
vn -0.866317 -0.00565748 0.499463 
vn -0.809524 -0.00840905 0.587027 
vn -0.866186 -0.00698623 0.499674 
vn -0.743907 -0.011069 0.668191 
vn -0.809289 -0.0103838 0.587318 
vn -0.670181 -0.0136082 0.742072 
vn -0.743547 -0.0136678 0.668544 
vn -0.589151 -0.0159991 0.807865 
vn -0.669678 -0.0168025 0.742461 
vn -0.501698 -0.0182157 0.864851 
vn -0.588489 -0.0197535 0.808264 
vn -0.408776 -0.0202336 0.91241 
vn -0.500868 -0.0224886 0.865232 
vn -0.311399 -0.022031 0.950024 
vn -0.407772 -0.0249779 0.912742 
vn -0.210627 -0.0235883 0.977282 
vn -0.310219 -0.0271942 0.950276 
vn -0.209275 -0.0291132 0.977423 
vn -0.106043 -0.030714 0.993887 
vn -0.106955 -0.0275929 0.993881 
vn -0.913553 -0.00415001 0.406698 
vn -0.951057 0 0.309017 
vn -0.866033 -0.00825452 0.499919 
vn -0.809016 -0.0122685 0.587659 
vn -0.743128 -0.016148 0.668955 
vn -0.669091 -0.0198504 0.742915 
vn -0.587718 -0.0233351 0.808729 
vn -0.4999 -0.026564 0.865676 
vn -0.406601 -0.0295015 0.91313 
vn -0.308843 -0.0321156 0.950571 
vn -0.207698 -0.0343776 0.977589 
vn -0.104276 -0.0362625 0.993887 
vn -0.951057 0 0.309017 
vn -0.10756 -0.0248885 0.993887 
f 2709//2709 2710//2710 2711//2711 
f 2712//2712 2710//2710 2709//2709 
f 2713//2713 2712//2712 2714//2714 
f 2715//2715 2713//2713 2716//2716 
f 2717//2717 2715//2715 2718//2718 
f 2719//2719 2717//2717 2720//2720 
f 2721//2721 2719//2719 2722//2722 
f 2723//2723 2721//2721 2724//2724 
f 2725//2725 2723//2723 2726//2726 
f 2727//2727 2725//2725 2728//2728 
f 2729//2729 2730//2730 2731//2731 
f 2731//2731 2727//2727 2729//2729 
f 2732//2732 2709//2709 2733//2733 
f 2714//2714 2709//2709 2732//2732 
f 2716//2716 2714//2714 2734//2734 
f 2718//2718 2716//2716 2735//2735 
f 2720//2720 2718//2718 2736//2736 
f 2722//2722 2720//2720 2737//2737 
f 2724//2724 2722//2722 2738//2738 
f 2726//2726 2724//2724 2739//2739 
f 2728//2728 2726//2726 2740//2740 
f 2729//2729 2728//2728 2741//2741 
f 2730//2730 2729//2729 2742//2742 
f 2742//2742 2743//2743 2730//2730 
f 2741//2741 2742//2742 2729//2729 
f 2740//2740 2741//2741 2728//2728 
f 2739//2739 2740//2740 2726//2726 
f 2738//2738 2739//2739 2724//2724 
f 2737//2737 2738//2738 2722//2722 
f 2736//2736 2737//2737 2720//2720 
f 2735//2735 2736//2736 2718//2718 
f 2734//2734 2735//2735 2716//2716 
f 2732//2732 2734//2734 2714//2714 
f 2733//2733 2744//2744 2732//2732 
f 2731//2731 2745//2745 2727//2727 
f 2728//2728 2729//2729 2727//2727 
f 2726//2726 2728//2728 2725//2725 
f 2724//2724 2726//2726 2723//2723 
f 2722//2722 2724//2724 2721//2721 
f 2720//2720 2722//2722 2719//2719 
f 2718//2718 2720//2720 2717//2717 
f 2716//2716 2718//2718 2715//2715 
f 2714//2714 2716//2716 2713//2713 
f 2709//2709 2714//2714 2712//2712 
f 2711//2711 2733//2733 2709//2709 
v -0.0235156 0.0351951 0.0248176 
v -0.0233621 0.0352948 0.024749 
v -0.0234965 0.0352264 0.0245526 
v -0.0236581 0.0350799 0.0248855 
v -0.0235298 0.0351836 0.0248244 
v -0.0236436 0.0351233 0.0246095 
v -0.0237804 0.0350059 0.0246643 
v -0.0239057 0.0348753 0.0247165 
v -0.0237882 0.0349502 0.0249521 
v -0.0236841 0.035054 0.0248988 
v -0.0240184 0.0347325 0.0247657 
v -0.0239047 0.0348072 0.0250168 
v -0.0238231 0.0349073 0.0249715 
v -0.0241174 0.0345789 0.0248115 
v -0.0240064 0.0346524 0.0250789 
v -0.0239454 0.0347453 0.0250416 
v -0.024202 0.0344158 0.0248533 
v -0.0240925 0.0344872 0.0251378 
v -0.0240495 0.0345698 0.0251084 
v -0.0242713 0.0342447 0.0248909 
v -0.0241342 0.0343827 0.025171 
v -0.0241621 0.0343131 0.0251931 
v -0.0243247 0.034067 0.0249239 
v -0.0241987 0.0341862 0.0252288 
v -0.0242144 0.0341319 0.0252441 
v -0.0242422 0.0339825 0.0252811 
v -0.0243618 0.0338845 0.0249521 
v -0.0242491 0.0339452 0.0252904 
v -0.0242641 0.0337739 0.0253274 
v -0.0243823 0.0336986 0.0249751 
v -0.0242657 0.0337549 0.0253315 
v -0.0242642 0.0335627 0.0253671 
v -0.0235158 0.0352195 0.0245228 
v -0.0236184 0.0351829 0.0243643 
v -0.0237605 0.035078 0.0244092 
v -0.023893 0.0349599 0.0244509 
v -0.0240147 0.0348297 0.0244889 
v -0.0241247 0.0346884 0.024523 
v -0.024222 0.0345372 0.0245529 
v -0.0243058 0.0343774 0.0245782 
v -0.0243755 0.0342103 0.024599 
v -0.0244305 0.0340372 0.0246148 
v -0.0244703 0.0338597 0.0246257 
v -0.0243858 0.033511 0.0249928 
v -0.0244945 0.0336791 0.0246314 
v -0.0236565 0.035176 0.0243018 
v -0.0237286 0.0351628 0.0241834 
v -0.0238669 0.0350575 0.0242163 
v -0.0239963 0.0349402 0.024245 
v -0.0241156 0.0348118 0.0242691 
v -0.0242239 0.0346732 0.0242884 
v -0.0243204 0.0345256 0.0243029 
v -0.0244044 0.0343702 0.0243124 
v -0.0244751 0.034208 0.0243169 
v -0.024532 0.0340405 0.0243162 
v -0.0245747 0.0338689 0.0243105 
v -0.024503 0.0334971 0.0246321 
v -0.0246028 0.0336945 0.0242997 
v -0.0237615 0.0351612 0.0241269 
v -0.023899 0.0350561 0.024156 
v -0.0240275 0.0349394 0.0241805 
v -0.0241463 0.0348118 0.0242001 
v -0.0242543 0.0346743 0.0242149 
v -0.0243508 0.0345281 0.0242245 
v -0.0244349 0.0343743 0.024229 
v -0.024506 0.0342139 0.0242284 
v -0.0245637 0.0340484 0.0242226 
v -0.0246074 0.0338788 0.0242116 
v -0.0246162 0.0335188 0.0242839 
v -0.0246368 0.0337066 0.0241957 
v -0.0237838 0.0351621 0.0240876 
v -0.0238079 0.035163 0.0240451 
v -0.0239442 0.0350586 0.0240686 
v -0.0240719 0.0349428 0.024087 
v -0.02419 0.0348167 0.0241002 
v -0.0242978 0.0346812 0.0241082 
v -0.0243943 0.0345372 0.0241108 
v -0.0244788 0.0343859 0.0241081 
v -0.0245507 0.0342284 0.0241001 
v -0.0246095 0.0340659 0.0240868 
v -0.0246547 0.0338996 0.0240683 
v -0.0246516 0.0335331 0.0241748 
v -0.024686 0.0337307 0.0240448 
v -0.0238511 0.0351698 0.0239659 
v -0.0239866 0.0350662 0.0239839 
v -0.0241137 0.0349518 0.0239964 
v -0.0242315 0.0348274 0.0240033 
v -0.0243392 0.034694 0.0240047 
v -0.0244359 0.0345525 0.0240006 
v -0.024521 0.0344039 0.0239908 
v -0.0245938 0.0342494 0.0239756 
v -0.0246538 0.0340901 0.023955 
v -0.0247006 0.0339272 0.0239292 
v -0.0247031 0.0335606 0.0240164 
v -0.0247337 0.0337618 0.0238983 
v -0.0238915 0.0351813 0.0238892 
v -0.0240264 0.0350789 0.0239018 
v -0.0241531 0.0349661 0.0239085 
v -0.0242708 0.0348437 0.0239094 
v -0.0243786 0.0347126 0.0239044 
v -0.0244758 0.0345737 0.0238936 
v -0.0245616 0.0344281 0.023877 
v -0.0246354 0.0342768 0.0238548 
v -0.0246967 0.0341209 0.0238271 
v -0.0247451 0.0339615 0.0237941 
v -0.024753 0.0335952 0.0238626 
v -0.0247801 0.0337997 0.0237561 
v -0.0238943 0.0351825 0.0238836 
v -0.023929 0.0351974 0.0238149 
v -0.0240636 0.0350964 0.0238222 
v -0.0241902 0.0349855 0.0238233 
v -0.024308 0.0348653 0.0238183 
v -0.0244162 0.0347368 0.023807 
v -0.024514 0.0346008 0.0237897 
v -0.0246006 0.0344583 0.0237665 
v -0.0246755 0.0343103 0.0237375 
v -0.0247382 0.0341579 0.0237028 
v -0.0247882 0.0340022 0.0236629 
v -0.0248016 0.0336368 0.0237133 
v -0.0248251 0.0338442 0.0236179 
v -0.0239638 0.035218 0.0237429 
v -0.0240983 0.0351188 0.023745 
v -0.024225 0.0350099 0.0237407 
v -0.0243432 0.0348922 0.0237299 
v -0.0244519 0.0347665 0.0237126 
v -0.0245504 0.0346335 0.023689 
v -0.0246381 0.0344943 0.0236592 
v -0.0247143 0.0343499 0.0236236 
v -0.0247784 0.0342012 0.0235822 
v -0.02483 0.0340493 0.0235354 
v -0.0248487 0.0336851 0.0235682 
v -0.0248689 0.0338952 0.0234836 
v -0.0239959 0.0352431 0.023673 
v -0.0241306 0.0351459 0.0236702 
v -0.0242577 0.0350394 0.0236606 
v -0.0243764 0.0349243 0.0236441 
v -0.0244858 0.0348015 0.0236209 
v -0.0245853 0.0346719 0.0235912 
v -0.0246741 0.0345362 0.0235551 
v -0.0247516 0.0343954 0.023513 
v -0.0248173 0.0342506 0.023465 
v -0.0248706 0.0341026 0.0234116 
v -0.0248946 0.03374 0.0234271 
v -0.0249114 0.0339526 0.023353 
v -0.0240239 0.035271 0.0236087 
v -0.024159 0.0351759 0.0236014 
v -0.0242866 0.0350718 0.0235869 
v -0.024406 0.0349596 0.0235652 
v -0.0245164 0.0348398 0.0235366 
v -0.0246169 0.0347134 0.0235012 
v -0.0247069 0.0345812 0.0234593 
v -0.0247858 0.0344441 0.0234111 
v -0.024853 0.034303 0.023357 
v -0.024908 0.034159 0.0232974 
v -0.0249392 0.0338015 0.0232898 
v -0.0249506 0.0340129 0.0232326 
v -0.0240498 0.0353032 0.0235457 
v -0.0241855 0.0352105 0.023534 
v -0.0243139 0.0351091 0.0235147 
v -0.0244342 0.0349998 0.0234879 
v -0.0245456 0.0348833 0.023454 
v -0.0246473 0.0347604 0.023413 
v -0.0247387 0.0346318 0.0233653 
v -0.024819 0.0344986 0.0233112 
v -0.0248879 0.0343615 0.023251 
v -0.0249447 0.0342216 0.0231852 
v -0.0249803 0.0338659 0.0231631 
v -0.0249891 0.0340797 0.0231142 
v -0.0242114 0.0352524 0.023464 
v -0.0240619 0.035322 0.0235142 
v -0.0243409 0.0351541 0.0234398 
v -0.0244624 0.0350482 0.0234078 
v -0.0245751 0.0349354 0.0233683 
v -0.0246783 0.0348163 0.0233215 
v -0.0247713 0.0346919 0.0232678 
v -0.0248533 0.034563 0.0232074 
v -0.024924 0.0344304 0.0231409 
v -0.0249827 0.034295 0.0230686 
v -0.0250208 0.0339368 0.0230385 
v -0.0250291 0.0341577 0.0229911 
v -0.0240748 0.0353423 0.0234803 
v -0.0240969 0.0353855 0.023418 
v -0.0242346 0.0352986 0.0233974 
v -0.0243653 0.0352036 0.0233685 
v -0.0244882 0.0351013 0.0233315 
v -0.0246024 0.0349923 0.0232867 
v -0.0247072 0.0348774 0.0232343 
v -0.0248019 0.0347573 0.0231747 
v -0.0248858 0.0346328 0.0231084 
v -0.0249583 0.0345047 0.0230357 
v -0.025019 0.034374 0.0229571 
v -0.025063 0.0340196 0.0229088 
v -0.0250674 0.0342415 0.0228732 
v -0.024255 0.0353491 0.0233339 
v -0.0243872 0.0352577 0.0233006 
v -0.0245117 0.0351591 0.0232588 
v -0.0246276 0.0350541 0.0232089 
v -0.0247342 0.0349434 0.0231512 
v -0.0248307 0.0348277 0.023086 
v -0.0249165 0.0347078 0.0230138 
v -0.0249909 0.0345844 0.0229351 
v -0.0250536 0.0344585 0.0228505 
v -0.025142 0.0342024 0.0226655 
v -0.0251033 0.0341081 0.0227846 
v -0.0242727 0.0354039 0.0232734 
v -0.0241159 0.0354328 0.0233585 
v -0.0244066 0.0353161 0.0232359 
v -0.0245329 0.0352215 0.0231896 
v -0.0246507 0.0351207 0.0231349 
v -0.0247592 0.0350144 0.023072 
v -0.0248576 0.0349032 0.0230014 
v -0.0249454 0.034788 0.0229237 
v -0.0250219 0.0346695 0.0228392 
v -0.0251041 0.0343309 0.0227604 
v -0.0250867 0.0345486 0.0227486 
v -0.0251791 0.0343025 0.0225515 
v -0.0242879 0.0354629 0.0232158 
v -0.0241321 0.0354842 0.0233018 
v -0.0244236 0.035379 0.0231745 
v -0.0245519 0.0352886 0.0231239 
v -0.0246717 0.0351921 0.0230646 
v -0.0247822 0.0350903 0.0229968 
v -0.0248828 0.0349839 0.022921 
v -0.0249727 0.0348735 0.0228378 
v -0.0250513 0.03476 0.0227477 
v -0.0251391 0.0344259 0.0226525 
v -0.0251181 0.0346441 0.0226513 
v -0.0252145 0.0344084 0.0224423 
v -0.0243014 0.0355324 0.0231563 
v -0.0241455 0.0355397 0.0232478 
v -0.0241534 0.0355852 0.0232088 
v -0.0244394 0.0354529 0.023111 
v -0.02457 0.0353671 0.0230561 
v -0.0246922 0.0352756 0.0229919 
v -0.0248052 0.0351789 0.022919 
v -0.0249083 0.0350778 0.0228377 
v -0.0250006 0.034973 0.0227488 
v -0.0250816 0.0348651 0.0226527 
v -0.0251726 0.0345267 0.0225493 
v -0.0251507 0.034755 0.0225501 
v -0.0252515 0.0345308 0.0223285 
v -0.0243118 0.035607 0.0231003 
v -0.0241568 0.035605 0.0231917 
v -0.0244523 0.0355322 0.0230513 
v -0.0245855 0.0354512 0.0229923 
v -0.0247103 0.0353648 0.0229236 
v -0.024826 0.0352735 0.0228458 
v -0.0249316 0.035178 0.0227593 
v -0.0250265 0.0350788 0.0226648 
v -0.02511 0.0349768 0.0225629 
v -0.0252075 0.0346433 0.0224418 
v -0.0251815 0.0348725 0.0224544 
v -0.0252867 0.0346603 0.0222203 
v -0.0243189 0.035686 0.0230484 
v -0.0241647 0.0356753 0.0231389 
v -0.0244622 0.0356159 0.0229962 
v -0.0245981 0.03554 0.0229334 
v -0.0247258 0.0354588 0.0228605 
v -0.0248442 0.035373 0.0227781 
v -0.0249525 0.0352831 0.0226867 
v -0.0250501 0.0351898 0.0225869 
v -0.0251361 0.0350937 0.0224794 
v -0.0252405 0.0347668 0.0223399 
v -0.02521 0.0349954 0.0223651 
v -0.0253196 0.0347955 0.022119 
v -0.0243228 0.0357691 0.0230006 
v -0.0241692 0.0357498 0.0230897 
v -0.024469 0.0357039 0.0229455 
v -0.0246079 0.0356331 0.0228793 
v -0.0247385 0.0355573 0.0228026 
v -0.0248599 0.0354771 0.0227159 
v -0.0249711 0.035393 0.0226197 
v -0.0250714 0.0353056 0.0225149 
v -0.0251601 0.0352156 0.0224021 
v -0.0252713 0.0348958 0.0222447 
v -0.0252364 0.0351236 0.0222822 
v -0.0253503 0.0349362 0.0220245 
v -0.0243235 0.0358565 0.0229568 
v -0.0241703 0.0358284 0.0230443 
v -0.0244729 0.0357962 0.0228991 
v -0.0246149 0.0357307 0.0228299 
v -0.0247487 0.0356604 0.0227497 
v -0.0248731 0.0355859 0.0226589 
v -0.0249873 0.0355077 0.0225584 
v -0.0250905 0.0354265 0.0224488 
v -0.0251818 0.0353427 0.0223309 
v -0.0253 0.0350302 0.0221561 
v -0.0252607 0.035257 0.0222057 
v -0.0253789 0.0350823 0.0219366 
v -0.0243211 0.0359481 0.0229169 
v -0.024168 0.0359111 0.0230024 
v -0.0241647 0.0359609 0.0229804 
v -0.0244737 0.0358928 0.0228572 
v -0.0246191 0.0358327 0.0227853 
v -0.0247562 0.0357681 0.0227018 
v -0.0248838 0.0356995 0.0226073 
v -0.0250012 0.0356274 0.0225027 
v -0.0251073 0.0355523 0.0223885 
v -0.0252015 0.0354749 0.0222657 
v -0.0253266 0.03517 0.0220739 
v -0.0252829 0.0353957 0.0221353 
v -0.0254053 0.0352342 0.0218552 
v -0.024315 0.0360496 0.0228791 
v -0.0241623 0.0359979 0.0229641 
v -0.0244713 0.0359998 0.0228175 
v -0.0246205 0.0359455 0.0227431 
v -0.0247612 0.035887 0.0226566 
v -0.0248925 0.0358247 0.0225586 
v -0.0250133 0.0357592 0.0224498 
v -0.0251227 0.0356909 0.0223311 
v -0.0252199 0.0356204 0.0222034 
v -0.025351 0.0353152 0.0219981 
v -0.025304 0.0355482 0.0220676 
v -0.0254309 0.035401 0.0217763 
v -0.0243054 0.036155 0.0228461 
v -0.0241526 0.0360944 0.0229275 
v -0.0244656 0.0361108 0.0227831 
v -0.0246187 0.0360623 0.0227067 
v -0.0247633 0.0360099 0.0226175 
v -0.0248983 0.0359541 0.0225162 
v -0.0250227 0.0358953 0.0224037 
v -0.0251354 0.0358339 0.0222807 
v -0.0252357 0.0357705 0.0221483 
v -0.0253746 0.0354749 0.0219249 
v -0.0253227 0.0357055 0.0220075 
v -0.025454 0.0355729 0.0217053 
v -0.0242912 0.0362722 0.0228159 
v -0.0241392 0.0361947 0.0228952 
v -0.0244558 0.0362339 0.0227519 
v -0.0246132 0.0361918 0.0226738 
v -0.0247621 0.0361461 0.0225822 
v -0.0249013 0.0360973 0.0224779 
v -0.0250297 0.0360458 0.0223616 
v -0.0251462 0.0359919 0.0222344 
v -0.0252498 0.0359362 0.0220973 
v -0.0253956 0.0356394 0.0218595 
v -0.0253398 0.0358791 0.0219514 
v -0.0254759 0.0357625 0.021638 
v -0.0242513 0.0365171 0.0227723 
v -0.0241208 0.0363064 0.0228652 
v -0.0240941 0.0364344 0.0228407 
v -0.024425 0.0364905 0.0227079 
v -0.0245916 0.036461 0.0226279 
v -0.0247496 0.0364288 0.0225328 
v -0.0248976 0.0363942 0.0224236 
v -0.0250342 0.0363576 0.0223012 
v -0.0251584 0.0363191 0.0221666 
v -0.0252691 0.0362792 0.022021 
v -0.0254153 0.035821 0.0217979 
v -0.0253651 0.0362381 0.0218657 
v -0.0255105 0.0361543 0.0215316 
v -0.0241956 0.0367781 0.0227503 
v -0.024072 0.0365405 0.0228203 
v -0.0240305 0.0366998 0.0228042 
v -0.0243791 0.0367631 0.0226878 
v -0.0245555 0.0367463 0.0226078 
v -0.0247233 0.0367277 0.0225111 
v -0.0248806 0.0367077 0.0223986 
v -0.0250262 0.0366863 0.0222714 
v -0.0251586 0.0366638 0.0221308 
v -0.0252765 0.0366404 0.0219779 
v -0.0254458 0.0361964 0.0217021 
v -0.0253789 0.0366163 0.0218144 
v -0.0255333 0.0365669 0.0214613 
v -0.0241763 0.0368573 0.0227481 
v -0.0240067 0.036791 0.0227949 
v -0.0243628 0.0368456 0.0226865 
v -0.0245422 0.0368325 0.0226068 
v -0.0247129 0.036818 0.02251 
v -0.0248731 0.0368023 0.0223969 
v -0.0250214 0.0367855 0.0222687 
v -0.0251563 0.0367678 0.0221265 
v -0.0252764 0.0367493 0.0219718 
v -0.0254648 0.0365917 0.0216416 
v -0.0253807 0.0367303 0.021806 
v -0.0255377 0.0366913 0.0214478 
v -0.0239845 0.0368673 0.0227912 
v -0.0239479 0.0369814 0.0227917 
v -0.024095 0.0371539 0.0227562 
v -0.0242926 0.0371539 0.0226995 
v -0.0244833 0.0371539 0.0226228 
v -0.0246652 0.0371539 0.0225269 
v -0.0248363 0.037154 0.0224128 
v -0.0249947 0.037154 0.0222818 
v -0.0251389 0.037154 0.0221352 
v -0.0252672 0.037154 0.0219745 
v -0.025468 0.0367109 0.0216308 
v -0.0253784 0.0371541 0.0218016 
v -0.0255447 0.0371541 0.0214261 
v -0.0240568 0.0372784 0.0227669 
v -0.0238925 0.0371539 0.0227924 
v -0.0242591 0.0372829 0.0227129 
v -0.0244546 0.0372882 0.022638 
v -0.0246412 0.037294 0.0225431 
v -0.0248169 0.0373005 0.0224292 
v -0.0249796 0.0373075 0.0222976 
v -0.0251277 0.0373149 0.0221497 
v -0.0252595 0.0373226 0.0219871 
v -0.0253735 0.0373307 0.0218116 
v -0.0254685 0.0373389 0.0216251 
v -0.0254712 0.0371541 0.0216181 
v -0.0255435 0.0373472 0.0214298 
v -0.02385 0.0372746 0.0227995 
vn -0.576745 0.816205 0.0342819 
vn -0.5 0.866025 1.56125e-14 
vn -0.506411 0.857695 0.0889172 
vn -0.647984 0.758592 0.0682366 
vn -0.584116 0.810795 0.0376916 
vn -0.579957 0.80615 0.117359 
vn -0.648355 0.747449 0.144758 
vn -0.711 0.682115 0.170874 
vn -0.713036 0.693736 0.10154 
vn -0.661494 0.746195 0.0749519 
vn -0.767334 0.610728 0.195472 
vn -0.771281 0.622257 0.133873 
vn -0.731239 0.672972 0.111349 
vn -0.816859 0.53392 0.218336 
vn -0.822162 0.544838 0.164929 
vn -0.79254 0.591971 0.146462 
vn -0.859134 0.452374 0.239262 
vn -0.865194 0.462217 0.19441 
vn -0.844687 0.504129 0.179884 
vn -0.893784 0.366813 0.258065 
vn -0.887075 0.410463 0.211228 
vn -0.899966 0.375183 0.222035 
vn -0.920503 0.277997 0.274578 
vn -0.919215 0.312058 0.240131 
vn -0.926146 0.284567 0.24754 
vn -0.940736 0.210054 0.266259 
vn -0.939051 0.186713 0.288653 
vn -0.943483 0.191234 0.270682 
vn -0.95139 0.105631 0.28931 
vn -0.949266 0.0937728 0.300167 
vn -0.951813 0.0960757 0.29124 
vn -0.951057 0 0.309017 
vn -0.506609 0.856093 0.102231 
vn -0.508761 0.842912 0.175104 
vn -0.579799 0.790441 0.197576 
vn -0.646022 0.731406 0.218406 
vn -0.706879 0.666297 0.237424 
vn -0.761867 0.595654 0.254469 
vn -0.810528 0.520065 0.269401 
vn -0.852457 0.440157 0.282096 
vn -0.887307 0.356594 0.292448 
vn -0.914789 0.270069 0.300372 
vn -0.934674 0.181302 0.305801 
vn -0.951057 0 0.309017 
vn -0.946797 0.091029 0.308691 
vn -0.507891 0.837018 0.203585 
vn -0.507272 0.822022 0.258758 
vn -0.576451 0.769387 0.275221 
vn -0.641119 0.710731 0.28953 
vn -0.700769 0.646512 0.301573 
vn -0.754933 0.577232 0.311255 
vn -0.803188 0.503434 0.318501 
vn -0.845157 0.425695 0.323254 
vn -0.88051 0.344625 0.325477 
vn -0.908972 0.260857 0.325152 
vn -0.930319 0.175047 0.322282 
vn -0.951057 0 0.309017 
vn -0.944383 0.0878676 0.31689 
vn -0.506001 0.814054 0.285094 
vn -0.574717 0.761525 0.299634 
vn -0.639013 0.703136 0.311868 
vn -0.698392 0.639339 0.321704 
vn -0.752399 0.570624 0.329065 
vn -0.800618 0.497519 0.333894 
vn -0.842678 0.420587 0.336155 
vn -0.878256 0.340419 0.33583 
vn -0.907077 0.257632 0.332921 
vn -0.928921 0.172864 0.327452 
vn -0.951057 0 0.309017 
vn -0.943618 0.0867657 0.319463 
vn -0.504664 0.808235 0.303432 
vn -0.503439 0.80123 0.323388 
vn -0.571589 0.74899 0.335112 
vn -0.635447 0.691124 0.344319 
vn -0.694531 0.628067 0.350939 
vn -0.748399 0.560293 0.354924 
vn -0.796646 0.48831 0.356243 
vn -0.838909 0.41266 0.354886 
vn -0.874871 0.33391 0.350863 
vn -0.904262 0.252652 0.344206 
vn -0.926861 0.169496 0.334963 
vn -0.951057 0 0.309017 
vn -0.942498 0.0850676 0.323204 
vn -0.500101 0.787285 0.360668 
vn -0.567827 0.735488 0.369635 
vn -0.63138 0.678285 0.375885 
vn -0.690291 0.616096 0.379373 
vn -0.744129 0.549379 0.380072 
vn -0.792498 0.478624 0.377977 
vn -0.835041 0.404351 0.373104 
vn -0.871447 0.327106 0.365489 
vn -0.901447 0.247457 0.355188 
vn -0.924822 0.165989 0.342275 
vn -0.951057 0 0.309017 
vn -0.941399 0.0833005 0.326847 
vn -0.496015 0.772252 0.396985 
vn -0.563451 0.721044 0.403259 
vn -0.626826 0.664639 0.406626 
vn -0.685681 0.603442 0.407062 
vn -0.739593 0.537894 0.404563 
vn -0.788174 0.468469 0.399148 
vn -0.831072 0.395666 0.390855 
vn -0.867979 0.320011 0.379744 
vn -0.898628 0.242049 0.365896 
vn -0.922799 0.162342 0.349409 
vn -0.951057 0 0.309017 
vn -0.940317 0.0814647 0.330404 
vn -0.495614 0.771117 0.399682 
vn -0.491197 0.756153 0.432387 
vn -0.558474 0.705676 0.436037 
vn -0.621793 0.650198 0.436596 
vn -0.680705 0.590111 0.434061 
vn -0.734793 0.525842 0.42845 
vn -0.783673 0.457846 0.419802 
vn -0.826998 0.386605 0.408179 
vn -0.864463 0.312625 0.393662 
vn -0.8958 0.236428 0.376356 
vn -0.920789 0.158556 0.356382 
vn -0.951057 0 0.309017 
vn -0.939251 0.0795599 0.333883 
vn -0.485661 0.739 0.466917 
vn -0.552905 0.68939 0.468014 
vn -0.616288 0.634964 0.465843 
vn -0.675366 0.576104 0.460418 
vn -0.729727 0.513221 0.451778 
vn -0.778992 0.446753 0.439982 
vn -0.822816 0.377164 0.425113 
vn -0.860893 0.304942 0.407275 
vn -0.892958 0.23059 0.386593 
vn -0.918786 0.154627 0.363211 
vn -0.951057 0 0.309017 
vn -0.938198 0.0775845 0.337292 
vn -0.479413 0.720797 0.500614 
vn -0.546747 0.672185 0.499235 
vn -0.610309 0.618935 0.494412 
vn -0.66966 0.561415 0.486177 
vn -0.724391 0.500022 0.474589 
vn -0.774125 0.43518 0.459727 
vn -0.818518 0.367335 0.441693 
vn -0.857265 0.296956 0.420612 
vn -0.890097 0.224528 0.396629 
vn -0.916789 0.150552 0.369909 
vn -0.951057 0 0.309017 
vn -0.937155 0.0755364 0.340638 
vn -0.472833 0.702565 0.531819 
vn -0.540363 0.655018 0.528166 
vn -0.604201 0.602993 0.520904 
vn -0.663908 0.546848 0.510081 
vn -0.719079 0.486965 0.495773 
vn -0.769335 0.423754 0.478076 
vn -0.814333 0.357647 0.457112 
vn -0.853765 0.289096 0.433023 
vn -0.887362 0.218569 0.405975 
vn -0.914895 0.146548 0.376153 
vn -0.951057 0 0.309017 
vn -0.936175 0.0735251 0.34376 
vn -0.46554 0.683191 0.562604 
vn -0.533377 0.636833 0.556734 
vn -0.597596 0.586153 0.547087 
vn -0.657759 0.531497 0.533727 
vn -0.713459 0.473234 0.516745 
vn -0.764318 0.41176 0.496258 
vn -0.809991 0.347492 0.472403 
vn -0.850168 0.280866 0.445342 
vn -0.884575 0.212334 0.41526 
vn -0.912981 0.142362 0.38236 
vn -0.951057 0 0.309017 
vn -0.935192 0.0714231 0.346865 
vn -0.525288 0.616397 0.586623 
vn -0.461262 0.672984 0.578213 
vn -0.590028 0.567276 0.574512 
vn -0.650786 0.514326 0.558522 
vn -0.707149 0.457904 0.538762 
vn -0.758739 0.39839 0.515364 
vn -0.805207 0.336187 0.488488 
vn -0.846239 0.271714 0.458313 
vn -0.881558 0.205407 0.425045 
vn -0.910926 0.137713 0.388907 
vn -0.951057 0 0.309017 
vn -0.934144 0.0690898 0.350144 
vn -0.457002 0.661357 0.594775 
vn -0.447827 0.638691 0.62572 
vn -0.516678 0.595235 0.615418 
vn -0.582049 0.547771 0.600971 
vn -0.6435 0.496617 0.582477 
vn -0.700617 0.442119 0.56006 
vn -0.753015 0.384643 0.533871 
vn -0.800342 0.324576 0.504086 
vn -0.842279 0.262324 0.470906 
vn -0.878543 0.198304 0.434555 
vn -0.90889 0.13295 0.395277 
vn -0.951057 0 0.309017 
vn -0.933115 0.0666994 0.353337 
vn -0.507549 0.573339 0.643176 
vn -0.573656 0.527625 0.626522 
vn -0.635898 0.478356 0.605647 
vn -0.693856 0.425865 0.580692 
vn -0.747139 0.370504 0.551824 
vn -0.795389 0.312646 0.519238 
vn -0.83828 0.252683 0.483155 
vn -0.875523 0.191017 0.443816 
vn -0.906867 0.128064 0.401487 
vn -0.951057 0 0.309017 
vn -0.951057 0 0.309017 
vn -0.4979 0.550697 0.669947 
vn -0.438023 0.615191 0.655497 
vn -0.564846 0.506824 0.651214 
vn -0.627975 0.459525 0.62808 
vn -0.68686 0.409122 0.600702 
vn -0.741104 0.355954 0.569264 
vn -0.79034 0.30038 0.53398 
vn -0.834235 0.242777 0.495088 
vn -0.872492 0.183533 0.452849 
vn -0.932102 0.0642485 0.356453 
vn -0.904854 0.123049 0.407551 
vn -0.951057 0 0.309017 
vn -0.487723 0.527288 0.695769 
vn -0.427589 0.590849 0.684153 
vn -0.555609 0.485344 0.675085 
vn -0.61972 0.440101 0.649815 
vn -0.679619 0.391867 0.620128 
vn -0.734899 0.340971 0.586227 
vn -0.785186 0.287757 0.548342 
vn -0.830136 0.232588 0.506731 
vn -0.869446 0.175838 0.461676 
vn -0.931101 0.0617329 0.359499 
vn -0.902847 0.117894 0.413484 
vn -0.951057 0 0.309017 
vn -0.475987 0.500804 0.722932 
vn -0.416522 0.565649 0.711723 
vn -0.407399 0.545991 0.732066 
vn -0.545016 0.461066 0.700269 
vn -0.610307 0.418165 0.672802 
vn -0.671413 0.372397 0.640723 
vn -0.727914 0.324074 0.604249 
vn -0.779424 0.27353 0.563631 
vn -0.825588 0.221109 0.519148 
vn -0.866091 0.167173 0.471105 
vn -0.930112 0.0591478 0.362482 
vn -0.900654 0.112089 0.419831 
vn -0.951057 0 0.309017 
vn -0.4636 0.473357 0.749005 
vn -0.403694 0.537109 0.740638 
vn -0.53389 0.435922 0.724522 
vn -0.600475 0.395462 0.695011 
vn -0.662891 0.352256 0.660675 
vn -0.720706 0.306605 0.621752 
vn -0.773518 0.258826 0.578514 
vn -0.820961 0.20925 0.531261 
vn -0.862705 0.158222 0.480319 
vn -0.929041 0.0562375 0.365678 
vn -0.89846 0.106096 0.426043 
vn -0.951057 0 0.309017 
vn -0.450698 0.445245 0.773711 
vn -0.390092 0.507506 0.768288 
vn -0.522352 0.410182 0.747595 
vn -0.590327 0.372229 0.716212 
vn -0.654142 0.331653 0.679783 
vn -0.713348 0.28874 0.638564 
vn -0.767528 0.243793 0.592846 
vn -0.8163 0.197128 0.54295 
vn -0.85932 0.149075 0.489229 
vn -0.927979 0.0532325 0.36881 
vn -0.896286 0.0999705 0.432061 
vn -0.951057 0 0.309017 
vn -0.437294 0.416491 0.797063 
vn -0.375867 0.477171 0.794375 
vn -0.510411 0.383858 0.769502 
vn -0.579868 0.348473 0.736423 
vn -0.645168 0.310589 0.698064 
vn -0.705841 0.270478 0.654699 
vn -0.761452 0.228428 0.606639 
vn -0.811604 0.184739 0.554229 
vn -0.855936 0.139726 0.497846 
vn -0.926937 0.0501619 0.371849 
vn -0.89413 0.0937112 0.437892 
vn -0.951057 0 0.309017 
vn -0.423377 0.387064 0.819105 
vn -0.361041 0.446137 0.818909 
vn -0.498053 0.356917 0.790287 
vn -0.569086 0.324159 0.755686 
vn -0.635955 0.28903 0.715558 
vn -0.698172 0.251786 0.670194 
vn -0.755281 0.2127 0.619927 
vn -0.806864 0.172058 0.565125 
vn -0.852544 0.130157 0.506189 
vn -0.925913 0.0470242 0.374798 
vn -0.891988 0.0873041 0.443549 
vn -0.951057 0 0.309017 
vn -0.408934 0.356934 0.839864 
vn -0.345603 0.414379 0.841931 
vn -0.336158 0.395836 0.854583 
vn -0.485265 0.329324 0.809977 
vn -0.557965 0.299251 0.774031 
vn -0.62649 0.266938 0.732293 
vn -0.690329 0.232628 0.685077 
vn -0.749002 0.196578 0.632735 
vn -0.802071 0.159057 0.575659 
vn -0.849139 0.120346 0.514276 
vn -0.924905 0.0438123 0.377665 
vn -0.889854 0.0807343 0.449045 
vn -0.951057 0 0.309017 
vn -0.393074 0.324277 0.860428 
vn -0.329544 0.381873 0.863466 
vn -0.471258 0.299401 0.829624 
vn -0.545821 0.272225 0.792447 
vn -0.616193 0.242959 0.749184 
vn -0.681832 0.211826 0.700167 
vn -0.742235 0.179067 0.645773 
vn -0.796937 0.144932 0.586419 
vn -0.845518 0.109685 0.52256 
vn -0.923912 0.0405187 0.380454 
vn -0.887605 0.0735945 0.454689 
vn -0.951057 0 0.309017 
vn -0.376747 0.291079 0.879394 
vn -0.311872 0.346662 0.884625 
vn -0.45687 0.268958 0.847898 
vn -0.533383 0.244711 0.809703 
vn -0.605682 0.218531 0.76511 
vn -0.673195 0.190624 0.714472 
vn -0.73539 0.161211 0.658189 
vn -0.791774 0.130525 0.596706 
vn -0.841902 0.0988066 0.530507 
vn -0.922875 0.0369391 0.383325 
vn -0.885378 0.066308 0.460118 
vn -0.951057 0 0.309017 
vn -0.358732 0.254899 0.897963 
vn -0.293647 0.310901 0.903942 
vn -0.441026 0.235743 0.86598 
vn -0.519721 0.214663 0.826928 
vn -0.594173 0.191831 0.781127 
vn -0.663776 0.167433 0.728949 
vn -0.727961 0.141669 0.670822 
vn -0.786204 0.114748 0.60722 
vn -0.83803 0.0868908 0.538661 
vn -0.921859 0.0332855 0.386093 
vn -0.883016 0.0583243 0.465705 
vn -0.951057 0 0.309017 
vn -0.321484 0.181409 0.929375 
vn -0.273509 0.271974 0.922618 
vn -0.249621 0.228888 0.940904 
vn -0.408348 0.168129 0.89721 
vn -0.491635 0.153376 0.857188 
vn -0.570618 0.137281 0.80966 
vn -0.644604 0.119983 0.755043 
vn -0.712946 0.101635 0.693814 
vn -0.775045 0.082397 0.626511 
vn -0.830358 0.0624375 0.553721 
vn -0.920794 0.0292816 0.388948 
vn -0.8784 0.0419312 0.476083 
vn -0.951057 0 0.309017 
vn -0.28221 0.105581 0.953525 
vn -0.231806 0.193101 0.953403 
vn -0.202859 0.141448 0.968938 
vn -0.373968 0.098096 0.922239 
vn -0.46219 0.0896833 0.882234 
vn -0.546043 0.0804227 0.833888 
vn -0.624734 0.0704018 0.777658 
vn -0.697517 0.0597152 0.714075 
vn -0.763707 0.0484641 0.643742 
vn -0.822675 0.0367548 0.567322 
vn -0.918751 0.0210578 0.394276 
vn -0.873866 0.0246979 0.485539 
vn -0.951057 0 0.309017 
vn -0.270354 0.0829892 0.959178 
vn -0.187783 0.112068 0.975796 
vn -0.3636 0.0771678 0.928354 
vn -0.453327 0.0705994 0.888544 
vn -0.538666 0.0633478 0.840135 
vn -0.618791 0.055483 0.783594 
vn -0.692927 0.0470812 0.719469 
vn -0.760357 0.0382237 0.64838 
vn -0.820427 0.0289963 0.571016 
vn -0.916795 0.0124076 0.399165 
vn -0.872556 0.0194882 0.488125 
vn -0.951057 0 0.309017 
vn -0.174491 0.0880074 0.980718 
vn -0.153717 0.0525905 0.986714 
vn -0.22617 -0.000111155 0.974088 
vn -0.324983 -0.000103691 0.94572 
vn -0.420361 -9.5131e-05 0.907357 
vn -0.511296 -8.55658e-05 0.859405 
vn -0.596828 -7.50964e-05 0.802369 
vn -0.676051 -6.38333e-05 0.736854 
vn -0.74813 -5.18955e-05 0.663552 
vn -0.812303 -3.94093e-05 0.583236 
vn -0.916241 0.00979148 0.400509 
vn -0.86789 -2.65065e-05 0.496757 
vn -0.951057 0 0.309017 
vn -0.207698 -0.0343776 0.977589 
vn -0.124968 -0.000117444 0.992161 
vn -0.308843 -0.0321156 0.950571 
vn -0.406601 -0.0295015 0.91313 
vn -0.4999 -0.026564 0.865676 
vn -0.587718 -0.0233351 0.808729 
vn -0.669091 -0.0198504 0.742915 
vn -0.743128 -0.016148 0.668955 
vn -0.809016 -0.0122685 0.587659 
vn -0.866033 -0.00825452 0.499919 
vn -0.913553 -0.00415001 0.406698 
vn -0.914305 -1.33237e-05 0.405027 
vn -0.951057 0 0.309017 
vn -0.104276 -0.0362625 0.993887 
f 2746//2746 2747//2747 2748//2748 
f 2749//2749 2750//2750 2751//2751 
f 2751//2751 2752//2752 2749//2749 
f 2752//2752 2753//2753 2754//2754 
f 2754//2754 2755//2755 2752//2752 
f 2753//2753 2756//2756 2757//2757 
f 2757//2757 2758//2758 2753//2753 
f 2759//2759 2760//2760 2761//2761 
f 2761//2761 2756//2756 2759//2759 
f 2762//2762 2763//2763 2764//2764 
f 2764//2764 2759//2759 2762//2762 
f 2762//2762 2765//2765 2766//2766 
f 2765//2765 2767//2767 2766//2766 
f 2765//2765 2768//2768 2769//2769 
f 2768//2768 2770//2770 2769//2769 
f 2771//2771 2770//2770 2768//2768 
f 2772//2772 2773//2773 2771//2771 
f 2774//2774 2773//2773 2772//2772 
f 2775//2775 2776//2776 2774//2774 
f 2777//2777 2776//2776 2775//2775 
f 2751//2751 2778//2778 2779//2779 
f 2751//2751 2748//2748 2778//2778 
f 2752//2752 2751//2751 2780//2780 
f 2753//2753 2752//2752 2781//2781 
f 2756//2756 2753//2753 2782//2782 
f 2759//2759 2756//2756 2783//2783 
f 2762//2762 2759//2759 2784//2784 
f 2765//2765 2762//2762 2785//2785 
f 2768//2768 2765//2765 2786//2786 
f 2772//2772 2768//2768 2787//2787 
f 2775//2775 2772//2772 2788//2788 
f 2789//2789 2775//2775 2790//2790 
f 2780//2780 2791//2791 2792//2792 
f 2780//2780 2779//2779 2791//2791 
f 2781//2781 2780//2780 2793//2793 
f 2782//2782 2781//2781 2794//2794 
f 2783//2783 2782//2782 2795//2795 
f 2784//2784 2783//2783 2796//2796 
f 2785//2785 2784//2784 2797//2797 
f 2786//2786 2785//2785 2798//2798 
f 2787//2787 2786//2786 2799//2799 
f 2788//2788 2787//2787 2800//2800 
f 2790//2790 2788//2788 2801//2801 
f 2802//2802 2790//2790 2803//2803 
f 2793//2793 2792//2792 2804//2804 
f 2794//2794 2793//2793 2805//2805 
f 2795//2795 2794//2794 2806//2806 
f 2796//2796 2795//2795 2807//2807 
f 2797//2797 2796//2796 2808//2808 
f 2798//2798 2797//2797 2809//2809 
f 2799//2799 2798//2798 2810//2810 
f 2800//2800 2799//2799 2811//2811 
f 2801//2801 2800//2800 2812//2812 
f 2803//2803 2801//2801 2813//2813 
f 2814//2814 2803//2803 2815//2815 
f 2805//2805 2816//2816 2817//2817 
f 2805//2805 2804//2804 2816//2816 
f 2806//2806 2805//2805 2818//2818 
f 2807//2807 2806//2806 2819//2819 
f 2808//2808 2807//2807 2820//2820 
f 2809//2809 2808//2808 2821//2821 
f 2810//2810 2809//2809 2822//2822 
f 2811//2811 2810//2810 2823//2823 
f 2812//2812 2811//2811 2824//2824 
f 2813//2813 2812//2812 2825//2825 
f 2815//2815 2813//2813 2826//2826 
f 2827//2827 2815//2815 2828//2828 
f 2818//2818 2817//2817 2829//2829 
f 2819//2819 2818//2818 2830//2830 
f 2820//2820 2819//2819 2831//2831 
f 2821//2821 2820//2820 2832//2832 
f 2822//2822 2821//2821 2833//2833 
f 2823//2823 2822//2822 2834//2834 
f 2824//2824 2823//2823 2835//2835 
f 2825//2825 2824//2824 2836//2836 
f 2826//2826 2825//2825 2837//2837 
f 2828//2828 2826//2826 2838//2838 
f 2839//2839 2828//2828 2840//2840 
f 2830//2830 2829//2829 2841//2841 
f 2831//2831 2830//2830 2842//2842 
f 2832//2832 2831//2831 2843//2843 
f 2833//2833 2832//2832 2844//2844 
f 2834//2834 2833//2833 2845//2845 
f 2835//2835 2834//2834 2846//2846 
f 2836//2836 2835//2835 2847//2847 
f 2837//2837 2836//2836 2848//2848 
f 2838//2838 2837//2837 2849//2849 
f 2840//2840 2838//2838 2850//2850 
f 2851//2851 2840//2840 2852//2852 
f 2842//2842 2853//2853 2854//2854 
f 2842//2842 2841//2841 2853//2853 
f 2843//2843 2842//2842 2855//2855 
f 2844//2844 2843//2843 2856//2856 
f 2845//2845 2844//2844 2857//2857 
f 2846//2846 2845//2845 2858//2858 
f 2847//2847 2846//2846 2859//2859 
f 2848//2848 2847//2847 2860//2860 
f 2849//2849 2848//2848 2861//2861 
f 2850//2850 2849//2849 2862//2862 
f 2852//2852 2850//2850 2863//2863 
f 2864//2864 2852//2852 2865//2865 
f 2855//2855 2854//2854 2866//2866 
f 2856//2856 2855//2855 2867//2867 
f 2857//2857 2856//2856 2868//2868 
f 2858//2858 2857//2857 2869//2869 
f 2859//2859 2858//2858 2870//2870 
f 2860//2860 2859//2859 2871//2871 
f 2861//2861 2860//2860 2872//2872 
f 2862//2862 2861//2861 2873//2873 
f 2863//2863 2862//2862 2874//2874 
f 2865//2865 2863//2863 2875//2875 
f 2876//2876 2865//2865 2877//2877 
f 2867//2867 2866//2866 2878//2878 
f 2868//2868 2867//2867 2879//2879 
f 2869//2869 2868//2868 2880//2880 
f 2870//2870 2869//2869 2881//2881 
f 2871//2871 2870//2870 2882//2882 
f 2872//2872 2871//2871 2883//2883 
f 2873//2873 2872//2872 2884//2884 
f 2874//2874 2873//2873 2885//2885 
f 2875//2875 2874//2874 2886//2886 
f 2877//2877 2875//2875 2887//2887 
f 2888//2888 2877//2877 2889//2889 
f 2879//2879 2878//2878 2890//2890 
f 2880//2880 2879//2879 2891//2891 
f 2881//2881 2880//2880 2892//2892 
f 2882//2882 2881//2881 2893//2893 
f 2883//2883 2882//2882 2894//2894 
f 2884//2884 2883//2883 2895//2895 
f 2885//2885 2884//2884 2896//2896 
f 2886//2886 2885//2885 2897//2897 
f 2887//2887 2886//2886 2898//2898 
f 2889//2889 2887//2887 2899//2899 
f 2900//2900 2889//2889 2901//2901 
f 2891//2891 2890//2890 2902//2902 
f 2892//2892 2891//2891 2903//2903 
f 2893//2893 2892//2892 2904//2904 
f 2894//2894 2893//2893 2905//2905 
f 2895//2895 2894//2894 2906//2906 
f 2896//2896 2895//2895 2907//2907 
f 2897//2897 2896//2896 2908//2908 
f 2898//2898 2897//2897 2909//2909 
f 2899//2899 2898//2898 2910//2910 
f 2901//2901 2899//2899 2911//2911 
f 2912//2912 2901//2901 2913//2913 
f 2914//2914 2903//2903 2915//2915 
f 2903//2903 2902//2902 2915//2915 
f 2904//2904 2903//2903 2914//2914 
f 2905//2905 2904//2904 2916//2916 
f 2906//2906 2905//2905 2917//2917 
f 2907//2907 2906//2906 2918//2918 
f 2908//2908 2907//2907 2919//2919 
f 2909//2909 2908//2908 2920//2920 
f 2910//2910 2909//2909 2921//2921 
f 2911//2911 2910//2910 2922//2922 
f 2913//2913 2911//2911 2923//2923 
f 2924//2924 2913//2913 2925//2925 
f 2914//2914 2926//2926 2927//2927 
f 2916//2916 2914//2914 2928//2928 
f 2917//2917 2916//2916 2929//2929 
f 2918//2918 2917//2917 2930//2930 
f 2919//2919 2918//2918 2931//2931 
f 2920//2920 2919//2919 2932//2932 
f 2921//2921 2920//2920 2933//2933 
f 2922//2922 2921//2921 2934//2934 
f 2923//2923 2922//2922 2935//2935 
f 2925//2925 2923//2923 2936//2936 
f 2937//2937 2925//2925 2938//2938 
f 2939//2939 2928//2928 2927//2927 
f 2929//2929 2928//2928 2939//2939 
f 2930//2930 2929//2929 2940//2940 
f 2931//2931 2930//2930 2941//2941 
f 2932//2932 2931//2931 2942//2942 
f 2933//2933 2932//2932 2943//2943 
f 2934//2934 2933//2933 2944//2944 
f 2935//2935 2934//2934 2945//2945 
f 2936//2936 2935//2935 2946//2946 
f 2938//2938 2936//2936 2947//2947 
f 2948//2948 2949//2949 2938//2938 
f 2950//2950 2939//2939 2951//2951 
f 2940//2940 2939//2939 2950//2950 
f 2941//2941 2940//2940 2952//2952 
f 2942//2942 2941//2941 2953//2953 
f 2943//2943 2942//2942 2954//2954 
f 2944//2944 2943//2943 2955//2955 
f 2945//2945 2944//2944 2956//2956 
f 2946//2946 2945//2945 2957//2957 
f 2947//2947 2946//2946 2958//2958 
f 2959//2959 2947//2947 2960//2960 
f 2961//2961 2948//2948 2959//2959 
f 2962//2962 2950//2950 2963//2963 
f 2952//2952 2950//2950 2962//2962 
f 2953//2953 2952//2952 2964//2964 
f 2954//2954 2953//2953 2965//2965 
f 2955//2955 2954//2954 2966//2966 
f 2956//2956 2955//2955 2967//2967 
f 2957//2957 2956//2956 2968//2968 
f 2958//2958 2957//2957 2969//2969 
f 2960//2960 2958//2958 2970//2970 
f 2971//2971 2960//2960 2972//2972 
f 2973//2973 2961//2961 2971//2971 
f 2974//2974 2962//2962 2975//2975 
f 2975//2975 2976//2976 2974//2974 
f 2964//2964 2962//2962 2974//2974 
f 2965//2965 2964//2964 2977//2977 
f 2966//2966 2965//2965 2978//2978 
f 2967//2967 2966//2966 2979//2979 
f 2968//2968 2967//2967 2980//2980 
f 2969//2969 2968//2968 2981//2981 
f 2970//2970 2969//2969 2982//2982 
f 2972//2972 2970//2970 2983//2983 
f 2984//2984 2972//2972 2985//2985 
f 2986//2986 2973//2973 2984//2984 
f 2987//2987 2974//2974 2988//2988 
f 2977//2977 2974//2974 2987//2987 
f 2978//2978 2977//2977 2989//2989 
f 2979//2979 2978//2978 2990//2990 
f 2980//2980 2979//2979 2991//2991 
f 2981//2981 2980//2980 2992//2992 
f 2982//2982 2981//2981 2993//2993 
f 2983//2983 2982//2982 2994//2994 
f 2985//2985 2983//2983 2995//2995 
f 2996//2996 2985//2985 2997//2997 
f 2998//2998 2986//2986 2996//2996 
f 2999//2999 2987//2987 3000//3000 
f 2989//2989 2987//2987 2999//2999 
f 2990//2990 2989//2989 3001//3001 
f 2991//2991 2990//2990 3002//3002 
f 2992//2992 2991//2991 3003//3003 
f 2993//2993 2992//2992 3004//3004 
f 2994//2994 2993//2993 3005//3005 
f 2995//2995 2994//2994 3006//3006 
f 2997//2997 2995//2995 3007//3007 
f 3008//3008 2997//2997 3009//3009 
f 3010//3010 2998//2998 3008//3008 
f 3011//3011 2999//2999 3012//3012 
f 3001//3001 2999//2999 3011//3011 
f 3002//3002 3001//3001 3013//3013 
f 3003//3003 3002//3002 3014//3014 
f 3004//3004 3003//3003 3015//3015 
f 3005//3005 3004//3004 3016//3016 
f 3006//3006 3005//3005 3017//3017 
f 3007//3007 3006//3006 3018//3018 
f 3009//3009 3007//3007 3019//3019 
f 3020//3020 3009//3009 3021//3021 
f 3022//3022 3010//3010 3020//3020 
f 3023//3023 3011//3011 3024//3024 
f 3013//3013 3011//3011 3023//3023 
f 3014//3014 3013//3013 3025//3025 
f 3015//3015 3014//3014 3026//3026 
f 3016//3016 3015//3015 3027//3027 
f 3017//3017 3016//3016 3028//3028 
f 3018//3018 3017//3017 3029//3029 
f 3019//3019 3018//3018 3030//3030 
f 3021//3021 3019//3019 3031//3031 
f 3032//3032 3021//3021 3033//3033 
f 3034//3034 3022//3022 3032//3032 
f 3035//3035 3023//3023 3036//3036 
f 3036//3036 3037//3037 3035//3035 
f 3025//3025 3023//3023 3035//3035 
f 3026//3026 3025//3025 3038//3038 
f 3027//3027 3026//3026 3039//3039 
f 3028//3028 3027//3027 3040//3040 
f 3029//3029 3028//3028 3041//3041 
f 3030//3030 3029//3029 3042//3042 
f 3031//3031 3030//3030 3043//3043 
f 3033//3033 3031//3031 3044//3044 
f 3045//3045 3033//3033 3046//3046 
f 3047//3047 3034//3034 3045//3045 
f 3048//3048 3035//3035 3049//3049 
f 3038//3038 3035//3035 3048//3048 
f 3039//3039 3038//3038 3050//3050 
f 3040//3040 3039//3039 3051//3051 
f 3041//3041 3040//3040 3052//3052 
f 3042//3042 3041//3041 3053//3053 
f 3043//3043 3042//3042 3054//3054 
f 3044//3044 3043//3043 3055//3055 
f 3046//3046 3044//3044 3056//3056 
f 3057//3057 3046//3046 3058//3058 
f 3059//3059 3047//3047 3057//3057 
f 3060//3060 3048//3048 3061//3061 
f 3050//3050 3048//3048 3060//3060 
f 3051//3051 3050//3050 3062//3062 
f 3052//3052 3051//3051 3063//3063 
f 3053//3053 3052//3052 3064//3064 
f 3054//3054 3053//3053 3065//3065 
f 3055//3055 3054//3054 3066//3066 
f 3056//3056 3055//3055 3067//3067 
f 3058//3058 3056//3056 3068//3068 
f 3069//3069 3058//3058 3070//3070 
f 3071//3071 3059//3059 3069//3069 
f 3072//3072 3060//3060 3073//3073 
f 3062//3062 3060//3060 3072//3072 
f 3063//3063 3062//3062 3074//3074 
f 3064//3064 3063//3063 3075//3075 
f 3065//3065 3064//3064 3076//3076 
f 3066//3066 3065//3065 3077//3077 
f 3067//3067 3066//3066 3078//3078 
f 3068//3068 3067//3067 3079//3079 
f 3070//3070 3068//3068 3080//3080 
f 3081//3081 3070//3070 3082//3082 
f 3083//3083 3071//3071 3081//3081 
f 3084//3084 3072//3072 3085//3085 
f 3085//3085 3086//3086 3084//3084 
f 3074//3074 3072//3072 3084//3084 
f 3075//3075 3074//3074 3087//3087 
f 3076//3076 3075//3075 3088//3088 
f 3077//3077 3076//3076 3089//3089 
f 3078//3078 3077//3077 3090//3090 
f 3079//3079 3078//3078 3091//3091 
f 3080//3080 3079//3079 3092//3092 
f 3082//3082 3080//3080 3093//3093 
f 3094//3094 3082//3082 3095//3095 
f 3096//3096 3083//3083 3094//3094 
f 3097//3097 3084//3084 3098//3098 
f 3098//3098 3099//3099 3097//3097 
f 3087//3087 3084//3084 3097//3097 
f 3088//3088 3087//3087 3100//3100 
f 3089//3089 3088//3088 3101//3101 
f 3090//3090 3089//3089 3102//3102 
f 3091//3091 3090//3090 3103//3103 
f 3092//3092 3091//3091 3104//3104 
f 3093//3093 3092//3092 3105//3105 
f 3095//3095 3093//3093 3106//3106 
f 3107//3107 3095//3095 3108//3108 
f 3109//3109 3096//3096 3107//3107 
f 3110//3110 3097//3097 3111//3111 
f 3100//3100 3097//3097 3110//3110 
f 3101//3101 3100//3100 3112//3112 
f 3102//3102 3101//3101 3113//3113 
f 3103//3103 3102//3102 3114//3114 
f 3104//3104 3103//3103 3115//3115 
f 3105//3105 3104//3104 3116//3116 
f 3106//3106 3105//3105 3117//3117 
f 3108//3108 3106//3106 3118//3118 
f 3119//3119 3108//3108 3120//3120 
f 3121//3121 3109//3109 3119//3119 
f 3110//3110 3122//3122 3123//3123 
f 3123//3123 3124//3124 3110//3110 
f 3112//3112 3110//3110 3124//3124 
f 3113//3113 3112//3112 3125//3125 
f 3114//3114 3113//3113 3126//3126 
f 3115//3115 3114//3114 3127//3127 
f 3116//3116 3115//3115 3128//3128 
f 3117//3117 3116//3116 3129//3129 
f 3118//3118 3117//3117 3130//3130 
f 3120//3120 3118//3118 3131//3131 
f 3132//3132 3120//3120 3133//3133 
f 3134//3134 3121//3121 3132//3132 
f 3135//3135 3124//3124 3136//3136 
f 3137//3137 3125//3125 3124//3124 
f 3138//3138 3126//3126 3125//3125 
f 3139//3139 3127//3127 3126//3126 
f 3140//3140 3128//3128 3127//3127 
f 3141//3141 3129//3129 3128//3128 
f 3142//3142 3130//3130 3129//3129 
f 3143//3143 3131//3131 3130//3130 
f 3144//3144 3133//3133 3131//3131 
f 3145//3145 3146//3146 3133//3133 
f 3147//3147 3134//3134 3146//3146 
f 3146//3146 3145//3145 3147//3147 
f 3133//3133 3144//3144 3145//3145 
f 3131//3131 3143//3143 3144//3144 
f 3130//3130 3142//3142 3143//3143 
f 3129//3129 3141//3141 3142//3142 
f 3128//3128 3140//3140 3141//3141 
f 3127//3127 3139//3139 3140//3140 
f 3126//3126 3138//3138 3139//3139 
f 3125//3125 3137//3137 3138//3138 
f 3124//3124 3135//3135 3137//3137 
f 3136//3136 3148//3148 3135//3135 
f 3132//3132 3146//3146 3134//3134 
f 3133//3133 3146//3146 3132//3132 
f 3131//3131 3133//3133 3120//3120 
f 3130//3130 3131//3131 3118//3118 
f 3129//3129 3130//3130 3117//3117 
f 3128//3128 3129//3129 3116//3116 
f 3127//3127 3128//3128 3115//3115 
f 3126//3126 3127//3127 3114//3114 
f 3125//3125 3126//3126 3113//3113 
f 3124//3124 3125//3125 3112//3112 
f 3123//3123 3136//3136 3124//3124 
f 3119//3119 3132//3132 3121//3121 
f 3120//3120 3132//3132 3119//3119 
f 3118//3118 3120//3120 3108//3108 
f 3117//3117 3118//3118 3106//3106 
f 3116//3116 3117//3117 3105//3105 
f 3115//3115 3116//3116 3104//3104 
f 3114//3114 3115//3115 3103//3103 
f 3113//3113 3114//3114 3102//3102 
f 3112//3112 3113//3113 3101//3101 
f 3110//3110 3112//3112 3100//3100 
f 3111//3111 3122//3122 3110//3110 
f 3107//3107 3119//3119 3109//3109 
f 3108//3108 3119//3119 3107//3107 
f 3106//3106 3108//3108 3095//3095 
f 3105//3105 3106//3106 3093//3093 
f 3104//3104 3105//3105 3092//3092 
f 3103//3103 3104//3104 3091//3091 
f 3102//3102 3103//3103 3090//3090 
f 3101//3101 3102//3102 3089//3089 
f 3100//3100 3101//3101 3088//3088 
f 3097//3097 3100//3100 3087//3087 
f 3099//3099 3111//3111 3097//3097 
f 3094//3094 3107//3107 3096//3096 
f 3095//3095 3107//3107 3094//3094 
f 3093//3093 3095//3095 3082//3082 
f 3092//3092 3093//3093 3080//3080 
f 3091//3091 3092//3092 3079//3079 
f 3090//3090 3091//3091 3078//3078 
f 3089//3089 3090//3090 3077//3077 
f 3088//3088 3089//3089 3076//3076 
f 3087//3087 3088//3088 3075//3075 
f 3084//3084 3087//3087 3074//3074 
f 3086//3086 3098//3098 3084//3084 
f 3081//3081 3094//3094 3083//3083 
f 3082//3082 3094//3094 3081//3081 
f 3080//3080 3082//3082 3070//3070 
f 3079//3079 3080//3080 3068//3068 
f 3078//3078 3079//3079 3067//3067 
f 3077//3077 3078//3078 3066//3066 
f 3076//3076 3077//3077 3065//3065 
f 3075//3075 3076//3076 3064//3064 
f 3074//3074 3075//3075 3063//3063 
f 3072//3072 3074//3074 3062//3062 
f 3073//3073 3085//3085 3072//3072 
f 3069//3069 3081//3081 3071//3071 
f 3070//3070 3081//3081 3069//3069 
f 3068//3068 3070//3070 3058//3058 
f 3067//3067 3068//3068 3056//3056 
f 3066//3066 3067//3067 3055//3055 
f 3065//3065 3066//3066 3054//3054 
f 3064//3064 3065//3065 3053//3053 
f 3063//3063 3064//3064 3052//3052 
f 3062//3062 3063//3063 3051//3051 
f 3060//3060 3062//3062 3050//3050 
f 3061//3061 3073//3073 3060//3060 
f 3057//3057 3069//3069 3059//3059 
f 3058//3058 3069//3069 3057//3057 
f 3056//3056 3058//3058 3046//3046 
f 3055//3055 3056//3056 3044//3044 
f 3054//3054 3055//3055 3043//3043 
f 3053//3053 3054//3054 3042//3042 
f 3052//3052 3053//3053 3041//3041 
f 3051//3051 3052//3052 3040//3040 
f 3050//3050 3051//3051 3039//3039 
f 3048//3048 3050//3050 3038//3038 
f 3049//3049 3061//3061 3048//3048 
f 3045//3045 3057//3057 3047//3047 
f 3046//3046 3057//3057 3045//3045 
f 3044//3044 3046//3046 3033//3033 
f 3043//3043 3044//3044 3031//3031 
f 3042//3042 3043//3043 3030//3030 
f 3041//3041 3042//3042 3029//3029 
f 3040//3040 3041//3041 3028//3028 
f 3039//3039 3040//3040 3027//3027 
f 3038//3038 3039//3039 3026//3026 
f 3035//3035 3038//3038 3025//3025 
f 3037//3037 3049//3049 3035//3035 
f 3032//3032 3045//3045 3034//3034 
f 3033//3033 3045//3045 3032//3032 
f 3031//3031 3033//3033 3021//3021 
f 3030//3030 3031//3031 3019//3019 
f 3029//3029 3030//3030 3018//3018 
f 3028//3028 3029//3029 3017//3017 
f 3027//3027 3028//3028 3016//3016 
f 3026//3026 3027//3027 3015//3015 
f 3025//3025 3026//3026 3014//3014 
f 3023//3023 3025//3025 3013//3013 
f 3024//3024 3036//3036 3023//3023 
f 3020//3020 3032//3032 3022//3022 
f 3021//3021 3032//3032 3020//3020 
f 3019//3019 3021//3021 3009//3009 
f 3018//3018 3019//3019 3007//3007 
f 3017//3017 3018//3018 3006//3006 
f 3016//3016 3017//3017 3005//3005 
f 3015//3015 3016//3016 3004//3004 
f 3014//3014 3015//3015 3003//3003 
f 3013//3013 3014//3014 3002//3002 
f 3011//3011 3013//3013 3001//3001 
f 3012//3012 3024//3024 3011//3011 
f 3008//3008 3020//3020 3010//3010 
f 3009//3009 3020//3020 3008//3008 
f 3007//3007 3009//3009 2997//2997 
f 3006//3006 3007//3007 2995//2995 
f 3005//3005 3006//3006 2994//2994 
f 3004//3004 3005//3005 2993//2993 
f 3003//3003 3004//3004 2992//2992 
f 3002//3002 3003//3003 2991//2991 
f 3001//3001 3002//3002 2990//2990 
f 2999//2999 3001//3001 2989//2989 
f 3000//3000 3012//3012 2999//2999 
f 2996//2996 3008//3008 2998//2998 
f 2997//2997 3008//3008 2996//2996 
f 2995//2995 2997//2997 2985//2985 
f 2994//2994 2995//2995 2983//2983 
f 2993//2993 2994//2994 2982//2982 
f 2992//2992 2993//2993 2981//2981 
f 2991//2991 2992//2992 2980//2980 
f 2990//2990 2991//2991 2979//2979 
f 2989//2989 2990//2990 2978//2978 
f 2987//2987 2989//2989 2977//2977 
f 2988//2988 3000//3000 2987//2987 
f 2984//2984 2996//2996 2986//2986 
f 2985//2985 2996//2996 2984//2984 
f 2983//2983 2985//2985 2972//2972 
f 2982//2982 2983//2983 2970//2970 
f 2981//2981 2982//2982 2969//2969 
f 2980//2980 2981//2981 2968//2968 
f 2979//2979 2980//2980 2967//2967 
f 2978//2978 2979//2979 2966//2966 
f 2977//2977 2978//2978 2965//2965 
f 2974//2974 2977//2977 2964//2964 
f 2976//2976 2988//2988 2974//2974 
f 2971//2971 2984//2984 2973//2973 
f 2972//2972 2984//2984 2971//2971 
f 2970//2970 2972//2972 2960//2960 
f 2969//2969 2970//2970 2958//2958 
f 2968//2968 2969//2969 2957//2957 
f 2967//2967 2968//2968 2956//2956 
f 2966//2966 2967//2967 2955//2955 
f 2965//2965 2966//2966 2954//2954 
f 2964//2964 2965//2965 2953//2953 
f 2962//2962 2964//2964 2952//2952 
f 2963//2963 2975//2975 2962//2962 
f 2959//2959 2971//2971 2961//2961 
f 2960//2960 2971//2971 2959//2959 
f 2958//2958 2960//2960 2947//2947 
f 2957//2957 2958//2958 2946//2946 
f 2956//2956 2957//2957 2945//2945 
f 2955//2955 2956//2956 2944//2944 
f 2954//2954 2955//2955 2943//2943 
f 2953//2953 2954//2954 2942//2942 
f 2952//2952 2953//2953 2941//2941 
f 2950//2950 2952//2952 2940//2940 
f 2951//2951 2963//2963 2950//2950 
f 2938//2938 2959//2959 2948//2948 
f 2947//2947 2959//2959 2938//2938 
f 2946//2946 2947//2947 2936//2936 
f 2945//2945 2946//2946 2935//2935 
f 2944//2944 2945//2945 2934//2934 
f 2943//2943 2944//2944 2933//2933 
f 2942//2942 2943//2943 2932//2932 
f 2941//2941 2942//2942 2931//2931 
f 2940//2940 2941//2941 2930//2930 
f 2939//2939 2940//2940 2929//2929 
f 2927//2927 2951//2951 2939//2939 
f 2938//2938 2949//2949 2937//2937 
f 2936//2936 2938//2938 2925//2925 
f 2935//2935 2936//2936 2923//2923 
f 2934//2934 2935//2935 2922//2922 
f 2933//2933 2934//2934 2921//2921 
f 2932//2932 2933//2933 2920//2920 
f 2931//2931 2932//2932 2919//2919 
f 2930//2930 2931//2931 2918//2918 
f 2929//2929 2930//2930 2917//2917 
f 2928//2928 2929//2929 2916//2916 
f 2927//2927 2928//2928 2914//2914 
f 2925//2925 2937//2937 2924//2924 
f 2923//2923 2925//2925 2913//2913 
f 2922//2922 2923//2923 2911//2911 
f 2921//2921 2922//2922 2910//2910 
f 2920//2920 2921//2921 2909//2909 
f 2919//2919 2920//2920 2908//2908 
f 2918//2918 2919//2919 2907//2907 
f 2917//2917 2918//2918 2906//2906 
f 2916//2916 2917//2917 2905//2905 
f 2914//2914 2916//2916 2904//2904 
f 2915//2915 2926//2926 2914//2914 
f 2913//2913 2924//2924 2912//2912 
f 2911//2911 2913//2913 2901//2901 
f 2910//2910 2911//2911 2899//2899 
f 2909//2909 2910//2910 2898//2898 
f 2908//2908 2909//2909 2897//2897 
f 2907//2907 2908//2908 2896//2896 
f 2906//2906 2907//2907 2895//2895 
f 2905//2905 2906//2906 2894//2894 
f 2904//2904 2905//2905 2893//2893 
f 2903//2903 2904//2904 2892//2892 
f 2902//2902 2903//2903 2891//2891 
f 2901//2901 2912//2912 2900//2900 
f 2899//2899 2901//2901 2889//2889 
f 2898//2898 2899//2899 2887//2887 
f 2897//2897 2898//2898 2886//2886 
f 2896//2896 2897//2897 2885//2885 
f 2895//2895 2896//2896 2884//2884 
f 2894//2894 2895//2895 2883//2883 
f 2893//2893 2894//2894 2882//2882 
f 2892//2892 2893//2893 2881//2881 
f 2891//2891 2892//2892 2880//2880 
f 2890//2890 2891//2891 2879//2879 
f 2889//2889 2900//2900 2888//2888 
f 2887//2887 2889//2889 2877//2877 
f 2886//2886 2887//2887 2875//2875 
f 2885//2885 2886//2886 2874//2874 
f 2884//2884 2885//2885 2873//2873 
f 2883//2883 2884//2884 2872//2872 
f 2882//2882 2883//2883 2871//2871 
f 2881//2881 2882//2882 2870//2870 
f 2880//2880 2881//2881 2869//2869 
f 2879//2879 2880//2880 2868//2868 
f 2878//2878 2879//2879 2867//2867 
f 2877//2877 2888//2888 2876//2876 
f 2875//2875 2877//2877 2865//2865 
f 2874//2874 2875//2875 2863//2863 
f 2873//2873 2874//2874 2862//2862 
f 2872//2872 2873//2873 2861//2861 
f 2871//2871 2872//2872 2860//2860 
f 2870//2870 2871//2871 2859//2859 
f 2869//2869 2870//2870 2858//2858 
f 2868//2868 2869//2869 2857//2857 
f 2867//2867 2868//2868 2856//2856 
f 2866//2866 2867//2867 2855//2855 
f 2865//2865 2876//2876 2864//2864 
f 2863//2863 2865//2865 2852//2852 
f 2862//2862 2863//2863 2850//2850 
f 2861//2861 2862//2862 2849//2849 
f 2860//2860 2861//2861 2848//2848 
f 2859//2859 2860//2860 2847//2847 
f 2858//2858 2859//2859 2846//2846 
f 2857//2857 2858//2858 2845//2845 
f 2856//2856 2857//2857 2844//2844 
f 2855//2855 2856//2856 2843//2843 
f 2854//2854 2855//2855 2842//2842 
f 2852//2852 2864//2864 2851//2851 
f 2850//2850 2852//2852 2840//2840 
f 2849//2849 2850//2850 2838//2838 
f 2848//2848 2849//2849 2837//2837 
f 2847//2847 2848//2848 2836//2836 
f 2846//2846 2847//2847 2835//2835 
f 2845//2845 2846//2846 2834//2834 
f 2844//2844 2845//2845 2833//2833 
f 2843//2843 2844//2844 2832//2832 
f 2842//2842 2843//2843 2831//2831 
f 2841//2841 2842//2842 2830//2830 
f 2840//2840 2851//2851 2839//2839 
f 2838//2838 2840//2840 2828//2828 
f 2837//2837 2838//2838 2826//2826 
f 2836//2836 2837//2837 2825//2825 
f 2835//2835 2836//2836 2824//2824 
f 2834//2834 2835//2835 2823//2823 
f 2833//2833 2834//2834 2822//2822 
f 2832//2832 2833//2833 2821//2821 
f 2831//2831 2832//2832 2820//2820 
f 2830//2830 2831//2831 2819//2819 
f 2829//2829 2830//2830 2818//2818 
f 2828//2828 2839//2839 2827//2827 
f 2826//2826 2828//2828 2815//2815 
f 2825//2825 2826//2826 2813//2813 
f 2824//2824 2825//2825 2812//2812 
f 2823//2823 2824//2824 2811//2811 
f 2822//2822 2823//2823 2810//2810 
f 2821//2821 2822//2822 2809//2809 
f 2820//2820 2821//2821 2808//2808 
f 2819//2819 2820//2820 2807//2807 
f 2818//2818 2819//2819 2806//2806 
f 2817//2817 2818//2818 2805//2805 
f 2815//2815 2827//2827 2814//2814 
f 2813//2813 2815//2815 2803//2803 
f 2812//2812 2813//2813 2801//2801 
f 2811//2811 2812//2812 2800//2800 
f 2810//2810 2811//2811 2799//2799 
f 2809//2809 2810//2810 2798//2798 
f 2808//2808 2809//2809 2797//2797 
f 2807//2807 2808//2808 2796//2796 
f 2806//2806 2807//2807 2795//2795 
f 2805//2805 2806//2806 2794//2794 
f 2804//2804 2805//2805 2793//2793 
f 2803//2803 2814//2814 2802//2802 
f 2801//2801 2803//2803 2790//2790 
f 2800//2800 2801//2801 2788//2788 
f 2799//2799 2800//2800 2787//2787 
f 2798//2798 2799//2799 2786//2786 
f 2797//2797 2798//2798 2785//2785 
f 2796//2796 2797//2797 2784//2784 
f 2795//2795 2796//2796 2783//2783 
f 2794//2794 2795//2795 2782//2782 
f 2793//2793 2794//2794 2781//2781 
f 2792//2792 2793//2793 2780//2780 
f 2790//2790 2802//2802 2789//2789 
f 2788//2788 2790//2790 2775//2775 
f 2787//2787 2788//2788 2772//2772 
f 2786//2786 2787//2787 2768//2768 
f 2785//2785 2786//2786 2765//2765 
f 2784//2784 2785//2785 2762//2762 
f 2783//2783 2784//2784 2759//2759 
f 2782//2782 2783//2783 2756//2756 
f 2781//2781 2782//2782 2753//2753 
f 2780//2780 2781//2781 2752//2752 
f 2779//2779 2780//2780 2751//2751 
f 2775//2775 2789//2789 2777//2777 
f 2772//2772 2775//2775 2774//2774 
f 2768//2768 2772//2772 2771//2771 
f 2769//2769 2767//2767 2765//2765 
f 2766//2766 2763//2763 2762//2762 
f 2764//2764 2760//2760 2759//2759 
f 2761//2761 2757//2757 2756//2756 
f 2758//2758 2754//2754 2753//2753 
f 2755//2755 2749//2749 2752//2752 
f 2750//2750 2746//2746 2751//2751 
f 2748//2748 2751//2751 2746//2746 
v -0.0177792 0.0407 0.0235381 
v -0.0235397 0.0411652 0.0228983 
v -0.0235913 0.0409343 0.0228925 
v -0.0234136 0.0417 0.0229123 
v -0.0169802 0.0411613 0.0236269 
v -0.0169802 0.04975 0.0236269 
v -0.0234136 0.04175 0.0229123 
v -0.0234591 0.0427 0.0229072 
v -0.0234591 0.04975 0.0229072 
v -0.0234591 0.04175 0.022907 
v -0.0236382 0.0407 0.0228873 
vn -0.110402 -6.76016e-18 0.993887 
vn -0.110402 -6.76016e-18 0.993887 
vn -0.110402 -6.76016e-18 0.993887 
vn -0.110402 -6.76016e-18 0.993887 
vn -0.110402 -6.76016e-18 0.993887 
vn -0.110402 -6.76016e-18 0.993887 
vn -0.110402 -6.76016e-18 0.993887 
vn -0.110402 -6.76016e-18 0.993887 
vn -0.110402 -6.76016e-18 0.993887 
vn -0.110402 -6.76016e-18 0.993887 
vn -0.110402 -6.76016e-18 0.993887 
f 3149//3149 3150//3150 3151//3151 
f 3152//3152 3150//3150 3149//3149 
f 3149//3149 3153//3153 3152//3152 
f 3153//3153 3154//3154 3155//3155 
f 3155//3155 3154//3154 3156//3156 
f 3155//3155 3152//3152 3153//3153 
f 3154//3154 3157//3157 3156//3156 
f 3156//3156 3158//3158 3155//3155 
f 3151//3151 3159//3159 3149//3149 
v -0.0230585 0.0354701 0.0247873 
v -0.0204563 0.0369724 0.0251128 
v -0.0204427 0.0369925 0.0249087 
v -0.0204397 0.0370307 0.0247068 
v -0.0230413 0.0355292 0.0243793 
v -0.0230445 0.0354905 0.0245822 
v -0.0204475 0.0370865 0.0245092 
v -0.0230489 0.0355857 0.0241808 
v -0.0204659 0.0371595 0.0243179 
v -0.0230673 0.0356595 0.0239887 
v -0.0204947 0.0372487 0.024135 
v -0.0230963 0.0357497 0.0238051 
v -0.0205338 0.0373534 0.0239625 
v -0.0231355 0.0358555 0.023632 
v -0.0205825 0.0374723 0.0238021 
v -0.0231846 0.0359756 0.0234713 
v -0.0206406 0.0376042 0.0236555 
v -0.023243 0.0361088 0.0233246 
v -0.0207072 0.0377477 0.0235243 
v -0.0233101 0.0362536 0.0231935 
v -0.0207817 0.0379013 0.0234099 
v -0.0233852 0.0364086 0.0230794 
v -0.0208634 0.0380635 0.0233135 
v -0.0234675 0.036572 0.0229835 
v -0.0209513 0.0382324 0.0232361 
v -0.0235561 0.0367422 0.0229069 
v -0.0210445 0.0384062 0.0231785 
v -0.02365 0.0369173 0.0228503 
v -0.0211421 0.0385833 0.0231414 
v -0.0237484 0.0370954 0.0228144 
v -0.0212431 0.0387616 0.0231251 
v -0.017 0.0389679 0.0255259 
v -0.0169884 0.0389864 0.0253251 
v -0.0169883 0.038989 0.0253109 
v -0.0169883 0.03903 0.0250986 
v -0.0169961 0.0390755 0.0249317 
v -0.0169871 0.0390224 0.0251264 
v -0.0170002 0.0390904 0.0248913 
v -0.0170153 0.0391451 0.024743 
v -0.0170237 0.0391696 0.0246915 
v -0.0170446 0.0392307 0.0245624 
v -0.0170586 0.0392665 0.0245014 
v -0.0170837 0.0393312 0.0243916 
v -0.0171044 0.0393802 0.0243234 
v -0.0171321 0.0394456 0.0242324 
v -0.0171607 0.0395092 0.0241593 
v -0.0172268 0.0396522 0.0240113 
v -0.0171893 0.0395729 0.0240863 
v -0.0173019 0.0398073 0.0238808 
v -0.0172549 0.0397116 0.023955 
v -0.0173851 0.0399729 0.0237695 
v -0.017328 0.0398605 0.0238396 
v -0.0174079 0.0400179 0.0237415 
v -0.0174755 0.040147 0.0236787 
v -0.017494 0.0401822 0.0236616 
v -0.0175721 0.0403276 0.0236093 
v -0.0175851 0.0403518 0.0236006 
v -0.0176737 0.0405127 0.0235623 
v -0.0199769 0.0394701 0.0232761 
v -0.0211205 0.0388301 0.0231397 
v -0.0176805 0.040525 0.0235594 
v -0.018856 0.0400974 0.0234097 
v -0.0177792 0.0407 0.0235381 
v -0.02385 0.0372746 0.0227995 
v -0.0238925 0.0371539 0.0227924 
v -0.0239845 0.0368673 0.0227912 
v -0.0240067 0.036791 0.0227949 
v -0.0239479 0.0369814 0.0227917 
v -0.0240305 0.0366998 0.0228042 
v -0.024072 0.0365405 0.0228203 
v -0.0240941 0.0364344 0.0228407 
v -0.0241208 0.0363064 0.0228652 
v -0.0241526 0.0360944 0.0229275 
v -0.0241623 0.0359979 0.0229641 
v -0.0241392 0.0361947 0.0228952 
v -0.024168 0.0359111 0.0230024 
v -0.0241703 0.0358284 0.0230443 
v -0.0241647 0.0359609 0.0229804 
v -0.0241647 0.0356753 0.0231389 
v -0.0241568 0.035605 0.0231917 
v -0.0241692 0.0357498 0.0230897 
v -0.0241534 0.0355852 0.0232088 
v -0.0241455 0.0355397 0.0232478 
v -0.0241321 0.0354842 0.0233018 
v -0.0240748 0.0353423 0.0234803 
v -0.0240619 0.035322 0.0235142 
v -0.0240969 0.0353855 0.023418 
v -0.0241159 0.0354328 0.0233585 
v -0.0240239 0.035271 0.0236087 
v -0.0239959 0.0352431 0.023673 
v -0.0240498 0.0353032 0.0235457 
v -0.023929 0.0351974 0.0238149 
v -0.0238943 0.0351825 0.0238836 
v -0.0239638 0.035218 0.0237429 
v -0.0238079 0.035163 0.0240451 
v -0.0237838 0.0351621 0.0240876 
v -0.0238915 0.0351813 0.0238892 
v -0.0238511 0.0351698 0.0239659 
v -0.0237286 0.0351628 0.0241834 
v -0.0236565 0.035176 0.0243018 
v -0.0237615 0.0351612 0.0241269 
v -0.0236184 0.0351829 0.0243643 
v -0.0235158 0.0352195 0.0245228 
v -0.0234965 0.0352264 0.0245526 
v -0.0233621 0.0352948 0.024749 
vn -0.5 0.866025 0 
vn -0.5 0.866025 0 
vn -0.506841 0.855978 0.102046 
vn -0.508329 0.836891 0.203014 
vn -0.508634 0.836467 0.203996 
vn -0.507022 0.855811 0.102545 
vn -0.504449 0.808965 0.301838 
vn -0.50482 0.808198 0.303271 
vn -0.495242 0.772496 0.397474 
vn -0.49562 0.771306 0.399309 
vn -0.480804 0.727868 0.488913 
vn -0.481132 0.726185 0.491088 
vn -0.461288 0.675554 0.575188 
vn -0.46151 0.673316 0.577627 
vn -0.4369 0.616104 0.655388 
vn -0.436965 0.613264 0.658004 
vn -0.407899 0.550148 0.728667 
vn -0.407758 0.546669 0.73136 
vn -0.374589 0.478382 0.79425 
vn -0.3742 0.474241 0.796913 
vn -0.337324 0.401563 0.851446 
vn -0.33665 0.396753 0.853963 
vn -0.296496 0.320504 0.899649 
vn -0.295508 0.315033 0.901903 
vn -0.252536 0.23606 0.93835 
vn -0.251214 0.229951 0.94022 
vn -0.20591 0.149122 0.967142 
vn -0.204239 0.142416 0.968506 
vn -0.157109 0.0606103 0.98572 
vn -0.155085 0.0533613 0.986459 
vn -0.106648 -0.0285421 0.993887 
vn -0.5 0.866025 0 
vn -0.505815 0.856779 0.100403 
vn -0.506032 0.855785 0.107533 
vn -0.506142 0.835526 0.213813 
vn -0.501959 0.812253 0.297122 
vn -0.50647 0.838794 0.199781 
vn -0.500326 0.805485 0.317596 
vn -0.492329 0.777428 0.391432 
vn -0.488652 0.766013 0.417665 
vn -0.477676 0.734672 0.481749 
vn -0.471256 0.71757 0.512846 
vn -0.458152 0.684423 0.567153 
vn -0.448342 0.660723 0.602025 
vn -0.433954 0.627193 0.646771 
vn -0.420178 0.59614 0.684155 
vn -0.387093 0.524576 0.758274 
vn -0.40533 0.563565 0.719793 
vn -0.349477 0.44687 0.823513 
vn -0.372571 0.49419 0.785473 
vn -0.307769 0.363933 0.879108 
vn -0.336013 0.419773 0.843141 
vn -0.296027 0.341075 0.892209 
vn -0.262459 0.276738 0.924409 
vn -0.253021 0.258897 0.932176 
vn -0.214078 0.186306 0.958885 
vn -0.207435 0.174079 0.962635 
vn -0.163193 0.0936987 0.982135 
vn -0.10982 -0.019237 0.993765 
vn -0.106994 -0.0276634 0.993875 
vn -0.159733 0.0874859 0.983276 
vn -0.111404 -0.0102508 0.993722 
vn -0.110402 0 0.993887 
vn -0.104276 -0.0362625 0.993887 
vn -0.124968 -0.000117444 0.992161 
vn -0.174491 0.0880074 0.980718 
vn -0.187783 0.112068 0.975796 
vn -0.154959 0.0529735 0.9865 
vn -0.204039 0.141745 0.968647 
vn -0.231806 0.193101 0.953403 
vn -0.250985 0.229102 0.940489 
vn -0.273509 0.271974 0.922618 
vn -0.311872 0.346662 0.884625 
vn -0.329544 0.381873 0.863466 
vn -0.293647 0.310901 0.903942 
vn -0.345603 0.414379 0.841931 
vn -0.361041 0.446137 0.818909 
vn -0.33646 0.395811 0.854476 
vn -0.390092 0.507506 0.768288 
vn -0.403694 0.537109 0.740638 
vn -0.375867 0.477171 0.794375 
vn -0.407671 0.545887 0.731992 
vn -0.416522 0.565649 0.711723 
vn -0.427589 0.590849 0.684153 
vn -0.457002 0.661357 0.594775 
vn -0.46152 0.67281 0.578209 
vn -0.447827 0.638691 0.62572 
vn -0.438023 0.615191 0.655497 
vn -0.472833 0.702565 0.531819 
vn -0.479413 0.720797 0.500614 
vn -0.46554 0.683191 0.562604 
vn -0.491197 0.756153 0.432387 
vn -0.495674 0.771067 0.399704 
vn -0.485661 0.739 0.466917 
vn -0.503439 0.80123 0.323388 
vn -0.504873 0.808061 0.303547 
vn -0.496015 0.772252 0.396985 
vn -0.500101 0.787285 0.360668 
vn -0.507272 0.822022 0.258758 
vn -0.508674 0.836404 0.204156 
vn -0.506001 0.814054 0.285094 
vn -0.508761 0.842912 0.175104 
vn -0.507041 0.855793 0.102608 
vn -0.506411 0.857695 0.0889172 
vn -0.5 0.866025 3.32101e-16 
f 3160//3160 3161//3161 3162//3162 
f 3163//3163 3164//3164 3165//3165 
f 3166//3166 3167//3167 3164//3164 
f 3168//3168 3169//3169 3167//3167 
f 3170//3170 3171//3171 3169//3169 
f 3172//3172 3173//3173 3171//3171 
f 3174//3174 3175//3175 3173//3173 
f 3176//3176 3177//3177 3175//3175 
f 3178//3178 3179//3179 3177//3177 
f 3180//3180 3181//3181 3179//3179 
f 3182//3182 3183//3183 3181//3181 
f 3184//3184 3185//3185 3183//3183 
f 3186//3186 3187//3187 3185//3185 
f 3188//3188 3189//3189 3187//3187 
f 3189//3189 3188//3188 3190//3190 
f 3161//3161 3191//3191 3192//3192 
f 3162//3162 3192//3192 3193//3193 
f 3193//3193 3163//3163 3162//3162 
f 3163//3163 3194//3194 3195//3195 
f 3163//3163 3196//3196 3194//3194 
f 3166//3166 3197//3197 3198//3198 
f 3166//3166 3195//3195 3197//3197 
f 3168//3168 3199//3199 3200//3200 
f 3168//3168 3198//3198 3199//3199 
f 3170//3170 3201//3201 3202//3202 
f 3170//3170 3200//3200 3201//3201 
f 3172//3172 3203//3203 3204//3204 
f 3172//3172 3202//3202 3203//3203 
f 3176//3176 3174//3174 3205//3205 
f 3174//3174 3204//3204 3205//3205 
f 3178//3178 3176//3176 3206//3206 
f 3176//3176 3207//3207 3206//3206 
f 3180//3180 3178//3178 3208//3208 
f 3178//3178 3209//3209 3208//3208 
f 3182//3182 3180//3180 3210//3210 
f 3180//3180 3211//3211 3210//3210 
f 3182//3182 3212//3212 3213//3213 
f 3213//3213 3184//3184 3182//3182 
f 3184//3184 3214//3214 3215//3215 
f 3215//3215 3186//3186 3184//3184 
f 3186//3186 3216//3216 3217//3217 
f 3217//3217 3188//3188 3186//3186 
f 3188//3188 3218//3218 3219//3219 
f 3220//3220 3221//3221 3218//3218 
f 3220//3220 3222//3222 3221//3221 
f 3218//3218 3188//3188 3220//3220 
f 3189//3189 3223//3223 3224//3224 
f 3187//3187 3225//3225 3226//3226 
f 3187//3187 3189//3189 3227//3227 
f 3227//3227 3225//3225 3187//3187 
f 3185//3185 3187//3187 3228//3228 
f 3228//3228 3229//3229 3185//3185 
f 3183//3183 3185//3185 3230//3230 
f 3230//3230 3231//3231 3183//3183 
f 3181//3181 3232//3232 3233//3233 
f 3181//3181 3183//3183 3234//3234 
f 3234//3234 3232//3232 3181//3181 
f 3179//3179 3235//3235 3236//3236 
f 3179//3179 3181//3181 3237//3237 
f 3237//3237 3235//3235 3179//3179 
f 3177//3177 3238//3238 3239//3239 
f 3177//3177 3179//3179 3240//3240 
f 3240//3240 3238//3238 3177//3177 
f 3175//3175 3177//3177 3241//3241 
f 3241//3241 3242//3242 3175//3175 
f 3242//3242 3243//3243 3175//3175 
f 3175//3175 3244//3244 3245//3245 
f 3175//3175 3246//3246 3244//3244 
f 3175//3175 3247//3247 3246//3246 
f 3173//3173 3248//3248 3249//3249 
f 3173//3173 3245//3245 3250//3250 
f 3250//3250 3248//3248 3173//3173 
f 3171//3171 3251//3251 3252//3252 
f 3171//3171 3249//3249 3253//3253 
f 3253//3253 3251//3251 3171//3171 
f 3169//3169 3254//3254 3255//3255 
f 3169//3169 3252//3252 3256//3256 
f 3256//3256 3257//3257 3169//3169 
f 3257//3257 3254//3254 3169//3169 
f 3167//3167 3258//3258 3259//3259 
f 3167//3167 3260//3260 3258//3258 
f 3167//3167 3255//3255 3260//3260 
f 3164//3164 3261//3261 3262//3262 
f 3164//3164 3259//3259 3261//3261 
f 3165//3165 3263//3263 3264//3264 
f 3165//3165 3262//3262 3263//3263 
f 3264//3264 3160//3160 3165//3165 
f 3262//3262 3165//3165 3164//3164 
f 3259//3259 3164//3164 3167//3167 
f 3255//3255 3167//3167 3169//3169 
f 3252//3252 3169//3169 3171//3171 
f 3249//3249 3171//3171 3173//3173 
f 3245//3245 3173//3173 3175//3175 
f 3243//3243 3247//3247 3175//3175 
f 3239//3239 3241//3241 3177//3177 
f 3236//3236 3240//3240 3179//3179 
f 3233//3233 3237//3237 3181//3181 
f 3231//3231 3234//3234 3183//3183 
f 3229//3229 3230//3230 3185//3185 
f 3226//3226 3228//3228 3187//3187 
f 3224//3224 3227//3227 3189//3189 
f 3219//3219 3190//3190 3188//3188 
f 3217//3217 3220//3220 3188//3188 
f 3215//3215 3216//3216 3186//3186 
f 3213//3213 3214//3214 3184//3184 
f 3210//3210 3212//3212 3182//3182 
f 3208//3208 3211//3211 3180//3180 
f 3206//3206 3209//3209 3178//3178 
f 3205//3205 3207//3207 3176//3176 
f 3204//3204 3174//3174 3172//3172 
f 3202//3202 3172//3172 3170//3170 
f 3200//3200 3170//3170 3168//3168 
f 3198//3198 3168//3168 3166//3166 
f 3195//3195 3166//3166 3163//3163 
f 3193//3193 3196//3196 3163//3163 
f 3192//3192 3162//3162 3161//3161 
f 3190//3190 3223//3223 3189//3189 
f 3187//3187 3186//3186 3188//3188 
f 3185//3185 3184//3184 3186//3186 
f 3183//3183 3182//3182 3184//3184 
f 3181//3181 3180//3180 3182//3182 
f 3179//3179 3178//3178 3180//3180 
f 3177//3177 3176//3176 3178//3178 
f 3175//3175 3174//3174 3176//3176 
f 3173//3173 3172//3172 3174//3174 
f 3171//3171 3170//3170 3172//3172 
f 3169//3169 3168//3168 3170//3170 
f 3167//3167 3166//3166 3168//3168 
f 3164//3164 3163//3163 3166//3166 
f 3165//3165 3162//3162 3163//3163 
f 3162//3162 3165//3165 3160//3160 
v -0.0168747 0.040974 0.0236511 
v -0.0168815 0.0409864 0.0236481 
v -0.0176805 0.040525 0.0235594 
v -0.0177792 0.0407 0.0235381 
v -0.0169802 0.0411613 0.0236269 
v -0.0175721 0.0403276 0.0236093 
v -0.0167731 0.0407889 0.0236981 
v -0.0167861 0.0408132 0.0236894 
v -0.0176737 0.0405127 0.0235623 
v -0.0175851 0.0403518 0.0236006 
v -0.017494 0.0401822 0.0236616 
v -0.0174755 0.040147 0.0236787 
v -0.0166765 0.0406083 0.0237674 
v -0.0166949 0.0406435 0.0237503 
v -0.0166089 0.0404792 0.0238303 
v -0.0174079 0.0400179 0.0237415 
v -0.0173851 0.0399729 0.0237695 
v -0.0165861 0.0404342 0.0238583 
v -0.017328 0.0398605 0.0238396 
v -0.0173019 0.0398073 0.0238808 
v -0.0165028 0.0402686 0.0239696 
v -0.0165289 0.0403218 0.0239284 
v -0.0172268 0.0396522 0.0240113 
v -0.0164277 0.0401135 0.0241 
v -0.0164558 0.0401729 0.0240437 
v -0.0172549 0.0397116 0.023955 
v -0.0171893 0.0395729 0.0240863 
v -0.0171607 0.0395092 0.0241593 
v -0.0163617 0.0399706 0.0242481 
v -0.0163903 0.0400342 0.0241751 
v -0.0171321 0.0394456 0.0242324 
v -0.0171044 0.0393802 0.0243234 
v -0.0163054 0.0398415 0.0244121 
v -0.016333 0.0399069 0.0243211 
v -0.0170837 0.0393312 0.0243916 
v -0.0170586 0.0392665 0.0245014 
v -0.0162595 0.0397279 0.0245902 
v -0.0162847 0.0397925 0.0244804 
v -0.0162456 0.039692 0.0246512 
v -0.0170446 0.0392307 0.0245624 
v -0.0170237 0.0391696 0.0246915 
v -0.0162247 0.0396309 0.0247802 
v -0.0162163 0.0396065 0.0248318 
v -0.0170002 0.0390904 0.0248913 
v -0.0162012 0.0395517 0.02498 
v -0.0170153 0.0391451 0.024743 
v -0.0169883 0.03903 0.0250986 
v -0.0161893 0.0394913 0.0251873 
v -0.016197 0.0395368 0.0250204 
v -0.0169961 0.0390755 0.0249317 
v -0.016188 0.0394837 0.0252151 
v -0.0169871 0.0390224 0.0251264 
v -0.0169883 0.038989 0.0253109 
v -0.0169884 0.0389864 0.0253251 
v -0.017 0.0389679 0.0255259 
v -0.016201 0.0394293 0.0256147 
v -0.0161893 0.0394478 0.0254139 
v -0.0161892 0.0394503 0.0253997 
vn -0.163193 0.0936987 0.982135 
vn -0.159733 0.0874859 0.983276 
vn -0.159733 0.0874859 0.983276 
vn -0.110402 -8.09086e-15 0.993887 
vn -0.110402 -8.09086e-15 0.993887 
vn -0.214078 0.186306 0.958885 
vn -0.214078 0.186306 0.958885 
vn -0.207435 0.174079 0.962635 
vn -0.163193 0.0936987 0.982135 
vn -0.207435 0.174079 0.962635 
vn -0.253021 0.258897 0.932176 
vn -0.262459 0.276738 0.924409 
vn -0.262459 0.276738 0.924409 
vn -0.253021 0.258897 0.932176 
vn -0.296027 0.341075 0.892209 
vn -0.296027 0.341075 0.892209 
vn -0.307769 0.363933 0.879108 
vn -0.307769 0.363933 0.879108 
vn -0.336013 0.419773 0.843141 
vn -0.349477 0.44687 0.823513 
vn -0.349477 0.44687 0.823513 
vn -0.336013 0.419773 0.843141 
vn -0.387093 0.524576 0.758274 
vn -0.387093 0.524576 0.758274 
vn -0.372571 0.49419 0.785473 
vn -0.372571 0.49419 0.785473 
vn -0.40533 0.563565 0.719793 
vn -0.420178 0.59614 0.684155 
vn -0.420178 0.59614 0.684155 
vn -0.40533 0.563565 0.719793 
vn -0.433954 0.627193 0.646771 
vn -0.448342 0.660723 0.602025 
vn -0.448342 0.660723 0.602025 
vn -0.433954 0.627193 0.646771 
vn -0.458152 0.684423 0.567153 
vn -0.471256 0.71757 0.512846 
vn -0.471256 0.71757 0.512846 
vn -0.458152 0.684423 0.567153 
vn -0.477676 0.734672 0.481749 
vn -0.477676 0.734672 0.481749 
vn -0.488652 0.766013 0.417665 
vn -0.488652 0.766013 0.417665 
vn -0.492329 0.777428 0.391432 
vn -0.500326 0.805485 0.317596 
vn -0.500326 0.805485 0.317596 
vn -0.492329 0.777428 0.391432 
vn -0.506142 0.835526 0.213813 
vn -0.506142 0.835526 0.213813 
vn -0.501959 0.812253 0.297122 
vn -0.501959 0.812253 0.297122 
vn -0.50647 0.838794 0.199781 
vn -0.50647 0.838794 0.199781 
vn -0.506032 0.855785 0.107533 
vn -0.505815 0.856779 0.100403 
vn -0.5 0.866025 -1.58802e-14 
vn -0.5 0.866025 -1.58802e-14 
vn -0.505815 0.856779 0.100403 
vn -0.506032 0.855785 0.107533 
f 3265//3265 3266//3266 3267//3267 
f 3268//3268 3267//3267 3266//3266 
f 3266//3266 3269//3269 3268//3268 
f 3270//3270 3271//3271 3272//3272 
f 3265//3265 3273//3273 3274//3274 
f 3274//3274 3272//3272 3265//3265 
f 3275//3275 3276//3276 3277//3277 
f 3271//3271 3270//3270 3275//3275 
f 3275//3275 3278//3278 3271//3271 
f 3279//3279 3277//3277 3276//3276 
f 3280//3280 3281//3281 3282//3282 
f 3282//3282 3279//3279 3280//3280 
f 3282//3282 3281//3281 3283//3283 
f 3284//3284 3285//3285 3286//3286 
f 3286//3286 3283//3283 3284//3284 
f 3287//3287 3288//3288 3289//3289 
f 3290//3290 3289//3289 3285//3285 
f 3285//3285 3284//3284 3290//3290 
f 3288//3288 3287//3287 3291//3291 
f 3292//3292 3293//3293 3294//3294 
f 3294//3294 3291//3291 3292//3292 
f 3293//3293 3292//3292 3295//3295 
f 3296//3296 3297//3297 3298//3298 
f 3298//3298 3295//3295 3296//3296 
f 3297//3297 3296//3296 3299//3299 
f 3300//3300 3301//3301 3302//3302 
f 3302//3302 3299//3299 3300//3300 
f 3303//3303 3301//3301 3300//3300 
f 3303//3303 3304//3304 3305//3305 
f 3305//3305 3306//3306 3303//3303 
f 3307//3307 3306//3306 3305//3305 
f 3308//3308 3309//3309 3307//3307 
f 3307//3307 3310//3310 3308//3308 
f 3311//3311 3312//3312 3313//3313 
f 3309//3309 3308//3308 3314//3314 
f 3314//3314 3313//3313 3309//3309 
f 3315//3315 3316//3316 3317//3317 
f 3316//3316 3315//3315 3312//3312 
f 3312//3312 3311//3311 3316//3316 
f 3318//3318 3319//3319 3320//3320 
f 3318//3318 3321//3321 3322//3322 
f 3322//3322 3317//3317 3318//3318 
f 3320//3320 3321//3321 3318//3318 
f 3317//3317 3322//3322 3315//3315 
f 3313//3313 3314//3314 3311//3311 
f 3305//3305 3310//3310 3307//3307 
f 3300//3300 3304//3304 3303//3303 
f 3299//3299 3302//3302 3297//3297 
f 3295//3295 3298//3298 3293//3293 
f 3291//3291 3294//3294 3288//3288 
f 3289//3289 3290//3290 3287//3287 
f 3283//3283 3286//3286 3282//3282 
f 3276//3276 3280//3280 3279//3279 
f 3277//3277 3278//3278 3275//3275 
f 3272//3272 3274//3274 3270//3270 
f 3267//3267 3273//3273 3265//3265 
v -0.0239504 0.0337439 0.026333 
v -0.023951 0.0339552 0.0262936 
v -0.0242657 0.0337549 0.0253315 
v -0.0242641 0.0337739 0.0253274 
v -0.0239297 0.0341641 0.0262475 
v -0.0242491 0.0339452 0.0252904 
v -0.0242422 0.0339825 0.0252811 
v -0.0238867 0.0343681 0.0261952 
v -0.0242144 0.0341319 0.0252441 
v -0.0241987 0.0341862 0.0252288 
v -0.0238224 0.0345649 0.0261374 
v -0.0241621 0.0343131 0.0251931 
v -0.0241342 0.0343827 0.025171 
v -0.0237376 0.0347522 0.0260747 
v -0.0240925 0.0344872 0.0251378 
v -0.0240495 0.0345698 0.0251084 
v -0.0236334 0.0349279 0.0260079 
v -0.0239454 0.0347453 0.0250416 
v -0.0240064 0.0346524 0.0250789 
v -0.0235108 0.0350898 0.0259377 
v -0.0238231 0.0349073 0.0249715 
v -0.0239047 0.0348072 0.0250168 
v -0.0233713 0.0352363 0.0258649 
v -0.0236841 0.035054 0.0248988 
v -0.0237882 0.0349502 0.0249521 
v -0.0232165 0.0353655 0.0257904 
v -0.0235298 0.0351836 0.0248244 
v -0.0236581 0.0350799 0.0248855 
v -0.0230483 0.035476 0.025715 
v -0.0233621 0.0352948 0.024749 
v -0.0235156 0.0351951 0.0248176 
v -0.0242642 0.0335627 0.0253671 
vn -0.951057 4.33681e-15 0.309017 
vn -0.951389 0.105648 0.289306 
vn -0.951813 0.0960757 0.29124 
vn -0.95139 0.105631 0.28931 
vn -0.940732 0.210076 0.266254 
vn -0.943483 0.191234 0.270682 
vn -0.940736 0.210054 0.266259 
vn -0.91921 0.312077 0.240126 
vn -0.926146 0.284567 0.24754 
vn -0.919215 0.312058 0.240131 
vn -0.887071 0.410474 0.211225 
vn -0.899966 0.375183 0.222035 
vn -0.887075 0.410463 0.211228 
vn -0.844687 0.504129 0.179884 
vn -0.865194 0.462217 0.19441 
vn -0.844687 0.504129 0.179884 
vn -0.792546 0.591962 0.146466 
vn -0.79254 0.591971 0.146462 
vn -0.822162 0.544838 0.164929 
vn -0.731251 0.672958 0.111356 
vn -0.731239 0.672972 0.111349 
vn -0.771281 0.622257 0.133873 
vn -0.66151 0.746181 0.0749596 
vn -0.661494 0.746195 0.0749519 
vn -0.713036 0.693736 0.10154 
vn -0.584128 0.810786 0.0376975 
vn -0.584116 0.810795 0.0376916 
vn -0.647984 0.758592 0.0682366 
vn -0.5 0.866025 3.46945e-15 
vn -0.5 0.866025 3.46945e-15 
vn -0.576745 0.816205 0.0342819 
vn -0.951057 1.4962e-14 0.309017 
f 3323//3323 3324//3324 3325//3325 
f 3324//3324 3326//3326 3325//3325 
f 3324//3324 3327//3327 3328//3328 
f 3327//3327 3329//3329 3328//3328 
f 3327//3327 3330//3330 3331//3331 
f 3330//3330 3332//3332 3331//3331 
f 3330//3330 3333//3333 3334//3334 
f 3333//3333 3335//3335 3334//3334 
f 3333//3333 3336//3336 3337//3337 
f 3336//3336 3338//3338 3337//3337 
f 3339//3339 3340//3340 3341//3341 
f 3341//3341 3336//3336 3339//3339 
f 3342//3342 3343//3343 3344//3344 
f 3344//3344 3339//3339 3342//3342 
f 3345//3345 3346//3346 3347//3347 
f 3347//3347 3342//3342 3345//3345 
f 3348//3348 3349//3349 3350//3350 
f 3350//3350 3345//3345 3348//3348 
f 3351//3351 3352//3352 3353//3353 
f 3353//3353 3348//3348 3351//3351 
f 3353//3353 3349//3349 3348//3348 
f 3350//3350 3346//3346 3345//3345 
f 3347//3347 3343//3343 3342//3342 
f 3344//3344 3340//3340 3339//3339 
f 3341//3341 3338//3338 3336//3336 
f 3337//3337 3335//3335 3333//3333 
f 3334//3334 3332//3332 3330//3330 
f 3331//3331 3329//3329 3327//3327 
f 3328//3328 3326//3326 3324//3324 
f 3325//3325 3354//3354 3323//3323 
v -0.0150003 0.0401225 0.0269274 
v -0.0150091 0.0401174 0.0268 
v -0.0150301 0.0401053 0.0266731 
v -0.0150635 0.040086 0.0265471 
v -0.0151099 0.0400592 0.0264228 
v -0.0151698 0.0400246 0.0263009 
v -0.0152437 0.0399819 0.0261827 
v -0.0153321 0.0399309 0.0260696 
v -0.0153823 0.0399019 0.0260151 
v -0.015 0.0401226 0.0269564 
v -0.0154363 0.0398708 0.0259626 
v -0.015494 0.0398374 0.0259125 
v -0.0155554 0.039802 0.025865 
v -0.0156205 0.0397644 0.0258205 
v -0.0156889 0.0397249 0.0257794 
v -0.0157607 0.0396835 0.0257419 
v -0.0158354 0.0396403 0.0257083 
v -0.0159128 0.0395956 0.0256792 
v -0.0204563 0.0369724 0.0251128 
v -0.0226611 0.0356995 0.0267397 
v -0.0224512 0.0358207 0.0271915 
v -0.0159926 0.0395496 0.0256546 
v -0.0228609 0.0355841 0.0262481 
v -0.0230585 0.0354701 0.0247873 
v -0.0230483 0.035476 0.025715 
v -0.0160744 0.0395024 0.0256349 
v -0.0161576 0.0394543 0.0256202 
v -0.0220326 0.0360624 0.027947 
v -0.015 0.0401226 0.0393008 
v -0.017 0.0389679 0.0255259 
v -0.016201 0.0394293 0.0256147 
v -0.0233621 0.0352948 0.024749 
vn -0.5 0.866025 8.2444e-17 
vn -0.5 0.866025 8.2444e-17 
vn -0.5 0.866025 8.2444e-17 
vn -0.5 0.866025 8.2444e-17 
vn -0.5 0.866025 8.2444e-17 
vn -0.5 0.866025 8.2444e-17 
vn -0.5 0.866025 8.2444e-17 
vn -0.5 0.866025 8.2444e-17 
vn -0.5 0.866025 8.2444e-17 
vn -0.5 0.866025 8.2444e-17 
vn -0.5 0.866025 8.2444e-17 
vn -0.5 0.866025 8.2444e-17 
vn -0.5 0.866025 8.2444e-17 
vn -0.5 0.866025 8.2444e-17 
vn -0.5 0.866025 8.2444e-17 
vn -0.5 0.866025 8.2444e-17 
vn -0.5 0.866025 8.2444e-17 
vn -0.5 0.866025 8.2444e-17 
vn -0.5 0.866025 8.2444e-17 
vn -0.5 0.866025 8.2444e-17 
vn -0.5 0.866025 8.2444e-17 
vn -0.5 0.866025 8.2444e-17 
vn -0.5 0.866025 8.2444e-17 
vn -0.5 0.866025 8.2444e-17 
vn -0.5 0.866025 8.2444e-17 
vn -0.5 0.866025 8.2444e-17 
vn -0.5 0.866025 8.2444e-17 
vn -0.5 0.866025 8.2444e-17 
vn -0.5 0.866025 8.2444e-17 
vn -0.5 0.866025 8.2444e-17 
vn -0.5 0.866025 8.2444e-17 
vn -0.5 0.866025 8.2444e-17 
f 3355//3355 3356//3356 3357//3357 
f 3357//3357 3358//3358 3355//3355 
f 3358//3358 3359//3359 3355//3355 
f 3359//3359 3360//3360 3355//3355 
f 3360//3360 3361//3361 3355//3355 
f 3361//3361 3362//3362 3355//3355 
f 3363//3363 3364//3364 3355//3355 
f 3362//3362 3363//3363 3355//3355 
f 3363//3363 3365//3365 3364//3364 
f 3365//3365 3366//3366 3364//3364 
f 3366//3366 3367//3367 3364//3364 
f 3367//3367 3368//3368 3364//3364 
f 3368//3368 3369//3369 3364//3364 
f 3369//3369 3370//3370 3364//3364 
f 3370//3370 3371//3371 3364//3364 
f 3371//3371 3372//3372 3364//3364 
f 3373//3373 3374//3374 3375//3375 
f 3372//3372 3376//3376 3364//3364 
f 3373//3373 3377//3377 3374//3374 
f 3373//3373 3378//3378 3379//3379 
f 3376//3376 3380//3380 3364//3364 
f 3379//3379 3377//3377 3373//3373 
f 3380//3380 3381//3381 3364//3364 
f 3375//3375 3382//3382 3373//3373 
f 3383//3383 3384//3384 3373//3373 
f 3381//3381 3385//3385 3364//3364 
f 3373//3373 3382//3382 3383//3383 
f 3384//3384 3383//3383 3364//3364 
f 3385//3385 3384//3384 3364//3364 
f 3378//3378 3386//3386 3379//3379 
v -0.0161412 0.0394753 0.0254221 
v -0.0161576 0.0394543 0.0256202 
v -0.0160744 0.0395024 0.0256349 
v -0.0160336 0.03957 0.0252519 
v -0.016135 0.0395134 0.025226 
v -0.0160281 0.039628 0.0250651 
v -0.016139 0.0395681 0.0250339 
v -0.0160326 0.0397013 0.0248837 
v -0.0161531 0.0396391 0.0248476 
v -0.0160471 0.0397893 0.0247094 
v -0.0161773 0.0397255 0.024669 
v -0.0160714 0.0398912 0.0245441 
v -0.0162112 0.0398264 0.0244999 
v -0.0161053 0.0400059 0.0243892 
v -0.0162546 0.039941 0.024342 
v -0.0161485 0.0401324 0.0242462 
v -0.0163071 0.040068 0.0241969 
v -0.0162006 0.0402695 0.0241165 
v -0.016368 0.0402061 0.024066 
v -0.016261 0.0404157 0.0240014 
v -0.0164368 0.0403541 0.0239505 
v -0.0163293 0.0405699 0.0239019 
v -0.0165128 0.0405103 0.0238518 
v -0.0164046 0.0407303 0.023819 
v -0.0165952 0.0406733 0.0237707 
v -0.0164864 0.0408957 0.0237535 
v -0.0166833 0.0408415 0.0237081 
v -0.0165738 0.0410642 0.023706 
v -0.0167761 0.041013 0.0236646 
v -0.016666 0.0412344 0.023677 
v -0.016867 0.0411877 0.0236416 
v -0.0160491 0.039528 0.0254425 
v -0.0159926 0.0395496 0.0256546 
v -0.0159346 0.0396254 0.0252838 
v -0.0159201 0.0396863 0.0251026 
v -0.0159154 0.0397619 0.0249266 
v -0.0159206 0.0398514 0.0247572 
v -0.0159356 0.0399541 0.024596 
v -0.0159604 0.040069 0.0244446 
v -0.0159946 0.040195 0.0243043 
v -0.016038 0.040331 0.0241764 
v -0.0160902 0.0404757 0.0240621 
v -0.0161506 0.0406278 0.0239624 
v -0.0162188 0.0407859 0.0238782 
v -0.0162941 0.0409486 0.0238104 
v -0.0163758 0.0411143 0.0237594 
v -0.0164632 0.0412816 0.0237259 
v -0.0165157 0.0412694 0.0237133 
v -0.0159589 0.0395797 0.0254683 
v -0.0159128 0.0395956 0.0256792 
v -0.0158385 0.0396791 0.0253212 
v -0.0158154 0.0397429 0.0251462 
v -0.015802 0.0398205 0.0249759 
v -0.0157983 0.0399115 0.0248118 
v -0.0158045 0.0400149 0.0246553 
v -0.0158204 0.0401299 0.0245078 
v -0.0158459 0.0402555 0.0243707 
v -0.0158809 0.0403905 0.024245 
v -0.0159249 0.0405337 0.024132 
v -0.0159776 0.040684 0.0240327 
v -0.0160386 0.0408399 0.0239478 
v -0.0161072 0.0410001 0.0238781 
v -0.016183 0.0411631 0.0238244 
v -0.0162652 0.0413277 0.0237869 
v -0.0158711 0.0396299 0.0254994 
v -0.0158354 0.0396403 0.0257083 
v -0.0157458 0.039731 0.025364 
v -0.0157146 0.0397974 0.0251954 
v -0.0156928 0.039877 0.0250312 
v -0.0156808 0.0399693 0.0248727 
v -0.0156785 0.0400735 0.0247213 
v -0.0156859 0.0401886 0.0245782 
v -0.0157031 0.0403137 0.0244446 
v -0.0157298 0.0404477 0.0243217 
v -0.0157659 0.0405896 0.0242106 
v -0.015811 0.0407381 0.024112 
v -0.0158647 0.0408919 0.024027 
v -0.0159267 0.0410498 0.0239562 
v -0.0159963 0.0412104 0.0239001 
v -0.016073 0.0413724 0.0238594 
v -0.016174 0.0413489 0.0238213 
v -0.0157861 0.0396785 0.0255354 
v -0.0157607 0.0396835 0.0257419 
v -0.0156566 0.0397809 0.0254116 
v -0.0156178 0.0398497 0.0252498 
v -0.0155883 0.0399312 0.025092 
v -0.0155683 0.0400247 0.0249394 
v -0.0155579 0.0401295 0.0247934 
v -0.0155573 0.0402447 0.0246551 
v -0.0155665 0.0403694 0.0245255 
v -0.0155853 0.0405026 0.0244058 
v -0.0156136 0.0406431 0.024297 
v -0.0156512 0.04079 0.0241998 
v -0.0156979 0.0409419 0.0241152 
v -0.0157531 0.0410976 0.0240437 
v -0.0158165 0.0412559 0.023986 
v -0.0158876 0.0414155 0.0239425 
v -0.0157044 0.0397253 0.025576 
v -0.0156889 0.0397249 0.0257794 
v -0.0155715 0.0398286 0.0254636 
v -0.0155256 0.0398996 0.0253088 
v -0.0154887 0.0399828 0.0251577 
v -0.0154612 0.0400775 0.0250114 
v -0.0154432 0.0401829 0.0248711 
v -0.015435 0.0402981 0.0247378 
v -0.0154364 0.0404225 0.0246127 
v -0.0154477 0.0405548 0.0244966 
v -0.0154685 0.0406942 0.0243905 
v -0.0154989 0.0408395 0.0242952 
v -0.0155386 0.0409896 0.0242115 
v -0.0155871 0.0411434 0.0241399 
v -0.0156443 0.0412995 0.0240811 
v -0.0157096 0.0414569 0.0240356 
v -0.0158455 0.0414253 0.0239645 
v -0.0156261 0.0397702 0.0256209 
v -0.0156205 0.0397644 0.0258205 
v -0.0154905 0.0398739 0.0255197 
v -0.0154379 0.0399471 0.0253721 
v -0.0153942 0.0400318 0.0252279 
v -0.0153597 0.0401275 0.0250881 
v -0.0153346 0.0402335 0.0249538 
v -0.0153191 0.0403488 0.0248259 
v -0.0153133 0.0404728 0.0247055 
v -0.0153173 0.0406044 0.0245934 
v -0.015331 0.0407426 0.0244905 
v -0.0153544 0.0408865 0.0243975 
v -0.0153872 0.041035 0.0243152 
v -0.0154292 0.0411869 0.0242441 
v -0.0154802 0.0413411 0.0241848 
v -0.0155397 0.0414965 0.0241377 
v -0.0155515 0.0398129 0.0256696 
v -0.0155554 0.039802 0.025865 
v -0.0154139 0.0399169 0.0255794 
v -0.0153551 0.039992 0.0254392 
v -0.015305 0.0400781 0.0253021 
v -0.0152639 0.0401748 0.0251689 
v -0.0152321 0.0402812 0.0250408 
v -0.0152098 0.0403966 0.0249186 
v -0.0151972 0.0405202 0.0248033 
v -0.0151943 0.0406511 0.0246955 
v -0.0152012 0.0407884 0.0245962 
v -0.0152178 0.040931 0.0245059 
v -0.0152441 0.0410779 0.0244255 
v -0.0152798 0.0412281 0.0243554 
v -0.0153246 0.0413805 0.0242961 
v -0.0153783 0.041534 0.0242481 
v -0.0155339 0.0414978 0.0241417 
v -0.0154808 0.0398534 0.0257217 
v -0.015494 0.0398374 0.0259125 
v -0.0153417 0.0399573 0.0256424 
v -0.0152773 0.0400342 0.0255096 
v -0.0152212 0.0401217 0.0253797 
v -0.015174 0.0402192 0.0252534 
v -0.0151359 0.0403261 0.0251317 
v -0.0151073 0.0404416 0.0250154 
v -0.0150882 0.0405648 0.0249054 
v -0.0150788 0.0406951 0.0248023 
v -0.0150792 0.0408314 0.0247068 
v -0.0150895 0.0409728 0.0246197 
v -0.0151094 0.0411183 0.0245416 
v -0.015139 0.0412669 0.0244729 
v -0.0151779 0.0414177 0.0244143 
v -0.0152436 0.0415653 0.0243522 
v -0.0152259 0.0415695 0.0243659 
v -0.0154141 0.0398915 0.025777 
v -0.0154363 0.0398708 0.0259626 
v -0.0152741 0.0399952 0.0257081 
v -0.0152044 0.0400737 0.0255829 
v -0.0151429 0.0401624 0.0254603 
v -0.01509 0.0402607 0.0253411 
v -0.0150461 0.040368 0.025226 
v -0.0150115 0.0404836 0.0251158 
v -0.0149864 0.0406065 0.0250112 
v -0.0149709 0.0407362 0.024913 
v -0.0149653 0.0408716 0.0248218 
v -0.0149694 0.0410119 0.0247382 
v -0.0149833 0.0411561 0.0246628 
v -0.015007 0.0413034 0.0245961 
v -0.0150401 0.0414526 0.0245385 
v -0.0150826 0.0416028 0.0244903 
v -0.0153516 0.0399274 0.0258349 
v -0.0153823 0.0399019 0.0260151 
v -0.0152111 0.0400305 0.0257763 
v -0.0151365 0.0401105 0.0256588 
v -0.0150699 0.0402003 0.0255436 
v -0.0150118 0.0402994 0.0254314 
v -0.0149625 0.0404071 0.025323 
v -0.0149224 0.0405226 0.0252191 
v -0.0148917 0.0406453 0.0251203 
v -0.0148706 0.0407744 0.0250273 
v -0.0148592 0.0409091 0.0249406 
v -0.0148576 0.0410484 0.0248608 
v -0.0148659 0.0411914 0.0247885 
v -0.0148839 0.0413373 0.0247241 
v -0.0149116 0.0414852 0.024668 
v -0.0149776 0.0416272 0.0245924 
v -0.0149487 0.041634 0.0246205 
v -0.0152932 0.0399608 0.0258953 
v -0.0153321 0.0399309 0.0260696 
v -0.0151526 0.0400633 0.0258465 
v -0.0150735 0.0401447 0.0257368 
v -0.0150024 0.0402355 0.025629 
v -0.0149395 0.0403352 0.0255241 
v -0.0148852 0.0404432 0.0254225 
v -0.01484 0.0405588 0.025325 
v -0.0148041 0.0406813 0.0252321 
v -0.0147777 0.0408099 0.0251444 
v -0.014761 0.0409438 0.0250625 
v -0.0147541 0.0410822 0.0249868 
v -0.014757 0.0412242 0.0249179 
v -0.0147697 0.0413689 0.0248562 
v -0.0147921 0.0415155 0.024802 
v -0.0148242 0.0416629 0.0247558 
v -0.015239 0.0399919 0.0259577 
v -0.0152437 0.0399819 0.0261827 
v -0.0150498 0.0401209 0.025991 
v -0.0149631 0.0402046 0.0258966 
v -0.0148839 0.0402972 0.0258038 
v -0.0148127 0.040398 0.0257133 
v -0.0147498 0.0405066 0.0256255 
v -0.0146957 0.0406222 0.025541 
v -0.0146507 0.0407443 0.0254602 
v -0.014615 0.040872 0.0253837 
v -0.0145889 0.0410046 0.0253118 
v -0.0145725 0.0411415 0.0252451 
v -0.0145658 0.0412816 0.0251838 
v -0.014569 0.0414243 0.0251285 
v -0.014582 0.0415687 0.0250792 
v -0.0151435 0.0400465 0.0260866 
v -0.0151698 0.0400246 0.0263009 
v -0.0149643 0.0401689 0.0261405 
v -0.0148713 0.0402545 0.0260614 
v -0.0147855 0.0403484 0.0259837 
v -0.0147075 0.0404502 0.0259077 
v -0.0146375 0.0405592 0.0258339 
v -0.0145761 0.0406749 0.0257627 
v -0.0145235 0.0407966 0.0256944 
v -0.0144801 0.0409236 0.0256296 
v -0.014446 0.0410552 0.0255685 
v -0.0144215 0.0411908 0.0255114 
v -0.0144068 0.0413295 0.0254588 
v -0.0144018 0.0414706 0.0254108 
v -0.0144067 0.0416132 0.0253677 
v -0.015064 0.0400921 0.0262205 
v -0.0151099 0.0400592 0.0264228 
v -0.0148952 0.0402077 0.0262935 
v -0.0147972 0.0402948 0.0262297 
v -0.0147062 0.0403898 0.0261669 
v -0.0146227 0.0404923 0.0261055 
v -0.014547 0.0406016 0.0260458 
v -0.0144797 0.0407173 0.025988 
v -0.014421 0.0408387 0.0259326 
v -0.0143713 0.0409652 0.0258798 
v -0.0143308 0.0410961 0.0258299 
v -0.0142998 0.0412306 0.0257831 
v -0.0142784 0.0413681 0.0257398 
v -0.0142668 0.0415079 0.0257 
v -0.0142649 0.0416492 0.0256641 
v -0.0149996 0.040129 0.026358 
v -0.0150635 0.040086 0.0265471 
v -0.0148417 0.0402377 0.0264487 
v -0.0147399 0.0403259 0.0264001 
v -0.0146449 0.0404217 0.0263522 
v -0.0145572 0.0405248 0.0263054 
v -0.0144772 0.0406344 0.0262598 
v -0.0144053 0.0407501 0.0262157 
v -0.0143419 0.0408713 0.0261733 
v -0.0142874 0.0409974 0.0261327 
v -0.0142419 0.0411276 0.0260944 
v -0.0142058 0.0412614 0.0260583 
v -0.0141792 0.041398 0.0260247 
v -0.0141623 0.0415368 0.0259938 
v -0.0141551 0.0416771 0.0259658 
v -0.0149498 0.0401576 0.0264978 
v -0.0150301 0.0401053 0.0266731 
v -0.0148032 0.0402593 0.0266053 
v -0.0146987 0.0403483 0.0265718 
v -0.0146008 0.0404448 0.0265388 
v -0.0145101 0.0405482 0.0265065 
v -0.014427 0.040658 0.0264751 
v -0.0143518 0.0407737 0.0264446 
v -0.0142851 0.0408947 0.0264153 
v -0.014227 0.0410205 0.0263872 
v -0.014178 0.0411503 0.0263606 
v -0.0141381 0.0412835 0.0263355 
v -0.0141078 0.0414196 0.0263122 
v -0.014087 0.0415577 0.0262906 
v -0.0140796 0.0416957 0.0262717 
v -0.0149139 0.0401781 0.0266391 
v -0.0150091 0.0401174 0.0268 
v -0.0147791 0.0402728 0.0267627 
v -0.0146729 0.0403623 0.0267443 
v -0.0145733 0.0404591 0.0267261 
v -0.0144807 0.0405628 0.0267083 
v -0.0143956 0.0406727 0.026691 
v -0.0143184 0.0407885 0.0266742 
v -0.0142495 0.0409094 0.026658 
v -0.0141893 0.041035 0.0266425 
v -0.0141379 0.0411645 0.0266278 
v -0.0140958 0.0412974 0.0266139 
v -0.0140631 0.041433 0.026601 
v -0.0140399 0.0415707 0.026589 
v -0.0148914 0.040191 0.0267813 
v -0.0150003 0.0401225 0.0269274 
v -0.014769 0.0402785 0.0269205 
v -0.0146621 0.0403682 0.0269171 
v -0.0145617 0.0404652 0.0269137 
v -0.0144683 0.0405689 0.0269104 
v -0.0143824 0.0406789 0.0269072 
v -0.0143044 0.0407946 0.0269041 
v -0.0142346 0.0409155 0.0269011 
v -0.0141735 0.041041 0.0268982 
v -0.0141212 0.0411704 0.0268955 
v -0.0140781 0.0413032 0.0268929 
v -0.0140444 0.0414387 0.0268905 
v -0.0140202 0.0415762 0.0268883 
v -0.0168815 0.0409864 0.0236481 
v -0.0168727 0.0411863 0.0236406 
v -0.0168747 0.040974 0.0236511 
v -0.0167861 0.0408132 0.0236894 
v -0.0167731 0.0407889 0.0236981 
v -0.0166949 0.0406435 0.0237503 
v -0.0166765 0.0406083 0.0237674 
v -0.0166089 0.0404792 0.0238303 
v -0.0165861 0.0404342 0.0238583 
v -0.0165028 0.0402686 0.0239696 
v -0.0165289 0.0403218 0.0239284 
v -0.0164277 0.0401135 0.0241 
v -0.0164558 0.0401729 0.0240437 
v -0.0163617 0.0399706 0.0242481 
v -0.0163903 0.0400342 0.0241751 
v -0.0163054 0.0398415 0.0244121 
v -0.016333 0.0399069 0.0243211 
v -0.0162847 0.0397925 0.0244804 
v -0.0162595 0.0397279 0.0245902 
v -0.0162456 0.039692 0.0246512 
v -0.0162247 0.0396309 0.0247802 
v -0.0162163 0.0396065 0.0248318 
v -0.0162012 0.0395517 0.02498 
v -0.016197 0.0395368 0.0250204 
v -0.0161893 0.0394913 0.0251873 
v -0.016188 0.0394837 0.0252151 
v -0.0161892 0.0394503 0.0253997 
v -0.016201 0.0394293 0.0256147 
v -0.0148819 0.0401964 0.0269239 
v -0.015 0.0401226 0.0269564 
v -0.0148816 0.0401966 0.0269564 
v -0.0148202 0.0402412 0.0269564 
v -0.0146617 0.0403684 0.0269564 
v -0.014653 0.0403768 0.0269564 
v -0.0145613 0.0404654 0.0269564 
v -0.0145024 0.0405308 0.0269564 
v -0.014382 0.0406791 0.0269564 
v -0.0143684 0.0406992 0.0269564 
v -0.0143039 0.0407949 0.0269564 
v -0.0142538 0.0408816 0.0269564 
v -0.0141729 0.0410412 0.0269564 
v -0.0141593 0.041075 0.0269564 
v -0.0141206 0.0411707 0.0269564 
v -0.0140859 0.0412774 0.0269564 
v -0.0140437 0.0414389 0.0269564 
v -0.0140353 0.0414866 0.0269564 
v -0.0140062 0.0417 0.0269564 
v -0.0140084 0.0417 0.0268865 
v -0.0140136 0.0417 0.0267267 
v -0.0140526 0.0417 0.026392 
v -0.0140617 0.0417 0.0263508 
v -0.0140308 0.0417 0.0265791 
v -0.0141251 0.0417 0.0260629 
v -0.0140793 0.0417 0.0262711 
v -0.0141582 0.0417 0.0259623 
v -0.0142303 0.0417 0.0257428 
v -0.01427 0.0417 0.0256534 
v -0.0143671 0.0417 0.0254348 
v -0.0144179 0.0417 0.0253458 
v -0.0145341 0.0417 0.0251421 
v -0.0146647 0.0417 0.0249531 
v -0.0146037 0.0417 0.0250413 
v -0.0147396 0.0416826 0.0248604 
v -0.0140195 0.0415764 0.0269564 
v -0.0140775 0.0413034 0.0269564 
v -0.0142341 0.0409158 0.0269564 
v -0.0144679 0.0405691 0.0269564 
v -0.0147687 0.0402787 0.0269564 
v -0.0161893 0.0394478 0.0254139 
v -0.0169802 0.0411613 0.0236269 
vn -0.508196 0.855529 0.099033 
vn -0.5 0.866025 8.2444e-17 
vn -0.5 0.866025 8.2444e-17 
vn -0.520394 0.832186 0.191458 
vn -0.511318 0.836489 0.197077 
vn -0.523152 0.803211 0.284892 
vn -0.509335 0.809098 0.293154 
vn -0.5209 0.766544 0.375598 
vn -0.502265 0.773627 0.386303 
vn -0.513659 0.722535 0.462707 
vn -0.490181 0.730433 0.475595 
vn -0.501499 0.671606 0.545385 
vn -0.473203 0.679944 0.560138 
vn -0.484535 0.614245 0.622839 
vn -0.451499 0.622667 0.639089 
vn -0.462932 0.551001 0.694328 
vn -0.425287 0.559173 0.711658 
vn -0.436894 0.48248 0.759168 
vn -0.394829 0.490095 0.777121 
vn -0.406673 0.409339 0.816737 
vn -0.360429 0.416123 0.834825 
vn -0.372556 0.332277 0.866484 
vn -0.322429 0.337997 0.884193 
vn -0.334872 0.252033 0.907932 
vn -0.281211 0.256496 0.924733 
vn -0.29398 0.169375 0.940685 
vn -0.237184 0.172433 0.956039 
vn -0.250273 0.085095 0.964428 
vn -0.190789 0.0866492 0.977799 
vn -0.204169 0 0.978936 
vn -0.144191 0 0.98955 
vn -0.512652 0.853191 0.0961895 
vn -0.5 0.866025 0 
vn -0.529009 0.828116 0.185399 
vn -0.536281 0.797649 0.275968 
vn -0.538629 0.759856 0.364003 
vn -0.536029 0.715084 0.448695 
vn -0.528507 0.663745 0.529266 
vn -0.516131 0.606311 0.604976 
vn -0.499015 0.543308 0.67513 
vn -0.477316 0.475315 0.739084 
vn -0.451233 0.402957 0.79625 
vn -0.421006 0.326898 0.846104 
vn -0.386913 0.247837 0.888186 
vn -0.349266 0.1665 0.922112 
vn -0.308412 0.0836343 0.947569 
vn -0.264725 0 0.964324 
vn -0.249138 3.21364e-05 0.968468 
vn -0.516878 0.850979 0.0931272 
vn -0.5 0.866025 0 
vn -0.537152 0.824282 0.178958 
vn -0.548704 0.792414 0.266465 
vn -0.555424 0.753567 0.351625 
vn -0.557253 0.708084 0.433689 
vn -0.554174 0.656365 0.511934 
vn -0.546215 0.598866 0.58567 
vn -0.533445 0.536092 0.654248 
vn -0.515978 0.468598 0.717065 
vn -0.493967 0.396977 0.773567 
vn -0.467605 0.32186 0.823257 
vn -0.437126 0.243908 0.865696 
vn -0.402797 0.163809 0.900512 
vn -0.364921 0.0822666 0.927397 
vn -0.323831 0 0.946115 
vn -0.52087 0.848892 0.0898746 
vn -0.5 0.866025 0 
vn -0.54482 0.820684 0.172187 
vn -0.560412 0.787506 0.256462 
vn -0.571272 0.747676 0.33857 
vn -0.577306 0.701531 0.417818 
vn -0.578464 0.649461 0.493538 
vn -0.574737 0.591905 0.565089 
vn -0.566155 0.52935 0.631868 
vn -0.552792 0.462324 0.693309 
vn -0.534759 0.391393 0.748895 
vn -0.51221 0.317157 0.798155 
vn -0.485335 0.240242 0.840675 
vn -0.454361 0.161297 0.876093 
vn -0.419549 0.0809907 0.904113 
vn -0.381193 0 0.924496 
vn -0.351214 5.74208e-05 0.936295 
vn -0.524625 0.846932 0.0864588 
vn -0.5 0.866025 0 
vn -0.552011 0.817321 0.16514 
vn -0.571403 0.782921 0.246035 
vn -0.586165 0.742177 0.324937 
vn -0.596177 0.695418 0.401206 
vn -0.601358 0.643025 0.474224 
vn -0.601665 0.58542 0.543399 
vn -0.597097 0.523072 0.60817 
vn -0.587691 0.456485 0.668013 
vn -0.573522 0.386198 0.722443 
vn -0.554706 0.312782 0.771018 
vn -0.531394 0.236832 0.813346 
vn -0.503776 0.158962 0.849082 
vn -0.472076 0.0798045 0.877938 
vn -0.436551 0 0.89968 
vn -0.528145 0.845097 0.0829057 
vn -0.5 0.866025 0 
vn -0.55873 0.814187 0.157862 
vn -0.581682 0.778653 0.235257 
vn -0.600108 0.737062 0.310822 
vn -0.613866 0.689737 0.383968 
vn -0.622849 0.637046 0.454128 
vn -0.626986 0.579399 0.520755 
vn -0.626245 0.517245 0.58333 
vn -0.620633 0.451068 0.641368 
vn -0.610192 0.381381 0.694416 
vn -0.595005 0.308727 0.742062 
vn -0.575189 0.233672 0.783936 
vn -0.550898 0.156798 0.819711 
vn -0.522322 0.0787053 0.849109 
vn -0.489682 0 0.871901 
vn -0.449263 5.13279e-05 0.893399 
vn -0.531432 0.843387 0.0792393 
vn -0.5 0.866025 0 
vn -0.564986 0.811277 0.150399 
vn -0.591259 0.774694 0.224192 
vn -0.613113 0.73232 0.29631 
vn -0.630385 0.684473 0.366212 
vn -0.642945 0.63151 0.433378 
vn -0.650699 0.573827 0.497305 
vn -0.653591 0.511856 0.557515 
vn -0.651597 0.446059 0.613558 
vn -0.644733 0.376928 0.665015 
vn -0.63305 0.304979 0.711502 
vn -0.616636 0.230752 0.752671 
vn -0.595613 0.154799 0.788214 
vn -0.570139 0.07769 0.817867 
vn -0.540403 0 0.841406 
vn -0.534491 0.841797 0.0754815 
vn -0.5 0.866025 0 
vn -0.57079 0.808585 0.142789 
vn -0.600152 0.771033 0.2129 
vn -0.625199 0.727939 0.28148 
vn -0.645753 0.679613 0.348037 
vn -0.661665 0.626401 0.412093 
vn -0.672822 0.568688 0.473186 
vn -0.679142 0.506886 0.530879 
vn -0.680581 0.441442 0.584755 
vn -0.677128 0.372824 0.634429 
vn -0.668808 0.301527 0.679542 
vn -0.65568 0.228062 0.719771 
vn -0.63784 0.152958 0.754827 
vn -0.615416 0.076755 0.784457 
vn -0.588567 0 0.808448 
vn -0.542168 1.13885e-05 0.84027 
vn -0.537326 0.840325 0.071652 
vn -0.5 0.866025 0 
vn -0.576156 0.806103 0.135068 
vn -0.608378 0.76766 0.201433 
vn -0.63639 0.723904 0.266404 
vn -0.659998 0.675139 0.329531 
vn -0.679038 0.621701 0.390378 
vn -0.693379 0.563961 0.448523 
vn -0.702922 0.502319 0.503564 
vn -0.7076 0.4372 0.55512 
vn -0.707382 0.369055 0.602835 
vn -0.702268 0.298356 0.646378 
vn -0.692293 0.225593 0.685447 
vn -0.677528 0.151268 0.719773 
vn -0.658075 0.0758967 0.749118 
vn -0.628874 3.86221e-05 0.777507 
vn -0.634067 0 0.773278 
vn -0.539946 0.838967 0.0677685 
vn -0.5 0.866025 0 
vn -0.581098 0.803821 0.127267 
vn -0.615961 0.764561 0.189838 
vn -0.646714 0.7202 0.251143 
vn -0.673152 0.671034 0.310772 
vn -0.695099 0.617391 0.368327 
vn -0.712409 0.559629 0.423426 
vn -0.724965 0.498133 0.475699 
vn -0.732684 0.433314 0.524798 
vn -0.735515 0.365603 0.570396 
vn -0.733439 0.295453 0.612188 
vn -0.726469 0.223332 0.649896 
vn -0.714653 0.149721 0.683268 
vn -0.698068 0.0751111 0.712081 
vn -0.676826 0 0.736143 
vn -0.542358 0.837718 0.0638463 
vn -0.5 0.866025 0 
vn -0.585634 0.801731 0.119411 
vn -0.622925 0.761725 0.178155 
vn -0.656203 0.716812 0.235751 
vn -0.685253 0.667281 0.291828 
vn -0.70989 0.613452 0.346025 
vn -0.729953 0.555671 0.397993 
vn -0.745314 0.494311 0.447397 
vn -0.755874 0.429766 0.49392 
vn -0.761564 0.362452 0.53726 
vn -0.762349 0.292804 0.57714 
vn -0.758222 0.22127 0.613301 
vn -0.749212 0.14831 0.645512 
vn -0.735375 0.0743945 0.673565 
vn -0.708371 6.80761e-05 0.70584 
vn -0.7168 0 0.697278 
vn -0.544571 0.836573 0.0598985 
vn -0.5 0.866025 0 
vn -0.589782 0.799825 0.111524 
vn -0.629296 0.759139 0.166417 
vn -0.66489 0.713724 0.220273 
vn -0.696341 0.663862 0.272757 
vn -0.723454 0.609865 0.323541 
vn -0.74606 0.552068 0.37231 
vn -0.764019 0.490832 0.41876 
vn -0.777217 0.426537 0.462601 
vn -0.785574 0.359586 0.503559 
vn -0.789036 0.290395 0.541381 
vn -0.787583 0.219394 0.57583 
vn -0.781223 0.147026 0.606691 
vn -0.769996 0.0737429 0.633773 
vn -0.753972 0 0.656906 
vn -0.546594 0.835528 0.0559362 
vn -0.5 0.866025 0 
vn -0.596932 0.796546 0.0958442 
vn -0.640287 0.754695 0.143064 
vn -0.67989 0.708421 0.189445 
vn -0.715508 0.657994 0.234716 
vn -0.746933 0.603712 0.278611 
vn -0.773979 0.545891 0.320873 
vn -0.79649 0.48487 0.361254 
vn -0.814332 0.421008 0.399519 
vn -0.827402 0.354678 0.435441 
vn -0.835622 0.28627 0.468812 
vn -0.838945 0.216183 0.499435 
vn -0.837351 0.14483 0.527131 
vn -0.83085 0.0726278 0.551738 
vn -0.550078 0.833729 0.048063 
vn -0.5 0.866025 0 
vn -0.602757 0.793883 0.0802038 
vn -0.64925 0.751089 0.119748 
vn -0.692136 0.70412 0.158627 
vn -0.731175 0.653239 0.196625 
vn -0.766152 0.598728 0.23353 
vn -0.796871 0.54089 0.269137 
vn -0.823162 0.480047 0.303249 
vn -0.844878 0.416536 0.335676 
vn -0.861901 0.35071 0.366237 
vn -0.874133 0.282936 0.394764 
vn -0.881509 0.213589 0.421097 
vn -0.883986 0.143055 0.445089 
vn -0.881551 0.071727 0.466609 
vn -0.552915 0.832267 0.0402136 
vn -0.5 0.866025 0 
vn -0.607381 0.791775 0.0646564 
vn -0.65637 0.748235 0.0965549 
vn -0.701871 0.70072 0.12794 
vn -0.743644 0.649481 0.158646 
vn -0.781465 0.594792 0.188509 
vn -0.815134 0.536942 0.21737 
vn -0.844472 0.47624 0.245077 
vn -0.869323 0.413007 0.271481 
vn -0.889556 0.34758 0.296443 
vn -0.905062 0.280307 0.31983 
vn -0.915759 0.211544 0.341517 
vn -0.921591 0.141657 0.36139 
vn -0.922527 0.071017 0.379343 
vn -0.555165 0.831108 0.0324143 
vn -0.5 0.866025 0 
vn -0.610909 0.79017 0.0492215 
vn -0.661804 0.746063 0.0735168 
vn -0.709307 0.698133 0.0974351 
vn -0.753174 0.646624 0.120854 
vn -0.793181 0.5918 0.143654 
vn -0.829122 0.533943 0.165717 
vn -0.860812 0.473349 0.18693 
vn -0.88809 0.410329 0.207186 
vn -0.910816 0.345205 0.226379 
vn -0.928873 0.278312 0.244412 
vn -0.942169 0.209992 0.261192 
vn -0.950635 0.140595 0.276633 
vn -0.954228 0.0704783 0.290657 
vn -0.556882 0.830225 0.024674 
vn -0.5 0.866025 0 
vn -0.613423 0.789027 0.0338938 
vn -0.665679 0.744518 0.050629 
vn -0.714613 0.696293 0.0671116 
vn -0.759979 0.644592 0.0832591 
vn -0.801552 0.589674 0.0989911 
vn -0.839123 0.531812 0.114229 
vn -0.872506 0.471295 0.128896 
vn -0.901533 0.408426 0.142921 
vn -0.92606 0.343518 0.156231 
vn -0.945964 0.276895 0.168762 
vn -0.961147 0.20889 0.180451 
vn -0.971531 0.139842 0.191238 
vn -0.977065 0.0700958 0.201071 
vn -0.558104 0.829597 0.0169893 
vn -0.5 0.866025 0 
vn -0.614987 0.788317 0.0186499 
vn -0.66809 0.743559 0.0278604 
vn -0.717914 0.695151 0.0369342 
vn -0.764215 0.643331 0.0458267 
vn -0.806765 0.588354 0.0544942 
vn -0.845355 0.530489 0.0628943 
vn -0.879796 0.470021 0.0709857 
vn -0.909919 0.407245 0.0787287 
vn -0.935576 0.342471 0.0860853 
vn -0.956641 0.276016 0.0930193 
vn -0.973011 0.208206 0.0994969 
vn -0.984605 0.139374 0.105486 
vn -0.558865 0.829206 0.00934791 
vn -0.5 0.866025 0 
vn -0.615638 0.788021 0.00345575 
vn -0.669095 0.743159 0.00516256 
vn -0.719291 0.694675 0.00684422 
vn -0.765982 0.642806 0.00849252 
vn -0.80894 0.587805 0.0100994 
vn -0.847956 0.529939 0.0116571 
vn -0.88284 0.46949 0.013158 
vn -0.913421 0.406754 0.0145948 
vn -0.939551 0.342036 0.0159605 
vn -0.961103 0.27565 0.0172483 
vn -0.977971 0.207922 0.0184522 
vn -0.990074 0.13918 0.0195661 
vn -0.159733 0.0874859 0.983276 
vn -0.142489 0 0.989796 
vn -0.163193 0.0936987 0.982135 
vn -0.207435 0.174079 0.962635 
vn -0.214078 0.186306 0.958885 
vn -0.253021 0.258897 0.932176 
vn -0.262459 0.276738 0.924409 
vn -0.296027 0.341075 0.892209 
vn -0.307769 0.363933 0.879108 
vn -0.349477 0.44687 0.823513 
vn -0.336013 0.419773 0.843141 
vn -0.387093 0.524576 0.758274 
vn -0.372571 0.49419 0.785473 
vn -0.420178 0.59614 0.684155 
vn -0.40533 0.563565 0.719793 
vn -0.448342 0.660723 0.602025 
vn -0.433954 0.627193 0.646771 
vn -0.458152 0.684423 0.567153 
vn -0.471256 0.71757 0.512846 
vn -0.477676 0.734672 0.481749 
vn -0.488652 0.766013 0.417665 
vn -0.492329 0.777428 0.391432 
vn -0.500326 0.805485 0.317596 
vn -0.501959 0.812253 0.297122 
vn -0.506142 0.835526 0.213813 
vn -0.50647 0.838794 0.199781 
vn -0.506032 0.855785 0.107533 
vn -0.5 0.866025 1.68316e-17 
vn -0.559182 0.829043 0.0017321 
vn -0.5 0.866025 1.68316e-17 
vn -0.559193 0.829038 8.19756e-17 
vn -0.590237 0.80723 0 
vn -0.669131 0.743145 0 
vn -0.673621 0.739077 0 
vn -0.71934 0.694658 0 
vn -0.749205 0.662338 0 
vn -0.809017 0.587785 0 
vn -0.816082 0.577936 0 
vn -0.848048 0.529919 0 
vn -0.87351 0.486806 0 
vn -0.913545 0.406737 0 
vn -0.920791 0.390056 0 
vn -0.939693 0.34202 0 
vn -0.957404 0.288753 0 
vn -0.978148 0.207912 0 
vn -0.982902 0.184129 0 
vn -0.997003 0.0773571 1.45353e-07 
vn -0.996819 0.0770261 0.0204829 
vn -0.994816 0.0762992 0.0672311 
vn -0.983646 0.0711622 0.165461 
vn -0.981586 0.0700207 0.177726 
vn -0.9911 0.074014 0.110646 
vn -0.96288 0.0621082 0.262686 
vn -0.977164 0.0678207 0.201374 
vn -0.954354 0.0581327 0.292965 
vn -0.932351 0.0494829 0.358152 
vn -0.921635 0.044865 0.385456 
vn -0.89192 0.0335708 0.450946 
vn -0.877638 0.0278153 0.478516 
vn -0.841537 0.0145987 0.540002 
vn -0.801519 0 0.597969 
vn -0.820752 0.00682783 0.571244 
vn -0.779761 0.000206804 0.626077 
vn -0.990268 0.139173 0 
vn -0.961262 0.275637 0 
vn -0.882948 0.469472 0 
vn -0.766044 0.642788 0 
vn -0.615661 0.788011 0 
vn -0.505815 0.856779 0.100403 
vn -0.110402 1.06134e-17 0.993887 
f 3387//3387 3388//3388 3389//3389 
f 3390//3390 3391//3391 3387//3387 
f 3392//3392 3393//3393 3391//3391 
f 3394//3394 3395//3395 3393//3393 
f 3396//3396 3397//3397 3395//3395 
f 3398//3398 3399//3399 3397//3397 
f 3400//3400 3401//3401 3399//3399 
f 3402//3402 3403//3403 3401//3401 
f 3404//3404 3405//3405 3403//3403 
f 3406//3406 3407//3407 3405//3405 
f 3408//3408 3409//3409 3407//3407 
f 3410//3410 3411//3411 3409//3409 
f 3412//3412 3413//3413 3411//3411 
f 3414//3414 3415//3415 3413//3413 
f 3415//3415 3414//3414 3416//3416 
f 3416//3416 3417//3417 3415//3415 
f 3418//3418 3389//3389 3419//3419 
f 3420//3420 3390//3390 3418//3418 
f 3421//3421 3392//3392 3390//3390 
f 3422//3422 3394//3394 3392//3392 
f 3423//3423 3396//3396 3394//3394 
f 3424//3424 3398//3398 3396//3396 
f 3425//3425 3400//3400 3398//3398 
f 3426//3426 3402//3402 3400//3400 
f 3427//3427 3404//3404 3402//3402 
f 3428//3428 3406//3406 3404//3404 
f 3429//3429 3408//3408 3406//3406 
f 3430//3430 3410//3410 3408//3408 
f 3431//3431 3412//3412 3410//3410 
f 3432//3432 3414//3414 3412//3412 
f 3432//3432 3433//3433 3434//3434 
f 3434//3434 3414//3414 3432//3432 
f 3435//3435 3419//3419 3436//3436 
f 3437//3437 3420//3420 3435//3435 
f 3438//3438 3421//3421 3420//3420 
f 3439//3439 3422//3422 3421//3421 
f 3440//3440 3423//3423 3422//3422 
f 3441//3441 3424//3424 3423//3423 
f 3442//3442 3425//3425 3424//3424 
f 3443//3443 3426//3426 3425//3425 
f 3444//3444 3427//3427 3426//3426 
f 3445//3445 3428//3428 3427//3427 
f 3446//3446 3429//3429 3428//3428 
f 3447//3447 3430//3430 3429//3429 
f 3448//3448 3431//3431 3430//3430 
f 3449//3449 3432//3432 3431//3431 
f 3432//3432 3449//3449 3450//3450 
f 3451//3451 3436//3436 3452//3452 
f 3453//3453 3437//3437 3451//3451 
f 3454//3454 3438//3438 3437//3437 
f 3455//3455 3439//3439 3438//3438 
f 3456//3456 3440//3440 3439//3439 
f 3457//3457 3441//3441 3440//3440 
f 3458//3458 3442//3442 3441//3441 
f 3459//3459 3443//3443 3442//3442 
f 3460//3460 3444//3444 3443//3443 
f 3461//3461 3445//3445 3444//3444 
f 3462//3462 3446//3446 3445//3445 
f 3463//3463 3447//3447 3446//3446 
f 3464//3464 3448//3448 3447//3447 
f 3465//3465 3449//3449 3448//3448 
f 3449//3449 3465//3465 3466//3466 
f 3466//3466 3467//3467 3449//3449 
f 3468//3468 3452//3452 3469//3469 
f 3470//3470 3453//3453 3468//3468 
f 3471//3471 3454//3454 3453//3453 
f 3472//3472 3455//3455 3454//3454 
f 3473//3473 3456//3456 3455//3455 
f 3474//3474 3457//3457 3456//3456 
f 3475//3475 3458//3458 3457//3457 
f 3476//3476 3459//3459 3458//3458 
f 3477//3477 3460//3460 3459//3459 
f 3478//3478 3461//3461 3460//3460 
f 3479//3479 3462//3462 3461//3461 
f 3480//3480 3463//3463 3462//3462 
f 3481//3481 3464//3464 3463//3463 
f 3482//3482 3465//3465 3464//3464 
f 3465//3465 3482//3482 3483//3483 
f 3484//3484 3469//3469 3485//3485 
f 3486//3486 3470//3470 3484//3484 
f 3487//3487 3471//3471 3470//3470 
f 3488//3488 3472//3472 3471//3471 
f 3489//3489 3473//3473 3472//3472 
f 3490//3490 3474//3474 3473//3473 
f 3491//3491 3475//3475 3474//3474 
f 3492//3492 3476//3476 3475//3475 
f 3493//3493 3477//3477 3476//3476 
f 3494//3494 3478//3478 3477//3477 
f 3495//3495 3479//3479 3478//3478 
f 3496//3496 3480//3480 3479//3479 
f 3497//3497 3481//3481 3480//3480 
f 3498//3498 3482//3482 3481//3481 
f 3482//3482 3498//3498 3499//3499 
f 3499//3499 3500//3500 3482//3482 
f 3501//3501 3485//3485 3502//3502 
f 3503//3503 3486//3486 3501//3501 
f 3504//3504 3487//3487 3486//3486 
f 3505//3505 3488//3488 3487//3487 
f 3506//3506 3489//3489 3488//3488 
f 3507//3507 3490//3490 3489//3489 
f 3508//3508 3491//3491 3490//3490 
f 3509//3509 3492//3492 3491//3491 
f 3510//3510 3493//3493 3492//3492 
f 3511//3511 3494//3494 3493//3493 
f 3512//3512 3495//3495 3494//3494 
f 3513//3513 3496//3496 3495//3495 
f 3514//3514 3497//3497 3496//3496 
f 3515//3515 3498//3498 3497//3497 
f 3516//3516 3499//3499 3498//3498 
f 3517//3517 3502//3502 3518//3518 
f 3519//3519 3503//3503 3517//3517 
f 3520//3520 3504//3504 3503//3503 
f 3521//3521 3505//3505 3504//3504 
f 3522//3522 3506//3506 3505//3505 
f 3523//3523 3507//3507 3506//3506 
f 3524//3524 3508//3508 3507//3507 
f 3525//3525 3509//3509 3508//3508 
f 3526//3526 3510//3510 3509//3509 
f 3527//3527 3511//3511 3510//3510 
f 3528//3528 3512//3512 3511//3511 
f 3529//3529 3513//3513 3512//3512 
f 3530//3530 3514//3514 3513//3513 
f 3531//3531 3515//3515 3514//3514 
f 3515//3515 3531//3531 3532//3532 
f 3532//3532 3533//3533 3515//3515 
f 3534//3534 3518//3518 3535//3535 
f 3536//3536 3519//3519 3534//3534 
f 3537//3537 3520//3520 3519//3519 
f 3538//3538 3521//3521 3520//3520 
f 3539//3539 3522//3522 3521//3521 
f 3540//3540 3523//3523 3522//3522 
f 3541//3541 3524//3524 3523//3523 
f 3542//3542 3525//3525 3524//3524 
f 3543//3543 3526//3526 3525//3525 
f 3544//3544 3527//3527 3526//3526 
f 3545//3545 3528//3528 3527//3527 
f 3546//3546 3529//3529 3528//3528 
f 3547//3547 3530//3530 3529//3529 
f 3548//3548 3531//3531 3530//3530 
f 3531//3531 3548//3548 3549//3549 
f 3548//3548 3550//3550 3549//3549 
f 3551//3551 3535//3535 3552//3552 
f 3553//3553 3536//3536 3551//3551 
f 3554//3554 3537//3537 3536//3536 
f 3555//3555 3538//3538 3537//3537 
f 3556//3556 3539//3539 3538//3538 
f 3557//3557 3540//3540 3539//3539 
f 3558//3558 3541//3541 3540//3540 
f 3559//3559 3542//3542 3541//3541 
f 3560//3560 3543//3543 3542//3542 
f 3561//3561 3544//3544 3543//3543 
f 3562//3562 3545//3545 3544//3544 
f 3563//3563 3546//3546 3545//3545 
f 3564//3564 3547//3547 3546//3546 
f 3565//3565 3548//3548 3547//3547 
f 3566//3566 3550//3550 3548//3548 
f 3567//3567 3552//3552 3568//3568 
f 3569//3569 3553//3553 3567//3567 
f 3570//3570 3554//3554 3553//3553 
f 3571//3571 3555//3555 3554//3554 
f 3572//3572 3556//3556 3555//3555 
f 3573//3573 3557//3557 3556//3556 
f 3574//3574 3558//3558 3557//3557 
f 3575//3575 3559//3559 3558//3558 
f 3576//3576 3560//3560 3559//3559 
f 3577//3577 3561//3561 3560//3560 
f 3578//3578 3562//3562 3561//3561 
f 3579//3579 3563//3563 3562//3562 
f 3580//3580 3564//3564 3563//3563 
f 3581//3581 3565//3565 3564//3564 
f 3565//3565 3581//3581 3582//3582 
f 3581//3581 3583//3583 3582//3582 
f 3584//3584 3568//3568 3585//3585 
f 3586//3586 3569//3569 3584//3584 
f 3587//3587 3570//3570 3569//3569 
f 3588//3588 3571//3571 3570//3570 
f 3589//3589 3572//3572 3571//3571 
f 3590//3590 3573//3573 3572//3572 
f 3591//3591 3574//3574 3573//3573 
f 3592//3592 3575//3575 3574//3574 
f 3593//3593 3576//3576 3575//3575 
f 3594//3594 3577//3577 3576//3576 
f 3595//3595 3578//3578 3577//3577 
f 3596//3596 3579//3579 3578//3578 
f 3597//3597 3580//3580 3579//3579 
f 3598//3598 3581//3581 3580//3580 
f 3599//3599 3583//3583 3581//3581 
f 3600//3600 3585//3585 3601//3601 
f 3602//3602 3586//3586 3600//3600 
f 3603//3603 3587//3587 3586//3586 
f 3604//3604 3588//3588 3587//3587 
f 3605//3605 3589//3589 3588//3588 
f 3606//3606 3590//3590 3589//3589 
f 3607//3607 3591//3591 3590//3590 
f 3608//3608 3592//3592 3591//3591 
f 3609//3609 3593//3593 3592//3592 
f 3610//3610 3594//3594 3593//3593 
f 3611//3611 3595//3595 3594//3594 
f 3612//3612 3596//3596 3595//3595 
f 3613//3613 3597//3597 3596//3596 
f 3614//3614 3598//3598 3597//3597 
f 3615//3615 3601//3601 3616//3616 
f 3617//3617 3602//3602 3615//3615 
f 3618//3618 3603//3603 3602//3602 
f 3619//3619 3604//3604 3603//3603 
f 3620//3620 3605//3605 3604//3604 
f 3621//3621 3606//3606 3605//3605 
f 3622//3622 3607//3607 3606//3606 
f 3623//3623 3608//3608 3607//3607 
f 3624//3624 3609//3609 3608//3608 
f 3625//3625 3610//3610 3609//3609 
f 3626//3626 3611//3611 3610//3610 
f 3627//3627 3612//3612 3611//3611 
f 3628//3628 3613//3613 3612//3612 
f 3629//3629 3614//3614 3613//3613 
f 3630//3630 3616//3616 3631//3631 
f 3632//3632 3617//3617 3630//3630 
f 3633//3633 3618//3618 3617//3617 
f 3634//3634 3619//3619 3618//3618 
f 3635//3635 3620//3620 3619//3619 
f 3636//3636 3621//3621 3620//3620 
f 3637//3637 3622//3622 3621//3621 
f 3638//3638 3623//3623 3622//3622 
f 3639//3639 3624//3624 3623//3623 
f 3640//3640 3625//3625 3624//3624 
f 3641//3641 3626//3626 3625//3625 
f 3642//3642 3627//3627 3626//3626 
f 3643//3643 3628//3628 3627//3627 
f 3644//3644 3629//3629 3628//3628 
f 3645//3645 3631//3631 3646//3646 
f 3647//3647 3632//3632 3645//3645 
f 3648//3648 3633//3633 3632//3632 
f 3649//3649 3634//3634 3633//3633 
f 3650//3650 3635//3635 3634//3634 
f 3651//3651 3636//3636 3635//3635 
f 3652//3652 3637//3637 3636//3636 
f 3653//3653 3638//3638 3637//3637 
f 3654//3654 3639//3639 3638//3638 
f 3655//3655 3640//3640 3639//3639 
f 3656//3656 3641//3641 3640//3640 
f 3657//3657 3642//3642 3641//3641 
f 3658//3658 3643//3643 3642//3642 
f 3659//3659 3644//3644 3643//3643 
f 3660//3660 3646//3646 3661//3661 
f 3662//3662 3647//3647 3660//3660 
f 3663//3663 3648//3648 3647//3647 
f 3664//3664 3649//3649 3648//3648 
f 3665//3665 3650//3650 3649//3649 
f 3666//3666 3651//3651 3650//3650 
f 3667//3667 3652//3652 3651//3651 
f 3668//3668 3653//3653 3652//3652 
f 3669//3669 3654//3654 3653//3653 
f 3670//3670 3655//3655 3654//3654 
f 3671//3671 3656//3656 3655//3655 
f 3672//3672 3657//3657 3656//3656 
f 3673//3673 3658//3658 3657//3657 
f 3674//3674 3659//3659 3658//3658 
f 3675//3675 3661//3661 3676//3676 
f 3677//3677 3662//3662 3675//3675 
f 3678//3678 3663//3663 3662//3662 
f 3679//3679 3664//3664 3663//3663 
f 3680//3680 3665//3665 3664//3664 
f 3681//3681 3666//3666 3665//3665 
f 3682//3682 3667//3667 3666//3666 
f 3683//3683 3668//3668 3667//3667 
f 3684//3684 3669//3669 3668//3668 
f 3685//3685 3670//3670 3669//3669 
f 3686//3686 3671//3671 3670//3670 
f 3687//3687 3672//3672 3671//3671 
f 3688//3688 3673//3673 3672//3672 
f 3689//3689 3676//3676 3690//3690 
f 3691//3691 3677//3677 3689//3689 
f 3692//3692 3678//3678 3677//3677 
f 3693//3693 3679//3679 3678//3678 
f 3694//3694 3680//3680 3679//3679 
f 3695//3695 3681//3681 3680//3680 
f 3696//3696 3682//3682 3681//3681 
f 3697//3697 3683//3683 3682//3682 
f 3698//3698 3684//3684 3683//3683 
f 3699//3699 3685//3685 3684//3684 
f 3700//3700 3686//3686 3685//3685 
f 3701//3701 3687//3687 3686//3686 
f 3702//3702 3688//3688 3687//3687 
f 3703//3703 3415//3415 3704//3704 
f 3415//3415 3705//3705 3706//3706 
f 3415//3415 3703//3703 3705//3705 
f 3413//3413 3707//3707 3708//3708 
f 3413//3413 3706//3706 3707//3707 
f 3411//3411 3709//3709 3710//3710 
f 3411//3411 3708//3708 3709//3709 
f 3407//3407 3409//3409 3711//3711 
f 3409//3409 3710//3710 3711//3711 
f 3405//3405 3407//3407 3712//3712 
f 3407//3407 3713//3713 3712//3712 
f 3403//3403 3405//3405 3714//3714 
f 3405//3405 3715//3715 3714//3714 
f 3401//3401 3403//3403 3716//3716 
f 3403//3403 3717//3717 3716//3716 
f 3399//3399 3401//3401 3718//3718 
f 3401//3401 3719//3719 3718//3718 
f 3399//3399 3720//3720 3721//3721 
f 3721//3721 3397//3397 3399//3399 
f 3397//3397 3722//3722 3723//3723 
f 3723//3723 3395//3395 3397//3397 
f 3395//3395 3724//3724 3725//3725 
f 3725//3725 3393//3393 3395//3395 
f 3393//3393 3726//3726 3727//3727 
f 3727//3727 3391//3391 3393//3393 
f 3391//3391 3728//3728 3729//3729 
f 3729//3729 3387//3387 3391//3391 
f 3730//3730 3388//3388 3387//3387 
f 3731//3731 3690//3690 3732//3732 
f 3731//3731 3733//3733 3734//3734 
f 3734//3734 3691//3691 3731//3731 
f 3735//3735 3692//3692 3691//3691 
f 3693//3693 3692//3692 3736//3736 
f 3692//3692 3735//3735 3736//3736 
f 3693//3693 3737//3737 3738//3738 
f 3738//3738 3694//3694 3693//3693 
f 3739//3739 3695//3695 3694//3694 
f 3696//3696 3695//3695 3740//3740 
f 3695//3695 3739//3739 3740//3740 
f 3696//3696 3741//3741 3742//3742 
f 3742//3742 3697//3697 3696//3696 
f 3743//3743 3698//3698 3697//3697 
f 3699//3699 3698//3698 3744//3744 
f 3698//3698 3743//3743 3744//3744 
f 3699//3699 3745//3745 3746//3746 
f 3746//3746 3700//3700 3699//3699 
f 3747//3747 3701//3701 3700//3700 
f 3702//3702 3701//3701 3748//3748 
f 3701//3701 3747//3747 3748//3748 
f 3749//3749 3750//3750 3702//3702 
f 3702//3702 3750//3750 3751//3751 
f 3751//3751 3688//3688 3702//3702 
f 3673//3673 3752//3752 3753//3753 
f 3688//3688 3754//3754 3752//3752 
f 3752//3752 3673//3673 3688//3688 
f 3659//3659 3674//3674 3755//3755 
f 3674//3674 3756//3756 3755//3755 
f 3659//3659 3757//3757 3758//3758 
f 3758//3758 3644//3644 3659//3659 
f 3644//3644 3759//3759 3760//3760 
f 3760//3760 3629//3629 3644//3644 
f 3629//3629 3761//3761 3762//3762 
f 3762//3762 3614//3614 3629//3629 
f 3598//3598 3614//3614 3763//3763 
f 3614//3614 3764//3764 3763//3763 
f 3763//3763 3765//3765 3598//3598 
f 3765//3765 3599//3599 3598//3598 
f 3762//3762 3764//3764 3614//3614 
f 3760//3760 3761//3761 3629//3629 
f 3758//3758 3759//3759 3644//3644 
f 3755//3755 3757//3757 3659//3659 
f 3756//3756 3674//3674 3753//3753 
f 3753//3753 3674//3674 3673//3673 
f 3751//3751 3754//3754 3688//3688 
f 3702//3702 3766//3766 3749//3749 
f 3748//3748 3766//3766 3702//3702 
f 3700//3700 3767//3767 3747//3747 
f 3746//3746 3767//3767 3700//3700 
f 3744//3744 3745//3745 3699//3699 
f 3697//3697 3768//3768 3743//3743 
f 3742//3742 3768//3768 3697//3697 
f 3740//3740 3741//3741 3696//3696 
f 3694//3694 3769//3769 3739//3739 
f 3738//3738 3769//3769 3694//3694 
f 3736//3736 3737//3737 3693//3693 
f 3691//3691 3770//3770 3735//3735 
f 3734//3734 3770//3770 3691//3691 
f 3732//3732 3733//3733 3731//3731 
f 3387//3387 3771//3771 3730//3730 
f 3729//3729 3771//3771 3387//3387 
f 3727//3727 3728//3728 3391//3391 
f 3725//3725 3726//3726 3393//3393 
f 3723//3723 3724//3724 3395//3395 
f 3721//3721 3722//3722 3397//3397 
f 3718//3718 3720//3720 3399//3399 
f 3716//3716 3719//3719 3401//3401 
f 3714//3714 3717//3717 3403//3403 
f 3712//3712 3715//3715 3405//3405 
f 3711//3711 3713//3713 3407//3407 
f 3710//3710 3409//3409 3411//3411 
f 3708//3708 3411//3411 3413//3413 
f 3706//3706 3413//3413 3415//3415 
f 3704//3704 3772//3772 3703//3703 
f 3687//3687 3701//3701 3702//3702 
f 3686//3686 3700//3700 3701//3701 
f 3685//3685 3699//3699 3700//3700 
f 3684//3684 3698//3698 3699//3699 
f 3683//3683 3697//3697 3698//3698 
f 3682//3682 3696//3696 3697//3697 
f 3681//3681 3695//3695 3696//3696 
f 3680//3680 3694//3694 3695//3695 
f 3679//3679 3693//3693 3694//3694 
f 3678//3678 3692//3692 3693//3693 
f 3677//3677 3691//3691 3692//3692 
f 3689//3689 3731//3731 3691//3691 
f 3690//3690 3731//3731 3689//3689 
f 3672//3672 3687//3687 3688//3688 
f 3671//3671 3686//3686 3687//3687 
f 3670//3670 3685//3685 3686//3686 
f 3669//3669 3684//3684 3685//3685 
f 3668//3668 3683//3683 3684//3684 
f 3667//3667 3682//3682 3683//3683 
f 3666//3666 3681//3681 3682//3682 
f 3665//3665 3680//3680 3681//3681 
f 3664//3664 3679//3679 3680//3680 
f 3663//3663 3678//3678 3679//3679 
f 3662//3662 3677//3677 3678//3678 
f 3675//3675 3689//3689 3677//3677 
f 3676//3676 3689//3689 3675//3675 
f 3658//3658 3673//3673 3674//3674 
f 3657//3657 3672//3672 3673//3673 
f 3656//3656 3671//3671 3672//3672 
f 3655//3655 3670//3670 3671//3671 
f 3654//3654 3669//3669 3670//3670 
f 3653//3653 3668//3668 3669//3669 
f 3652//3652 3667//3667 3668//3668 
f 3651//3651 3666//3666 3667//3667 
f 3650//3650 3665//3665 3666//3666 
f 3649//3649 3664//3664 3665//3665 
f 3648//3648 3663//3663 3664//3664 
f 3647//3647 3662//3662 3663//3663 
f 3660//3660 3675//3675 3662//3662 
f 3661//3661 3675//3675 3660//3660 
f 3643//3643 3658//3658 3659//3659 
f 3642//3642 3657//3657 3658//3658 
f 3641//3641 3656//3656 3657//3657 
f 3640//3640 3655//3655 3656//3656 
f 3639//3639 3654//3654 3655//3655 
f 3638//3638 3653//3653 3654//3654 
f 3637//3637 3652//3652 3653//3653 
f 3636//3636 3651//3651 3652//3652 
f 3635//3635 3650//3650 3651//3651 
f 3634//3634 3649//3649 3650//3650 
f 3633//3633 3648//3648 3649//3649 
f 3632//3632 3647//3647 3648//3648 
f 3645//3645 3660//3660 3647//3647 
f 3646//3646 3660//3660 3645//3645 
f 3628//3628 3643//3643 3644//3644 
f 3627//3627 3642//3642 3643//3643 
f 3626//3626 3641//3641 3642//3642 
f 3625//3625 3640//3640 3641//3641 
f 3624//3624 3639//3639 3640//3640 
f 3623//3623 3638//3638 3639//3639 
f 3622//3622 3637//3637 3638//3638 
f 3621//3621 3636//3636 3637//3637 
f 3620//3620 3635//3635 3636//3636 
f 3619//3619 3634//3634 3635//3635 
f 3618//3618 3633//3633 3634//3634 
f 3617//3617 3632//3632 3633//3633 
f 3630//3630 3645//3645 3632//3632 
f 3631//3631 3645//3645 3630//3630 
f 3613//3613 3628//3628 3629//3629 
f 3612//3612 3627//3627 3628//3628 
f 3611//3611 3626//3626 3627//3627 
f 3610//3610 3625//3625 3626//3626 
f 3609//3609 3624//3624 3625//3625 
f 3608//3608 3623//3623 3624//3624 
f 3607//3607 3622//3622 3623//3623 
f 3606//3606 3621//3621 3622//3622 
f 3605//3605 3620//3620 3621//3621 
f 3604//3604 3619//3619 3620//3620 
f 3603//3603 3618//3618 3619//3619 
f 3602//3602 3617//3617 3618//3618 
f 3615//3615 3630//3630 3617//3617 
f 3616//3616 3630//3630 3615//3615 
f 3597//3597 3613//3613 3614//3614 
f 3596//3596 3612//3612 3613//3613 
f 3595//3595 3611//3611 3612//3612 
f 3594//3594 3610//3610 3611//3611 
f 3593//3593 3609//3609 3610//3610 
f 3592//3592 3608//3608 3609//3609 
f 3591//3591 3607//3607 3608//3608 
f 3590//3590 3606//3606 3607//3607 
f 3589//3589 3605//3605 3606//3606 
f 3588//3588 3604//3604 3605//3605 
f 3587//3587 3603//3603 3604//3604 
f 3586//3586 3602//3602 3603//3603 
f 3600//3600 3615//3615 3602//3602 
f 3601//3601 3615//3615 3600//3600 
f 3581//3581 3598//3598 3599//3599 
f 3580//3580 3597//3597 3598//3598 
f 3579//3579 3596//3596 3597//3597 
f 3578//3578 3595//3595 3596//3596 
f 3577//3577 3594//3594 3595//3595 
f 3576//3576 3593//3593 3594//3594 
f 3575//3575 3592//3592 3593//3593 
f 3574//3574 3591//3591 3592//3592 
f 3573//3573 3590//3590 3591//3591 
f 3572//3572 3589//3589 3590//3590 
f 3571//3571 3588//3588 3589//3589 
f 3570//3570 3587//3587 3588//3588 
f 3569//3569 3586//3586 3587//3587 
f 3584//3584 3600//3600 3586//3586 
f 3585//3585 3600//3600 3584//3584 
f 3582//3582 3566//3566 3565//3565 
f 3564//3564 3580//3580 3581//3581 
f 3563//3563 3579//3579 3580//3580 
f 3562//3562 3578//3578 3579//3579 
f 3561//3561 3577//3577 3578//3578 
f 3560//3560 3576//3576 3577//3577 
f 3559//3559 3575//3575 3576//3576 
f 3558//3558 3574//3574 3575//3575 
f 3557//3557 3573//3573 3574//3574 
f 3556//3556 3572//3572 3573//3573 
f 3555//3555 3571//3571 3572//3572 
f 3554//3554 3570//3570 3571//3571 
f 3553//3553 3569//3569 3570//3570 
f 3567//3567 3584//3584 3569//3569 
f 3568//3568 3584//3584 3567//3567 
f 3548//3548 3565//3565 3566//3566 
f 3547//3547 3564//3564 3565//3565 
f 3546//3546 3563//3563 3564//3564 
f 3545//3545 3562//3562 3563//3563 
f 3544//3544 3561//3561 3562//3562 
f 3543//3543 3560//3560 3561//3561 
f 3542//3542 3559//3559 3560//3560 
f 3541//3541 3558//3558 3559//3559 
f 3540//3540 3557//3557 3558//3558 
f 3539//3539 3556//3556 3557//3557 
f 3538//3538 3555//3555 3556//3556 
f 3537//3537 3554//3554 3555//3555 
f 3536//3536 3553//3553 3554//3554 
f 3551//3551 3567//3567 3553//3553 
f 3552//3552 3567//3567 3551//3551 
f 3549//3549 3532//3532 3531//3531 
f 3530//3530 3547//3547 3548//3548 
f 3529//3529 3546//3546 3547//3547 
f 3528//3528 3545//3545 3546//3546 
f 3527//3527 3544//3544 3545//3545 
f 3526//3526 3543//3543 3544//3544 
f 3525//3525 3542//3542 3543//3543 
f 3524//3524 3541//3541 3542//3542 
f 3523//3523 3540//3540 3541//3541 
f 3522//3522 3539//3539 3540//3540 
f 3521//3521 3538//3538 3539//3539 
f 3520//3520 3537//3537 3538//3538 
f 3519//3519 3536//3536 3537//3537 
f 3534//3534 3551//3551 3536//3536 
f 3535//3535 3551//3551 3534//3534 
f 3533//3533 3516//3516 3515//3515 
f 3514//3514 3530//3530 3531//3531 
f 3513//3513 3529//3529 3530//3530 
f 3512//3512 3528//3528 3529//3529 
f 3511//3511 3527//3527 3528//3528 
f 3510//3510 3526//3526 3527//3527 
f 3509//3509 3525//3525 3526//3526 
f 3508//3508 3524//3524 3525//3525 
f 3507//3507 3523//3523 3524//3524 
f 3506//3506 3522//3522 3523//3523 
f 3505//3505 3521//3521 3522//3522 
f 3504//3504 3520//3520 3521//3521 
f 3503//3503 3519//3519 3520//3520 
f 3517//3517 3534//3534 3519//3519 
f 3518//3518 3534//3534 3517//3517 
f 3498//3498 3515//3515 3516//3516 
f 3497//3497 3514//3514 3515//3515 
f 3496//3496 3513//3513 3514//3514 
f 3495//3495 3512//3512 3513//3513 
f 3494//3494 3511//3511 3512//3512 
f 3493//3493 3510//3510 3511//3511 
f 3492//3492 3509//3509 3510//3510 
f 3491//3491 3508//3508 3509//3509 
f 3490//3490 3507//3507 3508//3508 
f 3489//3489 3506//3506 3507//3507 
f 3488//3488 3505//3505 3506//3506 
f 3487//3487 3504//3504 3505//3505 
f 3486//3486 3503//3503 3504//3504 
f 3501//3501 3517//3517 3503//3503 
f 3502//3502 3517//3517 3501//3501 
f 3500//3500 3483//3483 3482//3482 
f 3481//3481 3497//3497 3498//3498 
f 3480//3480 3496//3496 3497//3497 
f 3479//3479 3495//3495 3496//3496 
f 3478//3478 3494//3494 3495//3495 
f 3477//3477 3493//3493 3494//3494 
f 3476//3476 3492//3492 3493//3493 
f 3475//3475 3491//3491 3492//3492 
f 3474//3474 3490//3490 3491//3491 
f 3473//3473 3489//3489 3490//3490 
f 3472//3472 3488//3488 3489//3489 
f 3471//3471 3487//3487 3488//3488 
f 3470//3470 3486//3486 3487//3487 
f 3484//3484 3501//3501 3486//3486 
f 3485//3485 3501//3501 3484//3484 
f 3483//3483 3466//3466 3465//3465 
f 3464//3464 3481//3481 3482//3482 
f 3463//3463 3480//3480 3481//3481 
f 3462//3462 3479//3479 3480//3480 
f 3461//3461 3478//3478 3479//3479 
f 3460//3460 3477//3477 3478//3478 
f 3459//3459 3476//3476 3477//3477 
f 3458//3458 3475//3475 3476//3476 
f 3457//3457 3474//3474 3475//3475 
f 3456//3456 3473//3473 3474//3474 
f 3455//3455 3472//3472 3473//3473 
f 3454//3454 3471//3471 3472//3472 
f 3453//3453 3470//3470 3471//3471 
f 3468//3468 3484//3484 3470//3470 
f 3469//3469 3484//3484 3468//3468 
f 3467//3467 3450//3450 3449//3449 
f 3448//3448 3464//3464 3465//3465 
f 3447//3447 3463//3463 3464//3464 
f 3446//3446 3462//3462 3463//3463 
f 3445//3445 3461//3461 3462//3462 
f 3444//3444 3460//3460 3461//3461 
f 3443//3443 3459//3459 3460//3460 
f 3442//3442 3458//3458 3459//3459 
f 3441//3441 3457//3457 3458//3458 
f 3440//3440 3456//3456 3457//3457 
f 3439//3439 3455//3455 3456//3456 
f 3438//3438 3454//3454 3455//3455 
f 3437//3437 3453//3453 3454//3454 
f 3451//3451 3468//3468 3453//3453 
f 3452//3452 3468//3468 3451//3451 
f 3450//3450 3433//3433 3432//3432 
f 3431//3431 3448//3448 3449//3449 
f 3430//3430 3447//3447 3448//3448 
f 3429//3429 3446//3446 3447//3447 
f 3428//3428 3445//3445 3446//3446 
f 3427//3427 3444//3444 3445//3445 
f 3426//3426 3443//3443 3444//3444 
f 3425//3425 3442//3442 3443//3443 
f 3424//3424 3441//3441 3442//3442 
f 3423//3423 3440//3440 3441//3441 
f 3422//3422 3439//3439 3440//3440 
f 3421//3421 3438//3438 3439//3439 
f 3420//3420 3437//3437 3438//3438 
f 3435//3435 3451//3451 3437//3437 
f 3436//3436 3451//3451 3435//3435 
f 3434//3434 3416//3416 3414//3414 
f 3412//3412 3431//3431 3432//3432 
f 3410//3410 3430//3430 3431//3431 
f 3408//3408 3429//3429 3430//3430 
f 3406//3406 3428//3428 3429//3429 
f 3404//3404 3427//3427 3428//3428 
f 3402//3402 3426//3426 3427//3427 
f 3400//3400 3425//3425 3426//3426 
f 3398//3398 3424//3424 3425//3425 
f 3396//3396 3423//3423 3424//3424 
f 3394//3394 3422//3422 3423//3423 
f 3392//3392 3421//3421 3422//3422 
f 3390//3390 3420//3420 3421//3421 
f 3418//3418 3435//3435 3420//3420 
f 3419//3419 3435//3435 3418//3418 
f 3417//3417 3704//3704 3415//3415 
f 3413//3413 3412//3412 3414//3414 
f 3411//3411 3410//3410 3412//3412 
f 3409//3409 3408//3408 3410//3410 
f 3407//3407 3406//3406 3408//3408 
f 3405//3405 3404//3404 3406//3406 
f 3403//3403 3402//3402 3404//3404 
f 3401//3401 3400//3400 3402//3402 
f 3399//3399 3398//3398 3400//3400 
f 3397//3397 3396//3396 3398//3398 
f 3395//3395 3394//3394 3396//3396 
f 3393//3393 3392//3392 3394//3394 
f 3391//3391 3390//3390 3392//3392 
f 3387//3387 3418//3418 3390//3390 
f 3389//3389 3418//3418 3387//3387 
v -0.0169802 0.04975 0.0236269 
v -0.0168727 0.0411863 0.0236406 
v -0.016867 0.0411877 0.0236416 
v -0.0169802 0.0411613 0.0236269 
v -0.016867 0.04975 0.0236414 
v -0.016666 0.0412344 0.023677 
v -0.0165157 0.0412694 0.0237133 
v -0.0165154 0.04975 0.023712 
v -0.0162652 0.0413277 0.0237869 
v -0.016174 0.0413489 0.0238213 
v -0.0164632 0.0412816 0.0237259 
v -0.0161735 0.04975 0.0238198 
v -0.0158876 0.0414155 0.0239425 
v -0.0158455 0.0414253 0.0239645 
v -0.016073 0.0413724 0.0238594 
v -0.015845 0.04975 0.0239635 
v -0.0155397 0.0414965 0.0241377 
v -0.0155339 0.0414978 0.0241417 
v -0.0157096 0.0414569 0.0240356 
v -0.0155337 0.04975 0.0241415 
v -0.0153783 0.041534 0.0242481 
v -0.0152436 0.0415653 0.0243522 
v -0.014977 0.04975 0.0245918 
v -0.0152259 0.0415695 0.0243659 
v -0.0150826 0.0416028 0.0244903 
v -0.0152433 0.04975 0.0243517 
v -0.0148242 0.0416629 0.0247558 
v -0.0147396 0.0416826 0.0248604 
v -0.0149776 0.0416272 0.0245924 
v -0.0149487 0.041634 0.0246205 
v -0.0145287 0.04975 0.0251502 
v -0.0147379 0.04975 0.024859 
v -0.0146647 0.04175 0.0249531 
v -0.0145341 0.04175 0.0251421 
v -0.0146647 0.0417 0.0249531 
v -0.0145293 0.04175 0.0251505 
v -0.0143671 0.04175 0.0254348 
v -0.0143518 0.04975 0.025462 
v -0.0143544 0.04175 0.0254632 
v -0.0142303 0.04175 0.0257428 
v -0.0142092 0.04975 0.025791 
v -0.0142139 0.04175 0.0257926 
v -0.0141251 0.04175 0.0260629 
v -0.0141027 0.04975 0.0261334 
v -0.0141093 0.04175 0.0261348 
v -0.0140526 0.04175 0.026392 
v -0.0140333 0.04975 0.0264851 
v -0.0140417 0.04175 0.0264861 
v -0.0140136 0.04175 0.0267267 
v -0.0140019 0.04975 0.0268423 
v -0.014 0.04975 0.0269564 
v -0.0140083 0.04175 0.0268426 
v -0.0140032 0.04175 0.0269564 
vn -0.110402 1.06134e-17 0.993887 
vn -0.142489 0 0.989796 
vn -0.144192 0 0.98955 
vn -0.110402 0 0.993887 
vn -0.144193 -8.8293e-18 0.98955 
vn -0.204169 0 0.978936 
vn -0.249131 0 0.96847 
vn -0.249125 -1.52545e-17 0.968471 
vn -0.323831 0 0.946115 
vn -0.351203 0 0.936299 
vn -0.264725 0 0.964324 
vn -0.351203 -2.1505e-17 0.936299 
vn -0.436551 0 0.89968 
vn -0.449254 0 0.893404 
vn -0.381193 0 0.924496 
vn -0.449258 -2.75091e-17 0.893402 
vn -0.540403 0 0.841406 
vn -0.542166 0 0.840272 
vn -0.489682 0 0.871901 
vn -0.542167 -3.31982e-17 0.840271 
vn -0.588567 0 0.808448 
vn -0.628868 0 0.777512 
vn -0.70836 -4.33745e-17 0.705851 
vn -0.634067 0 0.773278 
vn -0.676826 0 0.736143 
vn -0.628865 -3.85069e-17 0.777514 
vn -0.753972 0 0.656906 
vn -0.779742 0 0.626101 
vn -0.708363 0 0.705848 
vn -0.7168 0 0.697278 
vn -0.842189 -5.15692e-17 0.539182 
vn -0.779741 -4.77453e-17 0.626103 
vn -0.801519 0 0.597969 
vn -0.840628 0 0.541613 
vn -0.801519 0 0.597969 
vn -0.842183 0 0.539192 
vn -0.890798 0 0.4544 
vn -0.89499 -5.48023e-17 0.446086 
vn -0.894973 0 0.44612 
vn -0.931962 0 0.362555 
vn -0.937539 -5.74077e-17 0.347879 
vn -0.93752 0 0.347931 
vn -0.963695 0 0.267004 
vn -0.969349 -5.93555e-17 0.245687 
vn -0.969333 0 0.245749 
vn -0.985665 0 0.168715 
vn -0.990055 -6.06234e-17 0.140681 
vn -0.990046 0 0.140744 
vn -0.997639 0 0.0686828 
vn -0.99942 -6.11968e-17 0.034064 
vn -1 0 0 
vn -0.99942 0 0.0340424 
vn -1 0 1.48417e-07 
f 3773//3773 3774//3774 3775//3775 
f 3773//3773 3776//3776 3774//3774 
f 3777//3777 3778//3778 3779//3779 
f 3777//3777 3775//3775 3778//3778 
f 3780//3780 3781//3781 3782//3782 
f 3780//3780 3783//3783 3781//3781 
f 3780//3780 3779//3779 3783//3783 
f 3784//3784 3785//3785 3786//3786 
f 3784//3784 3787//3787 3785//3785 
f 3784//3784 3782//3782 3787//3787 
f 3788//3788 3789//3789 3790//3790 
f 3788//3788 3791//3791 3789//3789 
f 3788//3788 3786//3786 3791//3791 
f 3792//3792 3793//3793 3794//3794 
f 3792//3792 3790//3790 3793//3793 
f 3795//3795 3796//3796 3797//3797 
f 3798//3798 3794//3794 3796//3796 
f 3796//3796 3795//3795 3798//3798 
f 3795//3795 3799//3799 3800//3800 
f 3795//3795 3801//3801 3802//3802 
f 3802//3802 3799//3799 3795//3795 
f 3803//3803 3804//3804 3805//3805 
f 3805//3805 3806//3806 3803//3803 
f 3800//3800 3807//3807 3805//3805 
f 3805//3805 3804//3804 3800//3800 
f 3803//3803 3808//3808 3809//3809 
f 3809//3809 3810//3810 3803//3803 
f 3810//3810 3811//3811 3812//3812 
f 3812//3812 3813//3813 3810//3810 
f 3813//3813 3814//3814 3815//3815 
f 3815//3815 3816//3816 3813//3813 
f 3816//3816 3817//3817 3818//3818 
f 3818//3818 3819//3819 3816//3816 
f 3819//3819 3820//3820 3821//3821 
f 3821//3821 3822//3822 3819//3819 
f 3823//3823 3822//3822 3824//3824 
f 3824//3824 3825//3825 3823//3823 
f 3821//3821 3824//3824 3822//3822 
f 3818//3818 3820//3820 3819//3819 
f 3815//3815 3817//3817 3816//3816 
f 3812//3812 3814//3814 3813//3813 
f 3809//3809 3811//3811 3810//3810 
f 3806//3806 3808//3808 3803//3803 
f 3800//3800 3804//3804 3795//3795 
f 3797//3797 3801//3801 3795//3795 
f 3794//3794 3798//3798 3792//3792 
f 3790//3790 3792//3792 3788//3788 
f 3786//3786 3788//3788 3784//3784 
f 3782//3782 3784//3784 3780//3780 
f 3779//3779 3780//3780 3777//3777 
f 3775//3775 3777//3777 3773//3773 
v -0.0237356 0.0339371 0.0269398 
v -0.0237318 0.03414 0.026894 
v -0.023951 0.0339552 0.0262936 
v -0.0237077 0.0343398 0.0268411 
v -0.0239297 0.0341641 0.0262475 
v -0.0236636 0.0345344 0.0267819 
v -0.0238867 0.0343681 0.0261952 
v -0.0236 0.0347215 0.0267169 
v -0.0238224 0.0345649 0.0261374 
v -0.0235176 0.0348992 0.0266468 
v -0.0237376 0.0347522 0.0260747 
v -0.0234173 0.0350657 0.0265723 
v -0.0236334 0.0349279 0.0260079 
v -0.0233001 0.0352189 0.0264944 
v -0.0235108 0.0350898 0.0259377 
v -0.0231673 0.0353574 0.0264138 
v -0.0233713 0.0352363 0.0258649 
v -0.0230204 0.0354796 0.0263314 
v -0.0232165 0.0353655 0.0257904 
v -0.0228609 0.0355841 0.0262481 
v -0.0234963 0.0343287 0.0274479 
v -0.0236107 0.034043 0.0272413 
v -0.0234705 0.0345198 0.0273887 
v -0.0234262 0.0347052 0.0273228 
v -0.0233641 0.0348832 0.027251 
v -0.0232846 0.0350518 0.0271739 
v -0.0231885 0.0352094 0.0270925 
v -0.023077 0.0353544 0.0270075 
v -0.022951 0.0354853 0.0269198 
v -0.0228119 0.0356007 0.0268302 
v -0.0226611 0.0356995 0.0267397 
v -0.023257 0.0343331 0.0280157 
v -0.0232476 0.0345199 0.0279576 
v -0.023221 0.0347026 0.0278922 
v -0.0231774 0.0348794 0.0278201 
v -0.0231172 0.0350486 0.0277419 
v -0.0230411 0.0352086 0.0276585 
v -0.0229497 0.0353578 0.0275706 
v -0.0228439 0.0354949 0.027479 
v -0.0227248 0.0356185 0.0273847 
v -0.0225935 0.0357275 0.0272886 
v -0.0224512 0.0358207 0.0271915 
v -0.0227486 0.0348856 0.0288113 
v -0.0232131 0.0343667 0.0280921 
v -0.0227457 0.0349042 0.0288028 
v -0.0227226 0.0350533 0.0287352 
v -0.0227135 0.0350892 0.0287168 
v -0.0226819 0.0352148 0.0286523 
v -0.0226636 0.0352661 0.0286226 
v -0.022627 0.0353686 0.0285633 
v -0.0225965 0.035433 0.0285213 
v -0.0225583 0.0355134 0.0284689 
v -0.0225128 0.0355882 0.028414 
v -0.0224764 0.0356481 0.02837 
v -0.0224135 0.0357302 0.0283017 
v -0.022382 0.0357713 0.0282675 
v -0.0222995 0.0358574 0.0281856 
v -0.022276 0.035882 0.0281622 
v -0.0221721 0.0359685 0.028067 
v -0.0221591 0.0359793 0.0280551 
v -0.0220326 0.0360624 0.027947 
v -0.0227598 0.0347131 0.0288799 
v -0.0235035 0.0341339 0.0275 
v -0.0230483 0.035476 0.025715 
v -0.0239504 0.0337439 0.026333 
vn -0.937333 0.0424941 0.345834 
vn -0.935416 0.14396 0.322913 
vn -0.951389 0.105648 0.289306 
vn -0.923373 0.243868 0.296497 
vn -0.940732 0.210076 0.266254 
vn -0.901336 0.341136 0.266871 
vn -0.91921 0.312077 0.240126 
vn -0.869542 0.434711 0.234356 
vn -0.887071 0.410474 0.211225 
vn -0.828336 0.523581 0.199305 
vn -0.844687 0.504129 0.179884 
vn -0.778164 0.606783 0.162096 
vn -0.792546 0.591962 0.146466 
vn -0.719569 0.683417 0.123133 
vn -0.731251 0.672958 0.111356 
vn -0.653184 0.752654 0.0828364 
vn -0.66151 0.746181 0.0749596 
vn -0.57973 0.813744 0.0416436 
vn -0.584128 0.810786 0.0376975 
vn -0.5 0.866025 0 
vn -0.917588 0.180624 0.354129 
vn -0.929043 0.0653462 0.364155 
vn -0.904677 0.276163 0.32449 
vn -0.882563 0.368893 0.29155 
vn -0.85147 0.45787 0.255644 
vn -0.811716 0.542189 0.217137 
vn -0.763704 0.620993 0.176421 
vn -0.707923 0.693479 0.13391 
vn -0.644941 0.75891 0.0900377 
vn -0.575397 0.816622 0.045249 
vn -0.5 0.866025 0 
vn -0.902902 0.122233 0.412102 
vn -0.898196 0.215639 0.383071 
vn -0.884877 0.306977 0.350367 
vn -0.863073 0.395372 0.314303 
vn -0.832992 0.479975 0.275225 
vn -0.794923 0.559975 0.233508 
vn -0.749231 0.634605 0.189552 
vn -0.696354 0.703149 0.143778 
vn -0.636799 0.764951 0.0966246 
vn -0.571138 0.819417 0.0485451 
vn -0.5 0.866025 0 
vn -0.857997 0.277625 0.432163 
vn -0.8998 0.129339 0.416691 
vn -0.856918 0.287061 0.42812 
vn -0.844986 0.361488 0.394113 
vn -0.8411 0.379708 0.385191 
vn -0.824665 0.442225 0.352654 
vn -0.8163 0.468308 0.338145 
vn -0.797211 0.519136 0.308145 
vn -0.782781 0.551911 0.287486 
vn -0.762861 0.591556 0.26097 
vn -0.740902 0.629621 0.233756 
vn -0.721912 0.658859 0.211537 
vn -0.691111 0.700606 0.17753 
vn -0.674718 0.720463 0.160275 
vn -0.633943 0.764106 0.119412 
vn -0.621688 0.775835 0.107627 
vn -0.57001 0.819442 0.060023 
vn -0.56328 0.824496 0.0540471 
vn -0.5 0.866025 0 
vn -0.863587 0.19136 0.466474 
vn -0.921164 0.0832469 0.380166 
vn -0.5 0.866025 0 
vn -0.951057 0 0.309017 
f 3826//3826 3827//3827 3828//3828 
f 3827//3827 3829//3829 3830//3830 
f 3829//3829 3831//3831 3832//3832 
f 3831//3831 3833//3833 3834//3834 
f 3833//3833 3835//3835 3836//3836 
f 3835//3835 3837//3837 3838//3838 
f 3837//3837 3839//3839 3840//3840 
f 3839//3839 3841//3841 3842//3842 
f 3841//3841 3843//3843 3844//3844 
f 3844//3844 3843//3843 3845//3845 
f 3846//3846 3827//3827 3847//3847 
f 3827//3827 3826//3826 3847//3847 
f 3829//3829 3827//3827 3846//3846 
f 3831//3831 3829//3829 3848//3848 
f 3833//3833 3831//3831 3849//3849 
f 3835//3835 3833//3833 3850//3850 
f 3837//3837 3835//3835 3851//3851 
f 3839//3839 3837//3837 3852//3852 
f 3841//3841 3839//3839 3853//3853 
f 3843//3843 3841//3841 3854//3854 
f 3843//3843 3855//3855 3856//3856 
f 3857//3857 3858//3858 3846//3846 
f 3848//3848 3846//3846 3858//3858 
f 3849//3849 3848//3848 3859//3859 
f 3850//3850 3849//3849 3860//3860 
f 3851//3851 3850//3850 3861//3861 
f 3852//3852 3851//3851 3862//3862 
f 3853//3853 3852//3852 3863//3863 
f 3854//3854 3853//3853 3864//3864 
f 3855//3855 3854//3854 3865//3865 
f 3855//3855 3866//3866 3867//3867 
f 3868//3868 3858//3858 3869//3869 
f 3858//3858 3857//3857 3869//3869 
f 3870//3870 3871//3871 3859//3859 
f 3858//3858 3868//3868 3870//3870 
f 3872//3872 3873//3873 3860//3860 
f 3859//3859 3871//3871 3872//3872 
f 3874//3874 3875//3875 3861//3861 
f 3860//3860 3873//3873 3874//3874 
f 3862//3862 3861//3861 3876//3876 
f 3861//3861 3875//3875 3876//3876 
f 3862//3862 3877//3877 3878//3878 
f 3878//3878 3863//3863 3862//3862 
f 3863//3863 3879//3879 3880//3880 
f 3880//3880 3864//3864 3863//3863 
f 3864//3864 3881//3881 3882//3882 
f 3882//3882 3865//3865 3864//3864 
f 3865//3865 3883//3883 3884//3884 
f 3884//3884 3866//3866 3865//3865 
f 3866//3866 3885//3885 3886//3886 
f 3886//3886 3867//3867 3866//3866 
f 3884//3884 3885//3885 3866//3866 
f 3882//3882 3883//3883 3865//3865 
f 3880//3880 3881//3881 3864//3864 
f 3878//3878 3879//3879 3863//3863 
f 3876//3876 3877//3877 3862//3862 
f 3861//3861 3860//3860 3874//3874 
f 3860//3860 3859//3859 3872//3872 
f 3859//3859 3858//3858 3870//3870 
f 3869//3869 3887//3887 3868//3868 
f 3867//3867 3856//3856 3855//3855 
f 3865//3865 3866//3866 3855//3855 
f 3864//3864 3865//3865 3854//3854 
f 3863//3863 3864//3864 3853//3853 
f 3862//3862 3863//3863 3852//3852 
f 3861//3861 3862//3862 3851//3851 
f 3860//3860 3861//3861 3850//3850 
f 3859//3859 3860//3860 3849//3849 
f 3858//3858 3859//3859 3848//3848 
f 3846//3846 3888//3888 3857//3857 
f 3856//3856 3845//3845 3843//3843 
f 3854//3854 3855//3855 3843//3843 
f 3853//3853 3854//3854 3841//3841 
f 3852//3852 3853//3853 3839//3839 
f 3851//3851 3852//3852 3837//3837 
f 3850//3850 3851//3851 3835//3835 
f 3849//3849 3850//3850 3833//3833 
f 3848//3848 3849//3849 3831//3831 
f 3846//3846 3848//3848 3829//3829 
f 3847//3847 3888//3888 3846//3846 
f 3845//3845 3889//3889 3844//3844 
f 3844//3844 3842//3842 3841//3841 
f 3842//3842 3840//3840 3839//3839 
f 3840//3840 3838//3838 3837//3837 
f 3838//3838 3836//3836 3835//3835 
f 3836//3836 3834//3834 3833//3833 
f 3834//3834 3832//3832 3831//3831 
f 3832//3832 3830//3830 3829//3829 
f 3830//3830 3828//3828 3827//3827 
f 3828//3828 3890//3890 3826//3826 
v -0.0140526 0.0417 0.026392 
v -0.0140308 0.0417 0.0265791 
v -0.0140417 0.04175 0.0264861 
v -0.0140136 0.04175 0.0267267 
v -0.0140136 0.0417 0.0267267 
v -0.0140526 0.04175 0.026392 
v -0.0140793 0.0417 0.0262711 
v -0.0140617 0.0417 0.0263508 
v -0.0141093 0.04175 0.0261348 
v -0.0141251 0.0417 0.0260629 
v -0.0142139 0.04175 0.0257926 
v -0.0142303 0.0417 0.0257428 
v -0.0141582 0.0417 0.0259623 
v -0.0141251 0.04175 0.0260629 
v -0.0143544 0.04175 0.0254632 
v -0.0143671 0.0417 0.0254348 
v -0.01427 0.0417 0.0256534 
v -0.0142303 0.04175 0.0257428 
v -0.0145293 0.04175 0.0251505 
v -0.0145341 0.0417 0.0251421 
v -0.0144179 0.0417 0.0253458 
v -0.0143671 0.04175 0.0254348 
v -0.0140032 0.04175 0.0269564 
v -0.0140083 0.04175 0.0268426 
v -0.0140084 0.0417 0.0268865 
v -0.0145341 0.04175 0.0251421 
v -0.0146647 0.04175 0.0249531 
v -0.0146037 0.0417 0.0250413 
v -0.0146647 0.0417 0.0249531 
v -0.0140062 0.0417 0.0269564 
vn -0.986179 -6.47147e-17 0.165682 
vn -0.993935 -6.47147e-17 0.109973 
vn -0.990468 -6.47147e-17 0.137741 
vn -0.997833 -6.47147e-17 0.0657906 
vn -0.997833 -6.47147e-17 0.0657906 
vn -0.986179 -6.47147e-17 0.165682 
vn -0.979383 -6.47147e-17 0.202011 
vn -0.984015 -6.47147e-17 0.178086 
vn -0.970114 -6.47147e-17 0.24265 
vn -0.964551 -6.47147e-17 0.263897 
vn -0.938671 -6.47147e-17 0.344814 
vn -0.933167 -6.47147e-17 0.359444 
vn -0.955727 -6.47147e-17 0.294255 
vn -0.964551 -6.47147e-17 0.263897 
vn -0.89649 -6.47147e-17 0.443065 
vn -0.892345 -6.47147e-17 0.451355 
vn -0.922275 -6.47147e-17 0.386534 
vn -0.933167 -6.47147e-17 0.359444 
vn -0.844044 -6.47147e-17 0.536274 
vn -0.842497 -6.47147e-17 0.538701 
vn -0.878127 -6.47147e-17 0.478428 
vn -0.892345 -6.47147e-17 0.451355 
vn -0.999996 -6.47147e-17 -0.00275798 
vn -0.999513 -6.47147e-17 0.0312128 
vn -0.999836 -6.47147e-17 0.0181201 
vn -0.842497 -6.47147e-17 0.538701 
vn -0.80359 -6.47147e-17 0.595183 
vn -0.822229 -6.47147e-17 0.569156 
vn -0.80359 -6.47147e-17 0.595183 
vn -0.999996 -6.47147e-17 -0.00276044 
f 3891//3891 3892//3892 3893//3893 
f 3894//3894 3893//3893 3892//3892 
f 3892//3892 3895//3895 3894//3894 
f 3896//3896 3897//3897 3898//3898 
f 3899//3899 3900//3900 3897//3897 
f 3897//3897 3896//3896 3899//3899 
f 3898//3898 3891//3891 3896//3896 
f 3901//3901 3902//3902 3903//3903 
f 3903//3903 3904//3904 3901//3901 
f 3903//3903 3900//3900 3904//3904 
f 3905//3905 3906//3906 3907//3907 
f 3907//3907 3908//3908 3905//3905 
f 3907//3907 3902//3902 3908//3908 
f 3909//3909 3910//3910 3911//3911 
f 3911//3911 3912//3912 3909//3909 
f 3911//3911 3906//3906 3912//3912 
f 3913//3913 3914//3914 3915//3915 
f 3895//3895 3915//3915 3914//3914 
f 3914//3914 3894//3894 3895//3895 
f 3916//3916 3917//3917 3918//3918 
f 3917//3917 3919//3919 3918//3918 
f 3918//3918 3910//3910 3916//3916 
f 3915//3915 3920//3920 3913//3913 
f 3909//3909 3916//3916 3910//3910 
f 3905//3905 3912//3912 3906//3906 
f 3901//3901 3908//3908 3902//3902 
f 3899//3899 3904//3904 3900//3900 
f 3893//3893 3896//3896 3891//3891 
v -0.014003 0.04175 0.0398277 
v -0.0140032 0.04175 0.0269564 
v -0.0140062 0.0417 0.0269564 
v -0.014006 0.0417 0.0398277 
vn -1 -6.12323e-17 0 
vn -1 -6.12323e-17 0 
vn -1 -6.12323e-17 0 
vn -1 -6.12323e-17 0 
f 3921//3921 3922//3922 3923//3923 
f 3923//3923 3924//3924 3921//3921 
v -0.014003 0.04175 0.0398277 
v -0.0139994 0.04175 0.0402081 
v -0.014 0.0427 0.0402081 
v -0.014 0.04975 0.0269564 
v -0.0140032 0.04175 0.0269564 
v -0.014 0.04975 0.0402081 
vn -1 -6.12323e-17 0 
vn -1 -6.12323e-17 0 
vn -1 -6.12323e-17 0 
vn -1 -6.12323e-17 0 
vn -1 -6.12323e-17 0 
vn -1 -6.12323e-17 0 
f 3925//3925 3926//3926 3927//3927 
f 3928//3928 3929//3929 3925//3925 
f 3925//3925 3930//3930 3928//3928 
f 3927//3927 3930//3930 3925//3925 
v -0.0249401 0.04975 0.0219702 
v -0.0241742 0.04975 0.022687 
v -0.0239817 0.04975 0.0227762 
v -0.0245256 0.04975 0.0224501 
v -0.0243562 0.04975 0.0225779 
v -0.0248192 0.04975 0.0221445 
v -0.0246805 0.04975 0.0223051 
v -0.0237808 0.04975 0.0228445 
v 0.0475 0.04975 0 
v 0.030875 0.04975 0.0180475 
v 0.0325758 0.04975 0.018 
v -0.0307676 0.04975 0.0111578 
v -0.0309853 0.04975 0.0102967 
v -0.0309413 0.04975 0.0105904 
v 0.0696284 0.04975 0.0400679 
v 0.0684955 0.04975 0.0360996 
v 0.0614633 0.04975 0.0387143 
v 0.066939 0.04975 0.0322776 
v 0.060236 0.04975 0.0356484 
v 0.0341775 0.04975 0.0180421 
v -0.0235738 0.04975 0.0228911 
v -0.0234591 0.04975 0.0229072 
v -0.0306395 0.04975 0.0114258 
v -0.0308685 0.04975 0.0108784 
v 0.0657459 0.04975 0.0299597 
v 0.0275925 0.04975 0.0184098 
v -0.024998 0.04975 0.0218699 
v 0.0586843 0.04975 0.0327332 
v 0.0374612 0.04975 0.0183938 
v -0.0295 0.04975 0 
v 0.0243684 0.04975 0.019125 
v 0.0154186 0.04975 0.0232833 
v 0.0182455 0.04975 0.0215761 
v 0.00365655 0.04975 0.0388083 
v -0.0140019 0.04975 0.0268423 
v -0.014 0.04975 0.0269564 
v 0.0703243 0.04975 0.0441356 
v 0.062352 0.04975 0.041895 
v 0.0568266 0.04975 0.0300028 
v 0.0497319 0.04975 0.00130935 
v 0.0522832 0.04975 0.025222 
v 0.0546845 0.04975 0.0274892 
v 0.0406876 0.04975 0.0190985 
v 0.0438189 0.04975 0.0201479 
v 0.0212405 0.04975 0.0201846 
v 0.00826496 0.04975 0.0300817 
v 0.0103988 0.04975 0.0275612 
v -0.031 0.04975 0.01 
v 0.0064161 0.04975 0.0328181 
v -0.0155337 0.04975 0.0241415 
v 0.00277822 0.04975 0.0419918 
v -0.0143518 0.04975 0.025462 
v -0.0142092 0.04975 0.025791 
v -0.014977 0.04975 0.0245918 
v -0.0147379 0.04975 0.024859 
v -0.0136377 0.04975 0.0425884 
v -0.0133336 0.04975 0.0434048 
v 0.0468184 0.04975 0.0215297 
v 0.0496509 0.04975 0.0232277 
v 0.0127927 0.04975 0.0252862 
v -0.031 0.04975 0.0015 
v -0.015845 0.04975 0.0239635 
v -0.0165154 0.04975 0.023712 
v -0.0161735 0.04975 0.0238198 
v -0.0169802 0.04975 0.0236269 
v -0.0140333 0.04975 0.0264851 
v -0.0145287 0.04975 0.0251502 
v -0.0152433 0.04975 0.0243517 
v -0.0138512 0.04975 0.0417438 
v -0.000858428 0.04975 0.0665598 
v 0.0036882 0.04975 0.0582857 
v 0.00279952 0.04975 0.055105 
v 0.0686526 0.04975 0.0604358 
v 0.0697341 0.04975 0.0564533 
v 0.0623733 0.04975 0.0550082 
v 0.0703775 0.04975 0.0523769 
v 0.0629023 0.04975 0.0517484 
v -0.016867 0.04975 0.0236414 
v -0.0141027 0.04975 0.0261334 
v -0.0139717 0.04975 0.0408809 
v -0.0130388 0.04975 0.0440102 
v 0.0064672 0.04975 0.0642668 
v 0.00491555 0.04975 0.0613516 
v 0.0264761 0.04975 0.0860073 
v 0.0276903 0.04975 0.0786062 
v 0.0244639 0.04975 0.0779015 
v 0.0305794 0.04975 0.0864475 
v 0.030974 0.04975 0.0789579 
v 0.0671455 0.04975 0.0642776 
v 0.061495 0.04975 0.0581917 
v 0.070575 0.04975 0.0482548 
v 0.0630757 0.04975 0.0484504 
v 0.0628916 0.04975 0.0451531 
v 0.00487393 0.04975 0.0357384 
v -0.014 0.04975 0.0402081 
v 0.00225995 0.04975 0.0518469 
v -1.02974e-05 0.04975 0.0680486 
v 0.00230172 0.04975 0.071467 
v 0.00832494 0.04975 0.0669972 
v 0.00497079 0.04975 0.0746145 
v 0.010467 0.04975 0.0695108 
v 0.00796544 0.04975 0.077454 
v 0.0128683 0.04975 0.071778 
v 0.0112503 0.04975 0.079952 
v 0.0155006 0.04975 0.0737723 
v 0.018533 0.04975 0.0838101 
v 0.0213326 0.04975 0.0768521 
v 0.0183331 0.04975 0.0754703 
v 0.0224448 0.04975 0.0851246 
v 0.0347062 0.04975 0.0864402 
v 0.0342765 0.04975 0.0789525 
v 0.0388079 0.04975 0.0859855 
v 0.0428361 0.04975 0.0850886 
v 0.0407831 0.04975 0.077875 
v 0.0467433 0.04975 0.0837602 
v 0.043911 0.04975 0.0768154 
v 0.0504833 0.04975 0.0820159 
v 0.046906 0.04975 0.0754239 
v 0.0540122 0.04975 0.0798764 
v 0.049733 0.04975 0.0737167 
v 0.0629308 0.04975 0.0713598 
v 0.0652307 0.04975 0.0679333 
v 0.0587354 0.04975 0.0641819 
v 0.0602776 0.04975 0.0612616 
v 0.00224923 0.04975 0.0452516 
v 0.0147868 0.04975 0.082079 
v 0.037559 0.04975 0.0785902 
v 0.0572883 0.04975 0.0773668 
v 0.0523588 0.04975 0.0717138 
v 0.0602729 0.04975 0.0745167 
v 0.0547527 0.04975 0.0694388 
v 0.0568866 0.04975 0.0669183 
v 0.0020758 0.04975 0.0485496 
vn -6.12323e-17 1 0 
vn -6.12323e-17 1 0 
vn -6.12323e-17 1 0 
vn -6.12323e-17 1 0 
vn -6.12323e-17 1 0 
vn -6.12323e-17 1 0 
vn -6.12323e-17 1 0 
vn -6.12323e-17 1 0 
vn -6.12323e-17 1 0 
vn -6.12323e-17 1 0 
vn -6.12323e-17 1 0 
vn -6.12323e-17 1 0 
vn -6.12323e-17 1 0 
vn -6.12323e-17 1 0 
vn -6.12323e-17 1 0 
vn -6.12323e-17 1 0 
vn -6.12323e-17 1 0 
vn -6.12323e-17 1 0 
vn -6.12323e-17 1 0 
vn -6.12323e-17 1 0 
vn -6.12323e-17 1 0 
vn -6.12323e-17 1 0 
vn -6.12323e-17 1 0 
vn -6.12323e-17 1 0 
vn -6.12323e-17 1 0 
vn -6.12323e-17 1 0 
vn -6.12323e-17 1 0 
vn -6.12323e-17 1 0 
vn -6.12323e-17 1 0 
vn -6.12323e-17 1 0 
vn -6.12323e-17 1 0 
vn -6.12323e-17 1 0 
vn -6.12323e-17 1 0 
vn -6.12323e-17 1 0 
vn -6.12323e-17 1 0 
vn -6.12323e-17 1 0 
vn -6.12323e-17 1 0 
vn -6.12323e-17 1 0 
vn -6.12323e-17 1 0 
vn -6.12323e-17 1 0 
vn -6.12323e-17 1 0 
vn -6.12323e-17 1 0 
vn -6.12323e-17 1 0 
vn -6.12323e-17 1 0 
vn -6.12323e-17 1 0 
vn -6.12323e-17 1 0 
vn -6.12323e-17 1 0 
vn -6.12323e-17 1 0 
vn -6.12323e-17 1 0 
vn -6.12323e-17 1 0 
vn -6.12323e-17 1 0 
vn -6.12323e-17 1 0 
vn -6.12323e-17 1 0 
vn -6.12323e-17 1 0 
vn -6.12323e-17 1 0 
vn -6.12323e-17 1 0 
vn -6.12323e-17 1 0 
vn -6.12323e-17 1 0 
vn -6.12323e-17 1 0 
vn -6.12323e-17 1 0 
vn -6.12323e-17 1 0 
vn -6.12323e-17 1 0 
vn -6.12323e-17 1 0 
vn -6.12323e-17 1 0 
vn -6.12323e-17 1 0 
vn -6.12323e-17 1 0 
vn -6.12323e-17 1 0 
vn -6.12323e-17 1 0 
vn -6.12323e-17 1 0 
vn -6.12323e-17 1 0 
vn -6.12323e-17 1 0 
vn -6.12323e-17 1 0 
vn -6.12323e-17 1 0 
vn -6.12323e-17 1 0 
vn -6.12323e-17 1 0 
vn -6.12323e-17 1 0 
vn -6.12323e-17 1 0 
vn -6.12323e-17 1 0 
vn -6.12323e-17 1 0 
vn -6.12323e-17 1 0 
vn -6.12323e-17 1 0 
vn -6.12323e-17 1 0 
vn -6.12323e-17 1 0 
vn -6.12323e-17 1 0 
vn -6.12323e-17 1 0 
vn -6.12323e-17 1 0 
vn -6.12323e-17 1 0 
vn -6.12323e-17 1 0 
vn -6.12323e-17 1 0 
vn -6.12323e-17 1 0 
vn -6.12323e-17 1 0 
vn -6.12323e-17 1 0 
vn -6.12323e-17 1 0 
vn -6.12323e-17 1 0 
vn -6.12323e-17 1 0 
vn -6.12323e-17 1 0 
vn -6.12323e-17 1 0 
vn -6.12323e-17 1 0 
vn -6.12323e-17 1 0 
vn -6.12323e-17 1 0 
vn -6.12323e-17 1 0 
vn -6.12323e-17 1 0 
vn -6.12323e-17 1 0 
vn -6.12323e-17 1 0 
vn -6.12323e-17 1 0 
vn -6.12323e-17 1 0 
vn -6.12323e-17 1 0 
vn -6.12323e-17 1 0 
vn -6.12323e-17 1 0 
vn -6.12323e-17 1 0 
vn -6.12323e-17 1 0 
vn -6.12323e-17 1 0 
vn -6.12323e-17 1 0 
vn -6.12323e-17 1 0 
vn -6.12323e-17 1 0 
vn -6.12323e-17 1 0 
vn -6.12323e-17 1 0 
vn -6.12323e-17 1 0 
vn -6.12323e-17 1 0 
vn -6.12323e-17 1 0 
vn -6.12323e-17 1 0 
vn -6.12323e-17 1 0 
vn -6.12323e-17 1 0 
vn -6.12323e-17 1 0 
vn -6.12323e-17 1 0 
vn -6.12323e-17 1 0 
vn -6.12323e-17 1 0 
vn -6.12323e-17 1 0 
vn -6.12323e-17 1 0 
vn -6.12323e-17 1 0 
vn -6.12323e-17 1 0 
vn -6.12323e-17 1 0 
vn -6.12323e-17 1 0 
f 3931//3931 3932//3932 3933//3933 
f 3931//3931 3934//3934 3935//3935 
f 3931//3931 3936//3936 3937//3937 
f 3933//3933 3938//3938 3931//3931 
f 3937//3937 3934//3934 3931//3931 
f 3939//3939 3940//3940 3941//3941 
f 3935//3935 3932//3932 3931//3931 
f 3942//3942 3943//3943 3944//3944 
f 3945//3945 3946//3946 3947//3947 
f 3946//3946 3948//3948 3949//3949 
f 3941//3941 3950//3950 3939//3939 
f 3938//3938 3951//3951 3931//3931 
f 3952//3952 3943//3943 3953//3953 
f 3944//3944 3954//3954 3942//3942 
f 3949//3949 3947//3947 3946//3946 
f 3949//3949 3948//3948 3955//3955 
f 3939//3939 3956//3956 3940//3940 
f 3952//3952 3957//3957 3931//3931 
f 3942//3942 3953//3953 3943//3943 
f 3955//3955 3958//3958 3949//3949 
f 3950//3950 3959//3959 3939//3939 
f 3960//3960 3961//3961 3956//3956 
f 3960//3960 3962//3962 3963//3963 
f 3953//3953 3957//3957 3952//3952 
f 3964//3964 3965//3965 3966//3966 
f 3967//3967 3945//3945 3968//3968 
f 3955//3955 3969//3969 3958//3958 
f 3970//3970 3971//3971 3972//3972 
f 3973//3973 3974//3974 3970//3970 
f 3956//3956 3939//3939 3960//3960 
f 3963//3963 3975//3975 3960//3960 
f 3976//3976 3977//3977 3960//3960 
f 3976//3976 3978//3978 3943//3943 
f 3979//3979 3943//3943 3980//3980 
f 3951//3951 3952//3952 3931//3931 
f 3966//3966 3981//3981 3964//3964 
f 3964//3964 3982//3982 3983//3983 
f 3964//3964 3984//3984 3985//3985 
f 3981//3981 3986//3986 3987//3987 
f 3947//3947 3968//3968 3945//3945 
f 3972//3972 3955//3955 3970//3970 
f 3970//3970 3988//3988 3989//3989 
f 3959//3959 3973//3973 3939//3939 
f 3960//3960 3990//3990 3962//3962 
f 3960//3960 3991//3991 3976//3976 
f 3976//3976 3991//3991 3978//3978 
f 3943//3943 3992//3992 3980//3980 
f 3943//3943 3993//3993 3994//3994 
f 3952//3952 3995//3995 3943//3943 
f 3964//3964 3996//3996 3965//3965 
f 3964//3964 3997//3997 3982//3982 
f 3964//3964 3998//3998 3984//3984 
f 3981//3981 3999//3999 3986//3986 
f 4000//4000 4001//4001 4002//4002 
f 4003//4003 4004//4004 4005//4005 
f 4004//4004 4006//4006 4007//4007 
f 3972//3972 3969//3969 3955//3955 
f 3970//3970 3974//3974 3988//3988 
f 3975//3975 3961//3961 3960//3960 
f 3943//3943 3979//3979 3976//3976 
f 3994//3994 3992//3992 3943//3943 
f 3995//3995 4008//4008 3943//3943 
f 3964//3964 4009//4009 3996//3996 
f 3985//3985 3997//3997 3964//3964 
f 3981//3981 4010//4010 3999//3999 
f 4002//4002 4011//4011 4000//4000 
f 4012//4012 4013//4013 4000//4000 
f 4014//4014 4015//4015 4016//4016 
f 4017//4017 4018//4018 4015//4015 
f 4019//4019 4003//4003 4020//4020 
f 4007//4007 4005//4005 4004//4004 
f 4006//4006 4021//4021 4022//4022 
f 4021//4021 3967//3967 4023//4023 
f 3989//3989 3971//3971 3970//3970 
f 3977//3977 3990//3990 3960//3960 
f 4008//4008 3993//3993 3943//3943 
f 4024//4024 3980//3980 3998//3998 
f 3983//3983 4009//4009 3964//3964 
f 3981//3981 4025//4025 4010//4010 
f 4002//4002 4026//4026 4011//4011 
f 4000//4000 4027//4027 4012//4012 
f 4028//4028 4029//4029 4012//4012 
f 4030//4030 4031//4031 4029//4029 
f 4032//4032 4033//4033 4031//4031 
f 4034//4034 4035//4035 4033//4033 
f 4036//4036 4037//4037 4038//4038 
f 4039//4039 4016//4016 4037//4037 
f 4015//4015 4014//4014 4017//4017 
f 4017//4017 4040//4040 4041//4041 
f 4042//4042 4043//4043 4044//4044 
f 4043//4043 4045//4045 4046//4046 
f 4045//4045 4047//4047 4048//4048 
f 4047//4047 4049//4049 4050//4050 
f 4051//4051 4052//4052 4053//4053 
f 4052//4052 4019//4019 4054//4054 
f 4005//4005 4020//4020 4003//4003 
f 4023//4023 4022//4022 4021//4021 
f 3970//3970 3939//3939 3973//3973 
f 3998//3998 3964//3964 4024//4024 
f 3987//3987 4055//4055 3981//3981 
f 4055//4055 3987//3987 4011//4011 
f 4013//4013 4001//4001 4000//4000 
f 4029//4029 4028//4028 4030//4030 
f 4033//4033 4032//4032 4034//4034 
f 4056//4056 4038//4038 4035//4035 
f 4037//4037 4036//4036 4039//4039 
f 4041//4041 4018//4018 4017//4017 
f 4040//4040 4042//4042 4057//4057 
f 4046//4046 4044//4044 4043//4043 
f 4050//4050 4048//4048 4047//4047 
f 4049//4049 4058//4058 4059//4059 
f 4058//4058 4060//4060 4061//4061 
f 4060//4060 4051//4051 4062//4062 
f 4054//4054 4053//4053 4052//4052 
f 4022//4022 4007//4007 4006//4006 
f 3980//3980 4024//4024 3979//3979 
f 4011//4011 4063//4063 4055//4055 
f 4012//4012 4027//4027 4028//4028 
f 4035//4035 4034//4034 4056//4056 
f 4016//4016 4039//4039 4014//4014 
f 4044//4044 4057//4057 4042//4042 
f 4059//4059 4050//4050 4049//4049 
f 4062//4062 4061//4061 4060//4060 
f 4020//4020 4054//4054 4019//4019 
f 3966//3966 4025//4025 3981//3981 
f 4031//4031 4030//4030 4032//4032 
f 4057//4057 4041//4041 4040//4040 
f 4061//4061 4059//4059 4058//4058 
f 3968//3968 4023//4023 3967//3967 
f 4038//4038 4056//4056 4036//4036 
f 4053//4053 4062//4062 4051//4051 
f 4048//4048 4046//4046 4045//4045 
f 4026//4026 4063//4063 4011//4011 
v 0.00225995 0.06175 0.0518469 
v 0.00225995 0.04975 0.0518469 
v 0.00279952 0.04975 0.055105 
v 0.00279952 0.06175 0.055105 
v 0.0036882 0.04975 0.0582857 
v 0.0036882 0.06175 0.0582857 
v 0.00491555 0.04975 0.0613516 
v 0.00491555 0.06175 0.0613516 
v 0.0064672 0.04975 0.0642668 
v 0.0064672 0.06175 0.0642668 
v 0.00832494 0.04975 0.0669972 
v 0.00832494 0.06175 0.0669972 
v 0.010467 0.04975 0.0695108 
v 0.010467 0.06175 0.0695108 
v 0.0128683 0.04975 0.071778 
v 0.0128683 0.06175 0.071778 
v 0.0155006 0.04975 0.0737723 
v 0.0155006 0.06175 0.0737723 
v 0.0183331 0.04975 0.0754703 
v 0.0183331 0.06175 0.0754703 
v 0.0213326 0.04975 0.0768521 
v 0.0213326 0.06175 0.0768521 
v 0.0244639 0.04975 0.0779015 
v 0.0244639 0.06175 0.0779015 
v 0.0276903 0.04975 0.0786062 
v 0.0276903 0.06175 0.0786062 
v 0.030974 0.04975 0.0789579 
v 0.0342765 0.04975 0.0789525 
v 0.0342765 0.06175 0.0789525 
v 0.0325758 0.06175 0.079 
v 0.037559 0.04975 0.0785902 
v 0.037559 0.06175 0.0785902 
v 0.0407831 0.04975 0.077875 
v 0.0407831 0.06175 0.077875 
v 0.043911 0.04975 0.0768154 
v 0.043911 0.06175 0.0768154 
v 0.046906 0.04975 0.0754239 
v 0.046906 0.06175 0.0754239 
v 0.049733 0.04975 0.0737167 
v 0.049733 0.06175 0.0737167 
v 0.0523588 0.04975 0.0717138 
v 0.0523588 0.06175 0.0717138 
v 0.0547527 0.04975 0.0694388 
v 0.0547527 0.06175 0.0694388 
v 0.0568866 0.04975 0.0669183 
v 0.0568866 0.06175 0.0669183 
v 0.0587354 0.04975 0.0641819 
v 0.0587354 0.06175 0.0641819 
v 0.0602776 0.04975 0.0612616 
v 0.0602776 0.06175 0.0612616 
v 0.061495 0.04975 0.0581917 
v 0.061495 0.06175 0.0581917 
v 0.0623733 0.04975 0.0550082 
v 0.0623733 0.06175 0.0550082 
v 0.0629023 0.04975 0.0517484 
v 0.0629023 0.06175 0.0517484 
v 0.0630757 0.04975 0.0484504 
v 0.0630757 0.06175 0.0484504 
v 0.0628916 0.04975 0.0451531 
v 0.0628916 0.06175 0.0451531 
v 0.062352 0.04975 0.041895 
v 0.062352 0.06175 0.041895 
v 0.0614633 0.04975 0.0387143 
v 0.0614633 0.06175 0.0387143 
v 0.060236 0.04975 0.0356484 
v 0.060236 0.06175 0.0356484 
v 0.0586843 0.04975 0.0327332 
v 0.0586843 0.06175 0.0327332 
v 0.0568266 0.04975 0.0300028 
v 0.0568266 0.06175 0.0300028 
v 0.0546845 0.04975 0.0274892 
v 0.0546845 0.06175 0.0274892 
v 0.0522832 0.04975 0.025222 
v 0.0522832 0.06175 0.025222 
v 0.0496509 0.04975 0.0232277 
v 0.0496509 0.06175 0.0232277 
v 0.0468184 0.04975 0.0215297 
v 0.0468184 0.06175 0.0215297 
v 0.0438189 0.04975 0.0201479 
v 0.0438189 0.06175 0.0201479 
v 0.0406876 0.04975 0.0190985 
v 0.0406876 0.06175 0.0190985 
v 0.0374612 0.04975 0.0183938 
v 0.0374612 0.06175 0.0183938 
v 0.0341775 0.04975 0.0180421 
v 0.030875 0.06175 0.0180475 
v 0.0341775 0.06175 0.0180421 
v 0.0325758 0.04975 0.018 
v 0.030875 0.04975 0.0180475 
v 0.0275925 0.04975 0.0184098 
v 0.0275925 0.06175 0.0184098 
v 0.0243684 0.04975 0.019125 
v 0.0243684 0.06175 0.019125 
v 0.0212405 0.04975 0.0201846 
v 0.0212405 0.06175 0.0201846 
v 0.0182455 0.04975 0.0215761 
v 0.0182455 0.06175 0.0215761 
v 0.0154186 0.04975 0.0232833 
v 0.0154186 0.06175 0.0232833 
v 0.0127927 0.04975 0.0252862 
v 0.0127927 0.06175 0.0252862 
v 0.0103988 0.04975 0.0275612 
v 0.0103988 0.06175 0.0275612 
v 0.00826496 0.04975 0.0300817 
v 0.00826496 0.06175 0.0300817 
v 0.0064161 0.04975 0.0328181 
v 0.0064161 0.06175 0.0328181 
v 0.00487393 0.04975 0.0357384 
v 0.00487393 0.06175 0.0357384 
v 0.00365655 0.04975 0.0388083 
v 0.00365655 0.06175 0.0388083 
v 0.00277822 0.04975 0.0419918 
v 0.00277822 0.06175 0.0419918 
v 0.00224923 0.04975 0.0452516 
v 0.00224923 0.06175 0.0452516 
v 0.0020758 0.04975 0.0485496 
v 0.0020758 0.06175 0.0485496 
v 0.030974 0.06175 0.0789579 
vn -0.993961 -6.08626e-17 0.109734 
vn -0.993961 -6.08626e-17 0.109734 
vn -0.97627 -5.97793e-17 0.216557 
vn -0.97627 -5.97793e-17 0.216557 
vn -0.947133 -5.79952e-17 0.320841 
vn -0.947133 -5.79952e-17 0.320841 
vn -0.906892 -5.55311e-17 0.421363 
vn -0.906892 -5.55311e-17 0.421363 
vn -0.856018 -5.2416e-17 0.516946 
vn -0.856018 -5.2416e-17 0.516946 
vn -0.795109 -4.86864e-17 0.606467 
vn -0.795109 -4.86864e-17 0.606467 
vn -0.724877 -4.43859e-17 0.688878 
vn -0.724877 -4.43859e-17 0.688878 
vn -0.646147 -3.95651e-17 0.763213 
vn -0.646147 -3.95651e-17 0.763213 
vn -0.559841 -3.42804e-17 0.8286 
vn -0.559841 -3.42804e-17 0.8286 
vn -0.466972 -2.85938e-17 0.884272 
vn -0.466972 -2.85938e-17 0.884272 
vn -0.368628 -2.2572e-17 0.929577 
vn -0.368628 -2.2572e-17 0.929577 
vn -0.265962 -1.62855e-17 0.963983 
vn -0.265962 -1.62855e-17 0.963983 
vn -0.160178 -9.80809e-18 0.987088 
vn -0.160178 -9.80809e-18 0.987088 
vn -0.0525163 -3.21569e-18 0.99862 
vn 0.0557614 3.4144e-18 0.998444 
vn 0.0557614 3.4144e-18 0.998444 
vn -4.27718e-18 0 1 
vn 0.163385 1.00045e-17 0.986562 
vn 0.163385 1.00045e-17 0.986562 
vn 0.269094 1.64772e-17 0.963114 
vn 0.269094 1.64772e-17 0.963114 
vn 0.371647 2.27568e-17 0.928374 
vn 0.371647 2.27568e-17 0.928374 
vn 0.469843 2.87696e-17 0.88275 
vn 0.469843 2.87696e-17 0.88275 
vn 0.562531 3.44451e-17 0.826776 
vn 0.562531 3.44451e-17 0.826776 
vn 0.648624 3.97168e-17 0.761109 
vn 0.648624 3.97168e-17 0.761109 
vn 0.727112 4.45228e-17 0.686519 
vn 0.727112 4.45228e-17 0.686519 
vn 0.797075 4.88068e-17 0.60388 
vn 0.797075 4.88068e-17 0.60388 
vn 0.857694 5.25186e-17 0.514161 
vn 0.857694 5.25186e-17 0.514161 
vn 0.908257 5.56147e-17 0.418414 
vn 0.908257 5.56147e-17 0.418414 
vn 0.948171 5.80587e-17 0.317761 
vn 0.948171 5.80587e-17 0.317761 
vn 0.976969 5.98221e-17 0.213383 
vn 0.976969 5.98221e-17 0.213383 
vn 0.994312 6.08841e-17 0.106503 
vn 0.994312 6.08841e-17 0.106503 
vn 0.999999 6.12323e-17 -0.00162496 
vn 0.999999 6.12323e-17 -0.00162496 
vn 0.993961 6.08626e-17 -0.109734 
vn 0.993961 6.08626e-17 -0.109734 
vn 0.97627 5.97793e-17 -0.216557 
vn 0.97627 5.97793e-17 -0.216557 
vn 0.947133 5.79952e-17 -0.320841 
vn 0.947133 5.79952e-17 -0.320841 
vn 0.906892 5.55311e-17 -0.421363 
vn 0.906892 5.55311e-17 -0.421363 
vn 0.856018 5.2416e-17 -0.516946 
vn 0.856018 5.2416e-17 -0.516946 
vn 0.795109 4.86864e-17 -0.606467 
vn 0.795109 4.86864e-17 -0.606467 
vn 0.724877 4.43859e-17 -0.688878 
vn 0.724877 4.43859e-17 -0.688878 
vn 0.646147 3.95651e-17 -0.763213 
vn 0.646147 3.95651e-17 -0.763213 
vn 0.559841 3.42804e-17 -0.8286 
vn 0.559841 3.42804e-17 -0.8286 
vn 0.466972 2.85938e-17 -0.884272 
vn 0.466972 2.85938e-17 -0.884272 
vn 0.368628 2.2572e-17 -0.929577 
vn 0.368628 2.2572e-17 -0.929577 
vn 0.265962 1.62855e-17 -0.963983 
vn 0.265962 1.62855e-17 -0.963983 
vn 0.160178 9.80809e-18 -0.987088 
vn 0.160178 9.80809e-18 -0.987088 
vn 0.0525163 3.21569e-18 -0.99862 
vn -0.0557614 -3.4144e-18 -0.998444 
vn 0.0525163 3.21569e-18 -0.99862 
vn 1.99136e-16 0 -1 
vn -0.0557614 -3.4144e-18 -0.998444 
vn -0.163385 -1.00045e-17 -0.986562 
vn -0.163385 -1.00045e-17 -0.986562 
vn -0.269094 -1.64772e-17 -0.963114 
vn -0.269094 -1.64772e-17 -0.963114 
vn -0.371647 -2.27568e-17 -0.928374 
vn -0.371647 -2.27568e-17 -0.928374 
vn -0.469843 -2.87696e-17 -0.88275 
vn -0.469843 -2.87696e-17 -0.88275 
vn -0.562531 -3.44451e-17 -0.826776 
vn -0.562531 -3.44451e-17 -0.826776 
vn -0.648624 -3.97168e-17 -0.761109 
vn -0.648624 -3.97168e-17 -0.761109 
vn -0.727112 -4.45228e-17 -0.686519 
vn -0.727112 -4.45228e-17 -0.686519 
vn -0.797075 -4.88068e-17 -0.60388 
vn -0.797075 -4.88068e-17 -0.60388 
vn -0.857694 -5.25186e-17 -0.514161 
vn -0.857694 -5.25186e-17 -0.514161 
vn -0.908257 -5.56147e-17 -0.418414 
vn -0.908257 -5.56147e-17 -0.418414 
vn -0.948171 -5.80587e-17 -0.317761 
vn -0.948171 -5.80587e-17 -0.317761 
vn -0.976969 -5.98221e-17 -0.213383 
vn -0.976969 -5.98221e-17 -0.213383 
vn -0.994312 -6.08841e-17 -0.106503 
vn -0.994312 -6.08841e-17 -0.106503 
vn -0.999999 -6.12323e-17 0.00162496 
vn -0.999999 -6.12323e-17 0.00162496 
vn -0.0525163 -3.21569e-18 0.99862 
f 4064//4064 4065//4065 4066//4066 
f 4067//4067 4066//4066 4068//4068 
f 4069//4069 4068//4068 4070//4070 
f 4071//4071 4070//4070 4072//4072 
f 4073//4073 4072//4072 4074//4074 
f 4075//4075 4074//4074 4076//4076 
f 4077//4077 4076//4076 4078//4078 
f 4079//4079 4078//4078 4080//4080 
f 4081//4081 4080//4080 4082//4082 
f 4083//4083 4082//4082 4084//4084 
f 4085//4085 4084//4084 4086//4086 
f 4087//4087 4086//4086 4088//4088 
f 4089//4089 4088//4088 4090//4090 
f 4091//4091 4092//4092 4093//4093 
f 4093//4093 4090//4090 4091//4091 
f 4092//4092 4091//4091 4094//4094 
f 4095//4095 4094//4094 4096//4096 
f 4097//4097 4096//4096 4098//4098 
f 4099//4099 4098//4098 4100//4100 
f 4101//4101 4100//4100 4102//4102 
f 4103//4103 4102//4102 4104//4104 
f 4105//4105 4104//4104 4106//4106 
f 4107//4107 4106//4106 4108//4108 
f 4109//4109 4108//4108 4110//4110 
f 4111//4111 4110//4110 4112//4112 
f 4113//4113 4112//4112 4114//4114 
f 4115//4115 4114//4114 4116//4116 
f 4117//4117 4116//4116 4118//4118 
f 4119//4119 4118//4118 4120//4120 
f 4121//4121 4120//4120 4122//4122 
f 4123//4123 4122//4122 4124//4124 
f 4125//4125 4124//4124 4126//4126 
f 4127//4127 4126//4126 4128//4128 
f 4129//4129 4128//4128 4130//4130 
f 4131//4131 4130//4130 4132//4132 
f 4133//4133 4132//4132 4134//4134 
f 4135//4135 4134//4134 4136//4136 
f 4137//4137 4136//4136 4138//4138 
f 4139//4139 4138//4138 4140//4140 
f 4141//4141 4140//4140 4142//4142 
f 4143//4143 4142//4142 4144//4144 
f 4145//4145 4144//4144 4146//4146 
f 4147//4147 4146//4146 4148//4148 
f 4149//4149 4150//4150 4151//4151 
f 4150//4150 4148//4148 4151//4151 
f 4149//4149 4152//4152 4153//4153 
f 4154//4154 4153//4153 4155//4155 
f 4156//4156 4155//4155 4157//4157 
f 4158//4158 4157//4157 4159//4159 
f 4160//4160 4159//4159 4161//4161 
f 4162//4162 4161//4161 4163//4163 
f 4164//4164 4163//4163 4165//4165 
f 4166//4166 4165//4165 4167//4167 
f 4168//4168 4167//4167 4169//4169 
f 4170//4170 4169//4169 4171//4171 
f 4172//4172 4171//4171 4173//4173 
f 4174//4174 4173//4173 4175//4175 
f 4176//4176 4175//4175 4177//4177 
f 4178//4178 4177//4177 4179//4179 
f 4180//4180 4179//4179 4065//4065 
f 4065//4065 4064//4064 4180//4180 
f 4179//4179 4180//4180 4178//4178 
f 4177//4177 4178//4178 4176//4176 
f 4175//4175 4176//4176 4174//4174 
f 4173//4173 4174//4174 4172//4172 
f 4171//4171 4172//4172 4170//4170 
f 4169//4169 4170//4170 4168//4168 
f 4167//4167 4168//4168 4166//4166 
f 4165//4165 4166//4166 4164//4164 
f 4163//4163 4164//4164 4162//4162 
f 4161//4161 4162//4162 4160//4160 
f 4159//4159 4160//4160 4158//4158 
f 4157//4157 4158//4158 4156//4156 
f 4155//4155 4156//4156 4154//4154 
f 4153//4153 4154//4154 4149//4149 
f 4151//4151 4152//4152 4149//4149 
f 4148//4148 4150//4150 4147//4147 
f 4146//4146 4147//4147 4145//4145 
f 4144//4144 4145//4145 4143//4143 
f 4142//4142 4143//4143 4141//4141 
f 4140//4140 4141//4141 4139//4139 
f 4138//4138 4139//4139 4137//4137 
f 4136//4136 4137//4137 4135//4135 
f 4134//4134 4135//4135 4133//4133 
f 4132//4132 4133//4133 4131//4131 
f 4130//4130 4131//4131 4129//4129 
f 4128//4128 4129//4129 4127//4127 
f 4126//4126 4127//4127 4125//4125 
f 4124//4124 4125//4125 4123//4123 
f 4122//4122 4123//4123 4121//4121 
f 4120//4120 4121//4121 4119//4119 
f 4118//4118 4119//4119 4117//4117 
f 4116//4116 4117//4117 4115//4115 
f 4114//4114 4115//4115 4113//4113 
f 4112//4112 4113//4113 4111//4111 
f 4110//4110 4111//4111 4109//4109 
f 4108//4108 4109//4109 4107//4107 
f 4106//4106 4107//4107 4105//4105 
f 4104//4104 4105//4105 4103//4103 
f 4102//4102 4103//4103 4101//4101 
f 4100//4100 4101//4101 4099//4099 
f 4098//4098 4099//4099 4097//4097 
f 4096//4096 4097//4097 4095//4095 
f 4094//4094 4095//4095 4092//4092 
f 4093//4093 4181//4181 4090//4090 
f 4090//4090 4181//4181 4089//4089 
f 4088//4088 4089//4089 4087//4087 
f 4086//4086 4087//4087 4085//4085 
f 4084//4084 4085//4085 4083//4083 
f 4082//4082 4083//4083 4081//4081 
f 4080//4080 4081//4081 4079//4079 
f 4078//4078 4079//4079 4077//4077 
f 4076//4076 4077//4077 4075//4075 
f 4074//4074 4075//4075 4073//4073 
f 4072//4072 4073//4073 4071//4071 
f 4070//4070 4071//4071 4069//4069 
f 4068//4068 4069//4069 4067//4067 
f 4066//4066 4067//4067 4064//4064 
v 0.00487393 0.06175 0.0357384 
v 0.0150918 0.06175 0.0404455 
v 0.0160652 0.06175 0.0386024 
v 0.00365655 0.06175 0.0388083 
v 0.0143235 0.06175 0.0423831 
v 0.00277822 0.06175 0.0419918 
v 0.0137691 0.06175 0.0443924 
v 0.00224923 0.06175 0.0452516 
v 0.0134352 0.06175 0.0464498 
v 0.0374612 0.06175 0.0183938 
v 0.0341775 0.06175 0.0180421 
v 0.0335867 0.06175 0.0292766 
v 0.030875 0.06175 0.0180475 
v 0.0315024 0.06175 0.02928 
v 0.0586843 0.06175 0.0327332 
v 0.0490541 0.06175 0.0385488 
v 0.0500334 0.06175 0.0403888 
v 0.0568266 0.06175 0.0300028 
v 0.0478816 0.06175 0.0368255 
v 0.0496509 0.06175 0.0232277 
v 0.0433527 0.06175 0.0325495 
v 0.0450141 0.06175 0.0338081 
v 0.0468184 0.06175 0.0215297 
v 0.041565 0.06175 0.0314778 
v 0.0356592 0.06175 0.0294986 
v 0.0376955 0.06175 0.0299433 
v 0.00826496 0.06175 0.0300817 
v 0.0172321 0.06175 0.0368753 
v 0.0185789 0.06175 0.0352845 
v 0.0064161 0.06175 0.0328181 
v 0.0020758 0.06175 0.0485496 
v 0.0133258 0.06175 0.0485313 
v 0.0547527 0.06175 0.0694388 
v 0.0465727 0.06175 0.0617155 
v 0.0450618 0.06175 0.0631513 
v 0.0568866 0.06175 0.0669183 
v 0.0479195 0.06175 0.0601247 
v 0.0628916 0.06175 0.0451531 
v 0.0517095 0.06175 0.0463876 
v 0.0518257 0.06175 0.0484687 
v 0.062352 0.06175 0.041895 
v 0.051369 0.06175 0.0443313 
v 0.060236 0.06175 0.0356484 
v 0.0508081 0.06175 0.0423238 
v 0.0546845 0.06175 0.0274892 
v 0.0465296 0.06175 0.0352391 
v 0.0522832 0.06175 0.025222 
v 0.0438189 0.06175 0.0201479 
v 0.0396718 0.06175 0.0306056 
v 0.0406876 0.06175 0.0190985 
v 0.0587354 0.06175 0.0641819 
v 0.0490864 0.06175 0.0583976 
v 0.0602776 0.06175 0.0612616 
v 0.0500597 0.06175 0.0565545 
v 0.061495 0.06175 0.0581917 
v 0.050828 0.06175 0.0546169 
v 0.0629023 0.06175 0.0517484 
v 0.0517163 0.06175 0.0505502 
v 0.0513824 0.06175 0.0526076 
v 0.0630757 0.06175 0.0484504 
v 0.0614633 0.06175 0.0387143 
v 0.0243684 0.06175 0.019125 
v 0.0273957 0.06175 0.0299601 
v 0.0294306 0.06175 0.0295087 
v 0.0212405 0.06175 0.0201846 
v 0.0254215 0.06175 0.0306288 
v 0.0154186 0.06175 0.0232833 
v 0.021747 0.06175 0.0325846 
v 0.0235313 0.06175 0.0315071 
v 0.0127927 0.06175 0.0252862 
v 0.0200897 0.06175 0.0338487 
v 0.0103988 0.06175 0.0275612 
v 0.0036882 0.06175 0.0582857 
v 0.0143434 0.06175 0.0546762 
v 0.0137826 0.06175 0.0526687 
v 0.00491555 0.06175 0.0613516 
v 0.0151181 0.06175 0.0566112 
v 0.010467 0.06175 0.0695108 
v 0.0186219 0.06175 0.0617609 
v 0.0172699 0.06175 0.0601745 
v 0.0128683 0.06175 0.071778 
v 0.0201374 0.06175 0.0631919 
v 0.0183331 0.06175 0.0754703 
v 0.0235865 0.06175 0.0655222 
v 0.0217988 0.06175 0.0644505 
v 0.0213326 0.06175 0.0768521 
v 0.0254797 0.06175 0.0663944 
v 0.0336492 0.06175 0.06772 
v 0.0315648 0.06175 0.0677234 
v 0.0325758 0.06175 0.079 
v 0.0623733 0.06175 0.0550082 
v 0.0275925 0.06175 0.0184098 
v 0.0182455 0.06175 0.0215761 
v 0.00225995 0.06175 0.0518469 
v 0.013442 0.06175 0.0506124 
v 0.00279952 0.06175 0.055105 
v 0.0064672 0.06175 0.0642668 
v 0.0160974 0.06175 0.0584512 
v 0.00832494 0.06175 0.0669972 
v 0.0155006 0.06175 0.0737723 
v 0.030974 0.06175 0.0789579 
v 0.0342765 0.06175 0.0789525 
v 0.037559 0.06175 0.0785902 
v 0.0357209 0.06175 0.0674913 
v 0.049733 0.06175 0.0737167 
v 0.0434045 0.06175 0.0644154 
v 0.0416202 0.06175 0.0654929 
v 0.0523588 0.06175 0.0717138 
v 0.0276903 0.06175 0.0786062 
v 0.0294923 0.06175 0.0675014 
v 0.027456 0.06175 0.0670567 
v 0.0407831 0.06175 0.077875 
v 0.0377558 0.06175 0.0670399 
v 0.043911 0.06175 0.0768154 
v 0.03973 0.06175 0.0663712 
v 0.046906 0.06175 0.0754239 
v 0.0244639 0.06175 0.0779015 
vn -6.12323e-17 1 0 
vn -6.12323e-17 1 0 
vn -6.12323e-17 1 0 
vn -6.12323e-17 1 0 
vn -6.12323e-17 1 0 
vn -6.12323e-17 1 0 
vn -6.12323e-17 1 0 
vn -6.12323e-17 1 0 
vn -6.12323e-17 1 0 
vn -6.12323e-17 1 0 
vn -6.12323e-17 1 0 
vn -6.12323e-17 1 0 
vn -6.12323e-17 1 0 
vn -6.12323e-17 1 0 
vn -6.12323e-17 1 0 
vn -6.12323e-17 1 0 
vn -6.12323e-17 1 0 
vn -6.12323e-17 1 0 
vn -6.12323e-17 1 0 
vn -6.12323e-17 1 0 
vn -6.12323e-17 1 0 
vn -6.12323e-17 1 0 
vn -6.12323e-17 1 0 
vn -6.12323e-17 1 0 
vn -6.12323e-17 1 0 
vn -6.12323e-17 1 0 
vn -6.12323e-17 1 0 
vn -6.12323e-17 1 0 
vn -6.12323e-17 1 0 
vn -6.12323e-17 1 0 
vn -6.12323e-17 1 0 
vn -6.12323e-17 1 0 
vn -6.12323e-17 1 0 
vn -6.12323e-17 1 0 
vn -6.12323e-17 1 0 
vn -6.12323e-17 1 0 
vn -6.12323e-17 1 0 
vn -6.12323e-17 1 0 
vn -6.12323e-17 1 0 
vn -6.12323e-17 1 0 
vn -6.12323e-17 1 0 
vn -6.12323e-17 1 0 
vn -6.12323e-17 1 0 
vn -6.12323e-17 1 0 
vn -6.12323e-17 1 0 
vn -6.12323e-17 1 0 
vn -6.12323e-17 1 0 
vn -6.12323e-17 1 0 
vn -6.12323e-17 1 0 
vn -6.12323e-17 1 0 
vn -6.12323e-17 1 0 
vn -6.12323e-17 1 0 
vn -6.12323e-17 1 0 
vn -6.12323e-17 1 0 
vn -6.12323e-17 1 0 
vn -6.12323e-17 1 0 
vn -6.12323e-17 1 0 
vn -6.12323e-17 1 0 
vn -6.12323e-17 1 0 
vn -6.12323e-17 1 0 
vn -6.12323e-17 1 0 
vn -6.12323e-17 1 0 
vn -6.12323e-17 1 0 
vn -6.12323e-17 1 0 
vn -6.12323e-17 1 0 
vn -6.12323e-17 1 0 
vn -6.12323e-17 1 0 
vn -6.12323e-17 1 0 
vn -6.12323e-17 1 0 
vn -6.12323e-17 1 0 
vn -6.12323e-17 1 0 
vn -6.12323e-17 1 0 
vn -6.12323e-17 1 0 
vn -6.12323e-17 1 0 
vn -6.12323e-17 1 0 
vn -6.12323e-17 1 0 
vn -6.12323e-17 1 0 
vn -6.12323e-17 1 0 
vn -6.12323e-17 1 0 
vn -6.12323e-17 1 0 
vn -6.12323e-17 1 0 
vn -6.12323e-17 1 0 
vn -6.12323e-17 1 0 
vn -6.12323e-17 1 0 
vn -6.12323e-17 1 0 
vn -6.12323e-17 1 0 
vn -6.12323e-17 1 0 
vn -6.12323e-17 1 0 
vn -6.12323e-17 1 0 
vn -6.12323e-17 1 0 
vn -6.12323e-17 1 0 
vn -6.12323e-17 1 0 
vn -6.12323e-17 1 0 
vn -6.12323e-17 1 0 
vn -6.12323e-17 1 0 
vn -6.12323e-17 1 0 
vn -6.12323e-17 1 0 
vn -6.12323e-17 1 0 
vn -6.12323e-17 1 0 
vn -6.12323e-17 1 0 
vn -6.12323e-17 1 0 
vn -6.12323e-17 1 0 
vn -6.12323e-17 1 0 
vn -6.12323e-17 1 0 
vn -6.12323e-17 1 0 
vn -6.12323e-17 1 0 
vn -6.12323e-17 1 0 
vn -6.12323e-17 1 0 
vn -6.12323e-17 1 0 
vn -6.12323e-17 1 0 
vn -6.12323e-17 1 0 
vn -6.12323e-17 1 0 
vn -6.12323e-17 1 0 
vn -6.12323e-17 1 0 
vn -6.12323e-17 1 0 
vn -6.12323e-17 1 0 
vn -6.12323e-17 1 0 
f 4182//4182 4183//4183 4184//4184 
f 4185//4185 4186//4186 4183//4183 
f 4187//4187 4188//4188 4186//4186 
f 4187//4187 4189//4189 4190//4190 
f 4191//4191 4192//4192 4193//4193 
f 4192//4192 4194//4194 4195//4195 
f 4183//4183 4182//4182 4185//4185 
f 4190//4190 4188//4188 4187//4187 
f 4196//4196 4197//4197 4198//4198 
f 4196//4196 4199//4199 4200//4200 
f 4201//4201 4202//4202 4203//4203 
f 4201//4201 4204//4204 4205//4205 
f 4191//4191 4206//4206 4207//4207 
f 4195//4195 4193//4193 4192//4192 
f 4208//4208 4209//4209 4210//4210 
f 4208//4208 4211//4211 4184//4184 
f 4186//4186 4185//4185 4187//4187 
f 4212//4212 4213//4213 4190//4190 
f 4214//4214 4215//4215 4216//4216 
f 4217//4217 4218//4218 4215//4215 
f 4219//4219 4220//4220 4221//4221 
f 4219//4219 4222//4222 4223//4223 
f 4224//4224 4198//4198 4225//4225 
f 4200//4200 4197//4197 4196//4196 
f 4199//4199 4226//4226 4227//4227 
f 4226//4226 4228//4228 4203//4203 
f 4205//4205 4202//4202 4201//4201 
f 4229//4229 4230//4230 4205//4205 
f 4231//4231 4207//4207 4230//4230 
f 4193//4193 4206//4206 4191//4191 
f 4184//4184 4209//4209 4208//4208 
f 4190//4190 4189//4189 4212//4212 
f 4215//4215 4214//4214 4217//4217 
f 4232//4232 4233//4233 4218//4218 
f 4234//4234 4235//4235 4233//4233 
f 4234//4234 4236//4236 4237//4237 
f 4238//4238 4239//4239 4240//4240 
f 4238//4238 4241//4241 4221//4221 
f 4223//4223 4220//4220 4219//4219 
f 4222//4222 4242//4242 4225//4225 
f 4198//4198 4224//4224 4196//4196 
f 4203//4203 4227//4227 4226//4226 
f 4205//4205 4204//4204 4229//4229 
f 4207//4207 4231//4231 4191//4191 
f 4243//4243 4244//4244 4245//4245 
f 4246//4246 4247//4247 4244//4244 
f 4248//4248 4249//4249 4250//4250 
f 4248//4248 4251//4251 4252//4252 
f 4251//4251 4253//4253 4210//4210 
f 4184//4184 4211//4211 4182//4182 
f 4254//4254 4255//4255 4256//4256 
f 4254//4254 4257//4257 4258//4258 
f 4259//4259 4260//4260 4261//4261 
f 4259//4259 4262//4262 4263//4263 
f 4264//4264 4265//4265 4266//4266 
f 4264//4264 4267//4267 4268//4268 
f 4269//4269 4270//4270 4271//4271 
f 4218//4218 4217//4217 4232//4232 
f 4237//4237 4235//4235 4234//4234 
f 4272//4272 4240//4240 4237//4237 
f 4221//4221 4239//4239 4238//4238 
f 4225//4225 4223//4223 4222//4222 
f 4227//4227 4200//4200 4199//4199 
f 4230//4230 4229//4229 4231//4231 
f 4273//4273 4245//4245 4195//4195 
f 4244//4244 4243//4243 4246//4246 
f 4246//4246 4274//4274 4250//4250 
f 4252//4252 4249//4249 4248//4248 
f 4210//4210 4253//4253 4208//4208 
f 4212//4212 4275//4275 4276//4276 
f 4275//4275 4277//4277 4256//4256 
f 4258//4258 4255//4255 4254//4254 
f 4257//4257 4278//4278 4279//4279 
f 4280//4280 4261//4261 4279//4279 
f 4263//4263 4260//4260 4259//4259 
f 4281//4281 4266//4266 4263//4263 
f 4268//4268 4265//4265 4264//4264 
f 4270//4270 4282//4282 4271//4271 
f 4283//4283 4284//4284 4285//4285 
f 4286//4286 4287//4287 4288//4288 
f 4286//4286 4289//4289 4216//4216 
f 4233//4233 4232//4232 4234//4234 
f 4240//4240 4272//4272 4238//4238 
f 4225//4225 4242//4242 4224//4224 
f 4195//4195 4194//4194 4273//4273 
f 4250//4250 4247//4247 4246//4246 
f 4210//4210 4252//4252 4251//4251 
f 4256//4256 4276//4276 4275//4275 
f 4279//4279 4258//4258 4257//4257 
f 4261//4261 4280//4280 4259//4259 
f 4266//4266 4281//4281 4264//4264 
f 4290//4290 4291//4291 4292//4292 
f 4290//4290 4282//4282 4270//4270 
f 4285//4285 4269//4269 4283//4283 
f 4284//4284 4293//4293 4294//4294 
f 4295//4295 4296//4296 4294//4294 
f 4295//4295 4297//4297 4288//4288 
f 4216//4216 4287//4287 4286//4286 
f 4237//4237 4236//4236 4272//4272 
f 4203//4203 4228//4228 4201//4201 
f 4250//4250 4274//4274 4248//4248 
f 4256//4256 4277//4277 4254//4254 
f 4263//4263 4262//4262 4281//4281 
f 4298//4298 4292//4292 4268//4268 
f 4270//4270 4291//4291 4290//4290 
f 4294//4294 4285//4285 4284//4284 
f 4288//4288 4296//4296 4295//4295 
f 4216//4216 4289//4289 4214//4214 
f 4245//4245 4273//4273 4243//4243 
f 4279//4279 4278//4278 4280//4280 
f 4292//4292 4298//4298 4290//4290 
f 4294//4294 4293//4293 4295//4295 
f 4221//4221 4241//4241 4219//4219 
f 4268//4268 4267//4267 4298//4298 
f 4288//4288 4297//4297 4286//4286 
f 4271//4271 4283//4283 4269//4269 
f 4276//4276 4213//4213 4212//4212 
v 0.013442 0.0635 0.0506124 
v 0.013442 0.06175 0.0506124 
v 0.0137826 0.06175 0.0526687 
v 0.0137826 0.0635 0.0526687 
v 0.0143434 0.06175 0.0546762 
v 0.0143434 0.0635 0.0546762 
v 0.0151181 0.06175 0.0566112 
v 0.0151181 0.0635 0.0566112 
v 0.0160974 0.06175 0.0584512 
v 0.0160974 0.0635 0.0584512 
v 0.0172699 0.06175 0.0601745 
v 0.0172699 0.0635 0.0601745 
v 0.0186219 0.06175 0.0617609 
v 0.0186219 0.0635 0.0617609 
v 0.0201374 0.06175 0.0631919 
v 0.0201374 0.0635 0.0631919 
v 0.0217988 0.06175 0.0644505 
v 0.0217988 0.0635 0.0644505 
v 0.0235865 0.06175 0.0655222 
v 0.0235865 0.0635 0.0655222 
v 0.0254797 0.06175 0.0663944 
v 0.0254797 0.0635 0.0663944 
v 0.027456 0.06175 0.0670567 
v 0.027456 0.0635 0.0670567 
v 0.0294923 0.06175 0.0675014 
v 0.0294923 0.0635 0.0675014 
v 0.0315648 0.06175 0.0677234 
v 0.0336492 0.06175 0.06772 
v 0.0336492 0.0635 0.06772 
v 0.0325758 0.0635 0.06775 
v 0.0357209 0.06175 0.0674913 
v 0.0357209 0.0635 0.0674913 
v 0.0377558 0.06175 0.0670399 
v 0.0377558 0.0635 0.0670399 
v 0.03973 0.06175 0.0663712 
v 0.03973 0.0635 0.0663712 
v 0.0416202 0.06175 0.0654929 
v 0.0416202 0.0635 0.0654929 
v 0.0434045 0.06175 0.0644154 
v 0.0434045 0.0635 0.0644154 
v 0.0450618 0.06175 0.0631513 
v 0.0450618 0.0635 0.0631513 
v 0.0465727 0.06175 0.0617155 
v 0.0465727 0.0635 0.0617155 
v 0.0479195 0.06175 0.0601247 
v 0.0479195 0.0635 0.0601247 
v 0.0490864 0.06175 0.0583976 
v 0.0490864 0.0635 0.0583976 
v 0.0500597 0.06175 0.0565545 
v 0.0500597 0.0635 0.0565545 
v 0.050828 0.06175 0.0546169 
v 0.050828 0.0635 0.0546169 
v 0.0513824 0.06175 0.0526076 
v 0.0513824 0.0635 0.0526076 
v 0.0517163 0.06175 0.0505502 
v 0.0517163 0.0635 0.0505502 
v 0.0518257 0.06175 0.0484687 
v 0.0518257 0.0635 0.0484687 
v 0.0517095 0.06175 0.0463876 
v 0.0517095 0.0635 0.0463876 
v 0.051369 0.06175 0.0443313 
v 0.051369 0.0635 0.0443313 
v 0.0508081 0.06175 0.0423238 
v 0.0508081 0.0635 0.0423238 
v 0.0500334 0.06175 0.0403888 
v 0.0500334 0.0635 0.0403888 
v 0.0490541 0.06175 0.0385488 
v 0.0490541 0.0635 0.0385488 
v 0.0478816 0.06175 0.0368255 
v 0.0478816 0.0635 0.0368255 
v 0.0465296 0.06175 0.0352391 
v 0.0465296 0.0635 0.0352391 
v 0.0450141 0.06175 0.0338081 
v 0.0450141 0.0635 0.0338081 
v 0.0433527 0.06175 0.0325495 
v 0.0433527 0.0635 0.0325495 
v 0.041565 0.06175 0.0314778 
v 0.041565 0.0635 0.0314778 
v 0.0396718 0.06175 0.0306056 
v 0.0396718 0.0635 0.0306056 
v 0.0376955 0.06175 0.0299433 
v 0.0376955 0.0635 0.0299433 
v 0.0356592 0.06175 0.0294986 
v 0.0356592 0.0635 0.0294986 
v 0.0335867 0.06175 0.0292766 
v 0.0335867 0.0635 0.0292766 
v 0.0315024 0.06175 0.02928 
v 0.0315024 0.0635 0.02928 
v 0.0294306 0.06175 0.0295087 
v 0.0294306 0.0635 0.0295087 
v 0.0273957 0.06175 0.0299601 
v 0.0273957 0.0635 0.0299601 
v 0.0254215 0.06175 0.0306288 
v 0.0254215 0.0635 0.0306288 
v 0.0235313 0.06175 0.0315071 
v 0.0235313 0.0635 0.0315071 
v 0.021747 0.06175 0.0325846 
v 0.021747 0.0635 0.0325846 
v 0.0200897 0.06175 0.0338487 
v 0.0200897 0.0635 0.0338487 
v 0.0185789 0.06175 0.0352845 
v 0.0185789 0.0635 0.0352845 
v 0.0172321 0.06175 0.0368753 
v 0.0172321 0.0635 0.0368753 
v 0.0160652 0.06175 0.0386024 
v 0.0160652 0.0635 0.0386024 
v 0.0150918 0.06175 0.0404455 
v 0.0150918 0.0635 0.0404455 
v 0.0143235 0.06175 0.0423831 
v 0.0143235 0.0635 0.0423831 
v 0.0137691 0.06175 0.0443924 
v 0.0137691 0.0635 0.0443924 
v 0.0134352 0.06175 0.0464498 
v 0.0134352 0.0635 0.0464498 
v 0.0133258 0.06175 0.0485313 
v 0.0133258 0.0635 0.0485313 
v 0.0315648 0.0635 0.0677234 
vn -0.993961 -6.08626e-17 0.109734 
vn -0.993961 -6.08626e-17 0.109734 
vn -0.97627 -5.97793e-17 0.216557 
vn -0.97627 -5.97793e-17 0.216557 
vn -0.947133 -5.79952e-17 0.320841 
vn -0.947133 -5.79952e-17 0.320841 
vn -0.906892 -5.55311e-17 0.421363 
vn -0.906892 -5.55311e-17 0.421363 
vn -0.856018 -5.2416e-17 0.516946 
vn -0.856018 -5.2416e-17 0.516946 
vn -0.795109 -4.86864e-17 0.606467 
vn -0.795109 -4.86864e-17 0.606467 
vn -0.724877 -4.43859e-17 0.688878 
vn -0.724877 -4.43859e-17 0.688878 
vn -0.646147 -3.95651e-17 0.763213 
vn -0.646147 -3.95651e-17 0.763213 
vn -0.559841 -3.42804e-17 0.8286 
vn -0.559841 -3.42804e-17 0.8286 
vn -0.466972 -2.85938e-17 0.884272 
vn -0.466972 -2.85938e-17 0.884272 
vn -0.368628 -2.2572e-17 0.929577 
vn -0.368628 -2.2572e-17 0.929577 
vn -0.265962 -1.62855e-17 0.963983 
vn -0.265962 -1.62855e-17 0.963983 
vn -0.160178 -9.80809e-18 0.987088 
vn -0.160178 -9.80809e-18 0.987088 
vn -0.0525163 -3.21569e-18 0.99862 
vn 0.0557614 3.4144e-18 0.998444 
vn 0.0557614 3.4144e-18 0.998444 
vn -1.21025e-18 0 1 
vn 0.163385 1.00045e-17 0.986562 
vn 0.163385 1.00045e-17 0.986562 
vn 0.269094 1.64772e-17 0.963114 
vn 0.269094 1.64772e-17 0.963114 
vn 0.371647 2.27568e-17 0.928374 
vn 0.371647 2.27568e-17 0.928374 
vn 0.469843 2.87696e-17 0.88275 
vn 0.469843 2.87696e-17 0.88275 
vn 0.562531 3.44451e-17 0.826776 
vn 0.562531 3.44451e-17 0.826776 
vn 0.648624 3.97168e-17 0.761109 
vn 0.648624 3.97168e-17 0.761109 
vn 0.727112 4.45228e-17 0.686519 
vn 0.727112 4.45228e-17 0.686519 
vn 0.797075 4.88068e-17 0.60388 
vn 0.797075 4.88068e-17 0.60388 
vn 0.857694 5.25186e-17 0.514161 
vn 0.857694 5.25186e-17 0.514161 
vn 0.908257 5.56147e-17 0.418414 
vn 0.908257 5.56147e-17 0.418414 
vn 0.948171 5.80587e-17 0.317761 
vn 0.948171 5.80587e-17 0.317761 
vn 0.976969 5.98221e-17 0.213383 
vn 0.976969 5.98221e-17 0.213383 
vn 0.994312 6.08841e-17 0.106503 
vn 0.994312 6.08841e-17 0.106503 
vn 0.999999 6.12323e-17 -0.00162496 
vn 0.999999 6.12323e-17 -0.00162496 
vn 0.993961 6.75866e-17 -0.109734 
vn 0.993961 6.75866e-17 -0.109734 
vn 0.97627 5.97793e-17 -0.216557 
vn 0.97627 5.97793e-17 -0.216557 
vn 0.947133 5.79952e-17 -0.320841 
vn 0.947133 5.79952e-17 -0.320841 
vn 0.906892 5.55311e-17 -0.421363 
vn 0.906892 5.55311e-17 -0.421363 
vn 0.856018 5.2416e-17 -0.516946 
vn 0.856018 5.2416e-17 -0.516946 
vn 0.795109 4.86864e-17 -0.606467 
vn 0.795109 4.86864e-17 -0.606467 
vn 0.724877 4.43859e-17 -0.688878 
vn 0.724877 4.43859e-17 -0.688878 
vn 0.646147 3.95651e-17 -0.763213 
vn 0.646147 3.95651e-17 -0.763213 
vn 0.559841 3.42804e-17 -0.8286 
vn 0.559841 3.42804e-17 -0.8286 
vn 0.466972 2.85938e-17 -0.884272 
vn 0.466972 2.85938e-17 -0.884272 
vn 0.368628 2.2572e-17 -0.929577 
vn 0.368628 2.2572e-17 -0.929577 
vn 0.265962 1.62855e-17 -0.963983 
vn 0.265962 1.62855e-17 -0.963983 
vn 0.160178 9.80809e-18 -0.987088 
vn 0.160178 9.80809e-18 -0.987088 
vn 0.0525163 3.21569e-18 -0.99862 
vn 0.0525163 3.21569e-18 -0.99862 
vn -0.0557614 -3.4144e-18 -0.998444 
vn -0.0557614 -3.4144e-18 -0.998444 
vn -0.163385 -1.00045e-17 -0.986562 
vn -0.163385 -1.00045e-17 -0.986562 
vn -0.269094 -1.64772e-17 -0.963114 
vn -0.269094 -1.64772e-17 -0.963114 
vn -0.371647 -2.27568e-17 -0.928374 
vn -0.371647 -2.27568e-17 -0.928374 
vn -0.469843 -2.87696e-17 -0.88275 
vn -0.469843 -2.87696e-17 -0.88275 
vn -0.562531 -3.44451e-17 -0.826776 
vn -0.562531 -3.44451e-17 -0.826776 
vn -0.648624 -3.97168e-17 -0.761109 
vn -0.648624 -3.97168e-17 -0.761109 
vn -0.727112 -4.45228e-17 -0.686519 
vn -0.727112 -4.45228e-17 -0.686519 
vn -0.797075 -4.88068e-17 -0.60388 
vn -0.797075 -4.88068e-17 -0.60388 
vn -0.857694 -5.25186e-17 -0.514161 
vn -0.857694 -5.25186e-17 -0.514161 
vn -0.908257 -5.56147e-17 -0.418414 
vn -0.908257 -5.56147e-17 -0.418414 
vn -0.948171 -5.80587e-17 -0.317761 
vn -0.948171 -5.80587e-17 -0.317761 
vn -0.976969 -5.98221e-17 -0.213383 
vn -0.976969 -5.98221e-17 -0.213383 
vn -0.994312 -6.08841e-17 -0.106503 
vn -0.994312 -6.08841e-17 -0.106503 
vn -0.999999 -6.12323e-17 0.00162496 
vn -0.999999 -6.12323e-17 0.00162496 
vn -0.0525163 -3.21569e-18 0.99862 
f 4299//4299 4300//4300 4301//4301 
f 4302//4302 4301//4301 4303//4303 
f 4304//4304 4303//4303 4305//4305 
f 4306//4306 4305//4305 4307//4307 
f 4308//4308 4307//4307 4309//4309 
f 4310//4310 4309//4309 4311//4311 
f 4312//4312 4311//4311 4313//4313 
f 4314//4314 4313//4313 4315//4315 
f 4316//4316 4315//4315 4317//4317 
f 4318//4318 4317//4317 4319//4319 
f 4320//4320 4319//4319 4321//4321 
f 4322//4322 4321//4321 4323//4323 
f 4324//4324 4323//4323 4325//4325 
f 4326//4326 4327//4327 4328//4328 
f 4328//4328 4325//4325 4326//4326 
f 4327//4327 4326//4326 4329//4329 
f 4330//4330 4329//4329 4331//4331 
f 4332//4332 4331//4331 4333//4333 
f 4334//4334 4333//4333 4335//4335 
f 4336//4336 4335//4335 4337//4337 
f 4338//4338 4337//4337 4339//4339 
f 4340//4340 4339//4339 4341//4341 
f 4342//4342 4341//4341 4343//4343 
f 4344//4344 4343//4343 4345//4345 
f 4346//4346 4345//4345 4347//4347 
f 4348//4348 4347//4347 4349//4349 
f 4350//4350 4349//4349 4351//4351 
f 4352//4352 4351//4351 4353//4353 
f 4354//4354 4353//4353 4355//4355 
f 4356//4356 4355//4355 4357//4357 
f 4358//4358 4357//4357 4359//4359 
f 4360//4360 4359//4359 4361//4361 
f 4362//4362 4361//4361 4363//4363 
f 4364//4364 4363//4363 4365//4365 
f 4366//4366 4365//4365 4367//4367 
f 4368//4368 4367//4367 4369//4369 
f 4370//4370 4369//4369 4371//4371 
f 4372//4372 4371//4371 4373//4373 
f 4374//4374 4373//4373 4375//4375 
f 4376//4376 4375//4375 4377//4377 
f 4378//4378 4377//4377 4379//4379 
f 4380//4380 4379//4379 4381//4381 
f 4382//4382 4381//4381 4383//4383 
f 4384//4384 4383//4383 4385//4385 
f 4386//4386 4385//4385 4387//4387 
f 4388//4388 4387//4387 4389//4389 
f 4390//4390 4389//4389 4391//4391 
f 4392//4392 4391//4391 4393//4393 
f 4394//4394 4393//4393 4395//4395 
f 4396//4396 4395//4395 4397//4397 
f 4398//4398 4397//4397 4399//4399 
f 4400//4400 4399//4399 4401//4401 
f 4402//4402 4401//4401 4403//4403 
f 4404//4404 4403//4403 4405//4405 
f 4406//4406 4405//4405 4407//4407 
f 4408//4408 4407//4407 4409//4409 
f 4410//4410 4409//4409 4411//4411 
f 4412//4412 4411//4411 4413//4413 
f 4414//4414 4413//4413 4300//4300 
f 4300//4300 4299//4299 4414//4414 
f 4413//4413 4414//4414 4412//4412 
f 4411//4411 4412//4412 4410//4410 
f 4409//4409 4410//4410 4408//4408 
f 4407//4407 4408//4408 4406//4406 
f 4405//4405 4406//4406 4404//4404 
f 4403//4403 4404//4404 4402//4402 
f 4401//4401 4402//4402 4400//4400 
f 4399//4399 4400//4400 4398//4398 
f 4397//4397 4398//4398 4396//4396 
f 4395//4395 4396//4396 4394//4394 
f 4393//4393 4394//4394 4392//4392 
f 4391//4391 4392//4392 4390//4390 
f 4389//4389 4390//4390 4388//4388 
f 4387//4387 4388//4388 4386//4386 
f 4385//4385 4386//4386 4384//4384 
f 4383//4383 4384//4384 4382//4382 
f 4381//4381 4382//4382 4380//4380 
f 4379//4379 4380//4380 4378//4378 
f 4377//4377 4378//4378 4376//4376 
f 4375//4375 4376//4376 4374//4374 
f 4373//4373 4374//4374 4372//4372 
f 4371//4371 4372//4372 4370//4370 
f 4369//4369 4370//4370 4368//4368 
f 4367//4367 4368//4368 4366//4366 
f 4365//4365 4366//4366 4364//4364 
f 4363//4363 4364//4364 4362//4362 
f 4361//4361 4362//4362 4360//4360 
f 4359//4359 4360//4360 4358//4358 
f 4357//4357 4358//4358 4356//4356 
f 4355//4355 4356//4356 4354//4354 
f 4353//4353 4354//4354 4352//4352 
f 4351//4351 4352//4352 4350//4350 
f 4349//4349 4350//4350 4348//4348 
f 4347//4347 4348//4348 4346//4346 
f 4345//4345 4346//4346 4344//4344 
f 4343//4343 4344//4344 4342//4342 
f 4341//4341 4342//4342 4340//4340 
f 4339//4339 4340//4340 4338//4338 
f 4337//4337 4338//4338 4336//4336 
f 4335//4335 4336//4336 4334//4334 
f 4333//4333 4334//4334 4332//4332 
f 4331//4331 4332//4332 4330//4330 
f 4329//4329 4330//4330 4327//4327 
f 4328//4328 4415//4415 4325//4325 
f 4325//4325 4415//4415 4324//4324 
f 4323//4323 4324//4324 4322//4322 
f 4321//4321 4322//4322 4320//4320 
f 4319//4319 4320//4320 4318//4318 
f 4317//4317 4318//4318 4316//4316 
f 4315//4315 4316//4316 4314//4314 
f 4313//4313 4314//4314 4312//4312 
f 4311//4311 4312//4312 4310//4310 
f 4309//4309 4310//4310 4308//4308 
f 4307//4307 4308//4308 4306//4306 
f 4305//4305 4306//4306 4304//4304 
f 4303//4303 4304//4304 4302//4302 
f 4301//4301 4302//4302 4299//4299 
v 0.0325758 0.0635 0.0485 
v 0.0336492 0.0635 0.06772 
v 0.0357209 0.0635 0.0674913 
v 0.0377558 0.0635 0.0670399 
v 0.03973 0.0635 0.0663712 
v 0.0416202 0.0635 0.0654929 
v 0.0434045 0.0635 0.0644154 
v 0.0450618 0.0635 0.0631513 
v 0.0465727 0.0635 0.0617155 
v 0.0479195 0.0635 0.0601247 
v 0.0490864 0.0635 0.0583976 
v 0.0500597 0.0635 0.0565545 
v 0.050828 0.0635 0.0546169 
v 0.0513824 0.0635 0.0526076 
v 0.0517163 0.0635 0.0505502 
v 0.0518257 0.0635 0.0484687 
v 0.0517095 0.0635 0.0463876 
v 0.051369 0.0635 0.0443313 
v 0.0508081 0.0635 0.0423238 
v 0.0500334 0.0635 0.0403888 
v 0.0490541 0.0635 0.0385488 
v 0.0478816 0.0635 0.0368255 
v 0.0465296 0.0635 0.0352391 
v 0.0450141 0.0635 0.0338081 
v 0.0433527 0.0635 0.0325495 
v 0.041565 0.0635 0.0314778 
v 0.0396718 0.0635 0.0306056 
v 0.0376955 0.0635 0.0299433 
v 0.0356592 0.0635 0.0294986 
v 0.0335867 0.0635 0.0292766 
v 0.0315024 0.0635 0.02928 
v 0.0294306 0.0635 0.0295087 
v 0.0273957 0.0635 0.0299601 
v 0.0254215 0.0635 0.0306288 
v 0.0235313 0.0635 0.0315071 
v 0.021747 0.0635 0.0325846 
v 0.0200897 0.0635 0.0338487 
v 0.0185789 0.0635 0.0352845 
v 0.0172321 0.0635 0.0368753 
v 0.0160652 0.0635 0.0386024 
v 0.0150918 0.0635 0.0404455 
v 0.0143235 0.0635 0.0423831 
v 0.0137691 0.0635 0.0443924 
v 0.0134352 0.0635 0.0464498 
v 0.0133258 0.0635 0.0485313 
v 0.013442 0.0635 0.0506124 
v 0.0137826 0.0635 0.0526687 
v 0.0143434 0.0635 0.0546762 
v 0.0151181 0.0635 0.0566112 
v 0.0160974 0.0635 0.0584512 
v 0.0172699 0.0635 0.0601745 
v 0.0186219 0.0635 0.0617609 
v 0.0201374 0.0635 0.0631919 
v 0.0217988 0.0635 0.0644505 
v 0.0235865 0.0635 0.0655222 
v 0.0254797 0.0635 0.0663944 
v 0.027456 0.0635 0.0670567 
v 0.0294923 0.0635 0.0675014 
v 0.0315648 0.0635 0.0677234 
v 0.0325758 0.0635 0.06775 
vn -6.12323e-17 1 0 
vn -6.12323e-17 1 0 
vn -6.12323e-17 1 0 
vn -6.12323e-17 1 0 
vn -6.12323e-17 1 0 
vn -6.12323e-17 1 0 
vn -6.12323e-17 1 0 
vn -6.12323e-17 1 0 
vn -6.12323e-17 1 0 
vn -6.12323e-17 1 0 
vn -6.12323e-17 1 0 
vn -6.12323e-17 1 0 
vn -6.12323e-17 1 0 
vn -6.12323e-17 1 0 
vn -6.12323e-17 1 0 
vn -6.12323e-17 1 0 
vn -6.12323e-17 1 0 
vn -6.12323e-17 1 0 
vn -6.12323e-17 1 0 
vn -6.12323e-17 1 0 
vn -6.12323e-17 1 0 
vn -6.12323e-17 1 0 
vn -6.12323e-17 1 0 
vn -6.12323e-17 1 0 
vn -6.12323e-17 1 0 
vn -6.12323e-17 1 0 
vn -6.12323e-17 1 0 
vn -6.12323e-17 1 0 
vn -6.12323e-17 1 0 
vn -6.12323e-17 1 0 
vn -6.12323e-17 1 0 
vn -6.12323e-17 1 0 
vn -6.12323e-17 1 0 
vn -6.12323e-17 1 0 
vn -6.12323e-17 1 0 
vn -6.12323e-17 1 0 
vn -6.12323e-17 1 0 
vn -6.12323e-17 1 0 
vn -6.12323e-17 1 0 
vn -6.12323e-17 1 0 
vn -6.12323e-17 1 0 
vn -6.12323e-17 1 0 
vn -6.12323e-17 1 0 
vn -6.12323e-17 1 0 
vn -6.12323e-17 1 0 
vn -6.12323e-17 1 0 
vn -6.12323e-17 1 0 
vn -6.12323e-17 1 0 
vn -6.12323e-17 1 0 
vn -6.12323e-17 1 0 
vn -6.12323e-17 1 0 
vn -6.12323e-17 1 0 
vn -6.12323e-17 1 0 
vn -6.12323e-17 1 0 
vn -6.12323e-17 1 0 
vn -6.12323e-17 1 0 
vn -6.12323e-17 1 0 
vn -6.12323e-17 1 0 
vn -6.12323e-17 1 0 
vn -6.12323e-17 1 0 
f 4416//4416 4417//4417 4418//4418 
f 4418//4418 4419//4419 4416//4416 
f 4419//4419 4420//4420 4416//4416 
f 4420//4420 4421//4421 4416//4416 
f 4421//4421 4422//4422 4416//4416 
f 4422//4422 4423//4423 4416//4416 
f 4423//4423 4424//4424 4416//4416 
f 4424//4424 4425//4425 4416//4416 
f 4425//4425 4426//4426 4416//4416 
f 4426//4426 4427//4427 4416//4416 
f 4427//4427 4428//4428 4416//4416 
f 4428//4428 4429//4429 4416//4416 
f 4429//4429 4430//4430 4416//4416 
f 4430//4430 4431//4431 4416//4416 
f 4431//4431 4432//4432 4416//4416 
f 4432//4432 4433//4433 4416//4416 
f 4433//4433 4434//4434 4416//4416 
f 4434//4434 4435//4435 4416//4416 
f 4435//4435 4436//4436 4416//4416 
f 4436//4436 4437//4437 4416//4416 
f 4437//4437 4438//4438 4416//4416 
f 4438//4438 4439//4439 4416//4416 
f 4439//4439 4440//4440 4416//4416 
f 4440//4440 4441//4441 4416//4416 
f 4441//4441 4442//4442 4416//4416 
f 4442//4442 4443//4443 4416//4416 
f 4443//4443 4444//4444 4416//4416 
f 4444//4444 4445//4445 4416//4416 
f 4445//4445 4446//4446 4416//4416 
f 4446//4446 4447//4447 4416//4416 
f 4447//4447 4448//4448 4416//4416 
f 4448//4448 4449//4449 4416//4416 
f 4449//4449 4450//4450 4416//4416 
f 4450//4450 4451//4451 4416//4416 
f 4451//4451 4452//4452 4416//4416 
f 4452//4452 4453//4453 4416//4416 
f 4453//4453 4454//4454 4416//4416 
f 4454//4454 4455//4455 4416//4416 
f 4455//4455 4456//4456 4416//4416 
f 4456//4456 4457//4457 4416//4416 
f 4457//4457 4458//4458 4416//4416 
f 4458//4458 4459//4459 4416//4416 
f 4459//4459 4460//4460 4416//4416 
f 4460//4460 4461//4461 4416//4416 
f 4461//4461 4462//4462 4416//4416 
f 4462//4462 4463//4463 4416//4416 
f 4463//4463 4464//4464 4416//4416 
f 4464//4464 4465//4465 4416//4416 
f 4465//4465 4466//4466 4416//4416 
f 4466//4466 4467//4467 4416//4416 
f 4467//4467 4468//4468 4416//4416 
f 4468//4468 4469//4469 4416//4416 
f 4469//4469 4470//4470 4416//4416 
f 4470//4470 4471//4471 4416//4416 
f 4471//4471 4472//4472 4416//4416 
f 4472//4472 4473//4473 4416//4416 
f 4473//4473 4474//4474 4416//4416 
f 4474//4474 4475//4475 4416//4416 
f 4475//4475 4417//4417 4416//4416 
v -0.0138512 0.04975 0.0417438 
v -0.0139717 0.04975 0.0408809 
v -0.0139663 0.04175 0.0409565 
v -0.0139697 0.04175 0.0408808 
v -0.0136377 0.04975 0.0425884 
v -0.0138521 0.04175 0.0417573 
v -0.0136552 0.04175 0.0425438 
v -0.013854 0.04175 0.0417441 
v -0.0133336 0.04975 0.0434048 
v -0.0134242 0.04175 0.0431895 
v -0.0134122 0.04175 0.0432216 
v -0.0133992 0.04175 0.0432604 
v -0.013639 0.04175 0.0425889 
v -0.013308 0.04175 0.0434912 
v -0.0131961 0.04175 0.0437129 
v -0.0130388 0.04975 0.0440102 
v -0.013341 0.04175 0.0434077 
v -0.014 0.04975 0.0402081 
v -0.014 0.0427 0.0402081 
v -0.0139994 0.04175 0.0402081 
v -0.0130388 0.04175 0.0440102 
vn -0.981404 -6.00937e-17 0.191951 
vn -0.996458 -6.10154e-17 0.0840941 
vn -0.995617 0 0.0935281 
vn -0.996457 0 0.084104 
vn -0.954712 -5.84592e-17 0.297532 
vn -0.981089 0 0.193558 
vn -0.956472 0 0.291823 
vn -0.981408 0 0.191934 
vn -0.916697 -5.61315e-17 0.399584 
vn -0.927974 0 0.372645 
vn -0.926368 0 0.376619 
vn -0.924436 0 0.381338 
vn -0.95471 0 0.297539 
vn -0.912181 0 0.409787 
vn -0.89904 0 0.437866 
vn -0.879847 0 0.475257 
vn -0.916711 0 0.399552 
vn -1 0 0 
vn -1 0 0 
vn -1 0 -2.85266e-06 
vn -0.879847 0 0.475257 
f 4476//4476 4477//4477 4478//4478 
f 4477//4477 4479//4479 4478//4478 
f 4480//4480 4481//4481 4482//4482 
f 4476//4476 4483//4483 4481//4481 
f 4481//4481 4480//4480 4476//4476 
f 4484//4484 4485//4485 4486//4486 
f 4486//4486 4487//4487 4484//4484 
f 4480//4480 4488//4488 4485//4485 
f 4485//4485 4484//4484 4480//4480 
f 4484//4484 4489//4489 4490//4490 
f 4490//4490 4491//4491 4484//4484 
f 4484//4484 4492//4492 4489//4489 
f 4477//4477 4493//4493 4494//4494 
f 4494//4494 4479//4479 4477//4477 
f 4494//4494 4495//4495 4479//4479 
f 4490//4490 4496//4496 4491//4491 
f 4487//4487 4492//4492 4484//4484 
f 4482//4482 4488//4488 4480//4480 
f 4478//4478 4483//4483 4476//4476 
v -0.0137942 0.04175 0.0418626 
v -0.013854 0.04175 0.0417441 
v -0.0139663 0.04175 0.0409565 
v -0.013639 0.04175 0.0425889 
v -0.0136552 0.04175 0.0425438 
v -0.0139529 0.04175 0.040855 
v -0.0135374 0.04175 0.0428419 
v -0.0138521 0.04175 0.0417573 
v -0.0139697 0.04175 0.0408808 
v -0.0139994 0.04175 0.0402081 
v -0.0134242 0.04175 0.0431895 
vn 6.12323e-17 -1 0 
vn 6.12323e-17 -1 0 
vn 6.12323e-17 -1 0 
vn 6.12323e-17 -1 0 
vn 6.12323e-17 -1 0 
vn 6.12323e-17 -1 0 
vn 6.12323e-17 -1 0 
vn 6.12323e-17 -1 0 
vn 6.12323e-17 -1 0 
vn 6.12323e-17 -1 0 
vn 6.12323e-17 -1 0 
f 4497//4497 4498//4498 4499//4499 
f 4497//4497 4500//4500 4501//4501 
f 4499//4499 4502//4502 4497//4497 
f 4497//4497 4503//4503 4500//4500 
f 4497//4497 4504//4504 4498//4498 
f 4501//4501 4504//4504 4497//4497 
f 4505//4505 4506//4506 4502//4502 
f 4499//4499 4505//4505 4502//4502 
f 4503//4503 4507//4507 4500//4500 
v -0.0135225 0.0417 0.0428871 
v -0.0133992 0.0417 0.0432604 
v -0.0134242 0.04175 0.0431895 
v -0.0135374 0.04175 0.0428419 
v -0.0135374 0.0417 0.0428419 
v -0.0134122 0.04175 0.0432216 
v -0.0133992 0.04175 0.0432604 
v -0.0136221 0.0417 0.0425191 
v -0.0135626 0.0417 0.0427457 
v -0.0137942 0.04175 0.0418626 
v -0.0137204 0.0417 0.0421441 
v -0.0137942 0.0417 0.0418626 
v -0.0138726 0.0417 0.0413652 
v -0.0138102 0.0417 0.0417611 
v -0.0139529 0.04175 0.040855 
v -0.0139367 0.0417 0.0409579 
v -0.0139529 0.0417 0.040855 
v -0.014003 0.04175 0.0398277 
v -0.014006 0.0417 0.0398277 
v -0.013992 0.0417 0.0400978 
v -0.0139994 0.04175 0.0402081 
v -0.0139694 0.0417 0.040536 
vn -0.953772 -5.84017e-17 0.300533 
vn -0.943973 -5.78017e-17 0.330023 
vn -0.945855 -5.79169e-17 0.324589 
vn -0.954947 -5.84736e-17 0.296776 
vn -0.954947 -5.84736e-17 0.296776 
vn -0.944997 -5.78644e-17 0.327079 
vn -0.943973 -5.78017e-17 0.330023 
vn -0.963052 -5.89699e-17 0.269316 
vn -0.957386 -5.8623e-17 0.288813 
vn -0.978312 -5.99043e-17 0.207138 
vn -0.972036 -5.952e-17 0.234832 
vn -0.978312 -5.99043e-17 0.207138 
vn -0.987715 -6.04801e-17 0.156263 
vn -0.980406 -6.00325e-17 0.196988 
vn -0.994617 -6.09027e-17 0.103622 
vn -0.993455 -6.08315e-17 0.114228 
vn -0.994617 -6.09027e-17 0.103622 
vn -1 -6.12323e-17 0 
vn -1 -6.12323e-17 0 
vn -0.999638 -6.12102e-17 0.0268936 
vn -0.999281 -6.11883e-17 0.0379236 
vn -0.997465 -6.10771e-17 0.0711571 
f 4508//4508 4509//4509 4510//4510 
f 4511//4511 4512//4512 4508//4508 
f 4509//4509 4513//4513 4510//4510 
f 4509//4509 4514//4514 4513//4513 
f 4511//4511 4515//4515 4516//4516 
f 4517//4517 4518//4518 4515//4515 
f 4515//4515 4511//4511 4517//4517 
f 4517//4517 4519//4519 4518//4518 
f 4517//4517 4520//4520 4521//4521 
f 4522//4522 4523//4523 4520//4520 
f 4520//4520 4517//4517 4522//4522 
f 4522//4522 4524//4524 4523//4523 
f 4525//4525 4526//4526 4527//4527 
f 4528//4528 4527//4527 4529//4529 
f 4529//4529 4522//4522 4528//4528 
f 4529//4529 4524//4524 4522//4522 
f 4527//4527 4528//4528 4525//4525 
f 4521//4521 4519//4519 4517//4517 
f 4516//4516 4512//4512 4511//4511 
f 4510//4510 4511//4511 4508//4508 
v -0.0140877 0.0412779 0.0398277 
v -0.0140437 0.0414389 0.0269564 
v -0.0140775 0.0413034 0.0269564 
v -0.0140368 0.0414869 0.0398277 
v -0.0140353 0.0414866 0.0269564 
v -0.0140564 0.0413831 0.0398277 
v -0.0141607 0.0410756 0.0398277 
v -0.0141147 0.0411872 0.0398277 
v -0.0141206 0.0411707 0.0269564 
v -0.0140859 0.0412774 0.0269564 
v -0.0142551 0.0408822 0.0398277 
v -0.0141729 0.0410412 0.0269564 
v -0.0142341 0.0409158 0.0269564 
v -0.0141593 0.041075 0.0269564 
v -0.0141927 0.0409982 0.0398277 
v -0.0143696 0.0407001 0.0398277 
v -0.0142895 0.0408182 0.0398277 
v -0.0143039 0.0407949 0.0269564 
v -0.0142538 0.0408816 0.0269564 
v -0.0145031 0.0405313 0.0398277 
v -0.014382 0.0406791 0.0269564 
v -0.0144679 0.0405691 0.0269564 
v -0.0143684 0.0406992 0.0269564 
v -0.0144043 0.040649 0.0398277 
v -0.0146539 0.0403777 0.0398277 
v -0.0145357 0.0404925 0.0398277 
v -0.0145613 0.0404654 0.0269564 
v -0.0145024 0.0405308 0.0269564 
v -0.014653 0.0403768 0.0269564 
v -0.0146617 0.0403684 0.0269564 
v -0.0146824 0.0403501 0.0398277 
v -0.0147687 0.0402787 0.0269564 
v -0.01482 0.0402409 0.0398277 
v -0.0148202 0.0402412 0.0269564 
v -0.0148816 0.0401966 0.0269564 
v -0.015 0.0401226 0.0269564 
v -0.015 0.0401226 0.0393008 
v -0.0149302 0.0401649 0.0395246 
v -0.0148485 0.0402194 0.0397822 
v -0.0148339 0.0402298 0.0398277 
v -0.0140184 0.041584 0.0398277 
v -0.0140195 0.0415764 0.0269564 
v -0.0140062 0.0417 0.0269564 
v -0.014006 0.0417 0.0398277 
vn -0.9574 0.288765 0 
vn -0.978148 0.207912 0 
vn -0.961262 0.275637 0 
vn -0.982904 0.184121 0 
vn -0.982902 0.184129 0 
vn -0.971803 0.235794 0 
vn -0.92079 0.390059 0 
vn -0.942659 0.333759 0 
vn -0.939693 0.34202 0 
vn -0.957404 0.288753 0 
vn -0.873498 0.486828 0 
vn -0.913545 0.406737 0 
vn -0.882948 0.469472 0 
vn -0.920791 0.390056 0 
vn -0.903667 0.428236 0 
vn -0.816074 0.577947 1.0842e-16 
vn -0.855235 0.51824 0 
vn -0.848048 0.529919 0 
vn -0.87351 0.486806 0 
vn -0.749185 0.662361 1.0842e-16 
vn -0.809017 0.587785 0 
vn -0.766044 0.642788 0 
vn -0.816082 0.577936 0 
vn -0.797869 0.60283 1.0842e-16 
vn -0.673606 0.73909 1.0842e-16 
vn -0.732169 0.681123 1.0842e-16 
vn -0.71934 0.694658 0 
vn -0.749205 0.662338 0 
vn -0.673621 0.739077 0 
vn -0.669131 0.743145 0 
vn -0.65882 0.752301 1.0842e-16 
vn -0.615661 0.788011 0 
vn -0.590223 0.80724 1.0842e-16 
vn -0.590237 0.80723 0 
vn -0.559193 0.829038 0 
vn -0.5 0.866025 0 
vn -0.5 0.866025 0 
vn -0.534902 0.844914 1.0842e-16 
vn -0.575732 0.817639 1.0842e-16 
vn -0.58303 0.812451 1.0842e-16 
vn -0.990795 0.135367 0 
vn -0.990268 0.139173 0 
vn -0.997003 0.0773571 0 
vn -0.997004 0.0773503 0 
f 4530//4530 4531//4531 4532//4532 
f 4533//4533 4534//4534 4531//4531 
f 4531//4531 4530//4530 4535//4535 
f 4531//4531 4535//4535 4533//4533 
f 4536//4536 4537//4537 4538//4538 
f 4539//4539 4538//4538 4537//4537 
f 4537//4537 4530//4530 4539//4539 
f 4540//4540 4541//4541 4542//4542 
f 4536//4536 4543//4543 4541//4541 
f 4541//4541 4540//4540 4544//4544 
f 4541//4541 4544//4544 4536//4536 
f 4545//4545 4546//4546 4547//4547 
f 4548//4548 4547//4547 4546//4546 
f 4546//4546 4540//4540 4548//4548 
f 4549//4549 4550//4550 4551//4551 
f 4545//4545 4552//4552 4550//4550 
f 4550//4550 4549//4549 4553//4553 
f 4550//4550 4553//4553 4545//4545 
f 4554//4554 4555//4555 4556//4556 
f 4557//4557 4556//4556 4555//4555 
f 4555//4555 4549//4549 4557//4557 
f 4554//4554 4558//4558 4559//4559 
f 4560//4560 4559//4559 4561//4561 
f 4561//4561 4562//4562 4560//4560 
f 4561//4561 4563//4563 4562//4562 
f 4564//4564 4565//4565 4566//4566 
f 4566//4566 4567//4567 4564//4564 
f 4563//4563 4564//4564 4568//4568 
f 4568//4568 4562//4562 4563//4563 
f 4568//4568 4569//4569 4562//4562 
f 4533//4533 4570//4570 4571//4571 
f 4572//4572 4571//4571 4570//4570 
f 4570//4570 4573//4573 4572//4572 
f 4571//4571 4534//4534 4533//4533 
f 4567//4567 4568//4568 4564//4564 
f 4559//4559 4560//4560 4554//4554 
f 4556//4556 4558//4558 4554//4554 
f 4551//4551 4557//4557 4549//4549 
f 4547//4547 4552//4552 4545//4545 
f 4542//4542 4548//4548 4540//4540 
f 4538//4538 4543//4543 4536//4536 
f 4532//4532 4539//4539 4530//4530 
v -0.015 0.0401226 0.0393008 
v -0.0220326 0.0360624 0.027947 
v -0.0221591 0.0359793 0.0280551 
v -0.01514 0.0400295 0.0394209 
v -0.0221721 0.0359685 0.028067 
v -0.022276 0.035882 0.0281622 
v -0.0152679 0.0399188 0.0395396 
v -0.0222995 0.0358574 0.0281856 
v -0.022382 0.0357713 0.0282675 
v -0.0153822 0.0397918 0.0396559 
v -0.0224135 0.0357302 0.0283017 
v -0.0224764 0.0356481 0.02837 
v -0.0154818 0.0396498 0.0397683 
v -0.0225128 0.0355882 0.028414 
v -0.0225583 0.0355134 0.0284689 
v -0.0155656 0.0394944 0.0398758 
v -0.0156326 0.0393272 0.0399771 
v -0.022627 0.0353686 0.0285633 
v -0.0225965 0.035433 0.0285213 
v -0.0226636 0.0352661 0.0286226 
v -0.0226819 0.0352148 0.0286523 
v -0.0156822 0.03915 0.0400712 
v -0.0227135 0.0350892 0.0287168 
v -0.0227226 0.0350533 0.0287352 
v -0.0157138 0.0389647 0.040157 
v -0.0227457 0.0349042 0.0288028 
v -0.0227486 0.0348856 0.0288113 
v -0.0157272 0.0387733 0.0402338 
v -0.0227598 0.0347131 0.0288799 
vn -0.5 0.866025 -3.03577e-15 
vn -0.5 0.866025 -3.03577e-15 
vn -0.56328 0.824496 0.0540471 
vn -0.57002 0.819435 0.0600319 
vn -0.57001 0.819442 0.060023 
vn -0.621688 0.775835 0.107627 
vn -0.633954 0.764095 0.119423 
vn -0.633943 0.764106 0.119412 
vn -0.674718 0.720463 0.160275 
vn -0.691119 0.700596 0.177539 
vn -0.691111 0.700606 0.17753 
vn -0.721912 0.658859 0.211537 
vn -0.740905 0.629617 0.233759 
vn -0.740902 0.629621 0.233756 
vn -0.762861 0.591556 0.26097 
vn -0.782779 0.551915 0.287483 
vn -0.816296 0.46832 0.338138 
vn -0.797211 0.519136 0.308145 
vn -0.782781 0.551911 0.287486 
vn -0.8163 0.468308 0.338145 
vn -0.824665 0.442225 0.352654 
vn -0.841097 0.379725 0.385182 
vn -0.8411 0.379708 0.385191 
vn -0.844986 0.361488 0.394113 
vn -0.856917 0.287075 0.428114 
vn -0.856918 0.287061 0.42812 
vn -0.857997 0.277625 0.432163 
vn -0.863587 0.19136 0.466474 
vn -0.863587 0.19136 0.466474 
f 4574//4574 4575//4575 4576//4576 
f 4576//4576 4577//4577 4574//4574 
f 4577//4577 4578//4578 4579//4579 
f 4579//4579 4580//4580 4577//4577 
f 4580//4580 4581//4581 4582//4582 
f 4582//4582 4583//4583 4580//4580 
f 4583//4583 4584//4584 4585//4585 
f 4585//4585 4586//4586 4583//4583 
f 4586//4586 4587//4587 4588//4588 
f 4588//4588 4589//4589 4586//4586 
f 4590//4590 4589//4589 4591//4591 
f 4589//4589 4592//4592 4591//4591 
f 4590//4590 4593//4593 4594//4594 
f 4594//4594 4595//4595 4590//4590 
f 4595//4595 4596//4596 4597//4597 
f 4597//4597 4598//4598 4595//4595 
f 4598//4598 4599//4599 4600//4600 
f 4600//4600 4601//4601 4598//4598 
f 4600//4600 4602//4602 4601//4601 
f 4597//4597 4599//4599 4598//4598 
f 4594//4594 4596//4596 4595//4595 
f 4591//4591 4593//4593 4590//4590 
f 4588//4588 4592//4592 4589//4589 
f 4585//4585 4587//4587 4586//4586 
f 4582//4582 4584//4584 4583//4583 
f 4579//4579 4581//4581 4580//4580 
f 4576//4576 4578//4578 4577//4577 
v -0.0149659 0.0401256 0.0398996 
v -0.0149484 0.0401353 0.0399449 
v -0.0148339 0.0402298 0.0398277 
v -0.0149627 0.0401234 0.0399595 
v -0.0150718 0.0400179 0.0400159 
v -0.0150769 0.0399999 0.0400897 
v -0.0151652 0.039897 0.0401302 
v -0.0151424 0.039907 0.0401746 
v -0.0152452 0.0397643 0.0402412 
v -0.0152202 0.0397753 0.0402853 
v -0.0151751 0.0398606 0.040217 
v -0.0153111 0.0396208 0.0403481 
v -0.0152562 0.0397071 0.0403399 
v -0.0152843 0.0396333 0.040392 
v -0.0153624 0.0394679 0.0404498 
v -0.0153194 0.0395411 0.040457 
v -0.0153343 0.0394822 0.0404937 
v -0.0153986 0.0393069 0.0405455 
v -0.0153639 0.0393645 0.040567 
v -0.0153892 0.0391793 0.0406686 
v -0.0154192 0.0391394 0.0406342 
v -0.0153899 0.039158 0.0406788 
v -0.0154242 0.0389669 0.0407152 
v -0.0153951 0.0389876 0.0407607 
v -0.0150599 0.040071 0.0396434 
v -0.0148485 0.0402194 0.0397822 
v -0.0151776 0.0399613 0.039761 
v -0.0152823 0.0398368 0.0398763 
v -0.0153728 0.0396988 0.0399881 
v -0.0154484 0.0395487 0.0400953 
v -0.0155081 0.0393878 0.0401968 
v -0.0155515 0.0392179 0.0402916 
v -0.0155876 0.0388578 0.0404576 
v -0.01514 0.0400295 0.0394209 
v -0.0149302 0.0401649 0.0395246 
v -0.0152679 0.0399188 0.0395396 
v -0.0153822 0.0397918 0.0396559 
v -0.0154818 0.0396498 0.0397683 
v -0.0155656 0.0394944 0.0398758 
v -0.0156326 0.0393272 0.0399771 
v -0.0156822 0.03915 0.0400712 
v -0.0157138 0.0389647 0.040157 
v -0.0155781 0.0390407 0.0403788 
v -0.0157272 0.0387733 0.0402338 
v -0.015 0.0401226 0.0393008 
vn -0.63443 0.770749 0.0586996 
vn -0.640622 0.765619 0.0585773 
vn -0.58303 0.812451 0 
vn -0.647429 0.759274 0.0658733 
vn -0.687361 0.716853 0.116866 
vn -0.704502 0.697506 0.131001 
vn -0.734044 0.656441 0.173969 
vn -0.738159 0.651897 0.173641 
vn -0.774055 0.590062 0.229492 
vn -0.777232 0.586024 0.229099 
vn -0.753605 0.627847 0.194647 
vn -0.80703 0.518319 0.282928 
vn -0.794181 0.551084 0.256091 
vn -0.809354 0.514912 0.282509 
vn -0.832669 0.441865 0.333793 
vn -0.825772 0.468086 0.314637 
vn -0.83424 0.439195 0.333393 
vn -0.850739 0.361395 0.381623 
vn -0.848019 0.379792 0.369623 
vn -0.860672 0.287201 0.420427 
vn -0.861077 0.27764 0.425985 
vn -0.861479 0.276693 0.425788 
vn -0.863587 0.19136 0.466474 
vn -0.863587 0.19136 0.466474 
vn -0.599739 0.797987 0.0594034 
vn -0.575732 0.817639 0 
vn -0.658619 0.743133 0.118217 
vn -0.710955 0.680895 0.175855 
vn -0.756228 0.611893 0.231747 
vn -0.793988 0.536811 0.285336 
vn -0.82386 0.456397 0.336091 
vn -0.845547 0.371448 0.383507 
vn -0.863587 0.19136 0.466474 
vn -0.57002 0.819435 0.0600319 
vn -0.534902 0.844914 0 
vn -0.633954 0.764095 0.119423 
vn -0.691119 0.700596 0.177539 
vn -0.740905 0.629617 0.233759 
vn -0.782779 0.551915 0.287483 
vn -0.816296 0.46832 0.338138 
vn -0.841097 0.379725 0.385182 
vn -0.856917 0.287075 0.428114 
vn -0.858833 0.282809 0.427112 
vn -0.863587 0.19136 0.466474 
vn -0.5 0.866025 0 
f 4603//4603 4604//4604 4605//4605 
f 4606//4606 4603//4603 4607//4607 
f 4607//4607 4608//4608 4606//4606 
f 4609//4609 4610//4610 4608//4608 
f 4611//4611 4612//4612 4613//4613 
f 4613//4613 4609//4609 4611//4611 
f 4611//4611 4614//4614 4615//4615 
f 4614//4614 4616//4616 4615//4615 
f 4614//4614 4617//4617 4618//4618 
f 4617//4617 4619//4619 4618//4618 
f 4617//4617 4620//4620 4621//4621 
f 4622//4622 4621//4621 4620//4620 
f 4623//4623 4624//4624 4622//4622 
f 4625//4625 4626//4626 4624//4624 
f 4627//4627 4603//4603 4628//4628 
f 4607//4607 4603//4603 4627//4627 
f 4609//4609 4607//4607 4629//4629 
f 4611//4611 4609//4609 4630//4630 
f 4614//4614 4611//4611 4631//4631 
f 4617//4617 4614//4614 4632//4632 
f 4620//4620 4617//4617 4633//4633 
f 4623//4623 4620//4620 4634//4634 
f 4635//4635 4625//4625 4623//4623 
f 4636//4636 4627//4627 4637//4637 
f 4638//4638 4629//4629 4627//4627 
f 4639//4639 4630//4630 4629//4629 
f 4640//4640 4631//4631 4630//4630 
f 4641//4641 4632//4632 4631//4631 
f 4642//4642 4633//4633 4632//4632 
f 4643//4643 4634//4634 4633//4633 
f 4644//4644 4645//4645 4634//4634 
f 4646//4646 4635//4635 4645//4645 
f 4645//4645 4644//4644 4646//4646 
f 4634//4634 4643//4643 4644//4644 
f 4633//4633 4642//4642 4643//4643 
f 4632//4632 4641//4641 4642//4642 
f 4631//4631 4640//4640 4641//4641 
f 4630//4630 4639//4639 4640//4640 
f 4629//4629 4638//4638 4639//4639 
f 4627//4627 4636//4636 4638//4638 
f 4637//4637 4647//4647 4636//4636 
f 4623//4623 4645//4645 4635//4635 
f 4634//4634 4645//4645 4623//4623 
f 4633//4633 4634//4634 4620//4620 
f 4632//4632 4633//4633 4617//4617 
f 4631//4631 4632//4632 4614//4614 
f 4630//4630 4631//4631 4611//4611 
f 4629//4629 4630//4630 4609//4609 
f 4627//4627 4629//4629 4607//4607 
f 4628//4628 4637//4637 4627//4627 
f 4624//4624 4623//4623 4625//4625 
f 4620//4620 4623//4623 4622//4622 
f 4621//4621 4619//4619 4617//4617 
f 4618//4618 4616//4616 4614//4614 
f 4615//4615 4612//4612 4611//4611 
f 4613//4613 4610//4610 4609//4609 
f 4608//4608 4607//4607 4609//4609 
f 4606//4606 4604//4604 4603//4603 
f 4605//4605 4628//4628 4603//4603 
v -0.0139772 0.0410016 0.042249 
v -0.0136306 0.0413929 0.0428996 
v -0.013736 0.0413171 0.0426216 
v -0.0139024 0.04113 0.0422786 
v -0.0139419 0.0410857 0.0421974 
v -0.0136298 0.0414365 0.0428404 
v -0.0137298 0.0413241 0.0426344 
v -0.013629 0.0413484 0.042958 
v -0.0136251 0.041303 0.0430156 
v -0.0139908 0.0409333 0.0423333 
v -0.0136187 0.0412568 0.0430723 
v -0.0139993 0.0408625 0.0424163 
v -0.0136099 0.0412097 0.043128 
v -0.0140024 0.0407894 0.0424976 
v -0.0135987 0.041162 0.0431827 
v -0.0140002 0.0407143 0.042577 
v -0.0135852 0.0411136 0.0432363 
v -0.0139928 0.0406373 0.0426543 
v -0.0139622 0.0404786 0.0428017 
v -0.0135693 0.0410647 0.0432887 
v -0.0140393 0.0409346 0.0421244 
v -0.0139583 0.0410672 0.0421635 
v -0.0140568 0.040862 0.0422129 
v -0.0140685 0.0407866 0.0423 
v -0.0140743 0.0407084 0.0423854 
v -0.0140742 0.0406279 0.0424686 
v -0.0139801 0.0405586 0.0427293 
v -0.0140681 0.0405452 0.0425495 
v -0.0140384 0.0403746 0.0427032 
v -0.0140676 0.0409493 0.0419104 
v -0.014135 0.0408779 0.0417482 
v -0.0143483 0.0406193 0.0414662 
v -0.0142323 0.0407749 0.0415142 
v -0.0140159 0.041004 0.0420346 
v -0.0143903 0.0405263 0.0415735 
v -0.0144231 0.0404277 0.0416789 
v -0.0144466 0.0403239 0.0417818 
v -0.0144606 0.0402155 0.0418817 
v -0.0140562 0.0404607 0.0426278 
v -0.014465 0.0401031 0.0419779 
v -0.0144453 0.0398689 0.0421576 
v -0.0146288 0.0403671 0.0408126 
v -0.0143975 0.0406093 0.0410888 
v -0.0145028 0.0405075 0.0408062 
v -0.0143245 0.0406798 0.0412849 
v -0.0142974 0.040706 0.0413575 
v -0.0147001 0.0402579 0.0409329 
v -0.0147589 0.0401393 0.0410509 
v -0.0148049 0.0400121 0.0411657 
v -0.0148378 0.0398774 0.0412764 
v -0.0144599 0.0399874 0.0420701 
v -0.0148572 0.0397362 0.0413821 
v -0.0148551 0.039439 0.0415752 
v -0.0148873 0.0401722 0.0401598 
v -0.0146742 0.0403579 0.0403113 
v -0.0147322 0.040309 0.0401399 
v -0.0145652 0.0404496 0.0406335 
v -0.0145458 0.040466 0.0406909 
v -0.014991 0.0400513 0.0402883 
v -0.0150796 0.0399162 0.0404141 
v -0.015152 0.0397684 0.0405358 
v -0.0152075 0.0396094 0.0406521 
v -0.0148629 0.0395897 0.0414819 
v -0.0152456 0.0394409 0.0407618 
v -0.015268 0.0390823 0.0409571 
v -0.0147695 0.0402777 0.0400298 
v -0.0148339 0.0402298 0.0398277 
v -0.0149484 0.0401353 0.0399449 
v -0.0150769 0.0399999 0.0400897 
v -0.0151424 0.039907 0.0401746 
v -0.0152202 0.0397753 0.0402853 
v -0.0151751 0.0398606 0.040217 
v -0.0152843 0.0396333 0.040392 
v -0.0152562 0.0397071 0.0403399 
v -0.0153343 0.0394822 0.0404937 
v -0.0153194 0.0395411 0.040457 
v -0.0153892 0.0391793 0.0406686 
v -0.0152658 0.0392646 0.0408639 
v -0.0153899 0.039158 0.0406788 
v -0.0131988 0.0417 0.043714 
v -0.0132202 0.0417 0.0436704 
v -0.0132426 0.0417 0.0436246 
v -0.0132661 0.0417 0.0435766 
v -0.0132906 0.0417 0.0435266 
v -0.013308 0.0417 0.0434912 
v -0.0133426 0.0417 0.0434036 
v -0.0133703 0.0417 0.0433335 
v -0.0133992 0.0417 0.0432604 
v -0.0135091 0.0415744 0.0430602 
v -0.0135713 0.0415033 0.042947 
v -0.0153951 0.0389876 0.0407607 
v -0.0153639 0.0393645 0.040567 
v -0.0149627 0.0401234 0.0399595 
vn -0.871061 0.452878 0.190141 
vn -0.894254 0.3555 0.271902 
vn -0.886641 0.413602 0.206883 
vn -0.868966 0.468158 0.160397 
vn -0.863846 0.480565 0.151089 
vn -0.893834 0.377276 0.242329 
vn -0.887157 0.411511 0.208832 
vn -0.893467 0.333244 0.301107 
vn -0.891475 0.310539 0.329907 
vn -0.877894 0.41873 0.232308 
vn -0.88828 0.287414 0.358261 
vn -0.882101 0.383329 0.273781 
vn -0.883887 0.263903 0.386133 
vn -0.88367 0.346783 0.314435 
vn -0.878302 0.240035 0.413483 
vn -0.882596 0.309198 0.354148 
vn -0.871533 0.215843 0.440276 
vn -0.878882 0.270689 0.392802 
vn -0.863587 0.19136 0.466474 
vn -0.863587 0.19136 0.466474 
vn -0.863997 0.471348 0.177033 
vn -0.861623 0.485672 0.147405 
vn -0.87277 0.435074 0.221323 
vn -0.878615 0.39734 0.26487 
vn -0.881513 0.358274 0.30753 
vn -0.881454 0.318007 0.349157 
vn -0.872539 0.231371 0.430282 
vn -0.878438 0.276672 0.389613 
vn -0.863587 0.19136 0.466474 
vn -0.84223 0.526284 0.116937 
vn -0.827955 0.551949 0.099213 
vn -0.815117 0.566566 0.120779 
vn -0.805565 0.587362 0.077914 
vn -0.852326 0.50604 0.132149 
vn -0.836105 0.520097 0.174436 
vn -0.852512 0.470779 0.227138 
vn -0.864248 0.418881 0.278595 
vn -0.871249 0.364688 0.328525 
vn -0.872476 0.234409 0.428763 
vn -0.873476 0.308496 0.376656 
vn -0.863587 0.19136 0.466474 
vn -0.750467 0.655399 0.085158 
vn -0.758328 0.650323 0.0449267 
vn -0.723502 0.689715 0.0289534 
vn -0.781405 0.621132 0.0600141 
vn -0.789663 0.609931 0.0664595 
vn -0.786083 0.600799 0.145309 
vn -0.815514 0.541472 0.204317 
vn -0.838528 0.477885 0.261717 
vn -0.854946 0.410539 0.317058 
vn -0.870917 0.250615 0.422723 
vn -0.864637 0.339962 0.369905 
vn -0.863587 0.19136 0.466474 
vn -0.673249 0.736299 0.067821 
vn -0.655129 0.755475 0.00792988 
vn -0.630326 0.776319 0.00414775 
vn -0.700939 0.712908 0.0211138 
vn -0.708947 0.704842 0.024337 
vn -0.725113 0.675843 0.132089 
vn -0.769381 0.608308 0.194974 
vn -0.805589 0.5344 0.255816 
vn -0.833359 0.454895 0.313979 
vn -0.867525 0.26671 0.419841 
vn -0.8524 0.370625 0.368853 
vn -0.863587 0.19136 0.466474 
vn -0.614333 0.789041 0.00284216 
vn -0.58303 0.812451 0 
vn -0.640636 0.765606 0.0585915 
vn -0.704502 0.697506 0.131001 
vn -0.738169 0.651882 0.173655 
vn -0.777235 0.586018 0.229104 
vn -0.753605 0.627847 0.194647 
vn -0.809352 0.514918 0.282504 
vn -0.794181 0.551084 0.256091 
vn -0.834235 0.439214 0.333381 
vn -0.825772 0.468086 0.314637 
vn -0.860672 0.287201 0.420427 
vn -0.862511 0.282472 0.419862 
vn -0.861477 0.276714 0.425778 
vn -0.863587 0.19136 0.466474 
vn -0.868356 0.202239 0.452832 
vn -0.873158 0.214081 0.43791 
vn -0.8779 0.226871 0.421688 
vn -0.882486 0.240589 0.404147 
vn -0.885486 0.250514 0.391353 
vn -0.891041 0.272458 0.363061 
vn -0.894636 0.290619 0.339363 
vn -0.897473 0.309987 0.313766 
vn -0.897559 0.342471 0.277671 
vn -0.896101 0.36054 0.258869 
vn -0.863587 0.19136 0.466474 
vn -0.848019 0.379792 0.369623 
vn -0.647429 0.759274 0.0658733 
f 4648//4648 4649//4649 4650//4650 
f 4650//4650 4651//4651 4648//4648 
f 4651//4651 4652//4652 4648//4648 
f 4649//4649 4653//4653 4654//4654 
f 4654//4654 4650//4650 4649//4649 
f 4655//4655 4649//4649 4648//4648 
f 4656//4656 4655//4655 4657//4657 
f 4658//4658 4656//4656 4659//4659 
f 4660//4660 4658//4658 4661//4661 
f 4662//4662 4660//4660 4663//4663 
f 4664//4664 4662//4662 4665//4665 
f 4666//4666 4667//4667 4664//4664 
f 4668//4668 4648//4648 4669//4669 
f 4657//4657 4648//4648 4668//4668 
f 4659//4659 4657//4657 4670//4670 
f 4661//4661 4659//4659 4671//4671 
f 4663//4663 4661//4661 4672//4672 
f 4665//4665 4663//4663 4673//4673 
f 4674//4674 4665//4665 4675//4675 
f 4676//4676 4666//4666 4674//4674 
f 4668//4668 4677//4677 4678//4678 
f 4678//4678 4679//4679 4668//4668 
f 4678//4678 4680//4680 4679//4679 
f 4668//4668 4681//4681 4677//4677 
f 4670//4670 4668//4668 4679//4679 
f 4671//4671 4670//4670 4682//4682 
f 4672//4672 4671//4671 4683//4683 
f 4673//4673 4672//4672 4684//4684 
f 4675//4675 4673//4673 4685//4685 
f 4686//4686 4675//4675 4687//4687 
f 4688//4688 4676//4676 4686//4686 
f 4689//4689 4690//4690 4691//4691 
f 4679//4679 4692//4692 4690//4690 
f 4690//4690 4689//4689 4679//4679 
f 4679//4679 4693//4693 4692//4692 
f 4682//4682 4679//4679 4689//4689 
f 4683//4683 4682//4682 4694//4694 
f 4684//4684 4683//4683 4695//4695 
f 4685//4685 4684//4684 4696//4696 
f 4687//4687 4685//4685 4697//4697 
f 4698//4698 4687//4687 4699//4699 
f 4700//4700 4688//4688 4698//4698 
f 4701//4701 4702//4702 4703//4703 
f 4689//4689 4704//4704 4702//4702 
f 4689//4689 4705//4705 4704//4704 
f 4702//4702 4701//4701 4689//4689 
f 4694//4694 4689//4689 4701//4701 
f 4695//4695 4694//4694 4706//4706 
f 4696//4696 4695//4695 4707//4707 
f 4697//4697 4696//4696 4708//4708 
f 4699//4699 4697//4697 4709//4709 
f 4710//4710 4699//4699 4711//4711 
f 4712//4712 4700//4700 4710//4710 
f 4713//4713 4714//4714 4715//4715 
f 4715//4715 4701//4701 4713//4713 
f 4716//4716 4706//4706 4701//4701 
f 4707//4707 4706//4706 4717//4717 
f 4706//4706 4716//4716 4717//4717 
f 4708//4708 4707//4707 4718//4718 
f 4707//4707 4719//4719 4718//4718 
f 4709//4709 4708//4708 4720//4720 
f 4708//4708 4721//4721 4720//4720 
f 4711//4711 4709//4709 4722//4722 
f 4709//4709 4723//4723 4722//4722 
f 4724//4724 4725//4725 4711//4711 
f 4712//4712 4725//4725 4726//4726 
f 4725//4725 4724//4724 4726//4726 
f 4667//4667 4727//4727 4728//4728 
f 4664//4664 4728//4728 4729//4729 
f 4662//4662 4729//4729 4730//4730 
f 4660//4660 4730//4730 4731//4731 
f 4658//4658 4731//4731 4732//4732 
f 4656//4656 4732//4732 4733//4733 
f 4655//4655 4733//4733 4734//4734 
f 4734//4734 4735//4735 4736//4736 
f 4736//4736 4649//4649 4734//4734 
f 4736//4736 4737//4737 4649//4649 
f 4737//4737 4653//4653 4649//4649 
f 4734//4734 4649//4649 4655//4655 
f 4733//4733 4655//4655 4656//4656 
f 4732//4732 4656//4656 4658//4658 
f 4731//4731 4658//4658 4660//4660 
f 4730//4730 4660//4660 4662//4662 
f 4729//4729 4662//4662 4664//4664 
f 4728//4728 4664//4664 4667//4667 
f 4726//4726 4738//4738 4712//4712 
f 4711//4711 4739//4739 4724//4724 
f 4722//4722 4739//4739 4711//4711 
f 4720//4720 4723//4723 4709//4709 
f 4718//4718 4721//4721 4708//4708 
f 4717//4717 4719//4719 4707//4707 
f 4701//4701 4740//4740 4716//4716 
f 4715//4715 4740//4740 4701//4701 
f 4710//4710 4725//4725 4712//4712 
f 4711//4711 4725//4725 4710//4710 
f 4709//4709 4711//4711 4699//4699 
f 4708//4708 4709//4709 4697//4697 
f 4707//4707 4708//4708 4696//4696 
f 4706//4706 4707//4707 4695//4695 
f 4701//4701 4706//4706 4694//4694 
f 4703//4703 4713//4713 4701//4701 
f 4698//4698 4710//4710 4700//4700 
f 4699//4699 4710//4710 4698//4698 
f 4697//4697 4699//4699 4687//4687 
f 4696//4696 4697//4697 4685//4685 
f 4695//4695 4696//4696 4684//4684 
f 4694//4694 4695//4695 4683//4683 
f 4689//4689 4694//4694 4682//4682 
f 4691//4691 4705//4705 4689//4689 
f 4686//4686 4698//4698 4688//4688 
f 4687//4687 4698//4698 4686//4686 
f 4685//4685 4687//4687 4675//4675 
f 4684//4684 4685//4685 4673//4673 
f 4683//4683 4684//4684 4672//4672 
f 4682//4682 4683//4683 4671//4671 
f 4679//4679 4682//4682 4670//4670 
f 4680//4680 4693//4693 4679//4679 
f 4674//4674 4686//4686 4676//4676 
f 4675//4675 4686//4686 4674//4674 
f 4673//4673 4675//4675 4665//4665 
f 4672//4672 4673//4673 4663//4663 
f 4671//4671 4672//4672 4661//4661 
f 4670//4670 4671//4671 4659//4659 
f 4668//4668 4670//4670 4657//4657 
f 4669//4669 4681//4681 4668//4668 
f 4664//4664 4674//4674 4666//4666 
f 4665//4665 4674//4674 4664//4664 
f 4663//4663 4665//4665 4662//4662 
f 4661//4661 4663//4663 4660//4660 
f 4659//4659 4661//4661 4658//4658 
f 4657//4657 4659//4659 4656//4656 
f 4648//4648 4657//4657 4655//4655 
f 4652//4652 4669//4669 4648//4648 
v -0.013308 0.04175 0.0434912 
v -0.0132661 0.0417 0.0435766 
v -0.0132426 0.0417 0.0436246 
v -0.0132906 0.0417 0.0435266 
v -0.0131961 0.04175 0.0437129 
v -0.013308 0.0417 0.0434912 
v -0.0132202 0.0417 0.0436704 
v -0.013341 0.04175 0.0434077 
v -0.0133992 0.04175 0.0432604 
v -0.0133703 0.0417 0.0433335 
v -0.0133992 0.0417 0.0432604 
v -0.0133426 0.0417 0.0434036 
v -0.0131988 0.0417 0.043714 
vn -0.914701 -6.95127e-17 0.404132 
vn -0.901944 -6.95127e-17 0.431852 
vn -0.894417 -6.95127e-17 0.447233 
vn -0.909514 -6.95127e-17 0.415673 
vn -0.879636 -6.95127e-17 0.475648 
vn -0.914701 -6.95127e-17 0.404132 
vn -0.886981 -6.95127e-17 0.461805 
vn -0.925945 -6.95127e-17 0.377658 
vn -0.943931 -6.95127e-17 0.330143 
vn -0.935316 -6.95127e-17 0.353814 
vn -0.943931 -6.95127e-17 0.330143 
vn -0.926482 -6.95127e-17 0.376339 
vn -0.879682 -6.95127e-17 0.475563 
f 4741//4741 4742//4742 4743//4743 
f 4741//4741 4744//4744 4742//4742 
f 4743//4743 4745//4745 4741//4741 
f 4741//4741 4746//4746 4744//4744 
f 4743//4743 4747//4747 4745//4745 
f 4746//4746 4741//4741 4748//4748 
f 4748//4748 4749//4749 4750//4750 
f 4749//4749 4751//4751 4750//4750 
f 4750//4750 4752//4752 4748//4748 
f 4748//4748 4752//4752 4746//4746 
f 4747//4747 4753//4753 4745//4745 
v -0.0137864 0.0414365 0.0422015 
v -0.0136806 0.041486 0.0425752 
v -0.0136395 0.0416621 0.0425291 
v -0.0138451 0.0412626 0.0422445 
v -0.013736 0.0413171 0.0426216 
v -0.0138761 0.0413981 0.041813 
v -0.0137442 0.0416158 0.0421621 
v -0.0139359 0.0412207 0.0418487 
v -0.0139489 0.0413714 0.0414094 
v -0.0138333 0.0415809 0.0417804 
v -0.0140094 0.0411903 0.0414375 
v -0.0140869 0.0410161 0.0414679 
v -0.0140122 0.0410503 0.0418871 
v -0.014004 0.0413572 0.0409903 
v -0.0139062 0.0415579 0.0413837 
v -0.0140646 0.0411721 0.0410108 
v -0.0141429 0.040994 0.0410329 
v -0.0142382 0.0408247 0.0410565 
v -0.0141808 0.0408506 0.0415002 
v -0.0140403 0.0413559 0.0405556 
v -0.0139618 0.0415474 0.0409717 
v -0.0141005 0.0411668 0.0405683 
v -0.0141791 0.0409847 0.040582 
v -0.0142754 0.0408114 0.0405968 
v -0.0143884 0.0406485 0.0406123 
v -0.0143497 0.0406656 0.0410814 
v -0.0140567 0.0413686 0.0401051 
v -0.0139992 0.0415502 0.0405441 
v -0.0141158 0.0411752 0.0401099 
v -0.0141942 0.0409889 0.0401151 
v -0.014291 0.0408114 0.0401207 
v -0.0144053 0.0406446 0.0401266 
v -0.0145357 0.0404903 0.0401328 
v -0.0145171 0.0404977 0.0406284 
v -0.0140173 0.0415669 0.0401008 
v -0.0140368 0.0414869 0.0398277 
v -0.0140184 0.041584 0.0398277 
v -0.0140877 0.0412779 0.0398277 
v -0.0140564 0.0413831 0.0398277 
v -0.0141147 0.0411872 0.0398277 
v -0.0141607 0.0410756 0.0398277 
v -0.0141927 0.0409982 0.0398277 
v -0.0142551 0.0408822 0.0398277 
v -0.0142895 0.0408182 0.0398277 
v -0.0143696 0.0407001 0.0398277 
v -0.0144043 0.040649 0.0398277 
v -0.0145031 0.0405313 0.0398277 
v -0.0145357 0.0404925 0.0398277 
v -0.0146539 0.0403777 0.0398277 
v -0.0146812 0.0403499 0.0401391 
v -0.0146824 0.0403501 0.0398277 
v -0.0147695 0.0402777 0.0400298 
v -0.01482 0.0402409 0.0398277 
v -0.0147322 0.040309 0.0401399 
v -0.0146742 0.0403579 0.0403113 
v -0.0145652 0.0404496 0.0406335 
v -0.0145458 0.040466 0.0406909 
v -0.0145028 0.0405075 0.0408062 
v -0.0143975 0.0406093 0.0410888 
v -0.0142974 0.040706 0.0413575 
v -0.0143245 0.0406798 0.0412849 
v -0.014135 0.0408779 0.0417482 
v -0.0140159 0.041004 0.0420346 
v -0.0139583 0.0410672 0.0421635 
v -0.0140676 0.0409493 0.0419104 
v -0.0139419 0.0410857 0.0421974 
v -0.0135594 0.0415464 0.0429343 
v -0.0136298 0.0414365 0.0428404 
v -0.0137298 0.0413241 0.0426344 
v -0.0135225 0.0417 0.0428871 
v -0.0135091 0.0415744 0.0430602 
v -0.0135626 0.0417 0.0427457 
v -0.0135374 0.0417 0.0428419 
v -0.0136221 0.0417 0.0425191 
v -0.0137204 0.0417 0.0421441 
v -0.0137942 0.0417 0.0418626 
v -0.0138102 0.0417 0.0417611 
v -0.0138726 0.0417 0.0413652 
v -0.0139529 0.0417 0.040855 
v -0.0139367 0.0417 0.0409579 
v -0.0139694 0.0417 0.040536 
v -0.013992 0.0417 0.0400978 
v -0.014006 0.0417 0.0398277 
v -0.0133992 0.0417 0.0432604 
v -0.0135713 0.0415033 0.042947 
v -0.0139024 0.04113 0.0422786 
v -0.0142323 0.0407749 0.0415142 
v -0.0148339 0.0402298 0.0398277 
vn -0.928229 0.312226 0.20225 
vn -0.916006 0.325017 0.235155 
vn -0.936572 0.23699 0.258203 
vn -0.898897 0.399141 0.18075 
vn -0.886503 0.412689 0.209287 
vn -0.939214 0.299183 0.168425 
vn -0.949322 0.22254 0.221955 
vn -0.909318 0.387891 0.150602 
vn -0.948901 0.28588 0.133642 
vn -0.960581 0.207759 0.184719 
vn -0.918685 0.376458 0.119574 
vn -0.879911 0.463529 0.104393 
vn -0.871166 0.473076 0.131412 
vn -0.95722 0.272311 0.0978631 
vn -0.970277 0.192639 0.146465 
vn -0.926939 0.364838 0.087624 
vn -0.887775 0.453869 0.0765452 
vn -0.840103 0.53855 0.0647329 
vn -0.83294 0.546282 0.0882385 
vn -0.964087 0.258474 0.0610569 
vn -0.978328 0.177175 0.107164 
vn -0.934011 0.353029 0.0547129 
vn -0.894703 0.444094 0.0478279 
vn -0.846549 0.53077 0.0404702 
vn -0.790028 0.612198 0.0327124 
vn -0.784381 0.61807 0.0523003 
vn -0.969405 0.24437 0.0231963 
vn -0.984632 0.161364 0.0667974 
vn -0.939821 0.341033 0.0208049 
vn -0.900628 0.434209 0.0182009 
vn -0.852227 0.522945 0.0154108 
vn -0.795112 0.606335 0.012463 
vn -0.729867 0.683525 0.00938791 
vn -0.725696 0.687574 0.0246313 
vn -0.989076 0.145209 0.0253504 
vn -0.982904 0.184121 0 
vn -0.990795 0.135367 -3.00715e-16 
vn -0.9574 0.288765 0 
vn -0.971803 0.235794 0 
vn -0.942659 0.333759 0 
vn -0.92079 0.390059 0 
vn -0.903667 0.428236 0 
vn -0.873498 0.486828 0 
vn -0.855235 0.51824 0 
vn -0.816074 0.577947 0 
vn -0.797869 0.60283 0 
vn -0.749185 0.662361 0 
vn -0.732169 0.681123 0 
vn -0.673606 0.73909 0 
vn -0.65716 0.753726 0.00621678 
vn -0.65882 0.752301 0 
vn -0.614333 0.789041 0.00284216 
vn -0.590223 0.80724 0 
vn -0.63095 0.775807 0.00512579 
vn -0.656173 0.754548 0.00970204 
vn -0.70124 0.712594 0.0217164 
vn -0.708947 0.704842 0.024337 
vn -0.72405 0.689088 0.0301553 
vn -0.759115 0.649258 0.0470067 
vn -0.789663 0.609931 0.0664595 
vn -0.781681 0.620701 0.0608661 
vn -0.828431 0.550786 0.101665 
vn -0.852326 0.50604 0.132149 
vn -0.861623 0.485672 0.147405 
vn -0.842456 0.525586 0.118441 
vn -0.863879 0.480334 0.151632 
vn -0.902589 0.337564 0.267178 
vn -0.893834 0.377276 0.242329 
vn -0.887015 0.410631 0.211155 
vn -0.920507 0.261199 0.290588 
vn -0.897344 0.342134 0.278778 
vn -0.928036 0.245696 0.279968 
vn -0.923155 0.255167 0.287532 
vn -0.939032 0.223154 0.261576 
vn -0.955538 0.185182 0.229468 
vn -0.96644 0.156101 0.204027 
vn -0.969448 0.150148 0.193977 
vn -0.979801 0.126892 0.15456 
vn -0.989942 0.096759 0.103215 
vn -0.988186 0.102853 0.113619 
vn -0.993399 0.0904729 0.0705211 
vn -0.99626 0.0822171 0.02657 
vn -0.997004 0.0773503 0 
vn -0.897473 0.309987 0.313766 
vn -0.895964 0.360264 0.259729 
vn -0.869027 0.46749 0.162003 
vn -0.806023 0.586494 0.079691 
vn -0.58303 0.812451 0 
f 4754//4754 4755//4755 4756//4756 
f 4754//4754 4757//4757 4758//4758 
f 4759//4759 4754//4754 4760//4760 
f 4761//4761 4757//4757 4754//4754 
f 4762//4762 4759//4759 4763//4763 
f 4764//4764 4761//4761 4759//4759 
f 4765//4765 4766//4766 4761//4761 
f 4767//4767 4762//4762 4768//4768 
f 4769//4769 4764//4764 4762//4762 
f 4770//4770 4765//4765 4764//4764 
f 4771//4771 4772//4772 4765//4765 
f 4773//4773 4767//4767 4774//4774 
f 4775//4775 4769//4769 4767//4767 
f 4776//4776 4770//4770 4769//4769 
f 4777//4777 4771//4771 4770//4770 
f 4778//4778 4779//4779 4771//4771 
f 4780//4780 4773//4773 4781//4781 
f 4782//4782 4775//4775 4773//4773 
f 4783//4783 4776//4776 4775//4775 
f 4784//4784 4777//4777 4776//4776 
f 4785//4785 4778//4778 4777//4777 
f 4786//4786 4787//4787 4778//4778 
f 4780//4780 4788//4788 4789//4789 
f 4788//4788 4790//4790 4789//4789 
f 4782//4782 4780//4780 4791//4791 
f 4780//4780 4792//4792 4791//4791 
f 4782//4782 4793//4793 4794//4794 
f 4794//4794 4783//4783 4782//4782 
f 4783//4783 4795//4795 4796//4796 
f 4796//4796 4784//4784 4783//4783 
f 4784//4784 4797//4797 4798//4798 
f 4798//4798 4785//4785 4784//4784 
f 4785//4785 4799//4799 4800//4800 
f 4800//4800 4786//4786 4785//4785 
f 4786//4786 4801//4801 4802//4802 
f 4802//4802 4803//4803 4786//4786 
f 4803//4803 4804//4804 4805//4805 
f 4804//4804 4806//4806 4805//4805 
f 4805//4805 4807//4807 4803//4803 
f 4786//4786 4808//4808 4809//4809 
f 4786//4786 4803//4803 4808//4808 
f 4787//4787 4809//4809 4810//4810 
f 4778//4778 4811//4811 4812//4812 
f 4778//4778 4787//4787 4811//4811 
f 4772//4772 4771//4771 4813//4813 
f 4771//4771 4779//4779 4814//4814 
f 4814//4814 4813//4813 4771//4771 
f 4766//4766 4765//4765 4815//4815 
f 4765//4765 4772//4772 4815//4815 
f 4766//4766 4816//4816 4817//4817 
f 4766//4766 4818//4818 4816//4816 
f 4761//4761 4766//4766 4819//4819 
f 4819//4819 4757//4757 4761//4761 
f 4820//4820 4755//4755 4821//4821 
f 4755//4755 4822//4822 4821//4821 
f 4755//4755 4758//4758 4822//4822 
f 4823//4823 4820//4820 4824//4824 
f 4755//4755 4820//4820 4825//4825 
f 4820//4820 4826//4826 4825//4825 
f 4820//4820 4823//4823 4826//4826 
f 4760//4760 4756//4756 4827//4827 
f 4760//4760 4828//4828 4829//4829 
f 4829//4829 4763//4763 4760//4760 
f 4768//4768 4763//4763 4830//4830 
f 4774//4774 4768//4768 4831//4831 
f 4781//4781 4774//4774 4832//4832 
f 4774//4774 4833//4833 4832//4832 
f 4834//4834 4835//4835 4788//4788 
f 4835//4835 4836//4836 4790//4790 
f 4790//4790 4788//4788 4835//4835 
f 4788//4788 4781//4781 4834//4834 
f 4832//4832 4834//4834 4781//4781 
f 4831//4831 4833//4833 4774//4774 
f 4830//4830 4831//4831 4768//4768 
f 4829//4829 4830//4830 4763//4763 
f 4827//4827 4828//4828 4760//4760 
f 4827//4827 4756//4756 4825//4825 
f 4825//4825 4756//4756 4755//4755 
f 4824//4824 4837//4837 4823//4823 
f 4824//4824 4820//4820 4838//4838 
f 4821//4821 4838//4838 4820//4820 
f 4758//4758 4757//4757 4839//4839 
f 4819//4819 4839//4839 4757//4757 
f 4817//4817 4819//4819 4766//4766 
f 4815//4815 4818//4818 4766//4766 
f 4815//4815 4772//4772 4840//4840 
f 4813//4813 4840//4840 4772//4772 
f 4814//4814 4779//4779 4812//4812 
f 4812//4812 4779//4779 4778//4778 
f 4810//4810 4811//4811 4787//4787 
f 4809//4809 4787//4787 4786//4786 
f 4808//4808 4803//4803 4807//4807 
f 4806//4806 4841//4841 4805//4805 
f 4802//4802 4804//4804 4803//4803 
f 4800//4800 4801//4801 4786//4786 
f 4798//4798 4799//4799 4785//4785 
f 4796//4796 4797//4797 4784//4784 
f 4794//4794 4795//4795 4783//4783 
f 4791//4791 4793//4793 4782//4782 
f 4789//4789 4792//4792 4780//4780 
f 4778//4778 4785//4785 4786//4786 
f 4777//4777 4784//4784 4785//4785 
f 4776//4776 4783//4783 4784//4784 
f 4775//4775 4782//4782 4783//4783 
f 4773//4773 4780//4780 4782//4782 
f 4781//4781 4788//4788 4780//4780 
f 4771//4771 4777//4777 4778//4778 
f 4770//4770 4776//4776 4777//4777 
f 4769//4769 4775//4775 4776//4776 
f 4767//4767 4773//4773 4775//4775 
f 4774//4774 4781//4781 4773//4773 
f 4765//4765 4770//4770 4771//4771 
f 4764//4764 4769//4769 4770//4770 
f 4762//4762 4767//4767 4769//4769 
f 4768//4768 4774//4774 4767//4767 
f 4761//4761 4764//4764 4765//4765 
f 4759//4759 4762//4762 4764//4764 
f 4763//4763 4768//4768 4762//4762 
f 4754//4754 4759//4759 4761//4761 
f 4760//4760 4763//4763 4759//4759 
f 4758//4758 4755//4755 4754//4754 
f 4756//4756 4760//4760 4754//4754 
v -0.0154811 0.0112432 0.0518997 
v -0.0151196 0.0118729 0.0523938 
v -0.0227598 0.0347131 0.0288799 
v -0.0157732 0.0106037 0.0513734 
v -0.023257 0.0343331 0.0280157 
v -0.0235035 0.0341339 0.0275 
v -0.0154833 0.0112395 0.0518967 
v -0.0232131 0.0343667 0.0280921 
v -0.0159943 0.00995927 0.0508192 
v -0.0157767 0.010596 0.0513671 
v -0.0236107 0.034043 0.0272413 
v -0.0237356 0.0339371 0.0269398 
v -0.0239504 0.0337439 0.026333 
vn -0.899759 0.128399 0.41707 
vn -0.863587 0.19136 0.466474 
vn -0.863587 0.19136 0.466474 
vn -0.928991 0.0644469 0.364448 
vn -0.902902 0.122233 0.412102 
vn -0.921164 0.0832469 0.380166 
vn -0.899955 0.128018 0.416764 
vn -0.899764 0.12839 0.417062 
vn -0.951057 -7.80626e-16 0.309017 
vn -0.929298 0.0636769 0.3638 
vn -0.92899 0.0644489 0.36445 
vn -0.937333 0.0424941 0.345834 
vn -0.951057 -6.93889e-16 0.309017 
f 4842//4842 4843//4843 4844//4844 
f 4845//4845 4846//4846 4847//4847 
f 4845//4845 4848//4848 4849//4849 
f 4849//4849 4846//4846 4845//4845 
f 4848//4848 4842//4842 4849//4849 
f 4850//4850 4851//4851 4852//4852 
f 4852//4852 4853//4853 4850//4850 
f 4851//4851 4845//4845 4852//4852 
f 4853//4853 4854//4854 4850//4850 
f 4847//4847 4852//4852 4845//4845 
f 4844//4844 4849//4849 4842//4842 
v -0.0131988 0.0417 0.043714 
v -0.0109178 0.0417 0.0479369 
v -0.0130388 0.04175 0.0440102 
v -0.0109178 0.04175 0.0479369 
v -0.000858428 0.04975 0.0665598 
v -0.0130388 0.04975 0.0440102 
v -0.0131961 0.04175 0.0437129 
v -0.000858428 0.04175 0.0665598 
vn -0.879847 -5.38751e-17 0.475257 
vn -0.879847 -5.38751e-17 0.475257 
vn -0.879847 -5.38751e-17 0.475257 
vn -0.879847 -5.38751e-17 0.475257 
vn -0.879847 -5.38751e-17 0.475257 
vn -0.879847 -5.38751e-17 0.475257 
vn -0.879847 -5.38751e-17 0.475257 
vn -0.879847 -5.38751e-17 0.475257 
f 4855//4855 4856//4856 4857//4857 
f 4857//4857 4856//4856 4858//4858 
f 4859//4859 4860//4860 4858//4858 
f 4858//4858 4860//4860 4857//4857 
f 4857//4857 4861//4861 4855//4855 
f 4858//4858 4862//4862 4859//4859 
v -0.0101497 0.04175 0.0483891 
v -0.00345863 0.04175 0.0605633 
v -0.00193799 0.04175 0.0643997 
v -0.00455428 0.04175 0.0565846 
v -0.00521202 0.04175 0.0525105 
v -0.00542408 0.04175 0.0483891 
v -0.000858428 0.04175 0.0665598 
v -0.0109178 0.04175 0.0479369 
vn 6.12323e-17 -1 0 
vn 6.12323e-17 -1 0 
vn 6.12323e-17 -1 0 
vn 6.12323e-17 -1 0 
vn 6.12323e-17 -1 0 
vn 6.12323e-17 -1 0 
vn 6.12323e-17 -1 0 
vn 6.12323e-17 -1 0 
f 4863//4863 4864//4864 4865//4865 
f 4863//4863 4866//4866 4864//4864 
f 4863//4863 4867//4867 4866//4866 
f 4863//4863 4868//4868 4867//4867 
f 4869//4869 4870//4870 4863//4863 
f 4865//4865 4869//4869 4863//4863 
v -0.0101497 0.04175 0.0483891 
v -0.0109178 0.04175 0.0479369 
v -0.0109178 0.0417 0.0479369 
v -0.0101497 0.0417 0.0483891 
vn -0.507437 -3.10716e-17 0.861689 
vn -0.507437 -3.10716e-17 0.861689 
vn -0.507437 -3.10716e-17 0.861689 
vn -0.507437 -3.10716e-17 0.861689 
f 4871//4871 4872//4872 4873//4873 
f 4873//4873 4874//4874 4871//4871 
v -0.00542408 0.0237312 0.0483891 
v -0.00542408 0.04175 0.0483891 
v -0.0101497 0.0417 0.0483891 
v -0.0101497 0.04175 0.0483891 
v -0.0141314 0.0237312 0.0483891 
vn 0 0 1 
vn 0 0 1 
vn 0 0 1 
vn 0 0 1 
vn 0 0 1 
f 4875//4875 4876//4876 4877//4877 
f 4876//4876 4878//4878 4877//4877 
f 4877//4877 4879//4879 4875//4875 
v -0.0141314 0.0237312 0.0483891 
v -0.0101497 0.0417 0.0483891 
v -0.0109178 0.0417 0.0479369 
v -0.0148635 0.0238935 0.0479369 
vn -0.504259 0.111738 0.856293 
vn -0.504259 0.111738 0.856293 
vn -0.504259 0.111738 0.856293 
vn -0.504259 0.111738 0.856293 
f 4880//4880 4881//4881 4882//4882 
f 4882//4882 4883//4883 4880//4880 
v -0.00540172 0.0192001 0.0498004 
v -0.0143221 0.018799 0.0500934 
v -0.0143089 0.0187337 0.0501422 
v -0.0144 0.0191991 0.0497993 
v -0.014394 0.0191541 0.0498279 
v -0.00541445 0.0199223 0.0493573 
v -0.0144843 0.0199239 0.0493604 
v -0.0144727 0.0197432 0.0494541 
v -0.00541377 0.0198533 0.0493919 
v -0.0144001 0.0191997 0.049799 
v -0.01446 0.019648 0.0495145 
v -0.00540394 0.0192796 0.0497421 
v -0.00541965 0.0204543 0.0490911 
v -0.00542079 0.0206894 0.0489973 
v -0.0145124 0.020601 0.0490347 
v -0.0145125 0.0206898 0.0489981 
v -0.0144965 0.0201165 0.0492605 
v -0.0145122 0.0203622 0.0491332 
v -0.00542272 0.0210831 0.0488401 
v -0.0054235 0.0214889 0.0487168 
v -0.0144849 0.0214888 0.0487164 
v -0.0145074 0.0210999 0.0488381 
v -0.0145127 0.0210089 0.0488666 
v -0.00542397 0.0217308 0.0486433 
v -0.00542421 0.0223128 0.0485188 
v -0.0144017 0.0223128 0.0485186 
v -0.0144218 0.0221359 0.0485572 
v -0.0144737 0.0216815 0.0486562 
v -0.0144777 0.0216129 0.0486776 
v -0.00542415 0.0230549 0.0484178 
v -0.00542414 0.0231536 0.0484136 
v -0.0142596 0.0231535 0.0484122 
v -0.00542424 0.0223881 0.0485027 
v -0.0142727 0.0230946 0.0484145 
v -0.0143456 0.0226644 0.0484685 
v -0.0143942 0.0223778 0.0485045 
v -0.00542408 0.0237312 0.0483891 
v -0.0141314 0.0237312 0.0483891 
v -0.0142499 0.0231973 0.0484104 
v -0.00538874 0.0187337 0.0501422 
vn 0 0.56665 0.823959 
vn 0 0.616705 0.787194 
vn 0 0.624695 0.780869 
vn 0 0.566669 0.823946 
vn 0 0.572144 0.820153 
vn 0 0.476288 0.879289 
vn 0 0.47629 0.879288 
vn 0 0.498509 0.866885 
vn 0 0.484748 0.874654 
vn 0 0.5666 0.823993 
vn 0 0.510668 0.859778 
vn 0 0.556455 0.830878 
vn 0 0.409613 0.912259 
vn 0 0.380554 0.924759 
vn 0 0.391636 0.92012 
vn 0 0.380545 0.924763 
vn 0 0.452258 0.891887 
vn 0 0.421136 0.906997 
vn 0 0.331013 0.943626 
vn 0 0.28053 0.959845 
vn 0 0.280524 0.959847 
vn 0 0.329066 0.944307 
vn 0 0.340292 0.94032 
vn 0 0.250053 0.968232 
vn 0 0.177369 0.984144 
vn 0 0.177369 0.984144 
vn 0 0.199596 0.979878 
vn 0 0.256225 0.966617 
vn 0 0.26489 0.964279 
vn 0 0.0845464 0.99642 
vn 0 0.0722441 0.997387 
vn 0 0.0722392 0.997387 
vn 0 0.167893 0.985805 
vn 0 0.0795837 0.996828 
vn 0 0.133483 0.991051 
vn 0 0.169185 0.985584 
vn 0 -1.11018e-15 1 
vn 0 -1.11018e-15 1 
vn 0 0.0667685 0.997768 
vn 0 0.624695 0.780869 
f 4884//4884 4885//4885 4886//4886 
f 4884//4884 4887//4887 4888//4888 
f 4888//4888 4885//4885 4884//4884 
f 4889//4889 4890//4890 4891//4891 
f 4892//4892 4893//4893 4887//4887 
f 4892//4892 4891//4891 4894//4894 
f 4894//4894 4893//4893 4892//4892 
f 4887//4887 4895//4895 4892//4892 
f 4887//4887 4884//4884 4895//4895 
f 4896//4896 4897//4897 4898//4898 
f 4897//4897 4899//4899 4898//4898 
f 4896//4896 4900//4900 4890//4890 
f 4896//4896 4901//4901 4900//4900 
f 4890//4890 4889//4889 4896//4896 
f 4902//4902 4903//4903 4904//4904 
f 4897//4897 4902//4902 4905//4905 
f 4905//4905 4906//4906 4897//4897 
f 4906//4906 4899//4899 4897//4897 
f 4907//4907 4908//4908 4909//4909 
f 4909//4909 4910//4910 4907//4907 
f 4903//4903 4907//4907 4911//4911 
f 4911//4911 4912//4912 4903//4903 
f 4912//4912 4904//4904 4903//4903 
f 4913//4913 4914//4914 4915//4915 
f 4916//4916 4913//4913 4917//4917 
f 4917//4917 4918//4918 4916//4916 
f 4915//4915 4917//4917 4913//4913 
f 4908//4908 4916//4916 4919//4919 
f 4919//4919 4909//4909 4908//4908 
f 4914//4914 4920//4920 4921//4921 
f 4921//4921 4922//4922 4914//4914 
f 4922//4922 4915//4915 4914//4914 
f 4918//4918 4919//4919 4916//4916 
f 4910//4910 4911//4911 4907//4907 
f 4904//4904 4905//4905 4902//4902 
f 4898//4898 4901//4901 4896//4896 
f 4891//4891 4892//4892 4889//4889 
f 4886//4886 4923//4923 4884//4884 
v -0.0141314 0.0237312 0.0483891 
v -0.0148635 0.0238935 0.0479369 
v -0.0149727 0.0233649 0.0479515 
v -0.0142499 0.0231973 0.0484104 
v -0.0149829 0.0233033 0.0479579 
v -0.0142727 0.0230946 0.0484145 
v -0.0142596 0.0231535 0.0484122 
v -0.0150805 0.0227134 0.0480192 
v -0.0143456 0.0226644 0.0484685 
v -0.0151021 0.0225827 0.0480328 
v -0.0151542 0.022129 0.0481225 
v -0.0144017 0.0223128 0.0485186 
v -0.0143942 0.0223778 0.0485045 
v -0.0144218 0.0221359 0.0485572 
v -0.0151921 0.0217983 0.0481879 
v -0.0144737 0.0216815 0.0486562 
v -0.0152075 0.0215518 0.0482605 
v -0.0144777 0.0216129 0.0486776 
v -0.0152407 0.0210208 0.0484169 
v -0.0145074 0.0210999 0.0488381 
v -0.0144849 0.0214888 0.0487164 
v -0.0152411 0.0209831 0.0484317 
v -0.0152462 0.0204305 0.0486489 
v -0.0145125 0.0206898 0.0489981 
v -0.0145127 0.0210089 0.0488666 
v -0.0145124 0.020601 0.0490347 
v -0.0152476 0.0202816 0.0487074 
v -0.015229 0.0198952 0.0489003 
v -0.0144965 0.0201165 0.0492605 
v -0.0145122 0.0203622 0.0491332 
v -0.0152139 0.0195814 0.049057 
v -0.0144843 0.0199239 0.0493604 
v -0.0144727 0.0197432 0.0494541 
v -0.0151911 0.0193783 0.0491826 
v -0.01446 0.019648 0.0495145 
v -0.0151382 0.0189079 0.0494735 
v -0.0144001 0.0191997 0.049799 
v -0.0151332 0.0188803 0.049494 
v -0.014394 0.0191541 0.0498279 
v -0.0144 0.0191991 0.0497993 
v -0.0150539 0.0184387 0.0498219 
v -0.0143221 0.018799 0.0500934 
v -0.0143089 0.0187337 0.0501422 
v -0.0150409 0.0183663 0.0498757 
vn -0.502051 0.121582 0.856249 
vn -0.504581 0.110282 0.856292 
vn -0.50257 0.14579 0.852155 
vn -0.50058 0.159357 0.850897 
vn -0.502361 0.149883 0.851568 
vn -0.50034 0.166546 0.84966 
vn -0.50047 0.162469 0.850373 
vn -0.500617 0.188687 0.844855 
vn -0.499476 0.196234 0.843811 
vn -0.500291 0.19719 0.843104 
vn -0.499321 0.226627 0.836253 
vn -0.498919 0.220206 0.838206 
vn -0.499015 0.215755 0.839306 
vn -0.49869 0.232187 0.835103 
vn -0.498772 0.247819 0.830549 
vn -0.498232 0.262664 0.8263 
vn -0.498443 0.263756 0.825825 
vn -0.498178 0.26731 0.824842 
vn -0.49798 0.297669 0.814499 
vn -0.497907 0.301695 0.813062 
vn -0.49809 0.2757 0.822129 
vn -0.49796 0.300127 0.813609 
vn -0.497859 0.335785 0.799615 
vn -0.497849 0.329431 0.80226 
vn -0.497882 0.307738 0.810809 
vn -0.497856 0.335432 0.799765 
vn -0.497897 0.345294 0.795532 
vn -0.498139 0.370765 0.783831 
vn -0.498023 0.368599 0.784925 
vn -0.497909 0.351489 0.792806 
vn -0.498488 0.39122 0.7736 
vn -0.498154 0.381898 0.778458 
vn -0.498316 0.394358 0.772115 
vn -0.498807 0.405086 0.766222 
vn -0.498421 0.401254 0.768486 
vn -0.499806 0.436787 0.747938 
vn -0.499076 0.433435 0.750372 
vn -0.499881 0.438749 0.746739 
vn -0.499158 0.436685 0.74843 
vn -0.499074 0.433463 0.750357 
vn -0.501282 0.469833 0.726618 
vn -0.499959 0.463317 0.731696 
vn -0.50013 0.468175 0.728479 
vn -0.50155 0.474869 0.723151 
f 4924//4924 4925//4925 4926//4926 
f 4926//4926 4927//4927 4924//4924 
f 4928//4928 4929//4929 4930//4930 
f 4931//4931 4932//4932 4929//4929 
f 4929//4929 4928//4928 4931//4931 
f 4932//4932 4931//4931 4933//4933 
f 4934//4934 4935//4935 4936//4936 
f 4934//4934 4937//4937 4935//4935 
f 4936//4936 4933//4933 4934//4934 
f 4937//4937 4934//4934 4938//4938 
f 4938//4938 4939//4939 4937//4937 
f 4940//4940 4941//4941 4939//4939 
f 4942//4942 4943//4943 4944//4944 
f 4944//4944 4940//4940 4942//4942 
f 4942//4942 4945//4945 4943//4943 
f 4946//4946 4947//4947 4948//4948 
f 4946//4946 4949//4949 4947//4947 
f 4948//4948 4945//4945 4946//4946 
f 4949//4949 4946//4946 4950//4950 
f 4951//4951 4952//4952 4953//4953 
f 4953//4953 4950//4950 4951//4951 
f 4951//4951 4954//4954 4955//4955 
f 4954//4954 4956//4956 4955//4955 
f 4957//4957 4958//4958 4956//4956 
f 4956//4956 4954//4954 4957//4957 
f 4959//4959 4960//4960 4958//4958 
f 4958//4958 4957//4957 4959//4959 
f 4961//4961 4962//4962 4963//4963 
f 4964//4964 4965//4965 4962//4962 
f 4962//4962 4961//4961 4964//4964 
f 4966//4966 4965//4965 4964//4964 
f 4964//4964 4967//4967 4966//4966 
f 4963//4963 4960//4960 4961//4961 
f 4959//4959 4961//4961 4960//4960 
f 4955//4955 4952//4952 4951//4951 
f 4950//4950 4953//4953 4949//4949 
f 4948//4948 4943//4943 4945//4945 
f 4944//4944 4941//4941 4940//4940 
f 4938//4938 4940//4940 4939//4939 
f 4933//4933 4936//4936 4932//4932 
f 4930//4930 4927//4927 4928//4928 
f 4926//4926 4928//4928 4927//4927 
v -0.0138169 0.0125526 0.0545267 
v -0.0130849 0.0129199 0.0547932 
v -0.0143089 0.0187337 0.0501422 
v -0.0150409 0.0183663 0.0498757 
vn -0.501307 0.473715 0.724075 
vn -0.501307 0.473715 0.724075 
vn -0.501307 0.473715 0.724075 
vn -0.501307 0.473715 0.724075 
f 4968//4968 4969//4969 4970//4970 
f 4970//4970 4971//4971 4968//4968 
v -0.00521202 0.0157733 0.0525105 
v -0.0130849 0.0129199 0.0547932 
v -0.0128946 0.0122376 0.0553391 
v -0.0143089 0.0187337 0.0501422 
v -0.00477611 0.0120509 0.0554884 
v -0.0128254 0.0120509 0.0554884 
v -0.00538874 0.0187337 0.0501422 
vn -3.82515e-17 0.624695 0.780869 
vn -3.82515e-17 0.624695 0.780869 
vn -3.82515e-17 0.624695 0.780869 
vn -3.82515e-17 0.624695 0.780869 
vn -3.82515e-17 0.624695 0.780869 
vn -3.82515e-17 0.624695 0.780869 
vn -3.82515e-17 0.624695 0.780869 
f 4972//4972 4973//4973 4974//4974 
f 4975//4975 4973//4973 4972//4972 
f 4974//4974 4976//4976 4972//4972 
f 4974//4974 4977//4977 4976//4976 
f 4972//4972 4978//4978 4975//4975 
v -0.0153951 0.0389876 0.0407607 
v -0.0149727 0.0233649 0.0479515 
v -0.0148635 0.0238935 0.0479369 
v -0.015268 0.0390823 0.0409571 
v -0.0155876 0.0388578 0.0404576 
v -0.0157272 0.0387733 0.0402338 
v -0.0154242 0.0389669 0.0407152 
v -0.0227598 0.0347131 0.0288799 
v -0.0151021 0.0225827 0.0480328 
v -0.0150805 0.0227134 0.0480192 
v -0.0148551 0.039439 0.0415752 
v -0.0149829 0.0233033 0.0479579 
v -0.0135693 0.0410647 0.0432887 
v -0.0139622 0.0404786 0.0428017 
v -0.0152476 0.0202816 0.0487074 
v -0.0152462 0.0204305 0.0486489 
v -0.0150539 0.0184387 0.0498219 
v -0.0151332 0.0188803 0.049494 
v -0.0151196 0.0118729 0.0523938 
v -0.0150409 0.0183663 0.0498757 
v -0.0140384 0.0403746 0.0427032 
v -0.0109178 0.0417 0.0479369 
v -0.0131988 0.0417 0.043714 
v -0.0152407 0.0210208 0.0484169 
v -0.0152075 0.0215518 0.0482605 
v -0.0152411 0.0209831 0.0484317 
v -0.0141561 0.0118729 0.0541775 
v -0.0144453 0.0398689 0.0421576 
v -0.0152139 0.0195814 0.049057 
v -0.015229 0.0198952 0.0489003 
v -0.0151382 0.0189079 0.0494735 
v -0.0151911 0.0193783 0.0491826 
v -0.0138169 0.0125526 0.0545267 
v -0.0151921 0.0217983 0.0481879 
v -0.0151542 0.022129 0.0481225 
vn -0.863587 0.19136 0.466474 
vn -0.863587 0.19136 0.466474 
vn -0.863587 0.19136 0.466474 
vn -0.863587 0.19136 0.466474 
vn -0.863587 0.19136 0.466474 
vn -0.863587 0.19136 0.466474 
vn -0.863587 0.19136 0.466474 
vn -0.863587 0.19136 0.466474 
vn -0.863587 0.19136 0.466474 
vn -0.863587 0.19136 0.466474 
vn -0.863587 0.19136 0.466474 
vn -0.863587 0.19136 0.466474 
vn -0.863587 0.19136 0.466474 
vn -0.863587 0.19136 0.466474 
vn -0.863587 0.19136 0.466474 
vn -0.863587 0.19136 0.466474 
vn -0.863587 0.19136 0.466474 
vn -0.863587 0.19136 0.466474 
vn -0.863587 0.19136 0.466474 
vn -0.863587 0.19136 0.466474 
vn -0.863587 0.19136 0.466474 
vn -0.863587 0.19136 0.466474 
vn -0.863587 0.19136 0.466474 
vn -0.863587 0.19136 0.466474 
vn -0.863587 0.19136 0.466474 
vn -0.863587 0.19136 0.466474 
vn -0.863587 0.19136 0.466474 
vn -0.863587 0.19136 0.466474 
vn -0.863587 0.19136 0.466474 
vn -0.863587 0.19136 0.466474 
vn -0.863587 0.19136 0.466474 
vn -0.863587 0.19136 0.466474 
vn -0.863587 0.19136 0.466474 
vn -0.863587 0.19136 0.466474 
vn -0.863587 0.19136 0.466474 
f 4979//4979 4980//4980 4981//4981 
f 4981//4981 4982//4982 4979//4979 
f 4980//4980 4983//4983 4984//4984 
f 4979//4979 4985//4985 4980//4980 
f 4985//4985 4983//4983 4980//4980 
f 4986//4986 4987//4987 4988//4988 
f 4981//4981 4989//4989 4982//4982 
f 4988//4988 4990//4990 4986//4986 
f 4981//4981 4991//4991 4992//4992 
f 4986//4986 4993//4993 4994//4994 
f 4986//4986 4995//4995 4996//4996 
f 4997//4997 4998//4998 4995//4995 
f 4990//4990 4980//4980 4986//4986 
f 4992//4992 4999//4999 4981//4981 
f 4981//4981 5000//5000 5001//5001 
f 4986//4986 5002//5002 5003//5003 
f 4994//4994 5004//5004 4986//4986 
f 4995//4995 4986//4986 4997//4997 
f 4998//4998 4997//4997 5005//5005 
f 4981//4981 5006//5006 4989//4989 
f 5001//5001 4991//4991 4981//4981 
f 5004//5004 5002//5002 4986//4986 
f 4986//4986 5007//5007 5008//5008 
f 4986//4986 5009//5009 5010//5010 
f 5005//5005 5011//5011 4998//4998 
f 4999//4999 5006//5006 4981//4981 
f 4986//4986 5012//5012 5013//5013 
f 5008//5008 4993//4993 4986//4986 
f 4996//4996 5009//5009 4986//4986 
f 5013//5013 4987//4987 4986//4986 
f 5010//5010 5007//5007 4986//4986 
f 5003//5003 5012//5012 4986//4986 
f 4984//4984 4986//4986 4980//4980 
v -0.0130849 0.0129199 0.0547932 
v -0.0137659 0.0123477 0.0546979 
v -0.0136382 0.0119705 0.0550119 
v -0.0138169 0.0125526 0.0545267 
v -0.0135218 0.0116265 0.0552983 
v -0.0128254 0.0120509 0.0554884 
v -0.0128946 0.0122376 0.0553391 
vn -0.501309 0.473722 0.72407 
vn -0.497703 0.4734 0.726763 
vn -0.4864 0.454721 0.746085 
vn -0.503303 0.483347 0.716283 
vn -0.47519 0.437805 0.76323 
vn -0.47236 0.430531 0.769103 
vn -0.479157 0.439949 0.759509 
f 5014//5014 5015//5015 5016//5016 
f 5014//5014 5017//5017 5015//5015 
f 5018//5018 5019//5019 5020//5020 
f 5020//5020 5016//5016 5018//5018 
f 5016//5016 5020//5020 5014//5014 
v -0.0131925 0.0110698 0.0558446 
v -0.0125917 0.0117182 0.0558009 
v -0.0126296 0.011757 0.0557574 
v -0.0130726 0.0109411 0.0560058 
v -0.0124959 0.0116201 0.0559108 
v -0.012418 0.0115578 0.0559913 
v -0.0133252 0.0112556 0.0556435 
v -0.0129952 0.0108579 0.0561099 
v -0.0123824 0.0115293 0.0560281 
v -0.0129046 0.0107833 0.056219 
v -0.0123292 0.0114869 0.056083 
v -0.012127 0.0113623 0.0562718 
v -0.0127491 0.0106553 0.0564064 
v -0.012121 0.0113586 0.0562775 
v -0.0121368 0.0108454 0.0566302 
v -0.0124408 0.0104641 0.0567403 
v -0.0118328 0.0112266 0.05652 
v -0.0134865 0.0115449 0.0553675 
v -0.0127543 0.0119285 0.0555933 
v -0.0128254 0.0120509 0.0554884 
v -0.0133533 0.0112965 0.0556001 
v -0.0127361 0.011897 0.0556203 
v -0.0126487 0.0117821 0.0557328 
v -0.0133504 0.0112909 0.0556053 
v -0.0135218 0.0116265 0.0552983 
vn -0.45938 0.48827 0.741999 
vn -0.436966 0.444472 0.781988 
vn -0.440148 0.438848 0.783379 
vn -0.454978 0.501126 0.736117 
vn -0.429455 0.459025 0.777731 
vn -0.424218 0.469356 0.774431 
vn -0.465081 0.471099 0.74951 
vn -0.452149 0.509125 0.732361 
vn -0.42181 0.4739 0.772979 
vn -0.44909 0.517079 0.728662 
vn -0.418533 0.480846 0.770466 
vn -0.407552 0.503472 0.761851 
vn -0.4441 0.530371 0.722137 
vn -0.407242 0.504123 0.761586 
vn -0.416567 0.542833 0.729249 
vn -0.434492 0.552046 0.711662 
vn -0.393992 0.530904 0.750274 
vn -0.473361 0.445558 0.759873 
vn -0.452706 0.416705 0.788299 
vn -0.461341 0.40288 0.790476 
vn -0.466333 0.467277 0.751123 
vn -0.450577 0.420485 0.78751 
vn -0.441977 0.435532 0.784199 
vn -0.466177 0.467752 0.750925 
vn -0.475549 0.438733 0.762474 
f 5021//5021 5022//5022 5023//5023 
f 5021//5021 5024//5024 5025//5025 
f 5025//5025 5022//5022 5021//5021 
f 5024//5024 5026//5026 5025//5025 
f 5023//5023 5027//5027 5021//5021 
f 5028//5028 5029//5029 5026//5026 
f 5028//5028 5030//5030 5031//5031 
f 5031//5031 5029//5029 5028//5028 
f 5032//5032 5031//5031 5030//5030 
f 5033//5033 5034//5034 5032//5032 
f 5030//5030 5033//5033 5032//5032 
f 5034//5034 5033//5033 5035//5035 
f 5033//5033 5036//5036 5035//5035 
f 5035//5035 5037//5037 5034//5034 
f 5038//5038 5039//5039 5040//5040 
f 5041//5041 5042//5042 5039//5039 
f 5039//5039 5038//5038 5041//5041 
f 5043//5043 5042//5042 5041//5041 
f 5041//5041 5044//5044 5043//5043 
f 5044//5044 5027//5027 5043//5043 
f 5040//5040 5045//5045 5038//5038 
f 5026//5026 5024//5024 5028//5028 
f 5023//5023 5043//5043 5027//5027 
v -0.00430084 0.0109336 0.05767 
v -0.0103986 0.0109381 0.0576705 
v -0.0101992 0.010925 0.057831 
v -0.00437263 0.0109638 0.0573764 
v -0.0106201 0.0109527 0.0574921 
v -0.0107642 0.0109622 0.057376 
v -0.00434036 0.0109421 0.0575111 
v -0.00444095 0.0110227 0.0570872 
v -0.0108036 0.0109648 0.0573442 
v -0.0110355 0.0110098 0.0571581 
v -0.0111226 0.0110267 0.0570881 
v -0.00441584 0.010993 0.0571961 
v -0.00448737 0.0110777 0.056886 
v -0.0114412 0.0111011 0.0568327 
v -0.0113422 0.0110693 0.0569117 
v -0.00450533 0.0111095 0.0568051 
v -0.0114747 0.0111118 0.056806 
v -0.00456563 0.0112221 0.0565319 
v -0.0118181 0.0112219 0.0565318 
v -0.00455428 0.0111962 0.0565846 
v -0.00477611 0.0120509 0.0554884 
v -0.0128254 0.0120509 0.0554884 
v -0.0127543 0.0119285 0.0555933 
v -0.00475641 0.011928 0.0555928 
v -0.0126296 0.011757 0.0557574 
v -0.0125917 0.0117182 0.0558009 
v -0.0126487 0.0117821 0.0557328 
v -0.0127361 0.011897 0.0556203 
v -0.00473105 0.0117884 0.0557251 
v -0.00475447 0.0119159 0.0556031 
v -0.00471626 0.0117181 0.0558008 
v -0.012418 0.0115578 0.0559913 
v -0.0123824 0.0115293 0.0560281 
v -0.0124959 0.0116201 0.0559108 
v -0.00467867 0.0115559 0.0559905 
v -0.00470579 0.0116683 0.0558543 
v -0.00467114 0.0115288 0.0560276 
v -0.0123292 0.0114869 0.056083 
v -0.012127 0.0113623 0.0562718 
v -0.004621 0.0113623 0.0562718 
v -0.00464996 0.0114525 0.0561319 
v -0.0118328 0.0112266 0.05652 
v -0.012121 0.0113586 0.0562775 
v -0.00458781 0.0112728 0.056429 
v -0.00461969 0.0113582 0.0562781 
v -0.0042608 0.010925 0.057831 
vn 0 0.998555 0.0537379 
vn 0 0.998559 0.0536724 
vn 0 1 0 
vn 0 0.988422 0.151731 
vn 0 0.993561 0.113297 
vn 0 0.988413 0.151786 
vn 0 0.994299 0.106629 
vn 0 0.968696 0.248252 
vn 0 0.986748 0.16226 
vn 0 0.974377 0.22492 
vn 0 0.968683 0.2483 
vn 0 0.977348 0.21164 
vn 0 0.949087 0.315014 
vn 0 0.942817 0.333311 
vn 0 0.951897 0.30642 
vn 0 0.939567 0.342365 
vn 0 0.939575 0.342344 
vn 0 0.901305 0.433186 
vn 0 0.901297 0.433203 
vn 0 0.909601 0.415482 
vn 0 0.624695 0.780869 
vn 0 0.624695 0.780869 
vn 0 0.66576 0.746166 
vn 0 0.665757 0.746169 
vn 0 0.722672 0.691192 
vn 0 0.735947 0.677039 
vn 0 0.714512 0.699623 
vn 0 0.67599 0.73691 
vn 0 0.712213 0.701964 
vn 0 0.669706 0.742627 
vn 0 0.735952 0.677033 
vn 0 0.789576 0.613653 
vn 0 0.799008 0.601321 
vn 0 0.768314 0.640073 
vn 0 0.78969 0.613507 
vn 0 0.752232 0.658898 
vn 0 0.799001 0.60133 
vn 0 0.812704 0.582677 
vn 0 0.854301 0.519778 
vn 0 0.854301 0.519779 
vn 0 0.824152 0.566368 
vn 0 0.899465 0.436994 
vn 0 0.855471 0.517851 
vn 0 0.88408 0.467336 
vn 0 0.855601 0.517635 
vn 0 1 0 
f 5046//5046 5047//5047 5048//5048 
f 5049//5049 5050//5050 5047//5047 
f 5049//5049 5051//5051 5050//5050 
f 5047//5047 5046//5046 5052//5052 
f 5053//5053 5054//5054 5051//5051 
f 5053//5053 5055//5055 5054//5054 
f 5053//5053 5056//5056 5055//5055 
f 5051//5051 5049//5049 5057//5057 
f 5058//5058 5059//5059 5060//5060 
f 5061//5061 5062//5062 5059//5059 
f 5059//5059 5058//5058 5061//5061 
f 5056//5056 5053//5053 5058//5058 
f 5063//5063 5064//5064 5062//5062 
f 5062//5062 5061//5061 5065//5065 
f 5066//5066 5067//5067 5068//5068 
f 5069//5069 5070//5070 5071//5071 
f 5069//5069 5072//5072 5070//5070 
f 5069//5069 5068//5068 5073//5073 
f 5073//5073 5072//5072 5069//5069 
f 5071//5071 5074//5074 5075//5075 
f 5071//5071 5076//5076 5074//5074 
f 5076//5076 5077//5077 5078//5078 
f 5076//5076 5071//5071 5079//5079 
f 5079//5079 5077//5077 5076//5076 
f 5078//5078 5080//5080 5081//5081 
f 5078//5078 5082//5082 5080//5080 
f 5082//5082 5083//5083 5084//5084 
f 5082//5082 5078//5078 5083//5083 
f 5084//5084 5085//5085 5086//5086 
f 5085//5085 5087//5087 5064//5064 
f 5085//5085 5084//5084 5088//5088 
f 5088//5088 5087//5087 5085//5085 
f 5064//5064 5089//5089 5090//5090 
f 5064//5064 5063//5063 5089//5089 
f 5064//5064 5090//5090 5085//5085 
f 5084//5084 5086//5086 5082//5082 
f 5078//5078 5081//5081 5076//5076 
f 5071//5071 5075//5075 5069//5069 
f 5068//5068 5069//5069 5066//5066 
f 5062//5062 5065//5065 5063//5063 
f 5060//5060 5056//5056 5058//5058 
f 5051//5051 5057//5057 5053//5053 
f 5047//5047 5052//5052 5049//5049 
f 5048//5048 5091//5091 5046//5046 
v -0.0101992 0.010925 0.057831 
v -0.00193799 0.010925 0.0643997 
v -0.00345863 0.010925 0.0605633 
v 0.000443271 0.010925 0.0687855 
v -1.02974e-05 0.010925 0.0680486 
v -0.0042608 0.010925 0.057831 
vn 0 1 0 
vn 0 1 0 
vn 0 1 0 
vn 0 1 0 
vn 0 1 0 
vn 0 1 0 
f 5092//5092 5093//5093 5094//5094 
f 5092//5092 5095//5095 5096//5096 
f 5096//5096 5093//5093 5092//5092 
f 5094//5094 5097//5097 5092//5092 
v -0.0113413 0.0105884 0.0573587 
v -0.010925 0.010523 0.0577401 
v -0.0108036 0.0109648 0.0573442 
v -0.0106201 0.0109527 0.0574921 
v -0.0107642 0.0109622 0.057376 
v -0.011747 0.0106962 0.0569872 
v -0.0114747 0.0111118 0.056806 
v -0.0118181 0.0112219 0.0565318 
v -0.0114412 0.0111011 0.0568327 
v -0.0121368 0.0108454 0.0566302 
v -0.0105033 0.0105011 0.0581264 
v -0.0103986 0.0109381 0.0576705 
v -0.0101992 0.010925 0.057831 
v -0.011277 0.0101067 0.0579382 
v -0.0116447 0.0101823 0.0575598 
v -0.0108073 0.0100773 0.0584217 
v -0.0111226 0.0110267 0.0570881 
v -0.0113422 0.0110693 0.0569117 
v -0.0110355 0.0110098 0.0571581 
v -0.0122937 0.0103943 0.0568917 
v -0.0124408 0.0104641 0.0567403 
v -0.0120495 0.0103049 0.057143 
v -0.0118048 0.0102152 0.0573949 
v -0.011229 0.0101037 0.0579876 
v -0.0118328 0.0112266 0.05652 
vn -0.445264 0.634237 0.632047 
vn -0.460362 0.67274 0.579214 
vn -0.42194 0.649542 0.632505 
vn -0.428148 0.667266 0.609463 
vn -0.423055 0.653365 0.627805 
vn -0.432337 0.591571 0.680536 
vn -0.402451 0.575956 0.711553 
vn -0.394636 0.532993 0.748453 
vn -0.403652 0.580147 0.707456 
vn -0.420975 0.54512 0.725 
vn -0.478284 0.706517 0.521612 
vn -0.435942 0.687343 0.580959 
vn -0.444535 0.704418 0.553338 
vn -0.486221 0.672658 0.557782 
vn -0.471658 0.640867 0.605663 
vn -0.507457 0.707107 0.492431 
vn -0.41174 0.616111 0.671475 
vn -0.406225 0.591832 0.696216 
vn -0.414731 0.625666 0.660712 
vn -0.44876 0.574095 0.684857 
vn -0.443801 0.556736 0.702201 
vn -0.457058 0.600831 0.65582 
vn -0.465785 0.625808 0.625627 
vn -0.488236 0.676487 0.551354 
vn -0.394357 0.5311 0.749944 
f 5098//5098 5099//5099 5100//5100 
f 5099//5099 5101//5101 5102//5102 
f 5102//5102 5100//5100 5099//5099 
f 5103//5103 5104//5104 5105//5105 
f 5103//5103 5106//5106 5104//5104 
f 5105//5105 5107//5107 5103//5103 
f 5099//5099 5108//5108 5109//5109 
f 5108//5108 5110//5110 5109//5109 
f 5111//5111 5099//5099 5098//5098 
f 5098//5098 5112//5112 5111//5111 
f 5113//5113 5108//5108 5099//5099 
f 5098//5098 5114//5114 5115//5115 
f 5098//5098 5116//5116 5114//5114 
f 5115//5115 5103//5103 5098//5098 
f 5103//5103 5107//5107 5117//5117 
f 5107//5107 5118//5118 5117//5117 
f 5103//5103 5119//5119 5120//5120 
f 5120//5120 5098//5098 5103//5103 
f 5120//5120 5112//5112 5098//5098 
f 5117//5117 5119//5119 5103//5103 
f 5115//5115 5106//5106 5103//5103 
f 5099//5099 5121//5121 5113//5113 
f 5111//5111 5121//5121 5099//5099 
f 5109//5109 5101//5101 5099//5099 
f 5105//5105 5122//5122 5107//5107 
f 5100//5100 5116//5116 5098//5098 
v -0.0105033 0.0105011 0.0581264 
v 0.00134371 0.0106227 0.0701462 
v 0.000443271 0.010925 0.0687855 
v -0.0101992 0.010925 0.057831 
v -0.0108073 0.0100773 0.0584217 
v 0.00230172 0.0103895 0.071467 
v 0.00529883 0.0100773 0.075 
v 0.00497079 0.0101106 0.0746145 
v 0.0035935 0.0101941 0.073077 
v 0.00532035 0.0101073 0.0749791 
vn -0.507171 0.707107 0.492725 
vn -0.507171 0.707107 0.492725 
vn -0.507171 0.707107 0.492725 
vn -0.507171 0.707107 0.492725 
vn -0.507171 0.707107 0.492725 
vn -0.507171 0.707107 0.492725 
vn -0.507171 0.707107 0.492725 
vn -0.507171 0.707107 0.492725 
vn -0.507171 0.707107 0.492725 
vn -0.507171 0.707107 0.492725 
f 5123//5123 5124//5124 5125//5125 
f 5125//5125 5126//5126 5123//5123 
f 5127//5127 5128//5128 5124//5124 
f 5127//5127 5129//5129 5130//5130 
f 5127//5127 5131//5131 5128//5128 
f 5129//5129 5132//5132 5130//5130 
f 5130//5130 5131//5131 5127//5127 
f 5123//5123 5127//5127 5124//5124 
v -0.0133504 0.0112909 0.0556053 
v -0.0135362 0.0109296 0.0554115 
v -0.0135321 0.0109239 0.0554187 
v -0.0131925 0.0110698 0.0558446 
v -0.0133252 0.0112556 0.0556435 
v -0.0131337 0.0104374 0.0559786 
v -0.0130726 0.0109411 0.0560058 
v -0.0129952 0.0108579 0.0561099 
v -0.0129046 0.0107833 0.056219 
v -0.0130969 0.0103975 0.0560205 
v -0.0136382 0.0119705 0.0550119 
v -0.0139035 0.0114529 0.0547495 
v -0.0138738 0.0114035 0.0548169 
v -0.0134865 0.0115449 0.0553675 
v -0.0135218 0.0116265 0.0552983 
v -0.0133533 0.0112965 0.0556001 
v -0.0141561 0.0118729 0.0541775 
v -0.0137659 0.0123477 0.0546979 
v -0.0126928 0.00995927 0.0564809 
v -0.0127491 0.0106553 0.0564064 
v -0.0124408 0.0104641 0.0567403 
v -0.0138169 0.0125526 0.0545267 
vn -0.801271 0.0965708 0.590457 
vn -0.801627 0.0970363 0.589897 
vn -0.801186 0.0964604 0.59059 
vn -0.784844 0.0757403 0.615048 
vn -0.79872 0.0932559 0.594432 
vn -0.761346 0.0478147 0.646581 
vn -0.773459 0.0619606 0.630811 
vn -0.765869 0.0530392 0.640805 
vn -0.757857 0.0438307 0.650947 
vn -0.757861 0.0438351 0.650942 
vn -0.838605 0.149421 0.523846 
vn -0.838602 0.149416 0.523853 
vn -0.835348 0.144422 0.530412 
vn -0.816989 0.117748 0.564503 
vn -0.821456 0.124026 0.556622 
vn -0.801628 0.0970371 0.589896 
vn -0.863587 0.19136 0.466474 
vn -0.855466 0.176916 0.486702 
vn -0.717248 -6.93889e-16 0.696818 
vn -0.74365 0.0279889 0.667983 
vn -0.717248 -6.93889e-16 0.696818 
vn -0.863587 0.19136 0.466474 
f 5133//5133 5134//5134 5135//5135 
f 5135//5135 5136//5136 5137//5137 
f 5138//5138 5139//5139 5136//5136 
f 5138//5138 5140//5140 5139//5139 
f 5141//5141 5140//5140 5138//5138 
f 5138//5138 5142//5142 5141//5141 
f 5136//5136 5135//5135 5138//5138 
f 5135//5135 5137//5137 5133//5133 
f 5143//5143 5144//5144 5145//5145 
f 5145//5145 5146//5146 5147//5147 
f 5134//5134 5148//5148 5146//5146 
f 5146//5146 5145//5145 5134//5134 
f 5149//5149 5144//5144 5143//5143 
f 5143//5143 5150//5150 5149//5149 
f 5142//5142 5151//5151 5152//5152 
f 5151//5151 5153//5153 5152//5152 
f 5152//5152 5141//5141 5142//5142 
f 5150//5150 5154//5154 5149//5149 
f 5145//5145 5147//5147 5143//5143 
f 5133//5133 5148//5148 5134//5134 
v -0.0142742 0.0109202 0.0542413 
v -0.0142672 0.0110404 0.0542375 
v -0.0152345 0.0109991 0.0524559 
v -0.0151196 0.0118729 0.0523938 
v -0.0141561 0.0118729 0.0541775 
v -0.0152387 0.0109203 0.0524581 
v -0.0152811 0.0101171 0.052481 
v -0.0143162 0.0102003 0.0542639 
v -0.0143187 0.00995927 0.0542653 
v -0.0152822 0.00995927 0.0524816 
vn -0.875772 0.0961384 0.473056 
vn -0.874689 0.108117 0.472471 
vn -0.875078 0.103979 0.472681 
vn -0.863587 0.19136 0.466474 
vn -0.863587 0.19136 0.466474 
vn -0.875772 0.0961369 0.473056 
vn -0.879737 0.0157868 0.475198 
vn -0.879591 0.0241072 0.475119 
vn -0.879847 -1.09007e-15 0.475257 
vn -0.879847 -1.09007e-15 0.475257 
f 5155//5155 5156//5156 5157//5157 
f 5158//5158 5157//5157 5156//5156 
f 5156//5156 5159//5159 5158//5158 
f 5160//5160 5161//5161 5162//5162 
f 5163//5163 5162//5162 5161//5161 
f 5161//5161 5164//5164 5163//5163 
f 5162//5162 5155//5155 5160//5160 
f 5157//5157 5160//5160 5155//5155 
v -0.0139122 0.0113322 0.054775 
v -0.0138738 0.0114035 0.0548169 
v -0.0139035 0.0114529 0.0547495 
v -0.0135362 0.0109296 0.0554115 
v -0.0136087 0.0107818 0.0553352 
v -0.0135321 0.0109239 0.0554187 
v -0.0139531 0.0112672 0.0547259 
v -0.0136903 0.0106522 0.0552374 
v -0.0139961 0.0112092 0.0546702 
v -0.0137759 0.0105366 0.0551263 
v -0.0140405 0.0111589 0.0546085 
v -0.0138645 0.0104364 0.0550033 
v -0.014086 0.0111169 0.0545415 
v -0.0139552 0.0103528 0.0548698 
v -0.014132 0.0110838 0.05447 
v -0.0140467 0.0102867 0.0547274 
v -0.0141778 0.0110598 0.054395 
v -0.0141381 0.0102389 0.0545778 
v -0.0142231 0.0110453 0.0543171 
v -0.0142283 0.01021 0.0544227 
v -0.0142742 0.0109202 0.0542413 
v -0.0142672 0.0110404 0.0542375 
v -0.0131337 0.0104374 0.0559786 
v -0.0132479 0.0102255 0.0558541 
v -0.0143187 0.00995927 0.0542653 
v -0.0142094 0.00995927 0.0544473 
v -0.0140958 0.00995927 0.0546363 
v -0.0139794 0.00995927 0.0548299 
v -0.0138455 0.00995927 0.0550527 
v -0.0136967 0.00995927 0.0552554 
v -0.0135137 0.00995927 0.0555048 
v -0.013441 0.00995927 0.0556038 
v -0.0133695 0.0100323 0.0557082 
v -0.0133229 0.00995927 0.0557647 
v -0.013302 0.00995927 0.0557933 
v -0.0130969 0.0103975 0.0560205 
v -0.0130223 0.00995927 0.056109 
v -0.0126928 0.00995927 0.0564809 
v -0.0143162 0.0102003 0.0542639 
v -0.0141561 0.0118729 0.0541775 
vn -0.83919 0.137292 0.526224 
vn -0.835348 0.144422 0.530412 
vn -0.838602 0.149416 0.523853 
vn -0.801627 0.0970363 0.589897 
vn -0.808843 0.0822498 0.582243 
vn -0.801186 0.0964604 0.59059 
vn -0.843283 0.130789 0.521314 
vn -0.817 0.0692894 0.572459 
vn -0.847578 0.124989 0.515741 
vn -0.825561 0.0577316 0.561352 
vn -0.852026 0.119961 0.50957 
vn -0.834425 0.0477121 0.549053 
vn -0.856573 0.115765 0.502872 
vn -0.843488 0.0393488 0.535705 
vn -0.861167 0.112449 0.495728 
vn -0.852643 0.0327397 0.521467 
vn -0.865754 0.110052 0.48822 
vn -0.861784 0.0279628 0.506505 
vn -0.870279 0.108602 0.480437 
vn -0.870802 0.0250739 0.490995 
vn -0.875772 0.0961384 0.473056 
vn -0.874689 0.108117 0.472471 
vn -0.761346 0.0478147 0.646581 
vn -0.772763 0.0266248 0.634135 
vn -0.879847 -1.73472e-16 0.475257 
vn -0.869563 -1.73472e-16 0.493822 
vn -0.858455 -1.73472e-16 0.512889 
vn -0.846639 -5.20417e-16 0.532167 
vn -0.83252 -5.20417e-16 0.553995 
vn -0.818331 -5.20417e-16 0.574747 
vn -0.800146 -5.20417e-16 0.599805 
vn -0.792714 -5.20417e-16 0.609594 
vn -0.784926 0.00729914 0.619546 
vn -0.780387 -5.20417e-16 0.625297 
vn -0.778168 -5.20417e-16 0.628057 
vn -0.757861 0.0438351 0.650942 
vn -0.750988 -5.20417e-16 0.660316 
vn -0.717248 0 0.696818 
vn -0.879591 0.0241072 0.475119 
vn -0.863587 0.19136 0.466474 
f 5165//5165 5166//5166 5167//5167 
f 5168//5168 5166//5166 5165//5165 
f 5169//5169 5170//5170 5168//5168 
f 5169//5169 5165//5165 5171//5171 
f 5172//5172 5171//5171 5173//5173 
f 5174//5174 5173//5173 5175//5175 
f 5176//5176 5175//5175 5177//5177 
f 5178//5178 5177//5177 5179//5179 
f 5180//5180 5179//5179 5181//5181 
f 5182//5182 5181//5181 5183//5183 
f 5184//5184 5183//5183 5185//5185 
f 5183//5183 5186//5186 5185//5185 
f 5187//5187 5170//5170 5169//5169 
f 5188//5188 5169//5169 5172//5172 
f 5189//5189 5190//5190 5184//5184 
f 5182//5182 5184//5184 5190//5190 
f 5180//5180 5182//5182 5191//5191 
f 5178//5178 5180//5180 5192//5192 
f 5176//5176 5178//5178 5193//5193 
f 5174//5174 5176//5176 5194//5194 
f 5172//5172 5174//5174 5195//5195 
f 5195//5195 5196//5196 5172//5172 
f 5188//5188 5197//5197 5198//5198 
f 5198//5198 5199//5199 5188//5188 
f 5200//5200 5188//5188 5201//5201 
f 5201//5201 5202//5202 5200//5200 
f 5200//5200 5187//5187 5188//5188 
f 5199//5199 5201//5201 5188//5188 
f 5198//5198 5197//5197 5196//5196 
f 5196//5196 5197//5197 5172//5172 
f 5194//5194 5195//5195 5174//5174 
f 5193//5193 5194//5194 5176//5176 
f 5192//5192 5193//5193 5178//5178 
f 5191//5191 5192//5192 5180//5180 
f 5190//5190 5191//5191 5182//5182 
f 5184//5184 5203//5203 5189//5189 
f 5172//5172 5197//5197 5188//5188 
f 5169//5169 5188//5188 5187//5187 
f 5185//5185 5203//5203 5184//5184 
f 5183//5183 5184//5184 5182//5182 
f 5181//5181 5182//5182 5180//5180 
f 5179//5179 5180//5180 5178//5178 
f 5177//5177 5178//5178 5176//5176 
f 5175//5175 5176//5176 5174//5174 
f 5173//5173 5174//5174 5172//5172 
f 5171//5171 5172//5172 5169//5169 
f 5165//5165 5169//5169 5168//5168 
f 5186//5186 5183//5183 5204//5204 
f 5183//5183 5181//5181 5204//5204 
f 5181//5181 5179//5179 5204//5204 
f 5179//5179 5177//5177 5204//5204 
f 5177//5177 5175//5175 5204//5204 
f 5175//5175 5173//5173 5204//5204 
f 5173//5173 5171//5171 5204//5204 
f 5171//5171 5165//5165 5204//5204 
f 5167//5167 5204//5204 5165//5165 
v -0.0138455 0.00995927 0.0550527 
v -0.0139794 0.00995927 0.0548299 
v -0.0139794 -0.00995927 0.0548299 
v -0.0143187 -0.00995927 0.0542653 
v -0.0142094 -0.00995927 0.0544473 
v -0.0142094 0.00995927 0.0544473 
v -0.0140958 -0.00995927 0.0546363 
v -0.0140958 0.00995927 0.0546363 
v -0.0143187 0.00995927 0.0542653 
v -0.0133229 0.00995927 0.0557647 
v -0.013441 0.00995927 0.0556038 
v -0.013441 -0.00995927 0.0556038 
v -0.0133229 -0.00995927 0.0557647 
v -0.013302 -0.00995927 0.0557933 
v -0.013302 0.00995927 0.0557933 
v -0.0138455 -0.00995927 0.0550527 
v -0.0136967 -0.00995927 0.0552554 
v -0.0136967 0.00995927 0.0552554 
v -0.0135137 -0.00995927 0.0555048 
v -0.0135137 0.00995927 0.0555048 
v -0.0130223 -0.00995927 0.056109 
v -0.0126928 -0.00995927 0.0564809 
v -0.0126928 0.00995927 0.0564809 
v -0.0130223 0.00995927 0.056109 
vn -0.83252 -5.09772e-17 0.553995 
vn -0.846639 0 0.532167 
vn -0.846639 0 0.532167 
vn -0.879847 0 0.475257 
vn -0.869563 0 0.493822 
vn -0.869563 0 0.493822 
vn -0.858455 0 0.512889 
vn -0.858455 0 0.512889 
vn -0.879847 0 0.475257 
vn -0.780387 0 0.625297 
vn -0.792714 0 0.609594 
vn -0.792714 0 0.609594 
vn -0.780387 0 0.625297 
vn -0.778168 -4.7649e-17 0.628057 
vn -0.778168 -4.7649e-17 0.628057 
vn -0.83252 -5.09772e-17 0.553995 
vn -0.818331 0 0.574747 
vn -0.818331 0 0.574747 
vn -0.800146 0 0.599805 
vn -0.800146 0 0.599805 
vn -0.750988 0 0.660316 
vn -0.717248 0 0.696818 
vn -0.717248 0 0.696818 
vn -0.750988 0 0.660316 
f 5205//5205 5206//5206 5207//5207 
f 5208//5208 5209//5209 5210//5210 
f 5211//5211 5207//5207 5206//5206 
f 5212//5212 5210//5210 5209//5209 
f 5209//5209 5211//5211 5212//5212 
f 5206//5206 5212//5212 5211//5211 
f 5210//5210 5213//5213 5208//5208 
f 5214//5214 5215//5215 5216//5216 
f 5214//5214 5217//5217 5218//5218 
f 5218//5218 5219//5219 5214//5214 
f 5205//5205 5220//5220 5221//5221 
f 5222//5222 5221//5221 5223//5223 
f 5223//5223 5224//5224 5222//5222 
f 5216//5216 5215//5215 5224//5224 
f 5224//5224 5223//5223 5216//5216 
f 5221//5221 5222//5222 5205//5205 
f 5219//5219 5218//5218 5225//5225 
f 5226//5226 5227//5227 5228//5228 
f 5228//5228 5225//5225 5226//5226 
f 5225//5225 5228//5228 5219//5219 
f 5216//5216 5217//5217 5214//5214 
f 5207//5207 5220//5220 5205//5205 
v -0.0154591 0.011178 0.0519666 
v -0.0151196 0.0118729 0.0523938 
v -0.0154811 0.0112432 0.0518997 
v -0.0153703 0.0101274 0.0523117 
v -0.0152811 0.0101171 0.052481 
v -0.0152387 0.0109203 0.0524581 
v -0.0152793 0.0110042 0.0523709 
v -0.0153218 0.0110196 0.0522859 
v -0.0154549 0.010158 0.0521425 
v -0.0153615 0.011045 0.0522021 
v -0.015534 0.0102087 0.0519754 
v -0.0153979 0.0110802 0.0521202 
v -0.0156065 0.0102788 0.0518124 
v -0.0154305 0.0111247 0.0520415 
v -0.0156716 0.0103674 0.0516555 
v -0.0157732 0.0106037 0.0513734 
v -0.0157286 0.0104736 0.0515064 
v -0.0154833 0.0112395 0.0518967 
v -0.0157767 0.010596 0.0513671 
v -0.0159943 0.00995927 0.0508192 
v -0.015881 0.00995927 0.0511207 
v -0.0157721 0.00995927 0.0514105 
v -0.0156759 0.00995927 0.0516666 
v -0.01557 0.00995927 0.0518858 
v -0.0154714 0.00995927 0.05209 
v -0.015375 0.00995927 0.0522895 
v -0.0152822 0.00995927 0.0524816 
v -0.0152345 0.0109991 0.0524559 
vn -0.897539 0.121872 0.423759 
vn -0.863587 0.19136 0.466474 
vn -0.899759 0.128399 0.41707 
vn -0.888657 0.016812 0.458265 
vn -0.879737 0.0157868 0.475198 
vn -0.875772 0.0961369 0.473056 
vn -0.879555 0.104494 0.464181 
vn -0.883802 0.106032 0.455687 
vn -0.897118 0.0198754 0.441343 
vn -0.88777 0.108574 0.447299 
vn -0.905022 0.0249407 0.424633 
vn -0.891409 0.112092 0.439118 
vn -0.912273 0.0319477 0.408334 
vn -0.894679 0.116542 0.43124 
vn -0.918786 0.040813 0.392639 
vn -0.928991 0.0644469 0.364448 
vn -0.924484 0.0514315 0.377736 
vn -0.899955 0.128018 0.416764 
vn -0.929298 0.0636769 0.3638 
vn -0.951057 0 0.309017 
vn -0.940611 -3.46945e-16 0.339486 
vn -0.929642 -5.20417e-16 0.368465 
vn -0.919218 -8.67362e-16 0.39375 
vn -0.909362 -8.67362e-16 0.416006 
vn -0.899684 -1.04083e-15 0.436541 
vn -0.889786 -8.67362e-16 0.456378 
vn -0.879847 -1.04083e-15 0.475257 
vn -0.875078 0.103979 0.472681 
f 5229//5229 5230//5230 5231//5231 
f 5232//5232 5233//5233 5234//5234 
f 5234//5234 5235//5235 5232//5232 
f 5232//5232 5235//5235 5236//5236 
f 5237//5237 5236//5236 5238//5238 
f 5239//5239 5238//5238 5240//5240 
f 5241//5241 5240//5240 5242//5242 
f 5243//5243 5242//5242 5229//5229 
f 5244//5244 5245//5245 5229//5229 
f 5229//5229 5246//5246 5244//5244 
f 5247//5247 5248//5248 5249//5249 
f 5245//5245 5249//5249 5250//5250 
f 5243//5243 5250//5250 5251//5251 
f 5241//5241 5251//5251 5252//5252 
f 5239//5239 5252//5252 5253//5253 
f 5237//5237 5253//5253 5254//5254 
f 5255//5255 5233//5233 5232//5232 
f 5232//5232 5254//5254 5255//5255 
f 5254//5254 5232//5232 5237//5237 
f 5253//5253 5237//5237 5239//5239 
f 5252//5252 5239//5239 5241//5241 
f 5251//5251 5241//5241 5243//5243 
f 5250//5250 5243//5243 5245//5245 
f 5249//5249 5245//5245 5247//5247 
f 5244//5244 5247//5247 5245//5245 
f 5229//5229 5245//5245 5243//5243 
f 5242//5242 5243//5243 5241//5241 
f 5240//5240 5241//5241 5239//5239 
f 5238//5238 5239//5239 5237//5237 
f 5236//5236 5237//5237 5232//5232 
f 5234//5234 5256//5256 5235//5235 
f 5231//5231 5246//5246 5229//5229 
f 5229//5229 5242//5242 5230//5230 
f 5242//5242 5240//5240 5230//5230 
f 5240//5240 5238//5238 5230//5230 
f 5238//5238 5236//5236 5230//5230 
f 5236//5236 5235//5235 5230//5230 
f 5235//5235 5256//5256 5230//5230 
v -0.0159943 -0.00995927 0.0508192 
v -0.015881 -0.00995927 0.0511207 
v -0.015881 0.00995927 0.0511207 
v -0.0157721 -0.00995927 0.0514105 
v -0.0156759 -0.00995927 0.0516666 
v -0.0156759 0.00995927 0.0516666 
v -0.0157721 0.00995927 0.0514105 
v -0.0152822 0.00995927 0.0524816 
v -0.015375 0.00995927 0.0522895 
v -0.015375 -0.00995927 0.0522895 
v -0.0154714 0.00995927 0.05209 
v -0.01557 0.00995927 0.0518858 
v -0.01557 -0.00995927 0.0518858 
v -0.0154714 -0.00995927 0.05209 
v -0.0152822 -0.00995927 0.0524816 
v -0.0159943 0.00995927 0.0508192 
vn -0.951057 0 0.309017 
vn -0.940611 0 0.339486 
vn -0.940611 0 0.339486 
vn -0.929642 0 0.368465 
vn -0.919218 -5.62858e-17 0.39375 
vn -0.919218 -5.62858e-17 0.39375 
vn -0.929642 0 0.368465 
vn -0.879847 -5.42101e-17 0.475257 
vn -0.889786 -5.42101e-17 0.456378 
vn -0.889786 -5.42101e-17 0.456378 
vn -0.899684 -5.42101e-17 0.436541 
vn -0.909362 -5.42101e-17 0.416006 
vn -0.909362 -5.42101e-17 0.416006 
vn -0.899684 -5.42101e-17 0.436541 
vn -0.879847 0 0.475257 
vn -0.951057 -5.42101e-17 0.309017 
f 5257//5257 5258//5258 5259//5259 
f 5260//5260 5261//5261 5262//5262 
f 5259//5259 5258//5258 5260//5260 
f 5260//5260 5263//5263 5259//5259 
f 5262//5262 5263//5263 5260//5260 
f 5264//5264 5265//5265 5266//5266 
f 5267//5267 5268//5268 5269//5269 
f 5265//5265 5267//5267 5270//5270 
f 5270//5270 5266//5266 5265//5265 
f 5269//5269 5270//5270 5267//5267 
f 5269//5269 5268//5268 5262//5262 
f 5262//5262 5261//5261 5269//5269 
f 5266//5266 5271//5271 5264//5264 
f 5259//5259 5272//5272 5257//5257 
v -0.0143187 -0.00995927 0.0542653 
v -0.0143187 0.00995927 0.0542653 
v -0.0152822 0.00995927 0.0524816 
v -0.0152822 -0.00995927 0.0524816 
vn -0.879847 0 0.475257 
vn -0.879847 0 0.475257 
vn -0.879847 0 0.475257 
vn -0.879847 0 0.475257 
f 5273//5273 5274//5274 5275//5275 
f 5275//5275 5276//5276 5273//5273 
v -0.0143187 -0.00995927 0.0542653 
v -0.0152822 -0.00995927 0.0524816 
v -0.0152811 -0.0101171 0.052481 
v -0.0152387 -0.0109203 0.0524581 
v -0.0142742 -0.0109202 0.0542413 
v -0.0143162 -0.0102003 0.0542639 
v -0.0151196 -0.0118729 0.0523938 
v -0.0141561 -0.0118729 0.0541775 
v -0.0142672 -0.0110404 0.0542375 
v -0.0152345 -0.0109991 0.0524559 
vn -0.879847 0 0.475257 
vn -0.879847 0 0.475257 
vn -0.879737 -0.0157868 0.475198 
vn -0.875772 -0.0961369 0.473056 
vn -0.875772 -0.0961384 0.473056 
vn -0.879591 -0.0241072 0.475119 
vn -0.863587 -0.19136 0.466474 
vn -0.863587 -0.19136 0.466474 
vn -0.874689 -0.108117 0.472471 
vn -0.875078 -0.103979 0.472681 
f 5277//5277 5278//5278 5279//5279 
f 5280//5280 5281//5281 5282//5282 
f 5282//5282 5279//5279 5280//5280 
f 5283//5283 5284//5284 5285//5285 
f 5281//5281 5280//5280 5286//5286 
f 5286//5286 5285//5285 5281//5281 
f 5285//5285 5286//5286 5283//5283 
f 5279//5279 5282//5282 5277//5277 
v -0.0139122 -0.0113322 0.054775 
v -0.0141561 -0.0118729 0.0541775 
v -0.0139035 -0.0114529 0.0547495 
v -0.0142283 -0.01021 0.0544227 
v -0.0143162 -0.0102003 0.0542639 
v -0.0142742 -0.0109202 0.0542413 
v -0.0142231 -0.0110453 0.0543171 
v -0.0141778 -0.0110598 0.054395 
v -0.0141381 -0.0102389 0.0545778 
v -0.014132 -0.0110838 0.05447 
v -0.0140467 -0.0102867 0.0547274 
v -0.014086 -0.0111169 0.0545415 
v -0.0139552 -0.0103528 0.0548698 
v -0.0140405 -0.0111589 0.0546085 
v -0.0138645 -0.0104364 0.0550033 
v -0.0139961 -0.0112092 0.0546702 
v -0.0137759 -0.0105366 0.0551263 
v -0.0139531 -0.0112672 0.0547259 
v -0.0136903 -0.0106522 0.0552374 
v -0.0135362 -0.0109296 0.0554115 
v -0.0136087 -0.0107818 0.0553352 
v -0.0138738 -0.0114035 0.0548169 
v -0.0133695 -0.0100323 0.0557082 
v -0.0132479 -0.0102255 0.0558541 
v -0.0135321 -0.0109239 0.0554187 
v -0.0130969 -0.0103975 0.0560205 
v -0.0126928 -0.00995927 0.0564809 
v -0.0130223 -0.00995927 0.056109 
v -0.0131337 -0.0104374 0.0559786 
v -0.013302 -0.00995927 0.0557933 
v -0.0133229 -0.00995927 0.0557647 
v -0.013441 -0.00995927 0.0556038 
v -0.0135137 -0.00995927 0.0555048 
v -0.0136967 -0.00995927 0.0552554 
v -0.0138455 -0.00995927 0.0550527 
v -0.0139794 -0.00995927 0.0548299 
v -0.0140958 -0.00995927 0.0546363 
v -0.0142094 -0.00995927 0.0544473 
v -0.0143187 -0.00995927 0.0542653 
v -0.0142672 -0.0110404 0.0542375 
vn -0.83919 -0.137292 0.526224 
vn -0.863587 -0.19136 0.466474 
vn -0.838602 -0.149416 0.523853 
vn -0.870802 -0.0250739 0.490995 
vn -0.879591 -0.0241072 0.475119 
vn -0.875772 -0.0961384 0.473056 
vn -0.870279 -0.108602 0.480437 
vn -0.865754 -0.110052 0.48822 
vn -0.861784 -0.0279628 0.506505 
vn -0.861167 -0.112449 0.495728 
vn -0.852643 -0.0327397 0.521467 
vn -0.856573 -0.115765 0.502872 
vn -0.843488 -0.0393488 0.535705 
vn -0.852026 -0.119961 0.50957 
vn -0.834425 -0.0477121 0.549053 
vn -0.847578 -0.124989 0.515741 
vn -0.825561 -0.0577316 0.561352 
vn -0.843283 -0.130789 0.521314 
vn -0.817 -0.0692894 0.572459 
vn -0.801627 -0.0970363 0.589897 
vn -0.808843 -0.0822498 0.582243 
vn -0.835348 -0.144422 0.530412 
vn -0.784926 -0.00729914 0.619546 
vn -0.772763 -0.0266248 0.634135 
vn -0.801186 -0.0964604 0.59059 
vn -0.757861 -0.0438351 0.650942 
vn -0.717248 1.73472e-16 0.696818 
vn -0.750988 -3.46945e-16 0.660316 
vn -0.761346 -0.0478147 0.646581 
vn -0.778168 -6.93889e-16 0.628057 
vn -0.780387 -5.20417e-16 0.625297 
vn -0.792714 -5.20417e-16 0.609594 
vn -0.800146 -6.93889e-16 0.599805 
vn -0.818331 -5.20417e-16 0.574747 
vn -0.83252 -3.46945e-16 0.553995 
vn -0.846639 -1.73472e-16 0.532167 
vn -0.858455 -1.73472e-16 0.512889 
vn -0.869563 0 0.493822 
vn -0.879847 1.73472e-16 0.475257 
vn -0.874689 -0.108117 0.472471 
f 5287//5287 5288//5288 5289//5289 
f 5290//5290 5291//5291 5292//5292 
f 5292//5292 5293//5293 5290//5290 
f 5290//5290 5293//5293 5294//5294 
f 5295//5295 5294//5294 5296//5296 
f 5297//5297 5296//5296 5298//5298 
f 5299//5299 5298//5298 5300//5300 
f 5301//5301 5300//5300 5302//5302 
f 5303//5303 5302//5302 5304//5304 
f 5305//5305 5304//5304 5287//5287 
f 5306//5306 5307//5307 5287//5287 
f 5287//5287 5308//5308 5306//5306 
f 5309//5309 5305//5305 5307//5307 
f 5310//5310 5307//5307 5311//5311 
f 5312//5312 5313//5313 5314//5314 
f 5310//5310 5315//5315 5312//5312 
f 5310//5310 5316//5316 5317//5317 
f 5310//5310 5314//5314 5316//5316 
f 5305//5305 5318//5318 5319//5319 
f 5305//5305 5309//5309 5318//5318 
f 5303//5303 5319//5319 5320//5320 
f 5301//5301 5320//5320 5321//5321 
f 5299//5299 5321//5321 5322//5322 
f 5297//5297 5322//5322 5323//5323 
f 5295//5295 5323//5323 5324//5324 
f 5325//5325 5291//5291 5290//5290 
f 5290//5290 5324//5324 5325//5325 
f 5324//5324 5290//5290 5295//5295 
f 5323//5323 5295//5295 5297//5297 
f 5322//5322 5297//5297 5299//5299 
f 5321//5321 5299//5299 5301//5301 
f 5320//5320 5301//5301 5303//5303 
f 5319//5319 5303//5303 5305//5305 
f 5318//5318 5309//5309 5317//5317 
f 5317//5317 5309//5309 5310//5310 
f 5314//5314 5310//5310 5312//5312 
f 5311//5311 5315//5315 5310//5310 
f 5307//5307 5310//5310 5309//5309 
f 5306//5306 5311//5311 5307//5307 
f 5287//5287 5307//5307 5305//5305 
f 5304//5304 5305//5305 5303//5303 
f 5302//5302 5303//5303 5301//5301 
f 5300//5300 5301//5301 5299//5299 
f 5298//5298 5299//5299 5297//5297 
f 5296//5296 5297//5297 5295//5295 
f 5294//5294 5295//5295 5290//5290 
f 5292//5292 5326//5326 5293//5293 
f 5289//5289 5308//5308 5287//5287 
f 5287//5287 5304//5304 5288//5288 
f 5304//5304 5302//5302 5288//5288 
f 5302//5302 5300//5300 5288//5288 
f 5300//5300 5298//5298 5288//5288 
f 5298//5298 5296//5296 5288//5288 
f 5296//5296 5294//5294 5288//5288 
f 5294//5294 5293//5293 5288//5288 
f 5293//5293 5326//5326 5288//5288 
v -0.0154591 -0.011178 0.0519666 
v -0.0154833 -0.0112395 0.0518967 
v -0.0154811 -0.0112432 0.0518997 
v -0.0157732 -0.0106037 0.0513734 
v -0.0157286 -0.0104736 0.0515064 
v -0.0157767 -0.010596 0.0513671 
v -0.0154305 -0.0111247 0.0520415 
v -0.0156716 -0.0103674 0.0516555 
v -0.0153979 -0.0110802 0.0521202 
v -0.0156065 -0.0102788 0.0518124 
v -0.0153615 -0.011045 0.0522021 
v -0.015534 -0.0102087 0.0519754 
v -0.0153218 -0.0110196 0.0522859 
v -0.0154549 -0.010158 0.0521425 
v -0.0152793 -0.0110042 0.0523709 
v -0.0153703 -0.0101274 0.0523117 
v -0.0152387 -0.0109203 0.0524581 
v -0.0152345 -0.0109991 0.0524559 
v -0.0152822 -0.00995927 0.0524816 
v -0.015375 -0.00995927 0.0522895 
v -0.0154714 -0.00995927 0.05209 
v -0.01557 -0.00995927 0.0518858 
v -0.0156759 -0.00995927 0.0516666 
v -0.0157721 -0.00995927 0.0514105 
v -0.015881 -0.00995927 0.0511207 
v -0.0159943 -0.00995927 0.0508192 
v -0.0152811 -0.0101171 0.052481 
v -0.0151196 -0.0118729 0.0523938 
vn -0.897539 -0.121872 0.423759 
vn -0.899955 -0.128018 0.416764 
vn -0.899759 -0.128399 0.41707 
vn -0.928991 -0.0644469 0.364448 
vn -0.924484 -0.0514315 0.377736 
vn -0.929298 -0.0636769 0.3638 
vn -0.894679 -0.116542 0.43124 
vn -0.918786 -0.040813 0.392639 
vn -0.891409 -0.112092 0.439118 
vn -0.912273 -0.0319477 0.408334 
vn -0.88777 -0.108574 0.447299 
vn -0.905022 -0.0249407 0.424633 
vn -0.883802 -0.106032 0.455687 
vn -0.897118 -0.0198754 0.441343 
vn -0.879555 -0.104494 0.464181 
vn -0.888657 -0.016812 0.458265 
vn -0.875772 -0.0961369 0.473056 
vn -0.875078 -0.103979 0.472681 
vn -0.879847 -1.73472e-16 0.475257 
vn -0.889786 0 0.456378 
vn -0.899684 1.73472e-16 0.436541 
vn -0.909362 1.73472e-16 0.416006 
vn -0.919218 1.73472e-16 0.39375 
vn -0.929642 -1.73472e-16 0.368465 
vn -0.940611 -5.20417e-16 0.339486 
vn -0.951057 -8.67362e-16 0.309017 
vn -0.879737 -0.0157868 0.475198 
vn -0.863587 -0.19136 0.466474 
f 5327//5327 5328//5328 5329//5329 
f 5330//5330 5328//5328 5327//5327 
f 5331//5331 5332//5332 5330//5330 
f 5331//5331 5327//5327 5333//5333 
f 5334//5334 5333//5333 5335//5335 
f 5336//5336 5335//5335 5337//5337 
f 5338//5338 5337//5337 5339//5339 
f 5340//5340 5339//5339 5341//5341 
f 5342//5342 5341//5341 5343//5343 
f 5341//5341 5344//5344 5343//5343 
f 5345//5345 5346//5346 5342//5342 
f 5340//5340 5342//5342 5346//5346 
f 5338//5338 5340//5340 5347//5347 
f 5336//5336 5338//5338 5348//5348 
f 5334//5334 5336//5336 5349//5349 
f 5331//5331 5334//5334 5350//5350 
f 5332//5332 5331//5331 5351//5351 
f 5351//5351 5352//5352 5332//5332 
f 5350//5350 5351//5351 5331//5331 
f 5349//5349 5350//5350 5334//5334 
f 5348//5348 5349//5349 5336//5336 
f 5347//5347 5348//5348 5338//5338 
f 5346//5346 5347//5347 5340//5340 
f 5342//5342 5353//5353 5345//5345 
f 5343//5343 5353//5353 5342//5342 
f 5341//5341 5342//5342 5340//5340 
f 5339//5339 5340//5340 5338//5338 
f 5337//5337 5338//5338 5336//5336 
f 5335//5335 5336//5336 5334//5334 
f 5333//5333 5334//5334 5331//5331 
f 5327//5327 5331//5331 5330//5330 
f 5344//5344 5341//5341 5354//5354 
f 5341//5341 5339//5339 5354//5354 
f 5339//5339 5337//5337 5354//5354 
f 5337//5337 5335//5335 5354//5354 
f 5335//5335 5333//5333 5354//5354 
f 5333//5333 5327//5327 5354//5354 
f 5329//5329 5354//5354 5327//5327 
v -0.0157767 -0.010596 0.0513671 
v -0.0237356 -0.0339371 0.0269398 
v -0.0236107 -0.034043 0.0272413 
v -0.0157732 -0.0106037 0.0513734 
v -0.0159943 -0.00995927 0.0508192 
v -0.0239504 -0.0337439 0.026333 
v -0.0154833 -0.0112395 0.0518967 
v -0.023257 -0.0343331 0.0280157 
v -0.0232131 -0.0343667 0.0280921 
v -0.0154811 -0.0112432 0.0518997 
v -0.0235035 -0.0341339 0.0275 
v -0.0227598 -0.0347131 0.0288799 
v -0.0151196 -0.0118729 0.0523938 
vn -0.929298 -0.0636769 0.3638 
vn -0.937333 -0.0424941 0.345834 
vn -0.92899 -0.0644489 0.36445 
vn -0.928991 -0.0644469 0.364448 
vn -0.951057 5.20417e-16 0.309017 
vn -0.951057 5.20417e-16 0.309017 
vn -0.899955 -0.128018 0.416764 
vn -0.902902 -0.122233 0.412102 
vn -0.899764 -0.12839 0.417062 
vn -0.899759 -0.128399 0.41707 
vn -0.921164 -0.0832469 0.380166 
vn -0.863587 -0.19136 0.466474 
vn -0.863587 -0.19136 0.466474 
f 5355//5355 5356//5356 5357//5357 
f 5357//5357 5358//5358 5355//5355 
f 5359//5359 5360//5360 5356//5356 
f 5361//5361 5362//5362 5363//5363 
f 5363//5363 5364//5364 5361//5361 
f 5358//5358 5357//5357 5365//5365 
f 5365//5365 5362//5362 5358//5358 
f 5364//5364 5363//5363 5366//5366 
f 5366//5366 5367//5367 5364//5364 
f 5361//5361 5358//5358 5362//5362 
f 5355//5355 5359//5359 5356//5356 
v -0.0129044 -0.010784 0.0562193 
v -0.0130969 -0.0103975 0.0560205 
v -0.0131337 -0.0104374 0.0559786 
v -0.0135321 -0.0109239 0.0554187 
v -0.0131897 -0.0110681 0.0558481 
v -0.013072 -0.0109421 0.0560062 
v -0.012989 -0.0108534 0.0561176 
v -0.0133492 -0.0112898 0.0556072 
v -0.013325 -0.0112561 0.0556438 
v -0.0135362 -0.0109296 0.0554115 
v -0.0133531 -0.011297 0.0556005 
v -0.0127405 -0.0106497 0.0564164 
v -0.0126928 -0.00995927 0.0564809 
v -0.0141561 -0.0118729 0.0541775 
v -0.0138169 -0.0125526 0.0545267 
v -0.0136886 -0.0120844 0.0549176 
v -0.0139035 -0.0114529 0.0547495 
v -0.0138738 -0.0114035 0.0548169 
v -0.0134735 -0.011517 0.0553922 
v -0.0136463 -0.0119683 0.0550141 
v -0.0135218 -0.0116265 0.0552983 
v -0.0124408 -0.0104641 0.0567403 
vn -0.757863 -0.0438378 0.650939 
vn -0.757861 -0.0438351 0.650942 
vn -0.761346 -0.0478147 0.646581 
vn -0.801186 -0.0964604 0.59059 
vn -0.784628 -0.0754744 0.615356 
vn -0.773462 -0.0619646 0.630807 
vn -0.765338 -0.0524223 0.64149 
vn -0.801162 -0.0964291 0.590627 
vn -0.798719 -0.0932546 0.594434 
vn -0.801627 -0.0970363 0.589897 
vn -0.801624 -0.0970326 0.589901 
vn -0.742904 -0.0271739 0.668846 
vn -0.717248 -4.77049e-16 0.696818 
vn -0.863587 -0.19136 0.466474 
vn -0.863587 -0.19136 0.466474 
vn -0.844046 -0.157978 0.512473 
vn -0.838602 -0.149416 0.523853 
vn -0.835348 -0.144422 0.530412 
vn -0.815392 -0.115533 0.567263 
vn -0.838608 -0.149425 0.523841 
vn -0.821456 -0.124026 0.556622 
vn -0.717248 -8.67362e-17 0.696818 
f 5368//5368 5369//5369 5370//5370 
f 5370//5370 5371//5371 5372//5372 
f 5372//5372 5373//5373 5370//5370 
f 5373//5373 5374//5374 5370//5370 
f 5375//5375 5376//5376 5371//5371 
f 5371//5371 5377//5377 5375//5375 
f 5376//5376 5372//5372 5371//5371 
f 5377//5377 5378//5378 5375//5375 
f 5369//5369 5368//5368 5379//5379 
f 5379//5379 5380//5380 5369//5369 
f 5381//5381 5382//5382 5383//5383 
f 5383//5383 5384//5384 5381//5381 
f 5377//5377 5385//5385 5386//5386 
f 5387//5387 5388//5388 5385//5385 
f 5385//5385 5384//5384 5387//5387 
f 5388//5388 5386//5386 5385//5385 
f 5386//5386 5378//5378 5377//5377 
f 5383//5383 5387//5387 5384//5384 
f 5379//5379 5389//5389 5380//5380 
f 5370//5370 5374//5374 5368//5368 
v -0.0128254 -0.0120509 0.0554884 
v -0.0135218 -0.0116265 0.0552983 
v -0.0136463 -0.0119683 0.0550141 
v -0.0129731 -0.01248 0.0551451 
v -0.0138169 -0.0125526 0.0545267 
v -0.0130849 -0.0129199 0.0547932 
v -0.0136886 -0.0120844 0.0549176 
vn -0.47236 -0.430531 0.769103 
vn -0.47519 -0.437805 0.76323 
vn -0.486396 -0.454747 0.746073 
vn -0.487495 -0.452048 0.746995 
vn -0.503303 -0.483347 0.716283 
vn -0.501309 -0.473722 0.72407 
vn -0.490003 -0.460521 0.740147 
f 5390//5390 5391//5391 5392//5392 
f 5392//5392 5393//5393 5390//5390 
f 5394//5394 5395//5395 5393//5393 
f 5393//5393 5396//5396 5394//5394 
f 5392//5392 5396//5396 5393//5393 
v -0.0138169 -0.0125526 0.0545267 
v -0.0150409 -0.0183663 0.0498757 
v -0.0143089 -0.0187337 0.0501422 
v -0.0130849 -0.0129199 0.0547932 
vn -0.501307 -0.473715 0.724075 
vn -0.501307 -0.473715 0.724075 
vn -0.501307 -0.473715 0.724075 
vn -0.501307 -0.473715 0.724075 
f 5397//5397 5398//5398 5399//5399 
f 5399//5399 5400//5400 5397//5397 
v -0.00521202 -0.0157733 0.0525105 
v -0.00477611 -0.0120509 0.0554884 
v -0.0128254 -0.0120509 0.0554884 
v -0.0129731 -0.01248 0.0551451 
v -0.0143089 -0.0187337 0.0501422 
v -0.00538874 -0.0187337 0.0501422 
v -0.0130849 -0.0129199 0.0547932 
vn 3.82515e-17 -0.624695 0.780869 
vn 3.82515e-17 -0.624695 0.780869 
vn 3.82515e-17 -0.624695 0.780869 
vn 3.82515e-17 -0.624695 0.780869 
vn 3.82515e-17 -0.624695 0.780869 
vn 3.82515e-17 -0.624695 0.780869 
vn 3.82515e-17 -0.624695 0.780869 
f 5401//5401 5402//5402 5403//5403 
f 5403//5403 5404//5404 5401//5401 
f 5405//5405 5406//5406 5401//5401 
f 5401//5401 5407//5407 5405//5405 
f 5404//5404 5407//5407 5401//5401 
v -0.00540172 -0.0192001 0.0498004 
v -0.0143221 -0.018799 0.0500933 
v -0.0143961 -0.0191656 0.049819 
v -0.00538874 -0.0187337 0.0501422 
v -0.0143089 -0.0187337 0.0501422 
v -0.00541377 -0.0198532 0.0493919 
v -0.0144005 -0.019199 0.0497979 
v -0.0144598 -0.019648 0.0495144 
v -0.00540394 -0.0192796 0.0497421 
v -0.0144004 -0.0191984 0.0497983 
v -0.00541445 -0.0199223 0.0493573 
v -0.0144742 -0.0197566 0.0494458 
v -0.0144846 -0.0199237 0.0493599 
v -0.00541964 -0.0204543 0.0490911 
v -0.0144966 -0.0201165 0.0492607 
v -0.014513 -0.0203815 0.0491245 
v -0.0145127 -0.020601 0.0490349 
v -0.00542079 -0.0206894 0.0489973 
v -0.0145126 -0.02069 0.0489986 
v -0.0145122 -0.0210346 0.048858 
v -0.00542272 -0.021083 0.0488402 
v -0.0145082 -0.0210999 0.0488378 
v -0.0144848 -0.0214891 0.0487174 
v -0.0054235 -0.0214889 0.0487168 
v -0.0144773 -0.0216133 0.048679 
v -0.0144715 -0.02171 0.048649 
v -0.00542397 -0.0217307 0.0486433 
v -0.0144219 -0.0221359 0.0485573 
v -0.0144013 -0.0223129 0.0485192 
v -0.00542421 -0.0223128 0.0485188 
v -0.014391 -0.0224017 0.0485 
v -0.00542424 -0.0223881 0.0485027 
v -0.0143461 -0.0226644 0.0484675 
v -0.0142709 -0.0231037 0.048413 
v -0.00542415 -0.0230549 0.0484178 
v -0.0142599 -0.0231535 0.0484111 
v -0.00542414 -0.0231536 0.0484136 
v -0.0142501 -0.0231973 0.0484094 
v -0.00542408 -0.0237312 0.0483891 
v -0.0141314 -0.0237312 0.0483891 
vn 0 -0.56665 0.823959 
vn 0 -0.616705 0.787195 
vn 0 -0.570654 0.82119 
vn 0 -0.624695 0.780869 
vn 0 -0.624695 0.780869 
vn 0 -0.484752 0.874652 
vn 0 -0.5666 0.823993 
vn 0 -0.510668 0.859778 
vn 0 -0.556456 0.830877 
vn 0 -0.566665 0.823948 
vn 0 -0.476288 0.879289 
vn 0 -0.496801 0.867864 
vn 0 -0.476292 0.879287 
vn 0 -0.409622 0.912255 
vn 0 -0.452262 0.891885 
vn 0 -0.418736 0.908108 
vn 0 -0.39164 0.920119 
vn 0 -0.380554 0.924759 
vn 0 -0.380548 0.924761 
vn 0 -0.337108 0.941466 
vn 0 -0.33103 0.94362 
vn 0 -0.329061 0.944309 
vn 0 -0.280523 0.959847 
vn 0 -0.28053 0.959845 
vn 0 -0.264889 0.964279 
vn 0 -0.252666 0.967554 
vn 0 -0.250063 0.96823 
vn 0 -0.199599 0.979878 
vn 0 -0.177365 0.984145 
vn 0 -0.177369 0.984144 
vn 0 -0.166187 0.986094 
vn 0 -0.167897 0.985804 
vn 0 -0.133475 0.991052 
vn 0 -0.0784372 0.996919 
vn 0 -0.0845475 0.996419 
vn 0 -0.0722338 0.997388 
vn 0 -0.0722441 0.997387 
vn 0 -0.0667596 0.997769 
vn 0 -1.11018e-15 1 
vn 0 -1.11018e-15 1 
f 5408//5408 5409//5409 5410//5410 
f 5408//5408 5411//5411 5412//5412 
f 5412//5412 5409//5409 5408//5408 
f 5413//5413 5414//5414 5415//5415 
f 5413//5413 5416//5416 5417//5417 
f 5417//5417 5414//5414 5413//5413 
f 5418//5418 5413//5413 5419//5419 
f 5419//5419 5420//5420 5418//5418 
f 5415//5415 5419//5419 5413//5413 
f 5421//5421 5418//5418 5420//5420 
f 5420//5420 5422//5422 5421//5421 
f 5421//5421 5423//5423 5424//5424 
f 5424//5424 5425//5425 5421//5421 
f 5424//5424 5426//5426 5425//5425 
f 5425//5425 5426//5426 5427//5427 
f 5428//5428 5429//5429 5430//5430 
f 5428//5428 5427//5427 5429//5429 
f 5430//5430 5431//5431 5428//5428 
f 5431//5431 5432//5432 5433//5433 
f 5431//5431 5430//5430 5432//5432 
f 5434//5434 5435//5435 5436//5436 
f 5434//5434 5433//5433 5435//5435 
f 5436//5436 5437//5437 5434//5434 
f 5437//5437 5436//5436 5438//5438 
f 5439//5439 5440//5440 5441//5441 
f 5442//5442 5441//5441 5443//5443 
f 5443//5443 5444//5444 5442//5442 
f 5439//5439 5438//5438 5440//5440 
f 5441//5441 5442//5442 5439//5439 
f 5444//5444 5443//5443 5445//5445 
f 5445//5445 5446//5446 5444//5444 
f 5445//5445 5447//5447 5446//5446 
f 5438//5438 5439//5439 5437//5437 
f 5433//5433 5434//5434 5431//5431 
f 5427//5427 5428//5428 5425//5425 
f 5422//5422 5423//5423 5421//5421 
f 5416//5416 5408//5408 5417//5417 
f 5410//5410 5417//5417 5408//5408 
v -0.0141314 -0.0237312 0.0483891 
v -0.0142501 -0.0231973 0.0484094 
v -0.0149739 -0.0233577 0.0479523 
v -0.0149828 -0.0233033 0.0479581 
v -0.0150795 -0.0227135 0.048021 
v -0.0142709 -0.0231037 0.048413 
v -0.0142599 -0.0231535 0.0484111 
v -0.0151046 -0.0225605 0.0480373 
v -0.014391 -0.0224017 0.0485 
v -0.0144013 -0.0223129 0.0485192 
v -0.0151535 -0.0221291 0.0481236 
v -0.0143461 -0.0226644 0.0484675 
v -0.0152075 -0.0215518 0.0482605 
v -0.0151938 -0.0217745 0.0481946 
v -0.0144715 -0.02171 0.048649 
v -0.0144219 -0.0221359 0.0485573 
v -0.0152412 -0.0210081 0.0484213 
v -0.0144848 -0.0214891 0.0487174 
v -0.0145082 -0.0210999 0.0488378 
v -0.0152414 -0.0209829 0.0484312 
v -0.0144773 -0.0216133 0.048679 
v -0.0152457 -0.0204309 0.0486497 
v -0.0145122 -0.0210346 0.048858 
v -0.0145126 -0.02069 0.0489986 
v -0.0152284 -0.0198958 0.0489012 
v -0.015247 -0.0202691 0.0487137 
v -0.014513 -0.0203815 0.0491245 
v -0.0145127 -0.020601 0.0490349 
v -0.0151908 -0.0193785 0.049183 
v -0.0152119 -0.0195645 0.0490677 
v -0.0144742 -0.0197566 0.0494458 
v -0.0144966 -0.0201165 0.0492607 
v -0.0144846 -0.0199237 0.0493599 
v -0.0151366 -0.0189 0.0494796 
v -0.0144598 -0.019648 0.0495144 
v -0.0144005 -0.019199 0.0497979 
v -0.0151331 -0.0188804 0.0494941 
v -0.0150539 -0.0184387 0.0498219 
v -0.0143961 -0.0191656 0.049819 
v -0.0144004 -0.0191984 0.0497983 
v -0.0143089 -0.0187337 0.0501422 
v -0.0150409 -0.0183663 0.0498757 
v -0.0143221 -0.018799 0.0500933 
v -0.0148635 -0.0238935 0.0479369 
vn -0.502051 -0.121582 0.856249 
vn -0.50058 -0.159357 0.850897 
vn -0.502545 -0.146269 0.852088 
vn -0.502361 -0.149883 0.851568 
vn -0.500617 -0.188687 0.844855 
vn -0.500361 -0.165908 0.849773 
vn -0.500471 -0.162459 0.850374 
vn -0.500238 -0.19864 0.842796 
vn -0.49905 -0.214129 0.839701 
vn -0.498918 -0.220206 0.838206 
vn -0.499321 -0.226627 0.836253 
vn -0.499476 -0.196234 0.843811 
vn -0.498443 -0.263756 0.825825 
vn -0.498737 -0.249355 0.83011 
vn -0.498255 -0.260757 0.82689 
vn -0.49869 -0.232187 0.835103 
vn -0.497973 -0.298483 0.814205 
vn -0.49809 -0.275701 0.822129 
vn -0.497907 -0.301695 0.813062 
vn -0.49796 -0.300127 0.813609 
vn -0.498178 -0.26731 0.824842 
vn -0.497859 -0.335785 0.799615 
vn -0.497888 -0.306028 0.811452 
vn -0.497849 -0.329433 0.802259 
vn -0.498139 -0.370765 0.783831 
vn -0.497902 -0.346125 0.795168 
vn -0.497903 -0.350177 0.793391 
vn -0.497856 -0.335432 0.799765 
vn -0.498807 -0.405086 0.766222 
vn -0.498512 -0.392386 0.772993 
vn -0.498303 -0.393396 0.772615 
vn -0.498023 -0.368599 0.784925 
vn -0.498154 -0.3819 0.778457 
vn -0.499828 -0.437357 0.74759 
vn -0.498421 -0.401254 0.768486 
vn -0.499076 -0.433435 0.750372 
vn -0.499881 -0.438749 0.746739 
vn -0.501282 -0.469833 0.726618 
vn -0.499136 -0.435809 0.748955 
vn -0.499075 -0.433465 0.750355 
vn -0.50013 -0.468175 0.728479 
vn -0.50155 -0.474869 0.723151 
vn -0.499959 -0.463317 0.731696 
vn -0.504581 -0.110282 0.856292 
f 5448//5448 5449//5449 5450//5450 
f 5449//5449 5451//5451 5450//5450 
f 5452//5452 5451//5451 5453//5453 
f 5451//5451 5449//5449 5454//5454 
f 5454//5454 5453//5453 5451//5451 
f 5455//5455 5456//5456 5457//5457 
f 5457//5457 5458//5458 5455//5455 
f 5459//5459 5456//5456 5455//5455 
f 5455//5455 5452//5452 5459//5459 
f 5460//5460 5461//5461 5462//5462 
f 5463//5463 5462//5462 5461//5461 
f 5461//5461 5458//5458 5463//5463 
f 5464//5464 5460//5460 5465//5465 
f 5466//5466 5467//5467 5464//5464 
f 5460//5460 5468//5468 5465//5465 
f 5469//5469 5467//5467 5470//5470 
f 5470//5470 5471//5471 5469//5469 
f 5467//5467 5466//5466 5470//5470 
f 5472//5472 5473//5473 5474//5474 
f 5475//5475 5474//5474 5473//5473 
f 5473//5473 5469//5469 5475//5475 
f 5476//5476 5477//5477 5478//5478 
f 5472//5472 5479//5479 5480//5480 
f 5480//5480 5477//5477 5472//5472 
f 5480//5480 5478//5478 5477//5477 
f 5481//5481 5476//5476 5482//5482 
f 5483//5483 5484//5484 5481//5481 
f 5485//5485 5484//5484 5486//5486 
f 5484//5484 5483//5483 5487//5487 
f 5487//5487 5486//5486 5484//5484 
f 5488//5488 5489//5489 5485//5485 
f 5485//5485 5490//5490 5488//5488 
f 5486//5486 5490//5490 5485//5485 
f 5482//5482 5483//5483 5481//5481 
f 5478//5478 5482//5482 5476//5476 
f 5474//5474 5479//5479 5472//5472 
f 5471//5471 5475//5475 5469//5469 
f 5465//5465 5466//5466 5464//5464 
f 5462//5462 5468//5468 5460//5460 
f 5457//5457 5463//5463 5458//5458 
f 5453//5453 5459//5459 5452//5452 
f 5450//5450 5491//5491 5448//5448 
v -0.0141314 -0.0237312 0.0483891 
v -0.0148635 -0.0238935 0.0479369 
v -0.0109178 -0.0417 0.0479369 
v -0.0101497 -0.0417 0.0483891 
vn -0.504259 -0.111738 0.856293 
vn -0.504259 -0.111738 0.856293 
vn -0.504259 -0.111738 0.856293 
vn -0.504259 -0.111738 0.856293 
f 5492//5492 5493//5493 5494//5494 
f 5494//5494 5495//5495 5492//5492 
v -0.00542408 -0.0237312 0.0483891 
v -0.0141314 -0.0237312 0.0483891 
v -0.0101497 -0.0417 0.0483891 
v -0.00542408 -0.04175 0.0483891 
v -0.0101497 -0.04175 0.0483891 
vn 0 0 1 
vn 0 0 1 
vn 0 0 1 
vn 0 0 1 
vn 0 0 1 
f 5496//5496 5497//5497 5498//5498 
f 5498//5498 5499//5499 5496//5496 
f 5498//5498 5500//5500 5499//5499 
v -0.0101497 -0.04175 0.0483891 
v -0.00345863 -0.04175 0.0605633 
v -0.00455428 -0.04175 0.0565846 
v -0.000858428 -0.04175 0.0665598 
v -0.00193799 -0.04175 0.0643997 
v -0.00521202 -0.04175 0.0525105 
v -0.00542408 -0.04175 0.0483891 
v -0.0109178 -0.04175 0.0479369 
vn -6.12323e-17 1 0 
vn -6.12323e-17 1 0 
vn -6.12323e-17 1 0 
vn -6.12323e-17 1 0 
vn -6.12323e-17 1 0 
vn -6.12323e-17 1 0 
vn -6.12323e-17 1 0 
vn -6.12323e-17 1 0 
f 5501//5501 5502//5502 5503//5503 
f 5501//5501 5504//5504 5505//5505 
f 5505//5505 5502//5502 5501//5501 
f 5503//5503 5506//5506 5501//5501 
f 5506//5506 5507//5507 5501//5501 
f 5501//5501 5508//5508 5504//5504 
v -0.0101497 -0.0417 0.0483891 
v -0.0109178 -0.0417 0.0479369 
v -0.0109178 -0.04175 0.0479369 
v -0.0101497 -0.04175 0.0483891 
vn -0.507437 -3.10716e-17 0.861689 
vn -0.507437 -3.10716e-17 0.861689 
vn -0.507437 -3.10716e-17 0.861689 
vn -0.507437 -3.10716e-17 0.861689 
f 5509//5509 5510//5510 5511//5511 
f 5511//5511 5512//5512 5509//5509 
v -0.0131897 -0.0110681 0.0558481 
v -0.0125911 -0.0117185 0.0558007 
v -0.012506 -0.0116302 0.0558987 
v -0.013325 -0.0112561 0.0556438 
v -0.0126352 -0.0117642 0.0557499 
v -0.013072 -0.0109421 0.0560062 
v -0.0126486 -0.011782 0.0557326 
v -0.0118995 -0.0112534 0.0564661 
v -0.0118328 -0.0112266 0.05652 
v -0.0121368 -0.0108454 0.0566302 
v -0.0124408 -0.0104641 0.0567403 
v -0.0127405 -0.0106497 0.0564164 
v -0.0121259 -0.0113628 0.0562717 
v -0.0121456 -0.0113724 0.0562548 
v -0.0129044 -0.010784 0.0562193 
v -0.0123452 -0.011499 0.0560662 
v -0.012989 -0.0108534 0.0561176 
v -0.0123823 -0.0115293 0.0560275 
v -0.0124175 -0.011558 0.0559909 
v -0.0133492 -0.0112898 0.0556072 
v -0.0133531 -0.011297 0.0556005 
v -0.0134735 -0.011517 0.0553922 
v -0.0127544 -0.0119284 0.0555932 
v -0.0127381 -0.0119003 0.0556173 
v -0.0135218 -0.0116265 0.0552983 
v -0.0128254 -0.0120509 0.0554884 
vn -0.459295 -0.488524 0.741885 
vn -0.43694 -0.444437 0.782022 
vn -0.430238 -0.457503 0.778194 
vn -0.465081 -0.471099 0.74951 
vn -0.440686 -0.437869 0.783624 
vn -0.454978 -0.501126 0.736117 
vn -0.441977 -0.435532 0.784199 
vn -0.396903 -0.525176 0.752767 
vn -0.393992 -0.530904 0.750274 
vn -0.416567 -0.542833 0.729249 
vn -0.434492 -0.552046 0.711662 
vn -0.44383 -0.531036 0.721814 
vn -0.407481 -0.503462 0.761896 
vn -0.408496 -0.50153 0.762626 
vn -0.449072 -0.517062 0.728684 
vn -0.419529 -0.478814 0.771189 
vn -0.451951 -0.509676 0.7321 
vn -0.421821 -0.473867 0.772992 
vn -0.424218 -0.469356 0.774431 
vn -0.46613 -0.467893 0.750865 
vn -0.466323 -0.467261 0.751139 
vn -0.472596 -0.447939 0.758949 
vn -0.452711 -0.416703 0.788296 
vn -0.450811 -0.420088 0.787588 
vn -0.475549 -0.438733 0.762474 
vn -0.461341 -0.40288 0.790476 
f 5513//5513 5514//5514 5515//5515 
f 5513//5513 5516//5516 5517//5517 
f 5517//5517 5514//5514 5513//5513 
f 5515//5515 5518//5518 5513//5513 
f 5516//5516 5519//5519 5517//5517 
f 5520//5520 5521//5521 5522//5522 
f 5523//5523 5524//5524 5525//5525 
f 5524//5524 5526//5526 5525//5525 
f 5525//5525 5520//5520 5523//5523 
f 5526//5526 5524//5524 5527//5527 
f 5527//5527 5528//5528 5526//5526 
f 5529//5529 5530//5530 5528//5528 
f 5529//5529 5518//5518 5531//5531 
f 5531//5531 5530//5530 5529//5529 
f 5528//5528 5527//5527 5529//5529 
f 5519//5519 5532//5532 5533//5533 
f 5519//5519 5516//5516 5532//5532 
f 5534//5534 5535//5535 5536//5536 
f 5534//5534 5537//5537 5538//5538 
f 5538//5538 5535//5535 5534//5534 
f 5536//5536 5533//5533 5534//5534 
f 5533//5533 5536//5536 5519//5519 
f 5522//5522 5523//5523 5520//5520 
f 5515//5515 5531//5531 5518//5518 
v -0.00430084 -0.0109336 0.05767 
v -0.0042608 -0.010925 0.057831 
v -0.0101992 -0.010925 0.057831 
v -0.00437262 -0.0109639 0.0573765 
v -0.00434045 -0.0109421 0.0575107 
v -0.0103988 -0.0109384 0.0576709 
v -0.0106206 -0.0109534 0.0574928 
v -0.0107648 -0.0109631 0.0573771 
v -0.00444095 -0.0110227 0.0570872 
v -0.00441646 -0.0109935 0.0571934 
v -0.0108217 -0.0109669 0.0573315 
v -0.0110364 -0.0110095 0.0571592 
v -0.0111234 -0.0110267 0.0570893 
v -0.00450535 -0.0111094 0.056805 
v -0.00448805 -0.0110787 0.056883 
v -0.0113651 -0.0110746 0.0568954 
v -0.0114423 -0.0110997 0.0568334 
v -0.0114758 -0.0111106 0.0568065 
v -0.00456562 -0.0112221 0.0565319 
v -0.00455428 -0.0111962 0.0565846 
v -0.0118181 -0.0112218 0.0565318 
v -0.00462101 -0.0113622 0.0562717 
v -0.0118328 -0.0112266 0.05652 
v -0.0118995 -0.0112534 0.0564661 
v -0.00462009 -0.0113594 0.0562762 
v -0.0121259 -0.0113628 0.0562717 
v -0.00458791 -0.011273 0.0564286 
v -0.00467113 -0.0115288 0.0560276 
v -0.00465068 -0.011455 0.0561284 
v -0.0121456 -0.0113724 0.0562548 
v -0.0123452 -0.011499 0.0560662 
v -0.0123823 -0.0115293 0.0560275 
v -0.00471627 -0.011718 0.0558007 
v -0.0124175 -0.011558 0.0559909 
v -0.012506 -0.0116302 0.0558987 
v -0.00470614 -0.0116699 0.0558525 
v -0.0125911 -0.0117185 0.0558007 
v -0.00467934 -0.0115585 0.0559872 
v -0.00475641 -0.011928 0.0555928 
v -0.0126486 -0.011782 0.0557326 
v -0.0127381 -0.0119003 0.0556173 
v -0.00475448 -0.011916 0.0556031 
v -0.0126352 -0.0117642 0.0557499 
v -0.0127544 -0.0119284 0.0555932 
v -0.00473117 -0.011789 0.0557245 
v -0.00477611 -0.0120509 0.0554884 
v -0.0128254 -0.0120509 0.0554884 
vn 0 -0.998555 0.0537378 
vn 0 -1 0 
vn 0 -1 0 
vn 0 -0.988422 0.15173 
vn 0 -0.994285 0.106755 
vn 0 -0.998565 0.0535469 
vn 0 -0.993587 0.11307 
vn 0 -0.988461 0.151475 
vn 0 -0.968696 0.248251 
vn 0 -0.977156 0.212524 
vn 0 -0.986038 0.166519 
vn 0 -0.974464 0.224545 
vn 0 -0.968781 0.24792 
vn 0 -0.939567 0.342366 
vn 0 -0.948755 0.316014 
vn 0 -0.950121 0.311882 
vn 0 -0.942947 0.332942 
vn 0 -0.939675 0.342067 
vn 0 -0.901305 0.433186 
vn 0 -0.909601 0.415482 
vn 0 -0.901302 0.43319 
vn 0 -0.854301 0.519779 
vn 0 -0.899465 0.436994 
vn 0 -0.890511 0.454961 
vn 0 -0.855211 0.51828 
vn 0 -0.85424 0.519879 
vn 0 -0.884001 0.467485 
vn 0 -0.799001 0.60133 
vn 0 -0.823346 0.56754 
vn 0 -0.850861 0.52539 
vn 0 -0.808656 0.588282 
vn 0 -0.79891 0.60145 
vn 0 -0.735953 0.677033 
vn 0 -0.789497 0.613754 
vn 0 -0.764945 0.644095 
vn 0 -0.751714 0.659489 
vn 0 -0.735876 0.677116 
vn 0 -0.788831 0.614611 
vn 0 -0.665757 0.746169 
vn 0 -0.714502 0.699633 
vn 0 -0.674895 0.737914 
vn 0 -0.669679 0.74265 
vn 0 -0.720265 0.693699 
vn 0 -0.665746 0.746178 
vn 0 -0.712004 0.702176 
vn 0 -0.624695 0.780869 
vn 0 -0.624695 0.780869 
f 5539//5539 5540//5540 5541//5541 
f 5542//5542 5543//5543 5544//5544 
f 5544//5544 5545//5545 5542//5542 
f 5545//5545 5546//5546 5542//5542 
f 5547//5547 5548//5548 5546//5546 
f 5546//5546 5549//5549 5547//5547 
f 5549//5549 5550//5550 5547//5547 
f 5550//5550 5551//5551 5547//5547 
f 5552//5552 5553//5553 5551//5551 
f 5551//5551 5554//5554 5552//5552 
f 5554//5554 5555//5555 5552//5552 
f 5555//5555 5556//5556 5552//5552 
f 5557//5557 5558//5558 5556//5556 
f 5556//5556 5559//5559 5557//5557 
f 5560//5560 5561//5561 5562//5562 
f 5560//5560 5563//5563 5559//5559 
f 5559//5559 5561//5561 5560//5560 
f 5562//5562 5564//5564 5560//5560 
f 5563//5563 5565//5565 5559//5559 
f 5566//5566 5567//5567 5564//5564 
f 5564//5564 5568//5568 5566//5566 
f 5568//5568 5569//5569 5566//5566 
f 5569//5569 5570//5570 5566//5566 
f 5571//5571 5572//5572 5573//5573 
f 5571//5571 5574//5574 5570//5570 
f 5570//5570 5572//5572 5571//5571 
f 5573//5573 5575//5575 5571//5571 
f 5574//5574 5576//5576 5570//5570 
f 5577//5577 5578//5578 5579//5579 
f 5577//5577 5580//5580 5575//5575 
f 5575//5575 5581//5581 5577//5577 
f 5581//5581 5578//5578 5577//5577 
f 5579//5579 5582//5582 5577//5577 
f 5580//5580 5583//5583 5575//5575 
f 5584//5584 5577//5577 5582//5582 
f 5582//5582 5585//5585 5584//5584 
f 5583//5583 5571//5571 5575//5575 
f 5576//5576 5566//5566 5570//5570 
f 5567//5567 5560//5560 5564//5564 
f 5565//5565 5557//5557 5559//5559 
f 5558//5558 5552//5552 5556//5556 
f 5553//5553 5547//5547 5551//5551 
f 5548//5548 5542//5542 5546//5546 
f 5543//5543 5539//5539 5544//5544 
f 5541//5541 5544//5544 5539//5539 
v -0.010925 -0.010523 0.0577401 
v -0.0108217 -0.0109669 0.0573315 
v -0.0107648 -0.0109631 0.0573771 
v -0.0113413 -0.0105884 0.0573587 
v -0.0110364 -0.0110095 0.0571592 
v -0.011747 -0.0106962 0.0569872 
v -0.0121368 -0.0108454 0.0566302 
v -0.0118181 -0.0112218 0.0565318 
v -0.0114758 -0.0111106 0.0568065 
v -0.0118328 -0.0112266 0.05652 
v -0.0106206 -0.0109534 0.0574928 
v -0.0103988 -0.0109384 0.0576709 
v -0.0105033 -0.0105011 0.0581264 
v -0.0112663 -0.0101064 0.0579492 
v -0.0116446 -0.0101831 0.0575598 
v -0.011229 -0.010104 0.0579877 
v -0.0108073 -0.0100773 0.0584217 
v -0.0113651 -0.0110746 0.0568954 
v -0.0111234 -0.0110267 0.0570893 
v -0.0114423 -0.0110997 0.0568334 
v -0.0120493 -0.0103062 0.0571432 
v -0.0122907 -0.0103931 0.0568948 
v -0.0117894 -0.0102125 0.0574108 
v -0.0124408 -0.0104641 0.0567403 
v -0.0101992 -0.010925 0.057831 
vn -0.460362 -0.67274 0.579214 
vn -0.421382 -0.647829 0.634629 
vn -0.423065 -0.653374 0.627788 
vn -0.445264 -0.634237 0.632047 
vn -0.414731 -0.625666 0.660712 
vn -0.432337 -0.591571 0.680536 
vn -0.420975 -0.54512 0.725 
vn -0.39464 -0.532995 0.748449 
vn -0.402549 -0.575984 0.711476 
vn -0.394357 -0.5311 0.749944 
vn -0.428148 -0.667266 0.609463 
vn -0.435948 -0.687349 0.580949 
vn -0.478284 -0.706517 0.521612 
vn -0.486665 -0.673512 0.556363 
vn -0.471658 -0.640867 0.605663 
vn -0.488236 -0.676487 0.551354 
vn -0.507457 -0.707107 0.492431 
vn -0.405653 -0.589299 0.698694 
vn -0.411796 -0.616143 0.67141 
vn -0.403652 -0.580147 0.707456 
vn -0.457058 -0.600831 0.65582 
vn -0.448862 -0.57444 0.684501 
vn -0.466337 -0.627283 0.623735 
vn -0.443801 -0.556736 0.702201 
vn -0.444535 -0.704418 0.553338 
f 5586//5586 5587//5587 5588//5588 
f 5589//5589 5590//5590 5587//5587 
f 5587//5587 5586//5586 5589//5589 
f 5591//5591 5592//5592 5593//5593 
f 5593//5593 5594//5594 5591//5591 
f 5592//5592 5595//5595 5593//5593 
f 5586//5586 5596//5596 5597//5597 
f 5597//5597 5598//5598 5586//5586 
f 5599//5599 5600//5600 5589//5589 
f 5586//5586 5601//5601 5599//5599 
f 5602//5602 5601//5601 5586//5586 
f 5589//5589 5591//5591 5603//5603 
f 5603//5603 5604//5604 5589//5589 
f 5591//5591 5605//5605 5603//5603 
f 5591//5591 5606//5606 5607//5607 
f 5607//5607 5592//5592 5591//5591 
f 5591//5591 5589//5589 5608//5608 
f 5589//5589 5600//5600 5608//5608 
f 5608//5608 5606//5606 5591//5591 
f 5607//5607 5609//5609 5592//5592 
f 5604//5604 5590//5590 5589//5589 
f 5586//5586 5598//5598 5602//5602 
f 5589//5589 5586//5586 5599//5599 
f 5597//5597 5610//5610 5598//5598 
f 5594//5594 5605//5605 5591//5591 
f 5588//5588 5596//5596 5586//5586 
v -0.0101992 -0.010925 0.057831 
v -0.00193799 -0.010925 0.0643997 
v -1.02974e-05 -0.010925 0.0680486 
v -0.0042608 -0.010925 0.057831 
v -0.00345863 -0.010925 0.0605633 
v 0.000443271 -0.010925 0.0687855 
vn 6.12323e-17 -1 0 
vn 6.12323e-17 -1 0 
vn 6.12323e-17 -1 0 
vn 6.12323e-17 -1 0 
vn 6.12323e-17 -1 0 
vn 6.12323e-17 -1 0 
f 5611//5611 5612//5612 5613//5613 
f 5611//5611 5614//5614 5615//5615 
f 5615//5615 5612//5612 5611//5611 
f 5613//5613 5616//5616 5611//5611 
v 0.00529883 0.0100773 0.075 
v -0.0108073 0.0100773 0.0584217 
v -0.0108073 -0.0100773 0.0584217 
v -0.011277 0.0101067 0.0579382 
v -0.0112663 -0.0101064 0.0579492 
v -0.011229 -0.010104 0.0579877 
v 0.00529883 -0.0100773 0.075 
v -0.011229 0.0101037 0.0579876 
v -0.0117894 -0.0102125 0.0574108 
v -0.0116446 -0.0101831 0.0575598 
v -0.0116447 0.0101823 0.0575598 
v -0.0118048 0.0102152 0.0573949 
v -0.0122907 -0.0103931 0.0568948 
v -0.0120493 -0.0103062 0.0571432 
v -0.0126928 -0.00995927 0.0564809 
v -0.0122937 0.0103943 0.0568917 
v -0.0124408 0.0104641 0.0567403 
v -0.0126928 0.00995927 0.0564809 
v -0.0120495 0.0103049 0.057143 
v -0.0124408 -0.0104641 0.0567403 
vn -0.717248 -4.39188e-17 0.696818 
vn -0.717248 -4.39188e-17 0.696818 
vn -0.717248 -4.39188e-17 0.696818 
vn -0.717248 -4.39188e-17 0.696818 
vn -0.717248 -4.39188e-17 0.696818 
vn -0.717248 -4.39188e-17 0.696818 
vn -0.717248 -4.39188e-17 0.696818 
vn -0.717248 -4.39188e-17 0.696818 
vn -0.717248 -4.39188e-17 0.696818 
vn -0.717248 -4.39188e-17 0.696818 
vn -0.717248 -4.39188e-17 0.696818 
vn -0.717248 -4.39188e-17 0.696818 
vn -0.717248 -4.39188e-17 0.696818 
vn -0.717248 -4.39188e-17 0.696818 
vn -0.717248 -4.39188e-17 0.696818 
vn -0.717248 -4.39188e-17 0.696818 
vn -0.717248 -4.39188e-17 0.696818 
vn -0.717248 -4.39188e-17 0.696818 
vn -0.717248 -4.39188e-17 0.696818 
vn -0.717248 -4.39188e-17 0.696818 
f 5617//5617 5618//5618 5619//5619 
f 5620//5620 5621//5621 5622//5622 
f 5619//5619 5623//5623 5617//5617 
f 5622//5622 5624//5624 5620//5620 
f 5622//5622 5619//5619 5624//5624 
f 5620//5620 5625//5625 5626//5626 
f 5625//5625 5620//5620 5627//5627 
f 5626//5626 5621//5621 5620//5620 
f 5628//5628 5629//5629 5630//5630 
f 5629//5629 5628//5628 5631//5631 
f 5632//5632 5633//5633 5634//5634 
f 5631//5631 5628//5628 5635//5635 
f 5618//5618 5624//5624 5619//5619 
f 5631//5631 5636//5636 5629//5629 
f 5635//5635 5632//5632 5631//5631 
f 5630//5630 5625//5625 5628//5628 
f 5627//5627 5628//5628 5625//5625 
f 5634//5634 5631//5631 5632//5632 
v -0.0105033 -0.0105011 0.0581264 
v -0.0101992 -0.010925 0.057831 
v 0.000443271 -0.010925 0.0687855 
v 0.00134371 -0.0106227 0.0701462 
v -0.0108073 -0.0100773 0.0584217 
v 0.00529883 -0.0100773 0.075 
v 0.0035935 -0.0101941 0.073077 
v 0.00498095 -0.0101244 0.0746053 
v 0.00230172 -0.0103895 0.071467 
v 0.00532035 -0.0101073 0.0749791 
vn -0.507171 -0.707107 0.492725 
vn -0.507171 -0.707107 0.492725 
vn -0.507171 -0.707107 0.492725 
vn -0.507171 -0.707107 0.492725 
vn -0.507171 -0.707107 0.492725 
vn -0.507171 -0.707107 0.492725 
vn -0.507171 -0.707107 0.492725 
vn -0.507171 -0.707107 0.492725 
vn -0.507171 -0.707107 0.492725 
vn -0.507171 -0.707107 0.492725 
f 5637//5637 5638//5638 5639//5639 
f 5640//5640 5641//5641 5637//5637 
f 5642//5642 5641//5641 5643//5643 
f 5639//5639 5640//5640 5637//5637 
f 5643//5643 5644//5644 5642//5642 
f 5640//5640 5645//5645 5641//5641 
f 5645//5645 5643//5643 5641//5641 
f 5644//5644 5646//5646 5642//5642 
v 0.0305794 0.04975 0.0864475 
v 0.0305794 -0.04975 0.0864475 
v 0.0347062 -0.04975 0.0864402 
v 0.0347062 0.04975 0.0864402 
v 0.0388079 -0.04975 0.0859855 
v 0.0388079 0.04975 0.0859855 
v 0.0428361 -0.04975 0.0850886 
v 0.0428361 0.04975 0.0850886 
v 0.0467433 -0.04975 0.0837602 
v 0.0467433 0.04975 0.0837602 
v 0.0504833 -0.04975 0.0820159 
v 0.0504833 0.04975 0.0820159 
v 0.0540122 -0.04975 0.0798764 
v 0.0540122 0.04975 0.0798764 
v 0.0572883 -0.04975 0.0773668 
v 0.0572883 0.04975 0.0773668 
v 0.0602729 -0.04975 0.0745167 
v 0.0602729 0.04975 0.0745167 
v 0.0629308 -0.04975 0.0713598 
v 0.0629308 0.04975 0.0713598 
v 0.0652307 -0.04975 0.0679333 
v 0.0652307 0.04975 0.0679333 
v 0.0671455 -0.04975 0.0642776 
v 0.0671455 0.04975 0.0642776 
v 0.0686526 -0.04975 0.0604358 
v 0.0686526 0.04975 0.0604358 
v 0.0697341 -0.04975 0.0564533 
v 0.0697341 0.04975 0.0564533 
v 0.0703775 -0.04975 0.0523769 
v 0.0703775 0.04975 0.0523769 
v 0.070575 -0.04975 0.0482548 
v 0.070575 0.04975 0.0482548 
v 0.0703243 -0.04975 0.0441356 
v 0.0703243 0.04975 0.0441356 
v 0.0696284 -0.04975 0.0400679 
v 0.0696284 0.04975 0.0400679 
v 0.0684955 -0.04975 0.0360996 
v 0.0684955 0.04975 0.0360996 
v 0.066939 -0.04975 0.0322776 
v 0.00230172 0.04975 0.071467 
v 0.000443271 0.010925 0.0687855 
v 0.00134371 0.0106227 0.0701462 
v -1.02974e-05 0.04975 0.0680486 
v -1.02974e-05 0.010925 0.0680486 
v 0.00497079 0.04975 0.0746145 
v 0.00230172 0.0103895 0.071467 
v 0.0035935 0.0101941 0.073077 
v 0.00796544 0.04975 0.077454 
v 0.00532035 0.0101073 0.0749791 
v 0.00497079 0.0101106 0.0746145 
v 0.0112503 0.04975 0.079952 
v 0.00833333 0.0101073 0.0777627 
v 0.00798097 0.0101073 0.0774372 
v 0.0147868 0.04975 0.082079 
v 0.0116288 0.0101073 0.0802053 
v 0.0112634 0.0101073 0.0799344 
v 0.018533 0.04975 0.0838101 
v 0.0151684 0.0101073 0.0822784 
v 0.0147973 0.0101073 0.0820611 
v 0.0224448 0.04975 0.0851246 
v 0.0189108 0.0101073 0.083958 
v 0.0185411 0.0101073 0.0837921 
v 0.0264761 0.04975 0.0860073 
v 0.0228124 0.0101073 0.0852243 
v 0.0224506 0.0101073 0.0851069 
v 0.0264761 -0.04975 0.0860073 
v 0.0268278 -0.0101073 0.0860628 
v 0.0268278 0.0101073 0.0860628 
v 0.0264797 0.0101073 0.0859901 
v 0.0264797 -0.0101073 0.0859901 
v 0.0228124 -0.0101073 0.0852243 
v 0.0224448 -0.04975 0.0851246 
v 0.0224506 -0.0101073 0.0851069 
v 0.0189108 -0.0101073 0.083958 
v 0.018533 -0.04975 0.0838101 
v 0.0185411 -0.0101073 0.0837921 
v 0.0151684 -0.0101073 0.0822784 
v 0.0147868 -0.04975 0.082079 
v 0.0147973 -0.0101073 0.0820611 
v 0.0116288 -0.0101073 0.0802053 
v 0.0112503 -0.04975 0.079952 
v 0.0112634 -0.0101073 0.0799344 
v 0.00833333 -0.0101073 0.0777627 
v 0.00796544 -0.04975 0.077454 
v 0.00798097 -0.0101073 0.0774372 
v 0.00532035 -0.0101073 0.0749791 
v 0.00497079 -0.04975 0.0746145 
v 0.0035935 -0.0101941 0.073077 
v 0.00230172 -0.0103895 0.071467 
v 0.00498095 -0.0101244 0.0746053 
v -1.02974e-05 -0.04975 0.0680486 
v 0.00230172 -0.04975 0.071467 
v 0.000443271 -0.010925 0.0687855 
v 0.00134371 -0.0106227 0.0701462 
v -0.00521202 -0.04175 0.0525105 
v -0.00521202 -0.0157733 0.0525105 
v -0.00542408 -0.0237312 0.0483891 
v -0.00542414 -0.0231536 0.0484136 
v -0.00541939 -0.0211768 0.0491071 
v -0.00542424 -0.0223881 0.0485027 
v -0.00542415 -0.0230549 0.0484178 
v -0.00542421 -0.0223128 0.0485188 
v -0.0054235 -0.0214889 0.0487168 
v -0.00542397 -0.0217307 0.0486433 
v -0.00542079 -0.0206894 0.0489973 
v -0.00542272 -0.021083 0.0488402 
v -0.00541445 -0.0199223 0.0493573 
v -0.00541964 -0.0204543 0.0490911 
v -0.00540172 -0.0192001 0.0498004 
v -0.00540394 -0.0192796 0.0497421 
v -0.00541377 -0.0198532 0.0493919 
v -0.00538874 -0.0187337 0.0501422 
v -0.00455428 -0.04175 0.0565846 
v -0.00477611 -0.0120509 0.0554884 
v -0.00475641 -0.011928 0.0555928 
v -0.00458791 -0.011273 0.0564286 
v -0.00462009 -0.0113594 0.0562762 
v -0.00459312 -0.0112907 0.0564041 
v -0.00465068 -0.011455 0.0561284 
v -0.00467113 -0.0115288 0.0560276 
v -0.0046463 -0.0114455 0.0561497 
v -0.00473117 -0.011789 0.0557245 
v -0.00475448 -0.011916 0.0556031 
v -0.00471627 -0.011718 0.0558007 
v -0.00467934 -0.0115585 0.0559872 
v -0.00470614 -0.0116699 0.0558525 
v -0.00462101 -0.0113622 0.0562717 
v -0.00455428 -0.0111962 0.0565846 
v -0.00456562 -0.0112221 0.0565319 
v -0.00345863 -0.04175 0.0605633 
v -0.00450535 -0.0111094 0.056805 
v -0.00444095 -0.0110227 0.0570872 
v -0.00448805 -0.0110787 0.056883 
v -0.00437262 -0.0109639 0.0573765 
v -0.00441646 -0.0109935 0.0571934 
v -0.00430084 -0.0109336 0.05767 
v -0.00434045 -0.0109421 0.0575107 
v -0.00345863 -0.010925 0.0605633 
v -0.0042608 -0.010925 0.057831 
v -0.00193799 -0.04175 0.0643997 
v -1.02974e-05 -0.010925 0.0680486 
v -0.000858428 -0.04175 0.0665598 
v -0.00193799 -0.010925 0.0643997 
v 0.0423631 -0.010925 0.011782 
v 0.0423631 -0.04175 0.011782 
v 0.0383237 -0.04175 0.0109372 
v 0.0462871 -0.010925 0.0130599 
v 0.0462871 -0.04175 0.0130599 
v 0.0500493 -0.010925 0.0147558 
v 0.0500493 -0.04175 0.0147558 
v 0.0536055 -0.010925 0.0168496 
v 0.0536055 -0.04175 0.0168496 
v 0.0569137 -0.010925 0.0193167 
v 0.0569137 -0.04175 0.0193167 
v 0.0423631 0.04175 0.011782 
v 0.0423631 0.010925 0.011782 
v 0.0383237 0.010925 0.0109372 
v 0.0462871 0.04175 0.0130599 
v 0.0462871 0.010925 0.0130599 
v 0.0500493 0.04175 0.0147558 
v 0.0500493 0.010925 0.0147558 
v 0.0536055 0.04175 0.0168496 
v 0.0536055 0.010925 0.0168496 
v 0.0569137 0.04175 0.0193167 
v 0.0569137 0.010925 0.0193167 
v 0.0599348 0.04175 0.022128 
v 0.0590777 0.010925 0.0212668 
v 0.0599348 -0.04175 0.022128 
v 0.0590777 -0.010925 0.0212668 
v 0.0626333 0.04175 0.0252504 
v 0.0626333 -0.04175 0.0252504 
v 0.0649772 0.04175 0.0286469 
v 0.0649772 -0.04175 0.0286469 
v 0.066939 0.04975 0.0322776 
v 0.0657459 -0.04175 0.0299597 
v 0.0657459 0.04175 0.0299597 
v 0.0657459 -0.04975 0.0299597 
v -0.00193799 0.010925 0.0643997 
v -0.000858428 0.04175 0.0665598 
v -0.000858428 0.04975 0.0665598 
v -0.00345863 0.04175 0.0605633 
v -0.00345863 0.010925 0.0605633 
v -0.00430084 0.0109336 0.05767 
v -0.0042608 0.010925 0.057831 
v -0.00437263 0.0109638 0.0573764 
v -0.00434036 0.0109421 0.0575111 
v -0.00444095 0.0110227 0.0570872 
v -0.00441584 0.010993 0.0571961 
v -0.00450533 0.0111095 0.0568051 
v -0.00448737 0.0110777 0.056886 
v -0.00455428 0.04175 0.0565846 
v -0.00455428 0.0111962 0.0565846 
v -0.00521202 0.04175 0.0525105 
v -0.00540172 0.0192001 0.0498004 
v -0.00538874 0.0187337 0.0501422 
v -0.00541377 0.0198533 0.0493919 
v -0.00540394 0.0192796 0.0497421 
v -0.00541445 0.0199223 0.0493573 
v -0.00542079 0.0206894 0.0489973 
v -0.00541965 0.0204543 0.0490911 
v -0.0054235 0.0214889 0.0487168 
v -0.00542272 0.0210831 0.0488401 
v -0.00542421 0.0223128 0.0485188 
v -0.00542397 0.0217308 0.0486433 
v -0.00542414 0.0231536 0.0484136 
v -0.00542415 0.0230549 0.0484178 
v -0.00542424 0.0223881 0.0485027 
v -0.00542408 0.04175 0.0483891 
v -0.00542408 0.0237312 0.0483891 
v -0.004621 0.0113623 0.0562718 
v -0.00461969 0.0113582 0.0562781 
v -0.00458781 0.0112728 0.056429 
v -0.00456563 0.0112221 0.0565319 
v -0.00467114 0.0115288 0.0560276 
v -0.00464996 0.0114525 0.0561319 
v -0.00471626 0.0117181 0.0558008 
v -0.00470579 0.0116683 0.0558543 
v -0.00467867 0.0115559 0.0559905 
v -0.00475641 0.011928 0.0555928 
v -0.00475447 0.0119159 0.0556031 
v -0.00473105 0.0117884 0.0557251 
v -0.00521202 0.0157733 0.0525105 
v -0.00477611 0.0120509 0.0554884 
v -0.00193799 0.04175 0.0643997 
v 0.0657459 0.04975 0.0299597 
v 0.0383237 0.04175 0.0109372 
v 0.0383237 -0.010925 0.0109372 
v -0.000858428 -0.04975 0.0665598 
v -0.00542408 -0.04175 0.0483891 
vn -0.0525354 -3.21687e-18 0.998619 
vn -0.0525354 -3.21687e-18 0.998619 
vn 0.0560648 3.43298e-18 0.998427 
vn 0.0560648 3.43298e-18 0.998427 
vn 0.164004 1.00423e-17 0.98646 
vn 0.164004 1.00423e-17 0.98646 
vn 0.270009 1.65333e-17 0.962858 
vn 0.270009 1.65333e-17 0.962858 
vn 0.372829 2.28292e-17 0.9279 
vn 0.372829 2.28292e-17 0.9279 
vn 0.471252 2.88559e-17 0.881999 
vn 0.471252 2.88559e-17 0.881999 
vn 0.564117 3.45422e-17 0.825695 
vn 0.564117 3.45422e-17 0.825695 
vn 0.650329 3.98212e-17 0.759653 
vn 0.650329 3.98212e-17 0.759653 
vn 0.728871 4.46305e-17 0.684651 
vn 0.728871 4.46305e-17 0.684651 
vn 0.798816 4.89134e-17 0.601575 
vn 0.798816 4.89134e-17 0.601575 
vn 0.859341 5.26194e-17 0.511403 
vn 0.859341 5.26194e-17 0.511403 
vn 0.90973 5.57049e-17 0.415201 
vn 0.90973 5.57049e-17 0.415201 
vn 0.94939 5.81333e-17 0.314101 
vn 0.94939 5.81333e-17 0.314101 
vn 0.977852 5.98762e-17 0.209297 
vn 0.977852 5.98762e-17 0.209297 
vn 0.994782 6.09128e-17 0.102024 
vn 0.994782 6.09128e-17 0.102024 
vn 0.999979 6.12311e-17 -0.0064522 
vn 0.999979 6.12311e-17 -0.0064522 
vn 0.993383 6.08271e-17 -0.114852 
vn 0.993383 6.08271e-17 -0.114852 
vn 0.97507 5.97058e-17 -0.221897 
vn 0.97507 5.97058e-17 -0.221897 
vn 0.945257 5.78803e-17 -0.326326 
vn 0.945257 5.78803e-17 -0.326326 
vn 0.904296 5.53722e-17 -0.426905 
vn -0.796685 -4.87829e-17 0.604395 
vn -0.845592 0 0.53383 
vn -0.821896 0 0.569637 
vn -0.857528 -5.25084e-17 0.514438 
vn -0.857528 -5.25084e-17 0.514438 
vn -0.726446 -4.4482e-17 0.687223 
vn -0.796685 0 0.604395 
vn -0.762691 0 0.646763 
vn -0.64764 -3.96565e-17 0.761947 
vn -0.717248 0 0.696818 
vn -0.726446 0 0.687223 
vn -0.561195 -3.43633e-17 0.827684 
vn -0.637959 0 0.770071 
vn -0.647621 0 0.761963 
vn -0.468132 -2.86648e-17 0.883659 
vn -0.551235 0 0.83435 
vn -0.561175 0 0.827697 
vn -0.369547 -2.26282e-17 0.929212 
vn -0.458089 0 0.888906 
vn -0.468111 0 0.88367 
vn -0.266604 -1.63248e-17 0.963806 
vn -0.359604 0 0.933105 
vn -0.369526 0 0.92922 
vn -0.160516 -9.82878e-18 0.987033 
vn -0.25693 0 0.96643 
vn -0.266583 0 0.963812 
vn -0.160516 -9.82878e-18 0.987033 
vn -0.151261 0 0.988494 
vn -0.151261 0 0.988494 
vn -0.160496 0 0.987037 
vn -0.160496 0 0.987037 
vn -0.25693 0 0.96643 
vn -0.266604 -1.63248e-17 0.963806 
vn -0.266583 0 0.963812 
vn -0.359604 0 0.933105 
vn -0.369547 -2.26282e-17 0.929212 
vn -0.369526 0 0.92922 
vn -0.458089 0 0.888906 
vn -0.468132 -2.86648e-17 0.883659 
vn -0.468111 0 0.88367 
vn -0.551235 0 0.83435 
vn -0.561195 -3.43633e-17 0.827684 
vn -0.561175 0 0.827697 
vn -0.637959 0 0.770071 
vn -0.64764 -3.96565e-17 0.761947 
vn -0.647621 0 0.761963 
vn -0.717248 0 0.696818 
vn -0.726446 -4.4482e-17 0.687223 
vn -0.762691 0 0.646763 
vn -0.796685 0 0.604395 
vn -0.726441 0 0.687228 
vn -0.857528 -5.25084e-17 0.514438 
vn -0.796685 -4.87829e-17 0.604395 
vn -0.845592 0 0.53383 
vn -0.821896 0 0.569637 
vn -0.994415 -6.08904e-17 0.105539 
vn -0.994415 -6.08904e-17 0.105539 
vn -0.999996 0 -0.00291761 
vn -0.999997 0 -0.00227379 
vn -0.999872 0 0.0159764 
vn -1 0 7.09276e-05 
vn -0.999998 0 -0.00216381 
vn -1 0 0.000494595 
vn -0.999984 0 0.0057054 
vn -0.999993 0 0.00377088 
vn -0.999914 0 0.0130859 
vn -0.99996 0 0.00895181 
vn -0.999745 0 0.0225617 
vn -0.999879 0 0.015555 
vn -0.999414 0 0.0342212 
vn -0.999466 0 0.0326872 
vn -0.999725 0 0.0234715 
vn -0.999066 0 0.0432153 
vn -0.977106 0 0.212752 
vn -0.982944 0 0.183905 
vn -0.982426 0 0.186653 
vn -0.977991 0 0.208646 
vn -0.978838 0 0.204636 
vn -0.978128 0 0.208003 
vn -0.979643 0 0.200747 
vn -0.980183 0 0.198096 
vn -0.979528 0 0.201309 
vn -0.981761 0 0.190118 
vn -0.982375 0 0.186922 
vn -0.98137 0 0.192125 
vn -0.980397 0 0.197031 
vn -0.981103 0 0.193488 
vn -0.978862 0 0.20452 
vn -0.977106 0 0.212752 
vn -0.977407 0 0.211367 
vn -0.948273 0 0.317455 
vn -0.975825 0 0.218555 
vn -0.974132 0 0.225981 
vn -0.975363 0 0.220604 
vn -0.972334 0 0.233593 
vn -0.973479 0 0.228775 
vn -0.970446 0 0.241319 
vn -0.971479 0 0.237125 
vn -0.948273 0 0.317455 
vn -0.969383 0 0.245553 
vn -0.908257 0 0.418414 
vn -0.857528 -5.25084e-17 0.514438 
vn -0.879847 0 0.475257 
vn -0.908257 0 0.418414 
vn 0.257561 1.57711e-17 -0.966262 
vn 0.257561 1.57711e-17 -0.966262 
vn 0.151261 0 -0.988494 
vn 0.360824 0 -0.932634 
vn 0.360824 0 -0.932634 
vn 0.459831 0 -0.888006 
vn 0.459831 0 -0.888006 
vn 0.553415 0 -0.832905 
vn 0.553415 0 -0.832905 
vn 0.640472 0 -0.767981 
vn 0.640472 0 -0.767981 
vn 0.257561 1.57711e-17 -0.966262 
vn 0.257561 1.57711e-17 -0.966262 
vn 0.151261 0 -0.988494 
vn 0.360824 0 -0.932634 
vn 0.360824 0 -0.932634 
vn 0.459831 0 -0.888006 
vn 0.459831 0 -0.888006 
vn 0.553415 0 -0.832905 
vn 0.553415 0 -0.832905 
vn 0.640472 0 -0.767981 
vn 0.640472 0 -0.767981 
vn 0.719975 0 -0.694 
vn 0.697419 0 -0.716664 
vn 0.719975 0 -0.694 
vn 0.697419 0 -0.716664 
vn 0.790987 9.13012e-17 -0.611833 
vn 0.790987 9.13012e-17 -0.611833 
vn 0.85267 9.13012e-17 -0.52245 
vn 0.85267 9.13012e-17 -0.52245 
vn 0.904296 5.53722e-17 -0.426905 
vn 0.872898 0 -0.487903 
vn 0.872898 0 -0.487903 
vn 0.872898 0 -0.487903 
vn -0.908257 0 0.418414 
vn -0.879847 -9.13012e-17 0.475257 
vn -0.879847 -9.13012e-17 0.475257 
vn -0.948273 -9.13012e-17 0.317455 
vn -0.948273 -9.13012e-17 0.317455 
vn -0.970446 0 0.241319 
vn -0.969383 0 0.245553 
vn -0.972335 0 0.233593 
vn -0.971477 0 0.237135 
vn -0.974132 0 0.225981 
vn -0.973463 0 0.228844 
vn -0.975824 0 0.218556 
vn -0.975346 0 0.220683 
vn -0.977106 -9.13012e-17 0.212752 
vn -0.977106 -9.13012e-17 0.212752 
vn -0.994415 -9.13012e-17 0.105539 
vn -0.999414 0 0.0342212 
vn -0.999066 0 0.0432153 
vn -0.999725 0 0.0234711 
vn -0.999466 0 0.032687 
vn -0.999745 0 0.0225617 
vn -0.999914 0 0.0130859 
vn -0.999879 0 0.0155541 
vn -0.999984 0 0.00570539 
vn -0.99996 0 0.00895059 
vn -1 0 0.000494619 
vn -0.999993 0 0.00377036 
vn -0.999997 0 -0.0022738 
vn -0.999998 0 -0.00216383 
vn -1 0 7.07736e-05 
vn -0.999996 -9.13012e-17 -0.00291761 
vn -0.999996 -9.13012e-17 -0.00291761 
vn -0.978862 0 0.204521 
vn -0.978828 0 0.204687 
vn -0.977989 0 0.208658 
vn -0.977407 0 0.211367 
vn -0.980183 0 0.198095 
vn -0.979624 0 0.20084 
vn -0.98137 0 0.192125 
vn -0.981093 0 0.193534 
vn -0.98038 0 0.197118 
vn -0.982426 0 0.186653 
vn -0.982374 0 0.186924 
vn -0.981758 0 0.190135 
vn -0.994415 0 0.105539 
vn -0.982944 0 0.183905 
vn -0.908257 -5.56147e-17 0.418414 
vn 0.872898 4.56506e-17 -0.487903 
vn 0.151261 0 -0.988494 
vn 0.151261 0 -0.988494 
vn -0.879847 0 0.475257 
vn -0.999996 0 -0.00291761 
f 5647//5647 5648//5648 5649//5649 
f 5650//5650 5649//5649 5651//5651 
f 5652//5652 5651//5651 5653//5653 
f 5654//5654 5653//5653 5655//5655 
f 5656//5656 5655//5655 5657//5657 
f 5658//5658 5657//5657 5659//5659 
f 5660//5660 5659//5659 5661//5661 
f 5662//5662 5661//5661 5663//5663 
f 5664//5664 5663//5663 5665//5665 
f 5666//5666 5665//5665 5667//5667 
f 5668//5668 5667//5667 5669//5669 
f 5670//5670 5669//5669 5671//5671 
f 5672//5672 5671//5671 5673//5673 
f 5674//5674 5673//5673 5675//5675 
f 5676//5676 5675//5675 5677//5677 
f 5678//5678 5677//5677 5679//5679 
f 5680//5680 5679//5679 5681//5681 
f 5682//5682 5681//5681 5683//5683 
f 5684//5684 5683//5683 5685//5685 
f 5686//5686 5687//5687 5688//5688 
f 5689//5689 5690//5690 5687//5687 
f 5687//5687 5686//5686 5689//5689 
f 5691//5691 5686//5686 5692//5692 
f 5692//5692 5693//5693 5691//5691 
f 5694//5694 5691//5691 5695//5695 
f 5691//5691 5696//5696 5695//5695 
f 5697//5697 5694//5694 5698//5698 
f 5694//5694 5699//5699 5698//5698 
f 5700//5700 5697//5697 5701//5701 
f 5697//5697 5702//5702 5701//5701 
f 5703//5703 5700//5700 5704//5704 
f 5700//5700 5705//5705 5704//5704 
f 5706//5706 5703//5703 5707//5707 
f 5703//5703 5708//5708 5707//5707 
f 5709//5709 5706//5706 5710//5710 
f 5706//5706 5711//5711 5710//5710 
f 5712//5712 5648//5648 5713//5713 
f 5647//5647 5714//5714 5713//5713 
f 5709//5709 5715//5715 5714//5714 
f 5714//5714 5647//5647 5709//5709 
f 5713//5713 5648//5648 5647//5647 
f 5712//5712 5716//5716 5717//5717 
f 5717//5717 5718//5718 5712//5712 
f 5718//5718 5719//5719 5720//5720 
f 5720//5720 5721//5721 5718//5718 
f 5721//5721 5722//5722 5723//5723 
f 5723//5723 5724//5724 5721//5721 
f 5724//5724 5725//5725 5726//5726 
f 5726//5726 5727//5727 5724//5724 
f 5727//5727 5728//5728 5729//5729 
f 5729//5729 5730//5730 5727//5727 
f 5730//5730 5731//5731 5732//5732 
f 5732//5732 5733//5733 5730//5730 
f 5733//5733 5734//5734 5735//5735 
f 5733//5733 5736//5736 5734//5734 
f 5737//5737 5738//5738 5739//5739 
f 5738//5738 5735//5735 5740//5740 
f 5740//5740 5739//5739 5738//5738 
f 5741//5741 5742//5742 5743//5743 
f 5742//5742 5744//5744 5743//5743 
f 5745//5745 5746//5746 5747//5747 
f 5745//5745 5748//5748 5746//5746 
f 5745//5745 5749//5749 5750//5750 
f 5750//5750 5748//5748 5745//5745 
f 5745//5745 5751//5751 5752//5752 
f 5752//5752 5749//5749 5745//5745 
f 5745//5745 5753//5753 5754//5754 
f 5754//5754 5751//5751 5745//5745 
f 5745//5745 5755//5755 5756//5756 
f 5756//5756 5757//5757 5745//5745 
f 5757//5757 5753//5753 5745//5745 
f 5745//5745 5742//5742 5758//5758 
f 5758//5758 5755//5755 5745//5745 
f 5745//5745 5744//5744 5742//5742 
f 5747//5747 5744//5744 5745//5745 
f 5759//5759 5760//5760 5742//5742 
f 5759//5759 5761//5761 5760//5760 
f 5762//5762 5763//5763 5764//5764 
f 5765//5765 5766//5766 5767//5767 
f 5759//5759 5768//5768 5769//5769 
f 5759//5759 5770//5770 5768//5768 
f 5759//5759 5771//5771 5772//5772 
f 5759//5759 5766//5766 5771//5771 
f 5759//5759 5767//5767 5766//5766 
f 5772//5772 5770//5770 5759//5759 
f 5759//5759 5764//5764 5763//5763 
f 5763//5763 5773//5773 5759//5759 
f 5773//5773 5767//5767 5759//5759 
f 5769//5769 5761//5761 5759//5759 
f 5759//5759 5774//5774 5775//5775 
f 5775//5775 5764//5764 5759//5759 
f 5767//5767 5773//5773 5765//5765 
f 5764//5764 5775//5775 5762//5762 
f 5776//5776 5777//5777 5774//5774 
f 5776//5776 5778//5778 5779//5779 
f 5776//5776 5780//5780 5781//5781 
f 5776//5776 5782//5782 5783//5783 
f 5783//5783 5780//5780 5776//5776 
f 5776//5776 5784//5784 5785//5785 
f 5785//5785 5782//5782 5776//5776 
f 5781//5781 5778//5778 5776//5776 
f 5779//5779 5777//5777 5776//5776 
f 5784//5784 5776//5776 5786//5786 
f 5737//5737 5787//5787 5788//5788 
f 5789//5789 5786//5786 5788//5788 
f 5788//5788 5787//5787 5789//5789 
f 5790//5790 5791//5791 5792//5792 
f 5793//5793 5794//5794 5791//5791 
f 5795//5795 5796//5796 5794//5794 
f 5797//5797 5798//5798 5796//5796 
f 5799//5799 5800//5800 5798//5798 
f 5801//5801 5802//5802 5803//5803 
f 5804//5804 5805//5805 5802//5802 
f 5806//5806 5807//5807 5805//5805 
f 5808//5808 5809//5809 5807//5807 
f 5810//5810 5811//5811 5809//5809 
f 5810//5810 5812//5812 5813//5813 
f 5814//5814 5815//5815 5813//5813 
f 5813//5813 5812//5812 5814//5814 
f 5800//5800 5799//5799 5815//5815 
f 5815//5815 5814//5814 5800//5800 
f 5816//5816 5817//5817 5814//5814 
f 5818//5818 5819//5819 5817//5817 
f 5820//5820 5821//5821 5822//5822 
f 5818//5818 5822//5822 5821//5821 
f 5821//5821 5819//5819 5818//5818 
f 5685//5685 5823//5823 5821//5821 
f 5821//5821 5820//5820 5685//5685 
f 5824//5824 5690//5690 5825//5825 
f 5689//5689 5826//5826 5825//5825 
f 5825//5825 5690//5690 5689//5689 
f 5827//5827 5828//5828 5824//5824 
f 5827//5827 5829//5829 5830//5830 
f 5827//5827 5831//5831 5832//5832 
f 5832//5832 5829//5829 5827//5827 
f 5827//5827 5833//5833 5834//5834 
f 5834//5834 5831//5831 5827//5827 
f 5827//5827 5835//5835 5836//5836 
f 5836//5836 5833//5833 5827//5827 
f 5827//5827 5837//5837 5838//5838 
f 5838//5838 5835//5835 5827//5827 
f 5839//5839 5840//5840 5841//5841 
f 5839//5839 5842//5842 5843//5843 
f 5839//5839 5844//5844 5842//5842 
f 5843//5843 5840//5840 5839//5839 
f 5839//5839 5845//5845 5846//5846 
f 5846//5846 5844//5844 5839//5839 
f 5839//5839 5847//5847 5848//5848 
f 5839//5839 5849//5849 5850//5850 
f 5850//5850 5847//5847 5839//5839 
f 5848//5848 5845//5845 5839//5839 
f 5839//5839 5851//5851 5852//5852 
f 5852//5852 5853//5853 5839//5839 
f 5839//5839 5854//5854 5855//5855 
f 5855//5855 5851//5851 5839//5839 
f 5853//5853 5849//5849 5839//5839 
f 5837//5837 5856//5856 5857//5857 
f 5857//5857 5858//5858 5837//5837 
f 5858//5858 5859//5859 5837//5837 
f 5837//5837 5860//5860 5861//5861 
f 5837//5837 5862//5862 5863//5863 
f 5863//5863 5864//5864 5837//5837 
f 5837//5837 5865//5865 5866//5866 
f 5866//5866 5867//5867 5837//5837 
f 5867//5867 5862//5862 5837//5837 
f 5837//5837 5839//5839 5868//5868 
f 5868//5868 5869//5869 5837//5837 
f 5869//5869 5865//5865 5837//5837 
f 5864//5864 5860//5860 5837//5837 
f 5861//5861 5856//5856 5837//5837 
f 5859//5859 5838//5838 5837//5837 
f 5841//5841 5868//5868 5839//5839 
f 5830//5830 5828//5828 5827//5827 
f 5824//5824 5870//5870 5827//5827 
f 5825//5825 5870//5870 5824//5824 
f 5822//5822 5871//5871 5820//5820 
f 5817//5817 5816//5816 5818//5818 
f 5814//5814 5812//5812 5816//5816 
f 5813//5813 5811//5811 5810//5810 
f 5809//5809 5808//5808 5810//5810 
f 5807//5807 5806//5806 5808//5808 
f 5805//5805 5804//5804 5806//5806 
f 5802//5802 5801//5801 5804//5804 
f 5803//5803 5872//5872 5801//5801 
f 5798//5798 5797//5797 5799//5799 
f 5796//5796 5795//5795 5797//5797 
f 5794//5794 5793//5793 5795//5795 
f 5791//5791 5790//5790 5793//5793 
f 5792//5792 5873//5873 5790//5790 
f 5788//5788 5874//5874 5737//5737 
f 5786//5786 5789//5789 5784//5784 
f 5774//5774 5759//5759 5776//5776 
f 5742//5742 5741//5741 5759//5759 
f 5743//5743 5875//5875 5741//5741 
f 5739//5739 5787//5787 5737//5737 
f 5735//5735 5738//5738 5733//5733 
f 5732//5732 5736//5736 5733//5733 
f 5729//5729 5731//5731 5730//5730 
f 5726//5726 5728//5728 5727//5727 
f 5723//5723 5725//5725 5724//5724 
f 5720//5720 5722//5722 5721//5721 
f 5717//5717 5719//5719 5718//5718 
f 5713//5713 5716//5716 5712//5712 
f 5710//5710 5715//5715 5709//5709 
f 5707//5707 5711//5711 5706//5706 
f 5704//5704 5708//5708 5703//5703 
f 5701//5701 5705//5705 5700//5700 
f 5698//5698 5702//5702 5697//5697 
f 5695//5695 5699//5699 5694//5694 
f 5693//5693 5696//5696 5691//5691 
f 5688//5688 5692//5692 5686//5686 
f 5685//5685 5820//5820 5684//5684 
f 5683//5683 5684//5684 5682//5682 
f 5681//5681 5682//5682 5680//5680 
f 5679//5679 5680//5680 5678//5678 
f 5677//5677 5678//5678 5676//5676 
f 5675//5675 5676//5676 5674//5674 
f 5673//5673 5674//5674 5672//5672 
f 5671//5671 5672//5672 5670//5670 
f 5669//5669 5670//5670 5668//5668 
f 5667//5667 5668//5668 5666//5666 
f 5665//5665 5666//5666 5664//5664 
f 5663//5663 5664//5664 5662//5662 
f 5661//5661 5662//5662 5660//5660 
f 5659//5659 5660//5660 5658//5658 
f 5657//5657 5658//5658 5656//5656 
f 5655//5655 5656//5656 5654//5654 
f 5653//5653 5654//5654 5652//5652 
f 5651//5651 5652//5652 5650//5650 
f 5649//5649 5650//5650 5647//5647 
v 0.00529883 -0.0100773 0.075 
v 0.00532035 -0.0101073 0.0749791 
v 0.00798097 -0.0101073 0.0774372 
v 0.0083142 -0.0100773 0.0777858 
v 0.00833333 -0.0101073 0.0777627 
v 0.0112634 -0.0101073 0.0799344 
v 0.0116123 -0.0100773 0.0802303 
v 0.0116288 -0.0101073 0.0802053 
v 0.0147973 -0.0101073 0.0820611 
v 0.0151546 -0.0100773 0.0823051 
v 0.0151684 -0.0101073 0.0822784 
v 0.0185411 -0.0101073 0.0837921 
v 0.0189 -0.0100773 0.083986 
v 0.0189108 -0.0101073 0.083958 
v 0.0224506 -0.0101073 0.0851069 
v 0.0228047 -0.0100773 0.0852533 
v 0.0228124 -0.0101073 0.0852243 
v 0.0264797 -0.0101073 0.0859901 
v 0.0268233 -0.0100773 0.0860924 
v 0.0268278 -0.0101073 0.0860628 
vn -0.507171 -0.707107 0.492725 
vn -0.507171 -0.707107 0.492725 
vn -0.457937 -0.707107 0.538789 
vn -0.451105 -0.707107 0.544522 
vn -0.451105 -0.707107 0.544522 
vn -0.396811 -0.707107 0.58527 
vn -0.389782 -0.707107 0.589974 
vn -0.389782 -0.707107 0.589974 
vn -0.331004 -0.707107 0.624849 
vn -0.323918 -0.707107 0.628552 
vn -0.323918 -0.707107 0.628552 
vn -0.261294 -0.707107 0.657058 
vn -0.254279 -0.707107 0.659805 
vn -0.254279 -0.707107 0.659805 
vn -0.188503 -0.707107 0.681518 
vn -0.181677 -0.707107 0.683369 
vn -0.181677 -0.707107 0.683369 
vn -0.113488 -0.707107 0.69794 
vn -0.106958 -0.707107 0.698971 
vn -0.106958 -0.707107 0.698971 
f 5876//5876 5877//5877 5878//5878 
f 5878//5878 5879//5879 5876//5876 
f 5879//5879 5880//5880 5881//5881 
f 5881//5881 5882//5882 5879//5879 
f 5882//5882 5883//5883 5884//5884 
f 5884//5884 5885//5885 5882//5882 
f 5885//5885 5886//5886 5887//5887 
f 5887//5887 5888//5888 5885//5885 
f 5888//5888 5889//5889 5890//5890 
f 5890//5890 5891//5891 5888//5888 
f 5891//5891 5892//5892 5893//5893 
f 5893//5893 5894//5894 5891//5891 
f 5893//5893 5895//5895 5894//5894 
f 5890//5890 5892//5892 5891//5891 
f 5887//5887 5889//5889 5888//5888 
f 5884//5884 5886//5886 5885//5885 
f 5881//5881 5883//5883 5882//5882 
f 5878//5878 5880//5880 5879//5879 
v 0.00529883 0.0100773 0.075 
v 0.00529883 -0.0100773 0.075 
v 0.0083142 -0.0100773 0.0777858 
v 0.0083142 0.0100773 0.0777858 
v 0.0116123 -0.0100773 0.0802303 
v 0.0116123 0.0100773 0.0802303 
v 0.0151546 -0.0100773 0.0823051 
v 0.0151546 0.0100773 0.0823051 
v 0.0189 -0.0100773 0.083986 
v 0.0189 0.0100773 0.083986 
v 0.0228047 -0.0100773 0.0852533 
v 0.0228047 0.0100773 0.0852533 
v 0.0268233 -0.0100773 0.0860924 
v 0.0268233 0.0100773 0.0860924 
vn -0.717248 -4.56146e-17 0.696818 
vn -0.717248 -4.56146e-17 0.696818 
vn -0.637959 -3.90637e-17 0.770071 
vn -0.637959 -3.90637e-17 0.770071 
vn -0.551235 -3.37534e-17 0.83435 
vn -0.551235 -3.37534e-17 0.83435 
vn -0.458089 -2.80499e-17 0.888906 
vn -0.458089 -2.80499e-17 0.888906 
vn -0.359604 -2.20194e-17 0.933105 
vn -0.359604 -2.20194e-17 0.933105 
vn -0.25693 -1.57324e-17 0.96643 
vn -0.25693 -1.57324e-17 0.96643 
vn -0.151261 0 0.988494 
vn -0.151261 0 0.988494 
f 5896//5896 5897//5897 5898//5898 
f 5899//5899 5898//5898 5900//5900 
f 5901//5901 5900//5900 5902//5902 
f 5903//5903 5902//5902 5904//5904 
f 5905//5905 5904//5904 5906//5906 
f 5907//5907 5906//5906 5908//5908 
f 5908//5908 5909//5909 5907//5907 
f 5906//5906 5907//5907 5905//5905 
f 5904//5904 5905//5905 5903//5903 
f 5902//5902 5903//5903 5901//5901 
f 5900//5900 5901//5901 5899//5899 
f 5898//5898 5899//5899 5896//5896 
v 0.0268278 0.0101073 0.0860628 
v 0.0268233 0.0100773 0.0860924 
v 0.0268233 -0.0100773 0.0860924 
v 0.0268278 -0.0101073 0.0860628 
vn 0.988494 6.05278e-17 0.151261 
vn 0.988494 6.05278e-17 0.151261 
vn 0.988494 6.05278e-17 0.151261 
vn 0.988494 6.05278e-17 0.151261 
f 5910//5910 5911//5911 5912//5912 
f 5912//5912 5913//5913 5910//5910 
v 0.0228047 0.0100773 0.0852533 
v 0.0268233 0.0100773 0.0860924 
v 0.0264797 0.0101073 0.0859901 
v 0.0268278 0.0101073 0.0860628 
v 0.0189 0.0100773 0.083986 
v 0.0224506 0.0101073 0.0851069 
v 0.0228124 0.0101073 0.0852243 
v 0.0151546 0.0100773 0.0823051 
v 0.0185411 0.0101073 0.0837921 
v 0.0189108 0.0101073 0.083958 
v 0.0116123 0.0100773 0.0802303 
v 0.0147973 0.0101073 0.0820611 
v 0.0151684 0.0101073 0.0822784 
v 0.0083142 0.0100773 0.0777858 
v 0.0112634 0.0101073 0.0799344 
v 0.0116288 0.0101073 0.0802053 
v 0.00529883 0.0100773 0.075 
v 0.00798097 0.0101073 0.0774372 
v 0.00833333 0.0101073 0.0777627 
v 0.00532035 0.0101073 0.0749791 
vn -0.181677 0.707107 0.683369 
vn -0.106958 0.707107 0.698971 
vn -0.113488 0.707107 0.69794 
vn -0.106958 0.707107 0.698971 
vn -0.254279 0.707107 0.659805 
vn -0.188503 0.707107 0.681518 
vn -0.181677 0.707107 0.683369 
vn -0.323918 0.707107 0.628552 
vn -0.261294 0.707107 0.657058 
vn -0.254279 0.707107 0.659805 
vn -0.389782 0.707107 0.589974 
vn -0.331004 0.707107 0.624849 
vn -0.323918 0.707107 0.628552 
vn -0.451105 0.707107 0.544522 
vn -0.396811 0.707107 0.58527 
vn -0.389782 0.707107 0.589974 
vn -0.507171 0.707107 0.492725 
vn -0.457937 0.707107 0.538789 
vn -0.451105 0.707107 0.544522 
vn -0.507171 0.707107 0.492725 
f 5914//5914 5915//5915 5916//5916 
f 5915//5915 5917//5917 5916//5916 
f 5918//5918 5914//5914 5919//5919 
f 5914//5914 5920//5920 5919//5919 
f 5921//5921 5918//5918 5922//5922 
f 5918//5918 5923//5923 5922//5922 
f 5924//5924 5921//5921 5925//5925 
f 5921//5921 5926//5926 5925//5925 
f 5927//5927 5924//5924 5928//5928 
f 5924//5924 5929//5929 5928//5928 
f 5930//5930 5927//5927 5931//5931 
f 5927//5927 5932//5932 5931//5931 
f 5931//5931 5933//5933 5930//5930 
f 5928//5928 5932//5932 5927//5927 
f 5925//5925 5929//5929 5924//5924 
f 5922//5922 5926//5926 5921//5921 
f 5919//5919 5923//5923 5918//5918 
f 5916//5916 5920//5920 5914//5914 
v -0.0130388 -0.04175 0.0440102 
v -0.0130388 -0.04975 0.0440102 
v -0.0109178 -0.04175 0.0479369 
v -0.000858428 -0.04975 0.0665598 
v -0.000858428 -0.04175 0.0665598 
v -0.0131988 -0.0417 0.043714 
v -0.0131966 -0.04175 0.0437131 
v -0.0109178 -0.0417 0.0479369 
vn -0.879847 -5.38751e-17 0.475257 
vn -0.879847 -5.38751e-17 0.475257 
vn -0.879847 -5.38751e-17 0.475257 
vn -0.879847 -5.38751e-17 0.475257 
vn -0.879847 -5.38751e-17 0.475257 
vn -0.879847 -5.38751e-17 0.475257 
vn -0.879847 -5.38751e-17 0.475257 
vn -0.879847 -5.38751e-17 0.475257 
f 5934//5934 5935//5935 5936//5936 
f 5937//5937 5938//5938 5936//5936 
f 5936//5936 5935//5935 5937//5937 
f 5939//5939 5940//5940 5934//5934 
f 5934//5934 5941//5941 5939//5939 
f 5936//5936 5941//5941 5934//5934 
v -0.0132973 -0.04175 0.0434864 
v -0.0132661 -0.0416998 0.0435801 
v -0.013283 -0.0416998 0.0435465 
v -0.0131966 -0.04175 0.0437131 
v -0.0132426 -0.0416999 0.0436267 
v -0.0132202 -0.0417 0.0436714 
v -0.0131988 -0.0417 0.043714 
v -0.0133336 -0.04175 0.0434048 
v -0.0133425 -0.0416999 0.0433999 
v -0.0133703 -0.0417 0.0433315 
v -0.0133992 -0.04175 0.0432604 
v -0.0133159 -0.0416999 0.0434655 
v -0.0133058 -0.0416998 0.0434903 
v -0.0133992 -0.0417 0.0432604 
vn -0.914704 -6.95127e-17 0.404124 
vn -0.901511 -6.95127e-17 0.432756 
vn -0.906665 -6.95127e-17 0.421851 
vn -0.879645 -6.95127e-17 0.475631 
vn -0.894138 -6.95127e-17 0.447792 
vn -0.886847 -6.95127e-17 0.462063 
vn -0.879682 -6.95127e-17 0.475563 
vn -0.925935 -6.95127e-17 0.377684 
vn -0.926887 -6.95127e-17 0.375341 
vn -0.935518 -6.95127e-17 0.35328 
vn -0.943931 -6.95127e-17 0.330143 
vn -0.91813 -6.95127e-17 0.396279 
vn -0.914691 -6.95127e-17 0.404153 
vn -0.943931 -6.95127e-17 0.330143 
f 5942//5942 5943//5943 5944//5944 
f 5942//5942 5945//5945 5946//5946 
f 5946//5946 5943//5943 5942//5942 
f 5945//5945 5947//5947 5946//5946 
f 5945//5945 5948//5948 5947//5947 
f 5949//5949 5950//5950 5951//5951 
f 5951//5951 5952//5952 5949//5949 
f 5949//5949 5942//5942 5953//5953 
f 5953//5953 5950//5950 5949//5949 
f 5942//5942 5954//5954 5953//5953 
f 5951//5951 5955//5955 5952//5952 
f 5944//5944 5954//5954 5942//5942 
v -0.0151196 -0.0118729 0.0523938 
v -0.0151331 -0.0188804 0.0494941 
v -0.0150539 -0.0184387 0.0498219 
v -0.0227598 -0.0347131 0.0288799 
v -0.0151366 -0.0189 0.0494796 
v -0.0154242 -0.0389669 0.0407152 
v -0.0153951 -0.0389876 0.0407607 
v -0.0148635 -0.0238935 0.0479369 
v -0.0150409 -0.0183663 0.0498757 
v -0.0138169 -0.0125526 0.0545267 
v -0.0141561 -0.0118729 0.0541775 
v -0.0149739 -0.0233577 0.0479523 
v -0.0152119 -0.0195645 0.0490677 
v -0.0151908 -0.0193785 0.049183 
v -0.0155876 -0.0388578 0.0404576 
v -0.0157272 -0.0387733 0.0402338 
v -0.015247 -0.0202691 0.0487137 
v -0.0152284 -0.0198958 0.0489012 
v -0.0152412 -0.0210081 0.0484213 
v -0.0152414 -0.0209829 0.0484312 
v -0.0149828 -0.0233033 0.0479581 
v -0.0152457 -0.0204309 0.0486497 
v -0.0140384 -0.0403746 0.0427032 
v -0.0139622 -0.0404786 0.0428017 
v -0.0150795 -0.0227135 0.048021 
v -0.015268 -0.0390823 0.0409571 
v -0.0151938 -0.0217745 0.0481946 
v -0.0152075 -0.0215518 0.0482605 
v -0.0135693 -0.0410647 0.0432887 
v -0.0131988 -0.0417 0.043714 
v -0.0144453 -0.0398689 0.0421576 
v -0.0148551 -0.039439 0.0415752 
v -0.0151046 -0.0225605 0.0480373 
v -0.0151535 -0.0221291 0.0481236 
v -0.0109178 -0.0417 0.0479369 
vn -0.863587 -0.19136 0.466474 
vn -0.863587 -0.19136 0.466474 
vn -0.863587 -0.19136 0.466474 
vn -0.863587 -0.19136 0.466474 
vn -0.863587 -0.19136 0.466474 
vn -0.863587 -0.19136 0.466474 
vn -0.863587 -0.19136 0.466474 
vn -0.863587 -0.19136 0.466474 
vn -0.863587 -0.19136 0.466474 
vn -0.863587 -0.19136 0.466474 
vn -0.863587 -0.19136 0.466474 
vn -0.863587 -0.19136 0.466474 
vn -0.863587 -0.19136 0.466474 
vn -0.863587 -0.19136 0.466474 
vn -0.863587 -0.19136 0.466474 
vn -0.863587 -0.19136 0.466474 
vn -0.863587 -0.19136 0.466474 
vn -0.863587 -0.19136 0.466474 
vn -0.863587 -0.19136 0.466474 
vn -0.863587 -0.19136 0.466474 
vn -0.863587 -0.19136 0.466474 
vn -0.863587 -0.19136 0.466474 
vn -0.863587 -0.19136 0.466474 
vn -0.863587 -0.19136 0.466474 
vn -0.863587 -0.19136 0.466474 
vn -0.863587 -0.19136 0.466474 
vn -0.863587 -0.19136 0.466474 
vn -0.863587 -0.19136 0.466474 
vn -0.863587 -0.19136 0.466474 
vn -0.863587 -0.19136 0.466474 
vn -0.863587 -0.19136 0.466474 
vn -0.863587 -0.19136 0.466474 
vn -0.863587 -0.19136 0.466474 
vn -0.863587 -0.19136 0.466474 
vn -0.863587 -0.19136 0.466474 
f 5956//5956 5957//5957 5958//5958 
f 5959//5959 5960//5960 5957//5957 
f 5961//5961 5962//5962 5963//5963 
f 5964//5964 5965//5965 5966//5966 
f 5957//5957 5956//5956 5959//5959 
f 5963//5963 5967//5967 5961//5961 
f 5958//5958 5964//5964 5956//5956 
f 5959//5959 5968//5968 5969//5969 
f 5967//5967 5970//5970 5961//5961 
f 5967//5967 5959//5959 5971//5971 
f 5969//5969 5960//5960 5959//5959 
f 5959//5959 5972//5972 5973//5973 
f 5959//5959 5974//5974 5975//5975 
f 5959//5959 5967//5967 5976//5976 
f 5971//5971 5970//5970 5967//5967 
f 5973//5973 5968//5968 5959//5959 
f 5975//5975 5977//5977 5959//5959 
f 5963//5963 5978//5978 5979//5979 
f 5976//5976 5980//5980 5959//5959 
f 5962//5962 5981//5981 5963//5963 
f 5977//5977 5972//5972 5959//5959 
f 5959//5959 5982//5982 5983//5983 
f 5963//5963 5984//5984 5985//5985 
f 5963//5963 5986//5986 5978//5978 
f 5981//5981 5987//5987 5963//5963 
f 5983//5983 5974//5974 5959//5959 
f 5959//5959 5988//5988 5989//5989 
f 5979//5979 5984//5984 5963//5963 
f 5980//5980 5988//5988 5959//5959 
f 5989//5989 5982//5982 5959//5959 
f 5987//5987 5986//5986 5963//5963 
f 5985//5985 5990//5990 5963//5963 
f 5966//5966 5956//5956 5964//5964 
v -0.0154242 -0.0389669 0.0407152 
v -0.0154192 -0.0391394 0.0406342 
v -0.0153908 -0.0391583 0.0406793 
v -0.0153986 -0.0393069 0.0405455 
v -0.0153712 -0.039324 0.0405903 
v -0.0153884 -0.039179 0.0406682 
v -0.0153624 -0.0394679 0.0404498 
v -0.0153364 -0.0394833 0.0404945 
v -0.0153111 -0.0396208 0.0403481 
v -0.0152866 -0.0396347 0.0403928 
v -0.0153177 -0.0395401 0.0404564 
v -0.0152452 -0.0397643 0.0402412 
v -0.0152223 -0.0397769 0.0402859 
v -0.0152545 -0.0397058 0.0403394 
v -0.0151652 -0.039897 0.0401302 
v -0.0151735 -0.0398593 0.0402166 
v -0.0151442 -0.0399087 0.040175 
v -0.0150718 -0.0400179 0.0400159 
v -0.0150529 -0.0400288 0.040061 
v -0.0149659 -0.0401256 0.0398996 
v -0.0149621 -0.0401227 0.0399594 
v -0.0149491 -0.0401361 0.0399449 
v -0.0148485 -0.0402194 0.0397822 
v -0.0148339 -0.0402298 0.0398277 
v -0.0155876 -0.0388578 0.0404576 
v -0.0155781 -0.0390407 0.0403788 
v -0.0155515 -0.0392179 0.0402916 
v -0.0155081 -0.0393878 0.0401968 
v -0.0154484 -0.0395487 0.0400953 
v -0.0153728 -0.0396988 0.0399881 
v -0.0152823 -0.0398368 0.0398763 
v -0.0151776 -0.0399613 0.039761 
v -0.0150599 -0.040071 0.0396434 
v -0.0149302 -0.0401649 0.0395246 
v -0.0157272 -0.0387733 0.0402338 
v -0.0157138 -0.0389647 0.040157 
v -0.0156822 -0.03915 0.0400712 
v -0.0156326 -0.0393272 0.0399771 
v -0.0155656 -0.0394944 0.0398758 
v -0.0154818 -0.0396498 0.0397683 
v -0.0153822 -0.0397918 0.0396559 
v -0.0152679 -0.0399188 0.0395396 
v -0.01514 -0.0400295 0.0394209 
v -0.015 -0.0401226 0.0393008 
v -0.0153951 -0.0389876 0.0407607 
vn -0.863587 -0.19136 0.466474 
vn -0.861077 -0.27764 0.425985 
vn -0.861479 -0.276693 0.425788 
vn -0.850739 -0.361395 0.381623 
vn -0.851667 -0.359552 0.381295 
vn -0.860674 -0.287186 0.420435 
vn -0.832669 -0.441865 0.333793 
vn -0.83424 -0.439195 0.333393 
vn -0.80703 -0.518319 0.282928 
vn -0.809354 -0.514912 0.282509 
vn -0.825775 -0.468076 0.314643 
vn -0.774055 -0.590062 0.229492 
vn -0.777232 -0.586024 0.229099 
vn -0.794181 -0.551084 0.256091 
vn -0.734044 -0.656441 0.173969 
vn -0.7536 -0.627856 0.19464 
vn -0.738159 -0.651897 0.173641 
vn -0.687361 -0.716853 0.116866 
vn -0.692487 -0.711941 0.116631 
vn -0.63443 -0.770749 0.0586996 
vn -0.647419 -0.759283 0.0658626 
vn -0.640622 -0.765619 0.0585773 
vn -0.575732 -0.817639 0 
vn -0.58303 -0.812451 0 
vn -0.863587 -0.19136 0.466474 
vn -0.858833 -0.282809 0.427112 
vn -0.845547 -0.371448 0.383507 
vn -0.82386 -0.456397 0.336091 
vn -0.793988 -0.536811 0.285336 
vn -0.756228 -0.611893 0.231747 
vn -0.710955 -0.680895 0.175855 
vn -0.658619 -0.743133 0.118217 
vn -0.599739 -0.797987 0.0594034 
vn -0.534902 -0.844914 0 
vn -0.863587 -0.19136 0.466474 
vn -0.856917 -0.287075 0.428114 
vn -0.841097 -0.379725 0.385182 
vn -0.816296 -0.46832 0.338138 
vn -0.782779 -0.551915 0.287483 
vn -0.740905 -0.629617 0.233759 
vn -0.691119 -0.700596 0.177539 
vn -0.633954 -0.764095 0.119423 
vn -0.57002 -0.819435 0.0600319 
vn -0.5 -0.866025 0 
vn -0.863587 -0.19136 0.466474 
f 5991//5991 5992//5992 5993//5993 
f 5994//5994 5995//5995 5996//5996 
f 5996//5996 5992//5992 5994//5994 
f 5994//5994 5997//5997 5998//5998 
f 5999//5999 6000//6000 6001//6001 
f 6001//6001 5997//5997 5999//5999 
f 6002//6002 6003//6003 6004//6004 
f 6004//6004 5999//5999 6002//6002 
f 6002//6002 6005//6005 6006//6006 
f 6005//6005 6007//6007 6006//6006 
f 6005//6005 6008//6008 6009//6009 
f 6008//6008 6010//6010 6011//6011 
f 6010//6010 6012//6012 6011//6011 
f 6010//6010 6013//6013 6014//6014 
f 6015//6015 6016//6016 5992//5992 
f 5994//5994 5992//5992 6016//6016 
f 5997//5997 5994//5994 6017//6017 
f 5999//5999 5997//5997 6018//6018 
f 6002//6002 5999//5999 6019//6019 
f 6005//6005 6002//6002 6020//6020 
f 6008//6008 6005//6005 6021//6021 
f 6010//6010 6008//6008 6022//6022 
f 6023//6023 6024//6024 6013//6013 
f 6025//6025 6026//6026 6016//6016 
f 6026//6026 6027//6027 6017//6017 
f 6027//6027 6028//6028 6018//6018 
f 6028//6028 6029//6029 6019//6019 
f 6029//6029 6030//6030 6020//6020 
f 6030//6030 6031//6031 6021//6021 
f 6031//6031 6032//6032 6022//6022 
f 6032//6032 6033//6033 6023//6023 
f 6033//6033 6034//6034 6024//6024 
f 6024//6024 6023//6023 6033//6033 
f 6023//6023 6022//6022 6032//6032 
f 6022//6022 6021//6021 6031//6031 
f 6021//6021 6020//6020 6030//6030 
f 6020//6020 6019//6019 6029//6029 
f 6019//6019 6018//6018 6028//6028 
f 6018//6018 6017//6017 6027//6027 
f 6017//6017 6016//6016 6026//6026 
f 6016//6016 6015//6015 6025//6025 
f 6013//6013 6010//6010 6023//6023 
f 6022//6022 6023//6023 6010//6010 
f 6021//6021 6022//6022 6008//6008 
f 6020//6020 6021//6021 6005//6005 
f 6019//6019 6020//6020 6002//6002 
f 6018//6018 6019//6019 5999//5999 
f 6017//6017 6018//6018 5997//5997 
f 6016//6016 6017//6017 5994//5994 
f 5992//5992 5991//5991 6015//6015 
f 6014//6014 6012//6012 6010//6010 
f 6011//6011 6009//6009 6008//6008 
f 6009//6009 6007//6007 6005//6005 
f 6006//6006 6003//6003 6002//6002 
f 6004//6004 6000//6000 5999//5999 
f 6001//6001 5998//5998 5997//5997 
f 5998//5998 5995//5995 5994//5994 
f 5996//5996 5993//5993 5992//5992 
f 5993//5993 6035//6035 5991//5991 
v -0.0157272 -0.0387733 0.0402338 
v -0.0227598 -0.0347131 0.0288799 
v -0.0227486 -0.0348856 0.0288113 
v -0.0157138 -0.0389647 0.040157 
v -0.0227457 -0.0349042 0.0288028 
v -0.0227226 -0.0350533 0.0287352 
v -0.0156822 -0.03915 0.0400712 
v -0.0227135 -0.0350892 0.0287168 
v -0.0226819 -0.0352148 0.0286523 
v -0.0156326 -0.0393272 0.0399771 
v -0.0226636 -0.0352661 0.0286226 
v -0.022627 -0.0353686 0.0285633 
v -0.0155656 -0.0394944 0.0398758 
v -0.0154818 -0.0396498 0.0397683 
v -0.0225583 -0.0355134 0.0284689 
v -0.0225965 -0.035433 0.0285213 
v -0.0153822 -0.0397918 0.0396559 
v -0.0224764 -0.0356481 0.02837 
v -0.0225128 -0.0355882 0.028414 
v -0.0224135 -0.0357302 0.0283017 
v -0.022382 -0.0357713 0.0282675 
v -0.0152679 -0.0399188 0.0395396 
v -0.0222995 -0.0358574 0.0281856 
v -0.022276 -0.035882 0.0281622 
v -0.01514 -0.0400295 0.0394209 
v -0.0221721 -0.0359685 0.028067 
v -0.0221591 -0.0359793 0.0280551 
v -0.015 -0.0401226 0.0393008 
v -0.0220326 -0.0360624 0.027947 
vn -0.863587 -0.19136 0.466474 
vn -0.863587 -0.19136 0.466474 
vn -0.857997 -0.277625 0.432163 
vn -0.856917 -0.287075 0.428114 
vn -0.856918 -0.287061 0.42812 
vn -0.844986 -0.361488 0.394113 
vn -0.841097 -0.379725 0.385182 
vn -0.8411 -0.379708 0.385191 
vn -0.824665 -0.442225 0.352654 
vn -0.816296 -0.46832 0.338138 
vn -0.8163 -0.468308 0.338145 
vn -0.797211 -0.519136 0.308145 
vn -0.782779 -0.551915 0.287483 
vn -0.740905 -0.629617 0.233759 
vn -0.762861 -0.591556 0.26097 
vn -0.782781 -0.551911 0.287486 
vn -0.691119 -0.700596 0.177539 
vn -0.721912 -0.658859 0.211537 
vn -0.740902 -0.629621 0.233756 
vn -0.691111 -0.700606 0.17753 
vn -0.674718 -0.720463 0.160275 
vn -0.633954 -0.764095 0.119423 
vn -0.633943 -0.764106 0.119412 
vn -0.621688 -0.775835 0.107627 
vn -0.57002 -0.819435 0.0600319 
vn -0.57001 -0.819442 0.060023 
vn -0.56328 -0.824496 0.0540471 
vn -0.5 -0.866025 -3.03577e-15 
vn -0.5 -0.866025 -3.03577e-15 
f 6036//6036 6037//6037 6038//6038 
f 6038//6038 6039//6039 6036//6036 
f 6039//6039 6040//6040 6041//6041 
f 6041//6041 6042//6042 6039//6039 
f 6042//6042 6043//6043 6044//6044 
f 6044//6044 6045//6045 6042//6042 
f 6045//6045 6046//6046 6047//6047 
f 6047//6047 6048//6048 6045//6045 
f 6049//6049 6048//6048 6050//6050 
f 6048//6048 6051//6051 6050//6050 
f 6052//6052 6049//6049 6053//6053 
f 6049//6049 6054//6054 6053//6053 
f 6052//6052 6055//6055 6056//6056 
f 6056//6056 6057//6057 6052//6052 
f 6057//6057 6058//6058 6059//6059 
f 6059//6059 6060//6060 6057//6057 
f 6060//6060 6061//6061 6062//6062 
f 6062//6062 6063//6063 6060//6060 
f 6062//6062 6064//6064 6063//6063 
f 6059//6059 6061//6061 6060//6060 
f 6056//6056 6058//6058 6057//6057 
f 6053//6053 6055//6055 6052//6052 
f 6050//6050 6054//6054 6049//6049 
f 6047//6047 6051//6051 6048//6048 
f 6044//6044 6046//6046 6045//6045 
f 6041//6041 6043//6043 6042//6042 
f 6038//6038 6040//6040 6039//6039 
v -0.0139622 -0.0404786 0.0428017 
v -0.0139801 -0.0405586 0.0427293 
v -0.0135852 -0.0411136 0.0432363 
v -0.0135987 -0.041162 0.0431827 
v -0.0136099 -0.0412097 0.043128 
v -0.0139928 -0.0406373 0.0426543 
v -0.0136187 -0.0412568 0.0430723 
v -0.0140002 -0.0407143 0.042577 
v -0.0136251 -0.041303 0.0430156 
v -0.0140024 -0.0407894 0.0424976 
v -0.013629 -0.0413484 0.042958 
v -0.0139993 -0.0408625 0.0424163 
v -0.0136306 -0.0413929 0.0428996 
v -0.0139908 -0.0409333 0.0423333 
v -0.0139772 -0.0410016 0.042249 
v -0.0139024 -0.04113 0.0422786 
v -0.013736 -0.0413171 0.0426216 
v -0.0139583 -0.0410672 0.0421635 
v -0.0139419 -0.0410857 0.0421974 
v -0.0137298 -0.0413241 0.0426344 
v -0.0140384 -0.0403746 0.0427032 
v -0.0140562 -0.0404607 0.0426278 
v -0.0140681 -0.0405452 0.0425495 
v -0.0140742 -0.0406279 0.0424686 
v -0.0140743 -0.0407084 0.0423854 
v -0.0140685 -0.0407866 0.0423 
v -0.0140568 -0.040862 0.0422129 
v -0.0140393 -0.0409346 0.0421244 
v -0.0140159 -0.041004 0.0420346 
v -0.0144453 -0.0398689 0.0421576 
v -0.0144599 -0.0399874 0.0420701 
v -0.014465 -0.0401031 0.0419779 
v -0.0144606 -0.0402155 0.0418817 
v -0.0144466 -0.0403239 0.0417818 
v -0.0144231 -0.0404277 0.0416789 
v -0.0143903 -0.0405263 0.0415735 
v -0.0143483 -0.0406193 0.0414662 
v -0.014135 -0.0408779 0.0417482 
v -0.0142974 -0.040706 0.0413575 
v -0.0142323 -0.0407749 0.0415142 
v -0.0140676 -0.0409493 0.0419104 
v -0.0148551 -0.039439 0.0415752 
v -0.0148629 -0.0395897 0.0414819 
v -0.0148572 -0.0397362 0.0413821 
v -0.0148378 -0.0398774 0.0412764 
v -0.0148049 -0.0400121 0.0411657 
v -0.0147589 -0.0401393 0.0410509 
v -0.0147001 -0.0402579 0.0409329 
v -0.0146288 -0.0403671 0.0408126 
v -0.0143975 -0.0406093 0.0410888 
v -0.0143245 -0.0406798 0.0412849 
v -0.0145458 -0.040466 0.0406909 
v -0.0145028 -0.0405075 0.0408062 
v -0.015268 -0.0390823 0.0409571 
v -0.0152658 -0.0392646 0.0408639 
v -0.0152456 -0.0394409 0.0407618 
v -0.0152075 -0.0396094 0.0406521 
v -0.015152 -0.0397684 0.0405358 
v -0.0150796 -0.0399162 0.0404141 
v -0.014991 -0.0400513 0.0402883 
v -0.0148873 -0.0401722 0.0401598 
v -0.0146742 -0.0403579 0.0403113 
v -0.0145652 -0.0404496 0.0406335 
v -0.0147695 -0.0402777 0.0400298 
v -0.0147322 -0.040309 0.0401399 
v -0.0153951 -0.0389876 0.0407607 
v -0.0153908 -0.0391583 0.0406793 
v -0.0153884 -0.039179 0.0406682 
v -0.0153712 -0.039324 0.0405903 
v -0.0153364 -0.0394833 0.0404945 
v -0.0153177 -0.0395401 0.0404564 
v -0.0152866 -0.0396347 0.0403928 
v -0.0152545 -0.0397058 0.0403394 
v -0.0152223 -0.0397769 0.0402859 
v -0.0151735 -0.0398593 0.0402166 
v -0.0151442 -0.0399087 0.040175 
v -0.0150529 -0.0400288 0.040061 
v -0.0149491 -0.0401361 0.0399449 
v -0.0149621 -0.0401227 0.0399594 
v -0.0133703 -0.0417 0.0433315 
v -0.0135091 -0.0415744 0.0430602 
v -0.0135713 -0.0415033 0.042947 
v -0.0136298 -0.0414365 0.0428404 
v -0.0133425 -0.0416999 0.0433999 
v -0.0133159 -0.0416999 0.0434655 
v -0.0133058 -0.0416998 0.0434903 
v -0.013283 -0.0416998 0.0435465 
v -0.0132661 -0.0416998 0.0435801 
v -0.0132426 -0.0416999 0.0436267 
v -0.0135693 -0.0410647 0.0432887 
v -0.0132202 -0.0417 0.0436714 
v -0.0131988 -0.0417 0.043714 
v -0.0133992 -0.0417 0.0432604 
v -0.0148339 -0.0402298 0.0398277 
vn -0.863587 -0.19136 0.466474 
vn -0.872539 -0.231371 0.430282 
vn -0.871533 -0.215843 0.440276 
vn -0.878302 -0.240035 0.413483 
vn -0.883887 -0.263903 0.386133 
vn -0.878882 -0.270689 0.392802 
vn -0.88828 -0.287414 0.358261 
vn -0.882596 -0.309198 0.354148 
vn -0.891475 -0.310539 0.329907 
vn -0.88367 -0.346783 0.314435 
vn -0.893467 -0.333244 0.301107 
vn -0.882101 -0.383329 0.273781 
vn -0.894254 -0.3555 0.271902 
vn -0.877894 -0.41873 0.232308 
vn -0.871061 -0.452878 0.190141 
vn -0.868966 -0.468158 0.160397 
vn -0.886641 -0.413602 0.206883 
vn -0.861623 -0.485672 0.147405 
vn -0.863846 -0.480565 0.151089 
vn -0.887157 -0.411511 0.208832 
vn -0.863587 -0.19136 0.466474 
vn -0.872476 -0.234409 0.428763 
vn -0.878438 -0.276672 0.389613 
vn -0.881454 -0.318007 0.349157 
vn -0.881513 -0.358274 0.30753 
vn -0.878615 -0.39734 0.26487 
vn -0.87277 -0.435074 0.221323 
vn -0.863997 -0.471348 0.177033 
vn -0.852326 -0.50604 0.132149 
vn -0.863587 -0.19136 0.466474 
vn -0.870917 -0.250615 0.422723 
vn -0.873476 -0.308496 0.376656 
vn -0.871249 -0.364688 0.328525 
vn -0.864248 -0.418881 0.278595 
vn -0.852512 -0.470779 0.227138 
vn -0.836105 -0.520097 0.174436 
vn -0.815117 -0.566566 0.120779 
vn -0.827955 -0.551949 0.099213 
vn -0.789663 -0.609931 0.0664595 
vn -0.805565 -0.587362 0.077914 
vn -0.84223 -0.526284 0.116937 
vn -0.863587 -0.19136 0.466474 
vn -0.867525 -0.26671 0.419841 
vn -0.864637 -0.339962 0.369905 
vn -0.854946 -0.410539 0.317058 
vn -0.838528 -0.477885 0.261717 
vn -0.815514 -0.541472 0.204317 
vn -0.786083 -0.600799 0.145309 
vn -0.750467 -0.655399 0.085158 
vn -0.758328 -0.650323 0.0449267 
vn -0.781405 -0.621132 0.0600141 
vn -0.708947 -0.704842 0.024337 
vn -0.723502 -0.689715 0.0289534 
vn -0.863587 -0.19136 0.466474 
vn -0.862511 -0.282472 0.419862 
vn -0.8524 -0.370625 0.368853 
vn -0.833359 -0.454895 0.313979 
vn -0.805589 -0.5344 0.255816 
vn -0.769381 -0.608308 0.194974 
vn -0.725113 -0.675843 0.132089 
vn -0.673249 -0.736299 0.067821 
vn -0.655129 -0.755475 0.00792988 
vn -0.700939 -0.712908 0.0211138 
vn -0.614333 -0.789041 0.00284216 
vn -0.630326 -0.776319 0.00414775 
vn -0.863587 -0.19136 0.466474 
vn -0.861479 -0.276693 0.425788 
vn -0.860672 -0.287201 0.420427 
vn -0.851667 -0.359552 0.381295 
vn -0.83424 -0.439195 0.333393 
vn -0.825772 -0.468086 0.314637 
vn -0.809354 -0.514912 0.282509 
vn -0.794181 -0.551084 0.256091 
vn -0.777232 -0.586024 0.229099 
vn -0.753605 -0.627847 0.194647 
vn -0.738159 -0.651897 0.173641 
vn -0.692487 -0.711941 0.116631 
vn -0.640622 -0.765619 0.0585773 
vn -0.647429 -0.759274 0.0658733 
vn -0.894659 -0.29084 0.339114 
vn -0.897559 -0.342471 0.277671 
vn -0.896101 -0.36054 0.258869 
vn -0.893834 -0.377276 0.242329 
vn -0.891098 -0.272839 0.362634 
vn -0.886975 -0.256039 0.384343 
vn -0.88552 -0.25061 0.391216 
vn -0.881037 -0.236006 0.40997 
vn -0.877845 -0.226666 0.421914 
vn -0.87313 -0.21399 0.43801 
vn -0.863587 -0.19136 0.466474 
vn -0.868349 -0.202216 0.452856 
vn -0.863587 -0.19136 0.466474 
vn -0.897473 -0.309987 0.313766 
vn -0.58303 -0.812451 0 
f 6065//6065 6066//6066 6067//6067 
f 6068//6068 6067//6067 6066//6066 
f 6069//6069 6068//6068 6070//6070 
f 6071//6071 6069//6069 6072//6072 
f 6073//6073 6071//6071 6074//6074 
f 6075//6075 6073//6073 6076//6076 
f 6077//6077 6075//6075 6078//6078 
f 6079//6079 6080//6080 6081//6081 
f 6081//6081 6077//6077 6079//6079 
f 6079//6079 6082//6082 6083//6083 
f 6083//6083 6080//6080 6079//6079 
f 6081//6081 6084//6084 6077//6077 
f 6085//6085 6086//6086 6066//6066 
f 6070//6070 6066//6066 6086//6086 
f 6072//6072 6070//6070 6087//6087 
f 6074//6074 6072//6072 6088//6088 
f 6076//6076 6074//6074 6089//6089 
f 6078//6078 6076//6076 6090//6090 
f 6079//6079 6078//6078 6091//6091 
f 6092//6092 6093//6093 6082//6082 
f 6094//6094 6095//6095 6086//6086 
f 6087//6087 6086//6086 6095//6095 
f 6088//6088 6087//6087 6096//6096 
f 6089//6089 6088//6088 6097//6097 
f 6090//6090 6089//6089 6098//6098 
f 6091//6091 6090//6090 6099//6099 
f 6092//6092 6091//6091 6100//6100 
f 6092//6092 6101//6101 6102//6102 
f 6101//6101 6103//6103 6104//6104 
f 6104//6104 6102//6102 6101//6101 
f 6102//6102 6105//6105 6092//6092 
f 6106//6106 6107//6107 6095//6095 
f 6096//6096 6095//6095 6107//6107 
f 6097//6097 6096//6096 6108//6108 
f 6098//6098 6097//6097 6109//6109 
f 6099//6099 6098//6098 6110//6110 
f 6100//6100 6099//6099 6111//6111 
f 6101//6101 6100//6100 6112//6112 
f 6101//6101 6113//6113 6114//6114 
f 6114//6114 6115//6115 6101//6101 
f 6113//6113 6116//6116 6117//6117 
f 6117//6117 6114//6114 6113//6113 
f 6118//6118 6119//6119 6107//6107 
f 6108//6108 6107//6107 6119//6119 
f 6109//6109 6108//6108 6120//6120 
f 6110//6110 6109//6109 6121//6121 
f 6111//6111 6110//6110 6122//6122 
f 6112//6112 6111//6111 6123//6123 
f 6113//6113 6112//6112 6124//6124 
f 6113//6113 6125//6125 6126//6126 
f 6126//6126 6127//6127 6113//6113 
f 6125//6125 6128//6128 6129//6129 
f 6129//6129 6126//6126 6125//6125 
f 6118//6118 6130//6130 6131//6131 
f 6131//6131 6119//6119 6118//6118 
f 6119//6119 6132//6132 6133//6133 
f 6120//6120 6133//6133 6134//6134 
f 6134//6134 6121//6121 6120//6120 
f 6121//6121 6135//6135 6136//6136 
f 6136//6136 6122//6122 6121//6121 
f 6122//6122 6137//6137 6138//6138 
f 6138//6138 6123//6123 6122//6122 
f 6123//6123 6139//6139 6140//6140 
f 6140//6140 6124//6124 6123//6123 
f 6125//6125 6124//6124 6141//6141 
f 6128//6128 6125//6125 6142//6142 
f 6125//6125 6143//6143 6142//6142 
f 6144//6144 6077//6077 6145//6145 
f 6077//6077 6146//6146 6145//6145 
f 6077//6077 6147//6147 6146//6146 
f 6075//6075 6077//6077 6144//6144 
f 6073//6073 6075//6075 6148//6148 
f 6071//6071 6073//6073 6149//6149 
f 6149//6149 6150//6150 6071//6071 
f 6069//6069 6071//6071 6151//6151 
f 6068//6068 6069//6069 6152//6152 
f 6067//6067 6068//6068 6153//6153 
f 6154//6154 6067//6067 6155//6155 
f 6155//6155 6156//6156 6154//6154 
f 6153//6153 6155//6155 6067//6067 
f 6152//6152 6153//6153 6068//6068 
f 6151//6151 6152//6152 6069//6069 
f 6150//6150 6151//6151 6071//6071 
f 6148//6148 6149//6149 6073//6073 
f 6144//6144 6148//6148 6075//6075 
f 6145//6145 6157//6157 6144//6144 
f 6142//6142 6158//6158 6128//6128 
f 6141//6141 6143//6143 6125//6125 
f 6140//6140 6141//6141 6124//6124 
f 6138//6138 6139//6139 6123//6123 
f 6136//6136 6137//6137 6122//6122 
f 6134//6134 6135//6135 6121//6121 
f 6133//6133 6120//6120 6119//6119 
f 6131//6131 6132//6132 6119//6119 
f 6127//6127 6116//6116 6113//6113 
f 6124//6124 6125//6125 6113//6113 
f 6123//6123 6124//6124 6112//6112 
f 6122//6122 6123//6123 6111//6111 
f 6121//6121 6122//6122 6110//6110 
f 6120//6120 6121//6121 6109//6109 
f 6119//6119 6120//6120 6108//6108 
f 6107//6107 6106//6106 6118//6118 
f 6115//6115 6103//6103 6101//6101 
f 6112//6112 6113//6113 6101//6101 
f 6111//6111 6112//6112 6100//6100 
f 6110//6110 6111//6111 6099//6099 
f 6109//6109 6110//6110 6098//6098 
f 6108//6108 6109//6109 6097//6097 
f 6107//6107 6108//6108 6096//6096 
f 6095//6095 6094//6094 6106//6106 
f 6105//6105 6093//6093 6092//6092 
f 6100//6100 6101//6101 6092//6092 
f 6099//6099 6100//6100 6091//6091 
f 6098//6098 6099//6099 6090//6090 
f 6097//6097 6098//6098 6089//6089 
f 6096//6096 6097//6097 6088//6088 
f 6095//6095 6096//6096 6087//6087 
f 6086//6086 6085//6085 6094//6094 
f 6082//6082 6079//6079 6092//6092 
f 6091//6091 6092//6092 6079//6079 
f 6090//6090 6091//6091 6078//6078 
f 6089//6089 6090//6090 6076//6076 
f 6088//6088 6089//6089 6074//6074 
f 6087//6087 6088//6088 6072//6072 
f 6086//6086 6087//6087 6070//6070 
f 6066//6066 6065//6065 6085//6085 
f 6084//6084 6147//6147 6077//6077 
f 6078//6078 6079//6079 6077//6077 
f 6076//6076 6078//6078 6075//6075 
f 6074//6074 6076//6076 6073//6073 
f 6072//6072 6074//6074 6071//6071 
f 6070//6070 6072//6072 6069//6069 
f 6066//6066 6070//6070 6068//6068 
f 6067//6067 6154//6154 6065//6065 
v -0.0138451 -0.0412626 0.0422445 
v -0.0137864 -0.0414365 0.0422015 
v -0.0136806 -0.041486 0.0425752 
v -0.0137442 -0.0416158 0.0421621 
v -0.0136395 -0.0416621 0.0425291 
v -0.0138761 -0.0413981 0.041813 
v -0.0138333 -0.0415809 0.0417804 
v -0.0140094 -0.0411903 0.0414375 
v -0.0139359 -0.0412207 0.0418487 
v -0.0140122 -0.0410503 0.0418871 
v -0.0139489 -0.0413714 0.0414094 
v -0.0139062 -0.0415579 0.0413837 
v -0.0141429 -0.040994 0.0410329 
v -0.0140869 -0.0410161 0.0414679 
v -0.0141808 -0.0408506 0.0415002 
v -0.0140646 -0.0411721 0.0410108 
v -0.014004 -0.0413572 0.0409903 
v -0.0139618 -0.0415474 0.0409717 
v -0.0142754 -0.0408114 0.0405968 
v -0.0142382 -0.0408247 0.0410565 
v -0.0143497 -0.0406656 0.0410814 
v -0.0141791 -0.0409847 0.040582 
v -0.0141005 -0.0411668 0.0405683 
v -0.0140403 -0.0413559 0.0405556 
v -0.0139992 -0.0415502 0.0405441 
v -0.0144053 -0.0406446 0.0401266 
v -0.0143884 -0.0406485 0.0406123 
v -0.0145171 -0.0404977 0.0406284 
v -0.014291 -0.0408114 0.0401207 
v -0.0141942 -0.0409889 0.0401151 
v -0.0141158 -0.0411752 0.0401099 
v -0.0140567 -0.0413686 0.0401051 
v -0.0140173 -0.0415669 0.0401008 
v -0.0145357 -0.0404903 0.0401328 
v -0.0146812 -0.0403499 0.0401391 
v -0.0146539 -0.0403777 0.0398277 
v -0.0146824 -0.0403501 0.0398277 
v -0.0145031 -0.0405313 0.0398277 
v -0.0145357 -0.0404925 0.0398277 
v -0.0143696 -0.0407001 0.0398277 
v -0.0144043 -0.040649 0.0398277 
v -0.0142551 -0.0408822 0.0398277 
v -0.0142895 -0.0408182 0.0398277 
v -0.0141607 -0.0410756 0.0398277 
v -0.0141927 -0.0409982 0.0398277 
v -0.0141147 -0.0411872 0.0398277 
v -0.0140877 -0.0412779 0.0398277 
v -0.0140564 -0.0413831 0.0398277 
v -0.0140368 -0.0414869 0.0398277 
v -0.0139922 -0.0417 0.0400979 
v -0.0140184 -0.041584 0.0398277 
v -0.0139698 -0.0416999 0.040536 
v -0.0139539 -0.0416999 0.0408469 
v -0.0139527 -0.0416999 0.040855 
v -0.0139369 -0.0416999 0.040958 
v -0.0138744 -0.0417 0.0413654 
v -0.013809 -0.0417 0.0417918 
v -0.0137913 -0.0417 0.0418619 
v -0.0137201 -0.0417 0.0421442 
v -0.0136255 -0.0417001 0.0425194 
v -0.0135755 -0.0417001 0.0427179 
v -0.0135605 -0.0417001 0.0427641 
v -0.0135594 -0.0415464 0.0429343 
v -0.0135354 -0.0417001 0.0428412 
v -0.0135205 -0.0417001 0.042887 
v -0.0133992 -0.0417 0.0432604 
v -0.0135091 -0.0415744 0.0430602 
v -0.0135713 -0.0415033 0.042947 
v -0.0136298 -0.0414365 0.0428404 
v -0.0137298 -0.0413241 0.0426344 
v -0.0139419 -0.0410857 0.0421974 
v -0.0139024 -0.04113 0.0422786 
v -0.0139583 -0.0410672 0.0421635 
v -0.0140159 -0.041004 0.0420346 
v -0.0140676 -0.0409493 0.0419104 
v -0.014135 -0.0408779 0.0417482 
v -0.0142974 -0.040706 0.0413575 
v -0.0143245 -0.0406798 0.0412849 
v -0.0142323 -0.0407749 0.0415142 
v -0.0143975 -0.0406093 0.0410888 
v -0.0145028 -0.0405075 0.0408062 
v -0.0145458 -0.040466 0.0406909 
v -0.0145652 -0.0404496 0.0406335 
v -0.0146742 -0.0403579 0.0403113 
v -0.0147322 -0.040309 0.0401399 
v -0.0147695 -0.0402777 0.0400298 
v -0.0148339 -0.0402298 0.0398277 
v -0.01482 -0.0402409 0.0398277 
v -0.013736 -0.0413171 0.0426216 
v -0.014006 -0.0417 0.0398277 
vn -0.898897 -0.399141 0.18075 
vn -0.928229 -0.312226 0.20225 
vn -0.916006 -0.325017 0.235155 
vn -0.949322 -0.22254 0.221955 
vn -0.936572 -0.23699 0.258203 
vn -0.939214 -0.299183 0.168425 
vn -0.960581 -0.207759 0.184719 
vn -0.918685 -0.376458 0.119574 
vn -0.909318 -0.387891 0.150602 
vn -0.871166 -0.473076 0.131412 
vn -0.948901 -0.28588 0.133642 
vn -0.970277 -0.192639 0.146465 
vn -0.887775 -0.453869 0.0765452 
vn -0.879911 -0.463529 0.104393 
vn -0.83294 -0.546282 0.0882385 
vn -0.926939 -0.364838 0.087624 
vn -0.95722 -0.272311 0.0978631 
vn -0.978328 -0.177175 0.107164 
vn -0.846549 -0.53077 0.0404702 
vn -0.840103 -0.53855 0.0647329 
vn -0.784381 -0.61807 0.0523003 
vn -0.894703 -0.444094 0.0478279 
vn -0.934011 -0.353029 0.0547129 
vn -0.964087 -0.258474 0.0610569 
vn -0.984632 -0.161364 0.0667974 
vn -0.795112 -0.606335 0.012463 
vn -0.790028 -0.612198 0.0327124 
vn -0.725696 -0.687574 0.0246313 
vn -0.852227 -0.522945 0.0154108 
vn -0.900628 -0.434209 0.0182009 
vn -0.939821 -0.341033 0.0208049 
vn -0.969405 -0.24437 0.0231963 
vn -0.989076 -0.145209 0.0253504 
vn -0.729867 -0.683525 0.00938791 
vn -0.65716 -0.753726 0.00621678 
vn -0.673606 -0.73909 0 
vn -0.65882 -0.752301 -1.88481e-16 
vn -0.749185 -0.662361 0 
vn -0.732169 -0.681123 0 
vn -0.816074 -0.577947 0 
vn -0.797869 -0.60283 0 
vn -0.873498 -0.486828 0 
vn -0.855235 -0.51824 0 
vn -0.92079 -0.390059 0 
vn -0.903667 -0.428236 0 
vn -0.942659 -0.333759 0 
vn -0.9574 -0.288765 0 
vn -0.971803 -0.235794 0 
vn -0.982904 -0.184121 0 
vn -0.996263 -0.0821772 0.0265708 
vn -0.990795 -0.135367 0 
vn -0.993408 -0.0903694 0.0705263 
vn -0.990058 -0.0964485 0.102386 
vn -0.989944 -0.0967389 0.103215 
vn -0.988188 -0.102832 0.113621 
vn -0.979878 -0.12619 0.154642 
vn -0.96873 -0.150546 0.197224 
vn -0.966471 -0.155865 0.20406 
vn -0.955527 -0.185252 0.229454 
vn -0.939318 -0.221465 0.261984 
vn -0.92991 -0.240319 0.278415 
vn -0.927321 -0.246396 0.281717 
vn -0.902589 -0.337564 0.267178 
vn -0.923204 -0.254892 0.287619 
vn -0.920271 -0.262423 0.290233 
vn -0.897473 -0.309987 0.313766 
vn -0.897344 -0.342134 0.278778 
vn -0.895964 -0.360264 0.259729 
vn -0.893834 -0.377276 0.242329 
vn -0.887015 -0.410631 0.211155 
vn -0.863879 -0.480334 0.151632 
vn -0.869027 -0.46749 0.162003 
vn -0.861623 -0.485672 0.147405 
vn -0.852326 -0.50604 0.132149 
vn -0.842456 -0.525586 0.118441 
vn -0.828431 -0.550786 0.101665 
vn -0.789663 -0.609931 0.0664595 
vn -0.781681 -0.620701 0.0608661 
vn -0.806023 -0.586494 0.079691 
vn -0.759115 -0.649258 0.0470067 
vn -0.72405 -0.689088 0.0301553 
vn -0.708947 -0.704842 0.024337 
vn -0.70124 -0.712594 0.0217164 
vn -0.656173 -0.754548 0.00970204 
vn -0.63095 -0.775807 0.00512579 
vn -0.614333 -0.789041 0.00284216 
vn -0.58303 -0.812451 0 
vn -0.590223 -0.80724 0 
vn -0.886503 -0.412689 0.209287 
vn -0.997004 -0.0773503 0 
f 6159//6159 6160//6160 6161//6161 
f 6162//6162 6163//6163 6161//6161 
f 6164//6164 6160//6160 6159//6159 
f 6165//6165 6162//6162 6160//6160 
f 6166//6166 6167//6167 6168//6168 
f 6169//6169 6164//6164 6167//6167 
f 6170//6170 6165//6165 6164//6164 
f 6171//6171 6172//6172 6173//6173 
f 6174//6174 6166//6166 6172//6172 
f 6175//6175 6169//6169 6166//6166 
f 6176//6176 6170//6170 6169//6169 
f 6177//6177 6178//6178 6179//6179 
f 6180//6180 6171//6171 6178//6178 
f 6181//6181 6174//6174 6171//6171 
f 6182//6182 6175//6175 6174//6174 
f 6183//6183 6176//6176 6175//6175 
f 6184//6184 6185//6185 6186//6186 
f 6187//6187 6177//6177 6185//6185 
f 6188//6188 6180//6180 6177//6177 
f 6189//6189 6181//6181 6180//6180 
f 6190//6190 6182//6182 6181//6181 
f 6191//6191 6183//6183 6182//6182 
f 6192//6192 6193//6193 6194//6194 
f 6193//6193 6195//6195 6194//6194 
f 6184//6184 6192//6192 6196//6196 
f 6192//6192 6197//6197 6196//6196 
f 6187//6187 6184//6184 6198//6198 
f 6184//6184 6199//6199 6198//6198 
f 6188//6188 6187//6187 6200//6200 
f 6187//6187 6201//6201 6200//6200 
f 6189//6189 6188//6188 6202//6202 
f 6188//6188 6203//6203 6202//6202 
f 6189//6189 6204//6204 6205//6205 
f 6205//6205 6190//6190 6189//6189 
f 6190//6190 6206//6206 6207//6207 
f 6207//6207 6191//6191 6190//6190 
f 6208//6208 6191//6191 6209//6209 
f 6210//6210 6183//6183 6191//6191 
f 6176//6176 6211//6211 6212//6212 
f 6183//6183 6210//6210 6211//6211 
f 6211//6211 6176//6176 6183//6183 
f 6176//6176 6213//6213 6214//6214 
f 6214//6214 6215//6215 6165//6165 
f 6162//6162 6165//6165 6216//6216 
f 6165//6165 6215//6215 6216//6216 
f 6162//6162 6217//6217 6218//6218 
f 6163//6163 6218//6218 6219//6219 
f 6161//6161 6163//6163 6220//6220 
f 6220//6220 6221//6221 6161//6161 
f 6220//6220 6222//6222 6221//6221 
f 6223//6223 6224//6224 6225//6225 
f 6221//6221 6226//6226 6227//6227 
f 6227//6227 6161//6161 6221//6221 
f 6227//6227 6228//6228 6161//6161 
f 6167//6167 6159//6159 6229//6229 
f 6159//6159 6230//6230 6229//6229 
f 6168//6168 6229//6229 6231//6231 
f 6231//6231 6232//6232 6168//6168 
f 6168//6168 6233//6233 6234//6234 
f 6234//6234 6172//6172 6168//6168 
f 6178//6178 6235//6235 6236//6236 
f 6173//6173 6237//6237 6235//6235 
f 6235//6235 6178//6178 6173//6173 
f 6185//6185 6179//6179 6238//6238 
f 6238//6238 6239//6239 6185//6185 
f 6186//6186 6239//6239 6240//6240 
f 6192//6192 6186//6186 6241//6241 
f 6241//6241 6242//6242 6192//6192 
f 6193//6193 6243//6243 6244//6244 
f 6244//6244 6195//6195 6193//6193 
f 6244//6244 6245//6245 6246//6246 
f 6244//6244 6246//6246 6195//6195 
f 6243//6243 6193//6193 6242//6242 
f 6242//6242 6193//6193 6192//6192 
f 6240//6240 6241//6241 6186//6186 
f 6239//6239 6186//6186 6185//6185 
f 6238//6238 6179//6179 6236//6236 
f 6236//6236 6179//6179 6178//6178 
f 6237//6237 6173//6173 6234//6234 
f 6234//6234 6173//6173 6172//6172 
f 6232//6232 6233//6233 6168//6168 
f 6229//6229 6168//6168 6167//6167 
f 6230//6230 6159//6159 6247//6247 
f 6228//6228 6247//6247 6161//6161 
f 6226//6226 6221//6221 6225//6225 
f 6225//6225 6221//6221 6223//6223 
f 6222//6222 6223//6223 6221//6221 
f 6219//6219 6220//6220 6163//6163 
f 6218//6218 6163//6163 6162//6162 
f 6216//6216 6217//6217 6162//6162 
f 6165//6165 6170//6170 6214//6214 
f 6214//6214 6170//6170 6176//6176 
f 6212//6212 6213//6213 6176//6176 
f 6191//6191 6208//6208 6210//6210 
f 6209//6209 6248//6248 6208//6208 
f 6207//6207 6209//6209 6191//6191 
f 6205//6205 6206//6206 6190//6190 
f 6202//6202 6204//6204 6189//6189 
f 6200//6200 6203//6203 6188//6188 
f 6198//6198 6201//6201 6187//6187 
f 6196//6196 6199//6199 6184//6184 
f 6194//6194 6197//6197 6192//6192 
f 6182//6182 6190//6190 6191//6191 
f 6181//6181 6189//6189 6190//6190 
f 6180//6180 6188//6188 6189//6189 
f 6177//6177 6187//6187 6188//6188 
f 6185//6185 6184//6184 6187//6187 
f 6186//6186 6192//6192 6184//6184 
f 6175//6175 6182//6182 6183//6183 
f 6174//6174 6181//6181 6182//6182 
f 6171//6171 6180//6180 6181//6181 
f 6178//6178 6177//6177 6180//6180 
f 6179//6179 6185//6185 6177//6177 
f 6169//6169 6175//6175 6176//6176 
f 6166//6166 6174//6174 6175//6175 
f 6172//6172 6171//6171 6174//6174 
f 6173//6173 6178//6178 6171//6171 
f 6164//6164 6169//6169 6170//6170 
f 6167//6167 6166//6166 6169//6169 
f 6168//6168 6172//6172 6166//6166 
f 6160//6160 6164//6164 6165//6165 
f 6159//6159 6167//6167 6164//6164 
f 6161//6161 6160//6160 6162//6162 
f 6161//6161 6247//6247 6159//6159 
v -0.0232165 -0.0353655 0.0257904 
v -0.0230483 -0.035476 0.025715 
v -0.0228609 -0.0355841 0.0262481 
v -0.0231673 -0.0353574 0.0264138 
v -0.0233713 -0.0352363 0.0258649 
v -0.0233001 -0.0352189 0.0264944 
v -0.0235108 -0.0350898 0.0259377 
v -0.0234173 -0.0350657 0.0265723 
v -0.0236334 -0.0349279 0.0260079 
v -0.0235176 -0.0348992 0.0266468 
v -0.0237376 -0.0347522 0.0260747 
v -0.0236 -0.0347215 0.0267169 
v -0.0238224 -0.0345649 0.0261374 
v -0.0236636 -0.0345344 0.0267819 
v -0.0238867 -0.0343681 0.0261952 
v -0.0237077 -0.0343398 0.0268411 
v -0.0239297 -0.0341641 0.0262475 
v -0.0237318 -0.03414 0.026894 
v -0.023951 -0.0339552 0.0262936 
v -0.0237356 -0.0339371 0.0269398 
v -0.0239504 -0.0337439 0.026333 
v -0.0230204 -0.0354796 0.0263314 
v -0.0226611 -0.0356995 0.0267397 
v -0.0228119 -0.0356007 0.0268302 
v -0.022951 -0.0354853 0.0269198 
v -0.023077 -0.0353544 0.0270075 
v -0.0231885 -0.0352094 0.0270925 
v -0.0232846 -0.0350518 0.0271739 
v -0.0233641 -0.0348832 0.027251 
v -0.0234262 -0.0347052 0.0273228 
v -0.0234705 -0.0345198 0.0273887 
v -0.0234963 -0.0343287 0.0274479 
v -0.0235035 -0.0341339 0.0275 
v -0.0236107 -0.034043 0.0272413 
v -0.0224512 -0.0358207 0.0271915 
v -0.0225935 -0.0357275 0.0272886 
v -0.0227248 -0.0356185 0.0273847 
v -0.0228439 -0.0354949 0.027479 
v -0.0229497 -0.0353578 0.0275706 
v -0.0230411 -0.0352086 0.0276585 
v -0.0231172 -0.0350486 0.0277419 
v -0.0231774 -0.0348794 0.0278201 
v -0.023221 -0.0347026 0.0278922 
v -0.023257 -0.0343331 0.0280157 
v -0.0220326 -0.0360624 0.027947 
v -0.0221721 -0.0359685 0.028067 
v -0.0221591 -0.0359793 0.0280551 
v -0.0222995 -0.0358574 0.0281856 
v -0.022276 -0.035882 0.0281622 
v -0.0224135 -0.0357302 0.0283017 
v -0.022382 -0.0357713 0.0282675 
v -0.0225128 -0.0355882 0.028414 
v -0.0224764 -0.0356481 0.02837 
v -0.0225583 -0.0355134 0.0284689 
v -0.0225965 -0.035433 0.0285213 
v -0.0226636 -0.0352661 0.0286226 
v -0.022627 -0.0353686 0.0285633 
v -0.0227135 -0.0350892 0.0287168 
v -0.0226819 -0.0352148 0.0286523 
v -0.0227457 -0.0349042 0.0288028 
v -0.0232476 -0.0345199 0.0279576 
v -0.0227226 -0.0350533 0.0287352 
v -0.0227486 -0.0348856 0.0288113 
v -0.0227598 -0.0347131 0.0288799 
v -0.0232131 -0.0343667 0.0280921 
vn -0.584128 -0.810786 0.0376975 
vn -0.5 -0.866025 0 
vn -0.5 -0.866025 0 
vn -0.653184 -0.752654 0.0828364 
vn -0.66151 -0.746181 0.0749596 
vn -0.719569 -0.683417 0.123133 
vn -0.731251 -0.672958 0.111356 
vn -0.778164 -0.606783 0.162096 
vn -0.792546 -0.591962 0.146466 
vn -0.828336 -0.523581 0.199305 
vn -0.844687 -0.504129 0.179884 
vn -0.869542 -0.434711 0.234356 
vn -0.887071 -0.410474 0.211225 
vn -0.901336 -0.341136 0.266871 
vn -0.91921 -0.312077 0.240126 
vn -0.923373 -0.243868 0.296497 
vn -0.940732 -0.210076 0.266254 
vn -0.935416 -0.14396 0.322913 
vn -0.951389 -0.105648 0.289306 
vn -0.937333 -0.0424941 0.345834 
vn -0.951057 0 0.309017 
vn -0.57973 -0.813744 0.0416436 
vn -0.5 -0.866025 0 
vn -0.575397 -0.816622 0.045249 
vn -0.644941 -0.75891 0.0900377 
vn -0.707923 -0.693479 0.13391 
vn -0.763704 -0.620993 0.176421 
vn -0.811716 -0.542189 0.217137 
vn -0.85147 -0.45787 0.255644 
vn -0.882563 -0.368893 0.29155 
vn -0.904677 -0.276163 0.32449 
vn -0.917588 -0.180624 0.354129 
vn -0.921164 -0.0832469 0.380166 
vn -0.929043 -0.0653462 0.364155 
vn -0.5 -0.866025 0 
vn -0.571138 -0.819417 0.0485451 
vn -0.636799 -0.764951 0.0966246 
vn -0.696354 -0.703149 0.143778 
vn -0.749231 -0.634605 0.189552 
vn -0.794923 -0.559975 0.233508 
vn -0.832992 -0.479975 0.275225 
vn -0.863073 -0.395372 0.314303 
vn -0.884877 -0.306977 0.350367 
vn -0.902902 -0.122233 0.412102 
vn -0.5 -0.866025 0 
vn -0.57001 -0.819442 0.060023 
vn -0.56328 -0.824496 0.0540471 
vn -0.633943 -0.764106 0.119412 
vn -0.621688 -0.775835 0.107627 
vn -0.691111 -0.700606 0.17753 
vn -0.674718 -0.720463 0.160275 
vn -0.740902 -0.629621 0.233756 
vn -0.721912 -0.658859 0.211537 
vn -0.762861 -0.591556 0.26097 
vn -0.782781 -0.551911 0.287486 
vn -0.8163 -0.468308 0.338145 
vn -0.797211 -0.519136 0.308145 
vn -0.8411 -0.379708 0.385191 
vn -0.824665 -0.442225 0.352654 
vn -0.856918 -0.287061 0.42812 
vn -0.898196 -0.215639 0.383071 
vn -0.844986 -0.361488 0.394113 
vn -0.857997 -0.277625 0.432163 
vn -0.863587 -0.19136 0.466474 
vn -0.8998 -0.129339 0.416691 
f 6249//6249 6250//6250 6251//6251 
f 6252//6252 6253//6253 6249//6249 
f 6254//6254 6255//6255 6253//6253 
f 6256//6256 6257//6257 6255//6255 
f 6258//6258 6259//6259 6257//6257 
f 6260//6260 6261//6261 6259//6259 
f 6262//6262 6263//6263 6261//6261 
f 6264//6264 6265//6265 6263//6263 
f 6266//6266 6267//6267 6265//6265 
f 6268//6268 6269//6269 6267//6267 
f 6270//6270 6251//6251 6271//6271 
f 6252//6252 6270//6270 6272//6272 
f 6254//6254 6252//6252 6273//6273 
f 6256//6256 6254//6254 6274//6274 
f 6258//6258 6256//6256 6275//6275 
f 6260//6260 6258//6258 6276//6276 
f 6262//6262 6260//6260 6277//6277 
f 6264//6264 6262//6262 6278//6278 
f 6266//6266 6264//6264 6279//6279 
f 6280//6280 6281//6281 6282//6282 
f 6282//6282 6266//6266 6280//6280 
f 6272//6272 6271//6271 6283//6283 
f 6273//6273 6272//6272 6284//6284 
f 6274//6274 6273//6273 6285//6285 
f 6275//6275 6274//6274 6286//6286 
f 6276//6276 6275//6275 6287//6287 
f 6277//6277 6276//6276 6288//6288 
f 6278//6278 6277//6277 6289//6289 
f 6279//6279 6278//6278 6290//6290 
f 6280//6280 6279//6279 6291//6291 
f 6292//6292 6281//6281 6280//6280 
f 6284//6284 6283//6283 6293//6293 
f 6285//6285 6284//6284 6294//6294 
f 6284//6284 6295//6295 6294//6294 
f 6286//6286 6285//6285 6296//6296 
f 6285//6285 6297//6297 6296//6296 
f 6287//6287 6286//6286 6298//6298 
f 6286//6286 6299//6299 6298//6298 
f 6288//6288 6287//6287 6300//6300 
f 6287//6287 6301//6301 6300//6300 
f 6288//6288 6302//6302 6303//6303 
f 6303//6303 6289//6289 6288//6288 
f 6304//6304 6290//6290 6289//6289 
f 6289//6289 6305//6305 6304//6304 
f 6306//6306 6291//6291 6290//6290 
f 6290//6290 6307//6307 6306//6306 
f 6308//6308 6309//6309 6291//6291 
f 6291//6291 6310//6310 6308//6308 
f 6311//6311 6312//6312 6313//6313 
f 6313//6313 6309//6309 6311//6311 
f 6313//6313 6292//6292 6309//6309 
f 6308//6308 6311//6311 6309//6309 
f 6306//6306 6310//6310 6291//6291 
f 6304//6304 6307//6307 6290//6290 
f 6303//6303 6305//6305 6289//6289 
f 6300//6300 6302//6302 6288//6288 
f 6298//6298 6301//6301 6287//6287 
f 6296//6296 6299//6299 6286//6286 
f 6294//6294 6297//6297 6285//6285 
f 6293//6293 6295//6295 6284//6284 
f 6280//6280 6309//6309 6292//6292 
f 6291//6291 6309//6309 6280//6280 
f 6290//6290 6291//6291 6279//6279 
f 6289//6289 6290//6290 6278//6278 
f 6288//6288 6289//6289 6277//6277 
f 6287//6287 6288//6288 6276//6276 
f 6286//6286 6287//6287 6275//6275 
f 6285//6285 6286//6286 6274//6274 
f 6284//6284 6285//6285 6273//6273 
f 6283//6283 6284//6284 6272//6272 
f 6282//6282 6268//6268 6266//6266 
f 6279//6279 6280//6280 6266//6266 
f 6278//6278 6279//6279 6264//6264 
f 6277//6277 6278//6278 6262//6262 
f 6276//6276 6277//6277 6260//6260 
f 6275//6275 6276//6276 6258//6258 
f 6274//6274 6275//6275 6256//6256 
f 6273//6273 6274//6274 6254//6254 
f 6272//6272 6273//6273 6252//6252 
f 6271//6271 6272//6272 6270//6270 
f 6267//6267 6266//6266 6268//6268 
f 6265//6265 6264//6264 6266//6266 
f 6263//6263 6262//6262 6264//6264 
f 6261//6261 6260//6260 6262//6262 
f 6259//6259 6258//6258 6260//6260 
f 6257//6257 6256//6256 6258//6258 
f 6255//6255 6254//6254 6256//6256 
f 6253//6253 6252//6252 6254//6254 
f 6249//6249 6270//6270 6252//6252 
f 6251//6251 6270//6270 6249//6249 
v -0.0230483 -0.035476 0.025715 
v -0.0232165 -0.0353655 0.0257904 
v -0.0235156 -0.0351951 0.0248176 
v -0.0235298 -0.0351836 0.0248244 
v -0.0233713 -0.0352363 0.0258649 
v -0.0236581 -0.0350799 0.0248855 
v -0.0236841 -0.035054 0.0248988 
v -0.0235108 -0.0350898 0.0259377 
v -0.0237882 -0.0349502 0.0249521 
v -0.0238231 -0.0349073 0.0249715 
v -0.0236334 -0.0349279 0.0260079 
v -0.0239047 -0.0348072 0.0250168 
v -0.0239454 -0.0347453 0.0250416 
v -0.0237376 -0.0347522 0.0260747 
v -0.0240064 -0.0346524 0.0250789 
v -0.0240495 -0.0345698 0.0251084 
v -0.0238224 -0.0345649 0.0261374 
v -0.0241342 -0.0343827 0.025171 
v -0.0240925 -0.0344872 0.0251378 
v -0.0238867 -0.0343681 0.0261952 
v -0.0241987 -0.0341862 0.0252288 
v -0.0241621 -0.0343131 0.0251931 
v -0.0239297 -0.0341641 0.0262475 
v -0.0242422 -0.0339825 0.0252811 
v -0.0242144 -0.0341319 0.0252441 
v -0.023951 -0.0339552 0.0262936 
v -0.0242641 -0.0337739 0.0253274 
v -0.0242491 -0.0339452 0.0252904 
v -0.0239504 -0.0337439 0.026333 
v -0.0242642 -0.0335627 0.0253671 
v -0.0242657 -0.0337549 0.0253315 
v -0.0233621 -0.0352948 0.024749 
vn -0.5 -0.866025 3.46945e-15 
vn -0.584128 -0.810786 0.0376975 
vn -0.576745 -0.816205 0.0342819 
vn -0.584116 -0.810795 0.0376916 
vn -0.66151 -0.746181 0.0749596 
vn -0.647984 -0.758592 0.0682366 
vn -0.661494 -0.746195 0.0749519 
vn -0.731251 -0.672958 0.111356 
vn -0.713036 -0.693736 0.10154 
vn -0.731239 -0.672972 0.111349 
vn -0.792546 -0.591962 0.146466 
vn -0.771281 -0.622257 0.133873 
vn -0.79254 -0.591971 0.146462 
vn -0.844687 -0.504129 0.179884 
vn -0.822162 -0.544838 0.164929 
vn -0.844687 -0.504129 0.179884 
vn -0.887071 -0.410474 0.211225 
vn -0.887075 -0.410463 0.211228 
vn -0.865194 -0.462217 0.19441 
vn -0.91921 -0.312077 0.240126 
vn -0.919215 -0.312058 0.240131 
vn -0.899966 -0.375183 0.222035 
vn -0.940732 -0.210076 0.266254 
vn -0.940736 -0.210054 0.266259 
vn -0.926146 -0.284567 0.24754 
vn -0.951389 -0.105648 0.289306 
vn -0.95139 -0.105631 0.28931 
vn -0.943483 -0.191234 0.270682 
vn -0.951057 -4.33681e-15 0.309017 
vn -0.951057 -4.33681e-15 0.309017 
vn -0.951813 -0.0960757 0.29124 
vn -0.5 -0.866025 5.20417e-15 
f 6314//6314 6315//6315 6316//6316 
f 6315//6315 6317//6317 6316//6316 
f 6315//6315 6318//6318 6319//6319 
f 6318//6318 6320//6320 6319//6319 
f 6318//6318 6321//6321 6322//6322 
f 6321//6321 6323//6323 6322//6322 
f 6321//6321 6324//6324 6325//6325 
f 6324//6324 6326//6326 6325//6325 
f 6324//6324 6327//6327 6328//6328 
f 6327//6327 6329//6329 6328//6328 
f 6330//6330 6331//6331 6332//6332 
f 6332//6332 6327//6327 6330//6330 
f 6333//6333 6334//6334 6335//6335 
f 6335//6335 6330//6330 6333//6333 
f 6336//6336 6337//6337 6338//6338 
f 6338//6338 6333//6333 6336//6336 
f 6339//6339 6340//6340 6341//6341 
f 6341//6341 6336//6336 6339//6339 
f 6342//6342 6343//6343 6344//6344 
f 6344//6344 6339//6339 6342//6342 
f 6344//6344 6340//6340 6339//6339 
f 6341//6341 6337//6337 6336//6336 
f 6338//6338 6334//6334 6333//6333 
f 6335//6335 6331//6331 6330//6330 
f 6332//6332 6329//6329 6327//6327 
f 6328//6328 6326//6326 6324//6324 
f 6325//6325 6323//6323 6321//6321 
f 6322//6322 6320//6320 6318//6318 
f 6319//6319 6317//6317 6315//6315 
f 6316//6316 6345//6345 6314//6314 
v -0.025952 -0.0333316 0.0201727 
v -0.0254053 -0.0352342 0.0218552 
v -0.0253789 -0.0350823 0.0219366 
v -0.0254309 -0.035401 0.0217763 
v -0.025952 0.0333316 0.0201727 
v -0.0253503 0.0349362 0.0220245 
v -0.0253789 0.0350823 0.0219366 
v -0.0253503 -0.0349362 0.0220245 
v -0.0254053 0.0352342 0.0218552 
v -0.0252867 -0.0346603 0.0222203 
v -0.0259013 -0.0330643 0.0203287 
v -0.025454 -0.0355729 0.0217053 
v -0.0257778 -0.0321791 0.0207089 
v -0.024753 -0.0335952 0.0238626 
v -0.0247031 -0.0335606 0.0240164 
v -0.0253196 0.0347955 0.022119 
v -0.0253196 -0.0347955 0.022119 
v -0.0258509 -0.0327464 0.0204837 
v -0.0251791 -0.0343025 0.0225515 
v -0.0248016 -0.0336368 0.0237133 
v -0.0250208 -0.0339368 0.0230385 
v -0.0257061 -0.0314726 0.0209294 
v -0.0246516 -0.0335331 0.0241748 
v -0.0254309 0.035401 0.0217763 
v -0.0252867 0.0346603 0.0222203 
v -0.0254759 -0.0357625 0.021638 
v -0.025142 -0.0342024 0.0226655 
v -0.0248487 -0.0336851 0.0235682 
v -0.0249803 -0.0338659 0.0231631 
v -0.0246162 -0.0335188 0.0242839 
v -0.0256843 -0.0312197 0.0209965 
v -0.0257778 0.0321791 0.0207089 
v -0.0249803 0.0338659 0.0231631 
v -0.0250208 0.0339368 0.0230385 
v -0.0258509 0.0327464 0.0204837 
v -0.025142 0.0342024 0.0226655 
v -0.0251791 0.0343025 0.0225515 
v -0.0259013 0.0330643 0.0203287 
v -0.0252515 -0.0345308 0.0223285 
v -0.0252145 -0.0344084 0.0224423 
v -0.0251033 -0.0341081 0.0227846 
v -0.0248946 -0.03374 0.0234271 
v -0.0249392 -0.0338015 0.0232898 
v -0.0255913 -0.0298187 0.0212829 
v -0.024503 -0.0334971 0.0246321 
v -0.024753 0.0335952 0.0238626 
v -0.0255118 0.0266619 0.0215276 
v -0.0249392 0.0338015 0.0232898 
v -0.0248016 0.0336368 0.0237133 
v -0.0251033 0.0341081 0.0227846 
v -0.025454 0.0355729 0.0217053 
v -0.025063 -0.0340196 0.0229088 
v -0.0255118 -0.0266619 0.0215276 
v -0.0257061 0.0314726 0.0209294 
v -0.0248946 0.03374 0.0234271 
v -0.0248487 0.0336851 0.0235682 
v -0.025063 0.0340196 0.0229088 
v -0.0252515 0.0345308 0.0223285 
v -0.0252145 0.0344084 0.0224423 
v -0.0242642 0.0335627 0.0253671 
v -0.0159943 -0.00995927 0.0508192 
v -0.0159943 0.00995927 0.0508192 
v -0.0255321 0.028274 0.0214651 
v -0.0256843 0.0312197 0.0209965 
v -0.0246162 0.0335188 0.0242839 
v -0.0246516 0.0335331 0.0241748 
v -0.0243858 0.033511 0.0249928 
v -0.0243858 -0.033511 0.0249928 
v -0.0242642 -0.0335627 0.0253671 
v -0.024503 0.0334971 0.0246321 
v -0.0239504 -0.0337439 0.026333 
v -0.0255913 0.0298187 0.0212829 
v -0.0254759 0.0357625 0.021638 
v -0.0247031 0.0335606 0.0240164 
v -0.0239504 0.0337439 0.026333 
v -0.0255105 -0.0361543 0.0215316 
v -0.0255321 -0.028274 0.0214651 
v -0.0255377 -0.0366913 0.0214478 
v -0.0255333 -0.0365669 0.0214613 
v -0.025952 -0.0397277 0.0201727 
v -0.0255447 -0.0371541 0.0214261 
v -0.0255319 -0.0384718 0.0214657 
v -0.0255372 -0.0379093 0.0214494 
v -0.025952 0.0397277 0.0201727 
v -0.0255435 0.0373472 0.0214298 
v -0.0255372 0.0379093 0.0214494 
v -0.0255377 0.0366913 0.0214478 
v -0.0255447 0.0371541 0.0214261 
v -0.0255105 0.0361543 0.0215316 
v -0.0255333 0.0365669 0.0214613 
v -0.0255435 -0.0373472 0.0214298 
v -0.0255319 0.0384718 0.0214657 
vn -0.951057 -5.82354e-17 0.309017 
vn -0.951057 -5.82354e-17 0.309017 
vn -0.951057 -5.82354e-17 0.309017 
vn -0.951057 -5.82354e-17 0.309017 
vn -0.951057 -5.82354e-17 0.309017 
vn -0.951057 -5.82354e-17 0.309017 
vn -0.951057 -5.82354e-17 0.309017 
vn -0.951057 -5.82354e-17 0.309017 
vn -0.951057 -5.82354e-17 0.309017 
vn -0.951057 -5.82354e-17 0.309017 
vn -0.951057 -5.82354e-17 0.309017 
vn -0.951057 -5.82354e-17 0.309017 
vn -0.951057 -5.82354e-17 0.309017 
vn -0.951057 -5.82354e-17 0.309017 
vn -0.951057 -5.82354e-17 0.309017 
vn -0.951057 -5.82354e-17 0.309017 
vn -0.951057 -5.82354e-17 0.309017 
vn -0.951057 -5.82354e-17 0.309017 
vn -0.951057 -5.82354e-17 0.309017 
vn -0.951057 -5.82354e-17 0.309017 
vn -0.951057 -5.82354e-17 0.309017 
vn -0.951057 -5.82354e-17 0.309017 
vn -0.951057 -5.82354e-17 0.309017 
vn -0.951057 -5.82354e-17 0.309017 
vn -0.951057 -5.82354e-17 0.309017 
vn -0.951057 -5.82354e-17 0.309017 
vn -0.951057 -5.82354e-17 0.309017 
vn -0.951057 -5.82354e-17 0.309017 
vn -0.951057 -5.82354e-17 0.309017 
vn -0.951057 -5.82354e-17 0.309017 
vn -0.951057 -5.82354e-17 0.309017 
vn -0.951057 -5.82354e-17 0.309017 
vn -0.951057 -5.82354e-17 0.309017 
vn -0.951057 -5.82354e-17 0.309017 
vn -0.951057 -5.82354e-17 0.309017 
vn -0.951057 -5.82354e-17 0.309017 
vn -0.951057 -5.82354e-17 0.309017 
vn -0.951057 -5.82354e-17 0.309017 
vn -0.951057 -5.82354e-17 0.309017 
vn -0.951057 -5.82354e-17 0.309017 
vn -0.951057 -5.82354e-17 0.309017 
vn -0.951057 -5.82354e-17 0.309017 
vn -0.951057 -5.82354e-17 0.309017 
vn -0.951057 -5.82354e-17 0.309017 
vn -0.951057 -5.82354e-17 0.309017 
vn -0.951057 -5.82354e-17 0.309017 
vn -0.951057 -5.82354e-17 0.309017 
vn -0.951057 -5.82354e-17 0.309017 
vn -0.951057 -5.82354e-17 0.309017 
vn -0.951057 -5.82354e-17 0.309017 
vn -0.951057 -5.82354e-17 0.309017 
vn -0.951057 -5.82354e-17 0.309017 
vn -0.951057 -5.82354e-17 0.309017 
vn -0.951057 -5.82354e-17 0.309017 
vn -0.951057 -5.82354e-17 0.309017 
vn -0.951057 -5.82354e-17 0.309017 
vn -0.951057 -5.82354e-17 0.309017 
vn -0.951057 -5.82354e-17 0.309017 
vn -0.951057 -5.82354e-17 0.309017 
vn -0.951057 -5.82354e-17 0.309017 
vn -0.951057 -5.82354e-17 0.309017 
vn -0.951057 -5.82354e-17 0.309017 
vn -0.951057 -5.82354e-17 0.309017 
vn -0.951057 -5.82354e-17 0.309017 
vn -0.951057 -5.82354e-17 0.309017 
vn -0.951057 -5.82354e-17 0.309017 
vn -0.951057 -5.82354e-17 0.309017 
vn -0.951057 -5.82354e-17 0.309017 
vn -0.951057 -5.82354e-17 0.309017 
vn -0.951057 -5.82354e-17 0.309017 
vn -0.951057 -5.82354e-17 0.309017 
vn -0.951057 -5.82354e-17 0.309017 
vn -0.951057 -5.82354e-17 0.309017 
vn -0.951057 -5.82354e-17 0.309017 
vn -0.951057 -5.82354e-17 0.309017 
vn -0.951057 -5.82354e-17 0.309017 
vn -0.951057 -5.82354e-17 0.309017 
vn -0.951057 -5.82354e-17 0.309017 
vn -0.951057 -5.82354e-17 0.309017 
vn -0.951057 -5.82354e-17 0.309017 
vn -0.951057 -5.82354e-17 0.309017 
vn -0.951057 -5.82354e-17 0.309017 
vn -0.951057 -5.82354e-17 0.309017 
vn -0.951057 -5.82354e-17 0.309017 
vn -0.951057 -5.82354e-17 0.309017 
vn -0.951057 -5.82354e-17 0.309017 
vn -0.951057 -5.82354e-17 0.309017 
vn -0.951057 -5.82354e-17 0.309017 
vn -0.951057 -5.82354e-17 0.309017 
vn -0.951057 -5.82354e-17 0.309017 
vn -0.951057 -5.82354e-17 0.309017 
vn -0.951057 -5.82354e-17 0.309017 
f 6346//6346 6347//6347 6348//6348 
f 6346//6346 6349//6349 6347//6347 
f 6350//6350 6351//6351 6352//6352 
f 6348//6348 6353//6353 6346//6346 
f 6352//6352 6354//6354 6350//6350 
f 6355//6355 6356//6356 6346//6346 
f 6346//6346 6357//6357 6349//6349 
f 6358//6358 6359//6359 6360//6360 
f 6350//6350 6361//6361 6351//6351 
f 6353//6353 6362//6362 6346//6346 
f 6363//6363 6356//6356 6364//6364 
f 6358//6358 6365//6365 6359//6359 
f 6358//6358 6363//6363 6366//6366 
f 6367//6367 6358//6358 6368//6368 
f 6354//6354 6369//6369 6350//6350 
f 6370//6370 6361//6361 6350//6350 
f 6346//6346 6371//6371 6357//6357 
f 6364//6364 6372//6372 6363//6363 
f 6358//6358 6373//6373 6365//6365 
f 6366//6366 6374//6374 6358//6358 
f 6375//6375 6376//6376 6367//6367 
f 6377//6377 6378//6378 6379//6379 
f 6380//6380 6381//6381 6382//6382 
f 6350//6350 6383//6383 6370//6370 
f 6356//6356 6384//6384 6385//6385 
f 6346//6346 6362//6362 6355//6355 
f 6372//6372 6386//6386 6363//6363 
f 6358//6358 6387//6387 6373//6373 
f 6374//6374 6388//6388 6358//6358 
f 6375//6375 6389//6389 6376//6376 
f 6390//6390 6391//6391 6392//6392 
f 6377//6377 6393//6393 6378//6378 
f 6377//6377 6391//6391 6394//6394 
f 6380//6380 6395//6395 6381//6381 
f 6369//6369 6396//6396 6350//6350 
f 6355//6355 6384//6384 6356//6356 
f 6386//6386 6397//6397 6363//6363 
f 6388//6388 6387//6387 6358//6358 
f 6368//6368 6375//6375 6367//6367 
f 6392//6392 6398//6398 6390//6390 
f 6391//6391 6377//6377 6399//6399 
f 6377//6377 6400//6400 6393//6393 
f 6394//6394 6401//6401 6377//6377 
f 6380//6380 6402//6402 6395//6395 
f 6383//6383 6403//6403 6370//6370 
f 6383//6383 6382//6382 6404//6404 
f 6405//6405 6406//6406 6407//6407 
f 6397//6397 6366//6366 6363//6363 
f 6375//6375 6390//6390 6389//6389 
f 6391//6391 6408//6408 6392//6392 
f 6399//6399 6409//6409 6391//6391 
f 6401//6401 6400//6400 6377//6377 
f 6380//6380 6379//6379 6402//6402 
f 6404//6404 6403//6403 6383//6383 
f 6390//6390 6410//6410 6411//6411 
f 6412//6412 6413//6413 6414//6414 
f 6412//6412 6415//6415 6390//6390 
f 6405//6405 6416//6416 6406//6406 
f 6360//6360 6368//6368 6358//6358 
f 6391//6391 6417//6417 6408//6408 
f 6379//6379 6380//6380 6377//6377 
f 6396//6396 6418//6418 6350//6350 
f 6411//6411 6419//6419 6390//6390 
f 6390//6390 6413//6413 6412//6412 
f 6407//6407 6420//6420 6405//6405 
f 6346//6346 6421//6421 6371//6371 
f 6398//6398 6422//6422 6390//6390 
f 6382//6382 6383//6383 6380//6380 
f 6390//6390 6415//6415 6410//6410 
f 6405//6405 6412//6412 6416//6416 
f 6422//6422 6389//6389 6390//6390 
f 6409//6409 6417//6417 6391//6391 
f 6346//6346 6423//6423 6424//6424 
f 6346//6346 6425//6425 6426//6426 
f 6425//6425 6427//6427 6428//6428 
f 6429//6429 6430//6430 6431//6431 
f 6350//6350 6432//6432 6433//6433 
f 6350//6350 6434//6434 6435//6435 
f 6414//6414 6416//6416 6412//6412 
f 6418//6418 6434//6434 6350//6350 
f 6426//6426 6423//6423 6346//6346 
f 6428//6428 6436//6436 6425//6425 
f 6429//6429 6433//6433 6430//6430 
f 6435//6435 6432//6432 6350//6350 
f 6385//6385 6364//6364 6356//6356 
f 6436//6436 6426//6426 6425//6425 
f 6433//6433 6429//6429 6350//6350 
f 6424//6424 6421//6421 6346//6346 
f 6419//6419 6391//6391 6390//6390 
f 6431//6431 6437//6437 6429//6429 
v -0.0242642 -0.0335627 0.0253671 
v -0.0243858 -0.033511 0.0249928 
v -0.0243823 -0.0336986 0.0249751 
v -0.0242641 -0.0337739 0.0253274 
v -0.0243618 -0.0338845 0.0249521 
v -0.0242491 -0.0339452 0.0252904 
v -0.0242422 -0.0339825 0.0252811 
v -0.0243247 -0.034067 0.0249239 
v -0.0242144 -0.0341319 0.0252441 
v -0.0242713 -0.0342447 0.0248909 
v -0.0241621 -0.0343131 0.0251931 
v -0.0241987 -0.0341862 0.0252288 
v -0.024202 -0.0344158 0.0248533 
v -0.0240925 -0.0344872 0.0251378 
v -0.0241342 -0.0343827 0.025171 
v -0.0241174 -0.0345789 0.0248115 
v -0.0240495 -0.0345698 0.0251084 
v -0.0240064 -0.0346524 0.0250789 
v -0.0240184 -0.0347325 0.0247657 
v -0.0239454 -0.0347453 0.0250416 
v -0.0239047 -0.0348072 0.0250168 
v -0.0239057 -0.0348753 0.0247165 
v -0.0238231 -0.0349073 0.0249715 
v -0.0237882 -0.0349502 0.0249521 
v -0.0237804 -0.0350059 0.0246643 
v -0.0236841 -0.035054 0.0248988 
v -0.0236581 -0.0350799 0.0248855 
v -0.0236436 -0.0351233 0.0246095 
v -0.0235156 -0.0351951 0.0248176 
v -0.0235298 -0.0351836 0.0248244 
v -0.0234965 -0.0352264 0.0245526 
v -0.024503 -0.0334971 0.0246321 
v -0.0244945 -0.0336791 0.0246314 
v -0.0244703 -0.0338597 0.0246257 
v -0.0244305 -0.0340372 0.0246148 
v -0.0243755 -0.0342103 0.024599 
v -0.0243058 -0.0343774 0.0245782 
v -0.024222 -0.0345372 0.0245529 
v -0.0241247 -0.0346884 0.024523 
v -0.0240147 -0.0348297 0.0244889 
v -0.023893 -0.0349599 0.0244509 
v -0.0237605 -0.035078 0.0244092 
v -0.0236184 -0.0351829 0.0243643 
v -0.0235158 -0.0352195 0.0245228 
v -0.0246162 -0.0335188 0.0242839 
v -0.0246028 -0.0336945 0.0242997 
v -0.0245747 -0.0338689 0.0243105 
v -0.024532 -0.0340405 0.0243162 
v -0.0244751 -0.034208 0.0243169 
v -0.0244044 -0.0343702 0.0243124 
v -0.0243204 -0.0345256 0.0243029 
v -0.0242239 -0.0346732 0.0242884 
v -0.0241156 -0.0348118 0.0242691 
v -0.0239963 -0.0349402 0.024245 
v -0.0238669 -0.0350575 0.0242163 
v -0.0237286 -0.0351628 0.0241834 
v -0.0236565 -0.035176 0.0243018 
v -0.0246516 -0.0335331 0.0241748 
v -0.0246368 -0.0337066 0.0241957 
v -0.0246074 -0.0338788 0.0242116 
v -0.0245637 -0.0340484 0.0242226 
v -0.024506 -0.0342139 0.0242284 
v -0.0244349 -0.0343743 0.024229 
v -0.0243508 -0.0345281 0.0242245 
v -0.0242543 -0.0346743 0.0242149 
v -0.0241463 -0.0348118 0.0242001 
v -0.0240275 -0.0349394 0.0241805 
v -0.023899 -0.0350561 0.024156 
v -0.0237615 -0.0351612 0.0241269 
v -0.0247031 -0.0335606 0.0240164 
v -0.024686 -0.0337307 0.0240448 
v -0.0246547 -0.0338996 0.0240683 
v -0.0246095 -0.0340659 0.0240868 
v -0.0245507 -0.0342284 0.0241001 
v -0.0244788 -0.0343859 0.0241081 
v -0.0243943 -0.0345372 0.0241108 
v -0.0242978 -0.0346812 0.0241082 
v -0.02419 -0.0348167 0.0241002 
v -0.0240719 -0.0349428 0.024087 
v -0.0239442 -0.0350586 0.0240686 
v -0.0238079 -0.035163 0.0240451 
v -0.0237838 -0.0351621 0.0240876 
v -0.024753 -0.0335952 0.0238626 
v -0.0247337 -0.0337618 0.0238983 
v -0.0247006 -0.0339272 0.0239292 
v -0.0246538 -0.0340901 0.023955 
v -0.0245938 -0.0342494 0.0239756 
v -0.024521 -0.0344039 0.0239908 
v -0.0244359 -0.0345525 0.0240006 
v -0.0243392 -0.034694 0.0240047 
v -0.0242315 -0.0348274 0.0240033 
v -0.0241137 -0.0349518 0.0239964 
v -0.0239866 -0.0350662 0.0239839 
v -0.0238511 -0.0351698 0.0239659 
v -0.0248016 -0.0336368 0.0237133 
v -0.0247801 -0.0337997 0.0237561 
v -0.0247451 -0.0339615 0.0237941 
v -0.0246967 -0.0341209 0.0238271 
v -0.0246354 -0.0342768 0.0238548 
v -0.0245616 -0.0344281 0.023877 
v -0.0244758 -0.0345737 0.0238936 
v -0.0243786 -0.0347126 0.0239044 
v -0.0242708 -0.0348437 0.0239094 
v -0.0241531 -0.0349661 0.0239085 
v -0.0240264 -0.0350789 0.0239018 
v -0.0238915 -0.0351813 0.0238892 
v -0.0248487 -0.0336851 0.0235682 
v -0.0248251 -0.0338442 0.0236179 
v -0.0247882 -0.0340022 0.0236629 
v -0.0247382 -0.0341579 0.0237028 
v -0.0246755 -0.0343103 0.0237375 
v -0.0246006 -0.0344583 0.0237665 
v -0.024514 -0.0346008 0.0237897 
v -0.0244162 -0.0347368 0.023807 
v -0.024308 -0.0348653 0.0238183 
v -0.0241902 -0.0349855 0.0238233 
v -0.0240636 -0.0350964 0.0238222 
v -0.023929 -0.0351974 0.0238149 
v -0.0238943 -0.0351825 0.0238836 
v -0.0248946 -0.03374 0.0234271 
v -0.0248689 -0.0338952 0.0234836 
v -0.02483 -0.0340493 0.0235354 
v -0.0247784 -0.0342012 0.0235822 
v -0.0247143 -0.0343499 0.0236236 
v -0.0246381 -0.0344943 0.0236592 
v -0.0245504 -0.0346335 0.023689 
v -0.0244519 -0.0347665 0.0237126 
v -0.0243432 -0.0348922 0.0237299 
v -0.024225 -0.0350099 0.0237407 
v -0.0240983 -0.0351188 0.023745 
v -0.0239638 -0.035218 0.0237429 
v -0.0249392 -0.0338015 0.0232898 
v -0.0249114 -0.0339526 0.023353 
v -0.0248706 -0.0341026 0.0234116 
v -0.0248173 -0.0342506 0.023465 
v -0.0247516 -0.0343954 0.023513 
v -0.0246741 -0.0345362 0.0235551 
v -0.0245853 -0.0346719 0.0235912 
v -0.0244858 -0.0348015 0.0236209 
v -0.0243764 -0.0349243 0.0236441 
v -0.0242577 -0.0350394 0.0236606 
v -0.0241306 -0.0351459 0.0236702 
v -0.0239959 -0.0352431 0.023673 
v -0.0249803 -0.0338659 0.0231631 
v -0.0249506 -0.0340129 0.0232326 
v -0.024908 -0.034159 0.0232974 
v -0.024853 -0.034303 0.023357 
v -0.0247858 -0.0344441 0.0234111 
v -0.0247069 -0.0345812 0.0234593 
v -0.0246169 -0.0347134 0.0235012 
v -0.0245164 -0.0348398 0.0235366 
v -0.024406 -0.0349596 0.0235652 
v -0.0242866 -0.0350718 0.0235869 
v -0.024159 -0.0351759 0.0236014 
v -0.0240239 -0.035271 0.0236087 
v -0.0250208 -0.0339368 0.0230385 
v -0.0249891 -0.0340797 0.0231142 
v -0.0249447 -0.0342216 0.0231852 
v -0.0248879 -0.0343615 0.023251 
v -0.024819 -0.0344986 0.0233112 
v -0.0247387 -0.0346318 0.0233653 
v -0.0246473 -0.0347604 0.023413 
v -0.0245456 -0.0348833 0.023454 
v -0.0244342 -0.0349998 0.0234879 
v -0.0243139 -0.0351091 0.0235147 
v -0.0241855 -0.0352105 0.023534 
v -0.0240498 -0.0353032 0.0235457 
v -0.025063 -0.0340196 0.0229088 
v -0.0250291 -0.0341577 0.0229911 
v -0.0249827 -0.034295 0.0230686 
v -0.024924 -0.0344304 0.0231409 
v -0.0248533 -0.034563 0.0232074 
v -0.0247713 -0.0346919 0.0232678 
v -0.0246783 -0.0348163 0.0233215 
v -0.0245751 -0.0349354 0.0233683 
v -0.0244624 -0.0350482 0.0234078 
v -0.0243409 -0.0351541 0.0234398 
v -0.0242114 -0.0352524 0.023464 
v -0.0240748 -0.0353423 0.0234803 
v -0.0240619 -0.035322 0.0235142 
v -0.0251033 -0.0341081 0.0227846 
v -0.0250674 -0.0342415 0.0228732 
v -0.025019 -0.034374 0.0229571 
v -0.0249583 -0.0345047 0.0230357 
v -0.0248858 -0.0346328 0.0231084 
v -0.0248019 -0.0347573 0.0231747 
v -0.0247072 -0.0348774 0.0232343 
v -0.0246024 -0.0349923 0.0232867 
v -0.0244882 -0.0351013 0.0233315 
v -0.0243653 -0.0352036 0.0233685 
v -0.0242346 -0.0352986 0.0233974 
v -0.0240969 -0.0353855 0.023418 
v -0.025142 -0.0342024 0.0226655 
v -0.0251041 -0.0343309 0.0227604 
v -0.0250536 -0.0344585 0.0228505 
v -0.0249909 -0.0345844 0.0229351 
v -0.0249165 -0.0347078 0.0230138 
v -0.0248307 -0.0348277 0.023086 
v -0.0247342 -0.0349434 0.0231512 
v -0.0246276 -0.0350541 0.0232089 
v -0.0245117 -0.0351591 0.0232588 
v -0.0243872 -0.0352577 0.0233006 
v -0.024255 -0.0353491 0.0233339 
v -0.0241159 -0.0354328 0.0233585 
v -0.0251791 -0.0343025 0.0225515 
v -0.0251391 -0.0344259 0.0226525 
v -0.0250867 -0.0345486 0.0227486 
v -0.0250219 -0.0346695 0.0228392 
v -0.0249454 -0.034788 0.0229237 
v -0.0248576 -0.0349032 0.0230014 
v -0.0247592 -0.0350144 0.023072 
v -0.0246507 -0.0351207 0.0231349 
v -0.0245329 -0.0352215 0.0231896 
v -0.0244066 -0.0353161 0.0232359 
v -0.0242727 -0.0354039 0.0232734 
v -0.0241321 -0.0354842 0.0233018 
v -0.0252145 -0.0344084 0.0224423 
v -0.0251726 -0.0345267 0.0225493 
v -0.0251181 -0.0346441 0.0226513 
v -0.0250513 -0.03476 0.0227477 
v -0.0249727 -0.0348735 0.0228378 
v -0.0248828 -0.0349839 0.022921 
v -0.0247822 -0.0350903 0.0229968 
v -0.0246717 -0.0351921 0.0230646 
v -0.0245519 -0.0352886 0.0231239 
v -0.0244236 -0.035379 0.0231745 
v -0.0242879 -0.0354629 0.0232158 
v -0.0241455 -0.0355397 0.0232478 
v -0.0252515 -0.0345308 0.0223285 
v -0.0252075 -0.0346433 0.0224418 
v -0.0251507 -0.034755 0.0225501 
v -0.0250816 -0.0348651 0.0226527 
v -0.0250006 -0.034973 0.0227488 
v -0.0249083 -0.0350778 0.0228377 
v -0.0248052 -0.0351789 0.022919 
v -0.0246922 -0.0352756 0.0229919 
v -0.02457 -0.0353671 0.0230561 
v -0.0244394 -0.0354529 0.023111 
v -0.0243014 -0.0355324 0.0231563 
v -0.0241534 -0.0355852 0.0232088 
v -0.0241568 -0.035605 0.0231917 
v -0.0252867 -0.0346603 0.0222203 
v -0.0252405 -0.0347668 0.0223399 
v -0.0251815 -0.0348725 0.0224544 
v -0.02511 -0.0349768 0.0225629 
v -0.0250265 -0.0350788 0.0226648 
v -0.0249316 -0.035178 0.0227593 
v -0.024826 -0.0352735 0.0228458 
v -0.0247103 -0.0353648 0.0229236 
v -0.0245855 -0.0354512 0.0229923 
v -0.0244523 -0.0355322 0.0230513 
v -0.0243118 -0.035607 0.0231003 
v -0.0241647 -0.0356753 0.0231389 
v -0.0253196 -0.0347955 0.022119 
v -0.0252713 -0.0348958 0.0222447 
v -0.02521 -0.0349954 0.0223651 
v -0.0251361 -0.0350937 0.0224794 
v -0.0250501 -0.0351898 0.0225869 
v -0.0249525 -0.0352831 0.0226867 
v -0.0248442 -0.035373 0.0227781 
v -0.0247258 -0.0354588 0.0228605 
v -0.0245981 -0.03554 0.0229334 
v -0.0244622 -0.0356159 0.0229962 
v -0.0243189 -0.035686 0.0230484 
v -0.0241692 -0.0357498 0.0230897 
v -0.0253503 -0.0349362 0.0220245 
v -0.0253 -0.0350302 0.0221561 
v -0.0252364 -0.0351236 0.0222822 
v -0.0251601 -0.0352156 0.0224021 
v -0.0250714 -0.0353056 0.0225149 
v -0.0249711 -0.035393 0.0226197 
v -0.0248599 -0.0354771 0.0227159 
v -0.0247385 -0.0355573 0.0228026 
v -0.0246079 -0.0356331 0.0228793 
v -0.024469 -0.0357039 0.0229455 
v -0.0243228 -0.0357691 0.0230006 
v -0.0241703 -0.0358284 0.0230443 
v -0.0253789 -0.0350823 0.0219366 
v -0.0253266 -0.03517 0.0220739 
v -0.0252607 -0.035257 0.0222057 
v -0.0251818 -0.0353427 0.0223309 
v -0.0250905 -0.0354265 0.0224488 
v -0.0249873 -0.0355077 0.0225584 
v -0.0248731 -0.0355859 0.0226589 
v -0.0247487 -0.0356604 0.0227497 
v -0.0246149 -0.0357307 0.0228299 
v -0.0244729 -0.0357962 0.0228991 
v -0.0243235 -0.0358565 0.0229568 
v -0.024168 -0.0359111 0.0230024 
v -0.0254053 -0.0352342 0.0218552 
v -0.025351 -0.0353152 0.0219981 
v -0.0252829 -0.0353957 0.0221353 
v -0.0252015 -0.0354749 0.0222657 
v -0.0251073 -0.0355523 0.0223885 
v -0.0250012 -0.0356274 0.0225027 
v -0.0248838 -0.0356995 0.0226073 
v -0.0247562 -0.0357681 0.0227018 
v -0.0246191 -0.0358327 0.0227853 
v -0.0244737 -0.0358928 0.0228572 
v -0.0243211 -0.0359481 0.0229169 
v -0.0241647 -0.0359609 0.0229804 
v -0.0241623 -0.0359979 0.0229641 
v -0.0254309 -0.035401 0.0217763 
v -0.0253746 -0.0354749 0.0219249 
v -0.025304 -0.0355482 0.0220676 
v -0.0252199 -0.0356204 0.0222034 
v -0.0251227 -0.0356909 0.0223311 
v -0.0250133 -0.0357592 0.0224498 
v -0.0248925 -0.0358247 0.0225586 
v -0.0247612 -0.035887 0.0226566 
v -0.0246205 -0.0359455 0.0227431 
v -0.0244713 -0.0359998 0.0228175 
v -0.024315 -0.0360496 0.0228791 
v -0.0241526 -0.0360944 0.0229275 
v -0.025454 -0.0355729 0.0217053 
v -0.0253956 -0.0356394 0.0218595 
v -0.0253227 -0.0357055 0.0220075 
v -0.0252357 -0.0357705 0.0221483 
v -0.0251354 -0.0358339 0.0222807 
v -0.0250227 -0.0358953 0.0224037 
v -0.0248983 -0.0359541 0.0225162 
v -0.0247633 -0.0360099 0.0226175 
v -0.0246187 -0.0360623 0.0227067 
v -0.0244656 -0.0361108 0.0227831 
v -0.0243054 -0.036155 0.0228461 
v -0.0241392 -0.0361947 0.0228952 
v -0.0254759 -0.0357625 0.021638 
v -0.0254153 -0.035821 0.0217979 
v -0.0253398 -0.0358791 0.0219514 
v -0.0252498 -0.0359362 0.0220973 
v -0.0251462 -0.0359919 0.0222344 
v -0.0250297 -0.0360458 0.0223616 
v -0.0249013 -0.0360973 0.0224779 
v -0.0247621 -0.0361461 0.0225822 
v -0.0246132 -0.0361918 0.0226738 
v -0.0244558 -0.0362339 0.0227519 
v -0.0242912 -0.0362722 0.0228159 
v -0.0241208 -0.0363064 0.0228652 
v -0.0255105 -0.0361543 0.0215316 
v -0.0254458 -0.0361964 0.0217021 
v -0.0253651 -0.0362381 0.0218657 
v -0.0252691 -0.0362792 0.022021 
v -0.0251584 -0.0363191 0.0221666 
v -0.0250342 -0.0363576 0.0223012 
v -0.0248976 -0.0363942 0.0224236 
v -0.0247496 -0.0364288 0.0225328 
v -0.0245916 -0.036461 0.0226279 
v -0.024425 -0.0364905 0.0227079 
v -0.0242513 -0.0365171 0.0227723 
v -0.0240941 -0.0364344 0.0228407 
v -0.024072 -0.0365405 0.0228203 
v -0.0255333 -0.0365669 0.0214613 
v -0.0254648 -0.0365917 0.0216416 
v -0.0253789 -0.0366163 0.0218144 
v -0.0252765 -0.0366404 0.0219779 
v -0.0251586 -0.0366638 0.0221308 
v -0.0250262 -0.0366863 0.0222714 
v -0.0248806 -0.0367077 0.0223986 
v -0.0247233 -0.0367277 0.0225111 
v -0.0245555 -0.0367463 0.0226078 
v -0.0243791 -0.0367631 0.0226878 
v -0.0241956 -0.0367781 0.0227503 
v -0.0240305 -0.0366998 0.0228042 
v -0.0240067 -0.036791 0.0227949 
v -0.0255377 -0.0366913 0.0214478 
v -0.025468 -0.0367109 0.0216308 
v -0.0253807 -0.0367303 0.021806 
v -0.0252764 -0.0367493 0.0219718 
v -0.0251563 -0.0367678 0.0221265 
v -0.0250214 -0.0367855 0.0222687 
v -0.0248731 -0.0368023 0.0223969 
v -0.0247129 -0.036818 0.02251 
v -0.0245422 -0.0368325 0.0226068 
v -0.0243628 -0.0368456 0.0226865 
v -0.0241763 -0.0368573 0.0227481 
v -0.0239845 -0.0368673 0.0227912 
v -0.0255447 -0.0371541 0.0214261 
v -0.0254712 -0.0371541 0.0216181 
v -0.0253784 -0.0371541 0.0218016 
v -0.0252672 -0.037154 0.0219745 
v -0.0251389 -0.037154 0.0221352 
v -0.0249947 -0.037154 0.0222818 
v -0.0248363 -0.037154 0.0224128 
v -0.0246652 -0.0371539 0.0225269 
v -0.0244833 -0.0371539 0.0226228 
v -0.0242926 -0.0371539 0.0226995 
v -0.024095 -0.0371539 0.0227562 
v -0.0239479 -0.0369814 0.0227917 
v -0.0238925 -0.0371539 0.0227924 
v -0.0255435 -0.0373472 0.0214298 
v -0.0254685 -0.0373389 0.0216251 
v -0.0253735 -0.0373307 0.0218116 
v -0.0252595 -0.0373226 0.0219871 
v -0.0251277 -0.0373149 0.0221497 
v -0.0249796 -0.0373075 0.0222976 
v -0.0248169 -0.0373005 0.0224292 
v -0.0246412 -0.037294 0.0225431 
v -0.0244546 -0.0372882 0.022638 
v -0.0242591 -0.0372829 0.0227129 
v -0.0240568 -0.0372784 0.0227669 
v -0.02385 -0.0372746 0.0227995 
v -0.0233621 -0.0352948 0.024749 
v -0.0242657 -0.0337549 0.0253315 
vn -0.951057 -5.82354e-17 0.309017 
vn -0.951057 -5.82354e-17 0.309017 
vn -0.949266 -0.0937728 0.300167 
vn -0.95139 -0.105631 0.28931 
vn -0.939051 -0.186713 0.288653 
vn -0.943483 -0.191234 0.270682 
vn -0.940736 -0.210054 0.266259 
vn -0.920503 -0.277997 0.274578 
vn -0.926146 -0.284567 0.24754 
vn -0.893784 -0.366813 0.258065 
vn -0.899966 -0.375183 0.222035 
vn -0.919215 -0.312058 0.240131 
vn -0.859134 -0.452374 0.239262 
vn -0.865194 -0.462217 0.19441 
vn -0.887075 -0.410463 0.211228 
vn -0.816859 -0.53392 0.218336 
vn -0.844687 -0.504129 0.179884 
vn -0.822162 -0.544838 0.164929 
vn -0.767334 -0.610728 0.195472 
vn -0.79254 -0.591971 0.146462 
vn -0.771281 -0.622257 0.133873 
vn -0.711 -0.682115 0.170874 
vn -0.731239 -0.672972 0.111349 
vn -0.713036 -0.693736 0.10154 
vn -0.648355 -0.747449 0.144758 
vn -0.661494 -0.746195 0.0749519 
vn -0.647984 -0.758592 0.0682366 
vn -0.579957 -0.80615 0.117359 
vn -0.576745 -0.816205 0.0342819 
vn -0.584116 -0.810795 0.0376916 
vn -0.506411 -0.857695 0.0889172 
vn -0.951057 0 0.309017 
vn -0.946797 -0.091029 0.308691 
vn -0.934674 -0.181302 0.305801 
vn -0.914789 -0.270069 0.300372 
vn -0.887307 -0.356594 0.292448 
vn -0.852457 -0.440157 0.282096 
vn -0.810528 -0.520065 0.269401 
vn -0.761867 -0.595654 0.254469 
vn -0.706879 -0.666297 0.237424 
vn -0.646022 -0.731406 0.218406 
vn -0.579799 -0.790441 0.197576 
vn -0.508761 -0.842912 0.175104 
vn -0.506609 -0.856093 0.102231 
vn -0.951057 0 0.309017 
vn -0.944383 -0.0878676 0.31689 
vn -0.930319 -0.175047 0.322282 
vn -0.908972 -0.260857 0.325152 
vn -0.88051 -0.344625 0.325477 
vn -0.845157 -0.425695 0.323254 
vn -0.803188 -0.503434 0.318501 
vn -0.754933 -0.577232 0.311255 
vn -0.700769 -0.646512 0.301573 
vn -0.641119 -0.710731 0.28953 
vn -0.576451 -0.769387 0.275221 
vn -0.507272 -0.822022 0.258758 
vn -0.507891 -0.837018 0.203585 
vn -0.951057 0 0.309017 
vn -0.943618 -0.0867657 0.319463 
vn -0.928921 -0.172864 0.327452 
vn -0.907077 -0.257632 0.332921 
vn -0.878256 -0.340419 0.33583 
vn -0.842678 -0.420587 0.336155 
vn -0.800618 -0.497519 0.333894 
vn -0.752399 -0.570624 0.329065 
vn -0.698392 -0.639339 0.321704 
vn -0.639013 -0.703136 0.311868 
vn -0.574717 -0.761525 0.299634 
vn -0.506001 -0.814054 0.285094 
vn -0.951057 0 0.309017 
vn -0.942498 -0.0850676 0.323204 
vn -0.926861 -0.169496 0.334963 
vn -0.904262 -0.252652 0.344206 
vn -0.874871 -0.33391 0.350863 
vn -0.838909 -0.41266 0.354886 
vn -0.796646 -0.48831 0.356243 
vn -0.748399 -0.560293 0.354924 
vn -0.694531 -0.628067 0.350939 
vn -0.635447 -0.691124 0.344319 
vn -0.571589 -0.74899 0.335112 
vn -0.503439 -0.80123 0.323388 
vn -0.504664 -0.808235 0.303432 
vn -0.951057 0 0.309017 
vn -0.941399 -0.0833005 0.326847 
vn -0.924822 -0.165989 0.342275 
vn -0.901447 -0.247457 0.355188 
vn -0.871447 -0.327106 0.365489 
vn -0.835041 -0.404351 0.373104 
vn -0.792498 -0.478624 0.377977 
vn -0.744129 -0.549379 0.380072 
vn -0.690291 -0.616096 0.379373 
vn -0.63138 -0.678285 0.375885 
vn -0.567827 -0.735488 0.369635 
vn -0.500101 -0.787285 0.360668 
vn -0.951057 0 0.309017 
vn -0.940317 -0.0814647 0.330404 
vn -0.922799 -0.162342 0.349409 
vn -0.898628 -0.242049 0.365896 
vn -0.867979 -0.320011 0.379744 
vn -0.831072 -0.395666 0.390855 
vn -0.788174 -0.468469 0.399148 
vn -0.739593 -0.537894 0.404563 
vn -0.685681 -0.603442 0.407062 
vn -0.626826 -0.664639 0.406626 
vn -0.563451 -0.721044 0.403259 
vn -0.496015 -0.772252 0.396985 
vn -0.951057 0 0.309017 
vn -0.939251 -0.0795599 0.333883 
vn -0.920789 -0.158556 0.356382 
vn -0.8958 -0.236428 0.376356 
vn -0.864463 -0.312625 0.393662 
vn -0.826998 -0.386605 0.408179 
vn -0.783673 -0.457846 0.419802 
vn -0.734793 -0.525842 0.42845 
vn -0.680705 -0.590111 0.434061 
vn -0.621793 -0.650198 0.436596 
vn -0.558474 -0.705676 0.436037 
vn -0.491197 -0.756153 0.432387 
vn -0.495614 -0.771117 0.399682 
vn -0.951057 0 0.309017 
vn -0.938198 -0.0775845 0.337292 
vn -0.918786 -0.154627 0.363211 
vn -0.892958 -0.23059 0.386593 
vn -0.860893 -0.304942 0.407275 
vn -0.822816 -0.377164 0.425113 
vn -0.778992 -0.446753 0.439982 
vn -0.729727 -0.513221 0.451778 
vn -0.675366 -0.576104 0.460418 
vn -0.616288 -0.634964 0.465843 
vn -0.552905 -0.68939 0.468014 
vn -0.485661 -0.739 0.466917 
vn -0.951057 0 0.309017 
vn -0.937155 -0.0755364 0.340638 
vn -0.916789 -0.150552 0.369909 
vn -0.890097 -0.224528 0.396629 
vn -0.857265 -0.296956 0.420612 
vn -0.818518 -0.367335 0.441693 
vn -0.774125 -0.43518 0.459727 
vn -0.724391 -0.500022 0.474589 
vn -0.66966 -0.561415 0.486177 
vn -0.610309 -0.618935 0.494412 
vn -0.546747 -0.672185 0.499235 
vn -0.479413 -0.720797 0.500614 
vn -0.951057 0 0.309017 
vn -0.936175 -0.0735251 0.34376 
vn -0.914895 -0.146548 0.376153 
vn -0.887362 -0.218569 0.405975 
vn -0.853765 -0.289096 0.433023 
vn -0.814333 -0.357647 0.457112 
vn -0.769335 -0.423754 0.478076 
vn -0.719079 -0.486965 0.495773 
vn -0.663908 -0.546848 0.510081 
vn -0.604201 -0.602993 0.520904 
vn -0.540363 -0.655018 0.528166 
vn -0.472833 -0.702565 0.531819 
vn -0.951057 0 0.309017 
vn -0.935192 -0.0714231 0.346865 
vn -0.912981 -0.142362 0.38236 
vn -0.884575 -0.212334 0.41526 
vn -0.850168 -0.280866 0.445342 
vn -0.809991 -0.347492 0.472403 
vn -0.764318 -0.41176 0.496258 
vn -0.713459 -0.473234 0.516745 
vn -0.657759 -0.531497 0.533727 
vn -0.597596 -0.586153 0.547087 
vn -0.533377 -0.636833 0.556734 
vn -0.46554 -0.683191 0.562604 
vn -0.951057 0 0.309017 
vn -0.934144 -0.0690898 0.350144 
vn -0.910926 -0.137713 0.388907 
vn -0.881558 -0.205407 0.425045 
vn -0.846239 -0.271714 0.458313 
vn -0.805207 -0.336187 0.488488 
vn -0.758739 -0.39839 0.515364 
vn -0.707149 -0.457904 0.538762 
vn -0.650786 -0.514326 0.558522 
vn -0.590028 -0.567276 0.574512 
vn -0.525288 -0.616397 0.586623 
vn -0.457002 -0.661357 0.594775 
vn -0.461262 -0.672984 0.578213 
vn -0.951057 0 0.309017 
vn -0.933115 -0.0666994 0.353337 
vn -0.90889 -0.13295 0.395277 
vn -0.878543 -0.198304 0.434555 
vn -0.842279 -0.262324 0.470906 
vn -0.800342 -0.324576 0.504086 
vn -0.753015 -0.384643 0.533871 
vn -0.700617 -0.442119 0.56006 
vn -0.6435 -0.496617 0.582477 
vn -0.582049 -0.547771 0.600971 
vn -0.516678 -0.595235 0.615418 
vn -0.447827 -0.638691 0.62572 
vn -0.951057 0 0.309017 
vn -0.932102 -0.0642485 0.356453 
vn -0.906867 -0.128064 0.401487 
vn -0.875523 -0.191017 0.443816 
vn -0.83828 -0.252683 0.483155 
vn -0.795389 -0.312646 0.519238 
vn -0.747139 -0.370504 0.551824 
vn -0.693856 -0.425865 0.580692 
vn -0.635898 -0.478356 0.605647 
vn -0.573656 -0.527625 0.626522 
vn -0.507549 -0.573339 0.643176 
vn -0.438023 -0.615191 0.655497 
vn -0.951057 0 0.309017 
vn -0.931101 -0.0617329 0.359499 
vn -0.904854 -0.123049 0.407551 
vn -0.872492 -0.183533 0.452849 
vn -0.834235 -0.242777 0.495088 
vn -0.79034 -0.30038 0.53398 
vn -0.741104 -0.355954 0.569264 
vn -0.68686 -0.409122 0.600702 
vn -0.627975 -0.459525 0.62808 
vn -0.564846 -0.506824 0.651214 
vn -0.4979 -0.550697 0.669947 
vn -0.427589 -0.590849 0.684153 
vn -0.951057 0 0.309017 
vn -0.930112 -0.0591478 0.362482 
vn -0.902847 -0.117894 0.413484 
vn -0.869446 -0.175838 0.461676 
vn -0.830136 -0.232588 0.506731 
vn -0.785186 -0.287757 0.548342 
vn -0.734899 -0.340971 0.586227 
vn -0.679619 -0.391867 0.620128 
vn -0.61972 -0.440101 0.649815 
vn -0.555609 -0.485344 0.675085 
vn -0.487723 -0.527288 0.695769 
vn -0.416522 -0.565649 0.711723 
vn -0.951057 0 0.309017 
vn -0.929041 -0.0562375 0.365678 
vn -0.900654 -0.112089 0.419831 
vn -0.866091 -0.167173 0.471105 
vn -0.825588 -0.221109 0.519148 
vn -0.779424 -0.27353 0.563631 
vn -0.727914 -0.324074 0.604249 
vn -0.671413 -0.372397 0.640723 
vn -0.610307 -0.418165 0.672802 
vn -0.545016 -0.461066 0.700269 
vn -0.475987 -0.500804 0.722932 
vn -0.407399 -0.545991 0.732066 
vn -0.403694 -0.537109 0.740638 
vn -0.951057 0 0.309017 
vn -0.927979 -0.0532325 0.36881 
vn -0.89846 -0.106096 0.426043 
vn -0.862705 -0.158222 0.480319 
vn -0.820961 -0.20925 0.531261 
vn -0.773518 -0.258826 0.578514 
vn -0.720706 -0.306605 0.621752 
vn -0.662891 -0.352256 0.660675 
vn -0.600475 -0.395462 0.695011 
vn -0.53389 -0.435922 0.724522 
vn -0.4636 -0.473357 0.749005 
vn -0.390092 -0.507506 0.768288 
vn -0.951057 0 0.309017 
vn -0.926937 -0.0501619 0.371849 
vn -0.896286 -0.0999705 0.432061 
vn -0.85932 -0.149075 0.489229 
vn -0.8163 -0.197128 0.54295 
vn -0.767528 -0.243793 0.592846 
vn -0.713348 -0.28874 0.638564 
vn -0.654142 -0.331653 0.679783 
vn -0.590327 -0.372229 0.716212 
vn -0.522352 -0.410182 0.747595 
vn -0.450698 -0.445245 0.773711 
vn -0.375867 -0.477171 0.794375 
vn -0.951057 0 0.309017 
vn -0.925913 -0.0470242 0.374798 
vn -0.89413 -0.0937112 0.437892 
vn -0.855936 -0.139726 0.497846 
vn -0.811604 -0.184739 0.554229 
vn -0.761452 -0.228428 0.606639 
vn -0.705841 -0.270478 0.654699 
vn -0.645168 -0.310589 0.698064 
vn -0.579868 -0.348473 0.736423 
vn -0.510411 -0.383858 0.769502 
vn -0.437294 -0.416491 0.797063 
vn -0.361041 -0.446137 0.818909 
vn -0.951057 0 0.309017 
vn -0.924905 -0.0438123 0.377665 
vn -0.891988 -0.0873041 0.443549 
vn -0.852544 -0.130157 0.506189 
vn -0.806864 -0.172058 0.565125 
vn -0.755281 -0.2127 0.619927 
vn -0.698172 -0.251786 0.670194 
vn -0.635955 -0.28903 0.715558 
vn -0.569086 -0.324159 0.755686 
vn -0.498053 -0.356917 0.790287 
vn -0.423377 -0.387064 0.819105 
vn -0.345603 -0.414379 0.841931 
vn -0.951057 0 0.309017 
vn -0.923912 -0.0405187 0.380454 
vn -0.889854 -0.0807343 0.449045 
vn -0.849139 -0.120346 0.514276 
vn -0.802071 -0.159057 0.575659 
vn -0.749002 -0.196578 0.632735 
vn -0.690329 -0.232628 0.685077 
vn -0.62649 -0.266938 0.732293 
vn -0.557965 -0.299251 0.774031 
vn -0.485265 -0.329324 0.809977 
vn -0.408934 -0.356934 0.839864 
vn -0.336158 -0.395836 0.854583 
vn -0.329544 -0.381873 0.863466 
vn -0.951057 0 0.309017 
vn -0.922875 -0.0369391 0.383325 
vn -0.887605 -0.0735945 0.454689 
vn -0.845518 -0.109685 0.52256 
vn -0.796937 -0.144932 0.586419 
vn -0.742235 -0.179067 0.645773 
vn -0.681832 -0.211826 0.700167 
vn -0.616193 -0.242959 0.749184 
vn -0.545821 -0.272225 0.792447 
vn -0.471258 -0.299401 0.829624 
vn -0.393074 -0.324277 0.860428 
vn -0.311872 -0.346662 0.884625 
vn -0.951057 0 0.309017 
vn -0.921859 -0.0332855 0.386093 
vn -0.885378 -0.066308 0.460118 
vn -0.841902 -0.0988066 0.530507 
vn -0.791774 -0.130525 0.596706 
vn -0.73539 -0.161211 0.658189 
vn -0.673195 -0.190624 0.714472 
vn -0.605682 -0.218531 0.76511 
vn -0.533383 -0.244711 0.809703 
vn -0.45687 -0.268958 0.847898 
vn -0.376747 -0.291079 0.879394 
vn -0.293647 -0.310901 0.903942 
vn -0.951057 0 0.309017 
vn -0.920794 -0.0292816 0.388948 
vn -0.883016 -0.0583243 0.465705 
vn -0.83803 -0.0868908 0.538661 
vn -0.786204 -0.114748 0.60722 
vn -0.727961 -0.141669 0.670822 
vn -0.663776 -0.167433 0.728949 
vn -0.594173 -0.191831 0.781127 
vn -0.519721 -0.214663 0.826928 
vn -0.441026 -0.235743 0.86598 
vn -0.358732 -0.254899 0.897963 
vn -0.273509 -0.271974 0.922618 
vn -0.951057 0 0.309017 
vn -0.918751 -0.0210578 0.394276 
vn -0.8784 -0.0419312 0.476083 
vn -0.830358 -0.0624375 0.553721 
vn -0.775045 -0.082397 0.626511 
vn -0.712946 -0.101635 0.693814 
vn -0.644604 -0.119983 0.755043 
vn -0.570618 -0.137281 0.80966 
vn -0.491635 -0.153376 0.857188 
vn -0.408348 -0.168129 0.89721 
vn -0.321484 -0.181409 0.929375 
vn -0.249621 -0.228888 0.940904 
vn -0.231806 -0.193101 0.953403 
vn -0.951057 0 0.309017 
vn -0.916795 -0.0124076 0.399165 
vn -0.873866 -0.0246979 0.485539 
vn -0.822675 -0.0367548 0.567322 
vn -0.763707 -0.0484641 0.643742 
vn -0.697517 -0.0597152 0.714075 
vn -0.624734 -0.0704018 0.777658 
vn -0.546043 -0.0804227 0.833888 
vn -0.46219 -0.0896833 0.882234 
vn -0.373968 -0.098096 0.922239 
vn -0.28221 -0.105581 0.953525 
vn -0.202859 -0.141448 0.968938 
vn -0.187783 -0.112068 0.975796 
vn -0.951057 0 0.309017 
vn -0.916241 -0.00979148 0.400509 
vn -0.872556 -0.0194882 0.488125 
vn -0.820427 -0.0289963 0.571016 
vn -0.760357 -0.0382237 0.64838 
vn -0.692927 -0.0470812 0.719469 
vn -0.618791 -0.055483 0.783594 
vn -0.538666 -0.0633478 0.840135 
vn -0.453327 -0.0705994 0.888544 
vn -0.3636 -0.0771678 0.928354 
vn -0.270354 -0.0829892 0.959178 
vn -0.174491 -0.0880074 0.980718 
vn -0.951057 0 0.309017 
vn -0.914305 1.33237e-05 0.405027 
vn -0.86789 2.65065e-05 0.496757 
vn -0.812303 3.94093e-05 0.583236 
vn -0.74813 5.18955e-05 0.663552 
vn -0.676051 6.38333e-05 0.736854 
vn -0.596828 7.50964e-05 0.802369 
vn -0.511296 8.55658e-05 0.859405 
vn -0.420361 9.5131e-05 0.907357 
vn -0.324983 0.000103691 0.94572 
vn -0.22617 0.000111155 0.974088 
vn -0.153717 -0.0525905 0.986714 
vn -0.124968 0.000117444 0.992161 
vn -0.951057 0 0.309017 
vn -0.913553 0.00415001 0.406698 
vn -0.866033 0.00825452 0.499919 
vn -0.809016 0.0122685 0.587659 
vn -0.743128 0.016148 0.668955 
vn -0.669091 0.0198504 0.742915 
vn -0.587718 0.0233351 0.808729 
vn -0.4999 0.026564 0.865676 
vn -0.406601 0.0295015 0.91313 
vn -0.308843 0.0321156 0.950571 
vn -0.207698 0.0343776 0.977589 
vn -0.104276 0.0362625 0.993887 
vn -0.5 -0.866025 1.56125e-14 
vn -0.951813 -0.0960757 0.29124 
f 6438//6438 6439//6439 6440//6440 
f 6441//6441 6440//6440 6442//6442 
f 6442//6442 6443//6443 6441//6441 
f 6444//6444 6442//6442 6445//6445 
f 6445//6445 6446//6446 6444//6444 
f 6447//6447 6448//6448 6449//6449 
f 6449//6449 6445//6445 6447//6447 
f 6450//6450 6451//6451 6452//6452 
f 6452//6452 6447//6447 6450//6450 
f 6450//6450 6453//6453 6454//6454 
f 6453//6453 6455//6455 6454//6454 
f 6453//6453 6456//6456 6457//6457 
f 6456//6456 6458//6458 6457//6457 
f 6459//6459 6460//6460 6458//6458 
f 6459//6459 6461//6461 6460//6460 
f 6462//6462 6463//6463 6461//6461 
f 6462//6462 6464//6464 6463//6463 
f 6464//6464 6462//6462 6465//6465 
f 6465//6465 6466//6466 6467//6467 
f 6466//6466 6465//6465 6468//6468 
f 6439//6439 6469//6469 6470//6470 
f 6442//6442 6440//6440 6470//6470 
f 6445//6445 6442//6442 6471//6471 
f 6447//6447 6445//6445 6472//6472 
f 6450//6450 6447//6447 6473//6473 
f 6453//6453 6450//6450 6474//6474 
f 6456//6456 6453//6453 6475//6475 
f 6459//6459 6456//6456 6476//6476 
f 6462//6462 6459//6459 6477//6477 
f 6465//6465 6462//6462 6478//6478 
f 6465//6465 6479//6479 6480//6480 
f 6480//6480 6481//6481 6465//6465 
f 6469//6469 6482//6482 6483//6483 
f 6471//6471 6470//6470 6483//6483 
f 6472//6472 6471//6471 6484//6484 
f 6473//6473 6472//6472 6485//6485 
f 6474//6474 6473//6473 6486//6486 
f 6475//6475 6474//6474 6487//6487 
f 6476//6476 6475//6475 6488//6488 
f 6477//6477 6476//6476 6489//6489 
f 6478//6478 6477//6477 6490//6490 
f 6479//6479 6478//6478 6491//6491 
f 6479//6479 6492//6492 6493//6493 
f 6493//6493 6494//6494 6479//6479 
f 6482//6482 6495//6495 6496//6496 
f 6484//6484 6483//6483 6496//6496 
f 6485//6485 6484//6484 6497//6497 
f 6486//6486 6485//6485 6498//6498 
f 6487//6487 6486//6486 6499//6499 
f 6488//6488 6487//6487 6500//6500 
f 6489//6489 6488//6488 6501//6501 
f 6490//6490 6489//6489 6502//6502 
f 6491//6491 6490//6490 6503//6503 
f 6492//6492 6491//6491 6504//6504 
f 6492//6492 6505//6505 6506//6506 
f 6495//6495 6507//6507 6508//6508 
f 6497//6497 6496//6496 6508//6508 
f 6498//6498 6497//6497 6509//6509 
f 6499//6499 6498//6498 6510//6510 
f 6500//6500 6499//6499 6511//6511 
f 6501//6501 6500//6500 6512//6512 
f 6502//6502 6501//6501 6513//6513 
f 6503//6503 6502//6502 6514//6514 
f 6504//6504 6503//6503 6515//6515 
f 6505//6505 6504//6504 6516//6516 
f 6505//6505 6517//6517 6518//6518 
f 6518//6518 6519//6519 6505//6505 
f 6507//6507 6520//6520 6521//6521 
f 6509//6509 6508//6508 6521//6521 
f 6510//6510 6509//6509 6522//6522 
f 6511//6511 6510//6510 6523//6523 
f 6512//6512 6511//6511 6524//6524 
f 6513//6513 6512//6512 6525//6525 
f 6514//6514 6513//6513 6526//6526 
f 6515//6515 6514//6514 6527//6527 
f 6516//6516 6515//6515 6528//6528 
f 6517//6517 6516//6516 6529//6529 
f 6517//6517 6530//6530 6531//6531 
f 6520//6520 6532//6532 6533//6533 
f 6522//6522 6521//6521 6533//6533 
f 6523//6523 6522//6522 6534//6534 
f 6524//6524 6523//6523 6535//6535 
f 6525//6525 6524//6524 6536//6536 
f 6526//6526 6525//6525 6537//6537 
f 6527//6527 6526//6526 6538//6538 
f 6528//6528 6527//6527 6539//6539 
f 6529//6529 6528//6528 6540//6540 
f 6530//6530 6529//6529 6541//6541 
f 6530//6530 6542//6542 6543//6543 
f 6532//6532 6544//6544 6545//6545 
f 6534//6534 6533//6533 6545//6545 
f 6535//6535 6534//6534 6546//6546 
f 6536//6536 6535//6535 6547//6547 
f 6537//6537 6536//6536 6548//6548 
f 6538//6538 6537//6537 6549//6549 
f 6539//6539 6538//6538 6550//6550 
f 6540//6540 6539//6539 6551//6551 
f 6541//6541 6540//6540 6552//6552 
f 6542//6542 6541//6541 6553//6553 
f 6542//6542 6554//6554 6555//6555 
f 6555//6555 6556//6556 6542//6542 
f 6544//6544 6557//6557 6558//6558 
f 6546//6546 6545//6545 6558//6558 
f 6547//6547 6546//6546 6559//6559 
f 6548//6548 6547//6547 6560//6560 
f 6549//6549 6548//6548 6561//6561 
f 6550//6550 6549//6549 6562//6562 
f 6551//6551 6550//6550 6563//6563 
f 6552//6552 6551//6551 6564//6564 
f 6553//6553 6552//6552 6565//6565 
f 6554//6554 6553//6553 6566//6566 
f 6554//6554 6567//6567 6568//6568 
f 6557//6557 6569//6569 6570//6570 
f 6559//6559 6558//6558 6570//6570 
f 6560//6560 6559//6559 6571//6571 
f 6561//6561 6560//6560 6572//6572 
f 6562//6562 6561//6561 6573//6573 
f 6563//6563 6562//6562 6574//6574 
f 6564//6564 6563//6563 6575//6575 
f 6565//6565 6564//6564 6576//6576 
f 6566//6566 6565//6565 6577//6577 
f 6567//6567 6566//6566 6578//6578 
f 6567//6567 6579//6579 6580//6580 
f 6569//6569 6581//6581 6582//6582 
f 6571//6571 6570//6570 6582//6582 
f 6572//6572 6571//6571 6583//6583 
f 6573//6573 6572//6572 6584//6584 
f 6574//6574 6573//6573 6585//6585 
f 6575//6575 6574//6574 6586//6586 
f 6576//6576 6575//6575 6587//6587 
f 6577//6577 6576//6576 6588//6588 
f 6578//6578 6577//6577 6589//6589 
f 6579//6579 6578//6578 6590//6590 
f 6579//6579 6591//6591 6592//6592 
f 6581//6581 6593//6593 6594//6594 
f 6583//6583 6582//6582 6594//6594 
f 6584//6584 6583//6583 6595//6595 
f 6585//6585 6584//6584 6596//6596 
f 6586//6586 6585//6585 6597//6597 
f 6587//6587 6586//6586 6598//6598 
f 6588//6588 6587//6587 6599//6599 
f 6589//6589 6588//6588 6600//6600 
f 6590//6590 6589//6589 6601//6601 
f 6591//6591 6590//6590 6602//6602 
f 6591//6591 6603//6603 6604//6604 
f 6593//6593 6605//6605 6606//6606 
f 6595//6595 6594//6594 6606//6606 
f 6596//6596 6595//6595 6607//6607 
f 6597//6597 6596//6596 6608//6608 
f 6598//6598 6597//6597 6609//6609 
f 6599//6599 6598//6598 6610//6610 
f 6600//6600 6599//6599 6611//6611 
f 6601//6601 6600//6600 6612//6612 
f 6602//6602 6601//6601 6613//6613 
f 6603//6603 6602//6602 6614//6614 
f 6615//6615 6616//6616 6617//6617 
f 6617//6617 6603//6603 6615//6615 
f 6605//6605 6618//6618 6619//6619 
f 6607//6607 6606//6606 6619//6619 
f 6608//6608 6607//6607 6620//6620 
f 6609//6609 6608//6608 6621//6621 
f 6610//6610 6609//6609 6622//6622 
f 6611//6611 6610//6610 6623//6623 
f 6612//6612 6611//6611 6624//6624 
f 6613//6613 6612//6612 6625//6625 
f 6614//6614 6613//6613 6626//6626 
f 6615//6615 6614//6614 6627//6627 
f 6615//6615 6628//6628 6629//6629 
f 6630//6630 6631//6631 6619//6619 
f 6620//6620 6619//6619 6631//6631 
f 6621//6621 6620//6620 6632//6632 
f 6622//6622 6621//6621 6633//6633 
f 6623//6623 6622//6622 6634//6634 
f 6624//6624 6623//6623 6635//6635 
f 6625//6625 6624//6624 6636//6636 
f 6626//6626 6625//6625 6637//6637 
f 6627//6627 6626//6626 6638//6638 
f 6628//6628 6627//6627 6639//6639 
f 6640//6640 6641//6641 6629//6629 
f 6642//6642 6643//6643 6631//6631 
f 6632//6632 6631//6631 6643//6643 
f 6633//6633 6632//6632 6644//6644 
f 6634//6634 6633//6633 6645//6645 
f 6635//6635 6634//6634 6646//6646 
f 6636//6636 6635//6635 6647//6647 
f 6637//6637 6636//6636 6648//6648 
f 6638//6638 6637//6637 6649//6649 
f 6639//6639 6638//6638 6650//6650 
f 6640//6640 6639//6639 6651//6651 
f 6652//6652 6653//6653 6641//6641 
f 6654//6654 6655//6655 6643//6643 
f 6644//6644 6643//6643 6655//6655 
f 6645//6645 6644//6644 6656//6656 
f 6646//6646 6645//6645 6657//6657 
f 6647//6647 6646//6646 6658//6658 
f 6648//6648 6647//6647 6659//6659 
f 6649//6649 6648//6648 6660//6660 
f 6650//6650 6649//6649 6661//6661 
f 6651//6651 6650//6650 6662//6662 
f 6652//6652 6651//6651 6663//6663 
f 6664//6664 6665//6665 6653//6653 
f 6666//6666 6667//6667 6655//6655 
f 6656//6656 6655//6655 6667//6667 
f 6657//6657 6656//6656 6668//6668 
f 6658//6658 6657//6657 6669//6669 
f 6659//6659 6658//6658 6670//6670 
f 6660//6660 6659//6659 6671//6671 
f 6661//6661 6660//6660 6672//6672 
f 6662//6662 6661//6661 6673//6673 
f 6663//6663 6662//6662 6674//6674 
f 6664//6664 6663//6663 6675//6675 
f 6676//6676 6677//6677 6665//6665 
f 6676//6676 6678//6678 6677//6677 
f 6679//6679 6680//6680 6667//6667 
f 6668//6668 6667//6667 6680//6680 
f 6669//6669 6668//6668 6681//6681 
f 6670//6670 6669//6669 6682//6682 
f 6671//6671 6670//6670 6683//6683 
f 6672//6672 6671//6671 6684//6684 
f 6673//6673 6672//6672 6685//6685 
f 6674//6674 6673//6673 6686//6686 
f 6675//6675 6674//6674 6687//6687 
f 6676//6676 6675//6675 6688//6688 
f 6689//6689 6690//6690 6678//6678 
f 6691//6691 6692//6692 6680//6680 
f 6681//6681 6680//6680 6692//6692 
f 6682//6682 6681//6681 6693//6693 
f 6683//6683 6682//6682 6694//6694 
f 6684//6684 6683//6683 6695//6695 
f 6685//6685 6684//6684 6696//6696 
f 6686//6686 6685//6685 6697//6697 
f 6687//6687 6686//6686 6698//6698 
f 6688//6688 6687//6687 6699//6699 
f 6689//6689 6688//6688 6700//6700 
f 6701//6701 6702//6702 6690//6690 
f 6703//6703 6704//6704 6692//6692 
f 6693//6693 6692//6692 6704//6704 
f 6694//6694 6693//6693 6705//6705 
f 6695//6695 6694//6694 6706//6706 
f 6696//6696 6695//6695 6707//6707 
f 6697//6697 6696//6696 6708//6708 
f 6698//6698 6697//6697 6709//6709 
f 6699//6699 6698//6698 6710//6710 
f 6700//6700 6699//6699 6711//6711 
f 6701//6701 6700//6700 6712//6712 
f 6713//6713 6714//6714 6702//6702 
f 6715//6715 6716//6716 6704//6704 
f 6705//6705 6704//6704 6716//6716 
f 6706//6706 6705//6705 6717//6717 
f 6707//6707 6706//6706 6718//6718 
f 6708//6708 6707//6707 6719//6719 
f 6709//6709 6708//6708 6720//6720 
f 6710//6710 6709//6709 6721//6721 
f 6711//6711 6710//6710 6722//6722 
f 6712//6712 6711//6711 6723//6723 
f 6713//6713 6712//6712 6724//6724 
f 6725//6725 6726//6726 6714//6714 
f 6727//6727 6728//6728 6716//6716 
f 6717//6717 6716//6716 6728//6728 
f 6718//6718 6717//6717 6729//6729 
f 6719//6719 6718//6718 6730//6730 
f 6720//6720 6719//6719 6731//6731 
f 6721//6721 6720//6720 6732//6732 
f 6722//6722 6721//6721 6733//6733 
f 6723//6723 6722//6722 6734//6734 
f 6724//6724 6723//6723 6735//6735 
f 6725//6725 6724//6724 6736//6736 
f 6737//6737 6738//6738 6726//6726 
f 6737//6737 6739//6739 6738//6738 
f 6740//6740 6741//6741 6728//6728 
f 6729//6729 6728//6728 6741//6741 
f 6730//6730 6729//6729 6742//6742 
f 6731//6731 6730//6730 6743//6743 
f 6732//6732 6731//6731 6744//6744 
f 6733//6733 6732//6732 6745//6745 
f 6734//6734 6733//6733 6746//6746 
f 6735//6735 6734//6734 6747//6747 
f 6736//6736 6735//6735 6748//6748 
f 6737//6737 6736//6736 6749//6749 
f 6750//6750 6751//6751 6739//6739 
f 6752//6752 6753//6753 6741//6741 
f 6742//6742 6741//6741 6753//6753 
f 6743//6743 6742//6742 6754//6754 
f 6744//6744 6743//6743 6755//6755 
f 6745//6745 6744//6744 6756//6756 
f 6746//6746 6745//6745 6757//6757 
f 6747//6747 6746//6746 6758//6758 
f 6748//6748 6747//6747 6759//6759 
f 6749//6749 6748//6748 6760//6760 
f 6750//6750 6749//6749 6761//6761 
f 6762//6762 6763//6763 6751//6751 
f 6764//6764 6765//6765 6753//6753 
f 6754//6754 6753//6753 6765//6765 
f 6755//6755 6754//6754 6766//6766 
f 6756//6756 6755//6755 6767//6767 
f 6757//6757 6756//6756 6768//6768 
f 6758//6758 6757//6757 6769//6769 
f 6759//6759 6758//6758 6770//6770 
f 6760//6760 6759//6759 6771//6771 
f 6761//6761 6760//6760 6772//6772 
f 6762//6762 6761//6761 6773//6773 
f 6774//6774 6775//6775 6763//6763 
f 6776//6776 6777//6777 6765//6765 
f 6766//6766 6765//6765 6777//6777 
f 6767//6767 6766//6766 6778//6778 
f 6768//6768 6767//6767 6779//6779 
f 6769//6769 6768//6768 6780//6780 
f 6770//6770 6769//6769 6781//6781 
f 6771//6771 6770//6770 6782//6782 
f 6772//6772 6771//6771 6783//6783 
f 6773//6773 6772//6772 6784//6784 
f 6774//6774 6773//6773 6785//6785 
f 6786//6786 6787//6787 6775//6775 
f 6786//6786 6788//6788 6787//6787 
f 6789//6789 6790//6790 6777//6777 
f 6778//6778 6777//6777 6790//6790 
f 6779//6779 6778//6778 6791//6791 
f 6780//6780 6779//6779 6792//6792 
f 6781//6781 6780//6780 6793//6793 
f 6782//6782 6781//6781 6794//6794 
f 6783//6783 6782//6782 6795//6795 
f 6784//6784 6783//6783 6796//6796 
f 6785//6785 6784//6784 6797//6797 
f 6786//6786 6785//6785 6798//6798 
f 6799//6799 6800//6800 6788//6788 
f 6799//6799 6801//6801 6800//6800 
f 6802//6802 6803//6803 6790//6790 
f 6791//6791 6790//6790 6803//6803 
f 6792//6792 6791//6791 6804//6804 
f 6793//6793 6792//6792 6805//6805 
f 6794//6794 6793//6793 6806//6806 
f 6795//6795 6794//6794 6807//6807 
f 6796//6796 6795//6795 6808//6808 
f 6797//6797 6796//6796 6809//6809 
f 6798//6798 6797//6797 6810//6810 
f 6799//6799 6798//6798 6811//6811 
f 6812//6812 6813//6813 6801//6801 
f 6814//6814 6815//6815 6803//6803 
f 6804//6804 6803//6803 6815//6815 
f 6805//6805 6804//6804 6816//6816 
f 6806//6806 6805//6805 6817//6817 
f 6807//6807 6806//6806 6818//6818 
f 6808//6808 6807//6807 6819//6819 
f 6809//6809 6808//6808 6820//6820 
f 6810//6810 6809//6809 6821//6821 
f 6811//6811 6810//6810 6822//6822 
f 6812//6812 6811//6811 6823//6823 
f 6812//6812 6824//6824 6825//6825 
f 6824//6824 6826//6826 6825//6825 
f 6827//6827 6828//6828 6815//6815 
f 6828//6828 6829//6829 6816//6816 
f 6829//6829 6830//6830 6817//6817 
f 6830//6830 6831//6831 6818//6818 
f 6831//6831 6832//6832 6819//6819 
f 6832//6832 6833//6833 6820//6820 
f 6833//6833 6834//6834 6821//6821 
f 6834//6834 6835//6835 6822//6822 
f 6835//6835 6836//6836 6823//6823 
f 6836//6836 6837//6837 6824//6824 
f 6837//6837 6838//6838 6826//6826 
f 6826//6826 6824//6824 6837//6837 
f 6824//6824 6823//6823 6836//6836 
f 6823//6823 6822//6822 6835//6835 
f 6822//6822 6821//6821 6834//6834 
f 6821//6821 6820//6820 6833//6833 
f 6820//6820 6819//6819 6832//6832 
f 6819//6819 6818//6818 6831//6831 
f 6818//6818 6817//6817 6830//6830 
f 6817//6817 6816//6816 6829//6829 
f 6816//6816 6815//6815 6828//6828 
f 6815//6815 6814//6814 6827//6827 
f 6825//6825 6813//6813 6812//6812 
f 6823//6823 6824//6824 6812//6812 
f 6822//6822 6823//6823 6811//6811 
f 6821//6821 6822//6822 6810//6810 
f 6820//6820 6821//6821 6809//6809 
f 6819//6819 6820//6820 6808//6808 
f 6818//6818 6819//6819 6807//6807 
f 6817//6817 6818//6818 6806//6806 
f 6816//6816 6817//6817 6805//6805 
f 6815//6815 6816//6816 6804//6804 
f 6803//6803 6802//6802 6814//6814 
f 6801//6801 6799//6799 6812//6812 
f 6811//6811 6812//6812 6799//6799 
f 6810//6810 6811//6811 6798//6798 
f 6809//6809 6810//6810 6797//6797 
f 6808//6808 6809//6809 6796//6796 
f 6807//6807 6808//6808 6795//6795 
f 6806//6806 6807//6807 6794//6794 
f 6805//6805 6806//6806 6793//6793 
f 6804//6804 6805//6805 6792//6792 
f 6803//6803 6804//6804 6791//6791 
f 6790//6790 6789//6789 6802//6802 
f 6788//6788 6786//6786 6799//6799 
f 6798//6798 6799//6799 6786//6786 
f 6797//6797 6798//6798 6785//6785 
f 6796//6796 6797//6797 6784//6784 
f 6795//6795 6796//6796 6783//6783 
f 6794//6794 6795//6795 6782//6782 
f 6793//6793 6794//6794 6781//6781 
f 6792//6792 6793//6793 6780//6780 
f 6791//6791 6792//6792 6779//6779 
f 6790//6790 6791//6791 6778//6778 
f 6777//6777 6776//6776 6789//6789 
f 6775//6775 6774//6774 6786//6786 
f 6785//6785 6786//6786 6774//6774 
f 6784//6784 6785//6785 6773//6773 
f 6783//6783 6784//6784 6772//6772 
f 6782//6782 6783//6783 6771//6771 
f 6781//6781 6782//6782 6770//6770 
f 6780//6780 6781//6781 6769//6769 
f 6779//6779 6780//6780 6768//6768 
f 6778//6778 6779//6779 6767//6767 
f 6777//6777 6778//6778 6766//6766 
f 6765//6765 6764//6764 6776//6776 
f 6763//6763 6762//6762 6774//6774 
f 6773//6773 6774//6774 6762//6762 
f 6772//6772 6773//6773 6761//6761 
f 6771//6771 6772//6772 6760//6760 
f 6770//6770 6771//6771 6759//6759 
f 6769//6769 6770//6770 6758//6758 
f 6768//6768 6769//6769 6757//6757 
f 6767//6767 6768//6768 6756//6756 
f 6766//6766 6767//6767 6755//6755 
f 6765//6765 6766//6766 6754//6754 
f 6753//6753 6752//6752 6764//6764 
f 6751//6751 6750//6750 6762//6762 
f 6761//6761 6762//6762 6750//6750 
f 6760//6760 6761//6761 6749//6749 
f 6759//6759 6760//6760 6748//6748 
f 6758//6758 6759//6759 6747//6747 
f 6757//6757 6758//6758 6746//6746 
f 6756//6756 6757//6757 6745//6745 
f 6755//6755 6756//6756 6744//6744 
f 6754//6754 6755//6755 6743//6743 
f 6753//6753 6754//6754 6742//6742 
f 6741//6741 6740//6740 6752//6752 
f 6739//6739 6737//6737 6750//6750 
f 6749//6749 6750//6750 6737//6737 
f 6748//6748 6749//6749 6736//6736 
f 6747//6747 6748//6748 6735//6735 
f 6746//6746 6747//6747 6734//6734 
f 6745//6745 6746//6746 6733//6733 
f 6744//6744 6745//6745 6732//6732 
f 6743//6743 6744//6744 6731//6731 
f 6742//6742 6743//6743 6730//6730 
f 6741//6741 6742//6742 6729//6729 
f 6728//6728 6727//6727 6740//6740 
f 6726//6726 6725//6725 6737//6737 
f 6736//6736 6737//6737 6725//6725 
f 6735//6735 6736//6736 6724//6724 
f 6734//6734 6735//6735 6723//6723 
f 6733//6733 6734//6734 6722//6722 
f 6732//6732 6733//6733 6721//6721 
f 6731//6731 6732//6732 6720//6720 
f 6730//6730 6731//6731 6719//6719 
f 6729//6729 6730//6730 6718//6718 
f 6728//6728 6729//6729 6717//6717 
f 6716//6716 6715//6715 6727//6727 
f 6714//6714 6713//6713 6725//6725 
f 6724//6724 6725//6725 6713//6713 
f 6723//6723 6724//6724 6712//6712 
f 6722//6722 6723//6723 6711//6711 
f 6721//6721 6722//6722 6710//6710 
f 6720//6720 6721//6721 6709//6709 
f 6719//6719 6720//6720 6708//6708 
f 6718//6718 6719//6719 6707//6707 
f 6717//6717 6718//6718 6706//6706 
f 6716//6716 6717//6717 6705//6705 
f 6704//6704 6703//6703 6715//6715 
f 6702//6702 6701//6701 6713//6713 
f 6712//6712 6713//6713 6701//6701 
f 6711//6711 6712//6712 6700//6700 
f 6710//6710 6711//6711 6699//6699 
f 6709//6709 6710//6710 6698//6698 
f 6708//6708 6709//6709 6697//6697 
f 6707//6707 6708//6708 6696//6696 
f 6706//6706 6707//6707 6695//6695 
f 6705//6705 6706//6706 6694//6694 
f 6704//6704 6705//6705 6693//6693 
f 6692//6692 6691//6691 6703//6703 
f 6690//6690 6689//6689 6701//6701 
f 6700//6700 6701//6701 6689//6689 
f 6699//6699 6700//6700 6688//6688 
f 6698//6698 6699//6699 6687//6687 
f 6697//6697 6698//6698 6686//6686 
f 6696//6696 6697//6697 6685//6685 
f 6695//6695 6696//6696 6684//6684 
f 6694//6694 6695//6695 6683//6683 
f 6693//6693 6694//6694 6682//6682 
f 6692//6692 6693//6693 6681//6681 
f 6680//6680 6679//6679 6691//6691 
f 6678//6678 6676//6676 6689//6689 
f 6688//6688 6689//6689 6676//6676 
f 6687//6687 6688//6688 6675//6675 
f 6686//6686 6687//6687 6674//6674 
f 6685//6685 6686//6686 6673//6673 
f 6684//6684 6685//6685 6672//6672 
f 6683//6683 6684//6684 6671//6671 
f 6682//6682 6683//6683 6670//6670 
f 6681//6681 6682//6682 6669//6669 
f 6680//6680 6681//6681 6668//6668 
f 6667//6667 6666//6666 6679//6679 
f 6665//6665 6664//6664 6676//6676 
f 6675//6675 6676//6676 6664//6664 
f 6674//6674 6675//6675 6663//6663 
f 6673//6673 6674//6674 6662//6662 
f 6672//6672 6673//6673 6661//6661 
f 6671//6671 6672//6672 6660//6660 
f 6670//6670 6671//6671 6659//6659 
f 6669//6669 6670//6670 6658//6658 
f 6668//6668 6669//6669 6657//6657 
f 6667//6667 6668//6668 6656//6656 
f 6655//6655 6654//6654 6666//6666 
f 6653//6653 6652//6652 6664//6664 
f 6663//6663 6664//6664 6652//6652 
f 6662//6662 6663//6663 6651//6651 
f 6661//6661 6662//6662 6650//6650 
f 6660//6660 6661//6661 6649//6649 
f 6659//6659 6660//6660 6648//6648 
f 6658//6658 6659//6659 6647//6647 
f 6657//6657 6658//6658 6646//6646 
f 6656//6656 6657//6657 6645//6645 
f 6655//6655 6656//6656 6644//6644 
f 6643//6643 6642//6642 6654//6654 
f 6641//6641 6640//6640 6652//6652 
f 6651//6651 6652//6652 6640//6640 
f 6650//6650 6651//6651 6639//6639 
f 6649//6649 6650//6650 6638//6638 
f 6648//6648 6649//6649 6637//6637 
f 6647//6647 6648//6648 6636//6636 
f 6646//6646 6647//6647 6635//6635 
f 6645//6645 6646//6646 6634//6634 
f 6644//6644 6645//6645 6633//6633 
f 6643//6643 6644//6644 6632//6632 
f 6631//6631 6630//6630 6642//6642 
f 6629//6629 6628//6628 6640//6640 
f 6639//6639 6640//6640 6628//6628 
f 6638//6638 6639//6639 6627//6627 
f 6637//6637 6638//6638 6626//6626 
f 6636//6636 6637//6637 6625//6625 
f 6635//6635 6636//6636 6624//6624 
f 6634//6634 6635//6635 6623//6623 
f 6633//6633 6634//6634 6622//6622 
f 6632//6632 6633//6633 6621//6621 
f 6631//6631 6632//6632 6620//6620 
f 6619//6619 6618//6618 6630//6630 
f 6629//6629 6616//6616 6615//6615 
f 6627//6627 6628//6628 6615//6615 
f 6626//6626 6627//6627 6614//6614 
f 6625//6625 6626//6626 6613//6613 
f 6624//6624 6625//6625 6612//6612 
f 6623//6623 6624//6624 6611//6611 
f 6622//6622 6623//6623 6610//6610 
f 6621//6621 6622//6622 6609//6609 
f 6620//6620 6621//6621 6608//6608 
f 6619//6619 6620//6620 6607//6607 
f 6619//6619 6606//6606 6605//6605 
f 6617//6617 6604//6604 6603//6603 
f 6614//6614 6615//6615 6603//6603 
f 6613//6613 6614//6614 6602//6602 
f 6612//6612 6613//6613 6601//6601 
f 6611//6611 6612//6612 6600//6600 
f 6610//6610 6611//6611 6599//6599 
f 6609//6609 6610//6610 6598//6598 
f 6608//6608 6609//6609 6597//6597 
f 6607//6607 6608//6608 6596//6596 
f 6606//6606 6607//6607 6595//6595 
f 6606//6606 6594//6594 6593//6593 
f 6604//6604 6592//6592 6591//6591 
f 6602//6602 6603//6603 6591//6591 
f 6601//6601 6602//6602 6590//6590 
f 6600//6600 6601//6601 6589//6589 
f 6599//6599 6600//6600 6588//6588 
f 6598//6598 6599//6599 6587//6587 
f 6597//6597 6598//6598 6586//6586 
f 6596//6596 6597//6597 6585//6585 
f 6595//6595 6596//6596 6584//6584 
f 6594//6594 6595//6595 6583//6583 
f 6594//6594 6582//6582 6581//6581 
f 6592//6592 6580//6580 6579//6579 
f 6590//6590 6591//6591 6579//6579 
f 6589//6589 6590//6590 6578//6578 
f 6588//6588 6589//6589 6577//6577 
f 6587//6587 6588//6588 6576//6576 
f 6586//6586 6587//6587 6575//6575 
f 6585//6585 6586//6586 6574//6574 
f 6584//6584 6585//6585 6573//6573 
f 6583//6583 6584//6584 6572//6572 
f 6582//6582 6583//6583 6571//6571 
f 6582//6582 6570//6570 6569//6569 
f 6580//6580 6568//6568 6567//6567 
f 6578//6578 6579//6579 6567//6567 
f 6577//6577 6578//6578 6566//6566 
f 6576//6576 6577//6577 6565//6565 
f 6575//6575 6576//6576 6564//6564 
f 6574//6574 6575//6575 6563//6563 
f 6573//6573 6574//6574 6562//6562 
f 6572//6572 6573//6573 6561//6561 
f 6571//6571 6572//6572 6560//6560 
f 6570//6570 6571//6571 6559//6559 
f 6570//6570 6558//6558 6557//6557 
f 6568//6568 6555//6555 6554//6554 
f 6566//6566 6567//6567 6554//6554 
f 6565//6565 6566//6566 6553//6553 
f 6564//6564 6565//6565 6552//6552 
f 6563//6563 6564//6564 6551//6551 
f 6562//6562 6563//6563 6550//6550 
f 6561//6561 6562//6562 6549//6549 
f 6560//6560 6561//6561 6548//6548 
f 6559//6559 6560//6560 6547//6547 
f 6558//6558 6559//6559 6546//6546 
f 6558//6558 6545//6545 6544//6544 
f 6556//6556 6543//6543 6542//6542 
f 6553//6553 6554//6554 6542//6542 
f 6552//6552 6553//6553 6541//6541 
f 6551//6551 6552//6552 6540//6540 
f 6550//6550 6551//6551 6539//6539 
f 6549//6549 6550//6550 6538//6538 
f 6548//6548 6549//6549 6537//6537 
f 6547//6547 6548//6548 6536//6536 
f 6546//6546 6547//6547 6535//6535 
f 6545//6545 6546//6546 6534//6534 
f 6545//6545 6533//6533 6532//6532 
f 6543//6543 6531//6531 6530//6530 
f 6541//6541 6542//6542 6530//6530 
f 6540//6540 6541//6541 6529//6529 
f 6539//6539 6540//6540 6528//6528 
f 6538//6538 6539//6539 6527//6527 
f 6537//6537 6538//6538 6526//6526 
f 6536//6536 6537//6537 6525//6525 
f 6535//6535 6536//6536 6524//6524 
f 6534//6534 6535//6535 6523//6523 
f 6533//6533 6534//6534 6522//6522 
f 6533//6533 6521//6521 6520//6520 
f 6531//6531 6518//6518 6517//6517 
f 6529//6529 6530//6530 6517//6517 
f 6528//6528 6529//6529 6516//6516 
f 6527//6527 6528//6528 6515//6515 
f 6526//6526 6527//6527 6514//6514 
f 6525//6525 6526//6526 6513//6513 
f 6524//6524 6525//6525 6512//6512 
f 6523//6523 6524//6524 6511//6511 
f 6522//6522 6523//6523 6510//6510 
f 6521//6521 6522//6522 6509//6509 
f 6521//6521 6508//6508 6507//6507 
f 6519//6519 6506//6506 6505//6505 
f 6516//6516 6517//6517 6505//6505 
f 6515//6515 6516//6516 6504//6504 
f 6514//6514 6515//6515 6503//6503 
f 6513//6513 6514//6514 6502//6502 
f 6512//6512 6513//6513 6501//6501 
f 6511//6511 6512//6512 6500//6500 
f 6510//6510 6511//6511 6499//6499 
f 6509//6509 6510//6510 6498//6498 
f 6508//6508 6509//6509 6497//6497 
f 6508//6508 6496//6496 6495//6495 
f 6506//6506 6493//6493 6492//6492 
f 6504//6504 6505//6505 6492//6492 
f 6503//6503 6504//6504 6491//6491 
f 6502//6502 6503//6503 6490//6490 
f 6501//6501 6502//6502 6489//6489 
f 6500//6500 6501//6501 6488//6488 
f 6499//6499 6500//6500 6487//6487 
f 6498//6498 6499//6499 6486//6486 
f 6497//6497 6498//6498 6485//6485 
f 6496//6496 6497//6497 6484//6484 
f 6496//6496 6483//6483 6482//6482 
f 6494//6494 6480//6480 6479//6479 
f 6491//6491 6492//6492 6479//6479 
f 6490//6490 6491//6491 6478//6478 
f 6489//6489 6490//6490 6477//6477 
f 6488//6488 6489//6489 6476//6476 
f 6487//6487 6488//6488 6475//6475 
f 6486//6486 6487//6487 6474//6474 
f 6485//6485 6486//6486 6473//6473 
f 6484//6484 6485//6485 6472//6472 
f 6483//6483 6484//6484 6471//6471 
f 6483//6483 6470//6470 6469//6469 
f 6481//6481 6468//6468 6465//6465 
f 6478//6478 6479//6479 6465//6465 
f 6477//6477 6478//6478 6462//6462 
f 6476//6476 6477//6477 6459//6459 
f 6475//6475 6476//6476 6456//6456 
f 6474//6474 6475//6475 6453//6453 
f 6473//6473 6474//6474 6450//6450 
f 6472//6472 6473//6473 6447//6447 
f 6471//6471 6472//6472 6445//6445 
f 6470//6470 6471//6471 6442//6442 
f 6470//6470 6440//6440 6439//6439 
f 6468//6468 6839//6839 6466//6466 
f 6465//6465 6467//6467 6464//6464 
f 6461//6461 6459//6459 6462//6462 
f 6458//6458 6456//6456 6459//6459 
f 6457//6457 6455//6455 6453//6453 
f 6454//6454 6451//6451 6450//6450 
f 6452//6452 6448//6448 6447//6447 
f 6449//6449 6446//6446 6445//6445 
f 6444//6444 6443//6443 6442//6442 
f 6441//6441 6840//6840 6440//6440 
f 6440//6440 6840//6840 6438//6438 
v -0.0150003 -0.0401225 0.0269274 
v -0.0150635 -0.040086 0.0265471 
v -0.0150301 -0.0401053 0.0266731 
v -0.0151099 -0.0400592 0.0264228 
v -0.0151698 -0.0400246 0.0263009 
v -0.0152437 -0.0399819 0.0261827 
v -0.0153321 -0.0399309 0.0260696 
v -0.0153823 -0.0399019 0.0260151 
v -0.0150091 -0.0401174 0.0268 
v -0.015 -0.0401226 0.0269564 
v -0.0154363 -0.0398708 0.0259626 
v -0.015494 -0.0398374 0.0259125 
v -0.0155554 -0.039802 0.025865 
v -0.0156205 -0.0397644 0.0258205 
v -0.0156889 -0.0397249 0.0257794 
v -0.0157607 -0.0396835 0.0257419 
v -0.0158354 -0.0396403 0.0257083 
v -0.0159128 -0.0395956 0.0256792 
v -0.0159926 -0.0395496 0.0256546 
v -0.0160744 -0.0395024 0.0256349 
v -0.0204563 -0.0369724 0.0251128 
v -0.0220326 -0.0360624 0.027947 
v -0.0224512 -0.0358207 0.0271915 
v -0.0161576 -0.0394543 0.0256202 
v -0.0228609 -0.0355841 0.0262481 
v -0.0230483 -0.035476 0.025715 
v -0.0226611 -0.0356995 0.0267397 
v -0.016201 -0.0394293 0.0256147 
v -0.017 -0.0389679 0.0255259 
v -0.015 -0.0401226 0.0393008 
v -0.0233621 -0.0352948 0.024749 
v -0.0230585 -0.0354701 0.0247873 
vn -0.5 -0.866025 1.56125e-14 
vn -0.5 -0.866025 1.56125e-14 
vn -0.5 -0.866025 1.56125e-14 
vn -0.5 -0.866025 1.56125e-14 
vn -0.5 -0.866025 1.56125e-14 
vn -0.5 -0.866025 1.56125e-14 
vn -0.5 -0.866025 1.56125e-14 
vn -0.5 -0.866025 1.56125e-14 
vn -0.5 -0.866025 1.56125e-14 
vn -0.5 -0.866025 1.56125e-14 
vn -0.5 -0.866025 1.56125e-14 
vn -0.5 -0.866025 1.56125e-14 
vn -0.5 -0.866025 1.56125e-14 
vn -0.5 -0.866025 1.56125e-14 
vn -0.5 -0.866025 1.56125e-14 
vn -0.5 -0.866025 1.56125e-14 
vn -0.5 -0.866025 1.56125e-14 
vn -0.5 -0.866025 1.56125e-14 
vn -0.5 -0.866025 1.56125e-14 
vn -0.5 -0.866025 1.56125e-14 
vn -0.5 -0.866025 1.56125e-14 
vn -0.5 -0.866025 1.56125e-14 
vn -0.5 -0.866025 1.56125e-14 
vn -0.5 -0.866025 1.56125e-14 
vn -0.5 -0.866025 1.56125e-14 
vn -0.5 -0.866025 1.56125e-14 
vn -0.5 -0.866025 1.56125e-14 
vn -0.5 -0.866025 1.56125e-14 
vn -0.5 -0.866025 1.56125e-14 
vn -0.5 -0.866025 1.56125e-14 
vn -0.5 -0.866025 1.56125e-14 
vn -0.5 -0.866025 1.56125e-14 
f 6841//6841 6842//6842 6843//6843 
f 6841//6841 6844//6844 6842//6842 
f 6841//6841 6845//6845 6844//6844 
f 6841//6841 6846//6846 6845//6845 
f 6841//6841 6847//6847 6846//6846 
f 6841//6841 6848//6848 6847//6847 
f 6843//6843 6849//6849 6841//6841 
f 6850//6850 6851//6851 6848//6848 
f 6850//6850 6852//6852 6851//6851 
f 6850//6850 6853//6853 6852//6852 
f 6850//6850 6854//6854 6853//6853 
f 6850//6850 6855//6855 6854//6854 
f 6850//6850 6856//6856 6855//6855 
f 6850//6850 6857//6857 6856//6856 
f 6850//6850 6858//6858 6857//6857 
f 6850//6850 6859//6859 6858//6858 
f 6850//6850 6860//6860 6859//6859 
f 6861//6861 6862//6862 6863//6863 
f 6850//6850 6864//6864 6860//6860 
f 6861//6861 6865//6865 6866//6866 
f 6863//6863 6867//6867 6861//6861 
f 6850//6850 6868//6868 6864//6864 
f 6867//6867 6865//6865 6861//6861 
f 6850//6850 6869//6869 6868//6868 
f 6870//6870 6862//6862 6861//6861 
f 6866//6866 6871//6871 6872//6872 
f 6841//6841 6850//6850 6848//6848 
f 6866//6866 6872//6872 6861//6861 
f 6861//6861 6869//6869 6870//6870 
f 6850//6850 6870//6870 6869//6869 
v -0.01482 -0.0402409 0.0398277 
v -0.0148202 -0.0402412 0.0269564 
v -0.0147687 -0.0402787 0.0269564 
v -0.0146824 -0.0403501 0.0398277 
v -0.0146539 -0.0403777 0.0398277 
v -0.0146617 -0.0403684 0.0269564 
v -0.014653 -0.0403768 0.0269564 
v -0.0145024 -0.0405308 0.0269564 
v -0.0145031 -0.0405313 0.0398277 
v -0.0145357 -0.0404925 0.0398277 
v -0.0145613 -0.0404654 0.0269564 
v -0.0143696 -0.0407001 0.0398277 
v -0.0144679 -0.0405691 0.0269564 
v -0.014382 -0.0406791 0.0269564 
v -0.0144043 -0.040649 0.0398277 
v -0.0142538 -0.0408816 0.0269564 
v -0.0142551 -0.0408822 0.0398277 
v -0.0142895 -0.0408182 0.0398277 
v -0.0143684 -0.0406992 0.0269564 
v -0.0143039 -0.0407949 0.0269564 
v -0.0141607 -0.0410756 0.0398277 
v -0.0142341 -0.0409158 0.0269564 
v -0.0141729 -0.0410412 0.0269564 
v -0.0141927 -0.0409982 0.0398277 
v -0.0140859 -0.0412774 0.0269564 
v -0.0140877 -0.0412779 0.0398277 
v -0.0141147 -0.0411872 0.0398277 
v -0.0141593 -0.041075 0.0269564 
v -0.0141206 -0.0411707 0.0269564 
v -0.0140368 -0.0414869 0.0398277 
v -0.0140775 -0.0413034 0.0269564 
v -0.0140437 -0.0414389 0.0269564 
v -0.0140564 -0.0413831 0.0398277 
v -0.0140062 -0.0417 0.0269564 
v -0.014006 -0.0417 0.0398277 
v -0.0140184 -0.041584 0.0398277 
v -0.0140353 -0.0414866 0.0269564 
v -0.0140195 -0.0415764 0.0269564 
v -0.0148485 -0.0402194 0.0397822 
v -0.0148339 -0.0402298 0.0398277 
v -0.0148816 -0.0401966 0.0269564 
v -0.0149302 -0.0401649 0.0395246 
v -0.015 -0.0401226 0.0393008 
v -0.015 -0.0401226 0.0269564 
vn -0.590223 -0.80724 1.0842e-16 
vn -0.590237 -0.80723 0 
vn -0.615661 -0.788011 0 
vn -0.65882 -0.752301 1.0842e-16 
vn -0.673606 -0.73909 1.0842e-16 
vn -0.669131 -0.743145 0 
vn -0.673621 -0.739077 0 
vn -0.749205 -0.662338 0 
vn -0.749185 -0.662361 1.0842e-16 
vn -0.732169 -0.681123 1.0842e-16 
vn -0.71934 -0.694658 0 
vn -0.816074 -0.577947 1.0842e-16 
vn -0.766044 -0.642788 0 
vn -0.809017 -0.587785 0 
vn -0.797869 -0.60283 1.0842e-16 
vn -0.87351 -0.486806 0 
vn -0.873498 -0.486828 0 
vn -0.855235 -0.51824 0 
vn -0.816082 -0.577936 0 
vn -0.848048 -0.529919 0 
vn -0.92079 -0.390059 0 
vn -0.882948 -0.469472 0 
vn -0.913545 -0.406737 0 
vn -0.903667 -0.428236 0 
vn -0.957404 -0.288753 0 
vn -0.9574 -0.288765 0 
vn -0.942659 -0.333759 0 
vn -0.920791 -0.390056 0 
vn -0.939693 -0.34202 0 
vn -0.982904 -0.184121 0 
vn -0.961262 -0.275637 0 
vn -0.978148 -0.207912 0 
vn -0.971803 -0.235794 0 
vn -0.997003 -0.0773571 0 
vn -0.997004 -0.0773503 0 
vn -0.990795 -0.135367 0 
vn -0.982902 -0.184129 0 
vn -0.990268 -0.139173 0 
vn -0.575732 -0.817639 1.0842e-16 
vn -0.58303 -0.812451 1.0842e-16 
vn -0.559193 -0.829038 0 
vn -0.534902 -0.844914 1.0842e-16 
vn -0.5 -0.866025 0 
vn -0.5 -0.866025 0 
f 6873//6873 6874//6874 6875//6875 
f 6875//6875 6876//6876 6873//6873 
f 6877//6877 6876//6876 6878//6878 
f 6878//6878 6879//6879 6877//6877 
f 6880//6880 6881//6881 6882//6882 
f 6877//6877 6879//6879 6883//6883 
f 6883//6883 6882//6882 6877//6877 
f 6884//6884 6885//6885 6886//6886 
f 6887//6887 6880//6880 6885//6885 
f 6885//6885 6884//6884 6887//6887 
f 6887//6887 6881//6881 6880//6880 
f 6888//6888 6889//6889 6890//6890 
f 6884//6884 6891//6891 6892//6892 
f 6892//6892 6890//6890 6884//6884 
f 6893//6893 6894//6894 6895//6895 
f 6889//6889 6888//6888 6894//6894 
f 6894//6894 6893//6893 6896//6896 
f 6894//6894 6896//6896 6889//6889 
f 6897//6897 6898//6898 6899//6899 
f 6893//6893 6900//6900 6901//6901 
f 6901//6901 6899//6899 6893//6893 
f 6902//6902 6903//6903 6904//6904 
f 6898//6898 6897//6897 6903//6903 
f 6903//6903 6902//6902 6905//6905 
f 6903//6903 6905//6905 6898//6898 
f 6906//6906 6907//6907 6908//6908 
f 6902//6902 6909//6909 6910//6910 
f 6910//6910 6908//6908 6902//6902 
f 6874//6874 6873//6873 6911//6911 
f 6873//6873 6912//6912 6911//6911 
f 6913//6913 6914//6914 6915//6915 
f 6913//6913 6911//6911 6914//6914 
f 6915//6915 6916//6916 6913//6913 
f 6911//6911 6913//6913 6874//6874 
f 6908//6908 6910//6910 6906//6906 
f 6904//6904 6909//6909 6902//6902 
f 6899//6899 6901//6901 6897//6897 
f 6895//6895 6900//6900 6893//6893 
f 6890//6890 6892//6892 6888//6888 
f 6886//6886 6891//6891 6884//6884 
f 6882//6882 6883//6883 6880//6880 
f 6875//6875 6878//6878 6876//6876 
v -0.0161892 -0.0394503 0.0253997 
v -0.0161893 -0.0394478 0.0254139 
v -0.0169884 -0.0389864 0.0253251 
v -0.016201 -0.0394293 0.0256147 
v -0.017 -0.0389679 0.0255259 
v -0.0169871 -0.0390224 0.0251264 
v -0.0169883 -0.03903 0.0250986 
v -0.0161893 -0.0394913 0.0251873 
v -0.0169883 -0.038989 0.0253109 
v -0.016188 -0.0394837 0.0252151 
v -0.0162012 -0.0395517 0.02498 
v -0.016197 -0.0395368 0.0250204 
v -0.0169961 -0.0390755 0.0249317 
v -0.0162163 -0.0396065 0.0248318 
v -0.0170153 -0.0391451 0.024743 
v -0.0170237 -0.0391696 0.0246915 
v -0.0170002 -0.0390904 0.0248913 
v -0.0162456 -0.039692 0.0246512 
v -0.0162247 -0.0396309 0.0247802 
v -0.0170446 -0.0392307 0.0245624 
v -0.0170586 -0.0392665 0.0245014 
v -0.0162595 -0.0397279 0.0245902 
v -0.0170837 -0.0393312 0.0243916 
v -0.0162847 -0.0397925 0.0244804 
v -0.0171044 -0.0393802 0.0243234 
v -0.0163054 -0.0398415 0.0244121 
v -0.0171321 -0.0394456 0.0242324 
v -0.016333 -0.0399069 0.0243211 
v -0.0163617 -0.0399706 0.0242481 
v -0.0171607 -0.0395092 0.0241593 
v -0.0164277 -0.0401135 0.0241 
v -0.0163903 -0.0400342 0.0241751 
v -0.0171893 -0.0395729 0.0240863 
v -0.0165028 -0.0402686 0.0239696 
v -0.0164558 -0.0401729 0.0240437 
v -0.0172549 -0.0397116 0.023955 
v -0.0172268 -0.0396522 0.0240113 
v -0.0165861 -0.0404342 0.0238583 
v -0.0165289 -0.0403218 0.0239284 
v -0.017328 -0.0398605 0.0238396 
v -0.0173019 -0.0398073 0.0238808 
v -0.0173851 -0.0399729 0.0237695 
v -0.0174079 -0.0400179 0.0237415 
v -0.0166089 -0.0404792 0.0238303 
v -0.0174755 -0.040147 0.0236787 
v -0.0166765 -0.0406083 0.0237674 
v -0.017494 -0.0401822 0.0236616 
v -0.0175721 -0.0403276 0.0236093 
v -0.0167731 -0.0407889 0.0236981 
v -0.0166949 -0.0406435 0.0237503 
v -0.0168747 -0.040974 0.0236511 
v -0.0167861 -0.0408132 0.0236894 
v -0.0175851 -0.0403518 0.0236006 
v -0.0177792 -0.0407 0.0235381 
v -0.0169802 -0.0411613 0.0236269 
v -0.0168815 -0.0409864 0.0236481 
v -0.0176737 -0.0405127 0.0235623 
v -0.0176805 -0.040525 0.0235594 
vn -0.506032 -0.855785 0.107533 
vn -0.505815 -0.856779 0.100403 
vn -0.505815 -0.856779 0.100403 
vn -0.5 -0.866025 2.91718e-15 
vn -0.5 -0.866025 2.91718e-15 
vn -0.50647 -0.838794 0.199781 
vn -0.506142 -0.835526 0.213813 
vn -0.506142 -0.835526 0.213813 
vn -0.506032 -0.855785 0.107533 
vn -0.50647 -0.838794 0.199781 
vn -0.500326 -0.805485 0.317596 
vn -0.501959 -0.812253 0.297122 
vn -0.501959 -0.812253 0.297122 
vn -0.492329 -0.777428 0.391432 
vn -0.492329 -0.777428 0.391432 
vn -0.488652 -0.766013 0.417665 
vn -0.500326 -0.805485 0.317596 
vn -0.477676 -0.734672 0.481749 
vn -0.488652 -0.766013 0.417665 
vn -0.477676 -0.734672 0.481749 
vn -0.471256 -0.71757 0.512846 
vn -0.471256 -0.71757 0.512846 
vn -0.458152 -0.684423 0.567153 
vn -0.458152 -0.684423 0.567153 
vn -0.448342 -0.660723 0.602025 
vn -0.448342 -0.660723 0.602025 
vn -0.433954 -0.627193 0.646771 
vn -0.433954 -0.627193 0.646771 
vn -0.420178 -0.59614 0.684155 
vn -0.420178 -0.59614 0.684155 
vn -0.387093 -0.524576 0.758274 
vn -0.40533 -0.563565 0.719793 
vn -0.40533 -0.563565 0.719793 
vn -0.349477 -0.44687 0.823513 
vn -0.372571 -0.49419 0.785473 
vn -0.372571 -0.49419 0.785473 
vn -0.387093 -0.524576 0.758274 
vn -0.307769 -0.363933 0.879108 
vn -0.336013 -0.419773 0.843141 
vn -0.336013 -0.419773 0.843141 
vn -0.349477 -0.44687 0.823513 
vn -0.307769 -0.363933 0.879108 
vn -0.296027 -0.341075 0.892209 
vn -0.296027 -0.341075 0.892209 
vn -0.262459 -0.276738 0.924409 
vn -0.262459 -0.276738 0.924409 
vn -0.253021 -0.258897 0.932176 
vn -0.214078 -0.186306 0.958885 
vn -0.214078 -0.186306 0.958885 
vn -0.253021 -0.258897 0.932176 
vn -0.163193 -0.0936987 0.982135 
vn -0.207435 -0.174079 0.962635 
vn -0.207435 -0.174079 0.962635 
vn -0.110402 8.09086e-15 0.993887 
vn -0.110402 8.09086e-15 0.993887 
vn -0.159733 -0.0874859 0.983276 
vn -0.163193 -0.0936987 0.982135 
vn -0.159733 -0.0874859 0.983276 
f 6917//6917 6918//6918 6919//6919 
f 6919//6919 6918//6918 6920//6920 
f 6920//6920 6921//6921 6919//6919 
f 6922//6922 6923//6923 6924//6924 
f 6925//6925 6922//6922 6926//6926 
f 6926//6926 6917//6917 6925//6925 
f 6927//6927 6928//6928 6929//6929 
f 6923//6923 6929//6929 6928//6928 
f 6928//6928 6924//6924 6923//6923 
f 6930//6930 6931//6931 6932//6932 
f 6933//6933 6931//6931 6930//6930 
f 6930//6930 6927//6927 6933//6933 
f 6934//6934 6935//6935 6932//6932 
f 6934//6934 6936//6936 6937//6937 
f 6937//6937 6938//6938 6934//6934 
f 6937//6937 6939//6939 6940//6940 
f 6940//6940 6939//6939 6941//6941 
f 6941//6941 6942//6942 6940//6940 
f 6941//6941 6943//6943 6944//6944 
f 6945//6945 6944//6944 6943//6943 
f 6943//6943 6946//6946 6945//6945 
f 6947//6947 6948//6948 6949//6949 
f 6948//6948 6945//6945 6946//6946 
f 6946//6946 6949//6949 6948//6948 
f 6950//6950 6951//6951 6952//6952 
f 6953//6953 6952//6952 6951//6951 
f 6951//6951 6947//6947 6953//6953 
f 6954//6954 6955//6955 6956//6956 
f 6957//6957 6956//6956 6955//6955 
f 6955//6955 6950//6950 6957//6957 
f 6958//6958 6959//6959 6960//6960 
f 6960//6960 6959//6959 6961//6961 
f 6961//6961 6962//6962 6960//6960 
f 6963//6963 6964//6964 6965//6965 
f 6963//6963 6966//6966 6962//6962 
f 6962//6962 6961//6961 6963//6963 
f 6967//6967 6968//6968 6969//6969 
f 6969//6969 6968//6968 6965//6965 
f 6965//6965 6964//6964 6969//6969 
f 6970//6970 6971//6971 6972//6972 
f 6967//6967 6973//6973 6974//6974 
f 6974//6974 6972//6972 6967//6967 
f 6972//6972 6974//6974 6970//6970 
f 6969//6969 6973//6973 6967//6967 
f 6965//6965 6966//6966 6963//6963 
f 6960//6960 6954//6954 6958//6958 
f 6956//6956 6958//6958 6954//6954 
f 6952//6952 6957//6957 6950//6950 
f 6949//6949 6953//6953 6947//6947 
f 6944//6944 6942//6942 6941//6941 
f 6940//6940 6938//6938 6937//6937 
f 6932//6932 6936//6936 6934//6934 
f 6932//6932 6935//6935 6930//6930 
f 6929//6929 6933//6933 6927//6927 
f 6924//6924 6926//6926 6922//6922 
f 6919//6919 6925//6925 6917//6917 
v -0.0237484 -0.0370954 0.0228144 
v -0.02385 -0.0372746 0.0227995 
v -0.0212431 -0.0387616 0.0231251 
v -0.0210445 -0.0384062 0.0231785 
v -0.02365 -0.0369173 0.0228503 
v -0.0209513 -0.0382324 0.0232361 
v -0.0235561 -0.0367422 0.0229069 
v -0.0208634 -0.0380635 0.0233135 
v -0.0234675 -0.036572 0.0229835 
v -0.0207817 -0.0379013 0.0234099 
v -0.0233852 -0.0364086 0.0230794 
v -0.0207072 -0.0377477 0.0235243 
v -0.0233101 -0.0362536 0.0231935 
v -0.0206406 -0.0376042 0.0236555 
v -0.023243 -0.0361088 0.0233246 
v -0.0205825 -0.0374723 0.0238021 
v -0.0231846 -0.0359756 0.0234713 
v -0.0205338 -0.0373534 0.0239625 
v -0.0231355 -0.0358555 0.023632 
v -0.0204947 -0.0372487 0.024135 
v -0.0230963 -0.0357497 0.0238051 
v -0.0204659 -0.0371595 0.0243179 
v -0.0230673 -0.0356595 0.0239887 
v -0.0204475 -0.0370865 0.0245092 
v -0.0230489 -0.0355857 0.0241808 
v -0.0204397 -0.0370307 0.0247068 
v -0.0230413 -0.0355292 0.0243793 
v -0.0204427 -0.0369925 0.0249087 
v -0.0230445 -0.0354905 0.0245822 
v -0.0230585 -0.0354701 0.0247873 
v -0.0176805 -0.040525 0.0235594 
v -0.0211421 -0.0385833 0.0231414 
v -0.0199769 -0.0394701 0.0232761 
v -0.0211205 -0.0388301 0.0231397 
v -0.018856 -0.0400974 0.0234097 
v -0.0176737 -0.0405127 0.0235623 
v -0.0175721 -0.0403276 0.0236093 
v -0.0175851 -0.0403518 0.0236006 
v -0.0174755 -0.040147 0.0236787 
v -0.017494 -0.0401822 0.0236616 
v -0.0174079 -0.0400179 0.0237415 
v -0.0173851 -0.0399729 0.0237695 
v -0.017328 -0.0398605 0.0238396 
v -0.0173019 -0.0398073 0.0238808 
v -0.0172549 -0.0397116 0.023955 
v -0.0172268 -0.0396522 0.0240113 
v -0.0171893 -0.0395729 0.0240863 
v -0.0171607 -0.0395092 0.0241593 
v -0.0171321 -0.0394456 0.0242324 
v -0.0171044 -0.0393802 0.0243234 
v -0.0170837 -0.0393312 0.0243916 
v -0.0170586 -0.0392665 0.0245014 
v -0.0170446 -0.0392307 0.0245624 
v -0.0170237 -0.0391696 0.0246915 
v -0.0170153 -0.0391451 0.024743 
v -0.0170002 -0.0390904 0.0248913 
v -0.0169961 -0.0390755 0.0249317 
v -0.0169883 -0.03903 0.0250986 
v -0.0169871 -0.0390224 0.0251264 
v -0.0169883 -0.038989 0.0253109 
v -0.0204563 -0.0369724 0.0251128 
v -0.0169884 -0.0389864 0.0253251 
v -0.0233621 -0.0352948 0.024749 
v -0.0234965 -0.0352264 0.0245526 
v -0.0235158 -0.0352195 0.0245228 
v -0.0236184 -0.0351829 0.0243643 
v -0.0236565 -0.035176 0.0243018 
v -0.0237286 -0.0351628 0.0241834 
v -0.0237615 -0.0351612 0.0241269 
v -0.0238511 -0.0351698 0.0239659 
v -0.0238915 -0.0351813 0.0238892 
v -0.0238079 -0.035163 0.0240451 
v -0.0237838 -0.0351621 0.0240876 
v -0.023929 -0.0351974 0.0238149 
v -0.0239638 -0.035218 0.0237429 
v -0.0238943 -0.0351825 0.0238836 
v -0.0240239 -0.035271 0.0236087 
v -0.0240498 -0.0353032 0.0235457 
v -0.0239959 -0.0352431 0.023673 
v -0.0240619 -0.035322 0.0235142 
v -0.0240748 -0.0353423 0.0234803 
v -0.0240969 -0.0353855 0.023418 
v -0.0241455 -0.0355397 0.0232478 
v -0.0241534 -0.0355852 0.0232088 
v -0.0241321 -0.0354842 0.0233018 
v -0.0241159 -0.0354328 0.0233585 
v -0.0241647 -0.0356753 0.0231389 
v -0.0241692 -0.0357498 0.0230897 
v -0.0241568 -0.035605 0.0231917 
v -0.024168 -0.0359111 0.0230024 
v -0.0241647 -0.0359609 0.0229804 
v -0.0241703 -0.0358284 0.0230443 
v -0.0241526 -0.0360944 0.0229275 
v -0.0241392 -0.0361947 0.0228952 
v -0.0241623 -0.0359979 0.0229641 
v -0.0241208 -0.0363064 0.0228652 
v -0.0240941 -0.0364344 0.0228407 
v -0.024072 -0.0365405 0.0228203 
v -0.0240305 -0.0366998 0.0228042 
v -0.0239845 -0.0368673 0.0227912 
v -0.0239479 -0.0369814 0.0227917 
v -0.0240067 -0.036791 0.0227949 
v -0.0238925 -0.0371539 0.0227924 
v -0.017 -0.0389679 0.0255259 
v -0.0177792 -0.0407 0.0235381 
vn -0.155085 -0.0533613 0.986459 
vn -0.104276 0.0362625 0.993887 
vn -0.106648 0.0285421 0.993887 
vn -0.20591 -0.149122 0.967142 
vn -0.204239 -0.142416 0.968506 
vn -0.252536 -0.23606 0.93835 
vn -0.251214 -0.229951 0.94022 
vn -0.296496 -0.320504 0.899649 
vn -0.295508 -0.315033 0.901903 
vn -0.337324 -0.401563 0.851446 
vn -0.33665 -0.396753 0.853963 
vn -0.374589 -0.478382 0.79425 
vn -0.3742 -0.474241 0.796913 
vn -0.407899 -0.550148 0.728667 
vn -0.407758 -0.546669 0.73136 
vn -0.4369 -0.616104 0.655388 
vn -0.436965 -0.613264 0.658004 
vn -0.461288 -0.675554 0.575188 
vn -0.46151 -0.673316 0.577627 
vn -0.480804 -0.727868 0.488913 
vn -0.481132 -0.726185 0.491088 
vn -0.495242 -0.772496 0.397474 
vn -0.49562 -0.771306 0.399309 
vn -0.504449 -0.808965 0.301838 
vn -0.50482 -0.808198 0.303271 
vn -0.508329 -0.836891 0.203014 
vn -0.508634 -0.836467 0.203996 
vn -0.506841 -0.855978 0.102046 
vn -0.507022 -0.855811 0.102545 
vn -0.5 -0.866025 0 
vn -0.159733 -0.0874859 0.983276 
vn -0.157109 -0.0606103 0.98572 
vn -0.10982 0.019237 0.993765 
vn -0.106994 0.0276634 0.993875 
vn -0.111404 0.0102508 0.993722 
vn -0.163193 -0.0936987 0.982135 
vn -0.214078 -0.186306 0.958885 
vn -0.207435 -0.174079 0.962635 
vn -0.262459 -0.276738 0.924409 
vn -0.253021 -0.258897 0.932176 
vn -0.296027 -0.341075 0.892209 
vn -0.307769 -0.363933 0.879108 
vn -0.336013 -0.419773 0.843141 
vn -0.349477 -0.44687 0.823513 
vn -0.372571 -0.49419 0.785473 
vn -0.387093 -0.524576 0.758274 
vn -0.40533 -0.563565 0.719793 
vn -0.420178 -0.59614 0.684155 
vn -0.433954 -0.627193 0.646771 
vn -0.448342 -0.660723 0.602025 
vn -0.458152 -0.684423 0.567153 
vn -0.471256 -0.71757 0.512846 
vn -0.477676 -0.734672 0.481749 
vn -0.488652 -0.766013 0.417665 
vn -0.492329 -0.777428 0.391432 
vn -0.500326 -0.805485 0.317596 
vn -0.501959 -0.812253 0.297122 
vn -0.506142 -0.835526 0.213813 
vn -0.50647 -0.838794 0.199781 
vn -0.506032 -0.855785 0.107533 
vn -0.5 -0.866025 0 
vn -0.505815 -0.856779 0.100403 
vn -0.5 -0.866025 0 
vn -0.506411 -0.857695 0.0889172 
vn -0.507041 -0.855793 0.102608 
vn -0.508761 -0.842912 0.175104 
vn -0.508674 -0.836404 0.204156 
vn -0.507272 -0.822022 0.258758 
vn -0.506001 -0.814054 0.285094 
vn -0.500101 -0.787285 0.360668 
vn -0.496015 -0.772252 0.396985 
vn -0.503439 -0.80123 0.323388 
vn -0.504873 -0.808061 0.303547 
vn -0.491197 -0.756153 0.432387 
vn -0.485661 -0.739 0.466917 
vn -0.495674 -0.771067 0.399704 
vn -0.472833 -0.702565 0.531819 
vn -0.46554 -0.683191 0.562604 
vn -0.479413 -0.720797 0.500614 
vn -0.46152 -0.67281 0.578209 
vn -0.457002 -0.661357 0.594775 
vn -0.447827 -0.638691 0.62572 
vn -0.416522 -0.565649 0.711723 
vn -0.407671 -0.545887 0.731992 
vn -0.427589 -0.590849 0.684153 
vn -0.438023 -0.615191 0.655497 
vn -0.390092 -0.507506 0.768288 
vn -0.375867 -0.477171 0.794375 
vn -0.403694 -0.537109 0.740638 
vn -0.345603 -0.414379 0.841931 
vn -0.33646 -0.395811 0.854476 
vn -0.361041 -0.446137 0.818909 
vn -0.311872 -0.346662 0.884625 
vn -0.293647 -0.310901 0.903942 
vn -0.329544 -0.381873 0.863466 
vn -0.273509 -0.271974 0.922618 
vn -0.250985 -0.229102 0.940489 
vn -0.231806 -0.193101 0.953403 
vn -0.204039 -0.141745 0.968647 
vn -0.174491 -0.0880074 0.980718 
vn -0.154959 -0.0529735 0.9865 
vn -0.187783 -0.112068 0.975796 
vn -0.124968 0.000117444 0.992161 
vn -0.5 -0.866025 0 
vn -0.110402 0 0.993887 
f 6975//6975 6976//6976 6977//6977 
f 6978//6978 6979//6979 6975//6975 
f 6980//6980 6981//6981 6979//6979 
f 6982//6982 6983//6983 6981//6981 
f 6984//6984 6985//6985 6983//6983 
f 6986//6986 6987//6987 6985//6985 
f 6988//6988 6989//6989 6987//6987 
f 6990//6990 6991//6991 6989//6989 
f 6992//6992 6993//6993 6991//6991 
f 6994//6994 6995//6995 6993//6993 
f 6996//6996 6997//6997 6995//6995 
f 6998//6998 6999//6999 6997//6997 
f 7000//7000 7001//7001 6999//6999 
f 7002//7002 7003//7003 7001//7001 
f 7004//7004 7003//7003 7002//7002 
f 7005//7005 7006//7006 7007//7007 
f 7006//7006 7008//7008 7007//7007 
f 7007//7007 7009//7009 7005//7005 
f 7006//7006 6977//6977 7008//7008 
f 7006//7006 7005//7005 7010//7010 
f 7010//7010 6978//6978 7006//7006 
f 6980//6980 6978//6978 7011//7011 
f 6978//6978 7012//7012 7011//7011 
f 6982//6982 6980//6980 7013//7013 
f 6980//6980 7014//7014 7013//7013 
f 6982//6982 7015//7015 7016//7016 
f 7016//7016 6984//6984 6982//6982 
f 6984//6984 7017//7017 7018//7018 
f 7018//7018 6986//6986 6984//6984 
f 6986//6986 7019//7019 7020//7020 
f 7020//7020 6988//6988 6986//6986 
f 6988//6988 7021//7021 7022//7022 
f 7022//7022 6990//6990 6988//6988 
f 6992//6992 6990//6990 7023//7023 
f 7023//7023 7024//7024 6992//6992 
f 6994//6994 6992//6992 7025//7025 
f 7025//7025 7026//7026 6994//6994 
f 6996//6996 6994//6994 7027//7027 
f 7027//7027 7028//7028 6996//6996 
f 6998//6998 6996//6996 7029//7029 
f 7029//7029 7030//7030 6998//6998 
f 7000//7000 6998//6998 7031//7031 
f 7031//7031 7032//7032 7000//7000 
f 7002//7002 7000//7000 7033//7033 
f 7033//7033 7034//7034 7002//7002 
f 7035//7035 7002//7002 7036//7036 
f 7003//7003 7004//7004 7037//7037 
f 7037//7037 7038//7038 7003//7003 
f 7001//7001 7003//7003 7039//7039 
f 7039//7039 7040//7040 7001//7001 
f 6999//6999 7001//7001 7041//7041 
f 7041//7041 7042//7042 6999//6999 
f 7042//7042 7043//7043 6999//6999 
f 6997//6997 7044//7044 7045//7045 
f 6997//6997 7046//7046 7044//7044 
f 6997//6997 6999//6999 7047//7047 
f 7047//7047 7046//7046 6997//6997 
f 6995//6995 7048//7048 7049//7049 
f 6995//6995 6997//6997 7050//7050 
f 7050//7050 7048//7048 6995//6995 
f 6993//6993 7051//7051 7052//7052 
f 6993//6993 6995//6995 7053//7053 
f 7053//7053 7051//7051 6993//6993 
f 6991//6991 6993//6993 7054//7054 
f 7054//7054 7055//7055 6991//6991 
f 7055//7055 7056//7056 6991//6991 
f 6991//6991 7057//7057 7058//7058 
f 6991//6991 7059//7059 7057//7057 
f 6991//6991 7060//7060 7059//7059 
f 6989//6989 7061//7061 7062//7062 
f 6989//6989 7058//7058 7063//7063 
f 7063//7063 7061//7061 6989//6989 
f 6987//6987 7064//7064 7065//7065 
f 6987//6987 7062//7062 7066//7066 
f 7066//7066 7064//7064 6987//6987 
f 6985//6985 7067//7067 7068//7068 
f 6985//6985 7065//7065 7069//7069 
f 7069//7069 7067//7067 6985//6985 
f 6983//6983 7070//7070 7071//7071 
f 6983//6983 7068//7068 7070//7070 
f 6981//6981 7072//7072 7073//7073 
f 6981//6981 7071//7071 7072//7072 
f 6979//6979 7074//7074 7075//7075 
f 6979//6979 7073//7073 7076//7076 
f 7076//7076 7074//7074 6979//6979 
f 6975//6975 7075//7075 7077//7077 
f 7077//7077 6976//6976 6975//6975 
f 7075//7075 6975//6975 6979//6979 
f 7073//7073 6979//6979 6981//6981 
f 7071//7071 6981//6981 6983//6983 
f 7068//7068 6983//6983 6985//6985 
f 7065//7065 6985//6985 6987//6987 
f 7062//7062 6987//6987 6989//6989 
f 7058//7058 6989//6989 6991//6991 
f 7056//7056 7060//7060 6991//6991 
f 7052//7052 7054//7054 6993//6993 
f 7049//7049 7053//7053 6995//6995 
f 7045//7045 7050//7050 6997//6997 
f 7043//7043 7047//7047 6999//6999 
f 7040//7040 7041//7041 7001//7001 
f 7038//7038 7039//7039 7003//7003 
f 7036//7036 7078//7078 7035//7035 
f 7034//7034 7036//7036 7002//7002 
f 7032//7032 7033//7033 7000//7000 
f 7030//7030 7031//7031 6998//6998 
f 7028//7028 7029//7029 6996//6996 
f 7026//7026 7027//7027 6994//6994 
f 7024//7024 7025//7025 6992//6992 
f 7022//7022 7023//7023 6990//6990 
f 7020//7020 7021//7021 6988//6988 
f 7018//7018 7019//7019 6986//6986 
f 7016//7016 7017//7017 6984//6984 
f 7013//7013 7015//7015 6982//6982 
f 7011//7011 7014//7014 6980//6980 
f 7010//7010 7012//7012 6978//6978 
f 7009//7009 7079//7079 7005//7005 
f 7002//7002 7035//7035 7004//7004 
f 7001//7001 7000//7000 7002//7002 
f 6999//6999 6998//6998 7000//7000 
f 6997//6997 6996//6996 6998//6998 
f 6995//6995 6994//6994 6996//6996 
f 6993//6993 6992//6992 6994//6994 
f 6991//6991 6990//6990 6992//6992 
f 6989//6989 6988//6988 6990//6990 
f 6987//6987 6986//6986 6988//6988 
f 6985//6985 6984//6984 6986//6986 
f 6983//6983 6982//6982 6984//6984 
f 6981//6981 6980//6980 6982//6982 
f 6979//6979 6978//6978 6980//6980 
f 6975//6975 7006//7006 6978//6978 
f 6977//6977 7006//7006 6975//6975 
v -0.0236382 -0.0407 0.0228873 
v -0.0177792 -0.0407 0.0235381 
v -0.018856 -0.0400974 0.0234097 
v -0.0237544 -0.0398752 0.0228697 
v -0.0199769 -0.0394701 0.0232761 
v -0.0238142 -0.0390276 0.0228499 
v -0.0237809 -0.0396871 0.0228657 
v -0.0211205 -0.0388301 0.0231397 
v -0.0238459 -0.0381585 0.022828 
v -0.0238449 -0.038422 0.0228355 
v -0.0212431 -0.0387616 0.0231251 
v -0.02385 -0.0372746 0.0227995 
v -0.0238471 -0.0378479 0.0228192 
vn -0.110402 0 0.993887 
vn -0.110402 0 0.993887 
vn -0.109561 0.0135958 0.993887 
vn -0.110009 0.00930218 0.993887 
vn -0.108136 0.0222513 0.993887 
vn -0.108833 0.0185462 0.993887 
vn -0.109814 0.0113721 0.993887 
vn -0.106781 0.0280409 0.993887 
vn -0.106898 0.0275933 0.993887 
vn -0.10756 0.0248885 0.993887 
vn -0.106648 0.0285421 0.993887 
vn -0.104276 0.0362625 0.993887 
vn -0.106043 0.030714 0.993887 
f 7080//7080 7081//7081 7082//7082 
f 7083//7083 7082//7082 7084//7084 
f 7084//7084 7085//7085 7086//7086 
f 7085//7085 7084//7084 7087//7087 
f 7087//7087 7088//7088 7089//7089 
f 7090//7090 7091//7091 7092//7092 
f 7088//7088 7087//7087 7090//7090 
f 7092//7092 7088//7088 7090//7090 
f 7087//7087 7089//7089 7085//7085 
f 7084//7084 7086//7086 7083//7083 
f 7082//7082 7083//7083 7080//7080 
v -0.0240536 -0.0378511 0.0227862 
v -0.024051 -0.0384246 0.0228023 
v -0.0238459 -0.0381585 0.022828 
v -0.0238449 -0.038422 0.0228355 
v -0.0242555 -0.037855 0.0227319 
v -0.0242525 -0.0384277 0.0227477 
v -0.0244506 -0.0378594 0.0226569 
v -0.0244473 -0.0384313 0.0226725 
v -0.0246368 -0.0378644 0.0225618 
v -0.0246331 -0.0384353 0.0225774 
v -0.024812 -0.0378698 0.0224479 
v -0.024808 -0.0384398 0.0224634 
v -0.0249744 -0.0378757 0.0223163 
v -0.0249701 -0.0384445 0.0223318 
v -0.0251221 -0.037882 0.0221685 
v -0.0251176 -0.0384496 0.0221841 
v -0.0252536 -0.0378886 0.022006 
v -0.0252488 -0.0384549 0.0220217 
v -0.0253674 -0.0378954 0.0218307 
v -0.0253624 -0.0384604 0.0218466 
v -0.0254623 -0.0379023 0.0216445 
v -0.0255372 -0.0379093 0.0214494 
v -0.0255319 -0.0384718 0.0214657 
v -0.0238471 -0.0378479 0.0228192 
v -0.02385 -0.0372746 0.0227995 
v -0.0240568 -0.0372784 0.0227669 
v -0.0242591 -0.0372829 0.0227129 
v -0.0244546 -0.0372882 0.022638 
v -0.0246412 -0.037294 0.0225431 
v -0.0248169 -0.0373005 0.0224292 
v -0.0249796 -0.0373075 0.0222976 
v -0.0251277 -0.0373149 0.0221497 
v -0.0252595 -0.0373226 0.0219871 
v -0.0253735 -0.0373307 0.0218116 
v -0.0254685 -0.0373389 0.0216251 
v -0.0255435 -0.0373472 0.0214298 
v -0.0254571 -0.0384661 0.0216606 
vn -0.209275 0.0291132 0.977423 
vn -0.210627 0.0235883 0.977282 
vn -0.106955 0.0275929 0.993881 
vn -0.10756 0.0248885 0.993887 
vn -0.310219 0.0271942 0.950276 
vn -0.311399 0.022031 0.950024 
vn -0.407772 0.0249779 0.912742 
vn -0.408776 0.0202336 0.91241 
vn -0.500868 0.0224886 0.865232 
vn -0.501698 0.0182157 0.864851 
vn -0.588489 0.0197535 0.808264 
vn -0.589151 0.0159991 0.807865 
vn -0.669678 0.0168025 0.742461 
vn -0.670181 0.0136082 0.742072 
vn -0.743547 0.0136678 0.668544 
vn -0.743907 0.011069 0.668191 
vn -0.809289 0.0103838 0.587318 
vn -0.809524 0.00840905 0.587027 
vn -0.866186 0.00698623 0.499674 
vn -0.866317 0.00565748 0.499463 
vn -0.913614 0.00351231 0.406567 
vn -0.951057 0 0.309017 
vn -0.951057 0 0.309017 
vn -0.106043 0.030714 0.993887 
vn -0.104276 0.0362625 0.993887 
vn -0.207698 0.0343776 0.977589 
vn -0.308843 0.0321156 0.950571 
vn -0.406601 0.0295015 0.91313 
vn -0.4999 0.026564 0.865676 
vn -0.587718 0.0233351 0.808729 
vn -0.669091 0.0198504 0.742915 
vn -0.743128 0.016148 0.668955 
vn -0.809016 0.0122685 0.587659 
vn -0.866033 0.00825452 0.499919 
vn -0.913553 0.00415001 0.406698 
vn -0.951057 0 0.309017 
vn -0.913666 0.00284424 0.406455 
f 7093//7093 7094//7094 7095//7095 
f 7094//7094 7096//7096 7095//7095 
f 7094//7094 7093//7093 7097//7097 
f 7098//7098 7097//7097 7099//7099 
f 7100//7100 7099//7099 7101//7101 
f 7102//7102 7101//7101 7103//7103 
f 7104//7104 7103//7103 7105//7105 
f 7106//7106 7105//7105 7107//7107 
f 7108//7108 7107//7107 7109//7109 
f 7110//7110 7109//7109 7111//7111 
f 7112//7112 7111//7111 7113//7113 
f 7113//7113 7114//7114 7115//7115 
f 7116//7116 7117//7117 7118//7118 
f 7093//7093 7118//7118 7119//7119 
f 7097//7097 7119//7119 7120//7120 
f 7099//7099 7120//7120 7121//7121 
f 7101//7101 7121//7121 7122//7122 
f 7103//7103 7122//7122 7123//7123 
f 7105//7105 7123//7123 7124//7124 
f 7107//7107 7124//7124 7125//7125 
f 7109//7109 7125//7125 7126//7126 
f 7111//7111 7126//7126 7127//7127 
f 7127//7127 7128//7128 7114//7114 
f 7114//7114 7113//7113 7127//7127 
f 7127//7127 7113//7113 7111//7111 
f 7126//7126 7111//7111 7109//7109 
f 7125//7125 7109//7109 7107//7107 
f 7124//7124 7107//7107 7105//7105 
f 7123//7123 7105//7105 7103//7103 
f 7122//7122 7103//7103 7101//7101 
f 7121//7121 7101//7101 7099//7099 
f 7120//7120 7099//7099 7097//7097 
f 7119//7119 7097//7097 7093//7093 
f 7118//7118 7093//7093 7116//7116 
f 7115//7115 7129//7129 7113//7113 
f 7113//7113 7129//7129 7112//7112 
f 7111//7111 7112//7112 7110//7110 
f 7109//7109 7110//7110 7108//7108 
f 7107//7107 7108//7108 7106//7106 
f 7105//7105 7106//7106 7104//7104 
f 7103//7103 7104//7104 7102//7102 
f 7101//7101 7102//7102 7100//7100 
f 7099//7099 7100//7100 7098//7098 
f 7097//7097 7098//7098 7094//7094 
f 7095//7095 7116//7116 7093//7093 
v -0.0254571 -0.0384661 0.0216606 
v -0.0255319 -0.0384718 0.0214657 
v -0.0254349 -0.0395152 0.0215974 
v -0.0253184 -0.0398705 0.0218195 
v -0.0252196 -0.0398565 0.0219862 
v -0.0253624 -0.0384604 0.0218466 
v -0.0251051 -0.039841 0.0221425 
v -0.0252488 -0.0384549 0.0220217 
v -0.024976 -0.0398243 0.0222869 
v -0.0251176 -0.0384496 0.0221841 
v -0.0248336 -0.0398065 0.0224179 
v -0.0249701 -0.0384445 0.0223318 
v -0.0246791 -0.0397879 0.0225345 
v -0.024808 -0.0384398 0.0224634 
v -0.0245141 -0.0397684 0.0226353 
v -0.0246331 -0.0384353 0.0225774 
v -0.0243401 -0.0397485 0.0227196 
v -0.0244473 -0.0384313 0.0226725 
v -0.0241588 -0.0397281 0.0227865 
v -0.0242525 -0.0384277 0.0227477 
v -0.0239718 -0.0397076 0.0228353 
v -0.024051 -0.0384246 0.0228023 
v -0.0237809 -0.0396871 0.0228657 
v -0.0238142 -0.0390276 0.0228499 
v -0.0254006 -0.0398831 0.0216438 
v -0.0252762 -0.0405373 0.0217224 
v -0.0250989 -0.0409952 0.0219398 
v -0.0250902 -0.0409933 0.0219558 
v -0.0249781 -0.0409687 0.022121 
v -0.0248503 -0.0409414 0.0222738 
v -0.0247597 -0.0409224 0.0223623 
v -0.0247079 -0.0409116 0.0224128 
v -0.0246231 -0.0408942 0.0224802 
v -0.0245525 -0.0408797 0.0225364 
v -0.0244766 -0.0408644 0.0225851 
v -0.0243855 -0.040846 0.0226435 
v -0.0243213 -0.0408332 0.022676 
v -0.0242088 -0.0408108 0.0227329 
v -0.0240241 -0.0407745 0.0228038 
v -0.0238333 -0.0407374 0.0228555 
v -0.0238155 -0.040734 0.0228584 
v -0.0236382 -0.0407 0.0228873 
v -0.0237544 -0.0398752 0.0228697 
v -0.0251854 -0.0410149 0.0217799 
v -0.0238449 -0.038422 0.0228355 
vn -0.913666 0.00284424 0.406455 
vn -0.951057 0 0.309017 
vn -0.928446 -0.063817 0.365946 
vn -0.878582 -0.0803333 0.470788 
vn -0.829168 -0.0732992 0.554173 
vn -0.866317 0.00565748 0.499463 
vn -0.771923 -0.0655728 0.632326 
vn -0.809524 0.00840905 0.587027 
vn -0.707387 -0.0572271 0.704506 
vn -0.743907 0.011069 0.668191 
vn -0.636171 -0.0483409 0.770032 
vn -0.670181 0.0136082 0.742072 
vn -0.558947 -0.0389982 0.828286 
vn -0.589151 0.0159991 0.807865 
vn -0.476443 -0.0292871 0.878717 
vn -0.501698 0.0182157 0.864851 
vn -0.38944 -0.0192995 0.92085 
vn -0.408776 0.0202336 0.91241 
vn -0.298759 -0.00912954 0.954285 
vn -0.311399 0.022031 0.950024 
vn -0.205256 0.00112661 0.978708 
vn -0.210627 0.0235883 0.977282 
vn -0.109814 0.0113721 0.993887 
vn -0.101424 0.018922 0.994663 
vn -0.919698 -0.0866088 0.382955 
vn -0.899329 -0.127328 0.418323 
vn -0.841106 -0.147673 0.52032 
vn -0.836423 -0.146627 0.528108 
vn -0.780375 -0.134331 0.610713 
vn -0.716433 -0.120676 0.687139 
vn -0.671926 -0.111341 0.732201 
vn -0.645244 -0.1058 0.756615 
vn -0.603614 -0.0972245 0.791327 
vn -0.567528 -0.0898537 0.818437 
vn -0.530255 -0.0822949 0.843835 
vn -0.48407 -0.0729986 0.871979 
vn -0.452462 -0.0666772 0.889288 
vn -0.395716 -0.0554051 0.9167 
vn -0.303358 -0.0372511 0.952148 
vn -0.207932 -0.0187202 0.977964 
vn -0.199137 -0.0170234 0.979824 
vn -0.110402 0 0.993887 
vn -0.106883 0.00966689 0.994225 
vn -0.884009 -0.15744 0.440161 
vn -0.10756 0.0248885 0.993887 
f 7130//7130 7131//7131 7132//7132 
f 7132//7132 7133//7133 7130//7130 
f 7133//7133 7134//7134 7135//7135 
f 7134//7134 7136//7136 7137//7137 
f 7136//7136 7138//7138 7139//7139 
f 7138//7138 7140//7140 7141//7141 
f 7140//7140 7142//7142 7143//7143 
f 7142//7142 7144//7144 7145//7145 
f 7144//7144 7146//7146 7147//7147 
f 7146//7146 7148//7148 7149//7149 
f 7148//7148 7150//7150 7151//7151 
f 7150//7150 7152//7152 7153//7153 
f 7153//7153 7151//7151 7150//7150 
f 7133//7133 7154//7154 7155//7155 
f 7155//7155 7156//7156 7133//7133 
f 7133//7133 7156//7156 7157//7157 
f 7157//7157 7134//7134 7133//7133 
f 7158//7158 7159//7159 7136//7136 
f 7138//7138 7136//7136 7159//7159 
f 7138//7138 7160//7160 7161//7161 
f 7161//7161 7140//7140 7138//7138 
f 7140//7140 7162//7162 7163//7163 
f 7163//7163 7142//7142 7140//7140 
f 7142//7142 7164//7164 7165//7165 
f 7165//7165 7144//7144 7142//7142 
f 7144//7144 7166//7166 7167//7167 
f 7146//7146 7167//7167 7168//7168 
f 7148//7148 7168//7168 7169//7169 
f 7169//7169 7150//7150 7148//7148 
f 7170//7170 7171//7171 7172//7172 
f 7172//7172 7150//7150 7170//7170 
f 7172//7172 7152//7152 7150//7150 
f 7169//7169 7170//7170 7150//7150 
f 7168//7168 7148//7148 7146//7146 
f 7167//7167 7146//7146 7144//7144 
f 7165//7165 7166//7166 7144//7144 
f 7163//7163 7164//7164 7142//7142 
f 7161//7161 7162//7162 7140//7140 
f 7159//7159 7160//7160 7138//7138 
f 7136//7136 7134//7134 7158//7158 
f 7157//7157 7158//7158 7134//7134 
f 7155//7155 7173//7173 7156//7156 
f 7153//7153 7174//7174 7151//7151 
f 7151//7151 7149//7149 7148//7148 
f 7149//7149 7147//7147 7146//7146 
f 7147//7147 7145//7145 7144//7144 
f 7145//7145 7143//7143 7142//7142 
f 7143//7143 7141//7141 7140//7140 
f 7141//7141 7139//7139 7138//7138 
f 7139//7139 7137//7137 7136//7136 
f 7137//7137 7135//7135 7134//7134 
f 7135//7135 7130//7130 7133//7133 
f 7132//7132 7154//7154 7133//7133 
v -0.0251854 -0.0410149 0.0217799 
v -0.0255342 -0.0414203 0.0209215 
v -0.02545 -0.0414709 0.0210819 
v -0.0255704 -0.0413916 0.0208528 
v -0.0255717 -0.0413905 0.0208504 
v -0.0251186 -0.0412832 0.0218116 
v -0.0253476 -0.0415081 0.0212778 
v -0.0252193 -0.0415261 0.0215241 
v -0.0250556 -0.0415144 0.0218394 
v -0.0256039 -0.0413606 0.0207894 
v -0.0252762 -0.0405373 0.0217224 
v -0.0254006 -0.0398831 0.0216438 
v -0.0257129 -0.0412207 0.0205842 
v -0.0256872 -0.0412601 0.0206324 
v -0.025635 -0.0413273 0.0207306 
v -0.0258058 -0.0410279 0.0204117 
v -0.0257836 -0.041083 0.0204527 
v -0.0258265 -0.0409694 0.0203737 
v -0.0258459 -0.040907 0.0203384 
v -0.025864 -0.0408401 0.0203058 
v -0.0258749 -0.0407937 0.0202864 
v -0.0257598 -0.0411349 0.0204967 
v -0.025737 -0.041179 0.0205391 
v -0.0254349 -0.0395152 0.0215974 
v -0.0259203 -0.0405363 0.0202074 
v -0.0258963 -0.0406907 0.0202485 
v -0.0259317 -0.0404376 0.0201887 
v -0.0258808 -0.0407683 0.0202758 
v -0.0259531 -0.0397734 0.020169 
v -0.0259532 -0.0400808 0.020159 
v -0.0259412 -0.0403286 0.0201739 
v -0.0255319 -0.0384718 0.0214657 
v -0.025952 -0.0397277 0.0201727 
vn -0.884009 -0.15744 0.440161 
vn -0.897235 -0.133256 0.420967 
vn -0.891013 -0.144882 0.430238 
vn -0.900021 -0.127891 0.416661 
vn -0.900122 -0.127694 0.416503 
vn -0.874045 -0.174449 0.453446 
vn -0.883831 -0.157751 0.440406 
vn -0.87529 -0.172375 0.451835 
vn -0.864946 -0.189214 0.46483 
vn -0.90267 -0.122693 0.412473 
vn -0.900119 -0.1277 0.416508 
vn -0.919698 -0.0866088 0.382955 
vn -0.911907 -0.103743 0.397067 
vn -0.909626 -0.108549 0.400995 
vn -0.9052 -0.117633 0.40838 
vn -0.920953 -0.0837348 0.380571 
vn -0.918648 -0.0889866 0.384924 
vn -0.92322 -0.0784541 0.376179 
vn -0.925461 -0.073114 0.37172 
vn -0.927689 -0.0676827 0.367168 
vn -0.929133 -0.0640916 0.364149 
vn -0.916294 -0.09424 0.389262 
vn -0.914126 -0.0989807 0.393162 
vn -0.929123 -0.0641166 0.36417 
vn -0.936147 -0.0457571 0.348619 
vn -0.932145 -0.056409 0.357665 
vn -0.938451 -0.039369 0.343162 
vn -0.929913 -0.0621264 0.362494 
vn -0.950404 -0.00226951 0.311009 
vn -0.945512 -0.0183801 0.325069 
vn -0.940799 -0.0326404 0.337389 
vn -0.951057 -6.93889e-16 0.309017 
vn -0.951057 -6.93889e-16 0.309017 
f 7175//7175 7176//7176 7177//7177 
f 7175//7175 7178//7178 7176//7176 
f 7175//7175 7179//7179 7178//7178 
f 7180//7180 7177//7177 7181//7181 
f 7181//7181 7182//7182 7180//7180 
f 7182//7182 7183//7183 7180//7180 
f 7177//7177 7180//7180 7175//7175 
f 7184//7184 7179//7179 7185//7185 
f 7186//7186 7187//7187 7188//7188 
f 7188//7188 7189//7189 7186//7186 
f 7186//7186 7190//7190 7191//7191 
f 7186//7186 7192//7192 7190//7190 
f 7186//7186 7193//7193 7192//7192 
f 7186//7186 7194//7194 7193//7193 
f 7186//7186 7195//7195 7194//7194 
f 7191//7191 7196//7196 7186//7186 
f 7196//7196 7197//7197 7186//7186 
f 7197//7197 7187//7187 7186//7186 
f 7189//7189 7184//7184 7186//7186 
f 7185//7185 7186//7186 7184//7184 
f 7198//7198 7199//7199 7200//7200 
f 7198//7198 7201//7201 7199//7199 
f 7200//7200 7202//7202 7198//7198 
f 7198//7198 7203//7203 7204//7204 
f 7204//7204 7205//7205 7198//7198 
f 7205//7205 7201//7201 7198//7198 
f 7198//7198 7206//7206 7207//7207 
f 7207//7207 7203//7203 7198//7198 
f 7202//7202 7195//7195 7198//7198 
f 7186//7186 7198//7198 7195//7195 
f 7175//7175 7185//7185 7179//7179 
v -0.0235913 -0.0409343 0.0228925 
v -0.0236382 -0.0407 0.0228873 
v -0.0238155 -0.040734 0.0228584 
v -0.0237828 -0.0409755 0.0228614 
v -0.0239701 -0.0410164 0.022811 
v -0.0238333 -0.0407374 0.0228555 
v -0.0241516 -0.0410565 0.0227419 
v -0.0240241 -0.0407745 0.0228038 
v -0.0242088 -0.0408108 0.0227329 
v -0.0243213 -0.0408332 0.022676 
v -0.0243254 -0.0410953 0.0226547 
v -0.0243855 -0.040846 0.0226435 
v -0.0244766 -0.0408644 0.0225851 
v -0.0244898 -0.0411326 0.0225503 
v -0.0245525 -0.0408797 0.0225364 
v -0.0246231 -0.0408942 0.0224802 
v -0.0246432 -0.0411679 0.0224298 
v -0.0247841 -0.041201 0.0222942 
v -0.0247597 -0.0409224 0.0223623 
v -0.0247079 -0.0409116 0.0224128 
v -0.0249111 -0.0412314 0.022145 
v -0.0248503 -0.0409414 0.0222738 
v -0.025023 -0.0412589 0.0219836 
v -0.0249781 -0.0409687 0.022121 
v -0.0251186 -0.0412832 0.0218116 
v -0.0250989 -0.0409952 0.0219398 
v -0.0250902 -0.0409933 0.0219558 
v -0.0250556 -0.0415144 0.0218394 
v -0.0249501 -0.0415209 0.0220116 
v -0.0249378 -0.0415175 0.0220291 
v -0.0248107 -0.0414831 0.0222016 
v -0.0248387 -0.0414905 0.0221692 
v -0.0246662 -0.0414449 0.0223589 
v -0.0247127 -0.041457 0.0223148 
v -0.0245734 -0.0414207 0.022447 
v -0.0245061 -0.0414035 0.0224993 
v -0.0244221 -0.041382 0.0225646 
v -0.0243322 -0.0413593 0.0226211 
v -0.0242602 -0.0413411 0.0226663 
v -0.0241463 -0.0413128 0.0227229 
v -0.0240894 -0.0412987 0.0227513 
v -0.0239508 -0.0412646 0.0228037 
v -0.0239112 -0.0412549 0.0228186 
v -0.0237478 -0.0412152 0.0228623 
v -0.0237274 -0.0412103 0.0228678 
v -0.0235397 -0.0411652 0.0228983 
v -0.025046 -0.0415479 0.0218434 
v -0.0251854 -0.0410149 0.0217799 
vn -0.110402 0 0.993887 
vn -0.110402 0 0.993887 
vn -0.199154 -0.0170266 0.97982 
vn -0.206112 -0.0206373 0.978311 
vn -0.299796 -0.0410717 0.953119 
vn -0.207932 -0.0187202 0.977964 
vn -0.390534 -0.0611024 0.918559 
vn -0.303358 -0.0372511 0.952148 
vn -0.395716 -0.0554051 0.9167 
vn -0.452476 -0.06668 0.88928 
vn -0.477433 -0.0805326 0.87497 
vn -0.48407 -0.0729986 0.871979 
vn -0.530259 -0.0822959 0.843832 
vn -0.559639 -0.0991712 0.822781 
vn -0.567528 -0.0898537 0.818437 
vn -0.603609 -0.0972236 0.79133 
vn -0.636345 -0.116835 0.762505 
vn -0.706796 -0.133351 0.694735 
vn -0.671914 -0.111339 0.732212 
vn -0.645244 -0.1058 0.756615 
vn -0.7703 -0.148555 0.620136 
vn -0.716433 -0.120676 0.687139 
vn -0.826233 -0.1623 0.539442 
vn -0.780375 -0.134331 0.610713 
vn -0.874045 -0.174449 0.453446 
vn -0.841097 -0.147671 0.520335 
vn -0.836423 -0.146627 0.528108 
vn -0.864946 -0.189214 0.46483 
vn -0.815636 -0.177855 0.550551 
vn -0.809827 -0.17625 0.559567 
vn -0.746516 -0.15906 0.646076 
vn -0.759894 -0.162651 0.629369 
vn -0.674397 -0.139993 0.724976 
vn -0.696895 -0.145894 0.702176 
vn -0.627241 -0.127743 0.768278 
vn -0.594324 -0.119275 0.795332 
vn -0.551596 -0.108373 0.827041 
vn -0.507241 -0.0971502 0.856311 
vn -0.470683 -0.0879668 0.877906 
vn -0.414178 -0.07388 0.907192 
vn -0.385274 -0.0667209 0.920387 
vn -0.316238 -0.0497401 0.947375 
vn -0.296186 -0.0448378 0.954077 
vn -0.214578 -0.0250159 0.976386 
vn -0.204269 -0.0225265 0.978655 
vn -0.110402 -1.03799e-15 0.993887 
vn -0.863587 -0.19136 0.466474 
vn -0.884009 -0.15744 0.440161 
f 7208//7208 7209//7209 7210//7210 
f 7210//7210 7211//7211 7208//7208 
f 7212//7212 7211//7211 7213//7213 
f 7214//7214 7212//7212 7215//7215 
f 7214//7214 7216//7216 7217//7217 
f 7217//7217 7218//7218 7214//7214 
f 7218//7218 7219//7219 7220//7220 
f 7220//7220 7221//7221 7218//7218 
f 7221//7221 7222//7222 7223//7223 
f 7223//7223 7224//7224 7221//7221 
f 7225//7225 7224//7224 7226//7226 
f 7224//7224 7227//7227 7226//7226 
f 7228//7228 7225//7225 7229//7229 
f 7230//7230 7228//7228 7231//7231 
f 7232//7232 7230//7230 7233//7233 
f 7230//7230 7234//7234 7233//7233 
f 7230//7230 7232//7232 7235//7235 
f 7235//7235 7236//7236 7230//7230 
f 7228//7228 7230//7230 7237//7237 
f 7230//7230 7236//7236 7237//7237 
f 7225//7225 7228//7228 7238//7238 
f 7228//7228 7239//7239 7238//7238 
f 7224//7224 7225//7225 7240//7240 
f 7225//7225 7241//7241 7240//7240 
f 7224//7224 7242//7242 7243//7243 
f 7243//7243 7221//7221 7224//7224 
f 7221//7221 7244//7244 7245//7245 
f 7245//7245 7218//7218 7221//7221 
f 7218//7218 7246//7246 7247//7247 
f 7247//7247 7214//7214 7218//7218 
f 7214//7214 7248//7248 7249//7249 
f 7249//7249 7212//7212 7214//7214 
f 7212//7212 7250//7250 7251//7251 
f 7251//7251 7211//7211 7212//7212 
f 7211//7211 7252//7252 7253//7253 
f 7253//7253 7208//7208 7211//7211 
f 7251//7251 7252//7252 7211//7211 
f 7249//7249 7250//7250 7212//7212 
f 7247//7247 7248//7248 7214//7214 
f 7245//7245 7246//7246 7218//7218 
f 7243//7243 7244//7244 7221//7221 
f 7240//7240 7242//7242 7224//7224 
f 7238//7238 7241//7241 7225//7225 
f 7237//7237 7239//7239 7228//7228 
f 7235//7235 7254//7254 7236//7236 
f 7233//7233 7255//7255 7232//7232 
f 7231//7231 7234//7234 7230//7230 
f 7229//7229 7231//7231 7228//7228 
f 7226//7226 7229//7229 7225//7225 
f 7223//7223 7227//7227 7224//7224 
f 7220//7220 7222//7222 7221//7221 
f 7217//7217 7219//7219 7218//7218 
f 7215//7215 7216//7216 7214//7214 
f 7213//7213 7215//7215 7212//7212 
f 7210//7210 7213//7213 7211//7211 
v -0.0260944 -0.0397277 0.0198402 
v -0.0260942 -0.0397779 0.0198405 
v -0.0260163 -0.0397756 0.0200016 
v -0.0260157 -0.0397277 0.0200032 
v -0.0259531 -0.0397734 0.020169 
v -0.0260845 -0.0401176 0.0198586 
v -0.0260126 -0.0400991 0.020006 
v -0.0259532 -0.0400808 0.020159 
v -0.0260631 -0.0403939 0.0198981 
v -0.0259967 -0.0403611 0.0200336 
v -0.0259412 -0.0403286 0.0201739 
v -0.0260489 -0.0405163 0.0199245 
v -0.0259852 -0.0404768 0.0200543 
v -0.0259317 -0.0404376 0.0201887 
v -0.0260329 -0.0406278 0.0199541 
v -0.0259717 -0.040582 0.0200785 
v -0.0259203 -0.0405363 0.0202074 
v -0.0260009 -0.0408035 0.0200133 
v -0.0259441 -0.040747 0.0201289 
v -0.0258963 -0.0406907 0.0202485 
v -0.0259809 -0.0408925 0.0200503 
v -0.0259265 -0.0408303 0.020161 
v -0.0258808 -0.0407683 0.0202758 
v -0.0259597 -0.0409755 0.0200896 
v -0.0259076 -0.0409077 0.0201957 
v -0.025864 -0.0408401 0.0203058 
v -0.0258749 -0.0407937 0.0202864 
v -0.0259371 -0.0410532 0.0201314 
v -0.0258874 -0.0409799 0.020233 
v -0.0258459 -0.040907 0.0203384 
v -0.0259133 -0.0411263 0.0201756 
v -0.0258659 -0.0410477 0.0202727 
v -0.0258265 -0.0409694 0.0203737 
v -0.025888 -0.0411954 0.0202224 
v -0.0258429 -0.0411115 0.0203152 
v -0.0258058 -0.0410279 0.0204117 
v -0.0258612 -0.041261 0.020272 
v -0.0258184 -0.0411718 0.0203604 
v -0.0257836 -0.041083 0.0204527 
v -0.0258327 -0.0413234 0.0203247 
v -0.0257923 -0.0412289 0.0204088 
v -0.0257598 -0.0411349 0.0204967 
v -0.0258056 -0.041377 0.0203749 
v -0.0257673 -0.0412778 0.0204551 
v -0.025737 -0.041179 0.0205391 
v -0.025777 -0.0414282 0.0204278 
v -0.0257409 -0.0413242 0.0205041 
v -0.0257129 -0.0412207 0.0205842 
v -0.0257467 -0.0414772 0.0204839 
v -0.0257129 -0.0413684 0.0205561 
v -0.0256872 -0.0412601 0.0206324 
v -0.0256857 -0.0415626 0.0205968 
v -0.0256561 -0.0414447 0.0206616 
v -0.025635 -0.0413273 0.0207306 
v -0.0256495 -0.041606 0.0206638 
v -0.0256224 -0.041483 0.0207244 
v -0.0256039 -0.0413606 0.0207894 
v -0.0256108 -0.0416474 0.0207356 
v -0.0255861 -0.0415192 0.0207919 
v -0.0255717 -0.0413905 0.0208504 
v -0.0255704 -0.0413916 0.0208528 
v -0.0255538 -0.0417 0.0208411 
v -0.0255469 -0.0415532 0.0208649 
v -0.0255342 -0.0414203 0.0209215 
v -0.025456 -0.0416154 0.0210342 
v -0.02545 -0.0414709 0.0210819 
v -0.0253473 -0.0416607 0.0212346 
v -0.0253476 -0.0415081 0.0212778 
v -0.0252038 -0.0416912 0.0214921 
v -0.0252193 -0.0415261 0.0215241 
v -0.0254679 -0.0417 0.0210002 
v -0.025348 -0.0417 0.0212221 
v -0.0252031 -0.0417 0.0214903 
v -0.0250556 -0.0415144 0.0218394 
v -0.0251081 -0.0417 0.0216661 
v -0.0250969 -0.0417 0.0216869 
v -0.025046 -0.0415479 0.0218434 
v -0.025952 -0.0397277 0.0201727 
vn -0.879847 0 0.475257 
vn -0.879847 0 0.475257 
vn -0.918804 -0.00113932 0.394713 
vn -0.919218 0 0.39375 
vn -0.950404 -0.00226951 0.311009 
vn -0.879847 0 0.475257 
vn -0.915799 -0.00922144 0.401531 
vn -0.945512 -0.0183801 0.325069 
vn -0.879847 0 0.475257 
vn -0.913042 -0.0163689 0.407537 
vn -0.940799 -0.0326404 0.337389 
vn -0.879847 0 0.475257 
vn -0.911709 -0.01974 0.410362 
vn -0.938451 -0.039369 0.343162 
vn -0.879847 0 0.475257 
vn -0.910424 -0.0229397 0.413039 
vn -0.936147 -0.0457571 0.348619 
vn -0.879847 0 0.475257 
vn -0.90824 -0.0282744 0.417493 
vn -0.932145 -0.056409 0.357665 
vn -0.879847 0 0.475257 
vn -0.907046 -0.0311376 0.419878 
vn -0.929913 -0.0621264 0.362494 
vn -0.879847 0 0.475257 
vn -0.905871 -0.0339201 0.422193 
vn -0.927689 -0.0676827 0.367168 
vn -0.92922 -0.0642113 0.363904 
vn -0.879847 0 0.475257 
vn -0.904709 -0.0366402 0.424452 
vn -0.925461 -0.073114 0.37172 
vn -0.879847 0 0.475257 
vn -0.903552 -0.0393149 0.426671 
vn -0.92322 -0.0784541 0.376179 
vn -0.879847 0 0.475257 
vn -0.902395 -0.0419601 0.428862 
vn -0.920953 -0.0837348 0.380571 
vn -0.879847 0 0.475257 
vn -0.901231 -0.0445914 0.431039 
vn -0.918648 -0.0889866 0.384924 
vn -0.879847 0 0.475257 
vn -0.900053 -0.047224 0.433214 
vn -0.916294 -0.09424 0.389262 
vn -0.879847 0 0.475257 
vn -0.898979 -0.0496003 0.435174 
vn -0.914126 -0.0989807 0.393162 
vn -0.879847 0 0.475257 
vn -0.897889 -0.051988 0.437142 
vn -0.911907 -0.103743 0.397067 
vn -0.879847 0 0.475257 
vn -0.896777 -0.0543984 0.439125 
vn -0.909626 -0.108549 0.400995 
vn -0.879847 0 0.475257 
vn -0.894646 -0.0589565 0.442869 
vn -0.9052 -0.117633 0.40838 
vn -0.879847 0 0.475257 
vn -0.893441 -0.0614966 0.444952 
vn -0.90267 -0.122693 0.412473 
vn -0.879847 0 0.475257 
vn -0.892189 -0.0641073 0.447089 
vn -0.900124 -0.127731 0.416488 
vn -0.900021 -0.127891 0.416661 
vn -0.879847 0 0.475257 
vn -0.890883 -0.0668034 0.449293 
vn -0.897235 -0.133256 0.420967 
vn -0.888002 -0.0726514 0.454063 
vn -0.891013 -0.144882 0.430238 
vn -0.884732 -0.0791345 0.459333 
vn -0.883831 -0.157751 0.440406 
vn -0.880909 -0.0865156 0.465311 
vn -0.87529 -0.172375 0.451835 
vn -0.881978 -0.0152188 0.471046 
vn -0.882946 -0.0385425 0.46789 
vn -0.881229 -0.0694726 0.467556 
vn -0.864946 -0.189214 0.46483 
vn -0.87847 -0.0911217 0.469028 
vn -0.878061 -0.0937364 0.469278 
vn -0.867405 -0.17248 0.466754 
vn -0.951057 0 0.309017 
f 7256//7256 7257//7257 7258//7258 
f 7259//7259 7258//7258 7260//7260 
f 7257//7257 7261//7261 7262//7262 
f 7258//7258 7262//7262 7263//7263 
f 7261//7261 7264//7264 7265//7265 
f 7262//7262 7265//7265 7266//7266 
f 7264//7264 7267//7267 7268//7268 
f 7265//7265 7268//7268 7269//7269 
f 7267//7267 7270//7270 7271//7271 
f 7268//7268 7271//7271 7272//7272 
f 7270//7270 7273//7273 7274//7274 
f 7271//7271 7274//7274 7275//7275 
f 7273//7273 7276//7276 7277//7277 
f 7274//7274 7277//7277 7278//7278 
f 7276//7276 7279//7279 7280//7280 
f 7280//7280 7281//7281 7282//7282 
f 7282//7282 7277//7277 7280//7280 
f 7279//7279 7283//7283 7284//7284 
f 7280//7280 7284//7284 7285//7285 
f 7283//7283 7286//7286 7287//7287 
f 7284//7284 7287//7287 7288//7288 
f 7286//7286 7289//7289 7290//7290 
f 7287//7287 7290//7290 7291//7291 
f 7289//7289 7292//7292 7293//7293 
f 7290//7290 7293//7293 7294//7294 
f 7295//7295 7296//7296 7293//7293 
f 7296//7296 7297//7297 7294//7294 
f 7298//7298 7299//7299 7296//7296 
f 7299//7299 7300//7300 7297//7297 
f 7301//7301 7302//7302 7299//7299 
f 7302//7302 7303//7303 7300//7300 
f 7304//7304 7305//7305 7302//7302 
f 7305//7305 7306//7306 7303//7303 
f 7307//7307 7308//7308 7305//7305 
f 7308//7308 7309//7309 7306//7306 
f 7310//7310 7311//7311 7308//7308 
f 7311//7311 7312//7312 7309//7309 
f 7313//7313 7314//7314 7311//7311 
f 7314//7314 7315//7315 7312//7312 
f 7314//7314 7316//7316 7315//7315 
f 7313//7313 7317//7317 7318//7318 
f 7318//7318 7319//7319 7316//7316 
f 7320//7320 7321//7321 7319//7319 
f 7322//7322 7323//7323 7321//7321 
f 7324//7324 7325//7325 7323//7323 
f 7318//7318 7317//7317 7326//7326 
f 7320//7320 7326//7326 7327//7327 
f 7328//7328 7324//7324 7322//7322 
f 7329//7329 7330//7330 7331//7331 
f 7325//7325 7324//7324 7330//7330 
f 7330//7330 7329//7329 7325//7325 
f 7331//7331 7332//7332 7329//7329 
f 7330//7330 7324//7324 7328//7328 
f 7322//7322 7327//7327 7328//7328 
f 7327//7327 7322//7322 7320//7320 
f 7326//7326 7320//7320 7318//7318 
f 7323//7323 7322//7322 7324//7324 
f 7321//7321 7320//7320 7322//7322 
f 7319//7319 7318//7318 7320//7320 
f 7316//7316 7314//7314 7318//7318 
f 7318//7318 7314//7314 7313//7313 
f 7312//7312 7311//7311 7314//7314 
f 7311//7311 7310//7310 7313//7313 
f 7309//7309 7308//7308 7311//7311 
f 7308//7308 7307//7307 7310//7310 
f 7306//7306 7305//7305 7308//7308 
f 7305//7305 7304//7304 7307//7307 
f 7303//7303 7302//7302 7305//7305 
f 7302//7302 7301//7301 7304//7304 
f 7300//7300 7299//7299 7302//7302 
f 7299//7299 7298//7298 7301//7301 
f 7297//7297 7296//7296 7299//7299 
f 7296//7296 7295//7295 7298//7298 
f 7294//7294 7293//7293 7296//7296 
f 7293//7293 7292//7292 7295//7295 
f 7294//7294 7291//7291 7290//7290 
f 7293//7293 7290//7290 7289//7289 
f 7291//7291 7288//7288 7287//7287 
f 7290//7290 7287//7287 7286//7286 
f 7288//7288 7285//7285 7284//7284 
f 7287//7287 7284//7284 7283//7283 
f 7285//7285 7281//7281 7280//7280 
f 7284//7284 7280//7280 7279//7279 
f 7282//7282 7278//7278 7277//7277 
f 7280//7280 7277//7277 7276//7276 
f 7278//7278 7275//7275 7274//7274 
f 7277//7277 7274//7274 7273//7273 
f 7275//7275 7272//7272 7271//7271 
f 7274//7274 7271//7271 7270//7270 
f 7272//7272 7269//7269 7268//7268 
f 7271//7271 7268//7268 7267//7267 
f 7269//7269 7266//7266 7265//7265 
f 7268//7268 7265//7265 7264//7264 
f 7266//7266 7263//7263 7262//7262 
f 7265//7265 7262//7262 7261//7261 
f 7263//7263 7260//7260 7258//7258 
f 7262//7262 7258//7258 7257//7257 
f 7260//7260 7333//7333 7259//7259 
f 7258//7258 7259//7259 7256//7256 
v -0.0250969 -0.0417 0.0216869 
v -0.0250102 -0.0417 0.0218474 
v -0.025046 -0.0415479 0.0218434 
vn -0.863587 -0.19136 0.466474 
vn -0.863587 -0.19136 0.466474 
vn -0.863587 -0.19136 0.466474 
f 7334//7334 7335//7335 7336//7336 
v -0.0249501 -0.0415209 0.0220116 
v -0.025046 -0.0415479 0.0218434 
v -0.0249802 -0.0417 0.021901 
v -0.0248935 -0.0417 0.0220332 
v -0.0249378 -0.0415175 0.0220291 
v -0.0250102 -0.0417 0.0218474 
v -0.0247589 -0.0417 0.0222068 
v -0.0248107 -0.0414831 0.0222016 
v -0.0248387 -0.0414905 0.0221692 
v -0.0248599 -0.0417 0.0220844 
v -0.0246058 -0.0417 0.0223654 
v -0.0246662 -0.0414449 0.0223589 
v -0.0247127 -0.041457 0.0223148 
v -0.0247191 -0.0417 0.022255 
v -0.024436 -0.0417 0.0225069 
v -0.0245061 -0.0414035 0.0224993 
v -0.0245734 -0.0414207 0.022447 
v -0.0245592 -0.0417 0.0224107 
v -0.0242516 -0.0417 0.0226297 
v -0.0243322 -0.0413593 0.0226211 
v -0.0244221 -0.041382 0.0225646 
v -0.0243818 -0.0417 0.0225492 
v -0.0242602 -0.0413411 0.0226663 
v -0.024189 -0.0417 0.0226685 
v -0.0241463 -0.0413128 0.0227229 
v -0.0240894 -0.0412987 0.0227513 
v -0.0240548 -0.0417 0.0227325 
v -0.0239829 -0.0417 0.0227667 
v -0.0239508 -0.0412646 0.0228037 
v -0.0239112 -0.0412549 0.0228186 
v -0.0238478 -0.0417 0.0228139 
v -0.0237664 -0.0417 0.0228423 
v -0.0237478 -0.0412152 0.0228623 
v -0.0235397 -0.0411652 0.0228983 
v -0.0237274 -0.0412103 0.0228678 
v -0.0236331 -0.0417 0.022873 
v -0.0235422 -0.0417 0.022894 
v -0.0234136 -0.0417 0.0229123 
vn -0.815636 -0.177855 0.550551 
vn -0.863587 -0.19136 0.466474 
vn -0.849516 -0.187344 0.493177 
vn -0.809803 -0.176243 0.559605 
vn -0.809827 -0.17625 0.559567 
vn -0.863587 -0.19136 0.466474 
vn -0.746484 -0.159052 0.646115 
vn -0.746516 -0.15906 0.646076 
vn -0.759894 -0.162651 0.629369 
vn -0.793082 -0.171651 0.584429 
vn -0.674365 -0.139985 0.725007 
vn -0.674397 -0.139993 0.724976 
vn -0.696895 -0.145894 0.702176 
vn -0.726906 -0.15383 0.669287 
vn -0.594298 -0.119268 0.795352 
vn -0.594324 -0.119275 0.795332 
vn -0.627241 -0.127743 0.768278 
vn -0.651613 -0.134056 0.746612 
vn -0.507225 -0.0971461 0.856321 
vn -0.507241 -0.0971502 0.856311 
vn -0.551596 -0.108373 0.827041 
vn -0.567987 -0.112544 0.815307 
vn -0.470683 -0.0879668 0.877906 
vn -0.47697 -0.0895421 0.874347 
vn -0.414178 -0.07388 0.907192 
vn -0.385274 -0.0667209 0.920387 
vn -0.414173 -0.0738787 0.907195 
vn -0.379663 -0.0653346 0.922815 
vn -0.316238 -0.0497401 0.947375 
vn -0.296186 -0.0448378 0.954077 
vn -0.31624 -0.0497406 0.947374 
vn -0.277311 -0.0402348 0.959937 
vn -0.214578 -0.0250159 0.976386 
vn -0.110402 -3.46945e-15 0.993887 
vn -0.204269 -0.0225265 0.978655 
vn -0.21458 -0.0250164 0.976386 
vn -0.171278 -0.0145801 0.985115 
vn -0.110402 -3.46945e-15 0.993887 
f 7337//7337 7338//7338 7339//7339 
f 7340//7340 7341//7341 7337//7337 
f 7338//7338 7342//7342 7339//7339 
f 7343//7343 7344//7344 7345//7345 
f 7341//7341 7340//7340 7346//7346 
f 7346//7346 7345//7345 7341//7341 
f 7347//7347 7348//7348 7349//7349 
f 7344//7344 7343//7343 7350//7350 
f 7350//7350 7349//7349 7344//7344 
f 7351//7351 7352//7352 7353//7353 
f 7353//7353 7348//7348 7347//7347 
f 7347//7347 7354//7354 7353//7353 
f 7355//7355 7356//7356 7357//7357 
f 7357//7357 7352//7352 7351//7351 
f 7351//7351 7358//7358 7357//7357 
f 7359//7359 7356//7356 7355//7355 
f 7360//7360 7361//7361 7359//7359 
f 7355//7355 7360//7360 7359//7359 
f 7362//7362 7361//7361 7363//7363 
f 7364//7364 7365//7365 7362//7362 
f 7363//7363 7364//7364 7362//7362 
f 7366//7366 7365//7365 7367//7367 
f 7368//7368 7369//7369 7366//7366 
f 7367//7367 7368//7368 7366//7366 
f 7370//7370 7371//7371 7372//7372 
f 7372//7372 7373//7373 7370//7370 
f 7371//7371 7369//7369 7372//7372 
f 7373//7373 7374//7374 7370//7370 
f 7368//7368 7372//7372 7369//7369 
f 7364//7364 7367//7367 7365//7365 
f 7360//7360 7363//7363 7361//7361 
f 7357//7357 7358//7358 7355//7355 
f 7353//7353 7354//7354 7351//7351 
f 7349//7349 7350//7350 7347//7347 
f 7345//7345 7346//7346 7343//7343 
f 7339//7339 7340//7340 7337//7337 
v -0.0306395 -0.0427 0.0114258 
v -0.0306395 -0.04975 0.0114258 
v -0.0259809 -0.0408925 0.0200503 
v -0.0259597 -0.0409755 0.0200896 
v -0.0259371 -0.0410532 0.0201314 
v -0.0261327 -0.0330053 0.0197694 
v -0.0261941 -0.0329325 0.0196556 
v -0.026206 -0.0329306 0.0196335 
v -0.0261553 -0.0329614 0.0197274 
v -0.0261631 -0.032952 0.0197131 
v -0.0261712 -0.0329444 0.019698 
v -0.0261799 -0.0329384 0.0196819 
v -0.0261388 -0.0329904 0.019758 
v -0.0261453 -0.0329773 0.0197461 
v -0.0262207 -0.0329314 0.0196064 
v -0.0261182 -0.0330544 0.0197962 
v -0.0261242 -0.033031 0.019785 
v -0.0259133 -0.0411263 0.0201756 
v -0.0257467 -0.0414772 0.0204839 
v -0.025777 -0.0414282 0.0204278 
v -0.0261839 -0.0329363 0.0196746 
v -0.026152 -0.0329661 0.0197335 
v -0.0261126 -0.0330812 0.0198065 
v -0.0261028 -0.0331507 0.0198247 
v -0.0261085 -0.0331057 0.0198141 
v -0.025888 -0.0411954 0.0202224 
v -0.0258056 -0.041377 0.0203749 
v -0.0256108 -0.0416474 0.0207356 
v -0.0256495 -0.041606 0.0206638 
v -0.024998 -0.04975 0.0218699 
v -0.0255538 -0.0417 0.0208411 
v -0.0262953 -0.0329581 0.0194682 
v -0.028159 -0.0333246 0.016018 
v -0.0258612 -0.041261 0.020272 
v -0.0258327 -0.0413234 0.0203247 
v -0.0309292 -0.0358044 0.0108896 
v -0.0262235 -0.0329319 0.0196013 
v -0.0262451 -0.0329387 0.0195612 
v -0.0261307 -0.0330106 0.019773 
v -0.0260954 -0.0332628 0.0198383 
v -0.0260983 -0.0332028 0.0198329 
v -0.0260329 -0.0406278 0.0199541 
v -0.0260489 -0.0405163 0.0199245 
v -0.0256857 -0.0415626 0.0205968 
v -0.0300227 -0.0336923 0.0125678 
v -0.0260944 -0.0333316 0.0198402 
v -0.0260942 -0.0397779 0.0198405 
v -0.0260944 -0.0397277 0.0198402 
v -0.0260009 -0.0408035 0.0200133 
v -0.025348 -0.0417 0.0212221 
v -0.0254679 -0.0417 0.0210002 
v -0.0262829 -0.032955 0.0194912 
v -0.0252031 -0.0417 0.0214903 
v -0.0250969 -0.0417 0.0216869 
v -0.0251081 -0.0417 0.0216661 
v -0.0250041 -0.0427 0.0218587 
v -0.0250072 -0.04175 0.021853 
v -0.0262701 -0.0329505 0.019515 
v -0.0262573 -0.0329445 0.0195386 
v -0.0260845 -0.0401176 0.0198586 
v -0.0260631 -0.0403939 0.0198981 
v -0.0307597 -0.0396616 0.0112033 
v -0.0307597 -0.0427 0.0112033 
v -0.0250102 -0.0417 0.0218474 
v -0.0308025 -0.0377168 0.011124 
v -0.0311398 -0.0339134 0.0104996 
vn -0.879847 -5.38751e-17 0.475257 
vn -0.879847 -5.38751e-17 0.475257 
vn -0.879847 -5.38751e-17 0.475257 
vn -0.879847 -5.38751e-17 0.475257 
vn -0.879847 -5.38751e-17 0.475257 
vn -0.879847 -5.38751e-17 0.475257 
vn -0.879847 -5.38751e-17 0.475257 
vn -0.879847 -5.38751e-17 0.475257 
vn -0.879847 -5.38751e-17 0.475257 
vn -0.879847 -5.38751e-17 0.475257 
vn -0.879847 -5.38751e-17 0.475257 
vn -0.879847 -5.38751e-17 0.475257 
vn -0.879847 -5.38751e-17 0.475257 
vn -0.879847 -5.38751e-17 0.475257 
vn -0.879847 -5.38751e-17 0.475257 
vn -0.879847 -5.38751e-17 0.475257 
vn -0.879847 -5.38751e-17 0.475257 
vn -0.879847 -5.38751e-17 0.475257 
vn -0.879847 -5.38751e-17 0.475257 
vn -0.879847 -5.38751e-17 0.475257 
vn -0.879847 -5.38751e-17 0.475257 
vn -0.879847 -5.38751e-17 0.475257 
vn -0.879847 -5.38751e-17 0.475257 
vn -0.879847 -5.38751e-17 0.475257 
vn -0.879847 -5.38751e-17 0.475257 
vn -0.879847 -5.38751e-17 0.475257 
vn -0.879847 -5.38751e-17 0.475257 
vn -0.879847 -5.38751e-17 0.475257 
vn -0.879847 -5.38751e-17 0.475257 
vn -0.879847 -5.38751e-17 0.475257 
vn -0.879847 -5.38751e-17 0.475257 
vn -0.879847 -5.38751e-17 0.475257 
vn -0.879847 -5.38751e-17 0.475257 
vn -0.879847 -5.38751e-17 0.475257 
vn -0.879847 -5.38751e-17 0.475257 
vn -0.879847 -5.38751e-17 0.475257 
vn -0.879847 -5.38751e-17 0.475257 
vn -0.879847 -5.38751e-17 0.475257 
vn -0.879847 -5.38751e-17 0.475257 
vn -0.879847 -5.38751e-17 0.475257 
vn -0.879847 -5.38751e-17 0.475257 
vn -0.879847 -5.38751e-17 0.475257 
vn -0.879847 -5.38751e-17 0.475257 
vn -0.879847 -5.38751e-17 0.475257 
vn -0.879847 -5.38751e-17 0.475257 
vn -0.879847 -5.38751e-17 0.475257 
vn -0.879847 -5.38751e-17 0.475257 
vn -0.879847 -5.38751e-17 0.475257 
vn -0.879847 -5.38751e-17 0.475257 
vn -0.879847 -5.38751e-17 0.475257 
vn -0.879847 -5.38751e-17 0.475257 
vn -0.879847 -5.38751e-17 0.475257 
vn -0.879847 -5.38751e-17 0.475257 
vn -0.879847 -5.38751e-17 0.475257 
vn -0.879847 -5.38751e-17 0.475257 
vn -0.879847 -5.38751e-17 0.475257 
vn -0.879847 -5.38751e-17 0.475257 
vn -0.879847 -5.38751e-17 0.475257 
vn -0.879847 -5.38751e-17 0.475257 
vn -0.879847 -5.38751e-17 0.475257 
vn -0.879847 -5.38751e-17 0.475257 
vn -0.879847 -5.38751e-17 0.475257 
vn -0.879847 -5.38751e-17 0.475257 
vn -0.879847 -5.38751e-17 0.475257 
vn -0.879847 -5.38751e-17 0.475257 
vn -0.879847 -5.38751e-17 0.475257 
f 7375//7375 7376//7376 7377//7377 
f 7376//7376 7378//7378 7377//7377 
f 7376//7376 7379//7379 7378//7378 
f 7380//7380 7381//7381 7382//7382 
f 7383//7383 7384//7384 7385//7385 
f 7386//7386 7387//7387 7388//7388 
f 7389//7389 7390//7390 7391//7391 
f 7376//7376 7392//7392 7379//7379 
f 7376//7376 7393//7393 7394//7394 
f 7380//7380 7395//7395 7381//7381 
f 7386//7386 7396//7396 7383//7383 
f 7386//7386 7380//7380 7387//7387 
f 7389//7389 7397//7397 7390//7390 
f 7389//7389 7398//7398 7399//7399 
f 7376//7376 7400//7400 7392//7392 
f 7394//7394 7401//7401 7376//7376 
f 7376//7376 7402//7402 7403//7403 
f 7376//7376 7404//7404 7405//7405 
f 7398//7398 7406//7406 7407//7407 
f 7380//7380 7386//7386 7395//7395 
f 7388//7388 7396//7396 7386//7386 
f 7399//7399 7397//7397 7389//7389 
f 7376//7376 7408//7408 7400//7400 
f 7401//7401 7409//7409 7376//7376 
f 7405//7405 7402//7402 7376//7376 
f 7407//7407 7410//7410 7398//7398 
f 7398//7398 7411//7411 7412//7412 
f 7385//7385 7386//7386 7383//7383 
f 7391//7391 7413//7413 7389//7389 
f 7375//7375 7414//7414 7415//7415 
f 7375//7375 7416//7416 7417//7417 
f 7409//7409 7408//7408 7376//7376 
f 7403//7403 7418//7418 7376//7376 
f 7407//7407 7419//7419 7410//7410 
f 7398//7398 7389//7389 7411//7411 
f 7413//7413 7380//7380 7389//7389 
f 7375//7375 7420//7420 7414//7414 
f 7375//7375 7421//7421 7422//7422 
f 7375//7375 7423//7423 7416//7416 
f 7418//7418 7393//7393 7376//7376 
f 7404//7404 7424//7424 7425//7425 
f 7398//7398 7426//7426 7406//7406 
f 7382//7382 7389//7389 7380//7380 
f 7422//7422 7420//7420 7375//7375 
f 7377//7377 7423//7423 7375//7375 
f 7404//7404 7427//7427 7424//7424 
f 7404//7404 7428//7428 7429//7429 
f 7428//7428 7430//7430 7431//7431 
f 7398//7398 7432//7432 7426//7426 
f 7412//7412 7433//7433 7398//7398 
f 7375//7375 7434//7434 7421//7421 
f 7417//7417 7435//7435 7375//7375 
f 7429//7429 7427//7427 7404//7404 
f 7428//7428 7404//7404 7430//7430 
f 7436//7436 7437//7437 7375//7375 
f 7433//7433 7432//7432 7398//7398 
f 7435//7435 7434//7434 7375//7375 
f 7431//7431 7438//7438 7428//7428 
f 7398//7398 7439//7439 7436//7436 
f 7419//7419 7440//7440 7410//7410 
f 7425//7425 7405//7405 7404//7404 
f 7410//7410 7439//7439 7398//7398 
f 7375//7375 7398//7398 7436//7436 
f 7415//7415 7398//7398 7375//7375 
v -0.0234136 -0.0417 0.0229123 
v -0.0169802 -0.0411613 0.0236269 
v -0.0177792 -0.0407 0.0235381 
v -0.0236382 -0.0407 0.0228873 
v -0.0235913 -0.0409343 0.0228925 
v -0.0234136 -0.04175 0.0229123 
v -0.0234591 -0.04175 0.022907 
v -0.0234591 -0.0427 0.0229072 
v -0.0235397 -0.0411652 0.0228983 
v -0.0169802 -0.04975 0.0236269 
v -0.0234591 -0.04975 0.0229072 
vn -0.110402 -3.46945e-15 0.993887 
vn -0.110402 -3.46945e-15 0.993887 
vn -0.110402 -3.46945e-15 0.993887 
vn -0.110402 -3.46945e-15 0.993887 
vn -0.110402 -3.46945e-15 0.993887 
vn -0.110402 -3.46945e-15 0.993887 
vn -0.110402 -3.46945e-15 0.993887 
vn -0.110402 -3.46945e-15 0.993887 
vn -0.110402 -3.46945e-15 0.993887 
vn -0.110402 -3.46945e-15 0.993887 
vn -0.110402 -3.46945e-15 0.993887 
f 7441//7441 7442//7442 7443//7443 
f 7443//7443 7444//7444 7445//7445 
f 7446//7446 7447//7447 7448//7448 
f 7442//7442 7441//7441 7446//7446 
f 7445//7445 7449//7449 7443//7443 
f 7448//7448 7450//7450 7446//7446 
f 7443//7443 7449//7449 7441//7441 
f 7446//7446 7450//7450 7442//7442 
f 7448//7448 7451//7451 7450//7450 
v -0.0167761 -0.041013 0.0236646 
v -0.016867 -0.0411877 0.0236416 
v -0.016666 -0.0412344 0.023677 
v -0.0168727 -0.0411863 0.0236406 
v -0.0164864 -0.0408957 0.0237535 
v -0.0166833 -0.0408415 0.0237081 
v -0.0164046 -0.0407303 0.023819 
v -0.0165952 -0.0406733 0.0237707 
v -0.0163293 -0.0405699 0.0239019 
v -0.0165128 -0.0405103 0.0238518 
v -0.016261 -0.0404157 0.0240014 
v -0.0164368 -0.0403541 0.0239505 
v -0.0162006 -0.0402695 0.0241165 
v -0.016368 -0.0402061 0.024066 
v -0.0161485 -0.0401324 0.0242462 
v -0.0163071 -0.040068 0.0241969 
v -0.0161053 -0.0400059 0.0243892 
v -0.0162546 -0.039941 0.024342 
v -0.0160714 -0.0398912 0.0245441 
v -0.0162112 -0.0398264 0.0244999 
v -0.0160471 -0.0397893 0.0247094 
v -0.0161773 -0.0397255 0.024669 
v -0.0160326 -0.0397013 0.0248837 
v -0.0161531 -0.0396391 0.0248476 
v -0.0160281 -0.039628 0.0250651 
v -0.016139 -0.0395681 0.0250339 
v -0.0160336 -0.03957 0.0252519 
v -0.016135 -0.0395134 0.025226 
v -0.0160491 -0.039528 0.0254425 
v -0.0161412 -0.0394753 0.0254221 
v -0.0160744 -0.0395024 0.0256349 
v -0.0163758 -0.0411143 0.0237594 
v -0.0165738 -0.0410642 0.023706 
v -0.0165157 -0.0412694 0.0237133 
v -0.0162941 -0.0409486 0.0238104 
v -0.0162188 -0.0407859 0.0238782 
v -0.0161506 -0.0406278 0.0239624 
v -0.0160902 -0.0404757 0.0240621 
v -0.016038 -0.040331 0.0241764 
v -0.0159946 -0.040195 0.0243043 
v -0.0159604 -0.040069 0.0244446 
v -0.0159356 -0.0399541 0.024596 
v -0.0159206 -0.0398514 0.0247572 
v -0.0159154 -0.0397619 0.0249266 
v -0.0159201 -0.0396863 0.0251026 
v -0.0159346 -0.0396254 0.0252838 
v -0.0159589 -0.0395797 0.0254683 
v -0.0159926 -0.0395496 0.0256546 
v -0.0164632 -0.0412816 0.0237259 
v -0.0162652 -0.0413277 0.0237869 
v -0.0161072 -0.0410001 0.0238781 
v -0.0160386 -0.0408399 0.0239478 
v -0.0159776 -0.040684 0.0240327 
v -0.0159249 -0.0405337 0.024132 
v -0.0158809 -0.0403905 0.024245 
v -0.0158459 -0.0402555 0.0243707 
v -0.0158204 -0.0401299 0.0245078 
v -0.0158045 -0.0400149 0.0246553 
v -0.0157983 -0.0399115 0.0248118 
v -0.015802 -0.0398205 0.0249759 
v -0.0158154 -0.0397429 0.0251462 
v -0.0158385 -0.0396791 0.0253212 
v -0.0158711 -0.0396299 0.0254994 
v -0.0159128 -0.0395956 0.0256792 
v -0.016183 -0.0411631 0.0238244 
v -0.016174 -0.0413489 0.0238213 
v -0.016073 -0.0413724 0.0238594 
v -0.0159267 -0.0410498 0.0239562 
v -0.0158647 -0.0408919 0.024027 
v -0.015811 -0.0407381 0.024112 
v -0.0157659 -0.0405896 0.0242106 
v -0.0157298 -0.0404477 0.0243217 
v -0.0157031 -0.0403137 0.0244446 
v -0.0156859 -0.0401886 0.0245782 
v -0.0156785 -0.0400735 0.0247213 
v -0.0156808 -0.0399693 0.0248727 
v -0.0156928 -0.039877 0.0250312 
v -0.0157146 -0.0397974 0.0251954 
v -0.0157458 -0.039731 0.025364 
v -0.0157861 -0.0396785 0.0255354 
v -0.0158354 -0.0396403 0.0257083 
v -0.0159963 -0.0412104 0.0239001 
v -0.0158876 -0.0414155 0.0239425 
v -0.0157531 -0.0410976 0.0240437 
v -0.0156979 -0.0409419 0.0241152 
v -0.0156512 -0.04079 0.0241998 
v -0.0156136 -0.0406431 0.024297 
v -0.0155853 -0.0405026 0.0244058 
v -0.0155665 -0.0403694 0.0245255 
v -0.0155573 -0.0402447 0.0246551 
v -0.0155579 -0.0401295 0.0247934 
v -0.0155683 -0.0400247 0.0249394 
v -0.0155883 -0.0399312 0.025092 
v -0.0156178 -0.0398497 0.0252498 
v -0.0156566 -0.0397809 0.0254116 
v -0.0157044 -0.0397253 0.025576 
v -0.0157607 -0.0396835 0.0257419 
v -0.0158165 -0.0412559 0.023986 
v -0.0158455 -0.0414253 0.0239645 
v -0.0157096 -0.0414569 0.0240356 
v -0.0155871 -0.0411434 0.0241399 
v -0.0155386 -0.0409896 0.0242115 
v -0.0154989 -0.0408395 0.0242952 
v -0.0154685 -0.0406942 0.0243905 
v -0.0154477 -0.0405548 0.0244966 
v -0.0154364 -0.0404225 0.0246127 
v -0.015435 -0.0402981 0.0247378 
v -0.0154432 -0.0401829 0.0248711 
v -0.0154612 -0.0400775 0.0250114 
v -0.0154887 -0.0399828 0.0251577 
v -0.0155256 -0.0398996 0.0253088 
v -0.0155715 -0.0398286 0.0254636 
v -0.0156261 -0.0397702 0.0256209 
v -0.0156889 -0.0397249 0.0257794 
v -0.0155397 -0.0414965 0.0241377 
v -0.0154802 -0.0413411 0.0241848 
v -0.0156443 -0.0412995 0.0240811 
v -0.0154292 -0.0411869 0.0242441 
v -0.0153872 -0.041035 0.0243152 
v -0.0153544 -0.0408865 0.0243975 
v -0.015331 -0.0407426 0.0244905 
v -0.0153173 -0.0406044 0.0245934 
v -0.0153133 -0.0404728 0.0247055 
v -0.0153191 -0.0403488 0.0248259 
v -0.0153346 -0.0402335 0.0249538 
v -0.0153597 -0.0401275 0.0250881 
v -0.0153942 -0.0400318 0.0252279 
v -0.0154379 -0.0399471 0.0253721 
v -0.0154905 -0.0398739 0.0255197 
v -0.0155515 -0.0398129 0.0256696 
v -0.0156205 -0.0397644 0.0258205 
v -0.0155339 -0.0414978 0.0241417 
v -0.0153783 -0.041534 0.0242481 
v -0.0152798 -0.0412281 0.0243554 
v -0.0152441 -0.0410779 0.0244255 
v -0.0152178 -0.040931 0.0245059 
v -0.0152012 -0.0407884 0.0245962 
v -0.0151943 -0.0406511 0.0246955 
v -0.0151972 -0.0405202 0.0248033 
v -0.0152098 -0.0403966 0.0249186 
v -0.0152321 -0.0402812 0.0250408 
v -0.0152639 -0.0401748 0.0251689 
v -0.015305 -0.0400781 0.0253021 
v -0.0153551 -0.039992 0.0254392 
v -0.0154139 -0.0399169 0.0255794 
v -0.0154808 -0.0398534 0.0257217 
v -0.0155554 -0.039802 0.025865 
v -0.0153246 -0.0413805 0.0242961 
v -0.0152436 -0.0415653 0.0243522 
v -0.0151779 -0.0414177 0.0244143 
v -0.015139 -0.0412669 0.0244729 
v -0.0151094 -0.0411183 0.0245416 
v -0.0150895 -0.0409728 0.0246197 
v -0.0150792 -0.0408314 0.0247068 
v -0.0150788 -0.0406951 0.0248023 
v -0.0150882 -0.0405648 0.0249054 
v -0.0151073 -0.0404416 0.0250154 
v -0.0151359 -0.0403261 0.0251317 
v -0.015174 -0.0402192 0.0252534 
v -0.0152212 -0.0401217 0.0253797 
v -0.0152773 -0.0400342 0.0255096 
v -0.0153417 -0.0399573 0.0256424 
v -0.0154141 -0.0398915 0.025777 
v -0.015494 -0.0398374 0.0259125 
v -0.0150826 -0.0416028 0.0244903 
v -0.0150401 -0.0414526 0.0245385 
v -0.015007 -0.0413034 0.0245961 
v -0.0149833 -0.0411561 0.0246628 
v -0.0149694 -0.0410119 0.0247382 
v -0.0149653 -0.0408716 0.0248218 
v -0.0149709 -0.0407362 0.024913 
v -0.0149864 -0.0406065 0.0250112 
v -0.0150115 -0.0404836 0.0251158 
v -0.0150461 -0.040368 0.025226 
v -0.01509 -0.0402607 0.0253411 
v -0.0151429 -0.0401624 0.0254603 
v -0.0152044 -0.0400737 0.0255829 
v -0.0152741 -0.0399952 0.0257081 
v -0.0153516 -0.0399274 0.0258349 
v -0.0154363 -0.0398708 0.0259626 
v -0.0149776 -0.0416272 0.0245924 
v -0.0149116 -0.0414852 0.024668 
v -0.0148839 -0.0413373 0.0247241 
v -0.0148659 -0.0411914 0.0247885 
v -0.0148576 -0.0410484 0.0248608 
v -0.0148592 -0.0409091 0.0249406 
v -0.0148706 -0.0407744 0.0250273 
v -0.0148917 -0.0406453 0.0251203 
v -0.0149224 -0.0405226 0.0252191 
v -0.0149625 -0.0404071 0.025323 
v -0.0150118 -0.0402994 0.0254314 
v -0.0150699 -0.0402003 0.0255436 
v -0.0151365 -0.0401105 0.0256588 
v -0.0152111 -0.0400305 0.0257763 
v -0.0152932 -0.0399608 0.0258953 
v -0.0153823 -0.0399019 0.0260151 
v -0.0148242 -0.0416629 0.0247558 
v -0.0147921 -0.0415155 0.024802 
v -0.0147697 -0.0413689 0.0248562 
v -0.014757 -0.0412242 0.0249179 
v -0.0147541 -0.0410822 0.0249868 
v -0.014761 -0.0409438 0.0250625 
v -0.0147777 -0.0408099 0.0251444 
v -0.0148041 -0.0406813 0.0252321 
v -0.01484 -0.0405588 0.025325 
v -0.0148852 -0.0404432 0.0254225 
v -0.0149395 -0.0403352 0.0255241 
v -0.0150024 -0.0402355 0.025629 
v -0.0150735 -0.0401447 0.0257368 
v -0.0151526 -0.0400633 0.0258465 
v -0.015239 -0.0399919 0.0259577 
v -0.0153321 -0.0399309 0.0260696 
v -0.014569 -0.0414243 0.0251285 
v -0.0145658 -0.0412816 0.0251838 
v -0.0145725 -0.0411415 0.0252451 
v -0.0145889 -0.0410046 0.0253118 
v -0.014615 -0.040872 0.0253837 
v -0.0146507 -0.0407443 0.0254602 
v -0.0146957 -0.0406222 0.025541 
v -0.0147498 -0.0405066 0.0256255 
v -0.0148127 -0.040398 0.0257133 
v -0.0148839 -0.0402972 0.0258038 
v -0.0149631 -0.0402046 0.0258966 
v -0.0150498 -0.0401209 0.025991 
v -0.0151435 -0.0400465 0.0260866 
v -0.0152437 -0.0399819 0.0261827 
v -0.0144018 -0.0414706 0.0254108 
v -0.014582 -0.0415687 0.0250792 
v -0.0144068 -0.0413295 0.0254588 
v -0.0144215 -0.0411908 0.0255114 
v -0.014446 -0.0410552 0.0255685 
v -0.0144801 -0.0409236 0.0256296 
v -0.0145235 -0.0407966 0.0256944 
v -0.0145761 -0.0406749 0.0257627 
v -0.0146375 -0.0405592 0.0258339 
v -0.0147075 -0.0404502 0.0259077 
v -0.0147855 -0.0403484 0.0259837 
v -0.0148713 -0.0402545 0.0260614 
v -0.0149643 -0.0401689 0.0261405 
v -0.015064 -0.0400921 0.0262205 
v -0.0151698 -0.0400246 0.0263009 
v -0.0142668 -0.0415079 0.0257 
v -0.0144067 -0.0416132 0.0253677 
v -0.0142784 -0.0413681 0.0257398 
v -0.0142998 -0.0412306 0.0257831 
v -0.0143308 -0.0410961 0.0258299 
v -0.0143713 -0.0409652 0.0258798 
v -0.014421 -0.0408387 0.0259326 
v -0.0144797 -0.0407173 0.025988 
v -0.014547 -0.0406016 0.0260458 
v -0.0146227 -0.0404923 0.0261055 
v -0.0147062 -0.0403898 0.0261669 
v -0.0147972 -0.0402948 0.0262297 
v -0.0148952 -0.0402077 0.0262935 
v -0.0149996 -0.040129 0.026358 
v -0.0151099 -0.0400592 0.0264228 
v -0.0141623 -0.0415368 0.0259938 
v -0.0142649 -0.0416492 0.0256641 
v -0.0141792 -0.041398 0.0260247 
v -0.0142058 -0.0412614 0.0260583 
v -0.0142419 -0.0411276 0.0260944 
v -0.0142874 -0.0409974 0.0261327 
v -0.0143419 -0.0408713 0.0261733 
v -0.0144053 -0.0407501 0.0262157 
v -0.0144772 -0.0406344 0.0262598 
v -0.0145572 -0.0405248 0.0263054 
v -0.0146449 -0.0404217 0.0263522 
v -0.0147399 -0.0403259 0.0264001 
v -0.0148417 -0.0402377 0.0264487 
v -0.0149498 -0.0401576 0.0264978 
v -0.0150635 -0.040086 0.0265471 
v -0.014087 -0.0415577 0.0262906 
v -0.0141551 -0.0416771 0.0259658 
v -0.0141078 -0.0414196 0.0263122 
v -0.0141381 -0.0412835 0.0263355 
v -0.014178 -0.0411503 0.0263606 
v -0.014227 -0.0410205 0.0263872 
v -0.0142851 -0.0408947 0.0264153 
v -0.0143518 -0.0407737 0.0264446 
v -0.014427 -0.040658 0.0264751 
v -0.0145101 -0.0405482 0.0265065 
v -0.0146008 -0.0404448 0.0265388 
v -0.0146987 -0.0403483 0.0265718 
v -0.0148032 -0.0402593 0.0266053 
v -0.0149139 -0.0401781 0.0266391 
v -0.0150301 -0.0401053 0.0266731 
v -0.0140631 -0.041433 0.026601 
v -0.0140958 -0.0412974 0.0266139 
v -0.0141379 -0.0411645 0.0266278 
v -0.0141893 -0.041035 0.0266425 
v -0.0142495 -0.0409094 0.026658 
v -0.0143184 -0.0407885 0.0266742 
v -0.0143956 -0.0406727 0.026691 
v -0.0144807 -0.0405628 0.0267083 
v -0.0145733 -0.0404591 0.0267261 
v -0.0146729 -0.0403623 0.0267443 
v -0.0147791 -0.0402728 0.0267627 
v -0.0148914 -0.040191 0.0267813 
v -0.0150091 -0.0401174 0.0268 
v -0.0140444 -0.0414387 0.0268905 
v -0.0140399 -0.0415707 0.026589 
v -0.0140781 -0.0413032 0.0268929 
v -0.0141212 -0.0411704 0.0268955 
v -0.0141735 -0.041041 0.0268982 
v -0.0142346 -0.0409155 0.0269011 
v -0.0143044 -0.0407946 0.0269041 
v -0.0143824 -0.0406789 0.0269072 
v -0.0144683 -0.0405689 0.0269104 
v -0.0145617 -0.0404652 0.0269137 
v -0.0146621 -0.0403682 0.0269171 
v -0.014769 -0.0402785 0.0269205 
v -0.0148819 -0.0401964 0.0269239 
v -0.0150003 -0.0401225 0.0269274 
v -0.016201 -0.0394293 0.0256147 
v -0.0161893 -0.0394478 0.0254139 
v -0.0161892 -0.0394503 0.0253997 
v -0.0161893 -0.0394913 0.0251873 
v -0.016188 -0.0394837 0.0252151 
v -0.0162012 -0.0395517 0.02498 
v -0.016197 -0.0395368 0.0250204 
v -0.0162247 -0.0396309 0.0247802 
v -0.0162163 -0.0396065 0.0248318 
v -0.0162595 -0.0397279 0.0245902 
v -0.0162456 -0.039692 0.0246512 
v -0.0162847 -0.0397925 0.0244804 
v -0.0163054 -0.0398415 0.0244121 
v -0.016333 -0.0399069 0.0243211 
v -0.0163617 -0.0399706 0.0242481 
v -0.0163903 -0.0400342 0.0241751 
v -0.0164277 -0.0401135 0.0241 
v -0.0164558 -0.0401729 0.0240437 
v -0.0165028 -0.0402686 0.0239696 
v -0.0165289 -0.0403218 0.0239284 
v -0.0165861 -0.0404342 0.0238583 
v -0.0166089 -0.0404792 0.0238303 
v -0.0166765 -0.0406083 0.0237674 
v -0.0166949 -0.0406435 0.0237503 
v -0.0167731 -0.0407889 0.0236981 
v -0.0167861 -0.0408132 0.0236894 
v -0.0168747 -0.040974 0.0236511 
v -0.0168815 -0.0409864 0.0236481 
v -0.0169802 -0.0411613 0.0236269 
v -0.0147396 -0.0416826 0.0248604 
v -0.0146647 -0.0417 0.0249531 
v -0.0144817 -0.0417002 0.0252266 
v -0.0145369 -0.0417002 0.025144 
v -0.0146051 -0.0417001 0.0250421 
v -0.0143283 -0.0417007 0.0255136 
v -0.0143696 -0.0417006 0.0254362 
v -0.014418 -0.0417004 0.0253457 
v -0.0142026 -0.041701 0.0258175 
v -0.014233 -0.0417009 0.0257439 
v -0.0142704 -0.0417008 0.0256534 
v -0.0141281 -0.0417009 0.0260638 
v -0.0141065 -0.0417009 0.0261353 
v -0.0141588 -0.0417009 0.0259624 
v -0.0140802 -0.0416956 0.0262718 
v -0.0140558 -0.0417006 0.0263926 
v -0.0140418 -0.0417005 0.0264639 
v -0.0140622 -0.0417007 0.02636 
v -0.0140202 -0.0415762 0.0268883 
v -0.0140166 -0.0417002 0.026727 
v -0.0140096 -0.0417001 0.0268002 
v -0.0140307 -0.0417004 0.0265791 
v -0.0140062 -0.0417 0.0269564 
v -0.0140195 -0.0415764 0.0269564 
v -0.0140353 -0.0414866 0.0269564 
v -0.0140437 -0.0414389 0.0269564 
v -0.0140775 -0.0413034 0.0269564 
v -0.0140859 -0.0412774 0.0269564 
v -0.0141206 -0.0411707 0.0269564 
v -0.0141593 -0.041075 0.0269564 
v -0.0141729 -0.0410412 0.0269564 
v -0.0142341 -0.0409158 0.0269564 
v -0.0142538 -0.0408816 0.0269564 
v -0.0143039 -0.0407949 0.0269564 
v -0.0143684 -0.0406992 0.0269564 
v -0.014382 -0.0406791 0.0269564 
v -0.0144679 -0.0405691 0.0269564 
v -0.0145024 -0.0405308 0.0269564 
v -0.0145613 -0.0404654 0.0269564 
v -0.014653 -0.0403768 0.0269564 
v -0.0146617 -0.0403684 0.0269564 
v -0.0147687 -0.0402787 0.0269564 
v -0.0148202 -0.0402412 0.0269564 
v -0.0148816 -0.0401966 0.0269564 
v -0.015 -0.0401226 0.0269564 
v -0.0140077 -0.0417 0.0268864 
v -0.0140798 -0.0417008 0.0262711 
v -0.0161576 -0.0394543 0.0256202 
v -0.0149487 -0.041634 0.0246205 
v -0.0152259 -0.0415695 0.0243659 
vn -0.190789 -0.0866492 0.977799 
vn -0.144191 0 0.98955 
vn -0.204169 0 0.978936 
vn -0.142489 0 0.989796 
vn -0.29398 -0.169375 0.940685 
vn -0.237184 -0.172433 0.956039 
vn -0.334872 -0.252033 0.907932 
vn -0.281211 -0.256496 0.924733 
vn -0.372556 -0.332277 0.866484 
vn -0.322429 -0.337997 0.884193 
vn -0.406673 -0.409339 0.816737 
vn -0.360429 -0.416123 0.834825 
vn -0.436894 -0.48248 0.759168 
vn -0.394829 -0.490095 0.777121 
vn -0.462932 -0.551001 0.694328 
vn -0.425287 -0.559173 0.711658 
vn -0.484535 -0.614245 0.622839 
vn -0.451499 -0.622667 0.639089 
vn -0.501499 -0.671606 0.545385 
vn -0.473203 -0.679944 0.560138 
vn -0.513659 -0.722535 0.462707 
vn -0.490181 -0.730433 0.475595 
vn -0.5209 -0.766544 0.375598 
vn -0.502265 -0.773627 0.386303 
vn -0.523152 -0.803211 0.284892 
vn -0.509335 -0.809098 0.293154 
vn -0.520394 -0.832186 0.191458 
vn -0.511318 -0.836489 0.197077 
vn -0.512652 -0.853191 0.0961895 
vn -0.508196 -0.855529 0.099033 
vn -0.5 -0.866025 0 
vn -0.308412 -0.0836343 0.947569 
vn -0.250273 -0.085095 0.964428 
vn -0.249138 -3.21364e-05 0.968468 
vn -0.349266 -0.1665 0.922112 
vn -0.386913 -0.247837 0.888186 
vn -0.421006 -0.326898 0.846104 
vn -0.451233 -0.402957 0.79625 
vn -0.477316 -0.475315 0.739084 
vn -0.499015 -0.543308 0.67513 
vn -0.516131 -0.606311 0.604976 
vn -0.528507 -0.663745 0.529266 
vn -0.536029 -0.715084 0.448695 
vn -0.538629 -0.759856 0.364003 
vn -0.536281 -0.797649 0.275968 
vn -0.529009 -0.828116 0.185399 
vn -0.516878 -0.850979 0.0931272 
vn -0.5 -0.866025 0 
vn -0.264725 0 0.964324 
vn -0.323831 0 0.946115 
vn -0.402797 -0.163809 0.900512 
vn -0.437126 -0.243908 0.865696 
vn -0.467605 -0.32186 0.823257 
vn -0.493967 -0.396977 0.773567 
vn -0.515978 -0.468598 0.717065 
vn -0.533445 -0.536092 0.654248 
vn -0.546215 -0.598866 0.58567 
vn -0.554174 -0.656365 0.511934 
vn -0.557253 -0.708084 0.433689 
vn -0.555424 -0.753567 0.351625 
vn -0.548704 -0.792414 0.266465 
vn -0.537152 -0.824282 0.178958 
vn -0.52087 -0.848892 0.0898746 
vn -0.5 -0.866025 0 
vn -0.364921 -0.0822666 0.927397 
vn -0.351214 -5.74208e-05 0.936295 
vn -0.381193 0 0.924496 
vn -0.454361 -0.161297 0.876093 
vn -0.485335 -0.240242 0.840675 
vn -0.51221 -0.317157 0.798155 
vn -0.534759 -0.391393 0.748895 
vn -0.552792 -0.462324 0.693309 
vn -0.566155 -0.52935 0.631868 
vn -0.574737 -0.591905 0.565089 
vn -0.578464 -0.649461 0.493538 
vn -0.577306 -0.701531 0.417818 
vn -0.571272 -0.747676 0.33857 
vn -0.560412 -0.787506 0.256462 
vn -0.54482 -0.820684 0.172187 
vn -0.524625 -0.846932 0.0864588 
vn -0.5 -0.866025 0 
vn -0.419549 -0.0809907 0.904113 
vn -0.436551 0 0.89968 
vn -0.503776 -0.158962 0.849082 
vn -0.531394 -0.236832 0.813346 
vn -0.554706 -0.312782 0.771018 
vn -0.573522 -0.386198 0.722443 
vn -0.587691 -0.456485 0.668013 
vn -0.597097 -0.523072 0.60817 
vn -0.601665 -0.58542 0.543399 
vn -0.601358 -0.643025 0.474224 
vn -0.596177 -0.695418 0.401206 
vn -0.586165 -0.742177 0.324937 
vn -0.571403 -0.782921 0.246035 
vn -0.552011 -0.817321 0.16514 
vn -0.528145 -0.845097 0.0829057 
vn -0.5 -0.866025 0 
vn -0.472076 -0.0798045 0.877938 
vn -0.449263 -5.13279e-05 0.893399 
vn -0.489682 0 0.871901 
vn -0.550898 -0.156798 0.819711 
vn -0.575189 -0.233672 0.783936 
vn -0.595005 -0.308727 0.742062 
vn -0.610192 -0.381381 0.694416 
vn -0.620633 -0.451068 0.641368 
vn -0.626245 -0.517245 0.58333 
vn -0.626986 -0.579399 0.520755 
vn -0.622849 -0.637046 0.454128 
vn -0.613866 -0.689737 0.383968 
vn -0.600108 -0.737062 0.310822 
vn -0.581682 -0.778653 0.235257 
vn -0.55873 -0.814187 0.157862 
vn -0.531432 -0.843387 0.0792393 
vn -0.5 -0.866025 0 
vn -0.540403 0 0.841406 
vn -0.570139 -0.07769 0.817867 
vn -0.522322 -0.0787053 0.849109 
vn -0.595613 -0.154799 0.788214 
vn -0.616636 -0.230752 0.752671 
vn -0.63305 -0.304979 0.711502 
vn -0.644733 -0.376928 0.665015 
vn -0.651597 -0.446059 0.613558 
vn -0.653591 -0.511856 0.557515 
vn -0.650699 -0.573827 0.497305 
vn -0.642945 -0.63151 0.433378 
vn -0.630385 -0.684473 0.366212 
vn -0.613113 -0.73232 0.29631 
vn -0.591259 -0.774694 0.224192 
vn -0.564986 -0.811277 0.150399 
vn -0.534491 -0.841797 0.0754815 
vn -0.5 -0.866025 0 
vn -0.542168 -1.13885e-05 0.84027 
vn -0.588567 0 0.808448 
vn -0.63784 -0.152958 0.754827 
vn -0.65568 -0.228062 0.719771 
vn -0.668808 -0.301527 0.679542 
vn -0.677128 -0.372824 0.634429 
vn -0.680581 -0.441442 0.584755 
vn -0.679142 -0.506886 0.530879 
vn -0.672822 -0.568688 0.473186 
vn -0.661665 -0.626401 0.412093 
vn -0.645753 -0.679613 0.348037 
vn -0.625199 -0.727939 0.28148 
vn -0.600152 -0.771033 0.2129 
vn -0.57079 -0.808585 0.142789 
vn -0.537326 -0.840325 0.071652 
vn -0.5 -0.866025 0 
vn -0.615416 -0.076755 0.784457 
vn -0.628874 -3.86221e-05 0.777507 
vn -0.658075 -0.0758967 0.749118 
vn -0.677528 -0.151268 0.719773 
vn -0.692293 -0.225593 0.685447 
vn -0.702268 -0.298356 0.646378 
vn -0.707382 -0.369055 0.602835 
vn -0.7076 -0.4372 0.55512 
vn -0.702922 -0.502319 0.503564 
vn -0.693379 -0.563961 0.448523 
vn -0.679038 -0.621701 0.390378 
vn -0.659998 -0.675139 0.329531 
vn -0.63639 -0.723904 0.266404 
vn -0.608378 -0.76766 0.201433 
vn -0.576156 -0.806103 0.135068 
vn -0.539946 -0.838967 0.0677685 
vn -0.5 -0.866025 0 
vn -0.676826 0 0.736143 
vn -0.698068 -0.0751111 0.712081 
vn -0.714653 -0.149721 0.683268 
vn -0.726469 -0.223332 0.649896 
vn -0.733439 -0.295453 0.612188 
vn -0.735515 -0.365603 0.570396 
vn -0.732684 -0.433314 0.524798 
vn -0.724965 -0.498133 0.475699 
vn -0.712409 -0.559629 0.423426 
vn -0.695099 -0.617391 0.368327 
vn -0.673152 -0.671034 0.310772 
vn -0.646714 -0.7202 0.251143 
vn -0.615961 -0.764561 0.189838 
vn -0.581098 -0.803821 0.127267 
vn -0.542358 -0.837718 0.0638463 
vn -0.5 -0.866025 0 
vn -0.708371 -6.80761e-05 0.70584 
vn -0.735375 -0.0743945 0.673565 
vn -0.749212 -0.14831 0.645512 
vn -0.758222 -0.22127 0.613301 
vn -0.762349 -0.292804 0.57714 
vn -0.761564 -0.362452 0.53726 
vn -0.755874 -0.429766 0.49392 
vn -0.745314 -0.494311 0.447397 
vn -0.729953 -0.555671 0.397993 
vn -0.70989 -0.613452 0.346025 
vn -0.685253 -0.667281 0.291828 
vn -0.656203 -0.716812 0.235751 
vn -0.622925 -0.761725 0.178155 
vn -0.585634 -0.801731 0.119411 
vn -0.544571 -0.836573 0.0598985 
vn -0.5 -0.866025 0 
vn -0.753972 0 0.656906 
vn -0.769996 -0.0737429 0.633773 
vn -0.781223 -0.147026 0.606691 
vn -0.787583 -0.219394 0.57583 
vn -0.789036 -0.290395 0.541381 
vn -0.785574 -0.359586 0.503559 
vn -0.777217 -0.426537 0.462601 
vn -0.764019 -0.490832 0.41876 
vn -0.74606 -0.552068 0.37231 
vn -0.723454 -0.609865 0.323541 
vn -0.696341 -0.663862 0.272757 
vn -0.66489 -0.713724 0.220273 
vn -0.629296 -0.759139 0.166417 
vn -0.589782 -0.799825 0.111524 
vn -0.546594 -0.835528 0.0559362 
vn -0.5 -0.866025 0 
vn -0.837351 -0.14483 0.527131 
vn -0.838945 -0.216183 0.499435 
vn -0.835622 -0.28627 0.468812 
vn -0.827402 -0.354678 0.435441 
vn -0.814332 -0.421008 0.399519 
vn -0.79649 -0.48487 0.361254 
vn -0.773979 -0.545891 0.320873 
vn -0.746933 -0.603712 0.278611 
vn -0.715508 -0.657994 0.234716 
vn -0.67989 -0.708421 0.189445 
vn -0.640287 -0.754695 0.143064 
vn -0.596932 -0.796546 0.0958442 
vn -0.550078 -0.833729 0.048063 
vn -0.5 -0.866025 0 
vn -0.883986 -0.143055 0.445089 
vn -0.83085 -0.0726278 0.551738 
vn -0.881509 -0.213589 0.421097 
vn -0.874133 -0.282936 0.394764 
vn -0.861901 -0.35071 0.366237 
vn -0.844878 -0.416536 0.335676 
vn -0.823162 -0.480047 0.303249 
vn -0.796871 -0.54089 0.269137 
vn -0.766152 -0.598728 0.23353 
vn -0.731175 -0.653239 0.196625 
vn -0.692136 -0.70412 0.158627 
vn -0.64925 -0.751089 0.119748 
vn -0.602757 -0.793883 0.0802038 
vn -0.552915 -0.832267 0.0402136 
vn -0.5 -0.866025 0 
vn -0.921591 -0.141657 0.36139 
vn -0.881551 -0.071727 0.466609 
vn -0.915759 -0.211544 0.341517 
vn -0.905062 -0.280307 0.31983 
vn -0.889556 -0.34758 0.296443 
vn -0.869323 -0.413007 0.271481 
vn -0.844472 -0.47624 0.245077 
vn -0.815134 -0.536942 0.21737 
vn -0.781465 -0.594792 0.188509 
vn -0.743644 -0.649481 0.158646 
vn -0.701871 -0.70072 0.12794 
vn -0.65637 -0.748235 0.0965549 
vn -0.607381 -0.791775 0.0646564 
vn -0.555165 -0.831108 0.0324143 
vn -0.5 -0.866025 0 
vn -0.950635 -0.140595 0.276633 
vn -0.922527 -0.071017 0.379343 
vn -0.942169 -0.209992 0.261192 
vn -0.928873 -0.278312 0.244412 
vn -0.910816 -0.345205 0.226379 
vn -0.88809 -0.410329 0.207186 
vn -0.860812 -0.473349 0.18693 
vn -0.829122 -0.533943 0.165717 
vn -0.793181 -0.5918 0.143654 
vn -0.753174 -0.646624 0.120854 
vn -0.709307 -0.698133 0.0974351 
vn -0.661804 -0.746063 0.0735168 
vn -0.610909 -0.79017 0.0492215 
vn -0.556882 -0.830225 0.024674 
vn -0.5 -0.866025 0 
vn -0.971531 -0.139842 0.191238 
vn -0.954228 -0.0704783 0.290657 
vn -0.961147 -0.20889 0.180451 
vn -0.945964 -0.276895 0.168762 
vn -0.92606 -0.343518 0.156231 
vn -0.901533 -0.408426 0.142921 
vn -0.872506 -0.471295 0.128896 
vn -0.839123 -0.531812 0.114229 
vn -0.801552 -0.589674 0.0989911 
vn -0.759979 -0.644592 0.0832591 
vn -0.714613 -0.696293 0.0671116 
vn -0.665679 -0.744518 0.050629 
vn -0.613423 -0.789027 0.0338938 
vn -0.558104 -0.829597 0.0169893 
vn -0.5 -0.866025 0 
vn -0.973011 -0.208206 0.0994969 
vn -0.956641 -0.276016 0.0930193 
vn -0.935576 -0.342471 0.0860853 
vn -0.909919 -0.407245 0.0787287 
vn -0.879796 -0.470021 0.0709857 
vn -0.845355 -0.530489 0.0628943 
vn -0.806765 -0.588354 0.0544942 
vn -0.764215 -0.643331 0.0458267 
vn -0.717914 -0.695151 0.0369342 
vn -0.66809 -0.743559 0.0278604 
vn -0.614987 -0.788317 0.0186499 
vn -0.558865 -0.829206 0.00934791 
vn -0.5 -0.866025 0 
vn -0.977971 -0.207922 0.0184522 
vn -0.984605 -0.139374 0.105486 
vn -0.961103 -0.27565 0.0172483 
vn -0.939551 -0.342036 0.0159605 
vn -0.913421 -0.406754 0.0145948 
vn -0.88284 -0.46949 0.013158 
vn -0.847956 -0.529939 0.0116571 
vn -0.80894 -0.587805 0.0100994 
vn -0.765982 -0.642806 0.00849252 
vn -0.719291 -0.694675 0.00684422 
vn -0.669095 -0.743159 0.00516256 
vn -0.615638 -0.788021 0.00345575 
vn -0.559182 -0.829043 0.0017321 
vn -0.5 -0.866025 0 
vn -0.5 -0.866025 0 
vn -0.505815 -0.856779 0.100403 
vn -0.506032 -0.855785 0.107533 
vn -0.506142 -0.835526 0.213813 
vn -0.50647 -0.838794 0.199781 
vn -0.500326 -0.805485 0.317596 
vn -0.501959 -0.812253 0.297122 
vn -0.488652 -0.766013 0.417665 
vn -0.492329 -0.777428 0.391432 
vn -0.471256 -0.71757 0.512846 
vn -0.477676 -0.734672 0.481749 
vn -0.458152 -0.684423 0.567153 
vn -0.448342 -0.660723 0.602025 
vn -0.433954 -0.627193 0.646771 
vn -0.420178 -0.59614 0.684155 
vn -0.40533 -0.563565 0.719793 
vn -0.387093 -0.524576 0.758274 
vn -0.372571 -0.49419 0.785473 
vn -0.349477 -0.44687 0.823513 
vn -0.336013 -0.419773 0.843141 
vn -0.307769 -0.363933 0.879108 
vn -0.296027 -0.341075 0.892209 
vn -0.262459 -0.276738 0.924409 
vn -0.253021 -0.258897 0.932176 
vn -0.214078 -0.186306 0.958885 
vn -0.207435 -0.174079 0.962635 
vn -0.163193 -0.0936987 0.982135 
vn -0.159733 -0.0874859 0.983276 
vn -0.110402 -5.20058e-16 0.993887 
vn -0.779761 -0.000206804 0.626077 
vn -0.801519 0 0.597969 
vn -0.857426 -0.0204999 0.514199 
vn -0.841548 -0.0146078 0.539984 
vn -0.820728 -0.00669886 0.57128 
vn -0.903411 -0.0380189 0.427087 
vn -0.89193 -0.0336268 0.450922 
vn -0.877635 -0.0277874 0.478524 
vn -0.940458 -0.0527737 0.335789 
vn -0.932358 -0.0495712 0.358122 
vn -0.921632 -0.0448095 0.385469 
vn -0.962882 -0.062215 0.262653 
vn -0.968318 -0.0644335 0.241266 
vn -0.954355 -0.0580814 0.292974 
vn -0.977065 -0.0700958 0.201071 
vn -0.983643 -0.0712735 0.165429 
vn -0.986861 -0.0726145 0.144335 
vn -0.982051 -0.070013 0.175138 
vn -0.990074 -0.13918 0.0195661 
vn -0.99481 -0.0763992 0.0672045 
vn -0.995994 -0.0768611 0.0457089 
vn -0.991098 -0.07405 0.110644 
vn -0.997003 -0.0773571 1.45353e-07 
vn -0.990268 -0.139173 2.9689e-17 
vn -0.982902 -0.184129 0 
vn -0.978148 -0.207912 0 
vn -0.961262 -0.275637 0 
vn -0.957404 -0.288753 0 
vn -0.939693 -0.34202 0 
vn -0.920791 -0.390056 0 
vn -0.913545 -0.406737 0 
vn -0.882948 -0.469472 0 
vn -0.87351 -0.486806 0 
vn -0.848048 -0.529919 0 
vn -0.816082 -0.577936 0 
vn -0.809017 -0.587785 0 
vn -0.766044 -0.642788 0 
vn -0.749205 -0.662338 0 
vn -0.71934 -0.694658 0 
vn -0.673621 -0.739077 0 
vn -0.669131 -0.743145 0 
vn -0.615661 -0.788011 0 
vn -0.590237 -0.80723 0 
vn -0.559193 -0.829038 0 
vn -0.5 -0.866025 8.2444e-17 
vn -0.996811 -0.0771301 0.0204815 
vn -0.977165 -0.0677997 0.201377 
vn -0.5 -0.866025 0 
vn -0.7168 0 0.697278 
vn -0.634067 0 0.773278 
f 7452//7452 7453//7453 7454//7454 
f 7452//7452 7455//7455 7453//7453 
f 7456//7456 7457//7457 7452//7452 
f 7458//7458 7459//7459 7457//7457 
f 7460//7460 7461//7461 7459//7459 
f 7462//7462 7463//7463 7461//7461 
f 7464//7464 7465//7465 7463//7463 
f 7466//7466 7467//7467 7465//7465 
f 7468//7468 7469//7469 7467//7467 
f 7470//7470 7471//7471 7469//7469 
f 7472//7472 7473//7473 7471//7471 
f 7474//7474 7475//7475 7473//7473 
f 7476//7476 7477//7477 7475//7475 
f 7478//7478 7479//7479 7477//7477 
f 7480//7480 7481//7481 7479//7479 
f 7481//7481 7480//7480 7482//7482 
f 7483//7483 7484//7484 7485//7485 
f 7484//7484 7454//7454 7485//7485 
f 7486//7486 7456//7456 7484//7484 
f 7487//7487 7458//7458 7456//7456 
f 7488//7488 7460//7460 7458//7458 
f 7489//7489 7462//7462 7460//7460 
f 7490//7490 7464//7464 7462//7462 
f 7491//7491 7466//7466 7464//7464 
f 7492//7492 7468//7468 7466//7466 
f 7493//7493 7470//7470 7468//7468 
f 7494//7494 7472//7472 7470//7470 
f 7495//7495 7474//7474 7472//7472 
f 7496//7496 7476//7476 7474//7474 
f 7497//7497 7478//7478 7476//7476 
f 7498//7498 7480//7480 7478//7478 
f 7480//7480 7498//7498 7499//7499 
f 7483//7483 7500//7500 7501//7501 
f 7502//7502 7486//7486 7483//7483 
f 7503//7503 7487//7487 7486//7486 
f 7504//7504 7488//7488 7487//7487 
f 7505//7505 7489//7489 7488//7488 
f 7506//7506 7490//7490 7489//7489 
f 7507//7507 7491//7491 7490//7490 
f 7508//7508 7492//7492 7491//7491 
f 7509//7509 7493//7493 7492//7492 
f 7510//7510 7494//7494 7493//7493 
f 7511//7511 7495//7495 7494//7494 
f 7512//7512 7496//7496 7495//7495 
f 7513//7513 7497//7497 7496//7496 
f 7514//7514 7498//7498 7497//7497 
f 7498//7498 7514//7514 7515//7515 
f 7516//7516 7517//7517 7518//7518 
f 7516//7516 7501//7501 7517//7517 
f 7519//7519 7502//7502 7516//7516 
f 7520//7520 7503//7503 7502//7502 
f 7521//7521 7504//7504 7503//7503 
f 7522//7522 7505//7505 7504//7504 
f 7523//7523 7506//7506 7505//7505 
f 7524//7524 7507//7507 7506//7506 
f 7525//7525 7508//7508 7507//7507 
f 7526//7526 7509//7509 7508//7508 
f 7527//7527 7510//7510 7509//7509 
f 7528//7528 7511//7511 7510//7510 
f 7529//7529 7512//7512 7511//7511 
f 7530//7530 7513//7513 7512//7512 
f 7531//7531 7514//7514 7513//7513 
f 7514//7514 7531//7531 7532//7532 
f 7533//7533 7518//7518 7534//7534 
f 7535//7535 7519//7519 7533//7533 
f 7536//7536 7520//7520 7519//7519 
f 7537//7537 7521//7521 7520//7520 
f 7538//7538 7522//7522 7521//7521 
f 7539//7539 7523//7523 7522//7522 
f 7540//7540 7524//7524 7523//7523 
f 7541//7541 7525//7525 7524//7524 
f 7542//7542 7526//7526 7525//7525 
f 7543//7543 7527//7527 7526//7526 
f 7544//7544 7528//7528 7527//7527 
f 7545//7545 7529//7529 7528//7528 
f 7546//7546 7530//7530 7529//7529 
f 7547//7547 7531//7531 7530//7530 
f 7531//7531 7547//7547 7548//7548 
f 7549//7549 7550//7550 7551//7551 
f 7549//7549 7534//7534 7550//7550 
f 7552//7552 7535//7535 7549//7549 
f 7553//7553 7536//7536 7535//7535 
f 7554//7554 7537//7537 7536//7536 
f 7555//7555 7538//7538 7537//7537 
f 7556//7556 7539//7539 7538//7538 
f 7557//7557 7540//7540 7539//7539 
f 7558//7558 7541//7541 7540//7540 
f 7559//7559 7542//7542 7541//7541 
f 7560//7560 7543//7543 7542//7542 
f 7561//7561 7544//7544 7543//7543 
f 7562//7562 7545//7545 7544//7544 
f 7563//7563 7546//7546 7545//7545 
f 7564//7564 7547//7547 7546//7546 
f 7547//7547 7564//7564 7565//7565 
f 7566//7566 7567//7567 7568//7568 
f 7569//7569 7552//7552 7568//7568 
f 7570//7570 7553//7553 7552//7552 
f 7571//7571 7554//7554 7553//7553 
f 7572//7572 7555//7555 7554//7554 
f 7573//7573 7556//7556 7555//7555 
f 7574//7574 7557//7557 7556//7556 
f 7575//7575 7558//7558 7557//7557 
f 7576//7576 7559//7559 7558//7558 
f 7577//7577 7560//7560 7559//7559 
f 7578//7578 7561//7561 7560//7560 
f 7579//7579 7562//7562 7561//7561 
f 7580//7580 7563//7563 7562//7562 
f 7581//7581 7564//7564 7563//7563 
f 7564//7564 7581//7581 7582//7582 
f 7567//7567 7583//7583 7584//7584 
f 7567//7567 7566//7566 7583//7583 
f 7585//7585 7569//7569 7567//7567 
f 7586//7586 7570//7570 7569//7569 
f 7587//7587 7571//7571 7570//7570 
f 7588//7588 7572//7572 7571//7571 
f 7589//7589 7573//7573 7572//7572 
f 7590//7590 7574//7574 7573//7573 
f 7591//7591 7575//7575 7574//7574 
f 7592//7592 7576//7576 7575//7575 
f 7593//7593 7577//7577 7576//7576 
f 7594//7594 7578//7578 7577//7577 
f 7595//7595 7579//7579 7578//7578 
f 7596//7596 7580//7580 7579//7579 
f 7597//7597 7581//7581 7580//7580 
f 7581//7581 7597//7597 7598//7598 
f 7599//7599 7584//7584 7600//7600 
f 7600//7600 7601//7601 7599//7599 
f 7602//7602 7585//7585 7599//7599 
f 7603//7603 7586//7586 7585//7585 
f 7604//7604 7587//7587 7586//7586 
f 7605//7605 7588//7588 7587//7587 
f 7606//7606 7589//7589 7588//7588 
f 7607//7607 7590//7590 7589//7589 
f 7608//7608 7591//7591 7590//7590 
f 7609//7609 7592//7592 7591//7591 
f 7610//7610 7593//7593 7592//7592 
f 7611//7611 7594//7594 7593//7593 
f 7612//7612 7595//7595 7594//7594 
f 7613//7613 7596//7596 7595//7595 
f 7614//7614 7597//7597 7596//7596 
f 7597//7597 7614//7614 7615//7615 
f 7616//7616 7617//7617 7601//7601 
f 7618//7618 7602//7602 7601//7601 
f 7619//7619 7603//7603 7602//7602 
f 7620//7620 7604//7604 7603//7603 
f 7621//7621 7605//7605 7604//7604 
f 7622//7622 7606//7606 7605//7605 
f 7623//7623 7607//7607 7606//7606 
f 7624//7624 7608//7608 7607//7607 
f 7625//7625 7609//7609 7608//7608 
f 7626//7626 7610//7610 7609//7609 
f 7627//7627 7611//7611 7610//7610 
f 7628//7628 7612//7612 7611//7611 
f 7629//7629 7613//7613 7612//7612 
f 7630//7630 7614//7614 7613//7613 
f 7614//7614 7630//7630 7631//7631 
f 7617//7617 7616//7616 7632//7632 
f 7632//7632 7633//7633 7617//7617 
f 7634//7634 7618//7618 7617//7617 
f 7635//7635 7619//7619 7618//7618 
f 7636//7636 7620//7620 7619//7619 
f 7637//7637 7621//7621 7620//7620 
f 7638//7638 7622//7622 7621//7621 
f 7639//7639 7623//7623 7622//7622 
f 7640//7640 7624//7624 7623//7623 
f 7641//7641 7625//7625 7624//7624 
f 7642//7642 7626//7626 7625//7625 
f 7643//7643 7627//7627 7626//7626 
f 7644//7644 7628//7628 7627//7627 
f 7645//7645 7629//7629 7628//7628 
f 7646//7646 7630//7630 7629//7629 
f 7630//7630 7646//7646 7647//7647 
f 7648//7648 7649//7649 7633//7633 
f 7650//7650 7634//7634 7633//7633 
f 7651//7651 7635//7635 7634//7634 
f 7652//7652 7636//7636 7635//7635 
f 7653//7653 7637//7637 7636//7636 
f 7654//7654 7638//7638 7637//7637 
f 7655//7655 7639//7639 7638//7638 
f 7656//7656 7640//7640 7639//7639 
f 7657//7657 7641//7641 7640//7640 
f 7658//7658 7642//7642 7641//7641 
f 7659//7659 7643//7643 7642//7642 
f 7660//7660 7644//7644 7643//7643 
f 7661//7661 7645//7645 7644//7644 
f 7662//7662 7646//7646 7645//7645 
f 7646//7646 7662//7662 7663//7663 
f 7664//7664 7650//7650 7649//7649 
f 7665//7665 7651//7651 7650//7650 
f 7666//7666 7652//7652 7651//7651 
f 7667//7667 7653//7653 7652//7652 
f 7668//7668 7654//7654 7653//7653 
f 7669//7669 7655//7655 7654//7654 
f 7670//7670 7656//7656 7655//7655 
f 7671//7671 7657//7657 7656//7656 
f 7672//7672 7658//7658 7657//7657 
f 7673//7673 7659//7659 7658//7658 
f 7674//7674 7660//7660 7659//7659 
f 7675//7675 7661//7661 7660//7660 
f 7676//7676 7662//7662 7661//7661 
f 7662//7662 7676//7676 7677//7677 
f 7678//7678 7664//7664 7679//7679 
f 7680//7680 7665//7665 7664//7664 
f 7681//7681 7666//7666 7665//7665 
f 7682//7682 7667//7667 7666//7666 
f 7683//7683 7668//7668 7667//7667 
f 7684//7684 7669//7669 7668//7668 
f 7685//7685 7670//7670 7669//7669 
f 7686//7686 7671//7671 7670//7670 
f 7687//7687 7672//7672 7671//7671 
f 7688//7688 7673//7673 7672//7672 
f 7689//7689 7674//7674 7673//7673 
f 7690//7690 7675//7675 7674//7674 
f 7691//7691 7676//7676 7675//7675 
f 7676//7676 7691//7691 7692//7692 
f 7693//7693 7678//7678 7694//7694 
f 7695//7695 7680//7680 7678//7678 
f 7696//7696 7681//7681 7680//7680 
f 7697//7697 7682//7682 7681//7681 
f 7698//7698 7683//7683 7682//7682 
f 7699//7699 7684//7684 7683//7683 
f 7700//7700 7685//7685 7684//7684 
f 7701//7701 7686//7686 7685//7685 
f 7702//7702 7687//7687 7686//7686 
f 7703//7703 7688//7688 7687//7687 
f 7704//7704 7689//7689 7688//7688 
f 7705//7705 7690//7690 7689//7689 
f 7706//7706 7691//7691 7690//7690 
f 7691//7691 7706//7706 7707//7707 
f 7708//7708 7693//7693 7709//7709 
f 7710//7710 7695//7695 7693//7693 
f 7711//7711 7696//7696 7695//7695 
f 7712//7712 7697//7697 7696//7696 
f 7713//7713 7698//7698 7697//7697 
f 7714//7714 7699//7699 7698//7698 
f 7715//7715 7700//7700 7699//7699 
f 7716//7716 7701//7701 7700//7700 
f 7717//7717 7702//7702 7701//7701 
f 7718//7718 7703//7703 7702//7702 
f 7719//7719 7704//7704 7703//7703 
f 7720//7720 7705//7705 7704//7704 
f 7721//7721 7706//7706 7705//7705 
f 7706//7706 7721//7721 7722//7722 
f 7723//7723 7708//7708 7724//7724 
f 7725//7725 7710//7710 7708//7708 
f 7726//7726 7711//7711 7710//7710 
f 7727//7727 7712//7712 7711//7711 
f 7728//7728 7713//7713 7712//7712 
f 7729//7729 7714//7714 7713//7713 
f 7730//7730 7715//7715 7714//7714 
f 7731//7731 7716//7716 7715//7715 
f 7732//7732 7717//7717 7716//7716 
f 7733//7733 7718//7718 7717//7717 
f 7734//7734 7719//7719 7718//7718 
f 7735//7735 7720//7720 7719//7719 
f 7736//7736 7721//7721 7720//7720 
f 7721//7721 7736//7736 7737//7737 
f 7738//7738 7725//7725 7723//7723 
f 7739//7739 7726//7726 7725//7725 
f 7740//7740 7727//7727 7726//7726 
f 7741//7741 7728//7728 7727//7727 
f 7742//7742 7729//7729 7728//7728 
f 7743//7743 7730//7730 7729//7729 
f 7744//7744 7731//7731 7730//7730 
f 7745//7745 7732//7732 7731//7731 
f 7746//7746 7733//7733 7732//7732 
f 7747//7747 7734//7734 7733//7733 
f 7748//7748 7735//7735 7734//7734 
f 7749//7749 7736//7736 7735//7735 
f 7736//7736 7749//7749 7750//7750 
f 7751//7751 7738//7738 7752//7752 
f 7753//7753 7739//7739 7738//7738 
f 7754//7754 7740//7740 7739//7739 
f 7755//7755 7741//7741 7740//7740 
f 7756//7756 7742//7742 7741//7741 
f 7757//7757 7743//7743 7742//7742 
f 7758//7758 7744//7744 7743//7743 
f 7759//7759 7745//7745 7744//7744 
f 7760//7760 7746//7746 7745//7745 
f 7761//7761 7747//7747 7746//7746 
f 7762//7762 7748//7748 7747//7747 
f 7763//7763 7749//7749 7748//7748 
f 7749//7749 7763//7763 7764//7764 
f 7765//7765 7766//7766 7481//7481 
f 7479//7479 7481//7481 7767//7767 
f 7481//7481 7766//7766 7767//7767 
f 7477//7477 7479//7479 7768//7768 
f 7479//7479 7769//7769 7768//7768 
f 7475//7475 7477//7477 7770//7770 
f 7477//7477 7771//7771 7770//7770 
f 7473//7473 7475//7475 7772//7772 
f 7475//7475 7773//7773 7772//7772 
f 7471//7471 7473//7473 7774//7774 
f 7473//7473 7775//7775 7774//7774 
f 7471//7471 7776//7776 7777//7777 
f 7777//7777 7469//7469 7471//7471 
f 7469//7469 7778//7778 7779//7779 
f 7779//7779 7467//7467 7469//7469 
f 7467//7467 7780//7780 7781//7781 
f 7781//7781 7465//7465 7467//7467 
f 7465//7465 7782//7782 7783//7783 
f 7783//7783 7463//7463 7465//7465 
f 7463//7463 7784//7784 7785//7785 
f 7785//7785 7461//7461 7463//7463 
f 7459//7459 7461//7461 7786//7786 
f 7786//7786 7787//7787 7459//7459 
f 7457//7457 7459//7459 7788//7788 
f 7788//7788 7789//7789 7457//7457 
f 7452//7452 7457//7457 7790//7790 
f 7790//7790 7791//7791 7452//7452 
f 7792//7792 7793//7793 7455//7455 
f 7649//7649 7794//7794 7795//7795 
f 7795//7795 7679//7679 7649//7649 
f 7649//7649 7648//7648 7794//7794 
f 7694//7694 7679//7679 7796//7796 
f 7679//7679 7797//7797 7796//7796 
f 7679//7679 7798//7798 7797//7797 
f 7709//7709 7694//7694 7799//7799 
f 7694//7694 7800//7800 7799//7799 
f 7694//7694 7801//7801 7800//7800 
f 7724//7724 7709//7709 7802//7802 
f 7709//7709 7803//7803 7802//7802 
f 7709//7709 7804//7804 7803//7803 
f 7724//7724 7805//7805 7806//7806 
f 7724//7724 7807//7807 7805//7805 
f 7806//7806 7808//7808 7724//7724 
f 7723//7723 7809//7809 7810//7810 
f 7810//7810 7752//7752 7723//7723 
f 7723//7723 7808//7808 7811//7811 
f 7811//7811 7809//7809 7723//7723 
f 7812//7812 7752//7752 7813//7813 
f 7813//7813 7814//7814 7812//7812 
f 7752//7752 7815//7815 7813//7813 
f 7816//7816 7817//7817 7812//7812 
f 7812//7812 7817//7817 7818//7818 
f 7818//7818 7751//7751 7812//7812 
f 7819//7819 7820//7820 7753//7753 
f 7754//7754 7753//7753 7821//7821 
f 7753//7753 7820//7820 7821//7821 
f 7754//7754 7822//7822 7823//7823 
f 7823//7823 7755//7755 7754//7754 
f 7824//7824 7825//7825 7756//7756 
f 7757//7757 7756//7756 7826//7826 
f 7756//7756 7825//7825 7826//7826 
f 7757//7757 7827//7827 7828//7828 
f 7828//7828 7758//7758 7757//7757 
f 7829//7829 7830//7830 7759//7759 
f 7760//7760 7759//7759 7831//7831 
f 7759//7759 7830//7830 7831//7831 
f 7760//7760 7832//7832 7833//7833 
f 7833//7833 7761//7761 7760//7760 
f 7834//7834 7835//7835 7762//7762 
f 7763//7763 7762//7762 7836//7836 
f 7762//7762 7835//7835 7836//7836 
f 7763//7763 7837//7837 7838//7838 
f 7838//7838 7764//7764 7763//7763 
f 7836//7836 7837//7837 7763//7763 
f 7762//7762 7761//7761 7834//7834 
f 7833//7833 7834//7834 7761//7761 
f 7831//7831 7832//7832 7760//7760 
f 7759//7759 7758//7758 7829//7829 
f 7828//7828 7829//7829 7758//7758 
f 7826//7826 7827//7827 7757//7757 
f 7756//7756 7755//7755 7824//7824 
f 7823//7823 7824//7824 7755//7755 
f 7821//7821 7822//7822 7754//7754 
f 7753//7753 7751//7751 7819//7819 
f 7818//7818 7819//7819 7751//7751 
f 7812//7812 7839//7839 7816//7816 
f 7814//7814 7839//7839 7812//7812 
f 7810//7810 7815//7815 7752//7752 
f 7811//7811 7808//7808 7840//7840 
f 7806//7806 7840//7840 7808//7808 
f 7802//7802 7807//7807 7724//7724 
f 7799//7799 7804//7804 7709//7709 
f 7796//7796 7801//7801 7694//7694 
f 7795//7795 7798//7798 7679//7679 
f 7455//7455 7452//7452 7792//7792 
f 7791//7791 7792//7792 7452//7452 
f 7789//7789 7790//7790 7457//7457 
f 7787//7787 7788//7788 7459//7459 
f 7785//7785 7786//7786 7461//7461 
f 7783//7783 7784//7784 7463//7463 
f 7781//7781 7782//7782 7465//7465 
f 7779//7779 7780//7780 7467//7467 
f 7777//7777 7778//7778 7469//7469 
f 7774//7774 7776//7776 7471//7471 
f 7772//7772 7775//7775 7473//7473 
f 7770//7770 7773//7773 7475//7475 
f 7768//7768 7771//7771 7477//7477 
f 7767//7767 7769//7769 7479//7479 
f 7481//7481 7841//7841 7765//7765 
f 7764//7764 7750//7750 7749//7749 
f 7748//7748 7762//7762 7763//7763 
f 7747//7747 7761//7761 7762//7762 
f 7746//7746 7760//7760 7761//7761 
f 7745//7745 7759//7759 7760//7760 
f 7744//7744 7758//7758 7759//7759 
f 7743//7743 7757//7757 7758//7758 
f 7742//7742 7756//7756 7757//7757 
f 7741//7741 7755//7755 7756//7756 
f 7740//7740 7754//7754 7755//7755 
f 7739//7739 7753//7753 7754//7754 
f 7738//7738 7751//7751 7753//7753 
f 7752//7752 7812//7812 7751//7751 
f 7750//7750 7737//7737 7736//7736 
f 7735//7735 7748//7748 7749//7749 
f 7734//7734 7747//7747 7748//7748 
f 7733//7733 7746//7746 7747//7747 
f 7732//7732 7745//7745 7746//7746 
f 7731//7731 7744//7744 7745//7745 
f 7730//7730 7743//7743 7744//7744 
f 7729//7729 7742//7742 7743//7743 
f 7728//7728 7741//7741 7742//7742 
f 7727//7727 7740//7740 7741//7741 
f 7726//7726 7739//7739 7740//7740 
f 7725//7725 7738//7738 7739//7739 
f 7723//7723 7752//7752 7738//7738 
f 7737//7737 7722//7722 7721//7721 
f 7720//7720 7735//7735 7736//7736 
f 7719//7719 7734//7734 7735//7735 
f 7718//7718 7733//7733 7734//7734 
f 7717//7717 7732//7732 7733//7733 
f 7716//7716 7731//7731 7732//7732 
f 7715//7715 7730//7730 7731//7731 
f 7714//7714 7729//7729 7730//7730 
f 7713//7713 7728//7728 7729//7729 
f 7712//7712 7727//7727 7728//7728 
f 7711//7711 7726//7726 7727//7727 
f 7710//7710 7725//7725 7726//7726 
f 7708//7708 7723//7723 7725//7725 
f 7724//7724 7808//7808 7723//7723 
f 7722//7722 7707//7707 7706//7706 
f 7705//7705 7720//7720 7721//7721 
f 7704//7704 7719//7719 7720//7720 
f 7703//7703 7718//7718 7719//7719 
f 7702//7702 7717//7717 7718//7718 
f 7701//7701 7716//7716 7717//7717 
f 7700//7700 7715//7715 7716//7716 
f 7699//7699 7714//7714 7715//7715 
f 7698//7698 7713//7713 7714//7714 
f 7697//7697 7712//7712 7713//7713 
f 7696//7696 7711//7711 7712//7712 
f 7695//7695 7710//7710 7711//7711 
f 7693//7693 7708//7708 7710//7710 
f 7709//7709 7724//7724 7708//7708 
f 7707//7707 7692//7692 7691//7691 
f 7690//7690 7705//7705 7706//7706 
f 7689//7689 7704//7704 7705//7705 
f 7688//7688 7703//7703 7704//7704 
f 7687//7687 7702//7702 7703//7703 
f 7686//7686 7701//7701 7702//7702 
f 7685//7685 7700//7700 7701//7701 
f 7684//7684 7699//7699 7700//7700 
f 7683//7683 7698//7698 7699//7699 
f 7682//7682 7697//7697 7698//7698 
f 7681//7681 7696//7696 7697//7697 
f 7680//7680 7695//7695 7696//7696 
f 7678//7678 7693//7693 7695//7695 
f 7694//7694 7709//7709 7693//7693 
f 7692//7692 7677//7677 7676//7676 
f 7675//7675 7690//7690 7691//7691 
f 7674//7674 7689//7689 7690//7690 
f 7673//7673 7688//7688 7689//7689 
f 7672//7672 7687//7687 7688//7688 
f 7671//7671 7686//7686 7687//7687 
f 7670//7670 7685//7685 7686//7686 
f 7669//7669 7684//7684 7685//7685 
f 7668//7668 7683//7683 7684//7684 
f 7667//7667 7682//7682 7683//7683 
f 7666//7666 7681//7681 7682//7682 
f 7665//7665 7680//7680 7681//7681 
f 7664//7664 7678//7678 7680//7680 
f 7679//7679 7694//7694 7678//7678 
f 7677//7677 7663//7663 7662//7662 
f 7661//7661 7675//7675 7676//7676 
f 7660//7660 7674//7674 7675//7675 
f 7659//7659 7673//7673 7674//7674 
f 7658//7658 7672//7672 7673//7673 
f 7657//7657 7671//7671 7672//7672 
f 7656//7656 7670//7670 7671//7671 
f 7655//7655 7669//7669 7670//7670 
f 7654//7654 7668//7668 7669//7669 
f 7653//7653 7667//7667 7668//7668 
f 7652//7652 7666//7666 7667//7667 
f 7651//7651 7665//7665 7666//7666 
f 7650//7650 7664//7664 7665//7665 
f 7649//7649 7679//7679 7664//7664 
f 7663//7663 7647//7647 7646//7646 
f 7645//7645 7661//7661 7662//7662 
f 7644//7644 7660//7660 7661//7661 
f 7643//7643 7659//7659 7660//7660 
f 7642//7642 7658//7658 7659//7659 
f 7641//7641 7657//7657 7658//7658 
f 7640//7640 7656//7656 7657//7657 
f 7639//7639 7655//7655 7656//7656 
f 7638//7638 7654//7654 7655//7655 
f 7637//7637 7653//7653 7654//7654 
f 7636//7636 7652//7652 7653//7653 
f 7635//7635 7651//7651 7652//7652 
f 7634//7634 7650//7650 7651//7651 
f 7633//7633 7649//7649 7650//7650 
f 7633//7633 7842//7842 7648//7648 
f 7647//7647 7631//7631 7630//7630 
f 7629//7629 7645//7645 7646//7646 
f 7628//7628 7644//7644 7645//7645 
f 7627//7627 7643//7643 7644//7644 
f 7626//7626 7642//7642 7643//7643 
f 7625//7625 7641//7641 7642//7642 
f 7624//7624 7640//7640 7641//7641 
f 7623//7623 7639//7639 7640//7640 
f 7622//7622 7638//7638 7639//7639 
f 7621//7621 7637//7637 7638//7638 
f 7620//7620 7636//7636 7637//7637 
f 7619//7619 7635//7635 7636//7636 
f 7618//7618 7634//7634 7635//7635 
f 7617//7617 7633//7633 7634//7634 
f 7632//7632 7842//7842 7633//7633 
f 7631//7631 7615//7615 7614//7614 
f 7613//7613 7629//7629 7630//7630 
f 7612//7612 7628//7628 7629//7629 
f 7611//7611 7627//7627 7628//7628 
f 7610//7610 7626//7626 7627//7627 
f 7609//7609 7625//7625 7626//7626 
f 7608//7608 7624//7624 7625//7625 
f 7607//7607 7623//7623 7624//7624 
f 7606//7606 7622//7622 7623//7623 
f 7605//7605 7621//7621 7622//7622 
f 7604//7604 7620//7620 7621//7621 
f 7603//7603 7619//7619 7620//7620 
f 7602//7602 7618//7618 7619//7619 
f 7601//7601 7617//7617 7618//7618 
f 7601//7601 7843//7843 7616//7616 
f 7615//7615 7598//7598 7597//7597 
f 7596//7596 7613//7613 7614//7614 
f 7595//7595 7612//7612 7613//7613 
f 7594//7594 7611//7611 7612//7612 
f 7593//7593 7610//7610 7611//7611 
f 7592//7592 7609//7609 7610//7610 
f 7591//7591 7608//7608 7609//7609 
f 7590//7590 7607//7607 7608//7608 
f 7589//7589 7606//7606 7607//7607 
f 7588//7588 7605//7605 7606//7606 
f 7587//7587 7604//7604 7605//7605 
f 7586//7586 7603//7603 7604//7604 
f 7585//7585 7602//7602 7603//7603 
f 7599//7599 7601//7601 7602//7602 
f 7600//7600 7843//7843 7601//7601 
f 7598//7598 7582//7582 7581//7581 
f 7580//7580 7596//7596 7597//7597 
f 7579//7579 7595//7595 7596//7596 
f 7578//7578 7594//7594 7595//7595 
f 7577//7577 7593//7593 7594//7594 
f 7576//7576 7592//7592 7593//7593 
f 7575//7575 7591//7591 7592//7592 
f 7574//7574 7590//7590 7591//7591 
f 7573//7573 7589//7589 7590//7590 
f 7572//7572 7588//7588 7589//7589 
f 7571//7571 7587//7587 7588//7588 
f 7570//7570 7586//7586 7587//7587 
f 7569//7569 7585//7585 7586//7586 
f 7567//7567 7599//7599 7585//7585 
f 7584//7584 7599//7599 7567//7567 
f 7582//7582 7565//7565 7564//7564 
f 7563//7563 7580//7580 7581//7581 
f 7562//7562 7579//7579 7580//7580 
f 7561//7561 7578//7578 7579//7579 
f 7560//7560 7577//7577 7578//7578 
f 7559//7559 7576//7576 7577//7577 
f 7558//7558 7575//7575 7576//7576 
f 7557//7557 7574//7574 7575//7575 
f 7556//7556 7573//7573 7574//7574 
f 7555//7555 7572//7572 7573//7573 
f 7554//7554 7571//7571 7572//7572 
f 7553//7553 7570//7570 7571//7571 
f 7552//7552 7569//7569 7570//7570 
f 7568//7568 7567//7567 7569//7569 
f 7568//7568 7551//7551 7566//7566 
f 7565//7565 7548//7548 7547//7547 
f 7546//7546 7563//7563 7564//7564 
f 7545//7545 7562//7562 7563//7563 
f 7544//7544 7561//7561 7562//7562 
f 7543//7543 7560//7560 7561//7561 
f 7542//7542 7559//7559 7560//7560 
f 7541//7541 7558//7558 7559//7559 
f 7540//7540 7557//7557 7558//7558 
f 7539//7539 7556//7556 7557//7557 
f 7538//7538 7555//7555 7556//7556 
f 7537//7537 7554//7554 7555//7555 
f 7536//7536 7553//7553 7554//7554 
f 7535//7535 7552//7552 7553//7553 
f 7549//7549 7568//7568 7552//7552 
f 7551//7551 7568//7568 7549//7549 
f 7548//7548 7532//7532 7531//7531 
f 7530//7530 7546//7546 7547//7547 
f 7529//7529 7545//7545 7546//7546 
f 7528//7528 7544//7544 7545//7545 
f 7527//7527 7543//7543 7544//7544 
f 7526//7526 7542//7542 7543//7543 
f 7525//7525 7541//7541 7542//7542 
f 7524//7524 7540//7540 7541//7541 
f 7523//7523 7539//7539 7540//7540 
f 7522//7522 7538//7538 7539//7539 
f 7521//7521 7537//7537 7538//7538 
f 7520//7520 7536//7536 7537//7537 
f 7519//7519 7535//7535 7536//7536 
f 7533//7533 7549//7549 7535//7535 
f 7534//7534 7549//7549 7533//7533 
f 7532//7532 7515//7515 7514//7514 
f 7513//7513 7530//7530 7531//7531 
f 7512//7512 7529//7529 7530//7530 
f 7511//7511 7528//7528 7529//7529 
f 7510//7510 7527//7527 7528//7528 
f 7509//7509 7526//7526 7527//7527 
f 7508//7508 7525//7525 7526//7526 
f 7507//7507 7524//7524 7525//7525 
f 7506//7506 7523//7523 7524//7524 
f 7505//7505 7522//7522 7523//7523 
f 7504//7504 7521//7521 7522//7522 
f 7503//7503 7520//7520 7521//7521 
f 7502//7502 7519//7519 7520//7520 
f 7516//7516 7533//7533 7519//7519 
f 7518//7518 7533//7533 7516//7516 
f 7515//7515 7499//7499 7498//7498 
f 7497//7497 7513//7513 7514//7514 
f 7496//7496 7512//7512 7513//7513 
f 7495//7495 7511//7511 7512//7512 
f 7494//7494 7510//7510 7511//7511 
f 7493//7493 7509//7509 7510//7510 
f 7492//7492 7508//7508 7509//7509 
f 7491//7491 7507//7507 7508//7508 
f 7490//7490 7506//7506 7507//7507 
f 7489//7489 7505//7505 7506//7506 
f 7488//7488 7504//7504 7505//7505 
f 7487//7487 7503//7503 7504//7504 
f 7486//7486 7502//7502 7503//7503 
f 7483//7483 7516//7516 7502//7502 
f 7501//7501 7516//7516 7483//7483 
f 7499//7499 7482//7482 7480//7480 
f 7478//7478 7497//7497 7498//7498 
f 7476//7476 7496//7496 7497//7497 
f 7474//7474 7495//7495 7496//7496 
f 7472//7472 7494//7494 7495//7495 
f 7470//7470 7493//7493 7494//7494 
f 7468//7468 7492//7492 7493//7493 
f 7466//7466 7491//7491 7492//7492 
f 7464//7464 7490//7490 7491//7491 
f 7462//7462 7489//7489 7490//7490 
f 7460//7460 7488//7488 7489//7489 
f 7458//7458 7487//7487 7488//7488 
f 7456//7456 7486//7486 7487//7487 
f 7484//7484 7483//7483 7486//7486 
f 7485//7485 7500//7500 7483//7483 
f 7482//7482 7841//7841 7481//7481 
f 7479//7479 7478//7478 7480//7480 
f 7477//7477 7476//7476 7478//7478 
f 7475//7475 7474//7474 7476//7476 
f 7473//7473 7472//7472 7474//7474 
f 7471//7471 7470//7470 7472//7472 
f 7469//7469 7468//7468 7470//7470 
f 7467//7467 7466//7466 7468//7468 
f 7465//7465 7464//7464 7466//7466 
f 7463//7463 7462//7462 7464//7464 
f 7461//7461 7460//7460 7462//7462 
f 7459//7459 7458//7458 7460//7460 
f 7457//7457 7456//7456 7458//7458 
f 7452//7452 7484//7484 7456//7456 
f 7454//7454 7484//7484 7452//7452 
v -0.0145287 -0.04175 0.0251502 
v -0.0143672 -0.04175 0.0254349 
v -0.014418 -0.0417004 0.0253457 
v -0.0144817 -0.0417002 0.0252266 
v -0.0145369 -0.0417002 0.025144 
v -0.0145342 -0.04175 0.0251422 
v -0.0143696 -0.0417006 0.0254362 
v -0.0143518 -0.04175 0.025462 
v -0.0142302 -0.04175 0.0257427 
v -0.0142704 -0.0417008 0.0256534 
v -0.014233 -0.0417009 0.0257439 
v -0.0143283 -0.0417007 0.0255136 
v -0.0142092 -0.04175 0.025791 
v -0.0141247 -0.04175 0.0260628 
v -0.0141588 -0.0417009 0.0259624 
v -0.0141281 -0.0417009 0.0260638 
v -0.0142026 -0.041701 0.0258175 
v -0.0141027 -0.04175 0.0261334 
v -0.0140517 -0.04175 0.0263918 
v -0.0140798 -0.0417008 0.0262711 
v -0.0140622 -0.0417007 0.02636 
v -0.0140558 -0.0417006 0.0263926 
v -0.0141065 -0.0417009 0.0261353 
v -0.0140333 -0.04175 0.0264851 
v -0.0140418 -0.0417005 0.0264639 
v -0.0140121 -0.04175 0.0267266 
v -0.0140166 -0.0417002 0.026727 
v -0.0140307 -0.0417004 0.0265791 
v -0.0140019 -0.04175 0.0268423 
v -0.0140096 -0.0417001 0.0268002 
v -0.0140077 -0.0417 0.0268864 
v -0.0140032 -0.04175 0.0269564 
v -0.0140062 -0.0417 0.0269564 
v -0.0146051 -0.0417001 0.0250421 
v -0.0146647 -0.04175 0.0249531 
v -0.0146647 -0.0417 0.0249531 
vn -0.844049 -6.47147e-17 0.536265 
vn -0.892345 -6.47147e-17 0.451353 
vn -0.878109 -6.47147e-17 0.47846 
vn -0.858106 -6.47147e-17 0.513473 
vn -0.842508 -6.47147e-17 0.538683 
vn -0.842498 -6.47147e-17 0.5387 
vn -0.892353 -6.47147e-17 0.451337 
vn -0.896505 -6.47147e-17 0.443033 
vn -0.933166 -6.47147e-17 0.359445 
vn -0.922261 -6.47147e-17 0.386567 
vn -0.933174 -6.47147e-17 0.359424 
vn -0.903867 -6.47147e-17 0.427815 
vn -0.938689 -6.47147e-17 0.344766 
vn -0.964549 -6.47147e-17 0.263902 
vn -0.955718 -6.47147e-17 0.294285 
vn -0.964557 -6.47147e-17 0.263874 
vn -0.941451 -6.47147e-17 0.33715 
vn -0.970128 -6.47147e-17 0.242594 
vn -0.986178 -6.47147e-17 0.16569 
vn -0.979378 -6.47147e-17 0.202038 
vn -0.984489 -6.47147e-17 0.175449 
vn -0.986184 -6.47147e-17 0.165655 
vn -0.970194 -6.47147e-17 0.242331 
vn -0.990476 -6.47147e-17 0.137686 
vn -0.989542 -6.47147e-17 0.144243 
vn -0.997833 -6.47147e-17 0.0658003 
vn -0.997835 -6.47147e-17 0.0657641 
vn -0.993932 -6.47147e-17 0.109996 
vn -0.999512 -6.47147e-17 0.0312398 
vn -0.999038 -6.47147e-17 0.0438526 
vn -0.999836 -6.47147e-17 0.0181258 
vn -0.999996 -6.47147e-17 -0.00275757 
vn -0.999996 -6.47147e-17 -0.00276044 
vn -0.822206 -6.47147e-17 0.56919 
vn -0.80359 -6.47147e-17 0.595183 
vn -0.80359 -6.47147e-17 0.595183 
f 7844//7844 7845//7845 7846//7846 
f 7846//7846 7847//7847 7844//7844 
f 7848//7848 7849//7849 7844//7844 
f 7845//7845 7850//7850 7846//7846 
f 7850//7850 7845//7845 7851//7851 
f 7851//7851 7852//7852 7853//7853 
f 7852//7852 7854//7854 7853//7853 
f 7853//7853 7855//7855 7851//7851 
f 7854//7854 7852//7852 7856//7856 
f 7856//7856 7857//7857 7858//7858 
f 7857//7857 7859//7859 7858//7858 
f 7858//7858 7860//7860 7856//7856 
f 7859//7859 7857//7857 7861//7861 
f 7861//7861 7862//7862 7863//7863 
f 7862//7862 7864//7864 7863//7863 
f 7862//7862 7865//7865 7864//7864 
f 7863//7863 7866//7866 7861//7861 
f 7862//7862 7867//7867 7868//7868 
f 7869//7869 7870//7870 7871//7871 
f 7871//7871 7867//7867 7869//7869 
f 7871//7871 7868//7868 7867//7867 
f 7869//7869 7872//7872 7873//7873 
f 7872//7872 7874//7874 7873//7873 
f 7875//7875 7876//7876 7874//7874 
f 7874//7874 7872//7872 7875//7875 
f 7849//7849 7848//7848 7877//7877 
f 7877//7877 7878//7878 7849//7849 
f 7877//7877 7879//7879 7878//7878 
f 7873//7873 7870//7870 7869//7869 
f 7868//7868 7865//7865 7862//7862 
f 7861//7861 7866//7866 7859//7859 
f 7856//7856 7860//7860 7854//7854 
f 7851//7851 7855//7855 7850//7850 
f 7847//7847 7848//7848 7844//7844 
v -0.0140333 -0.04975 0.0264851 
v -0.0140019 -0.04975 0.0268423 
v -0.0140121 -0.04175 0.0267266 
v -0.0140019 -0.04175 0.0268423 
v -0.0141027 -0.04975 0.0261334 
v -0.0140517 -0.04175 0.0263918 
v -0.0140333 -0.04175 0.0264851 
v -0.0142092 -0.04975 0.025791 
v -0.0141247 -0.04175 0.0260628 
v -0.0141027 -0.04175 0.0261334 
v -0.0143518 -0.04975 0.025462 
v -0.0142302 -0.04175 0.0257427 
v -0.0142092 -0.04175 0.025791 
v -0.0143518 -0.04175 0.025462 
v -0.0143672 -0.04175 0.0254349 
v -0.0145287 -0.04975 0.0251502 
v -0.0147396 -0.0416826 0.0248604 
v -0.0147379 -0.04975 0.024859 
v -0.0146647 -0.04175 0.0249531 
v -0.0145287 -0.04175 0.0251502 
v -0.0145342 -0.04175 0.0251422 
v -0.014977 -0.04975 0.0245918 
v -0.0148242 -0.0416629 0.0247558 
v -0.0149487 -0.041634 0.0246205 
v -0.0152433 -0.04975 0.0243517 
v -0.0149776 -0.0416272 0.0245924 
v -0.0150826 -0.0416028 0.0244903 
v -0.0152259 -0.0415695 0.0243659 
v -0.0155337 -0.04975 0.0241415 
v -0.0152436 -0.0415653 0.0243522 
v -0.0153783 -0.041534 0.0242481 
v -0.015845 -0.04975 0.0239635 
v -0.0155339 -0.0414978 0.0241417 
v -0.0155397 -0.0414965 0.0241377 
v -0.0157096 -0.0414569 0.0240356 
v -0.0161735 -0.04975 0.0238198 
v -0.0158455 -0.0414253 0.0239645 
v -0.0158876 -0.0414155 0.0239425 
v -0.016073 -0.0413724 0.0238594 
v -0.0165154 -0.04975 0.023712 
v -0.016174 -0.0413489 0.0238213 
v -0.0162652 -0.0413277 0.0237869 
v -0.0164632 -0.0412816 0.0237259 
v -0.016867 -0.04975 0.0236414 
v -0.0165157 -0.0412694 0.0237133 
v -0.016666 -0.0412344 0.023677 
v -0.0169802 -0.04975 0.0236269 
v -0.016867 -0.0411877 0.0236416 
v -0.0168727 -0.0411863 0.0236406 
v -0.014 -0.04975 0.0269564 
v -0.0140032 -0.04175 0.0269564 
v -0.0169802 -0.0411613 0.0236269 
v -0.0146647 -0.0417 0.0249531 
vn -0.990055 -6.06234e-17 0.140681 
vn -0.99942 -6.11968e-17 0.034064 
vn -0.997638 0 0.0686912 
vn -0.99942 -6.11968e-17 0.034064 
vn -0.969349 -5.93555e-17 0.245687 
vn -0.985664 0 0.168722 
vn -0.990055 0 0.140681 
vn -0.937539 -5.74077e-17 0.347879 
vn -0.963694 0 0.267009 
vn -0.969349 0 0.245687 
vn -0.89499 -5.48023e-17 0.446086 
vn -0.931962 0 0.362556 
vn -0.937539 0 0.347879 
vn -0.89499 0 0.446086 
vn -0.890798 0 0.454399 
vn -0.842189 -5.15692e-17 0.539182 
vn -0.779742 0 0.626101 
vn -0.779741 -4.77453e-17 0.626103 
vn -0.801519 0 0.597969 
vn -0.842189 0 0.539182 
vn -0.840628 0 0.541613 
vn -0.70836 -4.33745e-17 0.705851 
vn -0.753972 0 0.656906 
vn -0.7168 0 0.697278 
vn -0.628865 -3.85069e-17 0.777514 
vn -0.708363 0 0.705848 
vn -0.676826 0 0.736143 
vn -0.634067 0 0.773278 
vn -0.542167 -3.31982e-17 0.840271 
vn -0.628868 0 0.777512 
vn -0.588567 0 0.808448 
vn -0.449258 -2.75091e-17 0.893402 
vn -0.542166 0 0.840272 
vn -0.540403 0 0.841406 
vn -0.489682 0 0.871901 
vn -0.351203 -2.1505e-17 0.936299 
vn -0.449254 0 0.893404 
vn -0.436551 0 0.89968 
vn -0.381193 0 0.924496 
vn -0.249125 -1.52545e-17 0.968471 
vn -0.351203 0 0.936299 
vn -0.323831 0 0.946115 
vn -0.264725 0 0.964324 
vn -0.144193 -8.8293e-18 0.98955 
vn -0.249131 0 0.96847 
vn -0.204169 0 0.978936 
vn -0.110402 0 0.993887 
vn -0.144192 0 0.98955 
vn -0.142489 0 0.989796 
vn -1 0 0 
vn -1 0 5.54206e-07 
vn -0.110402 0 0.993887 
vn -0.801519 0 0.597969 
f 7880//7880 7881//7881 7882//7882 
f 7881//7881 7883//7883 7882//7882 
f 7884//7884 7880//7880 7885//7885 
f 7880//7880 7886//7886 7885//7885 
f 7887//7887 7884//7884 7888//7888 
f 7884//7884 7889//7889 7888//7888 
f 7890//7890 7887//7887 7891//7891 
f 7887//7887 7892//7892 7891//7891 
f 7890//7890 7893//7893 7894//7894 
f 7894//7894 7895//7895 7890//7890 
f 7896//7896 7897//7897 7898//7898 
f 7895//7895 7899//7899 7900//7900 
f 7900//7900 7897//7897 7895//7895 
f 7900//7900 7898//7898 7897//7897 
f 7901//7901 7902//7902 7903//7903 
f 7901//7901 7897//7897 7896//7896 
f 7896//7896 7902//7902 7901//7901 
f 7904//7904 7901//7901 7905//7905 
f 7905//7905 7906//7906 7904//7904 
f 7906//7906 7907//7907 7904//7904 
f 7908//7908 7904//7904 7909//7909 
f 7909//7909 7910//7910 7908//7908 
f 7911//7911 7908//7908 7912//7912 
f 7912//7912 7913//7913 7911//7911 
f 7913//7913 7914//7914 7911//7911 
f 7915//7915 7911//7911 7916//7916 
f 7916//7916 7917//7917 7915//7915 
f 7917//7917 7918//7918 7915//7915 
f 7919//7919 7915//7915 7920//7920 
f 7920//7920 7921//7921 7919//7919 
f 7921//7921 7922//7922 7919//7919 
f 7923//7923 7919//7919 7924//7924 
f 7924//7924 7925//7925 7923//7923 
f 7926//7926 7923//7923 7927//7927 
f 7927//7927 7928//7928 7926//7926 
f 7881//7881 7929//7929 7930//7930 
f 7930//7930 7883//7883 7881//7881 
f 7928//7928 7931//7931 7926//7926 
f 7925//7925 7927//7927 7923//7923 
f 7922//7922 7924//7924 7919//7919 
f 7918//7918 7920//7920 7915//7915 
f 7914//7914 7916//7916 7911//7911 
f 7910//7910 7912//7912 7908//7908 
f 7907//7907 7909//7909 7904//7904 
f 7903//7903 7905//7905 7901//7901 
f 7898//7898 7932//7932 7896//7896 
f 7894//7894 7899//7899 7895//7895 
f 7891//7891 7893//7893 7890//7890 
f 7888//7888 7892//7892 7887//7887 
f 7885//7885 7889//7889 7884//7884 
f 7882//7882 7886//7886 7880//7880 
v -0.014 -0.04975 0.0269564 
v -0.014 -0.04975 0.0402081 
v -0.014003 -0.04175 0.0398277 
v -0.014 -0.0427 0.0402081 
v -0.0139994 -0.04175 0.0402081 
v -0.0140032 -0.04175 0.0269564 
vn -1 -6.12323e-17 1.8987e-16 
vn -1 -6.12323e-17 1.8987e-16 
vn -1 -6.12323e-17 1.8987e-16 
vn -1 -6.12323e-17 1.8987e-16 
vn -1 -6.12323e-17 1.8987e-16 
vn -1 -6.12323e-17 1.8987e-16 
f 7933//7933 7934//7934 7935//7935 
f 7935//7935 7934//7934 7936//7936 
f 7936//7936 7937//7937 7935//7935 
f 7935//7935 7938//7938 7933//7933 
v -0.014003 -0.04175 0.0398277 
v -0.014006 -0.0417 0.0398277 
v -0.0140062 -0.0417 0.0269564 
v -0.0140032 -0.04175 0.0269564 
vn -1 -6.12323e-17 1.8987e-16 
vn -1 -6.12323e-17 1.8987e-16 
vn -1 -6.12323e-17 1.8987e-16 
vn -1 -6.12323e-17 1.8987e-16 
f 7939//7939 7940//7940 7941//7941 
f 7941//7941 7942//7942 7939//7939 
v -0.0169802 -0.04975 0.0236269 
v -0.0308685 -0.04975 0.0108784 
v -0.0309413 -0.04975 0.0105904 
v -0.0246805 -0.04975 0.0223051 
v -0.0248192 -0.04975 0.0221445 
v -0.0307676 -0.04975 0.0111578 
v -0.0245256 -0.04975 0.0224501 
v -0.0241742 -0.04975 0.022687 
v -0.0243562 -0.04975 0.0225779 
v -0.0306395 -0.04975 0.0114258 
v -0.024998 -0.04975 0.0218699 
v -0.0249401 -0.04975 0.0219702 
v -0.0239817 -0.04975 0.0227762 
v -0.0234591 -0.04975 0.0229072 
v -0.0235738 -0.04975 0.0228911 
v -0.0309853 -0.04975 0.0102967 
v -0.016867 -0.04975 0.0236414 
v 0.0064161 -0.04975 0.0328181 
v 0.00487393 -0.04975 0.0357384 
v -0.014 -0.04975 0.0269564 
v 0.00277822 -0.04975 0.0419918 
v 0.00224923 -0.04975 0.0452516 
v -0.0133336 -0.04975 0.0434048 
v -0.0152433 -0.04975 0.0243517 
v -0.0155337 -0.04975 0.0241415 
v -0.0147379 -0.04975 0.024859 
v -0.014977 -0.04975 0.0245918 
v -0.0140333 -0.04975 0.0264851 
v -0.0141027 -0.04975 0.0261334 
v -0.0140019 -0.04975 0.0268423 
v -0.0136377 -0.04975 0.0425884 
v -0.0145287 -0.04975 0.0251502 
v -0.0142092 -0.04975 0.025791 
v -0.0143518 -0.04975 0.025462 
v -0.0138512 -0.04975 0.0417438 
v -0.0165154 -0.04975 0.023712 
v -0.015845 -0.04975 0.0239635 
v -0.0161735 -0.04975 0.0238198 
v 0.00230172 -0.04975 0.071467 
v -1.02974e-05 -0.04975 0.0680486 
v 0.0064672 -0.04975 0.0642668 
v -0.000858428 -0.04975 0.0665598 
v 0.0020758 -0.04975 0.0485496 
v -0.0130388 -0.04975 0.0440102 
v -0.0139717 -0.04975 0.0408809 
v 0.0347062 -0.04975 0.0864402 
v 0.0305794 -0.04975 0.0864475 
v 0.0325758 -0.04975 0.079 
v 0.00491555 -0.04975 0.0613516 
v 0.00279952 -0.04975 0.055105 
v -0.014 -0.04975 0.0402081 
v 0.00365655 -0.04975 0.0388083 
v 0.00826496 -0.04975 0.0300817 
v -0.031 -0.04975 0.0015 
v -0.0295 -0.04975 0 
v 0.0602729 -0.04975 0.0745167 
v 0.0547527 -0.04975 0.0694388 
v 0.0568866 -0.04975 0.0669183 
v 0.0572883 -0.04975 0.0773668 
v 0.0523588 -0.04975 0.0717138 
v 0.030974 -0.04975 0.0789579 
v 0.0264761 -0.04975 0.0860073 
v 0.0276903 -0.04975 0.0786062 
v 0.0036882 -0.04975 0.0582857 
v 0.00225995 -0.04975 0.0518469 
v -0.0237808 -0.04975 0.0228445 
v -0.031 -0.04975 0.01 
v 0.0127927 -0.04975 0.0252862 
v 0.0103988 -0.04975 0.0275612 
v 0.0475 -0.04975 0 
v 0.0275925 -0.04975 0.0184098 
v 0.0540122 -0.04975 0.0798764 
v 0.049733 -0.04975 0.0737167 
v 0.0342765 -0.04975 0.0789525 
v 0.037559 -0.04975 0.0785902 
v 0.0212405 -0.04975 0.0201846 
v 0.0182455 -0.04975 0.0215761 
v 0.0243684 -0.04975 0.019125 
v 0.0341775 -0.04975 0.0180421 
v 0.030875 -0.04975 0.0180475 
v 0.0504833 -0.04975 0.0820159 
v 0.046906 -0.04975 0.0754239 
v 0.0428361 -0.04975 0.0850886 
v 0.0407831 -0.04975 0.077875 
v 0.043911 -0.04975 0.0768154 
v 0.0388079 -0.04975 0.0859855 
v 0.0224448 -0.04975 0.0851246 
v 0.0244639 -0.04975 0.0779015 
v 0.0154186 -0.04975 0.0232833 
v 0.0406876 -0.04975 0.0190985 
v 0.0497319 -0.04975 0.00130935 
v 0.0522832 -0.04975 0.025222 
v 0.0496509 -0.04975 0.0232277 
v 0.0657459 -0.04975 0.0299597 
v 0.0546845 -0.04975 0.0274892 
v 0.060236 -0.04975 0.0356484 
v 0.0586843 -0.04975 0.0327332 
v 0.0684955 -0.04975 0.0360996 
v 0.0614633 -0.04975 0.0387143 
v 0.0696284 -0.04975 0.0400679 
v 0.062352 -0.04975 0.041895 
v 0.0671455 -0.04975 0.0642776 
v 0.0602776 -0.04975 0.0612616 
v 0.061495 -0.04975 0.0581917 
v 0.0652307 -0.04975 0.0679333 
v 0.0587354 -0.04975 0.0641819 
v 0.0629308 -0.04975 0.0713598 
v 0.0467433 -0.04975 0.0837602 
v 0.018533 -0.04975 0.0838101 
v 0.0213326 -0.04975 0.0768521 
v 0.00796544 -0.04975 0.077454 
v 0.00497079 -0.04975 0.0746145 
v 0.010467 -0.04975 0.0695108 
v 0.00832494 -0.04975 0.0669972 
v 0.0438189 -0.04975 0.0201479 
v 0.066939 -0.04975 0.0322776 
v 0.0147868 -0.04975 0.082079 
v 0.0183331 -0.04975 0.0754703 
v 0.0112503 -0.04975 0.079952 
v 0.0155006 -0.04975 0.0737723 
v 0.0128683 -0.04975 0.071778 
v 0.0374612 -0.04975 0.0183938 
v 0.0568266 -0.04975 0.0300028 
v 0.0703243 -0.04975 0.0441356 
v 0.0628916 -0.04975 0.0451531 
v 0.0468184 -0.04975 0.0215297 
v 0.070575 -0.04975 0.0482548 
v 0.0630757 -0.04975 0.0484504 
v 0.0697341 -0.04975 0.0564533 
v 0.0623733 -0.04975 0.0550082 
v 0.0629023 -0.04975 0.0517484 
v 0.0686526 -0.04975 0.0604358 
v 0.0703775 -0.04975 0.0523769 
vn 6.12323e-17 -1 0 
vn 6.12323e-17 -1 0 
vn 6.12323e-17 -1 0 
vn 6.12323e-17 -1 0 
vn 6.12323e-17 -1 0 
vn 6.12323e-17 -1 0 
vn 6.12323e-17 -1 0 
vn 6.12323e-17 -1 0 
vn 6.12323e-17 -1 0 
vn 6.12323e-17 -1 0 
vn 6.12323e-17 -1 0 
vn 6.12323e-17 -1 0 
vn 6.12323e-17 -1 0 
vn 6.12323e-17 -1 0 
vn 6.12323e-17 -1 0 
vn 6.12323e-17 -1 0 
vn 6.12323e-17 -1 0 
vn 6.12323e-17 -1 0 
vn 6.12323e-17 -1 0 
vn 6.12323e-17 -1 0 
vn 6.12323e-17 -1 0 
vn 6.12323e-17 -1 0 
vn 6.12323e-17 -1 0 
vn 6.12323e-17 -1 0 
vn 6.12323e-17 -1 0 
vn 6.12323e-17 -1 0 
vn 6.12323e-17 -1 0 
vn 6.12323e-17 -1 0 
vn 6.12323e-17 -1 0 
vn 6.12323e-17 -1 0 
vn 6.12323e-17 -1 0 
vn 6.12323e-17 -1 0 
vn 6.12323e-17 -1 0 
vn 6.12323e-17 -1 0 
vn 6.12323e-17 -1 0 
vn 6.12323e-17 -1 0 
vn 6.12323e-17 -1 0 
vn 6.12323e-17 -1 0 
vn 6.12323e-17 -1 0 
vn 6.12323e-17 -1 0 
vn 6.12323e-17 -1 0 
vn 6.12323e-17 -1 0 
vn 6.12323e-17 -1 0 
vn 6.12323e-17 -1 0 
vn 6.12323e-17 -1 0 
vn 6.12323e-17 -1 0 
vn 6.12323e-17 -1 0 
vn 6.12323e-17 -1 0 
vn 6.12323e-17 -1 0 
vn 6.12323e-17 -1 0 
vn 6.12323e-17 -1 0 
vn 6.12323e-17 -1 0 
vn 6.12323e-17 -1 0 
vn 6.12323e-17 -1 0 
vn 6.12323e-17 -1 0 
vn 6.12323e-17 -1 0 
vn 6.12323e-17 -1 0 
vn 6.12323e-17 -1 0 
vn 6.12323e-17 -1 0 
vn 6.12323e-17 -1 0 
vn 6.12323e-17 -1 0 
vn 6.12323e-17 -1 0 
vn 6.12323e-17 -1 0 
vn 6.12323e-17 -1 0 
vn 6.12323e-17 -1 0 
vn 6.12323e-17 -1 0 
vn 6.12323e-17 -1 0 
vn 6.12323e-17 -1 0 
vn 6.12323e-17 -1 0 
vn 6.12323e-17 -1 0 
vn 6.12323e-17 -1 0 
vn 6.12323e-17 -1 0 
vn 6.12323e-17 -1 0 
vn 6.12323e-17 -1 0 
vn 6.12323e-17 -1 0 
vn 6.12323e-17 -1 0 
vn 6.12323e-17 -1 0 
vn 6.12323e-17 -1 0 
vn 6.12323e-17 -1 0 
vn 6.12323e-17 -1 0 
vn 6.12323e-17 -1 0 
vn 6.12323e-17 -1 0 
vn 6.12323e-17 -1 0 
vn 6.12323e-17 -1 0 
vn 6.12323e-17 -1 0 
vn 6.12323e-17 -1 0 
vn 6.12323e-17 -1 0 
vn 6.12323e-17 -1 0 
vn 6.12323e-17 -1 0 
vn 6.12323e-17 -1 0 
vn 6.12323e-17 -1 0 
vn 6.12323e-17 -1 0 
vn 6.12323e-17 -1 0 
vn 6.12323e-17 -1 0 
vn 6.12323e-17 -1 0 
vn 6.12323e-17 -1 0 
vn 6.12323e-17 -1 0 
vn 6.12323e-17 -1 0 
vn 6.12323e-17 -1 0 
vn 6.12323e-17 -1 0 
vn 6.12323e-17 -1 0 
vn 6.12323e-17 -1 0 
vn 6.12323e-17 -1 0 
vn 6.12323e-17 -1 0 
vn 6.12323e-17 -1 0 
vn 6.12323e-17 -1 0 
vn 6.12323e-17 -1 0 
vn 6.12323e-17 -1 0 
vn 6.12323e-17 -1 0 
vn 6.12323e-17 -1 0 
vn 6.12323e-17 -1 0 
vn 6.12323e-17 -1 0 
vn 6.12323e-17 -1 0 
vn 6.12323e-17 -1 0 
vn 6.12323e-17 -1 0 
vn 6.12323e-17 -1 0 
vn 6.12323e-17 -1 0 
vn 6.12323e-17 -1 0 
vn 6.12323e-17 -1 0 
vn 6.12323e-17 -1 0 
vn 6.12323e-17 -1 0 
vn 6.12323e-17 -1 0 
vn 6.12323e-17 -1 0 
vn 6.12323e-17 -1 0 
vn 6.12323e-17 -1 0 
vn 6.12323e-17 -1 0 
vn 6.12323e-17 -1 0 
vn 6.12323e-17 -1 0 
vn 6.12323e-17 -1 0 
vn 6.12323e-17 -1 0 
vn 6.12323e-17 -1 0 
vn 6.12323e-17 -1 0 
vn 6.12323e-17 -1 0 
f 7943//7943 7944//7944 7945//7945 
f 7943//7943 7946//7946 7947//7947 
f 7943//7943 7948//7948 7944//7944 
f 7943//7943 7949//7949 7946//7946 
f 7943//7943 7950//7950 7951//7951 
f 7943//7943 7952//7952 7948//7948 
f 7951//7951 7949//7949 7943//7943 
f 7943//7943 7953//7953 7952//7952 
f 7947//7947 7954//7954 7943//7943 
f 7954//7954 7953//7953 7943//7943 
f 7955//7955 7956//7956 7957//7957 
f 7958//7958 7959//7959 7943//7943 
f 7960//7960 7961//7961 7962//7962 
f 7963//7963 7964//7964 7965//7965 
f 7955//7955 7943//7943 7956//7956 
f 7945//7945 7958//7958 7943//7943 
f 7960//7960 7966//7966 7967//7967 
f 7960//7960 7968//7968 7969//7969 
f 7960//7960 7970//7970 7971//7971 
f 7962//7962 7972//7972 7960//7960 
f 7965//7965 7973//7973 7963//7963 
f 7943//7943 7955//7955 7950//7950 
f 7967//7967 7958//7958 7960//7960 
f 7960//7960 7974//7974 7968//7968 
f 7960//7960 7975//7975 7976//7976 
f 7972//7972 7970//7970 7960//7960 
f 7973//7973 7977//7977 7963//7963 
f 7958//7958 7978//7978 7959//7959 
f 7958//7958 7979//7979 7980//7980 
f 7969//7969 7966//7966 7960//7960 
f 7971//7971 7975//7975 7960//7960 
f 7981//7981 7982//7982 7983//7983 
f 7983//7983 7982//7982 7984//7984 
f 7964//7964 7985//7985 7986//7986 
f 7977//7977 7987//7987 7963//7963 
f 7980//7980 7978//7978 7958//7958 
f 7976//7976 7974//7974 7960//7960 
f 7988//7988 7989//7989 7990//7990 
f 7984//7984 7991//7991 7983//7983 
f 7984//7984 7986//7986 7992//7992 
f 7987//7987 7993//7993 7963//7963 
f 7993//7993 7962//7962 7994//7994 
f 7967//7967 7979//7979 7958//7958 
f 7995//7995 7960//7960 7958//7958 
f 7995//7995 7996//7996 7997//7997 
f 7998//7998 7999//7999 8000//8000 
f 8001//8001 8002//8002 7999//7999 
f 7989//7989 8003//8003 7990//7990 
f 7989//7989 8004//8004 8005//8005 
f 7984//7984 8006//8006 7991//7991 
f 7986//7986 8007//8007 7992//7992 
f 7994//7994 7963//7963 7993//7993 
f 7957//7957 8008//8008 7955//7955 
f 7958//7958 8009//8009 7995//7995 
f 7997//7997 8010//8010 8011//8011 
f 7997//7997 8012//8012 8013//8013 
f 7999//7999 7998//7998 8001//8001 
f 8014//8014 8015//8015 8002//8002 
f 7988//7988 8016//8016 8017//8017 
f 8005//8005 8003//8003 7989//7989 
f 7992//7992 8006//8006 7984//7984 
f 7961//7961 7994//7994 7962//7962 
f 7997//7997 8011//8011 7995//7995 
f 7997//7997 8018//8018 8019//8019 
f 8013//8013 8020//8020 7997//7997 
f 8012//8012 8021//8021 8022//8022 
f 8002//8002 8001//8001 8014//8014 
f 8023//8023 8024//8024 8015//8015 
f 8025//8025 8026//8026 8027//8027 
f 8028//8028 8017//8017 8026//8026 
f 7990//7990 8016//8016 7988//7988 
f 8004//8004 8029//8029 8030//8030 
f 7986//7986 7985//7985 8007//8007 
f 8009//8009 7996//7996 7995//7995 
f 8019//8019 8031//8031 7997//7997 
f 8022//8022 8013//8013 8012//8012 
f 8032//8032 8012//8012 8033//8033 
f 8033//8033 8034//8034 8035//8035 
f 8033//8033 8036//8036 8037//8037 
f 8038//8038 8039//8039 8036//8036 
f 8040//8040 8041//8041 8038//8038 
f 8042//8042 8043//8043 8041//8041 
f 8044//8044 8045//8045 8046//8046 
f 8047//8047 8048//8048 8045//8045 
f 8049//8049 8000//8000 8048//8048 
f 8015//8015 8014//8014 8023//8023 
f 8050//8050 8027//8027 8024//8024 
f 8026//8026 8025//8025 8028//8028 
f 8030//8030 8005//8005 8004//8004 
f 8029//8029 8051//8051 8052//8052 
f 8053//8053 8054//8054 8055//8055 
f 8054//8054 7981//7981 8056//8056 
f 7986//7986 7965//7965 7964//7964 
f 8020//8020 8018//8018 7997//7997 
f 8033//8033 8057//8057 8032//8032 
f 8037//8037 8034//8034 8033//8033 
f 8036//8036 8058//8058 8038//8038 
f 8041//8041 8040//8040 8042//8042 
f 8045//8045 8044//8044 8047//8047 
f 8000//8000 8049//8049 7998//7998 
f 8027//8027 8050//8050 8025//8025 
f 8052//8052 8030//8030 8029//8029 
f 8051//8051 8059//8059 8060//8060 
f 8059//8059 8061//8061 8062//8062 
f 8061//8061 8053//8053 8063//8063 
f 8056//8056 8055//8055 8054//8054 
f 8031//8031 8010//8010 7997//7997 
f 8032//8032 8064//8064 8012//8012 
f 8036//8036 8065//8065 8037//8037 
f 8038//8038 8058//8058 8040//8040 
f 8066//8066 8067//8067 8043//8043 
f 8048//8048 8047//8047 8049//8049 
f 8017//8017 8028//8028 7988//7988 
f 8062//8062 8060//8060 8059//8059 
f 8055//8055 8063//8063 8053//8053 
f 8064//8064 8021//8021 8012//8012 
f 8035//8035 8068//8068 8033//8033 
f 8043//8043 8042//8042 8066//8066 
f 8069//8069 8070//8070 8067//8067 
f 8071//8071 8072//8072 8073//8073 
f 8074//8074 8046//8046 8072//8072 
f 8024//8024 8023//8023 8050//8050 
f 8063//8063 8062//8062 8061//8061 
f 8068//8068 8057//8057 8033//8033 
f 8067//8067 8066//8066 8069//8069 
f 8075//8075 8073//8073 8070//8070 
f 8072//8072 8071//8071 8074//8074 
f 8060//8060 8052//8052 8051//8051 
f 8039//8039 8065//8065 8036//8036 
f 8073//8073 8075//8075 8071//8071 
f 7983//7983 8056//8056 7981//7981 
f 8046//8046 8074//8074 8044//8044 
f 8070//8070 8069//8069 8075//8075 
v -0.0133336 -0.04975 0.0434048 
v -0.0134122 -0.04175 0.0432216 
v -0.0134242 -0.04175 0.0431895 
v -0.0136377 -0.04975 0.0425884 
v -0.0133992 -0.04175 0.0432604 
v -0.0133336 -0.04175 0.0434048 
v -0.0136377 -0.04175 0.0425884 
v -0.0138512 -0.04175 0.0417438 
v -0.0138512 -0.04975 0.0417438 
v -0.0139717 -0.04175 0.0408809 
v -0.0139717 -0.04975 0.0408809 
v -0.014 -0.0427 0.0402081 
v -0.0139994 -0.04175 0.0402081 
v -0.0130388 -0.04975 0.0440102 
v -0.0131966 -0.04175 0.0437131 
v -0.0132973 -0.04175 0.0434864 
v -0.0130388 -0.04175 0.0440102 
v -0.014 -0.04975 0.0402081 
vn -0.916697 -5.61315e-17 0.399584 
vn -0.926368 0 0.376619 
vn -0.927974 0 0.372645 
vn -0.954712 -5.84592e-17 0.297532 
vn -0.924436 0 0.381338 
vn -0.916697 0 0.399584 
vn -0.954712 0 0.297532 
vn -0.981404 0 0.191951 
vn -0.981404 0 0.191951 
vn -0.996458 0 0.0840941 
vn -0.996458 0 0.0840941 
vn -1 0 0 
vn -1 0 -2.85266e-06 
vn -0.879847 0 0.475257 
vn -0.899043 0 0.437861 
vn -0.912179 0 0.409792 
vn -0.879847 0 0.475257 
vn -1 0 0 
f 8076//8076 8077//8077 8078//8078 
f 8078//8078 8079//8079 8076//8076 
f 8076//8076 8080//8080 8077//8077 
f 8076//8076 8081//8081 8080//8080 
f 8079//8079 8082//8082 8083//8083 
f 8084//8084 8083//8083 8085//8085 
f 8086//8086 8085//8085 8087//8087 
f 8085//8085 8088//8088 8087//8087 
f 8076//8076 8089//8089 8090//8090 
f 8090//8090 8091//8091 8076//8076 
f 8089//8089 8092//8092 8090//8090 
f 8091//8091 8081//8081 8076//8076 
f 8087//8087 8093//8093 8086//8086 
f 8085//8085 8086//8086 8084//8084 
f 8083//8083 8084//8084 8079//8079 
f 8078//8078 8082//8082 8079//8079 
v -0.0139994 -0.04175 0.0402081 
v -0.0139529 -0.04175 0.040855 
v -0.0139698 -0.0416999 0.040536 
v -0.014003 -0.04175 0.0398277 
v -0.0139922 -0.0417 0.0400979 
v -0.014006 -0.0417 0.0398277 
v -0.0139527 -0.0416999 0.040855 
v -0.0139539 -0.0416999 0.0408469 
v -0.0137942 -0.04175 0.0418626 
v -0.0138744 -0.0417 0.0413654 
v -0.0139369 -0.0416999 0.040958 
v -0.013809 -0.0417 0.0417918 
v -0.0137913 -0.0417 0.0418619 
v -0.0135374 -0.04175 0.0428419 
v -0.0136255 -0.0417001 0.0425194 
v -0.0137201 -0.0417 0.0421442 
v -0.0135755 -0.0417001 0.0427179 
v -0.0135354 -0.0417001 0.0428412 
v -0.0135605 -0.0417001 0.0427641 
v -0.0133992 -0.0417 0.0432604 
v -0.0134242 -0.04175 0.0431895 
v -0.0134122 -0.04175 0.0432216 
v -0.0135205 -0.0417001 0.042887 
v -0.0133992 -0.04175 0.0432604 
vn -0.999281 -6.11883e-17 0.0379236 
vn -0.994617 -6.09027e-17 0.103622 
vn -0.997465 -6.10771e-17 0.0711561 
vn -1 -6.12323e-17 0 
vn -0.999638 -6.12102e-17 0.0268945 
vn -1 -6.12323e-17 0 
vn -0.994617 -6.09027e-17 0.103622 
vn -0.994703 -6.0908e-17 0.102791 
vn -0.978312 -5.99043e-17 0.207138 
vn -0.987717 -6.04802e-17 0.156254 
vn -0.993454 -6.08315e-17 0.114231 
vn -0.979793 -5.9995e-17 0.200012 
vn -0.978312 -5.99043e-17 0.207138 
vn -0.954947 -5.84736e-17 0.296776 
vn -0.963067 -5.89708e-17 0.269263 
vn -0.972033 -5.95199e-17 0.234844 
vn -0.958128 -5.86684e-17 0.28634 
vn -0.954947 -5.84736e-17 0.296776 
vn -0.95694 -5.85957e-17 0.290287 
vn -0.943973 -5.78017e-17 0.330023 
vn -0.945855 -5.79169e-17 0.324589 
vn -0.944997 -5.78644e-17 0.327079 
vn -0.953759 -5.84009e-17 0.300573 
vn -0.943973 -5.78017e-17 0.330023 
f 8094//8094 8095//8095 8096//8096 
f 8097//8097 8094//8094 8098//8098 
f 8098//8098 8099//8099 8097//8097 
f 8095//8095 8100//8100 8101//8101 
f 8101//8101 8096//8096 8095//8095 
f 8095//8095 8102//8102 8103//8103 
f 8103//8103 8104//8104 8095//8095 
f 8102//8102 8105//8105 8103//8103 
f 8102//8102 8106//8106 8105//8105 
f 8102//8102 8107//8107 8108//8108 
f 8108//8108 8109//8109 8102//8102 
f 8107//8107 8110//8110 8108//8108 
f 8107//8107 8111//8111 8112//8112 
f 8112//8112 8110//8110 8107//8107 
f 8113//8113 8114//8114 8115//8115 
f 8116//8116 8107//8107 8114//8114 
f 8114//8114 8113//8113 8116//8116 
f 8115//8115 8117//8117 8113//8113 
f 8116//8116 8111//8111 8107//8107 
f 8109//8109 8106//8106 8102//8102 
f 8104//8104 8100//8100 8095//8095 
f 8096//8096 8098//8098 8094//8094 
v -0.0139529 -0.04175 0.040855 
v -0.0139717 -0.04175 0.0408809 
v -0.0138512 -0.04175 0.0417438 
v -0.0137942 -0.04175 0.0418626 
v -0.0136377 -0.04175 0.0425884 
v -0.0134242 -0.04175 0.0431895 
v -0.0135374 -0.04175 0.0428419 
v -0.0139994 -0.04175 0.0402081 
vn -6.12323e-17 1 0 
vn -6.12323e-17 1 0 
vn -6.12323e-17 1 0 
vn -6.12323e-17 1 0 
vn -6.12323e-17 1 0 
vn -6.12323e-17 1 0 
vn -6.12323e-17 1 0 
vn -6.12323e-17 1 0 
f 8118//8118 8119//8119 8120//8120 
f 8121//8121 8120//8120 8122//8122 
f 8120//8120 8121//8121 8118//8118 
f 8122//8122 8123//8123 8124//8124 
f 8122//8122 8124//8124 8121//8121 
f 8118//8118 8125//8125 8119//8119 
v -0.0235738 -0.04975 0.0228911 
v -0.0235738 -0.04175 0.0228911 
v -0.0237808 -0.04175 0.0228445 
v -0.0237808 -0.04975 0.0228445 
v -0.0239817 -0.04175 0.0227762 
v -0.0239817 -0.04975 0.0227762 
v -0.0241742 -0.04175 0.022687 
v -0.0241742 -0.04975 0.022687 
v -0.0243562 -0.04175 0.0225779 
v -0.0243562 -0.04975 0.0225779 
v -0.0245256 -0.04175 0.0224501 
v -0.0245256 -0.04975 0.0224501 
v -0.0246805 -0.04175 0.0223051 
v -0.0246805 -0.04975 0.0223051 
v -0.0248192 -0.04175 0.0221445 
v -0.0248192 -0.04975 0.0221445 
v -0.0249401 -0.04175 0.0219702 
v -0.0234591 -0.04975 0.0229072 
v -0.0234591 -0.0427 0.0229072 
v -0.0249401 -0.04975 0.0219702 
v -0.0250041 -0.0427 0.0218587 
v -0.0250072 -0.04175 0.021853 
v -0.024998 -0.04975 0.0218699 
v -0.0234591 -0.04175 0.022907 
vn -0.167725 -1.02702e-17 0.985834 
vn -0.167725 -1.02702e-17 0.985834 
vn -0.271222 -1.66076e-17 0.962517 
vn -0.271222 -1.66076e-17 0.962517 
vn -0.371666 -2.2758e-17 0.928367 
vn -0.371666 -2.2758e-17 0.928367 
vn -0.467927 -2.86522e-17 0.883767 
vn -0.467927 -2.86522e-17 0.883767 
vn -0.558921 -3.4224e-17 0.829221 
vn -0.558921 -3.4224e-17 0.829221 
vn -0.643624 -3.94106e-17 0.765342 
vn -0.643624 -3.94106e-17 0.765342 
vn -0.721083 -4.41536e-17 0.692848 
vn -0.721083 -4.41536e-17 0.692848 
vn -0.790426 -4.83997e-17 0.612557 
vn -0.790426 -4.83997e-17 0.612557 
vn -0.850873 -5.2101e-17 0.525371 
vn -0.110402 -6.76016e-18 0.993887 
vn -0.110402 -6.76016e-18 0.993887 
vn -0.850873 -5.2101e-17 0.525371 
vn -0.882871 0 0.469615 
vn -0.88437 0 0.466787 
vn -0.879847 -5.38751e-17 0.475257 
vn -0.110399 0 0.993887 
f 8126//8126 8127//8127 8128//8128 
f 8129//8129 8128//8128 8130//8130 
f 8131//8131 8130//8130 8132//8132 
f 8133//8133 8132//8132 8134//8134 
f 8135//8135 8134//8134 8136//8136 
f 8137//8137 8136//8136 8138//8138 
f 8139//8139 8138//8138 8140//8140 
f 8141//8141 8140//8140 8142//8142 
f 8126//8126 8143//8143 8144//8144 
f 8144//8144 8127//8127 8126//8126 
f 8145//8145 8142//8142 8146//8146 
f 8142//8142 8147//8147 8146//8146 
f 8146//8146 8148//8148 8145//8145 
f 8144//8144 8149//8149 8127//8127 
f 8142//8142 8145//8145 8141//8141 
f 8140//8140 8141//8141 8139//8139 
f 8138//8138 8139//8139 8137//8137 
f 8136//8136 8137//8137 8135//8135 
f 8134//8134 8135//8135 8133//8133 
f 8132//8132 8133//8133 8131//8131 
f 8130//8130 8131//8131 8129//8129 
f 8128//8128 8129//8129 8126//8126 
v -0.0249776 -0.04175 0.0218994 
v -0.0248599 -0.04175 0.0220844 
v -0.0248935 -0.0417 0.0220332 
v -0.0248599 -0.0417 0.0220844 
v -0.0247191 -0.04175 0.022255 
v -0.0247589 -0.0417 0.0222068 
v -0.0247191 -0.0417 0.022255 
v -0.0245592 -0.04175 0.0224107 
v -0.0246058 -0.0417 0.0223654 
v -0.0245592 -0.0417 0.0224107 
v -0.0243818 -0.04175 0.0225492 
v -0.024436 -0.0417 0.0225069 
v -0.0243818 -0.0417 0.0225492 
v -0.024189 -0.04175 0.0226685 
v -0.0242516 -0.0417 0.0226297 
v -0.024189 -0.0417 0.0226685 
v -0.0239829 -0.04175 0.0227667 
v -0.0240548 -0.0417 0.0227325 
v -0.0239829 -0.0417 0.0227667 
v -0.0237664 -0.04175 0.0228423 
v -0.0238478 -0.0417 0.0228139 
v -0.0237664 -0.0417 0.0228423 
v -0.0235422 -0.04175 0.022894 
v -0.0236331 -0.0417 0.022873 
v -0.0235422 -0.0417 0.022894 
v -0.0234591 -0.04175 0.022907 
v -0.0234136 -0.0417 0.0229123 
v -0.0249802 -0.0417 0.021901 
v -0.0250102 -0.0417 0.0218474 
v -0.0250072 -0.04175 0.021853 
v -0.0234136 -0.04175 0.0229123 
vn -0.864829 -5.29555e-17 0.502067 
vn -0.80503 -4.92939e-17 0.593234 
vn -0.822662 -5.03735e-17 0.568531 
vn -0.80503 -4.92939e-17 0.593234 
vn -0.735662 -4.50463e-17 0.677349 
vn -0.756087 -4.6297e-17 0.654471 
vn -0.735662 -4.50463e-17 0.677349 
vn -0.657548 -4.02632e-17 0.753412 
vn -0.681048 -4.17022e-17 0.732239 
vn -0.657548 -4.02632e-17 0.753412 
vn -0.571619 -3.50015e-17 0.820519 
vn -0.598546 -3.66504e-17 0.801089 
vn -0.571619 -3.50015e-17 0.820519 
vn -0.478894 -2.93238e-17 0.877873 
vn -0.509612 -3.12047e-17 0.860405 
vn -0.478894 -2.93238e-17 0.877873 
vn -0.380476 -2.32974e-17 0.924791 
vn -0.415288 -2.5429e-17 0.90969 
vn -0.380476 -2.32974e-17 0.924791 
vn -0.277536 -1.69941e-17 0.960715 
vn -0.316617 -1.93872e-17 0.948554 
vn -0.277536 -1.69941e-17 0.960715 
vn -0.171296 -1.04888e-17 0.98522 
vn -0.214639 -1.31428e-17 0.976693 
vn -0.171296 -1.04888e-17 0.98522 
vn -0.131924 -8.078e-18 0.99126 
vn -0.110402 -6.76016e-18 0.993887 
vn -0.864829 -5.29555e-17 0.502067 
vn -0.879847 -5.38751e-17 0.475257 
vn -0.87832 -5.37816e-17 0.478074 
vn -0.110402 -6.76016e-18 0.993887 
f 8150//8150 8151//8151 8152//8152 
f 8151//8151 8153//8153 8152//8152 
f 8151//8151 8154//8154 8155//8155 
f 8154//8154 8156//8156 8155//8155 
f 8154//8154 8157//8157 8158//8158 
f 8157//8157 8159//8159 8158//8158 
f 8157//8157 8160//8160 8161//8161 
f 8160//8160 8162//8162 8161//8161 
f 8160//8160 8163//8163 8164//8164 
f 8163//8163 8165//8165 8164//8164 
f 8163//8163 8166//8166 8167//8167 
f 8166//8166 8168//8168 8167//8167 
f 8166//8166 8169//8169 8170//8170 
f 8169//8169 8171//8171 8170//8170 
f 8169//8169 8172//8172 8173//8173 
f 8172//8172 8174//8174 8173//8173 
f 8174//8174 8172//8172 8175//8175 
f 8175//8175 8176//8176 8174//8174 
f 8177//8177 8178//8178 8179//8179 
f 8179//8179 8150//8150 8177//8177 
f 8175//8175 8180//8180 8176//8176 
f 8173//8173 8171//8171 8169//8169 
f 8170//8170 8168//8168 8166//8166 
f 8167//8167 8165//8165 8163//8163 
f 8164//8164 8162//8162 8160//8160 
f 8161//8161 8159//8159 8157//8157 
f 8158//8158 8156//8156 8154//8154 
f 8155//8155 8153//8153 8151//8151 
f 8152//8152 8177//8177 8150//8150 
v -0.0237664 -0.04175 0.0228423 
v -0.0237808 -0.04175 0.0228445 
v -0.0235738 -0.04175 0.0228911 
v -0.0239829 -0.04175 0.0227667 
v -0.0239817 -0.04175 0.0227762 
v -0.0234591 -0.04175 0.022907 
v -0.0235422 -0.04175 0.022894 
v -0.024189 -0.04175 0.0226685 
v -0.0241742 -0.04175 0.022687 
v -0.0243818 -0.04175 0.0225492 
v -0.0243562 -0.04175 0.0225779 
v -0.0245256 -0.04175 0.0224501 
v -0.0246805 -0.04175 0.0223051 
v -0.0245592 -0.04175 0.0224107 
v -0.0249401 -0.04175 0.0219702 
v -0.0248599 -0.04175 0.0220844 
v -0.0249776 -0.04175 0.0218994 
v -0.0248192 -0.04175 0.0221445 
v -0.0247191 -0.04175 0.022255 
v -0.0250072 -0.04175 0.021853 
vn -6.12323e-17 1 0 
vn -6.12323e-17 1 0 
vn -6.12323e-17 1 0 
vn -6.12323e-17 1 0 
vn -6.12323e-17 1 0 
vn -6.12323e-17 1 0 
vn -6.12323e-17 1 0 
vn -6.12323e-17 1 0 
vn -6.12323e-17 1 0 
vn -6.12323e-17 1 0 
vn -6.12323e-17 1 0 
vn -6.12323e-17 1 0 
vn -6.12323e-17 1 0 
vn -6.12323e-17 1 0 
vn -6.12323e-17 1 0 
vn -6.12323e-17 1 0 
vn -6.12323e-17 1 0 
vn -6.12323e-17 1 0 
vn -6.12323e-17 1 0 
vn -6.12323e-17 1 0 
f 8181//8181 8182//8182 8183//8183 
f 8184//8184 8185//8185 8182//8182 
f 8183//8183 8186//8186 8187//8187 
f 8184//8184 8188//8188 8189//8189 
f 8183//8183 8187//8187 8181//8181 
f 8188//8188 8190//8190 8191//8191 
f 8182//8182 8181//8181 8184//8184 
f 8192//8192 8191//8191 8190//8190 
f 8189//8189 8185//8185 8184//8184 
f 8193//8193 8192//8192 8194//8194 
f 8191//8191 8189//8189 8188//8188 
f 8195//8195 8196//8196 8197//8197 
f 8198//8198 8193//8193 8199//8199 
f 8190//8190 8194//8194 8192//8192 
f 8195//8195 8198//8198 8196//8196 
f 8194//8194 8199//8199 8193//8193 
f 8199//8199 8196//8196 8198//8198 
f 8197//8197 8200//8200 8195//8195 
v 0.00225995 -0.06175 0.0518469 
v 0.00225995 -0.04975 0.0518469 
v 0.0020758 -0.04975 0.0485496 
v 0.0020758 -0.06175 0.0485496 
v 0.00224923 -0.04975 0.0452516 
v 0.00224923 -0.06175 0.0452516 
v 0.00277822 -0.04975 0.0419918 
v 0.00277822 -0.06175 0.0419918 
v 0.00365655 -0.04975 0.0388083 
v 0.00365655 -0.06175 0.0388083 
v 0.00487393 -0.04975 0.0357384 
v 0.00487393 -0.06175 0.0357384 
v 0.0064161 -0.04975 0.0328181 
v 0.0064161 -0.06175 0.0328181 
v 0.00826496 -0.04975 0.0300817 
v 0.00826496 -0.06175 0.0300817 
v 0.0103988 -0.04975 0.0275612 
v 0.0103988 -0.06175 0.0275612 
v 0.0127927 -0.04975 0.0252862 
v 0.0127927 -0.06175 0.0252862 
v 0.0154186 -0.04975 0.0232833 
v 0.0154186 -0.06175 0.0232833 
v 0.0182455 -0.04975 0.0215761 
v 0.0182455 -0.06175 0.0215761 
v 0.0212405 -0.04975 0.0201846 
v 0.0212405 -0.06175 0.0201846 
v 0.0243684 -0.04975 0.019125 
v 0.0243684 -0.06175 0.019125 
v 0.0275925 -0.04975 0.0184098 
v 0.0275925 -0.06175 0.0184098 
v 0.030875 -0.04975 0.0180475 
v 0.030875 -0.06175 0.0180475 
v 0.0341775 -0.04975 0.0180421 
v 0.0341775 -0.06175 0.0180421 
v 0.0374612 -0.04975 0.0183938 
v 0.0374612 -0.06175 0.0183938 
v 0.0406876 -0.04975 0.0190985 
v 0.0406876 -0.06175 0.0190985 
v 0.0438189 -0.04975 0.0201479 
v 0.0438189 -0.06175 0.0201479 
v 0.0468184 -0.04975 0.0215297 
v 0.0468184 -0.06175 0.0215297 
v 0.0496509 -0.04975 0.0232277 
v 0.0496509 -0.06175 0.0232277 
v 0.0522832 -0.04975 0.025222 
v 0.0522832 -0.06175 0.025222 
v 0.0546845 -0.04975 0.0274892 
v 0.0546845 -0.06175 0.0274892 
v 0.0568266 -0.04975 0.0300028 
v 0.0568266 -0.06175 0.0300028 
v 0.0586843 -0.04975 0.0327332 
v 0.0586843 -0.06175 0.0327332 
v 0.060236 -0.04975 0.0356484 
v 0.060236 -0.06175 0.0356484 
v 0.0614633 -0.04975 0.0387143 
v 0.0614633 -0.06175 0.0387143 
v 0.062352 -0.04975 0.041895 
v 0.062352 -0.06175 0.041895 
v 0.0628916 -0.04975 0.0451531 
v 0.0628916 -0.06175 0.0451531 
v 0.0630757 -0.04975 0.0484504 
v 0.0630757 -0.06175 0.0484504 
v 0.0629023 -0.04975 0.0517484 
v 0.0629023 -0.06175 0.0517484 
v 0.0623733 -0.04975 0.0550082 
v 0.0623733 -0.06175 0.0550082 
v 0.061495 -0.04975 0.0581917 
v 0.061495 -0.06175 0.0581917 
v 0.0602776 -0.04975 0.0612616 
v 0.0602776 -0.06175 0.0612616 
v 0.0587354 -0.04975 0.0641819 
v 0.0587354 -0.06175 0.0641819 
v 0.0568866 -0.04975 0.0669183 
v 0.0568866 -0.06175 0.0669183 
v 0.0547527 -0.04975 0.0694388 
v 0.0547527 -0.06175 0.0694388 
v 0.0523588 -0.04975 0.0717138 
v 0.0523588 -0.06175 0.0717138 
v 0.049733 -0.04975 0.0737167 
v 0.049733 -0.06175 0.0737167 
v 0.046906 -0.04975 0.0754239 
v 0.046906 -0.06175 0.0754239 
v 0.043911 -0.04975 0.0768154 
v 0.043911 -0.06175 0.0768154 
v 0.0407831 -0.04975 0.077875 
v 0.0407831 -0.06175 0.077875 
v 0.037559 -0.04975 0.0785902 
v 0.037559 -0.06175 0.0785902 
v 0.0342765 -0.04975 0.0789525 
v 0.030974 -0.04975 0.0789579 
v 0.030974 -0.06175 0.0789579 
v 0.0325758 -0.06175 0.079 
v 0.0342765 -0.06175 0.0789525 
v 0.0325758 -0.04975 0.079 
v 0.0276903 -0.04975 0.0786062 
v 0.0276903 -0.06175 0.0786062 
v 0.0244639 -0.04975 0.0779015 
v 0.0244639 -0.06175 0.0779015 
v 0.0213326 -0.04975 0.0768521 
v 0.0213326 -0.06175 0.0768521 
v 0.0183331 -0.04975 0.0754703 
v 0.0183331 -0.06175 0.0754703 
v 0.0155006 -0.04975 0.0737723 
v 0.0155006 -0.06175 0.0737723 
v 0.0128683 -0.04975 0.071778 
v 0.0128683 -0.06175 0.071778 
v 0.010467 -0.04975 0.0695108 
v 0.010467 -0.06175 0.0695108 
v 0.00832494 -0.04975 0.0669972 
v 0.00832494 -0.06175 0.0669972 
v 0.0064672 -0.04975 0.0642668 
v 0.0064672 -0.06175 0.0642668 
v 0.00491555 -0.04975 0.0613516 
v 0.00491555 -0.06175 0.0613516 
v 0.0036882 -0.04975 0.0582857 
v 0.0036882 -0.06175 0.0582857 
v 0.00279952 -0.04975 0.055105 
v 0.00279952 -0.06175 0.055105 
vn -0.993961 -6.08626e-17 0.109734 
vn -0.993961 -6.08626e-17 0.109734 
vn -0.999999 -6.12323e-17 0.00162496 
vn -0.999999 -6.12323e-17 0.00162496 
vn -0.994312 -6.08841e-17 -0.106503 
vn -0.994312 -6.08841e-17 -0.106503 
vn -0.976969 -5.98221e-17 -0.213383 
vn -0.976969 -5.98221e-17 -0.213383 
vn -0.948171 -5.80587e-17 -0.317761 
vn -0.948171 -5.80587e-17 -0.317761 
vn -0.908257 -5.56147e-17 -0.418414 
vn -0.908257 -5.56147e-17 -0.418414 
vn -0.857694 -5.25186e-17 -0.514161 
vn -0.857694 -5.25186e-17 -0.514161 
vn -0.797075 -4.88068e-17 -0.60388 
vn -0.797075 -4.88068e-17 -0.60388 
vn -0.727112 -4.45228e-17 -0.686519 
vn -0.727112 -4.45228e-17 -0.686519 
vn -0.648624 -3.97168e-17 -0.761109 
vn -0.648624 -3.97168e-17 -0.761109 
vn -0.562531 -3.44451e-17 -0.826776 
vn -0.562531 -3.44451e-17 -0.826776 
vn -0.469843 -2.87696e-17 -0.88275 
vn -0.469843 -2.87696e-17 -0.88275 
vn -0.371647 -2.27568e-17 -0.928374 
vn -0.371647 -2.27568e-17 -0.928374 
vn -0.269094 -1.64772e-17 -0.963114 
vn -0.269094 -1.64772e-17 -0.963114 
vn -0.163385 -1.00045e-17 -0.986562 
vn -0.163385 -1.00045e-17 -0.986562 
vn -0.0557614 -3.4144e-18 -0.998444 
vn -0.0557614 -3.4144e-18 -0.998444 
vn 0.0525163 3.21569e-18 -0.99862 
vn 0.0525163 3.21569e-18 -0.99862 
vn 0.160178 9.80809e-18 -0.987088 
vn 0.160178 9.80809e-18 -0.987088 
vn 0.265962 1.62855e-17 -0.963983 
vn 0.265962 1.62855e-17 -0.963983 
vn 0.368628 2.2572e-17 -0.929577 
vn 0.368628 2.2572e-17 -0.929577 
vn 0.466972 2.85938e-17 -0.884272 
vn 0.466972 2.85938e-17 -0.884272 
vn 0.559841 3.42804e-17 -0.8286 
vn 0.559841 3.42804e-17 -0.8286 
vn 0.646147 3.95651e-17 -0.763213 
vn 0.646147 3.95651e-17 -0.763213 
vn 0.724877 4.43859e-17 -0.688878 
vn 0.724877 4.43859e-17 -0.688878 
vn 0.795109 4.86864e-17 -0.606467 
vn 0.795109 4.86864e-17 -0.606467 
vn 0.856018 5.2416e-17 -0.516946 
vn 0.856018 5.2416e-17 -0.516946 
vn 0.906892 5.55311e-17 -0.421363 
vn 0.906892 5.55311e-17 -0.421363 
vn 0.947133 5.79952e-17 -0.320841 
vn 0.947133 5.79952e-17 -0.320841 
vn 0.97627 5.97793e-17 -0.216557 
vn 0.97627 5.97793e-17 -0.216557 
vn 0.993961 6.08626e-17 -0.109734 
vn 0.993961 6.08626e-17 -0.109734 
vn 0.999999 6.12323e-17 -0.00162496 
vn 0.999999 6.12323e-17 -0.00162496 
vn 0.994312 6.08841e-17 0.106503 
vn 0.994312 6.08841e-17 0.106503 
vn 0.976969 5.98221e-17 0.213383 
vn 0.976969 5.98221e-17 0.213383 
vn 0.948171 5.80587e-17 0.317761 
vn 0.948171 5.80587e-17 0.317761 
vn 0.908257 5.56147e-17 0.418414 
vn 0.908257 5.56147e-17 0.418414 
vn 0.857694 5.25186e-17 0.514161 
vn 0.857694 5.25186e-17 0.514161 
vn 0.797075 4.88068e-17 0.60388 
vn 0.797075 4.88068e-17 0.60388 
vn 0.727112 4.45228e-17 0.686519 
vn 0.727112 4.45228e-17 0.686519 
vn 0.648624 3.97168e-17 0.761109 
vn 0.648624 3.97168e-17 0.761109 
vn 0.562531 3.44451e-17 0.826776 
vn 0.562531 3.44451e-17 0.826776 
vn 0.469843 2.87696e-17 0.88275 
vn 0.469843 2.87696e-17 0.88275 
vn 0.371647 2.27568e-17 0.928374 
vn 0.371647 2.27568e-17 0.928374 
vn 0.269094 1.64772e-17 0.963114 
vn 0.269094 1.64772e-17 0.963114 
vn 0.163385 1.00045e-17 0.986562 
vn 0.163385 1.00045e-17 0.986562 
vn 0.0557614 3.4144e-18 0.998444 
vn -0.0525163 -3.21569e-18 0.99862 
vn -0.0525163 -3.21569e-18 0.99862 
vn 2.31782e-16 0 1 
vn 0.0557614 3.4144e-18 0.998444 
vn 2.31782e-16 0 1 
vn -0.160178 -9.80809e-18 0.987088 
vn -0.160178 -9.80809e-18 0.987088 
vn -0.265962 -1.62855e-17 0.963983 
vn -0.265962 -1.62855e-17 0.963983 
vn -0.368628 -2.2572e-17 0.929577 
vn -0.368628 -2.2572e-17 0.929577 
vn -0.466972 -2.85938e-17 0.884272 
vn -0.466972 -2.85938e-17 0.884272 
vn -0.559841 -3.42804e-17 0.8286 
vn -0.559841 -3.42804e-17 0.8286 
vn -0.646147 -3.95651e-17 0.763213 
vn -0.646147 -3.95651e-17 0.763213 
vn -0.724877 -4.43859e-17 0.688878 
vn -0.724877 -4.43859e-17 0.688878 
vn -0.795109 -4.86864e-17 0.606467 
vn -0.795109 -4.86864e-17 0.606467 
vn -0.856018 -5.2416e-17 0.516946 
vn -0.856018 -5.2416e-17 0.516946 
vn -0.906892 -5.55311e-17 0.421363 
vn -0.906892 -5.55311e-17 0.421363 
vn -0.947133 -5.79952e-17 0.320841 
vn -0.947133 -5.79952e-17 0.320841 
vn -0.97627 -5.97793e-17 0.216557 
vn -0.97627 -5.97793e-17 0.216557 
f 8201//8201 8202//8202 8203//8203 
f 8204//8204 8203//8203 8205//8205 
f 8206//8206 8205//8205 8207//8207 
f 8208//8208 8207//8207 8209//8209 
f 8210//8210 8209//8209 8211//8211 
f 8212//8212 8211//8211 8213//8213 
f 8214//8214 8213//8213 8215//8215 
f 8216//8216 8215//8215 8217//8217 
f 8218//8218 8217//8217 8219//8219 
f 8220//8220 8219//8219 8221//8221 
f 8222//8222 8221//8221 8223//8223 
f 8224//8224 8223//8223 8225//8225 
f 8226//8226 8225//8225 8227//8227 
f 8228//8228 8227//8227 8229//8229 
f 8230//8230 8229//8229 8231//8231 
f 8232//8232 8231//8231 8233//8233 
f 8234//8234 8233//8233 8235//8235 
f 8236//8236 8235//8235 8237//8237 
f 8238//8238 8237//8237 8239//8239 
f 8240//8240 8239//8239 8241//8241 
f 8242//8242 8241//8241 8243//8243 
f 8244//8244 8243//8243 8245//8245 
f 8246//8246 8245//8245 8247//8247 
f 8248//8248 8247//8247 8249//8249 
f 8250//8250 8249//8249 8251//8251 
f 8252//8252 8251//8251 8253//8253 
f 8254//8254 8253//8253 8255//8255 
f 8256//8256 8255//8255 8257//8257 
f 8258//8258 8257//8257 8259//8259 
f 8260//8260 8259//8259 8261//8261 
f 8262//8262 8261//8261 8263//8263 
f 8264//8264 8263//8263 8265//8265 
f 8266//8266 8265//8265 8267//8267 
f 8268//8268 8267//8267 8269//8269 
f 8270//8270 8269//8269 8271//8271 
f 8272//8272 8271//8271 8273//8273 
f 8274//8274 8273//8273 8275//8275 
f 8276//8276 8275//8275 8277//8277 
f 8278//8278 8277//8277 8279//8279 
f 8280//8280 8279//8279 8281//8281 
f 8282//8282 8281//8281 8283//8283 
f 8284//8284 8283//8283 8285//8285 
f 8286//8286 8285//8285 8287//8287 
f 8288//8288 8287//8287 8289//8289 
f 8290//8290 8291//8291 8292//8292 
f 8293//8293 8289//8289 8294//8294 
f 8294//8294 8292//8292 8293//8293 
f 8291//8291 8290//8290 8295//8295 
f 8296//8296 8295//8295 8297//8297 
f 8298//8298 8297//8297 8299//8299 
f 8300//8300 8299//8299 8301//8301 
f 8302//8302 8301//8301 8303//8303 
f 8304//8304 8303//8303 8305//8305 
f 8306//8306 8305//8305 8307//8307 
f 8308//8308 8307//8307 8309//8309 
f 8310//8310 8309//8309 8311//8311 
f 8312//8312 8311//8311 8313//8313 
f 8314//8314 8313//8313 8315//8315 
f 8316//8316 8315//8315 8317//8317 
f 8318//8318 8317//8317 8202//8202 
f 8202//8202 8201//8201 8318//8318 
f 8317//8317 8318//8318 8316//8316 
f 8315//8315 8316//8316 8314//8314 
f 8313//8313 8314//8314 8312//8312 
f 8311//8311 8312//8312 8310//8310 
f 8309//8309 8310//8310 8308//8308 
f 8307//8307 8308//8308 8306//8306 
f 8305//8305 8306//8306 8304//8304 
f 8303//8303 8304//8304 8302//8302 
f 8301//8301 8302//8302 8300//8300 
f 8299//8299 8300//8300 8298//8298 
f 8297//8297 8298//8298 8296//8296 
f 8295//8295 8296//8296 8291//8291 
f 8292//8292 8294//8294 8290//8290 
f 8289//8289 8293//8293 8288//8288 
f 8287//8287 8288//8288 8286//8286 
f 8285//8285 8286//8286 8284//8284 
f 8283//8283 8284//8284 8282//8282 
f 8281//8281 8282//8282 8280//8280 
f 8279//8279 8280//8280 8278//8278 
f 8277//8277 8278//8278 8276//8276 
f 8275//8275 8276//8276 8274//8274 
f 8273//8273 8274//8274 8272//8272 
f 8271//8271 8272//8272 8270//8270 
f 8269//8269 8270//8270 8268//8268 
f 8267//8267 8268//8268 8266//8266 
f 8265//8265 8266//8266 8264//8264 
f 8263//8263 8264//8264 8262//8262 
f 8261//8261 8262//8262 8260//8260 
f 8259//8259 8260//8260 8258//8258 
f 8257//8257 8258//8258 8256//8256 
f 8255//8255 8256//8256 8254//8254 
f 8253//8253 8254//8254 8252//8252 
f 8251//8251 8252//8252 8250//8250 
f 8249//8249 8250//8250 8248//8248 
f 8247//8247 8248//8248 8246//8246 
f 8245//8245 8246//8246 8244//8244 
f 8243//8243 8244//8244 8242//8242 
f 8241//8241 8242//8242 8240//8240 
f 8239//8239 8240//8240 8238//8238 
f 8237//8237 8238//8238 8236//8236 
f 8235//8235 8236//8236 8234//8234 
f 8233//8233 8234//8234 8232//8232 
f 8231//8231 8232//8232 8230//8230 
f 8229//8229 8230//8230 8228//8228 
f 8227//8227 8228//8228 8226//8226 
f 8225//8225 8226//8226 8224//8224 
f 8223//8223 8224//8224 8222//8222 
f 8221//8221 8222//8222 8220//8220 
f 8219//8219 8220//8220 8218//8218 
f 8217//8217 8218//8218 8216//8216 
f 8215//8215 8216//8216 8214//8214 
f 8213//8213 8214//8214 8212//8212 
f 8211//8211 8212//8212 8210//8210 
f 8209//8209 8210//8210 8208//8208 
f 8207//8207 8208//8208 8206//8206 
f 8205//8205 8206//8206 8204//8204 
f 8203//8203 8204//8204 8201//8201 
v 0.00491555 -0.06175 0.0613516 
v 0.0151181 -0.06175 0.0566112 
v 0.0160974 -0.06175 0.0584512 
v 0.0036882 -0.06175 0.0582857 
v 0.0143434 -0.06175 0.0546762 
v 0.0020758 -0.06175 0.0485496 
v 0.0133258 -0.06175 0.0485313 
v 0.013442 -0.06175 0.0506124 
v 0.00224923 -0.06175 0.0452516 
v 0.0134352 -0.06175 0.0464498 
v 0.00277822 -0.06175 0.0419918 
v 0.0137691 -0.06175 0.0443924 
v 0.00365655 -0.06175 0.0388083 
v 0.0143235 -0.06175 0.0423831 
v 0.00487393 -0.06175 0.0357384 
v 0.0150918 -0.06175 0.0404455 
v 0.0064161 -0.06175 0.0328181 
v 0.0160652 -0.06175 0.0386024 
v 0.0336492 -0.06175 0.06772 
v 0.0342765 -0.06175 0.0789525 
v 0.0325758 -0.06175 0.079 
v 0.0064672 -0.06175 0.0642668 
v 0.0172699 -0.06175 0.0601745 
v 0.00279952 -0.06175 0.055105 
v 0.0137826 -0.06175 0.0526687 
v 0.00225995 -0.06175 0.0518469 
v 0.00826496 -0.06175 0.0300817 
v 0.0172321 -0.06175 0.0368753 
v 0.0629023 -0.06175 0.0517484 
v 0.0517163 -0.06175 0.0505502 
v 0.0518257 -0.06175 0.0484687 
v 0.0623733 -0.06175 0.0550082 
v 0.0513824 -0.06175 0.0526076 
v 0.0357209 -0.06175 0.0674913 
v 0.0315648 -0.06175 0.0677234 
v 0.030974 -0.06175 0.0789579 
v 0.0276903 -0.06175 0.0786062 
v 0.0294923 -0.06175 0.0675014 
v 0.0244639 -0.06175 0.0779015 
v 0.027456 -0.06175 0.0670567 
v 0.0128683 -0.06175 0.071778 
v 0.0201374 -0.06175 0.0631919 
v 0.0217988 -0.06175 0.0644505 
v 0.010467 -0.06175 0.0695108 
v 0.0186219 -0.06175 0.0617609 
v 0.0243684 -0.06175 0.019125 
v 0.0273957 -0.06175 0.0299601 
v 0.0254215 -0.06175 0.0306288 
v 0.0275925 -0.06175 0.0184098 
v 0.0294306 -0.06175 0.0295087 
v 0.030875 -0.06175 0.0180475 
v 0.0315024 -0.06175 0.02928 
v 0.0341775 -0.06175 0.0180421 
v 0.0335867 -0.06175 0.0292766 
v 0.0586843 -0.06175 0.0327332 
v 0.0490541 -0.06175 0.0385488 
v 0.0478816 -0.06175 0.0368255 
v 0.060236 -0.06175 0.0356484 
v 0.0500334 -0.06175 0.0403888 
v 0.0628916 -0.06175 0.0451531 
v 0.0517095 -0.06175 0.0463876 
v 0.051369 -0.06175 0.0443313 
v 0.0630757 -0.06175 0.0484504 
v 0.061495 -0.06175 0.0581917 
v 0.050828 -0.06175 0.0546169 
v 0.0602776 -0.06175 0.0612616 
v 0.0500597 -0.06175 0.0565545 
v 0.0587354 -0.06175 0.0641819 
v 0.0490864 -0.06175 0.0583976 
v 0.0547527 -0.06175 0.0694388 
v 0.0465727 -0.06175 0.0617155 
v 0.0479195 -0.06175 0.0601247 
v 0.0523588 -0.06175 0.0717138 
v 0.0450618 -0.06175 0.0631513 
v 0.00832494 -0.06175 0.0669972 
v 0.0103988 -0.06175 0.0275612 
v 0.0185789 -0.06175 0.0352845 
v 0.0127927 -0.06175 0.0252862 
v 0.0200897 -0.06175 0.0338487 
v 0.0374612 -0.06175 0.0183938 
v 0.0356592 -0.06175 0.0294986 
v 0.0406876 -0.06175 0.0190985 
v 0.0376955 -0.06175 0.0299433 
v 0.0468184 -0.06175 0.0215297 
v 0.041565 -0.06175 0.0314778 
v 0.0396718 -0.06175 0.0306056 
v 0.0496509 -0.06175 0.0232277 
v 0.0433527 -0.06175 0.0325495 
v 0.0546845 -0.06175 0.0274892 
v 0.0465296 -0.06175 0.0352391 
v 0.0450141 -0.06175 0.0338081 
v 0.0568266 -0.06175 0.0300028 
v 0.0614633 -0.06175 0.0387143 
v 0.0508081 -0.06175 0.0423238 
v 0.062352 -0.06175 0.041895 
v 0.0568866 -0.06175 0.0669183 
v 0.046906 -0.06175 0.0754239 
v 0.0416202 -0.06175 0.0654929 
v 0.0434045 -0.06175 0.0644154 
v 0.043911 -0.06175 0.0768154 
v 0.03973 -0.06175 0.0663712 
v 0.0407831 -0.06175 0.077875 
v 0.0377558 -0.06175 0.0670399 
v 0.037559 -0.06175 0.0785902 
v 0.0213326 -0.06175 0.0768521 
v 0.0254797 -0.06175 0.0663944 
v 0.0154186 -0.06175 0.0232833 
v 0.021747 -0.06175 0.0325846 
v 0.0438189 -0.06175 0.0201479 
v 0.0522832 -0.06175 0.025222 
v 0.049733 -0.06175 0.0737167 
v 0.0183331 -0.06175 0.0754703 
v 0.0235865 -0.06175 0.0655222 
v 0.0155006 -0.06175 0.0737723 
v 0.0182455 -0.06175 0.0215761 
v 0.0235313 -0.06175 0.0315071 
v 0.0212405 -0.06175 0.0201846 
vn 6.12323e-17 -1 0 
vn 6.12323e-17 -1 0 
vn 6.12323e-17 -1 0 
vn 6.12323e-17 -1 0 
vn 6.12323e-17 -1 0 
vn 6.12323e-17 -1 0 
vn 6.12323e-17 -1 0 
vn 6.12323e-17 -1 0 
vn 6.12323e-17 -1 0 
vn 6.12323e-17 -1 0 
vn 6.12323e-17 -1 0 
vn 6.12323e-17 -1 0 
vn 6.12323e-17 -1 0 
vn 6.12323e-17 -1 0 
vn 6.12323e-17 -1 0 
vn 6.12323e-17 -1 0 
vn 6.12323e-17 -1 0 
vn 6.12323e-17 -1 0 
vn 6.12323e-17 -1 0 
vn 6.12323e-17 -1 0 
vn 6.12323e-17 -1 0 
vn 6.12323e-17 -1 0 
vn 6.12323e-17 -1 0 
vn 6.12323e-17 -1 0 
vn 6.12323e-17 -1 0 
vn 6.12323e-17 -1 0 
vn 6.12323e-17 -1 0 
vn 6.12323e-17 -1 0 
vn 6.12323e-17 -1 0 
vn 6.12323e-17 -1 0 
vn 6.12323e-17 -1 0 
vn 6.12323e-17 -1 0 
vn 6.12323e-17 -1 0 
vn 6.12323e-17 -1 0 
vn 6.12323e-17 -1 0 
vn 6.12323e-17 -1 0 
vn 6.12323e-17 -1 0 
vn 6.12323e-17 -1 0 
vn 6.12323e-17 -1 0 
vn 6.12323e-17 -1 0 
vn 6.12323e-17 -1 0 
vn 6.12323e-17 -1 0 
vn 6.12323e-17 -1 0 
vn 6.12323e-17 -1 0 
vn 6.12323e-17 -1 0 
vn 6.12323e-17 -1 0 
vn 6.12323e-17 -1 0 
vn 6.12323e-17 -1 0 
vn 6.12323e-17 -1 0 
vn 6.12323e-17 -1 0 
vn 6.12323e-17 -1 0 
vn 6.12323e-17 -1 0 
vn 6.12323e-17 -1 0 
vn 6.12323e-17 -1 0 
vn 6.12323e-17 -1 0 
vn 6.12323e-17 -1 0 
vn 6.12323e-17 -1 0 
vn 6.12323e-17 -1 0 
vn 6.12323e-17 -1 0 
vn 6.12323e-17 -1 0 
vn 6.12323e-17 -1 0 
vn 6.12323e-17 -1 0 
vn 6.12323e-17 -1 0 
vn 6.12323e-17 -1 0 
vn 6.12323e-17 -1 0 
vn 6.12323e-17 -1 0 
vn 6.12323e-17 -1 0 
vn 6.12323e-17 -1 0 
vn 6.12323e-17 -1 0 
vn 6.12323e-17 -1 0 
vn 6.12323e-17 -1 0 
vn 6.12323e-17 -1 0 
vn 6.12323e-17 -1 0 
vn 6.12323e-17 -1 0 
vn 6.12323e-17 -1 0 
vn 6.12323e-17 -1 0 
vn 6.12323e-17 -1 0 
vn 6.12323e-17 -1 0 
vn 6.12323e-17 -1 0 
vn 6.12323e-17 -1 0 
vn 6.12323e-17 -1 0 
vn 6.12323e-17 -1 0 
vn 6.12323e-17 -1 0 
vn 6.12323e-17 -1 0 
vn 6.12323e-17 -1 0 
vn 6.12323e-17 -1 0 
vn 6.12323e-17 -1 0 
vn 6.12323e-17 -1 0 
vn 6.12323e-17 -1 0 
vn 6.12323e-17 -1 0 
vn 6.12323e-17 -1 0 
vn 6.12323e-17 -1 0 
vn 6.12323e-17 -1 0 
vn 6.12323e-17 -1 0 
vn 6.12323e-17 -1 0 
vn 6.12323e-17 -1 0 
vn 6.12323e-17 -1 0 
vn 6.12323e-17 -1 0 
vn 6.12323e-17 -1 0 
vn 6.12323e-17 -1 0 
vn 6.12323e-17 -1 0 
vn 6.12323e-17 -1 0 
vn 6.12323e-17 -1 0 
vn 6.12323e-17 -1 0 
vn 6.12323e-17 -1 0 
vn 6.12323e-17 -1 0 
vn 6.12323e-17 -1 0 
vn 6.12323e-17 -1 0 
vn 6.12323e-17 -1 0 
vn 6.12323e-17 -1 0 
vn 6.12323e-17 -1 0 
vn 6.12323e-17 -1 0 
vn 6.12323e-17 -1 0 
vn 6.12323e-17 -1 0 
vn 6.12323e-17 -1 0 
vn 6.12323e-17 -1 0 
vn 6.12323e-17 -1 0 
f 8319//8319 8320//8320 8321//8321 
f 8319//8319 8322//8322 8323//8323 
f 8324//8324 8325//8325 8326//8326 
f 8324//8324 8327//8327 8328//8328 
f 8329//8329 8330//8330 8328//8328 
f 8329//8329 8331//8331 8332//8332 
f 8333//8333 8334//8334 8332//8332 
f 8333//8333 8335//8335 8336//8336 
f 8337//8337 8338//8338 8339//8339 
f 8340//8340 8321//8321 8341//8341 
f 8323//8323 8320//8320 8319//8319 
f 8342//8342 8343//8343 8323//8323 
f 8342//8342 8344//8344 8326//8326 
f 8328//8328 8325//8325 8324//8324 
f 8332//8332 8330//8330 8329//8329 
f 8336//8336 8334//8334 8333//8333 
f 8335//8335 8345//8345 8346//8346 
f 8347//8347 8348//8348 8349//8349 
f 8347//8347 8350//8350 8351//8351 
f 8338//8338 8337//8337 8352//8352 
f 8339//8339 8353//8353 8337//8337 
f 8354//8354 8355//8355 8356//8356 
f 8355//8355 8357//8357 8358//8358 
f 8359//8359 8360//8360 8361//8361 
f 8359//8359 8362//8362 8363//8363 
f 8321//8321 8340//8340 8319//8319 
f 8326//8326 8343//8343 8342//8342 
f 8328//8328 8327//8327 8329//8329 
f 8346//8346 8336//8336 8335//8335 
f 8364//8364 8365//8365 8366//8366 
f 8364//8364 8367//8367 8368//8368 
f 8369//8369 8370//8370 8368//8368 
f 8369//8369 8371//8371 8372//8372 
f 8373//8373 8374//8374 8375//8375 
f 8373//8373 8376//8376 8377//8377 
f 8378//8378 8379//8379 8380//8380 
f 8378//8378 8381//8381 8349//8349 
f 8351//8351 8348//8348 8347//8347 
f 8350//8350 8382//8382 8383//8383 
f 8384//8384 8385//8385 8383//8383 
f 8384//8384 8386//8386 8387//8387 
f 8388//8388 8389//8389 8390//8390 
f 8388//8388 8391//8391 8392//8392 
f 8339//8339 8354//8354 8353//8353 
f 8358//8358 8356//8356 8355//8355 
f 8363//8363 8360//8360 8359//8359 
f 8362//8362 8393//8393 8341//8341 
f 8323//8323 8322//8322 8342//8342 
f 8332//8332 8331//8331 8333//8333 
f 8394//8394 8395//8395 8346//8346 
f 8396//8396 8397//8397 8395//8395 
f 8368//8368 8365//8365 8364//8364 
f 8372//8372 8370//8370 8369//8369 
f 8398//8398 8399//8399 8372//8372 
f 8398//8398 8400//8400 8401//8401 
f 8402//8402 8403//8403 8404//8404 
f 8402//8402 8405//8405 8406//8406 
f 8407//8407 8408//8408 8409//8409 
f 8407//8407 8410//8410 8375//8375 
f 8377//8377 8374//8374 8373//8373 
f 8376//8376 8411//8411 8412//8412 
f 8413//8413 8380//8380 8412//8412 
f 8349//8349 8379//8379 8378//8378 
f 8383//8383 8351//8351 8350//8350 
f 8387//8387 8385//8385 8384//8384 
f 8414//8414 8390//8390 8387//8387 
f 8392//8392 8389//8389 8388//8388 
f 8415//8415 8416//8416 8417//8417 
f 8415//8415 8418//8418 8419//8419 
f 8420//8420 8421//8421 8419//8419 
f 8422//8422 8352//8352 8421//8421 
f 8356//8356 8353//8353 8354//8354 
f 8357//8357 8423//8423 8424//8424 
f 8341//8341 8363//8363 8362//8362 
f 8326//8326 8344//8344 8324//8324 
f 8395//8395 8394//8394 8396//8396 
f 8396//8396 8425//8425 8426//8426 
f 8368//8368 8367//8367 8369//8369 
f 8401//8401 8399//8399 8398//8398 
f 8427//8427 8404//8404 8401//8401 
f 8406//8406 8403//8403 8402//8402 
f 8405//8405 8428//8428 8409//8409 
f 8375//8375 8408//8408 8407//8407 
f 8412//8412 8377//8377 8376//8376 
f 8380//8380 8413//8413 8378//8378 
f 8383//8383 8382//8382 8384//8384 
f 8390//8390 8414//8414 8388//8388 
f 8429//8429 8417//8417 8392//8392 
f 8419//8419 8416//8416 8415//8415 
f 8421//8421 8420//8420 8422//8422 
f 8424//8424 8358//8358 8357//8357 
f 8430//8430 8431//8431 8424//8424 
f 8430//8430 8432//8432 8361//8361 
f 8341//8341 8393//8393 8340//8340 
f 8426//8426 8397//8397 8396//8396 
f 8433//8433 8434//8434 8426//8426 
f 8433//8433 8435//8435 8366//8366 
f 8372//8372 8371//8371 8398//8398 
f 8404//8404 8427//8427 8402//8402 
f 8409//8409 8428//8428 8407//8407 
f 8412//8412 8411//8411 8413//8413 
f 8387//8387 8386//8386 8414//8414 
f 8417//8417 8429//8429 8415//8415 
f 8352//8352 8422//8422 8338//8338 
f 8361//8361 8431//8431 8430//8430 
f 8346//8346 8345//8345 8394//8394 
f 8366//8366 8434//8434 8433//8433 
f 8401//8401 8400//8400 8427//8427 
f 8375//8375 8410//8410 8373//8373 
f 8392//8392 8391//8391 8429//8429 
f 8424//8424 8423//8423 8430//8430 
f 8426//8426 8425//8425 8433//8433 
f 8409//8409 8406//8406 8405//8405 
f 8419//8419 8418//8418 8420//8420 
f 8366//8366 8435//8435 8364//8364 
f 8361//8361 8432//8432 8359//8359 
f 8349//8349 8381//8381 8347//8347 
v 0.013442 -0.0635 0.0506124 
v 0.013442 -0.06175 0.0506124 
v 0.0133258 -0.06175 0.0485313 
v 0.0133258 -0.0635 0.0485313 
v 0.0134352 -0.06175 0.0464498 
v 0.0134352 -0.0635 0.0464498 
v 0.0137691 -0.06175 0.0443924 
v 0.0137691 -0.0635 0.0443924 
v 0.0143235 -0.06175 0.0423831 
v 0.0143235 -0.0635 0.0423831 
v 0.0150918 -0.06175 0.0404455 
v 0.0150918 -0.0635 0.0404455 
v 0.0160652 -0.06175 0.0386024 
v 0.0160652 -0.0635 0.0386024 
v 0.0172321 -0.06175 0.0368753 
v 0.0172321 -0.0635 0.0368753 
v 0.0185789 -0.06175 0.0352845 
v 0.0185789 -0.0635 0.0352845 
v 0.0200897 -0.06175 0.0338487 
v 0.0200897 -0.0635 0.0338487 
v 0.021747 -0.06175 0.0325846 
v 0.021747 -0.0635 0.0325846 
v 0.0235313 -0.06175 0.0315071 
v 0.0235313 -0.0635 0.0315071 
v 0.0254215 -0.06175 0.0306288 
v 0.0254215 -0.0635 0.0306288 
v 0.0273957 -0.06175 0.0299601 
v 0.0273957 -0.0635 0.0299601 
v 0.0294306 -0.06175 0.0295087 
v 0.0294306 -0.0635 0.0295087 
v 0.0315024 -0.06175 0.02928 
v 0.0315024 -0.0635 0.02928 
v 0.0335867 -0.06175 0.0292766 
v 0.0335867 -0.0635 0.0292766 
v 0.0356592 -0.06175 0.0294986 
v 0.0356592 -0.0635 0.0294986 
v 0.0376955 -0.06175 0.0299433 
v 0.0376955 -0.0635 0.0299433 
v 0.0396718 -0.06175 0.0306056 
v 0.0396718 -0.0635 0.0306056 
v 0.041565 -0.06175 0.0314778 
v 0.041565 -0.0635 0.0314778 
v 0.0433527 -0.06175 0.0325495 
v 0.0433527 -0.0635 0.0325495 
v 0.0450141 -0.06175 0.0338081 
v 0.0450141 -0.0635 0.0338081 
v 0.0465296 -0.06175 0.0352391 
v 0.0465296 -0.0635 0.0352391 
v 0.0478816 -0.06175 0.0368255 
v 0.0478816 -0.0635 0.0368255 
v 0.0490541 -0.06175 0.0385488 
v 0.0490541 -0.0635 0.0385488 
v 0.0500334 -0.06175 0.0403888 
v 0.0500334 -0.0635 0.0403888 
v 0.0508081 -0.06175 0.0423238 
v 0.0508081 -0.0635 0.0423238 
v 0.051369 -0.06175 0.0443313 
v 0.051369 -0.0635 0.0443313 
v 0.0517095 -0.06175 0.0463876 
v 0.0517095 -0.0635 0.0463876 
v 0.0518257 -0.06175 0.0484687 
v 0.0518257 -0.0635 0.0484687 
v 0.0517163 -0.06175 0.0505502 
v 0.0517163 -0.0635 0.0505502 
v 0.0513824 -0.06175 0.0526076 
v 0.0513824 -0.0635 0.0526076 
v 0.050828 -0.06175 0.0546169 
v 0.050828 -0.0635 0.0546169 
v 0.0500597 -0.06175 0.0565545 
v 0.0500597 -0.0635 0.0565545 
v 0.0490864 -0.06175 0.0583976 
v 0.0490864 -0.0635 0.0583976 
v 0.0479195 -0.06175 0.0601247 
v 0.0479195 -0.0635 0.0601247 
v 0.0465727 -0.06175 0.0617155 
v 0.0465727 -0.0635 0.0617155 
v 0.0450618 -0.06175 0.0631513 
v 0.0450618 -0.0635 0.0631513 
v 0.0434045 -0.06175 0.0644154 
v 0.0434045 -0.0635 0.0644154 
v 0.0416202 -0.06175 0.0654929 
v 0.0416202 -0.0635 0.0654929 
v 0.03973 -0.06175 0.0663712 
v 0.03973 -0.0635 0.0663712 
v 0.0377558 -0.06175 0.0670399 
v 0.0377558 -0.0635 0.0670399 
v 0.0357209 -0.06175 0.0674913 
v 0.0357209 -0.0635 0.0674913 
v 0.0336492 -0.06175 0.06772 
v 0.0315648 -0.06175 0.0677234 
v 0.0325758 -0.0635 0.06775 
v 0.0315648 -0.0635 0.0677234 
v 0.0294923 -0.06175 0.0675014 
v 0.0294923 -0.0635 0.0675014 
v 0.027456 -0.06175 0.0670567 
v 0.027456 -0.0635 0.0670567 
v 0.0254797 -0.06175 0.0663944 
v 0.0254797 -0.0635 0.0663944 
v 0.0235865 -0.06175 0.0655222 
v 0.0235865 -0.0635 0.0655222 
v 0.0217988 -0.06175 0.0644505 
v 0.0217988 -0.0635 0.0644505 
v 0.0201374 -0.06175 0.0631919 
v 0.0201374 -0.0635 0.0631919 
v 0.0186219 -0.06175 0.0617609 
v 0.0186219 -0.0635 0.0617609 
v 0.0172699 -0.06175 0.0601745 
v 0.0172699 -0.0635 0.0601745 
v 0.0160974 -0.06175 0.0584512 
v 0.0160974 -0.0635 0.0584512 
v 0.0151181 -0.06175 0.0566112 
v 0.0151181 -0.0635 0.0566112 
v 0.0143434 -0.06175 0.0546762 
v 0.0143434 -0.0635 0.0546762 
v 0.0137826 -0.06175 0.0526687 
v 0.0137826 -0.0635 0.0526687 
v 0.0336492 -0.0635 0.06772 
vn -0.993961 -6.08626e-17 0.109734 
vn -0.993961 -6.08626e-17 0.109734 
vn -0.999999 -6.12323e-17 0.00162496 
vn -0.999999 -6.12323e-17 0.00162496 
vn -0.994312 -6.08841e-17 -0.106503 
vn -0.994312 -6.08841e-17 -0.106503 
vn -0.976969 -5.98221e-17 -0.213383 
vn -0.976969 -5.98221e-17 -0.213383 
vn -0.948171 -5.80587e-17 -0.317761 
vn -0.948171 -5.80587e-17 -0.317761 
vn -0.908257 -5.56147e-17 -0.418414 
vn -0.908257 -5.56147e-17 -0.418414 
vn -0.857694 -5.25186e-17 -0.514161 
vn -0.857694 -5.25186e-17 -0.514161 
vn -0.797075 -4.88068e-17 -0.60388 
vn -0.797075 -4.88068e-17 -0.60388 
vn -0.727112 -4.45228e-17 -0.686519 
vn -0.727112 -4.45228e-17 -0.686519 
vn -0.648624 -3.97168e-17 -0.761109 
vn -0.648624 -3.97168e-17 -0.761109 
vn -0.562531 -3.44451e-17 -0.826776 
vn -0.562531 -3.44451e-17 -0.826776 
vn -0.469843 -2.87696e-17 -0.88275 
vn -0.469843 -2.87696e-17 -0.88275 
vn -0.371647 -2.27568e-17 -0.928374 
vn -0.371647 -2.27568e-17 -0.928374 
vn -0.269094 -1.64772e-17 -0.963114 
vn -0.269094 -1.64772e-17 -0.963114 
vn -0.163385 -1.00045e-17 -0.986562 
vn -0.163385 -1.00045e-17 -0.986562 
vn -0.0557614 -3.4144e-18 -0.998444 
vn -0.0557614 -3.4144e-18 -0.998444 
vn 0.0525163 3.21569e-18 -0.99862 
vn 0.0525163 3.21569e-18 -0.99862 
vn 0.160178 9.80809e-18 -0.987088 
vn 0.160178 9.80809e-18 -0.987088 
vn 0.265962 1.62855e-17 -0.963983 
vn 0.265962 1.62855e-17 -0.963983 
vn 0.368628 2.2572e-17 -0.929577 
vn 0.368628 2.2572e-17 -0.929577 
vn 0.466972 2.85938e-17 -0.884272 
vn 0.466972 2.85938e-17 -0.884272 
vn 0.559841 3.42804e-17 -0.8286 
vn 0.559841 3.42804e-17 -0.8286 
vn 0.646147 3.95651e-17 -0.763213 
vn 0.646147 3.95651e-17 -0.763213 
vn 0.724877 4.43859e-17 -0.688878 
vn 0.724877 4.43859e-17 -0.688878 
vn 0.795109 4.86864e-17 -0.606467 
vn 0.795109 4.86864e-17 -0.606467 
vn 0.856018 5.2416e-17 -0.516946 
vn 0.856018 5.2416e-17 -0.516946 
vn 0.906892 5.55311e-17 -0.421363 
vn 0.906892 5.55311e-17 -0.421363 
vn 0.947133 5.79952e-17 -0.320841 
vn 0.947133 5.79952e-17 -0.320841 
vn 0.97627 5.97793e-17 -0.216557 
vn 0.97627 5.97793e-17 -0.216557 
vn 0.993961 6.75866e-17 -0.109734 
vn 0.993961 6.75866e-17 -0.109734 
vn 0.999999 6.12323e-17 -0.00162496 
vn 0.999999 6.12323e-17 -0.00162496 
vn 0.994312 6.08841e-17 0.106503 
vn 0.994312 6.08841e-17 0.106503 
vn 0.976969 5.98221e-17 0.213383 
vn 0.976969 5.98221e-17 0.213383 
vn 0.948171 5.80587e-17 0.317761 
vn 0.948171 5.80587e-17 0.317761 
vn 0.908257 5.56147e-17 0.418414 
vn 0.908257 5.56147e-17 0.418414 
vn 0.857694 5.25186e-17 0.514161 
vn 0.857694 5.25186e-17 0.514161 
vn 0.797075 4.88068e-17 0.60388 
vn 0.797075 4.88068e-17 0.60388 
vn 0.727112 4.45228e-17 0.686519 
vn 0.727112 4.45228e-17 0.686519 
vn 0.648624 3.97168e-17 0.761109 
vn 0.648624 3.97168e-17 0.761109 
vn 0.562531 3.44451e-17 0.826776 
vn 0.562531 3.44451e-17 0.826776 
vn 0.469843 2.87696e-17 0.88275 
vn 0.469843 2.87696e-17 0.88275 
vn 0.371647 2.27568e-17 0.928374 
vn 0.371647 2.27568e-17 0.928374 
vn 0.269094 1.64772e-17 0.963114 
vn 0.269094 1.64772e-17 0.963114 
vn 0.163385 1.00045e-17 0.986562 
vn 0.163385 1.00045e-17 0.986562 
vn 0.0557614 3.4144e-18 0.998444 
vn -0.0525163 -3.21569e-18 0.99862 
vn 3.61672e-16 0 1 
vn -0.0525163 -3.21569e-18 0.99862 
vn -0.160178 -9.80809e-18 0.987088 
vn -0.160178 -9.80809e-18 0.987088 
vn -0.265962 -1.62855e-17 0.963983 
vn -0.265962 -1.62855e-17 0.963983 
vn -0.368628 -2.2572e-17 0.929577 
vn -0.368628 -2.2572e-17 0.929577 
vn -0.466972 -2.85938e-17 0.884272 
vn -0.466972 -2.85938e-17 0.884272 
vn -0.559841 -3.42804e-17 0.8286 
vn -0.559841 -3.42804e-17 0.8286 
vn -0.646147 -3.95651e-17 0.763213 
vn -0.646147 -3.95651e-17 0.763213 
vn -0.724877 -4.43859e-17 0.688878 
vn -0.724877 -4.43859e-17 0.688878 
vn -0.795109 -4.86864e-17 0.606467 
vn -0.795109 -4.86864e-17 0.606467 
vn -0.856018 -5.2416e-17 0.516946 
vn -0.856018 -5.2416e-17 0.516946 
vn -0.906892 -5.55311e-17 0.421363 
vn -0.906892 -5.55311e-17 0.421363 
vn -0.947133 -5.79952e-17 0.320841 
vn -0.947133 -5.79952e-17 0.320841 
vn -0.97627 -5.97793e-17 0.216557 
vn -0.97627 -5.97793e-17 0.216557 
vn 0.0557614 3.4144e-18 0.998444 
f 8436//8436 8437//8437 8438//8438 
f 8439//8439 8438//8438 8440//8440 
f 8441//8441 8440//8440 8442//8442 
f 8443//8443 8442//8442 8444//8444 
f 8445//8445 8444//8444 8446//8446 
f 8447//8447 8446//8446 8448//8448 
f 8449//8449 8448//8448 8450//8450 
f 8451//8451 8450//8450 8452//8452 
f 8453//8453 8452//8452 8454//8454 
f 8455//8455 8454//8454 8456//8456 
f 8457//8457 8456//8456 8458//8458 
f 8459//8459 8458//8458 8460//8460 
f 8461//8461 8460//8460 8462//8462 
f 8463//8463 8462//8462 8464//8464 
f 8465//8465 8464//8464 8466//8466 
f 8467//8467 8466//8466 8468//8468 
f 8469//8469 8468//8468 8470//8470 
f 8471//8471 8470//8470 8472//8472 
f 8473//8473 8472//8472 8474//8474 
f 8475//8475 8474//8474 8476//8476 
f 8477//8477 8476//8476 8478//8478 
f 8479//8479 8478//8478 8480//8480 
f 8481//8481 8480//8480 8482//8482 
f 8483//8483 8482//8482 8484//8484 
f 8485//8485 8484//8484 8486//8486 
f 8487//8487 8486//8486 8488//8488 
f 8489//8489 8488//8488 8490//8490 
f 8491//8491 8490//8490 8492//8492 
f 8493//8493 8492//8492 8494//8494 
f 8495//8495 8494//8494 8496//8496 
f 8497//8497 8496//8496 8498//8498 
f 8499//8499 8498//8498 8500//8500 
f 8501//8501 8500//8500 8502//8502 
f 8503//8503 8502//8502 8504//8504 
f 8505//8505 8504//8504 8506//8506 
f 8507//8507 8506//8506 8508//8508 
f 8509//8509 8508//8508 8510//8510 
f 8511//8511 8510//8510 8512//8512 
f 8513//8513 8512//8512 8514//8514 
f 8515//8515 8514//8514 8516//8516 
f 8517//8517 8516//8516 8518//8518 
f 8519//8519 8518//8518 8520//8520 
f 8521//8521 8520//8520 8522//8522 
f 8523//8523 8522//8522 8524//8524 
f 8524//8524 8525//8525 8526//8526 
f 8525//8525 8527//8527 8526//8526 
f 8527//8527 8525//8525 8528//8528 
f 8529//8529 8528//8528 8530//8530 
f 8531//8531 8530//8530 8532//8532 
f 8533//8533 8532//8532 8534//8534 
f 8535//8535 8534//8534 8536//8536 
f 8537//8537 8536//8536 8538//8538 
f 8539//8539 8538//8538 8540//8540 
f 8541//8541 8540//8540 8542//8542 
f 8543//8543 8542//8542 8544//8544 
f 8545//8545 8544//8544 8546//8546 
f 8547//8547 8546//8546 8548//8548 
f 8549//8549 8548//8548 8550//8550 
f 8551//8551 8550//8550 8437//8437 
f 8437//8437 8436//8436 8551//8551 
f 8550//8550 8551//8551 8549//8549 
f 8548//8548 8549//8549 8547//8547 
f 8546//8546 8547//8547 8545//8545 
f 8544//8544 8545//8545 8543//8543 
f 8542//8542 8543//8543 8541//8541 
f 8540//8540 8541//8541 8539//8539 
f 8538//8538 8539//8539 8537//8537 
f 8536//8536 8537//8537 8535//8535 
f 8534//8534 8535//8535 8533//8533 
f 8532//8532 8533//8533 8531//8531 
f 8530//8530 8531//8531 8529//8529 
f 8528//8528 8529//8529 8527//8527 
f 8526//8526 8552//8552 8524//8524 
f 8524//8524 8552//8552 8523//8523 
f 8522//8522 8523//8523 8521//8521 
f 8520//8520 8521//8521 8519//8519 
f 8518//8518 8519//8519 8517//8517 
f 8516//8516 8517//8517 8515//8515 
f 8514//8514 8515//8515 8513//8513 
f 8512//8512 8513//8513 8511//8511 
f 8510//8510 8511//8511 8509//8509 
f 8508//8508 8509//8509 8507//8507 
f 8506//8506 8507//8507 8505//8505 
f 8504//8504 8505//8505 8503//8503 
f 8502//8502 8503//8503 8501//8501 
f 8500//8500 8501//8501 8499//8499 
f 8498//8498 8499//8499 8497//8497 
f 8496//8496 8497//8497 8495//8495 
f 8494//8494 8495//8495 8493//8493 
f 8492//8492 8493//8493 8491//8491 
f 8490//8490 8491//8491 8489//8489 
f 8488//8488 8489//8489 8487//8487 
f 8486//8486 8487//8487 8485//8485 
f 8484//8484 8485//8485 8483//8483 
f 8482//8482 8483//8483 8481//8481 
f 8480//8480 8481//8481 8479//8479 
f 8478//8478 8479//8479 8477//8477 
f 8476//8476 8477//8477 8475//8475 
f 8474//8474 8475//8475 8473//8473 
f 8472//8472 8473//8473 8471//8471 
f 8470//8470 8471//8471 8469//8469 
f 8468//8468 8469//8469 8467//8467 
f 8466//8466 8467//8467 8465//8465 
f 8464//8464 8465//8465 8463//8463 
f 8462//8462 8463//8463 8461//8461 
f 8460//8460 8461//8461 8459//8459 
f 8458//8458 8459//8459 8457//8457 
f 8456//8456 8457//8457 8455//8455 
f 8454//8454 8455//8455 8453//8453 
f 8452//8452 8453//8453 8451//8451 
f 8450//8450 8451//8451 8449//8449 
f 8448//8448 8449//8449 8447//8447 
f 8446//8446 8447//8447 8445//8445 
f 8444//8444 8445//8445 8443//8443 
f 8442//8442 8443//8443 8441//8441 
f 8440//8440 8441//8441 8439//8439 
f 8438//8438 8439//8439 8436//8436 
v 0.0325758 -0.0635 0.0485 
v 0.0315648 -0.0635 0.0677234 
v 0.0294923 -0.0635 0.0675014 
v 0.027456 -0.0635 0.0670567 
v 0.0254797 -0.0635 0.0663944 
v 0.0235865 -0.0635 0.0655222 
v 0.0217988 -0.0635 0.0644505 
v 0.0201374 -0.0635 0.0631919 
v 0.0186219 -0.0635 0.0617609 
v 0.0172699 -0.0635 0.0601745 
v 0.0160974 -0.0635 0.0584512 
v 0.0151181 -0.0635 0.0566112 
v 0.0143434 -0.0635 0.0546762 
v 0.0137826 -0.0635 0.0526687 
v 0.013442 -0.0635 0.0506124 
v 0.0133258 -0.0635 0.0485313 
v 0.0134352 -0.0635 0.0464498 
v 0.0137691 -0.0635 0.0443924 
v 0.0143235 -0.0635 0.0423831 
v 0.0150918 -0.0635 0.0404455 
v 0.0160652 -0.0635 0.0386024 
v 0.0172321 -0.0635 0.0368753 
v 0.0185789 -0.0635 0.0352845 
v 0.0200897 -0.0635 0.0338487 
v 0.021747 -0.0635 0.0325846 
v 0.0235313 -0.0635 0.0315071 
v 0.0254215 -0.0635 0.0306288 
v 0.0273957 -0.0635 0.0299601 
v 0.0294306 -0.0635 0.0295087 
v 0.0315024 -0.0635 0.02928 
v 0.0335867 -0.0635 0.0292766 
v 0.0356592 -0.0635 0.0294986 
v 0.0376955 -0.0635 0.0299433 
v 0.0396718 -0.0635 0.0306056 
v 0.041565 -0.0635 0.0314778 
v 0.0433527 -0.0635 0.0325495 
v 0.0450141 -0.0635 0.0338081 
v 0.0465296 -0.0635 0.0352391 
v 0.0478816 -0.0635 0.0368255 
v 0.0490541 -0.0635 0.0385488 
v 0.0500334 -0.0635 0.0403888 
v 0.0508081 -0.0635 0.0423238 
v 0.051369 -0.0635 0.0443313 
v 0.0517095 -0.0635 0.0463876 
v 0.0518257 -0.0635 0.0484687 
v 0.0517163 -0.0635 0.0505502 
v 0.0513824 -0.0635 0.0526076 
v 0.050828 -0.0635 0.0546169 
v 0.0500597 -0.0635 0.0565545 
v 0.0490864 -0.0635 0.0583976 
v 0.0479195 -0.0635 0.0601247 
v 0.0465727 -0.0635 0.0617155 
v 0.0450618 -0.0635 0.0631513 
v 0.0434045 -0.0635 0.0644154 
v 0.0416202 -0.0635 0.0654929 
v 0.03973 -0.0635 0.0663712 
v 0.0377558 -0.0635 0.0670399 
v 0.0357209 -0.0635 0.0674913 
v 0.0336492 -0.0635 0.06772 
v 0.0325758 -0.0635 0.06775 
vn 6.12323e-17 -1 0 
vn 6.12323e-17 -1 0 
vn 6.12323e-17 -1 0 
vn 6.12323e-17 -1 0 
vn 6.12323e-17 -1 0 
vn 6.12323e-17 -1 0 
vn 6.12323e-17 -1 0 
vn 6.12323e-17 -1 0 
vn 6.12323e-17 -1 0 
vn 6.12323e-17 -1 0 
vn 6.12323e-17 -1 0 
vn 6.12323e-17 -1 0 
vn 6.12323e-17 -1 0 
vn 6.12323e-17 -1 0 
vn 6.12323e-17 -1 0 
vn 6.12323e-17 -1 0 
vn 6.12323e-17 -1 0 
vn 6.12323e-17 -1 0 
vn 6.12323e-17 -1 0 
vn 6.12323e-17 -1 0 
vn 6.12323e-17 -1 0 
vn 6.12323e-17 -1 0 
vn 6.12323e-17 -1 0 
vn 6.12323e-17 -1 0 
vn 6.12323e-17 -1 0 
vn 6.12323e-17 -1 0 
vn 6.12323e-17 -1 0 
vn 6.12323e-17 -1 0 
vn 6.12323e-17 -1 0 
vn 6.12323e-17 -1 0 
vn 6.12323e-17 -1 0 
vn 6.12323e-17 -1 0 
vn 6.12323e-17 -1 0 
vn 6.12323e-17 -1 0 
vn 6.12323e-17 -1 0 
vn 6.12323e-17 -1 0 
vn 6.12323e-17 -1 0 
vn 6.12323e-17 -1 0 
vn 6.12323e-17 -1 0 
vn 6.12323e-17 -1 0 
vn 6.12323e-17 -1 0 
vn 6.12323e-17 -1 0 
vn 6.12323e-17 -1 0 
vn 6.12323e-17 -1 0 
vn 6.12323e-17 -1 0 
vn 6.12323e-17 -1 0 
vn 6.12323e-17 -1 0 
vn 6.12323e-17 -1 0 
vn 6.12323e-17 -1 0 
vn 6.12323e-17 -1 0 
vn 6.12323e-17 -1 0 
vn 6.12323e-17 -1 0 
vn 6.12323e-17 -1 0 
vn 6.12323e-17 -1 0 
vn 6.12323e-17 -1 0 
vn 6.12323e-17 -1 0 
vn 6.12323e-17 -1 0 
vn 6.12323e-17 -1 0 
vn 6.12323e-17 -1 0 
vn 6.12323e-17 -1 0 
f 8553//8553 8554//8554 8555//8555 
f 8555//8555 8556//8556 8553//8553 
f 8556//8556 8557//8557 8553//8553 
f 8557//8557 8558//8558 8553//8553 
f 8558//8558 8559//8559 8553//8553 
f 8559//8559 8560//8560 8553//8553 
f 8560//8560 8561//8561 8553//8553 
f 8561//8561 8562//8562 8553//8553 
f 8562//8562 8563//8563 8553//8553 
f 8563//8563 8564//8564 8553//8553 
f 8564//8564 8565//8565 8553//8553 
f 8565//8565 8566//8566 8553//8553 
f 8566//8566 8567//8567 8553//8553 
f 8567//8567 8568//8568 8553//8553 
f 8568//8568 8569//8569 8553//8553 
f 8569//8569 8570//8570 8553//8553 
f 8570//8570 8571//8571 8553//8553 
f 8571//8571 8572//8572 8553//8553 
f 8572//8572 8573//8573 8553//8553 
f 8573//8573 8574//8574 8553//8553 
f 8574//8574 8575//8575 8553//8553 
f 8575//8575 8576//8576 8553//8553 
f 8576//8576 8577//8577 8553//8553 
f 8577//8577 8578//8578 8553//8553 
f 8578//8578 8579//8579 8553//8553 
f 8579//8579 8580//8580 8553//8553 
f 8580//8580 8581//8581 8553//8553 
f 8581//8581 8582//8582 8553//8553 
f 8582//8582 8583//8583 8553//8553 
f 8583//8583 8584//8584 8553//8553 
f 8584//8584 8585//8585 8553//8553 
f 8585//8585 8586//8586 8553//8553 
f 8586//8586 8587//8587 8553//8553 
f 8587//8587 8588//8588 8553//8553 
f 8588//8588 8589//8589 8553//8553 
f 8589//8589 8590//8590 8553//8553 
f 8590//8590 8591//8591 8553//8553 
f 8591//8591 8592//8592 8553//8553 
f 8592//8592 8593//8593 8553//8553 
f 8593//8593 8594//8594 8553//8553 
f 8594//8594 8595//8595 8553//8553 
f 8595//8595 8596//8596 8553//8553 
f 8596//8596 8597//8597 8553//8553 
f 8597//8597 8598//8598 8553//8553 
f 8598//8598 8599//8599 8553//8553 
f 8599//8599 8600//8600 8553//8553 
f 8600//8600 8601//8601 8553//8553 
f 8601//8601 8602//8602 8553//8553 
f 8602//8602 8603//8603 8553//8553 
f 8603//8603 8604//8604 8553//8553 
f 8604//8604 8605//8605 8553//8553 
f 8605//8605 8606//8606 8553//8553 
f 8606//8606 8607//8607 8553//8553 
f 8607//8607 8608//8608 8553//8553 
f 8608//8608 8609//8609 8553//8553 
f 8609//8609 8610//8610 8553//8553 
f 8610//8610 8611//8611 8553//8553 
f 8611//8611 8612//8612 8553//8553 
f 8612//8612 8554//8554 8553//8553 
