# OBJ generated by ONSHAPE BY PTC INC, 1.219 Units = meters
mtllib link_6.mtl
g Part 1
v 0.008 0.000959925 0.0193733 
v 0.008 0.0030422 0.019032 
v 0.008 0.00507536 0.0184675 
v 0.008 0.00703557 0.0176865 
v 0.008 0.00889985 0.0166981 
v 0.008 0.0106463 0.0155139 
v 0.008 0.0122545 0.0141479 
v 0.008 0.0137056 0.012616 
v 0.008 0.0149826 0.0109362 
v 0.008 0.0160705 0.00912815 
v 0.008 0.0169565 0.0072131 
v 0.008 0.0176302 0.00521348 
v 0.008 0.0180838 0.00315274 
v 0.008 0.018312 0.00105504 
v 0.008 0.018312 -0.00105504 
v 0.008 0.0180838 -0.00315274 
v 0.008 0.0176302 -0.00521348 
v 0.008 0.0169565 -0.0072131 
v 0.008 0.0160705 -0.00912815 
v 0.008 0.0149826 -0.0109362 
v 0.008 0.0137056 -0.012616 
v 0.008 0.0122545 -0.0141479 
v 0.008 0.0106463 -0.0155139 
v 0.008 0.00889985 -0.0166981 
v 0.008 0.00703557 -0.0176865 
v 0.008 0.00507536 -0.0184675 
v 0.008 0.0030422 -0.019032 
v 0.008 0.000959925 -0.0193733 
v 0.008 -0.00114705 -0.0194876 
v 0.008 -0.00325403 -0.0193733 
v 0.008 -0.00533631 -0.019032 
v 0.008 -0.00736947 -0.0184675 
v 0.008 -0.00932968 -0.0176865 
v 0.008 -0.011194 -0.0166981 
v 0.008 -0.0129404 -0.0155139 
v 0.008 -0.0145487 -0.0141479 
v 0.008 -0.0159998 -0.012616 
v 0.008 -0.0172767 -0.0109362 
v 0.008 -0.0183646 -0.00912815 
v 0.008 -0.0192506 -0.0072131 
v 0.008 -0.0199243 -0.00521348 
v 0.008 -0.0203779 -0.00315274 
v 0.008 -0.0206061 -0.00105504 
v 0.008 -0.0206061 0.00105504 
v 0.008 -0.0203779 0.00315274 
v 0.008 -0.0199243 0.00521348 
v 0.008 -0.0192506 0.0072131 
v 0.008 -0.0183646 0.00912815 
v 0.008 -0.0172767 0.0109362 
v 0.008 -0.0159998 0.012616 
v 0.008 -0.0145487 0.0141479 
v 0.008 -0.0129404 0.0155139 
v 0.008 -0.011194 0.0166981 
v 0.008 -0.00932968 0.0176865 
v 0.008 -0.00736947 0.0184675 
v 0.008 -0.00533631 0.019032 
v 0.008 -0.00325403 0.0193733 
v 0.008 -0.00114705 0.0194876 
v 0.008 -0.00114705 2.3828e-18 
v 0.002 -0.00325403 0.0193733 
v 0.002 -0.00114705 0.0194876 
v 0.002 -0.00533631 0.019032 
v 0.002 -0.00736947 0.0184675 
v 0.002 -0.00932968 0.0176865 
v 0.002 -0.011194 0.0166981 
v 0.002 -0.0129404 0.0155139 
v 0.002 -0.0145487 0.0141479 
v 0.002 -0.0159998 0.012616 
v 0.002 -0.0172767 0.0109362 
v 0.002 -0.0183646 0.00912815 
v 0.002 -0.0192506 0.0072131 
v 0.002 -0.0199243 0.00521348 
v 0.002 -0.0203779 0.00315274 
v 0.002 -0.0206061 0.00105504 
v 0.002 -0.0206061 -0.00105504 
v 0.002 -0.0203779 -0.00315274 
v 0.002 -0.0199243 -0.00521348 
v 0.002 -0.0192506 -0.0072131 
v 0.002 -0.0183646 -0.00912815 
v 0.002 -0.0172767 -0.0109362 
v 0.002 -0.0159998 -0.012616 
v 0.002 -0.0145487 -0.0141479 
v 0.002 -0.0129404 -0.0155139 
v 0.002 -0.011194 -0.0166981 
v 0.002 -0.00932968 -0.0176865 
v 0.002 -0.00736947 -0.0184675 
v 0.002 -0.00533631 -0.019032 
v 0.002 -0.00325403 -0.0193733 
v 0.002 -0.00114705 -0.0194876 
v 0.002 0.000959925 -0.0193733 
v 0.002 0.0030422 -0.019032 
v 0.002 0.00507536 -0.0184675 
v 0.002 0.00703557 -0.0176865 
v 0.002 0.00889985 -0.0166981 
v 0.002 0.0106463 -0.0155139 
v 0.002 0.0122545 -0.0141479 
v 0.002 0.0137056 -0.012616 
v 0.002 0.0149826 -0.0109362 
v 0.002 0.0160705 -0.00912815 
v 0.002 0.0169565 -0.0072131 
v 0.002 0.0176302 -0.00521348 
v 0.002 0.0180838 -0.00315274 
v 0.002 0.018312 -0.00105504 
v 0.002 0.018312 0.00105504 
v 0.002 0.0180838 0.00315274 
v 0.002 0.0176302 0.00521348 
v 0.002 0.0169565 0.0072131 
v 0.002 0.0160705 0.00912815 
v 0.002 0.0149826 0.0109362 
v 0.002 0.0137056 0.012616 
v 0.002 0.0122545 0.0141479 
v 0.002 0.0106463 0.0155139 
v 0.002 0.00889985 0.0166981 
v 0.002 0.00703557 0.0176865 
v 0.002 0.00507536 0.0184675 
v 0.002 0.0030422 0.019032 
v 0.002 0.000959925 0.0193733 
v 0.002 0.0176152 0.0203713 
v 0.002 0.0177546 0.0203006 
v 0.002 0.0174691 0.0204272 
v 0.002 0.017886 0.0202157 
v 0.002 0.0170074 0.0205 
v 0.002 0.021875 0.0158267 
v 0.002 0.0234425 0.0133959 
v 0.002 -0.026793 -0.003337 
v 0.002 -0.0269962 -0.00045176 
v 0.002 -0.0268896 0.00243866 
v 0.002 -0.0264745 0.0053011 
v 0.002 -0.0257555 0.00810271 
v 0.002 0.017318 0.0204675 
v 0.002 0.0171635 0.0204918 
v 0.002 0.0180078 0.0201176 
v 0.002 0.0200565 0.0180759 
v 0.002 0.0268896 0.00243866 
v 0.002 0.0269962 -0.00045176 
v 0.002 -0.00144619 -0.0269612 
v 0.002 -0.00432199 -0.0266518 
v 0.002 -0.00714818 -0.0260366 
v 0.002 -0.02547 -0.00895992 
v 0.002 -0.0262823 -0.00618395 
v 0.002 -0.024741 0.0108113 
v 0.002 -0.0234425 0.0133959 
v 0.002 -0.021875 0.0158267 
v 0.002 -0.017886 0.0202157 
v 0.002 -0.0177546 0.0203006 
v 0.002 -0.0200565 0.0180759 
v 0.002 -0.0180078 0.0201176 
v 0.002 0.024741 0.0108113 
v 0.002 0.026793 -0.003337 
v 0.002 -0.00989234 -0.0251225 
v 0.002 -0.012523 -0.0239202 
v 0.002 -0.0150099 -0.0224433 
v 0.002 -0.0176152 0.0203713 
v 0.002 -0.0174691 0.0204272 
v 0.002 0.0257555 0.00810271 
v 0.002 0.0264745 0.0053011 
v 0.002 0.0173246 -0.0207089 
v 0.002 0.0150099 -0.0224433 
v 0.002 0.012523 -0.0239202 
v 0.002 -0.0173246 -0.0207089 
v 0.002 -0.0194404 -0.0187368 
v 0.002 -0.0213332 -0.0165497 
v 0.002 -0.0229812 -0.0141727 
v 0.002 -0.0243654 -0.0116331 
v 0.002 0.02547 -0.00895992 
v 0.002 0.0243654 -0.0116331 
v 0.002 0.0229812 -0.0141727 
v 0.002 0.0213332 -0.0165497 
v 0.002 0.0194404 -0.0187368 
v 0.002 0.00989234 -0.0251225 
v 0.002 0.00714818 -0.0260366 
v 0.002 0.00432199 -0.0266518 
v 0.002 -0.0171635 0.0204918 
v 0.002 -0.0170074 0.0205 
v 0.002 -0.017318 0.0204675 
v 0.002 0.0262823 -0.00618395 
v 0.002 0.00144619 -0.0269612 
v 0.0035 -0.0170074 0.022 
v 0.0035 0.0170074 0.022 
v 0.0035 -0.0190082 0.0212353 
v 0.0035 -0.0211707 0.0190801 
v 0.0035 -0.0230903 0.016706 
v 0.0035 -0.0247449 0.0141401 
v 0.0035 -0.0261155 0.011412 
v 0.0035 -0.0271864 0.00855286 
v 0.0035 -0.0279453 0.00559561 
v 0.0035 -0.0283835 0.00257415 
v 0.0035 -0.028496 -0.000476858 
v 0.0035 -0.0282815 -0.00352239 
v 0.0035 -0.0277424 -0.0065275 
v 0.0035 -0.026885 -0.0094577 
v 0.0035 -0.025719 -0.0122794 
v 0.0035 -0.0242579 -0.0149601 
v 0.0035 -0.0225184 -0.0174692 
v 0.0035 -0.0205205 -0.0197778 
v 0.0035 -0.0182871 -0.0218594 
v 0.0035 -0.0158438 -0.0236902 
v 0.0035 -0.0132187 -0.0252491 
v 0.0035 -0.0104419 -0.0265182 
v 0.0035 -0.0075453 -0.0274831 
v 0.0035 -0.0045621 -0.0281325 
v 0.0035 -0.00152654 -0.0284591 
v 0.0035 0.00152654 -0.0284591 
v 0.0035 0.0045621 -0.0281325 
v 0.0035 0.0075453 -0.0274831 
v 0.0035 0.0104419 -0.0265182 
v 0.0035 0.0132187 -0.0252491 
v 0.0035 0.0158438 -0.0236902 
v 0.0035 0.0182871 -0.0218594 
v 0.0035 0.0205205 -0.0197778 
v 0.0035 0.0225184 -0.0174692 
v 0.0035 0.0242579 -0.0149601 
v 0.0035 0.025719 -0.0122794 
v 0.0035 0.026885 -0.0094577 
v 0.0035 0.0277424 -0.0065275 
v 0.0035 0.0282815 -0.00352239 
v 0.0035 0.028496 -0.000476858 
v 0.0035 0.0283835 0.00257415 
v 0.0035 0.0279453 0.00559561 
v 0.0035 0.0271864 0.00855286 
v 0.0035 0.0261155 0.011412 
v 0.0035 0.0247449 0.0141401 
v 0.0035 0.0230903 0.016706 
v 0.0035 0.0211707 0.0190801 
v 0.0035 0.0190082 0.0212353 
v 0.0035 -0.0173197 0.0219837 
v 0.0035 -0.0176286 0.021935 
v 0.0035 -0.0179308 0.0218543 
v 0.0035 -0.018223 0.0217427 
v 0.0035 -0.0185019 0.0216012 
v 0.0035 -0.0187646 0.0214315 
v 0.0035 0.0187646 0.0214315 
v 0.0035 0.0185019 0.0216012 
v 0.0035 0.018223 0.0217427 
v 0.0035 0.0179308 0.0218543 
v 0.0035 0.0176286 0.021935 
v 0.0035 0.0173197 0.0219837 
v 0.008 -0.0170074 0.022 
v 0.008 0.0170074 0.022 
v 0.008 0.0173197 0.0219837 
v 0.008 0.0173446 0.021981 
v 0.008 0.0176286 0.021935 
v 0.008 0.0179308 0.0218543 
v 0.008 0.018223 0.0217427 
v 0.008 0.0185019 0.0216012 
v 0.008 0.0187646 0.0214315 
v 0.008 0.0190082 0.0212353 
v 0.008 -0.0190082 0.0212353 
v 0.008 -0.0187646 0.0214315 
v 0.008 -0.0185019 0.0216012 
v 0.008 -0.018223 0.0217427 
v 0.008 -0.0179308 0.0218543 
v 0.008 -0.0176286 0.021935 
v 0.008 -0.0173446 0.021981 
v 0.008 -0.0173197 0.0219837 
v 0.008 0.0211707 0.0190801 
v 0.008 0.0230903 0.016706 
v 0.008 0.0247449 0.0141401 
v 0.008 0.0261155 0.011412 
v 0.008 0.0271864 0.00855286 
v 0.008 0.0279453 0.00559561 
v 0.008 0.0283835 0.00257415 
v 0.008 0.028496 -0.000476858 
v 0.008 0.0282815 -0.00352239 
v 0.008 0.0277424 -0.0065275 
v 0.008 0.026885 -0.0094577 
v 0.008 0.025719 -0.0122794 
v 0.008 0.0242579 -0.0149601 
v 0.008 0.0225184 -0.0174692 
v 0.008 0.0205205 -0.0197778 
v 0.008 0.0182871 -0.0218594 
v 0.008 0.0158438 -0.0236902 
v 0.008 0.0132187 -0.0252491 
v 0.008 0.0104419 -0.0265182 
v 0.008 0.0075453 -0.0274831 
v 0.008 0.0045621 -0.0281325 
v 0.008 0.00152654 -0.0284591 
v 0.008 -0.00152654 -0.0284591 
v 0.008 -0.0045621 -0.0281325 
v 0.008 -0.0075453 -0.0274831 
v 0.008 -0.0104419 -0.0265182 
v 0.008 -0.0132187 -0.0252491 
v 0.008 -0.0158438 -0.0236902 
v 0.008 -0.0182871 -0.0218594 
v 0.008 -0.0205205 -0.0197778 
v 0.008 -0.0225184 -0.0174692 
v 0.008 -0.0242579 -0.0149601 
v 0.008 -0.025719 -0.0122794 
v 0.008 -0.026885 -0.0094577 
v 0.008 -0.0277424 -0.0065275 
v 0.008 -0.0282815 -0.00352239 
v 0.008 -0.028496 -0.000476858 
v 0.008 -0.0283835 0.00257415 
v 0.008 -0.0279453 0.00559561 
v 0.008 -0.0271864 0.00855286 
v 0.008 -0.0261155 0.011412 
v 0.008 -0.0247449 0.0141401 
v 0.008 -0.0230903 0.016706 
v 0.008 -0.0211707 0.0190801 
v 0.008 -0.0260113 -0.0103639 
v 0.008 -0.0269794 -0.00749079 
v 0.008 -0.0247383 -0.0131154 
v 0.008 -0.0231753 -0.0157132 
v 0.008 -0.0213405 -0.0181268 
v 0.008 -0.0169449 -0.0222906 
v 0.008 -0.0192556 -0.0203279 
v 0.008 -0.0144355 -0.023992 
v 0.008 -0.0276311 -0.0045299 
v 0.008 -0.0279589 -0.00151589 
v 0.008 -0.0117569 -0.0254121 
v 0.008 -5.14352e-18 -0.028 
v 0.008 -0.00302733 -0.0278359 
v 0.008 0.00302733 -0.0278359 
v 0.008 0.00601917 -0.0273454 
v 0.008 -0.00894044 -0.0265343 
v 0.008 -0.00601917 -0.0273454 
v 0.008 0.00894044 -0.0265343 
v 0.008 -0.0192556 0.0203279 
v 0.008 0.0117569 -0.0254121 
v 0.008 0.0144355 -0.023992 
v 0.008 0.0169449 -0.0222906 
v 0.008 -0.0231753 0.0157132 
v 0.008 -0.0213405 0.0181268 
v 0.008 -0.0247383 0.0131154 
v 0.008 0.0192556 0.0203279 
v 0.008 -0.0260113 0.0103639 
v 0.008 0.0192556 -0.0203279 
v 0.008 0.0213405 -0.0181268 
v 0.008 0.0231753 -0.0157132 
v 0.008 0.0260113 -0.0103639 
v 0.008 0.0269794 -0.00749079 
v 0.008 0.0279589 0.00151589 
v 0.008 -0.0269794 0.00749079 
v 0.008 -0.0276311 0.0045299 
v 0.008 -0.0279589 0.00151589 
v 0.008 0.0247383 -0.0131154 
v 0.008 0.028 0 
v 0.008 0.0276311 0.0045299 
v 0.008 0.0276311 -0.0045299 
v 0.008 0.0279589 -0.00151589 
v 0.008 0.0260113 0.0103639 
v 0.008 0.0247383 0.0131154 
v 0.008 0.0231753 0.0157132 
v 0.008 0.0213405 0.0181268 
v 0.008 0.0269794 0.00749079 
v 0.008 0.0117569 0.0254121 
v 0.008 0.00302733 0.0278359 
v 0.008 0.00601917 0.0273454 
v 0.008 -0.00302733 0.0278359 
v 0.008 1.71451e-18 0.028 
v 0.008 -0.00894044 0.0265343 
v 0.008 -0.00601917 0.0273454 
v 0.008 -0.0144355 0.023992 
v 0.008 -0.0117569 0.0254121 
v 0.008 0.0144355 0.023992 
v 0.008 -0.0169449 0.0222906 
v 0.008 0.00894044 0.0265343 
v 0.008 0.0169449 0.0222906 
v 0.0085 0.0285 0 
v 0.0085 0.0284582 0.00154296 
v 0.0085 0.0281246 0.00461079 
v 0.0085 0.0274612 0.00762456 
v 0.0085 0.0264758 0.0105489 
v 0.0085 0.0251801 0.0133496 
v 0.0085 0.0235891 0.0159938 
v 0.0085 0.0217216 0.0184505 
v 0.0085 0.0195994 0.0206909 
v 0.0085 0.0172475 0.0226887 
v 0.0085 0.0146933 0.0244204 
v 0.0085 0.0119668 0.0258659 
v 0.0085 0.00910009 0.0270081 
v 0.0085 0.00612666 0.0278337 
v 0.0085 0.00308139 0.0283329 
v 0.0085 1.74512e-18 0.0285 
v 0.0085 -0.00308139 0.0283329 
v 0.0085 -0.00612666 0.0278337 
v 0.0085 -0.00910009 0.0270081 
v 0.0085 -0.0119668 0.0258659 
v 0.0085 -0.0146933 0.0244204 
v 0.0085 -0.0195994 0.0206909 
v 0.0085 -0.0172475 0.0226887 
v 0.0085 -0.0217216 0.0184505 
v 0.0085 -0.0235891 0.0159938 
v 0.0085 -0.0251801 0.0133496 
v 0.0085 -0.0264758 0.0105489 
v 0.0085 -0.0274612 0.00762456 
v 0.0085 -0.0281246 0.00461079 
v 0.0085 -0.0285 3.49024e-18 
v 0.0085 -0.0284582 -0.00154296 
v 0.0085 -0.0281246 -0.00461079 
v 0.0085 -0.0274612 -0.00762456 
v 0.0085 -0.0264758 -0.0105489 
v 0.0085 -0.0251801 -0.0133496 
v 0.0085 -0.0235891 -0.0159938 
v 0.0085 -0.0217216 -0.0184505 
v 0.0085 -0.0195994 -0.0206909 
v 0.0085 -0.0172475 -0.0226887 
v 0.0085 -0.0146933 -0.0244204 
v 0.0085 -0.0119668 -0.0258659 
v 0.0085 -0.00910009 -0.0270081 
v 0.0085 -0.00612666 -0.0278337 
v 0.0085 -0.00308139 -0.0283329 
v 0.0085 -5.23537e-18 -0.0285 
v 0.0085 0.00308139 -0.0283329 
v 0.0085 0.00612666 -0.0278337 
v 0.0085 0.00910009 -0.0270081 
v 0.0085 0.0119668 -0.0258659 
v 0.0085 0.0146933 -0.0244204 
v 0.0085 0.0172475 -0.0226887 
v 0.0085 0.0195994 -0.0206909 
v 0.0085 0.0217216 -0.0184505 
v 0.0085 0.0235891 -0.0159938 
v 0.0085 0.0251801 -0.0133496 
v 0.0085 0.0264758 -0.0105489 
v 0.0085 0.0274612 -0.00762456 
v 0.0085 0.0281246 -0.00461079 
v 0.0085 0.0284582 -0.00154296 
v 0.0085 -0.0284582 0.00154296 
v 0.0525 -1.74512e-18 0.0285 
v 0.0525 0.00308139 0.0283329 
v 0.0525 0.00612666 0.0278337 
v 0.0525 0.00910009 0.0270081 
v 0.0525 0.0119668 0.0258659 
v 0.0525 0.0146933 0.0244204 
v 0.0525 0.0172475 0.0226887 
v 0.0525 0.0195994 0.0206909 
v 0.0525 0.0217216 0.0184505 
v 0.0525 0.0235891 0.0159938 
v 0.0525 0.0251801 0.0133496 
v 0.0525 0.0264758 0.0105489 
v 0.0525 0.0274612 0.00762456 
v 0.0525 0.0281246 0.00461079 
v 0.0525 0.0284582 0.00154296 
v 0.0525 0.0284582 -0.00154296 
v 0.0525 0.0281246 -0.00461079 
v 0.0525 0.0274612 -0.00762456 
v 0.0525 0.0264758 -0.0105489 
v 0.0525 0.0251801 -0.0133496 
v 0.0525 0.0235891 -0.0159938 
v 0.0525 0.0217216 -0.0184505 
v 0.0525 0.0195994 -0.0206909 
v 0.0525 0.0172475 -0.0226887 
v 0.0525 0.0146933 -0.0244204 
v 0.0525 0.0119668 -0.0258659 
v 0.0525 0.00910009 -0.0270081 
v 0.0525 0.00612666 -0.0278337 
v 0.0525 0.00308139 -0.0283329 
v 0.0525 5.23537e-18 -0.0285 
v 0.0525 -0.00308139 -0.0283329 
v 0.0525 -0.00612666 -0.0278337 
v 0.0525 -0.00910009 -0.0270081 
v 0.0525 -0.0119668 -0.0258659 
v 0.0525 -0.0146933 -0.0244204 
v 0.0525 -0.0172475 -0.0226887 
v 0.0525 -0.0195994 -0.0206909 
v 0.0525 -0.0217216 -0.0184505 
v 0.0525 -0.0235891 -0.0159938 
v 0.0525 -0.0251801 -0.0133496 
v 0.0525 -0.0264758 -0.0105489 
v 0.0525 -0.0274612 -0.00762456 
v 0.0525 -0.0281246 -0.00461079 
v 0.0525 -0.0284582 -0.00154296 
v 0.0525 -0.0285 0 
v 0.0525 -0.0284582 0.00154296 
v 0.0525 -0.0281246 0.00461079 
v 0.0525 -0.0274612 0.00762456 
v 0.0525 -0.0264758 0.0105489 
v 0.0525 -0.0251801 0.0133496 
v 0.0525 -0.0235891 0.0159938 
v 0.0525 -0.0217216 0.0184505 
v 0.0525 -0.0195994 0.0206909 
v 0.0525 -0.0172475 0.0226887 
v 0.0525 -0.0146933 0.0244204 
v 0.0525 -0.0119668 0.0258659 
v 0.0525 -0.00910009 0.0270081 
v 0.0525 -0.00612666 0.0278337 
v 0.0525 -0.00308139 0.0283329 
v 0.053 -0.028 -6.85802e-18 
v 0.053 -0.0279589 0.00151589 
v 0.053 -0.0276311 0.0045299 
v 0.053 -0.0269794 0.00749079 
v 0.053 -0.0260113 0.0103639 
v 0.053 -0.0247383 0.0131154 
v 0.053 -0.0245 0.0135554 
v 0.053 -0.0231753 0.0157132 
v 0.053 -0.0213405 0.0181268 
v 0.053 -0.0192556 0.0203279 
v 0.053 -0.0169449 0.0222906 
v 0.053 -0.0144355 0.023992 
v 0.053 -0.0135554 0.0245 
v 0.053 -0.0117569 0.0254121 
v 0.053 -0.00894044 0.0265343 
v 0.053 -0.00601917 0.0273454 
v 0.053 -0.00302733 0.0278359 
v 0.053 -1.71451e-18 0.028 
v 0.053 0.00302733 0.0278359 
v 0.053 0.00601917 0.0273454 
v 0.053 0.00894044 0.0265343 
v 0.053 0.0117569 0.0254121 
v 0.053 0.0135554 0.0245 
v 0.053 0.0144355 0.023992 
v 0.053 0.0169449 0.0222906 
v 0.053 0.0192556 0.0203279 
v 0.053 0.0213405 0.0181268 
v 0.053 0.0231753 0.0157132 
v 0.053 0.0245 0.0135554 
v 0.053 0.0247383 0.0131154 
v 0.053 0.0260113 0.0103639 
v 0.053 0.0269794 0.00749079 
v 0.053 0.0276311 0.0045299 
v 0.053 0.0279589 0.00151589 
v 0.053 0.0279589 -0.00151589 
v 0.053 0.0276311 -0.0045299 
v 0.053 0.0269794 -0.00749079 
v 0.053 0.0260113 -0.0103639 
v 0.053 0.0247383 -0.0131154 
v 0.053 0.0245 -0.0135554 
v 0.053 0.0231753 -0.0157132 
v 0.053 0.0213405 -0.0181268 
v 0.053 0.0192556 -0.0203279 
v 0.053 0.0169449 -0.0222906 
v 0.053 0.0144355 -0.023992 
v 0.053 0.0135554 -0.0245 
v 0.053 0.0117569 -0.0254121 
v 0.053 0.00894044 -0.0265343 
v 0.053 0.00601917 -0.0273454 
v 0.053 0.00302733 -0.0278359 
v 0.053 5.14352e-18 -0.028 
v 0.053 -0.00302733 -0.0278359 
v 0.053 -0.00601917 -0.0273454 
v 0.053 -0.00894044 -0.0265343 
v 0.053 -0.0117569 -0.0254121 
v 0.053 -0.0135554 -0.0245 
v 0.053 -0.0144355 -0.023992 
v 0.053 -0.0169449 -0.0222906 
v 0.053 -0.0192556 -0.0203279 
v 0.053 -0.0213405 -0.0181268 
v 0.053 -0.0231753 -0.0157132 
v 0.053 -0.0245 -0.0135554 
v 0.053 -0.0247383 -0.0131154 
v 0.053 -0.0260113 -0.0103639 
v 0.053 -0.0269794 -0.00749079 
v 0.053 -0.0276311 -0.0045299 
v 0.053 -0.0279589 -0.00151589 
v 0.053 -0.0145602 -0.0245 
v 0.053 -0.0169259 -0.0229295 
v 0.053 -0.0229295 -0.0169259 
v 0.053 -0.0245 -0.0145602 
v 0.053 -0.0191236 -0.0211314 
v 0.053 -0.0211314 -0.0191236 
v 0.059 -0.0145602 -0.0245 
v 0.059 -0.0169259 -0.0229295 
v 0.059 -0.0191236 -0.0211314 
v 0.059 -0.0211314 -0.0191236 
v 0.059 -0.0229295 -0.0169259 
v 0.059 -0.0245 -0.0145602 
v 0.059 -0.0231753 -0.0157132 
v 0.059 -0.0213405 -0.0181268 
v 0.059 -0.0192556 -0.0203279 
v 0.059 -0.0169449 -0.0222906 
v 0.059 -0.0144355 -0.023992 
v 0.059 -0.0135554 -0.0245 
v 0.059 -0.0245 -0.0135554 
v 0.053 0.0245 -0.0145602 
v 0.053 0.0229295 -0.0169259 
v 0.053 0.0211314 -0.0191236 
v 0.053 0.0191236 -0.0211314 
v 0.053 0.0169259 -0.0229295 
v 0.053 0.0145602 -0.0245 
v 0.059 0.0245 -0.0145602 
v 0.059 0.0229295 -0.0169259 
v 0.059 0.0211314 -0.0191236 
v 0.059 0.0191236 -0.0211314 
v 0.059 0.0169259 -0.0229295 
v 0.059 0.0145602 -0.0245 
v 0.059 0.0144355 -0.023992 
v 0.059 0.0169449 -0.0222906 
v 0.059 0.0192556 -0.0203279 
v 0.059 0.0213405 -0.0181268 
v 0.059 0.0231753 -0.0157132 
v 0.059 0.0245 -0.0135554 
v 0.059 0.0135554 -0.0245 
v 0.059 0.0117569 -0.0254121 
v 0.059 -0.00302733 -0.0278359 
v 0.059 -0.00601917 -0.0273454 
v 0.059 0.00601917 -0.0273454 
v 0.059 0.00302733 -0.0278359 
v 0.059 0.00894044 -0.0265343 
v 0.059 -0.00894044 -0.0265343 
v 0.059 -5.14352e-18 -0.028 
v 0.059 -0.0117569 -0.0254121 
v 0.053 0.0145602 0.0245 
v 0.053 0.0169259 0.0229295 
v 0.053 0.0191236 0.0211314 
v 0.053 0.0211314 0.0191236 
v 0.053 0.0229295 0.0169259 
v 0.053 0.0245 0.0145602 
v 0.059 0.0145602 0.0245 
v 0.059 0.0169259 0.0229295 
v 0.059 0.0191236 0.0211314 
v 0.059 0.0211314 0.0191236 
v 0.059 0.0229295 0.0169259 
v 0.059 0.0245 0.0145602 
v 0.059 0.0192556 0.0203279 
v 0.059 0.0213405 0.0181268 
v 0.059 0.0169449 0.0222906 
v 0.059 0.0144355 0.023992 
v 0.059 0.0231753 0.0157132 
v 0.059 0.0135554 0.0245 
v 0.059 0.0245 0.0135554 
v 0.059 0.0269794 0.00749079 
v 0.059 0.0276311 0.0045299 
v 0.059 0.0247383 -0.0131154 
v 0.059 0.0279589 -0.00151589 
v 0.059 0.0276311 -0.0045299 
v 0.059 0.0260113 0.0103639 
v 0.059 0.0269794 -0.00749079 
v 0.059 0.0247383 0.0131154 
v 0.059 0.028 0 
v 0.059 0.0279589 0.00151589 
v 0.059 0.0260113 -0.0103639 
v 0.053 -0.0245 0.0145602 
v 0.053 -0.0229295 0.0169259 
v 0.053 -0.0211314 0.0191236 
v 0.053 -0.0191236 0.0211314 
v 0.053 -0.0169259 0.0229295 
v 0.053 -0.0145602 0.0245 
v 0.059 -0.0245 0.0145602 
v 0.059 -0.0229295 0.0169259 
v 0.059 -0.0211314 0.0191236 
v 0.059 -0.0191236 0.0211314 
v 0.059 -0.0169259 0.0229295 
v 0.059 -0.0145602 0.0245 
v 0.059 -0.0144355 0.023992 
v 0.059 -0.0169449 0.0222906 
v 0.059 -0.0192556 0.0203279 
v 0.059 -0.0231753 0.0157132 
v 0.059 -0.0213405 0.0181268 
v 0.059 -0.0245 0.0135554 
v 0.059 -0.0135554 0.0245 
v 0.059 -0.0276311 -0.0045299 
v 0.059 -0.0279589 0.00151589 
v 0.059 -0.0276311 0.0045299 
v 0.059 -0.0269794 0.00749079 
v 0.059 -0.0260113 0.0103639 
v 0.059 -0.0279589 -0.00151589 
v 0.059 -0.0247383 0.0131154 
v 0.059 -0.0260113 -0.0103639 
v 0.059 -0.0269794 -0.00749079 
v 0.059 -0.0247383 -0.0131154 
v 0.059 0.0117569 0.0254121 
v 0.059 0.00302733 0.0278359 
v 0.059 0.00601917 0.0273454 
v 0.059 -0.00302733 0.0278359 
v 0.059 1.71451e-18 0.028 
v 0.059 -0.00894044 0.0265343 
v 0.059 -0.00601917 0.0273454 
v 0.059 -0.0117569 0.0254121 
v 0.059 0.00894044 0.0265343 
v 0.0595 0.0285 0 
v 0.0595 0.0284582 0.00154296 
v 0.0595 0.0281246 0.00461079 
v 0.0595 0.0274612 0.00762456 
v 0.0595 0.0264758 0.0105489 
v 0.0595 0.0235891 0.0159938 
v 0.0595 0.0251801 0.0133496 
v 0.0595 0.0217216 0.0184505 
v 0.0595 0.0195994 0.0206909 
v 0.0595 0.0172475 0.0226887 
v 0.0595 0.0119668 0.0258659 
v 0.0595 0.0146933 0.0244204 
v 0.0595 0.00910009 0.0270081 
v 0.0595 0.00612666 0.0278337 
v 0.0595 0.00308139 0.0283329 
v 0.0595 1.74512e-18 0.0285 
v 0.0595 -0.00308139 0.0283329 
v 0.0595 -0.00612666 0.0278337 
v 0.0595 -0.00910009 0.0270081 
v 0.0595 -0.0119668 0.0258659 
v 0.0595 -0.0146933 0.0244204 
v 0.0595 -0.0172475 0.0226887 
v 0.0595 -0.0195994 0.0206909 
v 0.0595 -0.0217216 0.0184505 
v 0.0595 -0.0235891 0.0159938 
v 0.0595 -0.0251801 0.0133496 
v 0.0595 -0.0264758 0.0105489 
v 0.0595 -0.0274612 0.00762456 
v 0.0595 -0.0281246 0.00461079 
v 0.0595 -0.0285 3.49024e-18 
v 0.0595 -0.0284582 -0.00154296 
v 0.0595 -0.0281246 -0.00461079 
v 0.0595 -0.0274612 -0.00762456 
v 0.0595 -0.0264758 -0.0105489 
v 0.0595 -0.0235891 -0.0159938 
v 0.0595 -0.0251801 -0.0133496 
v 0.0595 -0.0217216 -0.0184505 
v 0.0595 -0.0195994 -0.0206909 
v 0.0595 -0.0172475 -0.0226887 
v 0.0595 -0.0119668 -0.0258659 
v 0.0595 -0.0146933 -0.0244204 
v 0.0595 -0.00910009 -0.0270081 
v 0.0595 -0.00612666 -0.0278337 
v 0.0595 -0.00308139 -0.0283329 
v 0.0595 -5.23537e-18 -0.0285 
v 0.0595 0.00308139 -0.0283329 
v 0.0595 0.00612666 -0.0278337 
v 0.0595 0.00910009 -0.0270081 
v 0.0595 0.0119668 -0.0258659 
v 0.0595 0.0146933 -0.0244204 
v 0.0595 0.0172475 -0.0226887 
v 0.0595 0.0195994 -0.0206909 
v 0.0595 0.0217216 -0.0184505 
v 0.0595 0.0235891 -0.0159938 
v 0.0595 0.0251801 -0.0133496 
v 0.0595 0.0264758 -0.0105489 
v 0.0595 0.0274612 -0.00762456 
v 0.0595 0.0281246 -0.00461079 
v 0.0595 0.0284582 -0.00154296 
v 0.0595 -0.0284582 0.00154296 
v 0.104 -7.22513e-18 0.0285 
v 0.104 0.00308139 0.0283329 
v 0.104 0.00612666 0.0278337 
v 0.104 0.00910009 0.0270081 
v 0.104 0.0119668 0.0258659 
v 0.104 0.0146933 0.0244204 
v 0.104 0.0172475 0.0226887 
v 0.104 0.0195994 0.0206909 
v 0.104 0.0217216 0.0184505 
v 0.104 0.0235891 0.0159938 
v 0.104 0.0251801 0.0133496 
v 0.104 0.0264758 0.0105489 
v 0.104 0.0274612 0.00762456 
v 0.104 0.0281246 0.00461079 
v 0.104 0.0284582 0.00154296 
v 0.104 0.0284582 -0.00154296 
v 0.104 0.0281246 -0.00461079 
v 0.104 0.0274612 -0.00762456 
v 0.104 0.0264758 -0.0105489 
v 0.104 0.0251801 -0.0133496 
v 0.104 0.0235891 -0.0159938 
v 0.104 0.0217216 -0.0184505 
v 0.104 0.0195994 -0.0206909 
v 0.104 0.0172475 -0.0226887 
v 0.104 0.0146933 -0.0244204 
v 0.104 0.0119668 -0.0258659 
v 0.104 0.00910009 -0.0270081 
v 0.104 0.00612666 -0.0278337 
v 0.104 0.00308139 -0.0283329 
v 0.104 1.02261e-17 -0.0285 
v 0.104 -0.00308139 -0.0283329 
v 0.104 -0.00612666 -0.0278337 
v 0.104 -0.00910009 -0.0270081 
v 0.104 -0.0119668 -0.0258659 
v 0.104 -0.0146933 -0.0244204 
v 0.104 -0.0172475 -0.0226887 
v 0.104 -0.0195994 -0.0206909 
v 0.104 -0.0217216 -0.0184505 
v 0.104 -0.0235891 -0.0159938 
v 0.104 -0.0251801 -0.0133496 
v 0.104 -0.0264758 -0.0105489 
v 0.104 -0.0274612 -0.00762456 
v 0.104 -0.0281246 -0.00461079 
v 0.104 -0.0284582 -0.00154296 
v 0.104 -0.0284582 0.00154296 
v 0.104 -0.0281246 0.00461079 
v 0.104 -0.0274612 0.00762456 
v 0.104 -0.0264758 0.0105489 
v 0.104 -0.0251801 0.0133496 
v 0.104 -0.0235891 0.0159938 
v 0.104 -0.0217216 0.0184505 
v 0.104 -0.0195994 0.0206909 
v 0.104 -0.0172475 0.0226887 
v 0.104 -0.0146933 0.0244204 
v 0.104 -0.0119668 0.0258659 
v 0.104 -0.00910009 0.0270081 
v 0.104 -0.00612666 0.0278337 
v 0.104 -0.00308139 0.0283329 
v 0.104 0.0353208 0.0348196 
v 0.104 0.0361948 0.0345958 
v 0.104 -0.0335278 -0.035 
v 0.104 0.0378538 0.0338921 
v 0.104 0.0386222 0.0334194 
v 0.104 0.0370419 0.0342856 
v 0.104 0.0335278 0.035 
v 0.104 0.0415613 0.0300573 
v 0.104 0.0419272 0.0292327 
v 0.104 0.0344288 -0.0349548 
v 0.104 0.0335278 -0.035 
v 0.104 -0.0370419 -0.0342856 
v 0.104 -0.0378538 -0.0338921 
v 0.104 -0.0353208 -0.0348196 
v 0.104 -0.0361948 -0.0345958 
v 0.104 -0.0344288 -0.0349548 
v 0.104 0.0344288 0.0349548 
v 0.104 0.0411148 0.0308412 
v 0.104 0.0476318 0.0139421 
v 0.104 0.0477578 0.0130326 
v 0.104 0.0471327 0.0157073 
v 0.104 0.0474228 0.0148361 
v 0.104 0.0478 0.0121154 
v 0.104 0.0478 -0.0121154 
v 0.104 0.0353208 -0.0348196 
v 0.104 -0.0386222 -0.0334194 
v 0.104 -0.0415613 -0.0300573 
v 0.104 -0.0419272 -0.0292327 
v 0.104 -0.0393394 -0.0328721 
v 0.104 -0.0399982 -0.0322557 
v 0.104 0.040592 0.0315765 
v 0.104 0.0393394 0.0328721 
v 0.104 0.0399982 0.0322557 
v 0.104 0.040592 -0.0315765 
v 0.104 0.0399982 -0.0322557 
v 0.104 0.0419272 -0.0292327 
v 0.104 0.0361948 -0.0345958 
v 0.104 0.0378538 -0.0338921 
v 0.104 0.0370419 -0.0342856 
v 0.104 -0.0411148 -0.0308412 
v 0.104 -0.040592 -0.0315765 
v 0.104 -0.0474228 0.0148361 
v 0.104 -0.0471327 0.0157073 
v 0.104 -0.0477578 0.0130326 
v 0.104 -0.0476318 0.0139421 
v 0.104 -0.0386222 0.0334194 
v 0.104 -0.0378538 0.0338921 
v 0.104 0.0476318 -0.0139421 
v 0.104 0.0474228 -0.0148361 
v 0.104 0.0477578 -0.0130326 
v 0.104 0.0411148 -0.0308412 
v 0.104 0.0415613 -0.0300573 
v 0.104 0.0393394 -0.0328721 
v 0.104 0.0386222 -0.0334194 
v 0.104 -0.0471327 -0.0157073 
v 0.104 -0.0474228 -0.0148361 
v 0.104 -0.0476318 -0.0139421 
v 0.104 -0.0478 0.0121154 
v 0.104 -0.0419272 0.0292327 
v 0.104 -0.0344288 0.0349548 
v 0.104 -0.0335278 0.035 
v 0.104 -0.0361948 0.0345958 
v 0.104 -0.0353208 0.0348196 
v 0.104 -0.0370419 0.0342856 
v 0.104 0.0471327 -0.0157073 
v 0.104 -0.0477578 -0.0130326 
v 0.104 -0.0478 -0.0121154 
v 0.104 -0.0415613 0.0300573 
v 0.104 -0.0393394 0.0328721 
v 0.104 -0.040592 0.0315765 
v 0.104 -0.0399982 0.0322557 
v 0.104 -0.0411148 0.0308412 
v 0.121 0.0471327 0.0157073 
v 0.121 0.0474228 0.0148361 
v 0.121 0.0476318 0.0139421 
v 0.121 0.0477578 0.0130326 
v 0.121 0.0478 0.0121154 
v 0.121 0.0478 -0.0121154 
v 0.121 0.0477578 -0.0130326 
v 0.121 0.0476318 -0.0139421 
v 0.121 0.0474228 -0.0148361 
v 0.121 0.0471327 -0.0157073 
v 0.1235 0.0335278 -0.035 
v 0.1235 -0.0335278 -0.035 
v 0.123511 -0.0339789 -0.0349887 
v 0.123545 -0.0344288 -0.0349548 
v 0.123602 -0.0348765 -0.0348984 
v 0.12368 -0.0353208 -0.0348196 
v 0.123781 -0.0357606 -0.0347186 
v 0.124041 -0.0366018 -0.0344587 
v 0.124198 -0.0370018 -0.0343025 
v 0.123904 -0.0361948 -0.0345958 
v 0.124213 -0.0370411 -0.0342837 
v 0.124508 -0.0377937 -0.0339247 
v 0.12453 -0.0378538 -0.0338921 
v 0.124771 -0.0385615 -0.0334606 
v 0.12479 -0.0386222 -0.0334194 
v 0.124987 -0.0392938 -0.0329104 
v 0.125 -0.0393394 -0.0328721 
v 0.12516 -0.0399787 -0.0322739 
v 0.125165 -0.0399982 -0.0322557 
v 0.125291 -0.040592 -0.0315765 
v 0.125294 -0.040607 -0.0315553 
v 0.125384 -0.0411148 -0.0308412 
v 0.125391 -0.0411651 -0.0307528 
v 0.125448 -0.0415613 -0.0300573 
v 0.125458 -0.0416442 -0.0298704 
v 0.125493 -0.0419272 -0.0292327 
v 0.121 -0.0471327 -0.0157073 
v 0.121 -0.0474228 -0.0148361 
v 0.121 -0.0476318 -0.0139421 
v 0.121 -0.0477578 -0.0130326 
v 0.121 -0.0478 -0.0121154 
v 0.121 -0.0478 0.0121154 
v 0.121 -0.0477578 0.0130326 
v 0.121 -0.0476318 0.0139421 
v 0.121 -0.0474228 0.0148361 
v 0.121 -0.0471327 0.0157073 
v 0.1235 -0.0335278 0.035 
v 0.1235 0.0335278 0.035 
v 0.123511 0.0339789 0.0349887 
v 0.123545 0.0344288 0.0349548 
v 0.123602 0.0348765 0.0348984 
v 0.12368 0.0353208 0.0348196 
v 0.123781 0.0357606 0.0347186 
v 0.124041 0.0366018 0.0344587 
v 0.124198 0.0370018 0.0343025 
v 0.123904 0.0361948 0.0345958 
v 0.124213 0.0370411 0.0342837 
v 0.124508 0.0377937 0.0339247 
v 0.12453 0.0378538 0.0338921 
v 0.124771 0.0385615 0.0334606 
v 0.12479 0.0386222 0.0334194 
v 0.124987 0.0392938 0.0329104 
v 0.125 0.0393394 0.0328721 
v 0.12516 0.0399787 0.0322739 
v 0.125165 0.0399982 0.0322557 
v 0.125291 0.040592 0.0315765 
v 0.125294 0.040607 0.0315553 
v 0.125384 0.0411148 0.0308412 
v 0.125391 0.0411651 0.0307528 
v 0.125448 0.0415613 0.0300573 
v 0.125458 0.0416442 0.0298704 
v 0.125493 0.0419272 0.0292327 
v 0.1255 0.0419272 -0.0292327 
v 0.121 0.0420709 -0.0288592 
v 0.125491 0.0420709 -0.0288592 
v 0.1255 0.0415613 -0.0300573 
v 0.1255 0.0411148 -0.0308412 
v 0.1255 0.040592 -0.0315765 
v 0.125477 0.0401198 -0.0321274 
v 0.125456 0.0399956 -0.0322531 
v 0.125485 0.0402368 -0.0319934 
v 0.1255 0.0404878 -0.031706 
v 0.125454 0.0399806 -0.0322683 
v 0.125411 0.0397329 -0.032519 
v 0.125335 0.03945 -0.0327723 
v 0.125026 0.038635 -0.0334072 
v 0.125019 0.0386205 -0.0334169 
v 0.125144 0.0389067 -0.0332109 
v 0.125077 0.0387367 -0.0333394 
v 0.125302 0.039328 -0.0328816 
v 0.125249 0.03917 -0.0330118 
v 0.125305 0.0393391 -0.0328717 
v 0.124746 0.0380966 -0.0337541 
v 0.124608 0.0378538 -0.0338921 
v 0.124893 0.0383642 -0.0335878 
v 0.124861 0.0382996 -0.0336308 
v 0.124401 0.0374528 -0.034099 
v 0.124214 0.0370419 -0.0342856 
v 0.124049 0.0366222 -0.0344513 
v 0.123904 0.0361948 -0.0345958 
v 0.123781 0.0357606 -0.0347186 
v 0.12368 0.0353208 -0.0348196 
v 0.123602 0.0348765 -0.0348984 
v 0.123545 0.0344288 -0.0349548 
v 0.123511 0.0339789 -0.0349887 
v 0.126439 0.0372832 -0.0320614 
v 0.1285 -0.0340476 -0.03 
v 0.126652 0.037168 -0.0318483 
v 0.127702 0.0365361 -0.030798 
v 0.128114 0.0362483 -0.0303859 
v 0.1285 0.0359481 -0.03 
v 0.126439 -0.0372832 0.0320614 
v 0.123511 -0.0339789 0.0349887 
v 0.123545 -0.0344288 0.0349548 
v 0.123602 -0.0348765 0.0348984 
v 0.12368 -0.0353208 0.0348196 
v 0.123781 -0.0357606 0.0347186 
v 0.1285 0.0340476 0.03 
v 0.123904 -0.0361948 0.0345958 
v 0.124049 -0.0366222 0.0344513 
v 0.124214 -0.0370419 0.0342856 
v 0.124401 -0.0374528 0.034099 
v 0.126652 -0.037168 0.0318483 
v 0.127702 -0.0365361 0.030798 
v 0.124608 -0.0378538 0.0338921 
v 0.128114 -0.0362483 0.0303859 
v 0.124746 -0.0380966 0.0337541 
v 0.1285 -0.0359481 0.03 
v 0.1255 -0.0419272 0.0292327 
v 0.1255 -0.0415613 0.0300573 
v 0.1255 -0.0411148 0.0308412 
v 0.1255 -0.040592 0.0315765 
v 0.125477 -0.0401198 0.0321274 
v 0.125456 -0.0399956 0.0322531 
v 0.125485 -0.0402368 0.0319934 
v 0.1255 -0.0404878 0.031706 
v 0.125454 -0.0399806 0.0322683 
v 0.125411 -0.0397329 0.032519 
v 0.125335 -0.03945 0.0327723 
v 0.125026 -0.038635 0.0334072 
v 0.125019 -0.0386205 0.0334169 
v 0.125144 -0.0389067 0.0332109 
v 0.125077 -0.0387367 0.0333394 
v 0.125302 -0.039328 0.0328816 
v 0.125249 -0.03917 0.0330118 
v 0.125305 -0.0393391 0.0328717 
v 0.124893 -0.0383642 0.0335878 
v 0.124861 -0.0382996 0.0336308 
v 0.121 -0.0420938 0.0287997 
v 0.125488 -0.0420938 0.0287997 
v 0.1285 0.039563 0.0268356 
v 0.1285 0.0397883 0.0263908 
v 0.1255 0.0420468 0.0289219 
v 0.1285 0.0390344 0.0276481 
v 0.1285 0.0393115 0.0272551 
v 0.1285 0.0384068 0.0283507 
v 0.1285 0.0387326 0.0280136 
v 0.1285 0.0380579 0.0286584 
v 0.1285 0.0376867 0.028936 
v 0.1285 0.0372944 0.0291827 
v 0.1285 0.0368819 0.0293978 
v 0.1285 0.0364503 0.0295808 
v 0.1285 0.0360007 0.0297312 
v 0.1285 0.0355344 0.0298485 
v 0.1285 0.0350526 0.0299326 
v 0.1285 0.0345566 0.0299831 
v 0.1285 0.0399869 0.0259219 
v 0.1285 -0.039563 -0.0268356 
v 0.1285 -0.0397883 -0.0263908 
v 0.1255 -0.0420468 -0.0289219 
v 0.1285 -0.0390344 -0.0276481 
v 0.1285 -0.0393115 -0.0272551 
v 0.1285 -0.0384068 -0.0283507 
v 0.1285 -0.0387326 -0.0280136 
v 0.1285 -0.0380579 -0.0286584 
v 0.1285 -0.0376867 -0.028936 
v 0.1285 -0.0372944 -0.0291827 
v 0.1285 -0.0368819 -0.0293978 
v 0.1285 -0.0364503 -0.0295808 
v 0.1285 -0.0360007 -0.0297312 
v 0.1285 -0.0355344 -0.0298485 
v 0.1285 -0.0350526 -0.0299326 
v 0.1285 -0.0345566 -0.0299831 
v 0.1285 -0.0399869 -0.0259219 
v 0.126439 -0.0402169 0.030499 
v 0.126636 -0.040157 0.0302305 
v 0.126652 -0.0401521 0.0302088 
v 0.127272 -0.039942 0.0292773 
v 0.127702 -0.0397962 0.0286307 
v 0.127834 -0.0397406 0.0283979 
v 0.128114 -0.0396229 0.0279052 
v 0.1285 -0.0392394 0.0277831 
v 0.1285 -0.039218 0.0278332 
v 0.128214 -0.0395694 0.0277343 
v 0.128161 -0.0396004 0.0278153 
v 0.128202 -0.0395811 0.0277382 
v 0.1285 -0.0392894 0.0276393 
v 0.1285 -0.0390921 0.0281279 
v 0.1285 -0.0389498 0.0283853 
v 0.1285 -0.0388563 0.0285394 
v 0.1285 -0.0386602 0.0288043 
v 0.1285 -0.0389143 0.0284495 
v 0.1285 -0.0384414 0.0290452 
v 0.1285 -0.0381988 0.0292628 
v 0.1285 -0.0379851 0.0294209 
v 0.1285 -0.0382816 0.0291885 
v 0.1285 -0.0378942 0.0294761 
v 0.1285 -0.0377214 0.029581 
v 0.1285 -0.0374384 0.029717 
v 0.1285 -0.0371336 0.0298286 
v 0.1285 -0.037473 0.0297004 
v 0.1285 -0.0367105 0.0299329 
v 0.1285 -0.0370551 0.0298521 
v 0.1285 -0.0365087 0.0299603 
v 0.1285 -0.0363429 0.0299828 
v 0.125685 -0.0404343 0.0314677 
v 0.12674 -0.0398671 0.0304536 
v 0.126522 -0.0399344 0.0307331 
v 0.126586 -0.0396368 0.0309548 
v 0.126628 -0.0393259 0.0311627 
v 0.126807 -0.039566 0.0306856 
v 0.126649 -0.0390035 0.0313557 
v 0.126851 -0.0392506 0.0309036 
v 0.126649 -0.0386713 0.0315326 
v 0.126874 -0.0389228 0.031106 
v 0.126628 -0.0383312 0.0316925 
v 0.126874 -0.0385846 0.0312919 
v 0.126586 -0.0379852 0.0318344 
v 0.126851 -0.0382379 0.03146 
v 0.126522 -0.0376352 0.0319576 
v 0.126807 -0.0378848 0.0316093 
v 0.127822 -0.039503 0.0289457 
v 0.127913 -0.0391862 0.0292473 
v 0.127974 -0.0388482 0.0295331 
v 0.128005 -0.0384918 0.0298007 
v 0.128005 -0.0381197 0.030048 
v 0.127974 -0.037735 0.0302731 
v 0.12674 -0.0375275 0.031739 
v 0.127913 -0.0373407 0.0304742 
v 0.127822 -0.03694 0.0306497 
v 0.128254 -0.0393312 0.0282597 
v 0.12836 -0.0390111 0.0286012 
v 0.128432 -0.0386655 0.0289266 
v 0.128468 -0.0382976 0.0292328 
v 0.128468 -0.0379109 0.0295171 
v 0.128432 -0.0375089 0.0297769 
v 0.12836 -0.0370952 0.0300096 
v 0.128254 -0.0366737 0.0302133 
v 0.126439 0.0402169 -0.030499 
v 0.126636 0.040157 -0.0302305 
v 0.126652 0.0401521 -0.0302088 
v 0.127272 0.039942 -0.0292773 
v 0.127702 0.0397962 -0.0286307 
v 0.127834 0.0397406 -0.0283979 
v 0.128114 0.0396229 -0.0279052 
v 0.1285 0.0392394 -0.0277831 
v 0.1285 0.039218 -0.0278332 
v 0.128214 0.0395694 -0.0277343 
v 0.128161 0.0396004 -0.0278153 
v 0.128202 0.0395811 -0.0277382 
v 0.1285 0.0392894 -0.0276393 
v 0.1285 0.0390921 -0.0281279 
v 0.1285 0.0389498 -0.0283853 
v 0.1285 0.0388563 -0.0285394 
v 0.1285 0.0386602 -0.0288043 
v 0.1285 0.0389143 -0.0284495 
v 0.1285 0.0384414 -0.0290452 
v 0.1285 0.0381988 -0.0292628 
v 0.1285 0.0379851 -0.0294209 
v 0.1285 0.0382816 -0.0291885 
v 0.1285 0.0378942 -0.0294761 
v 0.1285 0.0377214 -0.029581 
v 0.1285 0.0374384 -0.029717 
v 0.1285 0.0371336 -0.0298286 
v 0.1285 0.037473 -0.0297004 
v 0.1285 0.0367105 -0.0299329 
v 0.1285 0.0370551 -0.0298521 
v 0.1285 0.0365087 -0.0299603 
v 0.1285 0.0363429 -0.0299828 
v 0.125685 0.0404343 -0.0314677 
v 0.12674 0.0398671 -0.0304536 
v 0.126522 0.0399344 -0.0307331 
v 0.126586 0.0396368 -0.0309548 
v 0.126628 0.0393259 -0.0311627 
v 0.126807 0.039566 -0.0306856 
v 0.126649 0.0390035 -0.0313557 
v 0.126851 0.0392506 -0.0309036 
v 0.126649 0.0386713 -0.0315326 
v 0.126874 0.0389228 -0.031106 
v 0.126628 0.0383312 -0.0316925 
v 0.126874 0.0385846 -0.0312919 
v 0.126586 0.0379852 -0.0318344 
v 0.126851 0.0382379 -0.03146 
v 0.126522 0.0376352 -0.0319576 
v 0.126807 0.0378848 -0.0316093 
v 0.127822 0.039503 -0.0289457 
v 0.127913 0.0391862 -0.0292473 
v 0.127974 0.0388482 -0.0295331 
v 0.128005 0.0384918 -0.0298007 
v 0.128005 0.0381197 -0.030048 
v 0.127974 0.037735 -0.0302731 
v 0.12674 0.0375275 -0.031739 
v 0.127913 0.0373407 -0.0304742 
v 0.127822 0.03694 -0.0306497 
v 0.128254 0.0393312 -0.0282597 
v 0.12836 0.0390111 -0.0286012 
v 0.128432 0.0386655 -0.0289266 
v 0.128468 0.0382976 -0.0292328 
v 0.128468 0.0379109 -0.0295171 
v 0.128432 0.0375089 -0.0297769 
v 0.12836 0.0370952 -0.0300096 
v 0.128254 0.0366737 -0.0302133 
v 0.121 -0.0418792 0.027 
v 0.125974 -0.0419745 0.0271603 
v 0.12596 -0.041986 0.0271795 
v 0.126089 -0.0418792 0.027 
v 0.121 -0.041986 0.0271795 
v 0.125845 -0.0420735 0.0273692 
v 0.121 -0.0420735 0.0273692 
v 0.125794 -0.0421095 0.0274666 
v 0.125746 -0.0421407 0.027567 
v 0.121 -0.0421407 0.027567 
v 0.125702 -0.0421663 0.0276674 
v 0.125662 -0.0421869 0.0277707 
v 0.121 -0.0421869 0.0277707 
v 0.125624 -0.0422027 0.0278804 
v 0.125594 -0.0422117 0.0279782 
v 0.121 -0.0422117 0.0279782 
v 0.125566 -0.0422159 0.0280822 
v 0.125542 -0.0422146 0.028187 
v 0.121 -0.0422146 0.028187 
v 0.125523 -0.042208 0.0282907 
v 0.125507 -0.0421958 0.0283951 
v 0.121 -0.0421958 0.0283951 
v 0.125491 -0.0421598 0.0285799 
v 0.125489 -0.0421554 0.0286 
v 0.125497 -0.0421803 0.0284879 
v 0.121 -0.0421554 0.0286 
v 0.125486 -0.0421273 0.0287005 
v 0.121 0.0418707 -0.027 
v 0.125985 0.0419636 -0.0271588 
v 0.125965 0.0419796 -0.0271862 
v 0.126097 0.0418707 -0.027 
v 0.121 0.0419796 -0.0271862 
v 0.125848 0.0420683 -0.0273828 
v 0.121 0.0420683 -0.0273828 
v 0.125796 0.0421045 -0.0274837 
v 0.125747 0.0421357 -0.0275876 
v 0.121 0.0421357 -0.0275876 
v 0.125703 0.0421611 -0.0276915 
v 0.125663 0.0421792 -0.0277988 
v 0.121 0.0421813 -0.0277985 
v 0.125634 0.0421925 -0.0278782 
v 0.125593 0.0422044 -0.0280129 
v 0.121 0.0422044 -0.0280129 
v 0.125565 0.0422074 -0.0281204 
v 0.125541 0.0422048 -0.0282286 
v 0.121 0.0422048 -0.0282286 
v 0.125522 0.0421965 -0.0283355 
v 0.125507 0.0421824 -0.0284431 
v 0.121 0.0421824 -0.0284431 
v 0.125494 0.0421563 -0.0285789 
v 0.12549 0.0421377 -0.0286541 
v 0.121 0.0421377 -0.0286541 
v 0.125489 0.042107 -0.0287574 
v 0.1285 0.0422297 0.0200944 
v 0.1255 0.0465988 0.0170944 
v 0.121 0.0466893 0.0168592 
v 0.125495 0.0466893 0.0168592 
v 0.121 0.0467225 0.0167568 
v 0.125494 0.0467074 0.0168082 
v 0.121 0.0467445 0.0166515 
v 0.125495 0.0467225 0.0167568 
v 0.125498 0.046735 0.0167044 
v 0.121 0.0467551 0.0165443 
v 0.125503 0.0467445 0.0166515 
v 0.125515 0.046754 0.0165644 
v 0.121 0.0467541 0.0164367 
v 0.125519 0.0467551 0.0165443 
v 0.125529 0.046756 0.0164903 
v 0.121 0.0467415 0.0163298 
v 0.125541 0.0467541 0.0164367 
v 0.125554 0.0467492 0.016383 
v 0.121 0.0467175 0.0162249 
v 0.125569 0.0467415 0.0163298 
v 0.125585 0.0467308 0.0162768 
v 0.121 0.0466824 0.0161232 
v 0.125602 0.0467175 0.0162249 
v 0.125627 0.0466938 0.0161563 
v 0.121 0.0466365 0.0160258 
v 0.125639 0.0466824 0.0161232 
v 0.121 0.0465804 0.015934 
v 0.125679 0.0466365 0.0160258 
v 0.121 0.0465148 0.0158486 
v 0.125723 0.0465804 0.015934 
v 0.121 0.0464404 0.0157709 
v 0.125769 0.0465148 0.0158486 
v 0.125784 0.046492 0.0158247 
v 0.121 0.0463581 0.0157015 
v 0.125817 0.0464404 0.0157709 
v 0.121 0.0462688 0.0156415 
v 0.125867 0.0463581 0.0157015 
v 0.121 0.0461736 0.0155913 
v 0.125919 0.0462688 0.0156415 
v 0.121 0.0460735 0.0155517 
v 0.125973 0.0461736 0.0155913 
v 0.12599 0.046142 0.0155788 
v 0.121 0.0459698 0.0155231 
v 0.126028 0.0460735 0.0155517 
v 0.121 0.0458635 0.0155058 
v 0.126085 0.0459698 0.0155231 
v 0.121 0.0457561 0.0155 
v 0.126143 0.0458635 0.0155058 
v 0.126202 0.0457561 0.0155 
v 0.12775 0.0406823 0.0155 
v 0.12772 0.0412989 0.0155 
v 0.1285 0.0401624 0.0162804 
v 0.1285 0.0398821 0.0162576 
v 0.1285 0.0406843 0.0163713 
v 0.1285 0.04043 0.0163183 
v 0.127629 0.0419532 0.0155 
v 0.1285 0.0411501 0.0165216 
v 0.1285 0.0409245 0.0164391 
v 0.127478 0.042638 0.0155 
v 0.1285 0.041555 0.0167299 
v 0.1285 0.0413605 0.0166187 
v 0.12727 0.0433462 0.0155 
v 0.1285 0.0418944 0.0169938 
v 0.1285 0.0417331 0.0168551 
v 0.127006 0.0440699 0.0155 
v 0.1285 0.0421648 0.0173105 
v 0.1285 0.0420384 0.0171457 
v 0.12669 0.0448015 0.0155 
v 0.1285 0.0422732 0.0174876 
v 0.126316 0.0455323 0.0155 
v 0.1285 0.0423632 0.0176766 
v 0.1285 0.0424348 0.017877 
v 0.1285 0.0424876 0.0180882 
v 0.1285 0.0425216 0.0183096 
v 0.1285 0.0425365 0.0185408 
v 0.1285 0.0425325 0.018781 
v 0.1285 0.0425095 0.0190296 
v 0.1285 0.0424676 0.0192859 
v 0.1285 0.0424069 0.0195493 
v 0.1285 0.0423275 0.019819 
v 0.1285 0.03959 0.01625 
v 0.121 0.016 0.0155 
v 0.12775 0.016 0.0155 
v 0.1285 -0.0422297 -0.0200944 
v 0.1255 -0.0465988 -0.0170944 
v 0.121 -0.0466893 -0.0168592 
v 0.125495 -0.0466893 -0.0168592 
v 0.121 -0.0467225 -0.0167568 
v 0.125494 -0.0467074 -0.0168082 
v 0.121 -0.0467445 -0.0166515 
v 0.125495 -0.0467225 -0.0167568 
v 0.125498 -0.046735 -0.0167044 
v 0.121 -0.0467551 -0.0165443 
v 0.125503 -0.0467445 -0.0166515 
v 0.125515 -0.046754 -0.0165644 
v 0.121 -0.0467541 -0.0164367 
v 0.125519 -0.0467551 -0.0165443 
v 0.125529 -0.046756 -0.0164903 
v 0.121 -0.0467415 -0.0163298 
v 0.125541 -0.0467541 -0.0164367 
v 0.125554 -0.0467492 -0.016383 
v 0.121 -0.0467175 -0.0162249 
v 0.125569 -0.0467415 -0.0163298 
v 0.125585 -0.0467308 -0.0162768 
v 0.121 -0.0466824 -0.0161232 
v 0.125602 -0.0467175 -0.0162249 
v 0.125627 -0.0466938 -0.0161563 
v 0.121 -0.0466365 -0.0160258 
v 0.125639 -0.0466824 -0.0161232 
v 0.121 -0.0465804 -0.015934 
v 0.125679 -0.0466365 -0.0160258 
v 0.121 -0.0465148 -0.0158486 
v 0.125723 -0.0465804 -0.015934 
v 0.121 -0.0464404 -0.0157709 
v 0.125769 -0.0465148 -0.0158486 
v 0.125784 -0.046492 -0.0158247 
v 0.121 -0.0463581 -0.0157015 
v 0.125817 -0.0464404 -0.0157709 
v 0.121 -0.0462688 -0.0156415 
v 0.125867 -0.0463581 -0.0157015 
v 0.121 -0.0461736 -0.0155913 
v 0.125919 -0.0462688 -0.0156415 
v 0.121 -0.0460735 -0.0155517 
v 0.125973 -0.0461736 -0.0155913 
v 0.12599 -0.046142 -0.0155788 
v 0.121 -0.0459698 -0.0155231 
v 0.126028 -0.0460735 -0.0155517 
v 0.121 -0.0458635 -0.0155058 
v 0.126085 -0.0459698 -0.0155231 
v 0.121 -0.0457561 -0.0155 
v 0.126143 -0.0458635 -0.0155058 
v 0.126202 -0.0457561 -0.0155 
v 0.12775 -0.0406823 -0.0155 
v 0.12772 -0.0412989 -0.0155 
v 0.1285 -0.0401624 -0.0162804 
v 0.1285 -0.0398821 -0.0162576 
v 0.1285 -0.0406843 -0.0163713 
v 0.1285 -0.04043 -0.0163183 
v 0.127629 -0.0419532 -0.0155 
v 0.1285 -0.0411501 -0.0165216 
v 0.1285 -0.0409245 -0.0164391 
v 0.127478 -0.042638 -0.0155 
v 0.1285 -0.041555 -0.0167299 
v 0.1285 -0.0413605 -0.0166187 
v 0.12727 -0.0433462 -0.0155 
v 0.1285 -0.0418944 -0.0169938 
v 0.1285 -0.0417331 -0.0168551 
v 0.127006 -0.0440699 -0.0155 
v 0.1285 -0.0421648 -0.0173105 
v 0.1285 -0.0420384 -0.0171457 
v 0.12669 -0.0448015 -0.0155 
v 0.1285 -0.0422732 -0.0174876 
v 0.126316 -0.0455323 -0.0155 
v 0.1285 -0.0423632 -0.0176766 
v 0.1285 -0.0424348 -0.017877 
v 0.1285 -0.0424876 -0.0180882 
v 0.1285 -0.0425216 -0.0183096 
v 0.1285 -0.0425365 -0.0185408 
v 0.1285 -0.0425325 -0.018781 
v 0.1285 -0.0425095 -0.0190296 
v 0.1285 -0.0424676 -0.0192859 
v 0.1285 -0.0424069 -0.0195493 
v 0.1285 -0.0423275 -0.019819 
v 0.1285 -0.03959 -0.01625 
v 0.121 -0.016 -0.0155 
v 0.12775 -0.016 -0.0155 
v 0.1285 -0.016 -0.01625 
v 0.121 -0.0156342 -0.0154808 
v 0.121 -0.0152723 -0.0154235 
v 0.12775 -0.0156342 -0.0154808 
v 0.121 -0.0149184 -0.0153287 
v 0.12775 -0.0152723 -0.0154235 
v 0.121 -0.0145764 -0.0151974 
v 0.12775 -0.0149184 -0.0153287 
v 0.121 -0.01425 -0.0150311 
v 0.12775 -0.0145764 -0.0151974 
v 0.121 -0.0139428 -0.0148316 
v 0.12775 -0.01425 -0.0150311 
v 0.121 -0.013658 -0.014601 
v 0.12775 -0.0139428 -0.0148316 
v 0.121 -0.013399 -0.014342 
v 0.12775 -0.013658 -0.014601 
v 0.121 -0.0131684 -0.0140572 
v 0.12775 -0.013399 -0.014342 
v 0.121 -0.0129689 -0.01375 
v 0.12775 -0.0131684 -0.0140572 
v 0.121 -0.0128026 -0.0134236 
v 0.12775 -0.0129689 -0.01375 
v 0.121 -0.0126713 -0.0130816 
v 0.12775 -0.0128026 -0.0134236 
v 0.121 -0.0125765 -0.0127277 
v 0.12775 -0.0126713 -0.0130816 
v 0.121 -0.0125192 -0.0123658 
v 0.12775 -0.0125765 -0.0127277 
v 0.121 -0.0125 -0.012 
v 0.12775 -0.0125192 -0.0123658 
v 0.12775 -0.0125 -0.012 
v 0.1285 -0.0155558 -0.0162267 
v 0.1285 -0.0151164 -0.0161571 
v 0.1285 -0.0146867 -0.016042 
v 0.1285 -0.0142714 -0.0158826 
v 0.1285 -0.013875 -0.0156806 
v 0.1285 -0.0135019 -0.0154383 
v 0.1285 -0.0131562 -0.0151584 
v 0.1285 -0.0128416 -0.0148438 
v 0.1285 -0.0125617 -0.0144981 
v 0.1285 -0.0123194 -0.014125 
v 0.1285 -0.0121174 -0.0137286 
v 0.1285 -0.011958 -0.0133133 
v 0.1285 -0.0118429 -0.0128836 
v 0.1285 -0.0117733 -0.0124442 
v 0.1285 -0.01175 -0.012 
v 0.12775 -0.0125 0.012 
v 0.121 -0.0125 0.012 
v 0.1285 -0.01175 0.012 
v 0.121 -0.0125192 0.0123658 
v 0.121 -0.0125765 0.0127277 
v 0.12775 -0.0125192 0.0123658 
v 0.121 -0.0126713 0.0130816 
v 0.12775 -0.0125765 0.0127277 
v 0.121 -0.0128026 0.0134236 
v 0.12775 -0.0126713 0.0130816 
v 0.121 -0.0129689 0.01375 
v 0.12775 -0.0128026 0.0134236 
v 0.121 -0.0131684 0.0140572 
v 0.12775 -0.0129689 0.01375 
v 0.121 -0.013399 0.014342 
v 0.12775 -0.0131684 0.0140572 
v 0.121 -0.013658 0.014601 
v 0.12775 -0.013399 0.014342 
v 0.121 -0.0139428 0.0148316 
v 0.12775 -0.013658 0.014601 
v 0.121 -0.01425 0.0150311 
v 0.12775 -0.0139428 0.0148316 
v 0.121 -0.0145764 0.0151974 
v 0.12775 -0.01425 0.0150311 
v 0.121 -0.0149184 0.0153287 
v 0.12775 -0.0145764 0.0151974 
v 0.121 -0.0152723 0.0154235 
v 0.12775 -0.0149184 0.0153287 
v 0.121 -0.0156342 0.0154808 
v 0.12775 -0.0152723 0.0154235 
v 0.121 -0.016 0.0155 
v 0.12775 -0.0156342 0.0154808 
v 0.12775 -0.016 0.0155 
v 0.1285 -0.0117733 0.0124442 
v 0.1285 -0.0118429 0.0128836 
v 0.1285 -0.011958 0.0133133 
v 0.1285 -0.0121174 0.0137286 
v 0.1285 -0.0123194 0.014125 
v 0.1285 -0.0125617 0.0144981 
v 0.1285 -0.0128416 0.0148438 
v 0.1285 -0.0131562 0.0151584 
v 0.1285 -0.0135019 0.0154383 
v 0.1285 -0.013875 0.0156806 
v 0.1285 -0.0142714 0.0158826 
v 0.1285 -0.0146867 0.016042 
v 0.1285 -0.0151164 0.0161571 
v 0.1285 -0.0155558 0.0162267 
v 0.1285 -0.016 0.01625 
v 0.121 -0.0272693 0.0155 
v 0.12775 -0.0272693 0.0155 
v 0.1285 -0.0272693 0.01625 
v 0.12775 -0.0275691 0.015515 
v 0.121 -0.0275691 0.015515 
v 0.12775 -0.0278659 0.0155599 
v 0.121 -0.0278659 0.0155599 
v 0.12775 -0.0281567 0.0156342 
v 0.121 -0.0281567 0.0156342 
v 0.12775 -0.0284386 0.0157372 
v 0.121 -0.0284386 0.0157372 
v 0.12775 -0.0287088 0.0158679 
v 0.121 -0.0287088 0.0158679 
v 0.12775 -0.0289646 0.0160249 
v 0.121 -0.0289646 0.0160249 
v 0.12775 -0.0292035 0.0162067 
v 0.121 -0.0292035 0.0162067 
v 0.127792 -0.0400886 0.0273982 
v 0.127204 -0.0407413 0.0269532 
v 0.12683 -0.0411694 0.0262985 
v 0.12697 -0.0410223 0.0261744 
v 0.127045 -0.0409219 0.0260898 
v 0.127257 -0.0406426 0.0258542 
v 0.127409 -0.0403853 0.0256372 
v 0.12746 -0.0402977 0.0255633 
v 0.127552 -0.0400993 0.025396 
v 0.12756 -0.0400825 0.0253819 
v 0.12767 -0.0397652 0.0251142 
v 0.127724 -0.0394989 0.0248897 
v 0.127733 -0.0394544 0.0248521 
v 0.12775 -0.0391919 0.0246307 
v 0.127792 -0.0391458 0.0246466 
v 0.1285 -0.0386006 0.0251376 
v 0.1285 -0.0386567 0.0252025 
v 0.1285 -0.0383416 0.0248947 
v 0.1285 -0.0387985 0.0253664 
v 0.1285 -0.0389124 0.0255287 
v 0.1285 -0.0389629 0.0256007 
v 0.1285 -0.0391001 0.0258471 
v 0.1285 -0.0391631 0.0259861 
v 0.1285 -0.0391127 0.0258748 
v 0.1285 -0.0392494 0.0262245 
v 0.1285 -0.039312 0.0264715 
v 0.1285 -0.0393505 0.0267284 
v 0.1285 -0.0393582 0.0268236 
v 0.1285 -0.0393372 0.0266395 
v 0.1285 -0.0393619 0.0270888 
v 0.1285 -0.0393395 0.0273603 
v 0.1285 -0.0393122 0.0275122 
v 0.127813 -0.040063 0.0274154 
v 0.126605 -0.0414072 0.0264991 
v 0.127882 -0.0400477 0.0270397 
v 0.127947 -0.0399832 0.0266792 
v 0.127986 -0.0398956 0.0263198 
v 0.128 -0.0397858 0.0259646 
v 0.127986 -0.0396547 0.0256168 
v 0.127947 -0.0395035 0.0252792 
v 0.127882 -0.0393333 0.0249549 
v 0.1285 -0.0274942 0.0162613 
v 0.1285 -0.0277168 0.0162949 
v 0.1285 -0.0279349 0.0163507 
v 0.1285 -0.0281463 0.0164279 
v 0.1285 -0.028349 0.0165259 
v 0.1285 -0.0285408 0.0166437 
v 0.1285 -0.0287199 0.01678 
v 0.1285 0.016 0.01625 
v 0.121 0.0156342 0.0154808 
v 0.121 0.0152723 0.0154235 
v 0.12775 0.0156342 0.0154808 
v 0.121 0.0149184 0.0153287 
v 0.12775 0.0152723 0.0154235 
v 0.121 0.0145764 0.0151974 
v 0.12775 0.0149184 0.0153287 
v 0.121 0.01425 0.0150311 
v 0.12775 0.0145764 0.0151974 
v 0.121 0.0139428 0.0148316 
v 0.12775 0.01425 0.0150311 
v 0.121 0.013658 0.014601 
v 0.12775 0.0139428 0.0148316 
v 0.121 0.013399 0.014342 
v 0.12775 0.013658 0.014601 
v 0.121 0.0131684 0.0140572 
v 0.12775 0.013399 0.014342 
v 0.121 0.0129689 0.01375 
v 0.12775 0.0131684 0.0140572 
v 0.121 0.0128026 0.0134236 
v 0.12775 0.0129689 0.01375 
v 0.121 0.0126713 0.0130816 
v 0.12775 0.0128026 0.0134236 
v 0.121 0.0125765 0.0127277 
v 0.12775 0.0126713 0.0130816 
v 0.121 0.0125192 0.0123658 
v 0.12775 0.0125765 0.0127277 
v 0.121 0.0125 0.012 
v 0.12775 0.0125192 0.0123658 
v 0.12775 0.0125 0.012 
v 0.1285 0.0155558 0.0162267 
v 0.1285 0.0151164 0.0161571 
v 0.1285 0.0146867 0.016042 
v 0.1285 0.0142714 0.0158826 
v 0.1285 0.013875 0.0156806 
v 0.1285 0.0135019 0.0154383 
v 0.1285 0.0131562 0.0151584 
v 0.1285 0.0128416 0.0148438 
v 0.1285 0.0125617 0.0144981 
v 0.1285 0.0123194 0.014125 
v 0.1285 0.0121174 0.0137286 
v 0.1285 0.011958 0.0133133 
v 0.1285 0.0118429 0.0128836 
v 0.1285 0.0117733 0.0124442 
v 0.1285 0.01175 0.012 
v 0.121 0.0125 -0.012 
v 0.12775 0.0125 -0.012 
v 0.1285 0.01175 -0.012 
v 0.121 0.0125192 -0.0123658 
v 0.121 0.0125765 -0.0127277 
v 0.12775 0.0125192 -0.0123658 
v 0.121 0.0126713 -0.0130816 
v 0.12775 0.0125765 -0.0127277 
v 0.121 0.0128026 -0.0134236 
v 0.12775 0.0126713 -0.0130816 
v 0.121 0.0129689 -0.01375 
v 0.12775 0.0128026 -0.0134236 
v 0.121 0.0131684 -0.0140572 
v 0.12775 0.0129689 -0.01375 
v 0.121 0.013399 -0.014342 
v 0.12775 0.0131684 -0.0140572 
v 0.121 0.013658 -0.014601 
v 0.12775 0.013399 -0.014342 
v 0.121 0.0139428 -0.0148316 
v 0.12775 0.013658 -0.014601 
v 0.121 0.01425 -0.0150311 
v 0.12775 0.0139428 -0.0148316 
v 0.121 0.0145764 -0.0151974 
v 0.12775 0.01425 -0.0150311 
v 0.121 0.0149184 -0.0153287 
v 0.12775 0.0145764 -0.0151974 
v 0.121 0.0152723 -0.0154235 
v 0.12775 0.0149184 -0.0153287 
v 0.121 0.0156342 -0.0154808 
v 0.12775 0.0152723 -0.0154235 
v 0.121 0.016 -0.0155 
v 0.12775 0.0156342 -0.0154808 
v 0.12775 0.016 -0.0155 
v 0.1285 0.0117733 -0.0124442 
v 0.1285 0.0118429 -0.0128836 
v 0.1285 0.011958 -0.0133133 
v 0.1285 0.0121174 -0.0137286 
v 0.1285 0.0123194 -0.014125 
v 0.1285 0.0125617 -0.0144981 
v 0.1285 0.0128416 -0.0148438 
v 0.1285 0.0131562 -0.0151584 
v 0.1285 0.0135019 -0.0154383 
v 0.1285 0.013875 -0.0156806 
v 0.1285 0.0142714 -0.0158826 
v 0.1285 0.0146867 -0.016042 
v 0.1285 0.0151164 -0.0161571 
v 0.1285 0.0155558 -0.0162267 
v 0.1285 0.016 -0.01625 
v 0.121 0.0272693 -0.0155 
v 0.12775 0.0272693 -0.0155 
v 0.1285 0.0272693 -0.01625 
v 0.1285 0.0285408 -0.0166437 
v 0.1285 0.0279349 -0.0163507 
v 0.1285 0.0277168 -0.0162949 
v 0.1285 0.028349 -0.0165259 
v 0.1285 0.0281463 -0.0164279 
v 0.1285 0.0274942 -0.0162613 
v 0.1285 0.0383416 -0.0248947 
v 0.1285 0.0287199 -0.01678 
v 0.1285 0.0386567 -0.0252025 
v 0.1285 0.0386006 -0.0251376 
v 0.1285 0.0393122 -0.0275122 
v 0.1285 0.0393372 -0.0266395 
v 0.1285 0.039312 -0.0264715 
v 0.1285 0.0391127 -0.0258748 
v 0.1285 0.0392494 -0.0262245 
v 0.1285 0.0393582 -0.0268236 
v 0.1285 0.0393505 -0.0267284 
v 0.1285 0.0393395 -0.0273603 
v 0.1285 0.0391631 -0.0259861 
v 0.1285 0.0393619 -0.0270888 
v 0.1285 0.0389124 -0.0255287 
v 0.1285 0.0387985 -0.0253664 
v 0.1285 0.0391001 -0.0258471 
v 0.1285 0.0389629 -0.0256007 
v 0.12775 0.0275691 -0.015515 
v 0.12775 0.0278659 -0.0155599 
v 0.12775 0.0281567 -0.0156342 
v 0.12775 0.0284386 -0.0157372 
v 0.12775 0.0287088 -0.0158679 
v 0.12775 0.0289646 -0.0160249 
v 0.12775 0.0292035 -0.0162067 
v 0.12683 0.0411695 -0.0262986 
v 0.127204 0.0407413 -0.0269532 
v 0.127792 0.0400886 -0.0273982 
v 0.126605 0.0414072 -0.0264991 
v 0.126658 0.0413562 -0.0264561 
v 0.127002 0.0409833 -0.0261415 
v 0.127047 0.0409225 -0.0260903 
v 0.127241 0.0406603 -0.0258692 
v 0.127283 0.040603 -0.0258208 
v 0.127408 0.0403851 -0.0256371 
v 0.127479 0.0402601 -0.0255316 
v 0.127552 0.0400993 -0.025396 
v 0.127562 0.0400784 -0.0253784 
v 0.12767 0.0397629 -0.0251123 
v 0.127724 0.0394989 -0.0248897 
v 0.127733 0.0394542 -0.024852 
v 0.12775 0.0391919 -0.0246307 
v 0.127792 0.0391458 -0.0246466 
v 0.127813 0.040063 -0.0274154 
v 0.127882 0.0400477 -0.0270397 
v 0.127947 0.0399832 -0.0266792 
v 0.127986 0.0398956 -0.0263198 
v 0.128 0.0397858 -0.0259646 
v 0.127986 0.0396547 -0.0256168 
v 0.127947 0.0395035 -0.0252792 
v 0.127882 0.0393333 -0.0249549 
v 0.121 0.0275691 -0.015515 
v 0.121 0.0278659 -0.0155599 
v 0.121 0.0281567 -0.0156342 
v 0.121 0.0284386 -0.0157372 
v 0.121 0.0287088 -0.0158679 
v 0.121 0.0289646 -0.0160249 
v 0.121 0.0292035 -0.0162067 
v 0.121 -0.0301441 0.017 
v 0.121 0.0222 0.027 
v 0.121 0.0222 0.017 
v 0.1265 0.0222 0.027 
v 0.1265 -0.041465 0.027 
v 0.1265 -0.0301441 0.017 
v 0.1265 0.0222 0.017 
v 0.1265 -0.0415065 0.0265828 
v 0.126501 -0.0415054 0.0265819 
v 0.1265 -0.0415054 0.0265819 
v 0.121 0.0301441 -0.017 
v 0.121 -0.0222 -0.027 
v 0.121 -0.0222 -0.017 
v 0.1265 -0.0222 -0.027 
v 0.1265 0.041465 -0.027 
v 0.1265 0.0301441 -0.017 
v 0.1265 -0.0222 -0.017 
v 0.126501 0.0415054 -0.0265819 
v 0.1265 0.0415065 -0.0265829 
v 0.1265 0.0415054 -0.0265819 
vn -1 2.67651e-31 -1.48691e-16 
vn 1.47819e-16 0.108119 -0.994138 
vn 1.48691e-16 2.44929e-16 -1 
vn 1.45214e-16 0.21497 -0.976621 
vn 1.47819e-16 0.108119 -0.994138 
vn 1.40907e-16 0.319302 -0.947653 
vn 1.45214e-16 0.21497 -0.976621 
vn 1.34948e-16 0.419889 -0.907575 
vn 1.40907e-16 0.319302 -0.947653 
vn 1.27407e-16 0.515554 -0.856857 
vn 1.34948e-16 0.419889 -0.907575 
vn 1.18372e-16 0.605174 -0.796093 
vn 1.27407e-16 0.515554 -0.856857 
vn 1.07949e-16 0.687699 -0.725995 
vn 1.18372e-16 0.605174 -0.796093 
vn 9.62602e-17 0.762162 -0.647386 
vn 1.07949e-16 0.687699 -0.725995 
vn 8.34432e-17 0.827689 -0.561187 
vn 9.62602e-17 0.762162 -0.647386 
vn 6.96479e-17 0.883512 -0.468408 
vn 8.34432e-17 0.827689 -0.561187 
vn 5.50361e-17 0.928977 -0.370138 
vn 6.96479e-17 0.883512 -0.468408 
vn 3.97789e-17 0.96355 -0.267528 
vn 5.50361e-17 0.928977 -0.370138 
vn 2.40555e-17 0.986827 -0.161782 
vn 3.97789e-17 0.96355 -0.267528 
vn 8.04995e-18 0.998533 -0.0541389 
vn 2.40555e-17 0.986827 -0.161782 
vn -8.04995e-18 0.998533 0.0541389 
vn 8.04995e-18 0.998533 -0.0541389 
vn -2.40555e-17 0.986827 0.161782 
vn -8.04995e-18 0.998533 0.0541389 
vn -3.97789e-17 0.96355 0.267528 
vn -2.40555e-17 0.986827 0.161782 
vn -5.50361e-17 0.928977 0.370138 
vn -3.97789e-17 0.96355 0.267528 
vn -6.96479e-17 0.883512 0.468408 
vn -5.50361e-17 0.928977 0.370138 
vn -8.34432e-17 0.827689 0.561187 
vn -6.96479e-17 0.883512 0.468408 
vn -9.62602e-17 0.762162 0.647386 
vn -8.34432e-17 0.827689 0.561187 
vn -1.07949e-16 0.687699 0.725995 
vn -9.62602e-17 0.762162 0.647386 
vn -1.18372e-16 0.605174 0.796093 
vn -1.07949e-16 0.687699 0.725995 
vn -1.27407e-16 0.515554 0.856857 
vn -1.18372e-16 0.605174 0.796093 
vn -1.34948e-16 0.419889 0.907575 
vn -1.27407e-16 0.515554 0.856857 
vn -1.40907e-16 0.319302 0.947653 
vn -1.34948e-16 0.419889 0.907575 
vn -1.45214e-16 0.21497 0.976621 
vn -1.40907e-16 0.319302 0.947653 
vn -1.47819e-16 0.108119 0.994138 
vn -1.45214e-16 0.21497 0.976621 
vn -1.48691e-16 -1.22465e-16 1 
vn -1.47819e-16 0.108119 0.994138 
vn -1.47819e-16 -0.108119 0.994138 
vn -1.48691e-16 -1.22465e-16 1 
vn -1.45214e-16 -0.21497 0.976621 
vn -1.47819e-16 -0.108119 0.994138 
vn -1.40907e-16 -0.319302 0.947653 
vn -1.45214e-16 -0.21497 0.976621 
vn -1.34948e-16 -0.419889 0.907575 
vn -1.40907e-16 -0.319302 0.947653 
vn -1.27407e-16 -0.515554 0.856857 
vn -1.34948e-16 -0.419889 0.907575 
vn -1.18372e-16 -0.605174 0.796093 
vn -1.27407e-16 -0.515554 0.856857 
vn -1.07949e-16 -0.687699 0.725995 
vn -1.18372e-16 -0.605174 0.796093 
vn -9.62602e-17 -0.762162 0.647386 
vn -1.07949e-16 -0.687699 0.725995 
vn -8.34432e-17 -0.827689 0.561187 
vn -9.62602e-17 -0.762162 0.647386 
vn -6.96479e-17 -0.883512 0.468408 
vn -8.34432e-17 -0.827689 0.561187 
vn -5.50361e-17 -0.928977 0.370138 
vn -6.96479e-17 -0.883512 0.468408 
vn -3.97789e-17 -0.96355 0.267528 
vn -5.50361e-17 -0.928977 0.370138 
vn -2.40555e-17 -0.986827 0.161782 
vn -3.97789e-17 -0.96355 0.267528 
vn -8.04995e-18 -0.998533 0.0541389 
vn -2.40555e-17 -0.986827 0.161782 
vn 8.04995e-18 -0.998533 -0.0541389 
vn -8.04995e-18 -0.998533 0.0541389 
vn 2.40555e-17 -0.986827 -0.161782 
vn 8.04995e-18 -0.998533 -0.0541389 
vn 3.97789e-17 -0.96355 -0.267528 
vn 2.40555e-17 -0.986827 -0.161782 
vn 5.50361e-17 -0.928977 -0.370138 
vn 3.97789e-17 -0.96355 -0.267528 
vn 6.96479e-17 -0.883512 -0.468408 
vn 5.50361e-17 -0.928977 -0.370138 
vn 8.34432e-17 -0.827689 -0.561187 
vn 6.96479e-17 -0.883512 -0.468408 
vn 9.62602e-17 -0.762162 -0.647386 
vn 8.34432e-17 -0.827689 -0.561187 
vn 1.07949e-16 -0.687699 -0.725995 
vn 9.62602e-17 -0.762162 -0.647386 
vn 1.18372e-16 -0.605174 -0.796093 
vn 1.07949e-16 -0.687699 -0.725995 
vn 1.27407e-16 -0.515554 -0.856857 
vn 1.18372e-16 -0.605174 -0.796093 
vn 1.34948e-16 -0.419889 -0.907575 
vn 1.27407e-16 -0.515554 -0.856857 
vn 1.40907e-16 -0.319302 -0.947653 
vn 1.34948e-16 -0.419889 -0.907575 
vn 1.45214e-16 -0.21497 -0.976621 
vn 1.40907e-16 -0.319302 -0.947653 
vn 1.47819e-16 -0.108119 -0.994138 
vn 1.45214e-16 -0.21497 -0.976621 
vn -1 0 -1.48691e-16 
vn -0.707107 0 0.707107 
vn -0.707107 -0.471608 0.526864 
vn -0.707107 -0.525262 0.473392 
vn -0.707107 -0.572887 0.414488 
vn -0.707107 -0.613939 0.350826 
vn -0.707107 -0.647945 0.283139 
vn -0.707107 -0.674515 0.212203 
vn -0.707107 -0.693344 0.138831 
vn -0.707107 -0.704217 0.0638665 
vn -0.707107 -0.707008 -0.0118312 
vn -0.707107 -0.701685 -0.0873932 
vn -0.707107 -0.688311 -0.161952 
vn -0.707107 -0.667037 -0.234653 
vn -0.707107 -0.638108 -0.30466 
vn -0.707107 -0.601857 -0.371172 
vn -0.707107 -0.558698 -0.433424 
vn -0.707107 -0.509129 -0.490702 
vn -0.707107 -0.453716 -0.542348 
vn -0.707107 -0.393097 -0.587771 
vn -0.707107 -0.327966 -0.626449 
vn -0.707107 -0.259072 -0.657937 
vn -0.707107 -0.187205 -0.681876 
vn -0.707107 -0.113189 -0.697989 
vn -0.707107 -0.0378746 -0.706092 
vn -0.707107 0.0378746 -0.706092 
vn -0.707107 0.113189 -0.697989 
vn -0.707107 0.187205 -0.681876 
vn -0.707107 0.259072 -0.657937 
vn -0.707107 0.327966 -0.626449 
vn -0.707107 0.393097 -0.587771 
vn -0.707107 0.453716 -0.542348 
vn -0.707107 0.509129 -0.490702 
vn -0.707107 0.558698 -0.433424 
vn -0.707107 0.601857 -0.371172 
vn -0.707107 0.638108 -0.30466 
vn -0.707107 0.667037 -0.234653 
vn -0.707107 0.688311 -0.161952 
vn -0.707107 0.701685 -0.0873932 
vn -0.707107 0.707008 -0.0118312 
vn -0.707107 0.704217 0.0638665 
vn -0.707107 0.693344 0.138831 
vn -0.707107 0.674515 0.212203 
vn -0.707107 0.647945 0.283139 
vn -0.707107 0.613939 0.350826 
vn -0.707107 0.572887 0.414488 
vn -0.707107 0.525262 0.473392 
vn -0.707107 0.471608 0.526864 
vn -0.707107 -8.5546e-16 0.707107 
vn -0.707107 -0.073619 0.703264 
vn -0.707107 -0.146438 0.691777 
vn -0.707107 -0.217665 0.672772 
vn -0.707107 -0.286527 0.646454 
vn -0.707107 -0.352274 0.613109 
vn -0.707107 -0.414192 0.573101 
vn -0.707107 -0.471608 0.526864 
vn -0.707107 0.471608 0.526864 
vn -0.707107 0.414192 0.573101 
vn -0.707107 0.352274 0.613109 
vn -0.707107 0.286527 0.646454 
vn -0.707107 0.217665 0.672772 
vn -0.707107 0.146438 0.691777 
vn -0.707107 0.073619 0.703264 
vn -0.707107 1.66533e-15 0.707107 
vn -1.48691e-16 0 1 
vn -1.47883e-16 0.104113 0.994565 
vn -1.45467e-16 0.207095 0.978321 
vn -1.47748e-16 0.11243 0.99366 
vn -1.41471e-16 0.307825 0.951443 
vn -1.35936e-16 0.40521 0.914224 
vn -1.28925e-16 0.49819 0.867068 
vn -1.20512e-16 0.585756 0.810488 
vn -1.10789e-16 0.666955 0.745098 
vn -1.10789e-16 -0.666955 0.745098 
vn -1.20512e-16 -0.585756 0.810488 
vn -1.28925e-16 -0.49819 0.867068 
vn -1.35936e-16 -0.40521 0.914224 
vn -1.41471e-16 -0.307825 0.951443 
vn -1.45467e-16 -0.207095 0.978321 
vn -1.47748e-16 -0.11243 0.99366 
vn -1.47883e-16 -0.104113 0.994565 
vn -1.48691e-16 -2.44929e-16 1 
vn -1.10789e-16 0.666955 0.745098 
vn -9.9545e-17 0.742832 0.669477 
vn -8.71585e-17 0.810185 0.586174 
vn -7.37719e-17 0.868241 0.496144 
vn -5.95386e-17 0.916332 0.400419 
vn -4.46221e-17 0.953908 0.3001 
vn -2.91935e-17 0.980536 0.196337 
vn -1.34299e-17 0.995913 0.0903209 
vn 2.48787e-18 0.99986 -0.0167318 
vn 1.83771e-17 0.992333 -0.123593 
vn 3.40554e-17 0.973418 -0.229035 
vn 4.93428e-17 0.943332 -0.331849 
vn 6.40641e-17 0.902421 -0.430855 
vn 7.80501e-17 0.851154 -0.524916 
vn 9.11404e-17 0.790119 -0.612954 
vn 1.03185e-16 0.720016 -0.693957 
vn 1.14045e-16 0.641651 -0.766997 
vn 1.23597e-16 0.555923 -0.831234 
vn 1.3173e-16 0.463814 -0.885933 
vn 1.38351e-16 0.366383 -0.930464 
vn 1.43385e-16 0.264747 -0.964318 
vn 1.46773e-16 0.160074 -0.987105 
vn 1.48477e-16 0.0535628 -0.998564 
vn 1.48477e-16 -0.0535628 -0.998564 
vn 1.46773e-16 -0.160074 -0.987105 
vn 1.43385e-16 -0.264747 -0.964318 
vn 1.38351e-16 -0.366383 -0.930464 
vn 1.3173e-16 -0.463814 -0.885933 
vn 1.23597e-16 -0.555923 -0.831234 
vn 1.14045e-16 -0.641651 -0.766997 
vn 1.03185e-16 -0.720016 -0.693957 
vn 9.11404e-17 -0.790119 -0.612954 
vn 7.80501e-17 -0.851154 -0.524916 
vn 6.40641e-17 -0.902421 -0.430855 
vn 4.93428e-17 -0.943332 -0.331849 
vn 3.40554e-17 -0.973418 -0.229035 
vn 1.83771e-17 -0.992333 -0.123593 
vn 2.48787e-18 -0.99986 -0.0167318 
vn -1.34299e-17 -0.995913 0.0903209 
vn -2.91935e-17 -0.980536 0.196337 
vn -4.46221e-17 -0.953908 0.3001 
vn -5.95386e-17 -0.916332 0.400419 
vn -7.37719e-17 -0.868241 0.496144 
vn -8.71585e-17 -0.810185 0.586174 
vn -9.9545e-17 -0.742832 0.669477 
vn -1.10789e-16 -0.666955 0.745098 
vn 1 -2.56791e-31 0 
vn -1 2.67651e-31 -1.48691e-16 
vn -0.707107 0.707107 0 
vn -0.707107 0.70607 0.038282 
vn -0.707107 0.697792 0.114397 
vn -0.707107 0.681333 0.189171 
vn -0.707107 0.656886 0.261727 
vn -0.707107 0.624737 0.331215 
vn -0.707107 0.585265 0.396819 
vn -0.707107 0.53893 0.457771 
vn -0.707107 0.486277 0.513356 
vn -0.707107 0.438018 0.555104 
vn -0.707107 0.427923 0.562923 
vn -0.707107 0.364552 0.60589 
vn -0.707107 0.296906 0.641753 
vn -0.707107 0.22578 0.670092 
vn -0.707107 0.152007 0.690575 
vn -0.707107 0.0764517 0.702962 
vn -0.707107 4.32978e-17 0.707107 
vn -0.707107 -0.0764517 0.702962 
vn -0.707107 -0.152007 0.690575 
vn -0.707107 -0.22578 0.670092 
vn -0.707107 -0.296906 0.641753 
vn -0.707107 -0.364552 0.60589 
vn -0.707107 -0.427923 0.562923 
vn -0.707107 -0.486277 0.513356 
vn -0.707107 -0.438018 0.555104 
vn -0.707107 -0.53893 0.457771 
vn -0.707107 -0.585265 0.396819 
vn -0.707107 -0.624737 0.331215 
vn -0.707107 -0.656886 0.261727 
vn -0.707107 -0.681333 0.189171 
vn -0.707107 -0.697792 0.114397 
vn -0.707107 -0.70607 0.038282 
vn -0.707107 -0.70607 -0.038282 
vn -0.707107 -0.707107 8.65956e-17 
vn -0.707107 -0.697792 -0.114397 
vn -0.707107 -0.681333 -0.189171 
vn -0.707107 -0.656886 -0.261727 
vn -0.707107 -0.624737 -0.331215 
vn -0.707107 -0.585265 -0.396819 
vn -0.707107 -0.53893 -0.457771 
vn -0.707107 -0.486277 -0.513356 
vn -0.707107 -0.427923 -0.562923 
vn -0.707107 -0.364552 -0.60589 
vn -0.707107 -0.296906 -0.641753 
vn -0.707107 -0.22578 -0.670092 
vn -0.707107 -0.152007 -0.690575 
vn -0.707107 -0.0764517 -0.702962 
vn -0.707107 -1.29893e-16 -0.707107 
vn -0.707107 0.0764517 -0.702962 
vn -0.707107 0.152007 -0.690575 
vn -0.707107 0.22578 -0.670092 
vn -0.707107 0.296906 -0.641753 
vn -0.707107 0.364552 -0.60589 
vn -0.707107 0.427923 -0.562923 
vn -0.707107 0.486277 -0.513356 
vn -0.707107 0.53893 -0.457771 
vn -0.707107 0.585265 -0.396819 
vn -0.707107 0.624737 -0.331215 
vn -0.707107 0.656886 -0.261727 
vn -0.707107 0.681333 -0.189171 
vn -0.707107 0.697792 -0.114397 
vn -0.707107 0.70607 -0.038282 
vn -0.707107 -0.70607 0.038282 
vn -1.48691e-16 5.33085e-63 1 
vn -1.47819e-16 0.108119 0.994138 
vn -1.45214e-16 0.21497 0.976621 
vn -1.40907e-16 0.319302 0.947653 
vn -1.34948e-16 0.419889 0.907575 
vn -1.27407e-16 0.515554 0.856857 
vn -1.18372e-16 0.605174 0.796093 
vn -1.07949e-16 0.687699 0.725995 
vn -9.62602e-17 0.762162 0.647386 
vn -8.34432e-17 0.827689 0.561187 
vn -6.96479e-17 0.883512 0.468408 
vn -5.50361e-17 0.928977 0.370138 
vn -3.97789e-17 0.96355 0.267528 
vn -2.40555e-17 0.986827 0.161782 
vn -8.04995e-18 0.998533 0.0541389 
vn 8.04995e-18 0.998533 -0.0541389 
vn 0 1 6.12323e-17 
vn 2.40555e-17 0.986827 -0.161782 
vn 3.97789e-17 0.96355 -0.267528 
vn 5.50361e-17 0.928977 -0.370138 
vn 6.96479e-17 0.883512 -0.468408 
vn 8.34432e-17 0.827689 -0.561187 
vn 9.62602e-17 0.762162 -0.647386 
vn 1.07949e-16 0.687699 -0.725995 
vn 1.18372e-16 0.605174 -0.796093 
vn 1.27407e-16 0.515554 -0.856857 
vn 1.34948e-16 0.419889 -0.907575 
vn 1.40907e-16 0.319302 -0.947653 
vn 1.45214e-16 0.21497 -0.976621 
vn 1.47819e-16 0.108119 -0.994138 
vn 1.48691e-16 1.22465e-16 -1 
vn 1.47819e-16 -0.108119 -0.994138 
vn 1.45214e-16 -0.21497 -0.976621 
vn 1.40907e-16 -0.319302 -0.947653 
vn 1.34948e-16 -0.419889 -0.907575 
vn 1.27407e-16 -0.515554 -0.856857 
vn 1.18372e-16 -0.605174 -0.796093 
vn 1.07949e-16 -0.687699 -0.725995 
vn 9.62602e-17 -0.762162 -0.647386 
vn 8.34432e-17 -0.827689 -0.561187 
vn 6.96479e-17 -0.883512 -0.468408 
vn 5.50361e-17 -0.928977 -0.370138 
vn 3.97789e-17 -0.96355 -0.267528 
vn 2.40555e-17 -0.986827 -0.161782 
vn 8.04995e-18 -0.998533 -0.0541389 
vn 0 -1 -1.83697e-16 
vn -8.04995e-18 -0.998533 0.0541389 
vn 8.04995e-18 -0.998533 -0.0541389 
vn -2.40555e-17 -0.986827 0.161782 
vn -3.97789e-17 -0.96355 0.267528 
vn -5.50361e-17 -0.928977 0.370138 
vn -6.96479e-17 -0.883512 0.468408 
vn -8.34432e-17 -0.827689 0.561187 
vn -9.62602e-17 -0.762162 0.647386 
vn -1.07949e-16 -0.687699 0.725995 
vn -1.18372e-16 -0.605174 0.796093 
vn -1.27407e-16 -0.515554 0.856857 
vn -1.34948e-16 -0.419889 0.907575 
vn -1.40907e-16 -0.319302 0.947653 
vn -1.45214e-16 -0.21497 0.976621 
vn -1.47819e-16 -0.108119 0.994138 
vn -8.04995e-18 0.998533 0.0541389 
vn 0.707107 -0.707107 0 
vn 0.707107 -0.70607 0.038282 
vn 0.707107 -0.697792 0.114397 
vn 0.707107 -0.681333 0.189171 
vn 0.707107 -0.656886 0.261727 
vn 0.707107 -0.624737 0.331215 
vn 0.707107 -0.585265 0.396819 
vn 0.707107 -0.618718 0.342327 
vn 0.707107 -0.53893 0.457771 
vn 0.707107 -0.486277 0.513356 
vn 0.707107 -0.427923 0.562923 
vn 0.707107 -0.364552 0.60589 
vn 0.707107 -0.296906 0.641753 
vn 0.707107 -0.342327 0.618718 
vn 0.707107 -0.22578 0.670092 
vn 0.707107 -0.152007 0.690575 
vn 0.707107 -0.0764517 0.702962 
vn 0.707107 -4.32978e-17 0.707107 
vn 0.707107 0.0764517 0.702962 
vn 0.707107 0.152007 0.690575 
vn 0.707107 0.22578 0.670092 
vn 0.707107 0.296906 0.641753 
vn 0.707107 0.342327 0.618718 
vn 0.707107 0.364552 0.60589 
vn 0.707107 0.427923 0.562923 
vn 0.707107 0.486277 0.513356 
vn 0.707107 0.53893 0.457771 
vn 0.707107 0.585265 0.396819 
vn 0.707107 0.618718 0.342327 
vn 0.707107 0.624737 0.331215 
vn 0.707107 0.656886 0.261727 
vn 0.707107 0.681333 0.189171 
vn 0.707107 0.697792 0.114397 
vn 0.707107 0.70607 0.038282 
vn 0.707107 0.70607 -0.038282 
vn 0.707107 0.697792 -0.114397 
vn 0.707107 0.681333 -0.189171 
vn 0.707107 0.656886 -0.261727 
vn 0.707107 0.624737 -0.331215 
vn 0.707107 0.585265 -0.396819 
vn 0.707107 0.618718 -0.342327 
vn 0.707107 0.53893 -0.457771 
vn 0.707107 0.486277 -0.513356 
vn 0.707107 0.427923 -0.562923 
vn 0.707107 0.364552 -0.60589 
vn 0.707107 0.296906 -0.641753 
vn 0.707107 0.342327 -0.618718 
vn 0.707107 0.22578 -0.670092 
vn 0.707107 0.152007 -0.690575 
vn 0.707107 0.0764517 -0.702962 
vn 0.707107 1.29893e-16 -0.707107 
vn 0.707107 -0.0764517 -0.702962 
vn 0.707107 -0.152007 -0.690575 
vn 0.707107 -0.22578 -0.670092 
vn 0.707107 -0.296906 -0.641753 
vn 0.707107 -0.342327 -0.618718 
vn 0.707107 -0.364552 -0.60589 
vn 0.707107 -0.427923 -0.562923 
vn 0.707107 -0.486277 -0.513356 
vn 0.707107 -0.53893 -0.457771 
vn 0.707107 -0.585265 -0.396819 
vn 0.707107 -0.618718 -0.342327 
vn 0.707107 -0.624737 -0.331215 
vn 0.707107 -0.656886 -0.261727 
vn 0.707107 -0.681333 -0.189171 
vn 0.707107 -0.697792 -0.114397 
vn 0.707107 -0.70607 -0.038282 
vn 1 0 0 
vn -1 2.56791e-31 0 
vn 1.27822e-16 -0.510885 -0.859649 
vn 1.19628e-16 -0.593892 -0.804545 
vn 1.10247e-16 -0.671003 -0.741454 
vn 9.97719e-17 -0.741454 -0.671003 
vn 8.83061e-17 -0.804545 -0.593892 
vn 7.59638e-17 -0.859649 -0.510885 
vn 1 -2.56791e-31 0 
vn -1 2.56791e-31 0 
vn 7.59638e-17 0.859649 -0.510885 
vn 8.83061e-17 0.804545 -0.593892 
vn 9.97719e-17 0.741454 -0.671003 
vn 1.10247e-16 0.671003 -0.741454 
vn 1.19628e-16 0.593892 -0.804545 
vn 1.27822e-16 0.510885 -0.859649 
vn 1 -2.56791e-31 0 
vn 0 0 -1 
vn -1 0 0 
vn 1 0 0 
vn -1.27822e-16 0.510885 0.859649 
vn -1.19628e-16 0.593892 0.804545 
vn -1.10247e-16 0.671003 0.741454 
vn -9.97719e-17 0.741454 0.671003 
vn -8.83061e-17 0.804545 0.593892 
vn -7.59638e-17 0.859649 0.510885 
vn 1 -2.56791e-31 0 
vn 0 1 0 
vn -1 0 0 
vn -7.59638e-17 -0.859649 0.510885 
vn -8.83061e-17 -0.804545 0.593892 
vn -9.97719e-17 -0.741454 0.671003 
vn -1.10247e-16 -0.671003 0.741454 
vn -1.19628e-16 -0.593892 0.804545 
vn -1.27822e-16 -0.510885 0.859649 
vn 1 -2.56791e-31 0 
vn 0 -1 0 
vn -1 0 0 
vn 0 0 1 
vn -0.707107 0.707107 0 
vn -0.707107 0.70607 0.038282 
vn -0.707107 0.697792 0.114397 
vn -0.707107 0.681333 0.189171 
vn -0.707107 0.656886 0.261727 
vn -0.707107 0.624737 0.331215 
vn -0.707107 0.585265 0.396819 
vn -0.707107 0.618718 0.342327 
vn -0.707107 0.53893 0.457771 
vn -0.707107 0.486277 0.513356 
vn -0.707107 0.427923 0.562923 
vn -0.707107 0.364552 0.60589 
vn -0.707107 0.296906 0.641753 
vn -0.707107 0.342327 0.618718 
vn -0.707107 0.22578 0.670092 
vn -0.707107 0.152007 0.690575 
vn -0.707107 0.0764517 0.702962 
vn -0.707107 4.32978e-17 0.707107 
vn -0.707107 -0.0764517 0.702962 
vn -0.707107 -0.152007 0.690575 
vn -0.707107 -0.22578 0.670092 
vn -0.707107 -0.296906 0.641753 
vn -0.707107 -0.342327 0.618718 
vn -0.707107 -0.364552 0.60589 
vn -0.707107 -0.427923 0.562923 
vn -0.707107 -0.486277 0.513356 
vn -0.707107 -0.53893 0.457771 
vn -0.707107 -0.585265 0.396819 
vn -0.707107 -0.618718 0.342327 
vn -0.707107 -0.624737 0.331215 
vn -0.707107 -0.656886 0.261727 
vn -0.707107 -0.681333 0.189171 
vn -0.707107 -0.697792 0.114397 
vn -0.707107 -0.70607 0.038282 
vn -0.707107 -0.70607 -0.038282 
vn -0.707107 -0.707107 8.65956e-17 
vn -0.707107 -0.697792 -0.114397 
vn -0.707107 -0.681333 -0.189171 
vn -0.707107 -0.656886 -0.261727 
vn -0.707107 -0.624737 -0.331215 
vn -0.707107 -0.585265 -0.396819 
vn -0.707107 -0.618718 -0.342327 
vn -0.707107 -0.53893 -0.457771 
vn -0.707107 -0.486277 -0.513356 
vn -0.707107 -0.427923 -0.562923 
vn -0.707107 -0.364552 -0.60589 
vn -0.707107 -0.296906 -0.641753 
vn -0.707107 -0.342327 -0.618718 
vn -0.707107 -0.22578 -0.670092 
vn -0.707107 -0.152007 -0.690575 
vn -0.707107 -0.0764517 -0.702962 
vn -0.707107 -1.29893e-16 -0.707107 
vn -0.707107 0.0764517 -0.702962 
vn -0.707107 0.152007 -0.690575 
vn -0.707107 0.22578 -0.670092 
vn -0.707107 0.296906 -0.641753 
vn -0.707107 0.342327 -0.618718 
vn -0.707107 0.364552 -0.60589 
vn -0.707107 0.427923 -0.562923 
vn -0.707107 0.486277 -0.513356 
vn -0.707107 0.53893 -0.457771 
vn -0.707107 0.585265 -0.396819 
vn -0.707107 0.618718 -0.342327 
vn -0.707107 0.624737 -0.331215 
vn -0.707107 0.656886 -0.261727 
vn -0.707107 0.681333 -0.189171 
vn -0.707107 0.697792 -0.114397 
vn -0.707107 0.70607 -0.038282 
vn -0.707107 -0.70607 0.038282 
vn -1.48691e-16 5.33085e-63 1 
vn -1.47819e-16 0.108119 0.994138 
vn -1.45214e-16 0.21497 0.976621 
vn -1.40907e-16 0.319302 0.947653 
vn -1.34948e-16 0.419889 0.907575 
vn -1.27407e-16 0.515554 0.856857 
vn -1.18372e-16 0.605174 0.796093 
vn -1.07949e-16 0.687699 0.725995 
vn -9.62602e-17 0.762162 0.647386 
vn -8.34432e-17 0.827689 0.561187 
vn -6.96479e-17 0.883512 0.468408 
vn -5.50361e-17 0.928977 0.370138 
vn -3.97789e-17 0.96355 0.267528 
vn -2.40555e-17 0.986827 0.161782 
vn -8.04995e-18 0.998533 0.0541389 
vn 8.04995e-18 0.998533 -0.0541389 
vn 0 1 -1.60812e-16 
vn 2.40555e-17 0.986827 -0.161782 
vn 3.97789e-17 0.96355 -0.267528 
vn 5.50361e-17 0.928977 -0.370138 
vn 6.96479e-17 0.883512 -0.468408 
vn 8.34432e-17 0.827689 -0.561187 
vn 9.62602e-17 0.762162 -0.647386 
vn 1.07949e-16 0.687699 -0.725995 
vn 1.18372e-16 0.605174 -0.796093 
vn 1.27407e-16 0.515554 -0.856857 
vn 1.34948e-16 0.419889 -0.907575 
vn 1.40907e-16 0.319302 -0.947653 
vn 1.45214e-16 0.21497 -0.976621 
vn 1.47819e-16 0.108119 -0.994138 
vn 1.48691e-16 1.22465e-16 -1 
vn 1.47819e-16 -0.108119 -0.994138 
vn 1.45214e-16 -0.21497 -0.976621 
vn 1.40907e-16 -0.319302 -0.947653 
vn 1.34948e-16 -0.419889 -0.907575 
vn 1.27407e-16 -0.515554 -0.856857 
vn 1.18372e-16 -0.605174 -0.796093 
vn 1.07949e-16 -0.687699 -0.725995 
vn 9.62602e-17 -0.762162 -0.647386 
vn 8.34432e-17 -0.827689 -0.561187 
vn 6.96479e-17 -0.883512 -0.468408 
vn 5.50361e-17 -0.928977 -0.370138 
vn 3.97789e-17 -0.96355 -0.267528 
vn 2.40555e-17 -0.986827 -0.161782 
vn 8.04995e-18 -0.998533 -0.0541389 
vn -8.04995e-18 -0.998533 0.0541389 
vn 0 -1 -1.83697e-16 
vn -2.40555e-17 -0.986827 0.161782 
vn -3.97789e-17 -0.96355 0.267528 
vn -5.50361e-17 -0.928977 0.370138 
vn -6.96479e-17 -0.883512 0.468408 
vn -8.34432e-17 -0.827689 0.561187 
vn -9.62602e-17 -0.762162 0.647386 
vn -1.07949e-16 -0.687699 0.725995 
vn -1.18372e-16 -0.605174 0.796093 
vn -1.27407e-16 -0.515554 0.856857 
vn -1.34948e-16 -0.419889 0.907575 
vn -1.40907e-16 -0.319302 0.947653 
vn -1.45214e-16 -0.21497 0.976621 
vn -1.47819e-16 -0.108119 0.994138 
vn 8.04995e-18 -0.998533 -0.0541389 
vn -8.04995e-18 0.998533 0.0541389 
vn -1 5.55112e-17 2.22045e-16 
vn 1.31562e-16 0.933266 0.359185 
vn 1.13829e-16 0.962277 0.272072 
vn 9.51372e-17 0.983175 0.182666 
vn 7.5643e-17 0.995785 0.0917196 
vn 5.55112e-17 1 6.12323e-17 
vn 3.49113e-17 0.995785 -0.0917196 
vn 1.40172e-17 0.983175 -0.182666 
vn -6.9951e-18 0.962277 -0.272072 
vn -2.79484e-17 0.933266 -0.359185 
vn -2.22045e-16 1.05876e-15 -1 
vn -2.26487e-16 -0.100115 -0.994976 
vn -2.40934e-16 -0.0501207 -0.998743 
vn -2.28653e-16 -0.199225 -0.979954 
vn -2.40934e-16 -0.100115 -0.994976 
vn -2.40934e-16 -0.149859 -0.988707 
vn -2.28521e-16 -0.296333 -0.955085 
vn -2.40934e-16 -0.199225 -0.979954 
vn -1.92747e-16 -0.248091 -0.968737 
vn -2.26093e-16 -0.390462 -0.920619 
vn -1.92747e-16 -0.341558 -0.939861 
vn -1.92747e-16 -0.386007 -0.922496 
vn -1.92747e-16 -0.296333 -0.955085 
vn -2.21394e-16 -0.480669 -0.876902 
vn -1.92747e-16 -0.390454 -0.920623 
vn -2.40934e-16 -0.473998 -0.880526 
vn -2.1447e-16 -0.566045 -0.824374 
vn -2.40934e-16 -0.480669 -0.876902 
vn -2.40934e-16 -0.559306 -0.828961 
vn -2.0539e-16 -0.645734 -0.763562 
vn -2.40934e-16 -0.566045 -0.824374 
vn -1.92747e-16 -0.640665 -0.76782 
vn -1.94247e-16 -0.718934 -0.695078 
vn -1.92747e-16 -0.645734 -0.763562 
vn -1.92747e-16 -0.716877 -0.697199 
vn -1.81152e-16 -0.78491 -0.619609 
vn -1.92747e-16 -0.718934 -0.695078 
vn -1.66237e-16 -0.842999 -0.537915 
vn -9.63735e-17 -0.78491 -0.619609 
vn -9.63735e-17 -0.786693 -0.617345 
vn -1.49651e-16 -0.892617 -0.450815 
vn -9.63735e-17 -0.842999 -0.537915 
vn -9.63735e-17 -0.849022 -0.528357 
vn -1.31562e-16 -0.933266 -0.359185 
vn -1.92747e-16 -0.892617 -0.450815 
vn -1.92747e-16 -0.902626 -0.430426 
vn -1.31562e-16 -0.933266 -0.359185 
vn -1.13829e-16 -0.962277 -0.272072 
vn -9.51372e-17 -0.983175 -0.182666 
vn -7.5643e-17 -0.995785 -0.0917196 
vn -5.55112e-17 -1 -1.83697e-16 
vn -3.49113e-17 -0.995785 0.0917196 
vn -1.40172e-17 -0.983175 0.182666 
vn 6.9951e-18 -0.962277 0.272072 
vn 2.79484e-17 -0.933266 0.359185 
vn 2.22045e-16 2.51525e-48 1 
vn 2.26487e-16 0.100115 0.994976 
vn 2.40934e-16 0.0501207 0.998743 
vn 2.28653e-16 0.199225 0.979954 
vn 2.40934e-16 0.100115 0.994976 
vn 2.40934e-16 0.149859 0.988707 
vn 2.28521e-16 0.296333 0.955085 
vn 2.40934e-16 0.199225 0.979954 
vn 1.92747e-16 0.248091 0.968737 
vn 2.26093e-16 0.390462 0.920619 
vn 1.92747e-16 0.341558 0.939861 
vn 1.92747e-16 0.386007 0.922496 
vn 1.92747e-16 0.296333 0.955085 
vn 2.21394e-16 0.480669 0.876902 
vn 1.92747e-16 0.390454 0.920623 
vn 2.40934e-16 0.473998 0.880526 
vn 2.1447e-16 0.566045 0.824374 
vn 2.40934e-16 0.480669 0.876902 
vn 2.40934e-16 0.559306 0.828961 
vn 2.0539e-16 0.645734 0.763562 
vn 2.40934e-16 0.566045 0.824374 
vn 1.92747e-16 0.640665 0.76782 
vn 1.94247e-16 0.718934 0.695078 
vn 1.92747e-16 0.645734 0.763562 
vn 1.92747e-16 0.716877 0.697199 
vn 1.81152e-16 0.78491 0.619609 
vn 1.92747e-16 0.718934 0.695078 
vn 1.66237e-16 0.842999 0.537915 
vn 9.63735e-17 0.78491 0.619609 
vn 9.63735e-17 0.786693 0.617345 
vn 1.49651e-16 0.892617 0.450815 
vn 9.63735e-17 0.842999 0.537915 
vn 9.63735e-17 0.849022 0.528357 
vn 1.31562e-16 0.933266 0.359185 
vn 1.92747e-16 0.892617 0.450815 
vn 1.92747e-16 0.902626 0.430426 
vn 1.31562e-16 0.933266 0.359185 
vn -2.79484e-17 0.933266 -0.359185 
vn -5.05508e-17 0.892617 -0.450815 
vn -7.26452e-17 0.842999 -0.537915 
vn -9.40097e-17 0.78491 -0.619609 
vn -1.92747e-16 0.732454 -0.680817 
vn -1.92747e-16 0.718937 -0.695075 
vn -1.92747e-16 0.745758 -0.666217 
vn -9.63735e-17 0.773334 -0.633999 
vn -1.33699e-16 0.645734 -0.763562 
vn -1.92747e-16 0.717292 -0.696773 
vn -1.92747e-16 0.689455 -0.724328 
vn -1.92747e-16 0.658281 -0.752772 
vn -1.14429e-16 0.718934 -0.695078 
vn -1.92747e-16 0.56764 -0.823277 
vn -1.92747e-16 0.566049 -0.824372 
vn -1.92747e-16 0.597919 -0.801556 
vn -1.92747e-16 0.578767 -0.815493 
vn -1.92747e-16 0.644473 -0.764627 
vn -1.92747e-16 0.626913 -0.779089 
vn -1.92747e-16 0.645733 -0.763563 
vn -1.51626e-16 0.566045 -0.824374 
vn -1.4456e-16 0.507648 -0.861565 
vn -1.4456e-16 0.480669 -0.876902 
vn -1.4456e-16 0.537497 -0.843266 
vn -1.4456e-16 0.530206 -0.847869 
vn -1.68029e-16 0.480669 -0.876902 
vn -1.4456e-16 0.436114 -0.899892 
vn -1.92747e-16 0.390462 -0.920619 
vn -1.92747e-16 0.34383 -0.939032 
vn -1.92747e-16 0.296333 -0.955085 
vn -1.92747e-16 0.248091 -0.968737 
vn -2.40934e-16 0.199225 -0.979954 
vn -2.40934e-16 0.149859 -0.988707 
vn -2.40934e-16 0.100115 -0.994976 
vn -2.40934e-16 0.0501207 -0.998743 
vn -2.22045e-16 1.22465e-16 -1 
vn 0.707107 7.09403e-16 -0.707107 
vn 0.707107 -3.92523e-17 0.707107 
vn 2.79484e-17 -0.933266 0.359185 
vn 5.05508e-17 -0.892617 0.450815 
vn 7.26452e-17 -0.842999 0.537915 
vn 9.40097e-17 -0.78491 0.619609 
vn 1.92747e-16 -0.732454 0.680817 
vn 1.92747e-16 -0.718937 0.695075 
vn 1.92747e-16 -0.745758 0.666217 
vn 9.63735e-17 -0.773334 0.633999 
vn 1.33699e-16 -0.645734 0.763562 
vn 1.92747e-16 -0.717292 0.696773 
vn 1.92747e-16 -0.689455 0.724328 
vn 1.92747e-16 -0.658281 0.752772 
vn 1.14429e-16 -0.718934 0.695078 
vn 1.92747e-16 -0.56764 0.823277 
vn 1.92747e-16 -0.566049 0.824372 
vn 1.92747e-16 -0.597919 0.801556 
vn 1.92747e-16 -0.578767 0.815493 
vn 1.92747e-16 -0.644473 0.764627 
vn 1.92747e-16 -0.626913 0.779089 
vn 1.92747e-16 -0.645733 0.763563 
vn 1.51626e-16 -0.566045 0.824374 
vn 1.4456e-16 -0.507648 0.861565 
vn 1.4456e-16 -0.480669 0.876902 
vn 1.4456e-16 -0.537497 0.843266 
vn 1.4456e-16 -0.530206 0.847869 
vn 1.68029e-16 -0.480669 0.876902 
vn 1.4456e-16 -0.436114 0.899892 
vn 1.92747e-16 -0.390462 0.920619 
vn 1.92747e-16 -0.34383 0.939032 
vn 1.92747e-16 -0.296333 0.955085 
vn 1.92747e-16 -0.248091 0.968737 
vn 2.40934e-16 -0.199225 0.979954 
vn 2.40934e-16 -0.149859 0.988707 
vn 2.40934e-16 -0.100115 0.994976 
vn 2.40934e-16 -0.0501207 0.998743 
vn 2.22045e-16 -2.37579e-48 1 
vn 2.79484e-17 -0.933266 0.359185 
vn 0.735102 0.593599 0.327515 
vn 0.722061 0.62759 0.291134 
vn 0.707107 0.659919 0.253982 
vn 0.716927 0.639356 0.277922 
vn 0.735105 0.593588 0.327526 
vn 0.755312 0.520993 0.397579 
vn 0.746195 0.558035 0.363028 
vn 0.739753 0.579625 0.341761 
vn 0.755315 0.520983 0.397589 
vn 0.767525 0.442871 0.463434 
vn 0.762429 0.482571 0.431077 
vn 0.756925 0.513274 0.404492 
vn 0.767525 0.442867 0.463437 
vn 0.770588 0.401997 0.494562 
vn 0.77161 0.360059 0.524381 
vn 0.76774 0.440722 0.465124 
vn 0.771607 0.362474 0.522719 
vn 0.77161 0.360064 0.524377 
vn 0.770588 0.317167 0.55281 
vn 0.767525 0.273434 0.579775 
vn 0.768033 0.279103 0.576391 
vn 0.762429 0.228977 0.605204 
vn 0.756599 0.191235 0.62529 
vn 0.755312 0.183914 0.62903 
vn 0.736935 0.0995263 0.668597 
vn 0.746195 0.138364 0.65119 
vn 0.735102 0.0924465 0.671624 
vn 0.708671 0.00458175 0.705525 
vn 0.722061 0.0462846 0.69028 
vn 0.707107 3.71038e-15 0.707107 
vn 0.707107 0.659919 0.253982 
vn 0.735102 -0.593599 -0.327515 
vn 0.722061 -0.62759 -0.291134 
vn 0.707107 -0.659919 -0.253982 
vn 0.716927 -0.639356 -0.277922 
vn 0.735105 -0.593588 -0.327526 
vn 0.755312 -0.520993 -0.397579 
vn 0.746195 -0.558035 -0.363028 
vn 0.739753 -0.579625 -0.341761 
vn 0.755315 -0.520983 -0.397589 
vn 0.767525 -0.442871 -0.463434 
vn 0.762429 -0.482571 -0.431077 
vn 0.756925 -0.513274 -0.404492 
vn 0.767525 -0.442867 -0.463437 
vn 0.770588 -0.401997 -0.494562 
vn 0.77161 -0.360059 -0.524381 
vn 0.76774 -0.440722 -0.465124 
vn 0.771607 -0.362474 -0.522719 
vn 0.77161 -0.360064 -0.524377 
vn 0.770588 -0.317167 -0.55281 
vn 0.767525 -0.273434 -0.579775 
vn 0.768033 -0.279103 -0.576391 
vn 0.762429 -0.228977 -0.605204 
vn 0.756599 -0.191235 -0.62529 
vn 0.755312 -0.183914 -0.62903 
vn 0.736935 -0.0995263 -0.668597 
vn 0.746195 -0.138364 -0.65119 
vn 0.735102 -0.0924465 -0.671624 
vn 0.708671 -0.00458175 -0.705525 
vn 0.722061 -0.0462846 -0.69028 
vn 0.707107 -1.73472e-15 -0.707107 
vn 0.707107 -0.659919 -0.253982 
vn 0.724751 -0.53983 0.428158 
vn 0.723849 -0.530237 0.441465 
vn 0.707107 -0.586743 0.39463 
vn 0.707103 -0.596083 0.380383 
vn 0.736489 -0.470727 0.485798 
vn 0.744956 -0.40855 0.527378 
vn 0.738077 -0.479609 0.474571 
vn 0.749201 -0.344057 0.56597 
vn 0.747005 -0.416531 0.518155 
vn 0.749201 -0.277615 0.601354 
vn 0.751483 -0.350971 0.558653 
vn 0.744956 -0.209599 0.633331 
vn 0.751483 -0.283319 0.595822 
vn 0.736489 -0.140396 0.661719 
vn 0.747005 -0.21398 0.629441 
vn 0.723849 -0.0703976 0.686358 
vn 0.738077 -0.143366 0.659309 
vn 0.707107 0 0.707107 
vn 0.707107 -0.596834 0.379195 
vn 0.706539 -0.630613 0.321139 
vn 0.731138 -0.593389 0.33664 
vn 0.749331 -0.530024 0.39696 
vn 0.761541 -0.462427 0.45411 
vn 0.767671 -0.391137 0.507634 
vn 0.767671 -0.316725 0.557106 
vn 0.761541 -0.239783 0.602128 
vn 0.724751 -0.071897 0.685249 
vn 0.749331 -0.160927 0.642343 
vn 0.731138 -0.0807861 0.67743 
vn 0.707107 0 0.707107 
vn 0.707107 -0.652016 0.273632 
vn 0.706989 -0.659846 0.2545 
vn 0.735121 -0.616566 0.281859 
vn 0.75636 -0.552544 0.350163 
vn 0.77063 -0.48343 0.415241 
vn 0.777798 -0.409861 0.476492 
vn 0.777798 -0.332516 0.533352 
vn 0.77063 -0.252106 0.585297 
vn 0.75636 -0.169372 0.631848 
vn 0.707107 0 0.707107 
vn 0.707107 -0.674905 0.210957 
vn 0.735826 -0.635083 0.23501 
vn 0.738012 -0.62946 0.243144 
vn 0.708047 -0.678451 0.195892 
vn 0.7071 -0.677492 0.202519 
vn 0.707107 -0.679642 0.19516 
vn 0.729748 -0.649913 0.212324 
vn 0.749595 -0.594884 0.290208 
vn 0.759039 -0.559644 0.332653 
vn 0.763981 -0.53674 0.358109 
vn 0.771522 -0.491832 0.403554 
vn 0.761078 -0.550531 0.343039 
vn 0.776638 -0.444264 0.446612 
vn 0.779173 -0.393863 0.487607 
vn 0.779169 -0.351138 0.519228 
vn 0.778666 -0.411276 0.473847 
vn 0.778664 -0.333714 0.531335 
vn 0.776708 -0.300222 0.553707 
vn 0.771425 -0.247551 0.586193 
vn 0.763011 -0.192923 0.616924 
vn 0.772243 -0.254036 0.582329 
vn 0.747099 -0.120498 0.653699 
vn 0.735121 -0.0850782 0.672576 
vn 0.760419 -0.179191 0.624222 
vn 0.738039 -0.0877217 0.669032 
vn 0.729574 -0.0607436 0.681199 
vn 0.716523 -0.0465581 0.696008 
vn 0.719197 -0.0613968 0.692089 
vn 0.707107 0 0.707107 
vn 0.728207 -0.12008 0.674756 
vn 0.728635 -0.12335 0.673703 
vn 0.731439 -0.146503 0.665983 
vn 0.735254 -0.185584 0.651889 
vn 0.738808 -0.245398 0.627648 
vn 0.739571 -0.284025 0.610216 
vn 0.739384 -0.309696 0.597829 
vn 0.739559 -0.281456 0.61142 
vn 0.736364 -0.373887 0.563894 
vn 0.730355 -0.431103 0.529841 
vn 0.725628 -0.462414 0.509547 
vn 0.720565 -0.489871 0.490727 
vn 0.729891 -0.434514 0.52769 
vn 0.706999 -0.554653 0.438763 
vn 0.707107 -0.54683 0.448305 
vn 0.707107 3.2048e-16 0.707107 
vn 0.724751 0.53983 -0.428158 
vn 0.723849 0.530237 -0.441465 
vn 0.707107 0.586743 -0.39463 
vn 0.707103 0.596083 -0.380383 
vn 0.736489 0.470727 -0.485798 
vn 0.744956 0.40855 -0.527378 
vn 0.738077 0.479609 -0.474571 
vn 0.749201 0.344057 -0.56597 
vn 0.747005 0.416531 -0.518155 
vn 0.749201 0.277615 -0.601354 
vn 0.751483 0.350971 -0.558653 
vn 0.744956 0.209599 -0.633331 
vn 0.751483 0.283319 -0.595822 
vn 0.736489 0.140396 -0.661719 
vn 0.747005 0.21398 -0.629441 
vn 0.723849 0.0703976 -0.686358 
vn 0.738077 0.143366 -0.659309 
vn 0.707107 1.38778e-15 -0.707107 
vn 0.707107 0.596834 -0.379195 
vn 0.706539 0.630613 -0.321139 
vn 0.731138 0.593389 -0.33664 
vn 0.749331 0.530024 -0.39696 
vn 0.761541 0.462427 -0.45411 
vn 0.767671 0.391137 -0.507634 
vn 0.767671 0.316725 -0.557106 
vn 0.761541 0.239783 -0.602128 
vn 0.724751 0.071897 -0.685249 
vn 0.749331 0.160927 -0.642343 
vn 0.731138 0.0807861 -0.67743 
vn 0.707107 1.38778e-15 -0.707107 
vn 0.707107 0.652016 -0.273632 
vn 0.706989 0.659846 -0.2545 
vn 0.735121 0.616566 -0.281859 
vn 0.75636 0.552544 -0.350163 
vn 0.77063 0.48343 -0.415241 
vn 0.777798 0.409861 -0.476492 
vn 0.777798 0.332516 -0.533352 
vn 0.77063 0.252106 -0.585297 
vn 0.75636 0.169372 -0.631848 
vn 0.707107 1.38778e-15 -0.707107 
vn 0.707107 0.674905 -0.210957 
vn 0.735826 0.635083 -0.23501 
vn 0.738012 0.62946 -0.243144 
vn 0.708047 0.678451 -0.195892 
vn 0.7071 0.677492 -0.202519 
vn 0.707107 0.679642 -0.19516 
vn 0.729748 0.649913 -0.212324 
vn 0.749595 0.594884 -0.290208 
vn 0.759039 0.559644 -0.332653 
vn 0.763981 0.53674 -0.358109 
vn 0.771522 0.491832 -0.403554 
vn 0.761078 0.550531 -0.343039 
vn 0.776638 0.444264 -0.446612 
vn 0.779173 0.393863 -0.487607 
vn 0.779169 0.351138 -0.519228 
vn 0.778666 0.411276 -0.473847 
vn 0.778664 0.333714 -0.531335 
vn 0.776708 0.300222 -0.553707 
vn 0.771425 0.247551 -0.586193 
vn 0.763011 0.192923 -0.616924 
vn 0.772243 0.254036 -0.582329 
vn 0.747099 0.120498 -0.653699 
vn 0.735121 0.0850782 -0.672576 
vn 0.760419 0.179191 -0.624222 
vn 0.738039 0.0877217 -0.669032 
vn 0.729574 0.0607436 -0.681199 
vn 0.716523 0.0465581 -0.696008 
vn 0.719197 0.0613968 -0.692089 
vn 0.707107 1.38778e-15 -0.707107 
vn 0.728207 0.12008 -0.674756 
vn 0.728635 0.12335 -0.673703 
vn 0.731439 0.146503 -0.665983 
vn 0.735254 0.185584 -0.651889 
vn 0.738808 0.245398 -0.627648 
vn 0.739571 0.284025 -0.610216 
vn 0.739384 0.309696 -0.597829 
vn 0.739559 0.281456 -0.61142 
vn 0.736364 0.373887 -0.563894 
vn 0.730355 0.431103 -0.529841 
vn 0.725628 0.462414 -0.509547 
vn 0.720565 0.489871 -0.490727 
vn 0.729891 0.434514 -0.52769 
vn 0.706999 0.554653 -0.438763 
vn 0.707107 0.54683 -0.448305 
vn 0.707107 1.78553e-15 -0.707107 
vn -1.69486e-16 -0.831583 -0.5554 
vn 0 -0.879697 -0.475535 
vn 0 -0.88497 -0.465648 
vn -2.16799e-16 -0.831583 -0.5554 
vn 0 -0.928706 -0.370817 
vn 0 -0.946695 -0.32213 
vn 0 -0.962313 -0.271943 
vn 0 -0.975096 -0.221785 
vn 0 -0.985426 -0.170103 
vn 0 -0.993331 -0.115301 
vn 0 -0.997793 -0.0664081 
vn 0 -0.999896 -0.0144062 
vn 0 -0.999277 0.0380112 
vn 0 -0.995959 0.0898049 
vn 0 -0.989864 0.142016 
vn 0 -0.972123 0.234471 
vn 0 -0.969656 0.244472 
vn 0 -0.982091 0.18841 
vn 2.43235e-17 -0.938874 0.344262 
vn 4.56923e-19 -0.969656 0.244472 
vn 0 -0.955594 0.294688 
vn 2.43235e-17 -0.938874 0.344262 
vn 1.68421e-16 0.835393 0.549653 
vn 0 0.881416 0.472341 
vn 0 0.888621 0.458642 
vn 2.11999e-16 0.835393 0.549653 
vn 0 0.931971 0.362533 
vn 0 0.949688 0.313199 
vn 0 0.964961 0.262393 
vn 0 0.977354 0.211611 
vn 0 0.987225 0.15933 
vn 9.01818e-17 0.987224 0.159337 
vn 0 0.992728 0.12038 
vn 0 0.998513 0.054509 
vn 0 0.999998 0.00197093 
vn 0 0.998702 -0.0509246 
vn 0 0.994663 -0.103179 
vn 0 0.98779 -0.155792 
vn 0 0.975012 -0.222151 
vn 0 0.965897 -0.258928 
vn 0 0.950927 -0.309414 
vn -2.79484e-17 0.933266 -0.359185 
vn 0.707107 0.659919 0.253982 
vn 1.31562e-16 0.933266 0.359185 
vn 1.10672e-16 0.966463 0.256807 
vn 0 0.951307 0.308246 
vn 0 0.933266 0.359185 
vn 8.85005e-17 0.988464 0.151455 
vn 0 0.966463 0.256807 
vn 0 0.978891 0.204385 
vn 6.53038e-17 0.999016 0.0443482 
vn 0 0.988464 0.151455 
vn 0 0.997922 0.0644282 
vn 4.13507e-17 0.997996 -0.0632722 
vn 0 0.999016 0.0443482 
vn 0 0.999953 -0.00973258 
vn 1.69185e-17 0.985416 -0.17016 
vn 0 0.997996 -0.0632722 
vn 0 0.993136 -0.116968 
vn -7.70954e-18 0.961422 -0.275076 
vn 0 0.985416 -0.17016 
vn 0 0.974782 -0.223161 
vn -3.22483e-17 0.926292 -0.376807 
vn 0 0.961422 -0.275076 
vn 0 0.938934 -0.344096 
vn -5.64136e-17 0.880432 -0.474172 
vn 0 0.926292 -0.376807 
vn -7.99254e-17 0.824374 -0.566045 
vn 0 0.880432 -0.474172 
vn -1.02511e-16 0.758767 -0.651362 
vn 0 0.824374 -0.566045 
vn -1.2391e-16 0.684371 -0.729134 
vn 0 0.758767 -0.651362 
vn 0 0.736807 -0.676103 
vn -1.43873e-16 0.602048 -0.79846 
vn 0 0.684371 -0.729134 
vn -1.6217e-16 0.512751 -0.858537 
vn 0 0.602048 -0.79846 
vn -1.78589e-16 0.417515 -0.90867 
vn 0 0.512751 -0.858537 
vn -1.92938e-16 0.317443 -0.948277 
vn 0 0.417515 -0.90867 
vn 0 0.386456 -0.922308 
vn -2.05053e-16 0.213694 -0.976901 
vn 0 0.317443 -0.948277 
vn -2.14793e-16 0.107469 -0.994208 
vn -4.33681e-16 0.213694 -0.976901 
vn -2.22045e-16 -9.71331e-14 -1 
vn -4.33681e-16 0.107469 -0.994208 
vn 0.707107 -2.60209e-14 -0.707107 
vn 0.755828 0.0721265 -0.650785 
vn 0.732452 0.0361118 -0.67986 
vn 0.796426 0.143478 -0.587469 
vn 0.777172 0.107947 -0.61996 
vn 0.828464 0.213287 -0.517838 
vn 0.813539 0.178622 -0.553398 
vn 0.851597 0.280804 -0.442642 
vn 0.841161 0.247378 -0.480887 
vn 0.865577 0.345302 -0.362688 
vn 0.859743 0.313474 -0.403207 
vn 0.870254 0.406089 -0.278836 
vn 0.869084 0.376202 -0.321194 
vn 0.869084 0.434885 -0.235728 
vn 0.865573 0.462535 -0.191949 
vn 0.865577 0.462512 -0.191987 
vn 0.859743 0.488895 -0.147729 
vn 0.860212 0.487146 -0.150745 
vn 0.857575 0.496443 -0.134568 
vn 0.854291 0.50656 -0.116549 
vn 0.862278 0.478826 -0.164929 
vn 0.851597 0.513963 -0.103074 
vn 0.851597 0.513963 -0.103074 
vn 0.841161 0.53765 -0.0581421 
vn 0.8399 0.54012 -0.0532831 
vn 0.833449 0.551791 -0.029834 
vn 0.850287 0.517329 -0.0968631 
vn 0.845505 0.528574 -0.0757032 
vn 0.828464 0.559891 -0.0130533 
vn 0.828464 0.55989 -0.0130537 
vn 0.813539 0.580626 0.0320698 
vn 0.809172 0.585911 0.0441339 
vn 0.799639 0.596495 0.0690807 
vn 0.818041 0.574842 0.0191436 
vn 0.826153 0.563419 -0.00560416 
vn 0.796426 0.5998 0.0771067 
vn 0.796426 0.5998 0.0771071 
vn 0.755828 0.633263 0.166439 
vn 0.777172 0.617361 0.121937 
vn 0.768442 0.624257 0.14071 
vn 0.763129 0.62818 0.151737 
vn 0.773793 0.620101 0.129306 
vn 0.779102 0.615755 0.117667 
vn 0.784392 0.611188 0.105727 
vn 0.789563 0.606475 0.093691 
vn 0.757796 0.631926 0.162525 
vn 0.755828 0.633263 0.166439 
vn 0.728369 0.649656 0.217773 
vn 0.707107 0.659919 0.253982 
vn 0.737505 0.644635 0.201325 
vn 0.732844 0.647247 0.20979 
vn 0.742378 0.641789 0.192307 
vn 0.7474 0.638725 0.182822 
vn 0.707107 0.659919 0.253982 
vn 0.732452 0.647461 0.210494 
vn 0.707107 -2.27682e-15 -0.707107 
vn -2.22045e-16 0 -1 
vn 0.707107 -0.659919 -0.253982 
vn -1.31562e-16 -0.933266 -0.359185 
vn -1.10672e-16 -0.966463 -0.256807 
vn 0 -0.951307 -0.308246 
vn 0 -0.933266 -0.359185 
vn -8.85005e-17 -0.988464 -0.151455 
vn 0 -0.966463 -0.256807 
vn 0 -0.978891 -0.204385 
vn -6.53038e-17 -0.999016 -0.0443482 
vn 0 -0.988464 -0.151455 
vn 0 -0.997922 -0.0644282 
vn -4.13507e-17 -0.997996 0.0632722 
vn 0 -0.999016 -0.0443482 
vn 0 -0.999953 0.00973258 
vn -1.69185e-17 -0.985416 0.17016 
vn 0 -0.997996 0.0632722 
vn 0 -0.993136 0.116968 
vn 7.70954e-18 -0.961422 0.275076 
vn 0 -0.985416 0.17016 
vn 0 -0.974782 0.223161 
vn 3.22483e-17 -0.926292 0.376807 
vn 0 -0.961422 0.275076 
vn 0 -0.938934 0.344096 
vn 5.64136e-17 -0.880432 0.474172 
vn 0 -0.926292 0.376807 
vn 7.99254e-17 -0.824374 0.566045 
vn 0 -0.880432 0.474172 
vn 1.02511e-16 -0.758767 0.651362 
vn 0 -0.824374 0.566045 
vn 1.2391e-16 -0.684371 0.729134 
vn 0 -0.758767 0.651362 
vn 0 -0.736807 0.676103 
vn 1.43873e-16 -0.602048 0.79846 
vn 0 -0.684371 0.729134 
vn 1.6217e-16 -0.512751 0.858537 
vn 0 -0.602048 0.79846 
vn 1.78589e-16 -0.417515 0.90867 
vn 0 -0.512751 0.858537 
vn 1.92938e-16 -0.317443 0.948277 
vn 0 -0.417515 0.90867 
vn 0 -0.386456 0.922308 
vn 2.05053e-16 -0.213694 0.976901 
vn 0 -0.317443 0.948277 
vn 2.14793e-16 -0.107469 0.994208 
vn 4.33681e-16 -0.213694 0.976901 
vn 2.22045e-16 9.65665e-14 1 
vn 4.33681e-16 -0.107469 0.994208 
vn 0.707107 4.11997e-14 0.707107 
vn 0.755828 -0.0721265 0.650785 
vn 0.732452 -0.0361118 0.67986 
vn 0.796426 -0.143478 0.587469 
vn 0.777172 -0.107947 0.61996 
vn 0.828464 -0.213287 0.517838 
vn 0.813539 -0.178622 0.553398 
vn 0.851597 -0.280804 0.442642 
vn 0.841161 -0.247378 0.480887 
vn 0.865577 -0.345302 0.362688 
vn 0.859743 -0.313474 0.403207 
vn 0.870254 -0.406089 0.278836 
vn 0.869084 -0.376202 0.321194 
vn 0.869084 -0.434885 0.235728 
vn 0.865573 -0.462535 0.191949 
vn 0.865577 -0.462512 0.191987 
vn 0.859743 -0.488895 0.147729 
vn 0.860212 -0.487146 0.150745 
vn 0.857575 -0.496443 0.134568 
vn 0.854291 -0.50656 0.116549 
vn 0.862278 -0.478826 0.164929 
vn 0.851597 -0.513963 0.103074 
vn 0.851597 -0.513963 0.103074 
vn 0.841161 -0.53765 0.0581421 
vn 0.8399 -0.54012 0.0532831 
vn 0.833449 -0.551791 0.029834 
vn 0.850287 -0.517329 0.0968631 
vn 0.845505 -0.528574 0.0757032 
vn 0.828464 -0.559891 0.0130533 
vn 0.828464 -0.55989 0.0130537 
vn 0.813539 -0.580626 -0.0320698 
vn 0.809172 -0.585911 -0.0441339 
vn 0.799639 -0.596495 -0.0690807 
vn 0.818041 -0.574842 -0.0191436 
vn 0.826153 -0.563419 0.00560416 
vn 0.796426 -0.5998 -0.0771067 
vn 0.796426 -0.5998 -0.0771071 
vn 0.755828 -0.633263 -0.166439 
vn 0.777172 -0.617361 -0.121937 
vn 0.768442 -0.624257 -0.14071 
vn 0.763129 -0.62818 -0.151737 
vn 0.773793 -0.620101 -0.129306 
vn 0.779102 -0.615755 -0.117667 
vn 0.784392 -0.611188 -0.105727 
vn 0.789563 -0.606475 -0.093691 
vn 0.757796 -0.631926 -0.162525 
vn 0.755828 -0.633263 -0.166439 
vn 0.728369 -0.649656 -0.217773 
vn 0.707107 -0.659919 -0.253982 
vn 0.737505 -0.644635 -0.201325 
vn 0.732844 -0.647247 -0.20979 
vn 0.742378 -0.641789 -0.192307 
vn 0.7474 -0.638725 -0.182822 
vn 0.707107 -0.659919 -0.253982 
vn 0.732452 -0.647461 -0.210494 
vn 0.707107 5.3668e-15 0.707107 
vn 2.22045e-16 -2.10846e-16 1 
vn 2.15026e-16 -0.104528 0.994522 
vn 2.05651e-16 -0.207912 0.978148 
vn 1.94023e-16 -0.309017 0.951057 
vn 1.80269e-16 -0.406737 0.913545 
vn 1.64541e-16 -0.5 0.866025 
vn 1.47009e-16 -0.587785 0.809017 
vn 1.27867e-16 -0.669131 0.743145 
vn 1.07324e-16 -0.743145 0.669131 
vn 8.56051e-17 -0.809017 0.587785 
vn 6.29482e-17 -0.866025 0.5 
vn 3.96017e-17 -0.913545 0.406737 
vn 1.58213e-17 -0.951057 0.309017 
vn -8.13243e-18 -0.978148 0.207912 
vn -3.19971e-17 -0.994522 0.104528 
vn -5.55112e-17 -1 -2.83277e-16 
vn 0.707107 0 0.707107 
vn 0.707107 -0.0739128 0.703233 
vn 0.707107 -0.147016 0.691655 
vn 0.707107 -0.218508 0.672499 
vn 0.707107 -0.287606 0.645974 
vn 0.707107 -0.353553 0.612372 
vn 0.707107 -0.415627 0.572061 
vn 0.707107 -0.473147 0.525483 
vn 0.707107 -0.525483 0.473147 
vn 0.707107 -0.572061 0.415627 
vn 0.707107 -0.612372 0.353553 
vn 0.707107 -0.645974 0.287606 
vn 0.707107 -0.672499 0.218508 
vn 0.707107 -0.691655 0.147016 
vn 0.707107 -0.703233 0.0739128 
vn 0.707107 -0.707107 9.81308e-17 
vn 0.707107 0 0.707107 
vn -5.55112e-17 -1 -3.74631e-16 
vn 0.707107 -0.707107 -4.21914e-16 
vn -7.8417e-17 -0.994522 -0.104528 
vn -5.55112e-17 -1 -2.83277e-16 
vn -1.00464e-16 -0.978148 -0.207912 
vn -7.8417e-17 -0.994522 -0.104528 
vn -1.2141e-16 -0.951057 -0.309017 
vn -1.00464e-16 -0.978148 -0.207912 
vn -1.41026e-16 -0.913545 -0.406737 
vn -1.2141e-16 -0.951057 -0.309017 
vn -1.59096e-16 -0.866025 -0.5 
vn -1.41026e-16 -0.913545 -0.406737 
vn -1.75424e-16 -0.809017 -0.587785 
vn -1.59096e-16 -0.866025 -0.5 
vn -1.8983e-16 -0.743145 -0.669131 
vn -1.75424e-16 -0.809017 -0.587785 
vn -2.02156e-16 -0.669131 -0.743145 
vn -1.8983e-16 -0.743145 -0.669131 
vn -2.12266e-16 -0.587785 -0.809017 
vn -2.02156e-16 -0.669131 -0.743145 
vn -2.20052e-16 -0.5 -0.866025 
vn -2.12266e-16 -0.587785 -0.809017 
vn -2.25426e-16 -0.406737 -0.913545 
vn -2.20052e-16 -0.5 -0.866025 
vn -2.28331e-16 -0.309017 -0.951057 
vn -2.25426e-16 -0.406737 -0.913545 
vn -2.28734e-16 -0.207912 -0.978148 
vn -2.28331e-16 -0.309017 -0.951057 
vn -2.26631e-16 -0.104528 -0.994522 
vn -2.28734e-16 -0.207912 -0.978148 
vn -2.22045e-16 0 -1 
vn -2.26631e-16 -0.104528 -0.994522 
vn 0.707107 -0.707107 4.32978e-17 
vn 0.707107 -0.703233 -0.0739128 
vn 0.707107 -0.691655 -0.147016 
vn 0.707107 -0.672499 -0.218508 
vn 0.707107 -0.645974 -0.287606 
vn 0.707107 -0.612372 -0.353553 
vn 0.707107 -0.572061 -0.415627 
vn 0.707107 -0.525483 -0.473147 
vn 0.707107 -0.473147 -0.525483 
vn 0.707107 -0.415627 -0.572061 
vn 0.707107 -0.353553 -0.612372 
vn 0.707107 -0.287606 -0.645974 
vn 0.707107 -0.218508 -0.672499 
vn 0.707107 -0.147016 -0.691655 
vn 0.707107 -0.0739128 -0.703233 
vn 0.707107 -9.81308e-17 -0.707107 
vn 0.707107 -0.707107 4.32978e-17 
vn -2.22045e-16 4.61799e-16 -1 
vn 0.707107 2.87289e-16 -0.707107 
vn -2.2648e-16 -0.099924 -0.994995 
vn -2.28649e-16 -0.198848 -0.98003 
vn -2.28529e-16 -0.295781 -0.955256 
vn -2.26121e-16 -0.389754 -0.920919 
vn -2.2145e-16 -0.479825 -0.877364 
vn -2.14562e-16 -0.565093 -0.825027 
vn -2.05526e-16 -0.644705 -0.764432 
vn 0.729687 -0.681338 0.0577569 
vn 0.707107 -0.691576 0.147387 
vn 0.706753 -0.70126 0.0934589 
vn 0.72458 -0.688824 -0.0224907 
vn 0.733412 -0.676704 -0.0646481 
vn 0.738243 -0.668223 -0.0920638 
vn 0.745957 -0.665207 -0.032373 
vn 0.748027 -0.641808 -0.168933 
vn 0.755775 -0.643324 -0.122223 
vn 0.751883 -0.615 -0.237587 
vn 0.759057 -0.615877 -0.211016 
vn 0.752129 -0.605147 -0.260958 
vn 0.750623 -0.581993 -0.312807 
vn 0.755775 -0.583103 -0.297984 
vn 0.750368 -0.57996 -0.317165 
vn 0.741707 -0.539535 -0.398463 
vn 0.745957 -0.545287 -0.382375 
vn 0.728745 -0.502462 -0.465255 
vn 0.729687 -0.502755 -0.463459 
vn 0.726072 -0.49599 -0.47625 
vn 0.707107 -0.455875 -0.540535 
vn 0.729587 -0.494383 -0.472534 
vn 0.734358 -0.503614 -0.455073 
vn 0.707107 -0.455875 -0.540535 
vn 0.744867 -0.526149 -0.410294 
vn 0.752854 -0.546139 -0.367345 
vn 0.755791 -0.55465 -0.348056 
vn 0.76302 -0.580646 -0.283992 
vn 0.765431 -0.593629 -0.248436 
vn 0.763591 -0.583299 -0.27693 
vn 0.767108 -0.613276 -0.188249 
vn 0.765915 -0.630289 -0.126927 
vn 0.761855 -0.644571 -0.0640741 
vn 0.759678 -0.649006 -0.0410009 
vn 0.763609 -0.639943 -0.0858714 
vn 0.751838 -0.658959 0.0226352 
vn 0.741266 -0.665552 0.0869804 
vn 0.707987 -0.679224 0.193414 
vn 0.707107 -0.679642 0.19516 
vn 0.734355 -0.6676 0.122608 
vn 0.727898 -0.668551 0.152325 
vn 0.707093 -0.691092 0.149705 
vn 0.707107 -0.705693 0.0446991 
vn 0.707107 8.65956e-17 -0.707107 
vn 0.707107 -0.0706569 -0.703568 
vn 0.707107 -0.140607 -0.692986 
vn 0.707107 -0.209149 -0.675468 
vn 0.707107 -0.275597 -0.651188 
vn 0.707107 -0.339287 -0.62039 
vn 0.707107 -0.399581 -0.583382 
vn 0.707107 -0.455875 -0.540535 
vn 0.707107 -3.92523e-17 -0.707107 
vn -2.15026e-16 0.104528 -0.994522 
vn -2.22045e-16 2.44929e-16 -1 
vn -2.05651e-16 0.207912 -0.978148 
vn -2.15026e-16 0.104528 -0.994522 
vn -1.94023e-16 0.309017 -0.951057 
vn -2.05651e-16 0.207912 -0.978148 
vn -1.80269e-16 0.406737 -0.913545 
vn -1.94023e-16 0.309017 -0.951057 
vn -1.64541e-16 0.5 -0.866025 
vn -1.80269e-16 0.406737 -0.913545 
vn -1.47009e-16 0.587785 -0.809017 
vn -1.64541e-16 0.5 -0.866025 
vn -1.27867e-16 0.669131 -0.743145 
vn -1.47009e-16 0.587785 -0.809017 
vn -1.07324e-16 0.743145 -0.669131 
vn -1.27867e-16 0.669131 -0.743145 
vn -8.56051e-17 0.809017 -0.587785 
vn -1.07324e-16 0.743145 -0.669131 
vn -6.29482e-17 0.866025 -0.5 
vn -8.56051e-17 0.809017 -0.587785 
vn -3.96017e-17 0.913545 -0.406737 
vn -6.29482e-17 0.866025 -0.5 
vn -1.58213e-17 0.951057 -0.309017 
vn -3.96017e-17 0.913545 -0.406737 
vn 8.13243e-18 0.978148 -0.207912 
vn -1.58213e-17 0.951057 -0.309017 
vn 3.19971e-17 0.994522 -0.104528 
vn 8.13243e-18 0.978148 -0.207912 
vn 5.55112e-17 1 1.83697e-16 
vn 3.19971e-17 0.994522 -0.104528 
vn 0.707107 -8.65956e-17 -0.707107 
vn 0.707107 0.0739128 -0.703233 
vn 0.707107 0.147016 -0.691655 
vn 0.707107 0.218508 -0.672499 
vn 0.707107 0.287606 -0.645974 
vn 0.707107 0.353553 -0.612372 
vn 0.707107 0.415627 -0.572061 
vn 0.707107 0.473147 -0.525483 
vn 0.707107 0.525483 -0.473147 
vn 0.707107 0.572061 -0.415627 
vn 0.707107 0.612372 -0.353553 
vn 0.707107 0.645974 -0.287606 
vn 0.707107 0.672499 -0.218508 
vn 0.707107 0.691655 -0.147016 
vn 0.707107 0.703233 -0.0739128 
vn 0.707107 0.707107 -9.81308e-17 
vn 0.707107 -8.65956e-17 -0.707107 
vn 5.55112e-17 1 3.74631e-16 
vn 0.707107 0.707107 1.07895e-16 
vn 7.8417e-17 0.994522 0.104528 
vn 5.55112e-17 1 1.83697e-16 
vn 1.00464e-16 0.978148 0.207912 
vn 7.8417e-17 0.994522 0.104528 
vn 1.2141e-16 0.951057 0.309017 
vn 1.00464e-16 0.978148 0.207912 
vn 1.41026e-16 0.913545 0.406737 
vn 1.2141e-16 0.951057 0.309017 
vn 1.59096e-16 0.866025 0.5 
vn 1.41026e-16 0.913545 0.406737 
vn 1.75424e-16 0.809017 0.587785 
vn 1.59096e-16 0.866025 0.5 
vn 1.8983e-16 0.743145 0.669131 
vn 1.75424e-16 0.809017 0.587785 
vn 2.02156e-16 0.669131 0.743145 
vn 1.8983e-16 0.743145 0.669131 
vn 2.12266e-16 0.587785 0.809017 
vn 2.02156e-16 0.669131 0.743145 
vn 2.20052e-16 0.5 0.866025 
vn 2.12266e-16 0.587785 0.809017 
vn 2.25426e-16 0.406737 0.913545 
vn 2.20052e-16 0.5 0.866025 
vn 2.28331e-16 0.309017 0.951057 
vn 2.25426e-16 0.406737 0.913545 
vn 2.28734e-16 0.207912 0.978148 
vn 2.28331e-16 0.309017 0.951057 
vn 2.26631e-16 0.104528 0.994522 
vn 2.28734e-16 0.207912 0.978148 
vn 2.22045e-16 -1.22465e-16 1 
vn 2.26631e-16 0.104528 0.994522 
vn 0.707107 0.707107 -1.29893e-16 
vn 0.707107 0.703233 0.0739128 
vn 0.707107 0.691655 0.147016 
vn 0.707107 0.672499 0.218508 
vn 0.707107 0.645974 0.287606 
vn 0.707107 0.612372 0.353553 
vn 0.707107 0.572061 0.415627 
vn 0.707107 0.525483 0.473147 
vn 0.707107 0.473147 0.525483 
vn 0.707107 0.415627 0.572061 
vn 0.707107 0.353553 0.612372 
vn 0.707107 0.287606 0.645974 
vn 0.707107 0.218508 0.672499 
vn 0.707107 0.147016 0.691655 
vn 0.707107 0.0739128 0.703233 
vn 0.707107 9.81308e-17 0.707107 
vn 0.707107 0.707107 -1.29893e-16 
vn 2.22045e-16 -3.07866e-16 1 
vn 0.707107 -2.56946e-16 0.707107 
vn 1 -5.55112e-17 -2.22045e-16 
vn 0.707107 0.0706569 0.703568 
vn 0.707107 0.140607 0.692986 
vn 0.707107 0.209149 0.675468 
vn 0.707107 0.275597 0.651188 
vn 0.707107 0.339287 0.62039 
vn 0.707107 0.399581 0.583382 
vn 0.707107 0.455875 0.540535 
vn 0.724579 0.688824 0.0224922 
vn 0.729687 0.681338 -0.0577569 
vn 0.706753 0.70126 -0.0934589 
vn 0.707107 0.691576 -0.147387 
vn 0.707107 0.705693 -0.0446991 
vn 0.711296 0.702253 -0.0299804 
vn 0.735416 0.673395 0.075516 
vn 0.738244 0.668223 0.092052 
vn 0.745957 0.665207 0.032373 
vn 0.747548 0.643683 0.163844 
vn 0.755775 0.643324 0.122223 
vn 0.748935 0.637834 0.179625 
vn 0.75188 0.615 0.237595 
vn 0.759057 0.615877 0.211016 
vn 0.75206 0.600878 0.270836 
vn 0.750623 0.581993 0.312807 
vn 0.755775 0.583103 0.297984 
vn 0.750302 0.579457 0.31824 
vn 0.74162 0.539234 0.399031 
vn 0.745957 0.545287 0.382375 
vn 0.728745 0.502462 0.465255 
vn 0.729687 0.502755 0.463459 
vn 0.726063 0.49597 0.476283 
vn 0.707107 0.455875 0.540535 
vn 0.729587 0.494383 0.472534 
vn 0.734358 0.503614 0.455073 
vn 0.707107 0.455875 0.540535 
vn 0.744867 0.526149 0.410294 
vn 0.752854 0.546139 0.367345 
vn 0.755791 0.55465 0.348056 
vn 0.76302 0.580646 0.283992 
vn 0.765431 0.593629 0.248436 
vn 0.763591 0.583299 0.27693 
vn 0.767108 0.613276 0.188249 
vn 0.765915 0.630289 0.126927 
vn 0.761855 0.644571 0.0640741 
vn 0.759678 0.649006 0.0410009 
vn 0.763609 0.639943 0.0858714 
vn 0.751838 0.658959 -0.0226352 
vn 0.741266 0.665552 -0.0869804 
vn 0.707987 0.679224 -0.193414 
vn 0.707107 0.679642 -0.19516 
vn 0.734355 0.6676 -0.122608 
vn 0.727898 0.668551 -0.152325 
vn 0.707093 0.691092 -0.149705 
vn 2.22045e-16 -1.78184e-48 1 
vn 2.2648e-16 0.099924 0.994995 
vn 2.28649e-16 0.198848 0.98003 
vn 2.28529e-16 0.295781 0.955256 
vn 2.26121e-16 0.389754 0.920919 
vn 2.2145e-16 0.479825 0.877364 
vn 2.14562e-16 0.565093 0.825027 
vn 2.05526e-16 0.644705 0.764432 
vn 0.707107 0.455875 0.540535 
vn 1 -5.55112e-17 -2.22045e-16 
vn 9.77468e-48 1.14546e-15 -1 
vn -9.77468e-48 -1.14546e-15 1 
vn -5.55112e-17 -1 -1.14546e-15 
vn 0.707107 -0.59609 0.380363 
vn 0.707107 -0.586743 0.39463 
vn 0.707107 -0.554402 0.438906 
vn 0.707107 -0.596075 0.380387 
vn 0.707107 -0.631176 0.318774 
vn 0.707107 -0.596834 0.379195 
vn 0.707107 -0.629677 0.321724 
vn 0.707107 -0.659919 0.253982 
vn 0.707107 -0.652016 0.273632 
vn 0.707107 -0.659678 0.254609 
vn 0.707107 -0.674905 0.210957 
vn 0.707107 -0.674625 0.211852 
vn 0.707107 -0.677031 0.204032 
vn 0.707107 -0.67212 0.219671 
vn 0.707107 -0.677495 0.202487 
vn 0.707107 -0.677483 0.202525 
vn 0.707107 -0.689445 0.157053 
vn 0.707107 -0.691059 0.149792 
vn 0.707107 -0.691084 0.149675 
vn 0.707107 -0.681567 0.188326 
vn 0.707107 -0.683701 0.180424 
vn 0.707107 -0.685709 0.172637 
vn 0.707107 -0.687635 0.164798 
vn 0.707107 -0.679572 0.195401 
vn 0.707107 -0.70033 0.0976643 
vn 0.707107 -0.700529 0.0962257 
vn 0.707107 -0.701014 0.0926277 
vn 0.707107 -0.691576 0.147387 
vn 0.707107 -0.698201 0.111869 
vn 0.707107 -0.697001 0.119119 
vn 0.707107 -0.69277 0.141667 
vn 0.707107 -0.694292 0.134008 
vn 0.707107 -0.695686 0.126572 
vn 0.707107 -0.701561 0.0883883 
vn 0.707107 -0.705228 0.0515148 
vn 0.707107 -0.705233 0.0514372 
vn 0.707107 -0.702092 0.0840685 
vn 0.707107 -0.705693 0.0446991 
vn 0.707107 -0.679642 0.19516 
vn 0.707107 -0.555015 0.43813 
vn 0.707107 -0.54683 0.448305 
vn -2.05526e-16 -0.644705 -0.764432 
vn -1 5.55112e-17 7.70372e-32 
vn -2.0545e-16 -0.64528 -0.763946 
vn -2.05526e-16 -0.644705 -0.764432 
vn 1 -5.55112e-17 -2.22045e-16 
vn 0 -2.51525e-48 1 
vn 0 2.51525e-48 -1 
vn 5.55112e-17 1 2.51525e-48 
vn 0.707107 0.59609 -0.380363 
vn 0.707107 0.586743 -0.39463 
vn 0.707107 0.554402 -0.438906 
vn 0.707107 0.596075 -0.380387 
vn 0.707107 0.631176 -0.318774 
vn 0.707107 0.596834 -0.379195 
vn 0.707107 0.629677 -0.321724 
vn 0.707107 0.659919 -0.253982 
vn 0.707107 0.652016 -0.273632 
vn 0.707107 0.659678 -0.254609 
vn 0.707107 0.674905 -0.210957 
vn 0.707107 0.67055 -0.224417 
vn 0.707107 0.673192 -0.216363 
vn 0.707107 0.67573 -0.208301 
vn 0.707107 0.677495 -0.202487 
vn 0.707107 0.677483 -0.202525 
vn 0.707107 0.688814 -0.159799 
vn 0.707107 0.691059 -0.149792 
vn 0.707107 0.691084 -0.149675 
vn 0.707107 0.686907 -0.167807 
vn 0.707107 0.680513 -0.1921 
vn 0.707107 0.682762 -0.183946 
vn 0.707107 0.684878 -0.175903 
vn 0.707107 0.700244 -0.0982766 
vn 0.707107 0.700528 -0.0962316 
vn 0.707107 0.701014 -0.0926277 
vn 0.707107 0.691576 -0.147387 
vn 0.707107 0.698017 -0.113016 
vn 0.707107 0.696758 -0.120534 
vn 0.707107 0.692301 -0.143944 
vn 0.707107 0.693913 -0.135958 
vn 0.707107 0.695378 -0.128254 
vn 0.707107 0.701561 -0.0883883 
vn 0.707107 0.705233 -0.0514372 
vn 0.707107 0.705693 -0.0446991 
vn 0.707107 0.705228 -0.0515174 
vn 0.707107 0.702081 -0.0841529 
vn 0.707107 0.679642 -0.19516 
vn 0.707107 0.555015 -0.43813 
vn 0.707107 0.54683 -0.448305 
vn 2.05526e-16 0.644705 0.764432 
vn -1 5.55112e-17 0 
vn 2.03817e-16 0.657371 0.753567 
vn 2.03894e-16 0.656809 0.754057 
usemtl 0.262745_0.282353_0.301961_0.000000_0.000000
o mesh0
f 59//1 1//1 2//1 
f 2//1 3//1 59//1 
f 3//1 4//1 59//1 
f 4//1 5//1 59//1 
f 5//1 6//1 59//1 
f 6//1 7//1 59//1 
f 7//1 8//1 59//1 
f 8//1 9//1 59//1 
f 9//1 10//1 59//1 
f 10//1 11//1 59//1 
f 11//1 12//1 59//1 
f 12//1 13//1 59//1 
f 13//1 14//1 59//1 
f 14//1 15//1 59//1 
f 15//1 16//1 59//1 
f 16//1 17//1 59//1 
f 17//1 18//1 59//1 
f 18//1 19//1 59//1 
f 19//1 20//1 59//1 
f 20//1 21//1 59//1 
f 21//1 22//1 59//1 
f 22//1 23//1 59//1 
f 23//1 24//1 59//1 
f 24//1 25//1 59//1 
f 25//1 26//1 59//1 
f 26//1 27//1 59//1 
f 27//1 28//1 59//1 
f 28//1 29//1 59//1 
f 29//1 30//1 59//1 
f 30//1 31//1 59//1 
f 31//1 32//1 59//1 
f 32//1 33//1 59//1 
f 33//1 34//1 59//1 
f 34//1 35//1 59//1 
f 35//1 36//1 59//1 
f 36//1 37//1 59//1 
f 37//1 38//1 59//1 
f 38//1 39//1 59//1 
f 39//1 40//1 59//1 
f 40//1 41//1 59//1 
f 41//1 42//1 59//1 
f 42//1 43//1 59//1 
f 43//1 44//1 59//1 
f 44//1 45//1 59//1 
f 45//1 46//1 59//1 
f 46//1 47//1 59//1 
f 47//1 48//1 59//1 
f 48//1 49//1 59//1 
f 49//1 50//1 59//1 
f 50//1 51//1 59//1 
f 51//1 52//1 59//1 
f 52//1 53//1 59//1 
f 53//1 54//1 59//1 
f 54//1 55//1 59//1 
f 55//1 56//1 59//1 
f 56//1 57//1 59//1 
f 57//1 58//1 59//1 
f 58//1 1//1 59//1 
o mesh1
f 60//2 61//3 58//3 
f 62//4 60//2 57//5 
f 63//6 62//4 56//7 
f 64//8 63//6 55//9 
f 65//10 64//8 54//11 
f 66//12 65//10 53//13 
f 67//14 66//12 52//15 
f 68//16 67//14 51//17 
f 69//18 68//16 50//19 
f 70//20 69//18 49//21 
f 71//22 70//20 48//23 
f 72//24 71//22 47//25 
f 73//26 72//24 46//27 
f 74//28 73//26 45//29 
f 75//30 74//28 44//31 
f 76//32 75//30 43//33 
f 77//34 76//32 42//35 
f 78//36 77//34 41//37 
f 79//38 78//36 40//39 
f 80//40 79//38 39//41 
f 81//42 80//40 38//43 
f 82//44 81//42 37//45 
f 83//46 82//44 36//47 
f 84//48 83//46 35//49 
f 85//50 84//48 34//51 
f 86//52 85//50 33//53 
f 87//54 86//52 32//55 
f 88//56 87//54 31//57 
f 89//58 88//56 30//59 
f 90//60 89//58 29//61 
f 91//62 90//60 28//63 
f 92//64 91//62 27//65 
f 93//66 92//64 26//67 
f 94//68 93//66 25//69 
f 95//70 94//68 24//71 
f 96//72 95//70 23//73 
f 97//74 96//72 22//75 
f 98//76 97//74 21//77 
f 99//78 98//76 20//79 
f 100//80 99//78 19//81 
f 101//82 100//80 18//83 
f 102//84 101//82 17//85 
f 103//86 102//84 16//87 
f 104//88 103//86 15//89 
f 105//90 104//88 14//91 
f 106//92 105//90 13//93 
f 107//94 106//92 12//95 
f 108//96 107//94 11//97 
f 109//98 108//96 10//99 
f 110//100 109//98 9//101 
f 111//102 110//100 8//103 
f 112//104 111//102 7//105 
f 113//106 112//104 6//107 
f 114//108 113//106 5//109 
f 115//110 114//108 4//111 
f 116//112 115//110 3//113 
f 117//114 116//112 2//115 
f 61//3 117//114 1//114 
f 1//114 58//3 61//3 
f 2//115 1//114 117//114 
f 3//113 2//115 116//112 
f 4//111 3//113 115//110 
f 5//109 4//111 114//108 
f 6//107 5//109 113//106 
f 7//105 6//107 112//104 
f 8//103 7//105 111//102 
f 9//101 8//103 110//100 
f 10//99 9//101 109//98 
f 11//97 10//99 108//96 
f 12//95 11//97 107//94 
f 13//93 12//95 106//92 
f 14//91 13//93 105//90 
f 15//89 14//91 104//88 
f 16//87 15//89 103//86 
f 17//85 16//87 102//84 
f 18//83 17//85 101//82 
f 19//81 18//83 100//80 
f 20//79 19//81 99//78 
f 21//77 20//79 98//76 
f 22//75 21//77 97//74 
f 23//73 22//75 96//72 
f 24//71 23//73 95//70 
f 25//69 24//71 94//68 
f 26//67 25//69 93//66 
f 27//65 26//67 92//64 
f 28//63 27//65 91//62 
f 29//61 28//63 90//60 
f 30//59 29//61 89//58 
f 31//57 30//59 88//56 
f 32//55 31//57 87//54 
f 33//53 32//55 86//52 
f 34//51 33//53 85//50 
f 35//49 34//51 84//48 
f 36//47 35//49 83//46 
f 37//45 36//47 82//44 
f 38//43 37//45 81//42 
f 39//41 38//43 80//40 
f 40//39 39//41 79//38 
f 41//37 40//39 78//36 
f 42//35 41//37 77//34 
f 43//33 42//35 76//32 
f 44//31 43//33 75//30 
f 45//29 44//31 74//28 
f 46//27 45//29 73//26 
f 47//25 46//27 72//24 
f 48//23 47//25 71//22 
f 49//21 48//23 70//20 
f 50//19 49//21 69//18 
f 51//17 50//19 68//16 
f 52//15 51//17 67//14 
f 53//13 52//15 66//12 
f 54//11 53//13 65//10 
f 55//9 54//11 64//8 
f 56//7 55//9 63//6 
f 57//5 56//7 62//4 
f 58//3 57//5 60//2 
o mesh2
f 111//116 118//116 119//116 
f 111//116 120//116 118//116 
f 119//116 121//116 111//116 
f 111//116 112//116 122//116 
f 123//116 109//116 110//116 
f 124//116 108//116 109//116 
f 125//116 126//116 75//116 
f 126//116 127//116 74//116 
f 127//116 128//116 73//116 
f 128//116 129//116 72//116 
f 111//116 130//116 120//116 
f 122//116 131//116 111//116 
f 132//116 133//116 110//116 
f 109//116 123//116 124//116 
f 134//116 104//116 105//116 
f 135//116 103//116 104//116 
f 136//116 137//116 88//116 
f 137//116 138//116 87//116 
f 139//116 140//116 77//116 
f 140//116 125//116 76//116 
f 74//116 75//116 126//116 
f 72//116 73//116 128//116 
f 129//116 141//116 71//116 
f 141//116 142//116 70//116 
f 143//116 68//116 69//116 
f 67//116 144//116 145//116 
f 67//116 146//116 147//116 
f 122//116 117//116 61//116 
f 131//116 130//116 111//116 
f 110//116 133//116 123//116 
f 148//116 107//116 108//116 
f 104//116 134//116 135//116 
f 149//116 102//116 103//116 
f 87//116 88//116 137//116 
f 138//116 150//116 86//116 
f 150//116 151//116 85//116 
f 151//116 152//116 84//116 
f 76//116 77//116 140//116 
f 73//116 74//116 127//116 
f 70//116 71//116 141//116 
f 69//116 142//116 143//116 
f 67//116 153//116 154//116 
f 147//116 144//116 67//116 
f 122//116 116//116 117//116 
f 122//116 113//116 114//116 
f 121//116 132//116 111//116 
f 108//116 124//116 148//116 
f 155//116 106//116 107//116 
f 156//116 105//116 106//116 
f 103//116 135//116 149//116 
f 157//116 158//116 95//116 
f 158//116 159//116 94//116 
f 86//116 87//116 138//116 
f 84//116 85//116 151//116 
f 152//116 160//116 83//116 
f 160//116 161//116 82//116 
f 161//116 162//116 81//116 
f 162//116 163//116 80//116 
f 163//116 164//116 79//116 
f 164//116 139//116 78//116 
f 75//116 76//116 125//116 
f 69//116 70//116 142//116 
f 145//116 153//116 67//116 
f 122//116 115//116 116//116 
f 112//116 113//116 122//116 
f 107//116 148//116 155//116 
f 105//116 156//116 134//116 
f 165//116 166//116 100//116 
f 166//116 167//116 99//116 
f 167//116 168//116 98//116 
f 168//116 169//116 97//116 
f 169//116 157//116 96//116 
f 94//116 95//116 158//116 
f 159//116 170//116 93//116 
f 170//116 171//116 92//116 
f 171//116 172//116 91//116 
f 85//116 86//116 150//116 
f 82//116 83//116 160//116 
f 80//116 81//116 162//116 
f 78//116 79//116 164//116 
f 71//116 72//116 129//116 
f 146//116 67//116 68//116 
f 67//116 173//116 174//116 
f 154//116 175//116 67//116 
f 174//116 64//116 65//116 
f 174//116 62//116 63//116 
f 114//116 115//116 122//116 
f 106//116 155//116 156//116 
f 176//116 101//116 102//116 
f 101//116 176//116 165//116 
f 98//116 99//116 167//116 
f 96//116 97//116 169//116 
f 93//116 94//116 159//116 
f 91//116 92//116 171//116 
f 172//116 177//116 90//116 
f 177//116 136//116 89//116 
f 83//116 84//116 152//116 
f 79//116 80//116 163//116 
f 68//116 143//116 146//116 
f 175//116 173//116 67//116 
f 63//116 64//116 174//116 
f 174//116 61//116 60//116 
f 110//116 111//116 132//116 
f 100//116 101//116 165//116 
f 97//116 98//116 168//116 
f 92//116 93//116 170//116 
f 89//116 90//116 177//116 
f 81//116 82//116 161//116 
f 174//116 66//116 67//116 
f 60//116 62//116 174//116 
f 102//116 149//116 176//116 
f 95//116 96//116 157//116 
f 88//116 89//116 136//116 
f 65//116 66//116 174//116 
f 99//116 100//116 166//116 
f 77//116 78//116 139//116 
f 90//116 91//116 172//116 
f 61//116 174//116 122//116 
o mesh3
f 122//117 174//117 178//117 
f 178//117 179//117 122//117 
o mesh4
f 180//118 147//118 146//119 
f 181//119 146//119 143//120 
f 182//120 143//120 142//121 
f 183//121 142//121 141//122 
f 184//122 141//122 129//123 
f 185//123 129//123 128//124 
f 186//124 128//124 127//125 
f 187//125 127//125 126//126 
f 188//126 126//126 125//127 
f 189//127 125//127 140//128 
f 190//128 140//128 139//129 
f 191//129 139//129 164//130 
f 192//130 164//130 163//131 
f 193//131 163//131 162//132 
f 194//132 162//132 161//133 
f 195//133 161//133 160//134 
f 196//134 160//134 152//135 
f 197//135 152//135 151//136 
f 198//136 151//136 150//137 
f 199//137 150//137 138//138 
f 200//138 138//138 137//139 
f 201//139 137//139 136//140 
f 202//140 136//140 177//141 
f 203//141 177//141 172//142 
f 204//142 172//142 171//143 
f 205//143 171//143 170//144 
f 206//144 170//144 159//145 
f 207//145 159//145 158//146 
f 208//146 158//146 157//147 
f 209//147 157//147 169//148 
f 210//148 169//148 168//149 
f 211//149 168//149 167//150 
f 212//150 167//150 166//151 
f 213//151 166//151 165//152 
f 214//152 165//152 176//153 
f 215//153 176//153 149//154 
f 216//154 149//154 135//155 
f 217//155 135//155 134//156 
f 218//156 134//156 156//157 
f 219//157 156//157 155//158 
f 220//158 155//158 148//159 
f 221//159 148//159 124//160 
f 222//160 124//160 123//161 
f 223//161 123//161 133//162 
f 224//162 133//162 132//163 
f 132//163 225//163 224//162 
f 133//162 224//162 223//161 
f 123//161 223//161 222//160 
f 124//160 222//160 221//159 
f 148//159 221//159 220//158 
f 155//158 220//158 219//157 
f 156//157 219//157 218//156 
f 134//156 218//156 217//155 
f 135//155 217//155 216//154 
f 149//154 216//154 215//153 
f 176//153 215//153 214//152 
f 165//152 214//152 213//151 
f 166//151 213//151 212//150 
f 167//150 212//150 211//149 
f 168//149 211//149 210//148 
f 169//148 210//148 209//147 
f 157//147 209//147 208//146 
f 158//146 208//146 207//145 
f 159//145 207//145 206//144 
f 170//144 206//144 205//143 
f 171//143 205//143 204//142 
f 172//142 204//142 203//141 
f 177//141 203//141 202//140 
f 136//140 202//140 201//139 
f 137//139 201//139 200//138 
f 138//138 200//138 199//137 
f 150//137 199//137 198//136 
f 151//136 198//136 197//135 
f 152//135 197//135 196//134 
f 160//134 196//134 195//133 
f 161//133 195//133 194//132 
f 162//132 194//132 193//131 
f 163//131 193//131 192//130 
f 164//130 192//130 191//129 
f 139//129 191//129 190//128 
f 140//128 190//128 189//127 
f 125//127 189//127 188//126 
f 126//126 188//126 187//125 
f 127//125 187//125 186//124 
f 128//124 186//124 185//123 
f 129//123 185//123 184//122 
f 141//122 184//122 183//121 
f 142//121 183//121 182//120 
f 143//120 182//120 181//119 
f 146//119 181//119 180//118 
o mesh5
f 178//164 174//164 173//165 
f 226//165 173//165 175//166 
f 227//166 175//166 154//167 
f 228//167 154//167 153//168 
f 229//168 153//168 145//169 
f 230//169 145//169 144//170 
f 231//170 144//170 147//171 
f 147//171 180//171 231//170 
f 144//170 231//170 230//169 
f 145//169 230//169 229//168 
f 153//168 229//168 228//167 
f 154//167 228//167 227//166 
f 175//166 227//166 226//165 
f 173//165 226//165 178//164 
o mesh6
f 225//172 132//172 121//173 
f 232//173 121//173 119//174 
f 233//174 119//174 118//175 
f 234//175 118//175 120//176 
f 235//176 120//176 130//177 
f 236//177 130//177 131//178 
f 237//178 131//178 122//179 
f 122//179 179//179 237//178 
f 131//178 237//178 236//177 
f 130//177 236//177 235//176 
f 120//176 235//176 234//175 
f 118//175 234//175 233//174 
f 119//174 233//174 232//173 
f 121//173 232//173 225//172 
o mesh7
f 238//180 239//180 179//180 
f 179//180 178//180 238//180 
o mesh8
f 179//180 239//180 240//181 
f 236//182 237//181 241//183 
f 237//181 240//181 241//183 
f 236//182 242//182 243//184 
f 235//184 243//184 244//185 
f 234//185 244//185 245//186 
f 233//186 245//186 246//187 
f 232//187 246//187 247//188 
f 247//188 225//188 232//187 
f 246//187 232//187 233//186 
f 245//186 233//186 234//185 
f 244//185 234//185 235//184 
f 243//184 235//184 236//182 
f 241//183 242//182 236//182 
f 240//181 237//181 179//180 
o mesh9
f 180//189 248//189 249//190 
f 231//190 249//190 250//191 
f 230//191 250//191 251//192 
f 229//192 251//192 252//193 
f 228//193 252//193 253//194 
f 227//194 253//194 254//195 
f 254//195 226//196 227//194 
f 226//196 255//196 238//197 
f 238//197 178//197 226//196 
f 254//195 255//196 226//196 
f 253//194 227//194 228//193 
f 252//193 228//193 229//192 
f 251//192 229//192 230//191 
f 250//191 230//191 231//190 
f 249//190 231//190 180//189 
o mesh10
f 225//198 247//198 256//199 
f 224//199 256//199 257//200 
f 223//200 257//200 258//201 
f 222//201 258//201 259//202 
f 221//202 259//202 260//203 
f 220//203 260//203 261//204 
f 219//204 261//204 262//205 
f 218//205 262//205 263//206 
f 217//206 263//206 264//207 
f 216//207 264//207 265//208 
f 215//208 265//208 266//209 
f 214//209 266//209 267//210 
f 213//210 267//210 268//211 
f 212//211 268//211 269//212 
f 211//212 269//212 270//213 
f 210//213 270//213 271//214 
f 209//214 271//214 272//215 
f 208//215 272//215 273//216 
f 207//216 273//216 274//217 
f 206//217 274//217 275//218 
f 205//218 275//218 276//219 
f 204//219 276//219 277//220 
f 203//220 277//220 278//221 
f 202//221 278//221 279//222 
f 201//222 279//222 280//223 
f 200//223 280//223 281//224 
f 199//224 281//224 282//225 
f 198//225 282//225 283//226 
f 197//226 283//226 284//227 
f 196//227 284//227 285//228 
f 195//228 285//228 286//229 
f 194//229 286//229 287//230 
f 193//230 287//230 288//231 
f 192//231 288//231 289//232 
f 191//232 289//232 290//233 
f 190//233 290//233 291//234 
f 189//234 291//234 292//235 
f 188//235 292//235 293//236 
f 187//236 293//236 294//237 
f 186//237 294//237 295//238 
f 185//238 295//238 296//239 
f 184//239 296//239 297//240 
f 183//240 297//240 298//241 
f 182//241 298//241 299//242 
f 181//242 299//242 248//243 
f 248//243 180//243 181//242 
f 299//242 181//242 182//241 
f 298//241 182//241 183//240 
f 297//240 183//240 184//239 
f 296//239 184//239 185//238 
f 295//238 185//238 186//237 
f 294//237 186//237 187//236 
f 293//236 187//236 188//235 
f 292//235 188//235 189//234 
f 291//234 189//234 190//233 
f 290//233 190//233 191//232 
f 289//232 191//232 192//231 
f 288//231 192//231 193//230 
f 287//230 193//230 194//229 
f 286//229 194//229 195//228 
f 285//228 195//228 196//227 
f 284//227 196//227 197//226 
f 283//226 197//226 198//225 
f 282//225 198//225 199//224 
f 281//224 199//224 200//223 
f 280//223 200//223 201//222 
f 279//222 201//222 202//221 
f 278//221 202//221 203//220 
f 277//220 203//220 204//219 
f 276//219 204//219 205//218 
f 275//218 205//218 206//217 
f 274//217 206//217 207//216 
f 273//216 207//216 208//215 
f 272//215 208//215 209//214 
f 271//214 209//214 210//213 
f 270//213 210//213 211//212 
f 269//212 211//212 212//211 
f 268//211 212//211 213//210 
f 267//210 213//210 214//209 
f 266//209 214//209 215//208 
f 265//208 215//208 216//207 
f 264//207 216//207 217//206 
f 263//206 217//206 218//205 
f 262//205 218//205 219//204 
f 261//204 219//204 220//203 
f 260//203 220//203 221//202 
f 259//202 221//202 222//201 
f 258//201 222//201 223//200 
f 257//200 223//200 224//199 
f 256//199 224//199 225//198 
o mesh11
f 289//244 300//244 301//244 
f 288//244 302//244 300//244 
f 287//244 303//244 302//244 
f 286//244 304//244 303//244 
f 284//244 305//244 306//244 
f 283//244 307//244 305//244 
f 291//244 308//244 309//244 
f 290//244 301//244 308//244 
f 300//244 289//244 288//244 
f 303//244 287//244 286//244 
f 305//244 284//244 283//244 
f 282//244 310//244 307//244 
f 308//244 291//244 290//244 
f 302//244 288//244 287//244 
f 285//244 306//244 304//244 
f 307//244 283//244 282//244 
f 278//244 311//244 312//244 
f 277//244 276//244 313//244 
f 276//244 275//244 314//244 
f 301//244 290//244 289//244 
f 306//244 285//244 284//244 
f 281//244 315//244 310//244 
f 280//244 316//244 315//244 
f 279//244 312//244 316//244 
f 312//244 279//244 278//244 
f 314//244 313//244 276//244 
f 275//244 274//244 317//244 
f 318//244 252//244 251//244 
f 304//244 286//244 285//244 
f 315//244 281//244 280//244 
f 278//244 277//244 311//244 
f 317//244 314//244 275//244 
f 274//244 273//244 319//244 
f 273//244 272//244 320//244 
f 318//244 250//244 249//244 
f 318//244 253//244 252//244 
f 310//244 282//244 281//244 
f 313//244 311//244 277//244 
f 320//244 319//244 273//244 
f 272//244 271//244 321//244 
f 251//244 250//244 318//244 
f 298//244 322//244 323//244 
f 297//244 324//244 322//244 
f 316//244 280//244 279//244 
f 321//244 320//244 272//244 
f 325//244 245//244 244//244 
f 318//244 254//244 253//244 
f 299//244 323//244 318//244 
f 322//244 298//244 297//244 
f 296//244 326//244 324//244 
f 319//244 317//244 274//244 
f 271//244 270//244 327//244 
f 270//244 269//244 328//244 
f 269//244 268//244 329//244 
f 267//244 266//244 330//244 
f 266//244 265//244 331//244 
f 263//244 262//244 332//244 
f 244//244 243//244 325//244 
f 325//244 247//244 246//244 
f 318//244 248//244 299//244 
f 324//244 297//244 296//244 
f 295//244 333//244 326//244 
f 294//244 334//244 333//244 
f 293//244 335//244 334//244 
f 292//244 309//244 335//244 
f 327//244 321//244 271//244 
f 329//244 328//244 269//244 
f 268//244 267//244 336//244 
f 331//244 330//244 266//244 
f 332//244 337//244 263//244 
f 262//244 261//244 338//244 
f 246//244 245//244 325//244 
f 323//244 299//244 298//244 
f 333//244 295//244 294//244 
f 335//244 293//244 292//244 
f 328//244 327//244 270//244 
f 330//244 336//244 267//244 
f 265//244 264//244 339//244 
f 264//244 263//244 340//244 
f 338//244 332//244 262//244 
f 260//244 259//244 341//244 
f 259//244 258//244 342//244 
f 258//244 257//244 343//244 
f 257//244 256//244 344//244 
f 256//244 247//244 325//244 
f 243//244 242//244 325//244 
f 326//244 296//244 295//244 
f 309//244 292//244 291//244 
f 339//244 331//244 265//244 
f 337//244 340//244 263//244 
f 261//244 260//244 345//244 
f 342//244 341//244 259//244 
f 344//244 343//244 257//244 
f 242//244 241//244 325//244 
f 334//244 294//244 293//244 
f 340//244 339//244 264//244 
f 341//244 345//244 260//244 
f 325//244 344//244 256//244 
f 336//244 329//244 268//244 
f 343//244 342//244 258//244 
f 345//244 338//244 261//244 
f 249//244 248//244 318//244 
o mesh12
f 346//245 347//245 348//245 
f 346//245 349//245 350//245 
f 346//245 351//245 352//245 
f 346//245 353//245 354//245 
f 350//245 347//245 346//245 
f 354//245 351//245 346//245 
f 239//245 238//245 355//245 
f 352//245 349//245 346//245 
f 238//245 356//245 353//245 
f 238//245 346//245 355//245 
f 353//245 346//245 238//245 
f 348//245 357//245 346//245 
f 358//245 240//245 239//245 
f 355//245 358//245 239//245 
f 358//245 241//245 240//245 
f 238//245 255//245 356//245 
f 255//245 254//245 356//245 
o mesh13
f 359//246 337//246 332//247 
f 360//247 332//247 338//248 
f 361//248 338//248 345//249 
f 362//249 345//249 341//250 
f 363//250 341//250 342//251 
f 364//251 342//251 343//252 
f 365//252 343//252 344//253 
f 366//253 344//253 325//254 
f 367//254 325//254 241//255 
f 241//255 368//256 367//254 
f 368//256 358//256 355//257 
f 369//257 355//257 346//258 
f 370//258 346//258 357//259 
f 371//259 357//259 348//260 
f 372//260 348//260 347//261 
f 373//261 347//261 350//262 
f 374//262 350//262 349//263 
f 375//263 349//263 352//264 
f 376//264 352//264 351//265 
f 377//265 351//265 354//266 
f 378//266 354//266 353//267 
f 379//267 353//267 356//268 
f 380//269 381//268 254//270 
f 381//268 356//268 254//270 
f 380//269 318//269 323//271 
f 382//271 323//271 322//272 
f 383//272 322//272 324//273 
f 384//273 324//273 326//274 
f 385//274 326//274 333//275 
f 386//275 333//275 334//276 
f 387//276 334//276 335//277 
f 335//277 309//278 388//279 
f 309//278 389//278 388//279 
f 389//278 309//278 308//280 
f 390//280 308//280 301//281 
f 391//281 301//281 300//282 
f 392//282 300//282 302//283 
f 393//283 302//283 303//284 
f 394//284 303//284 304//285 
f 395//285 304//285 306//286 
f 396//286 306//286 305//287 
f 397//287 305//287 307//288 
f 398//288 307//288 310//289 
f 399//289 310//289 315//290 
f 400//290 315//290 316//291 
f 401//291 316//291 312//292 
f 402//292 312//292 311//293 
f 403//293 311//293 313//294 
f 404//294 313//294 314//295 
f 405//295 314//295 317//296 
f 406//296 317//296 319//297 
f 407//297 319//297 320//298 
f 408//298 320//298 321//299 
f 409//299 321//299 327//300 
f 410//300 327//300 328//301 
f 411//301 328//301 329//302 
f 412//302 329//302 336//303 
f 413//303 336//303 330//304 
f 414//304 330//304 331//305 
f 415//305 331//305 339//306 
f 416//306 339//306 340//307 
f 417//307 340//307 337//246 
f 337//246 359//246 417//307 
f 340//307 417//307 416//306 
f 339//306 416//306 415//305 
f 331//305 415//305 414//304 
f 330//304 414//304 413//303 
f 336//303 413//303 412//302 
f 329//302 412//302 411//301 
f 328//301 411//301 410//300 
f 327//300 410//300 409//299 
f 321//299 409//299 408//298 
f 320//298 408//298 407//297 
f 319//297 407//297 406//296 
f 317//296 406//296 405//295 
f 314//295 405//295 404//294 
f 313//294 404//294 403//293 
f 311//293 403//293 402//292 
f 312//292 402//292 401//291 
f 316//291 401//291 400//290 
f 315//290 400//290 399//289 
f 310//289 399//289 398//288 
f 307//288 398//288 397//287 
f 305//287 397//287 396//286 
f 306//286 396//286 395//285 
f 304//285 395//285 394//284 
f 303//284 394//284 393//283 
f 302//283 393//283 392//282 
f 300//282 392//282 391//281 
f 301//281 391//281 390//280 
f 308//280 390//280 389//278 
f 388//279 418//308 335//277 
f 335//277 418//308 387//276 
f 334//276 387//276 386//275 
f 333//275 386//275 385//274 
f 326//274 385//274 384//273 
f 324//273 384//273 383//272 
f 322//272 383//272 382//271 
f 323//271 382//271 380//269 
f 254//270 318//269 380//269 
f 356//268 381//268 379//267 
f 353//267 379//267 378//266 
f 354//266 378//266 377//265 
f 351//265 377//265 376//264 
f 352//264 376//264 375//263 
f 349//263 375//263 374//262 
f 350//262 374//262 373//261 
f 347//261 373//261 372//260 
f 348//260 372//260 371//259 
f 357//259 371//259 370//258 
f 346//258 370//258 369//257 
f 355//257 369//257 368//256 
f 241//255 358//256 368//256 
f 325//254 367//254 366//253 
f 344//253 366//253 365//252 
f 343//252 365//252 364//251 
f 342//251 364//251 363//250 
f 341//250 363//250 362//249 
f 345//249 362//249 361//248 
f 338//248 361//248 360//247 
f 332//247 360//247 359//246 
o mesh14
f 374//309 419//309 420//310 
f 373//310 420//310 421//311 
f 372//311 421//311 422//312 
f 371//312 422//312 423//313 
f 370//313 423//313 424//314 
f 369//314 424//314 425//315 
f 368//315 425//315 426//316 
f 367//316 426//316 427//317 
f 366//317 427//317 428//318 
f 365//318 428//318 429//319 
f 364//319 429//319 430//320 
f 363//320 430//320 431//321 
f 362//321 431//321 432//322 
f 361//322 432//322 433//323 
f 433//323 434//324 359//325 
f 434//324 417//324 359//325 
f 417//324 434//324 435//326 
f 416//326 435//326 436//327 
f 415//327 436//327 437//328 
f 414//328 437//328 438//329 
f 413//329 438//329 439//330 
f 412//330 439//330 440//331 
f 411//331 440//331 441//332 
f 410//332 441//332 442//333 
f 409//333 442//333 443//334 
f 408//334 443//334 444//335 
f 407//335 444//335 445//336 
f 406//336 445//336 446//337 
f 405//337 446//337 447//338 
f 404//338 447//338 448//339 
f 403//339 448//339 449//340 
f 402//340 449//340 450//341 
f 401//341 450//341 451//342 
f 400//342 451//342 452//343 
f 399//343 452//343 453//344 
f 398//344 453//344 454//345 
f 397//345 454//345 455//346 
f 396//346 455//346 456//347 
f 395//347 456//347 457//348 
f 394//348 457//348 458//349 
f 393//349 458//349 459//350 
f 392//350 459//350 460//351 
f 391//351 460//351 461//352 
f 390//352 461//352 462//353 
f 463//354 464//355 418//355 
f 463//354 388//354 389//356 
f 389//356 462//353 463//354 
f 418//355 464//355 465//357 
f 387//357 465//357 466//358 
f 386//358 466//358 467//359 
f 385//359 467//359 468//360 
f 384//360 468//360 469//361 
f 383//361 469//361 470//362 
f 382//362 470//362 471//363 
f 380//363 471//363 472//364 
f 381//364 472//364 473//365 
f 379//365 473//365 474//366 
f 378//366 474//366 475//367 
f 377//367 475//367 476//368 
f 376//368 476//368 477//369 
f 375//369 477//369 419//309 
f 419//309 374//309 375//369 
f 477//369 375//369 376//368 
f 476//368 376//368 377//367 
f 475//367 377//367 378//366 
f 474//366 378//366 379//365 
f 473//365 379//365 381//364 
f 472//364 381//364 380//363 
f 471//363 380//363 382//362 
f 470//362 382//362 383//361 
f 469//361 383//361 384//360 
f 468//360 384//360 385//359 
f 467//359 385//359 386//358 
f 466//358 386//358 387//357 
f 465//357 387//357 418//355 
f 418//355 388//354 463//354 
f 462//353 389//356 390//352 
f 461//352 390//352 391//351 
f 460//351 391//351 392//350 
f 459//350 392//350 393//349 
f 458//349 393//349 394//348 
f 457//348 394//348 395//347 
f 456//347 395//347 396//346 
f 455//346 396//346 397//345 
f 454//345 397//345 398//344 
f 453//344 398//344 399//343 
f 452//343 399//343 400//342 
f 451//342 400//342 401//341 
f 450//341 401//341 402//340 
f 449//340 402//340 403//339 
f 448//339 403//339 404//338 
f 447//338 404//338 405//337 
f 446//337 405//337 406//336 
f 445//336 406//336 407//335 
f 444//335 407//335 408//334 
f 443//334 408//334 409//333 
f 442//333 409//333 410//332 
f 441//332 410//332 411//331 
f 440//331 411//331 412//330 
f 439//330 412//330 413//329 
f 438//329 413//329 414//328 
f 437//328 414//328 415//327 
f 436//327 415//327 416//326 
f 435//326 416//326 417//324 
f 359//325 360//370 433//323 
f 433//323 360//370 361//322 
f 432//322 361//322 362//321 
f 431//321 362//321 363//320 
f 430//320 363//320 364//319 
f 429//319 364//319 365//318 
f 428//318 365//318 366//317 
f 427//317 366//317 367//316 
f 426//316 367//316 368//315 
f 425//315 368//315 369//314 
f 424//314 369//314 370//313 
f 423//313 370//313 371//312 
f 422//312 371//312 372//311 
f 421//311 372//311 373//310 
f 420//310 373//310 374//309 
o mesh15
f 463//371 478//371 479//372 
f 464//372 479//372 480//373 
f 465//373 480//373 481//374 
f 466//374 481//374 482//375 
f 467//375 482//375 483//376 
f 469//377 468//376 484//378 
f 468//376 483//376 484//378 
f 469//377 485//377 486//379 
f 470//379 486//379 487//380 
f 471//380 487//380 488//381 
f 472//381 488//381 489//382 
f 474//383 473//382 490//384 
f 473//382 489//382 490//384 
f 474//383 491//383 492//385 
f 475//385 492//385 493//386 
f 476//386 493//386 494//387 
f 477//387 494//387 495//388 
f 419//388 495//388 496//389 
f 420//389 496//389 497//390 
f 421//390 497//390 498//391 
f 422//391 498//391 499//392 
f 423//392 499//392 500//393 
f 500//393 424//394 423//392 
f 424//394 501//394 502//395 
f 425//395 502//395 503//396 
f 426//396 503//396 504//397 
f 427//397 504//397 505//398 
f 428//398 505//398 506//399 
f 506//399 429//400 428//398 
f 429//400 507//400 508//401 
f 430//401 508//401 509//402 
f 431//402 509//402 510//403 
f 432//403 510//403 511//404 
f 433//404 511//404 512//405 
f 434//405 512//405 513//406 
f 435//406 513//406 514//407 
f 436//407 514//407 515//408 
f 437//408 515//408 516//409 
f 439//410 438//409 517//411 
f 438//409 516//409 517//411 
f 439//410 518//410 519//412 
f 440//412 519//412 520//413 
f 441//413 520//413 521//414 
f 442//414 521//414 522//415 
f 444//416 443//415 523//417 
f 443//415 522//415 523//417 
f 444//416 524//416 525//418 
f 445//418 525//418 526//419 
f 446//419 526//419 527//420 
f 447//420 527//420 528//421 
f 448//421 528//421 529//422 
f 449//422 529//422 530//423 
f 450//423 530//423 531//424 
f 451//424 531//424 532//425 
f 452//425 532//425 533//426 
f 533//426 453//427 452//425 
f 453//427 534//427 535//428 
f 454//428 535//428 536//429 
f 455//429 536//429 537//430 
f 456//430 537//430 538//431 
f 457//431 538//431 539//432 
f 539//432 458//433 457//431 
f 458//433 540//433 541//434 
f 459//434 541//434 542//435 
f 460//435 542//435 543//436 
f 461//436 543//436 544//437 
f 462//437 544//437 478//371 
f 478//371 463//371 462//437 
f 544//437 462//437 461//436 
f 543//436 461//436 460//435 
f 542//435 460//435 459//434 
f 541//434 459//434 458//433 
f 539//432 540//433 458//433 
f 538//431 457//431 456//430 
f 537//430 456//430 455//429 
f 536//429 455//429 454//428 
f 535//428 454//428 453//427 
f 533//426 534//427 453//427 
f 532//425 452//425 451//424 
f 531//424 451//424 450//423 
f 530//423 450//423 449//422 
f 529//422 449//422 448//421 
f 528//421 448//421 447//420 
f 527//420 447//420 446//419 
f 526//419 446//419 445//418 
f 525//418 445//418 444//416 
f 523//417 524//416 444//416 
f 522//415 443//415 442//414 
f 521//414 442//414 441//413 
f 520//413 441//413 440//412 
f 519//412 440//412 439//410 
f 517//411 518//410 439//410 
f 516//409 438//409 437//408 
f 515//408 437//408 436//407 
f 514//407 436//407 435//406 
f 513//406 435//406 434//405 
f 512//405 434//405 433//404 
f 511//404 433//404 432//403 
f 510//403 432//403 431//402 
f 509//402 431//402 430//401 
f 508//401 430//401 429//400 
f 506//399 507//400 429//400 
f 505//398 428//398 427//397 
f 504//397 427//397 426//396 
f 503//396 426//396 425//395 
f 502//395 425//395 424//394 
f 500//393 501//394 424//394 
f 499//392 423//392 422//391 
f 498//391 422//391 421//390 
f 497//390 421//390 420//389 
f 496//389 420//389 419//388 
f 495//388 419//388 477//387 
f 494//387 477//387 476//386 
f 493//386 476//386 475//385 
f 492//385 475//385 474//383 
f 490//384 491//383 474//383 
f 489//382 473//382 472//381 
f 488//381 472//381 471//380 
f 487//380 471//380 470//379 
f 486//379 470//379 469//377 
f 484//378 485//377 469//377 
f 483//376 468//376 467//375 
f 482//375 467//375 466//374 
f 481//374 466//374 465//373 
f 480//373 465//373 464//372 
f 479//372 464//372 463//371 
o mesh16
f 484//438 542//438 541//438 
f 484//438 544//438 543//438 
f 482//438 481//438 480//438 
f 543//438 542//438 484//438 
f 479//438 483//438 482//438 
f 484//438 478//438 544//438 
f 480//438 479//438 482//438 
f 541//438 540//438 484//438 
f 478//438 484//438 483//438 
f 479//438 478//438 483//438 
f 540//438 539//438 484//438 
o mesh17
f 530//438 527//438 526//438 
f 526//438 525//438 530//438 
f 530//438 529//438 528//438 
f 528//438 527//438 530//438 
f 524//438 532//438 531//438 
f 531//438 530//438 524//438 
f 525//438 524//438 530//438 
f 523//438 533//438 532//438 
f 524//438 523//438 532//438 
o mesh18
f 534//439 545//439 546//439 
f 547//439 538//439 537//439 
f 548//439 539//439 538//439 
f 546//439 535//439 534//439 
f 535//439 546//439 549//439 
f 536//439 549//439 550//439 
f 538//439 547//439 548//439 
f 549//439 536//439 535//439 
f 537//439 550//439 547//439 
f 550//439 537//439 536//439 
f 534//439 533//439 545//439 
o mesh19
f 545//440 551//440 552//441 
f 546//441 552//441 553//442 
f 549//442 553//442 554//443 
f 550//443 554//443 555//444 
f 547//444 555//444 556//445 
f 556//445 548//445 547//444 
f 555//444 547//444 550//443 
f 554//443 550//443 549//442 
f 553//442 549//442 546//441 
f 552//441 546//441 545//440 
o mesh20
f 556//446 555//446 557//446 
f 555//446 554//446 558//446 
f 559//446 558//446 554//446 
f 560//446 559//446 553//446 
f 558//446 557//446 555//446 
f 553//446 552//446 560//446 
f 561//446 560//446 552//446 
f 554//446 553//446 559//446 
f 551//446 562//446 561//446 
f 552//446 551//446 561//446 
f 557//446 563//446 556//446 
o mesh21
f 507//446 511//446 510//446 
f 510//446 509//446 507//446 
f 507//446 513//446 512//446 
f 507//446 516//446 515//446 
f 512//446 511//446 507//446 
f 515//446 514//446 507//446 
f 514//446 513//446 507//446 
f 509//446 508//446 507//446 
f 506//446 517//446 516//446 
f 507//446 506//446 516//446 
o mesh22
f 564//447 565//447 518//447 
f 565//447 566//447 519//447 
f 520//447 519//447 566//447 
f 521//447 520//447 567//447 
f 519//447 518//447 565//447 
f 567//447 568//447 521//447 
f 522//447 521//447 568//447 
f 566//447 567//447 520//447 
f 569//447 523//447 522//447 
f 568//447 569//447 522//447 
f 518//447 517//447 564//447 
o mesh23
f 564//448 570//448 571//449 
f 565//449 571//449 572//450 
f 566//450 572//450 573//451 
f 567//451 573//451 574//452 
f 568//452 574//452 575//453 
f 575//453 569//453 568//452 
f 574//452 568//452 567//451 
f 573//451 567//451 566//450 
f 572//450 566//450 565//449 
f 571//449 565//449 564//448 
o mesh24
f 576//454 575//454 574//454 
f 577//454 574//454 573//454 
f 578//454 573//454 572//454 
f 574//454 577//454 576//454 
f 572//454 579//454 578//454 
f 571//454 580//454 579//454 
f 570//454 581//454 580//454 
f 573//454 578//454 577//454 
f 580//454 571//454 570//454 
f 579//454 572//454 571//454 
f 576//454 582//454 575//454 
o mesh25
f 533//455 562//455 551//455 
f 582//455 562//455 533//455 
f 533//455 523//455 582//455 
f 582//455 523//455 569//455 
f 569//455 575//455 582//455 
f 551//455 545//455 533//455 
o mesh26
f 583//456 584//456 585//456 
f 584//456 586//456 587//456 
f 584//456 583//456 588//456 
f 585//456 589//456 583//456 
f 588//456 586//456 584//456 
f 587//456 590//456 584//456 
f 589//456 591//456 583//456 
f 562//456 582//456 583//456 
f 591//456 562//456 583//456 
o mesh27
f 499//457 493//457 492//457 
f 499//457 496//457 495//457 
f 496//457 499//457 498//457 
f 499//457 494//457 493//457 
f 498//457 497//457 496//457 
f 495//457 494//457 499//457 
f 492//457 491//457 499//457 
f 490//457 500//457 499//457 
f 491//457 490//457 499//457 
o mesh28
f 501//456 592//456 593//456 
f 502//456 593//456 594//456 
f 503//456 594//456 595//456 
f 593//456 502//456 501//456 
f 595//456 504//456 503//456 
f 596//456 505//456 504//456 
f 597//456 506//456 505//456 
f 594//456 503//456 502//456 
f 505//456 596//456 597//456 
f 504//456 595//456 596//456 
f 501//456 500//456 592//456 
o mesh29
f 592//458 598//458 599//459 
f 593//459 599//459 600//460 
f 594//460 600//460 601//461 
f 595//461 601//461 602//462 
f 596//462 602//462 603//463 
f 603//463 597//463 596//462 
f 602//462 596//462 595//461 
f 601//461 595//461 594//460 
f 600//460 594//460 593//459 
f 599//459 593//459 592//458 
o mesh30
f 604//464 605//464 601//464 
f 606//464 604//464 600//464 
f 607//464 606//464 599//464 
f 603//464 602//464 608//464 
f 602//464 601//464 605//464 
f 600//464 599//464 606//464 
f 598//464 609//464 607//464 
f 605//464 608//464 602//464 
f 599//464 598//464 607//464 
f 601//464 600//464 604//464 
f 608//464 610//464 603//464 
o mesh31
f 517//465 581//465 570//465 
f 610//465 581//465 517//465 
f 517//465 506//465 610//465 
f 603//465 610//465 506//465 
f 506//465 597//465 603//465 
f 570//465 564//465 517//465 
o mesh32
f 581//466 611//466 612//466 
f 613//466 614//466 615//466 
f 581//466 616//466 611//466 
f 615//466 617//466 613//466 
f 581//466 618//466 616//466 
f 613//466 619//466 614//466 
f 612//466 620//466 581//466 
f 617//466 621//466 613//466 
f 581//466 610//466 618//466 
f 620//466 619//466 581//466 
f 613//466 581//466 619//466 
o mesh33
f 622//466 623//466 485//466 
f 623//466 624//466 486//466 
f 487//466 486//466 624//466 
f 488//466 487//466 625//466 
f 486//466 485//466 623//466 
f 625//466 626//466 488//466 
f 489//466 488//466 626//466 
f 624//466 625//466 487//466 
f 627//466 490//466 489//466 
f 626//466 627//466 489//466 
f 485//466 484//466 622//466 
o mesh34
f 622//467 628//467 629//468 
f 623//468 629//468 630//469 
f 624//469 630//469 631//470 
f 625//470 631//470 632//471 
f 626//471 632//471 633//472 
f 633//472 627//472 626//471 
f 632//471 626//471 625//470 
f 631//470 625//470 624//469 
f 630//469 624//469 623//468 
f 629//468 623//468 622//467 
o mesh35
f 634//473 633//473 632//473 
f 632//473 635//473 634//473 
f 635//473 632//473 631//473 
f 631//473 636//473 635//473 
f 636//473 631//473 630//473 
f 629//473 637//473 638//473 
f 628//473 639//473 637//473 
f 630//473 638//473 636//473 
f 637//473 629//473 628//473 
f 638//473 630//473 629//473 
f 634//473 640//473 633//473 
o mesh36
f 628//474 622//474 484//474 
f 539//474 563//474 639//474 
f 639//474 484//474 539//474 
f 556//474 563//474 539//474 
f 539//474 548//474 556//474 
f 484//474 639//474 628//474 
o mesh37
f 641//475 642//475 643//475 
f 641//475 644//475 645//475 
f 641//475 646//475 642//475 
f 647//475 648//475 649//475 
f 643//475 644//475 641//475 
f 647//475 650//475 648//475 
f 649//475 641//475 647//475 
f 647//475 563//475 650//475 
f 645//475 647//475 641//475 
f 647//475 639//475 563//475 
o mesh38
f 609//476 598//476 592//476 
f 640//476 609//476 500//476 
f 500//476 490//476 640//476 
f 633//476 640//476 490//476 
f 490//476 627//476 633//476 
f 592//476 500//476 609//476 
o mesh39
f 651//475 652//475 653//475 
f 651//475 654//475 655//475 
f 651//475 656//475 657//475 
f 655//475 652//475 651//475 
f 651//475 658//475 656//475 
f 657//475 654//475 651//475 
f 651//475 640//475 658//475 
f 653//475 659//475 651//475 
f 651//475 609//475 640//475 
o mesh40
f 660//477 619//477 620//478 
f 661//478 620//478 612//479 
f 662//479 612//479 611//480 
f 663//480 611//480 616//481 
f 664//481 616//481 618//482 
f 665//483 666//482 610//484 
f 666//482 618//482 610//484 
f 665//483 608//483 605//485 
f 667//485 605//485 604//486 
f 668//486 604//486 606//487 
f 669//487 606//487 607//488 
f 670//489 671//488 609//490 
f 671//488 607//488 609//490 
f 670//489 651//489 659//491 
f 672//491 659//491 653//492 
f 673//492 653//492 652//493 
f 674//493 652//493 655//494 
f 675//494 655//494 654//495 
f 676//495 654//495 657//496 
f 677//496 657//496 656//497 
f 678//497 656//497 658//498 
f 679//498 658//498 640//499 
f 640//499 680//500 679//498 
f 680//500 634//500 635//501 
f 681//501 635//501 636//502 
f 682//502 636//502 638//503 
f 683//503 638//503 637//504 
f 684//504 637//504 639//505 
f 639//505 685//506 684//504 
f 685//506 647//506 645//507 
f 686//507 645//507 644//508 
f 687//508 644//508 643//509 
f 688//509 643//509 642//510 
f 642//510 646//511 689//512 
f 646//511 690//511 689//512 
f 690//511 646//511 641//513 
f 691//513 641//513 649//514 
f 692//514 649//514 648//515 
f 693//515 648//515 650//516 
f 694//517 695//516 563//518 
f 695//516 650//516 563//518 
f 694//517 557//517 558//519 
f 696//519 558//519 559//520 
f 697//520 559//520 560//521 
f 698//521 560//521 561//522 
f 699//523 700//522 562//524 
f 700//522 561//522 562//524 
f 699//523 591//523 589//525 
f 701//525 589//525 585//526 
f 702//526 585//526 584//527 
f 703//527 584//527 590//528 
f 704//528 590//528 587//529 
f 705//529 587//529 586//530 
f 706//530 586//530 588//531 
f 707//531 588//531 583//532 
f 708//532 583//532 582//533 
f 582//533 709//534 708//532 
f 709//534 576//534 577//535 
f 710//535 577//535 578//536 
f 711//536 578//536 579//537 
f 712//537 579//537 580//538 
f 713//538 580//538 581//539 
f 581//539 714//540 713//538 
f 714//540 613//540 621//541 
f 715//541 621//541 617//542 
f 716//542 617//542 615//543 
f 717//543 615//543 614//544 
f 718//544 614//544 619//477 
f 619//477 660//477 718//544 
f 614//544 718//544 717//543 
f 615//543 717//543 716//542 
f 617//542 716//542 715//541 
f 621//541 715//541 714//540 
f 581//539 613//540 714//540 
f 580//538 713//538 712//537 
f 579//537 712//537 711//536 
f 578//536 711//536 710//535 
f 577//535 710//535 709//534 
f 582//533 576//534 709//534 
f 583//532 708//532 707//531 
f 588//531 707//531 706//530 
f 586//530 706//530 705//529 
f 587//529 705//529 704//528 
f 590//528 704//528 703//527 
f 584//527 703//527 702//526 
f 585//526 702//526 701//525 
f 589//525 701//525 699//523 
f 562//524 591//523 699//523 
f 561//522 700//522 698//521 
f 560//521 698//521 697//520 
f 559//520 697//520 696//519 
f 558//519 696//519 694//517 
f 563//518 557//517 694//517 
f 650//516 695//516 693//515 
f 648//515 693//515 692//514 
f 649//514 692//514 691//513 
f 641//513 691//513 690//511 
f 689//512 719//545 642//510 
f 642//510 719//545 688//509 
f 643//509 688//509 687//508 
f 644//508 687//508 686//507 
f 645//507 686//507 685//506 
f 639//505 647//506 685//506 
f 637//504 684//504 683//503 
f 638//503 683//503 682//502 
f 636//502 682//502 681//501 
f 635//501 681//501 680//500 
f 640//499 634//500 680//500 
f 658//498 679//498 678//497 
f 656//497 678//497 677//496 
f 657//496 677//496 676//495 
f 654//495 676//495 675//494 
f 655//494 675//494 674//493 
f 652//493 674//493 673//492 
f 653//492 673//492 672//491 
f 659//491 672//491 670//489 
f 609//490 651//489 670//489 
f 607//488 671//488 669//487 
f 606//487 669//487 668//486 
f 604//486 668//486 667//485 
f 605//485 667//485 665//483 
f 610//484 608//483 665//483 
f 618//482 666//482 664//481 
f 616//481 664//481 663//480 
f 611//480 663//480 662//479 
f 612//479 662//479 661//478 
f 620//478 661//478 660//477 
o mesh41
f 675//546 720//546 721//547 
f 674//547 721//547 722//548 
f 673//548 722//548 723//549 
f 672//549 723//549 724//550 
f 670//550 724//550 725//551 
f 671//551 725//551 726//552 
f 669//552 726//552 727//553 
f 668//553 727//553 728//554 
f 667//554 728//554 729//555 
f 665//555 729//555 730//556 
f 666//556 730//556 731//557 
f 664//557 731//557 732//558 
f 663//558 732//558 733//559 
f 662//559 733//559 734//560 
f 734//560 735//561 660//562 
f 735//561 718//561 660//562 
f 718//561 735//561 736//563 
f 717//563 736//563 737//564 
f 716//564 737//564 738//565 
f 715//565 738//565 739//566 
f 714//566 739//566 740//567 
f 713//567 740//567 741//568 
f 712//568 741//568 742//569 
f 711//569 742//569 743//570 
f 710//570 743//570 744//571 
f 709//571 744//571 745//572 
f 708//572 745//572 746//573 
f 707//573 746//573 747//574 
f 706//574 747//574 748//575 
f 705//575 748//575 749//576 
f 704//576 749//576 750//577 
f 703//577 750//577 751//578 
f 702//578 751//578 752//579 
f 701//579 752//579 753//580 
f 699//580 753//580 754//581 
f 700//581 754//581 755//582 
f 698//582 755//582 756//583 
f 697//583 756//583 757//584 
f 696//584 757//584 758//585 
f 694//585 758//585 759//586 
f 695//586 759//586 760//587 
f 693//587 760//587 761//588 
f 692//588 761//588 762//589 
f 691//589 762//589 763//590 
f 764//591 719//591 689//592 
f 689//592 763//590 764//591 
f 719//591 764//591 765//593 
f 688//593 765//593 766//594 
f 687//594 766//594 767//595 
f 686//595 767//595 768//596 
f 685//596 768//596 769//597 
f 684//597 769//597 770//598 
f 683//598 770//598 771//599 
f 682//599 771//599 772//600 
f 681//600 772//600 773//601 
f 680//601 773//601 774//602 
f 679//602 774//602 775//603 
f 678//603 775//603 776//604 
f 677//604 776//604 777//605 
f 676//605 777//605 720//546 
f 720//546 675//546 676//605 
f 777//605 676//605 677//604 
f 776//604 677//604 678//603 
f 775//603 678//603 679//602 
f 774//602 679//602 680//601 
f 773//601 680//601 681//600 
f 772//600 681//600 682//599 
f 771//599 682//599 683//598 
f 770//598 683//598 684//597 
f 769//597 684//597 685//596 
f 768//596 685//596 686//595 
f 767//595 686//595 687//594 
f 766//594 687//594 688//593 
f 765//593 688//593 719//591 
f 689//592 690//606 763//590 
f 763//590 690//606 691//589 
f 762//589 691//589 692//588 
f 761//588 692//588 693//587 
f 760//587 693//587 695//586 
f 759//586 695//586 694//585 
f 758//585 694//585 696//584 
f 757//584 696//584 697//583 
f 756//583 697//583 698//582 
f 755//582 698//582 700//581 
f 754//581 700//581 699//580 
f 753//580 699//580 701//579 
f 752//579 701//579 702//578 
f 751//578 702//578 703//577 
f 750//577 703//577 704//576 
f 749//576 704//576 705//575 
f 748//575 705//575 706//574 
f 747//574 706//574 707//573 
f 746//573 707//573 708//572 
f 745//572 708//572 709//571 
f 744//571 709//571 710//570 
f 743//570 710//570 711//569 
f 742//569 711//569 712//568 
f 741//568 712//568 713//567 
f 740//567 713//567 714//566 
f 739//566 714//566 715//565 
f 738//565 715//565 716//564 
f 737//564 716//564 717//563 
f 736//563 717//563 718//561 
f 660//562 661//607 734//560 
f 734//560 661//607 662//559 
f 733//559 662//559 663//558 
f 732//558 663//558 664//557 
f 731//557 664//557 666//556 
f 730//556 666//556 665//555 
f 729//555 665//555 667//554 
f 728//554 667//554 668//553 
f 727//553 668//553 669//552 
f 726//552 669//552 671//551 
f 725//551 671//551 670//550 
f 724//550 670//550 672//549 
f 723//549 672//549 673//548 
f 722//548 673//548 674//547 
f 721//547 674//547 675//546 
o mesh42
f 728//608 778//608 779//608 
f 757//608 756//608 780//608 
f 728//608 781//608 782//608 
f 779//608 783//608 728//608 
f 728//608 727//608 784//608 
f 728//608 785//608 786//608 
f 741//608 787//608 788//608 
f 757//608 789//608 790//608 
f 757//608 791//608 792//608 
f 780//608 793//608 757//608 
f 783//608 781//608 728//608 
f 784//608 794//608 728//608 
f 728//608 795//608 785//608 
f 731//608 796//608 797//608 
f 731//608 798//608 799//608 
f 800//608 801//608 735//608 
f 741//608 802//608 787//608 
f 790//608 803//608 757//608 
f 793//608 791//608 757//608 
f 757//608 804//608 805//608 
f 757//608 806//608 807//608 
f 784//608 723//608 722//608 
f 784//608 726//608 725//608 
f 794//608 778//608 728//608 
f 728//608 808//608 795//608 
f 728//608 809//608 810//608 
f 798//608 731//608 730//608 
f 799//608 796//608 731//608 
f 801//608 736//608 735//608 
f 741//608 811//608 812//608 
f 741//608 740//608 813//608 
f 741//608 814//608 802//608 
f 741//608 815//608 816//608 
f 792//608 789//608 757//608 
f 757//608 817//608 804//608 
f 807//608 818//608 757//608 
f 766//608 819//608 820//608 
f 766//608 821//608 822//608 
f 770//608 823//608 824//608 
f 722//608 721//608 784//608 
f 725//608 724//608 784//608 
f 782//608 809//608 728//608 
f 810//608 808//608 728//608 
f 797//608 732//608 731//608 
f 732//608 797//608 800//608 
f 735//608 734//608 800//608 
f 738//608 825//608 826//608 
f 738//608 737//608 827//608 
f 741//608 828//608 811//608 
f 813//608 829//608 741//608 
f 816//608 814//608 741//608 
f 741//608 830//608 831//608 
f 780//608 750//608 749//608 
f 780//608 752//608 751//608 
f 803//608 806//608 757//608 
f 818//608 817//608 757//608 
f 832//608 760//608 759//608 
f 761//608 833//608 834//608 
f 761//608 760//608 832//608 
f 835//608 764//608 763//608 
f 766//608 765//608 835//608 
f 822//608 819//608 766//608 
f 820//608 836//608 768//608 
f 770//608 769//608 836//608 
f 770//608 837//608 838//608 
f 770//608 839//608 840//608 
f 824//608 841//608 770//608 
f 724//608 723//608 784//608 
f 786//608 729//608 728//608 
f 730//608 786//608 798//608 
f 734//608 733//608 800//608 
f 737//608 736//608 801//608 
f 827//608 825//608 738//608 
f 842//608 813//608 739//608 
f 829//608 828//608 741//608 
f 831//608 815//608 741//608 
f 788//608 745//608 744//608 
f 788//608 747//608 746//608 
f 788//608 749//608 748//608 
f 751//608 750//608 780//608 
f 805//608 758//608 757//608 
f 759//608 805//608 832//608 
f 832//608 833//608 761//608 
f 761//608 843//608 844//608 
f 763//608 844//608 835//608 
f 820//608 767//608 766//608 
f 836//608 769//608 768//608 
f 836//608 845//608 770//608 
f 840//608 837//608 770//608 
f 770//608 846//608 823//608 
f 727//608 726//608 784//608 
f 800//608 733//608 732//608 
f 826//608 842//608 738//608 
f 813//608 740//608 739//608 
f 788//608 742//608 741//608 
f 746//608 745//608 788//608 
f 749//608 788//608 780//608 
f 759//608 758//608 805//608 
f 844//608 762//608 761//608 
f 835//608 765//608 764//608 
f 768//608 767//608 820//608 
f 770//608 847//608 848//608 
f 845//608 849//608 770//608 
f 841//608 839//608 770//608 
f 838//608 784//608 720//608 
f 730//608 729//608 786//608 
f 739//608 738//608 842//608 
f 788//608 743//608 742//608 
f 748//608 747//608 788//608 
f 834//608 843//608 761//608 
f 835//608 821//608 766//608 
f 849//608 847//608 770//608 
f 838//608 772//608 771//608 
f 838//608 776//608 775//608 
f 720//608 777//608 838//608 
f 801//608 827//608 737//608 
f 744//608 743//608 788//608 
f 780//608 755//608 754//608 
f 763//608 762//608 844//608 
f 838//608 771//608 770//608 
f 838//608 774//608 773//608 
f 777//608 776//608 838//608 
f 812//608 830//608 741//608 
f 754//608 753//608 780//608 
f 848//608 846//608 770//608 
f 775//608 774//608 838//608 
f 753//608 752//608 780//608 
f 773//608 772//608 838//608 
f 756//608 755//608 780//608 
f 721//608 720//608 784//608 
o mesh43
f 798//609 850//609 851//610 
f 799//610 851//610 852//611 
f 796//611 852//611 853//612 
f 797//612 853//612 854//613 
f 854//613 800//613 797//612 
f 853//612 797//612 796//611 
f 852//611 796//611 799//610 
f 851//610 799//610 798//609 
o mesh44
f 801//613 800//613 854//613 
f 854//613 855//613 801//613 
o mesh45
f 801//613 855//613 856//614 
f 827//614 856//614 857//615 
f 825//615 857//615 858//616 
f 826//616 858//616 859//617 
f 859//617 842//617 826//616 
f 858//616 826//616 825//615 
f 857//615 825//615 827//614 
f 856//614 827//614 801//613 
o mesh46
f 780//618 788//618 860//618 
f 860//618 861//618 780//618 
o mesh47
f 793//619 780//618 861//618 
f 861//618 862//620 793//619 
f 791//621 793//619 863//622 
f 863//622 864//623 791//621 
f 792//624 791//621 865//625 
f 865//625 866//626 792//624 
f 789//627 867//628 868//629 
f 789//627 792//624 869//630 
f 869//630 867//628 789//627 
f 790//631 789//627 870//632 
f 870//632 871//633 790//631 
f 803//634 790//631 872//635 
f 872//635 873//636 803//634 
f 806//637 803//634 874//638 
f 874//638 875//639 806//637 
f 807//640 806//637 876//641 
f 876//641 877//642 807//640 
f 818//643 807//640 878//644 
f 817//645 818//643 879//646 
f 879//646 880//647 817//645 
f 804//648 817//645 881//649 
f 881//649 882//650 804//648 
f 805//651 804//648 883//652 
f 883//652 884//653 805//651 
f 884//653 885//654 805//651 
f 882//650 883//652 804//648 
f 880//647 881//649 817//645 
f 878//644 879//646 818//643 
f 877//642 878//644 807//640 
f 875//639 876//641 806//637 
f 873//636 874//638 803//634 
f 871//633 872//635 790//631 
f 868//629 870//632 789//627 
f 866//626 869//630 792//624 
f 864//623 865//625 791//621 
f 862//620 863//622 793//619 
o mesh48
f 832//654 886//654 887//655 
f 833//655 887//655 888//656 
f 834//656 888//656 889//657 
f 843//657 889//657 890//658 
f 890//658 844//658 843//657 
f 889//657 843//657 834//656 
f 888//656 834//656 833//655 
f 887//655 833//655 832//654 
o mesh49
f 844//658 890//658 891//658 
f 891//658 835//658 844//658 
o mesh50
f 835//658 891//658 892//659 
f 821//659 892//659 893//660 
f 822//660 893//660 894//661 
f 819//661 894//661 895//662 
f 895//662 820//662 819//661 
f 894//661 819//661 822//660 
f 893//660 822//660 821//659 
f 892//659 821//659 835//658 
o mesh51
f 784//663 838//663 896//663 
f 896//663 897//663 784//663 
o mesh52
f 794//664 784//663 897//663 
f 897//663 898//665 794//664 
f 778//666 794//664 899//667 
f 899//667 900//668 778//666 
f 779//669 778//666 901//670 
f 901//670 902//671 779//669 
f 783//672 903//673 904//674 
f 783//672 779//669 905//675 
f 905//675 903//673 783//672 
f 781//676 783//672 906//677 
f 906//677 907//678 781//676 
f 782//679 781//676 908//680 
f 908//680 909//681 782//679 
f 809//682 782//679 910//683 
f 910//683 911//684 809//682 
f 810//685 809//682 912//686 
f 912//686 913//687 810//685 
f 808//688 810//685 914//689 
f 795//690 808//688 915//691 
f 915//691 916//692 795//690 
f 785//693 795//690 917//694 
f 917//694 918//695 785//693 
f 786//696 785//693 919//697 
f 919//697 920//698 786//696 
f 920//698 921//699 786//696 
f 918//695 919//697 785//693 
f 916//692 917//694 795//690 
f 914//689 915//691 808//688 
f 913//687 914//689 810//685 
f 911//684 912//686 809//682 
f 909//681 910//683 782//679 
f 907//678 908//680 781//676 
f 904//674 906//677 783//672 
f 902//671 905//675 779//669 
f 900//668 901//670 778//666 
f 898//665 899//667 794//664 
o mesh53
f 922//700 813//700 923//700 
f 842//700 859//700 923//700 
f 923//700 813//700 842//700 
f 923//700 924//700 922//700 
o mesh54
f 813//700 922//700 925//701 
f 829//701 925//701 926//702 
f 828//702 926//702 927//703 
f 811//703 928//704 929//705 
f 811//703 930//706 928//704 
f 811//703 927//703 931//707 
f 931//707 930//706 811//703 
f 830//708 932//709 933//710 
f 933//710 934//711 830//708 
f 812//712 929//705 932//709 
f 932//709 830//708 812//712 
f 830//708 935//713 936//714 
f 830//708 937//715 938//716 
f 830//708 939//717 940//718 
f 830//708 941//719 939//717 
f 940//718 937//715 830//708 
f 938//716 935//713 830//708 
f 831//720 942//721 943//722 
f 831//720 944//723 945//724 
f 945//724 942//721 831//720 
f 831//720 936//714 944//723 
f 815//725 946//726 947//727 
f 815//725 943//722 946//726 
f 816//727 948//728 949//729 
f 816//727 947//727 948//728 
f 814//729 950//730 951//731 
f 814//729 949//729 950//730 
f 802//731 952//732 953//733 
f 802//731 951//731 952//732 
f 787//733 954//734 860//735 
f 787//733 953//733 954//734 
f 860//735 788//735 787//733 
f 953//733 787//733 802//731 
f 951//731 802//731 814//729 
f 949//729 814//729 816//727 
f 947//727 816//727 815//725 
f 943//722 815//725 831//720 
f 936//714 831//720 830//708 
f 934//711 941//719 830//708 
f 929//705 812//712 811//703 
f 927//703 811//703 828//702 
f 926//702 828//702 829//701 
f 925//701 829//701 813//700 
o mesh55
f 955//736 860//736 954//736 
f 954//736 953//736 955//736 
f 953//736 952//736 955//736 
f 952//736 951//736 955//736 
f 951//736 950//736 955//736 
f 956//736 863//736 862//736 
f 950//736 949//736 955//736 
f 956//736 864//736 863//736 
f 949//736 948//736 955//736 
f 956//736 865//736 864//736 
f 948//736 947//736 955//736 
f 956//736 866//736 865//736 
f 947//736 946//736 955//736 
f 956//736 869//736 866//736 
f 860//736 957//736 958//736 
f 946//736 943//736 955//736 
f 956//736 867//736 869//736 
f 958//736 959//736 860//736 
f 943//736 942//736 955//736 
f 956//736 861//736 860//736 
f 956//736 868//736 867//736 
f 955//736 957//736 860//736 
f 862//736 861//736 956//736 
f 860//736 960//736 956//736 
f 959//736 960//736 860//736 
o mesh56
f 961//737 896//737 962//737 
f 962//737 963//737 961//737 
f 963//737 964//737 961//737 
f 964//737 965//737 961//737 
f 965//737 966//737 961//737 
f 967//737 899//737 898//737 
f 966//737 968//737 961//737 
f 967//737 900//737 899//737 
f 968//737 969//737 961//737 
f 967//737 901//737 900//737 
f 969//737 970//737 961//737 
f 967//737 902//737 901//737 
f 970//737 971//737 961//737 
f 967//737 905//737 902//737 
f 896//737 972//737 973//737 
f 971//737 974//737 961//737 
f 967//737 903//737 905//737 
f 973//737 975//737 896//737 
f 974//737 976//737 961//737 
f 967//737 897//737 896//737 
f 967//737 904//737 903//737 
f 961//737 972//737 896//737 
f 898//737 897//737 967//737 
f 896//737 977//737 967//737 
f 975//737 977//737 896//737 
o mesh57
f 836//738 978//738 979//739 
f 845//739 979//739 980//740 
f 849//740 980//740 981//741 
f 847//741 982//742 983//743 
f 847//741 984//744 982//742 
f 847//741 981//741 985//745 
f 985//745 984//744 847//741 
f 846//746 986//747 987//748 
f 987//748 988//749 846//746 
f 848//750 983//743 986//747 
f 986//747 846//746 848//750 
f 846//746 989//751 990//752 
f 846//746 991//753 992//754 
f 846//746 993//755 994//756 
f 846//746 995//757 993//755 
f 994//756 991//753 846//746 
f 992//754 989//751 846//746 
f 823//758 976//759 974//760 
f 823//758 996//761 997//762 
f 997//762 976//759 823//758 
f 823//758 990//752 996//761 
f 824//763 971//764 970//765 
f 824//763 974//760 971//764 
f 841//765 969//766 968//767 
f 841//765 970//765 969//766 
f 839//767 966//768 965//769 
f 839//767 968//767 966//768 
f 840//769 964//770 963//771 
f 840//769 965//769 964//770 
f 837//771 962//772 896//773 
f 837//771 963//771 962//772 
f 896//773 838//773 837//771 
f 963//771 837//771 840//769 
f 965//769 840//769 839//767 
f 968//767 839//767 841//765 
f 970//765 841//765 824//763 
f 974//760 824//763 823//758 
f 990//752 823//758 846//746 
f 988//749 995//757 846//746 
f 983//743 848//750 847//741 
f 981//741 847//741 849//740 
f 980//740 849//740 845//739 
f 979//739 845//739 836//738 
o mesh58
f 978//774 836//774 998//774 
f 820//774 895//774 998//774 
f 998//774 836//774 820//774 
f 998//774 999//774 978//774 
o mesh59
f 1000//775 1001//776 1002//777 
f 1002//777 921//778 1000//775 
f 921//778 920//779 1000//775 
f 1003//780 1004//781 920//779 
f 920//779 919//782 1003//780 
f 919//782 918//783 1003//780 
f 1005//784 1006//785 918//783 
f 918//783 917//786 1005//784 
f 917//786 916//787 1005//784 
f 1007//788 1005//784 916//787 
f 1008//789 1007//788 915//790 
f 915//790 914//791 1008//789 
f 914//791 913//792 1008//789 
f 1009//793 1008//789 913//792 
f 1010//794 1009//793 912//795 
f 912//795 911//794 1010//794 
f 1011//796 1010//794 911//794 
f 911//794 910//797 1011//796 
f 909//798 1012//798 1011//796 
f 908//799 1013//800 1012//798 
f 1012//798 909//798 908//799 
f 907//801 1014//801 1013//800 
f 906//802 1015//803 1014//801 
f 1014//801 907//801 906//802 
f 904//804 967//804 1015//803 
f 906//802 904//804 1015//803 
f 908//799 907//801 1013//800 
f 910//797 909//798 1011//796 
f 913//792 912//795 1009//793 
f 916//787 915//790 1007//788 
f 1006//785 1003//780 918//783 
f 1004//781 1000//775 920//779 
f 1001//776 1016//805 1002//777 
o mesh60
f 1017//806 1018//807 1019//808 
f 1019//808 885//809 1017//806 
f 885//809 884//810 1017//806 
f 1020//811 1021//812 884//810 
f 884//810 883//813 1020//811 
f 883//813 882//814 1020//811 
f 1022//815 1023//816 882//814 
f 882//814 881//817 1022//815 
f 881//817 880//818 1022//815 
f 1024//819 1022//815 880//818 
f 1025//820 1024//819 879//821 
f 879//821 878//822 1025//820 
f 878//822 877//823 1025//820 
f 1026//824 1025//820 877//823 
f 1027//825 1026//824 876//826 
f 876//826 875//825 1027//825 
f 1028//827 1027//825 875//825 
f 875//825 874//828 1028//827 
f 873//829 1029//829 1028//827 
f 872//830 1030//831 1029//829 
f 1029//829 873//829 872//830 
f 871//832 1031//832 1030//831 
f 870//833 1032//834 1031//832 
f 1031//832 871//832 870//833 
f 868//835 956//835 1032//834 
f 870//833 868//835 1032//834 
f 872//830 871//832 1030//831 
f 874//828 873//829 1028//827 
f 877//823 876//826 1026//824 
f 880//818 879//821 1024//819 
f 1023//816 1020//811 882//814 
f 1021//812 1017//806 884//810 
f 1018//807 1033//836 1019//808 
o mesh61
f 1066//837 1067//838 1034//839 
f 1034//839 1035//840 1066//837 
f 1068//841 1067//838 1066//837 
f 1069//842 1068//841 1070//843 
f 1071//844 1069//842 1072//845 
f 1073//846 1071//844 1074//847 
f 1075//848 1073//846 1076//849 
f 1077//850 1075//848 1078//851 
f 1079//852 1077//850 1080//853 
f 972//854 961//854 1079//852 
f 1066//837 1036//855 1037//856 
f 1037//856 1081//857 1066//837 
f 1070//843 1066//837 1081//857 
f 1072//845 1070//843 1082//858 
f 1074//847 1072//845 1083//859 
f 1076//849 1074//847 1084//860 
f 1078//851 1076//849 1085//861 
f 1080//853 1078//851 1086//862 
f 1087//863 1080//853 1088//864 
f 1087//863 1089//865 973//866 
f 1081//857 1038//867 1039//868 
f 1039//868 1090//869 1081//857 
f 1082//858 1081//857 1090//869 
f 1083//859 1082//858 1091//870 
f 1084//860 1083//859 1092//871 
f 1085//861 1084//860 1093//872 
f 1086//862 1085//861 1094//873 
f 1088//864 1086//862 1095//874 
f 1089//865 1088//864 1096//875 
f 975//876 973//866 1089//865 
f 1040//877 1041//878 1042//879 
f 1041//878 1040//877 1043//880 
f 1043//880 1040//877 1044//881 
f 1044//881 1045//882 1043//880 
f 1043//880 1046//883 1041//878 
f 1090//869 1047//884 1048//885 
f 1090//869 1042//879 1047//884 
f 1091//870 1049//886 1050//887 
f 1091//870 1051//888 1049//886 
f 1091//870 1048//885 1051//888 
f 1093//872 1092//871 1052//889 
f 1092//871 1050//887 1052//889 
f 1093//872 1053//890 1054//891 
f 1054//891 1094//873 1093//872 
f 1093//872 1055//892 1053//890 
f 1094//873 1056//893 1057//894 
f 1057//894 1095//874 1094//873 
f 1095//874 1058//895 1059//896 
f 1059//896 1096//875 1095//874 
f 1095//874 1060//897 1058//895 
f 1061//898 1097//899 1096//875 
f 1096//875 1062//900 1061//898 
f 975//876 1097//899 1063//901 
f 1063//901 1064//902 975//876 
f 961//854 997//903 996//904 
f 961//854 976//905 997//903 
f 1079//852 990//906 989//907 
f 1079//852 996//904 990//906 
f 1077//850 992//908 991//909 
f 1077//850 989//907 992//908 
f 1075//848 991//909 994//910 
f 1073//846 995//911 988//912 
f 1073//846 993//913 995//911 
f 1073//846 994//910 993//913 
f 1071//844 988//912 987//914 
f 1069//842 987//914 986//915 
f 1068//841 982//916 984//917 
f 1068//841 986//915 983//918 
f 983//918 982//916 1068//841 
f 1067//838 984//917 1065//919 
f 984//917 985//920 1065//919 
f 1065//919 1034//839 1067//838 
f 984//917 1067//838 1068//841 
f 986//915 1068//841 1069//842 
f 987//914 1069//842 1071//844 
f 988//912 1071//844 1073//846 
f 994//910 1073//846 1075//848 
f 991//909 1075//848 1077//850 
f 989//907 1077//850 1079//852 
f 996//904 1079//852 961//854 
f 1064//902 977//921 975//876 
f 1061//898 1063//901 1097//899 
f 1059//896 1062//900 1096//875 
f 1057//894 1060//897 1095//874 
f 1054//891 1056//893 1094//873 
f 1052//889 1055//892 1093//872 
f 1050//887 1092//871 1091//870 
f 1048//885 1091//870 1090//869 
f 1042//879 1090//869 1040//877 
f 1089//865 1097//899 975//876 
f 1096//875 1097//899 1089//865 
f 1095//874 1096//875 1088//864 
f 1094//873 1095//874 1086//862 
f 1093//872 1094//873 1085//861 
f 1092//871 1093//872 1084//860 
f 1091//870 1092//871 1083//859 
f 1090//869 1091//870 1082//858 
f 1039//868 1040//877 1090//869 
f 973//866 972//854 1087//863 
f 1088//864 1089//865 1087//863 
f 1086//862 1088//864 1080//853 
f 1085//861 1086//862 1078//851 
f 1084//860 1085//861 1076//849 
f 1083//859 1084//860 1074//847 
f 1082//858 1083//859 1072//845 
f 1081//857 1082//858 1070//843 
f 1037//856 1038//867 1081//857 
f 1079//852 1087//863 972//854 
f 1080//853 1087//863 1079//852 
f 1078//851 1080//853 1077//850 
f 1076//849 1078//851 1075//848 
f 1074//847 1076//849 1073//846 
f 1072//845 1074//847 1071//844 
f 1070//843 1072//845 1069//842 
f 1066//837 1070//843 1068//841 
f 1035//840 1036//855 1066//837 
o mesh62
f 1130//922 1131//923 1098//924 
f 1098//924 1099//925 1130//922 
f 1132//926 1131//923 1130//922 
f 1133//927 1132//926 1134//928 
f 1135//929 1133//927 1136//930 
f 1137//931 1135//929 1138//932 
f 1139//933 1137//931 1140//934 
f 1141//935 1139//933 1142//936 
f 1143//937 1141//935 1144//938 
f 957//939 955//939 1143//937 
f 1130//922 1100//940 1101//941 
f 1101//941 1145//942 1130//922 
f 1134//928 1130//922 1145//942 
f 1136//930 1134//928 1146//943 
f 1138//932 1136//930 1147//944 
f 1140//934 1138//932 1148//945 
f 1142//936 1140//934 1149//946 
f 1144//938 1142//936 1150//947 
f 1151//948 1144//938 1152//949 
f 1151//948 1153//950 958//951 
f 1145//942 1102//952 1103//953 
f 1103//953 1154//954 1145//942 
f 1146//943 1145//942 1154//954 
f 1147//944 1146//943 1155//955 
f 1148//945 1147//944 1156//956 
f 1149//946 1148//945 1157//957 
f 1150//947 1149//946 1158//958 
f 1152//949 1150//947 1159//959 
f 1153//950 1152//949 1160//960 
f 959//961 958//951 1153//950 
f 1104//962 1105//963 1106//964 
f 1105//963 1104//962 1107//965 
f 1107//965 1104//962 1108//966 
f 1108//966 1109//967 1107//965 
f 1107//965 1110//968 1105//963 
f 1154//954 1111//969 1112//970 
f 1154//954 1106//964 1111//969 
f 1155//955 1113//971 1114//972 
f 1155//955 1115//973 1113//971 
f 1155//955 1112//970 1115//973 
f 1157//957 1156//956 1116//974 
f 1156//956 1114//972 1116//974 
f 1157//957 1117//975 1118//976 
f 1118//976 1158//958 1157//957 
f 1157//957 1119//977 1117//975 
f 1158//958 1120//978 1121//979 
f 1121//979 1159//959 1158//958 
f 1159//959 1122//980 1123//981 
f 1123//981 1160//960 1159//959 
f 1159//959 1124//982 1122//980 
f 1125//983 1161//984 1160//960 
f 1160//960 1126//985 1125//983 
f 959//961 1161//984 1127//986 
f 1127//986 1128//987 959//961 
f 955//939 945//988 944//989 
f 955//939 942//990 945//988 
f 1143//937 936//991 935//992 
f 1143//937 944//989 936//991 
f 1141//935 938//993 937//994 
f 1141//935 935//992 938//993 
f 1139//933 937//994 940//995 
f 1137//931 941//996 934//997 
f 1137//931 939//998 941//996 
f 1137//931 940//995 939//998 
f 1135//929 934//997 933//999 
f 1133//927 933//999 932//1000 
f 1132//926 928//1001 930//1002 
f 1132//926 932//1000 929//1003 
f 929//1003 928//1001 1132//926 
f 1131//923 930//1002 1129//1004 
f 930//1002 931//1005 1129//1004 
f 1129//1004 1098//924 1131//923 
f 930//1002 1131//923 1132//926 
f 932//1000 1132//926 1133//927 
f 933//999 1133//927 1135//929 
f 934//997 1135//929 1137//931 
f 940//995 1137//931 1139//933 
f 937//994 1139//933 1141//935 
f 935//992 1141//935 1143//937 
f 944//989 1143//937 955//939 
f 1128//987 960//1006 959//961 
f 1125//983 1127//986 1161//984 
f 1123//981 1126//985 1160//960 
f 1121//979 1124//982 1159//959 
f 1118//976 1120//978 1158//958 
f 1116//974 1119//977 1157//957 
f 1114//972 1156//956 1155//955 
f 1112//970 1155//955 1154//954 
f 1106//964 1154//954 1104//962 
f 1153//950 1161//984 959//961 
f 1160//960 1161//984 1153//950 
f 1159//959 1160//960 1152//949 
f 1158//958 1159//959 1150//947 
f 1157//957 1158//958 1149//946 
f 1156//956 1157//957 1148//945 
f 1155//955 1156//956 1147//944 
f 1154//954 1155//955 1146//943 
f 1103//953 1104//962 1154//954 
f 958//951 957//939 1151//948 
f 1152//949 1153//950 1151//948 
f 1150//947 1152//949 1144//938 
f 1149//946 1150//947 1142//936 
f 1148//945 1149//946 1140//934 
f 1147//944 1148//945 1138//932 
f 1146//943 1147//944 1136//930 
f 1145//942 1146//943 1134//928 
f 1101//941 1102//952 1145//942 
f 1143//937 1151//948 957//939 
f 1144//938 1151//948 1143//937 
f 1142//936 1144//938 1141//935 
f 1140//934 1142//936 1139//933 
f 1138//932 1140//934 1137//931 
f 1136//930 1138//932 1135//929 
f 1134//928 1136//930 1133//927 
f 1130//922 1134//928 1132//926 
f 1099//925 1100//940 1130//922 
o mesh63
f 1162//1007 1163//1008 1164//1009 
f 1162//1007 1165//1010 1163//1008 
f 1166//1009 1164//1009 1167//1011 
f 1168//1011 1169//1012 1170//1013 
f 1168//1011 1167//1011 1169//1012 
f 1171//1013 1172//1014 1173//1015 
f 1171//1013 1170//1013 1172//1014 
f 1174//1015 1175//1016 1176//1017 
f 1174//1015 1173//1015 1175//1016 
f 1177//1017 1178//1018 1179//1019 
f 1177//1017 1176//1017 1178//1018 
f 1180//1019 1181//1020 1182//1021 
f 1180//1019 1179//1019 1181//1020 
f 1183//1021 1184//1022 1185//1023 
f 1183//1021 1186//1024 1184//1022 
f 1183//1021 1182//1021 1186//1024 
f 998//1025 1187//1026 1188//1027 
f 1187//1026 1185//1023 1188//1027 
f 1188//1027 999//1028 998//1025 
f 1185//1023 1187//1026 1183//1021 
f 1182//1021 1183//1021 1180//1019 
f 1179//1019 1180//1019 1177//1017 
f 1176//1017 1177//1017 1174//1015 
f 1173//1015 1174//1015 1171//1013 
f 1170//1013 1171//1013 1168//1011 
f 1167//1011 1168//1011 1166//1009 
f 1164//1009 1166//1009 1162//1007 
o mesh64
f 1189//1029 1190//1030 1191//1031 
f 1189//1029 1192//1032 1190//1030 
f 1193//1031 1191//1031 1194//1033 
f 1195//1033 1196//1034 1197//1035 
f 1195//1033 1194//1033 1196//1034 
f 1198//1035 1199//1036 1200//1037 
f 1198//1035 1197//1035 1199//1036 
f 1201//1038 1202//1039 1203//1040 
f 1201//1038 1200//1037 1202//1039 
f 1204//1040 1205//1041 1206//1042 
f 1204//1040 1203//1040 1205//1041 
f 1207//1042 1208//1043 1209//1044 
f 1207//1042 1206//1042 1208//1043 
f 1210//1044 1211//1045 1212//1046 
f 1210//1044 1209//1044 1211//1045 
f 1213//1046 1212//1046 1214//1047 
f 1214//1047 923//1048 1213//1046 
f 1214//1047 924//1048 923//1048 
f 1212//1046 1213//1046 1210//1044 
f 1209//1044 1210//1044 1207//1042 
f 1206//1042 1207//1042 1204//1040 
f 1203//1040 1204//1040 1201//1038 
f 1200//1037 1201//1038 1198//1035 
f 1197//1035 1198//1035 1195//1033 
f 1194//1033 1195//1033 1193//1031 
f 1191//1031 1193//1031 1189//1029 
o mesh65
f 1002//1049 1016//1049 1215//1049 
f 1215//1049 1216//1049 1002//1049 
o mesh66
f 1002//1050 1216//1050 1217//1050 
f 1217//1050 786//1050 1002//1050 
f 798//1050 786//1050 1217//1050 
f 786//1050 921//1050 1002//1050 
f 1216//1050 1218//1050 1217//1050 
f 1217//1050 850//1050 798//1050 
o mesh67
f 1219//1051 1217//1050 1220//1052 
f 1217//1050 1218//1053 1220//1052 
f 1221//1054 1219//1051 1222//1055 
f 1222//1055 1223//1056 1221//1054 
f 1224//1057 1221//1054 1225//1058 
f 1225//1058 1226//1059 1224//1057 
f 1227//1060 1224//1057 1228//1061 
f 1228//1061 1229//1062 1227//1060 
f 1230//1063 1227//1060 1231//1064 
f 1231//1064 1232//1065 1230//1063 
f 1233//1066 1230//1063 1234//1067 
f 1234//1067 1235//1068 1233//1066 
f 1236//1069 1233//1066 1237//1070 
f 1237//1070 1238//1071 1236//1069 
f 1239//1072 1236//1069 1240//1073 
f 1241//1074 1239//1072 1242//1075 
f 1243//1076 1241//1074 1244//1077 
f 1245//1078 1243//1076 1246//1079 
f 1246//1079 1247//1080 1245//1078 
f 1248//1081 1245//1078 1249//1082 
f 1250//1083 1248//1081 1251//1084 
f 1252//1085 1250//1083 1253//1086 
f 1254//1087 1252//1085 1255//1088 
f 1255//1088 1256//1089 1254//1087 
f 1257//1090 1254//1087 1258//1091 
f 1259//1092 1257//1090 1260//1093 
f 1261//1094 1259//1092 1262//1095 
f 1262//1095 1263//1094 1261//1094 
f 1260//1093 1262//1095 1259//1092 
f 1258//1091 1260//1093 1257//1090 
f 1256//1089 1258//1091 1254//1087 
f 1253//1086 1255//1088 1252//1085 
f 1251//1084 1253//1086 1250//1083 
f 1249//1082 1251//1084 1248//1081 
f 1247//1080 1249//1082 1245//1078 
f 1244//1077 1246//1079 1243//1076 
f 1242//1075 1244//1077 1241//1074 
f 1240//1073 1242//1075 1239//1072 
f 1238//1071 1240//1073 1236//1069 
f 1235//1068 1237//1070 1233//1066 
f 1232//1065 1234//1067 1230//1063 
f 1229//1062 1231//1064 1227//1060 
f 1226//1059 1228//1061 1224//1057 
f 1223//1056 1225//1058 1221//1054 
f 1220//1052 1222//1055 1219//1051 
o mesh68
f 1264//1096 1265//1097 1266//1097 
f 1266//1097 1267//1098 1264//1096 
f 1268//1099 1269//1100 1265//1097 
f 1265//1097 1270//1099 1268//1099 
f 1271//1101 1272//1102 1270//1099 
f 1270//1099 1273//1101 1271//1101 
f 1274//1103 1275//1104 1273//1101 
f 1273//1101 1276//1103 1274//1103 
f 1277//1105 1278//1106 1276//1103 
f 1276//1103 1279//1105 1277//1105 
f 1280//1107 1281//1108 1279//1105 
f 1279//1105 1282//1107 1280//1107 
f 1283//1109 1280//1107 1282//1107 
f 1284//1110 1285//1111 1283//1109 
f 1286//1112 1262//1113 1260//1114 
f 1260//1114 1258//1115 1286//1112 
f 1286//1112 1263//1116 1262//1113 
f 1286//1112 1285//1111 1284//1110 
f 1284//1110 1263//1116 1286//1112 
f 1256//1117 1287//1118 1286//1112 
f 1288//1119 1251//1120 1249//1121 
f 1288//1119 1287//1118 1256//1117 
f 1256//1117 1255//1122 1288//1119 
f 1255//1122 1253//1123 1288//1119 
f 1253//1123 1251//1120 1288//1119 
f 1247//1124 1289//1125 1288//1119 
f 1290//1126 1242//1127 1240//1128 
f 1290//1126 1244//1129 1242//1127 
f 1290//1126 1246//1130 1244//1129 
f 1246//1130 1290//1126 1289//1125 
f 1289//1125 1247//1124 1246//1130 
f 1238//1131 1291//1132 1290//1126 
f 1226//1133 1292//1134 1291//1132 
f 1291//1132 1231//1135 1229//1136 
f 1291//1132 1232//1137 1231//1135 
f 1291//1132 1234//1138 1232//1137 
f 1291//1132 1235//1139 1234//1138 
f 1291//1132 1238//1131 1237//1140 
f 1237//1140 1235//1139 1291//1132 
f 1229//1136 1228//1141 1291//1132 
f 1226//1133 1293//1142 1292//1134 
f 1293//1142 1218//1143 1216//1144 
f 1293//1142 1222//1145 1220//1146 
f 1293//1142 1223//1147 1222//1145 
f 1293//1142 1226//1133 1225//1148 
f 1225//1148 1223//1147 1293//1142 
f 1220//1146 1218//1143 1293//1142 
f 1216//1144 1215//1149 1294//1150 
f 1216//1144 1294//1150 1293//1142 
f 1291//1132 1228//1141 1226//1133 
f 1240//1128 1238//1131 1290//1126 
f 1249//1121 1247//1124 1288//1119 
f 1258//1115 1256//1117 1286//1112 
f 1282//1107 1284//1110 1283//1109 
f 1281//1108 1277//1105 1279//1105 
f 1278//1106 1274//1103 1276//1103 
f 1275//1104 1271//1101 1273//1101 
f 1272//1102 1268//1099 1270//1099 
f 1269//1100 1266//1097 1265//1097 
f 1267//1098 1295//1151 1264//1096 
o mesh69
f 1261//1152 1270//1152 1265//1152 
f 1261//1152 1273//1152 1270//1152 
f 1261//1152 1276//1152 1273//1152 
f 1261//1152 1279//1152 1276//1152 
f 1261//1152 1284//1152 1282//1152 
f 1296//1152 1261//1152 1264//1152 
f 1282//1152 1279//1152 1261//1152 
f 1265//1152 1264//1152 1261//1152 
f 1261//1152 1263//1152 1284//1152 
f 1264//1152 1297//1152 1296//1152 
o mesh70
f 1019//1153 1033//1153 1298//1153 
f 1298//1153 1299//1153 1019//1153 
o mesh71
f 1019//1154 1299//1154 1300//1154 
f 1300//1154 805//1154 1019//1154 
f 832//1154 805//1154 1300//1154 
f 805//1154 885//1154 1019//1154 
f 1299//1154 1301//1154 1300//1154 
f 1300//1154 886//1154 832//1154 
o mesh72
f 1302//1155 1300//1154 1303//1156 
f 1300//1154 1301//1157 1303//1156 
f 1304//1158 1302//1155 1305//1159 
f 1305//1159 1306//1160 1304//1158 
f 1307//1161 1304//1158 1308//1162 
f 1308//1162 1309//1163 1307//1161 
f 1310//1164 1307//1161 1311//1165 
f 1311//1165 1312//1166 1310//1164 
f 1313//1167 1310//1164 1314//1168 
f 1314//1168 1315//1169 1313//1167 
f 1316//1170 1313//1167 1317//1171 
f 1317//1171 1318//1172 1316//1170 
f 1319//1173 1316//1170 1320//1174 
f 1320//1174 1321//1175 1319//1173 
f 1322//1176 1319//1173 1323//1177 
f 1324//1178 1322//1176 1325//1179 
f 1326//1180 1324//1178 1327//1181 
f 1328//1182 1326//1180 1329//1183 
f 1329//1183 1330//1184 1328//1182 
f 1331//1185 1328//1182 1332//1186 
f 1333//1187 1331//1185 1334//1188 
f 1335//1189 1333//1187 1336//1190 
f 1337//1191 1335//1189 1338//1192 
f 1338//1192 1339//1193 1337//1191 
f 1340//1194 1337//1191 1341//1195 
f 1342//1196 1340//1194 1343//1197 
f 1344//1198 1342//1196 1345//1199 
f 1345//1199 1346//1198 1344//1198 
f 1343//1197 1345//1199 1342//1196 
f 1341//1195 1343//1197 1340//1194 
f 1339//1193 1341//1195 1337//1191 
f 1336//1190 1338//1192 1335//1189 
f 1334//1188 1336//1190 1333//1187 
f 1332//1186 1334//1188 1331//1185 
f 1330//1184 1332//1186 1328//1182 
f 1327//1181 1329//1183 1326//1180 
f 1325//1179 1327//1181 1324//1178 
f 1323//1177 1325//1179 1322//1176 
f 1321//1175 1323//1177 1319//1173 
f 1318//1172 1320//1174 1316//1170 
f 1315//1169 1317//1171 1313//1167 
f 1312//1166 1314//1168 1310//1164 
f 1309//1163 1311//1165 1307//1161 
f 1306//1160 1308//1162 1304//1158 
f 1303//1156 1305//1159 1302//1155 
o mesh73
f 1347//1200 1348//1201 1349//1201 
f 1349//1201 1350//1202 1347//1200 
f 1351//1203 1352//1204 1348//1201 
f 1348//1201 1353//1203 1351//1203 
f 1354//1205 1355//1206 1353//1203 
f 1353//1203 1356//1205 1354//1205 
f 1357//1207 1358//1208 1356//1205 
f 1356//1205 1359//1207 1357//1207 
f 1360//1209 1361//1210 1359//1207 
f 1359//1207 1362//1209 1360//1209 
f 1363//1211 1364//1212 1362//1209 
f 1362//1209 1365//1211 1363//1211 
f 1366//1213 1363//1211 1365//1211 
f 1367//1214 1368//1215 1366//1213 
f 1369//1216 1345//1217 1343//1218 
f 1343//1218 1341//1219 1369//1216 
f 1369//1216 1346//1220 1345//1217 
f 1369//1216 1368//1215 1367//1214 
f 1367//1214 1346//1220 1369//1216 
f 1339//1221 1370//1222 1369//1216 
f 1371//1223 1334//1224 1332//1225 
f 1371//1223 1370//1222 1339//1221 
f 1339//1221 1338//1226 1371//1223 
f 1338//1226 1336//1227 1371//1223 
f 1336//1227 1334//1224 1371//1223 
f 1330//1228 1372//1229 1371//1223 
f 1373//1230 1325//1231 1323//1232 
f 1373//1230 1327//1233 1325//1231 
f 1373//1230 1329//1234 1327//1233 
f 1329//1234 1373//1230 1372//1229 
f 1372//1229 1330//1228 1329//1234 
f 1321//1235 1374//1236 1373//1230 
f 1309//1237 1375//1238 1374//1236 
f 1374//1236 1314//1239 1312//1240 
f 1374//1236 1315//1241 1314//1239 
f 1374//1236 1317//1242 1315//1241 
f 1374//1236 1318//1243 1317//1242 
f 1374//1236 1321//1235 1320//1244 
f 1320//1244 1318//1243 1374//1236 
f 1312//1240 1311//1245 1374//1236 
f 1309//1237 1376//1246 1375//1238 
f 1376//1246 1301//1247 1299//1248 
f 1376//1246 1305//1249 1303//1250 
f 1376//1246 1306//1251 1305//1249 
f 1376//1246 1309//1237 1308//1252 
f 1308//1252 1306//1251 1376//1246 
f 1303//1250 1301//1247 1376//1246 
f 1299//1248 1298//1253 1377//1254 
f 1299//1248 1377//1254 1376//1246 
f 1374//1236 1311//1245 1309//1237 
f 1323//1232 1321//1235 1373//1230 
f 1332//1225 1330//1228 1371//1223 
f 1341//1219 1339//1221 1369//1216 
f 1365//1211 1367//1214 1366//1213 
f 1364//1212 1360//1209 1362//1209 
f 1361//1210 1357//1207 1359//1207 
f 1358//1208 1354//1205 1356//1205 
f 1355//1206 1351//1203 1353//1203 
f 1352//1204 1349//1201 1348//1201 
f 1350//1202 1378//1255 1347//1200 
o mesh74
f 1344//1256 1353//1256 1348//1256 
f 1344//1256 1356//1256 1353//1256 
f 1344//1256 1359//1256 1356//1256 
f 1344//1256 1362//1256 1359//1256 
f 1344//1256 1367//1256 1365//1256 
f 1379//1256 1344//1256 1347//1256 
f 1365//1256 1362//1256 1344//1256 
f 1348//1256 1347//1256 1344//1256 
f 1344//1256 1346//1256 1367//1256 
f 1347//1256 1380//1256 1379//1256 
o mesh75
f 1380//1255 1347//1255 1378//1255 
f 1378//1255 1381//1255 1380//1255 
o mesh76
f 1382//1257 1379//1256 1380//1256 
f 1383//1258 1382//1257 1384//1257 
f 1385//1259 1383//1258 1386//1258 
f 1387//1260 1385//1259 1388//1259 
f 1389//1261 1387//1260 1390//1260 
f 1391//1262 1389//1261 1392//1261 
f 1393//1263 1391//1262 1394//1262 
f 1395//1264 1393//1263 1396//1263 
f 1397//1265 1395//1264 1398//1264 
f 1399//1266 1397//1265 1400//1265 
f 1401//1267 1399//1266 1402//1266 
f 1403//1268 1401//1267 1404//1267 
f 1405//1269 1403//1268 1406//1268 
f 1407//1270 1405//1269 1408//1269 
f 1409//1271 1407//1270 1410//1270 
f 1410//1270 1411//1271 1409//1271 
f 1408//1269 1410//1270 1407//1270 
f 1406//1268 1408//1269 1405//1269 
f 1404//1267 1406//1268 1403//1268 
f 1402//1266 1404//1267 1401//1267 
f 1400//1265 1402//1266 1399//1266 
f 1398//1264 1400//1265 1397//1265 
f 1396//1263 1398//1264 1395//1264 
f 1394//1262 1396//1263 1393//1263 
f 1392//1261 1394//1262 1391//1262 
f 1390//1260 1392//1261 1389//1261 
f 1388//1259 1390//1260 1387//1260 
f 1386//1258 1388//1259 1385//1259 
f 1384//1257 1386//1258 1383//1258 
f 1380//1256 1384//1257 1382//1257 
o mesh77
f 1381//1272 1412//1273 1384//1273 
f 1412//1273 1413//1274 1386//1274 
f 1413//1274 1414//1275 1388//1275 
f 1414//1275 1415//1276 1390//1276 
f 1415//1276 1416//1277 1392//1277 
f 1416//1277 1417//1278 1394//1278 
f 1417//1278 1418//1279 1396//1279 
f 1418//1279 1419//1280 1398//1280 
f 1419//1280 1420//1281 1400//1281 
f 1420//1281 1421//1282 1402//1282 
f 1421//1282 1422//1283 1404//1283 
f 1422//1283 1423//1284 1406//1284 
f 1423//1284 1424//1285 1408//1285 
f 1424//1285 1425//1286 1410//1286 
f 1425//1286 1426//1287 1411//1287 
f 1411//1287 1410//1286 1425//1286 
f 1410//1286 1408//1285 1424//1285 
f 1408//1285 1406//1284 1423//1284 
f 1406//1284 1404//1283 1422//1283 
f 1404//1283 1402//1282 1421//1282 
f 1402//1282 1400//1281 1420//1281 
f 1400//1281 1398//1280 1419//1280 
f 1398//1280 1396//1279 1418//1279 
f 1396//1279 1394//1278 1417//1278 
f 1394//1278 1392//1277 1416//1277 
f 1392//1277 1390//1276 1415//1276 
f 1390//1276 1388//1275 1414//1275 
f 1388//1275 1386//1274 1413//1274 
f 1386//1274 1384//1273 1412//1273 
f 1384//1273 1380//1288 1381//1272 
o mesh78
f 1411//1289 1427//1289 1428//1289 
f 1428//1289 1409//1289 1411//1289 
o mesh79
f 1427//1290 1411//1290 1426//1290 
f 1426//1290 1429//1290 1427//1290 
o mesh80
f 1430//1291 1428//1292 1427//1292 
f 1431//1293 1430//1291 1432//1294 
f 1433//1295 1431//1293 1434//1296 
f 1435//1297 1433//1295 1436//1298 
f 1437//1299 1435//1297 1438//1300 
f 1439//1301 1437//1299 1440//1302 
f 1441//1303 1439//1301 1442//1304 
f 1443//1305 1441//1303 1444//1306 
f 1445//1307 1443//1305 1446//1308 
f 1447//1309 1445//1307 1448//1310 
f 1449//1311 1447//1309 1450//1312 
f 1451//1313 1449//1311 1452//1314 
f 1453//1315 1451//1313 1454//1316 
f 1455//1317 1453//1315 1456//1318 
f 1457//1319 1455//1317 1458//1320 
f 1458//1320 1459//1319 1457//1319 
f 1456//1318 1458//1320 1455//1317 
f 1454//1316 1456//1318 1453//1315 
f 1452//1314 1454//1316 1451//1313 
f 1450//1312 1452//1314 1449//1311 
f 1448//1310 1450//1312 1447//1309 
f 1446//1308 1448//1310 1445//1307 
f 1444//1306 1446//1308 1443//1305 
f 1442//1304 1444//1306 1441//1303 
f 1440//1302 1442//1304 1439//1301 
f 1438//1300 1440//1302 1437//1299 
f 1436//1298 1438//1300 1435//1297 
f 1434//1296 1436//1298 1433//1295 
f 1432//1294 1434//1296 1431//1293 
f 1427//1292 1432//1294 1430//1291 
o mesh81
f 1429//1321 1460//1322 1432//1322 
f 1460//1322 1461//1323 1434//1323 
f 1461//1323 1462//1324 1436//1324 
f 1462//1324 1463//1325 1438//1325 
f 1463//1325 1464//1326 1440//1326 
f 1464//1326 1465//1327 1442//1327 
f 1465//1327 1466//1328 1444//1328 
f 1466//1328 1467//1329 1446//1329 
f 1467//1329 1468//1330 1448//1330 
f 1468//1330 1469//1331 1450//1331 
f 1469//1331 1470//1332 1452//1332 
f 1470//1332 1471//1333 1454//1333 
f 1471//1333 1472//1334 1456//1334 
f 1472//1334 1473//1335 1458//1335 
f 1473//1335 1474//1336 1459//1336 
f 1459//1336 1458//1335 1473//1335 
f 1458//1335 1456//1334 1472//1334 
f 1456//1334 1454//1333 1471//1333 
f 1454//1333 1452//1332 1470//1332 
f 1452//1332 1450//1331 1469//1331 
f 1450//1331 1448//1330 1468//1330 
f 1448//1330 1446//1329 1467//1329 
f 1446//1329 1444//1328 1466//1328 
f 1444//1328 1442//1327 1465//1327 
f 1442//1327 1440//1326 1464//1326 
f 1440//1326 1438//1325 1463//1325 
f 1438//1325 1436//1324 1462//1324 
f 1436//1324 1434//1323 1461//1323 
f 1434//1323 1432//1322 1460//1322 
f 1432//1322 1427//1337 1429//1321 
o mesh82
f 1475//1338 1457//1338 1459//1338 
f 1459//1338 1476//1338 1475//1338 
o mesh83
f 1459//1339 1474//1339 1477//1339 
f 1477//1339 1476//1339 1459//1339 
o mesh84
f 1475//1338 1476//1338 1478//1340 
f 1479//1340 1478//1340 1480//1341 
f 1481//1341 1480//1341 1482//1342 
f 1483//1342 1482//1342 1484//1343 
f 1485//1343 1484//1343 1486//1344 
f 1487//1344 1486//1344 1488//1345 
f 1489//1345 1488//1345 1490//1346 
f 1490//1346 1491//1346 1489//1345 
f 1488//1345 1489//1345 1487//1344 
f 1486//1344 1487//1344 1485//1343 
f 1484//1343 1485//1343 1483//1342 
f 1482//1342 1483//1342 1481//1341 
f 1480//1341 1481//1341 1479//1340 
f 1478//1340 1479//1340 1475//1338 
o mesh85
f 1526//1347 1492//1348 1493//1349 
f 1493//1349 1494//1350 1526//1347 
f 1526//1347 1495//1351 1496//1352 
f 1526//1347 1494//1350 1495//1351 
f 1527//1353 1496//1352 1497//1354 
f 1528//1355 1497//1354 1498//1356 
f 1529//1357 1499//1358 1500//1359 
f 1529//1357 1498//1356 1499//1358 
f 1530//1360 1501//1361 1502//1362 
f 1530//1360 1500//1359 1501//1361 
f 1531//1363 1502//1362 1503//1364 
f 1532//1365 1504//1366 1505//1367 
f 1532//1365 1503//1364 1504//1366 
f 1506//1367 1507//1368 1508//1369 
f 1506//1367 1509//1370 1507//1368 
f 1532//1365 1510//1371 1511//1372 
f 1532//1365 1508//1369 1510//1371 
f 1531//1363 1512//1373 1513//1374 
f 1513//1374 1530//1360 1531//1363 
f 1531//1363 1511//1372 1512//1373 
f 1529//1357 1530//1360 1514//1375 
f 1530//1360 1515//1376 1514//1375 
f 1528//1355 1529//1357 1516//1377 
f 1516//1377 1517//1378 1528//1355 
f 1527//1353 1518//1379 1519//1380 
f 1527//1353 1528//1355 1520//1381 
f 1520//1381 1518//1379 1527//1353 
f 1526//1347 1527//1353 1521//1382 
f 1521//1382 1522//1383 1526//1347 
f 1526//1347 1043//1384 1045//1385 
f 1043//1384 1526//1347 1523//1386 
f 1523//1386 1046//1387 1043//1384 
f 1045//1385 1524//1388 1526//1347 
f 1524//1388 1492//1348 1526//1347 
f 1522//1383 1523//1386 1526//1347 
f 1519//1380 1521//1382 1527//1353 
f 1517//1378 1520//1381 1528//1355 
f 1514//1375 1516//1377 1529//1357 
f 1513//1374 1515//1376 1530//1360 
f 1511//1372 1531//1363 1532//1365 
f 1508//1369 1532//1365 1506//1367 
f 1505//1367 1506//1367 1532//1365 
f 1503//1364 1532//1365 1531//1363 
f 1502//1362 1531//1363 1530//1360 
f 1500//1359 1530//1360 1529//1357 
f 1498//1356 1529//1357 1528//1355 
f 1497//1354 1528//1355 1527//1353 
f 1496//1352 1527//1353 1526//1347 
f 1493//1349 1525//1389 1494//1350 
o mesh86
f 1476//1390 1477//1390 1533//1391 
f 1478//1391 1533//1391 1534//1392 
f 1480//1392 1534//1392 1535//1393 
f 1482//1393 1535//1393 1536//1394 
f 1484//1394 1536//1394 1537//1395 
f 1486//1395 1537//1395 1538//1396 
f 1488//1396 1538//1396 1539//1397 
f 1539//1397 1490//1397 1488//1396 
f 1538//1396 1488//1396 1486//1395 
f 1537//1395 1486//1395 1484//1394 
f 1536//1394 1484//1394 1482//1393 
f 1535//1393 1482//1393 1480//1392 
f 1534//1392 1480//1392 1478//1391 
f 1533//1391 1478//1391 1476//1390 
o mesh87
f 1490//1397 1539//1397 1509//1397 
f 1509//1397 1506//1397 1490//1397 
f 1506//1397 1505//1397 1490//1397 
o mesh88
f 1297//1398 1264//1398 1295//1398 
f 1295//1398 1540//1398 1297//1398 
o mesh89
f 1541//1399 1296//1400 1297//1400 
f 1542//1401 1541//1399 1543//1402 
f 1544//1403 1542//1401 1545//1404 
f 1546//1405 1544//1403 1547//1406 
f 1548//1407 1546//1405 1549//1408 
f 1550//1409 1548//1407 1551//1410 
f 1552//1411 1550//1409 1553//1412 
f 1554//1413 1552//1411 1555//1414 
f 1556//1415 1554//1413 1557//1416 
f 1558//1417 1556//1415 1559//1418 
f 1560//1419 1558//1417 1561//1420 
f 1562//1421 1560//1419 1563//1422 
f 1564//1423 1562//1421 1565//1424 
f 1566//1425 1564//1423 1567//1426 
f 1568//1427 1566//1425 1569//1428 
f 1569//1428 1570//1427 1568//1427 
f 1567//1426 1569//1428 1566//1425 
f 1565//1424 1567//1426 1564//1423 
f 1563//1422 1565//1424 1562//1421 
f 1561//1420 1563//1422 1560//1419 
f 1559//1418 1561//1420 1558//1417 
f 1557//1416 1559//1418 1556//1415 
f 1555//1414 1557//1416 1554//1413 
f 1553//1412 1555//1414 1552//1411 
f 1551//1410 1553//1412 1550//1409 
f 1549//1408 1551//1410 1548//1407 
f 1547//1406 1549//1408 1546//1405 
f 1545//1404 1547//1406 1544//1403 
f 1543//1402 1545//1404 1542//1401 
f 1297//1400 1543//1402 1541//1399 
o mesh90
f 1540//1429 1571//1430 1543//1430 
f 1571//1430 1572//1431 1545//1431 
f 1572//1431 1573//1432 1547//1432 
f 1573//1432 1574//1433 1549//1433 
f 1574//1433 1575//1434 1551//1434 
f 1575//1434 1576//1435 1553//1435 
f 1576//1435 1577//1436 1555//1436 
f 1577//1436 1578//1437 1557//1437 
f 1578//1437 1579//1438 1559//1438 
f 1579//1438 1580//1439 1561//1439 
f 1580//1439 1581//1440 1563//1440 
f 1581//1440 1582//1441 1565//1441 
f 1582//1441 1583//1442 1567//1442 
f 1583//1442 1584//1443 1569//1443 
f 1584//1443 1585//1444 1570//1444 
f 1570//1444 1569//1443 1584//1443 
f 1569//1443 1567//1442 1583//1442 
f 1567//1442 1565//1441 1582//1441 
f 1565//1441 1563//1440 1581//1440 
f 1563//1440 1561//1439 1580//1439 
f 1561//1439 1559//1438 1579//1438 
f 1559//1438 1557//1437 1578//1437 
f 1557//1437 1555//1436 1577//1436 
f 1555//1436 1553//1435 1576//1435 
f 1553//1435 1551//1434 1575//1434 
f 1551//1434 1549//1433 1574//1433 
f 1549//1433 1547//1432 1573//1432 
f 1547//1432 1545//1431 1572//1431 
f 1545//1431 1543//1430 1571//1430 
f 1543//1430 1297//1445 1540//1429 
o mesh91
f 1586//1446 1568//1446 1570//1446 
f 1570//1446 1587//1446 1586//1446 
o mesh92
f 1570//1447 1585//1447 1588//1447 
f 1588//1447 1587//1447 1570//1447 
o mesh93
f 1589//1448 1586//1449 1587//1449 
f 1590//1450 1589//1448 1591//1451 
f 1592//1452 1590//1450 1593//1453 
f 1594//1454 1592//1452 1595//1455 
f 1596//1456 1594//1454 1597//1457 
f 1598//1458 1596//1456 1599//1459 
f 1600//1460 1598//1458 1601//1461 
f 1602//1462 1600//1460 1603//1463 
f 1604//1464 1602//1462 1605//1465 
f 1606//1466 1604//1464 1607//1467 
f 1608//1468 1606//1466 1609//1469 
f 1610//1470 1608//1468 1611//1471 
f 1612//1472 1610//1470 1613//1473 
f 1614//1474 1612//1472 1615//1475 
f 1616//1476 1614//1474 1617//1477 
f 1617//1477 1618//1476 1616//1476 
f 1615//1475 1617//1477 1614//1474 
f 1613//1473 1615//1475 1612//1472 
f 1611//1471 1613//1473 1610//1470 
f 1609//1469 1611//1471 1608//1468 
f 1607//1467 1609//1469 1606//1466 
f 1605//1465 1607//1467 1604//1464 
f 1603//1463 1605//1465 1602//1462 
f 1601//1461 1603//1463 1600//1460 
f 1599//1459 1601//1461 1598//1458 
f 1597//1457 1599//1459 1596//1456 
f 1595//1455 1597//1457 1594//1454 
f 1593//1453 1595//1455 1592//1452 
f 1591//1451 1593//1453 1590//1450 
f 1587//1449 1591//1451 1589//1448 
o mesh94
f 1588//1478 1619//1479 1591//1479 
f 1619//1479 1620//1480 1593//1480 
f 1620//1480 1621//1481 1595//1481 
f 1621//1481 1622//1482 1597//1482 
f 1622//1482 1623//1483 1599//1483 
f 1623//1483 1624//1484 1601//1484 
f 1624//1484 1625//1485 1603//1485 
f 1625//1485 1626//1486 1605//1486 
f 1626//1486 1627//1487 1607//1487 
f 1627//1487 1628//1488 1609//1488 
f 1628//1488 1629//1489 1611//1489 
f 1629//1489 1630//1490 1613//1490 
f 1630//1490 1631//1491 1615//1491 
f 1631//1491 1632//1492 1617//1492 
f 1632//1492 1633//1493 1618//1493 
f 1618//1493 1617//1492 1632//1492 
f 1617//1492 1615//1491 1631//1491 
f 1615//1491 1613//1490 1630//1490 
f 1613//1490 1611//1489 1629//1489 
f 1611//1489 1609//1488 1628//1488 
f 1609//1488 1607//1487 1627//1487 
f 1607//1487 1605//1486 1626//1486 
f 1605//1486 1603//1485 1625//1485 
f 1603//1485 1601//1484 1624//1484 
f 1601//1484 1599//1483 1623//1483 
f 1599//1483 1597//1482 1622//1482 
f 1597//1482 1595//1481 1621//1481 
f 1595//1481 1593//1480 1620//1480 
f 1593//1480 1591//1479 1619//1479 
f 1591//1479 1587//1494 1588//1478 
o mesh95
f 1634//1495 1616//1495 1618//1495 
f 1618//1495 1635//1495 1634//1495 
o mesh96
f 1633//1496 1636//1496 1635//1496 
f 1635//1496 1618//1496 1633//1496 
o mesh97
f 1283//1497 1277//1497 1281//1497 
f 1366//1497 1360//1497 1364//1497 
f 1281//1497 1280//1497 1283//1497 
f 1364//1497 1363//1497 1366//1497 
f 1283//1497 1285//1497 1277//1497 
f 1366//1497 1368//1497 1360//1497 
f 1286//1497 1278//1497 1277//1497 
f 1369//1497 1361//1497 1360//1497 
f 1286//1497 1274//1497 1278//1497 
f 1369//1497 1357//1497 1361//1497 
f 1285//1497 1286//1497 1277//1497 
f 1368//1497 1369//1497 1360//1497 
f 1286//1497 1287//1497 1274//1497 
f 1370//1497 1358//1497 1357//1497 
f 1288//1497 1275//1497 1274//1497 
f 1381//1497 1024//1497 1025//1497 
f 1369//1497 1370//1497 1357//1497 
f 1288//1497 1271//1497 1275//1497 
f 1025//1497 1026//1497 1381//1497 
f 1371//1497 1354//1497 1358//1497 
f 1287//1497 1288//1497 1274//1497 
f 1381//1497 1022//1497 1024//1497 
f 1370//1497 1371//1497 1358//1497 
f 1288//1497 1289//1497 1271//1497 
f 1295//1497 1007//1497 1008//1497 
f 1381//1497 1023//1497 1022//1497 
f 1371//1497 1372//1497 1354//1497 
f 1290//1497 1272//1497 1271//1497 
f 1295//1497 1005//1497 1007//1497 
f 1026//1497 1027//1497 1381//1497 
f 1373//1497 1355//1497 1354//1497 
f 1290//1497 1268//1497 1272//1497 
f 1008//1497 1009//1497 1295//1497 
f 1027//1497 1028//1497 1381//1497 
f 1373//1497 1351//1497 1355//1497 
f 1289//1497 1290//1497 1271//1497 
f 1009//1497 1010//1497 1295//1497 
f 1381//1497 1020//1497 1023//1497 
f 1372//1497 1373//1497 1354//1497 
f 1585//1497 1429//1497 1426//1497 
f 1290//1497 1291//1497 1268//1497 
f 1295//1497 1006//1497 1005//1497 
f 1381//1497 1021//1497 1020//1497 
f 1373//1497 1374//1497 1351//1497 
f 1585//1497 1460//1497 1429//1497 
f 1637//1497 1638//1497 1639//1497 
f 1637//1497 1640//1497 1641//1497 
f 1292//1497 1269//1497 1268//1497 
f 1295//1497 1003//1497 1006//1497 
f 1028//1497 1029//1497 1381//1497 
f 1375//1497 1352//1497 1351//1497 
f 1426//1497 1619//1497 1588//1497 
f 1641//1497 1638//1497 1637//1497 
f 1291//1497 1292//1497 1268//1497 
f 1010//1497 1011//1497 1295//1497 
f 1029//1497 1030//1497 1381//1497 
f 1375//1497 1349//1497 1352//1497 
f 1426//1497 1588//1497 1585//1497 
f 1639//1497 1642//1497 1637//1497 
f 1120//1497 1643//1497 1644//1497 
f 1120//1497 1645//1497 1646//1497 
f 1647//1497 1648//1497 1649//1497 
f 1650//1497 1119//1497 1116//1497 
f 1293//1497 1266//1497 1269//1497 
f 1011//1497 1012//1497 1295//1497 
f 1381//1497 1017//1497 1021//1497 
f 1374//1497 1375//1497 1351//1497 
f 1585//1497 1584//1497 1460//1497 
f 1636//1497 1644//1497 1637//1497 
f 1646//1497 1643//1497 1120//1497 
f 1649//1497 1651//1497 1647//1497 
f 1647//1497 1652//1497 1653//1497 
f 1652//1497 1647//1497 1654//1497 
f 1650//1497 1113//1497 1115//1497 
f 1116//1497 1114//1497 1650//1497 
f 1650//1497 1118//1497 1117//1497 
f 1292//1497 1293//1497 1269//1497 
f 1295//1497 1004//1497 1003//1497 
f 1533//1497 1536//1497 1535//1497 
f 1477//1497 1538//1497 1537//1497 
f 1042//1497 1063//1497 1061//1497 
f 1381//1497 1018//1497 1017//1497 
f 1375//1497 1376//1497 1349//1497 
f 1426//1497 1425//1497 1619//1497 
f 1423//1497 1630//1497 1629//1497 
f 1644//1497 1636//1497 1120//1497 
f 1651//1497 1655//1497 1647//1497 
f 1654//1497 1656//1497 1652//1497 
f 1650//1497 1105//1497 1110//1497 
f 1114//1497 1113//1497 1650//1497 
f 1650//1497 1120//1497 1118//1497 
f 1294//1497 1267//1497 1266//1497 
f 1295//1497 1000//1497 1004//1497 
f 1535//1497 1534//1497 1533//1497 
f 1477//1497 1539//1497 1538//1497 
f 977//1497 1520//1497 1517//1497 
f 977//1497 1522//1497 1521//1497 
f 1055//1497 1049//1497 1051//1497 
f 1055//1497 1052//1497 1050//1497 
f 1048//1497 1054//1497 1053//1497 
f 1042//1497 1059//1497 1058//1497 
f 1061//1497 1062//1497 1042//1497 
f 1030//1497 1031//1497 1381//1497 
f 1377//1497 1350//1497 1349//1497 
f 1425//1497 1424//1497 1619//1497 
f 1423//1497 1624//1497 1623//1497 
f 1629//1497 1628//1497 1423//1497 
f 1120//1497 1631//1497 1630//1497 
f 1642//1497 1636//1497 1637//1497 
f 1120//1497 1657//1497 1658//1497 
f 1120//1497 1659//1497 1660//1497 
f 1653//1497 1648//1497 1647//1497 
f 1650//1497 1106//1497 1105//1497 
f 1650//1497 1112//1497 1111//1497 
f 1117//1497 1119//1497 1650//1497 
f 1295//1497 1016//1497 1001//1497 
f 1294//1497 1295//1497 1267//1497 
f 1012//1497 1013//1497 1295//1497 
f 1537//1497 1536//1497 1477//1497 
f 977//1497 1509//1497 1539//1497 
f 977//1497 1508//1497 1507//1497 
f 1517//1497 1516//1497 977//1497 
f 977//1497 1519//1497 1518//1497 
f 977//1497 1523//1497 1522//1497 
f 1050//1497 1049//1497 1055//1497 
f 1048//1497 1056//1497 1054//1497 
f 1042//1497 1060//1497 1057//1497 
f 1062//1497 1059//1497 1042//1497 
f 1381//1497 1033//1497 1018//1497 
f 1376//1497 1377//1497 1349//1497 
f 1423//1497 1127//1497 1125//1497 
f 1424//1497 1423//1497 1619//1497 
f 1423//1497 1621//1497 1620//1497 
f 1623//1497 1622//1497 1423//1497 
f 1423//1497 1626//1497 1625//1497 
f 1630//1497 1423//1497 1120//1497 
f 1658//1497 1645//1497 1120//1497 
f 1120//1497 1650//1497 1659//1497 
f 1110//1497 1647//1497 1650//1497 
f 1115//1497 1112//1497 1650//1497 
f 1295//1497 1215//1497 1016//1497 
f 1293//1497 1294//1497 1266//1497 
f 1295//1497 1015//1497 967//1497 
f 1013//1497 1014//1497 1295//1497 
f 1533//1497 1477//1497 1536//1497 
f 1507//1497 1509//1497 977//1497 
f 1516//1497 1514//1497 977//1497 
f 1521//1497 1519//1497 977//1497 
f 977//1497 1041//1497 1046//1497 
f 1056//1497 1048//1497 1047//1497 
f 1053//1497 1055//1497 1048//1497 
f 1058//1497 1060//1497 1042//1497 
f 1042//1497 977//1497 1064//1497 
f 1031//1497 1032//1497 1381//1497 
f 1298//1497 1378//1497 1350//1497 
f 960//1497 1418//1497 1417//1497 
f 1423//1497 1123//1497 1122//1497 
f 1125//1497 1126//1497 1423//1497 
f 1460//1497 1583//1497 1582//1497 
f 1620//1497 1619//1497 1423//1497 
f 1625//1497 1624//1497 1423//1497 
f 1628//1497 1627//1497 1423//1497 
f 1660//1497 1657//1497 1120//1497 
f 1111//1497 1106//1497 1650//1497 
f 1294//1497 1215//1497 1295//1497 
f 1014//1497 1015//1497 1295//1497 
f 1461//1497 1460//1497 1577//1497 
f 1539//1497 1474//1497 977//1497 
f 977//1497 1511//1497 1510//1497 
f 977//1497 1513//1497 1512//1497 
f 1518//1497 1520//1497 977//1497 
f 977//1497 1042//1497 1041//1497 
f 1051//1497 1048//1497 1055//1497 
f 1064//1497 1063//1497 1042//1497 
f 1381//1497 1298//1497 1033//1497 
f 1298//1497 1381//1497 1378//1497 
f 1417//1497 1416//1497 960//1497 
f 1423//1497 1124//1497 1121//1497 
f 1126//1497 1123//1497 1423//1497 
f 1423//1497 1422//1497 960//1497 
f 1460//1497 1579//1497 1578//1497 
f 1460//1497 1581//1497 1580//1497 
f 1584//1497 1583//1497 1460//1497 
f 1627//1497 1626//1497 1423//1497 
f 1655//1497 1650//1497 1647//1497 
f 967//1497 1540//1497 1295//1497 
f 1461//1497 1575//1497 1574//1497 
f 1577//1497 1576//1497 1461//1497 
f 1573//1497 1463//1497 1462//1497 
f 1573//1497 1465//1497 1464//1497 
f 1573//1497 1468//1497 1467//1497 
f 1573//1497 1470//1497 1469//1497 
f 1510//1497 1508//1497 977//1497 
f 977//1497 1515//1497 1513//1497 
f 1046//1497 1523//1497 977//1497 
f 1057//1497 1056//1497 1042//1497 
f 1377//1497 1298//1497 1350//1497 
f 960//1497 1419//1497 1418//1497 
f 960//1497 1421//1497 1420//1497 
f 1122//1497 1124//1497 1423//1497 
f 960//1497 1128//1497 1423//1497 
f 1580//1497 1579//1497 1460//1497 
f 1622//1497 1621//1497 1423//1497 
f 1636//1497 1633//1497 1120//1497 
f 967//1497 1571//1497 1540//1497 
f 1576//1497 1575//1497 1461//1497 
f 1464//1497 1463//1497 1573//1497 
f 1467//1497 1466//1497 1573//1497 
f 1573//1497 1471//1497 1470//1497 
f 1512//1497 1511//1497 977//1497 
f 1047//1497 1042//1497 1056//1497 
f 956//1497 1412//1497 1381//1497 
f 956//1497 960//1497 1413//1497 
f 960//1497 1415//1497 1414//1497 
f 1420//1497 1419//1497 960//1497 
f 1128//1497 1127//1497 1423//1497 
f 1582//1497 1581//1497 1460//1497 
f 1633//1497 1632//1497 1120//1497 
f 967//1497 1572//1497 1571//1497 
f 967//1497 1471//1497 1573//1497 
f 1462//1497 1461//1497 1573//1497 
f 1469//1497 1468//1497 1573//1497 
f 977//1497 1473//1497 1472//1497 
f 1514//1497 1515//1497 977//1497 
f 1413//1497 1412//1497 956//1497 
f 1416//1497 1415//1497 960//1497 
f 1121//1497 1120//1497 1423//1497 
f 1632//1497 1631//1497 1120//1497 
f 1573//1497 1572//1497 967//1497 
f 1466//1497 1465//1497 1573//1497 
f 1472//1497 967//1497 977//1497 
f 1477//1497 1474//1497 1539//1497 
f 1414//1497 1413//1497 960//1497 
f 1578//1497 1577//1497 1460//1497 
f 1574//1497 1573//1497 1461//1497 
f 1474//1497 1473//1497 977//1497 
f 1422//1497 1421//1497 960//1497 
f 1472//1497 1471//1497 967//1497 
f 1001//1497 1000//1497 1295//1497 
f 1032//1497 956//1497 1381//1497 
o mesh98
f 1635//1496 1636//1496 1642//1498 
f 1661//1498 1642//1498 1639//1499 
f 1662//1499 1639//1499 1638//1500 
f 1663//1500 1638//1500 1641//1501 
f 1664//1501 1641//1501 1640//1502 
f 1665//1502 1640//1502 1637//1503 
f 1666//1503 1637//1503 1644//1504 
f 1644//1504 1667//1504 1666//1503 
f 1637//1503 1666//1503 1665//1502 
f 1640//1502 1665//1502 1664//1501 
f 1641//1501 1664//1501 1663//1500 
f 1638//1500 1663//1500 1662//1499 
f 1639//1499 1662//1499 1661//1498 
f 1642//1498 1661//1498 1635//1496 
o mesh99
f 1668//1505 1687//1506 1669//1507 
f 1687//1506 1670//1508 1669//1507 
f 1669//1507 1671//1509 1672//1510 
f 1687//1506 1673//1511 1674//1512 
f 1687//1506 1668//1505 1673//1511 
f 1688//1513 1674//1512 1675//1514 
f 1689//1515 1676//1516 1677//1517 
f 1689//1515 1675//1514 1676//1516 
f 1690//1518 1678//1519 1679//1520 
f 1690//1518 1677//1517 1678//1519 
f 1691//1521 1680//1522 1681//1523 
f 1691//1521 1679//1520 1680//1522 
f 1692//1524 1681//1523 1682//1525 
f 1693//1526 1683//1527 1684//1528 
f 1693//1526 1682//1525 1683//1527 
f 1685//1528 1646//1529 1645//1530 
f 1685//1528 1643//1531 1646//1529 
f 1693//1526 1658//1532 1657//1533 
f 1693//1526 1645//1530 1658//1532 
f 1692//1524 1660//1534 1659//1535 
f 1659//1535 1691//1521 1692//1524 
f 1692//1524 1657//1533 1660//1534 
f 1690//1518 1691//1521 1655//1536 
f 1691//1521 1650//1537 1655//1536 
f 1689//1515 1690//1518 1651//1538 
f 1651//1538 1649//1539 1689//1515 
f 1688//1513 1653//1540 1652//1541 
f 1688//1513 1689//1515 1648//1542 
f 1648//1542 1653//1540 1688//1513 
f 1687//1506 1688//1513 1656//1543 
f 1656//1543 1654//1544 1687//1506 
f 1687//1506 1107//1545 1109//1546 
f 1107//1545 1687//1506 1647//1547 
f 1647//1547 1110//1548 1107//1545 
f 1109//1546 1686//1549 1687//1506 
f 1686//1549 1670//1508 1687//1506 
f 1654//1544 1647//1547 1687//1506 
f 1652//1541 1656//1543 1688//1513 
f 1649//1539 1648//1542 1689//1515 
f 1655//1536 1651//1538 1690//1518 
f 1659//1535 1650//1537 1691//1521 
f 1657//1533 1692//1524 1693//1526 
f 1645//1530 1693//1526 1685//1528 
f 1684//1528 1685//1528 1693//1526 
f 1682//1525 1693//1526 1692//1524 
f 1681//1523 1692//1524 1691//1521 
f 1679//1520 1691//1521 1690//1518 
f 1677//1517 1690//1518 1689//1515 
f 1675//1514 1689//1515 1688//1513 
f 1674//1512 1688//1513 1687//1506 
f 1669//1507 1672//1510 1668//1505 
o mesh100
f 1634//1550 1635//1550 1661//1551 
f 1694//1551 1661//1551 1662//1552 
f 1695//1552 1662//1552 1663//1553 
f 1696//1553 1663//1553 1664//1554 
f 1697//1554 1664//1554 1665//1555 
f 1698//1555 1665//1555 1666//1556 
f 1699//1556 1666//1556 1667//1557 
f 1667//1557 1700//1557 1699//1556 
f 1666//1556 1699//1556 1698//1555 
f 1665//1555 1698//1555 1697//1554 
f 1664//1554 1697//1554 1696//1553 
f 1663//1553 1696//1553 1695//1552 
f 1662//1552 1695//1552 1694//1551 
f 1661//1551 1694//1551 1634//1550 
o mesh101
f 1667//1558 1644//1558 1643//1558 
f 1643//1558 1685//1558 1667//1558 
f 1685//1558 1684//1558 1667//1558 
o mesh102
f 1453//1559 1443//1559 1445//1559 
f 1453//1559 1447//1559 1449//1559 
f 1453//1559 1441//1559 1443//1559 
f 1453//1559 1433//1559 1435//1559 
f 1445//1559 1447//1559 1453//1559 
f 1453//1559 1437//1559 1439//1559 
f 1453//1559 1431//1559 1433//1559 
f 1453//1559 1428//1559 1430//1559 
f 1397//1559 1382//1559 1383//1559 
f 1439//1559 1441//1559 1453//1559 
f 1430//1559 1431//1559 1453//1559 
f 1379//1559 1405//1559 1407//1559 
f 1379//1559 1399//1559 1401//1559 
f 1397//1559 1391//1559 1393//1559 
f 1397//1559 1387//1559 1389//1559 
f 1397//1559 1379//1559 1382//1559 
f 1428//1559 1453//1559 1455//1559 
f 1435//1559 1437//1559 1453//1559 
f 1379//1559 1403//1559 1405//1559 
f 1379//1559 1397//1559 1399//1559 
f 1389//1559 1391//1559 1397//1559 
f 1383//1559 1385//1559 1397//1559 
f 1449//1559 1451//1559 1453//1559 
f 1457//1559 1379//1559 1409//1559 
f 1401//1559 1403//1559 1379//1559 
f 1385//1559 1387//1559 1397//1559 
f 1409//1559 1428//1559 1457//1559 
f 1393//1559 1395//1559 1397//1559 
f 1701//1559 892//1559 891//1559 
f 1407//1559 1409//1559 1379//1559 
f 1340//1559 891//1559 890//1559 
f 1701//1559 893//1559 892//1559 
f 1379//1559 1475//1559 1479//1559 
f 1455//1559 1457//1559 1428//1559 
f 890//1559 1337//1559 1340//1559 
f 1701//1559 894//1559 893//1559 
f 1701//1559 1162//1559 895//1559 
f 1457//1559 1475//1559 1379//1559 
f 890//1559 1335//1559 1337//1559 
f 1335//1559 890//1559 889//1559 
f 1331//1559 888//1559 887//1559 
f 895//1559 894//1559 1701//1559 
f 1487//1559 1342//1559 1344//1559 
f 1344//1559 1481//1559 1483//1559 
f 1479//1559 1344//1559 1379//1559 
f 889//1559 1333//1559 1335//1559 
f 1333//1559 889//1559 888//1559 
f 887//1559 1326//1559 1328//1559 
f 1326//1559 887//1559 886//1559 
f 1342//1559 1491//1559 1701//1559 
f 1344//1559 1485//1559 1487//1559 
f 1479//1559 1481//1559 1344//1559 
f 888//1559 1331//1559 1333//1559 
f 886//1559 1324//1559 1326//1559 
f 895//1559 1171//1559 1174//1559 
f 1342//1559 1489//1559 1491//1559 
f 1483//1559 1485//1559 1344//1559 
f 887//1559 1328//1559 1331//1559 
f 886//1559 1310//1559 1313//1559 
f 1174//1559 1177//1559 895//1559 
f 1487//1559 1489//1559 1342//1559 
f 886//1559 1322//1559 1324//1559 
f 886//1559 1316//1559 1319//1559 
f 886//1559 1307//1559 1310//1559 
f 895//1559 1183//1559 1187//1559 
f 1177//1559 1180//1559 895//1559 
f 895//1559 1166//1559 1168//1559 
f 1340//1559 1342//1559 891//1559 
f 1313//1559 1316//1559 886//1559 
f 886//1559 1302//1559 1304//1559 
f 1180//1559 1183//1559 895//1559 
f 895//1559 1162//1559 1166//1559 
f 1319//1559 1322//1559 886//1559 
f 886//1559 1300//1559 1302//1559 
f 1168//1559 1171//1559 895//1559 
f 1304//1559 1307//1559 886//1559 
f 1702//1559 1162//1559 1701//1559 
f 891//1559 1342//1559 1701//1559 
f 1187//1559 998//1559 895//1559 
f 1701//1559 1703//1559 1702//1559 
o mesh103
f 1702//1560 1704//1560 1705//1560 
f 1705//1560 1162//1560 1702//1560 
f 1705//1560 1165//1560 1162//1560 
o mesh104
f 1703//1561 1701//1561 1706//1561 
f 1706//1561 1707//1561 1703//1561 
o mesh105
f 1704//1562 1702//1562 1703//1562 
f 1703//1562 1707//1562 1704//1562 
o mesh106
f 980//1563 1034//1564 1065//1565 
f 980//1563 1035//1566 1034//1564 
f 979//1567 1036//1568 1035//1566 
f 979//1567 1037//1569 1036//1568 
f 978//1570 1038//1571 1037//1569 
f 978//1570 1039//1572 1038//1571 
f 1040//1573 1188//1574 1185//1575 
f 1040//1573 999//1576 1188//1574 
f 999//1576 1040//1573 1039//1572 
f 1039//1572 978//1570 999//1576 
f 1184//1577 1044//1578 1040//1573 
f 1176//1579 1175//1580 1524//1581 
f 1524//1581 1044//1578 1176//1579 
f 1044//1578 1182//1582 1181//1583 
f 1181//1583 1179//1584 1044//1578 
f 1179//1584 1178//1585 1044//1578 
f 1044//1578 1184//1577 1186//1586 
f 1186//1586 1182//1582 1044//1578 
f 1178//1585 1176//1579 1044//1578 
f 1164//1587 1163//1588 1493//1589 
f 1492//1590 1167//1591 1164//1587 
f 1492//1590 1169//1592 1167//1591 
f 1492//1590 1175//1580 1173//1593 
f 1173//1593 1172//1594 1492//1590 
f 1172//1594 1170//1595 1492//1590 
f 1170//1595 1169//1592 1492//1590 
f 1493//1589 1492//1590 1164//1587 
f 1705//1596 1708//1597 1709//1598 
f 1709//1598 1493//1589 1705//1596 
f 1163//1588 1165//1599 1705//1596 
f 1705//1596 1493//1589 1163//1588 
f 1709//1598 1525//1600 1493//1589 
f 1492//1590 1524//1581 1175//1580 
f 1524//1581 1045//1601 1044//1578 
f 1185//1575 1184//1577 1040//1573 
f 1037//1569 979//1567 978//1570 
f 1035//1566 980//1563 979//1567 
f 1065//1565 981//1602 980//1563 
f 981//1602 1065//1565 985//1603 
o mesh107
f 1710//1604 1706//1604 1525//1604 
f 1706//1604 1494//1604 1525//1604 
f 1706//1604 1496//1604 1495//1604 
f 1706//1604 1498//1604 1497//1604 
f 1706//1604 1500//1604 1499//1604 
f 1706//1604 1503//1604 1502//1604 
f 1706//1604 1505//1604 1504//1604 
f 1495//1604 1494//1604 1706//1604 
f 1499//1604 1498//1604 1706//1604 
f 1502//1604 1501//1604 1706//1604 
f 1706//1604 1490//1604 1505//1604 
f 1497//1604 1496//1604 1706//1604 
f 1504//1604 1503//1604 1706//1604 
f 1491//1604 1490//1604 1706//1604 
f 1501//1604 1500//1604 1706//1604 
f 1525//1604 1709//1604 1710//1604 
f 1706//1604 1701//1604 1491//1604 
o mesh108
f 1705//1605 1704//1605 1706//1605 
f 1704//1605 1707//1605 1706//1605 
f 1706//1605 1710//1605 1705//1605 
f 1710//1605 1708//1605 1705//1605 
o mesh109
f 1708//1606 1710//1607 1709//1607 
o mesh110
f 1604//1608 1610//1608 1612//1608 
f 1604//1608 1606//1608 1608//1608 
f 1614//1608 1598//1608 1600//1608 
f 1614//1608 1594//1608 1596//1608 
f 1614//1608 1590//1608 1592//1608 
f 1608//1608 1610//1608 1604//1608 
f 1600//1608 1602//1608 1614//1608 
f 1592//1608 1594//1608 1614//1608 
f 1614//1608 1586//1608 1589//1608 
f 1602//1608 1604//1608 1614//1608 
f 1589//1608 1590//1608 1614//1608 
f 1596//1608 1598//1608 1614//1608 
f 1560//1608 1259//1608 1261//1608 
f 1612//1608 1614//1608 1604//1608 
f 1261//1608 1558//1608 1560//1608 
f 1711//1608 858//1608 857//1608 
f 1711//1608 1189//1608 859//1608 
f 1614//1608 1616//1608 1586//1608 
f 1634//1608 1564//1608 1566//1608 
f 1634//1608 1560//1608 1562//1608 
f 1261//1608 1556//1608 1558//1608 
f 1711//1608 856//1608 855//1608 
f 859//1608 858//1608 1711//1608 
f 1634//1608 1568//1608 1586//1608 
f 1562//1608 1564//1608 1634//1608 
f 1261//1608 1554//1608 1556//1608 
f 857//1608 856//1608 1711//1608 
f 1259//1608 1560//1608 1634//1608 
f 1566//1608 1568//1608 1634//1608 
f 1261//1608 1552//1608 1554//1608 
f 1257//1608 1700//1608 1711//1608 
f 1259//1608 1695//1608 1696//1608 
f 1616//1608 1634//1608 1586//1608 
f 1544//1608 1296//1608 1541//1608 
f 1261//1608 1544//1608 1546//1608 
f 1261//1608 1550//1608 1552//1608 
f 1257//1608 1699//1608 1700//1608 
f 1699//1608 1257//1608 1259//1608 
f 1696//1608 1697//1608 1259//1608 
f 1634//1608 1694//1608 1259//1608 
f 1544//1608 1261//1608 1296//1608 
f 1261//1608 1548//1608 1550//1608 
f 1259//1608 1698//1608 1699//1608 
f 1694//1608 1695//1608 1259//1608 
f 850//1608 1230//1608 1233//1608 
f 1546//1608 1548//1608 1261//1608 
f 1697//1608 1698//1608 1259//1608 
f 1257//1608 855//1608 854//1608 
f 1243//1608 851//1608 850//1608 
f 850//1608 1236//1608 1239//1608 
f 850//1608 1227//1608 1230//1608 
f 855//1608 1257//1608 1711//1608 
f 854//1608 1252//1608 1254//1608 
f 1248//1608 852//1608 851//1608 
f 1239//1608 1241//1608 850//1608 
f 850//1608 1224//1608 1227//1608 
f 859//1608 1204//1608 1207//1608 
f 859//1608 1195//1608 1198//1608 
f 859//1608 1189//1608 1193//1608 
f 854//1608 1254//1608 1257//1608 
f 1252//1608 854//1608 853//1608 
f 1250//1608 853//1608 852//1608 
f 851//1608 1243//1608 1245//1608 
f 1233//1608 1236//1608 850//1608 
f 850//1608 1219//1608 1221//1608 
f 859//1608 1201//1608 1204//1608 
f 1193//1608 1195//1608 859//1608 
f 853//1608 1250//1608 1252//1608 
f 851//1608 1245//1608 1248//1608 
f 1221//1608 1224//1608 850//1608 
f 859//1608 1210//1608 1213//1608 
f 1198//1608 1201//1608 859//1608 
f 852//1608 1248//1608 1250//1608 
f 850//1608 1217//1608 1219//1608 
f 1207//1608 1210//1608 859//1608 
f 850//1608 1241//1608 1243//1608 
f 1712//1608 1189//1608 1711//1608 
f 1541//1608 1542//1608 1544//1608 
f 1213//1608 923//1608 859//1608 
f 1711//1608 1713//1608 1712//1608 
o mesh111
f 1712//1609 1714//1609 1715//1609 
f 1715//1609 1189//1609 1712//1609 
f 1715//1609 1192//1609 1189//1609 
o mesh112
f 1713//1610 1711//1610 1716//1610 
f 1716//1610 1717//1610 1713//1610 
o mesh113
f 1717//1611 1714//1611 1712//1611 
f 1712//1611 1713//1611 1717//1611 
o mesh114
f 926//1612 1098//1613 1129//1614 
f 926//1612 1099//1615 1098//1613 
f 925//1616 1100//1617 1099//1615 
f 925//1616 1101//1618 1100//1617 
f 922//1619 1102//1620 1101//1618 
f 922//1619 1103//1621 1102//1620 
f 1104//1622 924//1623 1214//1624 
f 1214//1624 1212//1625 1104//1622 
f 924//1623 1104//1622 1103//1621 
f 1103//1621 922//1619 924//1623 
f 1211//1626 1108//1627 1104//1622 
f 1203//1628 1202//1629 1686//1630 
f 1686//1630 1108//1627 1203//1628 
f 1108//1627 1205//1631 1203//1628 
f 1108//1627 1211//1626 1209//1632 
f 1209//1632 1208//1633 1108//1627 
f 1208//1633 1206//1634 1108//1627 
f 1206//1634 1205//1631 1108//1627 
f 1191//1635 1190//1636 1669//1637 
f 1670//1638 1194//1639 1191//1635 
f 1670//1638 1196//1640 1194//1639 
f 1670//1638 1200//1641 1199//1642 
f 1199//1642 1197//1643 1670//1638 
f 1197//1643 1196//1640 1670//1638 
f 1669//1637 1670//1638 1191//1635 
f 1686//1630 1202//1629 1200//1641 
f 1715//1644 1718//1645 1671//1646 
f 1715//1644 1719//1647 1718//1645 
f 1190//1636 1192//1648 1715//1644 
f 1715//1644 1669//1637 1190//1636 
f 1671//1646 1669//1637 1715//1644 
f 1670//1638 1686//1630 1200//1641 
f 1686//1630 1109//1649 1108//1627 
f 1212//1625 1211//1626 1104//1622 
f 1101//1618 925//1616 922//1619 
f 1099//1615 926//1612 925//1616 
f 1129//1614 927//1650 926//1612 
f 927//1650 1129//1614 931//1651 
o mesh115
f 1716//1652 1677//1652 1676//1652 
f 1676//1652 1675//1652 1716//1652 
f 1716//1652 1679//1652 1678//1652 
f 1720//1652 1716//1652 1671//1652 
f 1716//1652 1668//1652 1672//1652 
f 1716//1652 1674//1652 1673//1652 
f 1678//1652 1677//1652 1716//1652 
f 1716//1652 1682//1652 1681//1652 
f 1716//1652 1684//1652 1683//1652 
f 1672//1652 1671//1652 1716//1652 
f 1675//1652 1674//1652 1716//1652 
f 1681//1652 1680//1652 1716//1652 
f 1716//1652 1667//1652 1684//1652 
f 1673//1652 1668//1652 1716//1652 
f 1683//1652 1682//1652 1716//1652 
f 1700//1652 1667//1652 1716//1652 
f 1680//1652 1679//1652 1716//1652 
f 1671//1652 1718//1652 1720//1652 
f 1716//1652 1711//1652 1700//1652 
o mesh116
f 1715//1653 1714//1653 1716//1653 
f 1714//1653 1717//1653 1716//1653 
f 1716//1653 1720//1653 1715//1653 
f 1720//1653 1719//1653 1715//1653 
o mesh117
f 1719//1654 1720//1655 1718//1655 
